execution_date,video_id,channel_id,channel_name,upload_date,video_age_days,views,views_delta,views_per_day_since_upload,lifecycle_stage
2026-05-20T12:05:48.986097+00:00,QAkEMtJpq3c,UCX6OQ3DkcsbYNE6H8uQQuVA,MrBeast,2026-05-15T16:00:10+00:00,4.837257,201444345,47148949,41644333.761882,early
2026-05-20T12:05:48.986097+00:00,A_TI_Wct288,UCGmnsW623G1r-Chmo5RB4Yw,KSI,2026-05-15T16:32:49+00:00,4.814583,45533079,10985535,9457325.587699,early
2026-05-20T12:05:48.986097+00:00,dqpCvSU-ECE,UCX6OQ3DkcsbYNE6H8uQQuVA,MrBeast,2026-05-17T16:00:00+00:00,2.837373,20230474,7973353,7130001.589498,early
2026-05-20T12:05:48.986097+00:00,hCuqh2NU2Yg,UCX6OQ3DkcsbYNE6H8uQQuVA,MrBeast,2026-05-12T16:00:07+00:00,7.837292,94866264,5522904,12104469.758177,active
2026-05-20T12:05:48.986097+00:00,fp77qbUJJbQ,UCRijo3ddMTht_IHyNSNXpNQ,Dude Perfect,2026-05-13T21:58:16+00:00,6.588576,28358773,2827335,4304234.025683,early
2026-05-20T12:05:48.986097+00:00,PJmv9cFz6bw,UCvCfpQXRXdJdL07pzTIA6Cw,Kai Cenat Live,2026-05-17T13:36:51+00:00,2.936782,12783436,2225314,4352871.953042,early
2026-05-20T12:05:48.986097+00:00,t5BxJhllmi4,UCvCfpQXRXdJdL07pzTIA6Cw,Kai Cenat Live,2026-05-18T16:53:29+00:00,1.800231,2864964,1817604,1591442.431555,early
2026-05-20T12:05:48.986097+00:00,_iQKpZvj7UQ,UCrPseYLGpNygVi34QpGNqpA,Ludwig,2026-05-19T07:18:09+00:00,1.199768,2004135,1666523,1670435.450854,early
2026-05-20T12:05:48.986097+00:00,NnvIwG0S8WE,UCY1kMZp36IQSyNx_9h4mpCg,Mark Rober,2026-05-14T13:00:44+00:00,5.961863,15173494,1138378,2545092.70005,early
2026-05-20T12:05:48.986097+00:00,LQarVC1PMN8,UCJ5v_MCY6GNUBTO8-D3XoAg,WWE,2026-05-18T17:11:59+00:00,1.787384,2359681,1023574,1320186.932411,early
2026-05-20T12:05:48.986097+00:00,h-0YMkZccg8,UC415bOPUcGSamy543abLmRA,Cleo Abram,2026-05-18T16:10:57+00:00,1.829768,3059680,863427,1672168.274885,early
2026-05-20T12:05:48.986097+00:00,2w66rej1CWc,UCJ5v_MCY6GNUBTO8-D3XoAg,WWE,2026-05-19T01:58:44+00:00,1.421585,1432541,717064,1007706.890548,early
2026-05-20T12:05:48.986097+00:00,1Rd5wSqHdWU,UCQHX6ViZmPsWiYSFAyS0a3Q,GothamChess,2026-05-18T20:59:01+00:00,1.629722,1764022,710188,1082406.692675,early
2026-05-20T12:05:48.986097+00:00,ynBFmpm215U,UCWJ2lWNubArHWmf3FIHbfcQ,NBA,2026-05-19T05:05:32+00:00,1.291863,915527,692216,708687.376293,early
2026-05-20T12:05:48.986097+00:00,Yztdy5_sdrk,UCWsDFcIhY2DBi3GB5uykGXA,IShowSpeed,2026-05-12T15:01:01+00:00,7.878333,11564490,617273,1467885.401645,active
2026-05-20T12:05:48.986097+00:00,eNOoxr_BZsQ,UCJ5v_MCY6GNUBTO8-D3XoAg,WWE,2026-05-19T00:29:25+00:00,1.483611,1048390,577509,706647.497221,early
2026-05-20T12:05:48.986097+00:00,V52uRy6jcLs,UCWBWgCD4oAqT3hUeq40SCUw,Sambucha,2026-05-17T17:15:06+00:00,2.78522,2264933,517366,813197.162163,early
2026-05-20T12:05:48.986097+00:00,KlYJ53QeFqM,UCWJ2lWNubArHWmf3FIHbfcQ,NBA,2026-05-18T17:49:17+00:00,1.761481,1071645,470197,608377.2689,early
2026-05-20T12:05:48.986097+00:00,5VXu4nmx6Mo,UCvCfpQXRXdJdL07pzTIA6Cw,Kai Cenat Live,2026-05-12T21:50:38+00:00,7.593877,4728551,469523,622679.429756,active
2026-05-20T12:05:48.986097+00:00,u97JbeRu8DU,UC-cnbLlplnXA4oc7rR21qzg,Lyna,2026-05-12T17:54:57+00:00,7.757546,5344281,419319,688913.865287,active
2026-05-20T12:05:48.986097+00:00,7lCBKAxPsfs,UCYiGq8XF7YQD00x7wAd62Zg,JuegaGerman,2026-05-13T20:07:24+00:00,6.665567,6109106,369357,916517.079492,early
2026-05-20T12:05:48.986097+00:00,CzuO_VH3lEc,UCvCfpQXRXdJdL07pzTIA6Cw,Kai Cenat Live,2026-05-16T12:21:43+00:00,3.988958,4695458,357725,1177113.922984,early
2026-05-20T12:05:48.986097+00:00,gNwzZxHjEOs,UCWBWgCD4oAqT3hUeq40SCUw,Sambucha,2026-05-15T17:15:08+00:00,4.785197,9227606,356552,1928364.913712,early
2026-05-20T12:05:48.986097+00:00,PpbrNXvx7QI,UC-cnbLlplnXA4oc7rR21qzg,Lyna,2026-05-17T13:30:53+00:00,2.940926,1358819,351208,462037.80714,early
2026-05-20T12:05:48.986097+00:00,FHH5soWiHVM,UCvCfpQXRXdJdL07pzTIA6Cw,Kai Cenat Live,2026-05-13T14:54:50+00:00,6.882627,6184285,345658,898535.54464,early
2026-05-20T12:05:48.986097+00:00,Qqwn4rzZ-Dk,UC415bOPUcGSamy543abLmRA,Cleo Abram,2026-05-15T14:38:47+00:00,4.893773,6597560,336804,1348154.072533,early
2026-05-20T12:05:48.986097+00:00,-jripWHy4sw,UCE_M8A5yxnLfW0KghEeajjw,Apple,2026-05-13T22:58:10+00:00,6.546979,1095312,334845,167300.368613,early
2026-05-20T12:05:48.986097+00:00,eF3KynZ4iUQ,UCJ5v_MCY6GNUBTO8-D3XoAg,WWE,2026-05-19T00:22:18+00:00,1.488553,690879,332197,464127.914827,early
2026-05-20T12:05:48.986097+00:00,lSrdQWUY92w,UCQHX6ViZmPsWiYSFAyS0a3Q,GothamChess,2026-05-18T13:16:00+00:00,1.951261,1318830,321343,675886.003974,early
2026-05-20T12:05:48.986097+00:00,NnfTjR19MCU,UCWBWgCD4oAqT3hUeq40SCUw,Sambucha,2026-05-18T17:15:03+00:00,1.785254,1071138,297038,599991.933921,early
2026-05-20T12:05:48.986097+00:00,QUSaIk7EltQ,UCWBWgCD4oAqT3hUeq40SCUw,Sambucha,2026-05-17T19:15:03+00:00,2.701921,1030538,292196,381409.375034,early
2026-05-20T12:05:48.986097+00:00,pag8Ncc7AwQ,UC415bOPUcGSamy543abLmRA,Cleo Abram,2026-05-13T15:00:14+00:00,6.878877,6486806,280359,943003.632715,early
2026-05-20T12:05:48.986097+00:00,vqRnyKrXky0,UCGmnsW623G1r-Chmo5RB4Yw,KSI,2026-05-12T11:09:52+00:00,8.038854,5241006,278322,651959.346444,active
2026-05-20T12:05:48.986097+00:00,-VvL3vsmKz4,UCJ5v_MCY6GNUBTO8-D3XoAg,WWE,2026-05-19T02:08:47+00:00,1.414606,527969,277664,373226.891445,early
2026-05-20T12:05:48.986097+00:00,dGlonEIK7Io,UCbCmjCuTUZos6Inko4u57UQ,Cocomelon - Nursery Rhymes,2026-05-11T12:01:15+00:00,9.003171,2698724,265902,299752.609386,active
2026-05-20T12:05:48.986097+00:00,T9xs1sw0Q-w,UCrPseYLGpNygVi34QpGNqpA,Ludwig,2026-05-18T10:19:14+00:00,2.074016,1131130,244805,545381.520683,early
2026-05-20T12:05:48.986097+00:00,jQK-S-HyHgc,UCE_M8A5yxnLfW0KghEeajjw,Apple,2026-05-14T23:00:07+00:00,5.545625,808352,243449,145763.912994,early
2026-05-20T12:05:48.986097+00:00,OINHqs7Zbzs,UCWJ2lWNubArHWmf3FIHbfcQ,NBA,2026-05-19T04:02:10+00:00,1.335868,305696,242275,228836.980899,early
2026-05-20T12:05:48.986097+00:00,3UpRdYLWPbs,UCcdwLMPsaU2ezNSJU1nFoBQ,Baby Shark - Pinkfong Kids’ Songs & Stories,2026-05-19T12:00:04+00:00,1.003993,248686,240616,247696.946094,early
2026-05-20T12:05:48.986097+00:00,QOC_gliRSu4,UCJ5v_MCY6GNUBTO8-D3XoAg,WWE,2026-05-19T02:39:52+00:00,1.393021,465302,237539,334023.679471,early
2026-05-20T12:05:48.986097+00:00,ovGkbc1xJBE,UCrPseYLGpNygVi34QpGNqpA,Ludwig,2026-05-16T07:12:42+00:00,4.203553,3425470,213570,814898.729717,early
2026-05-20T12:05:48.986097+00:00,L8BkLkDtThU,UCLe_q9axMaeTbjN0hy1Z9xA,Caleb Hammer,2026-05-13T22:00:18+00:00,6.587164,4240697,208886,643781.906751,early
2026-05-20T12:05:48.986097+00:00,MuFqOaVBLts,UCJ5v_MCY6GNUBTO8-D3XoAg,WWE,2026-05-19T02:38:44+00:00,1.393808,410689,208601,294652.491591,early
2026-05-20T12:05:48.986097+00:00,gNAwoonPRlM,UCbCmjCuTUZos6Inko4u57UQ,Cocomelon - Nursery Rhymes,2026-05-18T12:01:10+00:00,2.003229,597307,206695,298172.101143,early
2026-05-20T12:05:48.986097+00:00,aatps-GayQ0,UCvCfpQXRXdJdL07pzTIA6Cw,Kai Cenat Live,2026-05-13T14:25:00+00:00,6.903345,1366788,203248,197989.235653,early
2026-05-20T12:05:48.986097+00:00,YqJTL5PxeTk,UC3IZKseVpdzPSBaWxBxundA,HYBE LABELS,2026-05-19T09:00:40+00:00,1.128576,213361,198784,189053.284847,early
2026-05-20T12:05:48.986097+00:00,tJH_gXK_WBM,UCQHX6ViZmPsWiYSFAyS0a3Q,GothamChess,2026-05-12T09:52:01+00:00,8.092917,2544231,197012,314377.498249,active
2026-05-20T12:05:48.986097+00:00,KloplWRprJo,UCLe_q9axMaeTbjN0hy1Z9xA,Caleb Hammer,2026-05-18T16:00:27+00:00,1.83706,1050780,194929,571990.027544,early
2026-05-20T12:05:48.986097+00:00,mkYeITacS2A,UCLe_q9axMaeTbjN0hy1Z9xA,Caleb Hammer,2026-05-13T01:00:42+00:00,7.461886,3654765,191785,489791.052825,active
2026-05-20T12:05:48.986097+00:00,OlAIrZ6Wbg0,UCQHX6ViZmPsWiYSFAyS0a3Q,GothamChess,2026-05-16T12:21:00+00:00,3.989456,2640657,190253,661909.042235,early
2026-05-20T12:05:48.986097+00:00,nSudd0nmSug,UC16niRr50-MSBwiO3YDb3RA,BBC News,2026-05-18T01:58:37+00:00,2.421667,900221,189810,371736.080972,early
2026-05-20T12:05:48.986097+00:00,9uyS40FPbfs,UCXuqSBlHAE6Xw-yeJA0Tunw,Linus Tech Tips,2026-05-15T17:13:39+00:00,4.786227,4428718,187904,925304.629304,early
2026-05-20T12:05:48.986097+00:00,G-gtlAc65-A,UCaY_-ksFSQtTGk0y1HA_3YQ,Ibai,2026-05-16T14:00:30+00:00,3.920359,2717387,183713,693147.489809,early
2026-05-20T12:05:48.986097+00:00,HCuOKoyUD8M,UCvgfXK4nTYKudb0rFR6noLA,UFC,2026-05-18T12:00:33+00:00,2.003657,659700,179956,329247.970087,early
2026-05-20T12:05:48.986097+00:00,VwqgO6Htx60,UCupvZG-5ko_eiXAupbDfxWw,CNN,2026-05-18T11:06:55+00:00,2.040903,458056,169937,224437.908122,early
2026-05-20T12:05:48.986097+00:00,7HFzVNyrxCA,UCJ5v_MCY6GNUBTO8-D3XoAg,WWE,2026-05-19T01:06:23+00:00,1.45794,378912,168319,259895.468949,early
2026-05-20T12:05:48.986097+00:00,VhpCjqIncIo,UCLe_q9axMaeTbjN0hy1Z9xA,Caleb Hammer,2026-05-18T22:00:36+00:00,1.586956,314989,165958,198486.284434,early
2026-05-20T12:05:48.986097+00:00,jODYQhwLEV4,UCJ5v_MCY6GNUBTO8-D3XoAg,WWE,2026-05-19T00:37:12+00:00,1.478206,391825,161281,265067.926933,early
2026-05-20T12:05:48.986097+00:00,Bmt8-KsdMkA,UCQHX6ViZmPsWiYSFAyS0a3Q,GothamChess,2026-05-14T12:50:00+00:00,5.969317,2416771,157434,404865.581774,early
2026-05-20T12:05:48.986097+00:00,5pgT4g4Kcg0,UCWBWgCD4oAqT3hUeq40SCUw,Sambucha,2026-05-18T19:15:00+00:00,1.701956,516757,157325,303625.358117,early
2026-05-20T12:05:48.986097+00:00,pNKYBp67ZO4,UCQHX6ViZmPsWiYSFAyS0a3Q,GothamChess,2026-05-17T13:26:00+00:00,2.944317,1048329,152881,356051.675142,early
2026-05-20T12:05:48.986097+00:00,tZjLTRwSGig,UCLe_q9axMaeTbjN0hy1Z9xA,Caleb Hammer,2026-05-12T19:00:43+00:00,7.711875,1551376,150845,201167.161034,active
2026-05-20T12:05:48.986097+00:00,QPWScf-86po,UCWBWgCD4oAqT3hUeq40SCUw,Sambucha,2026-04-30T17:15:02+00:00,19.785266,8405064,149572,424814.303735,active
2026-05-20T12:05:48.986097+00:00,aPFgIju42u8,UCLe_q9axMaeTbjN0hy1Z9xA,Caleb Hammer,2026-05-17T19:00:01+00:00,2.712361,267748,149052,98713.998616,early
2026-05-20T12:05:48.986097+00:00,XCWTqAzqgUU,UCJ5v_MCY6GNUBTO8-D3XoAg,WWE,2026-05-19T02:33:09+00:00,1.397685,285863,144932,204526.055585,early
2026-05-20T12:05:48.986097+00:00,aEqsCOxrQ3Y,UCqynl7rdtktKMQESdSBmE-g,Sapnap,2026-05-15T20:38:35+00:00,4.643912,1411944,144079,304041.937057,early
2026-05-20T12:05:48.986097+00:00,NbcOjP9Cm0I,UCLe_q9axMaeTbjN0hy1Z9xA,Caleb Hammer,2026-05-16T22:00:21+00:00,3.587129,1629507,143470,454264.956738,early
2026-05-20T12:05:48.986097+00:00,Gab74WWEIZQ,UC415bOPUcGSamy543abLmRA,Cleo Abram,2026-05-12T14:51:33+00:00,7.884907,4298300,143244,545130.082067,active
2026-05-20T12:05:48.986097+00:00,C-nqRY6WLZQ,UCvCfpQXRXdJdL07pzTIA6Cw,Kai Cenat Live,2026-05-17T13:43:10+00:00,2.932396,2673400,142236,911677.686097,early
2026-05-20T12:05:48.986097+00:00,w-rkrhwKSsM,UCrPseYLGpNygVi34QpGNqpA,Ludwig,2026-05-15T08:39:28+00:00,5.143298,2733520,140565,531472.218798,early
2026-05-20T12:05:48.986097+00:00,4axpJyXIHIA,UCWJ2lWNubArHWmf3FIHbfcQ,NBA,2026-05-19T04:42:57+00:00,1.307546,227921,138700,174312.031852,early
2026-05-20T12:05:48.986097+00:00,5gEVH7gXaZw,UCJ5v_MCY6GNUBTO8-D3XoAg,WWE,2026-05-19T01:55:55+00:00,1.423542,270119,134471,189751.338563,early
2026-05-20T12:05:48.986097+00:00,IYE8unDF71c,UCBi2mrWuNuyYy4gbM6fU18Q,ABC News,2026-05-19T09:43:59+00:00,1.098495,141871,133525,129150.337507,early
2026-05-20T12:05:48.986097+00:00,WYrOPs0ICcQ,UCJ5v_MCY6GNUBTO8-D3XoAg,WWE,2026-05-19T02:13:57+00:00,1.411018,273536,126481,193857.200971,early
2026-05-20T12:05:48.986097+00:00,83VQw4ZttZg,UCJ5v_MCY6GNUBTO8-D3XoAg,WWE,2026-05-18T19:51:40+00:00,1.676493,423493,123374,252606.482699,early
2026-05-20T12:05:48.986097+00:00,3UW3HIfih5Y,UCK1i2UviaXLUNrZlAFpw_jA,El Reino Infantil,2026-05-16T15:00:04+00:00,3.878993,448889,123063,115723.075551,early
2026-05-20T12:05:48.986097+00:00,6o3b6eguC-8,UCJ5v_MCY6GNUBTO8-D3XoAg,WWE,2026-05-19T02:25:55+00:00,1.402708,278001,122414,198188.789114,early
2026-05-20T12:05:48.986097+00:00,ZNCfnCkgJwM,UCJ5v_MCY6GNUBTO8-D3XoAg,WWE,2026-05-19T00:20:07+00:00,1.490069,347198,122196,233008.001643,early
2026-05-20T12:05:48.986097+00:00,SAW6MZMvkgs,UCJ5v_MCY6GNUBTO8-D3XoAg,WWE,2026-05-18T20:48:09+00:00,1.637268,336699,120780,205646.845843,early
2026-05-20T12:05:48.986097+00:00,d5e6YIVxGfU,UCQHX6ViZmPsWiYSFAyS0a3Q,GothamChess,2026-05-13T11:48:00+00:00,7.012373,3169374,119754,451968.8271,active
2026-05-20T12:05:48.986097+00:00,akd0E2mjJYk,UCJ5v_MCY6GNUBTO8-D3XoAg,WWE,2026-05-19T02:02:51+00:00,1.418727,316877,117086,223353.04819,early
2026-05-20T12:05:48.986097+00:00,nZ0flY52BCM,UCUyDOdBWhC1MCxEjC46d-zw,Alex Hormozi,2026-05-16T23:01:16+00:00,3.544826,491733,115242,138718.51538,early
2026-05-20T12:05:48.986097+00:00,ZLO6MsRp67c,UCWJ2lWNubArHWmf3FIHbfcQ,NBA,2026-05-19T03:30:39+00:00,1.357754,183291,113343,134995.735605,early
2026-05-20T12:05:48.986097+00:00,qgzwtKsXCMo,UCQHX6ViZmPsWiYSFAyS0a3Q,GothamChess,2026-05-01T00:29:03+00:00,19.483866,4516814,113186,231823.294207,active
2026-05-20T12:05:48.986097+00:00,xO9ikc0YJo0,UCvCfpQXRXdJdL07pzTIA6Cw,Kai Cenat Live,2026-05-14T14:41:47+00:00,5.89169,1809125,112557,307063.847555,early
2026-05-20T12:05:48.986097+00:00,zDpDYPUKnAk,UCUsm-fannqOY02PNN67C0KA,NMás,2026-05-14T03:30:37+00:00,6.357778,567112,112133,89199.71726,early
2026-05-20T12:05:48.986097+00:00,B-ItijCEM4I,UCWJ2lWNubArHWmf3FIHbfcQ,NBA,2026-05-19T02:36:14+00:00,1.395544,194257,110363,139198.0475,early
2026-05-20T12:05:48.986097+00:00,qdw0A4kS0FI,UCupvZG-5ko_eiXAupbDfxWw,CNN,2026-05-18T15:37:16+00:00,1.85316,259336,110236,139942.584558,early
2026-05-20T12:05:48.986097+00:00,dDjCzAQeppo,UCWJ2lWNubArHWmf3FIHbfcQ,NBA,2026-05-19T03:15:15+00:00,1.368449,149419,108402,109188.577726,early
2026-05-20T12:05:48.986097+00:00,mS13Z_za4t0,UCLe_q9axMaeTbjN0hy1Z9xA,Caleb Hammer,2026-05-16T16:01:08+00:00,3.836585,760953,106168,198341.233154,early
2026-05-20T12:05:48.986097+00:00,ZTBuEaMeGAc,UCjiXtODGCCulmhwypZAWSag,Jynxzi,2026-05-16T17:00:29+00:00,3.79537,702426,105719,185074.44597,early
2026-05-20T12:05:48.986097+00:00,JlwgEBp3UHo,UCWJ2lWNubArHWmf3FIHbfcQ,NBA,2026-05-19T04:18:21+00:00,1.324629,153889,102793,116175.170557,early
2026-05-20T12:05:48.986097+00:00,HatYL1BTa0w,UCi7TVXyvrIwqeS9tfYD8UDA,DjMaRiiO,2026-05-18T18:29:36+00:00,1.733484,273295,101106,157656.488321,early
2026-05-20T12:05:48.986097+00:00,p5JPGLcgdNg,UCvCfpQXRXdJdL07pzTIA6Cw,Kai Cenat Live,2026-05-15T17:04:52+00:00,4.792326,1528766,100258,319002.922589,early
2026-05-20T12:05:48.986097+00:00,q3J0s7KFxYo,UCJ5v_MCY6GNUBTO8-D3XoAg,WWE,2026-05-19T01:34:05+00:00,1.438704,202308,100225,140618.223067,early
2026-05-20T12:05:48.986097+00:00,alIbruXtXho,UCvgfXK4nTYKudb0rFR6noLA,UFC,2026-05-11T17:38:33+00:00,8.768935,1080498,99799,123218.840144,active
2026-05-20T12:05:48.986097+00:00,I8poL_Uxv8I,UCzYfz8uibvnB7Yc1LjePi4g,Aphmau,2026-05-14T19:08:51+00:00,5.706227,1755997,98195,307733.463811,early
2026-05-20T12:05:48.986097+00:00,51qrG7SI0GM,UCbCmjCuTUZos6Inko4u57UQ,Cocomelon - Nursery Rhymes,2026-05-17T11:00:12+00:00,3.045567,518488,97924,170243.50474,early
2026-05-20T12:05:48.986097+00:00,3MM6dHrMfeA,UCvCfpQXRXdJdL07pzTIA6Cw,Kai Cenat Live,2026-05-12T21:46:31+00:00,7.596736,3811237,97553,501694.017009,active
2026-05-20T12:05:48.986097+00:00,aD8WIOZWpWE,UCWJ2lWNubArHWmf3FIHbfcQ,NBA,2026-05-19T05:03:55+00:00,1.292986,155714,94952,120429.764901,early
2026-05-20T12:05:48.986097+00:00,eUpyQFF-4vY,UCbCmjCuTUZos6Inko4u57UQ,Cocomelon - Nursery Rhymes,2026-05-13T12:01:09+00:00,7.003241,1234235,92650,176237.687665,active
2026-05-20T12:05:48.986097+00:00,P1DSZNhApJA,UCQHX6ViZmPsWiYSFAyS0a3Q,GothamChess,2026-05-02T10:16:01+00:00,18.07625,4921068,91494,272239.430192,active
2026-05-20T12:05:48.986097+00:00,jOUqLqlw39E,UCE_M8A5yxnLfW0KghEeajjw,Apple,2026-05-13T00:59:40+00:00,7.462604,511985,90855,68606.749065,active
2026-05-20T12:05:48.986097+00:00,2F1B2_EySSM,UCWJ2lWNubArHWmf3FIHbfcQ,NBA,2026-05-18T02:33:28+00:00,2.397465,470527,88726,196260.21652,early
2026-05-20T12:05:48.986097+00:00,QZpQTGb-mCU,UCBi2mrWuNuyYy4gbM6fU18Q,ABC News,2026-05-19T01:06:06+00:00,1.458136,164901,88209,113090.274158,early
2026-05-20T12:05:48.986097+00:00,WgvMTuBZ_34,UCBYyJBCtCvgqA4NwtoPMwpQ,The Wild Project,2026-05-11T16:29:59+00:00,8.816551,2190311,88101,248431.728008,active
2026-05-20T12:05:48.986097+00:00,op8HMCB5JnQ,UCE_M8A5yxnLfW0KghEeajjw,Apple,2026-05-12T22:21:34+00:00,7.572396,733816,87132,96906.712222,active
2026-05-20T12:05:48.986097+00:00,d06f3qGr5kk,UCLe_q9axMaeTbjN0hy1Z9xA,Caleb Hammer,2026-05-17T16:01:01+00:00,2.836667,1156156,86661,407575.510273,early
2026-05-20T12:05:48.986097+00:00,xxbkGphvnhY,UC415bOPUcGSamy543abLmRA,Cleo Abram,2026-05-16T15:53:10+00:00,3.842118,1813715,86093,472061.243304,early
2026-05-20T12:05:48.986097+00:00,oGTO67JoZDQ,UCLe_q9axMaeTbjN0hy1Z9xA,Caleb Hammer,2026-05-15T22:00:51+00:00,4.586782,2964523,85766,646318.704486,early
2026-05-20T12:05:48.986097+00:00,k8j-6Xvw_G4,UCQHX6ViZmPsWiYSFAyS0a3Q,GothamChess,2026-05-04T11:08:00+00:00,16.04015,5790052,84910,360972.434796,active
2026-05-20T12:05:48.986097+00:00,VIE2Ri2DQJg,UCBJycsmduvYEL83R_U4JriQ,Marques Brownlee,2026-05-15T16:25:11+00:00,4.819884,2187898,84886,453931.671385,early
2026-05-20T12:05:48.986097+00:00,Vsa4DmH9_6c,UCLe_q9axMaeTbjN0hy1Z9xA,Caleb Hammer,2026-05-07T22:00:38+00:00,12.586933,4306219,84725,342118.211005,active
2026-05-20T12:05:48.986097+00:00,mkVMNP6-F7E,UCJ5v_MCY6GNUBTO8-D3XoAg,WWE,2026-05-13T20:45:07+00:00,6.639375,1925340,84324,289988.138944,early
2026-05-20T12:05:48.986097+00:00,OjSXLE0HDHE,UCurvRE5fGcdUgCYWgh-BDsg,DAZN Boxing,2026-05-14T10:00:38+00:00,6.086933,738289,81166,121290.804417,early
2026-05-20T12:05:48.986097+00:00,6_KiGE9NJtQ,UCupvZG-5ko_eiXAupbDfxWw,CNN,2026-05-19T05:36:28+00:00,1.270382,102444,81007,80640.311339,early
2026-05-20T12:05:48.986097+00:00,IaUyu0zglSc,UCrPseYLGpNygVi34QpGNqpA,Ludwig,2026-05-17T07:53:57+00:00,3.174907,423050,79909,133247.9975,early
2026-05-20T12:05:48.986097+00:00,DMvBdhHCm4E,UCLe_q9axMaeTbjN0hy1Z9xA,Caleb Hammer,2026-05-17T22:00:10+00:00,2.587257,373264,79238,144270.167208,early
2026-05-20T12:05:48.986097+00:00,RGq6mAHR9u0,UCGmnsW623G1r-Chmo5RB4Yw,KSI,2026-05-17T17:52:09+00:00,2.759491,764070,79235,276888.020291,early
2026-05-20T12:05:48.986097+00:00,iBpxQpktHN4,UCQHX6ViZmPsWiYSFAyS0a3Q,GothamChess,2026-04-28T12:01:18+00:00,22.003136,2642505,78435,120096.744391,active
2026-05-20T12:05:48.986097+00:00,HxYnjRN1LjQ,UCiWLfSweyRNmLpgEHekhoAg,ESPN,2026-05-16T23:27:26+00:00,3.526655,155192,76807,44005.438581,early
2026-05-20T12:05:48.986097+00:00,oyUIVq0cIv0,UCWJ2lWNubArHWmf3FIHbfcQ,NBA,2026-05-19T05:24:52+00:00,1.278437,106158,76180,83037.333869,early
2026-05-20T12:05:48.986097+00:00,TlBYGFQ4kGo,UCWsDFcIhY2DBi3GB5uykGXA,IShowSpeed,2026-05-12T11:00:51+00:00,8.045116,1837586,73152,228410.131066,active
2026-05-20T12:05:48.986097+00:00,RiLQQgGR-0k,UC3IZKseVpdzPSBaWxBxundA,HYBE LABELS,2026-05-17T15:00:01+00:00,2.879028,949318,72959,329735.591318,early
2026-05-20T12:05:48.986097+00:00,jCq63yQxKCU,UCurvRE5fGcdUgCYWgh-BDsg,DAZN Boxing,2026-05-18T14:08:19+00:00,1.91493,172503,72911,90083.188419,early
2026-05-20T12:05:48.986097+00:00,-wOQ2QVol0U,UCWBWgCD4oAqT3hUeq40SCUw,Sambucha,2026-05-15T19:15:00+00:00,4.701956,3840142,72177,816711.598322,early
2026-05-20T12:05:48.986097+00:00,ImG1BgHsqHk,UCWBWgCD4oAqT3hUeq40SCUw,Sambucha,2026-05-11T19:15:01+00:00,8.701944,2377401,69005,273203.435922,active
2026-05-20T12:05:48.986097+00:00,LmlIC0WxoYs,UCUyDOdBWhC1MCxEjC46d-zw,Alex Hormozi,2026-05-19T03:00:22+00:00,1.378785,106031,68352,76901.76496,early
2026-05-20T12:05:48.986097+00:00,-C5d08G5dT4,UCJ5v_MCY6GNUBTO8-D3XoAg,WWE,2026-05-18T15:32:09+00:00,1.856713,255220,67350,137457.970079,early
2026-05-20T12:05:48.986097+00:00,ybiXjkFVFcY,UCq-Fj5jknLsUf-MWSy4_brA,T-Series,2026-05-18T13:37:52+00:00,1.936076,165490,66820,85477.016398,early
2026-05-20T12:05:48.986097+00:00,L8FsRxiGg7c,UCYQo8CdhXD22qfwUBUw591Q,El Payaso Plim Plim,2026-05-14T20:00:26+00:00,5.670405,370154,64965,65278.229686,early
2026-05-20T12:05:48.986097+00:00,pUlUgkaTQZg,UC415bOPUcGSamy543abLmRA,Cleo Abram,2026-04-26T14:45:42+00:00,23.88897,2846764,64465,119166.460505,active
2026-05-20T12:05:48.986097+00:00,AP73EwBsx3c,UC52hytXteCKmuOzMViTK8_w,CdeCiencia,2026-05-17T18:04:44+00:00,2.750752,512565,62662,186336.318214,early
2026-05-20T12:05:48.986097+00:00,d-UTn28SjVo,UCoLrcjPV5PbUrUyXq5mjc_A,MLB,2026-05-16T00:33:17+00:00,4.480926,2125362,62180,474313.121886,early
2026-05-20T12:05:48.986097+00:00,xskMnb6Z9kY,UC0QHWhjbe5fGJEPz3sVb6nw,Doctor Mike,2026-05-12T19:46:59+00:00,7.679745,2135338,61491,278048.034147,active
2026-05-20T12:05:48.986097+00:00,10LmLBYqF8o,UCWJ2lWNubArHWmf3FIHbfcQ,NBA,2026-05-19T03:54:26+00:00,1.341238,128328,61421,95678.768421,early
2026-05-20T12:05:48.986097+00:00,kPOpd81QHYM,UCvgfXK4nTYKudb0rFR6noLA,UFC,2026-05-16T22:26:08+00:00,3.569224,1270819,60995,356049.10199,early
2026-05-20T12:05:48.986097+00:00,IEJALLQFmDs,UCY1kMZp36IQSyNx_9h4mpCg,Mark Rober,2026-04-30T16:00:29+00:00,19.837037,5466533,59135,275572.052419,active
2026-05-20T12:05:48.986097+00:00,cWyLLZ1YdOE,UCWJ2lWNubArHWmf3FIHbfcQ,NBA,2026-05-19T03:56:41+00:00,1.339676,117177,58854,87466.671046,early
2026-05-20T12:05:48.986097+00:00,xIy3Ch58_Hc,UCUP6qv-_EIL0hwTsJaKYnvw,Azteca Noticias,2026-05-15T18:00:50+00:00,4.75346,283672,58338,59676.951105,early
2026-05-20T12:05:48.986097+00:00,xjMo5PVgqC0,UCupvZG-5ko_eiXAupbDfxWw,CNN,2026-05-15T17:12:46+00:00,4.78684,2884981,58233,602690.083646,early
2026-05-20T12:05:48.986097+00:00,ct8717IMihg,UCbCmjCuTUZos6Inko4u57UQ,Cocomelon - Nursery Rhymes,2026-05-15T12:01:10+00:00,5.003229,732685,58024,146442.42748,early
2026-05-20T12:05:48.986097+00:00,Z1MoI-YdUOA,UC3tNpTOHsTnkmbwztCs30sA,Northernlion,2026-05-16T19:33:24+00:00,3.689178,990596,57290,268514.015859,early
2026-05-20T12:05:48.986097+00:00,x9lKbMZ9sQI,UCYQo8CdhXD22qfwUBUw591Q,El Payaso Plim Plim,2026-05-19T02:06:29+00:00,1.416204,76662,56997,54132.031826,early
2026-05-20T12:05:48.986097+00:00,qN6hwmRTTh8,UCWJ2lWNubArHWmf3FIHbfcQ,NBA,2026-05-19T03:00:21+00:00,1.378796,95128,56742,68993.527686,early
2026-05-20T12:05:48.986097+00:00,v1HaeSCvIXw,UCRzPUBhXUZHclB7B5bURFXw,Eater,2026-05-15T14:01:20+00:00,4.91978,911206,56629,185212.753416,early
2026-05-20T12:05:48.986097+00:00,6EsWMnKeZJQ,UCWJ2lWNubArHWmf3FIHbfcQ,NBA,2026-05-18T17:48:52+00:00,1.761771,248671,55832,141148.310422,early
2026-05-20T12:05:48.986097+00:00,UncqiOQc4rI,UCLe_q9axMaeTbjN0hy1Z9xA,Caleb Hammer,2026-04-24T16:01:01+00:00,25.836667,4466505,54628,172874.659104,active
2026-05-20T12:05:48.986097+00:00,Su0aCV35IFM,UC415bOPUcGSamy543abLmRA,Cleo Abram,2026-04-27T15:31:42+00:00,22.857025,6979402,54437,305350.411963,active
2026-05-20T12:05:48.986097+00:00,AubqxANZ9aI,UC3IEYr87JpgBeVbbc0gP9DA,Irene Albacete,2026-05-18T14:06:16+00:00,1.916354,100256,53059,52316.012595,early
2026-05-20T12:05:48.986097+00:00,AM2zTjaYDzM,UCJ5v_MCY6GNUBTO8-D3XoAg,WWE,2026-05-12T15:45:37+00:00,7.847361,1311195,52577,167087.38135,active
2026-05-20T12:05:48.986097+00:00,unE54lfBBek,UCJ5v_MCY6GNUBTO8-D3XoAg,WWE,2026-05-11T20:09:45+00:00,8.663935,2550090,52369,294333.925635,active
2026-05-20T12:05:48.986097+00:00,iq7i3CINwNU,UCpcTrCXblq78GZrTUTLWeBw,FIFA,2026-05-19T09:30:16+00:00,1.108021,57944,51986,52295.037729,early
2026-05-20T12:05:48.986097+00:00,n-3QQEiJKpg,UCLe_q9axMaeTbjN0hy1Z9xA,Caleb Hammer,2026-05-15T19:00:41+00:00,4.711898,1236764,51294,262476.81932,early
2026-05-20T12:05:48.986097+00:00,INmSlU8iNGk,UCNye-wNBqNL5ZzHSJj3l8Bg,Al Jazeera English,2026-05-19T09:10:31+00:00,1.121736,56866,51026,50694.637597,early
2026-05-20T12:05:48.986097+00:00,FpnLwWLpuG8,UCWxlUwW9BgGISaakjGM37aw,Valkyrae,2026-05-19T02:41:05+00:00,1.392176,94493,50736,67874.320488,early
2026-05-20T12:05:48.986097+00:00,Hk-ARbCTKzM,UCWBWgCD4oAqT3hUeq40SCUw,Sambucha,2026-04-23T19:15:00+00:00,26.701956,6232375,50540,233405.185747,active
2026-05-20T12:05:48.986097+00:00,5RDweB6uipg,UCH3h4jRKn3lJo0uORqqESPg,Acenix,2026-05-18T17:00:11+00:00,1.795579,140038,49549,77990.44208,early
2026-05-20T12:05:48.986097+00:00,5gvtrtQdrkI,UCWBWgCD4oAqT3hUeq40SCUw,Sambucha,2026-05-08T17:15:00+00:00,11.785289,2753033,48806,233599.108176,active
2026-05-20T12:05:48.986097+00:00,wA0bqop6ueA,UCRijo3ddMTht_IHyNSNXpNQ,Dude Perfect,2026-05-15T01:01:12+00:00,5.461539,1469003,48663,268972.353763,early
2026-05-20T12:05:48.986097+00:00,OVirjiv9vTg,UCJ5v_MCY6GNUBTO8-D3XoAg,WWE,2026-05-14T15:39:27+00:00,5.851643,1628318,48410,278266.804725,early
2026-05-20T12:05:48.986097+00:00,Ufda__Oqg6I,UCJ5v_MCY6GNUBTO8-D3XoAg,WWE,2026-05-18T19:02:22+00:00,1.710729,201071,47889,117535.272974,early
2026-05-20T12:05:48.986097+00:00,XsY6iChNzf0,UCQHX6ViZmPsWiYSFAyS0a3Q,GothamChess,2026-04-27T12:40:02+00:00,22.976238,1664273,47673,72434.52997,active
2026-05-20T12:05:48.986097+00:00,J2n5afixnuU,UCWJ2lWNubArHWmf3FIHbfcQ,NBA,2026-05-19T04:30:47+00:00,1.315995,76546,47105,58165.87449,early
2026-05-20T12:05:48.986097+00:00,325j7YSy7E0,UC3IZKseVpdzPSBaWxBxundA,HYBE LABELS,2026-05-18T15:02:37+00:00,1.877222,216213,47013,115177.107449,early
2026-05-20T12:05:48.986097+00:00,_w0Z6nqywZE,UCAOtE1V7Ots4DjM8JLlrYgg,Peppa Pig - Official Channel,2026-05-17T00:00:38+00:00,3.503599,255428,46730,72904.461955,early
2026-05-20T12:05:48.986097+00:00,3e7rdaSAAz0,UCAOtE1V7Ots4DjM8JLlrYgg,Peppa Pig - Official Channel,2026-05-16T00:00:06+00:00,4.50397,303565,46668,67399.427616,early
2026-05-20T12:05:48.986097+00:00,XNhefTAfIDc,UCJ5v_MCY6GNUBTO8-D3XoAg,WWE,2026-05-19T00:55:45+00:00,1.465324,170505,46427,116359.931319,early
2026-05-20T12:05:48.986097+00:00,6zSE7SPzDz8,UCurvRE5fGcdUgCYWgh-BDsg,DAZN Boxing,2026-05-18T20:00:03+00:00,1.670671,127163,46391,76114.926278,early
2026-05-20T12:05:48.986097+00:00,iGJTaQLf_AU,UCTl3QQTvqHFjurroKxexy2Q,Olympics,2026-05-18T13:53:23+00:00,1.925301,179790,46086,93382.800923,early
2026-05-20T12:05:48.986097+00:00,GidKHYjHZ50,UCiWLfSweyRNmLpgEHekhoAg,ESPN,2026-05-19T04:26:00+00:00,1.319317,86389,46008,65480.093109,early
2026-05-20T12:05:48.986097+00:00,hCvbTng6_GQ,UC5PYHgAzJ1wLEidB58SK6Xw,Blippi - Educational Videos for Kids,2026-05-18T12:01:08+00:00,2.003252,104653,45557,52241.555231,early
2026-05-20T12:05:48.986097+00:00,6BuBIcFgwas,UCJ5v_MCY6GNUBTO8-D3XoAg,WWE,2026-05-18T13:00:18+00:00,1.962164,170727,45206,87009.546603,early
2026-05-20T12:05:48.986097+00:00,CmJaEi7orQ4,UC9CoOnJkIBMdeijd9qYoT_g,Ariana Grande,2026-05-18T15:07:26+00:00,1.873877,202634,44938,108136.233061,early
2026-05-20T12:05:48.986097+00:00,afg2wpoxrlg,UCUP6qv-_EIL0hwTsJaKYnvw,Azteca Noticias,2026-05-19T01:15:00+00:00,1.451956,69191,43710,47653.647907,early
2026-05-20T12:05:48.986097+00:00,iaxbJ3GTiqo,UCWJ2lWNubArHWmf3FIHbfcQ,NBA,2026-05-19T04:48:36+00:00,1.303623,68587,43241,52612.60349,early
2026-05-20T12:05:48.986097+00:00,-vhmvlcRTXs,UCurvRE5fGcdUgCYWgh-BDsg,DAZN Boxing,2026-05-16T07:00:00+00:00,4.212373,625651,43235,148526.970427,early
2026-05-20T12:05:48.986097+00:00,Kn_9qBbOT4k,UCcgVECVN4OKV6DH1jLkqmcA,Jake Paul,2026-05-18T13:05:13+00:00,1.95875,160732,42927,82058.455648,early
2026-05-20T12:05:48.986097+00:00,YwRtlXsoe-o,UCWBWgCD4oAqT3hUeq40SCUw,Sambucha,2026-05-14T17:15:01+00:00,5.785278,861172,42730,148855.768037,early
2026-05-20T12:05:48.986097+00:00,4foxN2BavDQ,UCurvRE5fGcdUgCYWgh-BDsg,DAZN Boxing,2026-05-11T13:05:26+00:00,8.958599,464833,42522,51886.796139,active
2026-05-20T12:05:48.986097+00:00,iG9W1q7Gu8Y,UCWBWgCD4oAqT3hUeq40SCUw,Sambucha,2026-05-13T19:15:06+00:00,6.701886,1066334,40704,159109.54021,early
2026-05-20T12:05:48.986097+00:00,xYaH_Xoutyw,UCiWLfSweyRNmLpgEHekhoAg,ESPN,2026-05-18T12:18:12+00:00,1.9914,59269,40212,29762.478658,early
2026-05-20T12:05:48.986097+00:00,MIbiEwoMA-0,UCOWFKaCN-rzmYk502JFWnqg,Eze Martínez,2026-05-18T17:02:11+00:00,1.79419,138546,40196,77219.246568,early
2026-05-20T12:05:48.986097+00:00,pNEIdWc1Occ,UCGXbLrVe8vnkiFv7q2vYv3w,El Mundo,2026-05-19T09:57:35+00:00,1.089051,45688,39667,41952.121618,early
2026-05-20T12:05:48.986097+00:00,oZRhSOWLVaU,UCvgfXK4nTYKudb0rFR6noLA,UFC,2026-05-17T23:00:08+00:00,2.545613,281178,39286,110455.909834,early
2026-05-20T12:05:48.986097+00:00,YQXp9yfOFdU,UCJ5v_MCY6GNUBTO8-D3XoAg,WWE,2026-05-18T15:00:46+00:00,1.878507,206089,39187,109708.933744,early
2026-05-20T12:05:48.986097+00:00,xd_YgSbX9lE,UCJ5v_MCY6GNUBTO8-D3XoAg,WWE,2026-05-17T16:01:20+00:00,2.836447,405034,38735,142796.25179,early
2026-05-20T12:05:48.986097+00:00,XzUIKNTPzA4,UCWJ2lWNubArHWmf3FIHbfcQ,NBA,2026-05-19T03:17:49+00:00,1.366667,94424,38398,69090.714856,early
2026-05-20T12:05:48.986097+00:00,-CyFgJiBKag,UCKAqou7V9FAWXpZd9xtOg3Q,Little Baby Bum - Nursery Rhymes & Kids Songs,2026-05-18T07:45:01+00:00,2.181111,92744,38244,42521.448931,early
2026-05-20T12:05:48.986097+00:00,bF-yc6HIDOU,UClHVl2N3jPEbkNJVx-ItQIQ,HealthyGamerGG,2026-05-18T15:00:52+00:00,1.878437,64818,38051,34506.347564,early
2026-05-20T12:05:48.986097+00:00,xFecVd5DJkg,UCurvRE5fGcdUgCYWgh-BDsg,DAZN Boxing,2026-05-17T14:05:57+00:00,2.916574,250529,37917,85898.386257,early
2026-05-20T12:05:48.986097+00:00,qI1r3TGu5s8,UCQHX6ViZmPsWiYSFAyS0a3Q,GothamChess,2026-05-07T12:40:01+00:00,12.97625,1971414,37710,151924.785666,active
2026-05-20T12:05:48.986097+00:00,j8pbrdjn7dM,UCWJ2lWNubArHWmf3FIHbfcQ,NBA,2026-05-18T03:17:20+00:00,2.367002,256530,37130,108377.601709,early
2026-05-20T12:05:48.986097+00:00,_i56Mw5_WVo,UC16niRr50-MSBwiO3YDb3RA,BBC News,2026-05-19T10:55:18+00:00,1.04897,41758,37070,39808.574125,early
2026-05-20T12:05:48.986097+00:00,6A9P9b-xY8g,UCWJ2lWNubArHWmf3FIHbfcQ,NBA,2026-05-19T03:43:10+00:00,1.349062,81481,36946,60398.261903,early
2026-05-20T12:05:48.986097+00:00,wRJ9mqLMDWk,UCWJ2lWNubArHWmf3FIHbfcQ,NBA,2026-05-19T01:30:29+00:00,1.441204,132784,36689,92134.076786,early
2026-05-20T12:05:48.986097+00:00,_gPWhdMUMA8,UCvgfXK4nTYKudb0rFR6noLA,UFC,2026-05-16T23:50:03+00:00,3.510949,219595,36648,62545.76754,early
2026-05-20T12:05:48.986097+00:00,f5QmO_3rK00,UC415bOPUcGSamy543abLmRA,Cleo Abram,2026-05-07T15:02:43+00:00,12.877153,3566764,36611,276983.895431,active
2026-05-20T12:05:48.986097+00:00,RR-oi9Y1oDs,UC3IZKseVpdzPSBaWxBxundA,HYBE LABELS,2026-05-18T15:02:43+00:00,1.877153,121537,36474,64745.388362,early
2026-05-20T12:05:48.986097+00:00,4m_M1Wpnr2Q,UCLe_q9axMaeTbjN0hy1Z9xA,Caleb Hammer,2026-05-03T16:00:06+00:00,16.837303,6736057,35762,400067.457359,active
2026-05-20T12:05:48.986097+00:00,Kbfjto_fWgw,UCUsm-fannqOY02PNN67C0KA,NMás,2026-05-15T20:00:30+00:00,4.670359,134388,35681,28774.661648,early
2026-05-20T12:05:48.986097+00:00,Xq7pk4z4rlk,UCWBWgCD4oAqT3hUeq40SCUw,Sambucha,2026-05-09T19:15:01+00:00,10.701944,4085280,35644,381732.515139,active
2026-05-20T12:05:48.986097+00:00,vmetvB91qVA,UCzYfz8uibvnB7Yc1LjePi4g,Aphmau,2026-05-18T19:00:41+00:00,1.711898,100227,35318,58547.296626,early
2026-05-20T12:05:48.986097+00:00,nB6wfPk3OLE,UCafNntv_qTQB26AvbEQNHPw,Aristegui Noticias,2026-05-18T17:25:43+00:00,1.777847,182758,35116,102797.372327,early
2026-05-20T12:05:48.986097+00:00,gDpnDnpHMo4,UCJ5v_MCY6GNUBTO8-D3XoAg,WWE,2026-05-19T01:19:46+00:00,1.448646,137913,34741,95201.312122,early
2026-05-20T12:05:48.986097+00:00,Njm3TLc5Tl0,UCwd8Byi93KbnsYmCcKLExvQ,Negocios TV,2026-05-18T15:30:13+00:00,1.858055,69805,34710,37568.855604,early
2026-05-20T12:05:48.986097+00:00,Qq3k73JhTtw,UCM-GvgUy0EAZU7ZwXKLarkg,López-Dóriga,2026-05-18T20:15:41+00:00,1.659815,148693,33736,89584.080154,early
2026-05-20T12:05:48.986097+00:00,OaVIV4GBcok,UCzYfz8uibvnB7Yc1LjePi4g,Aphmau,2026-05-14T19:08:28+00:00,5.706493,561112,33589,98328.693297,early
2026-05-20T12:05:48.986097+00:00,o0q8gZgSJzw,UCeY0bbntWzzVIaj2z3QigXg,NBC News,2026-05-19T12:07:30+00:00,0.998831,36092,33204,36134.240928,first_24h
2026-05-20T12:05:48.986097+00:00,DccrjFNmFWY,UCLe_q9axMaeTbjN0hy1Z9xA,Caleb Hammer,2026-05-18T19:00:20+00:00,1.712141,89196,32969,52096.176658,early
2026-05-20T12:05:48.986097+00:00,KGW-0oKDoIg,UCLe_q9axMaeTbjN0hy1Z9xA,Caleb Hammer,2026-05-12T16:00:27+00:00,7.83706,1699672,32827,216876.226544,active
2026-05-20T12:05:48.986097+00:00,eLG-T4WOBYA,UCWJ2lWNubArHWmf3FIHbfcQ,NBA,2026-05-19T05:15:34+00:00,1.284896,60080,32805,46758.648171,early
2026-05-20T12:05:48.986097+00:00,Cr7oGnSzmb4,UC415bOPUcGSamy543abLmRA,Cleo Abram,2026-04-21T14:52:40+00:00,28.884132,3113025,32668,107776.304304,active
2026-05-20T12:05:48.986097+00:00,YV809R2NV7s,UC36xmz34q02JYaZYKrMwXng,Nate Gentile,2026-05-14T16:10:08+00:00,5.830335,779914,31846,133768.299763,early
2026-05-20T12:05:48.986097+00:00,aJVHah_EAUs,UCGq-a57w-aPwyi3pW7XLiHw,The Diary Of A CEO,2026-05-17T19:00:01+00:00,2.712361,182570,31805,67310.361711,early
2026-05-20T12:05:48.986097+00:00,QwfNhuNmRiQ,UCJ5v_MCY6GNUBTO8-D3XoAg,WWE,2026-05-15T14:30:17+00:00,4.899676,1320358,31746,269478.634914,early
2026-05-20T12:05:48.986097+00:00,vmRbevilfpU,UCOWFKaCN-rzmYk502JFWnqg,Eze Martínez,2026-04-23T17:02:28+00:00,26.793993,9274379,31734,346136.501566,active
2026-05-20T12:05:48.986097+00:00,MjWI_rWQL68,UCLe_q9axMaeTbjN0hy1Z9xA,Caleb Hammer,2026-05-03T22:00:16+00:00,16.587187,8001267,31566,482376.36677,active
2026-05-20T12:05:48.986097+00:00,dqazxW8R5BY,UC415bOPUcGSamy543abLmRA,Cleo Abram,2026-04-30T15:25:57+00:00,19.861018,2931710,31560,147611.265445,active
2026-05-20T12:05:48.986097+00:00,Rzj58_gC25s,UCP15FVAA2UL-QOcGhy7-ezA,EDteam,2026-05-18T23:28:55+00:00,1.525625,45783,31377,30009.340434,early
2026-05-20T12:05:48.986097+00:00,kmDOjJE2Gso,UCJ5v_MCY6GNUBTO8-D3XoAg,WWE,2026-05-19T00:48:49+00:00,1.470139,136670,30989,92963.998642,early
2026-05-20T12:05:48.986097+00:00,O5awAZTpgAs,UCUP6qv-_EIL0hwTsJaKYnvw,Azteca Noticias,2026-05-19T01:34:15+00:00,1.438588,56474,30915,39256.548783,early
2026-05-20T12:05:48.986097+00:00,q0EyoTHH47Y,UCUsm-fannqOY02PNN67C0KA,NMás,2026-05-19T01:20:52+00:00,1.447882,71300,30806,49244.344498,early
2026-05-20T12:05:48.986097+00:00,IZBsKOT__Rk,UCiWLfSweyRNmLpgEHekhoAg,ESPN,2026-05-18T04:28:32+00:00,2.317558,337780,30762,145748.240173,early
2026-05-20T12:05:48.986097+00:00,g-6fHSaXfvQ,UCGXbLrVe8vnkiFv7q2vYv3w,El Mundo,2026-05-18T10:15:51+00:00,2.076366,62594,30456,30145.937662,early
2026-05-20T12:05:48.986097+00:00,SFvm5X9E9hI,UCLe_q9axMaeTbjN0hy1Z9xA,Caleb Hammer,2026-05-08T22:00:25+00:00,11.587083,1265609,30387,109225.850889,active
2026-05-20T12:05:48.986097+00:00,9LBEpOTIjOo,UCi7TVXyvrIwqeS9tfYD8UDA,DjMaRiiO,2026-05-16T23:23:12+00:00,3.529595,318159,30330,90140.370212,early
2026-05-20T12:05:48.986097+00:00,8fB8daF6Ufc,UC3IZKseVpdzPSBaWxBxundA,HYBE LABELS,2026-05-18T15:01:50+00:00,1.877766,130222,29894,69349.429056,early
2026-05-20T12:05:48.986097+00:00,xOvp3MvVJFk,UCurvRE5fGcdUgCYWgh-BDsg,DAZN Boxing,2026-05-15T10:01:35+00:00,5.086273,245715,29868,48309.439938,early
2026-05-20T12:05:48.986097+00:00,_ShbYWpHa98,UC16niRr50-MSBwiO3YDb3RA,BBC News,2026-05-17T01:45:05+00:00,3.431065,164548,29549,47958.287004,early
2026-05-20T12:05:48.986097+00:00,s5yveAJRRIg,UCJ5v_MCY6GNUBTO8-D3XoAg,WWE,2026-05-18T17:54:40+00:00,1.757743,167345,29352,95204.475284,early
2026-05-20T12:05:48.986097+00:00,_vkeVhh-Sqw,UCiWLfSweyRNmLpgEHekhoAg,ESPN,2026-05-19T04:46:42+00:00,1.304942,51860,29294,39741.229878,early
2026-05-20T12:05:48.986097+00:00,7nPtbtcB24I,UCwd8Byi93KbnsYmCcKLExvQ,Negocios TV,2026-05-18T16:27:37+00:00,1.818194,132460,29102,72852.511888,early
2026-05-20T12:05:48.986097+00:00,IO-V-RZyZ0I,UC16niRr50-MSBwiO3YDb3RA,BBC News,2026-05-18T19:00:12+00:00,1.712234,83020,29050,48486.363429,early
2026-05-20T12:05:48.986097+00:00,-0tv5_bKAaQ,UCWBWgCD4oAqT3hUeq40SCUw,Sambucha,2026-05-06T17:15:00+00:00,13.785289,2740570,28921,198803.956885,active
2026-05-20T12:05:48.986097+00:00,JtLvOvP7P9E,UCz8QaiQxApLq8sLNcszYyJw,Firstpost,2026-05-18T11:53:00+00:00,2.0089,164807,28531,82038.428991,early
2026-05-20T12:05:48.986097+00:00,hmsoe6odgqE,UCPdaxSov0mgwh77JvjQO2jQ,Man Carrying Thing,2026-05-17T16:35:06+00:00,2.812998,465551,28419,165499.939922,early
2026-05-20T12:05:48.986097+00:00,JAssChJ1pV0,UCiWLfSweyRNmLpgEHekhoAg,ESPN,2026-05-18T04:22:37+00:00,2.321667,109606,28278,47210.043473,early
2026-05-20T12:05:48.986097+00:00,0SJK2TDbWQ0,UCM-GvgUy0EAZU7ZwXKLarkg,López-Dóriga,2026-05-13T23:36:47+00:00,6.520162,265060,28158,40652.364159,early
2026-05-20T12:05:48.986097+00:00,G0oejlJHcuI,UC16niRr50-MSBwiO3YDb3RA,BBC News,2026-05-16T23:28:49+00:00,3.525694,253711,28012,71960.584214,early
2026-05-20T12:05:48.986097+00:00,XA_YBXtTDws,UCUP6qv-_EIL0hwTsJaKYnvw,Azteca Noticias,2026-05-18T04:23:12+00:00,2.321261,360818,27868,155440.512721,early
2026-05-20T12:05:48.986097+00:00,gdjCR9h1yGc,UCWBWgCD4oAqT3hUeq40SCUw,Sambucha,2026-04-25T18:10:00+00:00,24.747095,2845977,27694,115002.467966,active
2026-05-20T12:05:48.986097+00:00,cGTz8OVM0OI,UCUP6qv-_EIL0hwTsJaKYnvw,Azteca Noticias,2026-05-18T23:30:08+00:00,1.52478,74965,27581,49164.469628,early
2026-05-20T12:05:48.986097+00:00,RlSOK70dNHM,UCAOtE1V7Ots4DjM8JLlrYgg,Peppa Pig - Official Channel,2026-05-12T23:00:26+00:00,7.545405,505343,27484,66973.608441,active
2026-05-20T12:05:48.986097+00:00,6RCk8sUtWVc,UC3IZKseVpdzPSBaWxBxundA,HYBE LABELS,2026-05-18T15:02:02+00:00,1.877627,98966,27454,52708.019218,early
2026-05-20T12:05:48.986097+00:00,WGPrHoWD5vc,UCoLrcjPV5PbUrUyXq5mjc_A,MLB,2026-05-18T15:35:08+00:00,1.854641,116545,27379,62839.654682,early
2026-05-20T12:05:48.986097+00:00,PffugbPSX1A,UCBi2mrWuNuyYy4gbM6fU18Q,ABC News,2026-05-19T00:33:50+00:00,1.480544,67348,27345,45488.68524,early
2026-05-20T12:05:48.986097+00:00,oWurGNQXqgM,UCWJ2lWNubArHWmf3FIHbfcQ,NBA,2026-05-19T01:43:26+00:00,1.43221,73508,27294,51324.875542,early
2026-05-20T12:05:48.986097+00:00,7MujqlNPoOg,UC3IZKseVpdzPSBaWxBxundA,HYBE LABELS,2026-05-18T15:02:08+00:00,1.877558,95208,27248,50708.420193,early
2026-05-20T12:05:48.986097+00:00,rOtk7QXzVeU,UCvgfXK4nTYKudb0rFR6noLA,UFC,2026-05-18T17:08:21+00:00,1.789907,100432,27234,56110.177791,early
2026-05-20T12:05:48.986097+00:00,9zD5AKmT_fw,UCTl3QQTvqHFjurroKxexy2Q,Olympics,2026-05-18T16:00:22+00:00,1.837118,57764,27228,31442.727141,early
2026-05-20T12:05:48.986097+00:00,dnwtVWuLBL0,UCOWFKaCN-rzmYk502JFWnqg,Eze Martínez,2026-05-15T17:03:54+00:00,4.792998,1022082,27094,213244.820882,early
2026-05-20T12:05:48.986097+00:00,0O-XT-pzK-c,UCWJ2lWNubArHWmf3FIHbfcQ,NBA,2026-05-19T03:35:38+00:00,1.354294,68053,27031,50249.79805,early
2026-05-20T12:05:48.986097+00:00,0y8vRPcSvbw,UCLe_q9axMaeTbjN0hy1Z9xA,Caleb Hammer,2026-04-29T16:00:05+00:00,20.837315,2724717,27013,130761.424876,active
2026-05-20T12:05:48.986097+00:00,jEBrYu09ta8,UC2xjgvWb9cx5F637XjsUNxw,toycantando,2026-05-11T15:01:16+00:00,8.87816,189081,26961,21297.318363,active
2026-05-20T12:05:48.986097+00:00,EkiMUs1_MFo,UCUyDOdBWhC1MCxEjC46d-zw,Alex Hormozi,2026-05-18T09:00:20+00:00,2.128808,153661,26927,72181.709201,early
2026-05-20T12:05:48.986097+00:00,PnDTh-sbFVU,UC0C-w0YjGpqDXGB8IHb662A,Ed Sheeran,2026-05-12T15:43:48+00:00,7.848623,875481,26671,111545.808736,active
2026-05-20T12:05:48.986097+00:00,jZVixFS9WlM,UCrsyfsHNdpB5U_FHENCuB2A,El Cubil de Peter,2026-05-17T20:36:50+00:00,2.645127,69625,26532,26321.987564,early
2026-05-20T12:05:48.986097+00:00,B9ocddyGfo8,UC415bOPUcGSamy543abLmRA,Cleo Abram,2026-05-04T14:12:24+00:00,15.912095,3727430,26322,234251.366649,active
2026-05-20T12:05:48.986097+00:00,Me7QhGJ3Hxs,UCoGDh1Xa3kUCpok24JN5DKA,enchufetv,2026-05-15T15:05:47+00:00,4.875023,410483,26254,84201.243768,early
2026-05-20T12:05:48.986097+00:00,BdUzhVM5w1U,UCQHX6ViZmPsWiYSFAyS0a3Q,GothamChess,2026-04-24T10:47:00+00:00,26.054734,2802696,25898,107569.549549,active
2026-05-20T12:05:48.986097+00:00,0rsfEoiDcZU,UCWxlUwW9BgGISaakjGM37aw,Valkyrae,2026-05-17T23:06:32+00:00,2.541169,148165,25808,58305.842705,early
2026-05-20T12:05:48.986097+00:00,vh70wU48Ods,UCTrQ7HXWRRxr7OsOtodr2_w,Channel 4 News,2026-05-19T11:58:59+00:00,1.004745,26770,25527,26643.576231,early
2026-05-20T12:05:48.986097+00:00,pa129aSDTOI,UCoMdktPbSTixAyNGwb-UYkQ,Sky News,2026-05-18T19:10:38+00:00,1.704988,65823,25482,38606.136817,early
2026-05-20T12:05:48.986097+00:00,sVSeuM0WfFw,UCWJ2lWNubArHWmf3FIHbfcQ,NBA,2026-05-19T00:49:10+00:00,1.469896,58404,25311,39733.423317,early
2026-05-20T12:05:48.986097+00:00,yZnzhPUYCV0,UC16niRr50-MSBwiO3YDb3RA,BBC News,2026-05-17T01:00:59+00:00,3.46169,511158,25270,147661.402379,early
2026-05-20T12:05:48.986097+00:00,bwwsrjGZP2s,UCYQo8CdhXD22qfwUBUw591Q,El Payaso Plim Plim,2026-05-11T17:05:17+00:00,8.792037,281654,25211,32035.124511,active
2026-05-20T12:05:48.986097+00:00,5LJ1cxjQhyE,UC415bOPUcGSamy543abLmRA,Cleo Abram,2026-05-02T15:42:07+00:00,17.849792,3255933,25181,182407.335615,active
2026-05-20T12:05:48.986097+00:00,mo-wTwstyu4,UCM55RjebjSevVWPnj2LEymw,viyaura,2026-05-18T14:10:07+00:00,1.91368,111685,25045,58361.377033,early
2026-05-20T12:05:48.986097+00:00,kye4J9IQhBE,UCJ5v_MCY6GNUBTO8-D3XoAg,WWE,2026-05-17T21:00:40+00:00,2.628576,235474,24988,89582.344205,early
2026-05-20T12:05:48.986097+00:00,kr3mzC5-Fq8,UCurvRE5fGcdUgCYWgh-BDsg,DAZN Boxing,2026-05-18T17:00:57+00:00,1.795046,73898,24971,41167.747233,early
2026-05-20T12:05:48.986097+00:00,VtcsQ0xQ9DA,UCTHaNTsP7hsVgBxARZTuajw,LUZU TV,2026-05-14T17:26:47+00:00,5.777106,402620,24810,69692.333843,early
2026-05-20T12:05:48.986097+00:00,psJyQ0DjZKE,UChGJGhZ9SOOHvBB0Y4DOO_w,Ryan's World,2026-05-19T12:00:58+00:00,1.003368,25766,24743,25679.511406,early
2026-05-20T12:05:48.986097+00:00,hw5pmG8vZEo,UCcdwLMPsaU2ezNSJU1nFoBQ,Baby Shark - Pinkfong Kids’ Songs & Stories,2026-05-17T23:00:40+00:00,2.545243,112855,24636,44339.577793,early
2026-05-20T12:05:48.986097+00:00,k3jpqCWU3Dk,UCUyDOdBWhC1MCxEjC46d-zw,Alex Hormozi,2026-05-18T11:00:38+00:00,2.045266,109667,24400,53619.920343,early
2026-05-20T12:05:48.986097+00:00,sedtamD0sTk,UCi7TVXyvrIwqeS9tfYD8UDA,DjMaRiiO,2026-05-18T15:42:31+00:00,1.849514,87660,24254,47396.234903,early
2026-05-20T12:05:48.986097+00:00,9T52VDkW2yM,UCWJ2lWNubArHWmf3FIHbfcQ,NBA,2026-05-18T00:35:19+00:00,2.479514,218430,24168,88093.876461,early
2026-05-20T12:05:48.986097+00:00,ynqvkxtdf-M,UCUyDOdBWhC1MCxEjC46d-zw,Alex Hormozi,2026-05-17T09:00:19+00:00,3.128819,123649,24068,39519.384151,early
2026-05-20T12:05:48.986097+00:00,pOQrXhEhqc8,UCvCfpQXRXdJdL07pzTIA6Cw,Kai Cenat Live,2026-05-18T16:46:50+00:00,1.804849,58754,23960,32553.415826,early
2026-05-20T12:05:48.986097+00:00,UBeB88kUvCw,UCcdwLMPsaU2ezNSJU1nFoBQ,Baby Shark - Pinkfong Kids’ Songs & Stories,2026-05-13T23:00:25+00:00,6.545417,474823,23823,72542.818891,early
2026-05-20T12:05:48.986097+00:00,Nn7GtFvrrx8,UCJ5v_MCY6GNUBTO8-D3XoAg,WWE,2026-05-15T18:30:23+00:00,4.73294,1191285,23793,251700.845563,early
2026-05-20T12:05:48.986097+00:00,tf5z4XBLdko,UCTHaNTsP7hsVgBxARZTuajw,LUZU TV,2026-05-19T11:37:26+00:00,1.01971,25068,23754,24583.460003,early
2026-05-20T12:05:48.986097+00:00,EYDkBuaxdJQ,UCUBIrDsIVzRpKsClMlSlTpQ,BBC News Mundo,2026-05-18T14:11:41+00:00,1.912592,110961,23700,58016.032693,early
2026-05-20T12:05:48.986097+00:00,WD_Z5-HdxS4,UCzYfz8uibvnB7Yc1LjePi4g,Aphmau,2026-05-14T19:08:38+00:00,5.706377,328559,23650,57577.513718,early
2026-05-20T12:05:48.986097+00:00,UU83hM6Slq8,UCq-Fj5jknLsUf-MWSy4_brA,T-Series,2026-05-19T06:39:50+00:00,1.226377,44750,23543,36489.594961,early
2026-05-20T12:05:48.986097+00:00,NDnaKMfnAOE,UCKAqou7V9FAWXpZd9xtOg3Q,Little Baby Bum - Nursery Rhymes & Kids Songs,2026-05-11T07:45:00+00:00,9.181123,260489,23509,28372.237252,active
2026-05-20T12:05:48.986097+00:00,s97mv7dh-xg,UCgFXm4TI8htWmCyJ6cVPG_A,Toys and Colors,2026-05-15T11:01:31+00:00,5.044653,289746,23451,57436.259739,early
2026-05-20T12:05:48.986097+00:00,N5iBaZ5gnfE,UCQHX6ViZmPsWiYSFAyS0a3Q,GothamChess,2026-05-05T14:10:00+00:00,14.913761,1720182,23409,115341.931522,active
2026-05-20T12:05:48.986097+00:00,tbSPs8ak4D8,UCYQo8CdhXD22qfwUBUw591Q,El Payaso Plim Plim,2026-05-11T17:03:35+00:00,8.793217,296096,23311,33673.227898,active
2026-05-20T12:05:48.986097+00:00,yzu5_GsNnZc,UC3IZKseVpdzPSBaWxBxundA,HYBE LABELS,2026-05-18T15:01:45+00:00,1.877824,66971,23263,35664.151699,early
2026-05-20T12:05:48.986097+00:00,mWS0bIoqBcA,UCvgfXK4nTYKudb0rFR6noLA,UFC,2026-05-17T04:47:37+00:00,3.304305,440031,23225,133169.002256,early
2026-05-20T12:05:48.986097+00:00,_mrzsPWx9yc,UCdNnEDbRWhanA1O8zhCn3ZA,Omar - Educación Financiera,2026-05-19T00:56:26+00:00,1.464849,43839,23220,29927.31674,early
2026-05-20T12:05:48.986097+00:00,Kl6kNj8smiM,UCtoaZpBnrd0lhycxYJ4MNOQ,HasanAbi,2026-05-15T16:41:13+00:00,4.80875,393006,23080,81727.268001,early
2026-05-20T12:05:48.986097+00:00,CSSb2C2Vx5U,UCKAqou7V9FAWXpZd9xtOg3Q,Little Baby Bum - Nursery Rhymes & Kids Songs,2026-05-14T07:45:03+00:00,6.181088,204432,23070,33073.788951,early
2026-05-20T12:05:48.986097+00:00,rWHjSboQlFc,UCwd8Byi93KbnsYmCcKLExvQ,Negocios TV,2026-05-18T11:30:45+00:00,2.024352,50903,22423,25145.330456,early
2026-05-20T12:05:48.986097+00:00,duDgVfn1lCk,UCoOae5nYA7VqaXzerajD0lg,Ali Abdaal,2026-05-15T10:01:04+00:00,5.086632,144228,22227,28354.321681,early
2026-05-20T12:05:48.986097+00:00,U1eDLXbw_eU,UCvCfpQXRXdJdL07pzTIA6Cw,Kai Cenat Live,2026-05-16T12:39:38+00:00,3.976516,686363,22221,172604.108722,early
2026-05-20T12:05:48.986097+00:00,Jl_oeoPomxQ,UCTHaNTsP7hsVgBxARZTuajw,LUZU TV,2026-05-13T22:16:40+00:00,6.575798,83233,22058,12657.475184,early
2026-05-20T12:05:48.986097+00:00,1djBIY7HO0k,UCLe_q9axMaeTbjN0hy1Z9xA,Caleb Hammer,2026-05-05T19:00:01+00:00,14.712361,3134679,21994,213064.306946,active
2026-05-20T12:05:48.986097+00:00,cEKgavUh3Wo,UCWBWgCD4oAqT3hUeq40SCUw,Sambucha,2026-05-16T19:15:04+00:00,3.70191,767352,21913,207285.428333,early
2026-05-20T12:05:48.986097+00:00,GBAXKF4myuk,UCQHX6ViZmPsWiYSFAyS0a3Q,GothamChess,2026-05-07T21:15:01+00:00,12.618611,2359286,21675,186968.755911,active
2026-05-20T12:05:48.986097+00:00,wtkUZFaJ_uQ,UCBi2mrWuNuyYy4gbM6fU18Q,ABC News,2026-05-18T23:00:49+00:00,1.545139,24567,21610,15899.54043,early
2026-05-20T12:05:48.986097+00:00,wWNx9hXCOAM,UCYQo8CdhXD22qfwUBUw591Q,El Payaso Plim Plim,2026-05-11T16:57:36+00:00,8.797373,299892,21548,34088.812649,active
2026-05-20T12:05:48.986097+00:00,BC-8hIZYenw,UCujyjxsq5FZNVnQro51zKSQ,fuslie,2026-05-16T15:00:12+00:00,3.8789,142826,21530,36821.26376,early
2026-05-20T12:05:48.986097+00:00,iGcWCmKMW_4,UCvCfpQXRXdJdL07pzTIA6Cw,Kai Cenat Live,2026-05-15T17:14:50+00:00,4.785405,1199834,21517,250727.78584,early
2026-05-20T12:05:48.986097+00:00,vrGTLn9WHbs,UCWBWgCD4oAqT3hUeq40SCUw,Sambucha,2026-05-12T19:15:03+00:00,7.701921,1250985,21499,162425.062527,active
2026-05-20T12:05:48.986097+00:00,Czf68kDF_7Y,UCLe_q9axMaeTbjN0hy1Z9xA,Caleb Hammer,2026-04-23T16:00:20+00:00,26.837141,2858368,21431,106507.917516,active
2026-05-20T12:05:48.986097+00:00,VhGLa0s_5MI,UCF0L4jd9LcSIxsj5gKITMqQ,Jaime Higuera,2026-05-14T14:30:32+00:00,5.899502,75685,21372,12829.04896,early
2026-05-20T12:05:48.986097+00:00,2-aIApcCDys,UCupvZG-5ko_eiXAupbDfxWw,CNN,2026-05-15T11:44:14+00:00,5.014988,568965,21371,113452.913546,early
2026-05-20T12:05:48.986097+00:00,_jmmbPIGvz4,UCrPseYLGpNygVi34QpGNqpA,Ludwig,2026-05-14T08:13:50+00:00,6.161099,587773,21304,95400.674458,early
2026-05-20T12:05:48.986097+00:00,etURVlpA5mA,UCQHX6ViZmPsWiYSFAyS0a3Q,GothamChess,2026-05-06T13:51:00+00:00,13.926956,1606027,21085,115317.877072,active
2026-05-20T12:05:48.986097+00:00,EDJnVvzyZXY,UC08mnbiC4FykqpHqbEWgFcg,ESPN Deportes,2026-05-18T22:30:04+00:00,1.566493,47552,20909,30355.705388,early
2026-05-20T12:05:48.986097+00:00,Bb7r5KyQCv8,UCTHaNTsP7hsVgBxARZTuajw,LUZU TV,2026-05-14T21:50:05+00:00,5.594259,280001,20905,50051.490287,early
2026-05-20T12:05:48.986097+00:00,Nl3hCWefbQo,UC3IZKseVpdzPSBaWxBxundA,HYBE LABELS,2026-05-18T15:03:05+00:00,1.876898,85277,20901,45435.074256,early
2026-05-20T12:05:48.986097+00:00,CbK8IM7fenk,UCWJ2lWNubArHWmf3FIHbfcQ,NBA,2026-05-19T02:20:04+00:00,1.406771,49419,20714,35129.384953,early
2026-05-20T12:05:48.986097+00:00,P1HnByWNyiI,UCoLrcjPV5PbUrUyXq5mjc_A,MLB,2026-05-17T18:00:30+00:00,2.753692,126761,20681,46033.107552,early
2026-05-20T12:05:48.986097+00:00,jeFEkLZvUDA,UCUyDOdBWhC1MCxEjC46d-zw,Alex Hormozi,2026-05-19T07:00:27+00:00,1.21206,25440,20568,20989.059948,early
2026-05-20T12:05:48.986097+00:00,vgwG6e9TFcw,UC415bOPUcGSamy543abLmRA,Cleo Abram,2026-04-22T16:15:33+00:00,27.826574,2046586,20407,73547.897057,active
2026-05-20T12:05:48.986097+00:00,lXVmm9BfwtE,UCUyDOdBWhC1MCxEjC46d-zw,Alex Hormozi,2026-05-17T15:01:26+00:00,2.878044,72522,20245,25198.363889,early
2026-05-20T12:05:48.986097+00:00,IpExNoQRfqs,UChGJGhZ9SOOHvBB0Y4DOO_w,Ryan's World,2026-05-18T17:45:00+00:00,1.764456,58514,20162,33162.629162,early
2026-05-20T12:05:48.986097+00:00,G9I2qfuXIIg,UCTkXRDQl0luXxVQrRQvWS6w,Dream,2026-05-11T13:04:05+00:00,8.959537,1012755,19911,113036.533026,active
2026-05-20T12:05:48.986097+00:00,hZ1Etp4J89s,UCUyDOdBWhC1MCxEjC46d-zw,Alex Hormozi,2026-05-18T05:00:04+00:00,2.29566,61813,19814,26926.025631,early
2026-05-20T12:05:48.986097+00:00,n5KzxmECXf4,UCQHX6ViZmPsWiYSFAyS0a3Q,GothamChess,2026-05-15T12:58:00+00:00,4.963761,505819,19530,101902.367983,early
2026-05-20T12:05:48.986097+00:00,tEKvc_Lw5h0,UCFxHplbcoJK9m70c4VyTIxg,MILENIO,2026-05-19T01:30:38+00:00,1.441099,22427,19413,15562.428397,early
2026-05-20T12:05:48.986097+00:00,uIcth4jt5yQ,UCLe_q9axMaeTbjN0hy1Z9xA,Caleb Hammer,2026-05-11T19:00:55+00:00,8.711736,2432561,19395,279228.043641,active
2026-05-20T12:05:48.986097+00:00,Gi_fu4zyaqM,UC5PYHgAzJ1wLEidB58SK6Xw,Blippi - Educational Videos for Kids,2026-05-17T12:00:23+00:00,3.003773,59064,19388,19663.270161,early
2026-05-20T12:05:48.986097+00:00,4GEsbFw-_gQ,UCUBIrDsIVzRpKsClMlSlTpQ,BBC News Mundo,2026-05-19T11:34:41+00:00,1.02162,20937,19066,20493.921419,early
2026-05-20T12:05:48.986097+00:00,PoHZWjU54jY,UCQHX6ViZmPsWiYSFAyS0a3Q,GothamChess,2026-04-23T11:06:00+00:00,27.041539,2754496,19050,101861.658096,active
2026-05-20T12:05:48.986097+00:00,MnrX7TTlYuo,UCK1i2UviaXLUNrZlAFpw_jA,El Reino Infantil,2026-05-14T16:00:27+00:00,5.83706,203353,18961,34838.257616,early
2026-05-20T12:05:48.986097+00:00,abSbgPHVo3c,UCu59yAFE8fM0sVNTipR4edw,Masha and The Bear,2026-05-17T08:00:30+00:00,3.170359,109344,18880,34489.469489,early
2026-05-20T12:05:48.986097+00:00,mtFe_OTpIxo,UCFxHplbcoJK9m70c4VyTIxg,MILENIO,2026-05-18T22:30:09+00:00,1.566435,51223,18737,32700.367395,early
2026-05-20T12:05:48.986097+00:00,TfhJObkI1Io,UCafNntv_qTQB26AvbEQNHPw,Aristegui Noticias,2026-05-15T20:25:24+00:00,4.653067,390669,18729,83959.461577,early
2026-05-20T12:05:48.986097+00:00,sbBtwJWmf_s,UCJ5v_MCY6GNUBTO8-D3XoAg,WWE,2026-05-13T18:45:01+00:00,6.722778,840909,18556,125083.559207,early
2026-05-20T12:05:48.986097+00:00,TNiqq4Uy7aY,UCLe_q9axMaeTbjN0hy1Z9xA,Caleb Hammer,2026-05-07T16:00:49+00:00,12.836805,3841083,18425,299224.22285,active
2026-05-20T12:05:48.986097+00:00,skqNCc_Oz7U,UCtwslQPB_xJfaFuZv0OETNw,Kings League Spain,2026-05-19T07:11:14+00:00,1.204572,24354,18420,20217.969536,early
2026-05-20T12:05:48.986097+00:00,B3hwrASGkpY,UCWBWgCD4oAqT3hUeq40SCUw,Sambucha,2026-05-08T19:15:00+00:00,11.701956,2596918,18416,221921.702662,active
2026-05-20T12:05:48.986097+00:00,jpWDME0D5E0,UC3IZKseVpdzPSBaWxBxundA,HYBE LABELS,2026-05-18T15:02:31+00:00,1.877292,61522,18387,32771.67324,early
2026-05-20T12:05:48.986097+00:00,sRGDzvDlJO0,UCKAqou7V9FAWXpZd9xtOg3Q,Little Baby Bum - Nursery Rhymes & Kids Songs,2026-05-17T07:45:04+00:00,3.181076,87510,18317,27509.559658,early
2026-05-20T12:05:48.986097+00:00,dNNyCZwEa6k,UC415bOPUcGSamy543abLmRA,Cleo Abram,2026-04-24T14:20:33+00:00,25.906435,2893212,18071,111679.279685,active
2026-05-20T12:05:48.986097+00:00,Okv6wTeo-5E,UC5PYHgAzJ1wLEidB58SK6Xw,Blippi - Educational Videos for Kids,2026-05-11T12:00:40+00:00,9.003576,187520,17990,20827.280183,active
2026-05-20T12:05:48.986097+00:00,AQiCn5AJZM0,UCKAqou7V9FAWXpZd9xtOg3Q,Little Baby Bum - Nursery Rhymes & Kids Songs,2026-05-19T07:45:00+00:00,1.181123,24784,17825,20983.420016,early
2026-05-20T12:05:48.986097+00:00,9inwxsqAiY4,UCpcTrCXblq78GZrTUTLWeBw,FIFA,2026-05-18T17:30:38+00:00,1.774433,30465,17794,17168.864646,early
2026-05-20T12:05:48.986097+00:00,KcA4MloW4PA,UCWBWgCD4oAqT3hUeq40SCUw,Sambucha,2026-05-07T19:15:00+00:00,12.701956,2066705,17778,162707.61763,active
2026-05-20T12:05:48.986097+00:00,pI8yun1-rOY,UC3IZKseVpdzPSBaWxBxundA,HYBE LABELS,2026-05-18T15:02:25+00:00,1.877361,63862,17748,34016.899254,early
2026-05-20T12:05:48.986097+00:00,uP3yXkRO2Eo,UCupvZG-5ko_eiXAupbDfxWw,CNN,2026-05-18T18:01:49+00:00,1.752778,63890,17699,36450.708532,early
2026-05-20T12:05:48.986097+00:00,CVIxal1gBBI,UCzYfz8uibvnB7Yc1LjePi4g,Aphmau,2026-05-11T19:31:22+00:00,8.69059,545959,17674,62821.856744,active
2026-05-20T12:05:48.986097+00:00,Ip90q77Qtzg,UCLe_q9axMaeTbjN0hy1Z9xA,Caleb Hammer,2026-05-16T19:00:15+00:00,3.712199,397162,17472,106988.33764,early
2026-05-20T12:05:48.986097+00:00,Ed3tR5VDwN4,UCu59yAFE8fM0sVNTipR4edw,Masha and The Bear,2026-05-16T08:00:34+00:00,4.170312,182680,17442,43804.87599,early
2026-05-20T12:05:48.986097+00:00,F4yhNzPq4sE,UC16niRr50-MSBwiO3YDb3RA,BBC News,2026-05-18T20:30:04+00:00,1.649826,29524,17114,17895.220466,early
2026-05-20T12:05:48.986097+00:00,A4HR8x_zEp0,UCurvRE5fGcdUgCYWgh-BDsg,DAZN Boxing,2026-05-12T14:00:26+00:00,7.920405,92856,17026,11723.64292,active
2026-05-20T12:05:48.986097+00:00,mXFKM4jzR2A,UCXuqSBlHAE6Xw-yeJA0Tunw,Linus Tech Tips,2026-05-11T22:18:02+00:00,8.574849,1152155,16967,134364.465193,active
2026-05-20T12:05:48.986097+00:00,y6gy0pkmjMg,UC36xmz34q02JYaZYKrMwXng,Nate Gentile,2026-05-18T16:05:58+00:00,1.833229,41846,16575,22826.389938,early
2026-05-20T12:05:48.986097+00:00,MqYHM5S4ZNI,UCV6KDgJskWaEckne5aPA0aQ,Graham Stephan,2026-05-17T20:00:11+00:00,2.670579,67970,16492,25451.409601,early
2026-05-20T12:05:48.986097+00:00,irsWejGXJEk,UCcgVECVN4OKV6DH1jLkqmcA,Jake Paul,2026-05-15T15:26:02+00:00,4.86096,134409,16432,27650.710971,early
2026-05-20T12:05:48.986097+00:00,DKi3HiBN3QM,UCu59yAFE8fM0sVNTipR4edw,Masha and The Bear,2026-05-14T08:00:28+00:00,6.170382,301526,16369,48866.666602,early
2026-05-20T12:05:48.986097+00:00,j3Il0OW5Qhw,UCupvZG-5ko_eiXAupbDfxWw,CNN,2026-05-18T00:04:31+00:00,2.500903,169974,16331,67965.051024,early
2026-05-20T12:05:48.986097+00:00,ZKYhLgUxbwc,UC52X5wxOL_s5yw0dQk7NtgA,Associated Press,2026-05-19T10:45:59+00:00,1.05544,17129,16313,16229.25036,early
2026-05-20T12:05:48.986097+00:00,9MF9mPaFTn0,UCMmaBzfCCwZ2KqaBJjkj0fw,Kings and Generals,2026-05-18T13:00:31+00:00,1.962014,70043,16116,35699.54139,early
2026-05-20T12:05:48.986097+00:00,G5UIKS7igJ0,UCTHaNTsP7hsVgBxARZTuajw,LUZU TV,2026-05-17T13:24:10+00:00,2.94559,83373,15943,28304.346498,early
2026-05-20T12:05:48.986097+00:00,ozZ0OJA78p0,UC5PYHgAzJ1wLEidB58SK6Xw,Blippi - Educational Videos for Kids,2026-05-13T12:01:24+00:00,7.003067,140333,15901,20038.791575,active
2026-05-20T12:05:48.986097+00:00,i746lgqYpRI,UCWJ2lWNubArHWmf3FIHbfcQ,NBA,2026-05-18T00:46:32+00:00,2.471724,150103,15887,60728.058634,early
2026-05-20T12:05:48.986097+00:00,kzt7WIEuEiA,UCGXbLrVe8vnkiFv7q2vYv3w,El Mundo,2026-05-19T10:16:46+00:00,1.075729,20224,15701,18800.274047,early
2026-05-20T12:05:48.986097+00:00,9gBmiihn_II,UCiWLfSweyRNmLpgEHekhoAg,ESPN,2026-05-18T15:06:52+00:00,1.874271,73102,15640,39002.89766,early
2026-05-20T12:05:48.986097+00:00,7Y7Iv5XAXwI,UCLe_q9axMaeTbjN0hy1Z9xA,Caleb Hammer,2026-04-29T19:00:12+00:00,20.712234,2419958,15540,116837.131137,active
2026-05-20T12:05:48.986097+00:00,9zvE9-ZKkRo,UCJ5v_MCY6GNUBTO8-D3XoAg,WWE,2026-05-12T00:32:41+00:00,8.481342,495110,15466,58376.374871,active
2026-05-20T12:05:48.986097+00:00,R1PQ1W9-oM0,UC52hytXteCKmuOzMViTK8_w,CdeCiencia,2026-05-14T20:31:05+00:00,5.64912,404014,15465,71518.041748,early
2026-05-20T12:05:48.986097+00:00,k4FaGzns07g,UCupvZG-5ko_eiXAupbDfxWw,CNN,2026-05-19T04:53:58+00:00,1.299896,29327,15426,22561.035652,early
2026-05-20T12:05:48.986097+00:00,OSH4jRJWVYs,UC4NALVCmcmL5ntpV0thoH6w,LooLoo Kids - Nursery Rhymes and Children's Songs,2026-05-15T13:44:23+00:00,4.931551,211299,15371,42846.358073,early
2026-05-20T12:05:48.986097+00:00,gxctgdWaIBM,UC0C-w0YjGpqDXGB8IHb662A,Ed Sheeran,2026-05-18T20:12:16+00:00,1.662187,39800,15337,23944.357644,early
2026-05-20T12:05:48.986097+00:00,xw0EDFCMzCc,UCwd8Byi93KbnsYmCcKLExvQ,Negocios TV,2026-05-18T14:01:32+00:00,1.919641,32551,15276,16956.816405,early
2026-05-20T12:05:48.986097+00:00,Xp9aYm9jiSc,UCBi2mrWuNuyYy4gbM6fU18Q,ABC News,2026-05-18T00:23:07+00:00,2.487986,120725,15192,48523.183008,early
2026-05-20T12:05:48.986097+00:00,m-vaAKBZM24,UCwd8Byi93KbnsYmCcKLExvQ,Negocios TV,2026-05-19T11:30:30+00:00,1.024525,17886,15185,17457.846319,early
2026-05-20T12:05:48.986097+00:00,TXILiKXsf8A,UC2xjgvWb9cx5F637XjsUNxw,toycantando,2026-05-14T17:10:44+00:00,5.788252,142755,15142,24662.886136,early
2026-05-20T12:05:48.986097+00:00,rPLW9JpioKo,UCWBWgCD4oAqT3hUeq40SCUw,Sambucha,2026-05-13T17:15:04+00:00,6.785243,984622,15078,145112.267903,early
2026-05-20T12:05:48.986097+00:00,uLlaHtmosRA,UC16niRr50-MSBwiO3YDb3RA,BBC News,2026-05-17T00:15:08+00:00,3.49353,271426,15034,77693.908454,early
2026-05-20T12:05:48.986097+00:00,PaumhmcemFA,UCTHaNTsP7hsVgBxARZTuajw,LUZU TV,2026-05-15T18:21:58+00:00,4.738785,135296,15024,28550.778311,early
2026-05-20T12:05:48.986097+00:00,ZACmnAcVQSI,UCWBWgCD4oAqT3hUeq40SCUw,Sambucha,2026-05-16T17:15:02+00:00,3.785266,371860,15022,98238.802768,early
2026-05-20T12:05:48.986097+00:00,t6yC3GClzQw,UC16niRr50-MSBwiO3YDb3RA,BBC News,2026-05-16T10:45:09+00:00,4.056018,101375,14984,24993.725373,early
2026-05-20T12:05:48.986097+00:00,QFZsM759PFg,UC52hytXteCKmuOzMViTK8_w,CdeCiencia,2026-05-13T21:04:51+00:00,6.625671,553378,14960,83520.295529,early
2026-05-20T12:05:48.986097+00:00,SqEsqbsgo84,UCz8QaiQxApLq8sLNcszYyJw,Firstpost,2026-05-15T18:25:29+00:00,4.736342,216684,14927,45749.230102,early
2026-05-20T12:05:48.986097+00:00,mbk9i99vhrQ,UClLLRs_mFTsNT5U-DqTYAGg,La Vanguardia,2026-05-17T09:18:27+00:00,3.116227,63916,14817,20510.700921,early
2026-05-20T12:05:48.986097+00:00,i31psF_U02o,UCoLrcjPV5PbUrUyXq5mjc_A,MLB,2026-05-19T01:57:54+00:00,1.422164,32722,14783,23008.598164,early
2026-05-20T12:05:48.986097+00:00,s6XPoPYDn-Y,UCLe_q9axMaeTbjN0hy1Z9xA,Caleb Hammer,2026-04-28T16:01:31+00:00,21.836319,1580411,14721,72375.339452,active
2026-05-20T12:05:48.986097+00:00,hnrOZnVDgdM,UCwd8Byi93KbnsYmCcKLExvQ,Negocios TV,2026-05-18T10:30:23+00:00,2.066273,45839,14617,22184.387058,early
2026-05-20T12:05:48.986097+00:00,IFzFd5v5iE8,UC52X5wxOL_s5yw0dQk7NtgA,Associated Press,2026-05-19T11:01:40+00:00,1.044548,16122,14562,15434.42714,early
2026-05-20T12:05:48.986097+00:00,X3kCgMfoCDY,UCWBWgCD4oAqT3hUeq40SCUw,Sambucha,2026-05-10T19:15:01+00:00,9.701944,1313101,14427,135344.112479,active
2026-05-20T12:05:48.986097+00:00,uDi8fXq0keY,UCUyDOdBWhC1MCxEjC46d-zw,Alex Hormozi,2026-05-16T19:02:16+00:00,3.710798,59512,14371,16037.52077,early
2026-05-20T12:05:48.986097+00:00,Fp2gxM4Cgv0,UChqUTb7kYRX8-EiaN3XFrSQ,Reuters,2026-05-19T10:18:40+00:00,1.07441,15359,14352,14295.287646,early
2026-05-20T12:05:48.986097+00:00,0-M1srFwU9I,UCoOae5nYA7VqaXzerajD0lg,Ali Abdaal,2026-05-19T10:00:00+00:00,1.087373,17200,14349,15817.939198,early
2026-05-20T12:05:48.986097+00:00,8fxgdGo1w-s,UCiWLfSweyRNmLpgEHekhoAg,ESPN,2026-05-15T14:23:42+00:00,4.904248,586265,14337,119542.282527,early
2026-05-20T12:05:48.986097+00:00,dSKLhTd5Mmw,UC5PYHgAzJ1wLEidB58SK6Xw,Blippi - Educational Videos for Kids,2026-05-12T12:01:05+00:00,8.003287,163787,14322,20464.966457,active
2026-05-20T12:05:48.986097+00:00,IKgRLIOKy6s,UCwd8Byi93KbnsYmCcKLExvQ,Negocios TV,2026-05-15T09:45:03+00:00,5.097754,167664,14196,32889.778518,early
2026-05-20T12:05:48.986097+00:00,pcAJLeGAtwc,UCLe_q9axMaeTbjN0hy1Z9xA,Caleb Hammer,2026-04-27T16:01:30+00:00,22.836331,1163908,14173,50967.381757,active
2026-05-20T12:05:48.986097+00:00,FbZoKMtTOOc,UCiWLfSweyRNmLpgEHekhoAg,ESPN,2026-05-14T15:50:17+00:00,5.84412,161639,14115,27658.398527,early
2026-05-20T12:05:48.986097+00:00,SzG_O-In1vg,UCLe_q9axMaeTbjN0hy1Z9xA,Caleb Hammer,2026-05-05T22:00:36+00:00,14.586956,1228799,14056,84239.576784,active
2026-05-20T12:05:48.986097+00:00,sRltmcB2Kbc,UCWJ2lWNubArHWmf3FIHbfcQ,NBA,2026-05-16T04:25:21+00:00,4.319768,268792,13937,62223.712014,early
2026-05-20T12:05:48.986097+00:00,B8RtX5BXu-A,UC4PooiX37Pld1T8J5SYT-SQ,Good Mythical Morning,2026-05-14T17:45:01+00:00,5.764444,452104,13875,78429.767034,early
2026-05-20T12:05:48.986097+00:00,v_1Dhh8G84c,UCLe_q9axMaeTbjN0hy1Z9xA,Caleb Hammer,2026-04-27T19:00:56+00:00,22.711724,2067422,13717,91028.844838,active
2026-05-20T12:05:48.986097+00:00,YocKr8WhELQ,UCupvZG-5ko_eiXAupbDfxWw,CNN,2026-05-16T22:58:31+00:00,3.546736,136432,13648,38466.917188,early
2026-05-20T12:05:48.986097+00:00,0b8SzBd-oKg,UCupvZG-5ko_eiXAupbDfxWw,CNN,2026-05-17T20:23:22+00:00,2.654479,105099,13627,39593.080224,early
2026-05-20T12:05:48.986097+00:00,E5XqKZq13zM,UCsN32BtMd0IoByjJRNF12cw,60 Minutes,2026-05-18T17:21:30+00:00,1.780775,16843,13508,9458.241496,early
2026-05-20T12:05:48.986097+00:00,u2oWW3R8cnQ,UCoLrcjPV5PbUrUyXq5mjc_A,MLB,2026-05-15T20:41:45+00:00,4.641713,346696,13440,74691.390872,early
2026-05-20T12:05:48.986097+00:00,7A8OI8xSxdA,UCGXbLrVe8vnkiFv7q2vYv3w,El Mundo,2026-05-18T09:21:32+00:00,2.114085,24598,13370,11635.293756,early
2026-05-20T12:05:48.986097+00:00,lKDDobbvl0o,UC16niRr50-MSBwiO3YDb3RA,BBC News,2026-05-17T15:31:27+00:00,2.857199,66915,13266,23419.789801,early
2026-05-20T12:05:48.986097+00:00,ek-X3X5VOes,UCTl3QQTvqHFjurroKxexy2Q,Olympics,2026-05-18T07:57:48+00:00,2.172234,37932,13266,17462.20711,early
2026-05-20T12:05:48.986097+00:00,LQqiD5i1Gpo,UC52hytXteCKmuOzMViTK8_w,CdeCiencia,2026-05-16T18:58:28+00:00,3.713437,265154,13160,71403.931183,early
2026-05-20T12:05:48.986097+00:00,oi4yXU8yB58,UCFxHplbcoJK9m70c4VyTIxg,MILENIO,2026-05-18T17:00:53+00:00,1.795092,65230,13160,36337.970422,early
2026-05-20T12:05:48.986097+00:00,b20D8RF0IL4,UCurvRE5fGcdUgCYWgh-BDsg,DAZN Boxing,2026-05-17T16:36:21+00:00,2.812129,58709,13151,20877.065028,early
2026-05-20T12:05:48.986097+00:00,RVVfbNcFn6c,UCnsvJeZO4RigQ898WdDNoBw,EL PAÍS,2026-05-19T09:49:34+00:00,1.094618,14353,13124,13112.336907,early
2026-05-20T12:05:48.986097+00:00,xGmardeE93c,UCTl3QQTvqHFjurroKxexy2Q,Olympics,2026-05-19T09:59:11+00:00,1.08794,14758,13029,13565.08631,early
2026-05-20T12:05:48.986097+00:00,YgleRa7vFtA,UCeY0bbntWzzVIaj2z3QigXg,NBC News,2026-05-19T12:04:42+00:00,1.000775,13992,12943,13981.164597,early
2026-05-20T12:05:48.986097+00:00,mkXotnI_srw,UChqUTb7kYRX8-EiaN3XFrSQ,Reuters,2026-05-19T00:54:46+00:00,1.466007,31913,12929,21768.654584,early
2026-05-20T12:05:48.986097+00:00,Lq15JrYGH-s,UCF0L4jd9LcSIxsj5gKITMqQ,Jaime Higuera,2026-05-19T10:00:22+00:00,1.087118,13846,12855,12736.427876,early
2026-05-20T12:05:48.986097+00:00,g_aMEWuWE3A,UCWBWgCD4oAqT3hUeq40SCUw,Sambucha,2026-05-12T17:15:07+00:00,7.785208,1430647,12829,183764.775456,active
2026-05-20T12:05:48.986097+00:00,AvxFr8lBnVI,UCQHX6ViZmPsWiYSFAyS0a3Q,GothamChess,2026-05-09T14:55:00+00:00,10.882511,1203824,12772,110620.058183,active
2026-05-20T12:05:48.986097+00:00,oqerq-rVfuE,UCWJ2lWNubArHWmf3FIHbfcQ,NBA,2026-05-18T00:11:51+00:00,2.49581,66554,12750,26666.292707,early
2026-05-20T12:05:48.986097+00:00,GAk3QKAfW2A,UCNye-wNBqNL5ZzHSJj3l8Bg,Al Jazeera English,2026-05-19T00:45:43+00:00,1.472292,29779,12746,20226.286633,early
2026-05-20T12:05:48.986097+00:00,fle9BtQX-yw,UCJ5v_MCY6GNUBTO8-D3XoAg,WWE,2026-05-16T00:40:26+00:00,4.47596,444088,12671,99216.257518,early
2026-05-20T12:05:48.986097+00:00,gREoXGCMDxo,UCoGDh1Xa3kUCpok24JN5DKA,enchufetv,2026-05-18T15:09:43+00:00,1.872292,40286,12656,21516.94287,early
2026-05-20T12:05:48.986097+00:00,QOuybTkQ8Sg,UCBYyJBCtCvgqA4NwtoPMwpQ,The Wild Project,2026-05-16T16:30:09+00:00,3.816435,130249,12579,34128.447098,early
2026-05-20T12:05:48.986097+00:00,LEc0QI7ynTA,UCiWLfSweyRNmLpgEHekhoAg,ESPN,2026-05-19T04:28:01+00:00,1.317917,41748,12502,31677.260404,early
2026-05-20T12:05:48.986097+00:00,pukIWyvvrro,UC3IZKseVpdzPSBaWxBxundA,HYBE LABELS,2026-05-18T15:01:24+00:00,1.878067,48135,12487,25630.07603,early
2026-05-20T12:05:48.986097+00:00,y0lOMxcyrpo,UCBYyJBCtCvgqA4NwtoPMwpQ,The Wild Project,2026-05-18T13:30:58+00:00,1.940868,44782,12441,23073.18169,early
2026-05-20T12:05:48.986097+00:00,CpPEEVmalDk,UC08mnbiC4FykqpHqbEWgFcg,ESPN Deportes,2026-05-19T02:30:34+00:00,1.399479,14594,12385,10428.166482,early
2026-05-20T12:05:48.986097+00:00,Or6Efo508jY,UCJ5v_MCY6GNUBTO8-D3XoAg,WWE,2026-05-14T19:30:03+00:00,5.691504,511874,12084,89936.508874,early
2026-05-20T12:05:48.986097+00:00,hkTEFNz-CeU,UCQHX6ViZmPsWiYSFAyS0a3Q,GothamChess,2026-05-11T13:25:00+00:00,8.945011,1202516,12035,134434.267325,active
2026-05-20T12:05:48.986097+00:00,IGCKBKoplVE,UC5PwIMtLiIBCBhsu8f_-6UQ,Santiago Bilinkis,2026-05-15T17:32:45+00:00,4.772963,155796,11897,32641.359256,early
2026-05-20T12:05:48.986097+00:00,e4fnaBWWXoE,UChqUTb7kYRX8-EiaN3XFrSQ,Reuters,2026-05-19T04:35:47+00:00,1.312523,15943,11872,12146.83476,early
2026-05-20T12:05:48.986097+00:00,fdpmMT7U-zs,UCTv-XvfzLX3i4IGWAm4sbmA,LALIGA EA SPORTS,2026-05-19T08:01:57+00:00,1.169352,17181,11770,14692.752909,early
2026-05-20T12:05:48.986097+00:00,OS1R8XpI7b4,UC52hytXteCKmuOzMViTK8_w,CdeCiencia,2026-05-08T20:56:26+00:00,11.631516,745180,11722,64065.595577,active
2026-05-20T12:05:48.986097+00:00,xKrJ76jwnJE,UCrPseYLGpNygVi34QpGNqpA,Ludwig,2026-05-11T07:32:36+00:00,9.189734,753913,11684,82038.609605,active
2026-05-20T12:05:48.986097+00:00,-NNuRsNtIHg,UC4PooiX37Pld1T8J5SYT-SQ,Good Mythical Morning,2026-05-17T16:15:26+00:00,2.826655,108467,11654,38372.917813,early
2026-05-20T12:05:48.986097+00:00,LOv22SL8GpE,UCujyjxsq5FZNVnQro51zKSQ,fuslie,2026-05-18T15:00:29+00:00,1.878704,53062,11600,28243.938375,early
2026-05-20T12:05:48.986097+00:00,mUZ4cvaPFb0,UCwd8Byi93KbnsYmCcKLExvQ,Negocios TV,2026-05-18T15:01:16+00:00,1.87816,20741,11561,11043.255101,early
2026-05-20T12:05:48.986097+00:00,W41XcEogOB0,UCWBWgCD4oAqT3hUeq40SCUw,Sambucha,2026-04-24T19:15:01+00:00,25.701944,3993610,11536,155381.631833,active
2026-05-20T12:05:48.986097+00:00,LcdgQAVpNuQ,UCKAqou7V9FAWXpZd9xtOg3Q,Little Baby Bum - Nursery Rhymes & Kids Songs,2026-05-12T07:45:01+00:00,8.181111,165786,11512,20264.48486,active
2026-05-20T12:05:48.986097+00:00,_0TnbeGTcEc,UCafNntv_qTQB26AvbEQNHPw,Aristegui Noticias,2026-05-17T00:00:29+00:00,3.503704,237623,11492,67820.512235,early
2026-05-20T12:05:48.986097+00:00,B_hpiBpMQoI,UC415bOPUcGSamy543abLmRA,Cleo Abram,2026-05-08T14:35:13+00:00,11.89625,1870793,11489,157259.052222,active
2026-05-20T12:05:48.986097+00:00,93sNTzg6yN8,UCpcTrCXblq78GZrTUTLWeBw,FIFA,2026-05-18T18:30:16+00:00,1.733021,27328,11484,15768.995298,early
2026-05-20T12:05:48.986097+00:00,Yz8bN2FwFt8,UCUyDOdBWhC1MCxEjC46d-zw,Alex Hormozi,2026-05-17T05:00:19+00:00,3.295486,54099,11404,16416.091587,early
2026-05-20T12:05:48.986097+00:00,Yikyh4ymps0,UCWBWgCD4oAqT3hUeq40SCUw,Sambucha,2026-05-08T19:15:04+00:00,11.70191,1910044,11370,163224.977803,active
2026-05-20T12:05:48.986097+00:00,mpCvxdi-cKM,UCoookXUzPciGrEZEXmh4Jjg,Sesame Street,2026-05-16T11:30:28+00:00,4.024548,82808,11313,20575.726765,early
2026-05-20T12:05:48.986097+00:00,_2NbZtIuIuo,UCTHaNTsP7hsVgBxARZTuajw,LUZU TV,2026-05-19T01:40:27+00:00,1.434282,27465,11301,19148.953971,early
2026-05-20T12:05:48.986097+00:00,piC1Bft6TrI,UCtwslQPB_xJfaFuZv0OETNw,Kings League Spain,2026-05-17T15:32:28+00:00,2.856493,163023,11196,57071.030806,early
2026-05-20T12:05:48.986097+00:00,8QsAx7s9PmQ,UCQHX6ViZmPsWiYSFAyS0a3Q,GothamChess,2026-04-21T01:00:06+00:00,29.462303,1510990,11193,51285.535961,active
2026-05-20T12:05:48.986097+00:00,uvvc3AlsV4Q,UCVzLLZkDuFGAE2BGdBuBNBg,Bluey - Official Channel,2026-05-15T16:01:27+00:00,4.836366,93691,11126,19372.189781,early
2026-05-20T12:05:48.986097+00:00,idggPhhTBX0,UCwd8Byi93KbnsYmCcKLExvQ,Negocios TV,2026-05-19T10:19:27+00:00,1.073866,14215,11123,13237.219541,early
2026-05-20T12:05:48.986097+00:00,HktnuhPWVAU,UCzYfz8uibvnB7Yc1LjePi4g,Aphmau,2026-05-13T22:43:44+00:00,6.557002,164274,11111,25053.217919,early
2026-05-20T12:05:48.986097+00:00,qF1eG94tyQc,UCWJ2lWNubArHWmf3FIHbfcQ,NBA,2026-05-19T03:24:30+00:00,1.362025,31638,11107,23228.64852,early
2026-05-20T12:05:48.986097+00:00,BvZS9wkrRTM,UCF0L4jd9LcSIxsj5gKITMqQ,Jaime Higuera,2026-05-17T13:00:27+00:00,2.96206,28639,11096,9668.609009,early
2026-05-20T12:05:48.986097+00:00,HFUmg_gIW44,UCUsm-fannqOY02PNN67C0KA,NMás,2026-05-19T02:00:26+00:00,1.420405,18991,11078,13370.13035,early
2026-05-20T12:05:48.986097+00:00,jL0Sg2DcFEE,UCafNntv_qTQB26AvbEQNHPw,Aristegui Noticias,2026-05-18T16:01:07+00:00,1.836597,62003,11060,33759.719743,early
2026-05-20T12:05:48.986097+00:00,YcUkYpF_Ino,UCBi2mrWuNuyYy4gbM6fU18Q,ABC News,2026-05-19T08:25:12+00:00,1.153206,12961,10988,11239.102121,early
2026-05-20T12:05:48.986097+00:00,AI4kFGS8R98,UChGJGhZ9SOOHvBB0Y4DOO_w,Ryan's World,2026-05-17T12:00:12+00:00,3.0039,73277,10943,24393.954526,early
2026-05-20T12:05:48.986097+00:00,1R7bPCyoTLY,UCsN32BtMd0IoByjJRNF12cw,60 Minutes,2026-05-18T17:23:05+00:00,1.779676,17003,10933,9553.986231,early
2026-05-20T12:05:48.986097+00:00,txTEwVlvx3I,UCdNnEDbRWhanA1O8zhCn3ZA,Omar - Educación Financiera,2026-05-18T00:29:45+00:00,2.483379,66227,10849,26668.100197,early
2026-05-20T12:05:48.986097+00:00,DXPg8l1OF50,UCJ5v_MCY6GNUBTO8-D3XoAg,WWE,2026-05-16T21:00:08+00:00,3.628947,485653,10839,133827.526277,early
2026-05-20T12:05:48.986097+00:00,mywrcD69vMw,UCWBWgCD4oAqT3hUeq40SCUw,Sambucha,2026-05-14T19:15:06+00:00,5.701886,504601,10782,88497.20952,early
2026-05-20T12:05:48.986097+00:00,fU52XopKX_Q,UC5PYHgAzJ1wLEidB58SK6Xw,Blippi - Educational Videos for Kids,2026-05-15T12:01:13+00:00,5.003194,85830,10776,17155.04136,early
2026-05-20T12:05:48.986097+00:00,oYzYAPNfnx0,UCvCfpQXRXdJdL07pzTIA6Cw,Kai Cenat Live,2026-05-14T14:32:38+00:00,5.898044,154717,10759,26231.916886,early
2026-05-20T12:05:48.986097+00:00,ksDbZiMeN6k,UCGXbLrVe8vnkiFv7q2vYv3w,El Mundo,2026-05-19T01:23:30+00:00,1.446053,15441,10749,10678.031856,early
2026-05-20T12:05:48.986097+00:00,P3-9h1a-6kM,UCBi2mrWuNuyYy4gbM6fU18Q,ABC News,2026-05-18T21:24:40+00:00,1.61191,59982,10743,37211.754999,early
2026-05-20T12:05:48.986097+00:00,0nd-ffj3Iyo,UCUyDOdBWhC1MCxEjC46d-zw,Alex Hormozi,2026-05-17T07:00:26+00:00,3.212072,41222,10587,12833.460769,early
2026-05-20T12:05:48.986097+00:00,NNv-m92ZQbs,UCWJ2lWNubArHWmf3FIHbfcQ,NBA,2026-05-19T00:52:13+00:00,1.467778,33230,10516,22639.663491,early
2026-05-20T12:05:48.986097+00:00,S0WQP5GeTZs,UCLe_q9axMaeTbjN0hy1Z9xA,Caleb Hammer,2026-04-24T22:00:22+00:00,25.587118,1035547,10459,40471.420033,active
2026-05-20T12:05:48.986097+00:00,6NrZliaB0oM,UCUP6qv-_EIL0hwTsJaKYnvw,Azteca Noticias,2026-05-19T04:35:00+00:00,1.313067,12883,10371,9811.380531,early
2026-05-20T12:05:48.986097+00:00,sOESuWWM5qE,UCaY_-ksFSQtTGk0y1HA_3YQ,Ibai,2026-05-12T18:04:47+00:00,7.750717,741456,10330,95662.891575,active
2026-05-20T12:05:48.986097+00:00,aVhGUI1NdGc,UCUBIrDsIVzRpKsClMlSlTpQ,BBC News Mundo,2026-05-15T11:22:23+00:00,5.030162,304310,10310,60497.05755,early
2026-05-20T12:05:48.986097+00:00,gIN3rs-vDBY,UCiWLfSweyRNmLpgEHekhoAg,ESPN,2026-05-19T04:45:10+00:00,1.306007,31260,10285,23935.553179,early
2026-05-20T12:05:48.986097+00:00,kGGyPqVkXzw,UCF0L4jd9LcSIxsj5gKITMqQ,Jaime Higuera,2026-05-12T17:01:01+00:00,7.795,303579,10267,38945.349583,active
2026-05-20T12:05:48.986097+00:00,q0c7n5pnJKQ,UCWJ2lWNubArHWmf3FIHbfcQ,NBA,2026-05-18T15:14:02+00:00,1.869294,76013,10249,40664.015398,early
2026-05-20T12:05:48.986097+00:00,UPbaPjDGQIE,UCWBWgCD4oAqT3hUeq40SCUw,Sambucha,2026-04-22T17:15:03+00:00,27.785254,2600397,10244,93589.103054,active
2026-05-20T12:05:48.986097+00:00,O1beFdEQBOM,UCUP6qv-_EIL0hwTsJaKYnvw,Azteca Noticias,2026-05-17T03:58:43+00:00,3.338264,139410,10241,41761.226793,early
2026-05-20T12:05:48.986097+00:00,nwDdM9QtKss,UCoLrcjPV5PbUrUyXq5mjc_A,MLB,2026-05-18T15:04:47+00:00,1.875717,57985,10204,30913.512006,early
2026-05-20T12:05:48.986097+00:00,1WxiUT1Zox8,UCWJ2lWNubArHWmf3FIHbfcQ,NBA,2026-05-16T05:31:28+00:00,4.273854,158511,10194,37088.538822,early
2026-05-20T12:05:48.986097+00:00,MIyfcFZ_p-4,UC16niRr50-MSBwiO3YDb3RA,BBC News,2026-05-18T10:21:44+00:00,2.07228,85091,10181,41061.536086,early
2026-05-20T12:05:48.986097+00:00,i1ildoGkkQg,UCBi2mrWuNuyYy4gbM6fU18Q,ABC News,2026-05-19T11:17:27+00:00,1.033588,11255,10164,10889.25181,early
2026-05-20T12:05:48.986097+00:00,LXBrs77CHhE,UCWJ2lWNubArHWmf3FIHbfcQ,NBA,2026-05-16T05:29:18+00:00,4.275359,387023,10150,90524.094,early
2026-05-20T12:05:48.986097+00:00,pG99B0ui06s,UC415bOPUcGSamy543abLmRA,Cleo Abram,2026-04-29T14:19:41+00:00,20.907037,2151336,10119,102900.090529,active
2026-05-20T12:05:48.986097+00:00,D0CX2QmsaA0,UCafNntv_qTQB26AvbEQNHPw,Aristegui Noticias,2026-05-15T20:33:34+00:00,4.647396,195891,10115,42150.701167,early
2026-05-20T12:05:48.986097+00:00,dZC8k_Mml50,UC16niRr50-MSBwiO3YDb3RA,BBC News,2026-05-18T20:00:19+00:00,1.670486,32580,10100,19503.306223,early
2026-05-20T12:05:48.986097+00:00,Omsh_iKXPBI,UCJ5v_MCY6GNUBTO8-D3XoAg,WWE,2026-05-13T16:41:42+00:00,6.808414,465845,10084,68421.955539,early
2026-05-20T12:05:48.986097+00:00,6EzyROcOjU0,UCiWLfSweyRNmLpgEHekhoAg,ESPN,2026-05-18T13:09:38+00:00,1.955683,74148,10066,37914.120029,early
2026-05-20T12:05:48.986097+00:00,Qc11sIp3nR8,UCQHX6ViZmPsWiYSFAyS0a3Q,GothamChess,2026-05-10T12:35:00+00:00,9.979734,709318,10030,71075.842302,active
2026-05-20T12:05:48.986097+00:00,OwbaFLtBpkQ,UCLe_q9axMaeTbjN0hy1Z9xA,Caleb Hammer,2026-04-24T19:00:32+00:00,25.712002,768732,10012,29897.788589,active
2026-05-20T12:05:48.986097+00:00,NGwptvfa5_g,UCTv-XvfzLX3i4IGWAm4sbmA,LALIGA EA SPORTS,2026-05-17T18:35:00+00:00,2.729734,102155,9985,37423.060269,early
2026-05-20T12:05:48.986097+00:00,vvt52nw54nM,UCwd8Byi93KbnsYmCcKLExvQ,Negocios TV,2026-05-19T12:01:16+00:00,1.00316,10063,9915,10031.301089,early
2026-05-20T12:05:48.986097+00:00,J8lOBfZNx_g,UCcgVECVN4OKV6DH1jLkqmcA,Jake Paul,2026-05-14T17:00:12+00:00,5.795567,157783,9865,27224.773693,early
2026-05-20T12:05:48.986097+00:00,5wuHYQMnYhA,UCLe_q9axMaeTbjN0hy1Z9xA,Caleb Hammer,2026-04-21T16:00:09+00:00,28.837268,1190262,9820,41275.130501,active
2026-05-20T12:05:48.986097+00:00,ES5g3xzl32w,UCvCfpQXRXdJdL07pzTIA6Cw,Kai Cenat Live,2026-05-11T17:03:43+00:00,8.793125,400610,9750,45559.456962,active
2026-05-20T12:05:48.986097+00:00,5E-BRRLJG-o,UCafNntv_qTQB26AvbEQNHPw,Aristegui Noticias,2026-05-16T02:03:58+00:00,4.417951,397353,9705,89940.562944,early
2026-05-20T12:05:48.986097+00:00,WNwUJLajQ9g,UCujyjxsq5FZNVnQro51zKSQ,fuslie,2026-05-14T15:00:50+00:00,5.87846,205486,9703,34955.753718,early
2026-05-20T12:05:48.986097+00:00,Q-T-bC9Znyw,UCUsm-fannqOY02PNN67C0KA,NMás,2026-05-19T05:45:22+00:00,1.264201,13829,9687,10938.92506,early
2026-05-20T12:05:48.986097+00:00,CRBk9uu-etQ,UCaVPhFg-Ax873wvhbNitsrQ,El Robot de Platón,2026-05-17T19:59:41+00:00,2.670926,68996,9648,25832.239456,early
2026-05-20T12:05:48.986097+00:00,ObbhQ5eXRpI,UCUyDOdBWhC1MCxEjC46d-zw,Alex Hormozi,2026-05-19T05:00:27+00:00,1.295393,15779,9647,12180.859399,early
2026-05-20T12:05:48.986097+00:00,ODTY-1-DVyE,UCBYyJBCtCvgqA4NwtoPMwpQ,The Wild Project,2026-05-15T15:00:38+00:00,4.878599,142687,9638,29247.536024,early
2026-05-20T12:05:48.986097+00:00,XBqfWCfJJ_A,UCUsm-fannqOY02PNN67C0KA,NMás,2026-05-19T04:00:20+00:00,1.337141,14340,9626,10724.373869,early
2026-05-20T12:05:48.986097+00:00,lrLBxw0YHZ8,UCoLrcjPV5PbUrUyXq5mjc_A,MLB,2026-05-16T23:00:48+00:00,3.54515,187632,9620,52926.392395,early
2026-05-20T12:05:48.986097+00:00,UQo6bIs4eps,UCDVYQ4Zhbm3S2dlz7P1GBDg,NFL,2026-05-18T21:30:08+00:00,1.608113,26363,9610,16393.748449,early
2026-05-20T12:05:48.986097+00:00,AVvymScYq0Y,UCujyjxsq5FZNVnQro51zKSQ,fuslie,2026-05-17T15:00:14+00:00,2.878877,56919,9584,19771.251082,early
2026-05-20T12:05:48.986097+00:00,EbXDuIOm7gI,UCsN32BtMd0IoByjJRNF12cw,60 Minutes,2026-05-18T17:20:48+00:00,1.781261,22760,9569,12777.464953,early
2026-05-20T12:05:48.986097+00:00,PgnfJJvijs0,UCurvRE5fGcdUgCYWgh-BDsg,DAZN Boxing,2026-05-14T11:00:40+00:00,6.045243,158479,9551,26215.488774,early
2026-05-20T12:05:48.986097+00:00,WOTUpoI2LQA,UCOWFKaCN-rzmYk502JFWnqg,Eze Martínez,2026-04-29T17:03:06+00:00,20.793553,4387736,9513,211014.250427,active
2026-05-20T12:05:48.986097+00:00,eBbqRceO2qY,UCWBWgCD4oAqT3hUeq40SCUw,Sambucha,2026-04-22T19:15:01+00:00,27.701944,1521027,9503,54906.86863,active
2026-05-20T12:05:48.986097+00:00,Fh7uvsPbB5A,UCGXbLrVe8vnkiFv7q2vYv3w,El Mundo,2026-05-19T10:57:22+00:00,1.047535,12951,9473,12363.310056,early
2026-05-20T12:05:48.986097+00:00,5CLWfBwZyOs,UCoGDh1Xa3kUCpok24JN5DKA,enchufetv,2026-05-14T16:12:06+00:00,5.82897,317064,9455,54394.515669,early
2026-05-20T12:05:48.986097+00:00,qnsBiogID0U,UCoLrcjPV5PbUrUyXq5mjc_A,MLB,2026-05-18T18:02:32+00:00,1.75228,45839,9363,26159.632022,early
2026-05-20T12:05:48.986097+00:00,Ueo0LrAiiVk,UCupvZG-5ko_eiXAupbDfxWw,CNN,2026-05-15T12:25:32+00:00,4.986308,297731,9302,59709.709067,early
2026-05-20T12:05:48.986097+00:00,oDH22HrYOrs,UCq-Fj5jknLsUf-MWSy4_brA,T-Series,2026-05-13T13:36:16+00:00,6.937187,143579,9267,20697.005861,early
2026-05-20T12:05:48.986097+00:00,FUWx-9KF3M8,UC52hytXteCKmuOzMViTK8_w,CdeCiencia,2026-05-15T22:26:26+00:00,4.569016,308948,9264,67618.060431,early
2026-05-20T12:05:48.986097+00:00,-ysOg2nSJ2E,UCoLrcjPV5PbUrUyXq5mjc_A,MLB,2026-05-19T04:24:52+00:00,1.320104,17728,9255,13429.244969,early
2026-05-20T12:05:48.986097+00:00,VsRYoz1QaHY,UCK1i2UviaXLUNrZlAFpw_jA,El Reino Infantil,2026-05-11T15:00:53+00:00,8.878426,215509,9231,24273.334035,active
2026-05-20T12:05:48.986097+00:00,_euU7uuZ9sU,UCUP6qv-_EIL0hwTsJaKYnvw,Azteca Noticias,2026-05-18T23:15:02+00:00,1.535266,28370,9170,18478.882487,early
2026-05-20T12:05:48.986097+00:00,Eh0f18ILY8o,UC16niRr50-MSBwiO3YDb3RA,BBC News,2026-05-18T16:15:00+00:00,1.826956,33088,9111,18110.999937,early
2026-05-20T12:05:48.986097+00:00,ipIOj3KS3JU,UCmE44gpkHmf5bKIVTPSwxnQ,Judith Tiral,2026-05-18T16:30:30+00:00,1.816192,21384,9099,11774.085559,early
2026-05-20T12:05:48.986097+00:00,V07bI_iyMVA,UCeY0bbntWzzVIaj2z3QigXg,NBC News,2026-05-18T12:58:33+00:00,1.963379,29018,9078,14779.622274,early
2026-05-20T12:05:48.986097+00:00,WKnBM1uAlkE,UC16niRr50-MSBwiO3YDb3RA,BBC News,2026-05-13T18:13:12+00:00,6.744873,331454,9067,49141.622088,early
2026-05-20T12:05:48.986097+00:00,3SFlwYVEubU,UC52hytXteCKmuOzMViTK8_w,CdeCiencia,2026-05-10T20:52:05+00:00,9.634537,1275688,9053,132407.815757,active
2026-05-20T12:05:48.986097+00:00,8yKaLwBXXdc,UCiWLfSweyRNmLpgEHekhoAg,ESPN,2026-05-19T00:50:51+00:00,1.468727,34509,9031,23495.857297,early
2026-05-20T12:05:48.986097+00:00,TCXeHeJgo-A,UC16niRr50-MSBwiO3YDb3RA,BBC News,2026-05-17T17:30:08+00:00,2.77478,71429,9028,25742.221005,early
2026-05-20T12:05:48.986097+00:00,DPw9JS4YIG8,UCvgfXK4nTYKudb0rFR6noLA,UFC,2026-05-17T04:50:10+00:00,3.302535,117388,9028,35544.81633,early
2026-05-20T12:05:48.986097+00:00,ftmpHt0c7tI,UCnsvJeZO4RigQ898WdDNoBw,EL PAÍS,2026-05-19T09:42:25+00:00,1.099583,9969,8997,9066.164173,early
2026-05-20T12:05:48.986097+00:00,f4HJoHsATQQ,UCUsm-fannqOY02PNN67C0KA,NMás,2026-05-19T06:00:11+00:00,1.253912,11917,8972,9503.85673,early
2026-05-20T12:05:48.986097+00:00,JDDnjO6mGF8,UCTHaNTsP7hsVgBxARZTuajw,LUZU TV,2026-05-13T18:11:09+00:00,6.746296,64379,8948,9542.866189,early
2026-05-20T12:05:48.986097+00:00,XxiYa7WM0fU,UCOWFKaCN-rzmYk502JFWnqg,Eze Martínez,2026-05-12T17:02:09+00:00,7.794213,1945823,8904,249649.708059,active
2026-05-20T12:05:48.986097+00:00,BX33zZRM1Yg,UChqUTb7kYRX8-EiaN3XFrSQ,Reuters,2026-05-13T13:52:09+00:00,6.926157,123574,8901,17841.640032,early
2026-05-20T12:05:48.986097+00:00,xAGWw_3J7GU,UCNye-wNBqNL5ZzHSJj3l8Bg,Al Jazeera English,2026-05-19T09:28:00+00:00,1.109595,12985,8830,11702.468018,early
2026-05-20T12:05:48.986097+00:00,qlZExUJlYmw,UCurvRE5fGcdUgCYWgh-BDsg,DAZN Boxing,2026-05-14T16:01:23+00:00,5.836412,220604,8825,37797.87993,early
2026-05-20T12:05:48.986097+00:00,gbjF0lvT5rk,UCurvRE5fGcdUgCYWgh-BDsg,DAZN Boxing,2026-05-18T19:00:35+00:00,1.711967,37684,8822,22012.106542,early
2026-05-20T12:05:48.986097+00:00,DqaOVqXkj5s,UCTv-XvfzLX3i4IGWAm4sbmA,LALIGA EA SPORTS,2026-05-11T13:10:05+00:00,8.95537,1260169,8726,140716.575641,active
2026-05-20T12:05:48.986097+00:00,aomRJ95GnF4,UCGXbLrVe8vnkiFv7q2vYv3w,El Mundo,2026-05-19T01:25:14+00:00,1.444849,12041,8691,8333.742834,early
2026-05-20T12:05:48.986097+00:00,VfCLkbFViRI,UCNye-wNBqNL5ZzHSJj3l8Bg,Al Jazeera English,2026-05-17T16:00:48+00:00,2.836817,71747,8689,25291.3741,early
2026-05-20T12:05:48.986097+00:00,4MTeHRwXdSc,UCUyDOdBWhC1MCxEjC46d-zw,Alex Hormozi,2026-05-18T03:00:35+00:00,2.378634,38184,8682,16052.911041,early
2026-05-20T12:05:48.986097+00:00,mpZK1dqX6aA,UCQHX6ViZmPsWiYSFAyS0a3Q,GothamChess,2026-04-30T13:44:00+00:00,19.931817,1216302,8626,61023.137028,active
2026-05-20T12:05:48.986097+00:00,KgnWbLlDUmg,UC16niRr50-MSBwiO3YDb3RA,BBC News,2026-05-17T02:30:11+00:00,3.399745,123895,8621,36442.439065,early
2026-05-20T12:05:48.986097+00:00,Viha0ehEu_I,UCrPseYLGpNygVi34QpGNqpA,Ludwig,2026-05-12T07:11:54+00:00,8.204109,468741,8607,57134.906423,active
2026-05-20T12:05:48.986097+00:00,awWIPcFnVuU,UCJ5v_MCY6GNUBTO8-D3XoAg,WWE,2026-05-16T16:00:06+00:00,3.837303,153057,8599,39886.60786,early
2026-05-20T12:05:48.986097+00:00,sbQbqvj5Uzo,UCJ5v_MCY6GNUBTO8-D3XoAg,WWE,2026-05-13T17:45:08+00:00,6.764363,810293,8530,119788.515194,early
2026-05-20T12:05:48.986097+00:00,3JwFu5ubytw,UCupvZG-5ko_eiXAupbDfxWw,CNN,2026-05-15T07:13:44+00:00,5.202835,686787,8518,132002.456353,early
2026-05-20T12:05:48.986097+00:00,JytEyNN2hpM,UCpcTrCXblq78GZrTUTLWeBw,FIFA,2026-05-19T02:30:21+00:00,1.399629,26561,8515,18977.171808,early
2026-05-20T12:05:48.986097+00:00,5DHdqYjVQyY,UCjgl7IsyBNE6bl7d5RnnFXg,Cocina con Coqui,2026-05-18T16:40:24+00:00,1.809317,30972,8475,17118.061677,early
2026-05-20T12:05:48.986097+00:00,1HEwvRTMuU4,UC2xjgvWb9cx5F637XjsUNxw,toycantando,2026-05-15T15:00:02+00:00,4.879016,57507,8468,11786.597953,early
2026-05-20T12:05:48.986097+00:00,-K1kl2SsKA8,UCdNnEDbRWhanA1O8zhCn3ZA,Omar - Educación Financiera,2026-05-17T00:45:20+00:00,3.472558,52618,8451,15152.518691,early
2026-05-20T12:05:48.986097+00:00,1GmK3JWLvhg,UCupvZG-5ko_eiXAupbDfxWw,CNN,2026-05-19T05:02:44+00:00,1.293808,17935,8439,13862.180478,early
2026-05-20T12:05:48.986097+00:00,v8PcvQb3ews,UCUsm-fannqOY02PNN67C0KA,NMás,2026-05-19T12:13:28+00:00,0.994687,8494,8432,8539.369671,first_24h
2026-05-20T12:05:48.986097+00:00,2N1bdYyVKzo,UCF0L4jd9LcSIxsj5gKITMqQ,Jaime Higuera,2026-05-18T10:31:44+00:00,2.065335,20742,8392,10042.922819,early
2026-05-20T12:05:48.986097+00:00,DK3bBB4Oqhg,UCLe_q9axMaeTbjN0hy1Z9xA,Caleb Hammer,2026-05-13T19:00:09+00:00,6.712268,257929,8372,38426.50502,early
2026-05-20T12:05:48.986097+00:00,ona6xnpJ8zY,UCUyDOdBWhC1MCxEjC46d-zw,Alex Hormozi,2026-05-18T19:00:19+00:00,1.712153,30423,8360,17768.855938,early
2026-05-20T12:05:48.986097+00:00,L1a-COFRN5E,UCTv-XvfzLX3i4IGWAm4sbmA,LALIGA EA SPORTS,2026-05-13T15:17:25+00:00,6.866944,208245,8258,30325.716942,early
2026-05-20T12:05:48.986097+00:00,EdBDy7csgQQ,UC4YImPQT-_0kCh5joATwyhw,Blippi en Español,2026-05-14T15:00:32+00:00,5.878669,49281,8248,8383.020034,early
2026-05-20T12:05:48.986097+00:00,KSumfRreOBI,UCTrQ7HXWRRxr7OsOtodr2_w,Channel 4 News,2026-05-19T10:19:44+00:00,1.073669,9055,8224,8433.697909,early
2026-05-20T12:05:48.986097+00:00,4UbhwoQ3CBs,UCGXbLrVe8vnkiFv7q2vYv3w,El Mundo,2026-05-19T09:21:08+00:00,1.114363,10518,8206,9438.576119,early
2026-05-20T12:05:48.986097+00:00,4WtgGJt3-YE,UCcgVECVN4OKV6DH1jLkqmcA,Jake Paul,2026-05-15T10:00:04+00:00,5.087326,239694,8193,47115.911188,early
2026-05-20T12:05:48.986097+00:00,FgMjsJpJ0Kw,UCJ5v_MCY6GNUBTO8-D3XoAg,WWE,2026-05-17T13:30:15+00:00,2.941366,113012,8185,38421.604112,early
2026-05-20T12:05:48.986097+00:00,jCfzEhBMUb8,UC08mnbiC4FykqpHqbEWgFcg,ESPN Deportes,2026-05-18T18:30:04+00:00,1.73316,25953,8180,14974.382054,early
2026-05-20T12:05:48.986097+00:00,JZTVTN3V7Zc,UCsN32BtMd0IoByjJRNF12cw,60 Minutes,2026-05-18T17:21:19+00:00,1.780903,11030,8177,6193.487237,early
2026-05-20T12:05:48.986097+00:00,9ek1oAdyxIA,UC52X5wxOL_s5yw0dQk7NtgA,Associated Press,2026-05-19T09:28:11+00:00,1.109467,9835,8095,8864.616974,early
2026-05-20T12:05:48.986097+00:00,Kd-hl28qkaQ,UC16niRr50-MSBwiO3YDb3RA,BBC News,2026-05-18T21:30:01+00:00,1.608194,25720,8079,15993.09536,early
2026-05-20T12:05:48.986097+00:00,s2aZXXfnO7k,UCupvZG-5ko_eiXAupbDfxWw,CNN,2026-05-19T04:48:38+00:00,1.303599,16271,8030,12481.599019,early
2026-05-20T12:05:48.986097+00:00,ftAzKGX6d0k,UCwd8Byi93KbnsYmCcKLExvQ,Negocios TV,2026-05-19T10:30:18+00:00,1.066331,10418,8022,9769.949481,early
2026-05-20T12:05:48.986097+00:00,JZX9dTwKVJY,UCFxHplbcoJK9m70c4VyTIxg,MILENIO,2026-05-19T05:58:25+00:00,1.255139,8809,8003,7018.346175,early
2026-05-20T12:05:48.986097+00:00,C9Xi6oi6JJ8,UCUsm-fannqOY02PNN67C0KA,NMás,2026-05-19T05:30:20+00:00,1.274641,11001,7999,8630.665419,early
2026-05-20T12:05:48.986097+00:00,KS53Z_21WTU,UCM55RjebjSevVWPnj2LEymw,viyaura,2026-05-15T14:20:38+00:00,4.906377,245902,7992,50118.855522,early
2026-05-20T12:05:48.986097+00:00,Sb2catm6bnE,UCvgfXK4nTYKudb0rFR6noLA,UFC,2026-05-17T04:21:52+00:00,3.322187,131209,7988,39494.76655,early
2026-05-20T12:05:48.986097+00:00,IHbRob60mwk,UCGXbLrVe8vnkiFv7q2vYv3w,El Mundo,2026-05-19T10:12:47+00:00,1.078495,9819,7966,9104.353752,early
2026-05-20T12:05:48.986097+00:00,DVksAVsBzlc,UCwd_qoS94df5orGoPLPnsxQ,Franco Pisso,2026-05-18T13:00:17+00:00,1.962176,26677,7946,13595.620372,early
2026-05-20T12:05:48.986097+00:00,U5l0Z8T4tCk,UCqLiW00gUvXG0J5vlZZNJ1g,FranqitoM,2026-05-04T17:25:29+00:00,15.778009,902899,7941,57225.154327,active
2026-05-20T12:05:48.986097+00:00,X-8QaPKNKQ4,UCoLrcjPV5PbUrUyXq5mjc_A,MLB,2026-05-19T02:18:58+00:00,1.407535,16674,7929,11846.241834,early
2026-05-20T12:05:48.986097+00:00,IKFpRNjljOE,UC16niRr50-MSBwiO3YDb3RA,BBC News,2026-05-18T22:30:02+00:00,1.566516,21568,7926,13768.132595,early
2026-05-20T12:05:48.986097+00:00,5dBGvx9d2M0,UCafNntv_qTQB26AvbEQNHPw,Aristegui Noticias,2026-05-15T17:36:47+00:00,4.770162,327444,7924,68644.209568,early
2026-05-20T12:05:48.986097+00:00,xHQYgWIOPZs,UCGXbLrVe8vnkiFv7q2vYv3w,El Mundo,2026-05-18T18:41:54+00:00,1.724942,44282,7921,25671.587798,early
2026-05-20T12:05:48.986097+00:00,IXxIgCCj2B4,UCiWLfSweyRNmLpgEHekhoAg,ESPN,2026-05-19T03:28:25+00:00,1.359305,14631,7899,10763.588746,early
2026-05-20T12:05:48.986097+00:00,n9OuwYXEkEw,UCq-Fj5jknLsUf-MWSy4_brA,T-Series,2026-05-18T12:47:17+00:00,1.971204,80345,7818,40759.353167,early
2026-05-20T12:05:48.986097+00:00,_WGfdNhREAU,UCJ5v_MCY6GNUBTO8-D3XoAg,WWE,2026-05-15T16:30:12+00:00,4.8164,491012,7780,101945.851673,early
2026-05-20T12:05:48.986097+00:00,gvtyxNBQ9aA,UCUP6qv-_EIL0hwTsJaKYnvw,Azteca Noticias,2026-05-17T22:05:25+00:00,2.583611,60287,7771,23334.395155,early
2026-05-20T12:05:48.986097+00:00,_euxVuCw_Cc,UCGXbLrVe8vnkiFv7q2vYv3w,El Mundo,2026-05-19T12:10:56+00:00,0.996447,7829,7756,7856.915621,first_24h
2026-05-20T12:05:48.986097+00:00,FCkbtSRfr_8,UCUsm-fannqOY02PNN67C0KA,NMás,2026-05-18T13:17:19+00:00,1.950347,20786,7752,10657.590675,early
2026-05-20T12:05:48.986097+00:00,-mm4uAttuhg,UCsN32BtMd0IoByjJRNF12cw,60 Minutes,2026-05-18T17:21:55+00:00,1.780486,11825,7731,6641.445089,early
2026-05-20T12:05:48.986097+00:00,VMPo7rVkPPY,UCJ5v_MCY6GNUBTO8-D3XoAg,WWE,2026-05-14T16:30:09+00:00,5.816435,481173,7718,82726.446698,early
2026-05-20T12:05:48.986097+00:00,qkA3am9ZyqU,UCTrQ7HXWRRxr7OsOtodr2_w,Channel 4 News,2026-05-19T12:01:56+00:00,1.002697,8006,7687,7984.465895,early
2026-05-20T12:05:48.986097+00:00,xIC7i6ICebE,UC0C-w0YjGpqDXGB8IHb662A,Ed Sheeran,2026-05-17T00:00:39+00:00,3.503588,106141,7680,30294.943355,early
2026-05-20T12:05:48.986097+00:00,2nz95M5qmSc,UCM-GvgUy0EAZU7ZwXKLarkg,López-Dóriga,2026-05-16T17:29:43+00:00,3.775069,129816,7678,34387.715827,early
2026-05-20T12:05:48.986097+00:00,mErBFa5IFb4,UCTv-XvfzLX3i4IGWAm4sbmA,LALIGA EA SPORTS,2026-05-18T21:30:32+00:00,1.607835,23270,7626,14472.878125,early
2026-05-20T12:05:48.986097+00:00,WeliLUboy3M,UCLe_q9axMaeTbjN0hy1Z9xA,Caleb Hammer,2026-04-23T19:00:34+00:00,26.711979,1335955,7623,50013.329226,active
2026-05-20T12:05:48.986097+00:00,6jI9H3lyil4,UC52hytXteCKmuOzMViTK8_w,CdeCiencia,2026-05-03T19:09:27+00:00,16.70581,94701,7561,5668.746382,active
2026-05-20T12:05:48.986097+00:00,ZO50279GljY,UCTHaNTsP7hsVgBxARZTuajw,LUZU TV,2026-05-18T16:16:26+00:00,1.82596,26856,7534,14707.879691,early
2026-05-20T12:05:48.986097+00:00,kWnx-bUjlsc,UC3IZKseVpdzPSBaWxBxundA,HYBE LABELS,2026-05-13T05:22:42+00:00,7.279942,401502,7500,55151.813023,active
2026-05-20T12:05:48.986097+00:00,6UdNqaIn-60,UChqUTb7kYRX8-EiaN3XFrSQ,Reuters,2026-05-19T01:56:59+00:00,1.422801,22252,7496,15639.572927,early
2026-05-20T12:05:48.986097+00:00,KgsInxVTdNk,UCnsvJeZO4RigQ898WdDNoBw,EL PAÍS,2026-05-19T10:57:16+00:00,1.047604,8289,7493,7912.340923,early
2026-05-20T12:05:48.986097+00:00,Jnc4v7VAlwo,UCUP6qv-_EIL0hwTsJaKYnvw,Azteca Noticias,2026-05-14T02:45:01+00:00,6.389444,229468,7491,35913.610011,early
2026-05-20T12:05:48.986097+00:00,KEp5oyeS6wA,UCDK9qD5DAQML-pzrtA7A4oA,OfflineTV,2026-05-16T20:00:15+00:00,3.670532,144375,7468,39333.535302,early
2026-05-20T12:05:48.986097+00:00,GGXY_g2iZxE,UCsN32BtMd0IoByjJRNF12cw,60 Minutes,2026-05-18T17:21:01+00:00,1.781111,12273,7391,6890.642975,early
2026-05-20T12:05:48.986097+00:00,w_8ZCACfnTM,UCvgfXK4nTYKudb0rFR6noLA,UFC,2026-05-17T04:15:33+00:00,3.326574,183733,7315,55231.899245,early
2026-05-20T12:05:48.986097+00:00,GBcBymYSFHo,UCF0L4jd9LcSIxsj5gKITMqQ,Jaime Higuera,2026-05-19T09:00:15+00:00,1.128866,8061,7311,7140.79439,early
2026-05-20T12:05:48.986097+00:00,cuX99-KtPHw,UCF0L4jd9LcSIxsj5gKITMqQ,Jaime Higuera,2026-05-16T17:00:54+00:00,3.795081,65128,7300,17161.162041,early
2026-05-20T12:05:48.986097+00:00,LsVVVokw0AA,UCafNntv_qTQB26AvbEQNHPw,Aristegui Noticias,2026-05-19T05:00:11+00:00,1.295579,15146,7267,11690.526012,early
2026-05-20T12:05:48.986097+00:00,Hcg32XTBers,UCWJ2lWNubArHWmf3FIHbfcQ,NBA,2026-05-19T03:33:24+00:00,1.355845,20179,7260,14882.969661,early
2026-05-20T12:05:48.986097+00:00,2i4F-myBd-w,UCvCfpQXRXdJdL07pzTIA6Cw,Kai Cenat Live,2026-05-11T17:07:37+00:00,8.790417,849167,7242,96601.44678,active
2026-05-20T12:05:48.986097+00:00,VO1kj84U2iE,UCurvRE5fGcdUgCYWgh-BDsg,DAZN Boxing,2026-05-15T15:09:04+00:00,4.872743,110866,7229,22752.277311,early
2026-05-20T12:05:48.986097+00:00,9xPBPNipU3Y,UCJ5v_MCY6GNUBTO8-D3XoAg,WWE,2026-05-15T21:30:05+00:00,4.608148,532699,7228,115599.36877,early
2026-05-20T12:05:48.986097+00:00,R9TssAJVqeQ,UCJ5v_MCY6GNUBTO8-D3XoAg,WWE,2026-05-12T00:59:12+00:00,8.462928,454305,7187,53681.775386,active
2026-05-20T12:05:48.986097+00:00,cvYc3-cpGr4,UC-2hhqBG5Su7s91_HmhaODQ,Fox Deportes,2026-05-18T06:53:11+00:00,2.217106,92587,7153,41760.294727,early
2026-05-20T12:05:48.986097+00:00,pk8yhYXFeXc,UCUP6qv-_EIL0hwTsJaKYnvw,Azteca Noticias,2026-05-19T05:59:00+00:00,1.254734,10954,7144,8730.137224,early
2026-05-20T12:05:48.986097+00:00,DD92j9P2p3s,UCGq-a57w-aPwyi3pW7XLiHw,The Diary Of A CEO,2026-05-16T22:17:46+00:00,3.575035,103799,7123,29034.401062,early
2026-05-20T12:05:48.986097+00:00,CsFlbZvjWaI,UC52X5wxOL_s5yw0dQk7NtgA,Associated Press,2026-05-18T07:30:07+00:00,2.191458,18962,7116,8652.686933,early
2026-05-20T12:05:48.986097+00:00,n-gHF-bU97Q,UC52X5wxOL_s5yw0dQk7NtgA,Associated Press,2026-05-17T08:15:22+00:00,3.160035,32018,7079,10132.166258,early
2026-05-20T12:05:48.986097+00:00,QwIPp89-5Nw,UCafNntv_qTQB26AvbEQNHPw,Aristegui Noticias,2026-05-17T21:53:10+00:00,2.592118,41463,7062,15995.799574,early
2026-05-20T12:05:48.986097+00:00,itvUvWFv8aY,UCTv-XvfzLX3i4IGWAm4sbmA,LALIGA EA SPORTS,2026-05-17T17:32:47+00:00,2.77294,23187,7049,8361.883056,early
2026-05-20T12:05:48.986097+00:00,rwPRCU9RHg0,UCoMdktPbSTixAyNGwb-UYkQ,Sky News,2026-05-18T21:57:43+00:00,1.588958,12487,7023,7858.609227,early
2026-05-20T12:05:48.986097+00:00,KXyMxkcgTxM,UClHVl2N3jPEbkNJVx-ItQIQ,HealthyGamerGG,2026-05-17T22:00:17+00:00,2.587176,38528,7022,14891.913036,early
2026-05-20T12:05:48.986097+00:00,t8E3d2r2P54,UChGJGhZ9SOOHvBB0Y4DOO_w,Ryan's World,2026-05-15T12:01:24+00:00,5.003067,95098,7002,19007.940529,early
2026-05-20T12:05:48.986097+00:00,C1Y3IsTZlRU,UCTv-XvfzLX3i4IGWAm4sbmA,LALIGA EA SPORTS,2026-05-19T02:00:06+00:00,1.420636,19542,6999,13755.810778,early
2026-05-20T12:05:48.986097+00:00,TQOkQPknMyY,UCiWLfSweyRNmLpgEHekhoAg,ESPN,2026-05-16T23:26:23+00:00,3.527384,67998,6988,19277.17538,early
2026-05-20T12:05:48.986097+00:00,nRcyb2P78bI,UCNye-wNBqNL5ZzHSJj3l8Bg,Al Jazeera English,2026-05-19T12:06:54+00:00,0.999248,7068,6943,7073.319136,first_24h
2026-05-20T12:05:48.986097+00:00,Zn1_FHotRGI,UCupvZG-5ko_eiXAupbDfxWw,CNN,2026-05-14T15:52:23+00:00,5.842662,730773,6929,125075.350927,early
2026-05-20T12:05:48.986097+00:00,JUgPbv7iQY4,UCsN32BtMd0IoByjJRNF12cw,60 Minutes,2026-05-18T19:58:18+00:00,1.671886,10093,6923,6036.89486,early
2026-05-20T12:05:48.986097+00:00,sQD0EPhgp-s,UC08mnbiC4FykqpHqbEWgFcg,ESPN Deportes,2026-05-18T14:30:04+00:00,1.899826,26691,6816,14049.181346,early
2026-05-20T12:05:48.986097+00:00,wC3s3MNFDlw,UC4JX40jDee_tINbkjycV4Sg,Tech With Tim,2026-05-18T23:04:20+00:00,1.542697,17376,6779,11263.391321,early
2026-05-20T12:05:48.986097+00:00,_osBJULjQWs,UCWJ2lWNubArHWmf3FIHbfcQ,NBA,2026-05-19T00:38:10+00:00,1.477535,26541,6775,17963.026257,early
2026-05-20T12:05:48.986097+00:00,jKTNMlUEdgU,UCQHX6ViZmPsWiYSFAyS0a3Q,GothamChess,2026-04-29T14:40:01+00:00,20.892917,1505310,6765,72048.819224,active
2026-05-20T12:05:48.986097+00:00,nzqWGOmyEIo,UCLe_q9axMaeTbjN0hy1Z9xA,Caleb Hammer,2026-05-14T22:00:50+00:00,5.586794,733831,6755,131351.003814,early
2026-05-20T12:05:48.986097+00:00,Tc8n1djAKnA,UCvgfXK4nTYKudb0rFR6noLA,UFC,2026-05-17T02:34:52+00:00,3.396493,68888,6742,20282.096857,early
2026-05-20T12:05:48.986097+00:00,KZJ95v8Gp6I,UCGXbLrVe8vnkiFv7q2vYv3w,El Mundo,2026-05-19T01:35:14+00:00,1.437905,8273,6718,5753.509446,early
2026-05-20T12:05:48.986097+00:00,OCqIdRvNnCA,UCpcTrCXblq78GZrTUTLWeBw,FIFA,2026-05-17T08:30:12+00:00,3.149734,151412,6706,48071.360947,early
2026-05-20T12:05:48.986097+00:00,_A4WI_nsO4U,UCTHaNTsP7hsVgBxARZTuajw,LUZU TV,2026-05-17T13:25:51+00:00,2.944421,60745,6695,20630.541624,early
2026-05-20T12:05:48.986097+00:00,x9AnCHkMbqM,UCwd8Byi93KbnsYmCcKLExvQ,Negocios TV,2026-05-15T12:15:06+00:00,4.993553,190289,6667,38106.935082,early
2026-05-20T12:05:48.986097+00:00,Beg011pZnsI,UCiWLfSweyRNmLpgEHekhoAg,ESPN,2026-05-17T18:23:08+00:00,2.737974,118286,6660,43202.017258,early
2026-05-20T12:05:48.986097+00:00,XZhtfrppsqo,UCA2tt9GSU2sl8rAqjlLR3mQ,GeorgeNotFound,2026-05-12T22:36:46+00:00,7.56184,795808,6657,105239.994499,active
2026-05-20T12:05:48.986097+00:00,EKmCYxO4Ilk,UCey-eDTR5J6xU6pZ2f4guoA,Adin Live,2026-05-13T17:36:32+00:00,6.770335,132323,6624,19544.527708,early
2026-05-20T12:05:48.986097+00:00,Ifnv1Flwbdc,UCTl3QQTvqHFjurroKxexy2Q,Olympics,2026-05-16T14:00:25+00:00,3.920417,600944,6579,153285.734655,early
2026-05-20T12:05:48.986097+00:00,HI5_RnjEGNg,UCLe_q9axMaeTbjN0hy1Z9xA,Caleb Hammer,2026-05-09T22:00:15+00:00,10.587199,1390359,6564,131324.536358,active
2026-05-20T12:05:48.986097+00:00,sV6fFxm166s,UCYUQQgogVeQY8cMQamhHJcg,CinemaSins,2026-05-18T17:00:53+00:00,1.795092,18207,6538,10142.655641,early
2026-05-20T12:05:48.986097+00:00,MXtgKv6R1eE,UClHVl2N3jPEbkNJVx-ItQIQ,HealthyGamerGG,2026-05-11T15:00:43+00:00,8.878542,322728,6515,36349.211391,active
2026-05-20T12:05:48.986097+00:00,l7K9OMO8XkA,UCJ5v_MCY6GNUBTO8-D3XoAg,WWE,2026-05-14T14:14:52+00:00,5.910382,665264,6478,112558.545285,early
2026-05-20T12:05:48.986097+00:00,qm0ohZPlIK0,UCTHaNTsP7hsVgBxARZTuajw,LUZU TV,2026-05-18T22:35:27+00:00,1.562754,10424,6445,6670.27568,early
2026-05-20T12:05:48.986097+00:00,U6pgOmgOPcU,UCoLrcjPV5PbUrUyXq5mjc_A,MLB,2026-05-19T01:17:16+00:00,1.450382,25218,6441,17387.143525,early
2026-05-20T12:05:48.986097+00:00,if955Z_s4Ts,UCUyDOdBWhC1MCxEjC46d-zw,Alex Hormozi,2026-04-28T11:00:00+00:00,22.045706,411902,6428,18684.00132,active
2026-05-20T12:05:48.986097+00:00,wa0ZPVPECgo,UC52X5wxOL_s5yw0dQk7NtgA,Associated Press,2026-05-19T11:57:50+00:00,1.005544,6449,6399,6413.443867,early
2026-05-20T12:05:48.986097+00:00,NEd8H7jFZoo,UCGXbLrVe8vnkiFv7q2vYv3w,El Mundo,2026-05-19T12:09:35+00:00,0.997384,6569,6396,6586.229577,first_24h
2026-05-20T12:05:48.986097+00:00,wu1MC9IYIQ0,UCwd8Byi93KbnsYmCcKLExvQ,Negocios TV,2026-05-15T11:15:11+00:00,5.035162,87905,6383,17458.226766,early
2026-05-20T12:05:48.986097+00:00,48mKYNq9IGQ,UCtwslQPB_xJfaFuZv0OETNw,Kings League Spain,2026-05-18T16:51:27+00:00,1.801643,25485,6382,14145.421707,early
2026-05-20T12:05:48.986097+00:00,h05uWjrLSr8,UCoLrcjPV5PbUrUyXq5mjc_A,MLB,2026-05-18T14:31:21+00:00,1.898935,49601,6368,26120.430662,early
2026-05-20T12:05:48.986097+00:00,0b2H11DZrC4,UCCEmjNPpJYhGDgaEqeeA4HA,TheGrefg,2026-05-11T17:54:47+00:00,8.757662,697311,6307,79622.963298,active
2026-05-20T12:05:48.986097+00:00,PPV7B7OWnLo,UCNye-wNBqNL5ZzHSJj3l8Bg,Al Jazeera English,2026-05-17T02:07:10+00:00,3.415729,67637,6264,19801.629462,early
2026-05-20T12:05:48.986097+00:00,YpNS3943cmM,UCoGDh1Xa3kUCpok24JN5DKA,enchufetv,2026-05-13T16:58:20+00:00,6.796863,236385,6213,34778.544161,early
2026-05-20T12:05:48.986097+00:00,WfvTaIkUku8,UCBYyJBCtCvgqA4NwtoPMwpQ,The Wild Project,2026-05-17T13:07:33+00:00,2.957129,45799,6213,15487.657116,early
2026-05-20T12:05:48.986097+00:00,SVNlmbY9nZQ,UCpcTrCXblq78GZrTUTLWeBw,FIFA,2026-05-18T08:30:28+00:00,2.149548,48091,6151,22372.610428,early
2026-05-20T12:05:48.986097+00:00,LCp2259YWIw,UCTrQ7HXWRRxr7OsOtodr2_w,Channel 4 News,2026-05-18T13:13:26+00:00,1.953044,37182,6112,19037.973543,early
2026-05-20T12:05:48.986097+00:00,hmp3MUXSq-s,UC08mnbiC4FykqpHqbEWgFcg,ESPN Deportes,2026-05-19T00:30:14+00:00,1.483044,15556,6085,10489.237002,early
2026-05-20T12:05:48.986097+00:00,L3M1N3XRock,UCeY0bbntWzzVIaj2z3QigXg,NBC News,2026-05-18T18:07:32+00:00,1.748808,53403,6047,30536.799923,early
2026-05-20T12:05:48.986097+00:00,up__2flbXw4,UCLe_q9axMaeTbjN0hy1Z9xA,Caleb Hammer,2026-04-22T16:01:33+00:00,27.836296,1039270,6043,37335.067855,active
2026-05-20T12:05:48.986097+00:00,84h3LfR39AU,UChGJGhZ9SOOHvBB0Y4DOO_w,Ryan's World,2026-05-18T12:00:13+00:00,2.003889,20764,6040,10361.85138,early
2026-05-20T12:05:48.986097+00:00,3duWdYNv3yY,UC52hytXteCKmuOzMViTK8_w,CdeCiencia,2026-05-12T20:51:09+00:00,7.635185,640618,6033,83903.402472,active
2026-05-20T12:05:48.986097+00:00,FA_j_Zs4spo,UCeY0bbntWzzVIaj2z3QigXg,NBC News,2026-05-19T12:10:07+00:00,0.997014,6459,6023,6478.344336,first_24h
2026-05-20T12:05:48.986097+00:00,IM4NXjEW8vA,UCWBWgCD4oAqT3hUeq40SCUw,Sambucha,2026-05-06T19:15:00+00:00,13.701956,1536641,6013,112147.564917,active
2026-05-20T12:05:48.986097+00:00,bj3M118GvB8,UCey-eDTR5J6xU6pZ2f4guoA,Adin Live,2026-05-15T21:56:29+00:00,4.589815,77925,6010,16977.808474,early
2026-05-20T12:05:48.986097+00:00,kTlm_3HwRFg,UCLe_q9axMaeTbjN0hy1Z9xA,Caleb Hammer,2026-04-22T22:01:02+00:00,27.586655,426910,5996,15475.236124,active
2026-05-20T12:05:48.986097+00:00,HRxULulg_hM,UCLe_q9axMaeTbjN0hy1Z9xA,Caleb Hammer,2026-04-21T19:00:26+00:00,28.712072,1090535,5972,37981.759032,active
2026-05-20T12:05:48.986097+00:00,Wdg9pM4PIEk,UCcgVECVN4OKV6DH1jLkqmcA,Jake Paul,2026-05-14T13:13:36+00:00,5.952928,137316,5959,23066.968053,early
2026-05-20T12:05:48.986097+00:00,PiLa7lz5T_k,UCurvRE5fGcdUgCYWgh-BDsg,DAZN Boxing,2026-05-12T18:00:21+00:00,7.753796,281245,5954,36271.911203,active
2026-05-20T12:05:48.986097+00:00,48qmieTaPcU,UCwd8Byi93KbnsYmCcKLExvQ,Negocios TV,2026-05-18T14:30:06+00:00,1.899803,25041,5946,13180.840329,early
2026-05-20T12:05:48.986097+00:00,PVO1IavIf1k,UC4PooiX37Pld1T8J5SYT-SQ,Good Mythical Morning,2026-05-12T17:15:01+00:00,7.785278,216922,5927,27863.102641,active
2026-05-20T12:05:48.986097+00:00,YedmFJGPN5E,UCey-eDTR5J6xU6pZ2f4guoA,Adin Live,2026-05-19T00:41:26+00:00,1.475266,11964,5893,8109.723941,early
2026-05-20T12:05:48.986097+00:00,buSliUsdoNs,UCTv-XvfzLX3i4IGWAm4sbmA,LALIGA EA SPORTS,2026-05-17T21:17:45+00:00,2.616713,194767,5845,74431.930441,early
2026-05-20T12:05:48.986097+00:00,XRgk-lD9uxY,UCJ5v_MCY6GNUBTO8-D3XoAg,WWE,2026-05-16T01:12:51+00:00,4.453449,280306,5834,62941.329293,early
2026-05-20T12:05:48.986097+00:00,AtSQBfBK6HE,UCWBWgCD4oAqT3hUeq40SCUw,Sambucha,2026-05-03T19:15:00+00:00,16.701956,1325912,5793,79386.629925,active
2026-05-20T12:05:48.986097+00:00,0QQ_jxbZbv0,UCOWFKaCN-rzmYk502JFWnqg,Eze Martínez,2026-05-06T17:02:33+00:00,13.793935,1559622,5768,113065.778547,active
2026-05-20T12:05:48.986097+00:00,niY0V5xhlzk,UC16niRr50-MSBwiO3YDb3RA,BBC News,2026-05-14T21:14:03+00:00,5.619282,147864,5761,26313.682068,early
2026-05-20T12:05:48.986097+00:00,KpUycVAiDSM,UCaO6TYtlC8U5ttz62hTrZgg,JYP Entertainment,2026-05-14T15:00:39+00:00,5.878588,219385,5760,37319.335868,early
2026-05-20T12:05:48.986097+00:00,IrfRsr5WPDI,UCwd8Byi93KbnsYmCcKLExvQ,Negocios TV,2026-05-18T20:07:54+00:00,1.66522,38835,5730,23321.242839,early
2026-05-20T12:05:48.986097+00:00,9Jbk_H_m6tg,UCnsvJeZO4RigQ898WdDNoBw,EL PAÍS,2026-05-19T07:44:33+00:00,1.181435,7072,5712,5985.940826,early
2026-05-20T12:05:48.986097+00:00,dj5jSWcP8To,UCTrQ7HXWRRxr7OsOtodr2_w,Channel 4 News,2026-05-19T11:36:17+00:00,1.020509,6942,5712,6802.487778,early
2026-05-20T12:05:48.986097+00:00,A2O_CSDImRs,UCLe_q9axMaeTbjN0hy1Z9xA,Caleb Hammer,2026-05-02T22:00:18+00:00,17.587164,1045508,5677,59447.219574,active
2026-05-20T12:05:48.986097+00:00,iYIAGZ6wqiU,UCUyDOdBWhC1MCxEjC46d-zw,Alex Hormozi,2026-05-17T03:00:31+00:00,3.37868,52590,5675,15565.250334,early
2026-05-20T12:05:48.986097+00:00,BN50TqPmvLc,UCUP6qv-_EIL0hwTsJaKYnvw,Azteca Noticias,2026-05-16T21:28:41+00:00,3.60912,546945,5672,151545.252028,early
2026-05-20T12:05:48.986097+00:00,olwFhfvdV9g,UC9MAhZQQd9egwWCxrwSIsJQ,HISTORY,2026-05-18T20:30:28+00:00,1.649548,22531,5667,13658.893224,early
2026-05-20T12:05:48.986097+00:00,UeSYNd9m-P0,UCz8QaiQxApLq8sLNcszYyJw,Firstpost,2026-05-18T12:58:44+00:00,1.963252,35323,5645,17992.086599,early
2026-05-20T12:05:48.986097+00:00,R0an51c92oQ,UCUsm-fannqOY02PNN67C0KA,NMás,2026-05-18T23:00:30+00:00,1.545359,27817,5632,18000.348139,early
2026-05-20T12:05:48.986097+00:00,dkfWPV0gNRc,UCiWLfSweyRNmLpgEHekhoAg,ESPN,2026-05-18T13:43:26+00:00,1.93221,25499,5628,13196.80573,early
2026-05-20T12:05:48.986097+00:00,4wBiKCjmUNM,UCJ5v_MCY6GNUBTO8-D3XoAg,WWE,2026-05-13T01:23:28+00:00,7.446076,237976,5623,31959.920903,active
2026-05-20T12:05:48.986097+00:00,kB_PJC80JhY,UC52hytXteCKmuOzMViTK8_w,CdeCiencia,2026-05-01T18:55:11+00:00,18.715717,1418020,5608,75766.266395,active
2026-05-20T12:05:48.986097+00:00,2bKRWnoEzik,UClHVl2N3jPEbkNJVx-ItQIQ,HealthyGamerGG,2026-05-14T15:00:06+00:00,5.87897,226898,5571,38594.855902,early
2026-05-20T12:05:48.986097+00:00,y1nOhFQpR_w,UC4YImPQT-_0kCh5joATwyhw,Blippi en Español,2026-05-16T15:01:26+00:00,3.878044,33248,5571,8573.394216,early
2026-05-20T12:05:48.986097+00:00,d_6N0vQzK_0,UC-2hhqBG5Su7s91_HmhaODQ,Fox Deportes,2026-05-19T04:44:49+00:00,1.30625,5991,5560,4586.411483,early
2026-05-20T12:05:48.986097+00:00,glLSG__TGRo,UCWJ2lWNubArHWmf3FIHbfcQ,NBA,2026-05-19T03:10:55+00:00,1.371458,19163,5524,13972.721002,early
2026-05-20T12:05:48.986097+00:00,wmeUOPjA_qc,UCLe_q9axMaeTbjN0hy1Z9xA,Caleb Hammer,2026-05-04T22:01:11+00:00,15.586551,2944111,5515,188887.907273,active
2026-05-20T12:05:48.986097+00:00,MJVGjnzx5PQ,UCF0L4jd9LcSIxsj5gKITMqQ,Jaime Higuera,2026-05-19T08:00:30+00:00,1.170359,6824,5508,5830.689558,early
2026-05-20T12:05:48.986097+00:00,vNXFk8iGHk8,UCWBWgCD4oAqT3hUeq40SCUw,Sambucha,2026-04-27T17:15:07+00:00,22.785208,690493,5489,30304.441373,active
2026-05-20T12:05:48.986097+00:00,rDi6QFM4-pM,UCTrQ7HXWRRxr7OsOtodr2_w,Channel 4 News,2026-05-19T11:52:18+00:00,1.009386,5885,5452,5830.27702,early
2026-05-20T12:05:48.986097+00:00,LVSpx4vCOF8,UCz8QaiQxApLq8sLNcszYyJw,Firstpost,2026-05-19T09:37:06+00:00,1.103275,7320,5420,6634.79187,early
2026-05-20T12:05:48.986097+00:00,tM5_uA-rIt4,UCafNntv_qTQB26AvbEQNHPw,Aristegui Noticias,2026-05-13T16:54:08+00:00,6.79978,219473,5413,32276.485416,early
2026-05-20T12:05:48.986097+00:00,NMXRP3a-TGA,UCLe_q9axMaeTbjN0hy1Z9xA,Caleb Hammer,2026-05-15T16:00:36+00:00,4.836956,93187,5405,19265.629044,early
2026-05-20T12:05:48.986097+00:00,KGeCwEOLPGE,UCWBWgCD4oAqT3hUeq40SCUw,Sambucha,2026-04-23T17:15:02+00:00,26.785266,2137018,5395,79783.340587,active
2026-05-20T12:05:48.986097+00:00,pwX7YS3tIy4,UCGXbLrVe8vnkiFv7q2vYv3w,El Mundo,2026-05-18T14:31:53+00:00,1.898565,21363,5373,11252.182569,early
2026-05-20T12:05:48.986097+00:00,_WrHMsTYlOU,UCLe_q9axMaeTbjN0hy1Z9xA,Caleb Hammer,2026-04-25T19:00:29+00:00,24.712037,1125431,5365,45541.814299,active
2026-05-20T12:05:48.986097+00:00,blKZLL05xSE,UCGXbLrVe8vnkiFv7q2vYv3w,El Mundo,2026-05-18T09:20:03+00:00,2.115116,22820,5343,10789.006371,early
2026-05-20T12:05:48.986097+00:00,fpmYvXCzO1c,UCWBWgCD4oAqT3hUeq40SCUw,Sambucha,2026-04-21T19:15:02+00:00,28.701933,1327672,5333,46257.232919,active
2026-05-20T12:05:48.986097+00:00,ozJnojuchjA,UCcHtke0raf8vNYLM1Hbq3Jw,Imagen Noticias,2026-05-19T07:03:29+00:00,1.209954,8693,5331,7184.570653,early
2026-05-20T12:05:48.986097+00:00,Wv_UygyjZ68,UCtwslQPB_xJfaFuZv0OETNw,Kings League Spain,2026-05-18T14:28:44+00:00,1.900752,24097,5326,12677.613913,early
2026-05-20T12:05:48.986097+00:00,Y3KnTqDwTvw,UCGXbLrVe8vnkiFv7q2vYv3w,El Mundo,2026-05-19T09:47:42+00:00,1.095914,6701,5322,6114.530885,early
2026-05-20T12:05:48.986097+00:00,aftVKajTC8M,UCWJ2lWNubArHWmf3FIHbfcQ,NBA,2026-05-18T00:31:17+00:00,2.482315,71305,5311,28725.20208,early
2026-05-20T12:05:48.986097+00:00,6DiYldLKhc8,UCLe_q9axMaeTbjN0hy1Z9xA,Caleb Hammer,2026-05-14T16:00:16+00:00,5.837187,689872,5310,118185.694582,early
2026-05-20T12:05:48.986097+00:00,zAFPVEJCFLA,UCnsvJeZO4RigQ898WdDNoBw,EL PAÍS,2026-05-17T19:58:01+00:00,2.672083,28743,5308,10756.776642,early
2026-05-20T12:05:48.986097+00:00,pRCDOPkT5-4,UCafNntv_qTQB26AvbEQNHPw,Aristegui Noticias,2026-05-16T03:58:05+00:00,4.338704,185532,5303,42762.078261,early
2026-05-20T12:05:48.986097+00:00,YlaICJ_opCc,UCWJ2lWNubArHWmf3FIHbfcQ,NBA,2026-05-19T02:37:35+00:00,1.394606,20733,5273,14866.564463,early
2026-05-20T12:05:48.986097+00:00,f5SvbGifVm8,UCcHtke0raf8vNYLM1Hbq3Jw,Imagen Noticias,2026-05-18T20:28:35+00:00,1.650856,13888,5272,8412.605339,early
2026-05-20T12:05:48.986097+00:00,w9zDCGB8Gx4,UCLe_q9axMaeTbjN0hy1Z9xA,Caleb Hammer,2026-05-14T19:00:47+00:00,5.711829,647496,5271,113360.536529,early
2026-05-20T12:05:48.986097+00:00,BYGtKMpJGpg,UCLe_q9axMaeTbjN0hy1Z9xA,Caleb Hammer,2026-05-08T16:00:19+00:00,11.837153,1011196,5266,85425.608675,active
2026-05-20T12:05:48.986097+00:00,0qg6bT6n_LA,UCJ5v_MCY6GNUBTO8-D3XoAg,WWE,2026-05-16T01:39:00+00:00,4.435289,341506,5265,76997.462849,early
2026-05-20T12:05:48.986097+00:00,cLzvUVY6TxI,UCY30JRSgfhYXA6i6xX1erWg,Smosh,2026-05-16T00:00:39+00:00,4.503588,105489,5265,23423.323803,early
2026-05-20T12:05:48.986097+00:00,Xx6cUnU0WEE,UCdNnEDbRWhanA1O8zhCn3ZA,Omar - Educación Financiera,2026-05-15T23:19:55+00:00,4.531875,41906,5238,9246.945249,early
2026-05-20T12:05:48.986097+00:00,aVMCRgsA_5o,UCTrQ7HXWRRxr7OsOtodr2_w,Channel 4 News,2026-05-18T13:40:05+00:00,1.934537,23478,5223,12136.23725,early
2026-05-20T12:05:48.986097+00:00,Dl88JoqqCbM,UCnsvJeZO4RigQ898WdDNoBw,EL PAÍS,2026-05-17T01:30:06+00:00,3.44147,40415,5217,11743.528202,early
2026-05-20T12:05:48.986097+00:00,fcb9sIG3yuI,UCTv-XvfzLX3i4IGWAm4sbmA,LALIGA EA SPORTS,2026-05-17T21:16:10+00:00,2.617812,189870,5213,72530.036534,early
2026-05-20T12:05:48.986097+00:00,OW5bdsqRJI0,UCtwslQPB_xJfaFuZv0OETNw,Kings League Spain,2026-05-17T13:40:45+00:00,2.934074,26437,5207,9010.338526,early
2026-05-20T12:05:48.986097+00:00,hkZJ8QJ917o,UCNye-wNBqNL5ZzHSJj3l8Bg,Al Jazeera English,2026-05-19T04:51:29+00:00,1.30162,9314,5198,7155.698284,early
2026-05-20T12:05:48.986097+00:00,YYQBxSCsCWs,UCTl3QQTvqHFjurroKxexy2Q,Olympics,2026-05-16T16:00:51+00:00,3.836782,270094,5194,70395.972458,early
2026-05-20T12:05:48.986097+00:00,2UuxYaZbAjo,UCK8sQmJBp8GCxrOtXWBpyEA,Google,2026-05-17T14:14:55+00:00,2.910347,17787,5168,6111.642357,early
2026-05-20T12:05:48.986097+00:00,y8TrVQO7Dxw,UCiWLfSweyRNmLpgEHekhoAg,ESPN,2026-05-18T23:27:15+00:00,1.526782,10727,5154,7025.888437,early
2026-05-20T12:05:48.986097+00:00,2MWhO-KeFxI,UChGJGhZ9SOOHvBB0Y4DOO_w,Ryan's World,2026-05-16T12:00:08+00:00,4.003947,63356,5127,15823.386274,early
2026-05-20T12:05:48.986097+00:00,SmFZiLE9yBM,UCupvZG-5ko_eiXAupbDfxWw,CNN,2026-05-18T02:19:52+00:00,2.40691,224557,5116,93296.799631,early
2026-05-20T12:05:48.986097+00:00,E8KH_g6aMsQ,UCiWLfSweyRNmLpgEHekhoAg,ESPN,2026-05-17T03:17:44+00:00,3.366724,112826,5106,33512.102566,early
2026-05-20T12:05:48.986097+00:00,TAHyqNXkbtc,UCJ5v_MCY6GNUBTO8-D3XoAg,WWE,2026-05-13T02:19:41+00:00,7.407037,203785,5097,27512.350755,active
2026-05-20T12:05:48.986097+00:00,nfCfBcOkrCI,UCpcTrCXblq78GZrTUTLWeBw,FIFA,2026-05-18T19:00:38+00:00,1.711933,12285,5070,7176.098597,early
2026-05-20T12:05:48.986097+00:00,ubaKNPoNim0,UCupvZG-5ko_eiXAupbDfxWw,CNN,2026-05-18T06:19:05+00:00,2.240787,59547,5054,26574.145602,early
2026-05-20T12:05:48.986097+00:00,8GvKFSeOTD8,UC9vUu4vlIlMC0dHQCTvQPbg,The Money Guy Show,2026-05-16T17:00:16+00:00,3.795521,38211,5029,10067.392592,early
2026-05-20T12:05:48.986097+00:00,lzYROnZibYQ,UCLe_q9axMaeTbjN0hy1Z9xA,Caleb Hammer,2026-05-13T16:01:15+00:00,6.836504,423010,4993,61875.19235,early
2026-05-20T12:05:48.986097+00:00,Lh-jGTsZ7_w,UChGJGhZ9SOOHvBB0Y4DOO_w,Ryan's World,2026-05-14T22:00:21+00:00,5.587129,109261,4989,19555.83986,early
2026-05-20T12:05:48.986097+00:00,GaveEZKnHdg,UCurvRE5fGcdUgCYWgh-BDsg,DAZN Boxing,2026-05-17T13:25:02+00:00,2.944988,31358,4980,10647.921146,early
2026-05-20T12:05:48.986097+00:00,DYkyYUjOZTk,UCWBWgCD4oAqT3hUeq40SCUw,Sambucha,2026-04-25T19:15:00+00:00,24.701956,1909238,4976,77290.964327,active
2026-05-20T12:05:48.986097+00:00,TYYw7pDjZiM,UCF0L4jd9LcSIxsj5gKITMqQ,Jaime Higuera,2026-05-17T11:22:04+00:00,3.030382,20611,4961,6801.452754,early
2026-05-20T12:05:48.986097+00:00,IMM5cm6xrXQ,UCLe_q9axMaeTbjN0hy1Z9xA,Caleb Hammer,2026-04-26T16:00:23+00:00,23.837106,1726594,4936,72433.037802,active
2026-05-20T12:05:48.986097+00:00,mybDX5jDoZQ,UCvgfXK4nTYKudb0rFR6noLA,UFC,2026-05-17T01:47:32+00:00,3.429363,67632,4900,19721.446811,early
2026-05-20T12:05:48.986097+00:00,CwHfWz-Jc1A,UCUyDOdBWhC1MCxEjC46d-zw,Alex Hormozi,2026-05-18T07:01:03+00:00,2.211643,21907,4840,9905.305694,early
2026-05-20T12:05:48.986097+00:00,3iCCstWO9Ms,UCGXbLrVe8vnkiFv7q2vYv3w,El Mundo,2026-05-19T09:31:55+00:00,1.106875,6564,4835,5930.208922,early
2026-05-20T12:05:48.986097+00:00,dlLP6ThrC2o,UCiWLfSweyRNmLpgEHekhoAg,ESPN,2026-05-16T04:29:14+00:00,4.317072,380048,4804,88033.741388,early
2026-05-20T12:05:48.986097+00:00,100Rifac4jk,UCvgfXK4nTYKudb0rFR6noLA,UFC,2026-05-17T01:41:30+00:00,3.433553,47715,4790,13896.683698,early
2026-05-20T12:05:48.986097+00:00,WHXSbMYmTQ8,UCTrQ7HXWRRxr7OsOtodr2_w,Channel 4 News,2026-05-18T13:10:06+00:00,1.955359,42305,4767,21635.413241,early
2026-05-20T12:05:48.986097+00:00,P5gUzU1B6R8,UCWxlUwW9BgGISaakjGM37aw,Valkyrae,2026-05-11T18:10:46+00:00,8.746562,273966,4753,31322.707139,active
2026-05-20T12:05:48.986097+00:00,TbPtpdQvMYU,UCGXbLrVe8vnkiFv7q2vYv3w,El Mundo,2026-05-18T12:03:13+00:00,2.001805,42842,4745,21401.684979,early
2026-05-20T12:05:48.986097+00:00,yIUDe9YH0ac,UCUyDOdBWhC1MCxEjC46d-zw,Alex Hormozi,2026-04-22T19:00:00+00:00,27.712373,282138,4743,10180.939756,active
2026-05-20T12:05:48.986097+00:00,WZ1AGTxFHgU,UC55-mxUj5Nj3niXFReG44OQ,Platzi,2026-05-13T01:40:25+00:00,7.434305,24102,4723,3241.997739,active
2026-05-20T12:05:48.986097+00:00,8f_9b3uKhk8,UCUP6qv-_EIL0hwTsJaKYnvw,Azteca Noticias,2026-05-18T22:15:01+00:00,1.576944,24958,4715,15826.814395,early
2026-05-20T12:05:48.986097+00:00,L6wMpB7HxJA,UCWJ2lWNubArHWmf3FIHbfcQ,NBA,2026-05-19T01:01:44+00:00,1.461169,31222,4693,21367.822613,early
2026-05-20T12:05:48.986097+00:00,GBeUlx-qMwM,UCeY0bbntWzzVIaj2z3QigXg,NBC News,2026-05-13T01:08:53+00:00,7.456204,179270,4662,24043.065345,active
2026-05-20T12:05:48.986097+00:00,hszeq-Cf1ac,UCnsvJeZO4RigQ898WdDNoBw,EL PAÍS,2026-05-17T14:56:08+00:00,2.881724,20102,4656,6975.685388,early
2026-05-20T12:05:48.986097+00:00,ucN2hf0CgI8,UCLe_q9axMaeTbjN0hy1Z9xA,Caleb Hammer,2026-04-22T19:00:50+00:00,27.711794,1709944,4653,61704.557994,active
2026-05-20T12:05:48.986097+00:00,B8ogZrsg1CA,UCi7TVXyvrIwqeS9tfYD8UDA,DjMaRiiO,2026-05-12T14:43:52+00:00,7.890243,128103,4639,16235.621641,active
2026-05-20T12:05:48.986097+00:00,9MMkpgDKm6M,UCmObdAaNbtVVR1OkKUsdgqg,Las Recetas de MJ,2026-05-16T15:30:09+00:00,3.858102,37140,4626,9626.4951,early
2026-05-20T12:05:48.986097+00:00,sROrtYXjSYk,UCUsm-fannqOY02PNN67C0KA,NMás,2026-05-17T20:18:02+00:00,2.658183,25635,4620,9643.805562,early
2026-05-20T12:05:48.986097+00:00,myKxxpdir9A,UChGJGhZ9SOOHvBB0Y4DOO_w,Ryan's World,2026-05-14T12:01:15+00:00,6.003171,101645,4541,16931.884832,early
2026-05-20T12:05:48.986097+00:00,reCJ5EuvukI,UCLe_q9axMaeTbjN0hy1Z9xA,Caleb Hammer,2026-05-01T22:01:05+00:00,18.58662,1244272,4534,66944.500937,active
2026-05-20T12:05:48.986097+00:00,IditmgDZMAE,UCYVinkwSX7szARULgYpvhLw,Ali-A,2026-05-13T18:18:51+00:00,6.740949,167633,4532,24867.86356,early
2026-05-20T12:05:48.986097+00:00,Sfb0QY3Tjcg,UChqUTb7kYRX8-EiaN3XFrSQ,Reuters,2026-05-19T02:09:12+00:00,1.414317,11481,4531,8117.699215,early
2026-05-20T12:05:48.986097+00:00,BdOfmPe3j1s,UC5rJaxmE3UyVz59OGxbPdAg,Noticias Robotitus ,2026-05-12T22:29:10+00:00,7.567118,146820,4486,19402.366925,active
2026-05-20T12:05:48.986097+00:00,32hxTA4RpDU,UC52X5wxOL_s5yw0dQk7NtgA,Associated Press,2026-05-17T06:05:11+00:00,3.25044,20262,4390,6233.617603,early
2026-05-20T12:05:48.986097+00:00,fOU5nW5QJQM,UCiWLfSweyRNmLpgEHekhoAg,ESPN,2026-05-18T02:11:08+00:00,2.412974,21890,4383,9071.792734,early
2026-05-20T12:05:48.986097+00:00,tMNU_zxiYcg,UCi7TVXyvrIwqeS9tfYD8UDA,DjMaRiiO,2026-05-13T14:29:18+00:00,6.900359,560251,4383,81191.572786,early
2026-05-20T12:05:48.986097+00:00,kTz8p1gnJW8,UC2iUwfYi_1FCGGqhOUNx-iA,ScreenRant,2026-05-17T18:00:39+00:00,2.753588,17909,4381,6503.87785,early
2026-05-20T12:05:48.986097+00:00,KX6KmCcbcyk,UCJ5v_MCY6GNUBTO8-D3XoAg,WWE,2026-05-15T17:30:05+00:00,4.774815,247926,4366,51923.687096,early
2026-05-20T12:05:48.986097+00:00,B70GSlu5Ids,UCWJ2lWNubArHWmf3FIHbfcQ,NBA,2026-05-19T02:04:47+00:00,1.417384,20321,4365,14336.975724,early
2026-05-20T12:05:48.986097+00:00,6HBpYZ9kSI4,UCsN32BtMd0IoByjJRNF12cw,60 Minutes,2026-05-12T00:47:53+00:00,8.470787,56991,4358,6727.946294,active
2026-05-20T12:05:48.986097+00:00,b70E0eSA5Ks,UCUsm-fannqOY02PNN67C0KA,NMás,2026-05-18T18:16:02+00:00,1.742905,16094,4355,9234.008738,early
2026-05-20T12:05:48.986097+00:00,Aen53ytTYqc,UCWBWgCD4oAqT3hUeq40SCUw,Sambucha,2026-05-10T17:15:00+00:00,9.785289,1533903,4340,156756.024273,active
2026-05-20T12:05:48.986097+00:00,ixhSBbm94jc,UCWxlUwW9BgGISaakjGM37aw,Valkyrae,2026-05-14T21:10:22+00:00,5.62184,115685,4339,20577.782363,early
2026-05-20T12:05:48.986097+00:00,LbAl1tTeaHM,UCoGDh1Xa3kUCpok24JN5DKA,enchufetv,2026-05-12T15:50:31+00:00,7.843958,103022,4338,13133.9306,active
2026-05-20T12:05:48.986097+00:00,dvpo02BOMEQ,UCGXbLrVe8vnkiFv7q2vYv3w,El Mundo,2026-05-19T01:39:28+00:00,1.434965,6513,4329,4538.78666,early
2026-05-20T12:05:48.986097+00:00,r7ZQY9B3EA8,UCUP6qv-_EIL0hwTsJaKYnvw,Azteca Noticias,2026-05-19T04:10:00+00:00,1.330428,9659,4321,7260.069692,early
2026-05-20T12:05:48.986097+00:00,PVBWFZQG2RQ,UCz8QaiQxApLq8sLNcszYyJw,Firstpost,2026-05-18T18:37:08+00:00,1.728252,16956,4319,9811.069219,early
2026-05-20T12:05:48.986097+00:00,wcN1G1LY60s,UC16niRr50-MSBwiO3YDb3RA,BBC News,2026-05-17T04:00:47+00:00,3.336829,35881,4300,10753.023304,early
2026-05-20T12:05:48.986097+00:00,jMC0a_3kZIU,UCsN32BtMd0IoByjJRNF12cw,60 Minutes,2026-05-18T17:21:11+00:00,1.780995,7609,4297,4272.330916,early
2026-05-20T12:05:48.986097+00:00,N0Inna0vbM0,UCLe_q9axMaeTbjN0hy1Z9xA,Caleb Hammer,2026-05-09T19:00:30+00:00,10.712025,999231,4284,93281.242342,active
2026-05-20T12:05:48.986097+00:00,Oc8dAcdejYo,UCJ5v_MCY6GNUBTO8-D3XoAg,WWE,2026-05-13T19:45:01+00:00,6.681111,789088,4283,118107.302812,early
2026-05-20T12:05:48.986097+00:00,YWSVHdiDbCc,UCupvZG-5ko_eiXAupbDfxWw,CNN,2026-05-14T02:51:17+00:00,6.385092,150639,4274,23592.299062,early
2026-05-20T12:05:48.986097+00:00,PQiho_r0yPI,UCUP6qv-_EIL0hwTsJaKYnvw,Azteca Noticias,2026-05-19T02:35:00+00:00,1.3964,12970,4272,9288.169579,early
2026-05-20T12:05:48.986097+00:00,DVSXhwrfNnw,UCV6KDgJskWaEckne5aPA0aQ,Graham Stephan,2026-05-16T16:00:16+00:00,3.837187,30906,4270,8054.337722,early
2026-05-20T12:05:48.986097+00:00,iqcx76ImOZA,UCnsvJeZO4RigQ898WdDNoBw,EL PAÍS,2026-05-18T09:54:06+00:00,2.09147,15320,4258,7324.991513,early
2026-05-20T12:05:48.986097+00:00,bCSLJhdnJZY,UCTl3QQTvqHFjurroKxexy2Q,Olympics,2026-05-13T13:02:00+00:00,6.960984,60074,4230,8630.101721,early
2026-05-20T12:05:48.986097+00:00,jiizjv8X-6o,UCoOae5nYA7VqaXzerajD0lg,Ali Abdaal,2026-05-18T10:01:06+00:00,2.086609,18256,4131,8749.123578,early
2026-05-20T12:05:48.986097+00:00,a67r8mMrjSA,UCBi2mrWuNuyYy4gbM6fU18Q,ABC News,2026-05-19T01:31:06+00:00,1.440775,21251,4125,14749.700682,early
2026-05-20T12:05:48.986097+00:00,JbZSL4HHO6k,UCqynl7rdtktKMQESdSBmE-g,Sapnap,2026-05-14T18:00:24+00:00,5.753761,90791,4114,15779.418019,early
2026-05-20T12:05:48.986097+00:00,jHGvBPXWRp4,UCF0L4jd9LcSIxsj5gKITMqQ,Jaime Higuera,2026-05-18T19:00:35+00:00,1.711967,7991,4103,4667.730161,early
2026-05-20T12:05:48.986097+00:00,QHE2QO8peRA,UCPdaxSov0mgwh77JvjQO2jQ,Man Carrying Thing,2026-05-11T20:04:18+00:00,8.66772,203444,4100,23471.455008,active
2026-05-20T12:05:48.986097+00:00,a9mvORyNkI4,UCGXbLrVe8vnkiFv7q2vYv3w,El Mundo,2026-05-17T09:10:12+00:00,3.121956,22539,4098,7219.512383,early
2026-05-20T12:05:48.986097+00:00,mZWbkcCvirQ,UClHVl2N3jPEbkNJVx-ItQIQ,HealthyGamerGG,2026-05-17T15:00:58+00:00,2.878368,43901,4067,15252.045604,early
2026-05-20T12:05:48.986097+00:00,QdEIhiHbsSY,UCS0lmlVIYVz2qeWlZ_ynIWg,AJ+ Español,2026-05-18T22:30:01+00:00,1.566528,9499,4046,6063.728194,early
2026-05-20T12:05:48.986097+00:00,qNqYuoKwBKw,UCFxHplbcoJK9m70c4VyTIxg,MILENIO,2026-05-15T20:00:37+00:00,4.670278,150444,4032,32213.071684,early
2026-05-20T12:05:48.986097+00:00,W6qpKvWqOh8,UC3IZKseVpdzPSBaWxBxundA,HYBE LABELS,2026-05-17T15:00:02+00:00,2.879016,102898,4026,35740.683622,early
2026-05-20T12:05:48.986097+00:00,Rt4K2DK8nvs,UCupvZG-5ko_eiXAupbDfxWw,CNN,2026-05-14T11:07:33+00:00,6.040463,77953,4022,12905.136576,early
2026-05-20T12:05:48.986097+00:00,_Lp0w5ZQees,UCvgfXK4nTYKudb0rFR6noLA,UFC,2026-05-17T04:21:02+00:00,3.322766,89388,4009,26901.683718,early
2026-05-20T12:05:48.986097+00:00,qIwRZO0xi7U,UCUe6ZpY6TJ0no8jI4l2iLxw,Nick Jr.,2026-05-15T11:59:52+00:00,5.004132,42963,4006,8585.504939,early
2026-05-20T12:05:48.986097+00:00,_LCW_N8FwJg,UCmObdAaNbtVVR1OkKUsdgqg,Las Recetas de MJ,2026-05-17T15:30:16+00:00,2.858021,16503,4003,5774.275276,early
2026-05-20T12:05:48.986097+00:00,6ZgsrOElm4w,UCNye-wNBqNL5ZzHSJj3l8Bg,Al Jazeera English,2026-05-18T02:08:43+00:00,2.414653,110257,3929,45661.633369,early
2026-05-20T12:05:48.986097+00:00,LtrB3VNpa1I,UCLe_q9axMaeTbjN0hy1Z9xA,Caleb Hammer,2026-05-12T22:00:32+00:00,7.587002,585523,3923,77174.488685,active
2026-05-20T12:05:48.986097+00:00,iiWT2zZhQGg,UC8p1vwvWtl6T73JiExfWs1g,CBS News,2026-05-17T03:27:50+00:00,3.35971,176185,3919,52440.538023,early
2026-05-20T12:05:48.986097+00:00,HQLwIYylPFs,UCWJ2lWNubArHWmf3FIHbfcQ,NBA,2026-05-19T01:41:21+00:00,1.433657,17826,3917,12433.93643,early
2026-05-20T12:05:48.986097+00:00,xitFlW5HhLM,UCvQECJukTDE2i6aCoMnS-Vg,Big Think,2026-05-18T18:02:15+00:00,1.752477,11831,3914,6751.015848,early
2026-05-20T12:05:48.986097+00:00,8NUu9SkFCHE,UCcHtke0raf8vNYLM1Hbq3Jw,Imagen Noticias,2026-05-18T14:53:34+00:00,1.883507,15313,3913,8130.046769,early
2026-05-20T12:05:48.986097+00:00,zEeGPdO2Bx8,UCz8QaiQxApLq8sLNcszYyJw,Firstpost,2026-05-19T07:39:44+00:00,1.18478,6562,3907,5538.581002,early
2026-05-20T12:05:48.986097+00:00,9iKWeo8sWh4,UCLe_q9axMaeTbjN0hy1Z9xA,Caleb Hammer,2026-05-03T19:00:07+00:00,16.712292,3636692,3894,217605.819716,active
2026-05-20T12:05:48.986097+00:00,kyWEagc8jRQ,UC52X5wxOL_s5yw0dQk7NtgA,Associated Press,2026-05-19T02:45:03+00:00,1.389421,5717,3894,4114.66359,early
2026-05-20T12:05:48.986097+00:00,q1-04As5Vn8,UCurvRE5fGcdUgCYWgh-BDsg,DAZN Boxing,2026-05-18T23:00:48+00:00,1.54515,8380,3890,5423.421674,early
2026-05-20T12:05:48.986097+00:00,tT-5AciMHc8,UCLe_q9axMaeTbjN0hy1Z9xA,Caleb Hammer,2026-05-11T16:01:34+00:00,8.836285,670376,3875,75866.271855,active
2026-05-20T12:05:48.986097+00:00,rC-dl30Z0vY,UCurvRE5fGcdUgCYWgh-BDsg,DAZN Boxing,2026-05-18T13:40:26+00:00,1.934294,24385,3862,12606.666825,early
2026-05-20T12:05:48.986097+00:00,dVs2MpCBwWs,UCTv-XvfzLX3i4IGWAm4sbmA,LALIGA EA SPORTS,2026-05-18T15:39:59+00:00,1.851273,26760,3844,14454.918318,early
2026-05-20T12:05:48.986097+00:00,v6_kHpmKVpo,UC16niRr50-MSBwiO3YDb3RA,BBC News,2026-05-17T12:45:04+00:00,2.972743,40990,3842,13788.612066,early
2026-05-20T12:05:48.986097+00:00,E8JzP6i6wVE,UCUyDOdBWhC1MCxEjC46d-zw,Alex Hormozi,2026-05-17T11:00:13+00:00,3.045555,35232,3837,11568.334836,early
2026-05-20T12:05:48.986097+00:00,JDfnYBmRQP4,UCJ5v_MCY6GNUBTO8-D3XoAg,WWE,2026-05-13T00:45:01+00:00,7.472778,164707,3826,22040.933104,active
2026-05-20T12:05:48.986097+00:00,wf1Mm3iOeEc,UCFxHplbcoJK9m70c4VyTIxg,MILENIO,2026-05-19T01:30:38+00:00,1.441099,8716,3816,6048.161854,early
2026-05-20T12:05:48.986097+00:00,ZGsEwTIGktQ,UCvgfXK4nTYKudb0rFR6noLA,UFC,2026-05-13T20:30:04+00:00,6.649826,140246,3800,21090.175893,early
2026-05-20T12:05:48.986097+00:00,K9S3YgFZN9Y,UCLe_q9axMaeTbjN0hy1Z9xA,Caleb Hammer,2026-04-23T22:00:20+00:00,26.587141,706286,3789,26564.947318,active
2026-05-20T12:05:48.986097+00:00,g6y2lFrQMKo,UChqUTb7kYRX8-EiaN3XFrSQ,Reuters,2026-05-19T02:28:26+00:00,1.40096,6411,3787,4576.147784,early
2026-05-20T12:05:48.986097+00:00,74sknr8_lpQ,UCvgfXK4nTYKudb0rFR6noLA,UFC,2026-05-17T01:40:26+00:00,3.434294,37440,3781,10901.803981,early
2026-05-20T12:05:48.986097+00:00,g2q1PgXHeqk,UCJ5v_MCY6GNUBTO8-D3XoAg,WWE,2026-05-13T14:49:36+00:00,6.886261,295173,3773,42864.044799,early
2026-05-20T12:05:48.986097+00:00,q_GHqBlmc6g,UCupvZG-5ko_eiXAupbDfxWw,CNN,2026-05-18T15:46:36+00:00,1.846678,28467,3765,15415.248354,early
2026-05-20T12:05:48.986097+00:00,XD0WiNlVPZg,UCoLrcjPV5PbUrUyXq5mjc_A,MLB,2026-05-17T17:00:37+00:00,2.795278,124404,3751,44505.054596,early
2026-05-20T12:05:48.986097+00:00,8cg7S9HqjwU,UC9MAhZQQd9egwWCxrwSIsJQ,HISTORY,2026-05-18T17:00:13+00:00,1.795555,16461,3749,9167.638975,early
2026-05-20T12:05:48.986097+00:00,pXI3xinu4bc,UCWBWgCD4oAqT3hUeq40SCUw,Sambucha,2026-05-01T19:15:03+00:00,18.701921,1246350,3733,66642.886578,active
2026-05-20T12:05:48.986097+00:00,N9GiuDJVJuc,UC52hytXteCKmuOzMViTK8_w,CdeCiencia,2026-05-09T22:59:50+00:00,10.545822,789201,3726,74835.418235,active
2026-05-20T12:05:48.986097+00:00,9mxyjacDjZk,UCupvZG-5ko_eiXAupbDfxWw,CNN,2026-05-18T22:00:43+00:00,1.586875,15845,3717,9985.033478,early
2026-05-20T12:05:48.986097+00:00,4q7fYC4Ajr0,UCujyjxsq5FZNVnQro51zKSQ,fuslie,2026-05-15T15:00:07+00:00,4.878958,56169,3709,11512.499185,early
2026-05-20T12:05:48.986097+00:00,x3Kbfn48tyk,UCurvRE5fGcdUgCYWgh-BDsg,DAZN Boxing,2026-05-16T12:47:02+00:00,3.971377,100708,3693,25358.458791,early
2026-05-20T12:05:48.986097+00:00,RsaCLR_bSv8,UCNye-wNBqNL5ZzHSJj3l8Bg,Al Jazeera English,2026-05-19T04:45:35+00:00,1.305717,11609,3667,8890.900555,early
2026-05-20T12:05:48.986097+00:00,4gsXWiTa8Q8,UCNye-wNBqNL5ZzHSJj3l8Bg,Al Jazeera English,2026-05-18T16:27:54+00:00,1.817998,16352,3653,8994.509345,early
2026-05-20T12:05:48.986097+00:00,US_SZPuqwU4,UCJ5v_MCY6GNUBTO8-D3XoAg,WWE,2026-05-16T00:33:24+00:00,4.480845,220795,3651,49275.3041,early
2026-05-20T12:05:48.986097+00:00,tz9x_JbuqU8,UCTv-XvfzLX3i4IGWAm4sbmA,LALIGA EA SPORTS,2026-05-17T19:50:44+00:00,2.677141,37587,3641,14039.977723,early
2026-05-20T12:05:48.986097+00:00,622RuR5hEEg,UC9mrBfjgyOsqJ0J-zw7kZLQ,Atherion,2026-05-19T02:29:08+00:00,1.400474,7359,3630,5254.649497,early
2026-05-20T12:05:48.986097+00:00,p4q0TtyO3gE,UC16niRr50-MSBwiO3YDb3RA,BBC News,2026-05-14T14:10:35+00:00,5.913356,145071,3621,24532.769547,early
2026-05-20T12:05:48.986097+00:00,4MRtBR668uY,UCiWLfSweyRNmLpgEHekhoAg,ESPN,2026-05-19T00:52:48+00:00,1.467373,21637,3610,14745.39875,early
2026-05-20T12:05:48.986097+00:00,pWJ0RKNPE2A,UC16niRr50-MSBwiO3YDb3RA,BBC News,2026-05-15T13:30:53+00:00,4.940926,166216,3600,33640.657642,early
2026-05-20T12:05:48.986097+00:00,2LRXV2-xamk,UC52X5wxOL_s5yw0dQk7NtgA,Associated Press,2026-05-19T00:42:10+00:00,1.474757,16730,3593,11344.241797,early
2026-05-20T12:05:48.986097+00:00,RXWVqSItkzs,UC36xmz34q02JYaZYKrMwXng,Nate Gentile,2026-05-13T15:31:29+00:00,6.857176,84963,3592,12390.377613,early
2026-05-20T12:05:48.986097+00:00,DOwXNS4rPZI,UChqUTb7kYRX8-EiaN3XFrSQ,Reuters,2026-05-18T09:17:04+00:00,2.117187,12914,3573,6099.602917,early
2026-05-20T12:05:48.986097+00:00,kN-wa6I22kA,UCupvZG-5ko_eiXAupbDfxWw,CNN,2026-05-15T03:54:12+00:00,5.3414,207535,3572,38854.045756,early
2026-05-20T12:05:48.986097+00:00,m_2tyAhBzFY,UCF0L4jd9LcSIxsj5gKITMqQ,Jaime Higuera,2026-05-17T20:00:24+00:00,2.670428,23787,3570,8907.560885,early
2026-05-20T12:05:48.986097+00:00,ngx0kkS1lr8,UCTv-XvfzLX3i4IGWAm4sbmA,LALIGA EA SPORTS,2026-05-18T02:00:38+00:00,2.420266,34053,3555,14069.941073,early
2026-05-20T12:05:48.986097+00:00,pcnkzTIQXPU,UCdNnEDbRWhanA1O8zhCn3ZA,Omar - Educación Financiera,2026-05-10T22:21:12+00:00,9.57265,38324,3538,4003.489107,active
2026-05-20T12:05:48.986097+00:00,Ej8RGEzrr8k,UCpEhnqL0y41EpW2TvWAHD7Q,SET India,2026-05-16T15:05:00+00:00,3.875567,30126,3531,7773.314202,early
2026-05-20T12:05:48.986097+00:00,7inLoKklicM,UCiWLfSweyRNmLpgEHekhoAg,ESPN,2026-05-19T03:52:47+00:00,1.342384,16874,3521,12570.173661,early
2026-05-20T12:05:48.986097+00:00,hM1TlSzno5g,UCdNnEDbRWhanA1O8zhCn3ZA,Omar - Educación Financiera,2026-05-12T21:44:06+00:00,7.598414,36791,3513,4841.931487,active
2026-05-20T12:05:48.986097+00:00,xjcVnFd-4YA,UCLe_q9axMaeTbjN0hy1Z9xA,Caleb Hammer,2026-04-29T22:01:16+00:00,20.586493,1667037,3498,80977.221327,active
2026-05-20T12:05:48.986097+00:00,a1YjBfdZ8CQ,UC9vUu4vlIlMC0dHQCTvQPbg,The Money Guy Show,2026-05-17T17:00:00+00:00,2.795706,16081,3496,5752.035443,early
2026-05-20T12:05:48.986097+00:00,YHkS_g6Xqwo,UCq-Fj5jknLsUf-MWSy4_brA,T-Series,2026-05-18T10:37:21+00:00,2.061435,59288,3496,28760.547871,early
2026-05-20T12:05:48.986097+00:00,gztlPinApRE,UCOWFKaCN-rzmYk502JFWnqg,Eze Martínez,2026-05-09T17:02:19+00:00,10.794097,776203,3488,71909.952264,active
2026-05-20T12:05:48.986097+00:00,DjWc0_UuMhw,UCWJ2lWNubArHWmf3FIHbfcQ,NBA,2026-05-13T01:50:29+00:00,7.427315,275868,3481,37142.358982,active
2026-05-20T12:05:48.986097+00:00,o1dm8O6Mbeg,UCoGDh1Xa3kUCpok24JN5DKA,enchufetv,2026-05-11T17:00:59+00:00,8.795023,592865,3468,67409.147196,active
2026-05-20T12:05:48.986097+00:00,N1nrrZxzQ_w,UCpcTrCXblq78GZrTUTLWeBw,FIFA,2026-05-18T17:00:20+00:00,1.795474,10802,3435,6016.238609,early
2026-05-20T12:05:48.986097+00:00,5xavf2JzRUo,UCNye-wNBqNL5ZzHSJj3l8Bg,Al Jazeera English,2026-05-18T17:41:04+00:00,1.767187,21480,3433,12154.910601,early
2026-05-20T12:05:48.986097+00:00,MEzrUVNV410,UCurvRE5fGcdUgCYWgh-BDsg,DAZN Boxing,2026-05-18T19:42:01+00:00,1.683194,11047,3421,6563.117502,early
2026-05-20T12:05:48.986097+00:00,Cbfi_2B8EDo,UC16niRr50-MSBwiO3YDb3RA,BBC News,2026-05-18T15:30:07+00:00,1.858125,26679,3420,14358.0222,early
2026-05-20T12:05:48.986097+00:00,4M6U8lrivk0,UCcgVECVN4OKV6DH1jLkqmcA,Jake Paul,2026-05-16T02:07:36+00:00,4.415428,390597,3411,88461.865984,early
2026-05-20T12:05:48.986097+00:00,2UytqLv7xwc,UCK8sQmJBp8GCxrOtXWBpyEA,Google,2026-05-15T16:50:23+00:00,4.802384,20105,3382,4186.46239,early
2026-05-20T12:05:48.986097+00:00,ndkH5fZSIvs,UCWBWgCD4oAqT3hUeq40SCUw,Sambucha,2026-04-28T19:15:03+00:00,21.701921,1097543,3373,50573.541393,active
2026-05-20T12:05:48.986097+00:00,c6EqXrf-yqk,UCLe_q9axMaeTbjN0hy1Z9xA,Caleb Hammer,2026-05-07T19:00:36+00:00,12.711956,998721,3350,78565.485909,active
2026-05-20T12:05:48.986097+00:00,oFt4BZFUUS8,UC52X5wxOL_s5yw0dQk7NtgA,Associated Press,2026-05-19T11:02:56+00:00,1.043669,3594,3329,3443.620535,early
2026-05-20T12:05:48.986097+00:00,1HFNCAAqC0w,UCJHA_jMfCvEnv-3kRjTCQXw,Binging with Babish,2026-05-15T20:30:01+00:00,4.649861,82249,3307,17688.485742,early
2026-05-20T12:05:48.986097+00:00,aQ1YCt8EAzc,UC-2hhqBG5Su7s91_HmhaODQ,Fox Deportes,2026-05-17T23:07:41+00:00,2.54037,32184,3298,12669.020654,early
2026-05-20T12:05:48.986097+00:00,6WdNQboEmi0,UClHVl2N3jPEbkNJVx-ItQIQ,HealthyGamerGG,2026-05-16T16:00:13+00:00,3.837222,48034,3294,12517.910092,early
2026-05-20T12:05:48.986097+00:00,a8KHcQLaesw,UCE_M8A5yxnLfW0KghEeajjw,Apple,2026-05-12T20:47:47+00:00,7.637523,148919,3293,19498.337354,active
2026-05-20T12:05:48.986097+00:00,8qyoJaWdxdA,UCNye-wNBqNL5ZzHSJj3l8Bg,Al Jazeera English,2026-05-18T19:43:45+00:00,1.681991,9855,3291,5859.127665,early
2026-05-20T12:05:48.986097+00:00,HtyVLX7aLuk,UC5PwIMtLiIBCBhsu8f_-6UQ,Santiago Bilinkis,2026-05-17T17:32:15+00:00,2.77331,38348,3286,13827.520183,early
2026-05-20T12:05:48.986097+00:00,io_Ysi-LFWE,UCLe_q9axMaeTbjN0hy1Z9xA,Caleb Hammer,2026-05-01T19:00:46+00:00,18.71184,635981,3265,33988.159369,active
2026-05-20T12:05:48.986097+00:00,0kHJZFOuMWc,UC52hytXteCKmuOzMViTK8_w,CdeCiencia,2026-04-22T19:31:24+00:00,27.690567,1018014,3261,36763.927586,active
2026-05-20T12:05:48.986097+00:00,ExlWYbISs6I,UCWBWgCD4oAqT3hUeq40SCUw,Sambucha,2026-04-29T17:15:03+00:00,20.785254,719081,3254,34595.728299,active
2026-05-20T12:05:48.986097+00:00,DnXn9zXakxQ,UChqUTb7kYRX8-EiaN3XFrSQ,Reuters,2026-05-17T21:39:52+00:00,2.601354,10935,3252,4203.580136,early
2026-05-20T12:05:48.986097+00:00,ouJtLeaMjyc,UC9vUu4vlIlMC0dHQCTvQPbg,The Money Guy Show,2026-05-18T17:00:50+00:00,1.795127,8582,3251,4780.72025,early
2026-05-20T12:05:48.986097+00:00,_C0WxnxzhcI,UCUyDOdBWhC1MCxEjC46d-zw,Alex Hormozi,2026-05-13T11:00:29+00:00,7.04537,219835,3246,31202.76153,active
2026-05-20T12:05:48.986097+00:00,nTN9y-a0ZoI,UCsN32BtMd0IoByjJRNF12cw,60 Minutes,2026-05-18T19:58:51+00:00,1.671504,6494,3246,3885.123817,early
2026-05-20T12:05:48.986097+00:00,xSyOquSXbwQ,UCUP6qv-_EIL0hwTsJaKYnvw,Azteca Noticias,2026-05-18T02:25:22+00:00,2.40309,48665,3238,20251.010158,early
2026-05-20T12:05:48.986097+00:00,-CwTjDFmKNg,UCUBIrDsIVzRpKsClMlSlTpQ,BBC News Mundo,2026-05-18T10:32:55+00:00,2.064514,65617,3237,31783.267151,early
2026-05-20T12:05:48.986097+00:00,W-F-NSEBuac,UCTl3QQTvqHFjurroKxexy2Q,Olympics,2026-05-12T16:00:44+00:00,7.836863,225320,3218,28751.300106,active
2026-05-20T12:05:48.986097+00:00,BkKfKRzpwxg,UCWBWgCD4oAqT3hUeq40SCUw,Sambucha,2026-05-11T17:15:01+00:00,8.785278,305965,3214,34827.014011,active
2026-05-20T12:05:48.986097+00:00,gKBZDF9626U,UCGXbLrVe8vnkiFv7q2vYv3w,El Mundo,2026-05-18T22:00:16+00:00,1.587187,4847,3212,3053.830456,early
2026-05-20T12:05:48.986097+00:00,4PzxlxnHCQk,UCcHtke0raf8vNYLM1Hbq3Jw,Imagen Noticias,2026-05-19T00:00:22+00:00,1.503785,5011,3209,3332.258268,early
2026-05-20T12:05:48.986097+00:00,x9cW0AqikCM,UCJ5v_MCY6GNUBTO8-D3XoAg,WWE,2026-05-14T17:30:26+00:00,5.774572,466801,3208,80837.333053,early
2026-05-20T12:05:48.986097+00:00,n3O7JhYUpEs,UCV6KDgJskWaEckne5aPA0aQ,Graham Stephan,2026-05-12T18:00:48+00:00,7.753484,139589,3202,18003.390476,active
2026-05-20T12:05:48.986097+00:00,bZbgc4GuFqc,UC8p1vwvWtl6T73JiExfWs1g,CBS News,2026-05-17T03:24:54+00:00,3.361748,56571,3198,16827.852653,early
2026-05-20T12:05:48.986097+00:00,d5lYxQjNcao,UCz8QaiQxApLq8sLNcszYyJw,Firstpost,2026-05-17T14:41:19+00:00,2.892014,29752,3176,10287.640378,early
2026-05-20T12:05:48.986097+00:00,sE63KJS4XvA,UCUyDOdBWhC1MCxEjC46d-zw,Alex Hormozi,2026-05-16T09:00:31+00:00,4.12868,55979,3166,13558.570778,early
2026-05-20T12:05:48.986097+00:00,VNznnVzX_3U,UCWJ2lWNubArHWmf3FIHbfcQ,NBA,2026-05-16T04:38:04+00:00,4.310937,165488,3166,38387.942111,early
2026-05-20T12:05:48.986097+00:00,PfZiGQVPbvQ,UCTrQ7HXWRRxr7OsOtodr2_w,Channel 4 News,2026-05-18T12:36:29+00:00,1.978704,21988,3145,11112.324026,early
2026-05-20T12:05:48.986097+00:00,oI22AZb1zhw,UCJ5v_MCY6GNUBTO8-D3XoAg,WWE,2026-05-13T13:31:01+00:00,6.940833,345589,3143,49790.709559,early
2026-05-20T12:05:48.986097+00:00,JDPom9Tnjc4,UCLe_q9axMaeTbjN0hy1Z9xA,Caleb Hammer,2026-05-06T22:00:22+00:00,13.587118,1875214,3137,138014.11013,active
2026-05-20T12:05:48.986097+00:00,8Gd4MRN1ZBI,UCTv-XvfzLX3i4IGWAm4sbmA,LALIGA EA SPORTS,2026-05-17T19:53:32+00:00,2.675197,49043,3137,18332.481683,early
2026-05-20T12:05:48.986097+00:00,lAc7D0vuWdQ,UClLLRs_mFTsNT5U-DqTYAGg,La Vanguardia,2026-05-19T12:12:32+00:00,0.995335,3203,3127,3218.012026,first_24h
2026-05-20T12:05:48.986097+00:00,PclcINwgvUI,UCWJ2lWNubArHWmf3FIHbfcQ,NBA,2026-05-18T00:30:28+00:00,2.482882,26131,3123,10524.463104,early
2026-05-20T12:05:48.986097+00:00,1OVp_HfMpCc,UCGXbLrVe8vnkiFv7q2vYv3w,El Mundo,2026-05-18T18:44:23+00:00,1.723217,88490,3075,51351.628959,early
2026-05-20T12:05:48.986097+00:00,-f4f9HVbOzw,UCdNnEDbRWhanA1O8zhCn3ZA,Omar - Educación Financiera,2026-05-11T22:34:17+00:00,8.563565,59293,3074,6923.868739,active
2026-05-20T12:05:48.986097+00:00,qOMab7NlDeM,UCoLrcjPV5PbUrUyXq5mjc_A,MLB,2026-05-18T17:27:34+00:00,1.776562,25527,3070,14368.763938,early
2026-05-20T12:05:48.986097+00:00,kQpXEqsK0ys,UCvgfXK4nTYKudb0rFR6noLA,UFC,2026-05-17T02:01:56+00:00,3.419363,86594,3069,25324.599933,early
2026-05-20T12:05:48.986097+00:00,aqPlGUMoGF4,UCq-Fj5jknLsUf-MWSy4_brA,T-Series,2026-05-15T03:57:14+00:00,5.339294,110766,3064,20745.439378,early
2026-05-20T12:05:48.986097+00:00,5dMy9g_cOj8,UCiWLfSweyRNmLpgEHekhoAg,ESPN,2026-05-18T14:40:42+00:00,1.892442,13199,3064,6974.586275,early
2026-05-20T12:05:48.986097+00:00,xrhB808C3SY,UCJ5v_MCY6GNUBTO8-D3XoAg,WWE,2026-05-12T00:50:41+00:00,8.468842,842678,3054,99503.332333,active
2026-05-20T12:05:48.986097+00:00,NjuU6sn9uCI,UCJHA_jMfCvEnv-3kRjTCQXw,Binging with Babish,2026-05-13T21:30:10+00:00,6.60809,135626,3041,20524.236201,early
2026-05-20T12:05:48.986097+00:00,Mp55xJkHHKg,UCtwslQPB_xJfaFuZv0OETNw,Kings League Spain,2026-05-17T13:30:12+00:00,2.9414,17373,3028,5906.371116,early
2026-05-20T12:05:48.986097+00:00,-sQi75QrtYM,UCTHaNTsP7hsVgBxARZTuajw,LUZU TV,2026-05-12T15:24:14+00:00,7.86221,71839,3017,9137.252757,active
2026-05-20T12:05:48.986097+00:00,t3D5ciqCG74,UCnsvJeZO4RigQ898WdDNoBw,EL PAÍS,2026-05-19T09:57:26+00:00,1.089155,3554,2999,3263.080094,early
2026-05-20T12:05:48.986097+00:00,lVXqoJZ6634,UClHVl2N3jPEbkNJVx-ItQIQ,HealthyGamerGG,2026-05-16T22:00:42+00:00,3.586886,50683,2998,14130.083867,early
2026-05-20T12:05:48.986097+00:00,wDUtigax8Lg,UCWBWgCD4oAqT3hUeq40SCUw,Sambucha,2026-05-05T19:15:03+00:00,14.701921,1428971,2982,97196.209937,active
2026-05-20T12:05:48.986097+00:00,P3LWOgtDcp4,UCupvZG-5ko_eiXAupbDfxWw,CNN,2026-05-17T08:48:39+00:00,3.136921,118187,2982,37676.116166,early
2026-05-20T12:05:48.986097+00:00,CazfbEIAEVA,UCWJ2lWNubArHWmf3FIHbfcQ,NBA,2026-05-19T02:48:59+00:00,1.38669,15512,2982,11186.35023,early
2026-05-20T12:05:48.986097+00:00,_NU9ZHgkjOk,UCupvZG-5ko_eiXAupbDfxWw,CNN,2026-05-18T06:30:24+00:00,2.232928,41265,2981,18480.219694,early
2026-05-20T12:05:48.986097+00:00,qwsHudIxICY,UCJ5v_MCY6GNUBTO8-D3XoAg,WWE,2026-05-12T01:26:11+00:00,8.44419,200271,2966,23717.017263,active
2026-05-20T12:05:48.986097+00:00,f6hphaC-KKc,UCUP6qv-_EIL0hwTsJaKYnvw,Azteca Noticias,2026-05-18T21:35:25+00:00,1.604444,10574,2965,6590.445039,early
2026-05-20T12:05:48.986097+00:00,iRach9lpIlg,UCHnyfMqiRRG1u-2MsSQLbXA,Veritasium,2026-04-27T13:18:46+00:00,22.94934,1085918,2960,47318.049234,active
2026-05-20T12:05:48.986097+00:00,DkXuN6MqDGg,UC16niRr50-MSBwiO3YDb3RA,BBC News,2026-05-16T09:47:11+00:00,4.096273,69713,2959,17018.641092,early
2026-05-20T12:05:48.986097+00:00,ArA_8v8LTfY,UC1viRct91s1a3Z5yvk7FJXw,Diego Ruzzarin,2026-05-10T18:00:08+00:00,9.753947,316913,2956,32490.744516,active
2026-05-20T12:05:48.986097+00:00,tI2ZuhhrzA0,UCpEhnqL0y41EpW2TvWAHD7Q,SET India,2026-05-16T10:30:28+00:00,4.066215,51224,2954,12597.464718,early
2026-05-20T12:05:48.986097+00:00,yE8fJOgv7Pc,UCLe_q9axMaeTbjN0hy1Z9xA,Caleb Hammer,2026-04-30T19:00:50+00:00,19.711794,1033435,2949,52427.24229,active
2026-05-20T12:05:48.986097+00:00,B0AUzVl9sxs,UCTl3QQTvqHFjurroKxexy2Q,Olympics,2026-05-17T13:45:57+00:00,2.930463,43428,2922,14819.501219,early
2026-05-20T12:05:48.986097+00:00,T84xE0ukJ30,UCWJ2lWNubArHWmf3FIHbfcQ,NBA,2026-05-16T05:43:37+00:00,4.265417,139184,2906,32630.807258,early
2026-05-20T12:05:48.986097+00:00,31t_CBePs34,UCOWFKaCN-rzmYk502JFWnqg,Eze Martínez,2026-04-26T17:01:40+00:00,23.794548,1273484,2895,53519.991218,active
2026-05-20T12:05:48.986097+00:00,4Y94xhZcF0U,UCF0L4jd9LcSIxsj5gKITMqQ,Jaime Higuera,2026-05-10T20:30:01+00:00,9.649861,39779,2895,4122.235543,active
2026-05-20T12:05:48.986097+00:00,o63YHARQLfE,UC16niRr50-MSBwiO3YDb3RA,BBC News,2026-05-18T12:43:30+00:00,1.973831,19841,2895,10052.025731,early
2026-05-20T12:05:48.986097+00:00,9u69KSmLvPY,UCJ5v_MCY6GNUBTO8-D3XoAg,WWE,2026-05-15T15:30:10+00:00,4.85809,176218,2870,36273.103215,early
2026-05-20T12:05:48.986097+00:00,nJ0oh5u6YbM,UCUyDOdBWhC1MCxEjC46d-zw,Alex Hormozi,2026-04-21T19:00:00+00:00,28.712373,170651,2862,5943.465558,active
2026-05-20T12:05:48.986097+00:00,GDex3WIPF7c,UCLe_q9axMaeTbjN0hy1Z9xA,Caleb Hammer,2026-04-30T22:00:21+00:00,19.587129,1727638,2858,88202.717203,active
2026-05-20T12:05:48.986097+00:00,mtkyom9C-ME,UC16niRr50-MSBwiO3YDb3RA,BBC News,2026-05-17T13:45:08+00:00,2.93103,19636,2857,6699.351423,early
2026-05-20T12:05:48.986097+00:00,Jv_D2WMYSoU,UCvgfXK4nTYKudb0rFR6noLA,UFC,2026-05-17T02:33:27+00:00,3.397477,47301,2857,13922.390056,early
2026-05-20T12:05:48.986097+00:00,VCFDGjCcWZs,UC52hytXteCKmuOzMViTK8_w,CdeCiencia,2026-05-06T19:44:38+00:00,13.681377,275523,2855,20138.543072,active
2026-05-20T12:05:48.986097+00:00,azcQ3myzPYc,UCFxHplbcoJK9m70c4VyTIxg,MILENIO,2026-05-19T03:30:02+00:00,1.358183,4524,2852,3330.920796,early
2026-05-20T12:05:48.986097+00:00,0gYpF6XxKZ8,UCTl3QQTvqHFjurroKxexy2Q,Olympics,2026-05-17T16:00:06+00:00,2.837303,35986,2842,12683.171307,early
2026-05-20T12:05:48.986097+00:00,opmScea_drU,UCi7TVXyvrIwqeS9tfYD8UDA,DjMaRiiO,2026-05-15T18:04:08+00:00,4.751169,70701,2829,14880.75882,early
2026-05-20T12:05:48.986097+00:00,vWGNGtG8vqc,UCJ5v_MCY6GNUBTO8-D3XoAg,WWE,2026-05-13T02:24:00+00:00,7.404039,318273,2799,42986.402422,active
2026-05-20T12:05:48.986097+00:00,xWoQrYbqst4,UCGXbLrVe8vnkiFv7q2vYv3w,El Mundo,2026-05-18T17:03:44+00:00,1.793113,7361,2794,4105.151209,early
2026-05-20T12:05:48.986097+00:00,8JFlOG2nqao,UCoLrcjPV5PbUrUyXq5mjc_A,MLB,2026-05-19T00:19:52+00:00,1.490243,19300,2791,12950.908006,early
2026-05-20T12:05:48.986097+00:00,2m72uCVigxw,UCTv-XvfzLX3i4IGWAm4sbmA,LALIGA EA SPORTS,2026-05-18T00:52:49+00:00,2.467361,48616,2787,19703.64288,early
2026-05-20T12:05:48.986097+00:00,EgzcpmwVXeo,UC16niRr50-MSBwiO3YDb3RA,BBC News,2026-05-17T11:30:10+00:00,3.024757,54815,2781,18122.116917,early
2026-05-20T12:05:48.986097+00:00,mT5zyqYu2A4,UCpcTrCXblq78GZrTUTLWeBw,FIFA,2026-05-15T20:30:06+00:00,4.649803,44066,2781,9476.960637,early
2026-05-20T12:05:48.986097+00:00,4GXJ80uiJAk,UCujyjxsq5FZNVnQro51zKSQ,fuslie,2026-05-13T15:00:13+00:00,6.878889,162648,2781,23644.515851,early
2026-05-20T12:05:48.986097+00:00,GhfJPapoAXQ,UCX16cLWl6dCjlZMgUBxgGkA,CuriosaMente,2026-05-14T18:00:13+00:00,5.753889,113352,2777,19700.067207,early
2026-05-20T12:05:48.986097+00:00,enezRm-fNak,UCz8QaiQxApLq8sLNcszYyJw,Firstpost,2026-05-19T01:34:57+00:00,1.438102,9468,2777,6583.677653,early
2026-05-20T12:05:48.986097+00:00,Bcag49Fk3zA,UCLe_q9axMaeTbjN0hy1Z9xA,Caleb Hammer,2026-04-26T22:00:19+00:00,23.587153,1497773,2773,63499.524508,active
2026-05-20T12:05:48.986097+00:00,BePKAnumVdY,UCnsvJeZO4RigQ898WdDNoBw,EL PAÍS,2026-05-17T20:30:07+00:00,2.649792,9929,2760,3747.086564,early
2026-05-20T12:05:48.986097+00:00,eFH8u-_SAGk,UCsN32BtMd0IoByjJRNF12cw,60 Minutes,2026-05-12T00:47:36+00:00,8.470984,203584,2760,24033.099342,active
2026-05-20T12:05:48.986097+00:00,QayZfVaC5NA,UCNye-wNBqNL5ZzHSJj3l8Bg,Al Jazeera English,2026-05-18T08:25:37+00:00,2.152917,19159,2752,8899.089003,early
2026-05-20T12:05:48.986097+00:00,8WaOsUdfi6c,UCLe_q9axMaeTbjN0hy1Z9xA,Caleb Hammer,2026-05-12T01:00:08+00:00,8.46228,1521166,2750,179758.410263,active
2026-05-20T12:05:48.986097+00:00,INebwLyoqKk,UCcgVECVN4OKV6DH1jLkqmcA,Jake Paul,2026-05-14T22:00:30+00:00,5.587025,53354,2747,9549.626143,early
2026-05-20T12:05:48.986097+00:00,T8B5NNrCCYo,UCpcTrCXblq78GZrTUTLWeBw,FIFA,2026-05-17T14:30:16+00:00,2.899687,45149,2744,15570.301208,early
2026-05-20T12:05:48.986097+00:00,hB4ITKEZI9o,UC3IZKseVpdzPSBaWxBxundA,HYBE LABELS,2026-05-12T09:00:51+00:00,8.128449,122844,2734,15112.846251,active
2026-05-20T12:05:48.986097+00:00,AuE0FsEHA4o,UC16niRr50-MSBwiO3YDb3RA,BBC News,2026-05-16T15:30:26+00:00,3.857905,121261,2726,31431.826341,early
2026-05-20T12:05:48.986097+00:00,Mc3aDdjhZaE,UCvgfXK4nTYKudb0rFR6noLA,UFC,2026-05-16T22:46:02+00:00,3.555405,52522,2721,14772.43802,early
2026-05-20T12:05:48.986097+00:00,lnhCmY079kM,UCi7TVXyvrIwqeS9tfYD8UDA,DjMaRiiO,2026-05-12T17:18:12+00:00,7.783067,347528,2720,44651.806287,active
2026-05-20T12:05:48.986097+00:00,oIqydCvxWBI,UCTrQ7HXWRRxr7OsOtodr2_w,Channel 4 News,2026-05-14T12:28:51+00:00,5.984004,109815,2717,18351.424899,early
2026-05-20T12:05:48.986097+00:00,x07sYDEfGsA,UC52X5wxOL_s5yw0dQk7NtgA,Associated Press,2026-05-19T05:50:34+00:00,1.26059,3963,2716,3143.766014,early
2026-05-20T12:05:48.986097+00:00,_xhtwLsZesU,UCurvRE5fGcdUgCYWgh-BDsg,DAZN Boxing,2026-05-18T06:00:20+00:00,2.253808,13483,2706,5982.319701,early
2026-05-20T12:05:48.986097+00:00,zXp9hFAJPZ8,UCF0L4jd9LcSIxsj5gKITMqQ,Jaime Higuera,2026-05-18T13:01:39+00:00,1.961227,8040,2706,4099.474462,early
2026-05-20T12:05:48.986097+00:00,YOnNGanZUaQ,UCfyehHM_eo4g5JUyWmms2LA,Sorted Food,2026-05-14T14:00:52+00:00,5.920104,55056,2693,9299.836624,early
2026-05-20T12:05:48.986097+00:00,qKSaWrt7jZQ,UCoLrcjPV5PbUrUyXq5mjc_A,MLB,2026-05-17T14:30:28+00:00,2.899548,68939,2683,23775.774707,early
2026-05-20T12:05:48.986097+00:00,NCXLk1BmHmU,UCF0L4jd9LcSIxsj5gKITMqQ,Jaime Higuera,2026-05-13T17:00:33+00:00,6.795324,37800,2680,5562.648668,early
2026-05-20T12:05:48.986097+00:00,kZQ9DHOE0vU,UCEAZeUIeJs0IjQiqTCdVSIg,Yahoo Finance,2026-05-18T23:36:06+00:00,1.520636,4920,2680,3235.488309,early
2026-05-20T12:05:48.986097+00:00,O12RoSwTum4,UChhw6DlKKTQ9mYSpTfXUYqA,Starter Story,2026-05-16T22:00:39+00:00,3.586921,30780,2678,8581.175889,early
2026-05-20T12:05:48.986097+00:00,-0GoyR3OSYw,UChGJGhZ9SOOHvBB0Y4DOO_w,Ryan's World,2026-05-13T21:33:20+00:00,6.605891,53475,2676,8095.047284,early
2026-05-20T12:05:48.986097+00:00,vjdQjYLaGRo,UC2iUwfYi_1FCGGqhOUNx-iA,ScreenRant,2026-05-18T21:01:01+00:00,1.628333,9237,2667,5672.672604,early
2026-05-20T12:05:48.986097+00:00,3FV3eXJOS34,UChGJGhZ9SOOHvBB0Y4DOO_w,Ryan's World,2026-05-13T17:51:15+00:00,6.760116,54029,2662,7992.318475,early
2026-05-20T12:05:48.986097+00:00,qdkP87qPLzE,UCurvRE5fGcdUgCYWgh-BDsg,DAZN Boxing,2026-05-16T22:56:35+00:00,3.548079,130302,2656,36724.661429,early
2026-05-20T12:05:48.986097+00:00,wgQltkcZqlM,UCGXbLrVe8vnkiFv7q2vYv3w,El Mundo,2026-05-18T14:32:54+00:00,1.897859,13779,2655,7260.28646,early
2026-05-20T12:05:48.986097+00:00,UDvmpRdWJTo,UClLLRs_mFTsNT5U-DqTYAGg,La Vanguardia,2026-05-18T10:40:52+00:00,2.058993,7432,2644,3609.531455,early
2026-05-20T12:05:48.986097+00:00,Wr5ZSDzcMgs,UCUyDOdBWhC1MCxEjC46d-zw,Alex Hormozi,2026-05-16T03:00:30+00:00,4.378692,91719,2642,20946.666265,early
2026-05-20T12:05:48.986097+00:00,CihG0xTS_2U,UCGXbLrVe8vnkiFv7q2vYv3w,El Mundo,2026-05-19T12:13:55+00:00,0.994375,2660,2642,2675.04714,first_24h
2026-05-20T12:05:48.986097+00:00,csHNXlv1rqo,UCYUQQgogVeQY8cMQamhHJcg,CinemaSins,2026-05-15T14:00:59+00:00,4.920023,51594,2615,10486.536343,early
2026-05-20T12:05:48.986097+00:00,3PZ3d4eNWrc,UCWBWgCD4oAqT3hUeq40SCUw,Sambucha,2026-05-01T17:15:00+00:00,18.785289,956547,2613,50920.004478,active
2026-05-20T12:05:48.986097+00:00,DSRfs1qKWR0,UCQHX6ViZmPsWiYSFAyS0a3Q,GothamChess,2026-04-22T20:30:05+00:00,27.649815,504193,2605,18234.950216,active
2026-05-20T12:05:48.986097+00:00,0dmGitMQvp0,UCoLrcjPV5PbUrUyXq5mjc_A,MLB,2026-05-18T14:30:01+00:00,1.899861,31273,2605,16460.677913,early
2026-05-20T12:05:48.986097+00:00,Rxqy0jYas0k,UC-2hhqBG5Su7s91_HmhaODQ,Fox Deportes,2026-05-19T04:42:36+00:00,1.307789,2792,2604,2134.900966,early
2026-05-20T12:05:48.986097+00:00,k3OVdyDbVGo,UC16niRr50-MSBwiO3YDb3RA,BBC News,2026-05-18T18:00:39+00:00,1.753588,11572,2589,6599.041508,early
2026-05-20T12:05:48.986097+00:00,fTe416rfdyM,UC16niRr50-MSBwiO3YDb3RA,BBC News,2026-05-17T04:45:02+00:00,3.306099,30429,2585,9203.898613,early
2026-05-20T12:05:48.986097+00:00,wx5a_iHakZ4,UCurvRE5fGcdUgCYWgh-BDsg,DAZN Boxing,2026-05-13T11:08:20+00:00,7.039919,72998,2583,10369.153395,active
2026-05-20T12:05:48.986097+00:00,VzD5MZr6FA0,UCupvZG-5ko_eiXAupbDfxWw,CNN,2026-05-15T10:38:45+00:00,5.060463,697167,2577,137767.433533,early
2026-05-20T12:05:48.986097+00:00,lHE9XCg86cc,UCYVinkwSX7szARULgYpvhLw,Ali-A,2026-05-14T19:18:08+00:00,5.69978,85570,2576,15012.860145,early
2026-05-20T12:05:48.986097+00:00,GfCGSsB3pBg,UCz8QaiQxApLq8sLNcszYyJw,Firstpost,2026-05-18T06:57:12+00:00,2.214317,17967,2576,8114.014389,early
2026-05-20T12:05:48.986097+00:00,uo6uWW5dvJA,UCz8QaiQxApLq8sLNcszYyJw,Firstpost,2026-05-18T17:54:56+00:00,1.757558,12504,2573,7114.416708,early
2026-05-20T12:05:48.986097+00:00,_6RmQ1QgpdQ,UCoLrcjPV5PbUrUyXq5mjc_A,MLB,2026-05-17T01:55:59+00:00,3.423495,64748,2572,18912.836151,early
2026-05-20T12:05:48.986097+00:00,dj4MPMizG8U,UCHhYXsLBEVVnbvsq57n1MTQ,The AI Advantage,2026-05-18T13:25:05+00:00,1.944954,6848,2558,3520.905893,early
2026-05-20T12:05:48.986097+00:00,nZ4JI34_Q_g,UCyJbb85EUgWjl38GcF236Jg,Eva Maria Beristain,2026-05-13T17:39:45+00:00,6.768102,186484,2557,27553.367251,early
2026-05-20T12:05:48.986097+00:00,zXrz8u2_8go,UCupvZG-5ko_eiXAupbDfxWw,CNN,2026-05-12T14:26:22+00:00,7.902396,230102,2536,29118.00421,active
2026-05-20T12:05:48.986097+00:00,3clMq15Oyho,UC52X5wxOL_s5yw0dQk7NtgA,Associated Press,2026-05-18T23:05:51+00:00,1.541643,20933,2535,13578.370609,early
2026-05-20T12:05:48.986097+00:00,Y0xLwBgodtk,UCCEmjNPpJYhGDgaEqeeA4HA,TheGrefg,2026-05-13T17:43:04+00:00,6.765798,182827,2513,27022.237436,early
2026-05-20T12:05:48.986097+00:00,gliuNoYzXn4,UC52X5wxOL_s5yw0dQk7NtgA,Associated Press,2026-05-19T12:16:27+00:00,0.992616,2963,2506,2985.041547,first_24h
2026-05-20T12:05:48.986097+00:00,9Zn4-wnKL5g,UCGXbLrVe8vnkiFv7q2vYv3w,El Mundo,2026-05-19T09:12:07+00:00,1.120625,4117,2503,3673.842722,early
2026-05-20T12:05:48.986097+00:00,vhf86zNtau4,UCnsvJeZO4RigQ898WdDNoBw,EL PAÍS,2026-05-17T20:54:46+00:00,2.632673,13524,2502,5136.98435,early
2026-05-20T12:05:48.986097+00:00,D-fTeBGkuF4,UCJ5v_MCY6GNUBTO8-D3XoAg,WWE,2026-05-12T02:55:00+00:00,8.382511,411841,2493,49130.982351,active
2026-05-20T12:05:48.986097+00:00,wy3a_xJI3so,UCWBWgCD4oAqT3hUeq40SCUw,Sambucha,2026-04-26T17:15:03+00:00,23.785254,981968,2482,41284.738855,active
2026-05-20T12:05:48.986097+00:00,bMNNXwLGM04,UCUyDOdBWhC1MCxEjC46d-zw,Alex Hormozi,2026-05-16T07:00:09+00:00,4.212268,26514,2476,6294.471292,early
2026-05-20T12:05:48.986097+00:00,qrmEmu7nDFc,UCLe_q9axMaeTbjN0hy1Z9xA,Caleb Hammer,2026-05-11T22:00:56+00:00,8.586724,280513,2475,32668.221315,active
2026-05-20T12:05:48.986097+00:00,Rij6WQMuxcw,UCWBWgCD4oAqT3hUeq40SCUw,Sambucha,2026-05-04T17:15:01+00:00,15.785278,422985,2474,26796.170457,active
2026-05-20T12:05:48.986097+00:00,AKharoUSSFs,UCnsvJeZO4RigQ898WdDNoBw,EL PAÍS,2026-05-18T19:57:09+00:00,1.672685,10538,2474,6300.050518,early
2026-05-20T12:05:48.986097+00:00,Ih71-EbhGoo,UCNye-wNBqNL5ZzHSJj3l8Bg,Al Jazeera English,2026-05-16T22:59:03+00:00,3.546366,89382,2472,25203.82837,early
2026-05-20T12:05:48.986097+00:00,XywCvCfnN6o,UCafNntv_qTQB26AvbEQNHPw,Aristegui Noticias,2026-05-16T21:00:27+00:00,3.628727,120135,2465,33106.651451,early
2026-05-20T12:05:48.986097+00:00,BVCcjqYlfXg,UCWBWgCD4oAqT3hUeq40SCUw,Sambucha,2026-05-07T17:15:02+00:00,12.785266,496959,2464,38869.664503,active
2026-05-20T12:05:48.986097+00:00,Anqujq9P1N4,UC-2hhqBG5Su7s91_HmhaODQ,Fox Deportes,2026-05-18T06:46:20+00:00,2.221863,11862,2461,5338.763011,early
2026-05-20T12:05:48.986097+00:00,tJszAbpxkjw,UCaO6TYtlC8U5ttz62hTrZgg,JYP Entertainment,2026-05-14T15:00:01+00:00,5.879028,187774,2457,31939.633558,early
2026-05-20T12:05:48.986097+00:00,Y7M--n2sHy4,UC16niRr50-MSBwiO3YDb3RA,BBC News,2026-05-17T03:15:01+00:00,3.368611,33989,2451,10089.915398,early
2026-05-20T12:05:48.986097+00:00,KsS921WBuxc,UCeY0bbntWzzVIaj2z3QigXg,NBC News,2026-05-19T12:14:59+00:00,0.993634,2990,2442,3009.156289,first_24h
2026-05-20T12:05:48.986097+00:00,4is5j_JbhJo,UCYVinkwSX7szARULgYpvhLw,Ali-A,2026-05-16T15:01:24+00:00,3.878067,39423,2439,10165.631486,early
2026-05-20T12:05:48.986097+00:00,SRq2k75uLVo,UCQX_MZRCaluNKxkywkLEgfA,Date un Vlog,2026-05-08T20:51:16+00:00,11.635104,951901,2437,81812.848428,active
2026-05-20T12:05:48.986097+00:00,uL7CxFfy9EA,UCY30JRSgfhYXA6i6xX1erWg,Smosh,2026-05-13T01:00:47+00:00,7.461829,151845,2432,20349.56845,active
2026-05-20T12:05:48.986097+00:00,ODGG9DFu1Y4,UCwd_qoS94df5orGoPLPnsxQ,Franco Pisso,2026-05-15T13:00:42+00:00,4.961886,50022,2425,10081.247332,early
2026-05-20T12:05:48.986097+00:00,Mhujnm1obN0,UC52X5wxOL_s5yw0dQk7NtgA,Associated Press,2026-05-18T13:23:00+00:00,1.9464,13003,2423,6680.53843,early
2026-05-20T12:05:48.986097+00:00,dgwVbhoqLZs,UCeY0bbntWzzVIaj2z3QigXg,NBC News,2026-05-18T12:00:45+00:00,2.003518,24604,2416,12280.398779,early
2026-05-20T12:05:48.986097+00:00,KatJ8GtWgBk,UCtwslQPB_xJfaFuZv0OETNw,Kings League Spain,2026-05-18T11:16:11+00:00,2.034467,21214,2415,10427.301106,early
2026-05-20T12:05:48.986097+00:00,oRVJREzko-M,UCWBWgCD4oAqT3hUeq40SCUw,Sambucha,2026-04-29T19:15:03+00:00,20.701921,663664,2410,32058.087749,active
2026-05-20T12:05:48.986097+00:00,C8H8wqPP3-g,UCUsm-fannqOY02PNN67C0KA,NMás,2026-05-19T03:46:29+00:00,1.346759,4522,2407,3357.690574,early
2026-05-20T12:05:48.986097+00:00,W6jMh7mDK2I,UCz8QaiQxApLq8sLNcszYyJw,Firstpost,2026-05-16T11:17:11+00:00,4.033773,58708,2397,14554.11596,early
2026-05-20T12:05:48.986097+00:00,IRar1M3k_b4,UCvgfXK4nTYKudb0rFR6noLA,UFC,2026-05-14T17:30:03+00:00,5.774838,192482,2393,33331.151454,early
2026-05-20T12:05:48.986097+00:00,tathhs5CT0o,UCz8QaiQxApLq8sLNcszYyJw,Firstpost,2026-05-18T18:32:36+00:00,1.7314,17782,2387,10270.30149,early
2026-05-20T12:05:48.986097+00:00,Z1jIWKwoPGQ,UCupvZG-5ko_eiXAupbDfxWw,CNN,2026-05-17T05:17:12+00:00,3.283761,40069,2382,12202.166966,early
2026-05-20T12:05:48.986097+00:00,IF5QrYc0IA0,UCWJ2lWNubArHWmf3FIHbfcQ,NBA,2026-05-18T00:53:12+00:00,2.467095,90720,2375,36771.992971,early
2026-05-20T12:05:48.986097+00:00,VgH5rhALEfU,UCWBWgCD4oAqT3hUeq40SCUw,Sambucha,2026-04-30T19:15:03+00:00,19.701921,737796,2369,37447.921956,active
2026-05-20T12:05:48.986097+00:00,f6msTAJpzdI,UCTHaNTsP7hsVgBxARZTuajw,LUZU TV,2026-05-16T02:08:00+00:00,4.41515,102110,2366,23127.187072,early
2026-05-20T12:05:48.986097+00:00,uV-pJ_DappQ,UCUsm-fannqOY02PNN67C0KA,NMás,2026-05-19T06:14:18+00:00,1.244109,3598,2362,2892.029557,early
2026-05-20T12:05:48.986097+00:00,-uSQcEfnKp0,UCLe_q9axMaeTbjN0hy1Z9xA,Caleb Hammer,2026-04-25T16:00:01+00:00,24.837361,684222,2357,27548.09579,active
2026-05-20T12:05:48.986097+00:00,uvGuZV8p1sU,UCupvZG-5ko_eiXAupbDfxWw,CNN,2026-05-17T20:00:56+00:00,2.670058,36503,2335,13671.238602,early
2026-05-20T12:05:48.986097+00:00,3VjzPvtakEs,UCGXbLrVe8vnkiFv7q2vYv3w,El Mundo,2026-05-18T09:16:27+00:00,2.117616,19541,2332,9227.829786,early
2026-05-20T12:05:48.986097+00:00,DEi104eHdio,UCq-Fj5jknLsUf-MWSy4_brA,T-Series,2026-05-12T07:01:39+00:00,8.211227,81105,2329,9877.330148,active
2026-05-20T12:05:48.986097+00:00,-gLT7o-9qyM,UCTJXx9onKH6g4cWHS9pLqsQ,El HuffPost,2026-05-19T11:09:39+00:00,1.039004,2593,2324,2495.659304,early
2026-05-20T12:05:48.986097+00:00,qz0DaT5bMRs,UC55-mxUj5Nj3niXFReG44OQ,Platzi,2026-05-16T18:17:28+00:00,3.74191,13621,2313,3640.119618,early
2026-05-20T12:05:48.986097+00:00,Cj-4h0um42U,UCpEhnqL0y41EpW2TvWAHD7Q,SET India,2026-05-18T07:57:20+00:00,2.172558,12068,2310,5554.742382,early
2026-05-20T12:05:48.986097+00:00,OjbxCNnJcEU,UCLe_q9axMaeTbjN0hy1Z9xA,Caleb Hammer,2026-05-10T16:00:39+00:00,9.836921,998804,2305,101536.242896,active
2026-05-20T12:05:48.986097+00:00,yGEquY7XS7I,UCvgfXK4nTYKudb0rFR6noLA,UFC,2026-05-17T00:48:44+00:00,3.470197,29309,2305,8445.9182,early
2026-05-20T12:05:48.986097+00:00,9jL2GXI901s,UCUsm-fannqOY02PNN67C0KA,NMás,2026-05-19T00:53:50+00:00,1.466655,18103,2305,12343.052729,early
2026-05-20T12:05:48.986097+00:00,--UCem2GYs4,UC52X5wxOL_s5yw0dQk7NtgA,Associated Press,2026-05-18T11:44:28+00:00,2.014826,14950,2300,7419.995573,early
2026-05-20T12:05:48.986097+00:00,YPboGQjMxNY,UCQHX6ViZmPsWiYSFAyS0a3Q,GothamChess,2026-04-22T11:17:01+00:00,28.033889,364760,2290,13011.394887,active
2026-05-20T12:05:48.986097+00:00,3UoxgfPiluc,UCJ5v_MCY6GNUBTO8-D3XoAg,WWE,2026-05-13T01:46:10+00:00,7.430312,186313,2275,25074.720954,active
2026-05-20T12:05:48.986097+00:00,_WKQnz3yl_U,UCfyehHM_eo4g5JUyWmms2LA,Sorted Food,2026-05-16T14:00:47+00:00,3.920162,35574,2274,9074.624977,early
2026-05-20T12:05:48.986097+00:00,84WA812hUsk,UCvgfXK4nTYKudb0rFR6noLA,UFC,2026-05-16T22:38:01+00:00,3.560972,84206,2260,23646.914382,early
2026-05-20T12:05:48.986097+00:00,H-1ixeKFT_A,UCvgfXK4nTYKudb0rFR6noLA,UFC,2026-05-17T04:19:26+00:00,3.323877,100460,2256,30223.741733,early
2026-05-20T12:05:48.986097+00:00,jQ1nATDNcYE,UCWJ2lWNubArHWmf3FIHbfcQ,NBA,2026-05-19T01:26:10+00:00,1.444201,13578,2254,9401.738401,early
2026-05-20T12:05:48.986097+00:00,0HSNPIttevk,UCLe_q9axMaeTbjN0hy1Z9xA,Caleb Hammer,2026-04-26T19:00:00+00:00,23.712373,1112689,2251,46924.405246,active
2026-05-20T12:05:48.986097+00:00,Sq5PmpbEEHU,UCpEhnqL0y41EpW2TvWAHD7Q,SET India,2026-05-15T16:15:06+00:00,4.826886,73067,2249,15137.50273,early
2026-05-20T12:05:48.986097+00:00,c0dXZFSLtZE,UCiWLfSweyRNmLpgEHekhoAg,ESPN,2026-05-18T17:04:34+00:00,1.792535,10396,2248,5799.607818,early
2026-05-20T12:05:48.986097+00:00,IhuU5n6jH2w,UCsN32BtMd0IoByjJRNF12cw,60 Minutes,2026-05-18T19:59:09+00:00,1.671296,5524,2242,3305.219423,early
2026-05-20T12:05:48.986097+00:00,BAORYfrrBzc,UCWBWgCD4oAqT3hUeq40SCUw,Sambucha,2026-05-04T19:15:00+00:00,15.701956,638522,2238,40665.124778,active
2026-05-20T12:05:48.986097+00:00,Y254oB1QNOE,UCLe_q9axMaeTbjN0hy1Z9xA,Caleb Hammer,2026-04-30T16:01:03+00:00,19.836643,407766,2232,20556.199958,active
2026-05-20T12:05:48.986097+00:00,1IpiqtMZeoU,UCGXbLrVe8vnkiFv7q2vYv3w,El Mundo,2026-05-19T08:15:14+00:00,1.160127,4611,2226,3974.564854,early
2026-05-20T12:05:48.986097+00:00,M6WOc_HDPBw,UCTrQ7HXWRRxr7OsOtodr2_w,Channel 4 News,2026-05-18T14:56:25+00:00,1.881528,16905,2223,8984.718803,early
2026-05-20T12:05:48.986097+00:00,GfFrjfpvpY0,UCaO6TYtlC8U5ttz62hTrZgg,JYP Entertainment,2026-05-12T15:07:33+00:00,7.873796,240310,2222,30520.221758,active
2026-05-20T12:05:48.986097+00:00,MV4K5WhqbUk,UCpEhnqL0y41EpW2TvWAHD7Q,SET India,2026-05-16T07:30:09+00:00,4.191435,52764,2217,12588.52875,early
2026-05-20T12:05:48.986097+00:00,jwkXWZKLpFk,UCUyDOdBWhC1MCxEjC46d-zw,Alex Hormozi,2026-05-11T15:09:28+00:00,8.872465,284663,2210,32083.868463,active
2026-05-20T12:05:48.986097+00:00,n2T6AOoUkOM,UCLe_q9axMaeTbjN0hy1Z9xA,Caleb Hammer,2026-05-02T19:00:42+00:00,17.711886,2917834,2203,164738.752271,active
2026-05-20T12:05:48.986097+00:00,ejSs5hNQVJU,UCaVPhFg-Ax873wvhbNitsrQ,El Robot de Platón,2026-05-15T21:01:19+00:00,4.628125,70056,2197,15137.01553,early
2026-05-20T12:05:48.986097+00:00,vUvePxpksHU,UCvgfXK4nTYKudb0rFR6noLA,UFC,2026-05-17T00:22:40+00:00,3.488298,29909,2197,8574.095447,early
2026-05-20T12:05:48.986097+00:00,-H1jK2bskvk,UCTv-XvfzLX3i4IGWAm4sbmA,LALIGA EA SPORTS,2026-05-11T16:00:01+00:00,8.837361,1108666,2197,125452.157041,active
2026-05-20T12:05:48.986097+00:00,aiezpWPZatc,UCq-Fj5jknLsUf-MWSy4_brA,T-Series,2026-05-18T08:05:22+00:00,2.166979,62566,2192,28872.453309,early
2026-05-20T12:05:48.986097+00:00,uZo3hzCUNsM,UCLe_q9axMaeTbjN0hy1Z9xA,Caleb Hammer,2026-05-08T19:00:52+00:00,11.711771,1685374,2180,143904.282281,active
2026-05-20T12:05:48.986097+00:00,sLZDxyQNlrI,UCcHtke0raf8vNYLM1Hbq3Jw,Imagen Noticias,2026-05-18T21:11:12+00:00,1.621261,23712,2178,14625.652501,early
2026-05-20T12:05:48.986097+00:00,1qAFnu8ZtsA,UCNye-wNBqNL5ZzHSJj3l8Bg,Al Jazeera English,2026-05-18T20:49:33+00:00,1.636296,13649,2178,8341.400333,early
2026-05-20T12:05:48.986097+00:00,rWebzjsjH-Y,UCF0L4jd9LcSIxsj5gKITMqQ,Jaime Higuera,2026-05-12T11:38:46+00:00,8.018785,73999,2176,9228.206019,active
2026-05-20T12:05:48.986097+00:00,v2JtOk9fpMk,UCUP6qv-_EIL0hwTsJaKYnvw,Azteca Noticias,2026-05-12T14:25:58+00:00,7.902673,68075,2172,8614.173964,active
2026-05-20T12:05:48.986097+00:00,vhWWYT1cyuc,UC0C-w0YjGpqDXGB8IHb662A,Ed Sheeran,2026-05-13T14:15:05+00:00,6.910231,148129,2167,21436.186431,early
2026-05-20T12:05:48.986097+00:00,ryJPtisR4Fg,UCi7TVXyvrIwqeS9tfYD8UDA,DjMaRiiO,2026-05-14T17:01:48+00:00,5.794456,155166,2165,26778.355035,early
2026-05-20T12:05:48.986097+00:00,AKiZk58rsBU,UC-2hhqBG5Su7s91_HmhaODQ,Fox Deportes,2026-05-18T06:50:49+00:00,2.21875,17870,2165,8054.084507,early
2026-05-20T12:05:48.986097+00:00,n2x1sBdkdME,UCwd8Byi93KbnsYmCcKLExvQ,Negocios TV,2026-05-18T11:01:12+00:00,2.044873,7314,2158,3576.750243,early
2026-05-20T12:05:48.986097+00:00,x2r3FTy9HHE,UCPdaxSov0mgwh77JvjQO2jQ,Man Carrying Thing,2026-04-25T18:57:26+00:00,24.714155,301737,2156,12209.076135,active
2026-05-20T12:05:48.986097+00:00,vPOgnKvMOX8,UCiWLfSweyRNmLpgEHekhoAg,ESPN,2026-05-13T15:00:46+00:00,6.878507,55951,2145,8134.177955,early
2026-05-20T12:05:48.986097+00:00,7w_UJew1aDs,UCPdaxSov0mgwh77JvjQO2jQ,Man Carrying Thing,2026-05-09T19:23:15+00:00,10.696227,224716,2142,21008.90342,active
2026-05-20T12:05:48.986097+00:00,fx4oGdI4C7A,UC0C-w0YjGpqDXGB8IHb662A,Ed Sheeran,2026-05-14T15:15:37+00:00,5.868194,133183,2139,22695.739098,early
2026-05-20T12:05:48.986097+00:00,a_VqvPRkOMc,UCJ5v_MCY6GNUBTO8-D3XoAg,WWE,2026-05-12T02:37:39+00:00,8.39456,501736,2136,59769.183852,active
2026-05-20T12:05:48.986097+00:00,qqxitpDkrqQ,UCiWLfSweyRNmLpgEHekhoAg,ESPN,2026-05-19T03:36:02+00:00,1.354016,8644,2135,6383.971829,early
2026-05-20T12:05:48.986097+00:00,CqDpU8Jo2qI,UC08mnbiC4FykqpHqbEWgFcg,ESPN Deportes,2026-05-18T23:30:02+00:00,1.524849,14550,2134,9541.928414,early
2026-05-20T12:05:48.986097+00:00,OGQFzTqTT6o,UCWBWgCD4oAqT3hUeq40SCUw,Sambucha,2026-05-09T17:15:03+00:00,10.785254,362685,2131,33627.858927,active
2026-05-20T12:05:48.986097+00:00,nSVUWwwPovw,UCz8QaiQxApLq8sLNcszYyJw,Firstpost,2026-05-19T01:38:17+00:00,1.435787,8536,2127,5945.171533,early
2026-05-20T12:05:48.986097+00:00,A0IGf9rmyb0,UC6ZFN9Tx6xh-skXCuRHCDpQ,PBS NewsHour,2026-05-18T22:28:51+00:00,1.567338,9674,2126,6172.248743,early
2026-05-20T12:05:48.986097+00:00,_yKVKvZ2FkM,UCurvRE5fGcdUgCYWgh-BDsg,DAZN Boxing,2026-05-13T02:15:28+00:00,7.409965,94292,2121,12725.026367,active
2026-05-20T12:05:48.986097+00:00,QGt8WGv_3Tg,UCoMdktPbSTixAyNGwb-UYkQ,Sky News,2026-05-15T19:30:54+00:00,4.690914,37229,2115,7936.406423,early
2026-05-20T12:05:48.986097+00:00,6ywIkMsJuNs,UC3IZKseVpdzPSBaWxBxundA,HYBE LABELS,2026-05-12T12:03:00+00:00,8.001956,185318,2110,23159.087603,active
2026-05-20T12:05:48.986097+00:00,PZYFhWskI70,UC52X5wxOL_s5yw0dQk7NtgA,Associated Press,2026-05-18T03:55:23+00:00,2.340579,6404,2094,2736.075134,early
2026-05-20T12:05:48.986097+00:00,S0evMGuT6q0,UCoMdktPbSTixAyNGwb-UYkQ,Sky News,2026-05-18T18:49:53+00:00,1.719398,15744,2092,9156.693215,early
2026-05-20T12:05:48.986097+00:00,msaY6dEWKHg,UCpEhnqL0y41EpW2TvWAHD7Q,SET India,2026-05-14T07:30:21+00:00,6.191296,113736,2084,18370.305668,early
2026-05-20T12:05:48.986097+00:00,sakJXXP0vmw,UCNye-wNBqNL5ZzHSJj3l8Bg,Al Jazeera English,2026-05-18T19:24:07+00:00,1.695625,7749,2084,4569.996314,early
2026-05-20T12:05:48.986097+00:00,SxiP7kc1pIY,UCz8QaiQxApLq8sLNcszYyJw,Firstpost,2026-05-17T15:19:00+00:00,2.865845,21622,2080,7544.720667,early
2026-05-20T12:05:48.986097+00:00,YS3lKDJqbx8,UC3IZKseVpdzPSBaWxBxundA,HYBE LABELS,2026-05-14T15:00:06+00:00,5.87897,159129,2072,27067.496517,early
2026-05-20T12:05:48.986097+00:00,4s9LuOSR3Q4,UC7DdEm33SyaTDtWYGO2CwdA,Physics Girl,2026-05-02T13:00:15+00:00,17.962199,1568920,2067,87345.652946,active
2026-05-20T12:05:48.986097+00:00,W9Jv28mYywk,UCvksjnr7kInzcIjMpJpqF2A,Little Angel: Nursery Rhymes & Kids Songs,2026-05-16T17:00:38+00:00,3.795266,23182,2065,6108.135767,early
2026-05-20T12:05:48.986097+00:00,edu8SyZAyeU,UCwd8Byi93KbnsYmCcKLExvQ,Negocios TV,2026-05-18T20:00:20+00:00,1.670474,12909,2051,7727.746735,early
2026-05-20T12:05:48.986097+00:00,vSt2FcJfa9Q,UCDVYQ4Zhbm3S2dlz7P1GBDg,NFL,2026-05-15T21:17:02+00:00,4.61721,26425,2046,5723.15316,early
2026-05-20T12:05:48.986097+00:00,GlOQIsLX2rA,UC52hytXteCKmuOzMViTK8_w,CdeCiencia,2026-05-05T18:58:23+00:00,14.713495,604809,2042,41105.733206,active
2026-05-20T12:05:48.986097+00:00,286oDFXrp8A,UCpcTrCXblq78GZrTUTLWeBw,FIFA,2026-05-14T21:00:02+00:00,5.629016,139226,2041,24733.630176,early
2026-05-20T12:05:48.986097+00:00,ziumOgyzz0o,UCnsvJeZO4RigQ898WdDNoBw,EL PAÍS,2026-05-17T22:45:24+00:00,2.555845,16721,2038,6542.259018,early
2026-05-20T12:05:48.986097+00:00,pER8nXPJqC4,UCiMhD4jzUqG-IgPzUmmytRQ,Queen Official,2026-05-15T14:01:21+00:00,4.919768,33907,2037,6891.991655,early
2026-05-20T12:05:48.986097+00:00,2DPiA8pX-zk,UCTHaNTsP7hsVgBxARZTuajw,LUZU TV,2026-05-17T13:24:41+00:00,2.945231,18441,2036,6261.308536,early
2026-05-20T12:05:48.986097+00:00,5PRSdDtX6OE,UCUP6qv-_EIL0hwTsJaKYnvw,Azteca Noticias,2026-05-13T00:30:04+00:00,7.48316,149600,2035,19991.55437,active
2026-05-20T12:05:48.986097+00:00,bJIwhF-LzYs,UCwd8Byi93KbnsYmCcKLExvQ,Negocios TV,2026-05-18T17:00:44+00:00,1.795197,9042,2033,5036.773123,early
2026-05-20T12:05:48.986097+00:00,GQQyi1bLArA,UCUP6qv-_EIL0hwTsJaKYnvw,Azteca Noticias,2026-05-16T01:25:14+00:00,4.444849,76876,2029,17295.525675,early
2026-05-20T12:05:48.986097+00:00,oqmbgs3bV-I,UCF0L4jd9LcSIxsj5gKITMqQ,Jaime Higuera,2026-05-17T14:01:15+00:00,2.919838,14807,2000,5071.171757,early
2026-05-20T12:05:48.986097+00:00,SV48trG0S5w,UCupvZG-5ko_eiXAupbDfxWw,CNN,2026-05-12T06:45:52+00:00,8.222187,79741,1999,9698.271275,active
2026-05-20T12:05:48.986097+00:00,3oCv5tiRyfc,UCpcTrCXblq78GZrTUTLWeBw,FIFA,2026-05-16T18:30:09+00:00,3.733102,45840,1995,12279.332309,early
2026-05-20T12:05:48.986097+00:00,vDtC2zAKjrY,UC52X5wxOL_s5yw0dQk7NtgA,Associated Press,2026-05-18T21:14:38+00:00,1.618877,13085,1990,8082.763545,early
2026-05-20T12:05:48.986097+00:00,vd7XsdEFch8,UCUP6qv-_EIL0hwTsJaKYnvw,Azteca Noticias,2026-05-14T22:19:27+00:00,5.573866,149021,1989,26735.662465,early
2026-05-20T12:05:48.986097+00:00,kiD9ZVe7bUE,UCvgfXK4nTYKudb0rFR6noLA,UFC,2026-05-14T17:30:22+00:00,5.774618,86023,1979,14896.742953,early
2026-05-20T12:05:48.986097+00:00,TLN0WATCdm4,UCoLrcjPV5PbUrUyXq5mjc_A,MLB,2026-05-17T20:00:29+00:00,2.67037,40827,1978,15288.89255,early
2026-05-20T12:05:48.986097+00:00,uHoNRyucic8,UC55-mxUj5Nj3niXFReG44OQ,Platzi,2026-05-16T20:09:48+00:00,3.6639,16805,1975,4586.642649,early
2026-05-20T12:05:48.986097+00:00,jYWus6Xt5Xo,UCpcTrCXblq78GZrTUTLWeBw,FIFA,2026-05-13T15:01:13+00:00,6.878194,69335,1974,10080.407735,early
2026-05-20T12:05:48.986097+00:00,QBafcyXIFxg,UCYUQQgogVeQY8cMQamhHJcg,CinemaSins,2026-05-17T19:00:15+00:00,2.712199,15309,1970,5644.497325,early
2026-05-20T12:05:48.986097+00:00,K7mR2Psti3o,UCV6KDgJskWaEckne5aPA0aQ,Graham Stephan,2026-05-13T16:00:24+00:00,6.837095,74177,1968,10849.19838,early
2026-05-20T12:05:48.986097+00:00,SIaMLmEewX4,UCiWLfSweyRNmLpgEHekhoAg,ESPN,2026-05-17T23:14:40+00:00,2.535521,18658,1959,7358.645422,early
2026-05-20T12:05:48.986097+00:00,Udz-lSDNxHQ,UCGXbLrVe8vnkiFv7q2vYv3w,El Mundo,2026-05-19T12:08:38+00:00,0.998044,2128,1959,2132.170526,first_24h
2026-05-20T12:05:48.986097+00:00,z7BcO6nI0bs,UC08mnbiC4FykqpHqbEWgFcg,ESPN Deportes,2026-05-17T16:30:11+00:00,2.816412,44702,1952,15871.967596,early
2026-05-20T12:05:48.986097+00:00,PZaPxdnFPaA,UCupvZG-5ko_eiXAupbDfxWw,CNN,2026-05-17T17:04:53+00:00,2.792315,77529,1935,27765.133948,early
2026-05-20T12:05:48.986097+00:00,8G6fu7bBWs0,UC08mnbiC4FykqpHqbEWgFcg,ESPN Deportes,2026-05-18T16:30:36+00:00,1.816123,20962,1933,11542.169776,early
2026-05-20T12:05:48.986097+00:00,CPJhzRv9y_8,UCUyDOdBWhC1MCxEjC46d-zw,Alex Hormozi,2026-05-01T15:00:00+00:00,18.879039,105886,1930,5608.654127,active
2026-05-20T12:05:48.986097+00:00,wEb6ULf3TzU,UCWBWgCD4oAqT3hUeq40SCUw,Sambucha,2026-04-26T19:15:08+00:00,23.701863,615749,1927,25978.928323,active
2026-05-20T12:05:48.986097+00:00,XSHDRH8M1XQ,UCUP6qv-_EIL0hwTsJaKYnvw,Azteca Noticias,2026-05-19T03:17:55+00:00,1.366597,12637,1918,9247.05674,early
2026-05-20T12:05:48.986097+00:00,rePC8TuFnik,UCJ5v_MCY6GNUBTO8-D3XoAg,WWE,2026-05-12T18:23:18+00:00,7.737859,246688,1914,31880.653292,active
2026-05-20T12:05:48.986097+00:00,EfoHcXjqx1c,UCpEhnqL0y41EpW2TvWAHD7Q,SET India,2026-05-14T10:30:13+00:00,6.066389,83512,1913,13766.344361,early
2026-05-20T12:05:48.986097+00:00,ukohMnXoE9A,UCwd8Byi93KbnsYmCcKLExvQ,Negocios TV,2026-05-14T12:45:06+00:00,5.97272,129784,1907,21729.463293,early
2026-05-20T12:05:48.986097+00:00,9PMReHdpT9M,UC3IZKseVpdzPSBaWxBxundA,HYBE LABELS,2026-05-12T12:02:00+00:00,8.00265,118890,1907,14856.328841,active
2026-05-20T12:05:48.986097+00:00,cBsVjHZgY8k,UCUP6qv-_EIL0hwTsJaKYnvw,Azteca Noticias,2026-05-13T20:32:59+00:00,6.647801,265128,1898,39882.060248,early
2026-05-20T12:05:48.986097+00:00,mLvXRjk0aP0,UCupvZG-5ko_eiXAupbDfxWw,CNN,2026-05-18T20:10:48+00:00,1.663206,11739,1897,7058.055346,early
2026-05-20T12:05:48.986097+00:00,ZLBr473Lq9Q,UCM55RjebjSevVWPnj2LEymw,viyaura,2026-05-12T14:52:15+00:00,7.884421,236057,1895,29939.674708,active
2026-05-20T12:05:48.986097+00:00,PSi75u9Lvek,UCUyDOdBWhC1MCxEjC46d-zw,Alex Hormozi,2026-05-11T23:00:30+00:00,8.545359,256023,1890,29960.473281,active
2026-05-20T12:05:48.986097+00:00,66o9t8TEUt0,UCWJ2lWNubArHWmf3FIHbfcQ,NBA,2026-05-18T00:50:06+00:00,2.469248,38380,1889,15543.193717,early
2026-05-20T12:05:48.986097+00:00,36wddRFTVyU,UCtwslQPB_xJfaFuZv0OETNw,Kings League Spain,2026-05-12T18:14:21+00:00,7.744074,13867,1888,1790.659542,active
2026-05-20T12:05:48.986097+00:00,WZnTgLjhSJg,UCQX_MZRCaluNKxkywkLEgfA,Date un Vlog,2026-05-12T20:00:19+00:00,7.670486,169613,1887,22112.418952,active
2026-05-20T12:05:48.986097+00:00,q6A6JNhmMmM,UCupvZG-5ko_eiXAupbDfxWw,CNN,2026-05-12T22:16:58+00:00,7.57559,103892,1886,13714.047355,active
2026-05-20T12:05:48.986097+00:00,rmmE5PN0BUY,UCq-Fj5jknLsUf-MWSy4_brA,T-Series,2026-05-11T10:01:29+00:00,9.086342,111084,1884,12225.381787,active
2026-05-20T12:05:48.986097+00:00,vo9Aqjnt_HY,UCUP6qv-_EIL0hwTsJaKYnvw,Azteca Noticias,2026-05-18T02:52:35+00:00,2.38419,50898,1881,21348.130812,early
2026-05-20T12:05:48.986097+00:00,K5yJobNciYQ,UChhw6DlKKTQ9mYSpTfXUYqA,Starter Story,2026-05-17T22:29:19+00:00,2.567014,20023,1873,7800.113283,early
2026-05-20T12:05:48.986097+00:00,QMsP-D4zJ9E,UCwd8Byi93KbnsYmCcKLExvQ,Negocios TV,2026-05-18T12:30:29+00:00,1.98287,10087,1871,5087.070761,early
2026-05-20T12:05:48.986097+00:00,5QGhqnYzo1g,UCwd8Byi93KbnsYmCcKLExvQ,Negocios TV,2026-05-19T07:30:28+00:00,1.191215,3863,1867,3242.907452,early
2026-05-20T12:05:48.986097+00:00,eiZvtC-RAX8,UCsN32BtMd0IoByjJRNF12cw,60 Minutes,2026-05-18T17:21:45+00:00,1.780602,9605,1866,5394.243071,early
2026-05-20T12:05:48.986097+00:00,Fz9FjKAZ1uw,UCLe_q9axMaeTbjN0hy1Z9xA,Caleb Hammer,2026-05-05T16:00:25+00:00,14.837083,825148,1864,55613.896613,active
2026-05-20T12:05:48.986097+00:00,SSYdcAv2RP8,UCurvRE5fGcdUgCYWgh-BDsg,DAZN Boxing,2026-05-14T16:30:22+00:00,5.816285,43118,1863,7413.323109,early
2026-05-20T12:05:48.986097+00:00,v1ZqDlAPw5Y,UCoLrcjPV5PbUrUyXq5mjc_A,MLB,2026-05-17T02:52:31+00:00,3.384236,103447,1852,30567.312682,early
2026-05-20T12:05:48.986097+00:00,vp4XgAoKrUQ,UCLe_q9axMaeTbjN0hy1Z9xA,Caleb Hammer,2026-05-06T19:00:52+00:00,13.711771,483929,1849,35292.961062,active
2026-05-20T12:05:48.986097+00:00,zNO8ZCsdrzw,UCBi2mrWuNuyYy4gbM6fU18Q,ABC News,2026-05-16T02:01:00+00:00,4.420011,92192,1847,20857.866643,early
2026-05-20T12:05:48.986097+00:00,6s7IE6Y-heM,UCNye-wNBqNL5ZzHSJj3l8Bg,Al Jazeera English,2026-05-15T02:52:51+00:00,5.384004,30867,1836,5733.093809,early
2026-05-20T12:05:48.986097+00:00,XiPhamWTPcU,UCWBWgCD4oAqT3hUeq40SCUw,Sambucha,2026-05-05T17:15:07+00:00,14.785208,404355,1833,27348.617618,active
2026-05-20T12:05:48.986097+00:00,l0fEgTBT50M,UC8butISFwT-Wl7EV0hUK0BQ,freeCodeCamp.org,2026-05-19T12:05:22+00:00,1.000312,1851,1833,1850.422668,early
2026-05-20T12:05:48.986097+00:00,QBxeN1LuekE,UCiWLfSweyRNmLpgEHekhoAg,ESPN,2026-05-18T20:15:18+00:00,1.660081,9267,1833,5582.257733,early
2026-05-20T12:05:48.986097+00:00,R4tcRBuyA8I,UCupvZG-5ko_eiXAupbDfxWw,CNN,2026-05-15T02:47:32+00:00,5.387697,71737,1829,13314.965559,early
2026-05-20T12:05:48.986097+00:00,5EQhuthX-8g,UCpEhnqL0y41EpW2TvWAHD7Q,SET India,2026-05-18T17:30:04+00:00,1.774826,7896,1825,4448.88682,early
2026-05-20T12:05:48.986097+00:00,aF7EFn9zxsk,UCUP6qv-_EIL0hwTsJaKYnvw,Azteca Noticias,2026-05-17T22:30:01+00:00,2.566528,42975,1819,16744.411127,early
2026-05-20T12:05:48.986097+00:00,9XtlGiI8Iz0,UCJ5v_MCY6GNUBTO8-D3XoAg,WWE,2026-05-13T00:59:50+00:00,7.462488,118873,1815,15929.40585,active
2026-05-20T12:05:48.986097+00:00,oCz0UzWtfpA,UC16niRr50-MSBwiO3YDb3RA,BBC News,2026-05-15T12:36:05+00:00,4.978981,151614,1808,30450.809111,early
2026-05-20T12:05:48.986097+00:00,tHdlO8sfc4Q,UCJ5v_MCY6GNUBTO8-D3XoAg,WWE,2026-05-13T00:31:05+00:00,7.482454,260742,1804,34847.123684,active
2026-05-20T12:05:48.986097+00:00,IvCP_hQdLEY,UC08mnbiC4FykqpHqbEWgFcg,ESPN Deportes,2026-05-17T05:00:40+00:00,3.295243,49762,1804,15101.162494,early
2026-05-20T12:05:48.986097+00:00,WcrVNPpjr-g,UCUsm-fannqOY02PNN67C0KA,NMás,2026-05-16T21:00:04+00:00,3.628993,20691,1793,5701.581678,early
2026-05-20T12:05:48.986097+00:00,NjJd3PlYNNc,UC52X5wxOL_s5yw0dQk7NtgA,Associated Press,2026-05-17T07:14:46+00:00,3.202118,24686,1792,7709.272425,early
2026-05-20T12:05:48.986097+00:00,lz0L9Hn04AI,UCoLrcjPV5PbUrUyXq5mjc_A,MLB,2026-05-14T15:21:02+00:00,5.864433,171092,1788,29174.516957,early
2026-05-20T12:05:48.986097+00:00,zlcYOWYO6oA,UCoLrcjPV5PbUrUyXq5mjc_A,MLB,2026-05-17T21:54:30+00:00,2.591192,35985,1787,13887.430958,early
2026-05-20T12:05:48.986097+00:00,7XkuB_wZltM,UCz8QaiQxApLq8sLNcszYyJw,Firstpost,2026-05-17T08:57:21+00:00,3.130879,37735,1787,12052.525824,early
2026-05-20T12:05:48.986097+00:00,G0fYRckcwPk,UCM-GvgUy0EAZU7ZwXKLarkg,López-Dóriga,2026-05-13T02:40:42+00:00,7.392442,135817,1783,18372.413338,active
2026-05-20T12:05:48.986097+00:00,b7cDEbyPzF0,UCTrQ7HXWRRxr7OsOtodr2_w,Channel 4 News,2026-05-18T12:37:38+00:00,1.977905,20926,1774,10579.881238,early
2026-05-20T12:05:48.986097+00:00,qLb390dpWj4,UCz8QaiQxApLq8sLNcszYyJw,Firstpost,2026-05-18T15:46:24+00:00,1.846817,10861,1774,5880.929188,early
2026-05-20T12:05:48.986097+00:00,o3h6LDRHGos,UCz8QaiQxApLq8sLNcszYyJw,Firstpost,2026-05-18T18:29:37+00:00,1.733472,7692,1769,4437.337321,early
2026-05-20T12:05:48.986097+00:00,Ux1bI8u_Kz0,UCGXbLrVe8vnkiFv7q2vYv3w,El Mundo,2026-05-17T09:06:21+00:00,3.124629,95159,1767,30454.495558,early
2026-05-20T12:05:48.986097+00:00,EXBpANXBZHI,UCknLrEdhRCp1aegoMqRaCZg,DW News,2026-05-18T19:07:36+00:00,1.707095,12673,1763,7423.722757,early
2026-05-20T12:05:48.986097+00:00,rjO3nsBgSxY,UCnsvJeZO4RigQ898WdDNoBw,EL PAÍS,2026-05-18T18:57:01+00:00,1.714444,9617,1754,5609.398732,early
2026-05-20T12:05:48.986097+00:00,KePyQAtahyA,UCUBIrDsIVzRpKsClMlSlTpQ,BBC News Mundo,2026-05-17T18:45:01+00:00,2.722778,18292,1748,6718.138607,early
2026-05-20T12:05:48.986097+00:00,hj2qFg_PQD4,UCoLrcjPV5PbUrUyXq5mjc_A,MLB,2026-05-17T19:18:40+00:00,2.69941,20164,1744,7469.780434,early
2026-05-20T12:05:48.986097+00:00,byDNhXVxK2Y,UCpEhnqL0y41EpW2TvWAHD7Q,SET India,2026-05-16T05:30:14+00:00,4.27471,54982,1743,12862.15907,early
2026-05-20T12:05:48.986097+00:00,IUTaufPBGkA,UCFxHplbcoJK9m70c4VyTIxg,MILENIO,2026-05-19T00:30:19+00:00,1.482986,9920,1741,6689.206776,early
2026-05-20T12:05:48.986097+00:00,OkdtinyCn9M,UCwd8Byi93KbnsYmCcKLExvQ,Negocios TV,2026-05-18T16:00:37+00:00,1.836944,6959,1735,3788.357185,early
2026-05-20T12:05:48.986097+00:00,ha2CI2rWo6o,UCpEhnqL0y41EpW2TvWAHD7Q,SET India,2026-05-16T10:30:23+00:00,4.066273,29174,1725,7174.628954,early
2026-05-20T12:05:48.986097+00:00,zjMTViibNiE,UC08mnbiC4FykqpHqbEWgFcg,ESPN Deportes,2026-05-17T18:30:06+00:00,2.733136,51631,1720,18890.754064,early
2026-05-20T12:05:48.986097+00:00,_Ge0PjLjre8,UC9MAhZQQd9egwWCxrwSIsJQ,HISTORY,2026-05-17T16:00:13+00:00,2.837222,21176,1719,7463.638728,early
2026-05-20T12:05:48.986097+00:00,RE5sKJ2c8lg,UCtwslQPB_xJfaFuZv0OETNw,Kings League Spain,2026-05-17T14:33:00+00:00,2.897789,22692,1717,7830.797895,early
2026-05-20T12:05:48.986097+00:00,aRxerHuQ_Uw,UCupvZG-5ko_eiXAupbDfxWw,CNN,2026-05-18T03:41:26+00:00,2.350266,26245,1717,11166.821117,early
2026-05-20T12:05:48.986097+00:00,AY6i7SjdGGs,UC16niRr50-MSBwiO3YDb3RA,BBC News,2026-05-16T15:15:00+00:00,3.868623,32186,1715,8319.756151,early
2026-05-20T12:05:48.986097+00:00,kWIBe2hzd4M,UC52hytXteCKmuOzMViTK8_w,CdeCiencia,2026-05-07T22:14:11+00:00,12.577523,267534,1708,21270.80189,active
2026-05-20T12:05:48.986097+00:00,O0bBLaUENC0,UCupvZG-5ko_eiXAupbDfxWw,CNN,2026-05-18T08:08:57+00:00,2.164491,25584,1707,11819.868967,early
2026-05-20T12:05:48.986097+00:00,Bj6MqL4pkXo,UCM55RjebjSevVWPnj2LEymw,viyaura,2026-05-11T14:06:17+00:00,8.916342,190627,1704,21379.507426,active
2026-05-20T12:05:48.986097+00:00,WgcdDVIUXcI,UC52hytXteCKmuOzMViTK8_w,CdeCiencia,2026-04-25T19:59:06+00:00,24.671331,6936816,1700,281169.102713,active
2026-05-20T12:05:48.986097+00:00,TMUk4XMK6pY,UCTv-XvfzLX3i4IGWAm4sbmA,LALIGA EA SPORTS,2026-05-17T17:50:28+00:00,2.76066,26445,1700,9579.231053,early
2026-05-20T12:05:48.986097+00:00,44ySvBRYL_4,UCFxHplbcoJK9m70c4VyTIxg,MILENIO,2026-05-18T18:42:07+00:00,1.724792,10507,1697,6091.749034,early
2026-05-20T12:05:48.986097+00:00,7daapzkUrqg,UCM55RjebjSevVWPnj2LEymw,viyaura,2026-05-13T15:43:03+00:00,6.849143,154386,1696,22540.922273,early
2026-05-20T12:05:48.986097+00:00,eh649BvJ7yA,UCpEhnqL0y41EpW2TvWAHD7Q,SET India,2026-05-15T15:41:27+00:00,4.850254,60846,1690,12544.910019,early
2026-05-20T12:05:48.986097+00:00,asV4j4b11r4,UC-2hhqBG5Su7s91_HmhaODQ,Fox Deportes,2026-05-19T04:43:42+00:00,1.307025,1855,1689,1419.253649,early
2026-05-20T12:05:48.986097+00:00,VskyQbHzflg,UC16niRr50-MSBwiO3YDb3RA,BBC News,2026-05-17T18:00:21+00:00,2.753796,26996,1684,9803.195298,early
2026-05-20T12:05:48.986097+00:00,72c_czW-ISM,UCcyq283he07B7_KUX07mmtA,Business Insider,2026-05-18T18:59:32+00:00,1.712697,3910,1683,2282.949056,early
2026-05-20T12:05:48.986097+00:00,R-klQGp_308,UCWBWgCD4oAqT3hUeq40SCUw,Sambucha,2026-05-02T19:15:00+00:00,17.701956,561400,1682,31714.009457,active
2026-05-20T12:05:48.986097+00:00,QdUbLetqdW0,UCJ5v_MCY6GNUBTO8-D3XoAg,WWE,2026-05-12T02:36:07+00:00,8.395625,492480,1680,58659.123055,active
2026-05-20T12:05:48.986097+00:00,mK3xENFCGnI,UC52hytXteCKmuOzMViTK8_w,CdeCiencia,2026-05-02T17:57:43+00:00,17.755625,617223,1676,34762.110599,active
2026-05-20T12:05:48.986097+00:00,HMtqoPU7V1g,UCF0L4jd9LcSIxsj5gKITMqQ,Jaime Higuera,2026-05-13T18:30:30+00:00,6.732859,36057,1670,5355.377262,early
2026-05-20T12:05:48.986097+00:00,AewlEoLxl0k,UCTv-XvfzLX3i4IGWAm4sbmA,LALIGA EA SPORTS,2026-05-14T21:20:31+00:00,5.614792,91139,1670,16231.945903,early
2026-05-20T12:05:48.986097+00:00,EX6qgIy6EGw,UCNye-wNBqNL5ZzHSJj3l8Bg,Al Jazeera English,2026-05-18T20:52:09+00:00,1.634491,10159,1669,6215.390602,early
2026-05-20T12:05:48.986097+00:00,dhbt8y_LXQY,UCWBWgCD4oAqT3hUeq40SCUw,Sambucha,2026-04-24T17:15:03+00:00,25.785254,551829,1665,21400.952653,active
2026-05-20T12:05:48.986097+00:00,3jvf-deD6Bg,UCBi2mrWuNuyYy4gbM6fU18Q,ABC News,2026-05-19T11:30:03+00:00,1.024838,1905,1665,1858.830371,early
2026-05-20T12:05:48.986097+00:00,EKaLwTZRc7w,UCGXbLrVe8vnkiFv7q2vYv3w,El Mundo,2026-05-13T11:15:44+00:00,7.03478,37064,1664,5268.679333,active
2026-05-20T12:05:48.986097+00:00,3WduGULFLL0,UCpcTrCXblq78GZrTUTLWeBw,FIFA,2026-05-15T10:30:01+00:00,5.066528,191378,1654,37773.007472,early
2026-05-20T12:05:48.986097+00:00,nPTEr59FIrc,UCvgfXK4nTYKudb0rFR6noLA,UFC,2026-05-16T21:35:13+00:00,3.604583,37963,1653,10531.870122,early
2026-05-20T12:05:48.986097+00:00,YTlBYigXjMs,UCvgfXK4nTYKudb0rFR6noLA,UFC,2026-05-16T23:44:11+00:00,3.515023,33276,1651,9466.794385,early
2026-05-20T12:05:48.986097+00:00,8--Bq5oEsZ8,UCWBWgCD4oAqT3hUeq40SCUw,Sambucha,2026-05-02T17:15:00+00:00,17.785289,459850,1650,25855.638331,active
2026-05-20T12:05:48.986097+00:00,JyBDjI999Ow,UCoLrcjPV5PbUrUyXq5mjc_A,MLB,2026-05-14T20:00:21+00:00,5.670463,100895,1648,17793.079683,early
2026-05-20T12:05:48.986097+00:00,xztx-R9DyN4,UCz8QaiQxApLq8sLNcszYyJw,Firstpost,2026-05-17T15:07:18+00:00,2.87397,18039,1642,6276.683473,early
2026-05-20T12:05:48.986097+00:00,snM0UfZxakc,UCLe_q9axMaeTbjN0hy1Z9xA,Caleb Hammer,2026-05-01T16:01:26+00:00,18.836377,876440,1640,46529.117569,active
2026-05-20T12:05:48.986097+00:00,J6LLQ501DFk,UChqUTb7kYRX8-EiaN3XFrSQ,Reuters,2026-05-19T08:20:43+00:00,1.156319,2449,1639,2117.927665,early
2026-05-20T12:05:48.986097+00:00,U5_gwkw44LQ,UCz8QaiQxApLq8sLNcszYyJw,Firstpost,2026-05-18T12:56:24+00:00,1.964873,10582,1638,5385.589807,early
2026-05-20T12:05:48.986097+00:00,qyd0eQ2ems4,UC7DdEm33SyaTDtWYGO2CwdA,Physics Girl,2026-05-13T13:01:37+00:00,6.96125,96835,1635,13910.576405,early
2026-05-20T12:05:48.986097+00:00,qgG1txr3894,UCJ5v_MCY6GNUBTO8-D3XoAg,WWE,2026-05-12T02:17:05+00:00,8.408842,653041,1629,77661.228502,active
2026-05-20T12:05:48.986097+00:00,amWjxCnVDSo,UCz8QaiQxApLq8sLNcszYyJw,Firstpost,2026-05-18T17:52:06+00:00,1.759525,8985,1618,5106.491809,early
2026-05-20T12:05:48.986097+00:00,ZjsbjY-iJd4,UC16niRr50-MSBwiO3YDb3RA,BBC News,2026-05-18T17:00:41+00:00,1.795231,8078,1616,4499.699482,early
2026-05-20T12:05:48.986097+00:00,9dq45yBDWBU,UCq-Fj5jknLsUf-MWSy4_brA,T-Series,2026-05-16T08:23:31+00:00,4.154375,81303,1612,19570.452836,early
2026-05-20T12:05:48.986097+00:00,y9P5eUO5eeY,UC16niRr50-MSBwiO3YDb3RA,BBC News,2026-05-15T08:30:29+00:00,5.149537,52455,1610,10186.352676,early
2026-05-20T12:05:48.986097+00:00,1OfJY56fKhQ,UCoLrcjPV5PbUrUyXq5mjc_A,MLB,2026-05-12T16:30:00+00:00,7.816539,269329,1606,34456.298369,active
2026-05-20T12:05:48.986097+00:00,EV1BAp-Tzk8,UCUBIrDsIVzRpKsClMlSlTpQ,BBC News Mundo,2026-05-14T16:50:30+00:00,5.802303,154196,1596,26574.965147,early
2026-05-20T12:05:48.986097+00:00,iqm1WDJXu_s,UCM-GvgUy0EAZU7ZwXKLarkg,López-Dóriga,2026-05-14T12:01:09+00:00,6.003241,93957,1593,15651.045827,early
2026-05-20T12:05:48.986097+00:00,NzfaeBPxxtc,UCNye-wNBqNL5ZzHSJj3l8Bg,Al Jazeera English,2026-05-18T07:02:10+00:00,2.210868,13604,1589,6153.239361,early
2026-05-20T12:05:48.986097+00:00,bY8RFbMbI4c,UCShHFwKyhcDo3g7hr4f1R8A,World Science Festival,2026-05-17T16:00:50+00:00,2.836794,7096,1587,2501.41533,early
2026-05-20T12:05:48.986097+00:00,xddKHZjpQjg,UChqUTb7kYRX8-EiaN3XFrSQ,Reuters,2026-05-18T08:19:54+00:00,2.156886,8959,1583,4153.673398,early
2026-05-20T12:05:48.986097+00:00,H4T7lMCGcM0,UCGXbLrVe8vnkiFv7q2vYv3w,El Mundo,2026-05-18T08:09:18+00:00,2.164248,3011,1581,1391.245366,early
2026-05-20T12:05:48.986097+00:00,y8Isfda7mBg,UCaO6TYtlC8U5ttz62hTrZgg,JYP Entertainment,2026-05-12T15:00:02+00:00,7.879016,354807,1575,45031.892307,active
2026-05-20T12:05:48.986097+00:00,r8avNn7cKuY,UCUyDOdBWhC1MCxEjC46d-zw,Alex Hormozi,2026-05-10T09:00:26+00:00,10.128738,146101,1571,14424.403119,active
2026-05-20T12:05:48.986097+00:00,gS87TtB9nk4,UCUyDOdBWhC1MCxEjC46d-zw,Alex Hormozi,2026-04-21T11:00:00+00:00,29.045706,115901,1569,3990.297223,active
2026-05-20T12:05:48.986097+00:00,BXU1TPC6MHs,UCGy7SkBjcIAgTiwkXEtPnYg,Andrei Jikh,2026-05-17T21:30:00+00:00,2.608206,17591,1568,6744.482606,early
2026-05-20T12:05:48.986097+00:00,3rtIwD1AiIA,UCNye-wNBqNL5ZzHSJj3l8Bg,Al Jazeera English,2026-05-15T05:29:23+00:00,5.275301,61591,1565,11675.352743,early
2026-05-20T12:05:48.986097+00:00,t1csTgqKRPU,UC-2hhqBG5Su7s91_HmhaODQ,Fox Deportes,2026-05-18T06:50:06+00:00,2.219248,9007,1550,4058.582006,early
2026-05-20T12:05:48.986097+00:00,CtAPK8WsUb8,UC6n8I1UDTKP1IWjQMg6_TwA,The B1M,2026-05-13T14:07:16+00:00,6.91566,57327,1547,8289.447428,early
2026-05-20T12:05:48.986097+00:00,BsOLrQ--SL4,UCz8QaiQxApLq8sLNcszYyJw,Firstpost,2026-05-16T13:44:03+00:00,3.931782,60047,1547,15272.209904,early
2026-05-20T12:05:48.986097+00:00,cDD8FbUKNZY,UCTrQ7HXWRRxr7OsOtodr2_w,Channel 4 News,2026-05-15T18:25:58+00:00,4.736007,44338,1545,9361.894947,early
2026-05-20T12:05:48.986097+00:00,4z6YVtNjBcw,UCtwslQPB_xJfaFuZv0OETNw,Kings League Spain,2026-05-17T14:16:31+00:00,2.909236,7409,1529,2546.716733,early
2026-05-20T12:05:48.986097+00:00,nKFvCt-vp64,UCpcTrCXblq78GZrTUTLWeBw,FIFA,2026-05-17T02:30:38+00:00,3.399433,40676,1528,11965.524839,early
2026-05-20T12:05:48.986097+00:00,s5Prdbl-5HQ,UCwd8Byi93KbnsYmCcKLExvQ,Negocios TV,2026-05-18T16:45:49+00:00,1.805555,29787,1523,16497.420461,early
2026-05-20T12:05:48.986097+00:00,iX2k4FNw21s,UClLLRs_mFTsNT5U-DqTYAGg,La Vanguardia,2026-05-19T07:59:50+00:00,1.170822,2688,1522,2295.822935,early
2026-05-20T12:05:48.986097+00:00,USHYZZPT8qM,UCpcTrCXblq78GZrTUTLWeBw,FIFA,2026-05-17T19:00:20+00:00,2.712141,14862,1518,5479.803594,early
2026-05-20T12:05:48.986097+00:00,O-LDAtyHhUM,UCV6KDgJskWaEckne5aPA0aQ,Graham Stephan,2026-05-14T16:00:38+00:00,5.836933,21026,1517,3602.234256,early
2026-05-20T12:05:48.986097+00:00,3eMutucaRqY,UCTv-XvfzLX3i4IGWAm4sbmA,LALIGA EA SPORTS,2026-05-17T20:06:33+00:00,2.666157,31412,1517,11781.751787,early
2026-05-20T12:05:48.986097+00:00,cWFIs7GSzGc,UCpcTrCXblq78GZrTUTLWeBw,FIFA,2026-05-16T10:30:21+00:00,4.066296,82549,1513,20300.784793,early
2026-05-20T12:05:48.986097+00:00,_xzp_bCx_gM,UCoLrcjPV5PbUrUyXq5mjc_A,MLB,2026-05-12T20:36:42+00:00,7.64522,105284,1508,13771.219141,active
2026-05-20T12:05:48.986097+00:00,Ub9dby_Ljwo,UCpEhnqL0y41EpW2TvWAHD7Q,SET India,2026-05-15T16:00:54+00:00,4.836748,72898,1505,15071.696934,early
2026-05-20T12:05:48.986097+00:00,T7F01R0vsPA,UCq-Fj5jknLsUf-MWSy4_brA,T-Series,2026-05-17T07:24:03+00:00,3.195671,61714,1497,19311.750177,early
2026-05-20T12:05:48.986097+00:00,0Z1lChyi2W4,UCLe_q9axMaeTbjN0hy1Z9xA,Caleb Hammer,2026-04-27T22:00:03+00:00,22.587338,674490,1496,29861.420589,active
2026-05-20T12:05:48.986097+00:00,xc5xmlH8gZw,UCUP6qv-_EIL0hwTsJaKYnvw,Azteca Noticias,2026-05-18T01:29:04+00:00,2.442187,54351,1491,22255.052541,early
2026-05-20T12:05:48.986097+00:00,6AEzVyzZYa0,UCM-GvgUy0EAZU7ZwXKLarkg,López-Dóriga,2026-05-16T03:13:58+00:00,4.36934,114373,1482,26176.264607,early
2026-05-20T12:05:48.986097+00:00,am_lox4LWZ4,UCey-eDTR5J6xU6pZ2f4guoA,Adin Live,2026-05-15T03:35:24+00:00,5.354456,46551,1481,8693.880387,early
2026-05-20T12:05:48.986097+00:00,TG39Ow5fepA,UCLe_q9axMaeTbjN0hy1Z9xA,Caleb Hammer,2026-05-04T19:00:23+00:00,15.712106,1013701,1478,64517.194576,active
2026-05-20T12:05:48.986097+00:00,j9HGvwOSm6Q,UC-2hhqBG5Su7s91_HmhaODQ,Fox Deportes,2026-05-18T06:48:22+00:00,2.220451,11855,1477,5339.005454,early
2026-05-20T12:05:48.986097+00:00,utbKb-p5TFE,UCoLrcjPV5PbUrUyXq5mjc_A,MLB,2026-05-17T16:15:05+00:00,2.826898,37513,1464,13270.022477,early
2026-05-20T12:05:48.986097+00:00,4IMX5AQSngc,UCz8QaiQxApLq8sLNcszYyJw,Firstpost,2026-05-19T07:15:11+00:00,1.201829,2939,1461,2445.439409,early
2026-05-20T12:05:48.986097+00:00,7DPssxxyuGw,UCIRYBXDze5krPDzAEOxFGVA,Guardian News,2026-05-15T11:35:21+00:00,5.021157,34288,1459,6828.705018,early
2026-05-20T12:05:48.986097+00:00,dJGLaiXh1wg,UCupvZG-5ko_eiXAupbDfxWw,CNN,2026-05-12T18:44:57+00:00,7.722824,62973,1456,8154.141542,active
2026-05-20T12:05:48.986097+00:00,0t118SCf-2w,UCLe_q9axMaeTbjN0hy1Z9xA,Caleb Hammer,2026-04-25T22:00:06+00:00,24.587303,2002726,1453,81453.667366,active
2026-05-20T12:05:48.986097+00:00,2mOqRPcWgMM,UCUyDOdBWhC1MCxEjC46d-zw,Alex Hormozi,2026-04-30T15:00:00+00:00,19.879039,103971,1453,5230.182405,active
2026-05-20T12:05:48.986097+00:00,3J7nT_Rz0LY,UCafNntv_qTQB26AvbEQNHPw,Aristegui Noticias,2026-05-15T05:00:06+00:00,5.295636,34676,1451,6548.033135,early
2026-05-20T12:05:48.986097+00:00,MjGLii0fruU,UCwd8Byi93KbnsYmCcKLExvQ,Negocios TV,2026-05-18T13:30:19+00:00,1.941319,7749,1450,3991.61601,early
2026-05-20T12:05:48.986097+00:00,peVvSLY0LzE,UCpcTrCXblq78GZrTUTLWeBw,FIFA,2026-05-17T18:31:05+00:00,2.732454,12200,1446,4464.851009,early
2026-05-20T12:05:48.986097+00:00,StohAmMEWW8,UCi7TVXyvrIwqeS9tfYD8UDA,DjMaRiiO,2026-05-12T16:26:50+00:00,7.818738,278069,1443,35564.435079,active
2026-05-20T12:05:48.986097+00:00,nrYZDf0zQa8,UCGXbLrVe8vnkiFv7q2vYv3w,El Mundo,2026-05-18T12:35:05+00:00,1.979676,18229,1442,9208.072432,early
2026-05-20T12:05:48.986097+00:00,HihlOQSBE_Y,UC52X5wxOL_s5yw0dQk7NtgA,Associated Press,2026-05-17T20:55:42+00:00,2.632025,10889,1434,4137.118758,early
2026-05-20T12:05:48.986097+00:00,2jzVQdgbuss,UClLLRs_mFTsNT5U-DqTYAGg,La Vanguardia,2026-05-19T07:24:43+00:00,1.195208,2025,1434,1694.265768,early
2026-05-20T12:05:48.986097+00:00,aOs1f_0qMCs,UCiWLfSweyRNmLpgEHekhoAg,ESPN,2026-05-14T14:25:28+00:00,5.903021,68658,1430,11630.99369,early
2026-05-20T12:05:48.986097+00:00,Z5iPTAgsCRc,UCwd8Byi93KbnsYmCcKLExvQ,Negocios TV,2026-05-18T13:00:54+00:00,1.961748,5729,1421,2920.354704,early
2026-05-20T12:05:48.986097+00:00,G-2pLhMxPMU,UCUyDOdBWhC1MCxEjC46d-zw,Alex Hormozi,2026-05-10T05:00:39+00:00,10.295254,174755,1416,16974.326228,active
2026-05-20T12:05:48.986097+00:00,7Dm3jMdUeBo,UCUyDOdBWhC1MCxEjC46d-zw,Alex Hormozi,2026-05-16T15:01:52+00:00,3.877743,11412,1405,2942.94903,early
2026-05-20T12:05:48.986097+00:00,e3MHIoJoYic,UCnsvJeZO4RigQ898WdDNoBw,EL PAÍS,2026-05-14T16:30:29+00:00,5.816204,66144,1404,11372.365894,early
2026-05-20T12:05:48.986097+00:00,26GZY8_PC7s,UCvgfXK4nTYKudb0rFR6noLA,UFC,2026-05-16T22:13:37+00:00,3.577917,31849,1402,8901.548024,early
2026-05-20T12:05:48.986097+00:00,zjNl_JQOUdM,UChqUTb7kYRX8-EiaN3XFrSQ,Reuters,2026-05-18T11:16:50+00:00,2.034016,11708,1400,5756.100247,early
2026-05-20T12:05:48.986097+00:00,c9m0zR0_h4k,UCeLHszkByNZtPKcaVXOCOQQ,Post Malone,2026-05-12T23:49:59+00:00,7.510995,49630,1398,6607.646524,active
2026-05-20T12:05:48.986097+00:00,AS3d8us2-T8,UCoLrcjPV5PbUrUyXq5mjc_A,MLB,2026-05-17T15:30:08+00:00,2.858113,22745,1397,7958.047845,early
2026-05-20T12:05:48.986097+00:00,FEcrDwyg3kU,UCupvZG-5ko_eiXAupbDfxWw,CNN,2026-05-17T10:26:54+00:00,3.068692,74328,1396,24221.394653,early
2026-05-20T12:05:48.986097+00:00,vhmLANjgQIg,UCGXbLrVe8vnkiFv7q2vYv3w,El Mundo,2026-05-19T09:49:02+00:00,1.094988,2571,1394,2347.970937,early
2026-05-20T12:05:48.986097+00:00,jUIYDU8peJI,UCUyDOdBWhC1MCxEjC46d-zw,Alex Hormozi,2026-05-16T05:00:28+00:00,4.295382,36251,1393,8439.528778,early
2026-05-20T12:05:48.986097+00:00,87xAJoZobKo,UCPQ2dheMajZPnIleYZHzblg,Pablo Gil Trader,2026-05-12T16:00:09+00:00,7.837268,23754,1392,3030.903116,active
2026-05-20T12:05:48.986097+00:00,z8YGCybAcIs,UCi7TVXyvrIwqeS9tfYD8UDA,DjMaRiiO,2026-05-17T14:58:22+00:00,2.880173,20136,1392,6991.246706,early
2026-05-20T12:05:48.986097+00:00,embu3gLFECI,UChXKjLEzAB1K7EZQey7Fm1Q,Pokimane,2026-05-16T18:45:52+00:00,3.722187,32502,1390,8731.963225,early
2026-05-20T12:05:48.986097+00:00,98VQpHj17Ws,UCWBWgCD4oAqT3hUeq40SCUw,Sambucha,2026-05-03T17:15:01+00:00,16.785278,293659,1387,17495.033445,active
2026-05-20T12:05:48.986097+00:00,mTlr_HY2BRo,UCddn8dUxYdgJz3Qr5mjADtA,NutritionFacts.org,2026-05-18T12:31:03+00:00,1.982477,5100,1387,2572.539303,early
2026-05-20T12:05:48.986097+00:00,MIQk0bvwJ9g,UCF0L4jd9LcSIxsj5gKITMqQ,Jaime Higuera,2026-05-18T11:00:36+00:00,2.045289,5176,1386,2530.693706,early
2026-05-20T12:05:48.986097+00:00,kKkiGPUnIds,UCQX_MZRCaluNKxkywkLEgfA,Date un Vlog,2026-05-11T20:14:04+00:00,8.660937,465011,1384,53690.611074,active
2026-05-20T12:05:48.986097+00:00,1iWjplGPehA,UChqUTb7kYRX8-EiaN3XFrSQ,Reuters,2026-05-18T07:19:53+00:00,2.198565,9584,1382,4359.207028,early
2026-05-20T12:05:48.986097+00:00,KIL81oKLZTc,UCLe_q9axMaeTbjN0hy1Z9xA,Caleb Hammer,2026-05-06T16:00:36+00:00,13.836956,135822,1381,9815.887252,active
2026-05-20T12:05:48.986097+00:00,ydRguU_cH8Y,UCUyDOdBWhC1MCxEjC46d-zw,Alex Hormozi,2026-05-03T19:00:00+00:00,16.712373,404391,1379,24197.10235,active
2026-05-20T12:05:48.986097+00:00,k4xrzx_BBj0,UCi7TVXyvrIwqeS9tfYD8UDA,DjMaRiiO,2026-05-15T14:52:44+00:00,4.884085,37543,1379,7686.803158,early
2026-05-20T12:05:48.986097+00:00,1U2X0VJym1I,UCUsm-fannqOY02PNN67C0KA,NMás,2026-05-19T00:33:33+00:00,1.480741,6463,1370,4364.706589,early
2026-05-20T12:05:48.986097+00:00,X2zSUOqQlMs,UCUyDOdBWhC1MCxEjC46d-zw,Alex Hormozi,2026-05-16T11:00:13+00:00,4.045555,23588,1368,5830.596791,early
2026-05-20T12:05:48.986097+00:00,NUsnSF9UM_E,UCwd8Byi93KbnsYmCcKLExvQ,Negocios TV,2026-05-19T11:00:25+00:00,1.045417,1673,1365,1600.318342,early
2026-05-20T12:05:48.986097+00:00,8lZ8MqA2NHo,UCknLrEdhRCp1aegoMqRaCZg,DW News,2026-05-18T08:14:47+00:00,2.16044,8555,1362,3959.841514,early
2026-05-20T12:05:48.986097+00:00,RvthvDiwD1s,UCiWLfSweyRNmLpgEHekhoAg,ESPN,2026-05-18T02:12:42+00:00,2.411886,51043,1359,21163.106382,early
2026-05-20T12:05:48.986097+00:00,aUtyLLHCSd4,UCTrQ7HXWRRxr7OsOtodr2_w,Channel 4 News,2026-05-15T11:53:29+00:00,5.008565,15944,1357,3183.346927,early
2026-05-20T12:05:48.986097+00:00,8C-lYCzCVX4,UC8butISFwT-Wl7EV0hUK0BQ,freeCodeCamp.org,2026-05-17T12:43:25+00:00,2.973889,5377,1354,1808.070173,early
2026-05-20T12:05:48.986097+00:00,gJwLHENDwvw,UCCEmjNPpJYhGDgaEqeeA4HA,TheGrefg,2026-05-11T17:57:54+00:00,8.755498,243925,1352,27859.637453,active
2026-05-20T12:05:48.986097+00:00,I1EccUdQgk8,UCDVYQ4Zhbm3S2dlz7P1GBDg,NFL,2026-05-11T19:00:27+00:00,8.71206,52371,1348,6011.322236,active
2026-05-20T12:05:48.986097+00:00,yq_XRCs3aco,UCz8QaiQxApLq8sLNcszYyJw,Firstpost,2026-05-18T18:04:26+00:00,1.75096,6198,1338,3539.772468,early
2026-05-20T12:05:48.986097+00:00,z1zjs2MI0qs,UCz8QaiQxApLq8sLNcszYyJw,Firstpost,2026-05-18T17:56:57+00:00,1.756157,5431,1333,3092.548104,early
2026-05-20T12:05:48.986097+00:00,BTX32LVSXkk,UChqUTb7kYRX8-EiaN3XFrSQ,Reuters,2026-05-18T03:14:58+00:00,2.368646,12650,1322,5340.603872,early
2026-05-20T12:05:48.986097+00:00,lDyiY5vjqaw,UCLe_q9axMaeTbjN0hy1Z9xA,Caleb Hammer,2026-05-04T16:01:14+00:00,15.836516,1275593,1321,80547.57751,active
2026-05-20T12:05:48.986097+00:00,WjsKG4KdW9c,UCF0L4jd9LcSIxsj5gKITMqQ,Jaime Higuera,2026-05-16T15:00:55+00:00,3.878403,16787,1315,4328.327923,early
2026-05-20T12:05:48.986097+00:00,YGwqvGyl9f8,UCWBWgCD4oAqT3hUeq40SCUw,Sambucha,2026-05-05T15:15:03+00:00,14.868588,127523,1311,8576.67184,active
2026-05-20T12:05:48.986097+00:00,tXz-cftRqtU,UCeY0bbntWzzVIaj2z3QigXg,NBC News,2026-05-14T18:38:24+00:00,5.727373,40742,1306,7113.557996,early
2026-05-20T12:05:48.986097+00:00,pmhwE7TjMQU,UCF0L4jd9LcSIxsj5gKITMqQ,Jaime Higuera,2026-05-18T15:01:16+00:00,1.87816,5243,1300,2791.561954,early
2026-05-20T12:05:48.986097+00:00,ZAmCJoz4c4w,UCLe_q9axMaeTbjN0hy1Z9xA,Caleb Hammer,2026-04-28T19:00:28+00:00,21.712048,548711,1299,25272.189892,active
2026-05-20T12:05:48.986097+00:00,p7G9K9yg4a8,UChqUTb7kYRX8-EiaN3XFrSQ,Reuters,2026-05-15T08:22:03+00:00,5.155393,50500,1297,9795.567477,early
2026-05-20T12:05:48.986097+00:00,Rc7gD5KBv1s,UCwd8Byi93KbnsYmCcKLExvQ,Negocios TV,2026-05-18T21:30:12+00:00,1.608067,8230,1296,5117.945956,early
2026-05-20T12:05:48.986097+00:00,EGTF9mGda4U,UCWBWgCD4oAqT3hUeq40SCUw,Sambucha,2026-04-27T19:15:00+00:00,22.701956,610039,1294,26871.649298,active
2026-05-20T12:05:48.986097+00:00,AdSIoZ-Oaic,UCeY0bbntWzzVIaj2z3QigXg,NBC News,2026-05-16T21:38:00+00:00,3.60265,35500,1293,9853.857577,early
2026-05-20T12:05:48.986097+00:00,bQtOCpNbF-Y,UCEAZeUIeJs0IjQiqTCdVSIg,Yahoo Finance,2026-05-18T20:36:32+00:00,1.645335,4986,1292,3030.385909,early
2026-05-20T12:05:48.986097+00:00,J6N8PYftvPU,UCwd8Byi93KbnsYmCcKLExvQ,Negocios TV,2026-05-18T13:21:47+00:00,1.947245,12109,1290,6218.529255,early
2026-05-20T12:05:48.986097+00:00,SffUkLCitvA,UCiWLfSweyRNmLpgEHekhoAg,ESPN,2026-05-18T17:00:35+00:00,1.795301,11946,1288,6654.037401,early
2026-05-20T12:05:48.986097+00:00,d1s3127JNoA,UCM55RjebjSevVWPnj2LEymw,viyaura,2026-05-14T17:17:54+00:00,5.783275,77696,1287,13434.602366,early
2026-05-20T12:05:48.986097+00:00,ZArYuXTCGOo,UCWJ2lWNubArHWmf3FIHbfcQ,NBA,2026-05-18T00:08:08+00:00,2.498391,21835,1286,8739.624823,early
2026-05-20T12:05:48.986097+00:00,uLONeuiht0U,UCnsvJeZO4RigQ898WdDNoBw,EL PAÍS,2026-05-19T12:10:37+00:00,0.996667,1307,1281,1311.370799,first_24h
2026-05-20T12:05:48.986097+00:00,zP6tXxGvz9Q,UC3IZKseVpdzPSBaWxBxundA,HYBE LABELS,2026-05-11T12:05:00+00:00,9.000567,149017,1280,16556.401391,active
2026-05-20T12:05:48.986097+00:00,5ELYzsW9LaE,UCUsm-fannqOY02PNN67C0KA,NMás,2026-05-19T01:03:15+00:00,1.460116,5008,1280,3429.864477,early
2026-05-20T12:05:48.986097+00:00,BpfCzvJAL8o,UCTJXx9onKH6g4cWHS9pLqsQ,El HuffPost,2026-05-18T12:20:56+00:00,1.989502,3928,1277,1974.363434,early
2026-05-20T12:05:48.986097+00:00,IVnjeEpB1iI,UCUBIrDsIVzRpKsClMlSlTpQ,BBC News Mundo,2026-05-14T10:06:10+00:00,6.08309,145998,1263,24000.631258,early
2026-05-20T12:05:48.986097+00:00,-rOd8elF3E0,UCF0L4jd9LcSIxsj5gKITMqQ,Jaime Higuera,2026-05-17T16:00:00+00:00,2.837373,9241,1260,3256.885859,early
2026-05-20T12:05:48.986097+00:00,dTdXxGma3cg,UCey-eDTR5J6xU6pZ2f4guoA,Adin Live,2026-05-13T01:52:29+00:00,7.425926,35482,1256,4778.124641,active
2026-05-20T12:05:48.986097+00:00,B3pmZVvHLeA,UCUP6qv-_EIL0hwTsJaKYnvw,Azteca Noticias,2026-05-18T17:49:31+00:00,1.761319,16968,1256,9633.689298,early
2026-05-20T12:05:48.986097+00:00,r76-5ddZREM,UCeY0bbntWzzVIaj2z3QigXg,NBC News,2026-05-17T23:57:16+00:00,2.505937,134532,1255,53685.30813,early
2026-05-20T12:05:48.986097+00:00,UqLbzINEAu4,UC3IZKseVpdzPSBaWxBxundA,HYBE LABELS,2026-05-11T12:06:00+00:00,8.999873,139558,1253,15506.663261,active
2026-05-20T12:05:48.986097+00:00,f12jmDZfghA,UCiMhD4jzUqG-IgPzUmmytRQ,Queen Official,2026-05-13T14:01:05+00:00,6.919954,107347,1253,15512.675373,early
2026-05-20T12:05:48.986097+00:00,RSobZXkTD4M,UCTHaNTsP7hsVgBxARZTuajw,LUZU TV,2026-05-18T16:20:25+00:00,1.823194,9005,1253,4939.134289,early
2026-05-20T12:05:48.986097+00:00,g64GxnnK3XU,UCDVYQ4Zhbm3S2dlz7P1GBDg,NFL,2026-05-13T21:33:14+00:00,6.60596,41302,1250,6252.232832,early
2026-05-20T12:05:48.986097+00:00,eQedJ9_1E4o,UCsN32BtMd0IoByjJRNF12cw,60 Minutes,2026-05-18T20:00:13+00:00,1.670555,3084,1248,1846.093065,early
2026-05-20T12:05:48.986097+00:00,oZu9qirbQA8,UCupvZG-5ko_eiXAupbDfxWw,CNN,2026-05-17T21:19:14+00:00,2.615683,30223,1246,11554.534705,early
2026-05-20T12:05:48.986097+00:00,cd0lfqG1ohE,UCnsvJeZO4RigQ898WdDNoBw,EL PAÍS,2026-05-11T20:37:20+00:00,8.64478,2951,1246,341.362071,active
2026-05-20T12:05:48.986097+00:00,dI2g-VmO-tY,UCwd8Byi93KbnsYmCcKLExvQ,Negocios TV,2026-05-18T17:40:35+00:00,1.767523,11988,1245,6782.372846,early
2026-05-20T12:05:48.986097+00:00,XeWtb0vpHvU,UCwd_qoS94df5orGoPLPnsxQ,Franco Pisso,2026-05-14T13:00:52+00:00,5.961771,25704,1242,4311.470535,early
2026-05-20T12:05:48.986097+00:00,HJZAOVyWfVk,UCJ5v_MCY6GNUBTO8-D3XoAg,WWE,2026-05-12T19:15:00+00:00,7.701956,231526,1239,30060.675496,active
2026-05-20T12:05:48.986097+00:00,M2FHS6OwnDQ,UCBi2mrWuNuyYy4gbM6fU18Q,ABC News,2026-05-14T17:41:13+00:00,5.767083,16570,1235,2873.202969,early
2026-05-20T12:05:48.986097+00:00,FmtEiY9Gnno,UCeY0bbntWzzVIaj2z3QigXg,NBC News,2026-05-17T14:28:58+00:00,2.90059,37162,1228,12811.876204,early
2026-05-20T12:05:48.986097+00:00,EF2z8Q_hLHA,UCtwslQPB_xJfaFuZv0OETNw,Kings League Spain,2026-05-18T16:57:11+00:00,1.797662,4851,1227,2698.505058,early
2026-05-20T12:05:48.986097+00:00,DLMb7tufS7Q,UCoLrcjPV5PbUrUyXq5mjc_A,MLB,2026-05-15T18:00:17+00:00,4.753842,81771,1226,17201.034448,early
2026-05-20T12:05:48.986097+00:00,W9pmibfy1iI,UClHVl2N3jPEbkNJVx-ItQIQ,HealthyGamerGG,2026-05-15T15:00:52+00:00,4.878437,47898,1224,9818.30861,early
2026-05-20T12:05:48.986097+00:00,3r7fDrXTxNc,UC16niRr50-MSBwiO3YDb3RA,BBC News,2026-05-16T16:32:25+00:00,3.814861,27583,1220,7230.407609,early
2026-05-20T12:05:48.986097+00:00,O1QxdAMoidE,UC16niRr50-MSBwiO3YDb3RA,BBC News,2026-05-17T09:00:23+00:00,3.128773,20841,1216,6661.077681,early
2026-05-20T12:05:48.986097+00:00,YO-krwhkJUI,UCafNntv_qTQB26AvbEQNHPw,Aristegui Noticias,2026-05-17T23:00:25+00:00,2.545417,27087,1215,10641.47839,early
2026-05-20T12:05:48.986097+00:00,_gtbKsUiMEw,UCoLrcjPV5PbUrUyXq5mjc_A,MLB,2026-05-12T23:58:22+00:00,7.505173,44549,1208,5935.772566,active
2026-05-20T12:05:48.986097+00:00,wgADj9n8XMs,UC52hytXteCKmuOzMViTK8_w,CdeCiencia,2026-04-30T18:12:42+00:00,19.74522,857056,1203,43405.745796,active
2026-05-20T12:05:48.986097+00:00,U0f47Nt9g-Q,UCQX_MZRCaluNKxkywkLEgfA,Date un Vlog,2026-05-01T16:30:22+00:00,18.816285,467537,1200,24847.465905,active
2026-05-20T12:05:48.986097+00:00,8fIRAhGGRgA,UCWBWgCD4oAqT3hUeq40SCUw,Sambucha,2026-04-28T17:15:01+00:00,21.785278,315965,1195,14503.601928,active
2026-05-20T12:05:48.986097+00:00,EHeQE0nOsNA,UCF0L4jd9LcSIxsj5gKITMqQ,Jaime Higuera,2026-05-16T21:00:23+00:00,3.628773,16830,1193,4637.931334,early
2026-05-20T12:05:48.986097+00:00,fojqvvCwlL4,UCeY0bbntWzzVIaj2z3QigXg,NBC News,2026-05-18T13:00:27+00:00,1.96206,3613,1188,1841.431964,early
2026-05-20T12:05:48.986097+00:00,-4M_2kMDZ5U,UCnsvJeZO4RigQ898WdDNoBw,EL PAÍS,2026-05-16T20:59:37+00:00,3.629305,19761,1184,5444.844123,early
2026-05-20T12:05:48.986097+00:00,boL1IBu0Kj8,UCTl3QQTvqHFjurroKxexy2Q,Olympics,2026-05-18T14:58:11+00:00,1.880301,7936,1183,4220.600851,early
2026-05-20T12:05:48.986097+00:00,zeSxIpTTA44,UCUsm-fannqOY02PNN67C0KA,NMás,2026-05-17T18:35:59+00:00,2.729051,10217,1180,3743.792256,early
2026-05-20T12:05:48.986097+00:00,VSGJxs6lhbc,UCoLrcjPV5PbUrUyXq5mjc_A,MLB,2026-05-15T19:30:05+00:00,4.691481,134691,1176,28709.697428,early
2026-05-20T12:05:48.986097+00:00,FThZVI1naPQ,UCurvRE5fGcdUgCYWgh-BDsg,DAZN Boxing,2026-05-15T13:35:07+00:00,4.937986,14638,1175,2964.366444,early
2026-05-20T12:05:48.986097+00:00,4lAmoGWnVcE,UCUsm-fannqOY02PNN67C0KA,NMás,2026-05-18T20:00:16+00:00,1.670521,7908,1172,4733.852493,early
2026-05-20T12:05:48.986097+00:00,MOrBFf1DVvs,UCLe_q9axMaeTbjN0hy1Z9xA,Caleb Hammer,2026-05-02T16:00:35+00:00,17.836967,1132161,1170,63472.730538,active
2026-05-20T12:05:48.986097+00:00,n9_ID5BzbT4,UCBi2mrWuNuyYy4gbM6fU18Q,ABC News,2026-05-17T21:33:33+00:00,2.605741,40055,1170,15371.827054,early
2026-05-20T12:05:48.986097+00:00,eYu3KWvhtOY,UCknLrEdhRCp1aegoMqRaCZg,DW News,2026-05-17T23:22:40+00:00,2.529965,20135,1168,7958.608123,early
2026-05-20T12:05:48.986097+00:00,-es1HUEXdVA,UC16niRr50-MSBwiO3YDb3RA,BBC News,2026-05-16T09:18:33+00:00,4.116157,37087,1167,9010.103356,early
2026-05-20T12:05:48.986097+00:00,_LRfzYRul0Y,UCUyDOdBWhC1MCxEjC46d-zw,Alex Hormozi,2026-05-09T03:00:00+00:00,11.379039,298634,1163,26244.219745,active
2026-05-20T12:05:48.986097+00:00,-1rmpQz9lvA,UCpEhnqL0y41EpW2TvWAHD7Q,SET India,2026-05-15T15:46:41+00:00,4.84662,50553,1162,10430.568107,early
2026-05-20T12:05:48.986097+00:00,u_f8bJkfg68,UC52hytXteCKmuOzMViTK8_w,CdeCiencia,2026-04-26T21:13:59+00:00,23.619329,4343705,1161,183904.674007,active
2026-05-20T12:05:48.986097+00:00,oJ4gt0vQwTs,UCurvRE5fGcdUgCYWgh-BDsg,DAZN Boxing,2026-05-11T16:17:18+00:00,8.825359,272461,1158,30872.511815,active
2026-05-20T12:05:48.986097+00:00,xJPs-RopMDI,UC52X5wxOL_s5yw0dQk7NtgA,Associated Press,2026-05-19T11:00:00+00:00,1.045706,1718,1154,1642.909192,early
2026-05-20T12:05:48.986097+00:00,GIpW82nODbE,UCUyDOdBWhC1MCxEjC46d-zw,Alex Hormozi,2026-05-09T05:00:00+00:00,11.295706,180542,1153,15983.241773,active
2026-05-20T12:05:48.986097+00:00,Xy3ri4uPie4,UCFxHplbcoJK9m70c4VyTIxg,MILENIO,2026-05-19T04:51:04+00:00,1.30191,1573,1152,1208.224839,early
2026-05-20T12:05:48.986097+00:00,a1aFhMw2wQE,UCdNnEDbRWhanA1O8zhCn3ZA,Omar - Educación Financiera,2026-05-04T01:16:19+00:00,16.451042,154252,1148,9376.427341,active
2026-05-20T12:05:48.986097+00:00,ZzrrUfFTu_8,UCaVPhFg-Ax873wvhbNitsrQ,El Robot de Platón,2026-05-08T21:02:44+00:00,11.627141,169605,1145,14586.990903,active
2026-05-20T12:05:48.986097+00:00,RtULy4Qv0CM,UCpcTrCXblq78GZrTUTLWeBw,FIFA,2026-05-16T17:00:27+00:00,3.795393,18741,1145,4937.828573,early
2026-05-20T12:05:48.986097+00:00,GXc6DVm1SR0,UCF0L4jd9LcSIxsj5gKITMqQ,Jaime Higuera,2026-05-14T13:38:15+00:00,5.93581,22147,1142,3731.083037,early
2026-05-20T12:05:48.986097+00:00,ybAYBwr_KFY,UCUP6qv-_EIL0hwTsJaKYnvw,Azteca Noticias,2026-05-16T04:30:58+00:00,4.315868,68606,1140,15896.222961,early
2026-05-20T12:05:48.986097+00:00,e_djjPDstF4,UCey-eDTR5J6xU6pZ2f4guoA,Adin Live,2026-05-17T19:37:55+00:00,2.686042,9467,1137,3524.516742,early
2026-05-20T12:05:48.986097+00:00,I0km3PMOCHM,UCpcTrCXblq78GZrTUTLWeBw,FIFA,2026-05-14T22:30:04+00:00,5.566493,66328,1135,11915.581318,early
2026-05-20T12:05:48.986097+00:00,DyGBhu_Zp4Y,UCi7TVXyvrIwqeS9tfYD8UDA,DjMaRiiO,2026-05-14T19:22:10+00:00,5.696979,49956,1135,8768.858021,early
2026-05-20T12:05:48.986097+00:00,UZtKesyHSpU,UCM-GvgUy0EAZU7ZwXKLarkg,López-Dóriga,2026-05-13T23:40:55+00:00,6.517292,31778,1134,4875.951546,early
2026-05-20T12:05:48.986097+00:00,A3fb9vgBYAU,UCBi2mrWuNuyYy4gbM6fU18Q,ABC News,2026-05-16T00:16:09+00:00,4.492824,40047,1132,8913.54747,early
2026-05-20T12:05:48.986097+00:00,R_xmcQIxRRE,UC16niRr50-MSBwiO3YDb3RA,BBC News,2026-05-16T08:15:02+00:00,4.160266,64018,1123,15387.958366,early
2026-05-20T12:05:48.986097+00:00,5DAgMtNrC7E,UCiWLfSweyRNmLpgEHekhoAg,ESPN,2026-05-18T17:04:27+00:00,1.792616,9590,1122,5349.723533,early
2026-05-20T12:05:48.986097+00:00,0G8yHc7xt1E,UCJ5v_MCY6GNUBTO8-D3XoAg,WWE,2026-05-12T01:48:45+00:00,8.428518,286441,1112,33984.740852,active
2026-05-20T12:05:48.986097+00:00,ZDOEOAWcV_Y,UCiWLfSweyRNmLpgEHekhoAg,ESPN,2026-05-18T17:04:31+00:00,1.792569,9289,1111,5181.948366,early
2026-05-20T12:05:48.986097+00:00,ol1raCzz8Ic,UC8p1vwvWtl6T73JiExfWs1g,CBS News,2026-05-16T01:54:52+00:00,4.424271,56665,1103,12807.759742,early
2026-05-20T12:05:48.986097+00:00,YA8-baVvaho,UCq-Fj5jknLsUf-MWSy4_brA,T-Series,2026-05-17T06:30:24+00:00,3.232928,61005,1103,18869.891318,early
2026-05-20T12:05:48.986097+00:00,NVCMy3Yq6cI,UC3IZKseVpdzPSBaWxBxundA,HYBE LABELS,2026-05-11T12:04:00+00:00,9.001261,88320,1103,9811.958569,active
2026-05-20T12:05:48.986097+00:00,LwcnId0ayVM,UC16niRr50-MSBwiO3YDb3RA,BBC News,2026-05-13T15:22:30+00:00,6.863414,41585,1102,6058.938015,early
2026-05-20T12:05:48.986097+00:00,jKoavi8G_i4,UCupvZG-5ko_eiXAupbDfxWw,CNN,2026-05-15T16:01:58+00:00,4.836007,88545,1099,18309.526847,early
2026-05-20T12:05:48.986097+00:00,zkgTdOcnBwg,UC9MAhZQQd9egwWCxrwSIsJQ,HISTORY,2026-05-18T21:00:15+00:00,1.628866,4832,1099,2966.480975,early
2026-05-20T12:05:48.986097+00:00,LraNc4jYTOg,UC-2hhqBG5Su7s91_HmhaODQ,Fox Deportes,2026-05-18T06:52:26+00:00,2.217627,8195,1097,3695.391515,early
2026-05-20T12:05:48.986097+00:00,FWd0pTgMyrY,UCvgfXK4nTYKudb0rFR6noLA,UFC,2026-05-14T16:00:22+00:00,5.837118,46101,1096,7897.904411,early
2026-05-20T12:05:48.986097+00:00,liXBb7GlAlo,UChqUTb7kYRX8-EiaN3XFrSQ,Reuters,2026-05-18T10:18:54+00:00,2.074248,5254,1091,2532.966164,early
2026-05-20T12:05:48.986097+00:00,euirUxWMj1o,UC52X5wxOL_s5yw0dQk7NtgA,Associated Press,2026-05-18T11:00:25+00:00,2.045417,19179,1087,9376.572112,early
2026-05-20T12:05:48.986097+00:00,DitWY_dIRLU,UCF0L4jd9LcSIxsj5gKITMqQ,Jaime Higuera,2026-05-15T20:30:03+00:00,4.649838,25832,1085,5555.462362,early
2026-05-20T12:05:48.986097+00:00,CNKAwrTujYg,UC8p1vwvWtl6T73JiExfWs1g,CBS News,2026-05-18T03:21:30+00:00,2.364109,91293,1083,38616.239776,early
2026-05-20T12:05:48.986097+00:00,Uiewmlwr_Nk,UCBi2mrWuNuyYy4gbM6fU18Q,ABC News,2026-05-18T18:29:20+00:00,1.733669,21473,1083,12385.870659,early
2026-05-20T12:05:48.986097+00:00,lRB_JQE5RHo,UCTv-XvfzLX3i4IGWAm4sbmA,LALIGA EA SPORTS,2026-05-17T17:49:01+00:00,2.761667,21388,1082,7744.597738,early
2026-05-20T12:05:48.986097+00:00,KXpgCNB6Dcs,UC52hytXteCKmuOzMViTK8_w,CdeCiencia,2026-04-21T20:45:40+00:00,28.638993,519826,1081,18150.987362,active
2026-05-20T12:05:48.986097+00:00,MAjbw8DJThg,UCsN32BtMd0IoByjJRNF12cw,60 Minutes,2026-05-12T00:48:10+00:00,8.47059,28193,1081,3328.339584,active
2026-05-20T12:05:48.986097+00:00,5GXM6fB1ZV0,UC2UXDak6o7rBm23k3Vv5dww,Tina Huang,2026-05-17T15:12:47+00:00,2.870162,15656,1079,5454.744366,early
2026-05-20T12:05:48.986097+00:00,daTs4wtAbmM,UCQX_MZRCaluNKxkywkLEgfA,Date un Vlog,2026-05-10T11:39:52+00:00,10.018021,760680,1075,75931.164449,active
2026-05-20T12:05:48.986097+00:00,0xrCkiQ4wKc,UCiWLfSweyRNmLpgEHekhoAg,ESPN,2026-05-18T04:35:39+00:00,2.312616,22679,1075,9806.643213,early
2026-05-20T12:05:48.986097+00:00,CIfRZyWlWf8,UCvgfXK4nTYKudb0rFR6noLA,UFC,2026-05-14T23:00:22+00:00,5.545451,26077,1071,4702.412843,early
2026-05-20T12:05:48.986097+00:00,XJDn_ocF5MA,UCUsm-fannqOY02PNN67C0KA,NMás,2026-05-18T16:29:18+00:00,1.817025,4949,1069,2723.682943,early
2026-05-20T12:05:48.986097+00:00,ENpSNPdFwLo,UCUyDOdBWhC1MCxEjC46d-zw,Alex Hormozi,2026-05-16T19:00:25+00:00,3.712083,13610,1068,3666.405088,early
2026-05-20T12:05:48.986097+00:00,iq7ahtQT6LM,UCNye-wNBqNL5ZzHSJj3l8Bg,Al Jazeera English,2026-05-16T02:33:08+00:00,4.397697,21458,1066,4879.37209,early
2026-05-20T12:05:48.986097+00:00,S9ddYsBLitA,UCknLrEdhRCp1aegoMqRaCZg,DW News,2026-05-18T11:04:30+00:00,2.042581,8909,1066,4361.638535,early
2026-05-20T12:05:48.986097+00:00,pDgXOzjYNso,UCFxHplbcoJK9m70c4VyTIxg,MILENIO,2026-05-19T02:30:25+00:00,1.399583,6518,1063,4657.101437,early
2026-05-20T12:05:48.986097+00:00,f2jw7wnW_sY,UCupvZG-5ko_eiXAupbDfxWw,CNN,2026-05-14T17:04:46+00:00,5.792396,194421,1060,33564.866767,early
2026-05-20T12:05:48.986097+00:00,oVhYung_rSk,UCTl3QQTvqHFjurroKxexy2Q,Olympics,2026-05-15T19:04:56+00:00,4.708947,152840,1060,32457.362548,early
2026-05-20T12:05:48.986097+00:00,H_3eAu8F0So,UCWJ2lWNubArHWmf3FIHbfcQ,NBA,2026-05-16T01:18:38+00:00,4.449433,104358,1059,23454.224392,early
2026-05-20T12:05:48.986097+00:00,SSs7i4DW19g,UCoOae5nYA7VqaXzerajD0lg,Ali Abdaal,2026-05-10T10:00:45+00:00,10.086852,39063,1053,3872.665129,active
2026-05-20T12:05:48.986097+00:00,YMnpcgh_AQY,UCJ5v_MCY6GNUBTO8-D3XoAg,WWE,2026-05-13T01:55:51+00:00,7.423588,108506,1053,14616.382267,active
2026-05-20T12:05:48.986097+00:00,42qzQy2_aSE,UCUyDOdBWhC1MCxEjC46d-zw,Alex Hormozi,2026-05-16T15:00:23+00:00,3.878773,18056,1052,4655.080357,early
2026-05-20T12:05:48.986097+00:00,OQrd3NGdBvM,UCvgfXK4nTYKudb0rFR6noLA,UFC,2026-05-15T20:15:00+00:00,4.660289,65466,1052,14047.62666,early
2026-05-20T12:05:48.986097+00:00,ooou2pV04Zw,UCoLrcjPV5PbUrUyXq5mjc_A,MLB,2026-05-16T23:58:22+00:00,3.505173,13905,1052,3966.993926,early
2026-05-20T12:05:48.986097+00:00,cSgd98lWawI,UCiWLfSweyRNmLpgEHekhoAg,ESPN,2026-05-18T15:21:56+00:00,1.863808,8233,1050,4417.300494,early
2026-05-20T12:05:48.986097+00:00,F0DJ9tjIVAM,UC3IZKseVpdzPSBaWxBxundA,HYBE LABELS,2026-05-12T12:01:41+00:00,8.00287,63142,1049,7889.919491,active
2026-05-20T12:05:48.986097+00:00,294X5o83_Ic,UCEf_Bc-KVd7onSeifS3py9g,SMTOWN,2026-05-16T15:00:03+00:00,3.879004,51080,1049,13168.328777,early
2026-05-20T12:05:48.986097+00:00,tuEVzNLtpNs,UC52X5wxOL_s5yw0dQk7NtgA,Associated Press,2026-05-18T15:22:44+00:00,1.863252,17441,1048,9360.515915,early
2026-05-20T12:05:48.986097+00:00,vZoEDnrls5Q,UCWJ2lWNubArHWmf3FIHbfcQ,NBA,2026-05-18T01:11:42+00:00,2.454248,46023,1046,18752.383622,early
2026-05-20T12:05:48.986097+00:00,YtrgECrqP0E,UCUyDOdBWhC1MCxEjC46d-zw,Alex Hormozi,2026-05-15T23:00:14+00:00,4.545544,16952,1045,3729.366606,early
2026-05-20T12:05:48.986097+00:00,oZnUxsLlsZc,UCF0L4jd9LcSIxsj5gKITMqQ,Jaime Higuera,2026-05-17T17:01:00+00:00,2.795011,9642,1045,3449.718087,early
2026-05-20T12:05:48.986097+00:00,YdMylxdxrWk,UCknLrEdhRCp1aegoMqRaCZg,DW News,2026-05-17T20:00:10+00:00,2.67059,10314,1042,3862.067933,early
2026-05-20T12:05:48.986097+00:00,e-fi6z80CoA,UCUyDOdBWhC1MCxEjC46d-zw,Alex Hormozi,2026-05-10T07:00:11+00:00,10.212245,230685,1040,22589.058527,active
2026-05-20T12:05:48.986097+00:00,VEXqTNtmEjQ,UCurvRE5fGcdUgCYWgh-BDsg,DAZN Boxing,2026-05-18T15:02:22+00:00,1.877396,5908,1036,3146.911999,early
2026-05-20T12:05:48.986097+00:00,kMXcFckJCWY,UCUP6qv-_EIL0hwTsJaKYnvw,Azteca Noticias,2026-05-16T23:29:57+00:00,3.524907,138253,1035,39221.744006,early
2026-05-20T12:05:48.986097+00:00,ukg8ASqdRmc,UCNye-wNBqNL5ZzHSJj3l8Bg,Al Jazeera English,2026-05-14T16:21:47+00:00,5.822245,56048,1030,9626.527224,early
2026-05-20T12:05:48.986097+00:00,wfHh8O_ZgoI,UCz8QaiQxApLq8sLNcszYyJw,Firstpost,2026-05-18T08:18:57+00:00,2.157546,9515,1030,4410.10296,early
2026-05-20T12:05:48.986097+00:00,JHd4xZBm_Cs,UCUP6qv-_EIL0hwTsJaKYnvw,Azteca Noticias,2026-05-16T05:35:08+00:00,4.271308,289851,1029,67860.009159,early
2026-05-20T12:05:48.986097+00:00,kCSfyf53Yy8,UCoLrcjPV5PbUrUyXq5mjc_A,MLB,2026-05-15T14:15:06+00:00,4.91022,58754,1022,11965.655307,early
2026-05-20T12:05:48.986097+00:00,2fEg7w9hEOU,UC8p1vwvWtl6T73JiExfWs1g,CBS News,2026-05-17T03:34:58+00:00,3.354757,31831,1021,9488.317634,early
2026-05-20T12:05:48.986097+00:00,20Ki6J1ZJ3A,UCoLrcjPV5PbUrUyXq5mjc_A,MLB,2026-05-17T21:21:36+00:00,2.614039,29856,1019,11421.405725,early
2026-05-20T12:05:48.986097+00:00,qAVCWl0ygWw,UCGXbLrVe8vnkiFv7q2vYv3w,El Mundo,2026-05-19T09:20:26+00:00,1.114849,1317,1019,1181.325902,early
2026-05-20T12:05:48.986097+00:00,DAXoO4aWFo4,UCWJ2lWNubArHWmf3FIHbfcQ,NBA,2026-05-13T00:57:15+00:00,7.464282,158006,1018,21168.278476,active
2026-05-20T12:05:48.986097+00:00,vCSV5v1gF4k,UCafNntv_qTQB26AvbEQNHPw,Aristegui Noticias,2026-05-13T16:06:04+00:00,6.83316,111519,1014,16320.267636,early
2026-05-20T12:05:48.986097+00:00,aZIez8G50b0,UCwd_qoS94df5orGoPLPnsxQ,Franco Pisso,2026-05-16T13:00:02+00:00,3.962349,23705,1012,5982.562364,early
2026-05-20T12:05:48.986097+00:00,DmFkaWaxq7s,UCupvZG-5ko_eiXAupbDfxWw,CNN,2026-05-11T04:04:15+00:00,9.334421,173711,1011,18609.72416,active
2026-05-20T12:05:48.986097+00:00,8yYYNlVxRzU,UCz8QaiQxApLq8sLNcszYyJw,Firstpost,2026-05-18T14:38:41+00:00,1.893842,6294,1009,3323.402903,early
2026-05-20T12:05:48.986097+00:00,1lx0bttCAbs,UCF0L4jd9LcSIxsj5gKITMqQ,Jaime Higuera,2026-04-22T19:00:01+00:00,27.712361,51649,1005,1863.753146,active
2026-05-20T12:05:48.986097+00:00,YyGnA9WIkP0,UCtT7zEoC9-HNyLYb8cYWoww,Ale Marin,2026-05-18T21:30:05+00:00,1.608148,2746,1003,1707.55428,early
2026-05-20T12:05:48.986097+00:00,iuAFGhkzyLY,UCaVPhFg-Ax873wvhbNitsrQ,El Robot de Platón,2026-05-12T20:26:30+00:00,7.652303,80200,1002,10480.505019,active
2026-05-20T12:05:48.986097+00:00,Qvb__7D8uA8,UCoLrcjPV5PbUrUyXq5mjc_A,MLB,2026-05-16T22:00:22+00:00,3.587118,23313,1002,6499.089241,early
2026-05-20T12:05:48.986097+00:00,InAd2V3IfxA,UCTv-XvfzLX3i4IGWAm4sbmA,LALIGA EA SPORTS,2026-05-17T17:13:26+00:00,2.786377,29224,1001,10488.171558,early
2026-05-20T12:05:48.986097+00:00,8qXtR46s4Z4,UCupvZG-5ko_eiXAupbDfxWw,CNN,2026-05-12T09:36:23+00:00,8.103773,141453,1000,17455.202657,active
2026-05-20T12:05:48.986097+00:00,IWK7FnBFDSs,UCJ5v_MCY6GNUBTO8-D3XoAg,WWE,2026-05-12T02:51:13+00:00,8.385139,442393,999,52759.173104,active
2026-05-20T12:05:48.986097+00:00,6GCESjZ2jTo,UCiWLfSweyRNmLpgEHekhoAg,ESPN,2026-05-18T12:18:19+00:00,1.991319,12428,991,6241.089449,early
2026-05-20T12:05:48.986097+00:00,lS3cqHoyeTM,UCvgfXK4nTYKudb0rFR6noLA,UFC,2026-05-13T16:01:25+00:00,6.836389,127567,987,18659.997259,early
2026-05-20T12:05:48.986097+00:00,Kq_dwzZJGJc,UC16niRr50-MSBwiO3YDb3RA,BBC News,2026-05-16T11:15:02+00:00,4.035266,56915,986,14104.39857,early
2026-05-20T12:05:48.986097+00:00,XOmRW5hPTIU,UC-2hhqBG5Su7s91_HmhaODQ,Fox Deportes,2026-05-18T06:49:01+00:00,2.22,6928,986,3120.720721,early
2026-05-20T12:05:48.986097+00:00,-uenQaKfw9Q,UCF0L4jd9LcSIxsj5gKITMqQ,Jaime Higuera,2026-05-18T17:00:01+00:00,1.795694,3223,985,1794.849234,early
2026-05-20T12:05:48.986097+00:00,xvuNnpxSFwI,UCcHtke0raf8vNYLM1Hbq3Jw,Imagen Noticias,2026-05-18T18:13:15+00:00,1.744838,7237,985,4147.662992,early
2026-05-20T12:05:48.986097+00:00,vGtyYlMLlkM,UCq-Fj5jknLsUf-MWSy4_brA,T-Series,2026-05-12T13:31:35+00:00,7.94044,156001,984,19646.392391,active
2026-05-20T12:05:48.986097+00:00,c6yACIv4PEU,UCtwslQPB_xJfaFuZv0OETNw,Kings League Spain,2026-05-17T17:14:54+00:00,2.785359,13925,984,4999.355559,early
2026-05-20T12:05:48.986097+00:00,jJM9I0KUT-I,UCwd_qoS94df5orGoPLPnsxQ,Franco Pisso,2026-05-12T13:01:19+00:00,7.961458,56017,982,7036.022799,active
2026-05-20T12:05:48.986097+00:00,rwYTciiMwHQ,UCiWLfSweyRNmLpgEHekhoAg,ESPN,2026-05-16T13:16:15+00:00,3.951088,49871,980,12622.092953,early
2026-05-20T12:05:48.986097+00:00,LwNRlU-IVV4,UCUsm-fannqOY02PNN67C0KA,NMás,2026-05-18T14:00:29+00:00,1.92037,10806,979,5627.040622,early
2026-05-20T12:05:48.986097+00:00,6Ha2aiYMoNA,UCupvZG-5ko_eiXAupbDfxWw,CNN,2026-05-12T20:29:34+00:00,7.650173,170573,978,22296.619959,active
2026-05-20T12:05:48.986097+00:00,KCgfGv37W_4,UCJ5v_MCY6GNUBTO8-D3XoAg,WWE,2026-05-12T02:26:08+00:00,8.402558,549816,978,65434.359394,active
2026-05-20T12:05:48.986097+00:00,r-5lSd_Gqg8,UCWJ2lWNubArHWmf3FIHbfcQ,NBA,2026-05-16T04:24:11+00:00,4.320579,78088,976,18073.503574,early
2026-05-20T12:05:48.986097+00:00,MNNGK0ie1To,UCupvZG-5ko_eiXAupbDfxWw,CNN,2026-05-14T07:46:28+00:00,6.180104,687508,973,111245.3771,early
2026-05-20T12:05:48.986097+00:00,05IIdCcJjro,UCurvRE5fGcdUgCYWgh-BDsg,DAZN Boxing,2026-05-17T15:07:19+00:00,2.873958,8396,973,2921.406645,early
2026-05-20T12:05:48.986097+00:00,VDZQY9OnEIU,UCUyDOdBWhC1MCxEjC46d-zw,Alex Hormozi,2026-05-15T19:45:39+00:00,4.680671,42351,971,9048.061699,early
2026-05-20T12:05:48.986097+00:00,oCiXciPoe7Y,UCpcTrCXblq78GZrTUTLWeBw,FIFA,2026-05-17T12:02:48+00:00,3.002095,11267,971,3753.04579,early
2026-05-20T12:05:48.986097+00:00,yy_J5fdELm0,UCM55RjebjSevVWPnj2LEymw,viyaura,2026-04-28T14:48:52+00:00,21.886771,160884,970,7350.741688,active
2026-05-20T12:05:48.986097+00:00,qzdJbLigVho,UCGXbLrVe8vnkiFv7q2vYv3w,El Mundo,2026-05-13T07:12:02+00:00,7.204016,71472,969,9921.132879,active
2026-05-20T12:05:48.986097+00:00,yXjeLUaLa4M,UCvgfXK4nTYKudb0rFR6noLA,UFC,2026-05-17T00:23:55+00:00,3.48743,35239,966,10104.575576,early
2026-05-20T12:05:48.986097+00:00,BHhsGElSTTY,UCUyDOdBWhC1MCxEjC46d-zw,Alex Hormozi,2026-05-15T05:00:38+00:00,5.295266,27971,950,5282.265329,early
2026-05-20T12:05:48.986097+00:00,1VSBgPn28zA,UCUyDOdBWhC1MCxEjC46d-zw,Alex Hormozi,2026-04-28T09:00:00+00:00,22.129039,145773,944,6587.407614,active
2026-05-20T12:05:48.986097+00:00,mWKEwIs3l0M,UCvgfXK4nTYKudb0rFR6noLA,UFC,2026-05-15T16:45:07+00:00,4.806042,50879,943,10586.465953,early
2026-05-20T12:05:48.986097+00:00,PhI0bv3H0AA,UCF0L4jd9LcSIxsj5gKITMqQ,Jaime Higuera,2026-05-17T12:00:40+00:00,3.003576,8817,941,2935.500883,early
2026-05-20T12:05:48.986097+00:00,fE_83TZYPog,UCUP6qv-_EIL0hwTsJaKYnvw,Azteca Noticias,2026-05-14T15:31:45+00:00,5.856991,156456,941,26712.692575,early
2026-05-20T12:05:48.986097+00:00,i7BnhBAIvTs,UCGXbLrVe8vnkiFv7q2vYv3w,El Mundo,2026-05-18T12:03:34+00:00,2.001562,6792,941,3393.349794,early
2026-05-20T12:05:48.986097+00:00,K00wpZd8HbM,UClHVl2N3jPEbkNJVx-ItQIQ,HealthyGamerGG,2026-05-14T22:00:21+00:00,5.587129,42123,939,7539.292542,early
2026-05-20T12:05:48.986097+00:00,q1RG3qqbXPs,UCpcTrCXblq78GZrTUTLWeBw,FIFA,2026-05-12T20:30:06+00:00,7.649803,61955,938,8098.90137,active
2026-05-20T12:05:48.986097+00:00,nVHr2D6tnA4,UC52hytXteCKmuOzMViTK8_w,CdeCiencia,2026-04-29T21:54:05+00:00,20.591481,198943,937,9661.422605,active
2026-05-20T12:05:48.986097+00:00,YafKRYEzdDg,UCz8QaiQxApLq8sLNcszYyJw,Firstpost,2026-05-18T18:34:52+00:00,1.729826,4979,933,2878.324178,early
2026-05-20T12:05:48.986097+00:00,GmTuhpMe1oM,UC52hytXteCKmuOzMViTK8_w,CdeCiencia,2026-04-23T20:51:09+00:00,26.635185,191936,932,7206.10726,active
2026-05-20T12:05:48.986097+00:00,sR4cjPviq6Y,UCvksjnr7kInzcIjMpJpqF2A,Little Angel: Nursery Rhymes & Kids Songs,2026-05-12T17:01:06+00:00,7.794942,19962,932,2560.891409,active
2026-05-20T12:05:48.986097+00:00,1af6RZMUSOw,UCiWLfSweyRNmLpgEHekhoAg,ESPN,2026-05-18T15:12:49+00:00,1.870139,7922,932,4236.048764,early
2026-05-20T12:05:48.986097+00:00,KwxT2WXpI-4,UCeY0bbntWzzVIaj2z3QigXg,NBC News,2026-05-18T12:08:15+00:00,1.99831,7237,931,3621.560218,early
2026-05-20T12:05:48.986097+00:00,J7MMiANx8vw,UCz8QaiQxApLq8sLNcszYyJw,Firstpost,2026-05-17T15:30:49+00:00,2.857639,23662,929,8280.262132,early
2026-05-20T12:05:48.986097+00:00,IH3jqqA34vE,UCafNntv_qTQB26AvbEQNHPw,Aristegui Noticias,2026-05-18T22:53:09+00:00,1.550463,5892,925,3800.155179,early
2026-05-20T12:05:48.986097+00:00,cus3mgC9njg,UCUyDOdBWhC1MCxEjC46d-zw,Alex Hormozi,2026-05-13T19:00:10+00:00,6.712257,52245,923,7783.521996,early
2026-05-20T12:05:48.986097+00:00,9PWZvhuTrgo,UCnsvJeZO4RigQ898WdDNoBw,EL PAÍS,2026-05-18T14:39:14+00:00,1.89346,7569,922,3997.443833,early
2026-05-20T12:05:48.986097+00:00,zy-2XZ2W5Aw,UCFxHplbcoJK9m70c4VyTIxg,MILENIO,2026-05-19T06:46:58+00:00,1.221423,1208,921,989.010359,early
2026-05-20T12:05:48.986097+00:00,K8r6phTzCqE,UCPQ2dheMajZPnIleYZHzblg,Pablo Gil Trader,2026-05-17T16:00:21+00:00,2.837129,3965,918,1397.539555,early
2026-05-20T12:05:48.986097+00:00,fB26iCmGWh8,UCWJ2lWNubArHWmf3FIHbfcQ,NBA,2026-05-14T02:50:01+00:00,6.385972,131603,916,20608.139215,early
2026-05-20T12:05:48.986097+00:00,Gef-vJJn5E4,UCz8QaiQxApLq8sLNcszYyJw,Firstpost,2026-05-17T15:24:59+00:00,2.86169,14752,915,5154.995824,early
2026-05-20T12:05:48.986097+00:00,SphZqpyQR0w,UCoLrcjPV5PbUrUyXq5mjc_A,MLB,2026-05-17T01:16:21+00:00,3.451018,31077,914,9005.16891,early
2026-05-20T12:05:48.986097+00:00,Ri_0z_aLHOA,UCEK0oX3X2yK9y27khCsrNKg,Mis Propias Finanzas,2026-05-18T23:02:41+00:00,1.543842,2359,913,1528.006104,early
2026-05-20T12:05:48.986097+00:00,wdCDxH9KBss,UCaVPhFg-Ax873wvhbNitsrQ,El Robot de Platón,2026-05-01T22:49:28+00:00,18.553021,83188,911,4483.798083,active
2026-05-20T12:05:48.986097+00:00,2pao0845DQQ,UCUyDOdBWhC1MCxEjC46d-zw,Alex Hormozi,2026-05-02T05:00:00+00:00,18.295706,354772,906,19390.998084,active
2026-05-20T12:05:48.986097+00:00,o9m977ZyyWA,UChqUTb7kYRX8-EiaN3XFrSQ,Reuters,2026-05-14T09:56:47+00:00,6.089606,21328,903,3502.361237,early
2026-05-20T12:05:48.986097+00:00,DnmAJidsIIY,UCM-GvgUy0EAZU7ZwXKLarkg,López-Dóriga,2026-05-14T14:00:17+00:00,5.920509,45424,900,7672.31331,early
2026-05-20T12:05:48.986097+00:00,-CTY5XDxt8E,UCUyDOdBWhC1MCxEjC46d-zw,Alex Hormozi,2026-05-04T07:00:00+00:00,16.212373,159593,898,9843.901322,active
2026-05-20T12:05:48.986097+00:00,yPAjcGrP2FE,UC16niRr50-MSBwiO3YDb3RA,BBC News,2026-05-13T16:45:09+00:00,6.806018,78371,897,11514.956322,early
2026-05-20T12:05:48.986097+00:00,kl03vJGhl8s,UCnsvJeZO4RigQ898WdDNoBw,EL PAÍS,2026-05-18T08:30:22+00:00,2.149618,14083,896,6551.396574,early
2026-05-20T12:05:48.986097+00:00,5eWIf57RqkQ,UCUsm-fannqOY02PNN67C0KA,NMás,2026-05-18T23:30:22+00:00,1.524618,5767,896,3782.586851,early
2026-05-20T12:05:48.986097+00:00,otMCRFF0GkY,UCzKnSeOq30zVvgosDFlne5g,Finect - Invertir mejor,2026-05-19T10:54:26+00:00,1.049572,937,889,892.744852,early
2026-05-20T12:05:48.986097+00:00,l5u2Oo-3F3g,UC16niRr50-MSBwiO3YDb3RA,BBC News,2026-05-14T02:51:29+00:00,6.384954,112316,885,17590.729706,early
2026-05-20T12:05:48.986097+00:00,hmHc6qrNUrc,UC8p1vwvWtl6T73JiExfWs1g,CBS News,2026-05-17T03:26:24+00:00,3.360706,15691,884,4668.959439,early
2026-05-20T12:05:48.986097+00:00,sDrY1icn43k,UCl5-lvQyfILb-l2abPk4Ntg,Inteligencia Artificial,2026-05-19T10:00:40+00:00,1.08691,1355,880,1246.653357,early
2026-05-20T12:05:48.986097+00:00,elpKxcf6VSU,UCpEhnqL0y41EpW2TvWAHD7Q,SET India,2026-05-14T06:21:01+00:00,6.239444,57339,879,9189.761139,early
2026-05-20T12:05:48.986097+00:00,9EUyftmXeB8,UCoLrcjPV5PbUrUyXq5mjc_A,MLB,2026-05-16T02:43:52+00:00,4.390243,37386,879,8515.70175,early
2026-05-20T12:05:48.986097+00:00,Me-Su9W9Gis,UC16niRr50-MSBwiO3YDb3RA,BBC News,2026-05-17T09:45:01+00:00,3.097778,15733,878,5078.801644,early
2026-05-20T12:05:48.986097+00:00,2ViQl88NH-I,UCiWLfSweyRNmLpgEHekhoAg,ESPN,2026-05-15T23:32:06+00:00,4.523414,125705,876,27789.850763,early
2026-05-20T12:05:48.986097+00:00,XIbEnmoKuXQ,UC9MAhZQQd9egwWCxrwSIsJQ,HISTORY,2026-05-17T16:00:25+00:00,2.837083,6840,875,2410.926998,early
2026-05-20T12:05:48.986097+00:00,kqZJ4uKqJls,UCurvRE5fGcdUgCYWgh-BDsg,DAZN Boxing,2026-05-14T17:28:19+00:00,5.776042,12747,867,2206.874534,early
2026-05-20T12:05:48.986097+00:00,-1mOJpOZiwo,UCUyDOdBWhC1MCxEjC46d-zw,Alex Hormozi,2026-05-15T09:00:34+00:00,5.128646,26941,864,5253.043396,early
2026-05-20T12:05:48.986097+00:00,_MyQW9NZ1NM,UCoLrcjPV5PbUrUyXq5mjc_A,MLB,2026-05-14T17:30:16+00:00,5.774687,91505,861,15845.880478,early
2026-05-20T12:05:48.986097+00:00,DJYlS2-JNuA,UCnsvJeZO4RigQ898WdDNoBw,EL PAÍS,2026-05-19T11:41:32+00:00,1.016863,875,861,860.489564,early
2026-05-20T12:05:48.986097+00:00,9jLmYoIYi48,UCUsm-fannqOY02PNN67C0KA,NMás,2026-05-17T17:14:17+00:00,2.785787,9576,859,3437.448735,early
2026-05-20T12:05:48.986097+00:00,2ZQT41unZ5w,UCTHaNTsP7hsVgBxARZTuajw,LUZU TV,2026-05-16T02:05:59+00:00,4.416551,27993,858,6338.203725,early
2026-05-20T12:05:48.986097+00:00,Bb_wRoqiBzY,UCoMdktPbSTixAyNGwb-UYkQ,Sky News,2026-05-17T15:25:49+00:00,2.861111,21541,858,7528.893496,early
2026-05-20T12:05:48.986097+00:00,mnTGLejeMl8,UCNye-wNBqNL5ZzHSJj3l8Bg,Al Jazeera English,2026-05-18T21:09:58+00:00,1.622118,5899,858,3636.603502,early
2026-05-20T12:05:48.986097+00:00,jiQ5HtWo8QA,UCsN32BtMd0IoByjJRNF12cw,60 Minutes,2026-05-16T07:15:36+00:00,4.201539,16466,857,3919.040142,early
2026-05-20T12:05:48.986097+00:00,qJBaZOj0ERI,UCiWLfSweyRNmLpgEHekhoAg,ESPN,2026-05-18T15:22:57+00:00,1.863102,6195,855,3325.099753,early
2026-05-20T12:05:48.986097+00:00,0DB_Qj43O6Q,UCUyDOdBWhC1MCxEjC46d-zw,Alex Hormozi,2026-04-29T15:00:00+00:00,20.879039,106146,852,5083.854674,active
2026-05-20T12:05:48.986097+00:00,7HIg3b4PjyM,UC16niRr50-MSBwiO3YDb3RA,BBC News,2026-05-16T12:09:11+00:00,3.997662,36804,852,9206.38113,early
2026-05-20T12:05:48.986097+00:00,GyR66tbvwAE,UCeY0bbntWzzVIaj2z3QigXg,NBC News,2026-05-19T12:08:20+00:00,0.998252,1498,848,1500.623089,first_24h
2026-05-20T12:05:48.986097+00:00,KgGhT-rnUnc,UCTl3QQTvqHFjurroKxexy2Q,Olympics,2026-05-11T15:55:33+00:00,8.840463,130851,847,14801.374091,active
2026-05-20T12:05:48.986097+00:00,fWwaug6HgPg,UCUyDOdBWhC1MCxEjC46d-zw,Alex Hormozi,2026-05-12T19:00:26+00:00,7.712072,39408,845,5109.9108,active
2026-05-20T12:05:48.986097+00:00,nkHQ2bTCrhs,UCTv-XvfzLX3i4IGWAm4sbmA,LALIGA EA SPORTS,2026-05-13T08:00:52+00:00,7.170104,253764,845,35391.955263,active
2026-05-20T12:05:48.986097+00:00,9E8wiLnPiKQ,UCJ5v_MCY6GNUBTO8-D3XoAg,WWE,2026-05-13T01:14:00+00:00,7.45265,123130,844,16521.639954,active
2026-05-20T12:05:48.986097+00:00,mEpQBpT_NCc,UCF0L4jd9LcSIxsj5gKITMqQ,Jaime Higuera,2026-05-18T12:01:18+00:00,2.003136,4449,843,2221.017445,early
2026-05-20T12:05:48.986097+00:00,4dHlck9vZ4Y,UCiWLfSweyRNmLpgEHekhoAg,ESPN,2026-05-18T19:24:48+00:00,1.69515,8869,842,5231.98537,early
2026-05-20T12:05:48.986097+00:00,U8jnn4-WjDk,UCM-GvgUy0EAZU7ZwXKLarkg,López-Dóriga,2026-05-14T13:00:58+00:00,5.961701,64928,840,10890.851453,early
2026-05-20T12:05:48.986097+00:00,InhhnjLTeGY,UCoLrcjPV5PbUrUyXq5mjc_A,MLB,2026-05-17T02:25:11+00:00,3.403217,31631,840,9294.441113,early
2026-05-20T12:05:48.986097+00:00,Gd63U2rQa9E,UCupvZG-5ko_eiXAupbDfxWw,CNN,2026-05-11T11:21:07+00:00,9.031042,190175,839,21057.924434,active
2026-05-20T12:05:48.986097+00:00,4vLQ1hEKJdg,UCJ5v_MCY6GNUBTO8-D3XoAg,WWE,2026-05-12T17:26:26+00:00,7.777349,491812,839,63236.457564,active
2026-05-20T12:05:48.986097+00:00,2mp70Gj2-a8,UChqUTb7kYRX8-EiaN3XFrSQ,Reuters,2026-05-19T12:24:01+00:00,0.987361,843,838,853.791065,first_24h
2026-05-20T12:05:48.986097+00:00,8OTZLY0a_zc,UCwd_qoS94df5orGoPLPnsxQ,Franco Pisso,2026-05-13T13:00:14+00:00,6.96221,19574,837,2811.463601,early
2026-05-20T12:05:48.986097+00:00,cx3jW5uMxBQ,UCUyDOdBWhC1MCxEjC46d-zw,Alex Hormozi,2026-05-14T19:01:30+00:00,5.711331,32493,837,5689.216752,early
2026-05-20T12:05:48.986097+00:00,Df2pZ6n0UZA,UCiWLfSweyRNmLpgEHekhoAg,ESPN,2026-05-18T00:38:34+00:00,2.477257,38989,836,15738.778819,early
2026-05-20T12:05:48.986097+00:00,yyYhCohRxX4,UCYVinkwSX7szARULgYpvhLw,Ali-A,2026-05-14T14:16:38+00:00,5.909155,61376,835,10386.595038,early
2026-05-20T12:05:48.986097+00:00,TBeatQPQOMg,UCGXbLrVe8vnkiFv7q2vYv3w,El Mundo,2026-05-19T10:01:37+00:00,1.08625,1422,835,1309.090909,early
2026-05-20T12:05:48.986097+00:00,dGjYPrNNjyM,UC52kszkc08-acFOuogFl5jw,Tibees,2026-05-13T01:48:32+00:00,7.428669,48836,832,6573.990576,active
2026-05-20T12:05:48.986097+00:00,4Aa3s-F6fRY,UCGXbLrVe8vnkiFv7q2vYv3w,El Mundo,2026-05-19T12:15:33+00:00,0.993241,852,831,857.797856,first_24h
2026-05-20T12:05:48.986097+00:00,ezZ-7D64DLM,UCBi2mrWuNuyYy4gbM6fU18Q,ABC News,2026-05-17T13:29:16+00:00,2.942048,12849,830,4367.365862,early
2026-05-20T12:05:48.986097+00:00,nBp_rKh84qI,UCTv-XvfzLX3i4IGWAm4sbmA,LALIGA EA SPORTS,2026-05-17T18:51:38+00:00,2.718183,12685,827,4666.720379,early
2026-05-20T12:05:48.986097+00:00,Q4EJxFroQB0,UCsN32BtMd0IoByjJRNF12cw,60 Minutes,2026-05-18T19:58:01+00:00,1.672083,2165,824,1294.792184,early
2026-05-20T12:05:48.986097+00:00,a1gNL-BVbUo,UC6ZFN9Tx6xh-skXCuRHCDpQ,PBS NewsHour,2026-05-12T19:30:43+00:00,7.691042,47278,821,6147.151452,active
2026-05-20T12:05:48.986097+00:00,pu8tbp4r4J0,UC55-mxUj5Nj3niXFReG44OQ,Platzi,2026-05-16T22:30:46+00:00,3.566007,8446,818,2368.47544,early
2026-05-20T12:05:48.986097+00:00,dt9YGlp1rek,UCcHtke0raf8vNYLM1Hbq3Jw,Imagen Noticias,2026-05-18T23:37:10+00:00,1.519896,3640,818,2394.900704,early
2026-05-20T12:05:48.986097+00:00,28ZCEG05dC0,UCJ5v_MCY6GNUBTO8-D3XoAg,WWE,2026-05-13T01:35:00+00:00,7.438067,96412,815,12961.969824,active
2026-05-20T12:05:48.986097+00:00,TqozFe8wuy0,UCUyDOdBWhC1MCxEjC46d-zw,Alex Hormozi,2026-05-13T23:00:06+00:00,6.545636,53403,814,8158.565493,early
2026-05-20T12:05:48.986097+00:00,w1xoRw5xFGY,UCiWLfSweyRNmLpgEHekhoAg,ESPN,2026-05-16T18:27:52+00:00,3.734687,84850,804,22719.440746,early
2026-05-20T12:05:48.986097+00:00,U-GI-TZZP8A,UC08mnbiC4FykqpHqbEWgFcg,ESPN Deportes,2026-05-18T20:30:25+00:00,1.649583,2155,804,1306.390767,early
2026-05-20T12:05:48.986097+00:00,du5WVwf1MMw,UCTv-XvfzLX3i4IGWAm4sbmA,LALIGA EA SPORTS,2026-05-16T08:00:42+00:00,4.17022,29150,801,6990.038895,early
2026-05-20T12:05:48.986097+00:00,VF5HItKKgrI,UCJ5v_MCY6GNUBTO8-D3XoAg,WWE,2026-05-12T01:34:33+00:00,8.438379,390146,799,46234.709297,active
2026-05-20T12:05:48.986097+00:00,QUBjCcBXy3o,UCM55RjebjSevVWPnj2LEymw,viyaura,2026-05-03T17:29:38+00:00,16.775127,165122,797,9843.26378,active
2026-05-20T12:05:48.986097+00:00,HpOfi63hv8U,UCJ5v_MCY6GNUBTO8-D3XoAg,WWE,2026-05-13T01:07:05+00:00,7.457454,85531,797,11469.195787,active
2026-05-20T12:05:48.986097+00:00,rJcUudDpUl4,UCiWLfSweyRNmLpgEHekhoAg,ESPN,2026-05-18T19:00:32+00:00,1.712002,3504,797,2046.726581,early
2026-05-20T12:05:48.986097+00:00,FQJJJ1YZ7w0,UC16niRr50-MSBwiO3YDb3RA,BBC News,2026-05-13T17:45:01+00:00,6.764444,34907,796,5160.364991,early
2026-05-20T12:05:48.986097+00:00,MhTw1sd52rk,UCknLrEdhRCp1aegoMqRaCZg,DW News,2026-05-17T16:32:25+00:00,2.814861,19378,796,6884.176519,early
2026-05-20T12:05:48.986097+00:00,tyGFb0RqOac,UCl5-lvQyfILb-l2abPk4Ntg,Inteligencia Artificial,2026-05-18T16:50:24+00:00,1.802373,3030,796,1681.117061,early
2026-05-20T12:05:48.986097+00:00,Hs5jRNx8Egw,UC08mnbiC4FykqpHqbEWgFcg,ESPN Deportes,2026-05-19T01:30:39+00:00,1.441088,3060,796,2123.395657,early
2026-05-20T12:05:48.986097+00:00,UBRBG8qEQiE,UCJ5v_MCY6GNUBTO8-D3XoAg,WWE,2026-05-12T00:20:30+00:00,8.489803,680403,794,80143.555746,active
2026-05-20T12:05:48.986097+00:00,df8m5VhKqhM,UCUyDOdBWhC1MCxEjC46d-zw,Alex Hormozi,2026-05-11T09:00:10+00:00,9.128923,101089,789,11073.485887,active
2026-05-20T12:05:48.986097+00:00,5DCEAbVjyV4,UCM-GvgUy0EAZU7ZwXKLarkg,López-Dóriga,2026-05-13T23:33:42+00:00,6.522303,26645,789,4085.213459,early
2026-05-20T12:05:48.986097+00:00,Ej3TLCDeT-Y,UCpEhnqL0y41EpW2TvWAHD7Q,SET India,2026-05-14T10:30:06+00:00,6.06647,54421,782,8970.785317,early
2026-05-20T12:05:48.986097+00:00,djQ4uyTVM8c,UCvgfXK4nTYKudb0rFR6noLA,UFC,2026-05-14T20:30:13+00:00,5.649722,53296,781,9433.38451,early
2026-05-20T12:05:48.986097+00:00,sgzGGhhZiHI,UCTv-XvfzLX3i4IGWAm4sbmA,LALIGA EA SPORTS,2026-05-17T17:08:15+00:00,2.789977,28395,781,10177.503255,early
2026-05-20T12:05:48.986097+00:00,qVGnZhwKVHg,UC2iUwfYi_1FCGGqhOUNx-iA,ScreenRant,2026-05-16T21:00:44+00:00,3.62853,22918,781,6316.056364,early
2026-05-20T12:05:48.986097+00:00,m2hobnQiXRE,UCF0L4jd9LcSIxsj5gKITMqQ,Jaime Higuera,2026-05-18T18:00:38+00:00,1.753599,2596,781,1480.384056,early
2026-05-20T12:05:48.986097+00:00,MX677OO69jA,UCupvZG-5ko_eiXAupbDfxWw,CNN,2026-05-17T04:30:48+00:00,3.315984,27867,779,8403.840308,early
2026-05-20T12:05:48.986097+00:00,cZvoe9Uqh-E,UCoLrcjPV5PbUrUyXq5mjc_A,MLB,2026-05-16T04:09:31+00:00,4.330764,78555,779,18138.831855,early
2026-05-20T12:05:48.986097+00:00,LmtNyakVRR4,UCGXbLrVe8vnkiFv7q2vYv3w,El Mundo,2026-05-17T15:20:27+00:00,2.864838,13702,777,4782.818435,early
2026-05-20T12:05:48.986097+00:00,t0PRZ8rgjo0,UCvgfXK4nTYKudb0rFR6noLA,UFC,2026-05-15T20:07:13+00:00,4.665694,38587,777,8270.366638,early
2026-05-20T12:05:48.986097+00:00,ouxYr3UiX0Y,UCTl3QQTvqHFjurroKxexy2Q,Olympics,2026-05-16T10:06:01+00:00,4.083194,24707,776,6050.900349,early
2026-05-20T12:05:48.986097+00:00,TfhgJVBJiak,UCurvRE5fGcdUgCYWgh-BDsg,DAZN Boxing,2026-05-11T18:57:00+00:00,8.714456,68647,773,7877.370659,active
2026-05-20T12:05:48.986097+00:00,eTi3fqttg04,UCnsvJeZO4RigQ898WdDNoBw,EL PAÍS,2026-05-19T07:41:06+00:00,1.183831,924,772,780.516814,early
2026-05-20T12:05:48.986097+00:00,xBajCEsZzhM,UCeY0bbntWzzVIaj2z3QigXg,NBC News,2026-05-18T17:45:09+00:00,1.764352,5010,771,2839.569428,early
2026-05-20T12:05:48.986097+00:00,v6fFxonLb-g,UClLLRs_mFTsNT5U-DqTYAGg,La Vanguardia,2026-05-19T08:47:06+00:00,1.137998,929,769,816.345899,early
2026-05-20T12:05:48.986097+00:00,yXsfO6sUjVk,UC16niRr50-MSBwiO3YDb3RA,BBC News,2026-05-16T13:01:40+00:00,3.961215,39469,768,9963.862098,early
2026-05-20T12:05:48.986097+00:00,cvyvDnMYD5I,UCurvRE5fGcdUgCYWgh-BDsg,DAZN Boxing,2026-05-16T20:14:20+00:00,3.660752,49987,767,13654.844688,early
2026-05-20T12:05:48.986097+00:00,tqgU0Z2-c9Q,UCupvZG-5ko_eiXAupbDfxWw,CNN,2026-05-15T23:42:03+00:00,4.516504,41607,766,9212.213694,early
2026-05-20T12:05:48.986097+00:00,vdFnyhjI_fo,UCeY0bbntWzzVIaj2z3QigXg,NBC News,2026-05-12T19:09:59+00:00,7.70544,30891,765,4008.985859,active
2026-05-20T12:05:48.986097+00:00,qB4imXhH2qA,UCknLrEdhRCp1aegoMqRaCZg,DW News,2026-05-15T13:45:14+00:00,4.93096,38620,765,7832.146276,early
2026-05-20T12:05:48.986097+00:00,AiCdeZpXB9o,UCF0L4jd9LcSIxsj5gKITMqQ,Jaime Higuera,2026-05-15T18:30:12+00:00,4.733067,18704,763,3951.771653,early
2026-05-20T12:05:48.986097+00:00,V9q1nP1e2Bo,UC52X5wxOL_s5yw0dQk7NtgA,Associated Press,2026-05-19T04:00:25+00:00,1.337083,2066,763,1545.154639,early
2026-05-20T12:05:48.986097+00:00,TXOuw9TskrA,UCnsvJeZO4RigQ898WdDNoBw,EL PAÍS,2026-05-13T11:21:13+00:00,7.030972,22619,762,3217.05164,active
2026-05-20T12:05:48.986097+00:00,F6lBg4xDL14,UC16niRr50-MSBwiO3YDb3RA,BBC News,2026-05-11T10:40:00+00:00,9.059595,19521,759,2154.732082,active
2026-05-20T12:05:48.986097+00:00,0enaN0iigmg,UCiWLfSweyRNmLpgEHekhoAg,ESPN,2026-05-17T18:52:51+00:00,2.717338,30848,757,11352.286686,early
2026-05-20T12:05:48.986097+00:00,AfUp64sMWJ0,UCFJJziTVsiIVSyRKvXHX37g,Canticos - Bilingual Nursery Rhymes & Kids Songs,2026-05-18T16:00:13+00:00,1.837222,2211,757,1203.447379,early
2026-05-20T12:05:48.986097+00:00,ub58xAhLHuY,UCUP6qv-_EIL0hwTsJaKYnvw,Azteca Noticias,2026-05-15T16:53:19+00:00,4.800347,154143,756,32110.803656,early
2026-05-20T12:05:48.986097+00:00,W5ZrRz8qu9A,UCFxHplbcoJK9m70c4VyTIxg,MILENIO,2026-05-18T20:30:04+00:00,1.649826,6913,756,4190.138839,early
2026-05-20T12:05:48.986097+00:00,_YtDhkAInP4,UCWJ2lWNubArHWmf3FIHbfcQ,NBA,2026-05-14T13:03:36+00:00,5.959873,142652,755,23935.409362,early
2026-05-20T12:05:48.986097+00:00,yCHY2dSnmyg,UCJ5v_MCY6GNUBTO8-D3XoAg,WWE,2026-05-11T20:30:16+00:00,8.649687,276635,754,31982.082126,active
2026-05-20T12:05:48.986097+00:00,nxmAuqCYUBw,UCok_yhjwg4WSx3s_2Yh8ZjQ,Topes de Gama,2026-05-12T21:00:47+00:00,7.628495,52899,751,6934.395317,active
2026-05-20T12:05:48.986097+00:00,1-B-IJh_fsU,UCUyDOdBWhC1MCxEjC46d-zw,Alex Hormozi,2026-05-11T05:00:21+00:00,9.295463,41838,748,4500.905442,active
2026-05-20T12:05:48.986097+00:00,mI-VSy1pSA0,UCiWLfSweyRNmLpgEHekhoAg,ESPN,2026-05-18T02:59:18+00:00,2.379525,15462,747,6497.935512,early
2026-05-20T12:05:48.986097+00:00,LziXxw5CD10,UCiWLfSweyRNmLpgEHekhoAg,ESPN,2026-05-13T14:56:53+00:00,6.881204,20220,744,2938.439262,early
2026-05-20T12:05:48.986097+00:00,KXbCpY8qaSA,UC4JX40jDee_tINbkjycV4Sg,Tech With Tim,2026-05-18T14:00:02+00:00,1.920683,7716,742,4017.320922,early
2026-05-20T12:05:48.986097+00:00,Re9uBHP_Aqo,UCzR-rom72PHN9Zg7RML9EbA,PBS Eons,2026-05-07T16:15:03+00:00,12.826921,59544,740,4642.111696,active
2026-05-20T12:05:48.986097+00:00,nx0qqwRaOmw,UC8p1vwvWtl6T73JiExfWs1g,CBS News,2026-05-17T03:37:32+00:00,3.352974,28514,740,8504.092188,early
2026-05-20T12:05:48.986097+00:00,ENBTwTRRVu4,UC08mnbiC4FykqpHqbEWgFcg,ESPN Deportes,2026-05-17T14:30:28+00:00,2.899548,7090,740,2445.208701,early
2026-05-20T12:05:48.986097+00:00,MBmNfjKywKM,UCEAZeUIeJs0IjQiqTCdVSIg,Yahoo Finance,2026-05-18T20:12:30+00:00,1.662025,2688,735,1617.304192,early
2026-05-20T12:05:48.986097+00:00,PICkLCJnMQI,UCUsm-fannqOY02PNN67C0KA,NMás,2026-05-18T19:14:04+00:00,1.702604,7954,731,4671.667634,early
2026-05-20T12:05:48.986097+00:00,wM5uUjlNf6Y,UCGXbLrVe8vnkiFv7q2vYv3w,El Mundo,2026-05-18T17:05:25+00:00,1.791944,6389,730,3565.401597,early
2026-05-20T12:05:48.986097+00:00,nEz-UVg3D3c,UCq2otJm7A6jGGcGFEks0HVw,Se Regalan Dudas Podcast,2026-05-16T01:44:09+00:00,4.431713,7755,728,1749.887685,early
2026-05-20T12:05:48.986097+00:00,UPJG26ycL1Q,UCJ5v_MCY6GNUBTO8-D3XoAg,WWE,2026-05-12T02:04:16+00:00,8.417743,641643,724,76225.064129,active
2026-05-20T12:05:48.986097+00:00,_JVcmBfAn2Q,UCUsm-fannqOY02PNN67C0KA,NMás,2026-05-18T22:07:32+00:00,1.582141,5164,724,3263.931596,early
2026-05-20T12:05:48.986097+00:00,jPR_PI5SV5c,UCoLrcjPV5PbUrUyXq5mjc_A,MLB,2026-05-17T04:46:03+00:00,3.305393,21003,721,6354.161215,early
2026-05-20T12:05:48.986097+00:00,qLgH3ZPX61E,UCGXbLrVe8vnkiFv7q2vYv3w,El Mundo,2026-05-19T07:02:53+00:00,1.21037,2004,720,1655.692061,early
2026-05-20T12:05:48.986097+00:00,NHqXqvzx4tQ,UCafNntv_qTQB26AvbEQNHPw,Aristegui Noticias,2026-05-11T16:08:07+00:00,8.831736,224631,719,25434.523858,active
2026-05-20T12:05:48.986097+00:00,JapVrHF4G4c,UCz8QaiQxApLq8sLNcszYyJw,Firstpost,2026-05-16T13:41:06+00:00,3.933831,38992,718,9911.966223,early
2026-05-20T12:05:48.986097+00:00,YAVjLDUQe1Q,UCJ5v_MCY6GNUBTO8-D3XoAg,WWE,2026-05-12T02:39:34+00:00,8.393229,430834,716,51331.138469,active
2026-05-20T12:05:48.986097+00:00,5IcXF5cpX20,UCTrQ7HXWRRxr7OsOtodr2_w,Channel 4 News,2026-05-15T13:06:09+00:00,4.958102,14293,716,2882.756345,early
2026-05-20T12:05:48.986097+00:00,a9hNENHQrqo,UCi7TVXyvrIwqeS9tfYD8UDA,DjMaRiiO,2026-05-11T18:07:15+00:00,8.749004,103899,713,11875.523202,active
2026-05-20T12:05:48.986097+00:00,WVMyiIgF4LE,UCUP6qv-_EIL0hwTsJaKYnvw,Azteca Noticias,2026-05-13T02:15:04+00:00,7.410243,32353,712,4365.98368,active
2026-05-20T12:05:48.986097+00:00,6zMOZuuX720,UCUsm-fannqOY02PNN67C0KA,NMás,2026-05-19T01:30:33+00:00,1.441157,5687,711,3946.134946,early
2026-05-20T12:05:48.986097+00:00,pO2YBL56lrY,UCGXbLrVe8vnkiFv7q2vYv3w,El Mundo,2026-05-12T15:07:31+00:00,7.873819,58530,707,7433.495741,active
2026-05-20T12:05:48.986097+00:00,qO-U-do7bJk,UCz8QaiQxApLq8sLNcszYyJw,Firstpost,2026-05-18T18:26:48+00:00,1.735428,2578,705,1485.512508,early
2026-05-20T12:05:48.986097+00:00,TSsworwBH5g,UCNye-wNBqNL5ZzHSJj3l8Bg,Al Jazeera English,2026-05-17T05:46:32+00:00,3.263391,27782,704,8513.230563,early
2026-05-20T12:05:48.986097+00:00,bSWItOAaItI,UC8p1vwvWtl6T73JiExfWs1g,CBS News,2026-05-17T03:38:54+00:00,3.352025,18524,703,5526.211768,early
2026-05-20T12:05:48.986097+00:00,s2XJAOs0n4U,UCH4BNI0-FOK2dMXoFtViWHw,Be Smart,2026-05-12T16:10:48+00:00,7.829873,94280,703,12041.063757,active
2026-05-20T12:05:48.986097+00:00,_jtjAtl2aVk,UC-2hhqBG5Su7s91_HmhaODQ,Fox Deportes,2026-05-18T06:47:39+00:00,2.220949,11072,702,4985.256303,early
2026-05-20T12:05:48.986097+00:00,gE-ZxZRLj4c,UCnsvJeZO4RigQ898WdDNoBw,EL PAÍS,2026-05-17T07:02:32+00:00,3.210613,15361,700,4784.44459,early
2026-05-20T12:05:48.986097+00:00,jjyWeEKbSgQ,UCoLrcjPV5PbUrUyXq5mjc_A,MLB,2026-05-15T10:54:02+00:00,5.049849,112847,693,22346.60878,early
2026-05-20T12:05:48.986097+00:00,1PRB6tM3O0I,UCBi2mrWuNuyYy4gbM6fU18Q,ABC News,2026-05-18T02:06:26+00:00,2.416238,25386,692,10506.415345,early
2026-05-20T12:05:48.986097+00:00,4YkE6CF1A7M,UCujyjxsq5FZNVnQro51zKSQ,fuslie,2026-05-11T15:00:14+00:00,8.878877,76951,689,8666.749185,active
2026-05-20T12:05:48.986097+00:00,uir--X4kYFM,UCTv-XvfzLX3i4IGWAm4sbmA,LALIGA EA SPORTS,2026-05-17T08:00:49+00:00,3.170139,38591,685,12173.283254,early
2026-05-20T12:05:48.986097+00:00,LDRwKyFoyzk,UCNye-wNBqNL5ZzHSJj3l8Bg,Al Jazeera English,2026-05-18T21:14:00+00:00,1.619317,7152,683,4416.676908,early
2026-05-20T12:05:48.986097+00:00,636kl-a9Rbs,UCTrQ7HXWRRxr7OsOtodr2_w,Channel 4 News,2026-05-18T08:37:35+00:00,2.144606,7209,680,3361.456603,early
2026-05-20T12:05:48.986097+00:00,vHbmVcAtcRI,UCUyDOdBWhC1MCxEjC46d-zw,Alex Hormozi,2026-05-15T11:00:03+00:00,5.045671,25254,677,5005.082575,early
2026-05-20T12:05:48.986097+00:00,ovM0Ai41Oi0,UC-2hhqBG5Su7s91_HmhaODQ,Fox Deportes,2026-05-18T06:47:04+00:00,2.221354,5375,677,2419.695375,early
2026-05-20T12:05:48.986097+00:00,yGuHZN8NweA,UCq-Fj5jknLsUf-MWSy4_brA,T-Series,2026-05-13T12:30:34+00:00,6.982812,52059,676,7455.305971,early
2026-05-20T12:05:48.986097+00:00,pwcrn5bdr9c,UCyM-2pRapEv6V2q7UNO9icg,Emprende Aprendiendo,2026-05-09T19:06:25+00:00,10.707917,363139,673,33913.131751,active
2026-05-20T12:05:48.986097+00:00,9EoUQh4Euew,UCcHtke0raf8vNYLM1Hbq3Jw,Imagen Noticias,2026-05-18T20:41:55+00:00,1.641597,41346,672,25186.449537,early
2026-05-20T12:05:48.986097+00:00,F2sbrvyn0OM,UCuFFtHWoLl5fauMMD5Ww2jA,CBC News,2026-05-11T14:37:03+00:00,8.894977,228886,671,25732.050797,active
2026-05-20T12:05:48.986097+00:00,389lMg_SC8Y,UCF0L4jd9LcSIxsj5gKITMqQ,Jaime Higuera,2026-05-13T20:30:00+00:00,6.649873,21728,670,3267.430822,early
2026-05-20T12:05:48.986097+00:00,jMsdKHRkRks,UCUyDOdBWhC1MCxEjC46d-zw,Alex Hormozi,2026-05-14T03:00:03+00:00,6.379004,163137,668,25574.055135,early
2026-05-20T12:05:48.986097+00:00,SZlLDTBLy1I,UCUyDOdBWhC1MCxEjC46d-zw,Alex Hormozi,2026-05-15T15:01:51+00:00,4.877754,19705,668,4039.769123,early
2026-05-20T12:05:48.986097+00:00,18aXTgJikSE,UC16niRr50-MSBwiO3YDb3RA,BBC News,2026-05-14T08:30:00+00:00,6.149873,77304,666,12570.015673,early
2026-05-20T12:05:48.986097+00:00,JJtE516GAyM,UCGXbLrVe8vnkiFv7q2vYv3w,El Mundo,2026-05-16T18:27:49+00:00,3.734722,44882,664,12017.494207,early
2026-05-20T12:05:48.986097+00:00,eg29yDV4awE,UCTv-XvfzLX3i4IGWAm4sbmA,LALIGA EA SPORTS,2026-05-11T08:00:41+00:00,9.170231,235424,661,25672.635727,active
2026-05-20T12:05:48.986097+00:00,YXOk3n6LA6k,UChqUTb7kYRX8-EiaN3XFrSQ,Reuters,2026-05-16T22:56:49+00:00,3.547917,4518,661,1273.423251,early
2026-05-20T12:05:48.986097+00:00,FDMd7r3ikB8,UCFJJziTVsiIVSyRKvXHX37g,Canticos - Bilingual Nursery Rhymes & Kids Songs,2026-05-16T14:00:31+00:00,3.920347,6337,660,1616.438545,early
2026-05-20T12:05:48.986097+00:00,64Yzzwq8XqY,UCq-Fj5jknLsUf-MWSy4_brA,T-Series,2026-05-14T09:27:37+00:00,6.109861,86123,656,14095.738021,early
2026-05-20T12:05:48.986097+00:00,rA1FmZ5WDRE,UC9vUu4vlIlMC0dHQCTvQPbg,The Money Guy Show,2026-05-12T17:01:04+00:00,7.794965,49678,654,6373.088269,active
2026-05-20T12:05:48.986097+00:00,_2ahcmKOIdc,UCvgfXK4nTYKudb0rFR6noLA,UFC,2026-05-15T16:35:00+00:00,4.813067,51166,653,10630.643621,early
2026-05-20T12:05:48.986097+00:00,k7aOM--Ycts,UCM55RjebjSevVWPnj2LEymw,viyaura,2026-04-30T14:45:07+00:00,19.889375,126423,652,6356.30833,active
2026-05-20T12:05:48.986097+00:00,-pCPxHtXHiQ,UCUP6qv-_EIL0hwTsJaKYnvw,Azteca Noticias,2026-05-15T04:50:18+00:00,5.302442,287383,652,54198.235455,early
2026-05-20T12:05:48.986097+00:00,s2Hb1gd2QT4,UCpEhnqL0y41EpW2TvWAHD7Q,SET India,2026-05-13T10:30:21+00:00,7.066296,59879,652,8473.887876,active
2026-05-20T12:05:48.986097+00:00,ACS7Db_n_CI,UCknLrEdhRCp1aegoMqRaCZg,DW News,2026-05-17T01:03:49+00:00,3.459722,22558,652,6520.177055,early
2026-05-20T12:05:48.986097+00:00,sXas7HB7TYI,UCM-GvgUy0EAZU7ZwXKLarkg,López-Dóriga,2026-05-14T03:18:36+00:00,6.366123,114993,651,18063.27022,early
2026-05-20T12:05:48.986097+00:00,zZQEnwKWFsY,UCeY0bbntWzzVIaj2z3QigXg,NBC News,2026-05-15T04:07:50+00:00,5.331933,11349,650,2128.496363,early
2026-05-20T12:05:48.986097+00:00,SOwAtRoJyAc,UCcAd5Np7fO8SeejB1FVKcYw,Best Ever Food Review Show,2026-05-12T05:12:12+00:00,8.287234,42206,650,5092.893479,active
2026-05-20T12:05:48.986097+00:00,QM5HqmEfYgM,UCoLrcjPV5PbUrUyXq5mjc_A,MLB,2026-05-13T02:50:25+00:00,7.385694,60946,649,8251.898874,active
2026-05-20T12:05:48.986097+00:00,jcIULZ9dIOc,UCurvRE5fGcdUgCYWgh-BDsg,DAZN Boxing,2026-05-12T14:52:41+00:00,7.88412,82498,649,10463.81841,active
2026-05-20T12:05:48.986097+00:00,QjrGyPeJe8U,UCGXbLrVe8vnkiFv7q2vYv3w,El Mundo,2026-05-19T08:26:19+00:00,1.15243,968,649,839.964249,early
2026-05-20T12:05:48.986097+00:00,B92Nkip_WXc,UCcHtke0raf8vNYLM1Hbq3Jw,Imagen Noticias,2026-05-14T12:29:30+00:00,5.983553,18939,648,3165.176276,early
2026-05-20T12:05:48.986097+00:00,l84aAhpI8yc,UClHVl2N3jPEbkNJVx-ItQIQ,HealthyGamerGG,2026-05-13T22:01:01+00:00,6.586667,50310,648,7638.157508,early
2026-05-20T12:05:48.986097+00:00,BwztH84gvkU,UCsN32BtMd0IoByjJRNF12cw,60 Minutes,2026-05-18T17:22:28+00:00,1.780104,3499,644,1965.615492,early
2026-05-20T12:05:48.986097+00:00,u8yFQUm7sGk,UCafNntv_qTQB26AvbEQNHPw,Aristegui Noticias,2026-05-17T03:30:37+00:00,3.357778,33263,643,9906.253481,early
2026-05-20T12:05:48.986097+00:00,ctVfnGohx9E,UCTl3QQTvqHFjurroKxexy2Q,Olympics,2026-05-13T15:18:30+00:00,6.866192,28033,641,4082.757954,early
2026-05-20T12:05:48.986097+00:00,LZFgaTzOES8,UCUP6qv-_EIL0hwTsJaKYnvw,Azteca Noticias,2026-05-16T20:37:29+00:00,3.644676,27032,640,7416.845832,early
2026-05-20T12:05:48.986097+00:00,FR0dQUYL-ZY,UCpEhnqL0y41EpW2TvWAHD7Q,SET India,2026-05-18T15:45:02+00:00,1.847766,3369,640,1823.282818,early
2026-05-20T12:05:48.986097+00:00,cM9zl9_dG94,UCP15FVAA2UL-QOcGhy7-ezA,EDteam,2026-05-15T23:03:07+00:00,4.543542,10169,638,2238.121712,early
2026-05-20T12:05:48.986097+00:00,7D6CSmm0jiI,UC16niRr50-MSBwiO3YDb3RA,BBC News,2026-05-16T14:45:00+00:00,3.889456,24514,638,6302.680889,early
2026-05-20T12:05:48.986097+00:00,dSRkaKvgOZc,UCF0L4jd9LcSIxsj5gKITMqQ,Jaime Higuera,2026-05-13T16:21:07+00:00,6.822708,18666,635,2735.863824,early
2026-05-20T12:05:48.986097+00:00,hlFtUC4PiZ8,UCpcTrCXblq78GZrTUTLWeBw,FIFA,2026-05-12T08:30:31+00:00,8.149514,60880,635,7470.384124,active
2026-05-20T12:05:48.986097+00:00,JDj4imQdJpc,UCiWLfSweyRNmLpgEHekhoAg,ESPN,2026-05-18T18:33:23+00:00,1.730856,6125,634,3538.711481,early
2026-05-20T12:05:48.986097+00:00,XDfOj1cNcw4,UCtwslQPB_xJfaFuZv0OETNw,Kings League Spain,2026-05-17T15:04:49+00:00,2.875694,4030,631,1401.400844,early
2026-05-20T12:05:48.986097+00:00,KXnIbfLiEtY,UCNye-wNBqNL5ZzHSJj3l8Bg,Al Jazeera English,2026-05-17T10:11:42+00:00,3.079248,26930,628,8745.641793,early
2026-05-20T12:05:48.986097+00:00,NEl9VuZERac,UCBi2mrWuNuyYy4gbM6fU18Q,ABC News,2026-05-12T23:37:44+00:00,7.519502,37852,627,5033.843997,active
2026-05-20T12:05:48.986097+00:00,CpK4PxPOITQ,UCeiYXex_fwgYDonaTcSIk6w,MinuteEarth,2026-05-14T13:15:01+00:00,5.951944,14025,626,2356.372977,early
2026-05-20T12:05:48.986097+00:00,IzdD_sEw8Cs,UCTHaNTsP7hsVgBxARZTuajw,LUZU TV,2026-05-17T13:25:24+00:00,2.944734,15226,624,5170.585866,early
2026-05-20T12:05:48.986097+00:00,CyyDHZCwHa8,UChqUTb7kYRX8-EiaN3XFrSQ,Reuters,2026-05-18T17:18:50+00:00,1.782627,2219,624,1244.792096,early
2026-05-20T12:05:48.986097+00:00,oUG2KYvfNBA,UCWJ2lWNubArHWmf3FIHbfcQ,NBA,2026-05-16T18:35:31+00:00,3.729375,28719,620,7700.754148,early
2026-05-20T12:05:48.986097+00:00,zXgdiBiKOW8,UCiMhD4jzUqG-IgPzUmmytRQ,Queen Official,2026-05-11T14:01:44+00:00,8.919502,73056,620,8190.591807,active
2026-05-20T12:05:48.986097+00:00,KsNuu5YMxm4,UC-2hhqBG5Su7s91_HmhaODQ,Fox Deportes,2026-05-17T07:26:53+00:00,3.193704,4901,619,1534.58179,early
2026-05-20T12:05:48.986097+00:00,eaThDkDVFr4,UCupvZG-5ko_eiXAupbDfxWw,CNN,2026-05-14T16:37:25+00:00,5.811389,59270,618,10198.93867,early
2026-05-20T12:05:48.986097+00:00,dQzMnJm6nqk,UCUyDOdBWhC1MCxEjC46d-zw,Alex Hormozi,2026-05-13T07:00:01+00:00,7.212361,43621,616,6048.08883,active
2026-05-20T12:05:48.986097+00:00,15mME2QQmto,UCBi2mrWuNuyYy4gbM6fU18Q,ABC News,2026-05-12T22:18:17+00:00,7.574676,28437,616,3754.219982,active
2026-05-20T12:05:48.986097+00:00,Yold4XdATLk,UCoMdktPbSTixAyNGwb-UYkQ,Sky News,2026-05-16T14:54:21+00:00,3.882963,54370,614,14002.193686,early
2026-05-20T12:05:48.986097+00:00,txJwrAKHgC0,UCoLrcjPV5PbUrUyXq5mjc_A,MLB,2026-05-16T18:42:14+00:00,3.72471,41384,613,11110.663649,early
2026-05-20T12:05:48.986097+00:00,na5Enw8P18A,UCM55RjebjSevVWPnj2LEymw,viyaura,2026-04-26T16:18:15+00:00,23.824699,199075,609,8355.824349,active
2026-05-20T12:05:48.986097+00:00,pQ8MK161Hjo,UCTv-XvfzLX3i4IGWAm4sbmA,LALIGA EA SPORTS,2026-05-16T15:01:15+00:00,3.878171,29823,608,7689.965192,early
2026-05-20T12:05:48.986097+00:00,lsULN4tEa-M,UCurvRE5fGcdUgCYWgh-BDsg,DAZN Boxing,2026-05-14T09:00:55+00:00,6.128403,77439,608,12636.081537,early
2026-05-20T12:05:48.986097+00:00,8HeFtpdWYp8,UC4JX40jDee_tINbkjycV4Sg,Tech With Tim,2026-05-16T12:00:10+00:00,4.003923,13544,607,3382.682434,early
2026-05-20T12:05:48.986097+00:00,L_qkNZVqgRI,UCupvZG-5ko_eiXAupbDfxWw,CNN,2026-05-17T21:41:50+00:00,2.599988,19678,607,7568.49647,early
2026-05-20T12:05:48.986097+00:00,l2W4fcCxuGc,UCvgfXK4nTYKudb0rFR6noLA,UFC,2026-05-17T00:51:07+00:00,3.468542,10945,607,3155.504532,early
2026-05-20T12:05:48.986097+00:00,9wxaKDl7rXs,UC16niRr50-MSBwiO3YDb3RA,BBC News,2026-05-14T21:45:01+00:00,5.597778,64380,606,11500.992001,early
2026-05-20T12:05:48.986097+00:00,bNrsI-GIA8s,UCey-eDTR5J6xU6pZ2f4guoA,Adin Live,2026-05-14T23:59:23+00:00,5.504467,12512,606,2273.062951,early
2026-05-20T12:05:48.986097+00:00,Xm_H54LtH30,UCz8QaiQxApLq8sLNcszYyJw,Firstpost,2026-05-18T11:23:34+00:00,2.02934,9449,605,4656.193639,early
2026-05-20T12:05:48.986097+00:00,pmKTWpUcO7k,UCiWLfSweyRNmLpgEHekhoAg,ESPN,2026-05-18T14:35:22+00:00,1.896146,4566,604,2408.042419,early
2026-05-20T12:05:48.986097+00:00,EJBfmLrc-iw,UCoXtmmnLCbXDiSo8GxsmOzA,La gata de Schrödinger,2026-05-07T17:30:08+00:00,12.77478,83252,603,6516.902835,active
2026-05-20T12:05:48.986097+00:00,2CzQiatDwUc,UCtwslQPB_xJfaFuZv0OETNw,Kings League Spain,2026-05-17T14:20:33+00:00,2.906435,3008,600,1034.944872,early
2026-05-20T12:05:48.986097+00:00,f2AnMgxiFuw,UCpEhnqL0y41EpW2TvWAHD7Q,SET India,2026-05-13T10:30:31+00:00,7.06618,59791,599,8461.573297,active
2026-05-20T12:05:48.986097+00:00,_fg0mY8ZsOA,UCUP6qv-_EIL0hwTsJaKYnvw,Azteca Noticias,2026-05-13T00:00:36+00:00,7.503623,181507,598,24189.248314,active
2026-05-20T12:05:48.986097+00:00,kgupIH0Op8g,UCoLrcjPV5PbUrUyXq5mjc_A,MLB,2026-05-16T17:49:09+00:00,3.761574,30448,598,8094.483852,early
2026-05-20T12:05:48.986097+00:00,iIjqR0FYfE4,UCNye-wNBqNL5ZzHSJj3l8Bg,Al Jazeera English,2026-05-15T04:15:41+00:00,5.326481,60753,590,11405.841868,early
2026-05-20T12:05:48.986097+00:00,tm6dAicHKBU,UCJ5v_MCY6GNUBTO8-D3XoAg,WWE,2026-05-12T15:04:31+00:00,7.875903,91609,589,11631.555137,active
2026-05-20T12:05:48.986097+00:00,vEllJ_ltr18,UCUyDOdBWhC1MCxEjC46d-zw,Alex Hormozi,2026-05-12T05:00:28+00:00,8.295382,58186,588,7014.264081,active
2026-05-20T12:05:48.986097+00:00,EdFyXexuyio,UChqUTb7kYRX8-EiaN3XFrSQ,Reuters,2026-05-14T01:45:09+00:00,6.431018,25352,586,3942.144152,early
2026-05-20T12:05:48.986097+00:00,mlzPHLNVQZo,UC52X5wxOL_s5yw0dQk7NtgA,Associated Press,2026-05-19T03:15:13+00:00,1.368472,1715,581,1253.222572,early
2026-05-20T12:05:48.986097+00:00,M4bFVJIx3Nw,UCz8QaiQxApLq8sLNcszYyJw,Firstpost,2026-05-15T18:44:03+00:00,4.723449,35876,579,7595.297419,early
2026-05-20T12:05:48.986097+00:00,xlD70XjQxC8,UC16niRr50-MSBwiO3YDb3RA,BBC News,2026-05-13T08:00:53+00:00,7.170092,61395,576,8562.651637,active
2026-05-20T12:05:48.986097+00:00,2ZRAiIT4aHE,UC08mnbiC4FykqpHqbEWgFcg,ESPN Deportes,2026-05-16T13:11:42+00:00,3.954248,18688,576,4726.056636,early
2026-05-20T12:05:48.986097+00:00,bJTU8wozgFQ,UClHVl2N3jPEbkNJVx-ItQIQ,HealthyGamerGG,2026-05-12T15:00:59+00:00,7.878356,57676,576,7320.816678,active
2026-05-20T12:05:48.986097+00:00,PqQkLu0tmV8,UCGXbLrVe8vnkiFv7q2vYv3w,El Mundo,2026-05-17T10:22:42+00:00,3.071609,14325,575,4663.679524,early
2026-05-20T12:05:48.986097+00:00,WsDpQpXHcrw,UCNye-wNBqNL5ZzHSJj3l8Bg,Al Jazeera English,2026-05-14T08:29:25+00:00,6.150278,108101,572,17576.603854,early
2026-05-20T12:05:48.986097+00:00,Od4ff0L0a7g,UCnsvJeZO4RigQ898WdDNoBw,EL PAÍS,2026-05-17T22:17:01+00:00,2.575555,6245,570,2424.720109,early
2026-05-20T12:05:48.986097+00:00,1OI2PcrDvwo,UCq-Fj5jknLsUf-MWSy4_brA,T-Series,2026-05-12T10:06:17+00:00,8.083009,72462,567,8964.730832,active
2026-05-20T12:05:48.986097+00:00,QVysQAx8MXc,UCupvZG-5ko_eiXAupbDfxWw,CNN,2026-05-14T17:19:28+00:00,5.782187,125090,566,21633.682895,early
2026-05-20T12:05:48.986097+00:00,_PbtgW3XLWc,UCUsm-fannqOY02PNN67C0KA,NMás,2026-05-18T00:00:26+00:00,2.503738,6705,566,2677.995861,early
2026-05-20T12:05:48.986097+00:00,SsV4fQULWcM,UCoLrcjPV5PbUrUyXq5mjc_A,MLB,2026-05-16T20:43:11+00:00,3.640717,27583,566,7576.254897,early
2026-05-20T12:05:48.986097+00:00,_m9jn2c6pTU,UCvgfXK4nTYKudb0rFR6noLA,UFC,2026-05-12T17:30:16+00:00,7.774687,152562,565,19622.912151,active
2026-05-20T12:05:48.986097+00:00,9qIjxf8fmf4,UC52X5wxOL_s5yw0dQk7NtgA,Associated Press,2026-05-18T08:46:13+00:00,2.138611,13554,565,6337.75848,early
2026-05-20T12:05:48.986097+00:00,7pMTNY3qmI4,UC52X5wxOL_s5yw0dQk7NtgA,Associated Press,2026-05-18T21:20:43+00:00,1.614653,2089,565,1293.776434,early
2026-05-20T12:05:48.986097+00:00,xI4K2AjMPS8,UCUyDOdBWhC1MCxEjC46d-zw,Alex Hormozi,2026-05-15T19:01:46+00:00,4.711146,18162,564,3855.11296,early
2026-05-20T12:05:48.986097+00:00,9LsgBjswQZY,UCLe_q9axMaeTbjN0hy1Z9xA,Caleb Hammer,2026-04-21T22:00:18+00:00,28.587164,148563,563,5196.842891,active
2026-05-20T12:05:48.986097+00:00,IpDlyaSlAMk,UCpcTrCXblq78GZrTUTLWeBw,FIFA,2026-05-15T18:00:12+00:00,4.7539,22573,563,4748.311912,early
2026-05-20T12:05:48.986097+00:00,WyaSFPpbNLY,UCurvRE5fGcdUgCYWgh-BDsg,DAZN Boxing,2026-05-16T15:20:15+00:00,3.864977,21093,563,5457.471028,early
2026-05-20T12:05:48.986097+00:00,LKxIrZFhONI,UCM55RjebjSevVWPnj2LEymw,viyaura,2026-04-29T15:54:00+00:00,20.841539,106228,562,5096.936459,active
2026-05-20T12:05:48.986097+00:00,kvTrRpeWW9s,UCF0L4jd9LcSIxsj5gKITMqQ,Jaime Higuera,2026-05-15T16:01:33+00:00,4.836296,25562,562,5285.449857,early
2026-05-20T12:05:48.986097+00:00,kYIy4hKLOMQ,UCz8QaiQxApLq8sLNcszYyJw,Firstpost,2026-05-16T15:20:59+00:00,3.864467,51501,560,13326.805482,early
2026-05-20T12:05:48.986097+00:00,ad1CRDfKj9s,UCujyjxsq5FZNVnQro51zKSQ,fuslie,2026-05-12T15:00:03+00:00,7.879004,47827,560,6070.18349,active
2026-05-20T12:05:48.986097+00:00,OeYf1jdNDZo,UCsN32BtMd0IoByjJRNF12cw,60 Minutes,2026-05-16T12:15:24+00:00,3.993345,33735,557,8447.805036,early
2026-05-20T12:05:48.986097+00:00,BW1PvWYOA9s,UCUsm-fannqOY02PNN67C0KA,NMás,2026-05-18T18:34:16+00:00,1.730243,5364,557,3100.142581,early
2026-05-20T12:05:48.986097+00:00,NyPhFFftrxg,UCNye-wNBqNL5ZzHSJj3l8Bg,Al Jazeera English,2026-05-18T09:44:54+00:00,2.097859,5525,552,2633.637437,early
2026-05-20T12:05:48.986097+00:00,cEVO8lE9Kqc,UCtT7zEoC9-HNyLYb8cYWoww,Ale Marin,2026-05-18T19:00:22+00:00,1.712118,1587,552,926.922093,early
2026-05-20T12:05:48.986097+00:00,DL5RbosiNvM,UC6ZFN9Tx6xh-skXCuRHCDpQ,PBS NewsHour,2026-05-18T15:57:38+00:00,1.839016,4645,552,2525.80728,early
2026-05-20T12:05:48.986097+00:00,FshjwEAJk88,UCBVjMGOIkavEAhyqpxJ73Dw,Maroon 5,2026-05-15T16:36:15+00:00,4.812199,20924,551,4348.116111,early
2026-05-20T12:05:48.986097+00:00,wRC4mxoyo3M,UCafNntv_qTQB26AvbEQNHPw,Aristegui Noticias,2026-05-18T20:21:21+00:00,1.655879,3709,550,2239.897964,early
2026-05-20T12:05:48.986097+00:00,_T5MiSuDXwM,UCGXbLrVe8vnkiFv7q2vYv3w,El Mundo,2026-05-17T23:39:47+00:00,2.518079,4037,545,1603.206254,early
2026-05-20T12:05:48.986097+00:00,2ln3wR9wymI,UCTHaNTsP7hsVgBxARZTuajw,LUZU TV,2026-05-17T16:08:43+00:00,2.831319,11337,545,4004.140826,early
2026-05-20T12:05:48.986097+00:00,Or4oXjKPXrE,UCUyDOdBWhC1MCxEjC46d-zw,Alex Hormozi,2026-05-08T11:00:00+00:00,12.045706,78396,544,6508.211308,active
2026-05-20T12:05:48.986097+00:00,baPHpWqqOZ4,UCupvZG-5ko_eiXAupbDfxWw,CNN,2026-05-15T13:52:39+00:00,4.92581,77673,544,15768.574103,early
2026-05-20T12:05:48.986097+00:00,kyo1Q30TKes,UCok_yhjwg4WSx3s_2Yh8ZjQ,Topes de Gama,2026-05-12T19:00:42+00:00,7.711886,23579,543,3057.488142,active
2026-05-20T12:05:48.986097+00:00,f4N1Apai6YY,UCpcTrCXblq78GZrTUTLWeBw,FIFA,2026-05-11T08:30:31+00:00,9.149514,110309,543,12056.268781,active
2026-05-20T12:05:48.986097+00:00,IbhOu4m36YQ,UC08mnbiC4FykqpHqbEWgFcg,ESPN Deportes,2026-05-16T15:00:03+00:00,3.879004,25286,543,6518.683662,early
2026-05-20T12:05:48.986097+00:00,YLs5HhVC9kw,UCTv-XvfzLX3i4IGWAm4sbmA,LALIGA EA SPORTS,2026-05-17T17:51:26+00:00,2.759988,15047,542,5451.835298,early
2026-05-20T12:05:48.986097+00:00,0nW1edYivxc,UCJ5v_MCY6GNUBTO8-D3XoAg,WWE,2026-05-12T02:15:54+00:00,8.409664,219116,541,26055.262137,active
2026-05-20T12:05:48.986097+00:00,fJHi5C4c80o,UCYVinkwSX7szARULgYpvhLw,Ali-A,2026-05-12T15:01:44+00:00,7.877835,71059,541,9020.117837,active
2026-05-20T12:05:48.986097+00:00,aIWb4P90ANA,UCF0L4jd9LcSIxsj5gKITMqQ,Jaime Higuera,2026-05-16T13:46:07+00:00,3.930347,7605,540,1934.943658,early
2026-05-20T12:05:48.986097+00:00,qMnu80UMVm4,UC16niRr50-MSBwiO3YDb3RA,BBC News,2026-05-13T18:40:00+00:00,6.726261,94937,539,14114.379445,early
2026-05-20T12:05:48.986097+00:00,M0bA3qCQ0kI,UCnsvJeZO4RigQ898WdDNoBw,EL PAÍS,2026-05-18T23:39:05+00:00,1.518565,2442,539,1608.097118,early
2026-05-20T12:05:48.986097+00:00,wogSD6YbV0o,UC16niRr50-MSBwiO3YDb3RA,BBC News,2026-05-15T16:30:31+00:00,4.81618,44056,538,9147.49864,early
2026-05-20T12:05:48.986097+00:00,o7PpIEGYcbs,UCWJ2lWNubArHWmf3FIHbfcQ,NBA,2026-05-15T23:41:24+00:00,4.516956,101677,536,22510.070942,early
2026-05-20T12:05:48.986097+00:00,-2b1XsquE5Y,UCWJ2lWNubArHWmf3FIHbfcQ,NBA,2026-05-12T15:42:25+00:00,7.849583,43062,536,5485.896512,active
2026-05-20T12:05:48.986097+00:00,4oQeeftIwWA,UCoLrcjPV5PbUrUyXq5mjc_A,MLB,2026-05-15T23:58:54+00:00,4.504803,37693,536,8367.291533,early
2026-05-20T12:05:48.986097+00:00,KneBhTNI86k,UCTv-XvfzLX3i4IGWAm4sbmA,LALIGA EA SPORTS,2026-05-14T08:00:30+00:00,6.170359,95184,531,15426.006817,early
2026-05-20T12:05:48.986097+00:00,R62JGysyz6E,UCtwslQPB_xJfaFuZv0OETNw,Kings League Spain,2026-05-17T14:51:15+00:00,2.885116,8199,531,2841.82681,early
2026-05-20T12:05:48.986097+00:00,VjUZd19EOoY,UC16niRr50-MSBwiO3YDb3RA,BBC News,2026-05-12T20:20:01+00:00,7.656805,7338,528,958.363182,active
2026-05-20T12:05:48.986097+00:00,PFpcL8gRCWc,UCWJ2lWNubArHWmf3FIHbfcQ,NBA,2026-05-13T19:07:23+00:00,6.707245,150089,528,22377.145907,early
2026-05-20T12:05:48.986097+00:00,tUmd3tWCDKs,UCGq-a57w-aPwyi3pW7XLiHw,The Diary Of A CEO,2026-04-26T13:45:15+00:00,23.930949,173698,527,7258.299702,active
2026-05-20T12:05:48.986097+00:00,KIwgjZycAyQ,UCUBIrDsIVzRpKsClMlSlTpQ,BBC News Mundo,2026-05-15T17:33:14+00:00,4.772627,79258,527,16606.786996,early
2026-05-20T12:05:48.986097+00:00,sycgw7RxOhM,UCNye-wNBqNL5ZzHSJj3l8Bg,Al Jazeera English,2026-05-17T23:24:05+00:00,2.528981,10511,527,4156.219442,early
2026-05-20T12:05:48.986097+00:00,R-KTUF8DChM,UCF0L4jd9LcSIxsj5gKITMqQ,Jaime Higuera,2026-05-14T15:00:44+00:00,5.87853,17758,526,3020.823233,early
2026-05-20T12:05:48.986097+00:00,ZwVNe0pB6Ys,UCF0L4jd9LcSIxsj5gKITMqQ,Jaime Higuera,2026-05-15T19:30:04+00:00,4.691493,10687,526,2277.952882,early
2026-05-20T12:05:48.986097+00:00,iYSK6rBL3YE,UCq2otJm7A6jGGcGFEks0HVw,Se Regalan Dudas Podcast,2026-05-16T01:37:48+00:00,4.436123,8601,526,1938.855167,early
2026-05-20T12:05:48.986097+00:00,dNS_5OYXFyQ,UCoMdktPbSTixAyNGwb-UYkQ,Sky News,2026-05-18T10:02:24+00:00,2.085706,13022,526,6243.44946,early
2026-05-20T12:05:48.986097+00:00,xBJro24gYEA,UC55-mxUj5Nj3niXFReG44OQ,Platzi,2026-05-18T16:18:49+00:00,1.824305,2780,526,1523.867994,early
2026-05-20T12:05:48.986097+00:00,DXc1pnmWLOY,UC52X5wxOL_s5yw0dQk7NtgA,Associated Press,2026-05-14T01:45:07+00:00,6.431042,11495,525,1787.424184,early
2026-05-20T12:05:48.986097+00:00,coYBh5yFjeY,UCz8QaiQxApLq8sLNcszYyJw,Firstpost,2026-05-18T14:55:40+00:00,1.882048,6509,524,3458.466522,early
2026-05-20T12:05:48.986097+00:00,fn-NmtLFpI0,UChqUTb7kYRX8-EiaN3XFrSQ,Reuters,2026-05-15T03:05:35+00:00,5.375162,25922,523,4822.552325,early
2026-05-20T12:05:48.986097+00:00,mrAFW69XlX8,UCYVinkwSX7szARULgYpvhLw,Ali-A,2026-05-15T15:01:37+00:00,4.877917,40857,523,8375.911275,early
2026-05-20T12:05:48.986097+00:00,E-pO8-QCiys,UCUyDOdBWhC1MCxEjC46d-zw,Alex Hormozi,2026-05-13T09:00:12+00:00,7.1289,31402,522,4404.887149,active
2026-05-20T12:05:48.986097+00:00,WTTZCqRvjxo,UC16niRr50-MSBwiO3YDb3RA,BBC News,2026-05-14T08:44:22+00:00,6.139896,40084,521,6528.449342,early
2026-05-20T12:05:48.986097+00:00,wrcPtCeM4pQ,UCUyDOdBWhC1MCxEjC46d-zw,Alex Hormozi,2026-05-14T15:05:36+00:00,5.87515,21208,520,3609.780176,early
2026-05-20T12:05:48.986097+00:00,j8jE4UhhMuo,UCoOae5nYA7VqaXzerajD0lg,Ali Abdaal,2026-05-08T13:01:34+00:00,11.961285,25387,518,2122.430826,active
2026-05-20T12:05:48.986097+00:00,aZeRWU_-514,UCTHaNTsP7hsVgBxARZTuajw,LUZU TV,2026-05-17T16:09:20+00:00,2.830891,7555,518,2668.771069,early
2026-05-20T12:05:48.986097+00:00,Ye9X6KPDCu8,UCUyDOdBWhC1MCxEjC46d-zw,Alex Hormozi,2026-05-14T23:01:28+00:00,5.544687,12843,517,2316.271414,early
2026-05-20T12:05:48.986097+00:00,6YMEJ_Fs8Bo,UCTrQ7HXWRRxr7OsOtodr2_w,Channel 4 News,2026-05-18T11:53:04+00:00,2.008854,11037,516,5494.177277,early
2026-05-20T12:05:48.986097+00:00,pIrIxBobZBU,UCsN32BtMd0IoByjJRNF12cw,60 Minutes,2026-05-12T00:46:59+00:00,8.471412,43844,514,5175.524458,active
2026-05-20T12:05:48.986097+00:00,7zQYuwaWWvk,UCUsm-fannqOY02PNN67C0KA,NMás,2026-05-18T21:00:09+00:00,1.628935,5502,514,3377.667003,early
2026-05-20T12:05:48.986097+00:00,aRLwX_dN8AQ,UCUyDOdBWhC1MCxEjC46d-zw,Alex Hormozi,2026-05-01T19:00:00+00:00,18.712373,103606,513,5536.764364,active
2026-05-20T12:05:48.986097+00:00,SpXHKo1vMIk,UCupvZG-5ko_eiXAupbDfxWw,CNN,2026-05-15T15:41:24+00:00,4.850289,70515,513,14538.308954,early
2026-05-20T12:05:48.986097+00:00,3M8mWtUbkHs,UClHVl2N3jPEbkNJVx-ItQIQ,HealthyGamerGG,2026-05-13T15:00:04+00:00,6.878993,30304,513,4405.29595,early
2026-05-20T12:05:48.986097+00:00,b29DZcNQvJE,UCnsvJeZO4RigQ898WdDNoBw,EL PAÍS,2026-05-18T03:15:23+00:00,2.368356,11294,513,4768.708758,early
2026-05-20T12:05:48.986097+00:00,_u-lYl8vjK8,UCUsm-fannqOY02PNN67C0KA,NMás,2026-05-18T18:00:36+00:00,1.753623,7314,512,4170.793837,early
2026-05-20T12:05:48.986097+00:00,LgE-DtxLGXI,UCFJJziTVsiIVSyRKvXHX37g,Canticos - Bilingual Nursery Rhymes & Kids Songs,2026-05-13T16:00:26+00:00,6.837072,11437,511,1672.792096,early
2026-05-20T12:05:48.986097+00:00,_jxLMMcKmRQ,UC52hytXteCKmuOzMViTK8_w,CdeCiencia,2026-04-28T22:34:45+00:00,21.563241,397380,510,18428.584089,active
2026-05-20T12:05:48.986097+00:00,Z8iNWC54VzY,UCGXbLrVe8vnkiFv7q2vYv3w,El Mundo,2026-05-18T21:00:33+00:00,1.628657,2054,508,1261.161804,early
2026-05-20T12:05:48.986097+00:00,aqeOpzwk4E4,UCF0L4jd9LcSIxsj5gKITMqQ,Jaime Higuera,2026-05-18T14:00:03+00:00,1.920671,3862,506,2010.755616,early
2026-05-20T12:05:48.986097+00:00,9JttZssaqQw,UCupvZG-5ko_eiXAupbDfxWw,CNN,2026-05-11T19:09:58+00:00,8.705451,83631,505,9606.739501,active
2026-05-20T12:05:48.986097+00:00,XfY_L8MLOsU,UCWBWgCD4oAqT3hUeq40SCUw,Sambucha,2026-04-21T17:15:02+00:00,28.785266,420252,504,14599.552424,active
2026-05-20T12:05:48.986097+00:00,aB5x9lznu-0,UC52X5wxOL_s5yw0dQk7NtgA,Associated Press,2026-05-19T05:14:12+00:00,1.285845,1503,502,1168.881164,early
2026-05-20T12:05:48.986097+00:00,LphWYFz0xFM,UCpcTrCXblq78GZrTUTLWeBw,FIFA,2026-05-13T12:40:26+00:00,6.97596,58242,500,8348.958423,early
2026-05-20T12:05:48.986097+00:00,Eqe7f9tPtas,UCLXo7UDZvByw2ixzpQCufnA,Vox,2026-05-12T17:26:50+00:00,7.777072,105431,499,13556.644454,active
2026-05-20T12:05:48.986097+00:00,TOHhkgXtJl8,UCnsvJeZO4RigQ898WdDNoBw,EL PAÍS,2026-05-15T20:59:11+00:00,4.629606,30153,499,6513.081243,early
2026-05-20T12:05:48.986097+00:00,3KH3_IDAFvw,UCFJJziTVsiIVSyRKvXHX37g,Canticos - Bilingual Nursery Rhymes & Kids Songs,2026-05-15T16:00:07+00:00,4.837292,5026,499,1039.011083,early
2026-05-20T12:05:48.986097+00:00,AtLsDKA-DN4,UCUyDOdBWhC1MCxEjC46d-zw,Alex Hormozi,2026-05-15T03:00:25+00:00,5.37875,14141,498,2629.0495,early
2026-05-20T12:05:48.986097+00:00,jdB65ejsDjM,UCM-GvgUy0EAZU7ZwXKLarkg,López-Dóriga,2026-05-16T03:17:54+00:00,4.366609,74693,496,17105.493073,early
2026-05-20T12:05:48.986097+00:00,zhEHWX6RLj4,UC-2hhqBG5Su7s91_HmhaODQ,Fox Deportes,2026-05-18T06:44:18+00:00,2.223275,1492,496,671.082075,early
2026-05-20T12:05:48.986097+00:00,l6M-i6hqIG0,UCUsm-fannqOY02PNN67C0KA,NMás,2026-05-16T06:00:26+00:00,4.253738,40893,495,9613.427061,early
2026-05-20T12:05:48.986097+00:00,XKXyQeuQSzo,UCFJJziTVsiIVSyRKvXHX37g,Canticos - Bilingual Nursery Rhymes & Kids Songs,2026-05-13T14:00:47+00:00,6.920162,7874,494,1137.834635,early
2026-05-20T12:05:48.986097+00:00,uLRjtu23vx8,UCUP6qv-_EIL0hwTsJaKYnvw,Azteca Noticias,2026-05-12T18:03:50+00:00,7.751377,81111,493,10464.076254,active
2026-05-20T12:05:48.986097+00:00,ZF2ZilSe42A,UCGXbLrVe8vnkiFv7q2vYv3w,El Mundo,2026-05-18T15:18:58+00:00,1.865868,3003,492,1609.43861,early
2026-05-20T12:05:48.986097+00:00,GIJyZ_ivOw8,UCiWLfSweyRNmLpgEHekhoAg,ESPN,2026-05-17T22:57:49+00:00,2.547222,16007,489,6284.100875,early
2026-05-20T12:05:48.986097+00:00,9ST9nXN165M,UCUsm-fannqOY02PNN67C0KA,NMás,2026-05-18T14:30:04+00:00,1.899826,13113,489,6902.211045,early
2026-05-20T12:05:48.986097+00:00,xgZbM-Hyhdk,UCEK0oX3X2yK9y27khCsrNKg,Mis Propias Finanzas,2026-05-17T20:02:32+00:00,2.668947,2698,487,1010.885566,early
2026-05-20T12:05:48.986097+00:00,ZlrjaDqLG1c,UCnsvJeZO4RigQ898WdDNoBw,EL PAÍS,2026-05-17T14:29:05+00:00,2.900509,14751,487,5085.659103,early
2026-05-20T12:05:48.986097+00:00,j8n_z9uZLyY,UCWJ2lWNubArHWmf3FIHbfcQ,NBA,2026-05-14T02:38:34+00:00,6.393923,37592,485,5879.33261,early
2026-05-20T12:05:48.986097+00:00,Vrl9eQ78bk8,UCUyDOdBWhC1MCxEjC46d-zw,Alex Hormozi,2026-05-07T07:00:00+00:00,13.212373,98719,482,7471.708527,active
2026-05-20T12:05:48.986097+00:00,Zzvy--ibQkA,UCNye-wNBqNL5ZzHSJj3l8Bg,Al Jazeera English,2026-05-15T14:57:53+00:00,4.880509,29624,481,6069.858697,early
2026-05-20T12:05:48.986097+00:00,kkA3TvIJ_qg,UCUyDOdBWhC1MCxEjC46d-zw,Alex Hormozi,2026-05-12T23:00:34+00:00,7.545312,30131,477,3993.340501,active
2026-05-20T12:05:48.986097+00:00,xaiBp20c-pA,UCz8QaiQxApLq8sLNcszYyJw,Firstpost,2026-05-18T16:15:31+00:00,1.826597,3295,476,1803.900915,early
2026-05-20T12:05:48.986097+00:00,8yvfUzJSrmc,UC9vUu4vlIlMC0dHQCTvQPbg,The Money Guy Show,2026-05-15T17:00:11+00:00,4.795579,25575,475,5333.036949,early
2026-05-20T12:05:48.986097+00:00,9pPmBe2wnvk,UCNye-wNBqNL5ZzHSJj3l8Bg,Al Jazeera English,2026-05-18T20:09:21+00:00,1.664213,1757,475,1055.754281,early
2026-05-20T12:05:48.986097+00:00,wFs1c6AaPlc,UChqUTb7kYRX8-EiaN3XFrSQ,Reuters,2026-05-19T02:37:23+00:00,1.394745,13099,473,9391.680917,early
2026-05-20T12:05:48.986097+00:00,uqPJpTzirJs,UCnsvJeZO4RigQ898WdDNoBw,EL PAÍS,2026-05-18T00:00:16+00:00,2.503854,16805,472,6711.653315,early
2026-05-20T12:05:48.986097+00:00,7FOcIEjdcHE,UC9vUu4vlIlMC0dHQCTvQPbg,The Money Guy Show,2026-05-14T17:00:13+00:00,5.795555,17670,471,3048.888329,early
2026-05-20T12:05:48.986097+00:00,RX7RoZpzP6U,UCNye-wNBqNL5ZzHSJj3l8Bg,Al Jazeera English,2026-05-13T12:37:15+00:00,6.978171,53376,470,7648.995704,early
2026-05-20T12:05:48.986097+00:00,QrL0M1xIat8,UCsN32BtMd0IoByjJRNF12cw,60 Minutes,2026-05-18T17:24:28+00:00,1.778715,1878,469,1055.818386,early
2026-05-20T12:05:48.986097+00:00,tFZeHqoDXks,UCupvZG-5ko_eiXAupbDfxWw,CNN,2026-05-14T19:55:03+00:00,5.674143,502937,468,88636.645217,early
2026-05-20T12:05:48.986097+00:00,JSEY6ERSQsg,UCurvRE5fGcdUgCYWgh-BDsg,DAZN Boxing,2026-05-11T17:00:34+00:00,8.795312,246680,465,28046.759455,active
2026-05-20T12:05:48.986097+00:00,VyZXNiAZtWg,UCsN32BtMd0IoByjJRNF12cw,60 Minutes,2026-05-16T13:30:26+00:00,3.941238,23889,464,6061.293431,early
2026-05-20T12:05:48.986097+00:00,HV_IUWHxEFE,UCJ5v_MCY6GNUBTO8-D3XoAg,WWE,2026-05-12T02:08:08+00:00,8.415058,154293,463,18335.345995,active
2026-05-20T12:05:48.986097+00:00,R_EdV9Zs0e4,UCWJ2lWNubArHWmf3FIHbfcQ,NBA,2026-05-16T05:45:13+00:00,4.264305,85248,463,19991.065367,early
2026-05-20T12:05:48.986097+00:00,VMBqjoVPozE,UChqUTb7kYRX8-EiaN3XFrSQ,Reuters,2026-05-19T10:28:53+00:00,1.067315,583,462,546.230494,early
2026-05-20T12:05:48.986097+00:00,ImmxcdpyBUE,UCjSVqRtdOsxQDss_pJpp_Yg,COMPUESTOS Podcast,2026-05-11T03:00:18+00:00,9.378831,8074,461,860.874879,active
2026-05-20T12:05:48.986097+00:00,bbvB_T2yD1Y,UCpcTrCXblq78GZrTUTLWeBw,FIFA,2026-05-15T11:59:33+00:00,5.004352,28883,461,5771.57642,early
2026-05-20T12:05:48.986097+00:00,XWJYCQlWfGo,UChqUTb7kYRX8-EiaN3XFrSQ,Reuters,2026-05-18T21:54:55+00:00,1.590903,2345,461,1474.005643,early
2026-05-20T12:05:48.986097+00:00,Va4VzBispnA,UCS0lmlVIYVz2qeWlZ_ynIWg,AJ+ Español,2026-05-16T20:00:01+00:00,3.670694,25112,458,6841.213133,early
2026-05-20T12:05:48.986097+00:00,OImI_WnXLUw,UCoLrcjPV5PbUrUyXq5mjc_A,MLB,2026-05-16T18:01:00+00:00,3.753345,39779,458,10598.279668,early
2026-05-20T12:05:48.986097+00:00,RGKuAh8364M,UChqUTb7kYRX8-EiaN3XFrSQ,Reuters,2026-05-19T10:27:44+00:00,1.068113,547,458,512.1181,early
2026-05-20T12:05:48.986097+00:00,5BQwGEkLMYU,UCBi2mrWuNuyYy4gbM6fU18Q,ABC News,2026-05-13T14:43:42+00:00,6.890359,101445,455,14722.745215,early
2026-05-20T12:05:48.986097+00:00,X20deRLmCFM,UCknLrEdhRCp1aegoMqRaCZg,DW News,2026-05-16T04:06:01+00:00,4.333194,21379,455,4933.774024,early
2026-05-20T12:05:48.986097+00:00,zDPPBUW8Uuc,UCz8QaiQxApLq8sLNcszYyJw,Firstpost,2026-05-17T08:01:15+00:00,3.169838,15072,454,4754.817123,early
2026-05-20T12:05:48.986097+00:00,deo341JNtjE,UCwd8Byi93KbnsYmCcKLExvQ,Negocios TV,2026-05-18T18:00:35+00:00,1.753634,5375,454,3065.063748,early
2026-05-20T12:05:48.986097+00:00,kCT6GHZ61-M,UCJ5v_MCY6GNUBTO8-D3XoAg,WWE,2026-05-12T01:43:28+00:00,8.432187,133929,449,15883.068058,active
2026-05-20T12:05:48.986097+00:00,XpGHI2mEoCs,UCTv-XvfzLX3i4IGWAm4sbmA,LALIGA EA SPORTS,2026-05-12T02:00:26+00:00,8.420405,119617,449,14205.61125,active
2026-05-20T12:05:48.986097+00:00,ucpUmiagscY,UCvgfXK4nTYKudb0rFR6noLA,UFC,2026-05-16T23:39:47+00:00,3.518079,20385,448,5794.355385,early
2026-05-20T12:05:48.986097+00:00,NgNga4bmlks,UCWJ2lWNubArHWmf3FIHbfcQ,NBA,2026-05-13T00:47:49+00:00,7.470833,109299,448,14630.095466,active
2026-05-20T12:05:48.986097+00:00,CPlARX1jyK8,UCTHaNTsP7hsVgBxARZTuajw,LUZU TV,2026-05-16T02:14:13+00:00,4.410833,13973,444,3167.882348,early
2026-05-20T12:05:48.986097+00:00,bqWdkA7K75E,UChqUTb7kYRX8-EiaN3XFrSQ,Reuters,2026-05-19T09:10:07+00:00,1.122014,645,444,574.859137,early
2026-05-20T12:05:48.986097+00:00,l-_JCOuGKaU,UChqUTb7kYRX8-EiaN3XFrSQ,Reuters,2026-05-18T10:50:36+00:00,2.052234,6417,443,3126.836413,early
2026-05-20T12:05:48.986097+00:00,8alEAfwtDCw,UCeY0bbntWzzVIaj2z3QigXg,NBC News,2026-05-19T02:32:08+00:00,1.398391,2646,443,1892.174649,early
2026-05-20T12:05:48.986097+00:00,Lylktn1iaMM,UCUyDOdBWhC1MCxEjC46d-zw,Alex Hormozi,2026-05-14T07:00:02+00:00,6.212349,109700,442,17658.376888,early
2026-05-20T12:05:48.986097+00:00,5wyqoKs7oRU,UC52X5wxOL_s5yw0dQk7NtgA,Associated Press,2026-05-19T01:45:04+00:00,1.431076,1184,441,827.349491,early
2026-05-20T12:05:48.986097+00:00,KexGsP8CCzk,UChqUTb7kYRX8-EiaN3XFrSQ,Reuters,2026-05-18T07:35:13+00:00,2.187917,3627,439,1657.74113,early
2026-05-20T12:05:48.986097+00:00,L2ugfy7kcIM,UCiWLfSweyRNmLpgEHekhoAg,ESPN,2026-05-15T00:00:32+00:00,5.503669,25454,438,4624.914761,early
2026-05-20T12:05:48.986097+00:00,57y0Ls3bT70,UCUsm-fannqOY02PNN67C0KA,NMás,2026-05-17T22:53:41+00:00,2.550092,10719,436,4203.37776,early
2026-05-20T12:05:48.986097+00:00,-cnerWZQW4I,UCUP6qv-_EIL0hwTsJaKYnvw,Azteca Noticias,2026-05-15T00:20:00+00:00,5.49015,90182,436,16426.145005,early
2026-05-20T12:05:48.986097+00:00,_SQtMSMjDO4,UCvgfXK4nTYKudb0rFR6noLA,UFC,2026-05-16T21:32:35+00:00,3.606412,20784,435,5763.068668,early
2026-05-20T12:05:48.986097+00:00,jFZPpkVszCg,UCEQXxiYxNZbym9Fad7-n2Lg,Doctor Fisión,2026-05-03T16:30:25+00:00,16.81625,103663,433,6164.454025,active
2026-05-20T12:05:48.986097+00:00,SCYJxkZMREI,UC4JX40jDee_tINbkjycV4Sg,Tech With Tim,2026-05-16T15:45:02+00:00,3.847766,13423,432,3488.517753,early
2026-05-20T12:05:48.986097+00:00,hT-tgG0CTY0,UCupvZG-5ko_eiXAupbDfxWw,CNN,2026-05-16T22:05:13+00:00,3.58375,41714,432,11639.762818,early
2026-05-20T12:05:48.986097+00:00,GwXyadIbJ_A,UCwd_qoS94df5orGoPLPnsxQ,Franco Pisso,2026-05-11T13:00:27+00:00,8.96206,28990,431,3234.747368,active
2026-05-20T12:05:48.986097+00:00,WKQhT1DjgC8,UCurvRE5fGcdUgCYWgh-BDsg,DAZN Boxing,2026-05-15T17:05:09+00:00,4.792129,262671,431,54813.006912,early
2026-05-20T12:05:48.986097+00:00,nJIQZG6U620,UCvgfXK4nTYKudb0rFR6noLA,UFC,2026-05-11T19:15:05+00:00,8.701898,64729,429,7438.492154,active
2026-05-20T12:05:48.986097+00:00,vVoQFO8r0Co,UCurvRE5fGcdUgCYWgh-BDsg,DAZN Boxing,2026-05-16T18:51:44+00:00,3.718113,27144,429,7300.47742,early
2026-05-20T12:05:48.986097+00:00,Rd4Kly0KRcs,UCUsm-fannqOY02PNN67C0KA,NMás,2026-05-18T21:32:00+00:00,1.606817,3972,429,2471.967872,early
2026-05-20T12:05:48.986097+00:00,UsW41baLu80,UC8p1vwvWtl6T73JiExfWs1g,CBS News,2026-05-15T02:01:08+00:00,5.419919,14008,428,2584.54047,early
2026-05-20T12:05:48.986097+00:00,aeqoRiLR_E8,UCeY0bbntWzzVIaj2z3QigXg,NBC News,2026-05-15T01:17:43+00:00,5.450069,57946,428,10632.158969,early
2026-05-20T12:05:48.986097+00:00,e8iZjAkq-Vw,UCWJ2lWNubArHWmf3FIHbfcQ,NBA,2026-05-14T15:51:37+00:00,5.843194,148337,427,25386.28702,early
2026-05-20T12:05:48.986097+00:00,_uGrOS67m9M,UCTl3QQTvqHFjurroKxexy2Q,Olympics,2026-05-11T15:06:45+00:00,8.874352,24545,427,2765.835748,active
2026-05-20T12:05:48.986097+00:00,hXLkcOklcBE,UCeY0bbntWzzVIaj2z3QigXg,NBC News,2026-05-18T17:44:18+00:00,1.764942,7057,426,3998.431677,early
2026-05-20T12:05:48.986097+00:00,gX-k0hragN8,UCsN32BtMd0IoByjJRNF12cw,60 Minutes,2026-05-18T19:56:08+00:00,1.673391,1590,426,950.166458,early
2026-05-20T12:05:48.986097+00:00,pLI-4iem28g,UCF0L4jd9LcSIxsj5gKITMqQ,Jaime Higuera,2026-05-16T20:30:05+00:00,3.649815,11861,424,3249.753755,early
2026-05-20T12:05:48.986097+00:00,rAOe7LSWngM,UCFxHplbcoJK9m70c4VyTIxg,MILENIO,2026-05-15T18:15:07+00:00,4.743542,53832,424,11348.481789,early
2026-05-20T12:05:48.986097+00:00,ZrOpNHVszF8,UCTHaNTsP7hsVgBxARZTuajw,LUZU TV,2026-05-16T02:14:43+00:00,4.410486,14314,423,3245.447327,early
2026-05-20T12:05:48.986097+00:00,lqRVDOzP1Tc,UCGXbLrVe8vnkiFv7q2vYv3w,El Mundo,2026-05-15T19:39:07+00:00,4.685208,22912,422,4890.284487,early
2026-05-20T12:05:48.986097+00:00,p5Cw4Hv5xac,UCcHtke0raf8vNYLM1Hbq3Jw,Imagen Noticias,2026-05-16T01:00:48+00:00,4.461817,39460,422,8843.930623,early
2026-05-20T12:05:48.986097+00:00,6Yy4GCr8uOI,UCiWLfSweyRNmLpgEHekhoAg,ESPN,2026-05-14T15:30:18+00:00,5.857998,17843,421,3045.921149,early
2026-05-20T12:05:48.986097+00:00,Ubh3fEtq2V8,UChqUTb7kYRX8-EiaN3XFrSQ,Reuters,2026-05-13T20:24:37+00:00,6.653611,34682,421,5212.507915,early
2026-05-20T12:05:48.986097+00:00,jTUFeCH5qMM,UCF0L4jd9LcSIxsj5gKITMqQ,Jaime Higuera,2026-05-13T19:00:38+00:00,6.711933,15858,420,2362.657673,early
2026-05-20T12:05:48.986097+00:00,7bq_N-LMGdY,UCNye-wNBqNL5ZzHSJj3l8Bg,Al Jazeera English,2026-05-15T22:24:31+00:00,4.570347,31974,417,6995.967702,early
2026-05-20T12:05:48.986097+00:00,kYeodL1x8yI,UCNye-wNBqNL5ZzHSJj3l8Bg,Al Jazeera English,2026-05-16T19:22:11+00:00,3.696967,12553,416,3395.486084,early
2026-05-20T12:05:48.986097+00:00,_xzuXafeZXo,UCFxHplbcoJK9m70c4VyTIxg,MILENIO,2026-05-16T03:00:39+00:00,4.378588,30307,416,6921.637752,early
2026-05-20T12:05:48.986097+00:00,ozllMY3bS6U,UCurvRE5fGcdUgCYWgh-BDsg,DAZN Boxing,2026-05-16T23:51:49+00:00,3.509722,12091,416,3445.002197,early
2026-05-20T12:05:48.986097+00:00,3H1RRBLItR0,UC52X5wxOL_s5yw0dQk7NtgA,Associated Press,2026-05-16T17:56:35+00:00,3.756412,61900,415,16478.490645,early
2026-05-20T12:05:48.986097+00:00,HWolOvCU3Wo,UCoLrcjPV5PbUrUyXq5mjc_A,MLB,2026-05-13T04:39:33+00:00,7.309907,100958,414,13811.119622,active
2026-05-20T12:05:48.986097+00:00,NIwCLN1myUY,UCBi2mrWuNuyYy4gbM6fU18Q,ABC News,2026-05-18T00:44:21+00:00,2.473241,13598,413,5498.048916,early
2026-05-20T12:05:48.986097+00:00,NMkM1TMbmYM,UChqUTb7kYRX8-EiaN3XFrSQ,Reuters,2026-05-13T15:14:29+00:00,6.868981,21105,413,3072.508135,early
2026-05-20T12:05:48.986097+00:00,0AheTRgTBzU,UCaVPhFg-Ax873wvhbNitsrQ,El Robot de Platón,2026-05-05T21:10:03+00:00,14.62206,49482,412,3384.064899,active
2026-05-20T12:05:48.986097+00:00,p94v32ElnGE,UCUyDOdBWhC1MCxEjC46d-zw,Alex Hormozi,2026-05-14T11:00:38+00:00,6.045266,21575,412,3568.908299,early
2026-05-20T12:05:48.986097+00:00,nVp6CFK_Lfs,UC55-mxUj5Nj3niXFReG44OQ,Platzi,2026-05-17T00:32:12+00:00,3.481678,3290,412,944.946661,early
2026-05-20T12:05:48.986097+00:00,B4M5yiSXy6g,UCJ5v_MCY6GNUBTO8-D3XoAg,WWE,2026-05-12T00:44:53+00:00,8.47287,273973,411,32335.324394,active
2026-05-20T12:05:48.986097+00:00,KY9Nrog_PBw,UCTJXx9onKH6g4cWHS9pLqsQ,El HuffPost,2026-05-14T11:35:11+00:00,6.021273,124293,410,20642.31268,early
2026-05-20T12:05:48.986097+00:00,irZEtxHPZd0,UCeY0bbntWzzVIaj2z3QigXg,NBC News,2026-05-18T12:06:05+00:00,1.999815,10630,409,5315.491683,early
2026-05-20T12:05:48.986097+00:00,xl0ZOLROivQ,UCsN32BtMd0IoByjJRNF12cw,60 Minutes,2026-05-18T19:56:59+00:00,1.672801,1128,409,674.318105,early
2026-05-20T12:05:48.986097+00:00,e_fEDtWTM3M,UCUsm-fannqOY02PNN67C0KA,NMás,2026-05-15T00:30:26+00:00,5.482905,15546,408,2835.358264,early
2026-05-20T12:05:48.986097+00:00,vM9NB_29xRI,UCnsvJeZO4RigQ898WdDNoBw,EL PAÍS,2026-05-18T07:53:43+00:00,2.175069,2295,408,1055.13894,early
2026-05-20T12:05:48.986097+00:00,Tw1_6Yj0y1U,UCnsvJeZO4RigQ898WdDNoBw,EL PAÍS,2026-05-18T19:24:55+00:00,1.695069,1318,408,777.549468,early
2026-05-20T12:05:48.986097+00:00,ZEpGVJopXq4,UCjSVqRtdOsxQDss_pJpp_Yg,COMPUESTOS Podcast,2026-05-18T00:00:24+00:00,2.503761,1425,407,569.14378,early
2026-05-20T12:05:48.986097+00:00,VWqr_xdi7v4,UCupvZG-5ko_eiXAupbDfxWw,CNN,2026-05-15T15:36:06+00:00,4.85397,24998,406,5150.011228,early
2026-05-20T12:05:48.986097+00:00,OI5z9S48LlI,UCt-k6JwNWHMXDBGm9IYHdsg,J Balvin,2026-05-16T00:22:19+00:00,4.488542,8539,406,1902.399487,early
2026-05-20T12:05:48.986097+00:00,O9fPCxXsMOY,UCTHaNTsP7hsVgBxARZTuajw,LUZU TV,2026-05-17T16:09:53+00:00,2.830509,7587,404,2680.436628,early
2026-05-20T12:05:48.986097+00:00,PmxNrM-jPbU,UCurvRE5fGcdUgCYWgh-BDsg,DAZN Boxing,2026-05-11T21:00:22+00:00,8.628785,74583,404,8643.511224,active
2026-05-20T12:05:48.986097+00:00,3jgd925aTt8,UCtwslQPB_xJfaFuZv0OETNw,Kings League Spain,2026-05-17T15:09:23+00:00,2.872523,3856,403,1342.373934,early
2026-05-20T12:05:48.986097+00:00,dMdxruMF21Y,UCwd_qoS94df5orGoPLPnsxQ,Franco Pisso,2026-05-10T13:30:43+00:00,9.941042,15808,402,1590.175356,active
2026-05-20T12:05:48.986097+00:00,CYT1y8Qbvz0,UCwd8Byi93KbnsYmCcKLExvQ,Negocios TV,2026-05-18T18:30:13+00:00,1.733055,1649,402,951.498943,early
2026-05-20T12:05:48.986097+00:00,jB1w5akH3wU,UCUsm-fannqOY02PNN67C0KA,NMás,2026-05-18T18:07:55+00:00,1.748542,2912,401,1665.387506,early
2026-05-20T12:05:48.986097+00:00,1hPm1gOYHes,UCTrQ7HXWRRxr7OsOtodr2_w,Channel 4 News,2026-05-16T16:21:05+00:00,3.822731,20716,400,5419.162374,early
2026-05-20T12:05:48.986097+00:00,j5VFwIDpTyY,UCupvZG-5ko_eiXAupbDfxWw,CNN,2026-05-14T09:18:31+00:00,6.11618,28968,399,4736.289645,early
2026-05-20T12:05:48.986097+00:00,zaZ01u6gajk,UCWJ2lWNubArHWmf3FIHbfcQ,NBA,2026-05-16T02:41:24+00:00,4.391956,50132,395,11414.504153,early
2026-05-20T12:05:48.986097+00:00,_YwJbHZNB2c,UCsN32BtMd0IoByjJRNF12cw,60 Minutes,2026-05-18T17:24:06+00:00,1.77897,1334,395,749.872117,early
2026-05-20T12:05:48.986097+00:00,0i21SiP8FHU,UCUyDOdBWhC1MCxEjC46d-zw,Alex Hormozi,2026-05-14T05:00:38+00:00,6.295266,65326,394,10377.003926,early
2026-05-20T12:05:48.986097+00:00,vtjFXdFGkBc,UCvPGx8qh8AkrFZW06tESvaA,Dot Dager,2026-05-13T16:11:19+00:00,6.829514,18481,394,2706.049069,early
2026-05-20T12:05:48.986097+00:00,vB7Kgb1PDls,UCTv-XvfzLX3i4IGWAm4sbmA,LALIGA EA SPORTS,2026-05-12T12:01:34+00:00,8.002951,66163,393,8267.32539,active
2026-05-20T12:05:48.986097+00:00,dkbiqaRT9fo,UCEQXxiYxNZbym9Fad7-n2Lg,Doctor Fisión,2026-05-13T18:23:24+00:00,6.737789,30302,392,4497.321005,early
2026-05-20T12:05:48.986097+00:00,WzUEmrZWknI,UCM-GvgUy0EAZU7ZwXKLarkg,López-Dóriga,2026-05-16T03:31:21+00:00,4.357268,25494,392,5850.913921,early
2026-05-20T12:05:48.986097+00:00,Gs1ENH8cuGA,UCey-eDTR5J6xU6pZ2f4guoA,Adin Live,2026-05-11T19:47:23+00:00,8.679467,17288,392,1991.827378,active
2026-05-20T12:05:48.986097+00:00,oKK9vexoO5g,UCWJ2lWNubArHWmf3FIHbfcQ,NBA,2026-05-16T00:29:57+00:00,4.483241,55860,391,12459.73616,early
2026-05-20T12:05:48.986097+00:00,vIxN3ydWmg4,UChqUTb7kYRX8-EiaN3XFrSQ,Reuters,2026-05-18T11:26:12+00:00,2.027511,12934,391,6379.250224,early
2026-05-20T12:05:48.986097+00:00,W-yQR-BIa_E,UCUsm-fannqOY02PNN67C0KA,NMás,2026-05-18T01:13:13+00:00,2.453194,19968,390,8139.592711,early
2026-05-20T12:05:48.986097+00:00,3OiZx4xx4xY,UChqUTb7kYRX8-EiaN3XFrSQ,Reuters,2026-05-17T22:00:07+00:00,2.587292,2892,388,1117.771013,early
2026-05-20T12:05:48.986097+00:00,82IZNRqnnRo,UCi7TVXyvrIwqeS9tfYD8UDA,DjMaRiiO,2026-05-11T14:53:37+00:00,8.883472,30212,388,3400.922522,active
2026-05-20T12:05:48.986097+00:00,VjcXNeQ8A_0,UCF0L4jd9LcSIxsj5gKITMqQ,Jaime Higuera,2026-05-05T20:30:10+00:00,14.649757,23939,387,1634.088538,active
2026-05-20T12:05:48.986097+00:00,E0xMF2zptgM,UCiWLfSweyRNmLpgEHekhoAg,ESPN,2026-05-16T20:58:03+00:00,3.630393,13433,386,3700.150369,early
2026-05-20T12:05:48.986097+00:00,-fFcRH5fFJ0,UCNye-wNBqNL5ZzHSJj3l8Bg,Al Jazeera English,2026-05-13T10:56:37+00:00,7.048055,32618,386,4627.943454,active
2026-05-20T12:05:48.986097+00:00,Rrj1e4OxE4E,UCYVinkwSX7szARULgYpvhLw,Ali-A,2026-05-13T16:31:00+00:00,6.815845,34755,386,5099.147648,early
2026-05-20T12:05:48.986097+00:00,M968XZ2uBN0,UChqUTb7kYRX8-EiaN3XFrSQ,Reuters,2026-05-18T13:46:05+00:00,1.93037,1973,384,1022.083849,early
2026-05-20T12:05:48.986097+00:00,B6Pzt5_OaU4,UCoLrcjPV5PbUrUyXq5mjc_A,MLB,2026-05-16T16:48:18+00:00,3.803831,29176,383,7670.162002,early
2026-05-20T12:05:48.986097+00:00,EwfCnGnK88o,UCNye-wNBqNL5ZzHSJj3l8Bg,Al Jazeera English,2026-05-15T00:33:06+00:00,5.481053,24590,383,4486.364208,early
2026-05-20T12:05:48.986097+00:00,zflU7Nu5aF8,UCiWLfSweyRNmLpgEHekhoAg,ESPN,2026-05-18T03:05:17+00:00,2.37537,12778,383,5379.372477,early
2026-05-20T12:05:48.986097+00:00,Qo4iPzkvjqo,UCoLrcjPV5PbUrUyXq5mjc_A,MLB,2026-05-16T14:30:13+00:00,3.899722,35253,382,9039.87515,early
2026-05-20T12:05:48.986097+00:00,6lmr2DJ-O6c,UCeY0bbntWzzVIaj2z3QigXg,NBC News,2026-05-18T12:07:35+00:00,1.998773,8031,382,4017.965022,early
2026-05-20T12:05:48.986097+00:00,ZppVio3qoIQ,UCz8QaiQxApLq8sLNcszYyJw,Firstpost,2026-05-17T15:09:42+00:00,2.872303,8824,380,3072.099288,early
2026-05-20T12:05:48.986097+00:00,fMescOqCT4M,UCoLrcjPV5PbUrUyXq5mjc_A,MLB,2026-05-13T15:40:07+00:00,6.85118,87460,378,12765.68416,early
2026-05-20T12:05:48.986097+00:00,DD7yu-xo5uY,UCTl3QQTvqHFjurroKxexy2Q,Olympics,2026-05-12T14:00:31+00:00,7.920347,37105,378,4684.769493,active
2026-05-20T12:05:48.986097+00:00,ASe3kqqfzEg,UCTrQ7HXWRRxr7OsOtodr2_w,Channel 4 News,2026-05-15T12:12:26+00:00,4.995405,17319,377,3466.98616,early
2026-05-20T12:05:48.986097+00:00,aVWnKVALrMs,UCTl3QQTvqHFjurroKxexy2Q,Olympics,2026-05-12T09:52:10+00:00,8.092812,24050,376,2971.772976,active
2026-05-20T12:05:48.986097+00:00,NC_Eo4HEpC0,UCMsgXPD3wzzt8RxHJmXH7hQ,Cartoon Network,2026-05-11T13:01:11+00:00,8.961551,11135,376,1242.53045,active
2026-05-20T12:05:48.986097+00:00,zTP0tsuXNeM,UCFJJziTVsiIVSyRKvXHX37g,Canticos - Bilingual Nursery Rhymes & Kids Songs,2026-05-11T16:01:37+00:00,8.83625,8163,376,923.808177,active
2026-05-20T12:05:48.986097+00:00,gZ6AWVVfIxA,UCUyDOdBWhC1MCxEjC46d-zw,Alex Hormozi,2026-05-13T03:00:03+00:00,7.379004,58956,375,7989.69617,active
2026-05-20T12:05:48.986097+00:00,MLFQ-Y26dvU,UCTl3QQTvqHFjurroKxexy2Q,Olympics,2026-05-18T12:30:34+00:00,1.982812,2191,375,1104.996339,early
2026-05-20T12:05:48.986097+00:00,ZDPt6Y6l5nc,UCupvZG-5ko_eiXAupbDfxWw,CNN,2026-05-13T21:52:18+00:00,6.59272,76165,374,11552.894708,early
2026-05-20T12:05:48.986097+00:00,OuKTrKSds0k,UCnsvJeZO4RigQ898WdDNoBw,EL PAÍS,2026-05-17T21:30:26+00:00,2.607905,3539,373,1357.027959,early
2026-05-20T12:05:48.986097+00:00,kV9ufjuiyLE,UC-2hhqBG5Su7s91_HmhaODQ,Fox Deportes,2026-05-15T23:08:17+00:00,4.539954,3168,373,697.804427,early
2026-05-20T12:05:48.986097+00:00,ZKixifbzpfY,UCGXbLrVe8vnkiFv7q2vYv3w,El Mundo,2026-05-18T12:00:04+00:00,2.003993,3321,373,1657.191417,early
2026-05-20T12:05:48.986097+00:00,nhJtQmN-ZEM,UCNye-wNBqNL5ZzHSJj3l8Bg,Al Jazeera English,2026-05-18T12:59:26+00:00,1.962766,5330,369,2715.555497,early
2026-05-20T12:05:48.986097+00:00,JxWyEOdZMEc,UCvgfXK4nTYKudb0rFR6noLA,UFC,2026-05-16T22:47:35+00:00,3.554329,10072,368,2833.727547,early
2026-05-20T12:05:48.986097+00:00,kJvXyeS_xvw,UCnsvJeZO4RigQ898WdDNoBw,EL PAÍS,2026-05-15T08:00:36+00:00,5.170289,29242,365,5655.776689,early
2026-05-20T12:05:48.986097+00:00,0vzU8T_KoIg,UClLLRs_mFTsNT5U-DqTYAGg,La Vanguardia,2026-05-18T11:38:07+00:00,2.019236,4860,364,2406.850908,early
2026-05-20T12:05:48.986097+00:00,IjCi3C08Tj4,UCsN32BtMd0IoByjJRNF12cw,60 Minutes,2026-05-18T19:57:44+00:00,1.67228,1019,364,609.347717,early
2026-05-20T12:05:48.986097+00:00,mge8F1-mWtc,UC08mnbiC4FykqpHqbEWgFcg,ESPN Deportes,2026-05-15T16:10:00+00:00,4.830428,24141,363,4997.693786,early
2026-05-20T12:05:48.986097+00:00,Gj4BZUXK13w,UCGXbLrVe8vnkiFv7q2vYv3w,El Mundo,2026-05-18T11:12:05+00:00,2.037315,4631,363,2273.089827,early
2026-05-20T12:05:48.986097+00:00,mKRwWZlOQlk,UCUyDOdBWhC1MCxEjC46d-zw,Alex Hormozi,2026-05-08T05:00:00+00:00,12.295706,45392,361,3691.695296,active
2026-05-20T12:05:48.986097+00:00,oXcp9U93ARU,UC2iUwfYi_1FCGGqhOUNx-iA,ScreenRant,2026-05-15T21:00:56+00:00,4.628391,16967,360,3665.852777,early
2026-05-20T12:05:48.986097+00:00,XD5I-lAVnNY,UCWJ2lWNubArHWmf3FIHbfcQ,NBA,2026-05-13T01:08:38+00:00,7.456377,160379,358,21508.971448,active
2026-05-20T12:05:48.986097+00:00,JRZVHJtCLPs,UC52X5wxOL_s5yw0dQk7NtgA,Associated Press,2026-05-16T16:58:09+00:00,3.796991,10568,358,2783.256531,early
2026-05-20T12:05:48.986097+00:00,VPX0clU7094,UChqUTb7kYRX8-EiaN3XFrSQ,Reuters,2026-05-18T13:41:09+00:00,1.933796,2726,358,1409.662653,early
2026-05-20T12:05:48.986097+00:00,fhNMXlU9FtA,UCM-GvgUy0EAZU7ZwXKLarkg,López-Dóriga,2026-05-12T02:53:36+00:00,8.383484,62502,356,7455.372969,active
2026-05-20T12:05:48.986097+00:00,AYCclz5J0J4,UCnsvJeZO4RigQ898WdDNoBw,EL PAÍS,2026-05-12T15:51:25+00:00,7.843333,42187,355,5378.708261,active
2026-05-20T12:05:48.986097+00:00,bLe86iJJ2mg,UCF0L4jd9LcSIxsj5gKITMqQ,Jaime Higuera,2026-05-12T19:00:34+00:00,7.711979,20883,354,2707.865257,active
2026-05-20T12:05:48.986097+00:00,4noSQr-Am-o,UC52X5wxOL_s5yw0dQk7NtgA,Associated Press,2026-05-17T11:30:21+00:00,3.024629,5209,353,1722.194689,early
2026-05-20T12:05:48.986097+00:00,8R_NVvwNNkE,UCtT7zEoC9-HNyLYb8cYWoww,Ale Marin,2026-05-18T17:15:01+00:00,1.785278,1563,353,875.493901,early
2026-05-20T12:05:48.986097+00:00,fZ6E_ue2egg,UCiWLfSweyRNmLpgEHekhoAg,ESPN,2026-05-15T15:28:47+00:00,4.859051,11516,350,2370.010111,early
2026-05-20T12:05:48.986097+00:00,_ILM3_OJukE,UChqUTb7kYRX8-EiaN3XFrSQ,Reuters,2026-05-17T14:01:15+00:00,2.919838,64923,350,22235.137703,early
2026-05-20T12:05:48.986097+00:00,CDs7RgSfRx8,UChqUTb7kYRX8-EiaN3XFrSQ,Reuters,2026-05-18T02:19:36+00:00,2.407095,5644,349,2344.735044,early
2026-05-20T12:05:48.986097+00:00,75XbfIZTx_k,UCGXbLrVe8vnkiFv7q2vYv3w,El Mundo,2026-05-19T01:46:54+00:00,1.429803,1845,349,1290.387557,early
2026-05-20T12:05:48.986097+00:00,zNoSYBsOC5s,UCUsm-fannqOY02PNN67C0KA,NMás,2026-05-13T22:39:48+00:00,6.559734,20951,348,3193.879508,early
2026-05-20T12:05:48.986097+00:00,a2oaRq7S3Go,UC16niRr50-MSBwiO3YDb3RA,BBC News,2026-05-15T15:30:00+00:00,4.858206,14294,347,2942.238349,early
2026-05-20T12:05:48.986097+00:00,LZnp-RZbnm4,UCoLrcjPV5PbUrUyXq5mjc_A,MLB,2026-05-14T02:17:38+00:00,6.40846,65596,347,10235.844493,early
2026-05-20T12:05:48.986097+00:00,uilpcnQRXuM,UCUsm-fannqOY02PNN67C0KA,NMás,2026-05-18T18:30:11+00:00,1.733079,2952,347,1703.326854,early
2026-05-20T12:05:48.986097+00:00,GnZtuRKASio,UCpcTrCXblq78GZrTUTLWeBw,FIFA,2026-05-11T18:30:17+00:00,8.733009,76167,346,8721.736116,active
2026-05-20T12:05:48.986097+00:00,LMGJWuNfEhY,UCYUQQgogVeQY8cMQamhHJcg,CinemaSins,2026-05-12T14:00:37+00:00,7.920278,23278,346,2939.038251,active
2026-05-20T12:05:48.986097+00:00,yb9gGsJxY5I,UCGXbLrVe8vnkiFv7q2vYv3w,El Mundo,2026-05-18T12:01:26+00:00,2.003044,4340,345,2166.702279,early
2026-05-20T12:05:48.986097+00:00,mah_Pn1XkSo,UCNye-wNBqNL5ZzHSJj3l8Bg,Al Jazeera English,2026-05-16T10:43:23+00:00,4.057245,29651,343,7308.16108,early
2026-05-20T12:05:48.986097+00:00,bMmEEa8-6fU,UCXZCJLdBC09xxGZ6gcdrc6A,OpenAI,2026-05-13T07:13:55+00:00,7.202708,15153,342,2103.792074,active
2026-05-20T12:05:48.986097+00:00,DjBRpFp-2Pg,UCWJ2lWNubArHWmf3FIHbfcQ,NBA,2026-05-13T00:55:34+00:00,7.465451,396498,342,53111.057858,active
2026-05-20T12:05:48.986097+00:00,U7YAXwKg5mE,UCNye-wNBqNL5ZzHSJj3l8Bg,Al Jazeera English,2026-05-18T05:56:52+00:00,2.256215,7242,342,3209.800484,early
2026-05-20T12:05:48.986097+00:00,w3ZwcuKWjkI,UCUyDOdBWhC1MCxEjC46d-zw,Alex Hormozi,2026-05-13T15:00:12+00:00,6.8789,18598,341,2703.629941,early
2026-05-20T12:05:48.986097+00:00,0igy7jNWDyQ,UC16niRr50-MSBwiO3YDb3RA,BBC News,2026-05-13T15:30:23+00:00,6.85794,41262,340,6016.675561,early
2026-05-20T12:05:48.986097+00:00,4IeYytwcpuQ,UCM55RjebjSevVWPnj2LEymw,viyaura,2026-04-22T17:19:53+00:00,27.781898,121687,339,4380.082311,active
2026-05-20T12:05:48.986097+00:00,v9BR4c-s-HA,UChqUTb7kYRX8-EiaN3XFrSQ,Reuters,2026-05-16T22:00:49+00:00,3.586805,7416,339,2067.578249,early
2026-05-20T12:05:48.986097+00:00,LrVr-cwV4ms,UCGXbLrVe8vnkiFv7q2vYv3w,El Mundo,2026-05-18T21:12:03+00:00,1.620671,1848,339,1140.268444,early
2026-05-20T12:05:48.986097+00:00,N7UtnNPSYYI,UCUyDOdBWhC1MCxEjC46d-zw,Alex Hormozi,2026-05-11T11:00:28+00:00,9.045382,58233,338,6437.870728,active
2026-05-20T12:05:48.986097+00:00,wJl8aMWZp3A,UCoOae5nYA7VqaXzerajD0lg,Ali Abdaal,2026-05-11T03:01:02+00:00,9.378322,17858,338,1904.178594,active
2026-05-20T12:05:48.986097+00:00,LJMppBho3ts,UC52X5wxOL_s5yw0dQk7NtgA,Associated Press,2026-05-16T16:25:08+00:00,3.819919,7137,338,1868.364224,early
2026-05-20T12:05:48.986097+00:00,9B62ulkJ_c4,UCGXbLrVe8vnkiFv7q2vYv3w,El Mundo,2026-05-17T08:39:43+00:00,3.143125,12311,337,3916.802545,early
2026-05-20T12:05:48.986097+00:00,AqyErV0IJcM,UC55-mxUj5Nj3niXFReG44OQ,Platzi,2026-05-16T20:43:53+00:00,3.640231,3611,336,991.970015,early
2026-05-20T12:05:48.986097+00:00,HIkCed8jL4I,UCpcTrCXblq78GZrTUTLWeBw,FIFA,2026-05-12T15:30:13+00:00,7.858055,13359,335,1700.039005,active
2026-05-20T12:05:48.986097+00:00,loNbI2s1IOg,UC6ZFN9Tx6xh-skXCuRHCDpQ,PBS NewsHour,2026-05-18T15:08:38+00:00,1.873044,4726,335,2523.1655,early
2026-05-20T12:05:48.986097+00:00,U_FrbmIs-R8,UC08mnbiC4FykqpHqbEWgFcg,ESPN Deportes,2026-05-17T20:30:33+00:00,2.649491,6865,334,2591.063718,early
2026-05-20T12:05:48.986097+00:00,iWvOYSfle0o,UCeY0bbntWzzVIaj2z3QigXg,NBC News,2026-05-19T01:24:45+00:00,1.445185,1178,334,815.120555,early
2026-05-20T12:05:48.986097+00:00,VNwvZE2E7hk,UCGXbLrVe8vnkiFv7q2vYv3w,El Mundo,2026-05-19T01:49:00+00:00,1.428345,911,332,637.801091,early
2026-05-20T12:05:48.986097+00:00,un72e60njpM,UCUyDOdBWhC1MCxEjC46d-zw,Alex Hormozi,2026-05-14T09:00:40+00:00,6.128576,27498,331,4486.8498,early
2026-05-20T12:05:48.986097+00:00,CnotCMXoBU4,UCq2otJm7A6jGGcGFEks0HVw,Se Regalan Dudas Podcast,2026-05-16T01:39:08+00:00,4.435197,5004,331,1128.247516,early
2026-05-20T12:05:48.986097+00:00,FUWebtR92ho,UCFxHplbcoJK9m70c4VyTIxg,MILENIO,2026-05-17T18:00:09+00:00,2.753935,14952,331,5429.322043,early
2026-05-20T12:05:48.986097+00:00,QfGDKr7CMsk,UCurvRE5fGcdUgCYWgh-BDsg,DAZN Boxing,2026-05-16T18:22:27+00:00,3.738449,16173,331,4326.125621,early
2026-05-20T12:05:48.986097+00:00,oaErm3Bv4pA,UCurvRE5fGcdUgCYWgh-BDsg,DAZN Boxing,2026-05-12T16:01:15+00:00,7.836504,30494,330,3891.276008,active
2026-05-20T12:05:48.986097+00:00,p21gS-4c14M,UCiWLfSweyRNmLpgEHekhoAg,ESPN,2026-05-14T15:03:32+00:00,5.876585,3830,329,651.739063,early
2026-05-20T12:05:48.986097+00:00,tM7AjOccCuA,UCafNntv_qTQB26AvbEQNHPw,Aristegui Noticias,2026-05-16T22:00:59+00:00,3.58669,9177,327,2558.626477,early
2026-05-20T12:05:48.986097+00:00,4Xzok2dTu0Y,UCtwslQPB_xJfaFuZv0OETNw,Kings League Spain,2026-05-12T20:00:31+00:00,7.670347,8382,325,1092.779766,active
2026-05-20T12:05:48.986097+00:00,_ssdFP1hjwo,UCurvRE5fGcdUgCYWgh-BDsg,DAZN Boxing,2026-05-14T17:00:46+00:00,5.795173,42470,325,7328.512885,early
2026-05-20T12:05:48.986097+00:00,N1wdfM6UjlU,UCiWLfSweyRNmLpgEHekhoAg,ESPN,2026-05-16T03:22:54+00:00,4.363136,22085,322,5061.726245,early
2026-05-20T12:05:48.986097+00:00,e4jIOCxDxEc,UCtwslQPB_xJfaFuZv0OETNw,Kings League Spain,2026-05-17T17:20:33+00:00,2.781435,9143,321,3287.152135,early
2026-05-20T12:05:48.986097+00:00,KTliRYg3Ypc,UCurvRE5fGcdUgCYWgh-BDsg,DAZN Boxing,2026-05-12T15:54:27+00:00,7.841227,51272,320,6538.772567,active
2026-05-20T12:05:48.986097+00:00,o3kOVZVtGq8,UClLLRs_mFTsNT5U-DqTYAGg,La Vanguardia,2026-05-18T17:38:53+00:00,1.768704,1800,320,1017.694312,early
2026-05-20T12:05:48.986097+00:00,Yo4aGwiAUBk,UC5PwIMtLiIBCBhsu8f_-6UQ,Santiago Bilinkis,2026-05-09T18:39:29+00:00,10.72662,78436,319,7312.275442,active
2026-05-20T12:05:48.986097+00:00,U5MXZI_we9c,UChqUTb7kYRX8-EiaN3XFrSQ,Reuters,2026-05-19T10:27:25+00:00,1.068333,475,317,444.617923,early
2026-05-20T12:05:48.986097+00:00,g4Jne1qDDhU,UC8butISFwT-Wl7EV0hUK0BQ,freeCodeCamp.org,2026-05-18T12:17:23+00:00,1.991967,4173,316,2094.914223,early
2026-05-20T12:05:48.986097+00:00,duaoczjLw3A,UCTv-XvfzLX3i4IGWAm4sbmA,LALIGA EA SPORTS,2026-05-17T17:52:07+00:00,2.759514,5962,315,2160.525368,early
2026-05-20T12:05:48.986097+00:00,Bd-Eq5qBhv4,UCuFFtHWoLl5fauMMD5Ww2jA,CBC News,2026-05-13T15:05:54+00:00,6.874942,120172,315,17479.711102,early
2026-05-20T12:05:48.986097+00:00,9i05lDjmV-A,UC52X5wxOL_s5yw0dQk7NtgA,Associated Press,2026-05-15T18:44:11+00:00,4.723356,21237,314,4496.167555,early
2026-05-20T12:05:48.986097+00:00,fRL21V8wUIk,UCtT7zEoC9-HNyLYb8cYWoww,Ale Marin,2026-05-18T16:10:28+00:00,1.830104,1641,314,896.670353,early
2026-05-20T12:05:48.986097+00:00,P0b0dUu2G4I,UCUsm-fannqOY02PNN67C0KA,NMás,2026-05-18T00:21:39+00:00,2.489004,13092,313,5259.935299,early
2026-05-20T12:05:48.986097+00:00,5mzHkdSvLu4,UCtT7zEoC9-HNyLYb8cYWoww,Ale Marin,2026-05-19T00:00:08+00:00,1.503947,1239,313,823.832223,early
2026-05-20T12:05:48.986097+00:00,D7LljUqxH80,UCWJ2lWNubArHWmf3FIHbfcQ,NBA,2026-05-11T15:10:58+00:00,8.871423,128078,312,14437.142722,active
2026-05-20T12:05:48.986097+00:00,7Ph0Et_NbZg,UCtT7zEoC9-HNyLYb8cYWoww,Ale Marin,2026-05-17T20:00:08+00:00,2.670613,4329,311,1620.976158,early
2026-05-20T12:05:48.986097+00:00,wTZfT81oTrs,UCoOae5nYA7VqaXzerajD0lg,Ali Abdaal,2026-05-12T10:01:24+00:00,8.0864,23755,310,2937.648397,active
2026-05-20T12:05:48.986097+00:00,DEyELpLx00k,UCWJ2lWNubArHWmf3FIHbfcQ,NBA,2026-05-15T23:40:10+00:00,4.517812,44559,310,9862.960212,early
2026-05-20T12:05:48.986097+00:00,KsYU-MErgto,UCz8QaiQxApLq8sLNcszYyJw,Firstpost,2026-05-15T18:04:05+00:00,4.751204,33004,310,6946.449784,early
2026-05-20T12:05:48.986097+00:00,p5zWy46yWxU,UCUyDOdBWhC1MCxEjC46d-zw,Alex Hormozi,2026-04-26T23:00:00+00:00,23.545706,76755,309,3259.830051,active
2026-05-20T12:05:48.986097+00:00,DPlKrHcLk-4,UCeY0bbntWzzVIaj2z3QigXg,NBC News,2026-05-18T11:57:20+00:00,2.005891,12780,309,6371.233532,early
2026-05-20T12:05:48.986097+00:00,hoGg9MLYzVM,UCNye-wNBqNL5ZzHSJj3l8Bg,Al Jazeera English,2026-05-12T23:36:48+00:00,7.52015,152811,308,20320.206379,active
2026-05-20T12:05:48.986097+00:00,xZ3iMmoLoac,UC4JX40jDee_tINbkjycV4Sg,Tech With Tim,2026-05-15T18:01:00+00:00,4.753345,23615,307,4968.080373,early
2026-05-20T12:05:48.986097+00:00,-iFnsLIQXfU,UCUsm-fannqOY02PNN67C0KA,NMás,2026-05-18T19:30:58+00:00,1.690868,3434,307,2030.909568,early
2026-05-20T12:05:48.986097+00:00,5hwjRw8q80g,UChqUTb7kYRX8-EiaN3XFrSQ,Reuters,2026-05-18T14:10:01+00:00,1.91375,3600,307,1881.123449,early
2026-05-20T12:05:48.986097+00:00,sYyINOlvkRg,UCtwslQPB_xJfaFuZv0OETNw,Kings League Spain,2026-05-17T16:55:19+00:00,2.798958,3986,306,1424.101398,early
2026-05-20T12:05:48.986097+00:00,cH_ZScbZVEA,UCF0L4jd9LcSIxsj5gKITMqQ,Jaime Higuera,2026-05-08T10:01:06+00:00,12.086609,27847,305,2303.954732,active
2026-05-20T12:05:48.986097+00:00,nJlvFx4fMs4,UCnsvJeZO4RigQ898WdDNoBw,EL PAÍS,2026-05-13T01:23:31+00:00,7.446042,46402,304,6231.767159,active
2026-05-20T12:05:48.986097+00:00,tumg6juILzo,UCeY0bbntWzzVIaj2z3QigXg,NBC News,2026-05-14T12:38:24+00:00,5.977373,60405,302,10105.609939,early
2026-05-20T12:05:48.986097+00:00,Nr2fxpeOqDY,UCoLrcjPV5PbUrUyXq5mjc_A,MLB,2026-05-14T03:50:42+00:00,6.343831,74847,302,11798.391224,early
2026-05-20T12:05:48.986097+00:00,fHKCBCTzNW0,UCTHaNTsP7hsVgBxARZTuajw,LUZU TV,2026-05-15T22:42:29+00:00,4.55787,19583,302,4296.524473,early
2026-05-20T12:05:48.986097+00:00,o0knFmac6kI,UCWJ2lWNubArHWmf3FIHbfcQ,NBA,2026-05-12T00:31:47+00:00,8.481967,85212,301,10046.254601,active
2026-05-20T12:05:48.986097+00:00,-ww-89ExZWk,UCF0L4jd9LcSIxsj5gKITMqQ,Jaime Higuera,2026-05-16T16:00:01+00:00,3.837361,5383,300,1402.786967,early
2026-05-20T12:05:48.986097+00:00,9UaAU6SwjFw,UC52X5wxOL_s5yw0dQk7NtgA,Associated Press,2026-05-15T20:28:37+00:00,4.650833,14618,299,3143.092861,early
2026-05-20T12:05:48.986097+00:00,-RQeDTZMuH0,UCz8QaiQxApLq8sLNcszYyJw,Firstpost,2026-05-17T15:20:19+00:00,2.86493,8581,299,2995.186619,early
2026-05-20T12:05:48.986097+00:00,qtKAp28h5y0,UCeY0bbntWzzVIaj2z3QigXg,NBC News,2026-05-16T04:08:49+00:00,4.33125,14448,298,3335.757576,early
2026-05-20T12:05:48.986097+00:00,nAkP6M6xbPc,UChqUTb7kYRX8-EiaN3XFrSQ,Reuters,2026-05-14T15:26:19+00:00,5.860764,2628,297,448.405703,early
2026-05-20T12:05:48.986097+00:00,i_AKexMeLpk,UCNye-wNBqNL5ZzHSJj3l8Bg,Al Jazeera English,2026-05-17T12:16:23+00:00,2.992662,9380,297,3134.333246,early
2026-05-20T12:05:48.986097+00:00,8Rp3I3s0tD8,UC08mnbiC4FykqpHqbEWgFcg,ESPN Deportes,2026-05-16T17:00:22+00:00,3.795451,26786,296,7057.395814,early
2026-05-20T12:05:48.986097+00:00,JysKJrveyEY,UC52X5wxOL_s5yw0dQk7NtgA,Associated Press,2026-05-18T12:00:37+00:00,2.003611,1747,296,871.925738,early
2026-05-20T12:05:48.986097+00:00,phtAqvNgx1g,UCTv-XvfzLX3i4IGWAm4sbmA,LALIGA EA SPORTS,2026-05-17T17:51:28+00:00,2.759965,4838,295,1752.92078,early
2026-05-20T12:05:48.986097+00:00,0NrCUYrT6io,UCF0L4jd9LcSIxsj5gKITMqQ,Jaime Higuera,2026-05-17T19:00:00+00:00,2.712373,5253,294,1936.680538,early
2026-05-20T12:05:48.986097+00:00,HxZQZlxBZ80,UCWJ2lWNubArHWmf3FIHbfcQ,NBA,2026-05-12T15:29:26+00:00,7.858599,23773,294,3025.093913,active
2026-05-20T12:05:48.986097+00:00,WXFYJyXXBNc,UCTv-XvfzLX3i4IGWAm4sbmA,LALIGA EA SPORTS,2026-05-16T15:00:48+00:00,3.878484,24251,294,6252.700798,early
2026-05-20T12:05:48.986097+00:00,MC4MY80EQDg,UC52X5wxOL_s5yw0dQk7NtgA,Associated Press,2026-05-11T16:05:32+00:00,8.83353,9687,294,1096.617094,active
2026-05-20T12:05:48.986097+00:00,B68QDB2YfZY,UCUyDOdBWhC1MCxEjC46d-zw,Alex Hormozi,2026-05-11T19:00:05+00:00,8.712315,51388,293,5898.317497,active
2026-05-20T12:05:48.986097+00:00,yIW-Qz_LiN4,UCGXbLrVe8vnkiFv7q2vYv3w,El Mundo,2026-05-11T20:19:08+00:00,8.657419,13185,293,1522.971223,active
2026-05-20T12:05:48.986097+00:00,RnDB_f-rTK8,UCpcTrCXblq78GZrTUTLWeBw,FIFA,2026-05-16T12:33:35+00:00,3.980717,12157,293,3053.972438,early
2026-05-20T12:05:48.986097+00:00,2pK5lrw736Y,UCUsm-fannqOY02PNN67C0KA,NMás,2026-05-18T02:18:21+00:00,2.407963,19379,291,8047.881134,early
2026-05-20T12:05:48.986097+00:00,tZCRq17kp-Y,UCok_yhjwg4WSx3s_2Yh8ZjQ,Topes de Gama,2026-05-13T21:00:49+00:00,6.628472,18333,290,2765.795797,early
2026-05-20T12:05:48.986097+00:00,w55gAXCYUAg,UChqUTb7kYRX8-EiaN3XFrSQ,Reuters,2026-05-14T16:00:05+00:00,5.837315,17683,289,3029.303712,early
2026-05-20T12:05:48.986097+00:00,74sIK6ah6ns,UCNye-wNBqNL5ZzHSJj3l8Bg,Al Jazeera English,2026-05-16T12:19:13+00:00,3.990694,28752,289,7204.761879,early
2026-05-20T12:05:48.986097+00:00,-5jhS026FUU,UCwd8Byi93KbnsYmCcKLExvQ,Negocios TV,2026-05-18T17:30:00+00:00,1.774873,1636,289,921.756092,early
2026-05-20T12:05:48.986097+00:00,EWffi1lrNQ4,UCwd8Byi93KbnsYmCcKLExvQ,Negocios TV,2026-05-18T12:00:23+00:00,2.003773,2001,288,998.616111,early
2026-05-20T12:05:48.986097+00:00,UEBpQgCIFTk,UC52hytXteCKmuOzMViTK8_w,CdeCiencia,2026-04-24T21:22:57+00:00,25.613102,595622,287,23254.582752,active
2026-05-20T12:05:48.986097+00:00,60OJasIPxo8,UCF0L4jd9LcSIxsj5gKITMqQ,Jaime Higuera,2026-05-15T17:00:07+00:00,4.795625,9270,287,1933.01186,early
2026-05-20T12:05:48.986097+00:00,YdZYojJ58CQ,UCTl3QQTvqHFjurroKxexy2Q,Olympics,2026-05-12T18:00:39+00:00,7.753588,12101,287,1560.696803,active
2026-05-20T12:05:48.986097+00:00,Y6xZzKPNj9Y,UCUsm-fannqOY02PNN67C0KA,NMás,2026-05-14T20:06:52+00:00,5.665937,22904,286,4042.402872,early
2026-05-20T12:05:48.986097+00:00,fzZ3YVsyYns,UC4JX40jDee_tINbkjycV4Sg,Tech With Tim,2026-05-11T15:14:07+00:00,8.869236,7234,285,815.628313,active
2026-05-20T12:05:48.986097+00:00,1L5oV5oTDS0,UCTv-XvfzLX3i4IGWAm4sbmA,LALIGA EA SPORTS,2026-05-12T19:27:37+00:00,7.693194,23353,285,3035.540245,active
2026-05-20T12:05:48.986097+00:00,MWdJLkllTuo,UCknLrEdhRCp1aegoMqRaCZg,DW News,2026-05-15T01:00:30+00:00,5.462025,28387,285,5197.156732,early
2026-05-20T12:05:48.986097+00:00,7Kasuas5x7k,UCsN32BtMd0IoByjJRNF12cw,60 Minutes,2026-05-18T17:23:41+00:00,1.779259,1105,284,621.045053,early
2026-05-20T12:05:48.986097+00:00,hgbKXvpi2MY,UCTl3QQTvqHFjurroKxexy2Q,Olympics,2026-05-11T10:29:25+00:00,9.066944,44766,283,4937.275448,active
2026-05-20T12:05:48.986097+00:00,j3-l-P1Eqno,UCtwslQPB_xJfaFuZv0OETNw,Kings League Spain,2026-05-13T15:56:41+00:00,6.839676,27943,283,4085.427438,early
2026-05-20T12:05:48.986097+00:00,RAr3DtvcIjw,UCTHaNTsP7hsVgBxARZTuajw,LUZU TV,2026-05-11T22:12:21+00:00,8.578796,49326,282,5749.757891,active
2026-05-20T12:05:48.986097+00:00,dveTFv67XmA,UCurvRE5fGcdUgCYWgh-BDsg,DAZN Boxing,2026-05-11T20:15:02+00:00,8.660266,21527,282,2485.720416,active
2026-05-20T12:05:48.986097+00:00,4KWbgoo60D4,UCoMdktPbSTixAyNGwb-UYkQ,Sky News,2026-05-18T12:01:14+00:00,2.003183,4002,282,1997.820469,early
2026-05-20T12:05:48.986097+00:00,4UhvmwlxRLM,UCUyDOdBWhC1MCxEjC46d-zw,Alex Hormozi,2026-05-12T09:00:35+00:00,8.128634,17830,281,2193.480479,active
2026-05-20T12:05:48.986097+00:00,r9R3Z05qJyY,UCmE44gpkHmf5bKIVTPSwxnQ,Judith Tiral,2026-05-12T17:01:05+00:00,7.794954,11653,280,1494.941471,active
2026-05-20T12:05:48.986097+00:00,iY0N2tAyDGU,UC5mQQ4Ur6oA8lsGFkvH2lyg,Noche De Chicxs,2026-05-15T16:49:19+00:00,4.803125,5718,280,1190.474951,early
2026-05-20T12:05:48.986097+00:00,30ttn5b0HTs,UCGXbLrVe8vnkiFv7q2vYv3w,El Mundo,2026-05-18T13:53:02+00:00,1.925544,4795,280,2490.205365,early
2026-05-20T12:05:48.986097+00:00,-I2aB6oeN3Q,UCWJ2lWNubArHWmf3FIHbfcQ,NBA,2026-05-13T00:51:50+00:00,7.468044,173524,278,23235.535302,active
2026-05-20T12:05:48.986097+00:00,YJ82p6Cyt2Q,UCUyDOdBWhC1MCxEjC46d-zw,Alex Hormozi,2026-05-13T05:00:05+00:00,7.295648,24367,277,3339.936357,active
2026-05-20T12:05:48.986097+00:00,zYjzda-xXPo,UCeY0bbntWzzVIaj2z3QigXg,NBC News,2026-05-15T19:33:19+00:00,4.689236,19872,277,4237.790548,early
2026-05-20T12:05:48.986097+00:00,Iznh6edBkco,UCafNntv_qTQB26AvbEQNHPw,Aristegui Noticias,2026-05-17T21:30:03+00:00,2.608171,10060,277,3857.109062,early
2026-05-20T12:05:48.986097+00:00,46fijNFeC3g,UCUsm-fannqOY02PNN67C0KA,NMás,2026-05-16T00:30:06+00:00,4.483136,37915,277,8457.249568,early
2026-05-20T12:05:48.986097+00:00,PFK2YSOsjyQ,UC52X5wxOL_s5yw0dQk7NtgA,Associated Press,2026-05-15T15:15:39+00:00,4.868171,10348,276,2125.644313,early
2026-05-20T12:05:48.986097+00:00,nKHLmhsfBdE,UCsN32BtMd0IoByjJRNF12cw,60 Minutes,2026-05-18T17:24:18+00:00,1.778831,1269,276,713.389861,early
2026-05-20T12:05:48.986097+00:00,Epv1JKTunNo,UC16niRr50-MSBwiO3YDb3RA,BBC News,2026-05-13T18:00:22+00:00,6.753785,18251,275,2702.336542,early
2026-05-20T12:05:48.986097+00:00,3s_qyXf8Qps,UCoMdktPbSTixAyNGwb-UYkQ,Sky News,2026-05-12T19:36:49+00:00,7.686805,68499,275,8911.244659,active
2026-05-20T12:05:48.986097+00:00,ZUjeW6BGBJU,UCknLrEdhRCp1aegoMqRaCZg,DW News,2026-05-14T23:00:40+00:00,5.545243,11098,274,2001.355035,early
2026-05-20T12:05:48.986097+00:00,IPsAjEyF3z0,UCvgfXK4nTYKudb0rFR6noLA,UFC,2026-05-11T23:00:17+00:00,8.545509,20364,273,2383.006091,active
2026-05-20T12:05:48.986097+00:00,FUzmCJRbOXI,UC52X5wxOL_s5yw0dQk7NtgA,Associated Press,2026-05-15T05:56:15+00:00,5.256643,19778,273,3762.477307,early
2026-05-20T12:05:48.986097+00:00,nQEm2z6f6jc,UCUP6qv-_EIL0hwTsJaKYnvw,Azteca Noticias,2026-05-18T18:39:13+00:00,1.726805,2377,273,1376.530645,early
2026-05-20T12:05:48.986097+00:00,TuLyMtRJZUA,UCBi2mrWuNuyYy4gbM6fU18Q,ABC News,2026-05-13T23:00:36+00:00,6.545289,7550,272,1153.501396,early
2026-05-20T12:05:48.986097+00:00,FU_IVkS00Qs,UCoLrcjPV5PbUrUyXq5mjc_A,MLB,2026-05-14T14:00:31+00:00,5.920347,24978,272,4219.00946,early
2026-05-20T12:05:48.986097+00:00,E96hjZ0Nb34,UCl5-lvQyfILb-l2abPk4Ntg,Inteligencia Artificial,2026-05-18T15:44:30+00:00,1.848136,1569,272,848.963496,early
2026-05-20T12:05:48.986097+00:00,UyH33rTfmMA,UCpcTrCXblq78GZrTUTLWeBw,FIFA,2026-05-12T16:30:13+00:00,7.816389,14220,270,1819.25439,active
2026-05-20T12:05:48.986097+00:00,NjyeN5N0Y-w,UC-2hhqBG5Su7s91_HmhaODQ,Fox Deportes,2026-05-17T07:23:20+00:00,3.196169,18263,270,5714.028263,early
2026-05-20T12:05:48.986097+00:00,t-Q_AVa69O4,UCnsvJeZO4RigQ898WdDNoBw,EL PAÍS,2026-05-18T17:31:33+00:00,1.773796,1352,268,762.207153,early
2026-05-20T12:05:48.986097+00:00,TkinJC4-iEw,UCnsvJeZO4RigQ898WdDNoBw,EL PAÍS,2026-05-15T10:00:37+00:00,5.086944,25067,267,4927.712984,early
2026-05-20T12:05:48.986097+00:00,JJun6e7z3w0,UCurvRE5fGcdUgCYWgh-BDsg,DAZN Boxing,2026-05-16T10:06:32+00:00,4.082835,16671,267,4083.192194,early
2026-05-20T12:05:48.986097+00:00,uHxqeL7QELA,UCl5-lvQyfILb-l2abPk4Ntg,Inteligencia Artificial,2026-05-13T16:00:32+00:00,6.837002,10177,266,1488.517921,early
2026-05-20T12:05:48.986097+00:00,zkCLiKTxHl8,UCupvZG-5ko_eiXAupbDfxWw,CNN,2026-05-14T04:17:00+00:00,6.325567,34075,264,5386.868877,early
2026-05-20T12:05:48.986097+00:00,DJFZGH0vKho,UCUyDOdBWhC1MCxEjC46d-zw,Alex Hormozi,2026-05-12T03:00:24+00:00,8.378761,35043,263,4182.360614,active
2026-05-20T12:05:48.986097+00:00,0lmfFWR7zj4,UCUP6qv-_EIL0hwTsJaKYnvw,Azteca Noticias,2026-05-16T04:45:37+00:00,4.305694,28381,263,6591.50418,early
2026-05-20T12:05:48.986097+00:00,6hNY0K71Ewo,UC5PwIMtLiIBCBhsu8f_-6UQ,Santiago Bilinkis,2026-05-04T17:58:27+00:00,15.755116,26493,262,1681.549028,active
2026-05-20T12:05:48.986097+00:00,FE9GfC25VKk,UCWJ2lWNubArHWmf3FIHbfcQ,NBA,2026-05-12T15:43:17+00:00,7.848981,47567,262,6060.277124,active
2026-05-20T12:05:48.986097+00:00,LFUtLGOl35s,UCTv-XvfzLX3i4IGWAm4sbmA,LALIGA EA SPORTS,2026-05-13T02:00:27+00:00,7.420393,83676,262,11276.49169,active
2026-05-20T12:05:48.986097+00:00,twuREjUwTSM,UCiWLfSweyRNmLpgEHekhoAg,ESPN,2026-05-18T02:14:10+00:00,2.410868,11292,262,4683.790237,early
2026-05-20T12:05:48.986097+00:00,N054Dg1nBuc,UCuFFtHWoLl5fauMMD5Ww2jA,CBC News,2026-05-15T00:20:03+00:00,5.490116,33092,262,6027.559345,early
2026-05-20T12:05:48.986097+00:00,sg3AKAZhXY8,UCTv-XvfzLX3i4IGWAm4sbmA,LALIGA EA SPORTS,2026-05-14T21:07:44+00:00,5.623669,35505,261,6313.493913,early
2026-05-20T12:05:48.986097+00:00,q1gLWcGzvuw,UCpcTrCXblq78GZrTUTLWeBw,FIFA,2026-05-13T17:01:04+00:00,6.794965,14159,260,2083.748776,early
2026-05-20T12:05:48.986097+00:00,NFkawDJWsVg,UCiWLfSweyRNmLpgEHekhoAg,ESPN,2026-05-16T21:12:47+00:00,3.620162,20983,260,5796.149454,early
2026-05-20T12:05:48.986097+00:00,pZPabwrRvKk,UCTrQ7HXWRRxr7OsOtodr2_w,Channel 4 News,2026-05-15T13:54:57+00:00,4.924213,46066,260,9354.997438,early
2026-05-20T12:05:48.986097+00:00,jJ6HVuhcHKQ,UCBi2mrWuNuyYy4gbM6fU18Q,ABC News,2026-05-19T02:22:06+00:00,1.405359,642,260,456.822776,early
2026-05-20T12:05:48.986097+00:00,vnwkvvLobjk,UCUP6qv-_EIL0hwTsJaKYnvw,Azteca Noticias,2026-05-15T14:40:02+00:00,4.892905,12239,259,2501.376994,early
2026-05-20T12:05:48.986097+00:00,l8Wf4ewQoOc,UChqUTb7kYRX8-EiaN3XFrSQ,Reuters,2026-05-18T03:33:11+00:00,2.355995,2387,259,1013.160045,early
2026-05-20T12:05:48.986097+00:00,JEZ21FiVbqU,UCTv-XvfzLX3i4IGWAm4sbmA,LALIGA EA SPORTS,2026-05-14T20:33:27+00:00,5.647477,26226,258,4643.843614,early
2026-05-20T12:05:48.986097+00:00,IaBf1jTYaIw,UCUyDOdBWhC1MCxEjC46d-zw,Alex Hormozi,2026-05-06T07:00:00+00:00,14.212373,48414,257,3406.468434,active
2026-05-20T12:05:48.986097+00:00,vbfV0KQ1u34,UCiWLfSweyRNmLpgEHekhoAg,ESPN,2026-05-18T02:12:06+00:00,2.412303,12023,257,4984.033929,early
2026-05-20T12:05:48.986097+00:00,03tAxDlt3gE,UCknLrEdhRCp1aegoMqRaCZg,DW News,2026-05-14T06:27:37+00:00,6.234861,56407,257,9047.034088,early
2026-05-20T12:05:48.986097+00:00,13wyT8D0HCg,UCwd8Byi93KbnsYmCcKLExvQ,Negocios TV,2026-05-18T06:05:08+00:00,2.250474,37608,257,16711.146185,early
2026-05-20T12:05:48.986097+00:00,oSiZIz0N970,UClLLRs_mFTsNT5U-DqTYAGg,La Vanguardia,2026-05-18T08:12:11+00:00,2.162245,10061,257,4653.034231,early
2026-05-20T12:05:48.986097+00:00,Oc0PFUmVEj4,UCUsm-fannqOY02PNN67C0KA,NMás,2026-05-16T04:15:03+00:00,4.326921,43957,256,10158.955987,early
2026-05-20T12:05:48.986097+00:00,rJ8nlUms_XQ,UCM-GvgUy0EAZU7ZwXKLarkg,López-Dóriga,2026-05-12T15:57:56+00:00,7.838808,57437,256,7327.262002,active
2026-05-20T12:05:48.986097+00:00,VSFAEBz8GGo,UCUP6qv-_EIL0hwTsJaKYnvw,Azteca Noticias,2026-05-14T04:00:36+00:00,6.336956,62442,256,9853.626883,early
2026-05-20T12:05:48.986097+00:00,dkXp71dtee0,UCvgfXK4nTYKudb0rFR6noLA,UFC,2026-05-17T00:46:28+00:00,3.471771,16175,256,4659.005447,early
2026-05-20T12:05:48.986097+00:00,Qtlhe8JFT1k,UChqUTb7kYRX8-EiaN3XFrSQ,Reuters,2026-05-18T15:44:47+00:00,1.84794,2489,256,1346.905203,early
2026-05-20T12:05:48.986097+00:00,KLaiJQCy1SM,UCWJ2lWNubArHWmf3FIHbfcQ,NBA,2026-05-16T03:31:54+00:00,4.356886,14038,255,3222.026007,early
2026-05-20T12:05:48.986097+00:00,OCEChRdDUvE,UChqUTb7kYRX8-EiaN3XFrSQ,Reuters,2026-05-18T13:00:40+00:00,1.96191,2207,255,1124.924181,early
2026-05-20T12:05:48.986097+00:00,g_IPsTInn_Q,UCnsvJeZO4RigQ898WdDNoBw,EL PAÍS,2026-05-17T00:25:31+00:00,3.486319,7113,253,2040.260802,early
2026-05-20T12:05:48.986097+00:00,N41ALUrCnEQ,UCShHFwKyhcDo3g7hr4f1R8A,World Science Festival,2026-05-13T01:31:30+00:00,7.440498,11285,252,1516.699554,active
2026-05-20T12:05:48.986097+00:00,3lw52WJgl1g,UC52X5wxOL_s5yw0dQk7NtgA,Associated Press,2026-05-14T11:03:16+00:00,6.043437,10140,252,1677.853182,early
2026-05-20T12:05:48.986097+00:00,F4_R-lQ6QMs,UCupvZG-5ko_eiXAupbDfxWw,CNN,2026-05-15T11:05:47+00:00,5.04169,52792,251,10471.092035,early
2026-05-20T12:05:48.986097+00:00,Y7VILWHNaaI,UCWJ2lWNubArHWmf3FIHbfcQ,NBA,2026-05-13T00:45:40+00:00,7.472326,26562,249,3554.71643,active
2026-05-20T12:05:48.986097+00:00,Uvo_pSdNmwo,UCGXbLrVe8vnkiFv7q2vYv3w,El Mundo,2026-05-18T12:39:16+00:00,1.976771,4301,249,2175.770486,early
2026-05-20T12:05:48.986097+00:00,TElxg1LKXoE,UCTv-XvfzLX3i4IGWAm4sbmA,LALIGA EA SPORTS,2026-05-15T15:00:54+00:00,4.878414,44920,247,9207.910604,early
2026-05-20T12:05:48.986097+00:00,H72Qg6VW_Hw,UCTrQ7HXWRRxr7OsOtodr2_w,Channel 4 News,2026-05-15T10:22:06+00:00,5.072025,13313,247,2624.789901,early
2026-05-20T12:05:48.986097+00:00,DHuCICqMBrE,UCF0L4jd9LcSIxsj5gKITMqQ,Jaime Higuera,2026-05-18T16:00:17+00:00,1.837176,1817,247,989.017928,early
2026-05-20T12:05:48.986097+00:00,H_3ay0B2g6c,UCUsm-fannqOY02PNN67C0KA,NMás,2026-05-19T01:33:44+00:00,1.438947,1275,247,886.064601,early
2026-05-20T12:05:48.986097+00:00,NUEWcZtp2Ro,UClLLRs_mFTsNT5U-DqTYAGg,La Vanguardia,2026-05-16T10:34:44+00:00,4.063252,30151,246,7420.41104,early
2026-05-20T12:05:48.986097+00:00,7fl8yecqh8o,UCWJ2lWNubArHWmf3FIHbfcQ,NBA,2026-05-12T00:53:44+00:00,8.466724,86779,246,10249.418783,active
2026-05-20T12:05:48.986097+00:00,bKirp15JXWg,UCWJ2lWNubArHWmf3FIHbfcQ,NBA,2026-05-12T15:29:57+00:00,7.858241,30225,245,3846.280612,active
2026-05-20T12:05:48.986097+00:00,pYyrsUOToJg,UCoMdktPbSTixAyNGwb-UYkQ,Sky News,2026-05-13T13:26:25+00:00,6.944028,85799,245,12355.796952,early
2026-05-20T12:05:48.986097+00:00,bqhPiN7CRWM,UCWJ2lWNubArHWmf3FIHbfcQ,NBA,2026-05-12T06:42:57+00:00,8.224213,342220,244,41611.276362,active
2026-05-20T12:05:48.986097+00:00,iPPz1LTl9Xo,UCTv-XvfzLX3i4IGWAm4sbmA,LALIGA EA SPORTS,2026-05-13T19:09:15+00:00,6.705949,16541,244,2466.615836,early
2026-05-20T12:05:48.986097+00:00,BhqVVXoeH-s,UCoLrcjPV5PbUrUyXq5mjc_A,MLB,2026-05-13T16:02:56+00:00,6.835335,46595,243,6816.783669,early
2026-05-20T12:05:48.986097+00:00,FgUfzheCAYI,UCFxHplbcoJK9m70c4VyTIxg,MILENIO,2026-05-18T18:50:52+00:00,1.718715,1875,243,1090.931306,early
2026-05-20T12:05:48.986097+00:00,BJS9ydN30-4,UCF0L4jd9LcSIxsj5gKITMqQ,Jaime Higuera,2026-05-15T19:00:09+00:00,4.712268,13656,242,2897.967603,early
2026-05-20T12:05:48.986097+00:00,kGSGq_cUG3s,UCwd8Byi93KbnsYmCcKLExvQ,Negocios TV,2026-05-15T16:15:06+00:00,4.826886,31418,242,6508.958364,early
2026-05-20T12:05:48.986097+00:00,eBXAckGnX0A,UCWn_0MmgojB711LFX-jaCDQ,El Rincón Del Dev,2026-05-15T16:12:34+00:00,4.828646,7350,241,1522.165841,early
2026-05-20T12:05:48.986097+00:00,nmrIZ54PZoA,UCNye-wNBqNL5ZzHSJj3l8Bg,Al Jazeera English,2026-05-17T20:55:20+00:00,2.63228,5317,241,2019.921893,early
2026-05-20T12:05:48.986097+00:00,9Gub0TdLTps,UCtwslQPB_xJfaFuZv0OETNw,Kings League Spain,2026-05-17T17:23:00+00:00,2.779734,2766,241,995.059239,early
2026-05-20T12:05:48.986097+00:00,i1EHe6onPGM,UCUP6qv-_EIL0hwTsJaKYnvw,Azteca Noticias,2026-05-15T16:01:08+00:00,4.836585,7324,240,1514.291592,early
2026-05-20T12:05:48.986097+00:00,oTNPfhQA3nE,UCupvZG-5ko_eiXAupbDfxWw,CNN,2026-05-12T20:38:48+00:00,7.643761,37494,239,4905.176915,active
2026-05-20T12:05:48.986097+00:00,MwgunmKtzgI,UChqUTb7kYRX8-EiaN3XFrSQ,Reuters,2026-05-14T07:20:53+00:00,6.19787,29846,239,4815.525334,early
2026-05-20T12:05:48.986097+00:00,8urnbhLVX6w,UCF0L4jd9LcSIxsj5gKITMqQ,Jaime Higuera,2026-05-17T18:00:07+00:00,2.753958,3558,238,1291.958701,early
2026-05-20T12:05:48.986097+00:00,V2eUiaGJ51Y,UCnsvJeZO4RigQ898WdDNoBw,EL PAÍS,2026-05-17T14:27:46+00:00,2.901423,3846,237,1325.55646,early
2026-05-20T12:05:48.986097+00:00,devETbnuDBM,UC52X5wxOL_s5yw0dQk7NtgA,Associated Press,2026-05-16T21:44:15+00:00,3.59831,18330,237,5094.058044,early
2026-05-20T12:05:48.986097+00:00,-fPB5u9Nm0s,UCEAZeUIeJs0IjQiqTCdVSIg,Yahoo Finance,2026-05-15T15:35:28+00:00,4.85441,8816,236,1816.080636,early
2026-05-20T12:05:48.986097+00:00,LU4jZI5UxOE,UC08mnbiC4FykqpHqbEWgFcg,ESPN Deportes,2026-05-15T23:45:26+00:00,4.514155,20715,236,4588.898698,early
2026-05-20T12:05:48.986097+00:00,Yh_ebBNFsHg,UCiWLfSweyRNmLpgEHekhoAg,ESPN,2026-05-15T17:42:18+00:00,4.766331,24530,235,5146.516262,early
2026-05-20T12:05:48.986097+00:00,GjaQ_RSGDIc,UCzKnSeOq30zVvgosDFlne5g,Finect - Invertir mejor,2026-05-15T16:04:11+00:00,4.834467,2727,234,564.074592,early
2026-05-20T12:05:48.986097+00:00,jZID5CoClkA,UCUsm-fannqOY02PNN67C0KA,NMás,2026-05-16T23:14:12+00:00,3.535845,28523,234,8066.812883,early
2026-05-20T12:05:48.986097+00:00,YE3tNwQ3Gqc,UC9vUu4vlIlMC0dHQCTvQPbg,The Money Guy Show,2026-05-11T17:00:46+00:00,8.795173,24951,233,2836.897012,active
2026-05-20T12:05:48.986097+00:00,n0zX-djwmt0,UCWJ2lWNubArHWmf3FIHbfcQ,NBA,2026-05-12T15:40:59+00:00,7.850579,91786,233,11691.621726,active
2026-05-20T12:05:48.986097+00:00,GkDe8wBju4E,UCWJ2lWNubArHWmf3FIHbfcQ,NBA,2026-05-12T05:14:06+00:00,8.285914,32994,233,3981.938504,active
2026-05-20T12:05:48.986097+00:00,gyXXKkrnk5g,UCtwslQPB_xJfaFuZv0OETNw,Kings League Spain,2026-05-17T15:19:28+00:00,2.865521,4244,233,1481.057022,early
2026-05-20T12:05:48.986097+00:00,Khx85oaACM4,UC_x5XG1OV2P6uZZ5FSM9Ttw,Google for Developers,2026-05-13T16:00:27+00:00,6.83706,2709,232,396.222938,early
2026-05-20T12:05:48.986097+00:00,b7RIygwt4tA,UCUBIrDsIVzRpKsClMlSlTpQ,BBC News Mundo,2026-05-15T14:00:30+00:00,4.920359,24413,232,4961.629832,early
2026-05-20T12:05:48.986097+00:00,lmZ7V7l4yJU,UCupvZG-5ko_eiXAupbDfxWw,CNN,2026-05-12T13:14:09+00:00,7.952546,73808,232,9281.052885,active
2026-05-20T12:05:48.986097+00:00,iRXh3Pk9YB0,UCUsm-fannqOY02PNN67C0KA,NMás,2026-05-16T20:00:20+00:00,3.670474,12579,232,3427.077811,early
2026-05-20T12:05:48.986097+00:00,IJbAa5lSe1A,UCNye-wNBqNL5ZzHSJj3l8Bg,Al Jazeera English,2026-05-14T02:59:56+00:00,6.379085,116054,232,18192.8913,early
2026-05-20T12:05:48.986097+00:00,J3iHKQXVv2Q,UCGXbLrVe8vnkiFv7q2vYv3w,El Mundo,2026-05-11T19:59:16+00:00,8.671215,22483,231,2592.83157,active
2026-05-20T12:05:48.986097+00:00,N8v_oJ6uy1o,UCoLrcjPV5PbUrUyXq5mjc_A,MLB,2026-05-13T20:56:15+00:00,6.631643,40565,231,6116.885363,early
2026-05-20T12:05:48.986097+00:00,4FmDGhcw1dc,UCz8QaiQxApLq8sLNcszYyJw,Firstpost,2026-05-16T08:45:06+00:00,4.139386,30890,231,7462.459408,early
2026-05-20T12:05:48.986097+00:00,vdVZamczBJ0,UC9mrBfjgyOsqJ0J-zw7kZLQ,Atherion,2026-05-15T02:23:18+00:00,5.404525,3537,230,654.451594,early
2026-05-20T12:05:48.986097+00:00,ejHcq0v4FrI,UCupvZG-5ko_eiXAupbDfxWw,CNN,2026-05-12T11:30:58+00:00,8.024201,109221,230,13611.448666,active
2026-05-20T12:05:48.986097+00:00,5TLCDfW6nSc,UCiWLfSweyRNmLpgEHekhoAg,ESPN,2026-05-15T17:41:07+00:00,4.767153,130193,230,27310.430355,early
2026-05-20T12:05:48.986097+00:00,iK6HT02LYX4,UCUyDOdBWhC1MCxEjC46d-zw,Alex Hormozi,2026-05-02T11:00:00+00:00,18.045706,90402,229,5009.612813,active
2026-05-20T12:05:48.986097+00:00,6sARbvvnHxw,UC52kszkc08-acFOuogFl5jw,Tibees,2026-05-06T10:52:35+00:00,14.050856,44779,229,3186.923274,active
2026-05-20T12:05:48.986097+00:00,eF2PLovMQtw,UCPQ2dheMajZPnIleYZHzblg,Pablo Gil Trader,2026-05-14T16:01:05+00:00,5.83662,7848,229,1344.613835,early
2026-05-20T12:05:48.986097+00:00,RYMhS-RLHQI,UC16niRr50-MSBwiO3YDb3RA,BBC News,2026-05-14T18:13:36+00:00,5.744595,24304,229,4230.759523,early
2026-05-20T12:05:48.986097+00:00,Z7vFGqgyUzk,UCWJ2lWNubArHWmf3FIHbfcQ,NBA,2026-05-16T01:19:50+00:00,4.448599,40055,229,9003.958325,early
2026-05-20T12:05:48.986097+00:00,mm4ASkDweTg,UCt7k7y_xTkkc1Jeh7cdAjDQ,SinEmbargo Al Aire,2026-05-15T18:06:04+00:00,4.749826,12682,229,2669.992543,early
2026-05-20T12:05:48.986097+00:00,aAxS3e--9s4,UCsN32BtMd0IoByjJRNF12cw,60 Minutes,2026-05-18T17:23:19+00:00,1.779514,861,229,483.83997,early
2026-05-20T12:05:48.986097+00:00,rittRRIqBvE,UC6ZFN9Tx6xh-skXCuRHCDpQ,PBS NewsHour,2026-05-15T16:28:12+00:00,4.817789,15825,228,3284.701758,early
2026-05-20T12:05:48.986097+00:00,LAAMzBzhpuo,UCBi2mrWuNuyYy4gbM6fU18Q,ABC News,2026-05-16T01:00:17+00:00,4.462176,31581,227,7077.488651,early
2026-05-20T12:05:48.986097+00:00,DaY0Ie5QOUU,UCpEhnqL0y41EpW2TvWAHD7Q,SET India,2026-05-15T17:30:03+00:00,4.774838,9704,227,2032.320259,early
2026-05-20T12:05:48.986097+00:00,71C4vVSxFlk,UCoLrcjPV5PbUrUyXq5mjc_A,MLB,2026-05-16T03:43:30+00:00,4.348831,30452,227,7002.341549,early
2026-05-20T12:05:48.986097+00:00,OVyzmcbV6j8,UCiWLfSweyRNmLpgEHekhoAg,ESPN,2026-05-16T20:46:41+00:00,3.638287,14855,227,4082.965418,early
2026-05-20T12:05:48.986097+00:00,yfWkIPMqZ0s,UCNye-wNBqNL5ZzHSJj3l8Bg,Al Jazeera English,2026-05-18T11:21:16+00:00,2.030937,2307,227,1135.928884,early
2026-05-20T12:05:48.986097+00:00,E_e6eouoTy0,UCBi2mrWuNuyYy4gbM6fU18Q,ABC News,2026-05-12T19:29:02+00:00,7.69221,33349,226,4335.42506,active
2026-05-20T12:05:48.986097+00:00,Bi1L5CCl4BA,UCTv-XvfzLX3i4IGWAm4sbmA,LALIGA EA SPORTS,2026-05-12T08:18:49+00:00,8.157639,216710,226,26565.284392,active
2026-05-20T12:05:48.986097+00:00,KEstAKYc8Gk,UCGXbLrVe8vnkiFv7q2vYv3w,El Mundo,2026-05-17T20:20:58+00:00,2.656146,4870,225,1833.483551,early
2026-05-20T12:05:48.986097+00:00,meFzbtxOCdI,UCiWLfSweyRNmLpgEHekhoAg,ESPN,2026-05-18T02:13:44+00:00,2.411169,15385,225,6380.72238,early
2026-05-20T12:05:48.986097+00:00,6xZXm4LLztI,UCTJXx9onKH6g4cWHS9pLqsQ,El HuffPost,2026-05-14T11:27:58+00:00,6.026285,100669,224,16704.984912,early
2026-05-20T12:05:48.986097+00:00,GCzsS8_Fs_U,UCTHaNTsP7hsVgBxARZTuajw,LUZU TV,2026-05-16T02:11:13+00:00,4.412917,6321,224,1432.38588,early
2026-05-20T12:05:48.986097+00:00,FM2U8N60e6w,UCTJXx9onKH6g4cWHS9pLqsQ,El HuffPost,2026-05-18T16:09:44+00:00,1.830613,598,223,326.666532,early
2026-05-20T12:05:48.986097+00:00,Ol6ZsLsidZ8,UChqUTb7kYRX8-EiaN3XFrSQ,Reuters,2026-05-16T18:00:15+00:00,3.753866,5734,222,1527.491924,early
2026-05-20T12:05:48.986097+00:00,WnFZ2t8zd0M,UC-2hhqBG5Su7s91_HmhaODQ,Fox Deportes,2026-05-17T07:24:13+00:00,3.195555,7801,222,2441.203484,early
2026-05-20T12:05:48.986097+00:00,az2XB-m07Yc,UCEAZeUIeJs0IjQiqTCdVSIg,Yahoo Finance,2026-05-15T19:30:06+00:00,4.69147,118670,221,25294.84362,early
2026-05-20T12:05:48.986097+00:00,saS0GyzHfUk,UC52X5wxOL_s5yw0dQk7NtgA,Associated Press,2026-05-13T17:59:22+00:00,6.754479,13628,221,2017.624157,early
2026-05-20T12:05:48.986097+00:00,ZuLhi5AW3AE,UCNye-wNBqNL5ZzHSJj3l8Bg,Al Jazeera English,2026-05-14T04:46:22+00:00,6.305173,69286,221,10988.754789,early
2026-05-20T12:05:48.986097+00:00,lYkmEc9EXzQ,UCGXbLrVe8vnkiFv7q2vYv3w,El Mundo,2026-05-18T09:15:44+00:00,2.118113,2507,221,1183.600686,early
2026-05-20T12:05:48.986097+00:00,lJyxqxcWzxU,UClLLRs_mFTsNT5U-DqTYAGg,La Vanguardia,2026-05-17T10:20:02+00:00,3.07346,5690,220,1851.333676,early
2026-05-20T12:05:48.986097+00:00,1yLg9vFtEUo,UCTl3QQTvqHFjurroKxexy2Q,Olympics,2026-05-13T09:06:40+00:00,7.12441,14014,220,1967.040078,active
2026-05-20T12:05:48.986097+00:00,1c4g94RFezI,UCTrQ7HXWRRxr7OsOtodr2_w,Channel 4 News,2026-05-11T08:26:01+00:00,9.152639,101941,220,11137.880561,active
2026-05-20T12:05:48.986097+00:00,8pxIIuY203o,UCtwslQPB_xJfaFuZv0OETNw,Kings League Spain,2026-05-17T14:52:11+00:00,2.884467,1814,220,628.885683,early
2026-05-20T12:05:48.986097+00:00,ycEikaRyOnY,UC8p1vwvWtl6T73JiExfWs1g,CBS News,2026-05-16T01:56:06+00:00,4.423414,18982,219,4291.255578,early
2026-05-20T12:05:48.986097+00:00,ntcYKjiZ-eE,UCpcTrCXblq78GZrTUTLWeBw,FIFA,2026-05-14T20:54:08+00:00,5.633113,13676,219,2427.787264,early
2026-05-20T12:05:48.986097+00:00,Kw5iV6vJYaM,UCNye-wNBqNL5ZzHSJj3l8Bg,Al Jazeera English,2026-05-16T05:03:23+00:00,4.293356,12433,219,2895.869804,early
2026-05-20T12:05:48.986097+00:00,3COUSQteLGE,UCtu2BCnJoFGRBOuIh570QWw,Sodapoppin,2026-05-12T13:30:08+00:00,7.941447,18077,219,2276.285418,active
2026-05-20T12:05:48.986097+00:00,1a-1FczOCdg,UCwd8Byi93KbnsYmCcKLExvQ,Negocios TV,2026-05-18T21:00:04+00:00,1.628993,1612,219,989.568402,early
2026-05-20T12:05:48.986097+00:00,00NnpBvip98,UCLv7Gzc3VTO6ggFlXY0sOyw,Harvard University,2026-05-13T21:01:21+00:00,6.628102,11185,218,1687.511749,early
2026-05-20T12:05:48.986097+00:00,tAR85xlFRrk,UCWJ2lWNubArHWmf3FIHbfcQ,NBA,2026-05-12T15:39:37+00:00,7.851528,48359,218,6159.183283,active
2026-05-20T12:05:48.986097+00:00,PX6gvfawbjg,UClLLRs_mFTsNT5U-DqTYAGg,La Vanguardia,2026-05-19T08:44:00+00:00,1.14015,378,218,331.535324,early
2026-05-20T12:05:48.986097+00:00,k8M2G2YF6gk,UChqUTb7kYRX8-EiaN3XFrSQ,Reuters,2026-05-19T04:47:59+00:00,1.304051,721,218,552.892487,early
2026-05-20T12:05:48.986097+00:00,ipMrLlj_B50,UCTrQ7HXWRRxr7OsOtodr2_w,Channel 4 News,2026-05-16T15:16:03+00:00,3.867893,32132,217,8307.365276,early
2026-05-20T12:05:48.986097+00:00,LLj-ledF9PI,UCUyDOdBWhC1MCxEjC46d-zw,Alex Hormozi,2026-05-12T07:04:52+00:00,8.208993,32226,216,3925.694662,active
2026-05-20T12:05:48.986097+00:00,deUaG3gbVZY,UCtwslQPB_xJfaFuZv0OETNw,Kings League Spain,2026-05-17T15:45:56+00:00,2.847141,4765,216,1673.608718,early
2026-05-20T12:05:48.986097+00:00,R24U2Z2t-KI,UCWJ2lWNubArHWmf3FIHbfcQ,NBA,2026-05-13T00:46:23+00:00,7.471829,27981,215,3744.866217,active
2026-05-20T12:05:48.986097+00:00,DzPlqguX1Ac,UCtT7zEoC9-HNyLYb8cYWoww,Ale Marin,2026-05-18T19:15:01+00:00,1.701944,1119,215,657.483442,early
2026-05-20T12:05:48.986097+00:00,DVDkNIxQs50,UCUsm-fannqOY02PNN67C0KA,NMás,2026-05-15T13:04:53+00:00,4.958981,9376,214,1890.711015,early
2026-05-20T12:05:48.986097+00:00,PW-wjEi9a2Q,UC9MAhZQQd9egwWCxrwSIsJQ,HISTORY,2026-05-15T16:00:28+00:00,4.837048,33886,212,7005.512453,early
2026-05-20T12:05:48.986097+00:00,vRBCNNEQ3w4,UCpEhnqL0y41EpW2TvWAHD7Q,SET India,2026-05-14T17:30:13+00:00,5.774722,12190,211,2110.924128,early
2026-05-20T12:05:48.986097+00:00,GsGwgPlXcaQ,UC-2hhqBG5Su7s91_HmhaODQ,Fox Deportes,2026-05-14T00:39:09+00:00,6.476852,27221,211,4202.813342,early
2026-05-20T12:05:48.986097+00:00,1-E981gSbfs,UC16niRr50-MSBwiO3YDb3RA,BBC News,2026-05-12T16:00:02+00:00,7.837349,73275,210,9349.462427,active
2026-05-20T12:05:48.986097+00:00,lkjKauMfWyk,UCTrQ7HXWRRxr7OsOtodr2_w,Channel 4 News,2026-05-13T11:36:45+00:00,7.020185,25667,209,3656.171454,active
2026-05-20T12:05:48.986097+00:00,miIumYFqIQU,UCupvZG-5ko_eiXAupbDfxWw,CNN,2026-05-15T04:04:45+00:00,5.334074,22538,208,4225.288213,early
2026-05-20T12:05:48.986097+00:00,MZdgdBSkgkQ,UCWJ2lWNubArHWmf3FIHbfcQ,NBA,2026-05-12T15:26:55+00:00,7.860347,18373,208,2337.428615,active
2026-05-20T12:05:48.986097+00:00,a-75aIoH2QI,UCNye-wNBqNL5ZzHSJj3l8Bg,Al Jazeera English,2026-05-15T20:40:14+00:00,4.642766,19416,208,4181.989788,early
2026-05-20T12:05:48.986097+00:00,G5zJW8xeEzk,UCafNntv_qTQB26AvbEQNHPw,Aristegui Noticias,2026-05-14T14:21:25+00:00,5.905833,17978,207,3044.109104,early
2026-05-20T12:05:48.986097+00:00,Ny98bqMtsBE,UCWJ2lWNubArHWmf3FIHbfcQ,NBA,2026-05-16T02:13:14+00:00,4.411516,26490,207,6004.738507,early
2026-05-20T12:05:48.986097+00:00,n3invCcoGFE,UCUsm-fannqOY02PNN67C0KA,NMás,2026-05-18T02:30:37+00:00,2.399444,4099,207,1708.312426,early
2026-05-20T12:05:48.986097+00:00,ZrG_nYiSs5w,UCeY0bbntWzzVIaj2z3QigXg,NBC News,2026-05-15T11:50:20+00:00,5.010752,30090,206,6005.086662,early
2026-05-20T12:05:48.986097+00:00,nst2QmbH2Q8,UCUsm-fannqOY02PNN67C0KA,NMás,2026-05-17T18:57:49+00:00,2.713889,5332,206,1964.70821,early
2026-05-20T12:05:48.986097+00:00,OWWoOmFaArc,UCUsm-fannqOY02PNN67C0KA,NMás,2026-05-17T02:31:30+00:00,3.398831,15965,206,4697.203244,early
2026-05-20T12:05:48.986097+00:00,Fo1L69HFO0c,UC2UXDak6o7rBm23k3Vv5dww,Tina Huang,2026-05-07T14:00:23+00:00,12.92044,28222,205,2184.290937,active
2026-05-20T12:05:48.986097+00:00,HzN6HCA1WOg,UCBi2mrWuNuyYy4gbM6fU18Q,ABC News,2026-05-15T01:21:40+00:00,5.447326,33136,205,6082.984569,early
2026-05-20T12:05:48.986097+00:00,b_1qoCEJ4_E,UCoLrcjPV5PbUrUyXq5mjc_A,MLB,2026-05-13T14:30:32+00:00,6.899502,19233,205,2787.592496,early
2026-05-20T12:05:48.986097+00:00,__4yBF4LLLU,UCUyDOdBWhC1MCxEjC46d-zw,Alex Hormozi,2026-05-10T23:00:00+00:00,9.545706,23565,203,2468.649254,active
2026-05-20T12:05:48.986097+00:00,1JSiSUrp1ig,UC_x5XG1OV2P6uZZ5FSM9Ttw,Google for Developers,2026-05-11T23:00:01+00:00,8.545694,9537,202,1116.000643,active
2026-05-20T12:05:48.986097+00:00,MvqACueOXFI,UCTHaNTsP7hsVgBxARZTuajw,LUZU TV,2026-05-13T12:15:59+00:00,6.99294,12931,202,1849.150715,early
2026-05-20T12:05:48.986097+00:00,PedjoR5mPJ4,UCUsm-fannqOY02PNN67C0KA,NMás,2026-05-18T03:00:18+00:00,2.378831,7463,202,3137.255232,early
2026-05-20T12:05:48.986097+00:00,VXFUsQufslk,UCeY0bbntWzzVIaj2z3QigXg,NBC News,2026-05-14T20:10:08+00:00,5.663669,18679,201,3298.03878,early
2026-05-20T12:05:48.986097+00:00,c5I1eb1iGSU,UCafNntv_qTQB26AvbEQNHPw,Aristegui Noticias,2026-05-15T12:42:45+00:00,4.974352,42942,201,8632.682207,early
2026-05-20T12:05:48.986097+00:00,Q32MQCIGgyc,UC08mnbiC4FykqpHqbEWgFcg,ESPN Deportes,2026-05-15T21:45:02+00:00,4.597766,20869,201,4538.943478,early
2026-05-20T12:05:48.986097+00:00,ewgTvaHiMos,UCl5-lvQyfILb-l2abPk4Ntg,Inteligencia Artificial,2026-05-18T12:00:58+00:00,2.003368,2329,201,1162.542279,early
2026-05-20T12:05:48.986097+00:00,UJ3lqTl16Mc,UCwd8Byi93KbnsYmCcKLExvQ,Negocios TV,2026-05-18T21:00:35+00:00,1.628634,1398,201,858.388072,early
2026-05-20T12:05:48.986097+00:00,4f0kExPoCFM,UCTl3QQTvqHFjurroKxexy2Q,Olympics,2026-05-14T10:26:27+00:00,6.069004,11853,200,1953.038752,early
2026-05-20T12:05:48.986097+00:00,_pXLoWnl_eU,UChqUTb7kYRX8-EiaN3XFrSQ,Reuters,2026-05-15T12:33:01+00:00,4.981111,8060,200,1618.112907,early
2026-05-20T12:05:48.986097+00:00,njuBRzj_VA8,UCtwslQPB_xJfaFuZv0OETNw,Kings League Spain,2026-05-12T17:45:32+00:00,7.764085,4358,200,561.302459,active
2026-05-20T12:05:48.986097+00:00,wRNNaSK6Fmg,UCcHtke0raf8vNYLM1Hbq3Jw,Imagen Noticias,2026-05-18T22:00:14+00:00,1.58721,1157,200,728.952061,early
2026-05-20T12:05:48.986097+00:00,ja_XWS1tBOc,UCUyDOdBWhC1MCxEjC46d-zw,Alex Hormozi,2026-05-12T01:00:54+00:00,8.461748,45721,199,5403.257105,active
2026-05-20T12:05:48.986097+00:00,mM9B_w7aOwI,UCiWLfSweyRNmLpgEHekhoAg,ESPN,2026-05-15T14:56:36+00:00,4.8814,22433,199,4595.607817,early
2026-05-20T12:05:48.986097+00:00,fSX9ujDqYg0,UCiWLfSweyRNmLpgEHekhoAg,ESPN,2026-05-13T15:01:40+00:00,6.877882,38649,199,5619.31711,early
2026-05-20T12:05:48.986097+00:00,vn1CNOHNw1k,UChqUTb7kYRX8-EiaN3XFrSQ,Reuters,2026-05-14T18:09:01+00:00,5.747778,2306,199,401.198515,early
2026-05-20T12:05:48.986097+00:00,fBoY7o5w_tA,UCupvZG-5ko_eiXAupbDfxWw,CNN,2026-05-14T09:35:27+00:00,6.104421,29700,198,4865.326294,early
2026-05-20T12:05:48.986097+00:00,IOxrmK3JeBs,UCUsm-fannqOY02PNN67C0KA,NMás,2026-05-15T05:45:03+00:00,5.264421,16117,198,3061.495272,early
2026-05-20T12:05:48.986097+00:00,0usysvwQBgA,UCUsm-fannqOY02PNN67C0KA,NMás,2026-05-15T05:26:33+00:00,5.277268,12406,198,2350.837592,early
2026-05-20T12:05:48.986097+00:00,ipl-827d63M,UCNye-wNBqNL5ZzHSJj3l8Bg,Al Jazeera English,2026-05-18T09:04:00+00:00,2.126261,2540,198,1194.585237,early
2026-05-20T12:05:48.986097+00:00,3KWQ6EIPghs,UCoLrcjPV5PbUrUyXq5mjc_A,MLB,2026-05-16T01:15:34+00:00,4.451562,27040,197,6074.272357,early
2026-05-20T12:05:48.986097+00:00,Pc9ZWPNH9eg,UCsN32BtMd0IoByjJRNF12cw,60 Minutes,2026-05-16T03:55:32+00:00,4.340474,11060,197,2548.108801,early
2026-05-20T12:05:48.986097+00:00,GXFv_vfnKMs,UClLLRs_mFTsNT5U-DqTYAGg,La Vanguardia,2026-05-16T11:03:04+00:00,4.043576,26399,196,6528.627136,early
2026-05-20T12:05:48.986097+00:00,I_9mu8mwv64,UCeY0bbntWzzVIaj2z3QigXg,NBC News,2026-05-17T15:30:13+00:00,2.858055,6394,195,2237.185778,early
2026-05-20T12:05:48.986097+00:00,Wh8gGYxEmxs,UCGXbLrVe8vnkiFv7q2vYv3w,El Mundo,2026-05-18T10:29:05+00:00,2.067176,3056,195,1478.345337,early
2026-05-20T12:05:48.986097+00:00,eO9yKb0J7vI,UCGXbLrVe8vnkiFv7q2vYv3w,El Mundo,2026-05-18T09:32:01+00:00,2.106805,1988,195,943.608924,early
2026-05-20T12:05:48.986097+00:00,yZ8kT9vZZSA,UCLXo7UDZvByw2ixzpQCufnA,Vox,2026-05-12T23:01:06+00:00,7.544942,22602,194,2995.649271,active
2026-05-20T12:05:48.986097+00:00,qQ2Q0Byz8zg,UCGXbLrVe8vnkiFv7q2vYv3w,El Mundo,2026-05-17T23:40:36+00:00,2.517511,13112,194,5208.318851,early
2026-05-20T12:05:48.986097+00:00,9QhQdo0m2_c,UCTv-XvfzLX3i4IGWAm4sbmA,LALIGA EA SPORTS,2026-05-14T19:00:44+00:00,5.711863,19784,194,3463.668509,early
2026-05-20T12:05:48.986097+00:00,buWYPADUjI8,UCTv-XvfzLX3i4IGWAm4sbmA,LALIGA EA SPORTS,2026-05-14T02:00:24+00:00,6.420428,45676,194,7114.167467,early
2026-05-20T12:05:48.986097+00:00,1Bwc6QQjtj4,UCF0L4jd9LcSIxsj5gKITMqQ,Jaime Higuera,2026-05-17T15:00:02+00:00,2.879016,3480,193,1208.746322,early
2026-05-20T12:05:48.986097+00:00,X0L7eaFKfCA,UC16niRr50-MSBwiO3YDb3RA,BBC News,2026-05-13T12:44:44+00:00,6.972974,78373,193,11239.537104,early
2026-05-20T12:05:48.986097+00:00,sKS5y2dF1GQ,UC52X5wxOL_s5yw0dQk7NtgA,Associated Press,2026-05-16T13:40:46+00:00,3.934062,7469,193,1898.546591,early
2026-05-20T12:05:48.986097+00:00,nByAk8IonBk,UCUyDOdBWhC1MCxEjC46d-zw,Alex Hormozi,2026-05-10T11:00:10+00:00,10.04559,41590,192,4140.125169,active
2026-05-20T12:05:48.986097+00:00,NFHfriGAHo8,UC71VTsUKOsh6QEGnzaa2KuQ,Rankia,2026-05-12T09:22:55+00:00,8.113125,5146,192,634.280872,active
2026-05-20T12:05:48.986097+00:00,2nV_jnbCqP4,UCXZCJLdBC09xxGZ6gcdrc6A,OpenAI,2026-05-11T14:29:35+00:00,8.900162,10765,192,1209.528546,active
2026-05-20T12:05:48.986097+00:00,7SoezwqZwNg,UCeY0bbntWzzVIaj2z3QigXg,NBC News,2026-05-16T17:26:23+00:00,3.777384,4612,192,1220.950796,early
2026-05-20T12:05:48.986097+00:00,lLJSnMSCpUY,UCeY0bbntWzzVIaj2z3QigXg,NBC News,2026-05-16T16:30:28+00:00,3.816215,11025,192,2888.988173,early
2026-05-20T12:05:48.986097+00:00,Y7bHZpdF2lA,UCGXbLrVe8vnkiFv7q2vYv3w,El Mundo,2026-05-18T08:07:47+00:00,2.165301,9235,192,4264.995952,early
2026-05-20T12:05:48.986097+00:00,7NeECqsR_u4,UCUyDOdBWhC1MCxEjC46d-zw,Alex Hormozi,2026-05-03T03:00:00+00:00,17.379039,133974,191,7708.941789,active
2026-05-20T12:05:48.986097+00:00,ftGShwwrJPY,UCwd8Byi93KbnsYmCcKLExvQ,Negocios TV,2026-05-16T02:30:32+00:00,4.399502,56021,191,12733.486654,early
2026-05-20T12:05:48.986097+00:00,jajWn21VGac,UCShHFwKyhcDo3g7hr4f1R8A,World Science Festival,2026-05-11T15:14:05+00:00,8.869259,18956,191,2137.269867,active
2026-05-20T12:05:48.986097+00:00,sSBzZcTrYiI,UCTv-XvfzLX3i4IGWAm4sbmA,LALIGA EA SPORTS,2026-05-15T08:00:52+00:00,5.170104,20737,191,4010.944461,early
2026-05-20T12:05:48.986097+00:00,BRDJpxAtGhc,UCTHaNTsP7hsVgBxARZTuajw,LUZU TV,2026-05-13T12:12:58+00:00,6.995035,18709,190,2674.611349,early
2026-05-20T12:05:48.986097+00:00,We7dB77LQAo,UCUsm-fannqOY02PNN67C0KA,NMás,2026-05-18T17:37:18+00:00,1.769803,1808,190,1021.582628,early
2026-05-20T12:05:48.986097+00:00,Stg00SxvvH8,UCsN32BtMd0IoByjJRNF12cw,60 Minutes,2026-05-18T17:23:49+00:00,1.779167,721,190,405.245826,early
2026-05-20T12:05:48.986097+00:00,v-8A4Ss00Og,UCeY0bbntWzzVIaj2z3QigXg,NBC News,2026-05-15T16:29:06+00:00,4.817164,15395,189,3195.86379,early
2026-05-20T12:05:48.986097+00:00,elRlfrkPp4I,UCiWLfSweyRNmLpgEHekhoAg,ESPN,2026-05-16T22:07:06+00:00,3.582442,7308,189,2039.949286,early
2026-05-20T12:05:48.986097+00:00,dI97DmsQwcc,UCFxHplbcoJK9m70c4VyTIxg,MILENIO,2026-05-16T20:00:19+00:00,3.670486,18138,189,4941.579943,early
2026-05-20T12:05:48.986097+00:00,d4oSVB2lw7E,UCWJ2lWNubArHWmf3FIHbfcQ,NBA,2026-05-14T19:23:17+00:00,5.696204,39282,188,6896.171556,early
2026-05-20T12:05:48.986097+00:00,GYZ78W1j6GI,UCWJ2lWNubArHWmf3FIHbfcQ,NBA,2026-05-12T15:27:49+00:00,7.859722,11880,188,1511.503842,active
2026-05-20T12:05:48.986097+00:00,EevFV2CiLQI,UCoLrcjPV5PbUrUyXq5mjc_A,MLB,2026-05-16T05:26:27+00:00,4.277338,13239,188,3095.149366,early
2026-05-20T12:05:48.986097+00:00,Tnld96o9sN8,UCTv-XvfzLX3i4IGWAm4sbmA,LALIGA EA SPORTS,2026-05-14T20:20:58+00:00,5.656146,18737,188,3312.679694,early
2026-05-20T12:05:48.986097+00:00,KAb0OX3u7Bc,UCz8QaiQxApLq8sLNcszYyJw,Firstpost,2026-05-17T12:11:27+00:00,2.996088,14180,188,4732.838288,early
2026-05-20T12:05:48.986097+00:00,ZVM2UUcVdKo,UCupvZG-5ko_eiXAupbDfxWw,CNN,2026-05-15T20:36:05+00:00,4.645648,26158,187,5630.646145,early
2026-05-20T12:05:48.986097+00:00,oLINOmLMhpE,UCBi2mrWuNuyYy4gbM6fU18Q,ABC News,2026-05-15T00:32:26+00:00,5.481516,23859,186,4352.627996,early
2026-05-20T12:05:48.986097+00:00,O6HV8OknY9Q,UClLLRs_mFTsNT5U-DqTYAGg,La Vanguardia,2026-05-17T15:11:37+00:00,2.870972,4168,186,1451.773128,early
2026-05-20T12:05:48.986097+00:00,KJoXBo8h97o,UCUP6qv-_EIL0hwTsJaKYnvw,Azteca Noticias,2026-05-16T05:38:55+00:00,4.26868,28605,186,6701.134777,early
2026-05-20T12:05:48.986097+00:00,fk4a69UZcfY,UC08mnbiC4FykqpHqbEWgFcg,ESPN Deportes,2026-05-12T14:30:11+00:00,7.899745,44584,186,5643.726475,active
2026-05-20T12:05:48.986097+00:00,Xnj_9HSOOg4,UCcHtke0raf8vNYLM1Hbq3Jw,Imagen Noticias,2026-05-19T06:01:47+00:00,1.252801,3723,186,2971.740923,early
2026-05-20T12:05:48.986097+00:00,B8hfH80p5FQ,UCcHtke0raf8vNYLM1Hbq3Jw,Imagen Noticias,2026-05-18T16:05:17+00:00,1.833704,530,186,289.032472,early
2026-05-20T12:05:48.986097+00:00,MKL0tk-3UM8,UCC552Sd-3nyi_tk2BudLUzA,AsapSCIENCE,2026-05-05T16:47:23+00:00,14.804467,56116,185,3790.477563,active
2026-05-20T12:05:48.986097+00:00,z1aIT-fzbhY,UCUyDOdBWhC1MCxEjC46d-zw,Alex Hormozi,2026-05-06T05:00:00+00:00,14.295706,44051,185,3081.414797,active
2026-05-20T12:05:48.986097+00:00,lrlIYdmVTL4,UC08mnbiC4FykqpHqbEWgFcg,ESPN Deportes,2026-05-16T19:00:12+00:00,3.712234,14789,185,3983.854466,early
2026-05-20T12:05:48.986097+00:00,AKfxFlriqhk,UCoMdktPbSTixAyNGwb-UYkQ,Sky News,2026-05-16T14:49:20+00:00,3.886447,23542,185,6057.460709,early
2026-05-20T12:05:48.986097+00:00,CzC98H-pq1E,UC08mnbiC4FykqpHqbEWgFcg,ESPN Deportes,2026-05-15T20:19:19+00:00,4.657292,21420,184,4599.239215,early
2026-05-20T12:05:48.986097+00:00,YNmVJTBM2YU,UCurvRE5fGcdUgCYWgh-BDsg,DAZN Boxing,2026-05-13T00:41:47+00:00,7.475023,29193,184,3905.406044,active
2026-05-20T12:05:48.986097+00:00,ZFeuxbxPbQI,UCiWLfSweyRNmLpgEHekhoAg,ESPN,2026-05-15T19:30:39+00:00,4.691088,11989,183,2555.697101,early
2026-05-20T12:05:48.986097+00:00,0aTei76B2ZA,UCz8QaiQxApLq8sLNcszYyJw,Firstpost,2026-05-15T18:17:10+00:00,4.742118,37170,182,7838.269735,early
2026-05-20T12:05:48.986097+00:00,Ju7MFjwjCvQ,UCUsm-fannqOY02PNN67C0KA,NMás,2026-05-18T19:46:46+00:00,1.679896,934,182,555.986799,early
2026-05-20T12:05:48.986097+00:00,5LEcvfe_Opc,UCsN32BtMd0IoByjJRNF12cw,60 Minutes,2026-05-18T17:23:30+00:00,1.779386,736,182,413.625824,early
2026-05-20T12:05:48.986097+00:00,SEO0i670Ltk,UCtT7zEoC9-HNyLYb8cYWoww,Ale Marin,2026-05-17T13:56:35+00:00,2.923079,1840,181,629.473237,early
2026-05-20T12:05:48.986097+00:00,6CyjL4X8e7g,UCDOSaJ0pnglwzfkR6fYbisA,Luis Mi Negocios,2026-05-05T16:22:27+00:00,14.821782,76285,180,5146.817029,active
2026-05-20T12:05:48.986097+00:00,3hPJd3tI1Wg,UCUP6qv-_EIL0hwTsJaKYnvw,Azteca Noticias,2026-05-15T23:26:09+00:00,4.527546,23907,180,5280.343921,early
2026-05-20T12:05:48.986097+00:00,ILd7Ln1vrac,UCtwslQPB_xJfaFuZv0OETNw,Kings League Spain,2026-05-17T15:53:36+00:00,2.841817,1846,180,649.584403,early
2026-05-20T12:05:48.986097+00:00,8rc2eBZ0uUI,UCurvRE5fGcdUgCYWgh-BDsg,DAZN Boxing,2026-05-16T18:21:44+00:00,3.738947,11613,180,3105.954698,early
2026-05-20T12:05:48.986097+00:00,IJxeZabWamo,UCnsvJeZO4RigQ898WdDNoBw,EL PAÍS,2026-05-17T18:00:15+00:00,2.753866,2775,179,1007.674302,early
2026-05-20T12:05:48.986097+00:00,LxvF0p8bzj8,UCGXbLrVe8vnkiFv7q2vYv3w,El Mundo,2026-05-13T09:18:04+00:00,7.116493,63999,179,8993.053179,active
2026-05-20T12:05:48.986097+00:00,AEyIODkxAuQ,UCUsm-fannqOY02PNN67C0KA,NMás,2026-05-16T20:54:20+00:00,3.632974,3828,179,1053.68219,early
2026-05-20T12:05:48.986097+00:00,uD8ZEKybu5A,UCWJ2lWNubArHWmf3FIHbfcQ,NBA,2026-05-13T19:56:24+00:00,6.673206,134269,179,20120.61369,early
2026-05-20T12:05:48.986097+00:00,viQoUJJEGzE,UCtwslQPB_xJfaFuZv0OETNw,Kings League Spain,2026-05-14T10:44:26+00:00,6.056516,15581,179,2572.601146,early
2026-05-20T12:05:48.986097+00:00,65GVoy3z6S4,UC52X5wxOL_s5yw0dQk7NtgA,Associated Press,2026-05-18T04:30:38+00:00,2.316099,4393,179,1896.723758,early
2026-05-20T12:05:48.986097+00:00,Ih-N_2sNBiU,UCGXbLrVe8vnkiFv7q2vYv3w,El Mundo,2026-05-17T11:10:18+00:00,3.038553,12662,178,4167.115071,early
2026-05-20T12:05:48.986097+00:00,nFOB_MePg2w,UCvgfXK4nTYKudb0rFR6noLA,UFC,2026-05-15T20:23:43+00:00,4.654236,20093,178,4317.142491,early
2026-05-20T12:05:48.986097+00:00,GejJVbrir_Y,UCTrQ7HXWRRxr7OsOtodr2_w,Channel 4 News,2026-05-11T11:59:05+00:00,9.004676,54738,178,6078.841704,active
2026-05-20T12:05:48.986097+00:00,IkPeEiPm8YE,UCNye-wNBqNL5ZzHSJj3l8Bg,Al Jazeera English,2026-05-15T17:57:31+00:00,4.755764,9779,177,2056.241647,early
2026-05-20T12:05:48.986097+00:00,CSx9zOjFn_g,UCtT7zEoC9-HNyLYb8cYWoww,Ale Marin,2026-05-18T16:30:05+00:00,1.816481,992,177,546.110859,early
2026-05-20T12:05:48.986097+00:00,kL9Evy2W-no,UCUBIrDsIVzRpKsClMlSlTpQ,BBC News Mundo,2026-05-13T11:32:36+00:00,7.023067,21690,176,3088.394287,active
2026-05-20T12:05:48.986097+00:00,C6p-UH3QqI4,UCiWLfSweyRNmLpgEHekhoAg,ESPN,2026-05-16T21:13:26+00:00,3.61971,12757,176,3524.315484,early
2026-05-20T12:05:48.986097+00:00,TCkGzHrGAOs,UCiWLfSweyRNmLpgEHekhoAg,ESPN,2026-05-16T13:14:00+00:00,3.95265,13226,176,3346.109572,early
2026-05-20T12:05:48.986097+00:00,pw9A10pI8js,UCtwslQPB_xJfaFuZv0OETNw,Kings League Spain,2026-05-12T18:32:07+00:00,7.731736,6357,176,822.195688,active
2026-05-20T12:05:48.986097+00:00,hj8313PoiGg,UCnsvJeZO4RigQ898WdDNoBw,EL PAÍS,2026-05-18T04:00:39+00:00,2.336921,1827,176,781.79793,early
2026-05-20T12:05:48.986097+00:00,1TVicDO5zGs,UCz8QaiQxApLq8sLNcszYyJw,Firstpost,2026-05-17T13:45:01+00:00,2.931111,4858,175,1657.392026,early
2026-05-20T12:05:48.986097+00:00,q1DzZiQP2FI,UC52X5wxOL_s5yw0dQk7NtgA,Associated Press,2026-05-16T15:16:09+00:00,3.867824,4769,174,1232.993021,early
2026-05-20T12:05:48.986097+00:00,i9a5YvpbJmI,UC52X5wxOL_s5yw0dQk7NtgA,Associated Press,2026-05-15T22:31:58+00:00,4.565173,4022,174,881.018091,early
2026-05-20T12:05:48.986097+00:00,6Xwr8eraypk,UCsN32BtMd0IoByjJRNF12cw,60 Minutes,2026-05-18T17:22:16+00:00,1.780243,3270,174,1836.827894,early
2026-05-20T12:05:48.986097+00:00,Mjin58WQTUI,UCUyDOdBWhC1MCxEjC46d-zw,Alex Hormozi,2026-05-09T11:00:07+00:00,11.045625,32876,173,2976.382052,active
2026-05-20T12:05:48.986097+00:00,Jn0vNECfMfc,UCF0L4jd9LcSIxsj5gKITMqQ,Jaime Higuera,2026-05-12T18:00:14+00:00,7.753877,18553,173,2392.738497,active
2026-05-20T12:05:48.986097+00:00,gRKhAPSle7E,UCtT7zEoC9-HNyLYb8cYWoww,Ale Marin,2026-05-17T16:30:20+00:00,2.816308,1788,173,634.873743,early
2026-05-20T12:05:48.986097+00:00,MS4L0Jtfyx4,UCupvZG-5ko_eiXAupbDfxWw,CNN,2026-05-13T14:54:02+00:00,6.883183,22387,173,3252.419702,early
2026-05-20T12:05:48.986097+00:00,0QyqvS8KHvQ,UC-2hhqBG5Su7s91_HmhaODQ,Fox Deportes,2026-05-14T07:53:12+00:00,6.175428,48703,173,7886.578874,early
2026-05-20T12:05:48.986097+00:00,fWVC6E2MMUA,UCUsm-fannqOY02PNN67C0KA,NMás,2026-05-18T21:18:08+00:00,1.616447,4666,173,2886.577784,early
2026-05-20T12:05:48.986097+00:00,bRSu4uJm27Q,UCUsm-fannqOY02PNN67C0KA,NMás,2026-05-18T16:43:08+00:00,1.807419,16353,173,9047.708362,early
2026-05-20T12:05:48.986097+00:00,zj8-a7169WA,UCWJ2lWNubArHWmf3FIHbfcQ,NBA,2026-05-12T15:28:50+00:00,7.859016,7294,172,928.106012,active
2026-05-20T12:05:48.986097+00:00,1_aeP7nOxkc,UC-2hhqBG5Su7s91_HmhaODQ,Fox Deportes,2026-05-18T06:51:33+00:00,2.218241,4589,172,2068.75628,early
2026-05-20T12:05:48.986097+00:00,skC7As3nSvE,UCl5-lvQyfILb-l2abPk4Ntg,Inteligencia Artificial,2026-05-18T14:47:42+00:00,1.887581,1479,172,783.542534,early
2026-05-20T12:05:48.986097+00:00,BOmoHEqPhy0,UCok_yhjwg4WSx3s_2Yh8ZjQ,Topes de Gama,2026-05-13T12:00:30+00:00,7.003692,15568,171,2222.827617,active
2026-05-20T12:05:48.986097+00:00,IaAQseFTW14,UCTv-XvfzLX3i4IGWAm4sbmA,LALIGA EA SPORTS,2026-05-15T20:00:14+00:00,4.670544,21695,171,4645.069183,early
2026-05-20T12:05:48.986097+00:00,AMlj2Fe8V04,UCNye-wNBqNL5ZzHSJj3l8Bg,Al Jazeera English,2026-05-13T17:07:11+00:00,6.790717,14779,171,2176.353395,early
2026-05-20T12:05:48.986097+00:00,Ju0usucry_g,UCmE44gpkHmf5bKIVTPSwxnQ,Judith Tiral,2026-04-28T17:30:10+00:00,21.774757,23549,170,1081.481644,active
2026-05-20T12:05:48.986097+00:00,Y_FN-dx8J2M,UCF0L4jd9LcSIxsj5gKITMqQ,Jaime Higuera,2026-05-10T18:33:14+00:00,9.73096,15516,170,1594.498385,active
2026-05-20T12:05:48.986097+00:00,7S0UlVGWcOg,UC16niRr50-MSBwiO3YDb3RA,BBC News,2026-05-11T21:30:01+00:00,8.608194,41168,170,4782.420099,active
2026-05-20T12:05:48.986097+00:00,7U_BvK3C_IY,UCWJ2lWNubArHWmf3FIHbfcQ,NBA,2026-05-16T03:02:27+00:00,4.377338,70911,170,16199.57152,early
2026-05-20T12:05:48.986097+00:00,LO-ucNRgZww,UC08mnbiC4FykqpHqbEWgFcg,ESPN Deportes,2026-05-14T20:32:28+00:00,5.64816,10065,170,1781.996261,early
2026-05-20T12:05:48.986097+00:00,PGobycnOawQ,UCNye-wNBqNL5ZzHSJj3l8Bg,Al Jazeera English,2026-05-17T05:05:39+00:00,3.291782,6223,170,1890.465407,early
2026-05-20T12:05:48.986097+00:00,x5eZCuCoJpU,UCeY0bbntWzzVIaj2z3QigXg,NBC News,2026-05-16T21:32:42+00:00,3.606331,7497,169,2078.844122,early
2026-05-20T12:05:48.986097+00:00,7DqXXtbjttY,UCUP6qv-_EIL0hwTsJaKYnvw,Azteca Noticias,2026-05-15T00:50:01+00:00,5.469305,24790,169,4532.56858,early
2026-05-20T12:05:48.986097+00:00,BUCCpohvF-4,UChqUTb7kYRX8-EiaN3XFrSQ,Reuters,2026-05-15T16:41:07+00:00,4.808819,17695,169,3679.697655,early
2026-05-20T12:05:48.986097+00:00,jbDrvrIDDUI,UCz8QaiQxApLq8sLNcszYyJw,Firstpost,2026-05-16T09:40:05+00:00,4.101204,21207,169,5170.920539,early
2026-05-20T12:05:48.986097+00:00,kWe83tMofGk,UCEAZeUIeJs0IjQiqTCdVSIg,Yahoo Finance,2026-05-14T23:30:06+00:00,5.524803,19172,168,3470.168982,early
2026-05-20T12:05:48.986097+00:00,TSTQhCMR9gQ,UCz8QaiQxApLq8sLNcszYyJw,Firstpost,2026-05-17T14:40:19+00:00,2.892708,4928,168,1703.594003,early
2026-05-20T12:05:48.986097+00:00,MxaIP40tPCQ,UC8butISFwT-Wl7EV0hUK0BQ,freeCodeCamp.org,2026-05-16T12:32:22+00:00,3.981562,1927,167,483.98091,early
2026-05-20T12:05:48.986097+00:00,SgExLkT6CMU,UChqUTb7kYRX8-EiaN3XFrSQ,Reuters,2026-05-17T19:00:30+00:00,2.712025,3435,167,1266.581245,early
2026-05-20T12:05:48.986097+00:00,o5bB8qKogck,UCtwslQPB_xJfaFuZv0OETNw,Kings League Spain,2026-05-17T16:32:54+00:00,2.814525,2142,167,761.052043,early
2026-05-20T12:05:48.986097+00:00,GXadFOFm9JA,UC52X5wxOL_s5yw0dQk7NtgA,Associated Press,2026-05-18T02:22:04+00:00,2.405382,2163,167,899.233469,early
2026-05-20T12:05:48.986097+00:00,AxM96v9ZCzI,UC36xmz34q02JYaZYKrMwXng,Nate Gentile,2026-04-23T16:48:57+00:00,26.803379,71965,166,2684.922673,active
2026-05-20T12:05:48.986097+00:00,zCP2QIdCNUE,UCV6KDgJskWaEckne5aPA0aQ,Graham Stephan,2026-05-11T16:01:27+00:00,8.836366,92799,166,10501.941635,active
2026-05-20T12:05:48.986097+00:00,-dsiGoGAQ6M,UCcHtke0raf8vNYLM1Hbq3Jw,Imagen Noticias,2026-05-14T23:00:02+00:00,5.545683,7000,166,1262.243082,early
2026-05-20T12:05:48.986097+00:00,DxDWgNoKZh8,UCoLrcjPV5PbUrUyXq5mjc_A,MLB,2026-05-12T14:55:37+00:00,7.882083,20465,165,2596.394887,active
2026-05-20T12:05:48.986097+00:00,BuKu3bf4MbI,UCNye-wNBqNL5ZzHSJj3l8Bg,Al Jazeera English,2026-05-15T17:51:41+00:00,4.759815,16196,165,3402.653254,early
2026-05-20T12:05:48.986097+00:00,leoajQ12Dl0,UClLLRs_mFTsNT5U-DqTYAGg,La Vanguardia,2026-05-16T19:01:05+00:00,3.71162,7322,164,1972.723501,early
2026-05-20T12:05:48.986097+00:00,dFFcJBHuRcQ,UCUyDOdBWhC1MCxEjC46d-zw,Alex Hormozi,2026-05-11T07:00:22+00:00,9.212118,38936,163,4226.606737,active
2026-05-20T12:05:48.986097+00:00,dsNU9g3gx-4,UCafNntv_qTQB26AvbEQNHPw,Aristegui Noticias,2026-05-14T16:34:41+00:00,5.813287,6132,162,1054.824921,early
2026-05-20T12:05:48.986097+00:00,9L9Mm5wkbLY,UCUP6qv-_EIL0hwTsJaKYnvw,Azteca Noticias,2026-05-16T15:25:09+00:00,3.861574,32960,162,8535.379615,early
2026-05-20T12:05:48.986097+00:00,h1dHAGfrUOY,UCNye-wNBqNL5ZzHSJj3l8Bg,Al Jazeera English,2026-05-17T13:23:40+00:00,2.945937,10117,162,3434.221438,early
2026-05-20T12:05:48.986097+00:00,Z3uI73RI_Bs,UCtwslQPB_xJfaFuZv0OETNw,Kings League Spain,2026-05-13T18:12:48+00:00,6.74515,12771,162,1893.360415,early
2026-05-20T12:05:48.986097+00:00,4RzUdZT6jX8,UC8p1vwvWtl6T73JiExfWs1g,CBS News,2026-05-14T03:43:11+00:00,6.349051,13250,161,2086.926062,early
2026-05-20T12:05:48.986097+00:00,E64wQYMR2SQ,UChqUTb7kYRX8-EiaN3XFrSQ,Reuters,2026-05-16T22:28:43+00:00,3.56743,23679,161,6637.551403,early
2026-05-20T12:05:48.986097+00:00,6DCFwza9r_k,UCz8QaiQxApLq8sLNcszYyJw,Firstpost,2026-05-15T18:39:09+00:00,4.726852,43239,161,9147.525668,early
2026-05-20T12:05:48.986097+00:00,GzBgWy2J8R4,UC52X5wxOL_s5yw0dQk7NtgA,Associated Press,2026-05-18T21:49:13+00:00,1.594861,1164,161,729.844168,early
2026-05-20T12:05:48.986097+00:00,KMAfsTjr92U,UCupvZG-5ko_eiXAupbDfxWw,CNN,2026-05-14T18:39:12+00:00,5.726817,36810,160,6427.654315,early
2026-05-20T12:05:48.986097+00:00,z8h0msE5m_A,UCtwslQPB_xJfaFuZv0OETNw,Kings League Spain,2026-05-16T09:55:37+00:00,4.090417,11990,160,2931.241485,early
2026-05-20T12:05:48.986097+00:00,O2VZerwPexA,UC-2hhqBG5Su7s91_HmhaODQ,Fox Deportes,2026-05-17T17:14:28+00:00,2.78566,897,159,322.006275,early
2026-05-20T12:05:48.986097+00:00,QmvF6lnIc6U,UC-2hhqBG5Su7s91_HmhaODQ,Fox Deportes,2026-05-17T07:24:59+00:00,3.195023,4851,159,1518.298929,early
2026-05-20T12:05:48.986097+00:00,C57cu_LQI7g,UClLLRs_mFTsNT5U-DqTYAGg,La Vanguardia,2026-05-18T09:45:13+00:00,2.097639,1070,158,510.097305,early
2026-05-20T12:05:48.986097+00:00,WPOhGVSPOyM,UCUyDOdBWhC1MCxEjC46d-zw,Alex Hormozi,2026-05-02T03:00:00+00:00,18.379039,92977,157,5058.860803,active
2026-05-20T12:05:48.986097+00:00,CbuwCRFt3Ck,UCWJ2lWNubArHWmf3FIHbfcQ,NBA,2026-05-14T02:33:35+00:00,6.397384,28704,157,4486.833993,early
2026-05-20T12:05:48.986097+00:00,qURGXBnX_vU,UCWJ2lWNubArHWmf3FIHbfcQ,NBA,2026-05-13T00:44:49+00:00,7.472917,25761,157,3447.248243,active
2026-05-20T12:05:48.986097+00:00,0J7DaC-4N9w,UCiWLfSweyRNmLpgEHekhoAg,ESPN,2026-05-16T21:56:45+00:00,3.589629,4690,157,1306.541707,early
2026-05-20T12:05:48.986097+00:00,jWrWManN6O4,UC52X5wxOL_s5yw0dQk7NtgA,Associated Press,2026-05-14T16:37:17+00:00,5.811481,22401,157,3854.611243,early
2026-05-20T12:05:48.986097+00:00,FKGxGyuIbag,UCtwslQPB_xJfaFuZv0OETNw,Kings League Spain,2026-05-17T13:05:32+00:00,2.95853,2268,157,766.596925,early
2026-05-20T12:05:48.986097+00:00,avaxv1F46oI,UCnsvJeZO4RigQ898WdDNoBw,EL PAÍS,2026-05-17T20:20:53+00:00,2.656204,1433,156,539.491696,early
2026-05-20T12:05:48.986097+00:00,_heXeezRnbc,UCM-GvgUy0EAZU7ZwXKLarkg,López-Dóriga,2026-05-12T16:02:09+00:00,7.835879,82920,156,10582.09296,active
2026-05-20T12:05:48.986097+00:00,7kBSqoFC2wo,UCUP6qv-_EIL0hwTsJaKYnvw,Azteca Noticias,2026-05-14T01:30:12+00:00,6.4414,71393,156,11083.460117,early
2026-05-20T12:05:48.986097+00:00,pUbyqNTt2AY,UC04FyDIvYXNecpbG8gyOw4A,Meta,2026-05-16T16:00:30+00:00,3.837025,1576,156,410.734879,early
2026-05-20T12:05:48.986097+00:00,MFD4aBT-RCc,UCTv-XvfzLX3i4IGWAm4sbmA,LALIGA EA SPORTS,2026-05-14T14:09:20+00:00,5.914224,25163,155,4254.657923,early
2026-05-20T12:05:48.986097+00:00,KtBXs4ybCEk,UCcHtke0raf8vNYLM1Hbq3Jw,Imagen Noticias,2026-05-18T23:40:22+00:00,1.517673,743,155,489.565275,early
2026-05-20T12:05:48.986097+00:00,CsVmFVJ3nes,UCTv-XvfzLX3i4IGWAm4sbmA,LALIGA EA SPORTS,2026-05-14T16:00:31+00:00,5.837014,16575,154,2839.636842,early
2026-05-20T12:05:48.986097+00:00,vwuExgYocDU,UCTv-XvfzLX3i4IGWAm4sbmA,LALIGA EA SPORTS,2026-05-13T17:42:43+00:00,6.766042,21946,154,3243.550661,early
2026-05-20T12:05:48.986097+00:00,dWwtJiMxT_E,UCiWLfSweyRNmLpgEHekhoAg,ESPN,2026-05-17T15:40:02+00:00,2.851238,16521,154,5794.325132,early
2026-05-20T12:05:48.986097+00:00,j96BZJhrCkw,UCcHtke0raf8vNYLM1Hbq3Jw,Imagen Noticias,2026-05-18T21:27:08+00:00,1.610197,4075,154,2530.746238,early
2026-05-20T12:05:48.986097+00:00,DCuuxbGvPb4,UC8p1vwvWtl6T73JiExfWs1g,CBS News,2026-05-15T02:01:42+00:00,5.419525,19288,153,3558.98349,early
2026-05-20T12:05:48.986097+00:00,NoC1TavyuoQ,UCFxHplbcoJK9m70c4VyTIxg,MILENIO,2026-05-16T01:00:19+00:00,4.462153,15323,153,3433.992514,early
2026-05-20T12:05:48.986097+00:00,Baj2u_urqFA,UCtwslQPB_xJfaFuZv0OETNw,Kings League Spain,2026-05-17T14:30:23+00:00,2.899606,2674,153,922.194257,early
2026-05-20T12:05:48.986097+00:00,TkUMv49PcH4,UCGXbLrVe8vnkiFv7q2vYv3w,El Mundo,2026-05-18T13:01:49+00:00,1.961111,2372,153,1209.518482,early
2026-05-20T12:05:48.986097+00:00,n16KlvFN28c,UCdNnEDbRWhanA1O8zhCn3ZA,Omar - Educación Financiera,2026-04-21T18:51:29+00:00,28.718287,23846,152,830.342005,active
2026-05-20T12:05:48.986097+00:00,465Vc9I4fvc,UC2UXDak6o7rBm23k3Vv5dww,Tina Huang,2026-05-04T15:00:08+00:00,15.878947,33476,152,2108.200248,active
2026-05-20T12:05:48.986097+00:00,R54Iinz4OoQ,UCBi2mrWuNuyYy4gbM6fU18Q,ABC News,2026-05-14T01:15:05+00:00,6.451898,20671,152,3203.863421,early
2026-05-20T12:05:48.986097+00:00,6946Us_lwP0,UClLLRs_mFTsNT5U-DqTYAGg,La Vanguardia,2026-05-13T10:56:29+00:00,7.048148,41665,152,5911.481995,active
2026-05-20T12:05:48.986097+00:00,ZAK-bMr2k74,UCUP6qv-_EIL0hwTsJaKYnvw,Azteca Noticias,2026-05-13T04:03:07+00:00,7.335208,53425,152,7283.36538,active
2026-05-20T12:05:48.986097+00:00,HP5aDEBNAy0,UCurvRE5fGcdUgCYWgh-BDsg,DAZN Boxing,2026-05-15T14:21:35+00:00,4.905717,7768,152,1583.458646,early
2026-05-20T12:05:48.986097+00:00,g-7nUex4nVg,UC5PwIMtLiIBCBhsu8f_-6UQ,Santiago Bilinkis,2026-05-02T17:04:09+00:00,17.792824,38240,151,2149.181041,active
2026-05-20T12:05:48.986097+00:00,ECbBopO0KkE,UCEAZeUIeJs0IjQiqTCdVSIg,Yahoo Finance,2026-05-17T17:30:03+00:00,2.774838,1910,151,688.328472,early
2026-05-20T12:05:48.986097+00:00,zEQj945W5Ak,UCBi2mrWuNuyYy4gbM6fU18Q,ABC News,2026-05-14T19:26:41+00:00,5.693842,18371,151,3226.468174,early
2026-05-20T12:05:48.986097+00:00,b2yJJDKffNs,UCuFFtHWoLl5fauMMD5Ww2jA,CBC News,2026-05-14T17:44:17+00:00,5.764954,22461,151,3896.128226,early
2026-05-20T12:05:48.986097+00:00,aTaGe4ATLQ4,UCz8QaiQxApLq8sLNcszYyJw,Firstpost,2026-05-17T15:26:38+00:00,2.860544,7793,150,2724.306985,early
2026-05-20T12:05:48.986097+00:00,5Ssdp9d2esk,UCtwslQPB_xJfaFuZv0OETNw,Kings League Spain,2026-05-12T20:57:17+00:00,7.630926,4474,150,586.298439,active
2026-05-20T12:05:48.986097+00:00,S8G382NaZxI,UCnsvJeZO4RigQ898WdDNoBw,EL PAÍS,2026-05-17T12:50:22+00:00,2.969062,3701,149,1246.521629,early
2026-05-20T12:05:48.986097+00:00,wCmstpXd_-Y,UCUsm-fannqOY02PNN67C0KA,NMás,2026-05-15T06:00:42+00:00,5.253553,7515,149,1430.46049,early
2026-05-20T12:05:48.986097+00:00,4DfNM_LQolo,UCoLrcjPV5PbUrUyXq5mjc_A,MLB,2026-05-12T19:57:30+00:00,7.672442,10763,149,1402.81282,active
2026-05-20T12:05:48.986097+00:00,6tPBkkSRVD0,UC2iUwfYi_1FCGGqhOUNx-iA,ScreenRant,2026-05-11T21:00:07+00:00,8.628958,26454,149,3065.723579,active
2026-05-20T12:05:48.986097+00:00,bWU-7vA4W74,UChqUTb7kYRX8-EiaN3XFrSQ,Reuters,2026-05-15T04:08:00+00:00,5.331817,7784,149,1459.915072,early
2026-05-20T12:05:48.986097+00:00,_FcnGNJHVRk,UCTrQ7HXWRRxr7OsOtodr2_w,Channel 4 News,2026-05-13T13:21:52+00:00,6.947187,15061,149,2167.927825,early
2026-05-20T12:05:48.986097+00:00,8wjPN6Bvi-k,UCUyDOdBWhC1MCxEjC46d-zw,Alex Hormozi,2026-05-11T03:00:15+00:00,9.378866,47495,148,5064.045056,active
2026-05-20T12:05:48.986097+00:00,mWu8OYCnspA,UCEAZeUIeJs0IjQiqTCdVSIg,Yahoo Finance,2026-05-13T13:55:17+00:00,6.923981,65049,148,9394.739818,early
2026-05-20T12:05:48.986097+00:00,cxI8y0t6rGo,UCGXbLrVe8vnkiFv7q2vYv3w,El Mundo,2026-05-17T09:05:21+00:00,3.125324,4630,148,1481.446404,early
2026-05-20T12:05:48.986097+00:00,q6xP-YP7Yh0,UChqUTb7kYRX8-EiaN3XFrSQ,Reuters,2026-05-18T22:15:52+00:00,1.576354,1585,148,1005.484809,early
2026-05-20T12:05:48.986097+00:00,qqxUSCChbtc,UC16niRr50-MSBwiO3YDb3RA,BBC News,2026-05-13T11:11:02+00:00,7.038044,37952,147,5392.407322,active
2026-05-20T12:05:48.986097+00:00,AZXgFlX_bTU,UCUyDOdBWhC1MCxEjC46d-zw,Alex Hormozi,2026-05-07T09:00:00+00:00,13.129039,59508,146,4532.548041,active
2026-05-20T12:05:48.986097+00:00,RF2keUa9qm4,UCupvZG-5ko_eiXAupbDfxWw,CNN,2026-05-11T17:01:45+00:00,8.794491,55871,146,6352.954367,active
2026-05-20T12:05:48.986097+00:00,r71TUY8djGw,UCTv-XvfzLX3i4IGWAm4sbmA,LALIGA EA SPORTS,2026-05-13T19:00:03+00:00,6.712338,24513,146,3651.931711,early
2026-05-20T12:05:48.986097+00:00,LFmXa8d4-mc,UCtwslQPB_xJfaFuZv0OETNw,Kings League Spain,2026-05-15T10:13:35+00:00,5.07794,6470,146,1274.138726,early
2026-05-20T12:05:48.986097+00:00,MhRP249Yono,UCl5-lvQyfILb-l2abPk4Ntg,Inteligencia Artificial,2026-05-18T10:13:41+00:00,2.07787,1974,145,950.01131,early
2026-05-20T12:05:48.986097+00:00,iowRMNUU9QQ,UCUyDOdBWhC1MCxEjC46d-zw,Alex Hormozi,2026-05-08T15:00:00+00:00,11.879039,25639,144,2158.339576,active
2026-05-20T12:05:48.986097+00:00,4uNoRLpLud8,UC8butISFwT-Wl7EV0hUK0BQ,freeCodeCamp.org,2026-05-15T12:18:33+00:00,4.991157,3072,144,615.488553,early
2026-05-20T12:05:48.986097+00:00,ifHty728rY8,UCoLrcjPV5PbUrUyXq5mjc_A,MLB,2026-05-13T01:08:08+00:00,7.456724,51204,144,6866.822481,active
2026-05-20T12:05:48.986097+00:00,GtxsT_WOjPA,UCiWLfSweyRNmLpgEHekhoAg,ESPN,2026-05-13T14:37:24+00:00,6.894734,14500,144,2103.054302,early
2026-05-20T12:05:48.986097+00:00,P15chMoBLcc,UCNye-wNBqNL5ZzHSJj3l8Bg,Al Jazeera English,2026-05-17T12:59:45+00:00,2.962546,8410,144,2838.774487,early
2026-05-20T12:05:48.986097+00:00,Xs4b379POYU,UCGXbLrVe8vnkiFv7q2vYv3w,El Mundo,2026-05-18T13:30:28+00:00,1.941215,727,144,374.507718,early
2026-05-20T12:05:48.986097+00:00,ozuqNydq1-g,UCcHtke0raf8vNYLM1Hbq3Jw,Imagen Noticias,2026-05-16T05:52:59+00:00,4.258912,9247,143,2171.211802,early
2026-05-20T12:05:48.986097+00:00,vAhxbXIp0Xk,UCWJ2lWNubArHWmf3FIHbfcQ,NBA,2026-05-14T02:14:40+00:00,6.410521,24288,143,3788.771615,early
2026-05-20T12:05:48.986097+00:00,gwyPy30tvik,UCoLrcjPV5PbUrUyXq5mjc_A,MLB,2026-05-14T22:00:34+00:00,5.586979,21594,143,3865.058379,early
2026-05-20T12:05:48.986097+00:00,4iXwPD-VHyg,UCoOae5nYA7VqaXzerajD0lg,Ali Abdaal,2026-05-02T10:00:13+00:00,18.087222,83060,142,4592.192212,active
2026-05-20T12:05:48.986097+00:00,N9qCJuvQh98,UCurvRE5fGcdUgCYWgh-BDsg,DAZN Boxing,2026-05-12T10:35:57+00:00,8.062407,23120,142,2867.629977,active
2026-05-20T12:05:48.986097+00:00,N5_8SpjKN-c,UCUsm-fannqOY02PNN67C0KA,NMás,2026-05-17T23:31:47+00:00,2.523634,3190,141,1264.050175,early
2026-05-20T12:05:48.986097+00:00,3DnhhNSztJk,UCTv-XvfzLX3i4IGWAm4sbmA,LALIGA EA SPORTS,2026-05-13T18:40:31+00:00,6.725903,15463,141,2299.022154,early
2026-05-20T12:05:48.986097+00:00,yT26VxKXLng,UChqUTb7kYRX8-EiaN3XFrSQ,Reuters,2026-05-15T16:12:03+00:00,4.829004,9951,141,2060.673381,early
2026-05-20T12:05:48.986097+00:00,BCbgNsd8JGA,UCnsvJeZO4RigQ898WdDNoBw,EL PAÍS,2026-05-17T22:06:58+00:00,2.582535,1884,140,729.515766,early
2026-05-20T12:05:48.986097+00:00,tiZ0GZC0VOI,UCUsm-fannqOY02PNN67C0KA,NMás,2026-05-17T17:07:04+00:00,2.790798,8269,140,2962.951815,early
2026-05-20T12:05:48.986097+00:00,LczVQ7impeY,UCM-GvgUy0EAZU7ZwXKLarkg,López-Dóriga,2026-05-15T02:41:17+00:00,5.392037,22099,140,4098.451105,early
2026-05-20T12:05:48.986097+00:00,sJTG7Bs8V4g,UCNye-wNBqNL5ZzHSJj3l8Bg,Al Jazeera English,2026-05-16T01:53:54+00:00,4.424942,19134,140,4324.124474,early
2026-05-20T12:05:48.986097+00:00,nvzrL7MZ6FQ,UCF0L4jd9LcSIxsj5gKITMqQ,Jaime Higuera,2026-05-07T21:50:01+00:00,12.594305,29117,139,2311.917966,active
2026-05-20T12:05:48.986097+00:00,F8skgrWg7D4,UCpEhnqL0y41EpW2TvWAHD7Q,SET India,2026-05-13T17:30:06+00:00,6.774803,15384,139,2270.767135,early
2026-05-20T12:05:48.986097+00:00,xZ09qgrrk_I,UCWJ2lWNubArHWmf3FIHbfcQ,NBA,2026-05-11T17:25:50+00:00,8.777766,45709,139,5207.361417,active
2026-05-20T12:05:48.986097+00:00,lq3jLTh_Ijw,UCiWLfSweyRNmLpgEHekhoAg,ESPN,2026-05-15T21:00:27+00:00,4.628727,28947,139,6253.771285,early
2026-05-20T12:05:48.986097+00:00,x3nF275ownA,UCknLrEdhRCp1aegoMqRaCZg,DW News,2026-05-14T15:01:33+00:00,5.877963,13100,139,2228.663229,early
2026-05-20T12:05:48.986097+00:00,UTWcyTJJxxI,UCUP6qv-_EIL0hwTsJaKYnvw,Azteca Noticias,2026-05-15T20:18:37+00:00,4.657778,27065,138,5810.710601,early
2026-05-20T12:05:48.986097+00:00,HjeQVWLRf-8,UCWJ2lWNubArHWmf3FIHbfcQ,NBA,2026-05-13T02:29:03+00:00,7.400532,188313,138,25445.873351,active
2026-05-20T12:05:48.986097+00:00,C9c-7942_WY,UCWJ2lWNubArHWmf3FIHbfcQ,NBA,2026-05-12T15:26:21+00:00,7.860741,11530,138,1466.782839,active
2026-05-20T12:05:48.986097+00:00,qCuAkSYd1A4,UC52X5wxOL_s5yw0dQk7NtgA,Associated Press,2026-05-16T16:09:20+00:00,3.830891,18576,138,4849.002491,early
2026-05-20T12:05:48.986097+00:00,ziggUcuKHO8,UC4JX40jDee_tINbkjycV4Sg,Tech With Tim,2026-05-12T16:01:36+00:00,7.836261,20544,137,2621.658467,active
2026-05-20T12:05:48.986097+00:00,I2n3Z04hvVo,UCok_yhjwg4WSx3s_2Yh8ZjQ,Topes de Gama,2026-05-11T19:00:28+00:00,8.712048,22301,137,2559.788468,active
2026-05-20T12:05:48.986097+00:00,yUUJvTAMRj8,UC52X5wxOL_s5yw0dQk7NtgA,Associated Press,2026-05-16T03:05:04+00:00,4.375521,11877,137,2714.419609,early
2026-05-20T12:05:48.986097+00:00,5v_Ql-PEDik,UCUBIrDsIVzRpKsClMlSlTpQ,BBC News Mundo,2026-05-12T13:52:01+00:00,7.92625,17888,136,2256.80492,active
2026-05-20T12:05:48.986097+00:00,t8TRzT65G-k,UCUsm-fannqOY02PNN67C0KA,NMás,2026-05-16T00:01:02+00:00,4.503322,14182,136,3149.230723,early
2026-05-20T12:05:48.986097+00:00,HKOldosFBgQ,UCtwslQPB_xJfaFuZv0OETNw,Kings League Spain,2026-05-12T20:32:00+00:00,7.648484,5428,136,709.683122,active
2026-05-20T12:05:48.986097+00:00,gK2i2CAMog0,UCz8QaiQxApLq8sLNcszYyJw,Firstpost,2026-05-18T06:03:16+00:00,2.251771,3754,136,1667.132226,early
2026-05-20T12:05:48.986097+00:00,EdGVGAIm4LU,UCUBIrDsIVzRpKsClMlSlTpQ,BBC News Mundo,2026-05-11T11:21:30+00:00,9.030775,15781,135,1747.469071,active
2026-05-20T12:05:48.986097+00:00,JlFYhsRxlFc,UCUP6qv-_EIL0hwTsJaKYnvw,Azteca Noticias,2026-05-13T18:27:18+00:00,6.735081,88781,135,13181.875615,early
2026-05-20T12:05:48.986097+00:00,vAlLR49RprM,UCWJ2lWNubArHWmf3FIHbfcQ,NBA,2026-05-14T01:35:03+00:00,6.438032,16342,135,2538.353335,early
2026-05-20T12:05:48.986097+00:00,psaIAxT_p2g,UChqUTb7kYRX8-EiaN3XFrSQ,Reuters,2026-05-15T06:58:25+00:00,5.213472,23613,135,4529.227356,early
2026-05-20T12:05:48.986097+00:00,-uu81xxqh8A,UCNye-wNBqNL5ZzHSJj3l8Bg,Al Jazeera English,2026-05-17T19:09:51+00:00,2.705532,4736,135,1750.48752,early
2026-05-20T12:05:48.986097+00:00,XCl8XOIu5qY,UCDK9qD5DAQML-pzrtA7A4oA,OfflineTV,2026-05-13T22:34:06+00:00,6.563692,560909,135,85456.325495,early
2026-05-20T12:05:48.986097+00:00,K2Att_JytpI,UCurvRE5fGcdUgCYWgh-BDsg,DAZN Boxing,2026-05-14T13:37:54+00:00,5.936053,9918,135,1670.807185,early
2026-05-20T12:05:48.986097+00:00,-fWUTi8u0_k,UCyJbb85EUgWjl38GcF236Jg,Eva Maria Beristain,2026-05-05T19:18:10+00:00,14.699757,80999,134,5510.227142,active
2026-05-20T12:05:48.986097+00:00,3G-ULH8mA6M,UCGXbLrVe8vnkiFv7q2vYv3w,El Mundo,2026-05-18T09:26:46+00:00,2.110451,949,134,449.66692,early
2026-05-20T12:05:48.986097+00:00,2zuTin_FP5Y,UCGXbLrVe8vnkiFv7q2vYv3w,El Mundo,2026-05-14T19:56:15+00:00,5.67331,8776,133,1546.892379,early
2026-05-20T12:05:48.986097+00:00,TfNVbwvSgow,UCWJ2lWNubArHWmf3FIHbfcQ,NBA,2026-05-14T03:02:56+00:00,6.377002,85500,133,13407.554208,early
2026-05-20T12:05:48.986097+00:00,d63DWScyfCw,UCWJ2lWNubArHWmf3FIHbfcQ,NBA,2026-05-13T01:00:39+00:00,7.461921,13992,133,1875.120361,active
2026-05-20T12:05:48.986097+00:00,Jz92sF87dkE,UCiWLfSweyRNmLpgEHekhoAg,ESPN,2026-05-15T20:00:24+00:00,4.670428,19910,133,4262.992599,early
2026-05-20T12:05:48.986097+00:00,Ug2AkoFaTRA,UC6ZFN9Tx6xh-skXCuRHCDpQ,PBS NewsHour,2026-05-11T19:18:39+00:00,8.699421,13116,133,1507.686546,active
2026-05-20T12:05:48.986097+00:00,KMkhCLpLSkk,UCFxHplbcoJK9m70c4VyTIxg,MILENIO,2026-05-16T02:00:14+00:00,4.420544,23977,133,5423.993065,early
2026-05-20T12:05:48.986097+00:00,lxRJpsidN4U,UCEQXxiYxNZbym9Fad7-n2Lg,Doctor Fisión,2026-05-05T16:30:18+00:00,14.816331,24755,132,1670.791507,active
2026-05-20T12:05:48.986097+00:00,DKw61MdyASM,UClLLRs_mFTsNT5U-DqTYAGg,La Vanguardia,2026-05-13T10:44:57+00:00,7.056157,11793,132,1671.30635,active
2026-05-20T12:05:48.986097+00:00,UXjB6q1dTRE,UCUyDOdBWhC1MCxEjC46d-zw,Alex Hormozi,2026-05-09T09:00:19+00:00,11.128819,24882,131,2235.816756,active
2026-05-20T12:05:48.986097+00:00,NVoMW0E6niE,UCWJ2lWNubArHWmf3FIHbfcQ,NBA,2026-05-12T15:28:11+00:00,7.859467,6124,131,779.187698,active
2026-05-20T12:05:48.986097+00:00,qyoEMRTmKHw,UCGXbLrVe8vnkiFv7q2vYv3w,El Mundo,2026-05-14T07:12:43+00:00,6.203542,41736,130,6727.769394,early
2026-05-20T12:05:48.986097+00:00,0tpV2OTr2ig,UCNye-wNBqNL5ZzHSJj3l8Bg,Al Jazeera English,2026-05-17T16:28:14+00:00,2.817766,3017,130,1070.706368,early
2026-05-20T12:05:48.986097+00:00,wS9vA-THd90,UCwd8Byi93KbnsYmCcKLExvQ,Negocios TV,2026-05-18T19:30:12+00:00,1.6914,961,130,568.168381,early
2026-05-20T12:05:48.986097+00:00,e1welFo4c_U,UCiWLfSweyRNmLpgEHekhoAg,ESPN,2026-05-14T14:30:03+00:00,5.899838,18800,129,3186.528172,early
2026-05-20T12:05:48.986097+00:00,4ZK7Ms4IZ7g,UCoOae5nYA7VqaXzerajD0lg,Ali Abdaal,2026-04-27T12:03:26+00:00,23.001655,31291,128,1360.380373,active
2026-05-20T12:05:48.986097+00:00,0dlCWrqFoeM,UC2UXDak6o7rBm23k3Vv5dww,Tina Huang,2026-05-11T15:00:03+00:00,8.879004,14436,128,1625.858035,active
2026-05-20T12:05:48.986097+00:00,JXbzY02jMZQ,UCWn_0MmgojB711LFX-jaCDQ,El Rincón Del Dev,2026-05-16T17:46:53+00:00,3.763148,4291,128,1140.268732,early
2026-05-20T12:05:48.986097+00:00,rPAGWO3mtuE,UCmE44gpkHmf5bKIVTPSwxnQ,Judith Tiral,2026-05-05T17:01:12+00:00,14.794873,10365,127,700.580532,active
2026-05-20T12:05:48.986097+00:00,MVk5JDHD158,UCF0L4jd9LcSIxsj5gKITMqQ,Jaime Higuera,2026-05-16T18:37:33+00:00,3.727963,2509,127,673.021701,early
2026-05-20T12:05:48.986097+00:00,GHTFzage4OA,UCiWLfSweyRNmLpgEHekhoAg,ESPN,2026-05-15T15:00:07+00:00,4.878958,6754,127,1384.311978,early
2026-05-20T12:05:48.986097+00:00,VnAVetF8hRk,UCsN32BtMd0IoByjJRNF12cw,60 Minutes,2026-05-12T00:46:38+00:00,8.471655,17610,127,2078.696547,active
2026-05-20T12:05:48.986097+00:00,X3ducQN3XpE,UCGXbLrVe8vnkiFv7q2vYv3w,El Mundo,2026-05-15T12:33:10+00:00,4.981007,10934,126,2195.138453,early
2026-05-20T12:05:48.986097+00:00,bR5z6YqqtI0,UCUP6qv-_EIL0hwTsJaKYnvw,Azteca Noticias,2026-05-15T14:20:03+00:00,4.906782,11431,126,2329.632741,early
2026-05-20T12:05:48.986097+00:00,-Zm1Td53vmc,UCtwslQPB_xJfaFuZv0OETNw,Kings League Spain,2026-05-12T18:12:53+00:00,7.745092,3599,126,464.681375,active
2026-05-20T12:05:48.986097+00:00,jLoUxl8cVRk,UCwd8Byi93KbnsYmCcKLExvQ,Negocios TV,2026-05-18T19:00:27+00:00,1.71206,941,126,549.63027,early
2026-05-20T12:05:48.986097+00:00,Ocx5uE7vjIw,UC4FHiPgS1KXkUMx3dxBUtPg,HolaMundo,2026-05-07T14:00:38+00:00,12.920266,12911,125,999.282832,active
2026-05-20T12:05:48.986097+00:00,YIpzIncVwv4,UCl5-lvQyfILb-l2abPk4Ntg,Inteligencia Artificial,2026-05-15T11:57:30+00:00,5.005775,5906,125,1179.837288,early
2026-05-20T12:05:48.986097+00:00,SgycvJvndJk,UCTl3QQTvqHFjurroKxexy2Q,Olympics,2026-05-14T11:59:21+00:00,6.004491,42332,125,7050.056366,early
2026-05-20T12:05:48.986097+00:00,Jv-f6_OkxoQ,UChqUTb7kYRX8-EiaN3XFrSQ,Reuters,2026-05-14T01:58:51+00:00,6.421504,23557,125,3668.45524,early
2026-05-20T12:05:48.986097+00:00,Hp69v1ptx7s,UCTrQ7HXWRRxr7OsOtodr2_w,Channel 4 News,2026-05-13T11:44:07+00:00,7.015069,16347,125,2330.26931,active
2026-05-20T12:05:48.986097+00:00,AgZjLelxjLc,UCGXbLrVe8vnkiFv7q2vYv3w,El Mundo,2026-05-18T06:45:01+00:00,2.222778,5451,125,2452.336671,early
2026-05-20T12:05:48.986097+00:00,MyIJYM4kByU,UCxFACDJ98idvo9Gq9M9AQgg,Moris Dieck | Finanzas e Inversiones ,2026-05-15T01:00:29+00:00,5.462037,4453,124,815.26361,early
2026-05-20T12:05:48.986097+00:00,F_tQoH6nvtg,UC16niRr50-MSBwiO3YDb3RA,BBC News,2026-05-15T06:30:07+00:00,5.233125,20917,124,3997.038099,early
2026-05-20T12:05:48.986097+00:00,EV0kfAkgdis,UC16niRr50-MSBwiO3YDb3RA,BBC News,2026-05-14T22:15:01+00:00,5.576944,15453,124,2770.872363,early
2026-05-20T12:05:48.986097+00:00,kUUBn03qz3c,UCucNB6GOncGkTMB55ZrjYvg,Recetas de Esbieta,2026-05-11T04:17:14+00:00,9.325405,15568,124,1669.418111,active
2026-05-20T12:05:48.986097+00:00,ixewNxGsuTA,UCddn8dUxYdgJz3Qr5mjADtA,NutritionFacts.org,2026-05-15T16:01:08+00:00,4.836585,4421,124,914.074704,early
2026-05-20T12:05:48.986097+00:00,0qRuUNFIYYQ,UC52X5wxOL_s5yw0dQk7NtgA,Associated Press,2026-05-16T00:28:23+00:00,4.484329,18193,124,4057.017226,early
2026-05-20T12:05:48.986097+00:00,bEbSZKdf1yA,UCsN32BtMd0IoByjJRNF12cw,60 Minutes,2026-05-14T20:26:04+00:00,5.652604,14224,124,2516.36237,early
2026-05-20T12:05:48.986097+00:00,txFpPGBWc1I,UCurvRE5fGcdUgCYWgh-BDsg,DAZN Boxing,2026-05-14T15:30:35+00:00,5.857801,14782,124,2523.472545,early
2026-05-20T12:05:48.986097+00:00,yIFSmPdzh4k,UCcHtke0raf8vNYLM1Hbq3Jw,Imagen Noticias,2026-05-18T20:37:21+00:00,1.644768,759,124,461.463258,early
2026-05-20T12:05:48.986097+00:00,_7wkQHhLLaU,UCUyDOdBWhC1MCxEjC46d-zw,Alex Hormozi,2026-05-06T03:00:00+00:00,14.379039,76073,123,5290.548277,active
2026-05-20T12:05:48.986097+00:00,BYr9j1K8_ew,UCUP6qv-_EIL0hwTsJaKYnvw,Azteca Noticias,2026-05-13T17:40:32+00:00,6.767558,51949,123,7676.18098,early
2026-05-20T12:05:48.986097+00:00,L3o-kGWHKvw,UCWJ2lWNubArHWmf3FIHbfcQ,NBA,2026-05-13T00:43:12+00:00,7.474039,20780,123,2780.29055,active
2026-05-20T12:05:48.986097+00:00,mHvVH_x1q-A,UCiWLfSweyRNmLpgEHekhoAg,ESPN,2026-05-17T00:10:46+00:00,3.496562,21832,123,6243.847528,early
2026-05-20T12:05:48.986097+00:00,QBKROXCVGEg,UCiWLfSweyRNmLpgEHekhoAg,ESPN,2026-05-16T22:23:32+00:00,3.57103,6026,123,1687.468321,early
2026-05-20T12:05:48.986097+00:00,VyiUDDs4w1w,UCiWLfSweyRNmLpgEHekhoAg,ESPN,2026-05-15T15:47:30+00:00,4.846053,14459,123,2983.665263,early
2026-05-20T12:05:48.986097+00:00,_KJu2iWkjNU,UCsN32BtMd0IoByjJRNF12cw,60 Minutes,2026-05-15T20:42:25+00:00,4.64125,5598,123,1206.140587,early
2026-05-20T12:05:48.986097+00:00,5mKJxyVZ52U,UCUsm-fannqOY02PNN67C0KA,NMás,2026-05-17T21:00:04+00:00,2.628993,15852,122,6029.68513,early
2026-05-20T12:05:48.986097+00:00,Hv6vINOq-hU,UCWJ2lWNubArHWmf3FIHbfcQ,NBA,2026-05-13T00:52:14+00:00,7.467766,33977,122,4549.821192,active
2026-05-20T12:05:48.986097+00:00,tx2_AO-u8QM,UCWJ2lWNubArHWmf3FIHbfcQ,NBA,2026-05-11T02:33:49+00:00,9.397222,41034,122,4366.609621,active
2026-05-20T12:05:48.986097+00:00,wwhtF9hSfcQ,UCoMdktPbSTixAyNGwb-UYkQ,Sky News,2026-05-16T09:08:52+00:00,4.122882,8324,122,2018.976046,early
2026-05-20T12:05:48.986097+00:00,Cfi4mb4QnOE,UCcHtke0raf8vNYLM1Hbq3Jw,Imagen Noticias,2026-05-18T23:00:02+00:00,1.545683,738,122,477.458832,early
2026-05-20T12:05:48.986097+00:00,z_wEQXAcXZc,UCGXbLrVe8vnkiFv7q2vYv3w,El Mundo,2026-05-14T09:40:34+00:00,6.100868,19397,121,3179.383655,early
2026-05-20T12:05:48.986097+00:00,Ng9HzuDW2wQ,UCUP6qv-_EIL0hwTsJaKYnvw,Azteca Noticias,2026-05-16T20:45:17+00:00,3.639259,15924,121,4375.616025,early
2026-05-20T12:05:48.986097+00:00,Hmr9D54OF14,UCWJ2lWNubArHWmf3FIHbfcQ,NBA,2026-05-13T01:07:53+00:00,7.456898,180390,121,24191.024203,active
2026-05-20T12:05:48.986097+00:00,q0NB7EQfIWk,UCWJ2lWNubArHWmf3FIHbfcQ,NBA,2026-05-12T06:46:37+00:00,8.221667,116189,121,14132.04889,active
2026-05-20T12:05:48.986097+00:00,CQTqsbyWHe0,UC08mnbiC4FykqpHqbEWgFcg,ESPN Deportes,2026-05-15T22:45:01+00:00,4.556111,10058,121,2207.584495,early
2026-05-20T12:05:48.986097+00:00,17Ei8jzc5Rg,UCNye-wNBqNL5ZzHSJj3l8Bg,Al Jazeera English,2026-05-13T03:53:23+00:00,7.341967,25100,121,3418.702372,active
2026-05-20T12:05:48.986097+00:00,qobWiBK3PPY,UChhw6DlKKTQ9mYSpTfXUYqA,Starter Story,2026-05-06T00:08:55+00:00,14.497847,21239,120,1464.976144,active
2026-05-20T12:05:48.986097+00:00,arQ-cU7yqCI,UCUyDOdBWhC1MCxEjC46d-zw,Alex Hormozi,2026-05-09T07:00:37+00:00,11.211944,23428,120,2089.557351,active
2026-05-20T12:05:48.986097+00:00,Z2OBuIDY4Ss,UCUP6qv-_EIL0hwTsJaKYnvw,Azteca Noticias,2026-05-14T05:59:01+00:00,6.254722,10997,120,1758.191651,early
2026-05-20T12:05:48.986097+00:00,ESV__6UPiNs,UCiWLfSweyRNmLpgEHekhoAg,ESPN,2026-05-16T22:41:05+00:00,3.558842,5047,120,1418.157929,early
2026-05-20T12:05:48.986097+00:00,bpakYz183lw,UChhw6DlKKTQ9mYSpTfXUYqA,Starter Story,2026-05-09T17:56:14+00:00,10.756655,19491,119,1811.994528,active
2026-05-20T12:05:48.986097+00:00,Wbz_IKVwXB0,UCUsm-fannqOY02PNN67C0KA,NMás,2026-05-16T03:30:32+00:00,4.357835,17541,119,4025.163872,early
2026-05-20T12:05:48.986097+00:00,rBV2Irv_dXE,UCpcTrCXblq78GZrTUTLWeBw,FIFA,2026-05-14T18:00:50+00:00,5.75346,13675,119,2376.830638,early
2026-05-20T12:05:48.986097+00:00,Q9sgVUQz2Ag,UCTv-XvfzLX3i4IGWAm4sbmA,LALIGA EA SPORTS,2026-05-14T18:53:25+00:00,5.716944,15537,119,2717.710721,early
2026-05-20T12:05:48.986097+00:00,q20u97FFQLg,UCnsvJeZO4RigQ898WdDNoBw,EL PAÍS,2026-05-15T16:44:19+00:00,4.806597,5265,118,1095.369551,early
2026-05-20T12:05:48.986097+00:00,R1gxXVeSN8g,UCUsm-fannqOY02PNN67C0KA,NMás,2026-05-17T18:54:56+00:00,2.715891,2999,118,1104.241665,early
2026-05-20T12:05:48.986097+00:00,3cWWq5JRf0U,UC9MAhZQQd9egwWCxrwSIsJQ,HISTORY,2026-05-11T18:30:03+00:00,8.733171,12173,118,1393.880871,active
2026-05-20T12:05:48.986097+00:00,bw5wSyyH-bg,UCUyDOdBWhC1MCxEjC46d-zw,Alex Hormozi,2026-05-07T19:00:00+00:00,12.712373,95657,117,7524.716274,active
2026-05-20T12:05:48.986097+00:00,id_yBCwyo2Q,UCoMdktPbSTixAyNGwb-UYkQ,Sky News,2026-05-13T11:04:30+00:00,7.042581,81968,117,11638.914767,active
2026-05-20T12:05:48.986097+00:00,S1yacG7zeTY,UC-2hhqBG5Su7s91_HmhaODQ,Fox Deportes,2026-05-17T17:37:28+00:00,2.769687,1182,117,426.763024,early
2026-05-20T12:05:48.986097+00:00,Q6hvlnDlGHc,UCurvRE5fGcdUgCYWgh-BDsg,DAZN Boxing,2026-05-15T08:58:17+00:00,5.130231,7512,117,1464.261551,early
2026-05-20T12:05:48.986097+00:00,DjHmWGLvGOg,UC16niRr50-MSBwiO3YDb3RA,BBC News,2026-05-14T21:30:02+00:00,5.608183,26330,116,4694.925255,early
2026-05-20T12:05:48.986097+00:00,wVzacKPFDMg,UCoMdktPbSTixAyNGwb-UYkQ,Sky News,2026-05-14T11:50:45+00:00,6.010463,20765,116,3454.808723,early
2026-05-20T12:05:48.986097+00:00,3iRtTzTiYWU,UCz8QaiQxApLq8sLNcszYyJw,Firstpost,2026-05-16T12:26:53+00:00,3.98537,11708,116,2937.744802,early
2026-05-20T12:05:48.986097+00:00,5ryzfpKwm18,UCW39zufHfsuGgpLviKh297Q,DW Documentary,2026-05-12T13:00:10+00:00,7.962257,4721,116,592.922333,active
2026-05-20T12:05:48.986097+00:00,4cL7qFJEXjk,UCFxHplbcoJK9m70c4VyTIxg,MILENIO,2026-05-19T05:05:40+00:00,1.291771,282,116,218.304947,early
2026-05-20T12:05:48.986097+00:00,NuoEsHIW5JA,UCzR-rom72PHN9Zg7RML9EbA,PBS Eons,2026-04-23T16:15:03+00:00,26.826921,94102,115,3507.745074,active
2026-05-20T12:05:48.986097+00:00,5VW_Zm_r38E,UCGXbLrVe8vnkiFv7q2vYv3w,El Mundo,2026-05-13T11:17:59+00:00,7.033217,11288,115,1604.955456,active
2026-05-20T12:05:48.986097+00:00,dxhlpD5s1-A,UCz8QaiQxApLq8sLNcszYyJw,Firstpost,2026-05-15T18:36:29+00:00,4.728704,13389,115,2831.431191,early
2026-05-20T12:05:48.986097+00:00,qvq3D8BQoTg,UC8p1vwvWtl6T73JiExfWs1g,CBS News,2026-05-16T01:57:12+00:00,4.42265,14492,114,3276.768453,early
2026-05-20T12:05:48.986097+00:00,sDSJCmcwP6o,UCWJ2lWNubArHWmf3FIHbfcQ,NBA,2026-05-13T00:54:09+00:00,7.466435,28443,114,3809.448552,active
2026-05-20T12:05:48.986097+00:00,20S12tvU6kk,UCWJ2lWNubArHWmf3FIHbfcQ,NBA,2026-05-13T00:48:23+00:00,7.47044,18402,114,2463.308721,active
2026-05-20T12:05:48.986097+00:00,iLxyY2XMHq0,UC52X5wxOL_s5yw0dQk7NtgA,Associated Press,2026-05-16T16:55:12+00:00,3.799039,4905,114,1291.11599,early
2026-05-20T12:05:48.986097+00:00,Vk0v5zW6Gg0,UC16niRr50-MSBwiO3YDb3RA,BBC News,2026-05-14T22:45:05+00:00,5.556065,14303,113,2574.303936,early
2026-05-20T12:05:48.986097+00:00,5wdlbk34B3s,UCBi2mrWuNuyYy4gbM6fU18Q,ABC News,2026-05-13T00:54:41+00:00,7.466065,17328,113,2320.901305,active
2026-05-20T12:05:48.986097+00:00,AeiQSLkiygU,UC9MAhZQQd9egwWCxrwSIsJQ,HISTORY,2026-05-13T19:30:35+00:00,6.691134,7285,113,1088.754163,early
2026-05-20T12:05:48.986097+00:00,CR9xteLbfp0,UCeY0bbntWzzVIaj2z3QigXg,NBC News,2026-05-13T21:50:22+00:00,6.594062,16685,112,2530.306812,early
2026-05-20T12:05:48.986097+00:00,FC7WC3iWOgM,UC08mnbiC4FykqpHqbEWgFcg,ESPN Deportes,2026-05-15T20:30:01+00:00,4.649861,16452,112,3538.170281,early
2026-05-20T12:05:48.986097+00:00,AtiGykR3lsI,UCTHaNTsP7hsVgBxARZTuajw,LUZU TV,2026-05-15T18:12:32+00:00,4.745335,7706,112,1623.910641,early
2026-05-20T12:05:48.986097+00:00,G0Bzw5zefEw,UCTHaNTsP7hsVgBxARZTuajw,LUZU TV,2026-05-14T23:38:43+00:00,5.518819,4883,112,884.79075,early
2026-05-20T12:05:48.986097+00:00,z7yl3ycE8cQ,UC52X5wxOL_s5yw0dQk7NtgA,Associated Press,2026-05-12T11:59:26+00:00,8.004433,15318,112,1913.689577,active
2026-05-20T12:05:48.986097+00:00,jJ5NZr6lhLs,UCTrQ7HXWRRxr7OsOtodr2_w,Channel 4 News,2026-05-15T12:18:08+00:00,4.991447,12448,112,2493.866007,early
2026-05-20T12:05:48.986097+00:00,i8HnDSsiavU,UCFxHplbcoJK9m70c4VyTIxg,MILENIO,2026-05-15T19:00:38+00:00,4.711933,28588,112,6067.149087,early
2026-05-20T12:05:48.986097+00:00,22Rlq7eMvaE,UCUyDOdBWhC1MCxEjC46d-zw,Alex Hormozi,2026-05-08T09:00:00+00:00,12.129039,30269,111,2495.58106,active
2026-05-20T12:05:48.986097+00:00,nuFQ3CJ7Mo8,UCEK0oX3X2yK9y27khCsrNKg,Mis Propias Finanzas,2026-05-12T22:33:21+00:00,7.564213,4477,111,591.865935,active
2026-05-20T12:05:48.986097+00:00,WfH78VSf4E4,UCBi2mrWuNuyYy4gbM6fU18Q,ABC News,2026-05-14T01:43:53+00:00,6.431898,13654,111,2122.857048,early
2026-05-20T12:05:48.986097+00:00,u6JoVWkyz-g,UCnsvJeZO4RigQ898WdDNoBw,EL PAÍS,2026-05-16T21:14:27+00:00,3.619004,7967,111,2201.434428,early
2026-05-20T12:05:48.986097+00:00,DKFpJxtkYbY,UCTv-XvfzLX3i4IGWAm4sbmA,LALIGA EA SPORTS,2026-05-14T19:37:16+00:00,5.686493,25771,111,4531.967242,early
2026-05-20T12:05:48.986097+00:00,kBEKA0NJj2s,UCtT7zEoC9-HNyLYb8cYWoww,Ale Marin,2026-05-17T18:15:07+00:00,2.743542,1728,110,629.842736,early
2026-05-20T12:05:48.986097+00:00,Mw9YNUq3dVs,UCUP6qv-_EIL0hwTsJaKYnvw,Azteca Noticias,2026-05-14T00:00:20+00:00,6.503808,19935,110,3065.127384,early
2026-05-20T12:05:48.986097+00:00,0jL1WCuBUsg,UCWJ2lWNubArHWmf3FIHbfcQ,NBA,2026-05-14T01:33:31+00:00,6.439097,47130,110,7319.349281,early
2026-05-20T12:05:48.986097+00:00,FzqqcEWrOVI,UC52X5wxOL_s5yw0dQk7NtgA,Associated Press,2026-05-17T09:15:31+00:00,3.118264,14541,110,4663.17156,early
2026-05-20T12:05:48.986097+00:00,7GteMkiMGZ4,UC16niRr50-MSBwiO3YDb3RA,BBC News,2026-05-14T16:36:01+00:00,5.812361,18186,109,3128.849017,early
2026-05-20T12:05:48.986097+00:00,Jm57Up-8Z64,UCTJXx9onKH6g4cWHS9pLqsQ,El HuffPost,2026-05-16T13:00:29+00:00,3.962037,8494,109,2143.846713,early
2026-05-20T12:05:48.986097+00:00,6mzh2t_n9ys,UCWJ2lWNubArHWmf3FIHbfcQ,NBA,2026-05-12T15:26:03+00:00,7.860949,6083,109,773.825145,active
2026-05-20T12:05:48.986097+00:00,Pikx9rXCWpE,UCUXLlsi8mQeP0TvGbmSn8iw,Sopitas,2026-05-18T04:25:42+00:00,2.319525,1055,109,454.834503,early
2026-05-20T12:05:48.986097+00:00,INKDQmtxEdE,UCGXbLrVe8vnkiFv7q2vYv3w,El Mundo,2026-05-18T14:34:11+00:00,1.896967,1552,109,818.148128,early
2026-05-20T12:05:48.986097+00:00,GSIlhI2VlFU,UC52X5wxOL_s5yw0dQk7NtgA,Associated Press,2026-05-18T14:15:30+00:00,1.909942,1480,109,774.892641,early
2026-05-20T12:05:48.986097+00:00,u5XWNSVJajg,UCUyDOdBWhC1MCxEjC46d-zw,Alex Hormozi,2026-05-05T05:00:00+00:00,15.295706,48474,108,3169.12472,active
2026-05-20T12:05:48.986097+00:00,m8lDDvjAY8k,UCwd8Byi93KbnsYmCcKLExvQ,Negocios TV,2026-05-14T20:34:04+00:00,5.647048,29976,108,5308.260174,early
2026-05-20T12:05:48.986097+00:00,bww5bI1U7Zk,UCiWLfSweyRNmLpgEHekhoAg,ESPN,2026-05-14T15:33:02+00:00,5.856099,12705,108,2169.532995,early
2026-05-20T12:05:48.986097+00:00,FLPhlNC5tqI,UCIRYBXDze5krPDzAEOxFGVA,Guardian News,2026-05-11T07:58:43+00:00,9.171597,24736,108,2697.022122,active
2026-05-20T12:05:48.986097+00:00,CrmjzFH9oUA,UCNye-wNBqNL5ZzHSJj3l8Bg,Al Jazeera English,2026-05-16T07:29:06+00:00,4.192164,18374,108,4382.939217,early
2026-05-20T12:05:48.986097+00:00,qNEB_w5ECeI,UChhw6DlKKTQ9mYSpTfXUYqA,Starter Story,2026-05-05T15:27:41+00:00,14.859815,29433,107,1980.711065,active
2026-05-20T12:05:48.986097+00:00,w8rS6KL03ac,UCupvZG-5ko_eiXAupbDfxWw,CNN,2026-05-13T15:43:20+00:00,6.848947,28341,107,4138.008368,early
2026-05-20T12:05:48.986097+00:00,lWrqFiwhR6k,UCGXbLrVe8vnkiFv7q2vYv3w,El Mundo,2026-05-14T19:30:21+00:00,5.691296,6131,107,1077.259029,early
2026-05-20T12:05:48.986097+00:00,gf7Z3UWwpUY,UChqUTb7kYRX8-EiaN3XFrSQ,Reuters,2026-05-17T10:43:39+00:00,3.05706,4568,107,1494.246106,early
2026-05-20T12:05:48.986097+00:00,K4a3SQ5EU5Y,UCtwslQPB_xJfaFuZv0OETNw,Kings League Spain,2026-05-17T13:16:57+00:00,2.950602,2017,107,683.589315,early
2026-05-20T12:05:48.986097+00:00,PZhy5CDKhIE,UCl5-lvQyfILb-l2abPk4Ntg,Inteligencia Artificial,2026-05-15T09:54:44+00:00,5.09103,2855,106,560.790253,early
2026-05-20T12:05:48.986097+00:00,vd1VOOLbISI,UCBi2mrWuNuyYy4gbM6fU18Q,ABC News,2026-05-18T00:20:35+00:00,2.489745,6062,106,2434.787498,early
2026-05-20T12:05:48.986097+00:00,SEpUIOjq3zc,UCUP6qv-_EIL0hwTsJaKYnvw,Azteca Noticias,2026-05-16T19:00:01+00:00,3.712361,11163,106,3006.981271,early
2026-05-20T12:05:48.986097+00:00,AWnPu88UtW0,UCUP6qv-_EIL0hwTsJaKYnvw,Azteca Noticias,2026-05-15T13:40:21+00:00,4.934352,11566,106,2343.97546,early
2026-05-20T12:05:48.986097+00:00,cnkk5_namBk,UCWJ2lWNubArHWmf3FIHbfcQ,NBA,2026-05-16T02:15:18+00:00,4.410081,12655,106,2869.561806,early
2026-05-20T12:05:48.986097+00:00,uR_6MwXBxoI,UCeY0bbntWzzVIaj2z3QigXg,NBC News,2026-05-13T12:48:20+00:00,6.970474,4359,105,625.352021,early
2026-05-20T12:05:48.986097+00:00,8VTt-23E9dA,UCnsvJeZO4RigQ898WdDNoBw,EL PAÍS,2026-05-16T18:00:04+00:00,3.753993,8453,105,2251.735685,early
2026-05-20T12:05:48.986097+00:00,ZiZvBvBwBkc,UCUsm-fannqOY02PNN67C0KA,NMás,2026-05-17T00:45:02+00:00,3.472766,25338,105,7296.201356,early
2026-05-20T12:05:48.986097+00:00,bXFwP3FK29Q,UCUP6qv-_EIL0hwTsJaKYnvw,Azteca Noticias,2026-05-16T00:48:32+00:00,4.470335,22301,105,4988.664161,early
2026-05-20T12:05:48.986097+00:00,cWV1itVT93Y,UCUP6qv-_EIL0hwTsJaKYnvw,Azteca Noticias,2026-05-14T00:15:03+00:00,6.493588,44150,105,6799.014659,early
2026-05-20T12:05:48.986097+00:00,lIDIUmsItw0,UCWJ2lWNubArHWmf3FIHbfcQ,NBA,2026-05-12T06:40:23+00:00,8.225995,170050,105,20672.271257,active
2026-05-20T12:05:48.986097+00:00,sAMpCmz2MYw,UC52X5wxOL_s5yw0dQk7NtgA,Associated Press,2026-05-14T17:11:05+00:00,5.788009,12122,105,2094.329846,early
2026-05-20T12:05:48.986097+00:00,WYGy48xJWv4,UCknLrEdhRCp1aegoMqRaCZg,DW News,2026-05-13T01:15:02+00:00,7.451933,18129,105,2432.791599,active
2026-05-20T12:05:48.986097+00:00,HxuCtAjCyFk,UCtT7zEoC9-HNyLYb8cYWoww,Ale Marin,2026-05-18T15:30:19+00:00,1.857986,1150,105,618.949766,early
2026-05-20T12:05:48.986097+00:00,dk-pvsityfs,UCdNnEDbRWhanA1O8zhCn3ZA,Omar - Educación Financiera,2026-05-05T22:22:23+00:00,14.571829,14086,104,966.65971,active
2026-05-20T12:05:48.986097+00:00,gpuYG82x8S8,UCupvZG-5ko_eiXAupbDfxWw,CNN,2026-05-12T01:27:33+00:00,8.443241,42555,104,5040.126179,active
2026-05-20T12:05:48.986097+00:00,OkaVwap1g0Q,UCnsvJeZO4RigQ898WdDNoBw,EL PAÍS,2026-05-17T17:11:52+00:00,2.787465,2958,104,1061.179244,early
2026-05-20T12:05:48.986097+00:00,5FaW56WXFaU,UChqUTb7kYRX8-EiaN3XFrSQ,Reuters,2026-05-15T03:35:14+00:00,5.354572,1025,104,191.425197,early
2026-05-20T12:05:48.986097+00:00,rebHbjICGqY,UCTrQ7HXWRRxr7OsOtodr2_w,Channel 4 News,2026-05-12T13:49:52+00:00,7.927743,65805,104,8300.59703,active
2026-05-20T12:05:48.986097+00:00,ZI77-yRAuIU,UCtwslQPB_xJfaFuZv0OETNw,Kings League Spain,2026-05-12T20:56:23+00:00,7.631551,13352,104,1749.578821,active
2026-05-20T12:05:48.986097+00:00,nyhVmTErNyw,UCGXbLrVe8vnkiFv7q2vYv3w,El Mundo,2026-05-18T21:11:19+00:00,1.62118,362,104,223.294144,early
2026-05-20T12:05:48.986097+00:00,PdP7dL7YD74,UCwd8Byi93KbnsYmCcKLExvQ,Negocios TV,2026-05-14T17:15:01+00:00,5.785278,80444,103,13904.949771,early
2026-05-20T12:05:48.986097+00:00,9SEVJGrXTOw,UCTl3QQTvqHFjurroKxexy2Q,Olympics,2026-05-13T13:00:25+00:00,6.962083,13468,103,1934.478517,early
2026-05-20T12:05:48.986097+00:00,03HsPsMCcoI,UCTv-XvfzLX3i4IGWAm4sbmA,LALIGA EA SPORTS,2026-05-13T17:54:54+00:00,6.757581,16282,103,2409.442077,early
2026-05-20T12:05:48.986097+00:00,NdJyDfiBJmI,UCGXbLrVe8vnkiFv7q2vYv3w,El Mundo,2026-05-18T13:45:18+00:00,1.930914,1137,103,588.840311,early
2026-05-20T12:05:48.986097+00:00,UDiJI3q9wFQ,UCaVPhFg-Ax873wvhbNitsrQ,El Robot de Platón,2026-04-30T00:15:30+00:00,20.493275,37715,102,1840.359825,active
2026-05-20T12:05:48.986097+00:00,Qy_YMLKX8bQ,UCF0L4jd9LcSIxsj5gKITMqQ,Jaime Higuera,2026-05-04T18:00:21+00:00,15.753796,25792,102,1637.192712,active
2026-05-20T12:05:48.986097+00:00,SW0_HZ3B144,UCUyDOdBWhC1MCxEjC46d-zw,Alex Hormozi,2026-05-07T11:00:00+00:00,13.045706,27991,102,2145.610211,active
2026-05-20T12:05:48.986097+00:00,DGL86zYmHBc,UCUyDOdBWhC1MCxEjC46d-zw,Alex Hormozi,2026-05-10T03:00:16+00:00,10.378854,31624,102,3046.96453,active
2026-05-20T12:05:48.986097+00:00,M-F6777dpAw,UCGXbLrVe8vnkiFv7q2vYv3w,El Mundo,2026-05-14T19:55:08+00:00,5.674085,4520,102,796.60421,early
2026-05-20T12:05:48.986097+00:00,4rc5rDTDwlI,UCWJ2lWNubArHWmf3FIHbfcQ,NBA,2026-05-12T03:29:07+00:00,8.358819,32541,102,3893.014073,active
2026-05-20T12:05:48.986097+00:00,Tf8EdCXe4r0,UCeY0bbntWzzVIaj2z3QigXg,NBC News,2026-05-14T12:36:40+00:00,5.978576,26242,101,4389.339535,early
2026-05-20T12:05:48.986097+00:00,VTj56pssD68,UCurvRE5fGcdUgCYWgh-BDsg,DAZN Boxing,2026-05-14T19:09:26+00:00,5.705822,7293,101,1278.168159,early
2026-05-20T12:05:48.986097+00:00,_6o_nV9m2x8,UC16niRr50-MSBwiO3YDb3RA,BBC News,2026-05-14T03:56:57+00:00,6.339491,59314,100,9356.271663,early
2026-05-20T12:05:48.986097+00:00,o_-f3wobchI,UCBi2mrWuNuyYy4gbM6fU18Q,ABC News,2026-05-14T08:21:16+00:00,6.155937,15527,100,2522.280524,early
2026-05-20T12:05:48.986097+00:00,yqG9N9z4EBs,UCeY0bbntWzzVIaj2z3QigXg,NBC News,2026-05-16T13:41:37+00:00,3.933472,17695,100,4498.57022,early
2026-05-20T12:05:48.986097+00:00,Y99SETIctg4,UCGXbLrVe8vnkiFv7q2vYv3w,El Mundo,2026-05-17T11:37:16+00:00,3.019826,7681,100,2543.524031,early
2026-05-20T12:05:48.986097+00:00,2RyAGYj5XO8,UCoLrcjPV5PbUrUyXq5mjc_A,MLB,2026-05-14T19:00:02+00:00,5.712349,19979,99,3497.510394,early
2026-05-20T12:05:48.986097+00:00,Db7MHeXEWjg,UCTHaNTsP7hsVgBxARZTuajw,LUZU TV,2026-05-14T15:58:57+00:00,5.838102,7329,99,1255.37375,early
2026-05-20T12:05:48.986097+00:00,fQBAkTPyVww,UCUBIrDsIVzRpKsClMlSlTpQ,BBC News Mundo,2026-05-14T19:31:42+00:00,5.690359,10056,98,1767.199574,early
2026-05-20T12:05:48.986097+00:00,h3ILzUoAZcI,UCGXbLrVe8vnkiFv7q2vYv3w,El Mundo,2026-05-12T09:53:34+00:00,8.09184,22786,98,2815.923202,active
2026-05-20T12:05:48.986097+00:00,8WDyeNxiopM,UCUsm-fannqOY02PNN67C0KA,NMás,2026-05-16T18:07:39+00:00,3.748727,21207,98,5657.120404,early
2026-05-20T12:05:48.986097+00:00,druglUL4b64,UC08mnbiC4FykqpHqbEWgFcg,ESPN Deportes,2026-05-16T01:45:09+00:00,4.431018,15120,98,3412.308413,early
2026-05-20T12:05:48.986097+00:00,UYeJYDqEP30,UCTHaNTsP7hsVgBxARZTuajw,LUZU TV,2026-05-14T17:25:36+00:00,5.777928,10105,98,1748.896836,early
2026-05-20T12:05:48.986097+00:00,oDpdKZm1cw8,UCsN32BtMd0IoByjJRNF12cw,60 Minutes,2026-05-12T14:30:24+00:00,7.899595,8591,98,1087.524107,active
2026-05-20T12:05:48.986097+00:00,d1vizCD_-no,UCUsm-fannqOY02PNN67C0KA,NMás,2026-05-18T18:13:03+00:00,1.744977,882,98,505.450788,early
2026-05-20T12:05:48.986097+00:00,AYG3NcA_Mzc,UCiWLfSweyRNmLpgEHekhoAg,ESPN,2026-05-16T20:57:19+00:00,3.630903,224,98,61.692642,early
2026-05-20T12:05:48.986097+00:00,tXRno9MAa-I,UCyM-2pRapEv6V2q7UNO9icg,Emprende Aprendiendo,2026-05-08T18:54:04+00:00,11.716493,185148,97,15802.339488,active
2026-05-20T12:05:48.986097+00:00,hBKvzydWs3Y,UCGXbLrVe8vnkiFv7q2vYv3w,El Mundo,2026-05-12T07:56:51+00:00,8.172893,38602,97,4723.174523,active
2026-05-20T12:05:48.986097+00:00,6z9ETQRFFZU,UCWJ2lWNubArHWmf3FIHbfcQ,NBA,2026-05-14T17:08:03+00:00,5.790116,10574,97,1826.215572,early
2026-05-20T12:05:48.986097+00:00,GYzsuR7FvgU,UCz8QaiQxApLq8sLNcszYyJw,Firstpost,2026-05-16T15:19:51+00:00,3.865254,7031,97,1819.026641,early
2026-05-20T12:05:48.986097+00:00,MBoqoJ3oqaE,UCurvRE5fGcdUgCYWgh-BDsg,DAZN Boxing,2026-05-11T15:47:31+00:00,8.846042,18948,97,2141.974908,active
2026-05-20T12:05:48.986097+00:00,0Mvc98nnepg,UChqUTb7kYRX8-EiaN3XFrSQ,Reuters,2026-05-18T17:15:15+00:00,1.785116,605,97,338.91355,early
2026-05-20T12:05:48.986097+00:00,afSMNOWDtmk,UCF0L4jd9LcSIxsj5gKITMqQ,Jaime Higuera,2026-05-16T19:00:03+00:00,3.712338,4902,96,1320.461661,early
2026-05-20T12:05:48.986097+00:00,oRonN-SPouA,UCeY0bbntWzzVIaj2z3QigXg,NBC News,2026-05-15T22:31:15+00:00,4.565671,4349,96,952.543449,early
2026-05-20T12:05:48.986097+00:00,FX2vC-mt3O4,UCTv-XvfzLX3i4IGWAm4sbmA,LALIGA EA SPORTS,2026-05-13T20:10:10+00:00,6.663646,12644,96,1897.459739,early
2026-05-20T12:05:48.986097+00:00,ov_OARt__kc,UChqUTb7kYRX8-EiaN3XFrSQ,Reuters,2026-05-14T14:08:01+00:00,5.915139,3505,96,592.54736,early
2026-05-20T12:05:48.986097+00:00,wngf8C6acjI,UCNye-wNBqNL5ZzHSJj3l8Bg,Al Jazeera English,2026-05-17T12:56:39+00:00,2.964699,3057,96,1031.133346,early
2026-05-20T12:05:48.986097+00:00,shd7g3TJh04,UCurvRE5fGcdUgCYWgh-BDsg,DAZN Boxing,2026-05-11T17:14:38+00:00,8.785544,10397,96,1183.421311,active
2026-05-20T12:05:48.986097+00:00,-6t20SnbOyc,UCYZLVhSSwdBllvn4tw5a4uQ,Rob Paper Sheet,2026-04-22T23:16:10+00:00,27.534479,78343,95,2845.269017,active
2026-05-20T12:05:48.986097+00:00,9zTbuRW6Vko,UC8p1vwvWtl6T73JiExfWs1g,CBS News,2026-05-16T01:56:42+00:00,4.422998,9226,95,2085.915481,early
2026-05-20T12:05:48.986097+00:00,wRBBgTdyf5o,UCUsm-fannqOY02PNN67C0KA,NMás,2026-05-17T01:01:01+00:00,3.461667,9257,95,2674.145145,early
2026-05-20T12:05:48.986097+00:00,hA4hS7vVUFI,UC08mnbiC4FykqpHqbEWgFcg,ESPN Deportes,2026-05-12T22:30:11+00:00,7.566412,20828,95,2752.691765,active
2026-05-20T12:05:48.986097+00:00,QHwa0PQFRwo,UCTHaNTsP7hsVgBxARZTuajw,LUZU TV,2026-05-12T00:25:35+00:00,8.486273,50845,95,5991.44053,active
2026-05-20T12:05:48.986097+00:00,ETQjANMlkWo,UC8butISFwT-Wl7EV0hUK0BQ,freeCodeCamp.org,2026-05-14T11:52:25+00:00,6.009305,13016,94,2165.974268,early
2026-05-20T12:05:48.986097+00:00,6mmNLDFku3Q,UCTHaNTsP7hsVgBxARZTuajw,LUZU TV,2026-05-13T23:36:57+00:00,6.520046,7389,94,1133.274213,early
2026-05-20T12:05:48.986097+00:00,iQnuu1q4KQk,UCTHaNTsP7hsVgBxARZTuajw,LUZU TV,2026-05-13T22:18:24+00:00,6.574595,5077,94,772.214866,early
2026-05-20T12:05:48.986097+00:00,zRfgw1rYdHE,UCTHaNTsP7hsVgBxARZTuajw,LUZU TV,2026-05-13T22:17:29+00:00,6.575231,3873,94,589.028735,early
2026-05-20T12:05:48.986097+00:00,eP66q0biNrQ,UCz8QaiQxApLq8sLNcszYyJw,Firstpost,2026-05-16T08:37:12+00:00,4.144873,13711,94,3307.942125,early
2026-05-20T12:05:48.986097+00:00,LuDFtPBJNnk,UC6ZFN9Tx6xh-skXCuRHCDpQ,PBS NewsHour,2026-05-13T14:51:21+00:00,6.885046,12375,94,1797.373612,early
2026-05-20T12:05:48.986097+00:00,3JD7uD6GPBw,UCtwslQPB_xJfaFuZv0OETNw,Kings League Spain,2026-05-15T12:00:12+00:00,5.0039,8790,94,1756.629829,early
2026-05-20T12:05:48.986097+00:00,SzDnUAJkenI,UCUyDOdBWhC1MCxEjC46d-zw,Alex Hormozi,2026-05-05T09:00:00+00:00,15.129039,49671,93,3283.156319,active
2026-05-20T12:05:48.986097+00:00,KtMjXr3QBz0,UCwd8Byi93KbnsYmCcKLExvQ,Negocios TV,2026-05-15T19:20:54+00:00,4.697859,16052,93,3416.875645,early
2026-05-20T12:05:48.986097+00:00,pAgs8Dqd_cI,UCupvZG-5ko_eiXAupbDfxWw,CNN,2026-05-14T21:30:43+00:00,5.607708,34832,93,6211.450382,early
2026-05-20T12:05:48.986097+00:00,PBzIr9RXssw,UCWJ2lWNubArHWmf3FIHbfcQ,NBA,2026-05-12T06:10:07+00:00,8.247014,40040,93,4855.090582,active
2026-05-20T12:05:48.986097+00:00,i0GJSN_ISuI,UCWJ2lWNubArHWmf3FIHbfcQ,NBA,2026-05-12T03:22:08+00:00,8.363669,20830,93,2490.53376,active
2026-05-20T12:05:48.986097+00:00,RkYuCA153Kk,UCiWLfSweyRNmLpgEHekhoAg,ESPN,2026-05-13T04:06:00+00:00,7.333206,68841,93,9387.572093,active
2026-05-20T12:05:48.986097+00:00,PXfgNw3eH6k,UCTHaNTsP7hsVgBxARZTuajw,LUZU TV,2026-05-14T17:26:17+00:00,5.777454,4789,93,828.911836,early
2026-05-20T12:05:48.986097+00:00,yt_TxZE99zY,UChqUTb7kYRX8-EiaN3XFrSQ,Reuters,2026-05-14T04:34:31+00:00,6.313403,8560,93,1355.845651,early
2026-05-20T12:05:48.986097+00:00,Ti6j2PqSq2o,UCNye-wNBqNL5ZzHSJj3l8Bg,Al Jazeera English,2026-05-13T02:32:49+00:00,7.397917,13114,93,1772.661142,active
2026-05-20T12:05:48.986097+00:00,pXuUbZqwltU,UCnsvJeZO4RigQ898WdDNoBw,EL PAÍS,2026-05-11T18:49:23+00:00,8.719745,31618,92,3626.023467,active
2026-05-20T12:05:48.986097+00:00,tcb3ZC95DvE,UCWJ2lWNubArHWmf3FIHbfcQ,NBA,2026-05-12T05:00:05+00:00,8.295648,107330,92,12938.109235,active
2026-05-20T12:05:48.986097+00:00,hmD2NQCbhlU,UCWJ2lWNubArHWmf3FIHbfcQ,NBA,2026-05-12T00:59:35+00:00,8.462662,35246,92,4164.883343,active
2026-05-20T12:05:48.986097+00:00,CqszshV7QXM,UCTHaNTsP7hsVgBxARZTuajw,LUZU TV,2026-05-13T22:16:55+00:00,6.575625,3573,92,543.370402,early
2026-05-20T12:05:48.986097+00:00,MFMzavO1oc8,UCNye-wNBqNL5ZzHSJj3l8Bg,Al Jazeera English,2026-05-17T01:09:38+00:00,3.455683,6705,92,1940.282138,early
2026-05-20T12:05:48.986097+00:00,SGSKPlQ9vpA,UCNye-wNBqNL5ZzHSJj3l8Bg,Al Jazeera English,2026-05-13T20:52:42+00:00,6.634109,23975,92,3613.899018,early
2026-05-20T12:05:48.986097+00:00,UmJYgbMXXQw,UCz8QaiQxApLq8sLNcszYyJw,Firstpost,2026-05-17T07:23:15+00:00,3.196227,3513,92,1099.108418,early
2026-05-20T12:05:48.986097+00:00,e_EnBRhOYZE,UCTrQ7HXWRRxr7OsOtodr2_w,Channel 4 News,2026-05-14T11:38:13+00:00,6.019167,19993,92,3321.555956,early
2026-05-20T12:05:48.986097+00:00,5XkSf-AWb_Y,UCyM-2pRapEv6V2q7UNO9icg,Emprende Aprendiendo,2026-05-05T16:30:04+00:00,14.816493,26192,91,1767.759753,active
2026-05-20T12:05:48.986097+00:00,eQzS6CUt7kU,UCF0L4jd9LcSIxsj5gKITMqQ,Jaime Higuera,2026-05-06T15:35:53+00:00,13.85412,15256,91,1101.188672,active
2026-05-20T12:05:48.986097+00:00,qzRC_4JF-HY,UCnsvJeZO4RigQ898WdDNoBw,EL PAÍS,2026-05-17T04:00:39+00:00,3.336921,4547,91,1362.633398,early
2026-05-20T12:05:48.986097+00:00,kNKM8tU2rdw,UCWJ2lWNubArHWmf3FIHbfcQ,NBA,2026-05-12T05:43:38+00:00,8.265405,11429,91,1382.751359,active
2026-05-20T12:05:48.986097+00:00,rmhdm883iL8,UCNye-wNBqNL5ZzHSJj3l8Bg,Al Jazeera English,2026-05-16T20:39:43+00:00,3.643125,5967,91,1637.879568,early
2026-05-20T12:05:48.986097+00:00,Cg82oF20Efg,UC6ZFN9Tx6xh-skXCuRHCDpQ,PBS NewsHour,2026-05-12T20:34:22+00:00,7.64684,9503,91,1242.735561,active
2026-05-20T12:05:48.986097+00:00,PecY7hGQfJQ,UCUsm-fannqOY02PNN67C0KA,NMás,2026-05-18T21:14:16+00:00,1.619132,535,91,330.423956,early
2026-05-20T12:05:48.986097+00:00,RdybN9A5CH8,UCUyDOdBWhC1MCxEjC46d-zw,Alex Hormozi,2026-05-09T23:00:00+00:00,10.545706,35680,90,3383.3676,active
2026-05-20T12:05:48.986097+00:00,orMaqRpKhfI,UCwd8Byi93KbnsYmCcKLExvQ,Negocios TV,2026-05-15T12:31:04+00:00,4.982465,21093,90,4233.446698,early
2026-05-20T12:05:48.986097+00:00,778_7BLo3FU,UCGXbLrVe8vnkiFv7q2vYv3w,El Mundo,2026-05-17T10:50:39+00:00,3.052199,11910,90,3902.104679,early
2026-05-20T12:05:48.986097+00:00,n-jLseRQNgk,UCGXbLrVe8vnkiFv7q2vYv3w,El Mundo,2026-05-13T07:08:15+00:00,7.206643,9628,90,1335.989586,active
2026-05-20T12:05:48.986097+00:00,r5OG0YDeHdQ,UCafNntv_qTQB26AvbEQNHPw,Aristegui Noticias,2026-05-13T23:36:00+00:00,6.520706,5250,90,805.127543,early
2026-05-20T12:05:48.986097+00:00,GRcSw_g44W4,UC52X5wxOL_s5yw0dQk7NtgA,Associated Press,2026-05-11T09:17:27+00:00,9.116921,55501,90,6087.691228,active
2026-05-20T12:05:48.986097+00:00,5TxrztBhPKw,UCeY0bbntWzzVIaj2z3QigXg,NBC News,2026-05-18T11:31:21+00:00,2.023935,1669,90,824.631226,early
2026-05-20T12:05:48.986097+00:00,UQXupr6-Wmg,UCUyDOdBWhC1MCxEjC46d-zw,Alex Hormozi,2026-04-23T11:00:00+00:00,27.045706,68889,89,2547.132621,active
2026-05-20T12:05:48.986097+00:00,IIuM6BxBhdI,UCUyDOdBWhC1MCxEjC46d-zw,Alex Hormozi,2026-05-08T07:00:00+00:00,12.212373,30561,89,2502.462052,active
2026-05-20T12:05:48.986097+00:00,HkpLee_NxUM,UCl5-lvQyfILb-l2abPk4Ntg,Inteligencia Artificial,2026-05-14T14:00:17+00:00,5.920509,3049,89,514.989505,early
2026-05-20T12:05:48.986097+00:00,hVEYJexavnM,UCGXbLrVe8vnkiFv7q2vYv3w,El Mundo,2026-05-12T09:48:10+00:00,8.09559,14544,89,1796.533668,active
2026-05-20T12:05:48.986097+00:00,jMxzapGHmUw,UCcHtke0raf8vNYLM1Hbq3Jw,Imagen Noticias,2026-05-15T20:18:02+00:00,4.658183,4966,89,1066.080916,early
2026-05-20T12:05:48.986097+00:00,iIQWNM77De0,UC08mnbiC4FykqpHqbEWgFcg,ESPN Deportes,2026-05-15T00:15:33+00:00,5.493241,20618,89,3753.339786,early
2026-05-20T12:05:48.986097+00:00,D0dLjMePLZY,UCNye-wNBqNL5ZzHSJj3l8Bg,Al Jazeera English,2026-05-16T22:07:36+00:00,3.582095,7585,89,2117.475946,early
2026-05-20T12:05:48.986097+00:00,aExt_EHmBVY,UCknLrEdhRCp1aegoMqRaCZg,DW News,2026-05-14T01:00:01+00:00,6.462361,15959,89,2469.530873,early
2026-05-20T12:05:48.986097+00:00,hOQ3M6jdE8Y,UC9mrBfjgyOsqJ0J-zw7kZLQ,Atherion,2026-05-09T02:34:14+00:00,11.396933,4475,88,392.649496,active
2026-05-20T12:05:48.986097+00:00,MrIW-XUFbjo,UCK7tptUDHh-RYDsdxO1-5QQ,The Wall Street Journal,2026-05-11T07:41:32+00:00,9.18353,13344,88,1453.036033,active
2026-05-20T12:05:48.986097+00:00,1u9vedMUelI,UCafNntv_qTQB26AvbEQNHPw,Aristegui Noticias,2026-05-16T20:00:00+00:00,3.670706,2308,88,628.761879,early
2026-05-20T12:05:48.986097+00:00,GEleP5BhTPY,UCoLrcjPV5PbUrUyXq5mjc_A,MLB,2026-05-14T18:11:00+00:00,5.7464,14828,88,2580.398162,early
2026-05-20T12:05:48.986097+00:00,dJr5fYp-Yoc,UCTHaNTsP7hsVgBxARZTuajw,LUZU TV,2026-05-12T15:23:02+00:00,7.863044,7537,88,958.534634,active
2026-05-20T12:05:48.986097+00:00,-XlB3RebSW4,UCjSVqRtdOsxQDss_pJpp_Yg,COMPUESTOS Podcast,2026-05-09T02:30:01+00:00,11.399861,4870,87,427.198191,active
2026-05-20T12:05:48.986097+00:00,bgMZKwQfrfM,UCl5-lvQyfILb-l2abPk4Ntg,Inteligencia Artificial,2026-05-14T15:06:48+00:00,5.874317,7880,87,1341.432544,early
2026-05-20T12:05:48.986097+00:00,QWMFMravvws,UC4JX40jDee_tINbkjycV4Sg,Tech With Tim,2026-05-14T15:30:12+00:00,5.858067,7206,87,1230.098597,early
2026-05-20T12:05:48.986097+00:00,Ctb0THKhfcU,UC4JX40jDee_tINbkjycV4Sg,Tech With Tim,2026-05-13T01:00:10+00:00,7.462257,9495,87,1272.403242,active
2026-05-20T12:05:48.986097+00:00,wJgLQ-lMkZg,UC08mnbiC4FykqpHqbEWgFcg,ESPN Deportes,2026-05-16T00:45:13+00:00,4.472639,13452,87,3007.620333,early
2026-05-20T12:05:48.986097+00:00,hKRkZDVW3xI,UCGXbLrVe8vnkiFv7q2vYv3w,El Mundo,2026-05-18T09:28:05+00:00,2.109537,609,87,288.68894,early
2026-05-20T12:05:48.986097+00:00,JrGlAw_Q7ow,UCUyDOdBWhC1MCxEjC46d-zw,Alex Hormozi,2026-04-30T07:00:00+00:00,20.212373,177545,86,8783.976033,active
2026-05-20T12:05:48.986097+00:00,YGCGrcEkwtI,UCEAZeUIeJs0IjQiqTCdVSIg,Yahoo Finance,2026-05-14T15:05:35+00:00,5.875162,10658,86,1814.077637,early
2026-05-20T12:05:48.986097+00:00,FLNqNZYDhfs,UCBi2mrWuNuyYy4gbM6fU18Q,ABC News,2026-05-14T00:04:32+00:00,6.500891,19157,86,2946.826827,early
2026-05-20T12:05:48.986097+00:00,naD-9l4ljc4,UCGXbLrVe8vnkiFv7q2vYv3w,El Mundo,2026-05-11T16:10:57+00:00,8.829768,5846,86,662.078551,active
2026-05-20T12:05:48.986097+00:00,r6F2rTIReww,UCiWLfSweyRNmLpgEHekhoAg,ESPN,2026-05-14T22:23:36+00:00,5.570984,40900,86,7341.611464,early
2026-05-20T12:05:48.986097+00:00,Ebtc_11rbG4,UCGXbLrVe8vnkiFv7q2vYv3w,El Mundo,2026-05-18T09:30:32+00:00,2.107835,681,86,323.080317,early
2026-05-20T12:05:48.986097+00:00,cHIDzkx5zbE,UChqUTb7kYRX8-EiaN3XFrSQ,Reuters,2026-05-18T08:48:47+00:00,2.136829,1874,86,877.000453,early
2026-05-20T12:05:48.986097+00:00,ZF39mVW2l4k,UCFxHplbcoJK9m70c4VyTIxg,MILENIO,2026-05-19T00:02:17+00:00,1.502454,870,86,579.05267,early
2026-05-20T12:05:48.986097+00:00,lK_YLHiIqdc,UCtT7zEoC9-HNyLYb8cYWoww,Ale Marin,2026-05-14T14:01:08+00:00,5.919919,4002,85,676.022763,early
2026-05-20T12:05:48.986097+00:00,O_sybgOlcyU,UCBi2mrWuNuyYy4gbM6fU18Q,ABC News,2026-05-14T01:59:14+00:00,6.421238,15227,85,2371.349575,early
2026-05-20T12:05:48.986097+00:00,CWJtnBSLoI4,UCnsvJeZO4RigQ898WdDNoBw,EL PAÍS,2026-05-14T13:19:12+00:00,5.949039,29305,85,4926.005696,early
2026-05-20T12:05:48.986097+00:00,SYevXmYqsEY,UCz8QaiQxApLq8sLNcszYyJw,Firstpost,2026-05-15T18:28:31+00:00,4.734236,11140,85,2353.072386,early
2026-05-20T12:05:48.986097+00:00,m2p0RRLX91E,UCFxHplbcoJK9m70c4VyTIxg,MILENIO,2026-05-14T06:47:37+00:00,6.220972,13180,85,2118.639981,early
2026-05-20T12:05:48.986097+00:00,UOh0C3rIZqM,UCUsm-fannqOY02PNN67C0KA,NMás,2026-05-18T19:46:34+00:00,1.680035,877,85,522.012934,early
2026-05-20T12:05:48.986097+00:00,5psSeGnzBio,UCGXbLrVe8vnkiFv7q2vYv3w,El Mundo,2026-05-13T09:13:55+00:00,7.119375,6516,84,915.248881,active
2026-05-20T12:05:48.986097+00:00,20T8fYlNPsk,UCWJ2lWNubArHWmf3FIHbfcQ,NBA,2026-05-12T04:58:46+00:00,8.296562,56311,84,6787.269233,active
2026-05-20T12:05:48.986097+00:00,6HfmdN2Mqds,UCWJ2lWNubArHWmf3FIHbfcQ,NBA,2026-05-12T04:37:18+00:00,8.31147,33441,84,4023.475992,active
2026-05-20T12:05:48.986097+00:00,jAOmHqou0Ak,UCF0L4jd9LcSIxsj5gKITMqQ,Jaime Higuera,2026-05-16T20:00:32+00:00,3.670335,3836,83,1045.136207,early
2026-05-20T12:05:48.986097+00:00,tcnt60L-XUI,UC16niRr50-MSBwiO3YDb3RA,BBC News,2026-05-13T20:00:30+00:00,6.670359,15275,83,2289.981694,early
2026-05-20T12:05:48.986097+00:00,YJdQUD4jI68,UCWJ2lWNubArHWmf3FIHbfcQ,NBA,2026-05-12T03:31:21+00:00,8.357268,78960,83,9448.06365,active
2026-05-20T12:05:48.986097+00:00,i_Q7r0uBYxk,UCIRYBXDze5krPDzAEOxFGVA,Guardian News,2026-05-13T11:24:24+00:00,7.028761,4419,83,628.702555,active
2026-05-20T12:05:48.986097+00:00,wK3MMLLt4xE,UCGXbLrVe8vnkiFv7q2vYv3w,El Mundo,2026-05-18T09:25:24+00:00,2.1114,446,83,211.234252,early
2026-05-20T12:05:48.986097+00:00,VdSyM4XCjMU,UCnsvJeZO4RigQ898WdDNoBw,EL PAÍS,2026-05-18T16:59:51+00:00,1.79581,910,83,506.735122,early
2026-05-20T12:05:48.986097+00:00,QyRJCRbY6cs,UCoLrcjPV5PbUrUyXq5mjc_A,MLB,2026-05-15T15:16:18+00:00,4.86772,12039,82,2473.231821,early
2026-05-20T12:05:48.986097+00:00,BsloGiaph3Q,UCiWLfSweyRNmLpgEHekhoAg,ESPN,2026-05-16T21:12:35+00:00,3.620301,7692,82,2124.685213,early
2026-05-20T12:05:48.986097+00:00,P9yleRV8tto,UCUyDOdBWhC1MCxEjC46d-zw,Alex Hormozi,2026-05-03T15:00:00+00:00,16.879039,51749,81,3065.873596,active
2026-05-20T12:05:48.986097+00:00,QdwJo6ZmeqY,UC16niRr50-MSBwiO3YDb3RA,BBC News,2026-05-12T15:08:09+00:00,7.873379,20800,81,2641.813636,active
2026-05-20T12:05:48.986097+00:00,xDXu6nCfprY,UCUsm-fannqOY02PNN67C0KA,NMás,2026-05-17T23:12:38+00:00,2.536933,3782,81,1490.776461,early
2026-05-20T12:05:48.986097+00:00,BZRqFjEEWRQ,UCUsm-fannqOY02PNN67C0KA,NMás,2026-05-17T21:00:08+00:00,2.628947,15519,81,5903.12395,early
2026-05-20T12:05:48.986097+00:00,NlbKIg8noE4,UCUsm-fannqOY02PNN67C0KA,NMás,2026-05-16T21:30:05+00:00,3.608148,7615,81,2110.50101,early
2026-05-20T12:05:48.986097+00:00,jCvMqh_tBz0,UCWJ2lWNubArHWmf3FIHbfcQ,NBA,2026-05-13T00:41:19+00:00,7.475347,31124,81,4163.552541,active
2026-05-20T12:05:48.986097+00:00,zHVVOWz2bXc,UCiWLfSweyRNmLpgEHekhoAg,ESPN,2026-05-14T15:00:28+00:00,5.878715,5499,81,935.408503,early
2026-05-20T12:05:48.986097+00:00,XcKSpb4mSyI,UC52X5wxOL_s5yw0dQk7NtgA,Associated Press,2026-05-15T22:02:25+00:00,4.585694,4738,81,1033.213293,early
2026-05-20T12:05:48.986097+00:00,HYtraMgoWdc,UC9MAhZQQd9egwWCxrwSIsJQ,HISTORY,2026-05-11T21:00:16+00:00,8.628854,5684,81,658.72015,active
2026-05-20T12:05:48.986097+00:00,EGECtR8-qMI,UC52X5wxOL_s5yw0dQk7NtgA,Associated Press,2026-05-18T05:35:34+00:00,2.271007,2012,81,885.950594,early
2026-05-20T12:05:48.986097+00:00,odz3SZh8SW0,UCF0L4jd9LcSIxsj5gKITMqQ,Jaime Higuera,2026-05-15T21:00:52+00:00,4.628437,6743,80,1456.8633,early
2026-05-20T12:05:48.986097+00:00,I5MDClNqGKs,UC16niRr50-MSBwiO3YDb3RA,BBC News,2026-05-11T22:01:21+00:00,8.586435,192618,80,22432.82573,active
2026-05-20T12:05:48.986097+00:00,yHJAVswwouE,UCUsm-fannqOY02PNN67C0KA,NMás,2026-05-15T00:45:05+00:00,5.472731,4896,80,894.617331,early
2026-05-20T12:05:48.986097+00:00,xSgrwTJ4aeY,UCoLrcjPV5PbUrUyXq5mjc_A,MLB,2026-05-14T00:47:52+00:00,6.470798,46985,80,7261.082791,early
2026-05-20T12:05:48.986097+00:00,4LTJ1WBSOe0,UCiWLfSweyRNmLpgEHekhoAg,ESPN,2026-05-14T00:31:23+00:00,6.482245,65370,80,10084.469192,early
2026-05-20T12:05:48.986097+00:00,EP27GdakS2Q,UCTHaNTsP7hsVgBxARZTuajw,LUZU TV,2026-05-12T14:13:05+00:00,7.91162,15273,80,1930.451665,active
2026-05-20T12:05:48.986097+00:00,sHXJob_Yxmw,UCBBWpss2iXVXtTzl7-4eWbg,Jessica Fernández García,2026-05-12T18:52:33+00:00,7.717546,5802,79,751.793381,active
2026-05-20T12:05:48.986097+00:00,qIJHIuXcIMA,UCupvZG-5ko_eiXAupbDfxWw,CNN,2026-05-11T22:57:05+00:00,8.547731,54987,79,6432.935243,active
2026-05-20T12:05:48.986097+00:00,z2Y4_cDvEYc,UCUyDOdBWhC1MCxEjC46d-zw,Alex Hormozi,2026-05-05T03:00:00+00:00,15.379039,84268,78,5479.406093,active
2026-05-20T12:05:48.986097+00:00,pFxIhhK4rUE,UCUyDOdBWhC1MCxEjC46d-zw,Alex Hormozi,2026-05-07T05:00:00+00:00,13.295706,26018,78,1956.872392,active
2026-05-20T12:05:48.986097+00:00,5_q7ltV20m8,UCGXbLrVe8vnkiFv7q2vYv3w,El Mundo,2026-05-13T12:48:16+00:00,6.970521,9723,78,1394.874214,early
2026-05-20T12:05:48.986097+00:00,b8ehcVAn3x4,UCS0lmlVIYVz2qeWlZ_ynIWg,AJ+ Español,2026-05-12T19:02:15+00:00,7.71081,13146,78,1704.879254,active
2026-05-20T12:05:48.986097+00:00,bYzB21HU1os,UCafNntv_qTQB26AvbEQNHPw,Aristegui Noticias,2026-05-13T00:06:36+00:00,7.499456,20930,78,2790.869098,active
2026-05-20T12:05:48.986097+00:00,zniRrnvctGg,UCiWLfSweyRNmLpgEHekhoAg,ESPN,2026-05-16T23:29:25+00:00,3.525278,5135,78,1456.622712,early
2026-05-20T12:05:48.986097+00:00,f6MyY--BI7g,UCiWLfSweyRNmLpgEHekhoAg,ESPN,2026-05-15T16:11:40+00:00,4.829271,7412,78,1534.80722,early
2026-05-20T12:05:48.986097+00:00,VTGNeAxxnQg,UC52X5wxOL_s5yw0dQk7NtgA,Associated Press,2026-05-16T00:20:24+00:00,4.489873,12280,78,2735.043953,early
2026-05-20T12:05:48.986097+00:00,ufd2-4stl2c,UCl5-lvQyfILb-l2abPk4Ntg,Inteligencia Artificial,2026-05-14T09:44:15+00:00,6.09831,4527,77,742.336811,early
2026-05-20T12:05:48.986097+00:00,hSvx5iHui3Y,UCF0L4jd9LcSIxsj5gKITMqQ,Jaime Higuera,2026-05-13T20:00:34+00:00,6.670312,11006,77,1649.997781,early
2026-05-20T12:05:48.986097+00:00,38xA_7ePYr8,UCEK0oX3X2yK9y27khCsrNKg,Mis Propias Finanzas,2026-05-15T17:05:03+00:00,4.792199,4566,77,952.798496,early
2026-05-20T12:05:48.986097+00:00,SmZByY5CwPE,UCnsvJeZO4RigQ898WdDNoBw,EL PAÍS,2026-05-17T22:26:04+00:00,2.569271,1146,77,446.04092,early
2026-05-20T12:05:48.986097+00:00,EGUwjX7b-v0,UCnsvJeZO4RigQ898WdDNoBw,EL PAÍS,2026-05-16T19:28:04+00:00,3.692882,1959,77,530.479988,early
2026-05-20T12:05:48.986097+00:00,5K-fFOEeKak,UCUP6qv-_EIL0hwTsJaKYnvw,Azteca Noticias,2026-05-16T23:55:23+00:00,3.507245,7513,77,2142.137205,early
2026-05-20T12:05:48.986097+00:00,zypjtKErQrE,UC08mnbiC4FykqpHqbEWgFcg,ESPN Deportes,2026-05-11T14:30:51+00:00,8.899282,45547,77,5118.053344,active
2026-05-20T12:05:48.986097+00:00,BtpHUpbQNt8,UCNye-wNBqNL5ZzHSJj3l8Bg,Al Jazeera English,2026-05-15T19:06:21+00:00,4.707963,4876,77,1035.692082,early
2026-05-20T12:05:48.986097+00:00,_UFmkJrpc3Q,UCUyDOdBWhC1MCxEjC46d-zw,Alex Hormozi,2026-05-03T11:00:00+00:00,17.045706,97305,76,5708.475789,active
2026-05-20T12:05:48.986097+00:00,FP3q1wYzQKU,UC_x5XG1OV2P6uZZ5FSM9Ttw,Google for Developers,2026-05-11T13:00:27+00:00,8.96206,5088,76,567.726616,active
2026-05-20T12:05:48.986097+00:00,M4koHhKeaYY,UCWJ2lWNubArHWmf3FIHbfcQ,NBA,2026-05-12T03:32:30+00:00,8.35647,69909,76,8365.853046,active
2026-05-20T12:05:48.986097+00:00,NxhZZbZZtdo,UCiWLfSweyRNmLpgEHekhoAg,ESPN,2026-05-16T20:01:12+00:00,3.669873,6669,76,1817.229098,early
2026-05-20T12:05:48.986097+00:00,SjW-Fpa5nGU,UC52X5wxOL_s5yw0dQk7NtgA,Associated Press,2026-05-16T00:21:53+00:00,4.488842,5425,76,1208.552228,early
2026-05-20T12:05:48.986097+00:00,aPq7SBLcGoE,UC52X5wxOL_s5yw0dQk7NtgA,Associated Press,2026-05-13T17:25:26+00:00,6.778044,8447,76,1246.229738,early
2026-05-20T12:05:48.986097+00:00,GU-FXPAaVUw,UCupvZG-5ko_eiXAupbDfxWw,CNN,2026-05-13T11:52:35+00:00,7.00919,25129,75,3585.150353,active
2026-05-20T12:05:48.986097+00:00,zlkhwgCTypU,UCUsm-fannqOY02PNN67C0KA,NMás,2026-05-17T17:06:58+00:00,2.790868,3338,75,1196.043668,early
2026-05-20T12:05:48.986097+00:00,l98ZSezHYv4,UCTv-XvfzLX3i4IGWAm4sbmA,LALIGA EA SPORTS,2026-05-12T18:24:19+00:00,7.737153,11679,75,1509.469956,active
2026-05-20T12:05:48.986097+00:00,ltArspYpQHc,UCTrQ7HXWRRxr7OsOtodr2_w,Channel 4 News,2026-05-14T12:18:33+00:00,5.991157,14336,75,2392.86001,early
2026-05-20T12:05:48.986097+00:00,_jiymBkuVLg,UCsN32BtMd0IoByjJRNF12cw,60 Minutes,2026-05-12T00:52:38+00:00,8.467488,3158,75,372.955946,active
2026-05-20T12:05:48.986097+00:00,VDY6jAHA_1s,UCtwslQPB_xJfaFuZv0OETNw,Kings League Spain,2026-05-12T18:29:29+00:00,7.733565,19957,75,2580.569246,active
2026-05-20T12:05:48.986097+00:00,wdbipjFAkdU,UCeY0bbntWzzVIaj2z3QigXg,NBC News,2026-05-16T21:34:38+00:00,3.604988,5100,74,1414.706512,early
2026-05-20T12:05:48.986097+00:00,jX4hZBrtu64,UCafNntv_qTQB26AvbEQNHPw,Aristegui Noticias,2026-05-14T16:52:21+00:00,5.801018,6192,74,1067.39886,early
2026-05-20T12:05:48.986097+00:00,Yk3NoD0ex9Q,UCWJ2lWNubArHWmf3FIHbfcQ,NBA,2026-05-14T17:08:19+00:00,5.78993,17679,74,3053.404791,early
2026-05-20T12:05:48.986097+00:00,VeAzoVBesnU,UCwd8Byi93KbnsYmCcKLExvQ,Negocios TV,2026-05-14T22:30:07+00:00,5.566458,12658,73,2273.977456,early
2026-05-20T12:05:48.986097+00:00,-k7x2rLjj7k,UC16niRr50-MSBwiO3YDb3RA,BBC News,2026-05-14T12:30:00+00:00,5.983206,11953,73,1997.758392,early
2026-05-20T12:05:48.986097+00:00,c1kwbPXewCg,UCUP6qv-_EIL0hwTsJaKYnvw,Azteca Noticias,2026-05-15T00:35:00+00:00,5.479734,32433,73,5918.717952,early
2026-05-20T12:05:48.986097+00:00,-iwXIO7vsAA,UCTHaNTsP7hsVgBxARZTuajw,LUZU TV,2026-05-13T18:10:12+00:00,6.746956,4236,73,627.838688,early
2026-05-20T12:05:48.986097+00:00,Pzdk6JqgQ8s,UCNye-wNBqNL5ZzHSJj3l8Bg,Al Jazeera English,2026-05-16T03:35:00+00:00,4.354734,7559,73,1735.812107,early
2026-05-20T12:05:48.986097+00:00,RRDqtyH9sZc,UCUyDOdBWhC1MCxEjC46d-zw,Alex Hormozi,2026-05-05T11:00:00+00:00,15.045706,29781,72,1979.368732,active
2026-05-20T12:05:48.986097+00:00,yBGbkp0vvi0,UCF0L4jd9LcSIxsj5gKITMqQ,Jaime Higuera,2026-05-16T14:01:20+00:00,3.91978,3356,72,856.170499,early
2026-05-20T12:05:48.986097+00:00,x_uyYLcpNSE,UC16niRr50-MSBwiO3YDb3RA,BBC News,2026-05-13T15:01:39+00:00,6.877893,12045,72,1751.263069,early
2026-05-20T12:05:48.986097+00:00,1NOMRVL4ay8,UCWJ2lWNubArHWmf3FIHbfcQ,NBA,2026-05-12T18:40:07+00:00,7.72618,13304,72,1721.93762,active
2026-05-20T12:05:48.986097+00:00,2zZIN52j3bA,UCTrQ7HXWRRxr7OsOtodr2_w,Channel 4 News,2026-05-15T12:28:30+00:00,4.984248,22113,72,4436.576992,early
2026-05-20T12:05:48.986097+00:00,OgbLx7K5jKI,UCoOae5nYA7VqaXzerajD0lg,Ali Abdaal,2026-05-01T10:00:47+00:00,19.086829,30829,71,1615.197579,active
2026-05-20T12:05:48.986097+00:00,_Qc01vPZtCk,UCwd8Byi93KbnsYmCcKLExvQ,Negocios TV,2026-05-14T11:00:56+00:00,6.045058,12147,71,2009.410001,early
2026-05-20T12:05:48.986097+00:00,w_nSaJRzLw4,UC8butISFwT-Wl7EV0hUK0BQ,freeCodeCamp.org,2026-05-13T12:29:25+00:00,6.983611,10261,71,1469.297187,early
2026-05-20T12:05:48.986097+00:00,j9dM1RO8s4I,UCeY0bbntWzzVIaj2z3QigXg,NBC News,2026-05-15T20:19:38+00:00,4.657072,3341,71,717.403553,early
2026-05-20T12:05:48.986097+00:00,hdsqmchCzvM,UCUP6qv-_EIL0hwTsJaKYnvw,Azteca Noticias,2026-05-13T02:45:06+00:00,7.389386,25795,71,3490.817776,active
2026-05-20T12:05:48.986097+00:00,YmbmbP10jAo,UCcHtke0raf8vNYLM1Hbq3Jw,Imagen Noticias,2026-05-15T05:53:45+00:00,5.258379,10766,71,2047.399018,early
2026-05-20T12:05:48.986097+00:00,zIKhI9jCVR4,UC08mnbiC4FykqpHqbEWgFcg,ESPN Deportes,2026-05-12T18:30:30+00:00,7.732859,14262,71,1844.337263,active
2026-05-20T12:05:48.986097+00:00,YZHjp1u8OIU,UChqUTb7kYRX8-EiaN3XFrSQ,Reuters,2026-05-15T16:04:32+00:00,4.834224,12417,71,2568.561159,early
2026-05-20T12:05:48.986097+00:00,ECPOkLBiw3Q,UC52X5wxOL_s5yw0dQk7NtgA,Associated Press,2026-05-14T20:02:59+00:00,5.668634,4025,71,710.047606,early
2026-05-20T12:05:48.986097+00:00,U66yF4vW0m4,UCknLrEdhRCp1aegoMqRaCZg,DW News,2026-05-15T03:00:50+00:00,5.37846,19358,71,3599.17151,early
2026-05-20T12:05:48.986097+00:00,0viUD3MtC3I,UCknLrEdhRCp1aegoMqRaCZg,DW News,2026-05-13T11:00:56+00:00,7.045058,10820,71,1535.828378,active
2026-05-20T12:05:48.986097+00:00,GggJBZwhA2U,UCtwslQPB_xJfaFuZv0OETNw,Kings League Spain,2026-05-11T21:06:10+00:00,8.624757,24524,71,2843.44243,active
2026-05-20T12:05:48.986097+00:00,C2bR6WzvZzI,UCUsm-fannqOY02PNN67C0KA,NMás,2026-05-18T18:01:36+00:00,1.752928,749,71,427.285091,early
2026-05-20T12:05:48.986097+00:00,yGC0oT995TM,UC2UXDak6o7rBm23k3Vv5dww,Tina Huang,2026-04-30T15:01:52+00:00,19.877743,16930,70,851.706353,active
2026-05-20T12:05:48.986097+00:00,1CiyMxMbkRA,UCl5-lvQyfILb-l2abPk4Ntg,Inteligencia Artificial,2026-05-15T14:01:14+00:00,4.919849,2661,70,540.870258,early
2026-05-20T12:05:48.986097+00:00,FYsEnbtUjZg,UCzKnSeOq30zVvgosDFlne5g,Finect - Invertir mejor,2026-05-16T13:02:28+00:00,3.96066,1274,70,321.663561,early
2026-05-20T12:05:48.986097+00:00,_X7yMNl8u9g,UCnsvJeZO4RigQ898WdDNoBw,EL PAÍS,2026-05-12T09:38:29+00:00,8.102315,23260,70,2870.784461,active
2026-05-20T12:05:48.986097+00:00,QKC9crAqHWw,UCGXbLrVe8vnkiFv7q2vYv3w,El Mundo,2026-05-17T18:42:31+00:00,2.724514,3677,70,1349.598497,early
2026-05-20T12:05:48.986097+00:00,Hr6GrXVMAFc,UCvgfXK4nTYKudb0rFR6noLA,UFC,2026-05-14T16:09:23+00:00,5.830856,32187,70,5520.115743,early
2026-05-20T12:05:48.986097+00:00,B58Xn45Y4N4,UCWJ2lWNubArHWmf3FIHbfcQ,NBA,2026-05-12T05:41:21+00:00,8.266991,26111,70,3158.464791,active
2026-05-20T12:05:48.986097+00:00,7NCCrlWNY9g,UC08mnbiC4FykqpHqbEWgFcg,ESPN Deportes,2026-05-14T18:45:19+00:00,5.722569,28532,70,4985.872604,early
2026-05-20T12:05:48.986097+00:00,xRYh3fBQowU,UCTHaNTsP7hsVgBxARZTuajw,LUZU TV,2026-05-12T14:14:14+00:00,7.910822,14275,70,1804.490102,active
2026-05-20T12:05:48.986097+00:00,oJAlMG9ctTM,UCoMdktPbSTixAyNGwb-UYkQ,Sky News,2026-05-15T20:31:30+00:00,4.648831,9773,70,2102.248931,early
2026-05-20T12:05:48.986097+00:00,7i_EcaYY5Go,UCNye-wNBqNL5ZzHSJj3l8Bg,Al Jazeera English,2026-05-14T19:12:15+00:00,5.703866,7856,70,1377.311459,early
2026-05-20T12:05:48.986097+00:00,MxwVuQTGUbg,UCvPGx8qh8AkrFZW06tESvaA,Dot Dager,2026-05-09T17:28:24+00:00,10.775984,8325,69,772.551258,active
2026-05-20T12:05:48.986097+00:00,M43-iIsZDvc,UCGXbLrVe8vnkiFv7q2vYv3w,El Mundo,2026-05-11T15:25:53+00:00,8.861065,12824,69,1447.230102,active
2026-05-20T12:05:48.986097+00:00,7u-ik5jxSFs,UCoLrcjPV5PbUrUyXq5mjc_A,MLB,2026-05-16T17:00:09+00:00,3.795602,147775,69,38933.217972,early
2026-05-20T12:05:48.986097+00:00,jxXwgvHu6ug,UCiWLfSweyRNmLpgEHekhoAg,ESPN,2026-05-16T02:31:51+00:00,4.398588,35343,69,8035.07853,early
2026-05-20T12:05:48.986097+00:00,Mw0nR45aCb8,UC08mnbiC4FykqpHqbEWgFcg,ESPN Deportes,2026-05-12T21:30:11+00:00,7.608079,20192,69,2654.020811,active
2026-05-20T12:05:48.986097+00:00,c4MscJKdkA0,UChqUTb7kYRX8-EiaN3XFrSQ,Reuters,2026-05-15T04:48:28+00:00,5.303715,9354,69,1763.669428,early
2026-05-20T12:05:48.986097+00:00,Z-DVox-_9RE,UClLLRs_mFTsNT5U-DqTYAGg,La Vanguardia,2026-05-18T07:53:05+00:00,2.175509,729,69,335.093994,early
2026-05-20T12:05:48.986097+00:00,CdkCMd-OE5E,UCGXbLrVe8vnkiFv7q2vYv3w,El Mundo,2026-05-18T14:32:05+00:00,1.898426,685,69,360.825231,early
2026-05-20T12:05:48.986097+00:00,VREVC0wXPfs,UChhw6DlKKTQ9mYSpTfXUYqA,Starter Story,2026-04-22T17:44:35+00:00,27.764745,27738,68,999.036728,active
2026-05-20T12:05:48.986097+00:00,PJQhN8D12Vk,UCUyDOdBWhC1MCxEjC46d-zw,Alex Hormozi,2026-05-06T09:00:00+00:00,14.129039,32814,68,2322.450947,active
2026-05-20T12:05:48.986097+00:00,mMGUZApZJVE,UC16niRr50-MSBwiO3YDb3RA,BBC News,2026-05-14T15:54:54+00:00,5.840914,16726,68,2863.592924,early
2026-05-20T12:05:48.986097+00:00,OhKcnN0i1uI,UCeY0bbntWzzVIaj2z3QigXg,NBC News,2026-05-14T12:33:13+00:00,5.980972,30223,68,5053.192023,early
2026-05-20T12:05:48.986097+00:00,LsvGZ1j9340,UCafNntv_qTQB26AvbEQNHPw,Aristegui Noticias,2026-05-15T21:00:31+00:00,4.62868,4193,68,905.873813,early
2026-05-20T12:05:48.986097+00:00,Suasb5nIIQA,UCoLrcjPV5PbUrUyXq5mjc_A,MLB,2026-05-13T03:16:56+00:00,7.36728,39442,68,5353.671911,active
2026-05-20T12:05:48.986097+00:00,5yEt4-GR0Uk,UC08mnbiC4FykqpHqbEWgFcg,ESPN Deportes,2026-05-14T23:30:02+00:00,5.524849,13298,68,2406.943611,early
2026-05-20T12:05:48.986097+00:00,czS85XURnl4,UC04FyDIvYXNecpbG8gyOw4A,Meta,2026-05-12T16:05:04+00:00,7.833854,4668,68,595.875287,active
2026-05-20T12:05:48.986097+00:00,JXWs5KmzFNE,UCupvZG-5ko_eiXAupbDfxWw,CNN,2026-05-11T17:57:50+00:00,8.755544,21881,67,2499.102283,active
2026-05-20T12:05:48.986097+00:00,jB_IFpJV5mc,UCWJ2lWNubArHWmf3FIHbfcQ,NBA,2026-05-11T15:17:55+00:00,8.866597,20725,67,2337.424381,active
2026-05-20T12:05:48.986097+00:00,xLUarB1FvXI,UCWJ2lWNubArHWmf3FIHbfcQ,NBA,2026-05-11T03:10:18+00:00,9.371886,72893,67,7777.83682,active
2026-05-20T12:05:48.986097+00:00,ZLYk_pxgWrA,UC2iUwfYi_1FCGGqhOUNx-iA,ScreenRant,2026-05-13T21:00:29+00:00,6.628704,8195,67,1236.289929,early
2026-05-20T12:05:48.986097+00:00,xajmnT0XTDQ,UCoMdktPbSTixAyNGwb-UYkQ,Sky News,2026-05-13T11:20:47+00:00,7.031273,15560,67,2212.970539,active
2026-05-20T12:05:48.986097+00:00,yfCKCEUZrq8,UChqUTb7kYRX8-EiaN3XFrSQ,Reuters,2026-05-14T04:46:54+00:00,6.304803,35963,67,5704.064029,early
2026-05-20T12:05:48.986097+00:00,f_uHci1kNXU,UChqUTb7kYRX8-EiaN3XFrSQ,Reuters,2026-05-14T03:49:31+00:00,6.344653,16904,67,2664.290703,early
2026-05-20T12:05:48.986097+00:00,pLFdu9w3ZPg,UCknLrEdhRCp1aegoMqRaCZg,DW News,2026-05-14T10:35:46+00:00,6.062535,10310,67,1700.608739,early
2026-05-20T12:05:48.986097+00:00,qBZCwPMZMKE,UCcHtke0raf8vNYLM1Hbq3Jw,Imagen Noticias,2026-05-18T18:27:05+00:00,1.735231,2522,67,1453.408797,early
2026-05-20T12:05:48.986097+00:00,wL08vOQaK70,UCUyDOdBWhC1MCxEjC46d-zw,Alex Hormozi,2026-05-07T03:00:00+00:00,13.379039,33350,66,2492.705194,active
2026-05-20T12:05:48.986097+00:00,ygDAw3ORRVc,UCBi2mrWuNuyYy4gbM6fU18Q,ABC News,2026-05-13T17:44:37+00:00,6.764722,2967,66,438.598955,early
2026-05-20T12:05:48.986097+00:00,3mrxeW6yyrY,UCnsvJeZO4RigQ898WdDNoBw,EL PAÍS,2026-05-13T00:19:34+00:00,7.490451,30266,66,4040.611173,active
2026-05-20T12:05:48.986097+00:00,YAaix6JEUfU,UCUP6qv-_EIL0hwTsJaKYnvw,Azteca Noticias,2026-05-15T20:15:09+00:00,4.660185,3373,66,723.791008,early
2026-05-20T12:05:48.986097+00:00,hJGqj53NIoM,UCWJ2lWNubArHWmf3FIHbfcQ,NBA,2026-05-14T17:01:47+00:00,5.794467,21993,66,3795.517344,early
2026-05-20T12:05:48.986097+00:00,_5a8neKqys0,UCoLrcjPV5PbUrUyXq5mjc_A,MLB,2026-05-14T21:03:44+00:00,5.626447,13179,66,2342.330782,early
2026-05-20T12:05:48.986097+00:00,tZAhTVn2Aas,UCTv-XvfzLX3i4IGWAm4sbmA,LALIGA EA SPORTS,2026-05-14T18:01:47+00:00,5.752801,15057,66,2617.333713,early
2026-05-20T12:05:48.986097+00:00,Xc--VuvDD-k,UCTv-XvfzLX3i4IGWAm4sbmA,LALIGA EA SPORTS,2026-05-13T20:30:17+00:00,6.649676,6533,66,982.453882,early
2026-05-20T12:05:48.986097+00:00,OwQwg_00wSk,UCiWLfSweyRNmLpgEHekhoAg,ESPN,2026-05-16T13:15:30+00:00,3.951609,11339,66,2869.464059,early
2026-05-20T12:05:48.986097+00:00,zGmXMWcr6Co,UChqUTb7kYRX8-EiaN3XFrSQ,Reuters,2026-05-15T20:25:50+00:00,4.652766,10113,66,2173.5458,early
2026-05-20T12:05:48.986097+00:00,eqrs-71PkUY,UCtwslQPB_xJfaFuZv0OETNw,Kings League Spain,2026-05-12T19:22:11+00:00,7.696967,5547,66,720.673481,active
2026-05-20T12:05:48.986097+00:00,Mmc_1tg22iI,UC52X5wxOL_s5yw0dQk7NtgA,Associated Press,2026-05-18T09:25:12+00:00,2.111539,1057,66,500.58275,early
2026-05-20T12:05:48.986097+00:00,0nz8-v8rOVA,UCwd8Byi93KbnsYmCcKLExvQ,Negocios TV,2026-05-15T00:30:01+00:00,5.483194,9668,65,1763.205898,early
2026-05-20T12:05:48.986097+00:00,XOXmCcfmZrw,UCEAZeUIeJs0IjQiqTCdVSIg,Yahoo Finance,2026-05-13T16:30:03+00:00,6.816504,16103,65,2362.354662,early
2026-05-20T12:05:48.986097+00:00,kzsO9CYMlYo,UCUBIrDsIVzRpKsClMlSlTpQ,BBC News Mundo,2026-05-11T14:39:28+00:00,8.893298,15636,65,1758.1779,active
2026-05-20T12:05:48.986097+00:00,owFk5bej4TA,UCupvZG-5ko_eiXAupbDfxWw,CNN,2026-05-11T17:43:25+00:00,8.765555,28390,65,3238.813743,active
2026-05-20T12:05:48.986097+00:00,NKh6nIwYOR4,UCGXbLrVe8vnkiFv7q2vYv3w,El Mundo,2026-05-13T09:17:16+00:00,7.117048,53920,65,7576.174841,active
2026-05-20T12:05:48.986097+00:00,rFfCgyX30i8,UCWJ2lWNubArHWmf3FIHbfcQ,NBA,2026-05-13T00:41:43+00:00,7.475069,34253,65,4582.298839,active
2026-05-20T12:05:48.986097+00:00,Kxs259EwdiQ,UCTv-XvfzLX3i4IGWAm4sbmA,LALIGA EA SPORTS,2026-05-13T19:51:57+00:00,6.676296,13075,65,1958.421256,early
2026-05-20T12:05:48.986097+00:00,f3g2SCoB5HY,UCTrQ7HXWRRxr7OsOtodr2_w,Channel 4 News,2026-05-14T08:57:12+00:00,6.130984,17291,65,2820.265067,early
2026-05-20T12:05:48.986097+00:00,LBa9Fr6aawI,UCUsm-fannqOY02PNN67C0KA,NMás,2026-05-18T14:54:34+00:00,1.882812,1937,65,1028.780356,early
2026-05-20T12:05:48.986097+00:00,oIwNpzOJzjQ,UCl5-lvQyfILb-l2abPk4Ntg,Inteligencia Artificial,2026-05-15T15:11:52+00:00,4.870798,1796,64,368.728081,early
2026-05-20T12:05:48.986097+00:00,G0cracsU4vc,UCUP6qv-_EIL0hwTsJaKYnvw,Azteca Noticias,2026-05-15T01:05:00+00:00,5.4589,41473,64,7597.318141,early
2026-05-20T12:05:48.986097+00:00,JtThqtKDsVc,UCWJ2lWNubArHWmf3FIHbfcQ,NBA,2026-05-12T02:32:27+00:00,8.398171,21946,64,2613.188038,active
2026-05-20T12:05:48.986097+00:00,XVGjXuQAJvc,UCoLrcjPV5PbUrUyXq5mjc_A,MLB,2026-05-13T03:47:51+00:00,7.34581,34694,64,4722.96452,active
2026-05-20T12:05:48.986097+00:00,4RqImKKihiY,UCiWLfSweyRNmLpgEHekhoAg,ESPN,2026-05-15T20:30:36+00:00,4.649456,7861,64,1690.735432,early
2026-05-20T12:05:48.986097+00:00,68DDel9rEck,UCTrQ7HXWRRxr7OsOtodr2_w,Channel 4 News,2026-05-14T12:34:43+00:00,5.97993,7806,64,1305.366451,early
2026-05-20T12:05:48.986097+00:00,x4FWI5SiKUA,UCWJ2lWNubArHWmf3FIHbfcQ,NBA,2026-05-12T04:00:16+00:00,8.337187,19050,63,2284.943351,active
2026-05-20T12:05:48.986097+00:00,VjRqCDBpjNk,UCoLrcjPV5PbUrUyXq5mjc_A,MLB,2026-05-14T03:01:14+00:00,6.378183,25852,63,4053.191951,early
2026-05-20T12:05:48.986097+00:00,9GFK-iuWGuk,UChqUTb7kYRX8-EiaN3XFrSQ,Reuters,2026-05-14T16:04:41+00:00,5.83412,1994,63,341.78248,early
2026-05-20T12:05:48.986097+00:00,Tbu6mkGyzvo,UChqUTb7kYRX8-EiaN3XFrSQ,Reuters,2026-05-14T02:54:04+00:00,6.38316,26045,63,4080.267454,early
2026-05-20T12:05:48.986097+00:00,goEokMv04B4,UCknLrEdhRCp1aegoMqRaCZg,DW News,2026-05-12T01:23:07+00:00,8.446319,31277,63,3703.033239,active
2026-05-20T12:05:48.986097+00:00,nYf3h1qPleQ,UC-2hhqBG5Su7s91_HmhaODQ,Fox Deportes,2026-05-16T04:22:44+00:00,4.321585,2712,63,627.547532,early
2026-05-20T12:05:48.986097+00:00,DI1boxEwvAM,UClLLRs_mFTsNT5U-DqTYAGg,La Vanguardia,2026-05-18T08:19:10+00:00,2.157396,281,63,130.249616,early
2026-05-20T12:05:48.986097+00:00,XzjEiCdwotM,UChqUTb7kYRX8-EiaN3XFrSQ,Reuters,2026-05-18T03:07:20+00:00,2.373947,946,63,398.492468,early
2026-05-20T12:05:48.986097+00:00,2MInIAO3bFA,UCm5iBOcQ0GET_2FqFI61QDA,Cara Nicole,2026-05-09T16:00:03+00:00,10.837338,6369,62,587.690446,active
2026-05-20T12:05:48.986097+00:00,E6E2A5TbUD4,UCEAZeUIeJs0IjQiqTCdVSIg,Yahoo Finance,2026-05-15T13:52:01+00:00,4.92625,2747,62,557.624968,early
2026-05-20T12:05:48.986097+00:00,gkBmzQwvivI,UC16niRr50-MSBwiO3YDb3RA,BBC News,2026-05-14T22:30:11+00:00,5.566412,9362,62,1681.87335,early
2026-05-20T12:05:48.986097+00:00,4AIe6FTruqQ,UCupvZG-5ko_eiXAupbDfxWw,CNN,2026-05-13T19:56:42+00:00,6.672998,42362,62,6348.271047,early
2026-05-20T12:05:48.986097+00:00,iXeeiZUVw50,UCnsvJeZO4RigQ898WdDNoBw,EL PAÍS,2026-05-14T11:00:19+00:00,6.045486,18902,62,3126.630349,early
2026-05-20T12:05:48.986097+00:00,bLsIdns-lQI,UCcHtke0raf8vNYLM1Hbq3Jw,Imagen Noticias,2026-05-15T03:16:45+00:00,5.367407,13986,62,2605.727496,early
2026-05-20T12:05:48.986097+00:00,KVRhp1etf7c,UCoLrcjPV5PbUrUyXq5mjc_A,MLB,2026-05-14T06:16:02+00:00,6.242905,14833,62,2375.977209,early
2026-05-20T12:05:48.986097+00:00,edVuqegfmO4,UCoLrcjPV5PbUrUyXq5mjc_A,MLB,2026-05-12T23:20:19+00:00,7.531597,19661,62,2610.468935,active
2026-05-20T12:05:48.986097+00:00,K4jejpSlUck,UCiWLfSweyRNmLpgEHekhoAg,ESPN,2026-05-16T13:14:49+00:00,3.952083,8969,62,2269.436143,early
2026-05-20T12:05:48.986097+00:00,G8aRnSMBNok,UCiWLfSweyRNmLpgEHekhoAg,ESPN,2026-05-14T20:40:59+00:00,5.642245,5709,62,1011.831283,early
2026-05-20T12:05:48.986097+00:00,V7AIpH7H6GM,UChqUTb7kYRX8-EiaN3XFrSQ,Reuters,2026-05-15T09:51:15+00:00,5.093449,6669,62,1309.328905,early
2026-05-20T12:05:48.986097+00:00,jiQw7UXFmpI,UC52X5wxOL_s5yw0dQk7NtgA,Associated Press,2026-05-17T12:15:19+00:00,2.993403,2679,62,894.968035,early
2026-05-20T12:05:48.986097+00:00,iR6FvFoW0F4,UC5mQQ4Ur6oA8lsGFkvH2lyg,Noche De Chicxs,2026-05-03T17:01:02+00:00,16.794988,19794,61,1178.565891,active
2026-05-20T12:05:48.986097+00:00,TGfj4Bz4MQs,UCF0L4jd9LcSIxsj5gKITMqQ,Jaime Higuera,2026-05-15T16:30:12+00:00,4.8164,7184,61,1491.570468,early
2026-05-20T12:05:48.986097+00:00,tD-FbYA0wxE,UCUsm-fannqOY02PNN67C0KA,NMás,2026-05-15T23:18:36+00:00,4.532789,7544,61,1664.317488,early
2026-05-20T12:05:48.986097+00:00,PeLX4sJqhHw,UCWJ2lWNubArHWmf3FIHbfcQ,NBA,2026-05-13T22:18:53+00:00,6.574259,13653,61,2076.735948,early
2026-05-20T12:05:48.986097+00:00,mc_6jRiAhgQ,UC08mnbiC4FykqpHqbEWgFcg,ESPN Deportes,2026-05-12T23:30:19+00:00,7.524653,12350,61,1641.271697,active
2026-05-20T12:05:48.986097+00:00,zxd1ul1vmeU,UCYUQQgogVeQY8cMQamhHJcg,CinemaSins,2026-05-13T14:01:27+00:00,6.919699,10951,61,1582.583289,early
2026-05-20T12:05:48.986097+00:00,yU7LNxVOvis,UC-2hhqBG5Su7s91_HmhaODQ,Fox Deportes,2026-05-17T07:26:05+00:00,3.194259,5261,61,1647.017352,early
2026-05-20T12:05:48.986097+00:00,d7qfcHa4LTY,UCoOae5nYA7VqaXzerajD0lg,Ali Abdaal,2026-05-04T10:00:54+00:00,16.086748,22089,60,1373.117799,active
2026-05-20T12:05:48.986097+00:00,ILekXmORFDk,UC16niRr50-MSBwiO3YDb3RA,BBC News,2026-05-14T10:15:01+00:00,6.076944,6863,60,1129.350542,early
2026-05-20T12:05:48.986097+00:00,gGnc9RAkdnc,UC16niRr50-MSBwiO3YDb3RA,BBC News,2026-05-12T18:20:01+00:00,7.740139,24911,60,3218.417654,active
2026-05-20T12:05:48.986097+00:00,NlAn6iSVCzM,UCupvZG-5ko_eiXAupbDfxWw,CNN,2026-05-14T16:55:15+00:00,5.799004,16403,60,2828.589185,early
2026-05-20T12:05:48.986097+00:00,yTresTJD02o,UCupvZG-5ko_eiXAupbDfxWw,CNN,2026-05-14T05:21:05+00:00,6.281065,16720,60,2661.96895,early
2026-05-20T12:05:48.986097+00:00,2HqSabFRT-Q,UCWJ2lWNubArHWmf3FIHbfcQ,NBA,2026-05-12T05:39:37+00:00,8.268194,26092,60,3155.70728,active
2026-05-20T12:05:48.986097+00:00,TmDYzELz0LY,UCTv-XvfzLX3i4IGWAm4sbmA,LALIGA EA SPORTS,2026-05-13T18:43:01+00:00,6.724167,18295,60,2720.78311,early
2026-05-20T12:05:48.986097+00:00,pFVbV9hR-Is,UCiWLfSweyRNmLpgEHekhoAg,ESPN,2026-05-15T18:30:13+00:00,4.733055,6001,60,1267.891457,early
2026-05-20T12:05:48.986097+00:00,TIl_e3QzN9c,UChqUTb7kYRX8-EiaN3XFrSQ,Reuters,2026-05-17T19:26:07+00:00,2.694236,2530,60,939.041717,early
2026-05-20T12:05:48.986097+00:00,BPt0fwBCDbQ,UCl5-lvQyfILb-l2abPk4Ntg,Inteligencia Artificial,2026-04-22T09:51:17+00:00,28.093426,379824,59,13520.031341,active
2026-05-20T12:05:48.986097+00:00,chpVucSypz8,UCtT7zEoC9-HNyLYb8cYWoww,Ale Marin,2026-05-17T16:00:49+00:00,2.836805,1475,59,519.951142,early
2026-05-20T12:05:48.986097+00:00,btBEuHXnIrY,UCv85NiROLKddHa0fBATwTzw,Victor Robles WEB,2026-05-16T22:07:00+00:00,3.582511,1540,59,429.866091,early
2026-05-20T12:05:48.986097+00:00,wiA5qiNaC3o,UCUP6qv-_EIL0hwTsJaKYnvw,Azteca Noticias,2026-05-16T17:16:36+00:00,3.784178,4382,59,1157.979355,early
2026-05-20T12:05:48.986097+00:00,owhdq6hE2_U,UCUP6qv-_EIL0hwTsJaKYnvw,Azteca Noticias,2026-05-15T16:45:15+00:00,4.805949,8415,59,1750.95491,early
2026-05-20T12:05:48.986097+00:00,_AYoWW9x4LA,UCUP6qv-_EIL0hwTsJaKYnvw,Azteca Noticias,2026-05-13T23:30:22+00:00,6.524618,37409,59,5733.51574,early
2026-05-20T12:05:48.986097+00:00,HCZIQLLYw6Y,UCWJ2lWNubArHWmf3FIHbfcQ,NBA,2026-05-14T01:31:04+00:00,6.440798,25176,59,3908.832415,early
2026-05-20T12:05:48.986097+00:00,CQE-eSMp3V0,UC52X5wxOL_s5yw0dQk7NtgA,Associated Press,2026-05-13T02:45:09+00:00,7.389352,4410,59,596.8047,active
2026-05-20T12:05:48.986097+00:00,JMB3bFua-38,UC-2hhqBG5Su7s91_HmhaODQ,Fox Deportes,2026-05-17T16:47:50+00:00,2.804155,376,59,134.086739,early
2026-05-20T12:05:48.986097+00:00,SY53rwqE2i0,UCaVPhFg-Ax873wvhbNitsrQ,El Robot de Platón,2026-04-21T21:57:36+00:00,28.589039,28801,58,1007.414065,active
2026-05-20T12:05:48.986097+00:00,Zq5SUS1hngk,UCF0L4jd9LcSIxsj5gKITMqQ,Jaime Higuera,2026-05-15T20:00:18+00:00,4.670498,6624,58,1418.264177,early
2026-05-20T12:05:48.986097+00:00,met02sYUMm8,UCHhfu5p0zydyM-_nw3IJvig,Urban Tecno,2026-05-14T15:01:20+00:00,5.878113,2588,58,440.277348,early
2026-05-20T12:05:48.986097+00:00,2GtpQV7raZQ,UCcHtke0raf8vNYLM1Hbq3Jw,Imagen Noticias,2026-05-15T03:13:42+00:00,5.369525,6282,58,1169.935888,early
2026-05-20T12:05:48.986097+00:00,UKr69KznpgU,UCiWLfSweyRNmLpgEHekhoAg,ESPN,2026-05-16T13:12:26+00:00,3.953738,16515,58,4177.059785,early
2026-05-20T12:05:48.986097+00:00,sijpb8TxsW4,UCiWLfSweyRNmLpgEHekhoAg,ESPN,2026-05-14T02:52:59+00:00,6.383912,17996,58,2818.961164,early
2026-05-20T12:05:48.986097+00:00,35Inh2po_OE,UC08mnbiC4FykqpHqbEWgFcg,ESPN Deportes,2026-05-13T23:30:24+00:00,6.524595,18470,58,2830.827048,early
2026-05-20T12:05:48.986097+00:00,Ymn9zgCEXQQ,UChqUTb7kYRX8-EiaN3XFrSQ,Reuters,2026-05-15T15:59:35+00:00,4.837662,5050,58,1043.89269,early
2026-05-20T12:05:48.986097+00:00,3uLeqIBiuGU,UC9MAhZQQd9egwWCxrwSIsJQ,HISTORY,2026-05-12T16:00:35+00:00,7.836967,9282,58,1184.386766,active
2026-05-20T12:05:48.986097+00:00,WpI0QUIs7Xo,UCurvRE5fGcdUgCYWgh-BDsg,DAZN Boxing,2026-05-14T19:08:21+00:00,5.706574,4634,58,812.045897,early
2026-05-20T12:05:48.986097+00:00,GEXxx3JQmdw,UCvPGx8qh8AkrFZW06tESvaA,Dot Dager,2026-05-01T14:39:52+00:00,18.893021,10650,57,563.700215,active
2026-05-20T12:05:48.986097+00:00,R1Vs8Rnl1iY,UCUyDOdBWhC1MCxEjC46d-zw,Alex Hormozi,2026-05-06T19:00:00+00:00,13.712373,18754,57,1367.669914,active
2026-05-20T12:05:48.986097+00:00,mXHhu_wVKNI,UCF0L4jd9LcSIxsj5gKITMqQ,Jaime Higuera,2026-05-13T18:00:41+00:00,6.753565,5475,57,810.68295,early
2026-05-20T12:05:48.986097+00:00,q-IWIN7bsVg,UCtT7zEoC9-HNyLYb8cYWoww,Ale Marin,2026-05-17T16:15:05+00:00,2.826898,1241,57,438.997092,early
2026-05-20T12:05:48.986097+00:00,bYmzvY16nSA,UCeY0bbntWzzVIaj2z3QigXg,NBC News,2026-05-14T12:32:11+00:00,5.98169,10818,57,1808.518997,early
2026-05-20T12:05:48.986097+00:00,k22i5OtiTNE,UCGXbLrVe8vnkiFv7q2vYv3w,El Mundo,2026-05-14T10:03:27+00:00,6.084977,18789,57,3087.76845,early
2026-05-20T12:05:48.986097+00:00,zvMvjSR1SPk,UCcHtke0raf8vNYLM1Hbq3Jw,Imagen Noticias,2026-05-15T16:54:41+00:00,4.799398,4156,57,865.941937,early
2026-05-20T12:05:48.986097+00:00,PCrXyRxsjmY,UCiWLfSweyRNmLpgEHekhoAg,ESPN,2026-05-14T16:18:02+00:00,5.824849,4171,57,716.070065,early
2026-05-20T12:05:48.986097+00:00,MJ67aa1icKc,UCddn8dUxYdgJz3Qr5mjADtA,NutritionFacts.org,2026-05-12T05:00:19+00:00,8.295486,8781,57,1058.527493,active
2026-05-20T12:05:48.986097+00:00,oknUEMD7aIU,UCtwslQPB_xJfaFuZv0OETNw,Kings League Spain,2026-05-12T21:12:56+00:00,7.620058,13447,57,1764.684731,active
2026-05-20T12:05:48.986097+00:00,7mdWm_Y09vc,UCurvRE5fGcdUgCYWgh-BDsg,DAZN Boxing,2026-05-14T14:52:04+00:00,5.884548,5058,57,859.539254,early
2026-05-20T12:05:48.986097+00:00,faI4p5bLrHI,UCl5-lvQyfILb-l2abPk4Ntg,Inteligencia Artificial,2026-05-13T14:16:03+00:00,6.90956,3141,56,454.587557,early
2026-05-20T12:05:48.986097+00:00,6UmOUR7Uwpw,UCl5-lvQyfILb-l2abPk4Ntg,Inteligencia Artificial,2026-05-14T12:20:57+00:00,5.989491,1940,56,323.900645,early
2026-05-20T12:05:48.986097+00:00,jNmoiyT4mMQ,UCGXbLrVe8vnkiFv7q2vYv3w,El Mundo,2026-05-15T10:06:37+00:00,5.082778,27178,56,5347.075949,early
2026-05-20T12:05:48.986097+00:00,2uFfXXZJcUU,UCUsm-fannqOY02PNN67C0KA,NMás,2026-05-16T18:12:30+00:00,3.745359,4045,56,1080.003279,early
2026-05-20T12:05:48.986097+00:00,Q8Be6tT2p2E,UCWJ2lWNubArHWmf3FIHbfcQ,NBA,2026-05-12T02:14:20+00:00,8.410752,14523,56,1726.718372,active
2026-05-20T12:05:48.986097+00:00,sfp9BMrG8Kg,UCoLrcjPV5PbUrUyXq5mjc_A,MLB,2026-05-12T17:01:08+00:00,7.794919,42121,56,5403.648197,active
2026-05-20T12:05:48.986097+00:00,PwDPsfRpgHg,UCiWLfSweyRNmLpgEHekhoAg,ESPN,2026-05-15T15:00:11+00:00,4.878912,2833,56,580.662246,early
2026-05-20T12:05:48.986097+00:00,D1o53aDujzs,UCiWLfSweyRNmLpgEHekhoAg,ESPN,2026-05-15T13:26:20+00:00,4.944085,10343,56,2091.994778,early
2026-05-20T12:05:48.986097+00:00,gH1uLGsaUQ4,UChqUTb7kYRX8-EiaN3XFrSQ,Reuters,2026-05-15T22:00:53+00:00,4.586759,2755,56,600.641978,early
2026-05-20T12:05:48.986097+00:00,JGOIYAGjUxE,UChqUTb7kYRX8-EiaN3XFrSQ,Reuters,2026-05-14T17:43:12+00:00,5.765706,2282,56,395.788478,early
2026-05-20T12:05:48.986097+00:00,wJlKBFy1fNE,UC52X5wxOL_s5yw0dQk7NtgA,Associated Press,2026-05-15T16:27:25+00:00,4.818333,10932,56,2268.83447,early
2026-05-20T12:05:48.986097+00:00,VjGOSzXI27Q,UCNye-wNBqNL5ZzHSJj3l8Bg,Al Jazeera English,2026-05-13T16:47:59+00:00,6.804051,9104,56,1338.02642,early
2026-05-20T12:05:48.986097+00:00,71QoiP6ZYbw,UCtwslQPB_xJfaFuZv0OETNw,Kings League Spain,2026-05-17T12:46:48+00:00,2.971539,1750,56,588.920421,early
2026-05-20T12:05:48.986097+00:00,Ws_Tm-OYjQ8,UCnsvJeZO4RigQ898WdDNoBw,EL PAÍS,2026-05-18T10:42:07+00:00,2.058125,2824,56,1372.122684,early
2026-05-20T12:05:48.986097+00:00,OjCadjqDoao,UCUsm-fannqOY02PNN67C0KA,NMás,2026-05-18T19:55:39+00:00,1.673727,469,56,280.212962,early
2026-05-20T12:05:48.986097+00:00,MpPS5I1pJD8,UCUyDOdBWhC1MCxEjC46d-zw,Alex Hormozi,2026-05-03T05:00:00+00:00,17.295706,60361,55,3489.941376,active
2026-05-20T12:05:48.986097+00:00,dyy-YNiS0U4,UC9mrBfjgyOsqJ0J-zw7kZLQ,Atherion,2026-05-06T00:29:17+00:00,14.483704,3260,55,225.080546,active
2026-05-20T12:05:48.986097+00:00,74LIuJGg0CI,UCwd8Byi93KbnsYmCcKLExvQ,Negocios TV,2026-05-15T23:00:06+00:00,4.545636,73208,55,16105.117084,early
2026-05-20T12:05:48.986097+00:00,U0YMuaOOpUE,UC16niRr50-MSBwiO3YDb3RA,BBC News,2026-05-14T13:13:03+00:00,5.95331,9050,55,1520.162733,early
2026-05-20T12:05:48.986097+00:00,aUFbtOUN-qs,UC16niRr50-MSBwiO3YDb3RA,BBC News,2026-05-12T19:20:00+00:00,7.698484,27201,55,3533.293048,active
2026-05-20T12:05:48.986097+00:00,ZTIN_v1_iyo,UCBi2mrWuNuyYy4gbM6fU18Q,ABC News,2026-05-14T09:56:08+00:00,6.090058,9149,55,1502.284543,early
2026-05-20T12:05:48.986097+00:00,Vr0NbgOuMWM,UCnsvJeZO4RigQ898WdDNoBw,EL PAÍS,2026-05-16T17:43:56+00:00,3.765197,3852,55,1023.054039,early
2026-05-20T12:05:48.986097+00:00,5988tYSqtIA,UCGXbLrVe8vnkiFv7q2vYv3w,El Mundo,2026-05-14T08:47:41+00:00,6.137592,14918,55,2430.59493,early
2026-05-20T12:05:48.986097+00:00,Y_jZyC-PmIg,UCWJ2lWNubArHWmf3FIHbfcQ,NBA,2026-05-14T21:45:55+00:00,5.597153,17883,55,3195.017181,early
2026-05-20T12:05:48.986097+00:00,yOmvurHZVGE,UCTv-XvfzLX3i4IGWAm4sbmA,LALIGA EA SPORTS,2026-05-13T20:07:12+00:00,6.665706,5844,55,876.726336,early
2026-05-20T12:05:48.986097+00:00,wwPNOJCnnnc,UC6ZFN9Tx6xh-skXCuRHCDpQ,PBS NewsHour,2026-05-13T14:55:56+00:00,6.881863,21421,55,3112.674577,early
2026-05-20T12:05:48.986097+00:00,-yde3KTAOTk,UCtwslQPB_xJfaFuZv0OETNw,Kings League Spain,2026-05-12T21:01:51+00:00,7.627754,5513,55,722.755348,active
2026-05-20T12:05:48.986097+00:00,FiOqNG-GKts,UC-2hhqBG5Su7s91_HmhaODQ,Fox Deportes,2026-05-16T19:14:15+00:00,3.702477,1396,55,377.044881,early
2026-05-20T12:05:48.986097+00:00,MANsPvLwJs0,UCF0L4jd9LcSIxsj5gKITMqQ,Jaime Higuera,2026-05-06T17:00:35+00:00,13.795301,13910,54,1008.314353,active
2026-05-20T12:05:48.986097+00:00,8YlV21ChdBY,UC4JX40jDee_tINbkjycV4Sg,Tech With Tim,2026-05-12T00:45:00+00:00,8.472789,16513,54,1948.945029,active
2026-05-20T12:05:48.986097+00:00,4hvWBG2BKco,UC16niRr50-MSBwiO3YDb3RA,BBC News,2026-05-11T23:00:08+00:00,8.545613,31507,54,3686.920997,active
2026-05-20T12:05:48.986097+00:00,RKhs5YP4Xf4,UC8p1vwvWtl6T73JiExfWs1g,CBS News,2026-05-16T01:54:05+00:00,4.424815,8993,54,2032.401355,early
2026-05-20T12:05:48.986097+00:00,de4TBgEgWBY,UCWJ2lWNubArHWmf3FIHbfcQ,NBA,2026-05-14T02:22:26+00:00,6.405127,15645,54,2442.574519,early
2026-05-20T12:05:48.986097+00:00,CudmuUqw1GI,UCTv-XvfzLX3i4IGWAm4sbmA,LALIGA EA SPORTS,2026-05-12T21:13:54+00:00,7.619386,30884,54,4053.344981,active
2026-05-20T12:05:48.986097+00:00,jRWY-XHqHfk,UCTv-XvfzLX3i4IGWAm4sbmA,LALIGA EA SPORTS,2026-05-12T20:34:37+00:00,7.646667,21019,54,2748.779305,active
2026-05-20T12:05:48.986097+00:00,R26KptjF3lE,UCTHaNTsP7hsVgBxARZTuajw,LUZU TV,2026-05-13T22:15:32+00:00,6.576585,1689,54,256.820219,early
2026-05-20T12:05:48.986097+00:00,-KzTHd2TBmw,UChqUTb7kYRX8-EiaN3XFrSQ,Reuters,2026-05-16T12:33:38+00:00,3.980683,3412,54,857.13934,early
2026-05-20T12:05:48.986097+00:00,RCdzpCWZ6JI,UC52X5wxOL_s5yw0dQk7NtgA,Associated Press,2026-05-15T18:35:59+00:00,4.729051,6895,54,1458.009228,early
2026-05-20T12:05:48.986097+00:00,1wfrEWUwzaY,UCTrQ7HXWRRxr7OsOtodr2_w,Channel 4 News,2026-05-15T08:57:38+00:00,5.130683,8422,54,1641.496853,early
2026-05-20T12:05:48.986097+00:00,7TUD_mJ3sZs,UCFxHplbcoJK9m70c4VyTIxg,MILENIO,2026-05-14T15:00:13+00:00,5.878889,6659,54,1132.697011,early
2026-05-20T12:05:48.986097+00:00,_3OTrJYpig8,UCcHtke0raf8vNYLM1Hbq3Jw,Imagen Noticias,2026-05-18T17:40:40+00:00,1.767465,313,54,177.089787,early
2026-05-20T12:05:48.986097+00:00,Q5rmW96IGqA,UCUyDOdBWhC1MCxEjC46d-zw,Alex Hormozi,2026-05-01T11:00:00+00:00,19.045706,38624,53,2027.963679,active
2026-05-20T12:05:48.986097+00:00,L5HQ_jx0HX8,UCUyDOdBWhC1MCxEjC46d-zw,Alex Hormozi,2026-05-04T23:00:00+00:00,15.545706,23709,53,1525.115681,active
2026-05-20T12:05:48.986097+00:00,pS0W2tHiIJs,UC16niRr50-MSBwiO3YDb3RA,BBC News,2026-05-14T22:00:52+00:00,5.586771,9033,53,1616.855246,early
2026-05-20T12:05:48.986097+00:00,GPF0PzzT-8Y,UCBi2mrWuNuyYy4gbM6fU18Q,ABC News,2026-05-14T19:33:25+00:00,5.689167,6069,53,1066.764256,early
2026-05-20T12:05:48.986097+00:00,qF_l0h7gLHc,UCeY0bbntWzzVIaj2z3QigXg,NBC News,2026-05-14T15:05:40+00:00,5.875104,5838,53,993.684537,early
2026-05-20T12:05:48.986097+00:00,njMn9F44__4,UCeY0bbntWzzVIaj2z3QigXg,NBC News,2026-05-14T14:46:38+00:00,5.888322,13939,53,2367.227879,early
2026-05-20T12:05:48.986097+00:00,vchzbl-1ZMo,UCS0lmlVIYVz2qeWlZ_ynIWg,AJ+ Español,2026-05-11T18:57:04+00:00,8.71441,11109,53,1274.785097,active
2026-05-20T12:05:48.986097+00:00,po9OENiX6O8,UCTv-XvfzLX3i4IGWAm4sbmA,LALIGA EA SPORTS,2026-05-13T17:32:55+00:00,6.772847,18962,53,2799.708896,early
2026-05-20T12:05:48.986097+00:00,zaEq0N3fM98,UCoMdktPbSTixAyNGwb-UYkQ,Sky News,2026-05-14T21:13:54+00:00,5.619386,11669,53,2076.561389,early
2026-05-20T12:05:48.986097+00:00,JKkAMcsJwg0,UC52X5wxOL_s5yw0dQk7NtgA,Associated Press,2026-05-14T23:07:56+00:00,5.540197,9072,53,1637.486898,early
2026-05-20T12:05:48.986097+00:00,8VA2JnBuBss,UCFxHplbcoJK9m70c4VyTIxg,MILENIO,2026-05-15T18:31:14+00:00,4.732349,2381,53,503.132799,early
2026-05-20T12:05:48.986097+00:00,hEzn8sx_Le4,UCGXbLrVe8vnkiFv7q2vYv3w,El Mundo,2026-05-18T09:18:20+00:00,2.116308,3728,53,1761.558336,early
2026-05-20T12:05:48.986097+00:00,98ShZgIhSbk,UCUyDOdBWhC1MCxEjC46d-zw,Alex Hormozi,2026-05-01T05:00:00+00:00,19.295706,108767,52,5636.849981,active
2026-05-20T12:05:48.986097+00:00,5W2lIWDyXjI,UCUyDOdBWhC1MCxEjC46d-zw,Alex Hormozi,2026-05-02T09:00:00+00:00,18.129039,71103,52,3922.050143,active
2026-05-20T12:05:48.986097+00:00,qx6ZbgO8vtU,UCUyDOdBWhC1MCxEjC46d-zw,Alex Hormozi,2026-05-05T07:00:00+00:00,15.212373,19739,52,1297.562188,active
2026-05-20T12:05:48.986097+00:00,m8nU1oWeHAI,UCWn_0MmgojB711LFX-jaCDQ,El Rincón Del Dev,2026-05-05T15:50:06+00:00,14.844248,9527,52,641.797415,active
2026-05-20T12:05:48.986097+00:00,9shE5GdYp68,UC9mrBfjgyOsqJ0J-zw7kZLQ,Atherion,2026-05-08T03:12:04+00:00,12.37066,3532,52,285.514273,active
2026-05-20T12:05:48.986097+00:00,JBN7zfWpRJE,UCl5-lvQyfILb-l2abPk4Ntg,Inteligencia Artificial,2026-05-11T15:50:01+00:00,8.844305,7183,52,812.161046,active
2026-05-20T12:05:48.986097+00:00,e5ygohJrN0k,UCF0L4jd9LcSIxsj5gKITMqQ,Jaime Higuera,2026-05-14T20:00:33+00:00,5.670324,12133,52,2139.736636,early
2026-05-20T12:05:48.986097+00:00,OxZYi3TjbIc,UCwd8Byi93KbnsYmCcKLExvQ,Negocios TV,2026-05-15T13:30:33+00:00,4.941157,3900,52,789.288824,early
2026-05-20T12:05:48.986097+00:00,g6DOx57CaNE,UCwd8Byi93KbnsYmCcKLExvQ,Negocios TV,2026-05-15T00:30:37+00:00,5.482778,29821,52,5439.03109,early
2026-05-20T12:05:48.986097+00:00,iUj67b4WKl8,UC4JX40jDee_tINbkjycV4Sg,Tech With Tim,2026-05-13T15:30:20+00:00,6.857974,9867,52,1438.76311,early
2026-05-20T12:05:48.986097+00:00,8LL7QLVgfmQ,UCnsvJeZO4RigQ898WdDNoBw,EL PAÍS,2026-05-14T23:38:50+00:00,5.518738,2179,52,394.836646,early
2026-05-20T12:05:48.986097+00:00,G_-aIgJFGMk,UCcHtke0raf8vNYLM1Hbq3Jw,Imagen Noticias,2026-05-14T18:56:26+00:00,5.714849,2794,52,488.901807,early
2026-05-20T12:05:48.986097+00:00,WYXjcqdbdr4,UChqUTb7kYRX8-EiaN3XFrSQ,Reuters,2026-05-15T12:06:45+00:00,4.999352,5887,52,1177.552611,early
2026-05-20T12:05:48.986097+00:00,oGh2HUq2OSk,UCNye-wNBqNL5ZzHSJj3l8Bg,Al Jazeera English,2026-05-14T14:04:56+00:00,5.91728,6242,52,1054.876565,early
2026-05-20T12:05:48.986097+00:00,zq1avWF6zS4,UC6ZFN9Tx6xh-skXCuRHCDpQ,PBS NewsHour,2026-05-15T21:19:18+00:00,4.615636,7647,52,1656.759762,early
2026-05-20T12:05:48.986097+00:00,WQ1Gi5WBxfM,UCFxHplbcoJK9m70c4VyTIxg,MILENIO,2026-05-16T13:03:45+00:00,3.959768,7654,52,1932.941526,early
2026-05-20T12:05:48.986097+00:00,NiKBOE5whpc,UCtwslQPB_xJfaFuZv0OETNw,Kings League Spain,2026-05-12T10:34:50+00:00,8.063183,20401,52,2530.142253,active
2026-05-20T12:05:48.986097+00:00,TrPGiDGAr8M,UCjSVqRtdOsxQDss_pJpp_Yg,COMPUESTOS Podcast,2026-05-08T00:30:25+00:00,12.482917,4689,51,375.633356,active
2026-05-20T12:05:48.986097+00:00,MSsyzGjPaJs,UCF0L4jd9LcSIxsj5gKITMqQ,Jaime Higuera,2026-05-12T15:00:26+00:00,7.878738,17728,51,2250.106553,active
2026-05-20T12:05:48.986097+00:00,KkBUW5G1gdc,UCGXbLrVe8vnkiFv7q2vYv3w,El Mundo,2026-05-12T13:56:47+00:00,7.92294,12424,51,1568.104769,active
2026-05-20T12:05:48.986097+00:00,kLxBTfLIydg,UCWJ2lWNubArHWmf3FIHbfcQ,NBA,2026-05-12T02:12:29+00:00,8.412037,27781,51,3302.529459,active
2026-05-20T12:05:48.986097+00:00,8FfyQBdjLa8,UCoLrcjPV5PbUrUyXq5mjc_A,MLB,2026-05-13T00:15:43+00:00,7.493125,29991,51,4002.46893,active
2026-05-20T12:05:48.986097+00:00,wJJj1_BP8ME,UCiWLfSweyRNmLpgEHekhoAg,ESPN,2026-05-14T12:30:19+00:00,5.982986,11593,51,1937.661228,early
2026-05-20T12:05:48.986097+00:00,0sYYVjhdoak,UC52X5wxOL_s5yw0dQk7NtgA,Associated Press,2026-05-12T12:45:01+00:00,7.972778,5387,51,675.67415,active
2026-05-20T12:05:48.986097+00:00,HYiVqtnwOhQ,UCNye-wNBqNL5ZzHSJj3l8Bg,Al Jazeera English,2026-05-15T14:50:55+00:00,4.885347,3798,51,777.426864,early
2026-05-20T12:05:48.986097+00:00,BJn_7CcVj2A,UCknLrEdhRCp1aegoMqRaCZg,DW News,2026-05-15T07:00:09+00:00,5.212268,16827,51,3228.345127,early
2026-05-20T12:05:48.986097+00:00,5yYJ-U-J7S0,UCz8QaiQxApLq8sLNcszYyJw,Firstpost,2026-05-16T11:04:07+00:00,4.042847,3749,51,927.316814,early
2026-05-20T12:05:48.986097+00:00,XAQ275WwWnw,UChhw6DlKKTQ9mYSpTfXUYqA,Starter Story,2026-04-24T15:53:29+00:00,25.841898,17347,50,671.274223,active
2026-05-20T12:05:48.986097+00:00,OiFZXZiFruw,UC16niRr50-MSBwiO3YDb3RA,BBC News,2026-05-14T07:45:01+00:00,6.181111,17701,50,2863.724661,early
2026-05-20T12:05:48.986097+00:00,1JcwVd9IjiU,UCeY0bbntWzzVIaj2z3QigXg,NBC News,2026-05-15T16:53:02+00:00,4.800544,4865,50,1013.426812,early
2026-05-20T12:05:48.986097+00:00,S33B43-pDOI,UClLLRs_mFTsNT5U-DqTYAGg,La Vanguardia,2026-05-12T08:44:28+00:00,8.139826,22247,50,2733.105106,active
2026-05-20T12:05:48.986097+00:00,ywjRINy6yQI,UCcHtke0raf8vNYLM1Hbq3Jw,Imagen Noticias,2026-05-14T21:55:14+00:00,5.590683,19849,50,3550.371216,early
2026-05-20T12:05:48.986097+00:00,lBrLHbvNCWs,UCWJ2lWNubArHWmf3FIHbfcQ,NBA,2026-05-11T02:12:10+00:00,9.412257,40921,50,4347.628842,active
2026-05-20T12:05:48.986097+00:00,ybXMfjh6zU4,UCTHaNTsP7hsVgBxARZTuajw,LUZU TV,2026-05-13T22:15:08+00:00,6.576863,1589,50,241.604546,early
2026-05-20T12:05:48.986097+00:00,iHjntta72J8,UChqUTb7kYRX8-EiaN3XFrSQ,Reuters,2026-05-13T20:07:47+00:00,6.665301,5276,50,791.562152,early
2026-05-20T12:05:48.986097+00:00,YYXE6q9Arvg,UC52X5wxOL_s5yw0dQk7NtgA,Associated Press,2026-05-12T17:39:19+00:00,7.768403,24964,50,3213.530503,active
2026-05-20T12:05:48.986097+00:00,nO-l9M01fHY,UC6ZFN9Tx6xh-skXCuRHCDpQ,PBS NewsHour,2026-05-12T14:40:18+00:00,7.89272,5353,50,678.219929,active
2026-05-20T12:05:48.986097+00:00,NU-EyVl2SyU,UCFxHplbcoJK9m70c4VyTIxg,MILENIO,2026-05-17T07:07:41+00:00,3.207037,3873,50,1207.656787,early
2026-05-20T12:05:48.986097+00:00,srOMsQxuUG0,UCGXbLrVe8vnkiFv7q2vYv3w,El Mundo,2026-05-18T05:30:21+00:00,2.274629,611,50,268.615234,early
2026-05-20T12:05:48.986097+00:00,w_Z0cdu9c9I,UC9mrBfjgyOsqJ0J-zw7kZLQ,Atherion,2026-05-01T21:17:13+00:00,18.617083,8729,49,468.870445,active
2026-05-20T12:05:48.986097+00:00,EsohGEXp5RA,UCP15FVAA2UL-QOcGhy7-ezA,EDteam,2026-05-07T22:07:14+00:00,12.582349,15082,49,1198.663302,active
2026-05-20T12:05:48.986097+00:00,ZI-5yUpldYg,UCnsvJeZO4RigQ898WdDNoBw,EL PAÍS,2026-05-15T13:52:34+00:00,4.925868,1372,49,278.529591,early
2026-05-20T12:05:48.986097+00:00,qqgVOAOzODc,UClLLRs_mFTsNT5U-DqTYAGg,La Vanguardia,2026-05-15T12:03:38+00:00,5.001516,1533,49,306.507067,early
2026-05-20T12:05:48.986097+00:00,YolBsLRkQ18,UCS0lmlVIYVz2qeWlZ_ynIWg,AJ+ Español,2026-05-13T19:26:03+00:00,6.694282,17915,49,2676.164524,early
2026-05-20T12:05:48.986097+00:00,9YidUW-wL9c,UCUsm-fannqOY02PNN67C0KA,NMás,2026-05-16T20:00:04+00:00,3.67066,3140,49,855.431993,early
2026-05-20T12:05:48.986097+00:00,2cMM5Iz22BA,UCWJ2lWNubArHWmf3FIHbfcQ,NBA,2026-05-13T00:51:07+00:00,7.468542,38562,49,5163.256764,active
2026-05-20T12:05:48.986097+00:00,LN3j5bg7jLo,UCWJ2lWNubArHWmf3FIHbfcQ,NBA,2026-05-12T01:40:20+00:00,8.434363,15006,49,1779.150364,active
2026-05-20T12:05:48.986097+00:00,tOizsd3onjM,UC08mnbiC4FykqpHqbEWgFcg,ESPN Deportes,2026-05-14T21:30:09+00:00,5.608102,18910,49,3371.907287,early
2026-05-20T12:05:48.986097+00:00,SjPXvIuyRBA,UCTHaNTsP7hsVgBxARZTuajw,LUZU TV,2026-05-11T18:28:06+00:00,8.734525,6683,49,765.124606,active
2026-05-20T12:05:48.986097+00:00,7KISbWrNujo,UC52X5wxOL_s5yw0dQk7NtgA,Associated Press,2026-05-14T12:30:19+00:00,5.982986,6045,49,1010.365059,early
2026-05-20T12:05:48.986097+00:00,mc1nyjygaQk,UCtwslQPB_xJfaFuZv0OETNw,Kings League Spain,2026-05-12T19:22:03+00:00,7.69706,3314,49,430.554004,active
2026-05-20T12:05:48.986097+00:00,zl9QxsBcWTo,UCcHtke0raf8vNYLM1Hbq3Jw,Imagen Noticias,2026-05-18T20:30:55+00:00,1.649236,448,49,271.640929,early
2026-05-20T12:05:48.986097+00:00,pEfdYCUe9OE,UCiWLfSweyRNmLpgEHekhoAg,ESPN,2026-05-16T02:43:14+00:00,4.390683,19775,48,4503.855095,early
2026-05-20T12:05:48.986097+00:00,MoQHYyrIZq0,UChqUTb7kYRX8-EiaN3XFrSQ,Reuters,2026-05-15T12:49:16+00:00,4.969826,3178,48,639.459007,early
2026-05-20T12:05:48.986097+00:00,DWXqnfpiH2k,UChqUTb7kYRX8-EiaN3XFrSQ,Reuters,2026-05-14T05:10:35+00:00,6.288356,22107,48,3515.545239,early
2026-05-20T12:05:48.986097+00:00,4G-5uAxzjDA,UC52X5wxOL_s5yw0dQk7NtgA,Associated Press,2026-05-13T18:11:57+00:00,6.745741,20963,48,3107.590404,early
2026-05-20T12:05:48.986097+00:00,PMIAGuT2qP0,UChqUTb7kYRX8-EiaN3XFrSQ,Reuters,2026-05-18T12:24:39+00:00,1.986921,706,48,355.323639,early
2026-05-20T12:05:48.986097+00:00,3REHDZgXE1k,UCUyDOdBWhC1MCxEjC46d-zw,Alex Hormozi,2026-05-04T11:00:00+00:00,16.045706,24849,47,1548.63862,active
2026-05-20T12:05:48.986097+00:00,97bQ7zx1ObY,UCm5iBOcQ0GET_2FqFI61QDA,Cara Nicole,2026-05-06T15:28:51+00:00,13.859004,11369,47,820.333121,active
2026-05-20T12:05:48.986097+00:00,ZZJQmSNAUYs,UCwd8Byi93KbnsYmCcKLExvQ,Negocios TV,2026-05-15T11:00:55+00:00,5.045069,5139,47,1018.618378,early
2026-05-20T12:05:48.986097+00:00,MZ1-VM89Cuw,UCUP6qv-_EIL0hwTsJaKYnvw,Azteca Noticias,2026-05-13T03:00:15+00:00,7.378866,20393,47,2763.703799,active
2026-05-20T12:05:48.986097+00:00,KFh6ge3TXp8,UCWJ2lWNubArHWmf3FIHbfcQ,NBA,2026-05-14T00:28:54+00:00,6.48397,21636,47,3336.844557,early
2026-05-20T12:05:48.986097+00:00,iagJ8jzjoIU,UCNye-wNBqNL5ZzHSJj3l8Bg,Al Jazeera English,2026-05-15T12:47:43+00:00,4.970903,4566,47,918.545383,early
2026-05-20T12:05:48.986097+00:00,md8Iapnmd-s,UCtwslQPB_xJfaFuZv0OETNw,Kings League Spain,2026-05-12T18:30:20+00:00,7.732974,5045,47,652.401004,active
2026-05-20T12:05:48.986097+00:00,h97_Js_1xxM,UCl5-lvQyfILb-l2abPk4Ntg,Inteligencia Artificial,2026-05-13T12:14:19+00:00,6.994097,1682,46,240.488515,early
2026-05-20T12:05:48.986097+00:00,QzAlB9Cjo9M,UCF0L4jd9LcSIxsj5gKITMqQ,Jaime Higuera,2026-05-12T14:00:29+00:00,7.92037,9864,46,1245.396364,active
2026-05-20T12:05:48.986097+00:00,yV1v3O2eKeo,UCEAZeUIeJs0IjQiqTCdVSIg,Yahoo Finance,2026-05-14T19:00:20+00:00,5.712141,4581,46,801.976002,early
2026-05-20T12:05:48.986097+00:00,xD6aLbyEd34,UCBi2mrWuNuyYy4gbM6fU18Q,ABC News,2026-05-14T00:39:17+00:00,6.476759,8669,46,1338.478088,early
2026-05-20T12:05:48.986097+00:00,O6ZGBGgwxvY,UCUsm-fannqOY02PNN67C0KA,NMás,2026-05-14T02:30:24+00:00,6.399595,6736,46,1052.566608,early
2026-05-20T12:05:48.986097+00:00,C3HnLzsxFaA,UC52X5wxOL_s5yw0dQk7NtgA,Associated Press,2026-05-13T15:56:17+00:00,6.839954,3675,46,537.284315,early
2026-05-20T12:05:48.986097+00:00,CgmZcjLy5ak,UCz8QaiQxApLq8sLNcszYyJw,Firstpost,2026-05-15T18:12:55+00:00,4.745069,5901,46,1243.606784,early
2026-05-20T12:05:48.986097+00:00,zRD_VJMMaPI,UCUyDOdBWhC1MCxEjC46d-zw,Alex Hormozi,2026-05-05T15:00:00+00:00,14.879039,32817,45,2205.585992,active
2026-05-20T12:05:48.986097+00:00,YfdLsfg7Gs0,UCEAZeUIeJs0IjQiqTCdVSIg,Yahoo Finance,2026-05-14T17:30:04+00:00,5.774826,29182,45,5053.312429,early
2026-05-20T12:05:48.986097+00:00,WjA8A4mLX3g,UC16niRr50-MSBwiO3YDb3RA,BBC News,2026-05-13T10:45:03+00:00,7.056088,21230,45,3008.749324,active
2026-05-20T12:05:48.986097+00:00,X3KuW1g_h_g,UCupvZG-5ko_eiXAupbDfxWw,CNN,2026-05-11T19:46:34+00:00,8.680035,24870,45,2865.19582,active
2026-05-20T12:05:48.986097+00:00,jH82FkyFrIo,UC8p1vwvWtl6T73JiExfWs1g,CBS News,2026-05-14T03:45:17+00:00,6.347592,25569,45,4028.141695,early
2026-05-20T12:05:48.986097+00:00,ydguo-VDCkw,UC8p1vwvWtl6T73JiExfWs1g,CBS News,2026-05-14T03:44:12+00:00,6.348345,11117,45,1751.165067,early
2026-05-20T12:05:48.986097+00:00,plDdTgByAjs,UCnsvJeZO4RigQ898WdDNoBw,EL PAÍS,2026-05-13T00:13:54+00:00,7.494386,4959,45,661.695301,active
2026-05-20T12:05:48.986097+00:00,ngDT6PsqbIY,UCUP6qv-_EIL0hwTsJaKYnvw,Azteca Noticias,2026-05-13T04:15:16+00:00,7.326771,20329,45,2774.61927,active
2026-05-20T12:05:48.986097+00:00,mN0F6rsjYpo,UCWJ2lWNubArHWmf3FIHbfcQ,NBA,2026-05-11T03:45:47+00:00,9.347245,28164,45,3013.080325,active
2026-05-20T12:05:48.986097+00:00,4l6rfTbOdNM,UCTv-XvfzLX3i4IGWAm4sbmA,LALIGA EA SPORTS,2026-05-11T19:59:07+00:00,8.671319,19577,45,2257.672679,active
2026-05-20T12:05:48.986097+00:00,AhW3c4uj2cI,UCiWLfSweyRNmLpgEHekhoAg,ESPN,2026-05-16T13:13:09+00:00,3.953241,9559,45,2418.016003,early
2026-05-20T12:05:48.986097+00:00,q9l1aEfhapk,UC08mnbiC4FykqpHqbEWgFcg,ESPN Deportes,2026-05-13T01:30:01+00:00,7.441528,24498,45,3292.065823,active
2026-05-20T12:05:48.986097+00:00,8-GjRTsZPWw,UChqUTb7kYRX8-EiaN3XFrSQ,Reuters,2026-05-15T03:36:51+00:00,5.353449,7686,45,1435.709951,early
2026-05-20T12:05:48.986097+00:00,6aKB_yPgSwI,UCFxHplbcoJK9m70c4VyTIxg,MILENIO,2026-05-15T22:00:06+00:00,4.587303,10209,45,2225.490664,early
2026-05-20T12:05:48.986097+00:00,twlTviR4gTA,UCWJ2lWNubArHWmf3FIHbfcQ,NBA,2026-05-11T02:32:30+00:00,9.398136,29453,44,3133.919322,active
2026-05-20T12:05:48.986097+00:00,QK3cuf7yzIg,UCoLrcjPV5PbUrUyXq5mjc_A,MLB,2026-05-13T05:53:57+00:00,7.258241,20078,44,2766.23496,active
2026-05-20T12:05:48.986097+00:00,f8_lyH8H0Tc,UCTHaNTsP7hsVgBxARZTuajw,LUZU TV,2026-05-11T11:24:33+00:00,9.028657,8458,44,936.794919,active
2026-05-20T12:05:48.986097+00:00,fRckzZBiRec,UCYUQQgogVeQY8cMQamhHJcg,CinemaSins,2026-05-11T17:00:55+00:00,8.795069,15275,44,1736.768637,active
2026-05-20T12:05:48.986097+00:00,jESfqSegNi8,UCNye-wNBqNL5ZzHSJj3l8Bg,Al Jazeera English,2026-05-13T18:25:41+00:00,6.736204,8267,44,1227.249056,early
2026-05-20T12:05:48.986097+00:00,SS2pxt00rGs,UCNye-wNBqNL5ZzHSJj3l8Bg,Al Jazeera English,2026-05-13T00:29:10+00:00,7.483785,14616,44,1953.022435,active
2026-05-20T12:05:48.986097+00:00,Fkyh70eBKqA,UCUsm-fannqOY02PNN67C0KA,NMás,2026-05-18T18:11:59+00:00,1.745717,569,44,325.940573,early
2026-05-20T12:05:48.986097+00:00,Scg5AwFfs-w,UC4FHiPgS1KXkUMx3dxBUtPg,HolaMundo,2026-05-05T14:00:55+00:00,14.920069,9594,43,643.026517,active
2026-05-20T12:05:48.986097+00:00,bWihh-tcMoY,UCl5-lvQyfILb-l2abPk4Ntg,Inteligencia Artificial,2026-05-12T11:20:30+00:00,8.03147,3391,43,422.214115,active
2026-05-20T12:05:48.986097+00:00,OOpVSpGuWGM,UC8p1vwvWtl6T73JiExfWs1g,CBS News,2026-05-15T02:00:36+00:00,5.420289,9400,43,1734.224873,early
2026-05-20T12:05:48.986097+00:00,UGSYVE6YKA4,UCnsvJeZO4RigQ898WdDNoBw,EL PAÍS,2026-05-14T03:39:11+00:00,6.351829,13297,43,2093.412779,early
2026-05-20T12:05:48.986097+00:00,Y6SovH7eMyY,UCnsvJeZO4RigQ898WdDNoBw,EL PAÍS,2026-05-11T19:45:56+00:00,8.680474,2264,43,260.81525,active
2026-05-20T12:05:48.986097+00:00,gg4ADWp_J7c,UCGXbLrVe8vnkiFv7q2vYv3w,El Mundo,2026-05-13T12:36:49+00:00,6.978472,2145,43,307.373878,early
2026-05-20T12:05:48.986097+00:00,5487CrCr868,UCGXbLrVe8vnkiFv7q2vYv3w,El Mundo,2026-05-13T10:31:44+00:00,7.065335,6213,43,879.363824,active
2026-05-20T12:05:48.986097+00:00,HGpnq64WHKg,UCUsm-fannqOY02PNN67C0KA,NMás,2026-05-15T17:00:17+00:00,4.795509,1736,43,362.005368,early
2026-05-20T12:05:48.986097+00:00,LvJ_6RDGVfw,UCWJ2lWNubArHWmf3FIHbfcQ,NBA,2026-05-16T00:08:21+00:00,4.498241,18155,43,4036.022081,early
2026-05-20T12:05:48.986097+00:00,2x45MkhvUHo,UCWJ2lWNubArHWmf3FIHbfcQ,NBA,2026-05-14T00:44:23+00:00,6.473217,17759,43,2743.45816,early
2026-05-20T12:05:48.986097+00:00,q8mQ9sdZu2I,UCWJ2lWNubArHWmf3FIHbfcQ,NBA,2026-05-11T02:49:23+00:00,9.386412,14876,43,1584.844134,active
2026-05-20T12:05:48.986097+00:00,923KJ6Owki4,UCTv-XvfzLX3i4IGWAm4sbmA,LALIGA EA SPORTS,2026-05-12T21:28:54+00:00,7.60897,14787,43,1943.364214,active
2026-05-20T12:05:48.986097+00:00,-BGMOk5Twng,UC08mnbiC4FykqpHqbEWgFcg,ESPN Deportes,2026-05-14T17:45:19+00:00,5.764236,14008,43,2430.157266,early
2026-05-20T12:05:48.986097+00:00,rjkzy0l2U00,UChqUTb7kYRX8-EiaN3XFrSQ,Reuters,2026-05-14T07:32:40+00:00,6.189687,6462,43,1043.994632,early
2026-05-20T12:05:48.986097+00:00,eayvGQoeHF8,UClLLRs_mFTsNT5U-DqTYAGg,La Vanguardia,2026-05-18T10:07:17+00:00,2.082315,482,43,231.473144,early
2026-05-20T12:05:48.986097+00:00,sXV44nHGfAA,UCUyDOdBWhC1MCxEjC46d-zw,Alex Hormozi,2026-05-03T09:00:00+00:00,17.129039,31528,42,1840.616978,active
2026-05-20T12:05:48.986097+00:00,oankOrZwIhg,UC16niRr50-MSBwiO3YDb3RA,BBC News,2026-05-13T08:09:05+00:00,7.164398,41094,42,5735.862246,active
2026-05-20T12:05:48.986097+00:00,RzdAxI5VDV4,UCupvZG-5ko_eiXAupbDfxWw,CNN,2026-05-12T22:23:03+00:00,7.571366,21862,42,2887.457825,active
2026-05-20T12:05:48.986097+00:00,qlnTCIQKSdY,UCeY0bbntWzzVIaj2z3QigXg,NBC News,2026-05-15T11:50:57+00:00,5.010324,8655,42,1727.433196,early
2026-05-20T12:05:48.986097+00:00,OOaK0rHHc80,UCnsvJeZO4RigQ898WdDNoBw,EL PAÍS,2026-05-14T12:10:42+00:00,5.996609,20059,42,3345.057181,early
2026-05-20T12:05:48.986097+00:00,mKiSOE9V4i8,UClLLRs_mFTsNT5U-DqTYAGg,La Vanguardia,2026-05-12T13:44:28+00:00,7.931493,23076,42,2909.414407,active
2026-05-20T12:05:48.986097+00:00,MeRNnR_5agI,UCUP6qv-_EIL0hwTsJaKYnvw,Azteca Noticias,2026-05-14T18:20:24+00:00,5.739873,3994,42,695.834211,early
2026-05-20T12:05:48.986097+00:00,4G06F7gyEVQ,UCiWLfSweyRNmLpgEHekhoAg,ESPN,2026-05-14T14:41:57+00:00,5.891574,6443,42,1093.595701,early
2026-05-20T12:05:48.986097+00:00,p7xbXgr5HKQ,UC08mnbiC4FykqpHqbEWgFcg,ESPN Deportes,2026-05-14T16:45:29+00:00,5.805787,9632,42,1659.034339,early
2026-05-20T12:05:48.986097+00:00,quKlcX-xgz0,UC52X5wxOL_s5yw0dQk7NtgA,Associated Press,2026-05-16T22:01:15+00:00,3.586504,1996,42,556.530817,early
2026-05-20T12:05:48.986097+00:00,9dIy1d0jmXw,UCYZLVhSSwdBllvn4tw5a4uQ,Rob Paper Sheet,2026-04-22T00:20:58+00:00,28.489479,12736,41,447.042222,active
2026-05-20T12:05:48.986097+00:00,0SSctcuOy0o,UCb8GKeOvI7WsFUkB4UVAeXA,Cordura Artificial,2026-04-26T22:46:02+00:00,23.555405,25102,41,1065.657755,active
2026-05-20T12:05:48.986097+00:00,EMrPhW1qo_0,UCnsvJeZO4RigQ898WdDNoBw,EL PAÍS,2026-05-16T00:51:15+00:00,4.468449,2742,41,613.635738,early
2026-05-20T12:05:48.986097+00:00,bSiaVNcC5xI,UCUsm-fannqOY02PNN67C0KA,NMás,2026-05-15T03:00:30+00:00,5.378692,15394,41,2862.034115,early
2026-05-20T12:05:48.986097+00:00,RvsmPP3CaJI,UCTrQ7HXWRRxr7OsOtodr2_w,Channel 4 News,2026-05-14T11:36:41+00:00,6.020231,9706,41,1612.230494,early
2026-05-20T12:05:48.986097+00:00,NlAVXfnM8N4,UCsN32BtMd0IoByjJRNF12cw,60 Minutes,2026-05-15T10:30:03+00:00,5.066504,10144,41,2002.169543,early
2026-05-20T12:05:48.986097+00:00,objQF8D-t3Q,UC4FHiPgS1KXkUMx3dxBUtPg,HolaMundo,2026-05-08T14:01:35+00:00,11.919606,8050,40,675.357894,active
2026-05-20T12:05:48.986097+00:00,LIUl9ATkUZM,UCWn_0MmgojB711LFX-jaCDQ,El Rincón Del Dev,2026-05-14T16:45:45+00:00,5.805602,3633,40,625.774898,early
2026-05-20T12:05:48.986097+00:00,PbP0BM-UJYQ,UCF0L4jd9LcSIxsj5gKITMqQ,Jaime Higuera,2026-05-15T21:30:04+00:00,4.60816,6070,40,1317.228568,early
2026-05-20T12:05:48.986097+00:00,iCcmVr0EWaA,UCwd8Byi93KbnsYmCcKLExvQ,Negocios TV,2026-05-14T12:28:07+00:00,5.984514,18325,40,3062.069869,early
2026-05-20T12:05:48.986097+00:00,EQ3-t7pdk0g,UCsMica-v34Irf9KVTh6xx-g,Microsoft Developer,2026-05-14T20:25:50+00:00,5.652766,850,40,150.368864,early
2026-05-20T12:05:48.986097+00:00,wgeQ9t3WcRg,UCnsvJeZO4RigQ898WdDNoBw,EL PAÍS,2026-05-12T10:57:47+00:00,8.047245,1975,40,245.425608,active
2026-05-20T12:05:48.986097+00:00,SHFk2Xw8JGo,UCGXbLrVe8vnkiFv7q2vYv3w,El Mundo,2026-05-14T08:43:57+00:00,6.140185,28125,40,4580.480881,early
2026-05-20T12:05:48.986097+00:00,Bqv0iLw1Q_k,UChqUTb7kYRX8-EiaN3XFrSQ,Reuters,2026-05-16T10:00:04+00:00,4.087326,11741,40,2872.538183,early
2026-05-20T12:05:48.986097+00:00,QCQTrGEFZYw,UChqUTb7kYRX8-EiaN3XFrSQ,Reuters,2026-05-15T01:47:15+00:00,5.42956,10537,40,1940.672909,early
2026-05-20T12:05:48.986097+00:00,iOuKHEp7aZE,UChqUTb7kYRX8-EiaN3XFrSQ,Reuters,2026-05-13T13:12:52+00:00,6.953437,66360,40,9543.481878,early
2026-05-20T12:05:48.986097+00:00,lUVMCrZY-88,UC6ZFN9Tx6xh-skXCuRHCDpQ,PBS NewsHour,2026-05-13T16:22:01+00:00,6.822083,4878,40,715.030878,early
2026-05-20T12:05:48.986097+00:00,NjtnYlDcHwU,UCtwslQPB_xJfaFuZv0OETNw,Kings League Spain,2026-05-12T19:56:29+00:00,7.673148,3722,40,485.068188,active
2026-05-20T12:05:48.986097+00:00,5fKeNMp7F6s,UCUyDOdBWhC1MCxEjC46d-zw,Alex Hormozi,2026-04-28T15:00:00+00:00,21.879039,27995,39,1279.535175,active
2026-05-20T12:05:48.986097+00:00,UtXLbVdM7wk,UCdNnEDbRWhanA1O8zhCn3ZA,Omar - Educación Financiera,2026-05-02T22:04:21+00:00,17.584352,24029,39,1366.499033,active
2026-05-20T12:05:48.986097+00:00,s6xbarj1Lb4,UC55-mxUj5Nj3niXFReG44OQ,Platzi,2026-05-16T16:22:18+00:00,3.821886,1482,39,387.766668,early
2026-05-20T12:05:48.986097+00:00,tQGgckC_sTw,UCUsm-fannqOY02PNN67C0KA,NMás,2026-05-15T23:45:02+00:00,4.514433,4530,39,1003.448274,early
2026-05-20T12:05:48.986097+00:00,A9KGfzE8kGE,UCiWLfSweyRNmLpgEHekhoAg,ESPN,2026-05-15T16:38:20+00:00,4.810752,2760,39,573.714879,early
2026-05-20T12:05:48.986097+00:00,rI6RTxkpn7A,UC08mnbiC4FykqpHqbEWgFcg,ESPN Deportes,2026-05-13T17:45:11+00:00,6.764329,8297,39,1226.58138,early
2026-05-20T12:05:48.986097+00:00,k9o4bEwpEiA,UC52X5wxOL_s5yw0dQk7NtgA,Associated Press,2026-05-13T10:28:33+00:00,7.067546,15402,39,2179.257128,active
2026-05-20T12:05:48.986097+00:00,RjpTgCsb6Qc,UCNye-wNBqNL5ZzHSJj3l8Bg,Al Jazeera English,2026-05-14T17:26:00+00:00,5.77765,3483,39,602.840255,early
2026-05-20T12:05:48.986097+00:00,qf-fBjOU3Vw,UCNye-wNBqNL5ZzHSJj3l8Bg,Al Jazeera English,2026-05-14T01:49:06+00:00,6.428275,7679,39,1194.566194,early
2026-05-20T12:05:48.986097+00:00,I6TDuh98ejE,UCtwslQPB_xJfaFuZv0OETNw,Kings League Spain,2026-05-12T18:52:51+00:00,7.717338,2136,39,276.779377,active
2026-05-20T12:05:48.986097+00:00,3pG15Y4JpSA,UC-2hhqBG5Su7s91_HmhaODQ,Fox Deportes,2026-05-19T01:38:51+00:00,1.435393,77,39,53.643845,early
2026-05-20T12:05:48.986097+00:00,zyJ1yZwX_tE,UCUyDOdBWhC1MCxEjC46d-zw,Alex Hormozi,2026-04-27T19:00:00+00:00,22.712373,47590,38,2095.333676,active
2026-05-20T12:05:48.986097+00:00,lBNfY9ImDZY,UCl5-lvQyfILb-l2abPk4Ntg,Inteligencia Artificial,2026-05-11T10:20:38+00:00,9.073044,7982,38,879.748847,active
2026-05-20T12:05:48.986097+00:00,auY6JbmX2XE,UC16niRr50-MSBwiO3YDb3RA,BBC News,2026-05-14T07:24:07+00:00,6.195625,13649,38,2203.006154,early
2026-05-20T12:05:48.986097+00:00,nDjKhHXdT0k,UCnsvJeZO4RigQ898WdDNoBw,EL PAÍS,2026-05-12T17:22:17+00:00,7.780231,25362,38,3259.800384,active
2026-05-20T12:05:48.986097+00:00,n258OiIYDJY,UCnsvJeZO4RigQ898WdDNoBw,EL PAÍS,2026-05-11T17:59:03+00:00,8.754699,26485,38,3025.232507,active
2026-05-20T12:05:48.986097+00:00,Jo9Y--YIiOg,UCUsm-fannqOY02PNN67C0KA,NMás,2026-05-16T21:06:51+00:00,3.624282,4448,38,1227.277568,early
2026-05-20T12:05:48.986097+00:00,j97xzSNIdDM,UCUsm-fannqOY02PNN67C0KA,NMás,2026-05-16T19:31:51+00:00,3.690254,5832,38,1580.37902,early
2026-05-20T12:05:48.986097+00:00,h39qg1nH1dY,UCTJXx9onKH6g4cWHS9pLqsQ,El HuffPost,2026-05-13T07:49:35+00:00,7.17794,3483,38,485.236711,active
2026-05-20T12:05:48.986097+00:00,LElMGL-0T6s,UCiWLfSweyRNmLpgEHekhoAg,ESPN,2026-05-16T17:50:27+00:00,3.760671,3739,38,994.237465,early
2026-05-20T12:05:48.986097+00:00,qpP-pRUdV5E,UC08mnbiC4FykqpHqbEWgFcg,ESPN Deportes,2026-05-12T16:30:11+00:00,7.816412,17599,38,2251.544571,active
2026-05-20T12:05:48.986097+00:00,r4SuGLQnZD0,UChqUTb7kYRX8-EiaN3XFrSQ,Reuters,2026-05-14T16:31:52+00:00,5.815243,1700,38,292.335161,early
2026-05-20T12:05:48.986097+00:00,QafeDiuBriE,UC52X5wxOL_s5yw0dQk7NtgA,Associated Press,2026-05-15T19:21:37+00:00,4.697361,26167,38,5570.574627,early
2026-05-20T12:05:48.986097+00:00,3skIuC1lP00,UCOvzFyIAr32yspwxx77BHcQ,Rob Paper Clips,2026-04-26T21:20:03+00:00,23.615116,14445,37,611.684482,active
2026-05-20T12:05:48.986097+00:00,Cit2bKRejmc,UCF0L4jd9LcSIxsj5gKITMqQ,Jaime Higuera,2026-05-04T17:15:25+00:00,15.785,17973,37,1138.612607,active
2026-05-20T12:05:48.986097+00:00,B8E4azaZ13k,UC5PwIMtLiIBCBhsu8f_-6UQ,Santiago Bilinkis,2026-05-03T18:37:07+00:00,16.728264,7815,37,467.173402,active
2026-05-20T12:05:48.986097+00:00,NR01kpdFfb4,UCEAZeUIeJs0IjQiqTCdVSIg,Yahoo Finance,2026-05-15T17:32:36+00:00,4.773067,1223,37,256.22938,early
2026-05-20T12:05:48.986097+00:00,AjiBLSymCkk,UCsMica-v34Irf9KVTh6xx-g,Microsoft Developer,2026-05-14T20:24:11+00:00,5.653912,1763,37,311.819498,early
2026-05-20T12:05:48.986097+00:00,0alPy88Ap8c,UCBi2mrWuNuyYy4gbM6fU18Q,ABC News,2026-05-15T01:26:15+00:00,5.444143,13109,37,2407.90883,early
2026-05-20T12:05:48.986097+00:00,ndxOgrc5bhM,UCBi2mrWuNuyYy4gbM6fU18Q,ABC News,2026-05-14T21:44:39+00:00,5.598032,43693,37,7805.064351,early
2026-05-20T12:05:48.986097+00:00,gzFOmO94FM0,UCeY0bbntWzzVIaj2z3QigXg,NBC News,2026-05-15T00:05:08+00:00,5.500474,14081,37,2559.961196,early
2026-05-20T12:05:48.986097+00:00,7Uf46IdOwbE,UCGXbLrVe8vnkiFv7q2vYv3w,El Mundo,2026-05-17T09:50:13+00:00,3.094167,3898,37,1259.789792,early
2026-05-20T12:05:48.986097+00:00,PqEf2HYlEoA,UCUsm-fannqOY02PNN67C0KA,NMás,2026-05-14T00:00:19+00:00,6.503819,16395,37,2520.82661,early
2026-05-20T12:05:48.986097+00:00,vpjKtvMJ2oM,UCUP6qv-_EIL0hwTsJaKYnvw,Azteca Noticias,2026-05-14T02:00:44+00:00,6.420197,34518,37,5376.470535,early
2026-05-20T12:05:48.986097+00:00,IedTMJxBO-Q,UCoLrcjPV5PbUrUyXq5mjc_A,MLB,2026-05-13T17:00:21+00:00,6.795463,68025,37,10010.355439,early
2026-05-20T12:05:48.986097+00:00,AHJZAiDTyrI,UCYUQQgogVeQY8cMQamhHJcg,CinemaSins,2026-05-12T14:00:15+00:00,7.920532,13164,37,1662.009572,active
2026-05-20T12:05:48.986097+00:00,-gQqTqJYeCY,UChqUTb7kYRX8-EiaN3XFrSQ,Reuters,2026-05-15T23:30:00+00:00,4.524873,3610,37,797.812447,early
2026-05-20T12:05:48.986097+00:00,CIqKaVirsDc,UChqUTb7kYRX8-EiaN3XFrSQ,Reuters,2026-05-15T21:18:53+00:00,4.615926,1217,37,263.652407,early
2026-05-20T12:05:48.986097+00:00,LswPjUTr0VY,UChqUTb7kYRX8-EiaN3XFrSQ,Reuters,2026-05-14T04:18:05+00:00,6.324815,6114,37,966.66859,early
2026-05-20T12:05:48.986097+00:00,pE3iHfcXDuk,UC52X5wxOL_s5yw0dQk7NtgA,Associated Press,2026-05-14T15:15:10+00:00,5.868507,5820,37,991.734354,early
2026-05-20T12:05:48.986097+00:00,VpbShh7a2qU,UCNye-wNBqNL5ZzHSJj3l8Bg,Al Jazeera English,2026-05-15T08:26:26+00:00,5.152349,15463,37,3001.155395,early
2026-05-20T12:05:48.986097+00:00,bRRQEFuM7YU,UCFxHplbcoJK9m70c4VyTIxg,MILENIO,2026-05-16T17:55:23+00:00,3.757245,2035,37,541.620256,early
2026-05-20T12:05:48.986097+00:00,ag2dnZB1uEg,UC-2hhqBG5Su7s91_HmhaODQ,Fox Deportes,2026-05-17T07:21:56+00:00,3.197141,1017,37,318.0967,early
2026-05-20T12:05:48.986097+00:00,ZtF5VFbAs6M,UCl5-lvQyfILb-l2abPk4Ntg,Inteligencia Artificial,2026-05-05T14:27:13+00:00,14.901805,10228,36,686.359807,active
2026-05-20T12:05:48.986097+00:00,fmVWQr1hZ9o,UCzKnSeOq30zVvgosDFlne5g,Finect - Invertir mejor,2026-05-15T13:04:34+00:00,4.959201,1298,36,261.735711,early
2026-05-20T12:05:48.986097+00:00,NExulOmweSU,UCnsvJeZO4RigQ898WdDNoBw,EL PAÍS,2026-05-13T02:18:16+00:00,7.408021,4191,36,565.738137,active
2026-05-20T12:05:48.986097+00:00,79FbNMbwddo,UCUsm-fannqOY02PNN67C0KA,NMás,2026-05-16T00:04:08+00:00,4.501169,6973,36,1549.15312,early
2026-05-20T12:05:48.986097+00:00,OIV0n0CyciY,UCiWLfSweyRNmLpgEHekhoAg,ESPN,2026-05-13T13:30:33+00:00,6.941157,7924,36,1141.596423,early
2026-05-20T12:05:48.986097+00:00,XZDP6dtbpMQ,UC52X5wxOL_s5yw0dQk7NtgA,Associated Press,2026-05-11T16:05:41+00:00,8.833426,3486,36,394.637369,active
2026-05-20T12:05:48.986097+00:00,FJRUx0m6awA,UCcHtke0raf8vNYLM1Hbq3Jw,Imagen Noticias,2026-05-18T21:22:51+00:00,1.613171,210,36,130.178388,early
2026-05-20T12:05:48.986097+00:00,pVwkpXd5PCA,UC2UXDak6o7rBm23k3Vv5dww,Tina Huang,2026-04-23T15:01:32+00:00,26.877974,18397,35,684.463792,active
2026-05-20T12:05:48.986097+00:00,ZgRXwNTvNgE,UCwd8Byi93KbnsYmCcKLExvQ,Negocios TV,2026-05-15T10:00:52+00:00,5.086771,6071,35,1193.487971,early
2026-05-20T12:05:48.986097+00:00,MRzJTTrsp4s,UCGXbLrVe8vnkiFv7q2vYv3w,El Mundo,2026-05-14T12:55:27+00:00,5.965532,6834,35,1145.580981,early
2026-05-20T12:05:48.986097+00:00,S_GQj9ynW5Y,UCGXbLrVe8vnkiFv7q2vYv3w,El Mundo,2026-05-13T12:07:18+00:00,6.99897,22608,35,3230.189585,early
2026-05-20T12:05:48.986097+00:00,aPwttF9P78w,UCGXbLrVe8vnkiFv7q2vYv3w,El Mundo,2026-05-12T20:17:17+00:00,7.658704,3629,35,473.83996,active
2026-05-20T12:05:48.986097+00:00,JP3vCruuycw,UCUsm-fannqOY02PNN67C0KA,NMás,2026-05-15T01:45:04+00:00,5.431076,14366,35,2645.148033,early
2026-05-20T12:05:48.986097+00:00,17bptlcD_AQ,UCUP6qv-_EIL0hwTsJaKYnvw,Azteca Noticias,2026-05-15T15:50:00+00:00,4.844317,10836,35,2236.847836,early
2026-05-20T12:05:48.986097+00:00,Ro7QS7WDi-4,UCUP6qv-_EIL0hwTsJaKYnvw,Azteca Noticias,2026-05-14T17:53:49+00:00,5.758333,29220,35,5074.385243,early
2026-05-20T12:05:48.986097+00:00,ZOpRgl8sEmM,UC08mnbiC4FykqpHqbEWgFcg,ESPN Deportes,2026-05-11T20:30:09+00:00,8.649768,19872,35,2297.402659,active
2026-05-20T12:05:48.986097+00:00,RVHfHg9bIQU,UC52X5wxOL_s5yw0dQk7NtgA,Associated Press,2026-05-13T10:00:38+00:00,7.086933,6023,35,849.873986,active
2026-05-20T12:05:48.986097+00:00,5QBLXdAJipM,UCTrQ7HXWRRxr7OsOtodr2_w,Channel 4 News,2026-05-14T15:44:09+00:00,5.848379,6464,35,1105.263527,early
2026-05-20T12:05:48.986097+00:00,k1B4HfR3sHU,UCTrQ7HXWRRxr7OsOtodr2_w,Channel 4 News,2026-05-11T12:03:09+00:00,9.001852,30067,35,3340.090461,active
2026-05-20T12:05:48.986097+00:00,b6iCHIsZh8c,UCFxHplbcoJK9m70c4VyTIxg,MILENIO,2026-05-17T21:11:50+00:00,2.620822,2379,35,907.730475,early
2026-05-20T12:05:48.986097+00:00,sbzsqNJuZvg,UCUyDOdBWhC1MCxEjC46d-zw,Alex Hormozi,2026-04-30T11:00:00+00:00,20.045706,71293,34,3556.52228,active
2026-05-20T12:05:48.986097+00:00,9opMZrn2-zg,UCUyDOdBWhC1MCxEjC46d-zw,Alex Hormozi,2026-05-01T09:00:00+00:00,19.129039,26852,34,1403.729691,active
2026-05-20T12:05:48.986097+00:00,WKBwkE4dn-k,UCUyDOdBWhC1MCxEjC46d-zw,Alex Hormozi,2026-05-04T03:00:00+00:00,16.379039,19464,34,1188.348108,active
2026-05-20T12:05:48.986097+00:00,G_DfQGPlzSk,UCl5-lvQyfILb-l2abPk4Ntg,Inteligencia Artificial,2026-05-13T10:37:36+00:00,7.061261,2143,34,303.48687,active
2026-05-20T12:05:48.986097+00:00,ASCJSIPDoLw,UCwd8Byi93KbnsYmCcKLExvQ,Negocios TV,2026-05-14T04:53:25+00:00,6.300278,21765,34,3454.609463,early
2026-05-20T12:05:48.986097+00:00,GgVNOCRwQpo,UCupvZG-5ko_eiXAupbDfxWw,CNN,2026-05-13T15:02:04+00:00,6.877604,6397,34,930.120431,early
2026-05-20T12:05:48.986097+00:00,Icm5LjV5Erc,UCeY0bbntWzzVIaj2z3QigXg,NBC News,2026-05-15T20:47:01+00:00,4.638055,1491,34,321.470961,early
2026-05-20T12:05:48.986097+00:00,3gRKL6UKPnw,UCGXbLrVe8vnkiFv7q2vYv3w,El Mundo,2026-05-15T10:56:49+00:00,5.047917,9284,34,1839.174456,early
2026-05-20T12:05:48.986097+00:00,4nsI0cMetr8,UCafNntv_qTQB26AvbEQNHPw,Aristegui Noticias,2026-05-11T20:23:02+00:00,8.65471,16431,34,1898.50382,active
2026-05-20T12:05:48.986097+00:00,Ky5BxRKVCHo,UCUsm-fannqOY02PNN67C0KA,NMás,2026-05-17T21:19:38+00:00,2.615405,5092,34,1946.926002,early
2026-05-20T12:05:48.986097+00:00,RizalXv4XwQ,UCUsm-fannqOY02PNN67C0KA,NMás,2026-05-14T17:59:24+00:00,5.754456,2077,34,360.93768,early
2026-05-20T12:05:48.986097+00:00,-3gkNMB0B84,UCUP6qv-_EIL0hwTsJaKYnvw,Azteca Noticias,2026-05-15T17:40:00+00:00,4.767928,11403,34,2391.604907,early
2026-05-20T12:05:48.986097+00:00,yvB9wxIle4w,UCcHtke0raf8vNYLM1Hbq3Jw,Imagen Noticias,2026-05-15T23:01:05+00:00,4.544954,2946,34,648.191379,early
2026-05-20T12:05:48.986097+00:00,6iFUbBvAWjc,UC52X5wxOL_s5yw0dQk7NtgA,Associated Press,2026-05-16T12:01:44+00:00,4.002835,2306,34,576.091695,early
2026-05-20T12:05:48.986097+00:00,7a4EgyUq6oM,UC52X5wxOL_s5yw0dQk7NtgA,Associated Press,2026-05-12T21:23:34+00:00,7.612673,9533,34,1252.253972,active
2026-05-20T12:05:48.986097+00:00,w-yXLGF-83M,UCTrQ7HXWRRxr7OsOtodr2_w,Channel 4 News,2026-05-14T11:39:46+00:00,6.01809,9422,34,1565.61301,early
2026-05-20T12:05:48.986097+00:00,fNZ26wBJrQY,UCTrQ7HXWRRxr7OsOtodr2_w,Channel 4 News,2026-05-13T19:01:20+00:00,6.711447,6400,34,953.594657,early
2026-05-20T12:05:48.986097+00:00,e51_H8iWsH8,UChqUTb7kYRX8-EiaN3XFrSQ,Reuters,2026-05-18T17:04:12+00:00,1.792789,503,34,280.568433,early
2026-05-20T12:05:48.986097+00:00,EnLpF9i3I4I,UC9mrBfjgyOsqJ0J-zw7kZLQ,Atherion,2026-04-27T06:11:44+00:00,23.245891,7053,33,303.40846,active
2026-05-20T12:05:48.986097+00:00,iaT6-gjxQbo,UC9mrBfjgyOsqJ0J-zw7kZLQ,Atherion,2026-04-29T22:23:09+00:00,20.571296,2893,33,140.632851,active
2026-05-20T12:05:48.986097+00:00,0B6ZErYHzRE,UC4JX40jDee_tINbkjycV4Sg,Tech With Tim,2026-05-12T17:27:00+00:00,7.776956,2809,33,361.195306,active
2026-05-20T12:05:48.986097+00:00,PyCnWjW-syo,UC8p1vwvWtl6T73JiExfWs1g,CBS News,2026-05-12T01:37:47+00:00,8.436134,42040,33,4983.3253,active
2026-05-20T12:05:48.986097+00:00,P2JDMLypg70,UCnsvJeZO4RigQ898WdDNoBw,EL PAÍS,2026-05-16T02:22:44+00:00,4.404919,3119,33,708.072044,early
2026-05-20T12:05:48.986097+00:00,wPR77q7_pYw,UCUsm-fannqOY02PNN67C0KA,NMás,2026-05-15T17:22:37+00:00,4.78,5559,33,1162.970711,early
2026-05-20T12:05:48.986097+00:00,oZvptKzRcs4,UCWJ2lWNubArHWmf3FIHbfcQ,NBA,2026-05-14T20:27:57+00:00,5.651296,20228,33,3579.355957,early
2026-05-20T12:05:48.986097+00:00,WcMr7IOOpUU,UCiWLfSweyRNmLpgEHekhoAg,ESPN,2026-05-13T19:30:25+00:00,6.69125,19908,33,2975.228844,early
2026-05-20T12:05:48.986097+00:00,xVp6oHRahsc,UC08mnbiC4FykqpHqbEWgFcg,ESPN Deportes,2026-05-14T15:51:44+00:00,5.843113,8085,33,1383.68024,early
2026-05-20T12:05:48.986097+00:00,2PhuI8gZPLw,UChqUTb7kYRX8-EiaN3XFrSQ,Reuters,2026-05-15T13:53:29+00:00,4.925231,6295,33,1278.112641,early
2026-05-20T12:05:48.986097+00:00,54zs8ee_5wo,UC52X5wxOL_s5yw0dQk7NtgA,Associated Press,2026-05-14T12:30:22+00:00,5.982951,1966,33,328.600385,early
2026-05-20T12:05:48.986097+00:00,_15V1Wm32MI,UCNye-wNBqNL5ZzHSJj3l8Bg,Al Jazeera English,2026-05-15T02:31:36+00:00,5.398761,17124,33,3171.838872,early
2026-05-20T12:05:48.986097+00:00,B9vcdRD9t6g,UC-2hhqBG5Su7s91_HmhaODQ,Fox Deportes,2026-05-17T00:58:33+00:00,3.463379,198,33,57.169602,early
2026-05-20T12:05:48.986097+00:00,9MU_Io87P7w,UCurvRE5fGcdUgCYWgh-BDsg,DAZN Boxing,2026-05-11T12:17:50+00:00,8.991655,8666,33,963.782529,active
2026-05-20T12:05:48.986097+00:00,tQCVAU-fZPA,UCF0L4jd9LcSIxsj5gKITMqQ,Jaime Higuera,2026-04-21T20:30:14+00:00,28.64971,308383,32,10763.913492,active
2026-05-20T12:05:48.986097+00:00,15SjQL4UvUE,UCEK0oX3X2yK9y27khCsrNKg,Mis Propias Finanzas,2026-05-15T20:03:10+00:00,4.668507,1965,32,420.905442,early
2026-05-20T12:05:48.986097+00:00,LxspF-Vi-iE,UCEAZeUIeJs0IjQiqTCdVSIg,Yahoo Finance,2026-05-14T17:34:37+00:00,5.771667,4863,32,842.564202,early
2026-05-20T12:05:48.986097+00:00,T9G85_I6Lhs,UCupvZG-5ko_eiXAupbDfxWw,CNN,2026-05-11T20:28:06+00:00,8.651192,33556,32,3878.77185,active
2026-05-20T12:05:48.986097+00:00,zK1c6Qy1P-A,UCBi2mrWuNuyYy4gbM6fU18Q,ABC News,2026-05-13T22:55:08+00:00,6.549085,9172,32,1400.500986,early
2026-05-20T12:05:48.986097+00:00,FTHmh1ceCRE,UCnsvJeZO4RigQ898WdDNoBw,EL PAÍS,2026-05-15T15:54:58+00:00,4.840868,3885,32,802.542023,early
2026-05-20T12:05:48.986097+00:00,hOZTjvXkh1g,UCGXbLrVe8vnkiFv7q2vYv3w,El Mundo,2026-05-14T12:04:21+00:00,6.001018,3651,32,608.396775,early
2026-05-20T12:05:48.986097+00:00,bZFhuhsHn2s,UCGXbLrVe8vnkiFv7q2vYv3w,El Mundo,2026-05-13T11:47:46+00:00,7.012535,13224,32,1885.765989,active
2026-05-20T12:05:48.986097+00:00,U0aLhe-zF1w,UCUsm-fannqOY02PNN67C0KA,NMás,2026-05-17T18:58:10+00:00,2.713646,1123,32,413.834376,early
2026-05-20T12:05:48.986097+00:00,JK5NHuEu67I,UCUsm-fannqOY02PNN67C0KA,NMás,2026-05-15T19:43:02+00:00,4.682488,4068,32,868.768911,early
2026-05-20T12:05:48.986097+00:00,6xeLpKMkNGI,UC52X5wxOL_s5yw0dQk7NtgA,Associated Press,2026-05-13T11:31:56+00:00,7.02353,8052,32,1146.432065,active
2026-05-20T12:05:48.986097+00:00,uWB9yjxzXeA,UCNye-wNBqNL5ZzHSJj3l8Bg,Al Jazeera English,2026-05-13T14:15:25+00:00,6.91,6385,32,924.023155,early
2026-05-20T12:05:48.986097+00:00,DQH6-FSJKGg,UCsN32BtMd0IoByjJRNF12cw,60 Minutes,2026-05-12T00:50:48+00:00,8.468761,1928,32,227.660221,active
2026-05-20T12:05:48.986097+00:00,OuOIrxBXB0M,UCUyDOdBWhC1MCxEjC46d-zw,Alex Hormozi,2026-04-24T03:00:00+00:00,26.379039,136076,31,5158.489663,active
2026-05-20T12:05:48.986097+00:00,pe_HkAV9yJM,UC5PwIMtLiIBCBhsu8f_-6UQ,Santiago Bilinkis,2026-04-21T17:05:20+00:00,28.792002,14724,31,511.392018,active
2026-05-20T12:05:48.986097+00:00,TR1ZdEUN5qk,UCupvZG-5ko_eiXAupbDfxWw,CNN,2026-05-12T23:32:04+00:00,7.523437,10759,31,1430.064477,active
2026-05-20T12:05:48.986097+00:00,g4jc5MhfaKE,UCBi2mrWuNuyYy4gbM6fU18Q,ABC News,2026-05-14T01:47:51+00:00,6.429143,5046,31,784.86355,early
2026-05-20T12:05:48.986097+00:00,Yqk4Tm-Wn9Y,UCBi2mrWuNuyYy4gbM6fU18Q,ABC News,2026-05-12T20:06:46+00:00,7.666007,4852,31,632.924024,active
2026-05-20T12:05:48.986097+00:00,_QLMqR7awt0,UClLLRs_mFTsNT5U-DqTYAGg,La Vanguardia,2026-05-14T09:31:26+00:00,6.10721,17829,31,2919.336325,early
2026-05-20T12:05:48.986097+00:00,3nfj_wvWCCI,UCUP6qv-_EIL0hwTsJaKYnvw,Azteca Noticias,2026-05-14T00:30:08+00:00,6.483113,28162,31,4343.900839,early
2026-05-20T12:05:48.986097+00:00,KtFNOiHCq7E,UCcHtke0raf8vNYLM1Hbq3Jw,Imagen Noticias,2026-05-15T03:18:09+00:00,5.366435,10767,31,2006.359902,early
2026-05-20T12:05:48.986097+00:00,9OjT1bpim6g,UC08mnbiC4FykqpHqbEWgFcg,ESPN Deportes,2026-05-11T18:30:20+00:00,8.732974,11652,31,1334.253371,active
2026-05-20T12:05:48.986097+00:00,p0x2OuiKjPQ,UChqUTb7kYRX8-EiaN3XFrSQ,Reuters,2026-05-15T01:59:38+00:00,5.42096,1677,31,309.354801,early
2026-05-20T12:05:48.986097+00:00,CwDqj8oYXhU,UChqUTb7kYRX8-EiaN3XFrSQ,Reuters,2026-05-14T13:00:31+00:00,5.962014,2128,31,356.926367,early
2026-05-20T12:05:48.986097+00:00,4378kuZ1Peg,UC52X5wxOL_s5yw0dQk7NtgA,Associated Press,2026-05-15T18:59:42+00:00,4.712581,3190,31,676.911442,early
2026-05-20T12:05:48.986097+00:00,nKGoSwYJbhs,UCNye-wNBqNL5ZzHSJj3l8Bg,Al Jazeera English,2026-05-14T19:11:42+00:00,5.704248,9096,31,1594.601076,early
2026-05-20T12:05:48.986097+00:00,oNigkP4Znz0,UCTrQ7HXWRRxr7OsOtodr2_w,Channel 4 News,2026-05-11T16:43:13+00:00,8.807361,17827,31,2024.102339,active
2026-05-20T12:05:48.986097+00:00,kcoj3v452uU,UCTrQ7HXWRRxr7OsOtodr2_w,Channel 4 News,2026-05-11T12:02:17+00:00,9.002454,13748,31,1527.139156,active
2026-05-20T12:05:48.986097+00:00,MzufDCYUua0,UCtwslQPB_xJfaFuZv0OETNw,Kings League Spain,2026-05-11T08:06:54+00:00,9.165914,4167,31,454.619147,active
2026-05-20T12:05:48.986097+00:00,giLnOp1ah1o,UCGXbLrVe8vnkiFv7q2vYv3w,El Mundo,2026-05-18T10:43:02+00:00,2.057488,624,31,303.282449,early
2026-05-20T12:05:48.986097+00:00,664cs6FZEZo,UCUyDOdBWhC1MCxEjC46d-zw,Alex Hormozi,2026-04-23T19:00:00+00:00,26.712373,70906,30,2654.425348,active
2026-05-20T12:05:48.986097+00:00,XV4eV0wnx-c,UCoOae5nYA7VqaXzerajD0lg,Ali Abdaal,2026-04-26T10:00:57+00:00,24.086713,21721,30,901.783485,active
2026-05-20T12:05:48.986097+00:00,z_XHk-DZ1nY,UCUyDOdBWhC1MCxEjC46d-zw,Alex Hormozi,2026-05-04T09:00:00+00:00,16.129039,20653,30,1280.485465,active
2026-05-20T12:05:48.986097+00:00,BHCpoVaQyyw,UCF0L4jd9LcSIxsj5gKITMqQ,Jaime Higuera,2026-05-05T17:30:08+00:00,14.77478,8635,30,584.441866,active
2026-05-20T12:05:48.986097+00:00,o7XIt6ldHWo,UC5mQQ4Ur6oA8lsGFkvH2lyg,Noche De Chicxs,2026-05-10T17:00:57+00:00,9.795046,4162,30,424.908673,active
2026-05-20T12:05:48.986097+00:00,ckmwjwgSEuM,UCB34YbuG6ThXJzJsDAII5Dw,math2me,2026-05-12T18:41:39+00:00,7.725116,6594,30,853.579416,active
2026-05-20T12:05:48.986097+00:00,Cly0s3w3MyU,UCupvZG-5ko_eiXAupbDfxWw,CNN,2026-05-11T05:23:47+00:00,9.27919,62551,30,6740.997867,active
2026-05-20T12:05:48.986097+00:00,oCmt8DeoqyY,UCGXbLrVe8vnkiFv7q2vYv3w,El Mundo,2026-05-14T09:23:04+00:00,6.113021,5780,30,945.52268,early
2026-05-20T12:05:48.986097+00:00,zm6Ef9nnpaM,UCGXbLrVe8vnkiFv7q2vYv3w,El Mundo,2026-05-11T09:34:51+00:00,9.104838,3699,30,406.267525,active
2026-05-20T12:05:48.986097+00:00,MKaFvg-4Iu8,UCGXbLrVe8vnkiFv7q2vYv3w,El Mundo,2026-05-11T07:58:26+00:00,9.171794,50742,30,5532.396388,active
2026-05-20T12:05:48.986097+00:00,jysAx1EGgSI,UClLLRs_mFTsNT5U-DqTYAGg,La Vanguardia,2026-05-15T20:00:17+00:00,4.670509,7705,30,1649.713125,early
2026-05-20T12:05:48.986097+00:00,q_13UNMXPkE,UCafNntv_qTQB26AvbEQNHPw,Aristegui Noticias,2026-05-11T20:16:03+00:00,8.65956,11266,30,1300.989889,active
2026-05-20T12:05:48.986097+00:00,IVCdDWCWmpI,UCiWLfSweyRNmLpgEHekhoAg,ESPN,2026-05-14T02:20:50+00:00,6.406238,10718,30,1673.056792,early
2026-05-20T12:05:48.986097+00:00,YKhn-ewxAFM,UC08mnbiC4FykqpHqbEWgFcg,ESPN Deportes,2026-05-13T15:45:05+00:00,6.847731,19019,30,2777.416344,early
2026-05-20T12:05:48.986097+00:00,8arq41upD4o,UChqUTb7kYRX8-EiaN3XFrSQ,Reuters,2026-05-15T06:21:21+00:00,5.239213,4332,30,826.841741,early
2026-05-20T12:05:48.986097+00:00,x1-HK1LgKK0,UChqUTb7kYRX8-EiaN3XFrSQ,Reuters,2026-05-13T16:30:37+00:00,6.816111,56932,30,8352.563507,early
2026-05-20T12:05:48.986097+00:00,9VyCOVdFpL8,UCUyDOdBWhC1MCxEjC46d-zw,Alex Hormozi,2026-04-29T09:00:00+00:00,21.129039,140788,29,6663.246729,active
2026-05-20T12:05:48.986097+00:00,s9TcINJc2pw,UCUyDOdBWhC1MCxEjC46d-zw,Alex Hormozi,2026-04-30T23:00:00+00:00,19.545706,60517,29,3096.178772,active
2026-05-20T12:05:48.986097+00:00,KOAhANin5CE,UCyM-2pRapEv6V2q7UNO9icg,Emprende Aprendiendo,2026-05-07T20:27:09+00:00,12.651852,28015,29,2214.300325,active
2026-05-20T12:05:48.986097+00:00,o2Lv9nkeAAQ,UCtT7zEoC9-HNyLYb8cYWoww,Ale Marin,2026-05-12T15:15:04+00:00,7.868576,8236,29,1046.695107,active
2026-05-20T12:05:48.986097+00:00,AX4Axl52uBQ,UCsMica-v34Irf9KVTh6xx-g,Microsoft Developer,2026-05-15T14:00:12+00:00,4.920567,475,29,96.533591,early
2026-05-20T12:05:48.986097+00:00,Nx0JUAUCT88,UCeY0bbntWzzVIaj2z3QigXg,NBC News,2026-05-13T21:14:22+00:00,6.619062,2948,29,445.380327,early
2026-05-20T12:05:48.986097+00:00,X8dqxEOPUB4,UCGXbLrVe8vnkiFv7q2vYv3w,El Mundo,2026-05-14T13:48:24+00:00,5.928761,4209,29,709.929107,early
2026-05-20T12:05:48.986097+00:00,fIlpSMeHhpU,UCafNntv_qTQB26AvbEQNHPw,Aristegui Noticias,2026-05-14T02:45:02+00:00,6.389433,4094,29,640.745431,early
2026-05-20T12:05:48.986097+00:00,uZz5ijyTOTE,UCUsm-fannqOY02PNN67C0KA,NMás,2026-05-16T20:11:38+00:00,3.662627,2809,29,766.935863,early
2026-05-20T12:05:48.986097+00:00,ZIdxDWE2LAc,UCUsm-fannqOY02PNN67C0KA,NMás,2026-05-14T01:00:25+00:00,6.462083,5487,29,849.107014,early
2026-05-20T12:05:48.986097+00:00,YatImEwD044,UCcHtke0raf8vNYLM1Hbq3Jw,Imagen Noticias,2026-05-16T05:23:26+00:00,4.279433,1490,29,348.176966,early
2026-05-20T12:05:48.986097+00:00,JZfG4Hqo2cI,UChqUTb7kYRX8-EiaN3XFrSQ,Reuters,2026-05-17T12:11:03+00:00,2.996366,1313,29,438.19747,early
2026-05-20T12:05:48.986097+00:00,peBqFeQeKQo,UChqUTb7kYRX8-EiaN3XFrSQ,Reuters,2026-05-15T05:53:43+00:00,5.258403,15589,29,2964.588298,early
2026-05-20T12:05:48.986097+00:00,JbfNDIdc3O8,UC52X5wxOL_s5yw0dQk7NtgA,Associated Press,2026-05-14T12:43:24+00:00,5.9739,5772,29,966.202983,early
2026-05-20T12:05:48.986097+00:00,PIaQfZ0WJ5A,UC52X5wxOL_s5yw0dQk7NtgA,Associated Press,2026-05-13T12:20:26+00:00,6.989849,2106,29,301.294062,early
2026-05-20T12:05:48.986097+00:00,Rn1CndkLMds,UCz8QaiQxApLq8sLNcszYyJw,Firstpost,2026-05-15T18:07:58+00:00,4.748507,4432,29,933.345997,early
2026-05-20T12:05:48.986097+00:00,LtwtkY1AziY,UCtwslQPB_xJfaFuZv0OETNw,Kings League Spain,2026-05-12T19:34:02+00:00,7.688738,2217,29,288.343809,active
2026-05-20T12:05:48.986097+00:00,cXqjFvCaFzA,UClLLRs_mFTsNT5U-DqTYAGg,La Vanguardia,2026-05-18T10:41:31+00:00,2.058542,557,29,270.579857,early
2026-05-20T12:05:48.986097+00:00,nbHMeopNtDg,UCUyDOdBWhC1MCxEjC46d-zw,Alex Hormozi,2026-04-29T23:00:00+00:00,20.545706,22007,28,1071.124059,active
2026-05-20T12:05:48.986097+00:00,nWfp_X31vqk,UCEQXxiYxNZbym9Fad7-n2Lg,Doctor Fisión,2026-04-29T18:00:55+00:00,20.753403,18816,28,906.646491,active
2026-05-20T12:05:48.986097+00:00,G-aRYaCOZJs,UC16niRr50-MSBwiO3YDb3RA,BBC News,2026-05-13T12:37:30+00:00,6.977998,59107,28,8470.481075,early
2026-05-20T12:05:48.986097+00:00,FwhxUzQ20KM,UC16niRr50-MSBwiO3YDb3RA,BBC News,2026-05-11T13:00:26+00:00,8.962072,52655,28,5875.31544,active
2026-05-20T12:05:48.986097+00:00,5rtca_4Dz10,UCupvZG-5ko_eiXAupbDfxWw,CNN,2026-05-11T19:51:06+00:00,8.676886,10809,28,1245.723408,active
2026-05-20T12:05:48.986097+00:00,hdI-ntaoxdQ,UC8p1vwvWtl6T73JiExfWs1g,CBS News,2026-05-14T03:45:58+00:00,6.347118,5297,28,834.551997,early
2026-05-20T12:05:48.986097+00:00,yrGmiL_p2Q8,UCeY0bbntWzzVIaj2z3QigXg,NBC News,2026-05-14T15:55:46+00:00,5.840312,6137,28,1050.800026,early
2026-05-20T12:05:48.986097+00:00,IFSN-cX6ez8,UCUsm-fannqOY02PNN67C0KA,NMás,2026-05-17T17:08:58+00:00,2.789479,1040,28,372.829478,early
2026-05-20T12:05:48.986097+00:00,fsgt5mEJdsE,UCUP6qv-_EIL0hwTsJaKYnvw,Azteca Noticias,2026-05-15T18:40:00+00:00,4.726261,5062,28,1071.036915,early
2026-05-20T12:05:48.986097+00:00,Jf3BVqXFx7g,UCoLrcjPV5PbUrUyXq5mjc_A,MLB,2026-05-13T05:40:21+00:00,7.267685,23567,28,3242.710712,active
2026-05-20T12:05:48.986097+00:00,cpiQbvc4-xA,UCoLrcjPV5PbUrUyXq5mjc_A,MLB,2026-05-13T01:28:26+00:00,7.442627,9277,28,1246.468485,active
2026-05-20T12:05:48.986097+00:00,51U2EQ60i2w,UCiWLfSweyRNmLpgEHekhoAg,ESPN,2026-05-14T13:18:22+00:00,5.949618,4621,28,776.68852,early
2026-05-20T12:05:48.986097+00:00,hr564ABYR_E,UCsN32BtMd0IoByjJRNF12cw,60 Minutes,2026-05-12T00:49:43+00:00,8.469514,2019,28,238.384398,active
2026-05-20T12:05:48.986097+00:00,CZtseHx5dAM,UCUyDOdBWhC1MCxEjC46d-zw,Alex Hormozi,2026-04-21T07:00:00+00:00,29.212373,33508,27,1147.048205,active
2026-05-20T12:05:48.986097+00:00,f1rK6WfCjCQ,UCoOae5nYA7VqaXzerajD0lg,Ali Abdaal,2026-04-22T10:01:19+00:00,28.086458,38040,27,1354.389364,active
2026-05-20T12:05:48.986097+00:00,7y8W9bita7o,UC9mrBfjgyOsqJ0J-zw7kZLQ,Atherion,2026-04-23T00:38:38+00:00,27.47721,4797,27,174.581044,active
2026-05-20T12:05:48.986097+00:00,XNDiFY5vIk0,UCUyDOdBWhC1MCxEjC46d-zw,Alex Hormozi,2026-05-02T15:00:00+00:00,17.879039,18316,27,1024.439848,active
2026-05-20T12:05:48.986097+00:00,xLEEiMWgp-E,UC55-mxUj5Nj3niXFReG44OQ,Platzi,2026-05-06T13:50:47+00:00,13.927106,13098,27,940.468178,active
2026-05-20T12:05:48.986097+00:00,z4h2OSxmQr8,UCF0L4jd9LcSIxsj5gKITMqQ,Jaime Higuera,2026-05-11T16:30:33+00:00,8.816157,13950,27,1582.322093,active
2026-05-20T12:05:48.986097+00:00,DOb_3FhHq-0,UC16niRr50-MSBwiO3YDb3RA,BBC News,2026-05-13T12:58:48+00:00,6.963206,21736,27,3121.550619,early
2026-05-20T12:05:48.986097+00:00,cTdHGRqJdh0,UCupvZG-5ko_eiXAupbDfxWw,CNN,2026-05-13T04:30:38+00:00,7.316099,20719,27,2831.973706,active
2026-05-20T12:05:48.986097+00:00,6c2CO6ygeao,UCeY0bbntWzzVIaj2z3QigXg,NBC News,2026-05-15T23:50:49+00:00,4.510417,1620,27,359.168565,early
2026-05-20T12:05:48.986097+00:00,7UsNBi8sGGk,UCeY0bbntWzzVIaj2z3QigXg,NBC News,2026-05-14T12:33:53+00:00,5.980509,9157,27,1531.140577,early
2026-05-20T12:05:48.986097+00:00,rzvcdu6Exvg,UCGXbLrVe8vnkiFv7q2vYv3w,El Mundo,2026-05-14T14:37:50+00:00,5.894433,10461,27,1774.725406,early
2026-05-20T12:05:48.986097+00:00,bEXFZqviWyk,UCGXbLrVe8vnkiFv7q2vYv3w,El Mundo,2026-05-12T10:59:51+00:00,8.04581,50260,27,6246.729664,active
2026-05-20T12:05:48.986097+00:00,yNuK3cjFkDE,UCGXbLrVe8vnkiFv7q2vYv3w,El Mundo,2026-05-11T11:30:39+00:00,9.024421,11770,27,1304.238798,active
2026-05-20T12:05:48.986097+00:00,-WkEMpAd7HQ,UCUsm-fannqOY02PNN67C0KA,NMás,2026-05-15T22:40:35+00:00,4.55919,5644,27,1237.939195,early
2026-05-20T12:05:48.986097+00:00,_-i1kJIy3J0,UCUsm-fannqOY02PNN67C0KA,NMás,2026-05-15T00:00:36+00:00,5.503623,10806,27,1963.433905,early
2026-05-20T12:05:48.986097+00:00,rIS5EpN0LUs,UCUP6qv-_EIL0hwTsJaKYnvw,Azteca Noticias,2026-05-14T16:49:52+00:00,5.802743,48169,27,8301.074164,early
2026-05-20T12:05:48.986097+00:00,BT_F3qBZ_c0,UCWJ2lWNubArHWmf3FIHbfcQ,NBA,2026-05-11T02:44:18+00:00,9.389942,138893,27,14791.678159,active
2026-05-20T12:05:48.986097+00:00,9AW3SMIypJM,UCTv-XvfzLX3i4IGWAm4sbmA,LALIGA EA SPORTS,2026-05-12T17:17:31+00:00,7.783542,21608,27,2776.114011,active
2026-05-20T12:05:48.986097+00:00,rYB72nFJsfI,UChqUTb7kYRX8-EiaN3XFrSQ,Reuters,2026-05-15T18:07:29+00:00,4.748842,2562,27,539.499945,early
2026-05-20T12:05:48.986097+00:00,aXtMaInFgTE,UChqUTb7kYRX8-EiaN3XFrSQ,Reuters,2026-05-15T15:56:41+00:00,4.839676,3493,27,721.74253,early
2026-05-20T12:05:48.986097+00:00,9YcuYyUZQGs,UC52X5wxOL_s5yw0dQk7NtgA,Associated Press,2026-05-15T10:31:19+00:00,5.065625,6479,27,1279.012955,early
2026-05-20T12:05:48.986097+00:00,iu3ltNsSXIA,UCsN32BtMd0IoByjJRNF12cw,60 Minutes,2026-05-12T00:49:17+00:00,8.469815,5076,27,599.304707,active
2026-05-20T12:05:48.986097+00:00,0YCyZKuGPmA,UC9mrBfjgyOsqJ0J-zw7kZLQ,Atherion,2026-04-23T23:30:33+00:00,26.524491,8888,26,335.086543,active
2026-05-20T12:05:48.986097+00:00,xUWqMdypNsM,UC5PwIMtLiIBCBhsu8f_-6UQ,Santiago Bilinkis,2026-04-23T17:13:30+00:00,26.786331,14553,26,543.299491,active
2026-05-20T12:05:48.986097+00:00,lWj_3TE2UsE,UCUyDOdBWhC1MCxEjC46d-zw,Alex Hormozi,2026-04-30T03:00:00+00:00,20.379039,14549,26,713.919827,active
2026-05-20T12:05:48.986097+00:00,aMMwWUNM4-o,UCF0L4jd9LcSIxsj5gKITMqQ,Jaime Higuera,2026-05-14T14:00:01+00:00,5.920694,7934,26,1340.04561,early
2026-05-20T12:05:48.986097+00:00,3SvACsD_HS4,UCEAZeUIeJs0IjQiqTCdVSIg,Yahoo Finance,2026-05-12T21:50:01+00:00,7.594305,8734,26,1150.072324,active
2026-05-20T12:05:48.986097+00:00,MNAEglUIgng,UCnsvJeZO4RigQ898WdDNoBw,EL PAÍS,2026-05-14T04:33:23+00:00,6.31419,12987,26,2056.795884,early
2026-05-20T12:05:48.986097+00:00,oWKfZiJ74hw,UCGXbLrVe8vnkiFv7q2vYv3w,El Mundo,2026-05-12T19:57:47+00:00,7.672245,2156,26,281.012924,active
2026-05-20T12:05:48.986097+00:00,wiOj3arkwp8,UCUsm-fannqOY02PNN67C0KA,NMás,2026-05-16T17:19:13+00:00,3.782361,2403,26,635.317464,early
2026-05-20T12:05:48.986097+00:00,isFbm9vtHs4,UCM-GvgUy0EAZU7ZwXKLarkg,López-Dóriga,2026-05-15T01:47:17+00:00,5.429537,14930,26,2749.77406,early
2026-05-20T12:05:48.986097+00:00,eiEiFubxXJ8,UCcHtke0raf8vNYLM1Hbq3Jw,Imagen Noticias,2026-05-15T04:56:33+00:00,5.298102,1006,26,189.879319,early
2026-05-20T12:05:48.986097+00:00,PHZSU7a9T7g,UCTv-XvfzLX3i4IGWAm4sbmA,LALIGA EA SPORTS,2026-05-13T19:47:51+00:00,6.679143,3177,26,475.659826,early
2026-05-20T12:05:48.986097+00:00,U8vqwJJIZ8Y,UCTv-XvfzLX3i4IGWAm4sbmA,LALIGA EA SPORTS,2026-05-11T20:13:09+00:00,8.661574,19958,26,2304.200137,active
2026-05-20T12:05:48.986097+00:00,8ZZrG3BGMEw,UCiWLfSweyRNmLpgEHekhoAg,ESPN,2026-05-16T16:41:30+00:00,3.808553,3320,26,871.722147,early
2026-05-20T12:05:48.986097+00:00,rtPpGJs7k_I,UCiWLfSweyRNmLpgEHekhoAg,ESPN,2026-05-13T15:51:21+00:00,6.843379,21292,26,3111.328483,early
2026-05-20T12:05:48.986097+00:00,WqFFnFH1q40,UC08mnbiC4FykqpHqbEWgFcg,ESPN Deportes,2026-05-11T23:00:36+00:00,8.545289,7388,26,864.56994,active
2026-05-20T12:05:48.986097+00:00,vshWjVLWGiE,UChqUTb7kYRX8-EiaN3XFrSQ,Reuters,2026-05-14T14:11:01+00:00,5.913055,1105,26,186.874636,early
2026-05-20T12:05:48.986097+00:00,_FY5aRfMWg0,UChqUTb7kYRX8-EiaN3XFrSQ,Reuters,2026-05-14T05:40:29+00:00,6.267592,795,26,126.842973,early
2026-05-20T12:05:48.986097+00:00,8F4YShIcrXw,UCTrQ7HXWRRxr7OsOtodr2_w,Channel 4 News,2026-05-13T12:16:22+00:00,6.992673,7054,26,1008.77018,early
2026-05-20T12:05:48.986097+00:00,iTe1p-vQzL0,UCTrQ7HXWRRxr7OsOtodr2_w,Channel 4 News,2026-05-13T08:40:20+00:00,7.142697,9164,26,1282.988765,active
2026-05-20T12:05:48.986097+00:00,_eePG6SNZ2c,UCtwslQPB_xJfaFuZv0OETNw,Kings League Spain,2026-05-12T20:23:27+00:00,7.654421,2385,26,311.584638,active
2026-05-20T12:05:48.986097+00:00,7vdW8a6jEfw,UCUyDOdBWhC1MCxEjC46d-zw,Alex Hormozi,2026-04-26T11:00:00+00:00,24.045706,38869,25,1616.463247,active
2026-05-20T12:05:48.986097+00:00,Hk20QLW6nEc,UCyM-2pRapEv6V2q7UNO9icg,Emprende Aprendiendo,2026-05-01T16:30:08+00:00,18.816447,81503,25,4331.476607,active
2026-05-20T12:05:48.986097+00:00,a3lIAb0Q-sg,UCnsvJeZO4RigQ898WdDNoBw,EL PAÍS,2026-05-16T13:53:43+00:00,3.925069,1335,25,340.121409,early
2026-05-20T12:05:48.986097+00:00,apIHVdEl2zs,UCnsvJeZO4RigQ898WdDNoBw,EL PAÍS,2026-05-12T00:36:39+00:00,8.478588,1230,25,145.071326,active
2026-05-20T12:05:48.986097+00:00,xUUoi3EGvOE,UCGXbLrVe8vnkiFv7q2vYv3w,El Mundo,2026-05-15T19:55:56+00:00,4.67353,13934,25,2981.472249,early
2026-05-20T12:05:48.986097+00:00,dpfgGluaxXM,UCGXbLrVe8vnkiFv7q2vYv3w,El Mundo,2026-05-11T11:23:27+00:00,9.029421,4715,25,522.181876,active
2026-05-20T12:05:48.986097+00:00,I9gdwVNXv2E,UCUsm-fannqOY02PNN67C0KA,NMás,2026-05-14T23:30:08+00:00,5.52478,8085,25,1463.406688,early
2026-05-20T12:05:48.986097+00:00,CXvrr4kVqSQ,UCUP6qv-_EIL0hwTsJaKYnvw,Azteca Noticias,2026-05-15T16:40:00+00:00,4.809595,2953,25,613.981011,early
2026-05-20T12:05:48.986097+00:00,nNlJXD5MYOQ,UCUP6qv-_EIL0hwTsJaKYnvw,Azteca Noticias,2026-05-12T23:45:04+00:00,7.51441,4924,25,655.274333,active
2026-05-20T12:05:48.986097+00:00,FMHZiZlFEFU,UCiWLfSweyRNmLpgEHekhoAg,ESPN,2026-05-13T13:51:46+00:00,6.926423,101777,25,14694.020276,early
2026-05-20T12:05:48.986097+00:00,giWMEfT7LxI,UC08mnbiC4FykqpHqbEWgFcg,ESPN Deportes,2026-05-11T16:30:25+00:00,8.81625,11854,25,1344.562597,active
2026-05-20T12:05:48.986097+00:00,PsYNs9I1PW0,UCIRYBXDze5krPDzAEOxFGVA,Guardian News,2026-05-12T13:34:55+00:00,7.938125,2902,25,365.577514,active
2026-05-20T12:05:48.986097+00:00,nV761KVW8BE,UChqUTb7kYRX8-EiaN3XFrSQ,Reuters,2026-05-14T19:40:59+00:00,5.683912,3509,25,617.356497,early
2026-05-20T12:05:48.986097+00:00,jW3wEL6XQlY,UChqUTb7kYRX8-EiaN3XFrSQ,Reuters,2026-05-14T00:16:54+00:00,6.492303,3722,25,573.294253,early
2026-05-20T12:05:48.986097+00:00,kKuOWAzQUu8,UCcHtke0raf8vNYLM1Hbq3Jw,Imagen Noticias,2026-05-18T12:46:27+00:00,1.971782,180,25,91.287982,early
2026-05-20T12:05:48.986097+00:00,S3JuEF7RQ5k,UC5PwIMtLiIBCBhsu8f_-6UQ,Santiago Bilinkis,2026-04-24T18:33:02+00:00,25.731099,66741,24,2593.787385,active
2026-05-20T12:05:48.986097+00:00,8erUsIGULKc,UCvPGx8qh8AkrFZW06tESvaA,Dot Dager,2026-04-30T18:06:02+00:00,19.749849,8202,24,415.294314,active
2026-05-20T12:05:48.986097+00:00,WfDXOW1dNo4,UCF0L4jd9LcSIxsj5gKITMqQ,Jaime Higuera,2026-05-05T18:00:34+00:00,14.753646,12679,24,859.380793,active
2026-05-20T12:05:48.986097+00:00,SsMdZMkYKO4,UCF0L4jd9LcSIxsj5gKITMqQ,Jaime Higuera,2026-05-09T08:00:26+00:00,11.170405,18534,24,1659.205732,active
2026-05-20T12:05:48.986097+00:00,drXSzAz-Y5k,UCl5-lvQyfILb-l2abPk4Ntg,Inteligencia Artificial,2026-05-12T14:17:33+00:00,7.908518,2718,24,343.680067,active
2026-05-20T12:05:48.986097+00:00,JGiRNaxn71I,UCwd8Byi93KbnsYmCcKLExvQ,Negocios TV,2026-05-14T09:23:57+00:00,6.112407,18054,24,2953.664571,early
2026-05-20T12:05:48.986097+00:00,shN9XmVABnY,UC8butISFwT-Wl7EV0hUK0BQ,freeCodeCamp.org,2026-05-11T12:17:42+00:00,8.991748,5333,24,593.099362,active
2026-05-20T12:05:48.986097+00:00,XBKhq9CBFOA,UC16niRr50-MSBwiO3YDb3RA,BBC News,2026-05-12T12:34:02+00:00,7.980405,31511,24,3948.546471,active
2026-05-20T12:05:48.986097+00:00,j_AeUMdMFCI,UCupvZG-5ko_eiXAupbDfxWw,CNN,2026-05-13T01:13:38+00:00,7.452905,16068,24,2155.937852,active
2026-05-20T12:05:48.986097+00:00,g0m7VEWCphY,UCeY0bbntWzzVIaj2z3QigXg,NBC News,2026-05-12T23:57:27+00:00,7.50581,2198,24,292.839813,active
2026-05-20T12:05:48.986097+00:00,PsW2U_BU87M,UCGXbLrVe8vnkiFv7q2vYv3w,El Mundo,2026-05-15T06:57:32+00:00,5.214085,19977,24,3831.35296,early
2026-05-20T12:05:48.986097+00:00,G-PeI7XI09M,UCUsm-fannqOY02PNN67C0KA,NMás,2026-05-15T01:00:11+00:00,5.462245,24186,24,4427.849721,early
2026-05-20T12:05:48.986097+00:00,LOMoOsIALOc,UCUsm-fannqOY02PNN67C0KA,NMás,2026-05-13T23:57:35+00:00,6.505717,6234,24,958.234119,early
2026-05-20T12:05:48.986097+00:00,lV0O-SOC-WQ,UCUP6qv-_EIL0hwTsJaKYnvw,Azteca Noticias,2026-05-12T14:17:10+00:00,7.908785,11138,24,1408.307344,active
2026-05-20T12:05:48.986097+00:00,oZr_LRX_A0g,UCoLrcjPV5PbUrUyXq5mjc_A,MLB,2026-05-13T14:53:32+00:00,6.88353,5594,24,812.664432,early
2026-05-20T12:05:48.986097+00:00,99kY8K0cVfk,UCiWLfSweyRNmLpgEHekhoAg,ESPN,2026-05-15T23:55:00+00:00,4.507511,8285,24,1838.043213,early
2026-05-20T12:05:48.986097+00:00,Vl9Pn7FKPTI,UCiWLfSweyRNmLpgEHekhoAg,ESPN,2026-05-15T03:04:46+00:00,5.375729,61997,24,11532.761417,early
2026-05-20T12:05:48.986097+00:00,sWiUcaj0EjA,UCoMdktPbSTixAyNGwb-UYkQ,Sky News,2026-05-13T08:57:02+00:00,7.131099,21896,24,3070.494464,active
2026-05-20T12:05:48.986097+00:00,4RIveXzbeRA,UChqUTb7kYRX8-EiaN3XFrSQ,Reuters,2026-05-15T18:59:41+00:00,4.712592,2380,24,505.029928,early
2026-05-20T12:05:48.986097+00:00,RoCqNopHk7o,UC52X5wxOL_s5yw0dQk7NtgA,Associated Press,2026-05-12T17:07:29+00:00,7.790509,3650,24,468.518809,active
2026-05-20T12:05:48.986097+00:00,TWl3F6nSRG4,UC-2hhqBG5Su7s91_HmhaODQ,Fox Deportes,2026-05-16T04:54:57+00:00,4.299213,1485,24,345.412056,early
2026-05-20T12:05:48.986097+00:00,g47pe7T6-KE,UCUyDOdBWhC1MCxEjC46d-zw,Alex Hormozi,2026-04-21T03:00:00+00:00,29.379039,25808,23,878.449428,active
2026-05-20T12:05:48.986097+00:00,Kx0v4IeR-1s,UCdNnEDbRWhanA1O8zhCn3ZA,Omar - Educación Financiera,2026-05-07T01:06:13+00:00,13.458055,5237,23,389.134983,active
2026-05-20T12:05:48.986097+00:00,HBezrmK2eEY,UCF0L4jd9LcSIxsj5gKITMqQ,Jaime Higuera,2026-05-08T09:00:34+00:00,12.128646,9933,23,818.97023,active
2026-05-20T12:05:48.986097+00:00,BVXJqZenDxU,UC55-mxUj5Nj3niXFReG44OQ,Platzi,2026-05-08T18:22:35+00:00,11.738356,4844,23,412.664261,active
2026-05-20T12:05:48.986097+00:00,oROSLhyGiGs,UCwd8Byi93KbnsYmCcKLExvQ,Negocios TV,2026-05-15T01:30:37+00:00,5.441111,18846,23,3463.630865,early
2026-05-20T12:05:48.986097+00:00,TbobppNzt6M,UCEAZeUIeJs0IjQiqTCdVSIg,Yahoo Finance,2026-05-11T23:00:42+00:00,8.54522,5809,23,679.795254,active
2026-05-20T12:05:48.986097+00:00,Ndyk2FlGdms,UCsMica-v34Irf9KVTh6xx-g,Microsoft Developer,2026-05-14T20:25:20+00:00,5.653113,1284,23,227.131494,early
2026-05-20T12:05:48.986097+00:00,81eEMgFrols,UCsMica-v34Irf9KVTh6xx-g,Microsoft Developer,2026-05-14T20:24:39+00:00,5.653588,1377,23,243.562141,early
2026-05-20T12:05:48.986097+00:00,pKf3j_QJG6Q,UCeY0bbntWzzVIaj2z3QigXg,NBC News,2026-05-15T20:30:31+00:00,4.649514,2333,23,501.772873,early
2026-05-20T12:05:48.986097+00:00,Z2bME8BVEIs,UCeY0bbntWzzVIaj2z3QigXg,NBC News,2026-05-15T11:46:42+00:00,5.013275,10610,23,2116.381008,early
2026-05-20T12:05:48.986097+00:00,0TeIuOx7QwM,UCnsvJeZO4RigQ898WdDNoBw,EL PAÍS,2026-05-14T20:30:34+00:00,5.649479,939,23,166.210017,early
2026-05-20T12:05:48.986097+00:00,rNPz2SaDN6Q,UCGXbLrVe8vnkiFv7q2vYv3w,El Mundo,2026-05-16T18:27:03+00:00,3.735254,4050,23,1084.263614,early
2026-05-20T12:05:48.986097+00:00,puAFTw73JIU,UCGXbLrVe8vnkiFv7q2vYv3w,El Mundo,2026-05-14T08:29:52+00:00,6.149965,6311,23,1026.184702,early
2026-05-20T12:05:48.986097+00:00,1opzvVAVfNI,UCUsm-fannqOY02PNN67C0KA,NMás,2026-05-13T23:24:51+00:00,6.528449,12782,23,1957.892296,early
2026-05-20T12:05:48.986097+00:00,R42FF8biFaw,UCUP6qv-_EIL0hwTsJaKYnvw,Azteca Noticias,2026-05-15T15:00:46+00:00,4.878507,5600,23,1147.892173,early
2026-05-20T12:05:48.986097+00:00,CPN4dNvyazY,UCUP6qv-_EIL0hwTsJaKYnvw,Azteca Noticias,2026-05-13T02:00:09+00:00,7.420602,49450,23,6663.879831,active
2026-05-20T12:05:48.986097+00:00,MqShXHJUe-A,UCTv-XvfzLX3i4IGWAm4sbmA,LALIGA EA SPORTS,2026-05-12T18:06:44+00:00,7.749363,16113,23,2079.267677,active
2026-05-20T12:05:48.986097+00:00,LtnZWQLW29g,UCiWLfSweyRNmLpgEHekhoAg,ESPN,2026-05-16T17:17:28+00:00,3.783576,2570,23,679.251586,early
2026-05-20T12:05:48.986097+00:00,_wgqetgft-s,UC08mnbiC4FykqpHqbEWgFcg,ESPN Deportes,2026-05-12T01:00:14+00:00,8.46221,13978,23,1651.814361,active
2026-05-20T12:05:48.986097+00:00,jUY1FLaFafA,UC08mnbiC4FykqpHqbEWgFcg,ESPN Deportes,2026-05-11T22:00:01+00:00,8.587361,23542,23,2741.470866,active
2026-05-20T12:05:48.986097+00:00,wiprevkQNXU,UCTHaNTsP7hsVgBxARZTuajw,LUZU TV,2026-05-11T14:40:03+00:00,8.892893,3560,23,400.319671,active
2026-05-20T12:05:48.986097+00:00,cIYukf3QOoQ,UCoMdktPbSTixAyNGwb-UYkQ,Sky News,2026-05-13T06:31:40+00:00,7.232048,10150,23,1403.475198,active
2026-05-20T12:05:48.986097+00:00,TplyfQwsTvc,UC52X5wxOL_s5yw0dQk7NtgA,Associated Press,2026-05-14T11:15:05+00:00,6.035231,18052,23,2991.103406,early
2026-05-20T12:05:48.986097+00:00,IMZrQzmlNLc,UC52X5wxOL_s5yw0dQk7NtgA,Associated Press,2026-05-14T10:34:33+00:00,6.063379,7722,23,1273.547308,early
2026-05-20T12:05:48.986097+00:00,yuoRXmnzm1A,UCNye-wNBqNL5ZzHSJj3l8Bg,Al Jazeera English,2026-05-14T18:12:18+00:00,5.745498,3536,23,615.438383,early
2026-05-20T12:05:48.986097+00:00,_3RaxE-vXEk,UCTrQ7HXWRRxr7OsOtodr2_w,Channel 4 News,2026-05-13T11:56:28+00:00,7.006493,17455,23,2491.260606,active
2026-05-20T12:05:48.986097+00:00,N7lF5k059u4,UCsN32BtMd0IoByjJRNF12cw,60 Minutes,2026-05-13T16:45:14+00:00,6.80596,6844,23,1005.589219,early
2026-05-20T12:05:48.986097+00:00,vrW0swCG3Kg,UCUyDOdBWhC1MCxEjC46d-zw,Alex Hormozi,2026-04-22T23:00:00+00:00,27.545706,31933,22,1159.273246,active
2026-05-20T12:05:48.986097+00:00,fHes8kAGJHs,UCUyDOdBWhC1MCxEjC46d-zw,Alex Hormozi,2026-04-22T03:00:00+00:00,28.379039,39737,22,1400.223595,active
2026-05-20T12:05:48.986097+00:00,o1LnQHf3b6I,UCUyDOdBWhC1MCxEjC46d-zw,Alex Hormozi,2026-05-02T07:00:00+00:00,18.212373,21261,22,1167.393178,active
2026-05-20T12:05:48.986097+00:00,GyBPytpEBpk,UCF0L4jd9LcSIxsj5gKITMqQ,Jaime Higuera,2026-05-09T16:00:24+00:00,10.837095,9142,22,843.584005,active
2026-05-20T12:05:48.986097+00:00,uZBIzw2OhBc,UCF0L4jd9LcSIxsj5gKITMqQ,Jaime Higuera,2026-05-10T21:30:16+00:00,9.608021,6330,22,658.824538,active
2026-05-20T12:05:48.986097+00:00,j1KoQc0Y-14,UCtT7zEoC9-HNyLYb8cYWoww,Ale Marin,2026-05-16T17:00:48+00:00,3.79515,3853,22,1015.243139,early
2026-05-20T12:05:48.986097+00:00,PWlvS_it-Rc,UCwd8Byi93KbnsYmCcKLExvQ,Negocios TV,2026-05-15T15:30:11+00:00,4.858079,3485,22,717.361739,early
2026-05-20T12:05:48.986097+00:00,nm3wzOeVB84,UC8p1vwvWtl6T73JiExfWs1g,CBS News,2026-05-12T01:36:18+00:00,8.437164,30652,22,3632.974303,active
2026-05-20T12:05:48.986097+00:00,AhlmBnfbQ6I,UCGXbLrVe8vnkiFv7q2vYv3w,El Mundo,2026-05-14T14:36:49+00:00,5.895139,4412,22,748.413227,early
2026-05-20T12:05:48.986097+00:00,9FhyxpEsd88,UCUsm-fannqOY02PNN67C0KA,NMás,2026-05-14T02:00:10+00:00,6.42059,14369,22,2237.956325,early
2026-05-20T12:05:48.986097+00:00,4M_GgYjHmc4,UCiWLfSweyRNmLpgEHekhoAg,ESPN,2026-05-16T14:55:54+00:00,3.881886,4071,22,1048.717041,early
2026-05-20T12:05:48.986097+00:00,CsglTHUst-g,UC08mnbiC4FykqpHqbEWgFcg,ESPN Deportes,2026-05-13T16:45:36+00:00,6.805706,8659,22,1272.314731,early
2026-05-20T12:05:48.986097+00:00,KZlmyrqqWGY,UChqUTb7kYRX8-EiaN3XFrSQ,Reuters,2026-05-14T19:04:38+00:00,5.709155,5082,22,890.149243,early
2026-05-20T12:05:48.986097+00:00,5PtVUSmoUTA,UC52X5wxOL_s5yw0dQk7NtgA,Associated Press,2026-05-14T16:36:29+00:00,5.812037,2928,22,503.782065,early
2026-05-20T12:05:48.986097+00:00,aw9og8jO-oQ,UCsN32BtMd0IoByjJRNF12cw,60 Minutes,2026-05-12T00:49:27+00:00,8.469699,2332,22,275.33446,active
2026-05-20T12:05:48.986097+00:00,lZPnlSGlA2k,UCsN32BtMd0IoByjJRNF12cw,60 Minutes,2026-05-12T00:48:57+00:00,8.470046,18658,22,2202.821567,active
2026-05-20T12:05:48.986097+00:00,TdtF-HMfIJo,UClLLRs_mFTsNT5U-DqTYAGg,La Vanguardia,2026-05-18T04:00:16+00:00,2.337187,285,22,121.941462,early
2026-05-20T12:05:48.986097+00:00,OQKbi0QVbYg,UCUsm-fannqOY02PNN67C0KA,NMás,2026-05-18T19:37:21+00:00,1.686435,425,22,252.010899,early
2026-05-20T12:05:48.986097+00:00,x3P8Zqux4A4,UCUyDOdBWhC1MCxEjC46d-zw,Alex Hormozi,2026-04-26T15:00:00+00:00,23.879039,59693,21,2499.807467,active
2026-05-20T12:05:48.986097+00:00,mPbb2Gk3fr4,UCUyDOdBWhC1MCxEjC46d-zw,Alex Hormozi,2026-04-21T09:00:00+00:00,29.129039,54160,21,1859.312969,active
2026-05-20T12:05:48.986097+00:00,xhCLLakHBa8,UCUyDOdBWhC1MCxEjC46d-zw,Alex Hormozi,2026-04-30T09:00:00+00:00,20.129039,63437,21,3151.516573,active
2026-05-20T12:05:48.986097+00:00,LkRVMOzUypo,UCUyDOdBWhC1MCxEjC46d-zw,Alex Hormozi,2026-04-30T05:00:00+00:00,20.295706,13409,21,660.681624,active
2026-05-20T12:05:48.986097+00:00,7FYFhOiiMIU,UCUyDOdBWhC1MCxEjC46d-zw,Alex Hormozi,2026-05-01T23:00:00+00:00,18.545706,16173,21,872.061705,active
2026-05-20T12:05:48.986097+00:00,_J_4Mjav6iI,UC4FHiPgS1KXkUMx3dxBUtPg,HolaMundo,2026-05-06T14:01:00+00:00,13.920011,8820,21,633.620189,active
2026-05-20T12:05:48.986097+00:00,U8xIBA9WVCs,UCF0L4jd9LcSIxsj5gKITMqQ,Jaime Higuera,2026-05-14T17:00:37+00:00,5.795278,7051,21,1216.680201,early
2026-05-20T12:05:48.986097+00:00,Xk_slW35YFs,UCEAZeUIeJs0IjQiqTCdVSIg,Yahoo Finance,2026-05-12T20:30:06+00:00,7.649803,3543,21,463.149182,active
2026-05-20T12:05:48.986097+00:00,r8w7VFV_fGM,UC16niRr50-MSBwiO3YDb3RA,BBC News,2026-05-12T09:22:27+00:00,8.113449,27819,21,3428.751447,active
2026-05-20T12:05:48.986097+00:00,68PVv2cZLNE,UCeY0bbntWzzVIaj2z3QigXg,NBC News,2026-05-15T16:30:26+00:00,4.816238,1959,21,406.749002,early
2026-05-20T12:05:48.986097+00:00,x_fW82GDAaw,UCnsvJeZO4RigQ898WdDNoBw,EL PAÍS,2026-05-15T23:44:27+00:00,4.514838,2030,21,449.628536,early
2026-05-20T12:05:48.986097+00:00,PV8cLt0LldY,UCnsvJeZO4RigQ898WdDNoBw,EL PAÍS,2026-05-14T11:55:39+00:00,6.00706,5276,21,878.299867,early
2026-05-20T12:05:48.986097+00:00,J0wqK98RW_Q,UCGXbLrVe8vnkiFv7q2vYv3w,El Mundo,2026-05-11T09:41:04+00:00,9.100521,970,21,106.587304,active
2026-05-20T12:05:48.986097+00:00,kARNA9DUtoQ,UClLLRs_mFTsNT5U-DqTYAGg,La Vanguardia,2026-05-12T15:20:48+00:00,7.864595,11359,21,1444.321036,active
2026-05-20T12:05:48.986097+00:00,hg5hzTWT6bM,UCafNntv_qTQB26AvbEQNHPw,Aristegui Noticias,2026-05-13T15:47:47+00:00,6.845856,9661,21,1411.218699,early
2026-05-20T12:05:48.986097+00:00,FbRUg3sCRHc,UCUsm-fannqOY02PNN67C0KA,NMás,2026-05-16T17:34:44+00:00,3.771585,9041,21,2397.135422,early
2026-05-20T12:05:48.986097+00:00,4dafLkA0SEQ,UCUsm-fannqOY02PNN67C0KA,NMás,2026-05-15T23:15:01+00:00,4.535278,4059,21,894.983725,early
2026-05-20T12:05:48.986097+00:00,JCidRKbjlhA,UCUsm-fannqOY02PNN67C0KA,NMás,2026-05-14T03:08:59+00:00,6.372801,17513,21,2748.085183,early
2026-05-20T12:05:48.986097+00:00,8-GTfKoHjDk,UCUP6qv-_EIL0hwTsJaKYnvw,Azteca Noticias,2026-05-14T17:41:13+00:00,5.767083,10404,21,1804.031605,early
2026-05-20T12:05:48.986097+00:00,l5_2M4VL9QA,UC08mnbiC4FykqpHqbEWgFcg,ESPN Deportes,2026-05-13T22:30:26+00:00,6.566238,2179,21,331.849074,early
2026-05-20T12:05:48.986097+00:00,fXcGCned-no,UCoMdktPbSTixAyNGwb-UYkQ,Sky News,2026-05-12T16:42:50+00:00,7.807627,16550,21,2119.722164,active
2026-05-20T12:05:48.986097+00:00,oxaAGug-dZQ,UChqUTb7kYRX8-EiaN3XFrSQ,Reuters,2026-05-13T14:50:42+00:00,6.885498,1401,21,203.471121,early
2026-05-20T12:05:48.986097+00:00,o_47_KPd3CU,UC52X5wxOL_s5yw0dQk7NtgA,Associated Press,2026-05-14T21:01:57+00:00,5.627685,1763,21,313.272687,early
2026-05-20T12:05:48.986097+00:00,MAQPEP-z_RQ,UC52X5wxOL_s5yw0dQk7NtgA,Associated Press,2026-05-13T21:29:38+00:00,6.60846,6373,21,964.369914,early
2026-05-20T12:05:48.986097+00:00,gnyRma_LGqc,UCsN32BtMd0IoByjJRNF12cw,60 Minutes,2026-05-12T13:30:00+00:00,7.941539,4691,21,590.691552,active
2026-05-20T12:05:48.986097+00:00,V19jQnaXeEU,UCsN32BtMd0IoByjJRNF12cw,60 Minutes,2026-05-12T00:58:10+00:00,8.463646,3799,21,448.860928,active
2026-05-20T12:05:48.986097+00:00,8CDy7K83OkE,UC6ZFN9Tx6xh-skXCuRHCDpQ,PBS NewsHour,2026-05-12T19:44:54+00:00,7.681192,3124,21,406.707709,active
2026-05-20T12:05:48.986097+00:00,rhVEOqNhjKo,UCUyDOdBWhC1MCxEjC46d-zw,Alex Hormozi,2026-04-27T11:00:00+00:00,23.045706,34261,20,1486.65439,active
2026-05-20T12:05:48.986097+00:00,GMXWOLJHnJc,UCUyDOdBWhC1MCxEjC46d-zw,Alex Hormozi,2026-04-26T03:00:00+00:00,24.379039,70050,20,2873.370029,active
2026-05-20T12:05:48.986097+00:00,cnCEUFzWspI,UCUyDOdBWhC1MCxEjC46d-zw,Alex Hormozi,2026-04-28T03:00:00+00:00,22.379039,46633,20,2083.780273,active
2026-05-20T12:05:48.986097+00:00,Lnhy0tZ8SUI,UCUyDOdBWhC1MCxEjC46d-zw,Alex Hormozi,2026-04-29T03:00:00+00:00,21.379039,61227,20,2863.879897,active
2026-05-20T12:05:48.986097+00:00,Aa1qfpfSaVY,UCUyDOdBWhC1MCxEjC46d-zw,Alex Hormozi,2026-05-01T07:00:00+00:00,19.212373,25943,20,1350.327729,active
2026-05-20T12:05:48.986097+00:00,wHsJWwtQpyo,UCyM-2pRapEv6V2q7UNO9icg,Emprende Aprendiendo,2026-05-06T17:49:12+00:00,13.761539,17035,20,1237.87027,active
2026-05-20T12:05:48.986097+00:00,ncHb_w6UeI8,UC55-mxUj5Nj3niXFReG44OQ,Platzi,2026-05-08T13:44:50+00:00,11.931238,13484,20,1130.142572,active
2026-05-20T12:05:48.986097+00:00,nP9uFj-_dgA,UC55-mxUj5Nj3niXFReG44OQ,Platzi,2026-05-11T15:11:12+00:00,8.871261,39087,20,4406.025254,active
2026-05-20T12:05:48.986097+00:00,bPQCabJf8Io,UCzKnSeOq30zVvgosDFlne5g,Finect - Invertir mejor,2026-05-14T16:04:36+00:00,5.834178,1028,20,176.203057,early
2026-05-20T12:05:48.986097+00:00,5MNG3HyqsqI,UClLLRs_mFTsNT5U-DqTYAGg,La Vanguardia,2026-05-16T18:00:20+00:00,3.753808,2191,20,583.673965,early
2026-05-20T12:05:48.986097+00:00,R_YZP46ccAk,UClLLRs_mFTsNT5U-DqTYAGg,La Vanguardia,2026-05-12T07:56:39+00:00,8.173032,4326,20,529.301733,active
2026-05-20T12:05:48.986097+00:00,Xwg53Xz6PFU,UCUsm-fannqOY02PNN67C0KA,NMás,2026-05-15T23:00:29+00:00,4.54537,3521,20,774.634408,early
2026-05-20T12:05:48.986097+00:00,OrJ1SG0leX4,UCUsm-fannqOY02PNN67C0KA,NMás,2026-05-15T18:02:37+00:00,4.752222,3399,20,715.244364,early
2026-05-20T12:05:48.986097+00:00,UDj7v9dReSM,UCUsm-fannqOY02PNN67C0KA,NMás,2026-05-13T23:45:03+00:00,6.514421,5296,20,812.965573,early
2026-05-20T12:05:48.986097+00:00,cCdSMwquV0w,UCUP6qv-_EIL0hwTsJaKYnvw,Azteca Noticias,2026-05-14T23:54:08+00:00,5.508113,22049,20,4003.004296,early
2026-05-20T12:05:48.986097+00:00,MiIg5s5b6F0,UCtwslQPB_xJfaFuZv0OETNw,Kings League Spain,2026-05-11T08:07:00+00:00,9.165845,6691,20,729.992707,active
2026-05-20T12:05:48.986097+00:00,5cynqLNd1gA,UC9mrBfjgyOsqJ0J-zw7kZLQ,Atherion,2026-04-21T22:50:12+00:00,28.552511,5306,19,185.833043,active
2026-05-20T12:05:48.986097+00:00,31WQ21L6kE8,UCUyDOdBWhC1MCxEjC46d-zw,Alex Hormozi,2026-05-01T03:00:00+00:00,19.379039,18240,19,941.223143,active
2026-05-20T12:05:48.986097+00:00,d0VoQtmw9Eg,UCdNnEDbRWhanA1O8zhCn3ZA,Omar - Educación Financiera,2026-05-01T20:03:02+00:00,18.668599,19013,19,1018.448144,active
2026-05-20T12:05:48.986097+00:00,nnUFM61waQU,UCxFACDJ98idvo9Gq9M9AQgg,Moris Dieck | Finanzas e Inversiones ,2026-05-04T22:00:53+00:00,15.586759,6074,19,389.689736,active
2026-05-20T12:05:48.986097+00:00,g7ANmC6IYog,UCF0L4jd9LcSIxsj5gKITMqQ,Jaime Higuera,2026-05-09T09:00:55+00:00,11.128403,13807,19,1240.699137,active
2026-05-20T12:05:48.986097+00:00,pG247FlW_7s,UCtT7zEoC9-HNyLYb8cYWoww,Ale Marin,2026-05-12T05:38:01+00:00,8.269305,3551,19,429.419401,active
2026-05-20T12:05:48.986097+00:00,bnMCnUrqfnI,UCl5-lvQyfILb-l2abPk4Ntg,Inteligencia Artificial,2026-05-12T12:49:22+00:00,7.969757,3024,19,379.434404,active
2026-05-20T12:05:48.986097+00:00,U8na35ltZMI,UCF0L4jd9LcSIxsj5gKITMqQ,Jaime Higuera,2026-05-14T16:00:54+00:00,5.836748,2863,19,490.512868,early
2026-05-20T12:05:48.986097+00:00,djT8I70uD1Q,UCnsvJeZO4RigQ898WdDNoBw,EL PAÍS,2026-05-12T04:21:32+00:00,8.322419,5602,19,673.121601,active
2026-05-20T12:05:48.986097+00:00,MWEx8SLsqp8,UCGXbLrVe8vnkiFv7q2vYv3w,El Mundo,2026-05-17T18:36:35+00:00,2.728634,1529,19,560.353642,early
2026-05-20T12:05:48.986097+00:00,q7mstqoSA5s,UCUsm-fannqOY02PNN67C0KA,NMás,2026-05-15T17:22:58+00:00,4.779757,45484,19,9515.964933,early
2026-05-20T12:05:48.986097+00:00,v1SlIZlOVA0,UCUP6qv-_EIL0hwTsJaKYnvw,Azteca Noticias,2026-05-15T05:59:01+00:00,5.254722,5748,19,1093.873282,early
2026-05-20T12:05:48.986097+00:00,W9DTMfUfC7E,UCUP6qv-_EIL0hwTsJaKYnvw,Azteca Noticias,2026-05-12T13:49:37+00:00,7.927917,8783,19,1107.857209,active
2026-05-20T12:05:48.986097+00:00,kJCwggnf1S0,UCcHtke0raf8vNYLM1Hbq3Jw,Imagen Noticias,2026-05-15T14:14:12+00:00,4.910845,924,19,188.154992,early
2026-05-20T12:05:48.986097+00:00,fj1CdO_OT_o,UCiWLfSweyRNmLpgEHekhoAg,ESPN,2026-05-15T13:10:38+00:00,4.954988,4750,19,958.62997,early
2026-05-20T12:05:48.986097+00:00,sJcdxLkHop0,UCiWLfSweyRNmLpgEHekhoAg,ESPN,2026-05-15T12:50:31+00:00,4.968958,9141,19,1839.621104,early
2026-05-20T12:05:48.986097+00:00,x_D9D3-OI6Q,UCiWLfSweyRNmLpgEHekhoAg,ESPN,2026-05-14T19:00:25+00:00,5.712083,2620,19,458.676808,early
2026-05-20T12:05:48.986097+00:00,czOcWSdwMxg,UCNye-wNBqNL5ZzHSJj3l8Bg,Al Jazeera English,2026-05-13T19:56:51+00:00,6.672893,10057,19,1507.142404,early
2026-05-20T12:05:48.986097+00:00,Bg8gv-cb7D8,UC6ZFN9Tx6xh-skXCuRHCDpQ,PBS NewsHour,2026-05-13T14:53:52+00:00,6.883298,2881,19,418.549364,early
2026-05-20T12:05:48.986097+00:00,0A6Hxl7efa4,UC-2hhqBG5Su7s91_HmhaODQ,Fox Deportes,2026-05-15T17:38:55+00:00,4.76868,4583,19,961.0626,early
2026-05-20T12:05:48.986097+00:00,I-rogofBX8c,UCUyDOdBWhC1MCxEjC46d-zw,Alex Hormozi,2026-04-26T07:00:00+00:00,24.212373,26163,18,1080.563231,active
2026-05-20T12:05:48.986097+00:00,01NMf5-J_P4,UCUyDOdBWhC1MCxEjC46d-zw,Alex Hormozi,2026-04-24T05:00:00+00:00,26.295706,57911,18,2202.298733,active
2026-05-20T12:05:48.986097+00:00,Hs6RxFMX1i4,UCUyDOdBWhC1MCxEjC46d-zw,Alex Hormozi,2026-04-28T05:00:00+00:00,22.295706,23582,18,1057.692454,active
2026-05-20T12:05:48.986097+00:00,rYKQ0Ukxe6k,UC55-mxUj5Nj3niXFReG44OQ,Platzi,2026-04-28T16:23:09+00:00,21.821296,21150,18,969.236658,active
2026-05-20T12:05:48.986097+00:00,nrIEhoSCOg8,UCF0L4jd9LcSIxsj5gKITMqQ,Jaime Higuera,2026-05-02T16:01:11+00:00,17.836551,35337,18,1981.156559,active
2026-05-20T12:05:48.986097+00:00,TeA1JMxe-Cg,UC55-mxUj5Nj3niXFReG44OQ,Platzi,2026-05-08T19:58:50+00:00,11.671516,10041,18,860.299553,active
2026-05-20T12:05:48.986097+00:00,nOrpKnX0B9A,UCF0L4jd9LcSIxsj5gKITMqQ,Jaime Higuera,2026-05-10T21:00:41+00:00,9.628565,13883,18,1441.855562,active
2026-05-20T12:05:48.986097+00:00,341jHTzTi1w,UCF0L4jd9LcSIxsj5gKITMqQ,Jaime Higuera,2026-05-12T16:00:08+00:00,7.83728,4794,18,611.691811,active
2026-05-20T12:05:48.986097+00:00,1hmXxJX9UM4,UCtT7zEoC9-HNyLYb8cYWoww,Ale Marin,2026-05-12T17:00:06+00:00,7.795636,9251,18,1186.689579,active
2026-05-20T12:05:48.986097+00:00,CykfpAkHAUw,UCtT7zEoC9-HNyLYb8cYWoww,Ale Marin,2026-05-17T17:15:01+00:00,2.785278,970,18,348.259671,early
2026-05-20T12:05:48.986097+00:00,B7rWhrNrjIo,UCB34YbuG6ThXJzJsDAII5Dw,math2me,2026-05-14T18:47:11+00:00,5.721273,1649,18,288.222569,early
2026-05-20T12:05:48.986097+00:00,zIHGyOLJzhU,UC16niRr50-MSBwiO3YDb3RA,BBC News,2026-05-11T20:37:04+00:00,8.644965,20558,18,2378.031606,active
2026-05-20T12:05:48.986097+00:00,NhF7tNGujvQ,UCeY0bbntWzzVIaj2z3QigXg,NBC News,2026-05-15T18:37:41+00:00,4.72787,2483,18,525.183645,early
2026-05-20T12:05:48.986097+00:00,-rQx72G--7o,UCeY0bbntWzzVIaj2z3QigXg,NBC News,2026-05-14T19:37:49+00:00,5.686111,6320,18,1111.480237,early
2026-05-20T12:05:48.986097+00:00,GXc3l3D1T7g,UCeY0bbntWzzVIaj2z3QigXg,NBC News,2026-05-13T20:51:03+00:00,6.635254,1624,18,244.753253,early
2026-05-20T12:05:48.986097+00:00,NUItW2GQbpk,UCeY0bbntWzzVIaj2z3QigXg,NBC News,2026-05-13T16:58:15+00:00,6.796921,8315,18,1223.348042,early
2026-05-20T12:05:48.986097+00:00,NCCfIEiXW6k,UCGXbLrVe8vnkiFv7q2vYv3w,El Mundo,2026-05-14T17:54:34+00:00,5.757812,1860,18,323.039377,early
2026-05-20T12:05:48.986097+00:00,_OoESDdlE9c,UCGXbLrVe8vnkiFv7q2vYv3w,El Mundo,2026-05-12T09:08:44+00:00,8.122974,862,18,106.118769,active
2026-05-20T12:05:48.986097+00:00,TGEwfHsA5lY,UClLLRs_mFTsNT5U-DqTYAGg,La Vanguardia,2026-05-16T11:03:48+00:00,4.043067,1406,18,347.7558,early
2026-05-20T12:05:48.986097+00:00,teVjI5pdmDs,UCUsm-fannqOY02PNN67C0KA,NMás,2026-05-16T20:06:14+00:00,3.666377,1439,18,392.485552,early
2026-05-20T12:05:48.986097+00:00,PCkuOOLWCuM,UCUP6qv-_EIL0hwTsJaKYnvw,Azteca Noticias,2026-05-13T05:42:34+00:00,7.266146,11759,18,1618.326965,active
2026-05-20T12:05:48.986097+00:00,66DJhymVVuo,UCTJXx9onKH6g4cWHS9pLqsQ,El HuffPost,2026-05-12T08:08:36+00:00,8.164734,3179,18,389.357449,active
2026-05-20T12:05:48.986097+00:00,rUXEYT-WZgs,UCiWLfSweyRNmLpgEHekhoAg,ESPN,2026-05-15T18:15:00+00:00,4.743623,22008,18,4639.491798,early
2026-05-20T12:05:48.986097+00:00,uqakmvNdmJY,UCiWLfSweyRNmLpgEHekhoAg,ESPN,2026-05-15T17:54:21+00:00,4.757963,5105,18,1072.938146,early
2026-05-20T12:05:48.986097+00:00,saU41GBoMGQ,UCiWLfSweyRNmLpgEHekhoAg,ESPN,2026-05-14T17:30:11+00:00,5.774745,12347,18,2138.103068,early
2026-05-20T12:05:48.986097+00:00,QMRLgIiUysU,UChqUTb7kYRX8-EiaN3XFrSQ,Reuters,2026-05-14T07:06:53+00:00,6.207592,15218,18,2451.51421,early
2026-05-20T12:05:48.986097+00:00,8rrAyrNve68,UChqUTb7kYRX8-EiaN3XFrSQ,Reuters,2026-05-14T06:42:03+00:00,6.224838,688,18,110.524965,early
2026-05-20T12:05:48.986097+00:00,Jk4MOZI3Q3M,UCTrQ7HXWRRxr7OsOtodr2_w,Channel 4 News,2026-05-13T17:05:35+00:00,6.791829,4006,18,589.826393,early
2026-05-20T12:05:48.986097+00:00,cRuYE4KjLwU,UC-2hhqBG5Su7s91_HmhaODQ,Fox Deportes,2026-05-15T05:04:08+00:00,5.292835,8221,18,1553.231869,early
2026-05-20T12:05:48.986097+00:00,36YLCpN29g4,UCcHtke0raf8vNYLM1Hbq3Jw,Imagen Noticias,2026-05-18T12:37:13+00:00,1.978194,1430,18,722.881578,early
2026-05-20T12:05:48.986097+00:00,tveRHTJJyy8,UCUyDOdBWhC1MCxEjC46d-zw,Alex Hormozi,2026-04-25T19:00:00+00:00,24.712373,22504,17,910.636951,active
2026-05-20T12:05:48.986097+00:00,DB1fSfulSJQ,UCUyDOdBWhC1MCxEjC46d-zw,Alex Hormozi,2026-04-25T15:00:00+00:00,24.879039,62307,17,2504.397376,active
2026-05-20T12:05:48.986097+00:00,FpwEaued1Hc,UCUyDOdBWhC1MCxEjC46d-zw,Alex Hormozi,2026-04-24T23:00:00+00:00,25.545706,46753,17,1830.170597,active
2026-05-20T12:05:48.986097+00:00,uWOLkr7S47A,UCUyDOdBWhC1MCxEjC46d-zw,Alex Hormozi,2026-04-22T11:00:00+00:00,28.045706,76542,17,2729.187848,active
2026-05-20T12:05:48.986097+00:00,DykSRxbFZZo,UCUyDOdBWhC1MCxEjC46d-zw,Alex Hormozi,2026-04-21T05:00:00+00:00,29.295706,29598,17,1010.318714,active
2026-05-20T12:05:48.986097+00:00,_dASAu79K0s,UCUyDOdBWhC1MCxEjC46d-zw,Alex Hormozi,2026-04-28T07:00:00+00:00,22.212373,36083,17,1624.454983,active
2026-05-20T12:05:48.986097+00:00,shgZ8WYcC6k,UCUyDOdBWhC1MCxEjC46d-zw,Alex Hormozi,2026-04-29T11:00:00+00:00,21.045706,25353,17,1204.663792,active
2026-05-20T12:05:48.986097+00:00,BJ6ybiIMdbY,UCF0L4jd9LcSIxsj5gKITMqQ,Jaime Higuera,2026-05-11T21:30:05+00:00,8.608148,6927,17,804.702707,active
2026-05-20T12:05:48.986097+00:00,DlByoJis7U8,UCF0L4jd9LcSIxsj5gKITMqQ,Jaime Higuera,2026-05-14T19:30:08+00:00,5.691447,5119,17,899.419778,early
2026-05-20T12:05:48.986097+00:00,4UlVh5iHIvs,UCEAZeUIeJs0IjQiqTCdVSIg,Yahoo Finance,2026-05-12T17:30:03+00:00,7.774838,3294,17,423.674423,active
2026-05-20T12:05:48.986097+00:00,OhmByMgedu0,UCupvZG-5ko_eiXAupbDfxWw,CNN,2026-05-12T17:58:13+00:00,7.755278,17112,17,2206.497304,active
2026-05-20T12:05:48.986097+00:00,1GBlsqcvjfo,UCBi2mrWuNuyYy4gbM6fU18Q,ABC News,2026-05-12T19:16:10+00:00,7.701146,1594,17,206.982182,active
2026-05-20T12:05:48.986097+00:00,2e_YjobwKww,UCnsvJeZO4RigQ898WdDNoBw,EL PAÍS,2026-05-14T19:23:55+00:00,5.695764,4848,17,851.158861,early
2026-05-20T12:05:48.986097+00:00,MfQCE_sKcGY,UCnsvJeZO4RigQ898WdDNoBw,EL PAÍS,2026-05-14T16:43:12+00:00,5.807373,1665,17,286.704505,early
2026-05-20T12:05:48.986097+00:00,X5PL1UGDxGM,UCGXbLrVe8vnkiFv7q2vYv3w,El Mundo,2026-05-14T12:31:59+00:00,5.981829,11316,17,1891.729102,early
2026-05-20T12:05:48.986097+00:00,ldb5ctbmijM,UCGXbLrVe8vnkiFv7q2vYv3w,El Mundo,2026-05-13T09:37:42+00:00,7.102859,1206,17,169.790784,active
2026-05-20T12:05:48.986097+00:00,n8cZpfGQb1k,UCafNntv_qTQB26AvbEQNHPw,Aristegui Noticias,2026-05-12T15:32:48+00:00,7.856261,6968,17,886.93591,active
2026-05-20T12:05:48.986097+00:00,G0NDdRDcuDg,UCUsm-fannqOY02PNN67C0KA,NMás,2026-05-15T03:15:00+00:00,5.368623,7381,17,1374.840439,early
2026-05-20T12:05:48.986097+00:00,WKDzP5ewbeU,UCM-GvgUy0EAZU7ZwXKLarkg,López-Dóriga,2026-05-12T19:09:33+00:00,7.705741,39879,17,5175.232337,active
2026-05-20T12:05:48.986097+00:00,O9ZZ4e6poq8,UCUP6qv-_EIL0hwTsJaKYnvw,Azteca Noticias,2026-05-14T17:14:28+00:00,5.78566,5631,17,973.268391,early
2026-05-20T12:05:48.986097+00:00,KKnP-T9kct8,UCUP6qv-_EIL0hwTsJaKYnvw,Azteca Noticias,2026-05-12T23:30:07+00:00,7.524792,4738,17,629.651956,active
2026-05-20T12:05:48.986097+00:00,W70X4ffZJx0,UCcHtke0raf8vNYLM1Hbq3Jw,Imagen Noticias,2026-05-15T21:01:23+00:00,4.628079,1206,17,260.583279,early
2026-05-20T12:05:48.986097+00:00,bj98zTNd2h4,UCTJXx9onKH6g4cWHS9pLqsQ,El HuffPost,2026-05-11T09:12:03+00:00,9.120671,201,17,22.037852,active
2026-05-20T12:05:48.986097+00:00,Fidby2TZzG4,UChqUTb7kYRX8-EiaN3XFrSQ,Reuters,2026-05-14T19:31:09+00:00,5.690741,3665,17,644.028607,early
2026-05-20T12:05:48.986097+00:00,QKvrtw4mSE0,UChqUTb7kYRX8-EiaN3XFrSQ,Reuters,2026-05-14T18:13:45+00:00,5.744491,1592,17,277.135085,early
2026-05-20T12:05:48.986097+00:00,rcYUAwmhsfI,UChqUTb7kYRX8-EiaN3XFrSQ,Reuters,2026-05-14T04:44:57+00:00,6.306157,17329,17,2747.949345,early
2026-05-20T12:05:48.986097+00:00,Z4y8guNSlfg,UC52X5wxOL_s5yw0dQk7NtgA,Associated Press,2026-05-16T13:21:08+00:00,3.947697,921,17,233.30058,early
2026-05-20T12:05:48.986097+00:00,ags5mVCV7Qk,UCNye-wNBqNL5ZzHSJj3l8Bg,Al Jazeera English,2026-05-14T03:25:37+00:00,6.36125,11318,17,1779.210061,early
2026-05-20T12:05:48.986097+00:00,9HaJ5bbxtD4,UCsN32BtMd0IoByjJRNF12cw,60 Minutes,2026-05-12T00:51:06+00:00,8.468553,2538,17,299.697008,active
2026-05-20T12:05:48.986097+00:00,5Qw0vPYHaKI,UC-2hhqBG5Su7s91_HmhaODQ,Fox Deportes,2026-05-16T21:26:34+00:00,3.61059,87,17,24.095785,early
2026-05-20T12:05:48.986097+00:00,u--s8zObA78,UC-2hhqBG5Su7s91_HmhaODQ,Fox Deportes,2026-05-14T07:54:01+00:00,6.174861,5691,17,921.640179,early
2026-05-20T12:05:48.986097+00:00,87jnYKGVetM,UCUyDOdBWhC1MCxEjC46d-zw,Alex Hormozi,2026-04-27T23:00:00+00:00,22.545706,31905,16,1415.125346,active
2026-05-20T12:05:48.986097+00:00,HEW0VJx9iw0,UCUyDOdBWhC1MCxEjC46d-zw,Alex Hormozi,2026-04-26T05:00:00+00:00,24.295706,56641,16,2331.317312,active
2026-05-20T12:05:48.986097+00:00,Wj8owIKaQKQ,UCUyDOdBWhC1MCxEjC46d-zw,Alex Hormozi,2026-04-23T07:00:00+00:00,27.212373,33018,16,1213.345121,active
2026-05-20T12:05:48.986097+00:00,SoTjeq4cQZw,UCvPGx8qh8AkrFZW06tESvaA,Dot Dager,2026-05-03T16:22:12+00:00,16.821956,4341,16,258.055603,active
2026-05-20T12:05:48.986097+00:00,AJysZCG46Vw,UCtT7zEoC9-HNyLYb8cYWoww,Ale Marin,2026-05-14T17:00:11+00:00,5.795579,7834,16,1351.719992,early
2026-05-20T12:05:48.986097+00:00,P0YRMqFdusg,UCupvZG-5ko_eiXAupbDfxWw,CNN,2026-05-11T15:55:52+00:00,8.840243,12892,16,1458.330953,active
2026-05-20T12:05:48.986097+00:00,xHEwexakh8o,UC8p1vwvWtl6T73JiExfWs1g,CBS News,2026-05-14T03:49:23+00:00,6.344745,9925,16,1564.286666,early
2026-05-20T12:05:48.986097+00:00,tdLyHdZC5zY,UCnsvJeZO4RigQ898WdDNoBw,EL PAÍS,2026-05-13T16:44:00+00:00,6.806817,1633,16,239.906553,early
2026-05-20T12:05:48.986097+00:00,jMTSJubo3Mw,UCGXbLrVe8vnkiFv7q2vYv3w,El Mundo,2026-05-14T16:11:20+00:00,5.829502,1761,16,302.084123,early
2026-05-20T12:05:48.986097+00:00,ypVZBbHjxVM,UCGXbLrVe8vnkiFv7q2vYv3w,El Mundo,2026-05-12T15:05:26+00:00,7.875266,49522,16,6288.295532,active
2026-05-20T12:05:48.986097+00:00,sTUtu4FpWJE,UCGXbLrVe8vnkiFv7q2vYv3w,El Mundo,2026-05-12T13:58:09+00:00,7.921991,2369,16,299.040986,active
2026-05-20T12:05:48.986097+00:00,mDy8zgF2y3U,UCGXbLrVe8vnkiFv7q2vYv3w,El Mundo,2026-05-11T13:11:24+00:00,8.954456,1605,16,179.240369,active
2026-05-20T12:05:48.986097+00:00,xm3Nu01GA_M,UCafNntv_qTQB26AvbEQNHPw,Aristegui Noticias,2026-05-15T20:15:02+00:00,4.660266,927,16,198.915684,early
2026-05-20T12:05:48.986097+00:00,QeAUzYqmQjE,UCUsm-fannqOY02PNN67C0KA,NMás,2026-05-17T00:30:16+00:00,3.483021,4974,16,1428.070632,early
2026-05-20T12:05:48.986097+00:00,y3X-uwzSR6I,UCUP6qv-_EIL0hwTsJaKYnvw,Azteca Noticias,2026-05-14T18:27:16+00:00,5.735104,8861,16,1545.046088,early
2026-05-20T12:05:48.986097+00:00,3IJAqIUGlxY,UCUP6qv-_EIL0hwTsJaKYnvw,Azteca Noticias,2026-05-12T19:39:22+00:00,7.685035,7961,16,1035.909401,active
2026-05-20T12:05:48.986097+00:00,Xr_WVcUzWXA,UChqUTb7kYRX8-EiaN3XFrSQ,Reuters,2026-05-15T08:45:05+00:00,5.139398,10293,16,2002.763748,early
2026-05-20T12:05:48.986097+00:00,Vd8-m_T4edc,UChqUTb7kYRX8-EiaN3XFrSQ,Reuters,2026-05-14T20:51:42+00:00,5.634803,1209,16,214.559409,early
2026-05-20T12:05:48.986097+00:00,MAcwKfBZbj4,UChqUTb7kYRX8-EiaN3XFrSQ,Reuters,2026-05-14T19:00:06+00:00,5.712303,1087,16,190.291026,early
2026-05-20T12:05:48.986097+00:00,-hg67g9XwhY,UChqUTb7kYRX8-EiaN3XFrSQ,Reuters,2026-05-14T07:28:27+00:00,6.192616,1940,16,313.276328,early
2026-05-20T12:05:48.986097+00:00,mVbcEbQ71yE,UChqUTb7kYRX8-EiaN3XFrSQ,Reuters,2026-05-13T20:33:51+00:00,6.647199,795,16,119.599248,early
2026-05-20T12:05:48.986097+00:00,a-DhfcRavi4,UC52X5wxOL_s5yw0dQk7NtgA,Associated Press,2026-05-12T12:06:31+00:00,7.999514,8664,16,1083.065796,active
2026-05-20T12:05:48.986097+00:00,yMh_ejHP-QM,UCsN32BtMd0IoByjJRNF12cw,60 Minutes,2026-05-12T00:50:08+00:00,8.469224,1761,16,207.929322,active
2026-05-20T12:05:48.986097+00:00,gmeYA3hOMfA,UC-2hhqBG5Su7s91_HmhaODQ,Fox Deportes,2026-05-17T07:22:40+00:00,3.196632,1355,16,423.883638,early
2026-05-20T12:05:48.986097+00:00,_v1-wcSBup0,UC-2hhqBG5Su7s91_HmhaODQ,Fox Deportes,2026-05-14T07:50:45+00:00,6.177129,8321,16,1347.065927,early
2026-05-20T12:05:48.986097+00:00,myMj_ZfZ_xI,UCUyDOdBWhC1MCxEjC46d-zw,Alex Hormozi,2026-04-27T09:00:00+00:00,23.129039,46946,15,2029.742784,active
2026-05-20T12:05:48.986097+00:00,wJwQm_aqC8U,UCUyDOdBWhC1MCxEjC46d-zw,Alex Hormozi,2026-04-26T09:00:00+00:00,24.129039,26993,15,1118.693538,active
2026-05-20T12:05:48.986097+00:00,wR8P970sqH8,UCUyDOdBWhC1MCxEjC46d-zw,Alex Hormozi,2026-04-23T23:00:00+00:00,26.545706,26200,15,986.976952,active
2026-05-20T12:05:48.986097+00:00,0moz0GJcIHg,UCUyDOdBWhC1MCxEjC46d-zw,Alex Hormozi,2026-04-23T05:00:00+00:00,27.295706,28592,15,1047.490766,active
2026-05-20T12:05:48.986097+00:00,aFvAFWzCwF8,UCF0L4jd9LcSIxsj5gKITMqQ,Jaime Higuera,2026-04-21T18:32:55+00:00,28.73118,23275,15,810.095513,active
2026-05-20T12:05:48.986097+00:00,lE7rIBv-nV8,UCUyDOdBWhC1MCxEjC46d-zw,Alex Hormozi,2026-04-29T05:00:00+00:00,21.295706,18624,15,874.542502,active
2026-05-20T12:05:48.986097+00:00,lWQY5zccbQs,UCUyDOdBWhC1MCxEjC46d-zw,Alex Hormozi,2026-04-28T23:00:00+00:00,21.545706,26062,15,1209.614575,active
2026-05-20T12:05:48.986097+00:00,ucFT7L44RFI,UCF0L4jd9LcSIxsj5gKITMqQ,Jaime Higuera,2026-05-13T19:30:16+00:00,6.691354,3817,15,570.437612,early
2026-05-20T12:05:48.986097+00:00,2cg5fjvpn6E,UCtT7zEoC9-HNyLYb8cYWoww,Ale Marin,2026-05-15T22:00:03+00:00,4.587338,2515,15,548.248243,early
2026-05-20T12:05:48.986097+00:00,jUR9tOzC1z4,UC16niRr50-MSBwiO3YDb3RA,BBC News,2026-05-12T16:20:10+00:00,7.823368,25274,15,3230.57793,active
2026-05-20T12:05:48.986097+00:00,M9IUw9ZhLGA,UCupvZG-5ko_eiXAupbDfxWw,CNN,2026-05-12T18:16:28+00:00,7.742604,6501,15,839.639997,active
2026-05-20T12:05:48.986097+00:00,KApwdaTvcSs,UCeY0bbntWzzVIaj2z3QigXg,NBC News,2026-05-14T14:57:26+00:00,5.880822,7153,15,1216.326561,early
2026-05-20T12:05:48.986097+00:00,tYsJdjZIhd4,UCnsvJeZO4RigQ898WdDNoBw,EL PAÍS,2026-05-13T17:30:27+00:00,6.77456,2202,15,325.03956,early
2026-05-20T12:05:48.986097+00:00,K6sDPog9u6k,UCGXbLrVe8vnkiFv7q2vYv3w,El Mundo,2026-05-14T19:52:34+00:00,5.675868,2435,15,429.009272,early
2026-05-20T12:05:48.986097+00:00,ZTMeK4OwX6M,UCGXbLrVe8vnkiFv7q2vYv3w,El Mundo,2026-05-14T11:04:25+00:00,6.042639,2199,15,363.913846,early
2026-05-20T12:05:48.986097+00:00,4Yz87OzxfrU,UCGXbLrVe8vnkiFv7q2vYv3w,El Mundo,2026-05-13T19:16:11+00:00,6.701134,6435,15,960.285229,early
2026-05-20T12:05:48.986097+00:00,0_TznjUL4ZE,UCGXbLrVe8vnkiFv7q2vYv3w,El Mundo,2026-05-13T15:11:55+00:00,6.870764,1955,15,284.538954,early
2026-05-20T12:05:48.986097+00:00,zc1X04Lk-Yk,UCGXbLrVe8vnkiFv7q2vYv3w,El Mundo,2026-05-11T08:33:42+00:00,9.147303,12112,15,1324.106133,active
2026-05-20T12:05:48.986097+00:00,ppcr9q_Z7FM,UCUsm-fannqOY02PNN67C0KA,NMás,2026-05-17T00:34:56+00:00,3.47978,4515,15,1297.495819,early
2026-05-20T12:05:48.986097+00:00,HB0Vt8DSaBo,UCUP6qv-_EIL0hwTsJaKYnvw,Azteca Noticias,2026-05-15T01:13:22+00:00,5.45309,6846,15,1255.434992,early
2026-05-20T12:05:48.986097+00:00,QKptI93_toQ,UCUP6qv-_EIL0hwTsJaKYnvw,Azteca Noticias,2026-05-13T03:20:28+00:00,7.364826,12044,15,1635.34074,active
2026-05-20T12:05:48.986097+00:00,YMATlDoph28,UCcHtke0raf8vNYLM1Hbq3Jw,Imagen Noticias,2026-05-15T21:04:36+00:00,4.625845,352,15,76.094205,early
2026-05-20T12:05:48.986097+00:00,FrU-ZQsAcYc,UCcHtke0raf8vNYLM1Hbq3Jw,Imagen Noticias,2026-05-14T22:47:30+00:00,5.554386,1825,15,328.56917,early
2026-05-20T12:05:48.986097+00:00,bdsrtE1zVyM,UCiWLfSweyRNmLpgEHekhoAg,ESPN,2026-05-14T13:01:59+00:00,5.960995,2810,15,471.397812,early
2026-05-20T12:05:48.986097+00:00,fuND_e3qaUY,UCiWLfSweyRNmLpgEHekhoAg,ESPN,2026-05-13T18:40:26+00:00,6.72596,4177,15,621.02659,early
2026-05-20T12:05:48.986097+00:00,IvfvBjaZdsY,UC08mnbiC4FykqpHqbEWgFcg,ESPN Deportes,2026-05-12T20:30:26+00:00,7.649572,1764,15,230.601137,active
2026-05-20T12:05:48.986097+00:00,7jxb1ssEcE8,UChqUTb7kYRX8-EiaN3XFrSQ,Reuters,2026-05-15T09:58:45+00:00,5.088241,2341,15,460.080409,early
2026-05-20T12:05:48.986097+00:00,zjC25y9F8mc,UChqUTb7kYRX8-EiaN3XFrSQ,Reuters,2026-05-15T02:24:16+00:00,5.403854,2323,15,429.878379,early
2026-05-20T12:05:48.986097+00:00,mDxz-Z2T27g,UChqUTb7kYRX8-EiaN3XFrSQ,Reuters,2026-05-14T09:30:31+00:00,6.107847,2299,15,376.401046,early
2026-05-20T12:05:48.986097+00:00,KlpXTzDSoLs,UC52X5wxOL_s5yw0dQk7NtgA,Associated Press,2026-05-12T16:08:00+00:00,7.831817,5424,15,692.559594,active
2026-05-20T12:05:48.986097+00:00,SDePzqfd8Bg,UC52X5wxOL_s5yw0dQk7NtgA,Associated Press,2026-05-12T06:00:16+00:00,8.253854,2816,15,341.173953,active
2026-05-20T12:05:48.986097+00:00,PgPvZCkcegA,UCNye-wNBqNL5ZzHSJj3l8Bg,Al Jazeera English,2026-05-14T20:53:46+00:00,5.633368,20319,15,3606.900881,early
2026-05-20T12:05:48.986097+00:00,Z0uWs_W9S1A,UCUyDOdBWhC1MCxEjC46d-zw,Alex Hormozi,2026-04-22T15:00:00+00:00,27.879039,15417,14,552.996106,active
2026-05-20T12:05:48.986097+00:00,FfMFahO2VE4,UCUyDOdBWhC1MCxEjC46d-zw,Alex Hormozi,2026-04-22T07:00:00+00:00,28.212373,31545,14,1118.126433,active
2026-05-20T12:05:48.986097+00:00,rzHYdFYDjcQ,UC5mQQ4Ur6oA8lsGFkvH2lyg,Noche De Chicxs,2026-04-25T17:01:07+00:00,24.79493,3115,14,125.630522,active
2026-05-20T12:05:48.986097+00:00,s2NSwy8xraQ,UCtoo4_P6ilCj7jwa4FmA5lQ,Soy Dalto,2026-04-30T22:01:08+00:00,19.586585,11818,14,603.372155,active
2026-05-20T12:05:48.986097+00:00,Z1Ac2v8mULM,UCF0L4jd9LcSIxsj5gKITMqQ,Jaime Higuera,2026-05-05T20:00:18+00:00,14.670498,13533,14,922.463573,active
2026-05-20T12:05:48.986097+00:00,m_Pt_uzlEgg,UCF0L4jd9LcSIxsj5gKITMqQ,Jaime Higuera,2026-05-10T19:15:03+00:00,9.701921,7615,14,784.896105,active
2026-05-20T12:05:48.986097+00:00,S9qeKnsIUJM,UCF0L4jd9LcSIxsj5gKITMqQ,Jaime Higuera,2026-05-11T16:00:42+00:00,8.836886,6516,14,737.363818,active
2026-05-20T12:05:48.986097+00:00,Ysl1eHH9nVw,UCtT7zEoC9-HNyLYb8cYWoww,Ale Marin,2026-05-13T18:00:27+00:00,6.753727,6280,14,929.856952,early
2026-05-20T12:05:48.986097+00:00,8CKNtpMK9Ho,UCF0L4jd9LcSIxsj5gKITMqQ,Jaime Higuera,2026-05-14T19:00:06+00:00,5.712303,3463,14,606.235349,early
2026-05-20T12:05:48.986097+00:00,sO2V8fL-ZhA,UCwd8Byi93KbnsYmCcKLExvQ,Negocios TV,2026-05-14T17:50:16+00:00,5.760798,25181,14,4371.09581,early
2026-05-20T12:05:48.986097+00:00,7c0UpKb7u1w,UCEAZeUIeJs0IjQiqTCdVSIg,Yahoo Finance,2026-05-12T22:30:04+00:00,7.566493,1835,14,242.516579,active
2026-05-20T12:05:48.986097+00:00,7iaOMsyxqZ8,UCEAZeUIeJs0IjQiqTCdVSIg,Yahoo Finance,2026-05-11T18:30:09+00:00,8.733102,2344,14,268.404056,active
2026-05-20T12:05:48.986097+00:00,pvSXWDSZt58,UCnsvJeZO4RigQ898WdDNoBw,EL PAÍS,2026-05-14T20:15:35+00:00,5.659884,506,14,89.401126,early
2026-05-20T12:05:48.986097+00:00,fBmli54FPcs,UCnsvJeZO4RigQ898WdDNoBw,EL PAÍS,2026-05-14T19:46:10+00:00,5.680312,3194,14,562.293057,early
2026-05-20T12:05:48.986097+00:00,tdhOJzdyYyw,UCnsvJeZO4RigQ898WdDNoBw,EL PAÍS,2026-05-13T20:55:25+00:00,6.632222,1291,14,194.655728,early
2026-05-20T12:05:48.986097+00:00,V_Wr40_mqYg,UCnsvJeZO4RigQ898WdDNoBw,EL PAÍS,2026-05-11T19:39:03+00:00,8.685254,5077,14,584.554004,active
2026-05-20T12:05:48.986097+00:00,D3FCziEnwmQ,UCGXbLrVe8vnkiFv7q2vYv3w,El Mundo,2026-05-14T17:55:23+00:00,5.757245,2179,14,378.479637,early
2026-05-20T12:05:48.986097+00:00,8hUDFZcFBIE,UCGXbLrVe8vnkiFv7q2vYv3w,El Mundo,2026-05-13T14:58:09+00:00,6.880324,9734,14,1414.758956,early
2026-05-20T12:05:48.986097+00:00,MAN9bteIX8w,UCGXbLrVe8vnkiFv7q2vYv3w,El Mundo,2026-05-13T00:40:48+00:00,7.475706,6095,14,815.307611,active
2026-05-20T12:05:48.986097+00:00,RWYJOeMTIUQ,UCGXbLrVe8vnkiFv7q2vYv3w,El Mundo,2026-05-12T13:59:25+00:00,7.921111,8981,14,1133.805599,active
2026-05-20T12:05:48.986097+00:00,Kp9DGdeeVqs,UCGXbLrVe8vnkiFv7q2vYv3w,El Mundo,2026-05-12T11:33:42+00:00,8.022303,13252,14,1651.894724,active
2026-05-20T12:05:48.986097+00:00,PNUB8wsIFLg,UCGXbLrVe8vnkiFv7q2vYv3w,El Mundo,2026-05-11T13:05:15+00:00,8.958727,14317,14,1598.106517,active
2026-05-20T12:05:48.986097+00:00,0ipM9rFi_mk,UCafNntv_qTQB26AvbEQNHPw,Aristegui Noticias,2026-05-13T18:00:01+00:00,6.754028,2261,14,334.763196,early
2026-05-20T12:05:48.986097+00:00,17YeGBmP53A,UCafNntv_qTQB26AvbEQNHPw,Aristegui Noticias,2026-05-11T19:00:03+00:00,8.712338,56344,14,6467.150379,active
2026-05-20T12:05:48.986097+00:00,sImP7dZxwV0,UCUsm-fannqOY02PNN67C0KA,NMás,2026-05-15T18:39:45+00:00,4.726435,5640,14,1193.288388,early
2026-05-20T12:05:48.986097+00:00,SizsL7tQfaw,UCUsm-fannqOY02PNN67C0KA,NMás,2026-05-15T05:45:03+00:00,5.264421,4011,14,761.90715,early
2026-05-20T12:05:48.986097+00:00,q08rEmHxLtI,UCUsm-fannqOY02PNN67C0KA,NMás,2026-05-14T01:15:03+00:00,6.451921,8062,14,1249.550328,early
2026-05-20T12:05:48.986097+00:00,bK-tyCflxI8,UCUP6qv-_EIL0hwTsJaKYnvw,Azteca Noticias,2026-05-15T03:05:02+00:00,5.375544,12817,14,2384.316824,early
2026-05-20T12:05:48.986097+00:00,5Y5Rm_mldUw,UCUP6qv-_EIL0hwTsJaKYnvw,Azteca Noticias,2026-05-13T17:21:36+00:00,6.780706,8357,14,1232.467534,early
2026-05-20T12:05:48.986097+00:00,KtqtpON6A7w,UCiWLfSweyRNmLpgEHekhoAg,ESPN,2026-05-16T14:41:00+00:00,3.892234,2336,14,600.169466,early
2026-05-20T12:05:48.986097+00:00,g5ZBKyeP1n8,UCiWLfSweyRNmLpgEHekhoAg,ESPN,2026-05-16T01:50:34+00:00,4.427257,29250,14,6606.79965,early
2026-05-20T12:05:48.986097+00:00,vgk2k9jxUxU,UCiWLfSweyRNmLpgEHekhoAg,ESPN,2026-05-15T19:00:31+00:00,4.712014,3088,14,655.3461,early
2026-05-20T12:05:48.986097+00:00,HnpBnfwIurY,UCiWLfSweyRNmLpgEHekhoAg,ESPN,2026-05-15T15:00:02+00:00,4.879016,5977,14,1225.042099,early
2026-05-20T12:05:48.986097+00:00,3OLbU-IpplM,UCsN32BtMd0IoByjJRNF12cw,60 Minutes,2026-05-12T00:58:27+00:00,8.463449,2015,14,238.082607,active
2026-05-20T12:05:48.986097+00:00,9q4DYn_IsiM,UCtwslQPB_xJfaFuZv0OETNw,Kings League Spain,2026-05-11T08:07:02+00:00,9.165822,6113,14,666.934182,active
2026-05-20T12:05:48.986097+00:00,zZxRWvr0Y3c,UC-2hhqBG5Su7s91_HmhaODQ,Fox Deportes,2026-05-16T21:25:52+00:00,3.611076,126,14,34.892647,early
2026-05-20T12:05:48.986097+00:00,s47EWzAbZL4,UCUyDOdBWhC1MCxEjC46d-zw,Alex Hormozi,2026-04-23T09:00:00+00:00,27.129039,47063,13,1734.78316,active
2026-05-20T12:05:48.986097+00:00,iNuSrPJlZjU,UCF0L4jd9LcSIxsj5gKITMqQ,Jaime Higuera,2026-05-07T18:36:05+00:00,12.728981,11229,13,882.160167,active
2026-05-20T12:05:48.986097+00:00,UusDINSii00,UCl5-lvQyfILb-l2abPk4Ntg,Inteligencia Artificial,2026-05-12T10:17:13+00:00,8.075417,2296,13,284.319683,active
2026-05-20T12:05:48.986097+00:00,Jxda0-S7snU,UCF0L4jd9LcSIxsj5gKITMqQ,Jaime Higuera,2026-05-14T18:00:32+00:00,5.753669,2034,13,353.513558,early
2026-05-20T12:05:48.986097+00:00,-dEM_UtjzVM,UC16niRr50-MSBwiO3YDb3RA,BBC News,2026-05-11T14:06:34+00:00,8.916146,24483,13,2745.91735,active
2026-05-20T12:05:48.986097+00:00,L-LaHebNsyk,UC8p1vwvWtl6T73JiExfWs1g,CBS News,2026-05-12T01:37:08+00:00,8.436585,12542,13,1486.620475,active
2026-05-20T12:05:48.986097+00:00,__FPgNFrNhs,UCnsvJeZO4RigQ898WdDNoBw,EL PAÍS,2026-05-14T19:41:09+00:00,5.683796,2003,13,352.405329,early
2026-05-20T12:05:48.986097+00:00,H9bhSp89HFE,UCnsvJeZO4RigQ898WdDNoBw,EL PAÍS,2026-05-13T18:55:45+00:00,6.715324,1721,13,256.279518,early
2026-05-20T12:05:48.986097+00:00,XY32nj452mw,UCnsvJeZO4RigQ898WdDNoBw,EL PAÍS,2026-05-13T18:03:21+00:00,6.751713,581,13,86.052236,early
2026-05-20T12:05:48.986097+00:00,URN_8l533gM,UCnsvJeZO4RigQ898WdDNoBw,EL PAÍS,2026-05-13T17:45:26+00:00,6.764155,934,13,138.08081,early
2026-05-20T12:05:48.986097+00:00,Huqn1s3UI1U,UCGXbLrVe8vnkiFv7q2vYv3w,El Mundo,2026-05-15T19:26:27+00:00,4.694004,2455,13,523.00765,early
2026-05-20T12:05:48.986097+00:00,VK4yeT-F-FI,UCGXbLrVe8vnkiFv7q2vYv3w,El Mundo,2026-05-14T16:12:33+00:00,5.828657,1385,13,237.61906,early
2026-05-20T12:05:48.986097+00:00,mX_Ad4FlwWk,UCGXbLrVe8vnkiFv7q2vYv3w,El Mundo,2026-05-13T20:46:04+00:00,6.638715,6824,13,1027.909769,early
2026-05-20T12:05:48.986097+00:00,RLteyyni-Hk,UCGXbLrVe8vnkiFv7q2vYv3w,El Mundo,2026-05-13T12:05:10+00:00,7.000451,15715,13,2244.855367,active
2026-05-20T12:05:48.986097+00:00,iqbBhgnrhEo,UCGXbLrVe8vnkiFv7q2vYv3w,El Mundo,2026-05-12T17:17:04+00:00,7.783854,3314,13,425.753104,active
2026-05-20T12:05:48.986097+00:00,G06ePJqPSRs,UCGXbLrVe8vnkiFv7q2vYv3w,El Mundo,2026-05-12T13:55:08+00:00,7.924085,9126,13,1151.678711,active
2026-05-20T12:05:48.986097+00:00,8XkaOuHDoIo,UCGXbLrVe8vnkiFv7q2vYv3w,El Mundo,2026-05-12T13:20:59+00:00,7.947801,8530,13,1073.252841,active
2026-05-20T12:05:48.986097+00:00,STdir9mcP7A,UCGXbLrVe8vnkiFv7q2vYv3w,El Mundo,2026-05-12T11:20:35+00:00,8.031412,17080,13,2126.64971,active
2026-05-20T12:05:48.986097+00:00,zw5u3Vrckuw,UCUsm-fannqOY02PNN67C0KA,NMás,2026-05-15T00:00:52+00:00,5.503437,14823,13,2693.407774,early
2026-05-20T12:05:48.986097+00:00,qqkc54fX7Qk,UCUsm-fannqOY02PNN67C0KA,NMás,2026-05-14T23:45:02+00:00,5.514433,2586,13,468.951205,early
2026-05-20T12:05:48.986097+00:00,riyz2CrhfRI,UCcHtke0raf8vNYLM1Hbq3Jw,Imagen Noticias,2026-05-15T13:13:23+00:00,4.953079,475,13,95.899944,early
2026-05-20T12:05:48.986097+00:00,0AcZVWkPvuY,UCcHtke0raf8vNYLM1Hbq3Jw,Imagen Noticias,2026-05-14T12:40:15+00:00,5.976088,9127,13,1527.25328,early
2026-05-20T12:05:48.986097+00:00,MqlmUpHPU0g,UCiWLfSweyRNmLpgEHekhoAg,ESPN,2026-05-15T17:31:11+00:00,4.774051,4241,13,888.344092,early
2026-05-20T12:05:48.986097+00:00,wNGOUOALR-g,UCiWLfSweyRNmLpgEHekhoAg,ESPN,2026-05-15T17:00:02+00:00,4.795683,14039,13,2927.424519,early
2026-05-20T12:05:48.986097+00:00,pj_tbM5VxQ4,UChqUTb7kYRX8-EiaN3XFrSQ,Reuters,2026-05-15T11:47:41+00:00,5.012592,839,13,167.378474,early
2026-05-20T12:05:48.986097+00:00,maBSONV4Ml8,UC52X5wxOL_s5yw0dQk7NtgA,Associated Press,2026-05-13T08:15:13+00:00,7.160139,2275,13,317.731262,active
2026-05-20T12:05:48.986097+00:00,Wf_cbmpkj2E,UCsN32BtMd0IoByjJRNF12cw,60 Minutes,2026-05-12T00:50:32+00:00,8.468947,1171,13,138.269846,active
2026-05-20T12:05:48.986097+00:00,IZONC2TCIHQ,UCsN32BtMd0IoByjJRNF12cw,60 Minutes,2026-05-12T00:48:29+00:00,8.47037,4537,13,535.631856,active
2026-05-20T12:05:48.986097+00:00,zmCuAP4Dgk0,UC-2hhqBG5Su7s91_HmhaODQ,Fox Deportes,2026-05-19T00:42:39+00:00,1.474421,92,13,62.397375,early
2026-05-20T12:05:48.986097+00:00,HnafDG2aj1I,UCUyDOdBWhC1MCxEjC46d-zw,Alex Hormozi,2026-04-21T23:00:00+00:00,28.545706,29832,12,1045.060858,active
2026-05-20T12:05:48.986097+00:00,uHXjo7DUAAM,UCUyDOdBWhC1MCxEjC46d-zw,Alex Hormozi,2026-04-29T07:00:00+00:00,21.212373,15059,12,709.915859,active
2026-05-20T12:05:48.986097+00:00,4uRgDr5maYo,UC55-mxUj5Nj3niXFReG44OQ,Platzi,2026-04-29T19:57:44+00:00,20.67228,16193,12,783.319498,active
2026-05-20T12:05:48.986097+00:00,iTOXHp4c1YE,UCyM-2pRapEv6V2q7UNO9icg,Emprende Aprendiendo,2026-04-29T17:11:47+00:00,20.787523,142686,12,6864.021269,active
2026-05-20T12:05:48.986097+00:00,yQn0PrcaxWQ,UCF0L4jd9LcSIxsj5gKITMqQ,Jaime Higuera,2026-05-10T19:30:07+00:00,9.691458,8946,12,923.080923,active
2026-05-20T12:05:48.986097+00:00,fVVh3C8hFdY,UC55-mxUj5Nj3niXFReG44OQ,Platzi,2026-05-10T16:00:30+00:00,9.837025,2229,12,226.592898,active
2026-05-20T12:05:48.986097+00:00,l0ajkWIuraE,UCF0L4jd9LcSIxsj5gKITMqQ,Jaime Higuera,2026-05-11T21:45:05+00:00,8.597731,4761,12,553.750751,active
2026-05-20T12:05:48.986097+00:00,5oiGIdNcA6c,UCF0L4jd9LcSIxsj5gKITMqQ,Jaime Higuera,2026-05-13T21:00:09+00:00,6.628935,4104,12,619.103974,early
2026-05-20T12:05:48.986097+00:00,cITiLn9jwJk,UCF0L4jd9LcSIxsj5gKITMqQ,Jaime Higuera,2026-05-12T20:00:34+00:00,7.670312,2207,12,287.732755,active
2026-05-20T12:05:48.986097+00:00,u5JxIt3XMqk,UCtT7zEoC9-HNyLYb8cYWoww,Ale Marin,2026-05-14T21:01:05+00:00,5.628287,7984,12,1418.548841,early
2026-05-20T12:05:48.986097+00:00,U5HMT8ufJ5A,UCtT7zEoC9-HNyLYb8cYWoww,Ale Marin,2026-05-16T18:45:01+00:00,3.722778,3570,12,958.961292,early
2026-05-20T12:05:48.986097+00:00,adXfVgcDolk,UCwd8Byi93KbnsYmCcKLExvQ,Negocios TV,2026-05-14T21:30:00+00:00,5.608206,6237,12,1112.120347,early
2026-05-20T12:05:48.986097+00:00,q-0oqv7CW5c,UCEAZeUIeJs0IjQiqTCdVSIg,Yahoo Finance,2026-05-12T13:15:36+00:00,7.951539,1463,12,183.98954,active
2026-05-20T12:05:48.986097+00:00,G54tCt33VDc,UC16niRr50-MSBwiO3YDb3RA,BBC News,2026-05-11T12:39:51+00:00,8.976366,17410,12,1939.53767,active
2026-05-20T12:05:48.986097+00:00,Z9E57oZLGKw,UC8p1vwvWtl6T73JiExfWs1g,CBS News,2026-05-12T01:38:27+00:00,8.435671,10750,12,1274.350315,active
2026-05-20T12:05:48.986097+00:00,b4hjxPs6psI,UCeY0bbntWzzVIaj2z3QigXg,NBC News,2026-05-15T19:29:22+00:00,4.691979,1318,12,280.904923,early
2026-05-20T12:05:48.986097+00:00,hiMJlg0ki_c,UCeY0bbntWzzVIaj2z3QigXg,NBC News,2026-05-13T18:34:11+00:00,6.730301,1390,12,206.528653,early
2026-05-20T12:05:48.986097+00:00,_C6Ok0WIens,UCeY0bbntWzzVIaj2z3QigXg,NBC News,2026-05-13T12:48:54+00:00,6.970081,8490,12,1218.063319,early
2026-05-20T12:05:48.986097+00:00,gP8QHTf4PBM,UCnsvJeZO4RigQ898WdDNoBw,EL PAÍS,2026-05-14T05:00:26+00:00,6.295405,2488,12,395.208886,early
2026-05-20T12:05:48.986097+00:00,HPoBP5UgdR8,UCnsvJeZO4RigQ898WdDNoBw,EL PAÍS,2026-05-13T12:00:32+00:00,7.003669,1371,12,195.75454,active
2026-05-20T12:05:48.986097+00:00,p2_l2GVFwDg,UCGXbLrVe8vnkiFv7q2vYv3w,El Mundo,2026-05-17T11:30:39+00:00,3.024421,718,12,237.400812,early
2026-05-20T12:05:48.986097+00:00,VCMn8SSjutc,UCGXbLrVe8vnkiFv7q2vYv3w,El Mundo,2026-05-13T08:06:13+00:00,7.166389,8928,12,1245.81571,active
2026-05-20T12:05:48.986097+00:00,eblL3AhDmz0,UCGXbLrVe8vnkiFv7q2vYv3w,El Mundo,2026-05-12T14:58:44+00:00,7.879919,15993,12,2029.58939,active
2026-05-20T12:05:48.986097+00:00,UQYN7QQbIiQ,UCGXbLrVe8vnkiFv7q2vYv3w,El Mundo,2026-05-12T13:53:39+00:00,7.925116,819,12,103.342336,active
2026-05-20T12:05:48.986097+00:00,O2C8kzWO7EQ,UCGXbLrVe8vnkiFv7q2vYv3w,El Mundo,2026-05-11T19:22:31+00:00,8.696736,2736,12,314.600788,active
2026-05-20T12:05:48.986097+00:00,_ikqEyMsOvM,UClLLRs_mFTsNT5U-DqTYAGg,La Vanguardia,2026-05-12T13:55:02+00:00,7.924155,17130,12,2161.744691,active
2026-05-20T12:05:48.986097+00:00,KpKDgNYaHis,UCUsm-fannqOY02PNN67C0KA,NMás,2026-05-16T20:53:55+00:00,3.633264,1443,12,397.163542,early
2026-05-20T12:05:48.986097+00:00,RSKJ2ggGD5s,UCUsm-fannqOY02PNN67C0KA,NMás,2026-05-14T22:45:01+00:00,5.556111,4601,12,828.097207,early
2026-05-20T12:05:48.986097+00:00,cOHGhyoDr14,UCcHtke0raf8vNYLM1Hbq3Jw,Imagen Noticias,2026-05-16T00:30:29+00:00,4.48287,5264,12,1174.247748,early
2026-05-20T12:05:48.986097+00:00,q2NWJhLXE6g,UCcHtke0raf8vNYLM1Hbq3Jw,Imagen Noticias,2026-05-14T21:44:24+00:00,5.598206,480,12,85.741754,early
2026-05-20T12:05:48.986097+00:00,1Mj1k0iYz1o,UCcHtke0raf8vNYLM1Hbq3Jw,Imagen Noticias,2026-05-14T20:47:15+00:00,5.637893,11395,12,2021.145133,early
2026-05-20T12:05:48.986097+00:00,Gr2IPyoPXlY,UCTJXx9onKH6g4cWHS9pLqsQ,El HuffPost,2026-05-15T17:00:19+00:00,4.795486,1409,12,293.817978,early
2026-05-20T12:05:48.986097+00:00,YlqP3JHvRWA,UChqUTb7kYRX8-EiaN3XFrSQ,Reuters,2026-05-15T13:29:41+00:00,4.941759,1454,12,294.227217,early
2026-05-20T12:05:48.986097+00:00,fAFchPUVevY,UChqUTb7kYRX8-EiaN3XFrSQ,Reuters,2026-05-14T18:14:24+00:00,5.744039,2803,12,487.984152,early
2026-05-20T12:05:48.986097+00:00,LUwcNJyBX7g,UC52X5wxOL_s5yw0dQk7NtgA,Associated Press,2026-05-16T20:48:25+00:00,3.637083,1872,12,514.69818,early
2026-05-20T12:05:48.986097+00:00,a7oz-IfudAQ,UC52X5wxOL_s5yw0dQk7NtgA,Associated Press,2026-05-11T17:03:07+00:00,8.793542,18779,12,2135.544471,active
2026-05-20T12:05:48.986097+00:00,z9R4yAk008Y,UCNye-wNBqNL5ZzHSJj3l8Bg,Al Jazeera English,2026-05-14T12:00:14+00:00,6.003877,6317,12,1052.153467,early
2026-05-20T12:05:48.986097+00:00,1BvcAjPBy3A,UCTrQ7HXWRRxr7OsOtodr2_w,Channel 4 News,2026-05-11T12:40:25+00:00,8.975972,8809,12,981.397892,active
2026-05-20T12:05:48.986097+00:00,-KfjGtLjlco,UC-2hhqBG5Su7s91_HmhaODQ,Fox Deportes,2026-05-14T01:19:50+00:00,6.448599,8636,12,1339.205617,early
2026-05-20T12:05:48.986097+00:00,DOIogWG_ei8,UC-2hhqBG5Su7s91_HmhaODQ,Fox Deportes,2026-05-19T00:36:50+00:00,1.47846,37,12,25.026041,early
2026-05-20T12:05:48.986097+00:00,-APimd6TUro,UC5mQQ4Ur6oA8lsGFkvH2lyg,Noche De Chicxs,2026-04-26T02:00:00+00:00,24.420706,37906,11,1552.207377,active
2026-05-20T12:05:48.986097+00:00,yXl7MRLoxrM,UCm5iBOcQ0GET_2FqFI61QDA,Cara Nicole,2026-04-30T01:48:18+00:00,20.428831,9167,11,448.728564,active
2026-05-20T12:05:48.986097+00:00,_X5aIvzO9Fw,UC55-mxUj5Nj3niXFReG44OQ,Platzi,2026-05-09T13:54:39+00:00,10.924421,2803,11,256.581104,active
2026-05-20T12:05:48.986097+00:00,MBixELw6mVY,UCzKnSeOq30zVvgosDFlne5g,Finect - Invertir mejor,2026-05-14T10:01:23+00:00,6.086412,1133,11,186.152367,early
2026-05-20T12:05:48.986097+00:00,FYYGJ6FC1w0,UC16niRr50-MSBwiO3YDb3RA,BBC News,2026-05-11T22:00:13+00:00,8.587222,7260,11,845.442216,active
2026-05-20T12:05:48.986097+00:00,tdEo-Sm3DKE,UCupvZG-5ko_eiXAupbDfxWw,CNN,2026-05-12T02:49:04+00:00,8.386632,28521,11,3400.769224,active
2026-05-20T12:05:48.986097+00:00,fvhibyWn-Fg,UCeY0bbntWzzVIaj2z3QigXg,NBC News,2026-05-13T23:59:30+00:00,6.504386,11892,11,1828.304778,early
2026-05-20T12:05:48.986097+00:00,yhO186530wM,UCeY0bbntWzzVIaj2z3QigXg,NBC News,2026-05-13T17:00:57+00:00,6.795046,4514,11,664.307497,early
2026-05-20T12:05:48.986097+00:00,t2AFsyXzuJg,UCeY0bbntWzzVIaj2z3QigXg,NBC News,2026-05-12T19:00:15+00:00,7.712199,3971,11,514.898539,active
2026-05-20T12:05:48.986097+00:00,c0IjyYUXNw0,UCnsvJeZO4RigQ898WdDNoBw,EL PAÍS,2026-05-13T11:00:28+00:00,7.045382,9848,11,1397.795038,active
2026-05-20T12:05:48.986097+00:00,Mcf-tm52AxU,UCnsvJeZO4RigQ898WdDNoBw,EL PAÍS,2026-05-13T04:08:36+00:00,7.3314,3946,11,538.232807,active
2026-05-20T12:05:48.986097+00:00,1ZygZQcNl-M,UCnsvJeZO4RigQ898WdDNoBw,EL PAÍS,2026-05-13T02:17:49+00:00,7.408333,2166,11,292.373466,active
2026-05-20T12:05:48.986097+00:00,1WFFQ3zP1n8,UCGXbLrVe8vnkiFv7q2vYv3w,El Mundo,2026-05-13T13:23:25+00:00,6.946111,1552,11,223.434379,early
2026-05-20T12:05:48.986097+00:00,yD1FPwbtMGA,UCGXbLrVe8vnkiFv7q2vYv3w,El Mundo,2026-05-12T17:17:48+00:00,7.783345,6180,11,794.003093,active
2026-05-20T12:05:48.986097+00:00,L9UJPTo1A5s,UCGXbLrVe8vnkiFv7q2vYv3w,El Mundo,2026-05-11T19:23:31+00:00,8.696042,10623,11,1221.590236,active
2026-05-20T12:05:48.986097+00:00,Jep6kNQ7K6E,UCafNntv_qTQB26AvbEQNHPw,Aristegui Noticias,2026-05-12T17:15:46+00:00,7.784757,13909,11,1786.696746,active
2026-05-20T12:05:48.986097+00:00,tmdGn-VzQPY,UCUsm-fannqOY02PNN67C0KA,NMás,2026-05-16T18:22:06+00:00,3.738692,1322,11,353.599601,early
2026-05-20T12:05:48.986097+00:00,bTn1wFCXLbE,UCUsm-fannqOY02PNN67C0KA,NMás,2026-05-15T19:58:26+00:00,4.671794,1296,11,277.409492,early
2026-05-20T12:05:48.986097+00:00,rqnwXN5zkNc,UCUP6qv-_EIL0hwTsJaKYnvw,Azteca Noticias,2026-05-13T01:00:44+00:00,7.461863,11265,11,1509.676605,active
2026-05-20T12:05:48.986097+00:00,ZCo_lyeqGtg,UCTJXx9onKH6g4cWHS9pLqsQ,El HuffPost,2026-05-16T04:00:28+00:00,4.337048,804,11,185.379548,early
2026-05-20T12:05:48.986097+00:00,qIj_G6Ln64Q,UCpEhnqL0y41EpW2TvWAHD7Q,SET India,2026-05-14T17:30:12+00:00,5.774734,3855,11,667.563216,early
2026-05-20T12:05:48.986097+00:00,dwtm5CUO8bU,UChqUTb7kYRX8-EiaN3XFrSQ,Reuters,2026-05-15T02:36:34+00:00,5.395312,1282,11,237.613691,early
2026-05-20T12:05:48.986097+00:00,ZSBdYglBWoY,UChqUTb7kYRX8-EiaN3XFrSQ,Reuters,2026-05-14T07:56:44+00:00,6.172974,3692,11,598.090969,early
2026-05-20T12:05:48.986097+00:00,3PycZsEdNTU,UC52X5wxOL_s5yw0dQk7NtgA,Associated Press,2026-05-12T20:10:37+00:00,7.663333,93756,11,12234.363299,active
2026-05-20T12:05:48.986097+00:00,3bo9J2_NFmw,UC52X5wxOL_s5yw0dQk7NtgA,Associated Press,2026-05-12T10:52:25+00:00,8.050972,11883,11,1475.970852,active
2026-05-20T12:05:48.986097+00:00,aJVV4ybH2Rk,UC52X5wxOL_s5yw0dQk7NtgA,Associated Press,2026-05-11T16:02:48+00:00,8.835428,1712,11,193.765373,active
2026-05-20T12:05:48.986097+00:00,wk-kQDP6Z1I,UCNye-wNBqNL5ZzHSJj3l8Bg,Al Jazeera English,2026-05-14T04:48:13+00:00,6.303889,6878,11,1091.072511,early
2026-05-20T12:05:48.986097+00:00,dTtMDUqScGM,UCTrQ7HXWRRxr7OsOtodr2_w,Channel 4 News,2026-05-11T16:49:08+00:00,8.803252,14137,11,1605.883826,active
2026-05-20T12:05:48.986097+00:00,H8LbGsjEF3c,UC-2hhqBG5Su7s91_HmhaODQ,Fox Deportes,2026-05-19T01:07:06+00:00,1.457442,23,11,15.781074,early
2026-05-20T12:05:48.986097+00:00,t9_dqoKfqLo,UC4FHiPgS1KXkUMx3dxBUtPg,HolaMundo,2026-04-29T14:01:39+00:00,20.91956,21073,10,1007.334762,active
2026-05-20T12:05:48.986097+00:00,az3VKD9_H7Y,UC4FHiPgS1KXkUMx3dxBUtPg,HolaMundo,2026-05-03T14:00:04+00:00,16.92066,8925,10,527.461695,active
2026-05-20T12:05:48.986097+00:00,Lc4kaEMcYPQ,UC30ajuhy8cViP2DiM1QLjmg,98grados,2026-05-05T17:26:17+00:00,14.777454,13884,10,939.539382,active
2026-05-20T12:05:48.986097+00:00,cBokxkj8Kc0,UCWn_0MmgojB711LFX-jaCDQ,El Rincón Del Dev,2026-05-06T15:48:43+00:00,13.845208,7527,10,543.653804,active
2026-05-20T12:05:48.986097+00:00,IXYVjF7zckU,UCl5-lvQyfILb-l2abPk4Ntg,Inteligencia Artificial,2026-05-07T15:35:55+00:00,12.854097,8959,10,696.976225,active
2026-05-20T12:05:48.986097+00:00,1P3QPUUL_DQ,UC5mQQ4Ur6oA8lsGFkvH2lyg,Noche De Chicxs,2026-05-09T17:00:02+00:00,10.795683,5084,10,470.928982,active
2026-05-20T12:05:48.986097+00:00,SSaZRt10A1s,UC55-mxUj5Nj3niXFReG44OQ,Platzi,2026-05-09T16:59:52+00:00,10.795798,4210,10,389.966541,active
2026-05-20T12:05:48.986097+00:00,ogGjzOIl5lQ,UCF0L4jd9LcSIxsj5gKITMqQ,Jaime Higuera,2026-05-10T17:26:49+00:00,9.777083,2547,10,260.507147,active
2026-05-20T12:05:48.986097+00:00,EEuxUlCj10Q,UCl5-lvQyfILb-l2abPk4Ntg,Inteligencia Artificial,2026-05-11T14:19:13+00:00,8.907361,2520,10,282.912077,active
2026-05-20T12:05:48.986097+00:00,_2ap6rYG-ng,UCwd8Byi93KbnsYmCcKLExvQ,Negocios TV,2026-05-15T17:30:22+00:00,4.774618,8744,10,1831.350697,early
2026-05-20T12:05:48.986097+00:00,AFtmUUD4Ijc,UCwd8Byi93KbnsYmCcKLExvQ,Negocios TV,2026-05-14T17:11:33+00:00,5.787685,6006,10,1037.720608,early
2026-05-20T12:05:48.986097+00:00,DjXWBYoFO0M,UCwd8Byi93KbnsYmCcKLExvQ,Negocios TV,2026-05-13T21:00:15+00:00,6.628866,34449,10,5196.816469,early
2026-05-20T12:05:48.986097+00:00,nAoyuzjbhcQ,UCupvZG-5ko_eiXAupbDfxWw,CNN,2026-05-11T15:33:58+00:00,8.855451,25818,10,2915.49239,active
2026-05-20T12:05:48.986097+00:00,Pr5caT7s0n0,UCeY0bbntWzzVIaj2z3QigXg,NBC News,2026-05-15T12:11:38+00:00,4.99596,26773,10,5358.930015,early
2026-05-20T12:05:48.986097+00:00,7zWUO7MBq0Y,UCeY0bbntWzzVIaj2z3QigXg,NBC News,2026-05-14T21:45:29+00:00,5.597454,2115,10,377.850358,early
2026-05-20T12:05:48.986097+00:00,5sghOBjob6w,UCnsvJeZO4RigQ898WdDNoBw,EL PAÍS,2026-05-13T10:14:00+00:00,7.07765,13119,10,1853.581344,active
2026-05-20T12:05:48.986097+00:00,_XAKWoVlais,UCnsvJeZO4RigQ898WdDNoBw,EL PAÍS,2026-05-13T04:08:03+00:00,7.331782,4265,10,581.713968,active
2026-05-20T12:05:48.986097+00:00,VfgHRF5PITs,UCnsvJeZO4RigQ898WdDNoBw,EL PAÍS,2026-05-12T01:06:01+00:00,8.458194,1297,10,153.342427,active
2026-05-20T12:05:48.986097+00:00,K_Vyq4aK0ZU,UCnsvJeZO4RigQ898WdDNoBw,EL PAÍS,2026-05-11T21:11:46+00:00,8.620868,2881,10,334.189086,active
2026-05-20T12:05:48.986097+00:00,lS5Y0QjfP8c,UCGXbLrVe8vnkiFv7q2vYv3w,El Mundo,2026-05-12T20:19:33+00:00,7.657129,2054,10,268.246754,active
2026-05-20T12:05:48.986097+00:00,qF75lT4bUpo,UCGXbLrVe8vnkiFv7q2vYv3w,El Mundo,2026-05-12T10:28:55+00:00,8.067292,5601,10,694.285022,active
2026-05-20T12:05:48.986097+00:00,mwJh1SnLGu8,UClLLRs_mFTsNT5U-DqTYAGg,La Vanguardia,2026-05-15T12:10:28+00:00,4.996771,5608,10,1122.324797,early
2026-05-20T12:05:48.986097+00:00,TfMX3khsADk,UCafNntv_qTQB26AvbEQNHPw,Aristegui Noticias,2026-05-13T15:00:53+00:00,6.878426,21656,10,3148.394705,early
2026-05-20T12:05:48.986097+00:00,n42vMkzdJ50,UCafNntv_qTQB26AvbEQNHPw,Aristegui Noticias,2026-05-11T14:12:22+00:00,8.912118,13031,10,1462.166457,active
2026-05-20T12:05:48.986097+00:00,ZkzOXwTjZgw,UCcHtke0raf8vNYLM1Hbq3Jw,Imagen Noticias,2026-05-15T22:01:40+00:00,4.586215,1841,10,401.420343,early
2026-05-20T12:05:48.986097+00:00,mwsNjSmqxgs,UCcHtke0raf8vNYLM1Hbq3Jw,Imagen Noticias,2026-05-14T17:15:09+00:00,5.785185,4413,10,762.810524,early
2026-05-20T12:05:48.986097+00:00,9P-vnbkiWYo,UCiWLfSweyRNmLpgEHekhoAg,ESPN,2026-05-15T20:16:53+00:00,4.658981,4923,10,1056.66883,early
2026-05-20T12:05:48.986097+00:00,6Wmhxj0Gi7k,UCiWLfSweyRNmLpgEHekhoAg,ESPN,2026-05-15T18:00:19+00:00,4.753819,4167,10,876.558405,early
2026-05-20T12:05:48.986097+00:00,SZ7-5aJFFNs,UCiWLfSweyRNmLpgEHekhoAg,ESPN,2026-05-14T16:30:36+00:00,5.816123,5315,10,913.838995,early
2026-05-20T12:05:48.986097+00:00,PkdYWHotfto,UCiWLfSweyRNmLpgEHekhoAg,ESPN,2026-05-13T18:19:39+00:00,6.740393,92907,10,13783.617661,early
2026-05-20T12:05:48.986097+00:00,mO4B4iHK2bE,UChqUTb7kYRX8-EiaN3XFrSQ,Reuters,2026-05-16T17:17:14+00:00,3.783738,2558,10,676.051037,early
2026-05-20T12:05:48.986097+00:00,zKjxfIlLifM,UChqUTb7kYRX8-EiaN3XFrSQ,Reuters,2026-05-14T11:29:21+00:00,6.025324,2854,10,473.667474,early
2026-05-20T12:05:48.986097+00:00,DWGIS245bBw,UChqUTb7kYRX8-EiaN3XFrSQ,Reuters,2026-05-14T02:27:56+00:00,6.401308,1531,10,239.16987,early
2026-05-20T12:05:48.986097+00:00,rQK5lTJIsaQ,UCNye-wNBqNL5ZzHSJj3l8Bg,Al Jazeera English,2026-05-13T14:54:15+00:00,6.883032,9839,10,1429.457251,early
2026-05-20T12:05:48.986097+00:00,VTVNHgnKr9k,UCFxHplbcoJK9m70c4VyTIxg,MILENIO,2026-05-14T05:30:41+00:00,6.274398,1453,10,231.576001,early
2026-05-20T12:05:48.986097+00:00,QOlSL7bHFAA,UC-2hhqBG5Su7s91_HmhaODQ,Fox Deportes,2026-05-17T00:43:31+00:00,3.473819,88,10,25.33235,early
2026-05-20T12:05:48.986097+00:00,uAOfsghz2NY,UCl5-lvQyfILb-l2abPk4Ntg,Inteligencia Artificial,2026-04-23T15:44:54+00:00,26.847859,28530,9,1062.654568,active
2026-05-20T12:05:48.986097+00:00,f7fbvRa4eJE,UCUyDOdBWhC1MCxEjC46d-zw,Alex Hormozi,2026-04-24T15:00:00+00:00,25.879039,27371,9,1057.651329,active
2026-05-20T12:05:48.986097+00:00,Xy09nfcwZ3E,UC5mQQ4Ur6oA8lsGFkvH2lyg,Noche De Chicxs,2026-04-26T17:00:40+00:00,23.795243,34934,9,1468.108563,active
2026-05-20T12:05:48.986097+00:00,AXvou3mSGQA,UC55-mxUj5Nj3niXFReG44OQ,Platzi,2026-04-24T00:56:40+00:00,26.464687,39821,9,1504.684337,active
2026-05-20T12:05:48.986097+00:00,eAwkhxinCOc,UCyM-2pRapEv6V2q7UNO9icg,Emprende Aprendiendo,2026-05-03T18:23:19+00:00,16.737847,20913,9,1249.44385,active
2026-05-20T12:05:48.986097+00:00,un0mMDfpPEc,UC55-mxUj5Nj3niXFReG44OQ,Platzi,2026-05-07T21:40:18+00:00,12.601053,11109,9,881.592991,active
2026-05-20T12:05:48.986097+00:00,ovIUl_-B5hA,UCLXRGxAzeaLDGaOphqapzmg,codigofacilito,2026-05-16T06:04:59+00:00,4.250579,384,9,90.340634,early
2026-05-20T12:05:48.986097+00:00,ojNQ7EKCjvs,UCeY0bbntWzzVIaj2z3QigXg,NBC News,2026-05-15T12:55:18+00:00,4.965636,3176,9,639.595814,early
2026-05-20T12:05:48.986097+00:00,pfUB5jrKyjw,UCeY0bbntWzzVIaj2z3QigXg,NBC News,2026-05-13T22:50:19+00:00,6.55243,2211,9,337.432067,early
2026-05-20T12:05:48.986097+00:00,8AJ51F0OBso,UCeY0bbntWzzVIaj2z3QigXg,NBC News,2026-05-13T17:14:55+00:00,6.785347,1436,9,211.632508,early
2026-05-20T12:05:48.986097+00:00,Dip-OmL5giA,UCeY0bbntWzzVIaj2z3QigXg,NBC News,2026-05-13T12:38:43+00:00,6.977153,4249,9,608.987649,early
2026-05-20T12:05:48.986097+00:00,SJpFpFn-PJM,UCnsvJeZO4RigQ898WdDNoBw,EL PAÍS,2026-05-13T19:03:04+00:00,6.710243,1922,9,286.427779,early
2026-05-20T12:05:48.986097+00:00,Wf4i_fv1-8w,UCnsvJeZO4RigQ898WdDNoBw,EL PAÍS,2026-05-13T18:50:17+00:00,6.71912,729,9,108.496351,early
2026-05-20T12:05:48.986097+00:00,9E1UJ1ea4NE,UCnsvJeZO4RigQ898WdDNoBw,EL PAÍS,2026-05-13T18:06:37+00:00,6.749444,3184,9,471.742561,early
2026-05-20T12:05:48.986097+00:00,yZoqnxb_TA8,UCnsvJeZO4RigQ898WdDNoBw,EL PAÍS,2026-05-12T19:00:29+00:00,7.712037,5303,9,687.626369,active
2026-05-20T12:05:48.986097+00:00,X_doyKxgaaM,UCnsvJeZO4RigQ898WdDNoBw,EL PAÍS,2026-05-11T18:37:58+00:00,8.727673,1865,9,213.688116,active
2026-05-20T12:05:48.986097+00:00,6cs2UhuINZY,UCGXbLrVe8vnkiFv7q2vYv3w,El Mundo,2026-05-17T10:20:18+00:00,3.073275,1342,9,436.667724,early
2026-05-20T12:05:48.986097+00:00,bP_NBDZG3Z8,UCGXbLrVe8vnkiFv7q2vYv3w,El Mundo,2026-05-13T10:46:01+00:00,7.055417,617,9,87.450536,active
2026-05-20T12:05:48.986097+00:00,X5GTRb5RAZE,UCGXbLrVe8vnkiFv7q2vYv3w,El Mundo,2026-05-12T16:19:13+00:00,7.824028,6675,9,853.141119,active
2026-05-20T12:05:48.986097+00:00,F4OBxlA_gRM,UCGXbLrVe8vnkiFv7q2vYv3w,El Mundo,2026-05-12T14:57:33+00:00,7.880741,9957,9,1263.45987,active
2026-05-20T12:05:48.986097+00:00,yixTy7MR8s8,UCGXbLrVe8vnkiFv7q2vYv3w,El Mundo,2026-05-11T12:06:42+00:00,8.999386,6274,9,697.158673,active
2026-05-20T12:05:48.986097+00:00,FfaJnGCXdt4,UClLLRs_mFTsNT5U-DqTYAGg,La Vanguardia,2026-05-11T12:16:49+00:00,8.992361,12092,9,1344.696904,active
2026-05-20T12:05:48.986097+00:00,8DMF-AjqGLo,UCUsm-fannqOY02PNN67C0KA,NMás,2026-05-16T23:44:19+00:00,3.51493,2017,9,573.837886,early
2026-05-20T12:05:48.986097+00:00,A4cgbR5O2kY,UCUsm-fannqOY02PNN67C0KA,NMás,2026-05-15T01:30:07+00:00,5.441458,14880,9,2734.561215,early
2026-05-20T12:05:48.986097+00:00,KDiuxXUSodQ,UCUsm-fannqOY02PNN67C0KA,NMás,2026-05-14T23:00:30+00:00,5.545359,1867,9,336.677932,early
2026-05-20T12:05:48.986097+00:00,OLtrS1RI7Co,UCUsm-fannqOY02PNN67C0KA,NMás,2026-05-14T17:45:37+00:00,5.764028,3695,9,641.044769,early
2026-05-20T12:05:48.986097+00:00,ZM0eiw-3KnA,UCUsm-fannqOY02PNN67C0KA,NMás,2026-05-14T01:30:23+00:00,6.441273,9045,9,1404.225531,early
2026-05-20T12:05:48.986097+00:00,TAF2xyBxegI,UCcHtke0raf8vNYLM1Hbq3Jw,Imagen Noticias,2026-05-15T22:00:28+00:00,4.587048,1131,9,246.563803,early
2026-05-20T12:05:48.986097+00:00,jWcDTZ0PGkM,UCiWLfSweyRNmLpgEHekhoAg,ESPN,2026-05-15T20:14:11+00:00,4.660856,5525,9,1185.404569,early
2026-05-20T12:05:48.986097+00:00,h45U8DZ33Xs,UCiWLfSweyRNmLpgEHekhoAg,ESPN,2026-05-14T18:15:19+00:00,5.743403,3190,9,555.419844,early
2026-05-20T12:05:48.986097+00:00,s81SPKh5-K8,UCiWLfSweyRNmLpgEHekhoAg,ESPN,2026-05-14T18:07:31+00:00,5.748819,4257,9,740.499918,early
2026-05-20T12:05:48.986097+00:00,1ss8rbqf_Rw,UCiWLfSweyRNmLpgEHekhoAg,ESPN,2026-05-14T01:23:33+00:00,6.446018,14836,9,2301.57595,early
2026-05-20T12:05:48.986097+00:00,J_w5cL6nFV4,UCiWLfSweyRNmLpgEHekhoAg,ESPN,2026-05-14T00:28:56+00:00,6.483947,15838,9,2442.647974,early
2026-05-20T12:05:48.986097+00:00,MKtlctUyMEI,UChqUTb7kYRX8-EiaN3XFrSQ,Reuters,2026-05-16T12:23:37+00:00,3.987639,910,9,228.205211,early
2026-05-20T12:05:48.986097+00:00,WOitoc1BRYA,UChqUTb7kYRX8-EiaN3XFrSQ,Reuters,2026-05-15T23:14:05+00:00,4.535926,31716,9,6992.177562,early
2026-05-20T12:05:48.986097+00:00,b5S99q425gY,UChqUTb7kYRX8-EiaN3XFrSQ,Reuters,2026-05-15T16:32:37+00:00,4.814722,982,9,203.957778,early
2026-05-20T12:05:48.986097+00:00,TvMG-QPXiC4,UChqUTb7kYRX8-EiaN3XFrSQ,Reuters,2026-05-14T22:11:53+00:00,5.57912,13102,9,2348.399031,early
2026-05-20T12:05:48.986097+00:00,3b49EeH0Lok,UChqUTb7kYRX8-EiaN3XFrSQ,Reuters,2026-05-14T09:56:05+00:00,6.090092,1839,9,301.965882,early
2026-05-20T12:05:48.986097+00:00,z7C1FINK1yc,UC52X5wxOL_s5yw0dQk7NtgA,Associated Press,2026-05-11T23:33:40+00:00,8.522326,3203,9,375.836362,active
2026-05-20T12:05:48.986097+00:00,KBN5AILSqOE,UC52X5wxOL_s5yw0dQk7NtgA,Associated Press,2026-05-11T21:53:27+00:00,8.591921,4260,9,495.814615,active
2026-05-20T12:05:48.986097+00:00,xR_tXkDRJrc,UCNye-wNBqNL5ZzHSJj3l8Bg,Al Jazeera English,2026-05-13T19:39:13+00:00,6.685139,4214,9,630.353385,early
2026-05-20T12:05:48.986097+00:00,0VI4Mwtuml0,UC6ZFN9Tx6xh-skXCuRHCDpQ,PBS NewsHour,2026-05-12T20:50:01+00:00,7.635972,3679,9,481.798519,active
2026-05-20T12:05:48.986097+00:00,ZjtJALByo70,UC55-mxUj5Nj3niXFReG44OQ,Platzi,2026-04-27T16:08:20+00:00,22.831585,11568,8,506.666532,active
2026-05-20T12:05:48.986097+00:00,pqIZk9qrBEM,UC30ajuhy8cViP2DiM1QLjmg,98grados,2026-04-25T02:03:21+00:00,25.418379,20493,8,806.227651,active
2026-05-20T12:05:48.986097+00:00,Duk_kOhIimU,UCyM-2pRapEv6V2q7UNO9icg,Emprende Aprendiendo,2026-05-04T17:45:00+00:00,15.764456,12219,8,775.098107,active
2026-05-20T12:05:48.986097+00:00,jv13-whpdgI,UCF0L4jd9LcSIxsj5gKITMqQ,Jaime Higuera,2026-05-06T21:50:00+00:00,13.594317,4736,8,348.380871,active
2026-05-20T12:05:48.986097+00:00,2G1BiZp3MmU,UCl5-lvQyfILb-l2abPk4Ntg,Inteligencia Artificial,2026-05-07T14:43:28+00:00,12.890521,4980,8,386.33039,active
2026-05-20T12:05:48.986097+00:00,ktyLuwrmNr4,UCF0L4jd9LcSIxsj5gKITMqQ,Jaime Higuera,2026-05-10T19:00:39+00:00,9.711921,3772,8,388.388662,active
2026-05-20T12:05:48.986097+00:00,HVXQO0-h1yQ,UCF0L4jd9LcSIxsj5gKITMqQ,Jaime Higuera,2026-05-13T17:30:04+00:00,6.774826,2806,8,414.180379,early
2026-05-20T12:05:48.986097+00:00,8lUGwV9HzMw,UCtT7zEoC9-HNyLYb8cYWoww,Ale Marin,2026-05-14T16:30:05+00:00,5.816481,3796,8,652.628282,early
2026-05-20T12:05:48.986097+00:00,ArENte_V6Hc,UCnsvJeZO4RigQ898WdDNoBw,EL PAÍS,2026-05-13T19:26:38+00:00,6.693877,3441,8,514.051872,early
2026-05-20T12:05:48.986097+00:00,ofXXDakabCA,UCGXbLrVe8vnkiFv7q2vYv3w,El Mundo,2026-05-14T19:29:09+00:00,5.692129,1849,8,324.834521,early
2026-05-20T12:05:48.986097+00:00,YGhP-GwQpm0,UCGXbLrVe8vnkiFv7q2vYv3w,El Mundo,2026-05-14T12:17:37+00:00,5.991805,2438,8,406.889076,early
2026-05-20T12:05:48.986097+00:00,zAC4SWlIFXA,UCGXbLrVe8vnkiFv7q2vYv3w,El Mundo,2026-05-12T13:52:24+00:00,7.925984,610,8,76.962053,active
2026-05-20T12:05:48.986097+00:00,SzmQQ1XCZdg,UCGXbLrVe8vnkiFv7q2vYv3w,El Mundo,2026-05-12T09:00:40+00:00,8.128576,9166,8,1127.626782,active
2026-05-20T12:05:48.986097+00:00,dW0l9mu_YOQ,UCGXbLrVe8vnkiFv7q2vYv3w,El Mundo,2026-05-11T12:05:08+00:00,9.000474,12149,8,1349.817798,active
2026-05-20T12:05:48.986097+00:00,bN7IkPq63Qo,UCUsm-fannqOY02PNN67C0KA,NMás,2026-05-16T00:45:06+00:00,4.47272,8553,8,1912.259207,early
2026-05-20T12:05:48.986097+00:00,So7GlsLhm4c,UCcHtke0raf8vNYLM1Hbq3Jw,Imagen Noticias,2026-05-15T00:00:23+00:00,5.503773,4016,8,729.681257,early
2026-05-20T12:05:48.986097+00:00,8NH7UFS5KaY,UCiWLfSweyRNmLpgEHekhoAg,ESPN,2026-05-15T21:46:10+00:00,4.596979,3061,8,665.872087,early
2026-05-20T12:05:48.986097+00:00,3Zi3z73xbn4,UCiWLfSweyRNmLpgEHekhoAg,ESPN,2026-05-15T14:00:25+00:00,4.920417,4181,8,849.724729,early
2026-05-20T12:05:48.986097+00:00,XEKYSsR2r2s,UChqUTb7kYRX8-EiaN3XFrSQ,Reuters,2026-05-14T03:18:00+00:00,6.366539,5000,8,785.356062,early
2026-05-20T12:05:48.986097+00:00,-NBXW5-dbbI,UChqUTb7kYRX8-EiaN3XFrSQ,Reuters,2026-05-13T17:21:42+00:00,6.780636,20783,8,3065.051715,early
2026-05-20T12:05:48.986097+00:00,7QIxnzblZfs,UChqUTb7kYRX8-EiaN3XFrSQ,Reuters,2026-05-13T15:47:15+00:00,6.846227,4875,8,712.071043,early
2026-05-20T12:05:48.986097+00:00,-QcQA92a-IM,UChqUTb7kYRX8-EiaN3XFrSQ,Reuters,2026-05-13T13:00:00+00:00,6.962373,776,8,111.456252,early
2026-05-20T12:05:48.986097+00:00,YZ6j_ssUjyI,UChqUTb7kYRX8-EiaN3XFrSQ,Reuters,2026-05-13T12:43:01+00:00,6.974167,3167,8,454.104411,early
2026-05-20T12:05:48.986097+00:00,m483NPeF8Lg,UC52X5wxOL_s5yw0dQk7NtgA,Associated Press,2026-05-12T02:45:44+00:00,8.388947,2643,8,315.05742,active
2026-05-20T12:05:48.986097+00:00,TVtet3wu2jc,UCTrQ7HXWRRxr7OsOtodr2_w,Channel 4 News,2026-05-12T15:19:59+00:00,7.865162,8811,8,1120.256646,active
2026-05-20T12:05:48.986097+00:00,O_xGs8NL6vM,UCFxHplbcoJK9m70c4VyTIxg,MILENIO,2026-05-15T00:35:02+00:00,5.47971,9263,8,1690.417924,early
2026-05-20T12:05:48.986097+00:00,uay_qpfTJOE,UC55-mxUj5Nj3niXFReG44OQ,Platzi,2026-04-24T19:12:23+00:00,25.703773,5448,7,211.953319,active
2026-05-20T12:05:48.986097+00:00,stk7f11pyr8,UCl5-lvQyfILb-l2abPk4Ntg,Inteligencia Artificial,2026-04-29T15:28:07+00:00,20.859514,8799,7,421.821908,active
2026-05-20T12:05:48.986097+00:00,8CMkyTJpB2c,UCF0L4jd9LcSIxsj5gKITMqQ,Jaime Higuera,2026-05-10T20:15:00+00:00,9.660289,1704,7,176.392238,active
2026-05-20T12:05:48.986097+00:00,p0dwtWXK_js,UCdfnfXWCGkBAx2cN2l-4u2w,Semo Historia,2026-05-11T22:31:46+00:00,8.565312,1417,7,165.434721,active
2026-05-20T12:05:48.986097+00:00,tUSFmp3kKRQ,UCeY0bbntWzzVIaj2z3QigXg,NBC News,2026-05-13T18:41:56+00:00,6.724919,1201,7,178.589512,early
2026-05-20T12:05:48.986097+00:00,66FMZi-D-pc,UCeY0bbntWzzVIaj2z3QigXg,NBC News,2026-05-13T12:36:06+00:00,6.97897,3831,7,548.934871,early
2026-05-20T12:05:48.986097+00:00,xK_siWrQL8I,UCnsvJeZO4RigQ898WdDNoBw,EL PAÍS,2026-05-15T09:12:37+00:00,5.120278,2560,7,499.972853,early
2026-05-20T12:05:48.986097+00:00,pP67uodzLAw,UCnsvJeZO4RigQ898WdDNoBw,EL PAÍS,2026-05-13T11:00:32+00:00,7.045335,708,7,100.492028,active
2026-05-20T12:05:48.986097+00:00,O3ZoeA-E7PE,UCnsvJeZO4RigQ898WdDNoBw,EL PAÍS,2026-05-11T18:41:48+00:00,8.725011,2477,7,283.89649,active
2026-05-20T12:05:48.986097+00:00,LrebLM8Sx-o,UCGXbLrVe8vnkiFv7q2vYv3w,El Mundo,2026-05-17T10:48:56+00:00,3.053391,3120,7,1021.814763,early
2026-05-20T12:05:48.986097+00:00,-ItUc-srJWA,UCGXbLrVe8vnkiFv7q2vYv3w,El Mundo,2026-05-12T10:56:35+00:00,8.048079,4343,7,539.63188,active
2026-05-20T12:05:48.986097+00:00,DYPBwy-9M5I,UCGXbLrVe8vnkiFv7q2vYv3w,El Mundo,2026-05-12T08:00:35+00:00,8.170301,16842,7,2061.368363,active
2026-05-20T12:05:48.986097+00:00,wA9Os_xHQjw,UCGXbLrVe8vnkiFv7q2vYv3w,El Mundo,2026-05-12T07:51:48+00:00,8.1764,987,7,120.713272,active
2026-05-20T12:05:48.986097+00:00,P4WfvFc9Nvo,UCGXbLrVe8vnkiFv7q2vYv3w,El Mundo,2026-05-11T16:10:03+00:00,8.830393,7019,7,794.86836,active
2026-05-20T12:05:48.986097+00:00,57pj1crmbkw,UCGXbLrVe8vnkiFv7q2vYv3w,El Mundo,2026-05-11T14:28:29+00:00,8.900926,1159,7,130.211171,active
2026-05-20T12:05:48.986097+00:00,1plyloKh2VE,UClLLRs_mFTsNT5U-DqTYAGg,La Vanguardia,2026-05-12T07:52:28+00:00,8.175937,818,7,100.049695,active
2026-05-20T12:05:48.986097+00:00,8vF-7TLk4mI,UCUsm-fannqOY02PNN67C0KA,NMás,2026-05-14T04:00:15+00:00,6.337199,3637,7,573.91286,early
2026-05-20T12:05:48.986097+00:00,bWX5WvmbRVo,UCUP6qv-_EIL0hwTsJaKYnvw,Azteca Noticias,2026-05-14T00:45:05+00:00,6.472731,7543,7,1165.350453,early
2026-05-20T12:05:48.986097+00:00,4_Z5DpjZ8mE,UCcHtke0raf8vNYLM1Hbq3Jw,Imagen Noticias,2026-05-15T20:34:31+00:00,4.646736,1051,7,226.180269,early
2026-05-20T12:05:48.986097+00:00,XI3TwwAvs3M,UCiWLfSweyRNmLpgEHekhoAg,ESPN,2026-05-15T23:53:55+00:00,4.508264,6981,7,1548.489618,early
2026-05-20T12:05:48.986097+00:00,wd5dkGEQRWE,UCiWLfSweyRNmLpgEHekhoAg,ESPN,2026-05-14T17:00:13+00:00,5.795555,9736,7,1679.908136,early
2026-05-20T12:05:48.986097+00:00,JKBD1wJfLho,UCiWLfSweyRNmLpgEHekhoAg,ESPN,2026-05-13T18:49:11+00:00,6.719884,4706,7,700.309708,early
2026-05-20T12:05:48.986097+00:00,sl4HDFGHRUg,UChqUTb7kYRX8-EiaN3XFrSQ,Reuters,2026-05-15T22:14:26+00:00,4.577349,816,7,178.269125,early
2026-05-20T12:05:48.986097+00:00,uXdcfdKqfbg,UChqUTb7kYRX8-EiaN3XFrSQ,Reuters,2026-05-14T21:50:44+00:00,5.593808,1097,7,196.109698,early
2026-05-20T12:05:48.986097+00:00,yLelrg8jRTI,UChqUTb7kYRX8-EiaN3XFrSQ,Reuters,2026-05-14T09:42:42+00:00,6.099386,869,7,142.473357,early
2026-05-20T12:05:48.986097+00:00,lKJ6UY7ysM0,UC52X5wxOL_s5yw0dQk7NtgA,Associated Press,2026-05-12T12:05:27+00:00,8.000254,3157,7,394.612471,active
2026-05-20T12:05:48.986097+00:00,UxqNqx5NVns,UC52X5wxOL_s5yw0dQk7NtgA,Associated Press,2026-05-12T11:00:09+00:00,8.045602,2950,7,366.659947,active
2026-05-20T12:05:48.986097+00:00,Q92ZFjAtIWQ,UC52X5wxOL_s5yw0dQk7NtgA,Associated Press,2026-05-12T09:45:15+00:00,8.097616,3660,7,451.98488,active
2026-05-20T12:05:48.986097+00:00,YWe2OwQazVA,UC52X5wxOL_s5yw0dQk7NtgA,Associated Press,2026-05-11T16:40:25+00:00,8.809305,4678,7,531.029406,active
2026-05-20T12:05:48.986097+00:00,lvEEwQoQqtw,UC52X5wxOL_s5yw0dQk7NtgA,Associated Press,2026-05-11T11:45:06+00:00,9.014386,4956,7,549.787861,active
2026-05-20T12:05:48.986097+00:00,pPptEQ-IeDA,UCTrQ7HXWRRxr7OsOtodr2_w,Channel 4 News,2026-05-15T12:40:40+00:00,4.975798,11890,7,2389.566457,early
2026-05-20T12:05:48.986097+00:00,tiIRdn72JCU,UCtwslQPB_xJfaFuZv0OETNw,Kings League Spain,2026-05-11T13:58:25+00:00,8.921805,4097,7,459.212009,active
2026-05-20T12:05:48.986097+00:00,LYRANoawhNA,UC-2hhqBG5Su7s91_HmhaODQ,Fox Deportes,2026-05-15T05:00:45+00:00,5.295185,2584,7,487.990505,early
2026-05-20T12:05:48.986097+00:00,E7PxcFm-Xs8,UCUyDOdBWhC1MCxEjC46d-zw,Alex Hormozi,2026-04-22T09:00:00+00:00,28.129039,30437,6,1082.049053,active
2026-05-20T12:05:48.986097+00:00,RBz3O-4xBYE,UCF0L4jd9LcSIxsj5gKITMqQ,Jaime Higuera,2026-04-26T14:00:44+00:00,23.920197,15003,6,627.210553,active
2026-05-20T12:05:48.986097+00:00,Q9qmcTjw89Q,UC30ajuhy8cViP2DiM1QLjmg,98grados,2026-04-23T22:06:29+00:00,26.58287,24971,6,939.364335,active
2026-05-20T12:05:48.986097+00:00,UcgjSqz0CZs,UCEK0oX3X2yK9y27khCsrNKg,Mis Propias Finanzas,2026-05-04T23:02:44+00:00,15.543808,2606,6,167.655185,active
2026-05-20T12:05:48.986097+00:00,CKwMrLpJgzo,UCjSVqRtdOsxQDss_pJpp_Yg,COMPUESTOS Podcast,2026-05-14T01:30:08+00:00,6.441447,2220,6,344.643059,early
2026-05-20T12:05:48.986097+00:00,DC-XJAOZH64,UCF0L4jd9LcSIxsj5gKITMqQ,Jaime Higuera,2026-05-12T13:00:21+00:00,7.962129,2146,6,269.525902,active
2026-05-20T12:05:48.986097+00:00,L6xVq6zm3sU,UCtT7zEoC9-HNyLYb8cYWoww,Ale Marin,2026-05-12T12:45:04+00:00,7.972743,7206,6,903.82946,active
2026-05-20T12:05:48.986097+00:00,E16O1bKGe10,UCtT7zEoC9-HNyLYb8cYWoww,Ale Marin,2026-05-16T16:00:30+00:00,3.837025,2694,6,702.10645,early
2026-05-20T12:05:48.986097+00:00,5xoJIpVmsno,UCtT7zEoC9-HNyLYb8cYWoww,Ale Marin,2026-05-17T13:30:12+00:00,2.9414,1144,6,388.930441,early
2026-05-20T12:05:48.986097+00:00,XGLiza1DOyI,UCnsvJeZO4RigQ898WdDNoBw,EL PAÍS,2026-05-14T01:24:24+00:00,6.445428,1375,6,213.32951,early
2026-05-20T12:05:48.986097+00:00,nJm_OvHeKws,UCnsvJeZO4RigQ898WdDNoBw,EL PAÍS,2026-05-13T11:56:23+00:00,7.006551,1496,6,213.514467,active
2026-05-20T12:05:48.986097+00:00,aF3jbuKCLN4,UCnsvJeZO4RigQ898WdDNoBw,EL PAÍS,2026-05-13T10:47:27+00:00,7.054421,7192,6,1019.502522,active
2026-05-20T12:05:48.986097+00:00,gP4rc75Pmp0,UCnsvJeZO4RigQ898WdDNoBw,EL PAÍS,2026-05-12T16:04:23+00:00,7.834329,911,6,116.283092,active
2026-05-20T12:05:48.986097+00:00,weLnBisWAHc,UCGXbLrVe8vnkiFv7q2vYv3w,El Mundo,2026-05-16T18:05:13+00:00,3.750417,1656,6,441.5509,early
2026-05-20T12:05:48.986097+00:00,7JO_5U8vxLs,UCGXbLrVe8vnkiFv7q2vYv3w,El Mundo,2026-05-16T17:52:53+00:00,3.758981,1933,6,514.235108,early
2026-05-20T12:05:48.986097+00:00,8okB1G65Tbo,UCGXbLrVe8vnkiFv7q2vYv3w,El Mundo,2026-05-12T19:30:26+00:00,7.691238,4111,6,534.504328,active
2026-05-20T12:05:48.986097+00:00,3CtL28IQX3U,UCGXbLrVe8vnkiFv7q2vYv3w,El Mundo,2026-05-11T11:22:12+00:00,9.030289,629,6,69.654471,active
2026-05-20T12:05:48.986097+00:00,gvd8SIPbUJw,UCGXbLrVe8vnkiFv7q2vYv3w,El Mundo,2026-05-11T07:15:19+00:00,9.201736,18347,6,1993.862897,active
2026-05-20T12:05:48.986097+00:00,t9Qrf2264VA,UCafNntv_qTQB26AvbEQNHPw,Aristegui Noticias,2026-05-12T05:00:49+00:00,8.295139,5358,6,645.92046,active
2026-05-20T12:05:48.986097+00:00,7_fqSZuPGic,UCafNntv_qTQB26AvbEQNHPw,Aristegui Noticias,2026-05-11T14:01:27+00:00,8.919699,7059,6,791.394418,active
2026-05-20T12:05:48.986097+00:00,hnnIf9D4Q4A,UCUsm-fannqOY02PNN67C0KA,NMás,2026-05-14T23:15:05+00:00,5.535231,2194,6,396.370088,early
2026-05-20T12:05:48.986097+00:00,hJEnLiCypg4,UCUsm-fannqOY02PNN67C0KA,NMás,2026-05-13T23:00:46+00:00,6.545173,6389,6,976.13921,early
2026-05-20T12:05:48.986097+00:00,nK7KEg9wAYo,UCcHtke0raf8vNYLM1Hbq3Jw,Imagen Noticias,2026-05-15T21:14:55+00:00,4.61868,1227,6,265.660319,early
2026-05-20T12:05:48.986097+00:00,bwTBk9vTKD8,UCcHtke0raf8vNYLM1Hbq3Jw,Imagen Noticias,2026-05-15T20:37:05+00:00,4.644954,1332,6,286.762797,early
2026-05-20T12:05:48.986097+00:00,l_B0MZpiAfY,UCcHtke0raf8vNYLM1Hbq3Jw,Imagen Noticias,2026-05-15T14:47:16+00:00,4.887882,189,6,38.667055,early
2026-05-20T12:05:48.986097+00:00,7I55XSBugwU,UCcHtke0raf8vNYLM1Hbq3Jw,Imagen Noticias,2026-05-14T21:16:45+00:00,5.617407,3000,6,534.054235,early
2026-05-20T12:05:48.986097+00:00,s0sJSPwBFoU,UCTJXx9onKH6g4cWHS9pLqsQ,El HuffPost,2026-05-15T15:01:26+00:00,4.878044,943,6,193.315189,early
2026-05-20T12:05:48.986097+00:00,p7TUjA45Xlk,UCoLrcjPV5PbUrUyXq5mjc_A,MLB,2026-05-13T17:30:26+00:00,6.774572,9857,6,1454.999666,early
2026-05-20T12:05:48.986097+00:00,9yz5oYIA4Ws,UCiWLfSweyRNmLpgEHekhoAg,ESPN,2026-05-15T23:23:36+00:00,4.529317,4613,6,1018.475854,early
2026-05-20T12:05:48.986097+00:00,kG0P7OGfx8M,UCiWLfSweyRNmLpgEHekhoAg,ESPN,2026-05-14T20:24:17+00:00,5.653842,4057,6,717.565153,early
2026-05-20T12:05:48.986097+00:00,BAB_PxmvnHE,UCiWLfSweyRNmLpgEHekhoAg,ESPN,2026-05-14T17:36:54+00:00,5.770081,5455,6,945.394007,early
2026-05-20T12:05:48.986097+00:00,vtJ0wNGDQkg,UChqUTb7kYRX8-EiaN3XFrSQ,Reuters,2026-05-16T00:04:46+00:00,4.500729,905,6,201.078536,early
2026-05-20T12:05:48.986097+00:00,AA8_FvtEv4U,UChqUTb7kYRX8-EiaN3XFrSQ,Reuters,2026-05-15T17:05:58+00:00,4.791562,3065,6,639.666146,early
2026-05-20T12:05:48.986097+00:00,7K2QvYd28SY,UChqUTb7kYRX8-EiaN3XFrSQ,Reuters,2026-05-15T04:53:09+00:00,5.300463,690,6,130.177307,early
2026-05-20T12:05:48.986097+00:00,VghXqPeoBHI,UC52X5wxOL_s5yw0dQk7NtgA,Associated Press,2026-05-15T15:38:29+00:00,4.852315,2724,6,561.381526,early
2026-05-20T12:05:48.986097+00:00,lOhlUL4JOFM,UC52X5wxOL_s5yw0dQk7NtgA,Associated Press,2026-05-11T03:34:28+00:00,9.355104,2099,6,224.369499,active
2026-05-20T12:05:48.986097+00:00,xxNFnWh5HP4,UCNye-wNBqNL5ZzHSJj3l8Bg,Al Jazeera English,2026-05-13T19:34:41+00:00,6.688287,3047,6,455.572555,early
2026-05-20T12:05:48.986097+00:00,MnfmaNuU324,UCNye-wNBqNL5ZzHSJj3l8Bg,Al Jazeera English,2026-05-13T15:05:03+00:00,6.875532,12091,6,1758.554829,early
2026-05-20T12:05:48.986097+00:00,yQitvUxvzz8,UCNye-wNBqNL5ZzHSJj3l8Bg,Al Jazeera English,2026-05-13T14:57:59+00:00,6.88044,5623,6,817.244246,early
2026-05-20T12:05:48.986097+00:00,MOLrujD7K-w,UCFxHplbcoJK9m70c4VyTIxg,MILENIO,2026-05-15T09:23:05+00:00,5.113009,4178,6,817.13136,early
2026-05-20T12:05:48.986097+00:00,JcpI2F1Hw-g,UCFxHplbcoJK9m70c4VyTIxg,MILENIO,2026-05-14T15:49:10+00:00,5.844896,895,6,153.125051,early
2026-05-20T12:05:48.986097+00:00,t8m4CTxNPg8,UCFxHplbcoJK9m70c4VyTIxg,MILENIO,2026-05-14T06:07:50+00:00,6.248599,520,6,83.218654,early
2026-05-20T12:05:48.986097+00:00,wxoMbdmRe9g,UCqaOSuXiGdnuoqXBda-XD2A,Canal Once,2026-05-15T01:30:59+00:00,5.440856,1298,6,238.565402,early
2026-05-20T12:05:48.986097+00:00,2dWnzDzu9Fw,UCqaOSuXiGdnuoqXBda-XD2A,Canal Once,2026-05-12T00:41:37+00:00,8.475139,3228,6,380.878709,active
2026-05-20T12:05:48.986097+00:00,PMxTAI9uDZk,UC-2hhqBG5Su7s91_HmhaODQ,Fox Deportes,2026-05-17T16:33:09+00:00,2.814352,204,6,72.485602,early
2026-05-20T12:05:48.986097+00:00,9347xK6DuRM,UC-2hhqBG5Su7s91_HmhaODQ,Fox Deportes,2026-05-16T22:11:49+00:00,3.579167,200,6,55.878924,early
2026-05-20T12:05:48.986097+00:00,ePvOWVrNm_E,UC-2hhqBG5Su7s91_HmhaODQ,Fox Deportes,2026-05-19T01:04:21+00:00,1.459352,18,6,12.334241,early
2026-05-20T12:05:48.986097+00:00,zEUstENVghI,UCl5-lvQyfILb-l2abPk4Ntg,Inteligencia Artificial,2026-04-21T15:12:37+00:00,28.870278,12908,5,447.103419,active
2026-05-20T12:05:48.986097+00:00,2Z1aJVGA1-M,UCxFACDJ98idvo9Gq9M9AQgg,Moris Dieck | Finanzas e Inversiones ,2026-04-23T18:04:34+00:00,26.750868,7435,5,277.934907,active
2026-05-20T12:05:48.986097+00:00,-bFkzPRxH4w,UCHMSzZaVrEjK35aYK3J7Htw,Pequeño Cerdo Capitalista,2026-04-21T22:03:06+00:00,28.58522,15434,5,539.929376,active
2026-05-20T12:05:48.986097+00:00,jIj6PuMrDGA,UCF0L4jd9LcSIxsj5gKITMqQ,Jaime Higuera,2026-04-27T18:30:12+00:00,22.733067,44808,5,1971.049485,active
2026-05-20T12:05:48.986097+00:00,8ImVuaOhTf4,UCF0L4jd9LcSIxsj5gKITMqQ,Jaime Higuera,2026-04-23T17:00:10+00:00,26.79559,12711,5,474.369103,active
2026-05-20T12:05:48.986097+00:00,KztyymfW3Dg,UC5mQQ4Ur6oA8lsGFkvH2lyg,Noche De Chicxs,2026-04-29T16:12:02+00:00,20.829016,30012,5,1440.874595,active
2026-05-20T12:05:48.986097+00:00,SK7yqZdN3Dg,UCF0L4jd9LcSIxsj5gKITMqQ,Jaime Higuera,2026-04-30T16:36:15+00:00,19.812199,24533,5,1238.277488,active
2026-05-20T12:05:48.986097+00:00,3GUtClCifjw,UC4FHiPgS1KXkUMx3dxBUtPg,HolaMundo,2026-05-01T14:00:06+00:00,18.920636,12913,5,682.482344,active
2026-05-20T12:05:48.986097+00:00,rr8ZpzHcZJc,UCF0L4jd9LcSIxsj5gKITMqQ,Jaime Higuera,2026-05-02T20:36:14+00:00,17.645544,9790,5,554.814292,active
2026-05-20T12:05:48.986097+00:00,jwD3VeaU_ng,UCdfnfXWCGkBAx2cN2l-4u2w,Semo Historia,2026-05-08T15:05:25+00:00,11.875278,1727,5,145.428174,active
2026-05-20T12:05:48.986097+00:00,0rTo8XSNApA,UCF0L4jd9LcSIxsj5gKITMqQ,Jaime Higuera,2026-05-09T10:00:01+00:00,11.087361,2236,5,201.671074,active
2026-05-20T12:05:48.986097+00:00,O26UmdpBMbo,UCF0L4jd9LcSIxsj5gKITMqQ,Jaime Higuera,2026-05-09T11:00:38+00:00,11.045266,4464,5,404.155047,active
2026-05-20T12:05:48.986097+00:00,zrAFzVialPQ,UCl5-lvQyfILb-l2abPk4Ntg,Inteligencia Artificial,2026-05-11T12:21:23+00:00,8.98919,2445,5,271.993361,active
2026-05-20T12:05:48.986097+00:00,LEOFfZXOkUY,UCF0L4jd9LcSIxsj5gKITMqQ,Jaime Higuera,2026-05-10T20:00:18+00:00,9.670498,5436,5,562.122033,active
2026-05-20T12:05:48.986097+00:00,YUKCYDmWzyY,UCF0L4jd9LcSIxsj5gKITMqQ,Jaime Higuera,2026-05-12T12:01:01+00:00,8.003333,1118,5,139.691801,active
2026-05-20T12:05:48.986097+00:00,Yjrhxkf9QcQ,UCtT7zEoC9-HNyLYb8cYWoww,Ale Marin,2026-05-15T16:30:12+00:00,4.8164,1490,5,309.359688,early
2026-05-20T12:05:48.986097+00:00,ffrBG98c8pw,UCtT7zEoC9-HNyLYb8cYWoww,Ale Marin,2026-05-17T15:30:17+00:00,2.858009,1357,5,474.806063,early
2026-05-20T12:05:48.986097+00:00,jwhavzAtRfg,UCeY0bbntWzzVIaj2z3QigXg,NBC News,2026-05-13T12:34:23+00:00,6.980162,1300,5,186.242096,early
2026-05-20T12:05:48.986097+00:00,rUVH224mX4w,UCnsvJeZO4RigQ898WdDNoBw,EL PAÍS,2026-05-17T12:42:41+00:00,2.974398,1907,5,641.13814,early
2026-05-20T12:05:48.986097+00:00,3scwo4q3bLs,UCnsvJeZO4RigQ898WdDNoBw,EL PAÍS,2026-05-12T16:34:09+00:00,7.813657,1750,5,223.966831,active
2026-05-20T12:05:48.986097+00:00,8xn4U6sa3W0,UCnsvJeZO4RigQ898WdDNoBw,EL PAÍS,2026-05-11T22:52:36+00:00,8.550845,1279,5,149.575861,active
2026-05-20T12:05:48.986097+00:00,Z5l0ftLajjQ,UCGXbLrVe8vnkiFv7q2vYv3w,El Mundo,2026-05-13T16:03:21+00:00,6.835046,2406,5,352.009335,early
2026-05-20T12:05:48.986097+00:00,ZIAo1FHF5mU,UCGXbLrVe8vnkiFv7q2vYv3w,El Mundo,2026-05-12T12:46:58+00:00,7.971423,876,5,109.89255,active
2026-05-20T12:05:48.986097+00:00,fkpbz4cegkw,UCGXbLrVe8vnkiFv7q2vYv3w,El Mundo,2026-05-12T11:23:51+00:00,8.029143,7066,5,880.044109,active
2026-05-20T12:05:48.986097+00:00,_juAhFO5tks,UCGXbLrVe8vnkiFv7q2vYv3w,El Mundo,2026-05-12T11:09:07+00:00,8.039375,217,5,26.992148,active
2026-05-20T12:05:48.986097+00:00,Y1ULLcxmo3k,UCGXbLrVe8vnkiFv7q2vYv3w,El Mundo,2026-05-12T09:49:49+00:00,8.094444,6902,5,852.683643,active
2026-05-20T12:05:48.986097+00:00,sopSmN6mndE,UCGXbLrVe8vnkiFv7q2vYv3w,El Mundo,2026-05-11T20:15:49+00:00,8.659722,1666,5,192.384929,active
2026-05-20T12:05:48.986097+00:00,cmEww4x_Bac,UClLLRs_mFTsNT5U-DqTYAGg,La Vanguardia,2026-05-16T12:01:13+00:00,4.003194,1650,5,412.170882,early
2026-05-20T12:05:48.986097+00:00,O6ht1dYQrfg,UClLLRs_mFTsNT5U-DqTYAGg,La Vanguardia,2026-05-12T13:53:59+00:00,7.924884,3699,5,466.757621,active
2026-05-20T12:05:48.986097+00:00,cqBx1XJEg6o,UCM-GvgUy0EAZU7ZwXKLarkg,López-Dóriga,2026-05-12T02:42:07+00:00,8.391458,4350,5,518.38429,active
2026-05-20T12:05:48.986097+00:00,6Fehw2kv78c,UCcHtke0raf8vNYLM1Hbq3Jw,Imagen Noticias,2026-05-15T04:43:30+00:00,5.307164,13311,5,2508.119214,early
2026-05-20T12:05:48.986097+00:00,V-CAMHcMHUU,UCWJ2lWNubArHWmf3FIHbfcQ,NBA,2026-05-13T18:28:24+00:00,6.734317,254291,5,37760.473705,early
2026-05-20T12:05:48.986097+00:00,WCbPYHvaNgc,UCiWLfSweyRNmLpgEHekhoAg,ESPN,2026-05-15T12:13:24+00:00,4.994734,5388,5,1078.736125,early
2026-05-20T12:05:48.986097+00:00,8YZZH71yf2A,UCiWLfSweyRNmLpgEHekhoAg,ESPN,2026-05-14T16:00:28+00:00,5.837048,10295,5,1763.733997,early
2026-05-20T12:05:48.986097+00:00,hJW2TABcWkU,UCiWLfSweyRNmLpgEHekhoAg,ESPN,2026-05-13T14:00:25+00:00,6.920417,2329,5,336.540414,early
2026-05-20T12:05:48.986097+00:00,o9gCU193eTY,UCiWLfSweyRNmLpgEHekhoAg,ESPN,2026-05-13T12:09:53+00:00,6.997176,7746,5,1107.018031,early
2026-05-20T12:05:48.986097+00:00,b5Vzx0oYUmk,UC08mnbiC4FykqpHqbEWgFcg,ESPN Deportes,2026-05-12T00:00:38+00:00,8.503599,6216,5,730.98461,active
2026-05-20T12:05:48.986097+00:00,T6WMjUvXjFM,UChqUTb7kYRX8-EiaN3XFrSQ,Reuters,2026-05-16T16:00:44+00:00,3.836863,5505,5,1434.765849,early
2026-05-20T12:05:48.986097+00:00,fCql_8Vo5OQ,UChqUTb7kYRX8-EiaN3XFrSQ,Reuters,2026-05-15T00:55:06+00:00,5.465775,957,5,175.089534,early
2026-05-20T12:05:48.986097+00:00,ueBIeYuVLRk,UChqUTb7kYRX8-EiaN3XFrSQ,Reuters,2026-05-14T22:13:11+00:00,5.578217,932,5,167.078477,early
2026-05-20T12:05:48.986097+00:00,qorham0DKzk,UChqUTb7kYRX8-EiaN3XFrSQ,Reuters,2026-05-14T07:37:00+00:00,6.186678,2448,5,395.68893,early
2026-05-20T12:05:48.986097+00:00,NlGUiUGbogc,UChqUTb7kYRX8-EiaN3XFrSQ,Reuters,2026-05-14T03:37:17+00:00,6.353148,1584,5,249.325216,early
2026-05-20T12:05:48.986097+00:00,GKBkS---sho,UChqUTb7kYRX8-EiaN3XFrSQ,Reuters,2026-05-14T03:35:59+00:00,6.354051,5976,5,940.502366,early
2026-05-20T12:05:48.986097+00:00,qVfmmXZ14Yc,UChqUTb7kYRX8-EiaN3XFrSQ,Reuters,2026-05-13T16:01:31+00:00,6.836319,1954,5,285.826334,early
2026-05-20T12:05:48.986097+00:00,h4yEq0kI5z4,UC52X5wxOL_s5yw0dQk7NtgA,Associated Press,2026-05-13T07:45:32+00:00,7.180752,3072,5,427.810346,active
2026-05-20T12:05:48.986097+00:00,Y3FGjcZ0KV4,UC52X5wxOL_s5yw0dQk7NtgA,Associated Press,2026-05-11T04:30:16+00:00,9.316354,3610,5,387.490643,active
2026-05-20T12:05:48.986097+00:00,oCVJyEwFJD8,UCNye-wNBqNL5ZzHSJj3l8Bg,Al Jazeera English,2026-05-14T23:15:43+00:00,5.534792,9073,5,1639.266661,early
2026-05-20T12:05:48.986097+00:00,Hk9bMwd2hd4,UCqaOSuXiGdnuoqXBda-XD2A,Canal Once,2026-05-13T18:15:03+00:00,6.743588,663,5,98.315615,early
2026-05-20T12:05:48.986097+00:00,tJJz1N0z6h8,UC-2hhqBG5Su7s91_HmhaODQ,Fox Deportes,2026-05-16T23:45:55+00:00,3.513819,71,5,20.205935,early
2026-05-20T12:05:48.986097+00:00,hDiWPnxRURM,UC-2hhqBG5Su7s91_HmhaODQ,Fox Deportes,2026-05-16T22:13:43+00:00,3.577847,143,5,39.968171,early
2026-05-20T12:05:48.986097+00:00,UacKz43AiDQ,UCHMSzZaVrEjK35aYK3J7Htw,Pequeño Cerdo Capitalista,2026-04-27T22:01:17+00:00,22.586481,2289,4,101.343808,active
2026-05-20T12:05:48.986097+00:00,kLZUfQUWNNw,UCF0L4jd9LcSIxsj5gKITMqQ,Jaime Higuera,2026-04-25T20:28:11+00:00,24.651134,2309,4,93.667091,active
2026-05-20T12:05:48.986097+00:00,tysrC1PivVE,UCF0L4jd9LcSIxsj5gKITMqQ,Jaime Higuera,2026-04-23T10:01:33+00:00,27.086296,3778,4,139.480127,active
2026-05-20T12:05:48.986097+00:00,5jOtf3OIgHg,UCP15FVAA2UL-QOcGhy7-ezA,EDteam,2026-04-24T15:10:23+00:00,25.871829,9471,4,366.073848,active
2026-05-20T12:05:48.986097+00:00,gGvkfd-LiKA,UCP15FVAA2UL-QOcGhy7-ezA,EDteam,2026-04-23T21:03:27+00:00,26.626643,12541,4,470.99441,active
2026-05-20T12:05:48.986097+00:00,ZVnXmeZZDw0,UCWn_0MmgojB711LFX-jaCDQ,El Rincón Del Dev,2026-04-25T15:24:41+00:00,24.861898,4356,4,175.207862,active
2026-05-20T12:05:48.986097+00:00,sncgYGQt1T8,UCl5-lvQyfILb-l2abPk4Ntg,Inteligencia Artificial,2026-04-28T17:16:05+00:00,21.784537,9763,4,448.161923,active
2026-05-20T12:05:48.986097+00:00,CzIJ566XexE,UCyM-2pRapEv6V2q7UNO9icg,Emprende Aprendiendo,2026-04-28T16:30:04+00:00,21.816493,12611,4,578.04891,active
2026-05-20T12:05:48.986097+00:00,tXgFifuwvno,UCHMSzZaVrEjK35aYK3J7Htw,Pequeño Cerdo Capitalista,2026-04-30T23:07:38+00:00,19.540405,2123,4,108.646673,active
2026-05-20T12:05:48.986097+00:00,rQmlUxDeTxE,UCF0L4jd9LcSIxsj5gKITMqQ,Jaime Higuera,2026-05-01T21:01:03+00:00,18.62831,10560,4,566.879121,active
2026-05-20T12:05:48.986097+00:00,tPuup43tbgA,UCyM-2pRapEv6V2q7UNO9icg,Emprende Aprendiendo,2026-05-02T17:01:09+00:00,17.794907,10533,4,591.910933,active
2026-05-20T12:05:48.986097+00:00,yveo9j8JZts,UCiqJoWIT-vm-hJoXilFGiUQ,Inversión Inteligente - Alain Cortés,2026-05-03T16:54:56+00:00,16.799224,827,4,49.228464,active
2026-05-20T12:05:48.986097+00:00,1-zrnj9Z6FA,UCF0L4jd9LcSIxsj5gKITMqQ,Jaime Higuera,2026-05-06T08:00:03+00:00,14.170671,1604,4,113.191535,active
2026-05-20T12:05:48.986097+00:00,i7p23_flIAA,UCjSVqRtdOsxQDss_pJpp_Yg,COMPUESTOS Podcast,2026-05-10T00:00:46+00:00,10.503507,3334,4,317.417792,active
2026-05-20T12:05:48.986097+00:00,SiElz1faChE,UCF0L4jd9LcSIxsj5gKITMqQ,Jaime Higuera,2026-05-11T21:25:00+00:00,8.611678,1745,4,202.631822,active
2026-05-20T12:05:48.986097+00:00,7ZU_n58hY5Y,UCF0L4jd9LcSIxsj5gKITMqQ,Jaime Higuera,2026-05-11T21:15:00+00:00,8.618623,722,4,83.772083,active
2026-05-20T12:05:48.986097+00:00,zPidbS_3R94,UCF0L4jd9LcSIxsj5gKITMqQ,Jaime Higuera,2026-05-11T21:01:04+00:00,8.628298,3102,4,359.514704,active
2026-05-20T12:05:48.986097+00:00,-L8Sen4mJkw,UCtT7zEoC9-HNyLYb8cYWoww,Ale Marin,2026-05-13T16:00:00+00:00,6.837373,2651,4,387.72201,early
2026-05-20T12:05:48.986097+00:00,8mQvTgd5JAg,UCnsvJeZO4RigQ898WdDNoBw,EL PAÍS,2026-05-13T16:41:18+00:00,6.808692,290,4,42.592615,early
2026-05-20T12:05:48.986097+00:00,C5I6OtiIB94,UCnsvJeZO4RigQ898WdDNoBw,EL PAÍS,2026-05-12T20:31:28+00:00,7.648854,720,4,94.131748,active
2026-05-20T12:05:48.986097+00:00,2-3XuvcxdmM,UCGXbLrVe8vnkiFv7q2vYv3w,El Mundo,2026-05-17T09:46:38+00:00,3.096655,1185,4,382.670979,early
2026-05-20T12:05:48.986097+00:00,DyhvmX4q8NE,UCGXbLrVe8vnkiFv7q2vYv3w,El Mundo,2026-05-13T21:37:48+00:00,6.602789,1410,4,213.546124,early
2026-05-20T12:05:48.986097+00:00,JDxGAuXjCIw,UCGXbLrVe8vnkiFv7q2vYv3w,El Mundo,2026-05-12T11:03:36+00:00,8.043206,8387,4,1042.743404,active
2026-05-20T12:05:48.986097+00:00,A9SWm6Pkwko,UCGXbLrVe8vnkiFv7q2vYv3w,El Mundo,2026-05-12T09:23:14+00:00,8.112905,5385,4,663.75731,active
2026-05-20T12:05:48.986097+00:00,BYRtNoCPnkw,UCGXbLrVe8vnkiFv7q2vYv3w,El Mundo,2026-05-11T13:09:55+00:00,8.955486,11354,4,1267.826224,active
2026-05-20T12:05:48.986097+00:00,U85BvJSwhZ8,UCGXbLrVe8vnkiFv7q2vYv3w,El Mundo,2026-05-11T12:18:39+00:00,8.991088,2847,4,316.646884,active
2026-05-20T12:05:48.986097+00:00,jxUGUwEcYUw,UCGXbLrVe8vnkiFv7q2vYv3w,El Mundo,2026-05-11T10:40:08+00:00,9.059502,8765,4,967.492474,active
2026-05-20T12:05:48.986097+00:00,ZfE4D9b8XqE,UCGXbLrVe8vnkiFv7q2vYv3w,El Mundo,2026-05-11T09:42:13+00:00,9.099722,12855,4,1412.680519,active
2026-05-20T12:05:48.986097+00:00,jhEi99uTeSw,UClLLRs_mFTsNT5U-DqTYAGg,La Vanguardia,2026-05-17T13:01:38+00:00,2.961238,838,4,282.98975,early
2026-05-20T12:05:48.986097+00:00,-OzwvGp6txM,UClLLRs_mFTsNT5U-DqTYAGg,La Vanguardia,2026-05-14T14:07:27+00:00,5.915532,339,4,57.306765,early
2026-05-20T12:05:48.986097+00:00,QRslOLHzszM,UClLLRs_mFTsNT5U-DqTYAGg,La Vanguardia,2026-05-14T09:29:47+00:00,6.108356,6559,4,1073.775006,early
2026-05-20T12:05:48.986097+00:00,Q8sdjAFzX1k,UCUsm-fannqOY02PNN67C0KA,NMás,2026-05-14T16:19:56+00:00,5.82353,1421,4,244.010076,early
2026-05-20T12:05:48.986097+00:00,_E7K6puLLbI,UCUsm-fannqOY02PNN67C0KA,NMás,2026-05-14T01:27:04+00:00,6.443576,1137,4,176.454813,early
2026-05-20T12:05:48.986097+00:00,kH_UZvG03zg,UCcHtke0raf8vNYLM1Hbq3Jw,Imagen Noticias,2026-05-15T16:05:53+00:00,4.833287,350,4,72.414487,early
2026-05-20T12:05:48.986097+00:00,FPlEXHX6NjE,UCcHtke0raf8vNYLM1Hbq3Jw,Imagen Noticias,2026-05-15T05:44:13+00:00,5.265,625,4,118.708452,early
2026-05-20T12:05:48.986097+00:00,VQY5jDWFEj4,UCcHtke0raf8vNYLM1Hbq3Jw,Imagen Noticias,2026-05-14T06:00:12+00:00,6.2539,4492,4,718.271798,early
2026-05-20T12:05:48.986097+00:00,hdFSJZ3tYvM,UCTJXx9onKH6g4cWHS9pLqsQ,El HuffPost,2026-05-11T07:59:05+00:00,9.171342,146,4,15.919153,active
2026-05-20T12:05:48.986097+00:00,3O68s3SFU7o,UCiWLfSweyRNmLpgEHekhoAg,ESPN,2026-05-15T16:00:32+00:00,4.837002,4257,4,880.090602,early
2026-05-20T12:05:48.986097+00:00,0-onNPaDkew,UCiWLfSweyRNmLpgEHekhoAg,ESPN,2026-05-15T16:00:15+00:00,4.837199,3402,4,703.299575,early
2026-05-20T12:05:48.986097+00:00,SHmom7kwPOU,UCiWLfSweyRNmLpgEHekhoAg,ESPN,2026-05-14T18:00:07+00:00,5.753958,3670,4,637.821826,early
2026-05-20T12:05:48.986097+00:00,m8hCVfnL8Tk,UCiWLfSweyRNmLpgEHekhoAg,ESPN,2026-05-13T13:29:44+00:00,6.941724,22223,4,3201.366116,early
2026-05-20T12:05:48.986097+00:00,cUmTnrJBTTE,UChqUTb7kYRX8-EiaN3XFrSQ,Reuters,2026-05-15T01:04:44+00:00,5.459085,9597,4,1757.986915,early
2026-05-20T12:05:48.986097+00:00,16146xHp1zg,UChqUTb7kYRX8-EiaN3XFrSQ,Reuters,2026-05-14T10:20:09+00:00,6.073379,2481,4,408.504063,early
2026-05-20T12:05:48.986097+00:00,G7jXsGqW60A,UChqUTb7kYRX8-EiaN3XFrSQ,Reuters,2026-05-13T15:39:17+00:00,6.851759,1479,4,215.856979,early
2026-05-20T12:05:48.986097+00:00,WjY2tm9HaQQ,UC52X5wxOL_s5yw0dQk7NtgA,Associated Press,2026-05-11T18:30:52+00:00,8.732604,1944,4,222.614011,active
2026-05-20T12:05:48.986097+00:00,FV6TppnPFsU,UCz8QaiQxApLq8sLNcszYyJw,Firstpost,2026-05-15T19:49:11+00:00,4.678217,984,4,210.336545,early
2026-05-20T12:05:48.986097+00:00,TSAh8dzN0cw,UCl5-lvQyfILb-l2abPk4Ntg,Inteligencia Artificial,2026-04-24T14:34:18+00:00,25.896886,10835,3,418.390072,active
2026-05-20T12:05:48.986097+00:00,BwIlVEvq7mU,UCl5-lvQyfILb-l2abPk4Ntg,Inteligencia Artificial,2026-04-22T13:48:56+00:00,27.928391,6973,3,249.674247,active
2026-05-20T12:05:48.986097+00:00,ppy-SwlSnEo,UCHMSzZaVrEjK35aYK3J7Htw,Pequeño Cerdo Capitalista,2026-04-22T22:02:17+00:00,27.585787,2486,3,90.118872,active
2026-05-20T12:05:48.986097+00:00,tLlucpJbi5E,UCiqJoWIT-vm-hJoXilFGiUQ,Inversión Inteligente - Alain Cortés,2026-04-27T17:17:15+00:00,22.783727,895,3,39.282423,active
2026-05-20T12:05:48.986097+00:00,qC_5K9u8nY4,UC5mQQ4Ur6oA8lsGFkvH2lyg,Noche De Chicxs,2026-04-21T18:10:16+00:00,28.74691,5929,3,206.248254,active
2026-05-20T12:05:48.986097+00:00,x0HFad-M2iE,UC30ajuhy8cViP2DiM1QLjmg,98grados,2026-04-28T00:07:14+00:00,22.499016,23732,3,1054.801686,active
2026-05-20T12:05:48.986097+00:00,HgD5P0gQxOk,UCyM-2pRapEv6V2q7UNO9icg,Emprende Aprendiendo,2026-04-24T18:03:11+00:00,25.751829,12465,3,484.043289,active
2026-05-20T12:05:48.986097+00:00,IBBboS2nK3c,UCl5-lvQyfILb-l2abPk4Ntg,Inteligencia Artificial,2026-04-28T10:01:19+00:00,22.086458,3956,3,179.114279,active
2026-05-20T12:05:48.986097+00:00,iS1jGgfO9Z0,UCl5-lvQyfILb-l2abPk4Ntg,Inteligencia Artificial,2026-04-28T08:45:26+00:00,22.139155,6328,3,285.828434,active
2026-05-20T12:05:48.986097+00:00,D3h2gmgCBFg,UCl5-lvQyfILb-l2abPk4Ntg,Inteligencia Artificial,2026-04-28T14:12:08+00:00,21.91228,2295,3,104.735792,active
2026-05-20T12:05:48.986097+00:00,MlSS4ZqvJuA,UCF0L4jd9LcSIxsj5gKITMqQ,Jaime Higuera,2026-04-28T12:44:03+00:00,21.973449,29462,3,1340.799981,active
2026-05-20T12:05:48.986097+00:00,1HWpBvWbexU,UCHMSzZaVrEjK35aYK3J7Htw,Pequeño Cerdo Capitalista,2026-04-29T23:30:30+00:00,20.524525,2104,3,102.511508,active
2026-05-20T12:05:48.986097+00:00,iGaMJCi8mAk,UCyM-2pRapEv6V2q7UNO9icg,Emprende Aprendiendo,2026-04-30T16:30:30+00:00,19.816192,12365,3,623.984669,active
2026-05-20T12:05:48.986097+00:00,LDXkrlIxj8U,UCF0L4jd9LcSIxsj5gKITMqQ,Jaime Higuera,2026-05-01T19:00:30+00:00,18.712025,24414,3,1304.722498,active
2026-05-20T12:05:48.986097+00:00,RGWm_UCIWnc,UCF0L4jd9LcSIxsj5gKITMqQ,Jaime Higuera,2026-05-01T18:00:20+00:00,18.753808,13918,3,742.142609,active
2026-05-20T12:05:48.986097+00:00,e5jQUYrRPRk,UCF0L4jd9LcSIxsj5gKITMqQ,Jaime Higuera,2026-05-02T21:30:07+00:00,17.608125,11752,3,667.41916,active
2026-05-20T12:05:48.986097+00:00,WeAhvFYojh0,UCdfnfXWCGkBAx2cN2l-4u2w,Semo Historia,2026-05-02T16:16:33+00:00,17.825879,2684,3,150.56761,active
2026-05-20T12:05:48.986097+00:00,q_ynGwBIxLk,UCl5-lvQyfILb-l2abPk4Ntg,Inteligencia Artificial,2026-05-04T13:31:30+00:00,15.940498,8741,3,548.351752,active
2026-05-20T12:05:48.986097+00:00,L8qTgJOhpPg,UCWn_0MmgojB711LFX-jaCDQ,El Rincón Del Dev,2026-05-03T15:36:45+00:00,16.853518,3305,3,196.101491,active
2026-05-20T12:05:48.986097+00:00,mYxbmWCkImc,UCEK0oX3X2yK9y27khCsrNKg,Mis Propias Finanzas,2026-05-05T17:03:50+00:00,14.793044,4051,3,273.844923,active
2026-05-20T12:05:48.986097+00:00,Q47YOagFwk8,UCEK0oX3X2yK9y27khCsrNKg,Mis Propias Finanzas,2026-05-05T23:56:49+00:00,14.50625,6869,3,473.520034,active
2026-05-20T12:05:48.986097+00:00,neH5XN_YzW0,UCdfnfXWCGkBAx2cN2l-4u2w,Semo Historia,2026-05-06T14:36:29+00:00,13.89537,1853,3,133.353772,active
2026-05-20T12:05:48.986097+00:00,tLBMAUtATsY,UCF0L4jd9LcSIxsj5gKITMqQ,Jaime Higuera,2026-05-07T21:40:00+00:00,12.601261,1649,3,130.859919,active
2026-05-20T12:05:48.986097+00:00,BVN4zHHF5-Q,UCF0L4jd9LcSIxsj5gKITMqQ,Jaime Higuera,2026-05-07T17:00:12+00:00,12.795567,7024,3,548.940113,active
2026-05-20T12:05:48.986097+00:00,4LJ6dmvKxc8,UCdfnfXWCGkBAx2cN2l-4u2w,Semo Historia,2026-05-07T16:07:08+00:00,12.832419,1604,3,124.995919,active
2026-05-20T12:05:48.986097+00:00,ZkmmXa5JVNg,UCl5-lvQyfILb-l2abPk4Ntg,Inteligencia Artificial,2026-05-08T14:12:19+00:00,11.912153,3761,3,315.72798,active
2026-05-20T12:05:48.986097+00:00,ihQnnrWal1k,UCl5-lvQyfILb-l2abPk4Ntg,Inteligencia Artificial,2026-05-08T12:35:42+00:00,11.979248,2936,3,245.09051,active
2026-05-20T12:05:48.986097+00:00,eeMXmcWUVjE,UCF0L4jd9LcSIxsj5gKITMqQ,Jaime Higuera,2026-05-09T17:00:58+00:00,10.795035,5696,3,527.64998,active
2026-05-20T12:05:48.986097+00:00,WnFI_2Fg4dI,UCF0L4jd9LcSIxsj5gKITMqQ,Jaime Higuera,2026-05-09T14:00:52+00:00,10.920104,4094,3,374.904854,active
2026-05-20T12:05:48.986097+00:00,mFiFFP7x_RQ,UCF0L4jd9LcSIxsj5gKITMqQ,Jaime Higuera,2026-05-09T12:01:31+00:00,11.002986,4330,3,393.529538,active
2026-05-20T12:05:48.986097+00:00,TybtF_UnwHI,UCF0L4jd9LcSIxsj5gKITMqQ,Jaime Higuera,2026-05-11T20:40:38+00:00,8.642488,1260,3,145.791351,active
2026-05-20T12:05:48.986097+00:00,1VvLw6sQMcI,UCF0L4jd9LcSIxsj5gKITMqQ,Jaime Higuera,2026-05-11T15:28:24+00:00,8.859317,2830,3,319.437717,active
2026-05-20T12:05:48.986097+00:00,ZXCsUo-ilwU,UCnsvJeZO4RigQ898WdDNoBw,EL PAÍS,2026-05-14T12:46:25+00:00,5.971805,488,3,81.717337,early
2026-05-20T12:05:48.986097+00:00,Mquodvrv-28,UCnsvJeZO4RigQ898WdDNoBw,EL PAÍS,2026-05-11T18:46:57+00:00,8.721435,353,3,40.474991,active
2026-05-20T12:05:48.986097+00:00,u0ayDBKBvuQ,UCGXbLrVe8vnkiFv7q2vYv3w,El Mundo,2026-05-14T10:31:39+00:00,6.065393,1747,3,288.027503,early
2026-05-20T12:05:48.986097+00:00,kiL5TRdw41U,UCGXbLrVe8vnkiFv7q2vYv3w,El Mundo,2026-05-13T11:49:46+00:00,7.011146,351,3,50.063142,active
2026-05-20T12:05:48.986097+00:00,8634xUBsoGU,UCGXbLrVe8vnkiFv7q2vYv3w,El Mundo,2026-05-12T13:22:42+00:00,7.946609,1990,3,250.42128,active
2026-05-20T12:05:48.986097+00:00,THHJZ7IxjXk,UCGXbLrVe8vnkiFv7q2vYv3w,El Mundo,2026-05-12T13:10:48+00:00,7.954873,2852,3,358.52238,active
2026-05-20T12:05:48.986097+00:00,CsYtG8X44RM,UCGXbLrVe8vnkiFv7q2vYv3w,El Mundo,2026-05-11T14:32:48+00:00,8.897928,2728,3,306.58823,active
2026-05-20T12:05:48.986097+00:00,-4nywdv9YcM,UCGXbLrVe8vnkiFv7q2vYv3w,El Mundo,2026-05-11T12:55:01+00:00,8.965833,3779,3,421.489002,active
2026-05-20T12:05:48.986097+00:00,ot7vdP6bESQ,UClLLRs_mFTsNT5U-DqTYAGg,La Vanguardia,2026-05-11T14:08:07+00:00,8.915069,1440,3,161.524269,active
2026-05-20T12:05:48.986097+00:00,F2TJS2ZL-j4,UClLLRs_mFTsNT5U-DqTYAGg,La Vanguardia,2026-05-11T08:28:24+00:00,9.150984,954,3,104.251084,active
2026-05-20T12:05:48.986097+00:00,Cxvvl-aWO-c,UCcHtke0raf8vNYLM1Hbq3Jw,Imagen Noticias,2026-05-14T06:05:25+00:00,6.250278,739,3,118.234741,early
2026-05-20T12:05:48.986097+00:00,eabcrZw6yYE,UCiWLfSweyRNmLpgEHekhoAg,ESPN,2026-05-14T03:57:12+00:00,6.339317,4237,3,668.368532,early
2026-05-20T12:05:48.986097+00:00,i10A7QBqNEc,UCiWLfSweyRNmLpgEHekhoAg,ESPN,2026-05-13T14:30:33+00:00,6.899491,7179,3,1040.511539,early
2026-05-20T12:05:48.986097+00:00,66CI10yF60g,UCiWLfSweyRNmLpgEHekhoAg,ESPN,2026-05-13T13:00:27+00:00,6.96206,2738,3,393.274404,early
2026-05-20T12:05:48.986097+00:00,LKDpuyZ4JGQ,UCiWLfSweyRNmLpgEHekhoAg,ESPN,2026-05-13T12:23:46+00:00,6.987535,1864,3,266.760739,early
2026-05-20T12:05:48.986097+00:00,xACCzjtL2Y8,UChqUTb7kYRX8-EiaN3XFrSQ,Reuters,2026-05-15T08:48:06+00:00,5.137303,1052,3,204.776709,early
2026-05-20T12:05:48.986097+00:00,0Vl_5ZZDHoo,UChqUTb7kYRX8-EiaN3XFrSQ,Reuters,2026-05-14T16:43:13+00:00,5.807361,639,3,110.032767,early
2026-05-20T12:05:48.986097+00:00,YlVYfx-kfYM,UChqUTb7kYRX8-EiaN3XFrSQ,Reuters,2026-05-14T05:49:44+00:00,6.261169,1225,3,195.650365,early
2026-05-20T12:05:48.986097+00:00,YnRxvY9LGGA,UCTrQ7HXWRRxr7OsOtodr2_w,Channel 4 News,2026-05-12T09:42:19+00:00,8.099653,1790,3,220.997122,active
2026-05-20T12:05:48.986097+00:00,3iPtFUDJ75s,UCFxHplbcoJK9m70c4VyTIxg,MILENIO,2026-05-15T22:00:29+00:00,4.587037,2958,3,644.860724,early
2026-05-20T12:05:48.986097+00:00,KeYe50If3pc,UCFxHplbcoJK9m70c4VyTIxg,MILENIO,2026-05-14T23:23:13+00:00,5.529583,422,3,76.316786,early
2026-05-20T12:05:48.986097+00:00,1Z2nhwSlzF8,UC-2hhqBG5Su7s91_HmhaODQ,Fox Deportes,2026-05-17T16:50:55+00:00,2.802014,118,3,42.112566,early
2026-05-20T12:05:48.986097+00:00,z7w04Lo1sbw,UC-2hhqBG5Su7s91_HmhaODQ,Fox Deportes,2026-05-16T19:12:32+00:00,3.703669,4464,3,1205.291294,early
2026-05-20T12:05:48.986097+00:00,jAZyxiymewQ,UC-2hhqBG5Su7s91_HmhaODQ,Fox Deportes,2026-05-14T07:44:53+00:00,6.181204,906,3,146.573386,early
2026-05-20T12:05:48.986097+00:00,zG4eKGWR-NM,UCpEhnqL0y41EpW2TvWAHD7Q,SET India,2026-05-18T17:30:30+00:00,1.774525,35,3,19.723588,early
2026-05-20T12:05:48.986097+00:00,E6IrH04B8wg,UCl5-lvQyfILb-l2abPk4Ntg,Inteligencia Artificial,2026-04-24T17:00:52+00:00,25.795104,6543,2,253.652786,active
2026-05-20T12:05:48.986097+00:00,SYdW3cZKdmY,UCl5-lvQyfILb-l2abPk4Ntg,Inteligencia Artificial,2026-04-24T15:35:41+00:00,25.854259,13041,2,504.404323,active
2026-05-20T12:05:48.986097+00:00,Lw3RJgDjXh0,UCl5-lvQyfILb-l2abPk4Ntg,Inteligencia Artificial,2026-04-22T16:03:08+00:00,27.835197,7326,2,263.191958,active
2026-05-20T12:05:48.986097+00:00,QeK4l-iH51Y,UCl5-lvQyfILb-l2abPk4Ntg,Inteligencia Artificial,2026-04-21T10:14:12+00:00,29.077511,4426,2,152.213854,active
2026-05-20T12:05:48.986097+00:00,tqD_yn5Y_zQ,UCl5-lvQyfILb-l2abPk4Ntg,Inteligencia Artificial,2026-04-21T08:41:37+00:00,29.141805,4071,2,139.69622,active
2026-05-20T12:05:48.986097+00:00,l8F9Omk197E,UCxFACDJ98idvo9Gq9M9AQgg,Moris Dieck | Finanzas e Inversiones ,2026-04-21T01:00:45+00:00,29.461852,9110,2,309.213419,active
2026-05-20T12:05:48.986097+00:00,Z-xAO96GQtU,UCF0L4jd9LcSIxsj5gKITMqQ,Jaime Higuera,2026-04-25T21:00:37+00:00,24.628611,10344,2,419.999325,active
2026-05-20T12:05:48.986097+00:00,X5MyBjZ8Jgw,UCF0L4jd9LcSIxsj5gKITMqQ,Jaime Higuera,2026-04-25T14:01:02+00:00,24.919988,24222,2,971.990837,active
2026-05-20T12:05:48.986097+00:00,dINRvKoLQ-c,UCF0L4jd9LcSIxsj5gKITMqQ,Jaime Higuera,2026-04-23T16:01:11+00:00,26.836551,33161,2,1235.665492,active
2026-05-20T12:05:48.986097+00:00,EJfh57hfc_E,UCF0L4jd9LcSIxsj5gKITMqQ,Jaime Higuera,2026-04-22T13:30:13+00:00,27.941389,20978,2,750.785868,active
2026-05-20T12:05:48.986097+00:00,W1js1spTUPs,UCWn_0MmgojB711LFX-jaCDQ,El Rincón Del Dev,2026-04-27T16:39:26+00:00,22.809988,2872,2,125.909755,active
2026-05-20T12:05:48.986097+00:00,_O6ICkmg1Zg,UCyM-2pRapEv6V2q7UNO9icg,Emprende Aprendiendo,2026-04-27T16:30:12+00:00,22.8164,11842,2,519.01264,active
2026-05-20T12:05:48.986097+00:00,Zqmsoqo2fJs,UCyM-2pRapEv6V2q7UNO9icg,Emprende Aprendiendo,2026-04-26T17:20:57+00:00,23.781157,5144,2,216.305708,active
2026-05-20T12:05:48.986097+00:00,2FdfXwODkr4,UCyM-2pRapEv6V2q7UNO9icg,Emprende Aprendiendo,2026-04-25T19:05:51+00:00,24.70831,26843,2,1086.39563,active
2026-05-20T12:05:48.986097+00:00,woNfdYrmVGw,UCyM-2pRapEv6V2q7UNO9icg,Emprende Aprendiendo,2026-04-23T16:30:33+00:00,26.816157,10965,2,408.895279,active
2026-05-20T12:05:48.986097+00:00,67JREKwyixk,UCl5-lvQyfILb-l2abPk4Ntg,Inteligencia Artificial,2026-04-28T15:27:54+00:00,21.859664,9036,2,413.364085,active
2026-05-20T12:05:48.986097+00:00,zzsUsCRoGcI,UCF0L4jd9LcSIxsj5gKITMqQ,Jaime Higuera,2026-04-29T12:02:01+00:00,21.002639,2702,2,128.6505,active
2026-05-20T12:05:48.986097+00:00,sGEEHGc7eyo,UCl5-lvQyfILb-l2abPk4Ntg,Inteligencia Artificial,2026-04-30T12:59:59+00:00,19.962384,6968,2,349.056505,active
2026-05-20T12:05:48.986097+00:00,s23TO2BQBcU,UCX9NJ471o7Wie1DQe94RVIg,Fazt,2026-04-30T13:20:02+00:00,19.94846,26578,2,1332.333423,active
2026-05-20T12:05:48.986097+00:00,Rax-kdRVG74,UCF0L4jd9LcSIxsj5gKITMqQ,Jaime Higuera,2026-05-01T17:30:07+00:00,18.774792,14654,2,780.514639,active
2026-05-20T12:05:48.986097+00:00,o8Z1Q8UPSOU,UCF0L4jd9LcSIxsj5gKITMqQ,Jaime Higuera,2026-05-01T16:41:42+00:00,18.808414,16709,2,888.378999,active
2026-05-20T12:05:48.986097+00:00,FbRnMwKmmTA,UCP15FVAA2UL-QOcGhy7-ezA,EDteam,2026-05-01T15:11:23+00:00,18.871134,9337,2,494.776837,active
2026-05-20T12:05:48.986097+00:00,b-NJDpglmeM,UCF0L4jd9LcSIxsj5gKITMqQ,Jaime Higuera,2026-05-02T15:30:30+00:00,17.857859,19792,2,1108.307552,active
2026-05-20T12:05:48.986097+00:00,tFD4653hJYE,UCl5-lvQyfILb-l2abPk4Ntg,Inteligencia Artificial,2026-05-04T10:23:32+00:00,16.07103,8824,2,549.062506,active
2026-05-20T12:05:48.986097+00:00,v2SVwN2WLHA,UCF0L4jd9LcSIxsj5gKITMqQ,Jaime Higuera,2026-05-04T12:41:26+00:00,15.975266,9868,2,617.704895,active
2026-05-20T12:05:48.986097+00:00,9u4d0EDxCkY,UCF0L4jd9LcSIxsj5gKITMqQ,Jaime Higuera,2026-05-03T20:31:05+00:00,16.64912,1990,2,119.525837,active
2026-05-20T12:05:48.986097+00:00,em_K85l2WNY,UCF0L4jd9LcSIxsj5gKITMqQ,Jaime Higuera,2026-05-05T21:30:15+00:00,14.608032,5042,2,345.152585,active
2026-05-20T12:05:48.986097+00:00,YIozys8ZjPs,UCl5-lvQyfILb-l2abPk4Ntg,Inteligencia Artificial,2026-05-06T13:07:08+00:00,13.957419,4242,2,303.924386,active
2026-05-20T12:05:48.986097+00:00,3c9Oq8VyMpg,UCEK0oX3X2yK9y27khCsrNKg,Mis Propias Finanzas,2026-05-06T14:05:54+00:00,13.916609,2391,2,171.809095,active
2026-05-20T12:05:48.986097+00:00,qPikXaHU-jY,UCF0L4jd9LcSIxsj5gKITMqQ,Jaime Higuera,2026-05-06T18:31:06+00:00,13.732442,9775,2,711.818044,active
2026-05-20T12:05:48.986097+00:00,iuo88mIjzbk,UCF0L4jd9LcSIxsj5gKITMqQ,Jaime Higuera,2026-05-06T17:30:23+00:00,13.774606,5772,2,419.031949,active
2026-05-20T12:05:48.986097+00:00,bMzRXbjLUAs,UCl5-lvQyfILb-l2abPk4Ntg,Inteligencia Artificial,2026-05-07T10:43:02+00:00,13.057488,5836,2,446.94661,active
2026-05-20T12:05:48.986097+00:00,oUZ9Cxp_tkg,UCF0L4jd9LcSIxsj5gKITMqQ,Jaime Higuera,2026-05-07T19:01:01+00:00,12.711667,7266,2,571.600877,active
2026-05-20T12:05:48.986097+00:00,YdG8-82WJyI,UCF0L4jd9LcSIxsj5gKITMqQ,Jaime Higuera,2026-05-07T16:40:44+00:00,12.809085,7036,2,549.297627,active
2026-05-20T12:05:48.986097+00:00,57VIVNJZywU,UCl5-lvQyfILb-l2abPk4Ntg,Inteligencia Artificial,2026-05-08T13:42:07+00:00,11.933125,2476,2,207.489656,active
2026-05-20T12:05:48.986097+00:00,YfK3LI27YcU,UCF0L4jd9LcSIxsj5gKITMqQ,Jaime Higuera,2026-05-08T17:00:54+00:00,11.795081,2711,2,229.841575,active
2026-05-20T12:05:48.986097+00:00,CthF-LloGYM,UCF0L4jd9LcSIxsj5gKITMqQ,Jaime Higuera,2026-05-08T16:00:21+00:00,11.837129,3622,2,305.986359,active
2026-05-20T12:05:48.986097+00:00,ylIZ2D5Td4I,UCdfnfXWCGkBAx2cN2l-4u2w,Semo Historia,2026-05-10T02:07:25+00:00,10.415555,1684,2,161.681255,active
2026-05-20T12:05:48.986097+00:00,IuqkorRCn5c,UCtT7zEoC9-HNyLYb8cYWoww,Ale Marin,2026-05-12T13:45:06+00:00,7.931053,1465,2,184.71696,active
2026-05-20T12:05:48.986097+00:00,aCFye-1HIhU,UCtT7zEoC9-HNyLYb8cYWoww,Ale Marin,2026-05-14T15:30:01+00:00,5.858194,3417,2,583.285565,early
2026-05-20T12:05:48.986097+00:00,ZRfS6_DfNGQ,UCtT7zEoC9-HNyLYb8cYWoww,Ale Marin,2026-05-16T00:30:23+00:00,4.48294,908,2,202.545651,early
2026-05-20T12:05:48.986097+00:00,eva41r-GHKk,UCwd8Byi93KbnsYmCcKLExvQ,Negocios TV,2026-05-15T19:05:49+00:00,4.708333,2526,2,536.495613,early
2026-05-20T12:05:48.986097+00:00,_v7wRXvhUYI,UCLXRGxAzeaLDGaOphqapzmg,codigofacilito,2026-05-12T17:45:37+00:00,7.764028,1492,2,192.168292,active
2026-05-20T12:05:48.986097+00:00,OznO6O6MHQ4,UCnsvJeZO4RigQ898WdDNoBw,EL PAÍS,2026-05-13T09:43:36+00:00,7.098761,2847,2,401.055903,active
2026-05-20T12:05:48.986097+00:00,5nJ9lcD8d2w,UCGXbLrVe8vnkiFv7q2vYv3w,El Mundo,2026-05-17T11:05:26+00:00,3.041933,1017,2,334.32689,early
2026-05-20T12:05:48.986097+00:00,cYKvb_gWxyg,UCGXbLrVe8vnkiFv7q2vYv3w,El Mundo,2026-05-14T09:25:05+00:00,6.11162,440,2,71.994005,early
2026-05-20T12:05:48.986097+00:00,UUjjuKdgcBA,UCGXbLrVe8vnkiFv7q2vYv3w,El Mundo,2026-05-13T14:55:36+00:00,6.882095,3575,2,519.463913,early
2026-05-20T12:05:48.986097+00:00,NE70Ag1X1Hk,UCGXbLrVe8vnkiFv7q2vYv3w,El Mundo,2026-05-12T11:40:11+00:00,8.017801,3637,2,453.615648,active
2026-05-20T12:05:48.986097+00:00,Jo0i-Uz64jA,UCGXbLrVe8vnkiFv7q2vYv3w,El Mundo,2026-05-12T07:19:11+00:00,8.199051,8349,2,1018.28858,active
2026-05-20T12:05:48.986097+00:00,LTVRuaXBaao,UCGXbLrVe8vnkiFv7q2vYv3w,El Mundo,2026-05-11T18:37:54+00:00,8.72772,3387,2,388.073861,active
2026-05-20T12:05:48.986097+00:00,HdRhPNbTEXA,UCGXbLrVe8vnkiFv7q2vYv3w,El Mundo,2026-05-11T12:54:08+00:00,8.966447,8240,2,918.981621,active
2026-05-20T12:05:48.986097+00:00,Or2q7O3aaF8,UCGXbLrVe8vnkiFv7q2vYv3w,El Mundo,2026-05-11T07:57:03+00:00,9.172754,8846,2,964.377765,active
2026-05-20T12:05:48.986097+00:00,7fGW1BDbC18,UClLLRs_mFTsNT5U-DqTYAGg,La Vanguardia,2026-05-13T08:28:34+00:00,7.150868,392,2,54.81852,active
2026-05-20T12:05:48.986097+00:00,A8SVh-jw46E,UClLLRs_mFTsNT5U-DqTYAGg,La Vanguardia,2026-05-13T07:57:17+00:00,7.172592,660,2,92.016945,active
2026-05-20T12:05:48.986097+00:00,2cowRj3sLQQ,UClLLRs_mFTsNT5U-DqTYAGg,La Vanguardia,2026-05-11T14:05:44+00:00,8.916724,318,2,35.663322,active
2026-05-20T12:05:48.986097+00:00,LuFJ5Z1Ut-o,UClLLRs_mFTsNT5U-DqTYAGg,La Vanguardia,2026-05-11T11:35:17+00:00,9.021204,7616,2,844.233209,active
2026-05-20T12:05:48.986097+00:00,oHcVPAp_ynQ,UCUsm-fannqOY02PNN67C0KA,NMás,2026-05-14T16:55:39+00:00,5.798727,4881,2,841.736471,early
2026-05-20T12:05:48.986097+00:00,q073oFDRQIQ,UCM-GvgUy0EAZU7ZwXKLarkg,López-Dóriga,2026-05-11T19:10:54+00:00,8.704803,4276,2,491.223064,active
2026-05-20T12:05:48.986097+00:00,I8UWx6rWhVo,UCUP6qv-_EIL0hwTsJaKYnvw,Azteca Noticias,2026-05-12T05:10:00+00:00,8.288761,887,2,107.012375,active
2026-05-20T12:05:48.986097+00:00,8Jj6mUBqhCc,UCcHtke0raf8vNYLM1Hbq3Jw,Imagen Noticias,2026-05-15T15:37:12+00:00,4.853206,592,2,121.981222,early
2026-05-20T12:05:48.986097+00:00,ud0Nd7iMVtw,UCcHtke0raf8vNYLM1Hbq3Jw,Imagen Noticias,2026-05-15T03:15:03+00:00,5.368588,13539,2,2521.892162,early
2026-05-20T12:05:48.986097+00:00,VUT2ln9cDic,UCcHtke0raf8vNYLM1Hbq3Jw,Imagen Noticias,2026-05-14T13:55:08+00:00,5.924085,1022,2,172.516093,early
2026-05-20T12:05:48.986097+00:00,-bgsQcoXRBE,UCcHtke0raf8vNYLM1Hbq3Jw,Imagen Noticias,2026-05-14T06:03:45+00:00,6.251435,1261,2,201.713687,early
2026-05-20T12:05:48.986097+00:00,qxnuKSh9mc0,UCcHtke0raf8vNYLM1Hbq3Jw,Imagen Noticias,2026-05-14T05:58:57+00:00,6.254768,206,2,32.934875,early
2026-05-20T12:05:48.986097+00:00,L5lolHclcI8,UCTJXx9onKH6g4cWHS9pLqsQ,El HuffPost,2026-05-13T07:46:24+00:00,7.18015,258,2,35.932397,active
2026-05-20T12:05:48.986097+00:00,7xwK-5FNxW0,UCiWLfSweyRNmLpgEHekhoAg,ESPN,2026-05-14T17:36:07+00:00,5.770625,8475,2,1468.645077,early
2026-05-20T12:05:48.986097+00:00,urFUurj_VrA,UCiWLfSweyRNmLpgEHekhoAg,ESPN,2026-05-14T12:50:17+00:00,5.96912,4894,2,819.886348,early
2026-05-20T12:05:48.986097+00:00,vtSY4n7tzIQ,UCiWLfSweyRNmLpgEHekhoAg,ESPN,2026-05-14T12:14:34+00:00,5.993923,8675,2,1447.299206,early
2026-05-20T12:05:48.986097+00:00,DvKkSQsxUSk,UCiWLfSweyRNmLpgEHekhoAg,ESPN,2026-05-14T03:59:35+00:00,6.337662,5479,2,864.51439,early
2026-05-20T12:05:48.986097+00:00,wSdHopQwG10,UCiWLfSweyRNmLpgEHekhoAg,ESPN,2026-05-14T02:56:35+00:00,6.381412,7652,2,1199.107658,early
2026-05-20T12:05:48.986097+00:00,AUWivYu_tUo,UC52X5wxOL_s5yw0dQk7NtgA,Associated Press,2026-05-11T09:45:01+00:00,9.097778,2414,2,265.339515,active
2026-05-20T12:05:48.986097+00:00,LXLv-d2hrfc,UCFxHplbcoJK9m70c4VyTIxg,MILENIO,2026-05-15T21:39:33+00:00,4.601574,1085,2,235.788884,early
2026-05-20T12:05:48.986097+00:00,aNMFpsLGNv0,UCFxHplbcoJK9m70c4VyTIxg,MILENIO,2026-05-15T21:03:32+00:00,4.626585,413,2,89.266705,early
2026-05-20T12:05:48.986097+00:00,hbT89XvVITM,UC-2hhqBG5Su7s91_HmhaODQ,Fox Deportes,2026-05-15T04:01:14+00:00,5.336516,5044,2,945.18596,early
2026-05-20T12:05:48.986097+00:00,qyWpQ_AYlpo,UC-2hhqBG5Su7s91_HmhaODQ,Fox Deportes,2026-05-14T07:42:13+00:00,6.183055,971,2,157.042109,early
2026-05-20T12:05:48.986097+00:00,V3f5WyYLuH0,UC-2hhqBG5Su7s91_HmhaODQ,Fox Deportes,2026-05-14T02:10:26+00:00,6.41346,2680,2,417.871165,early
2026-05-20T12:05:48.986097+00:00,QSe13hyv68o,UCl5-lvQyfILb-l2abPk4Ntg,Inteligencia Artificial,2026-04-24T12:02:26+00:00,26.002349,33894,1,1303.497619,active
2026-05-20T12:05:48.986097+00:00,qCFEWA_Nu3k,UCl5-lvQyfILb-l2abPk4Ntg,Inteligencia Artificial,2026-04-23T14:30:18+00:00,26.899664,25278,1,939.71434,active
2026-05-20T12:05:48.986097+00:00,mTqDtRTKvqE,UCl5-lvQyfILb-l2abPk4Ntg,Inteligencia Artificial,2026-04-22T14:45:26+00:00,27.889155,6451,1,231.30855,active
2026-05-20T12:05:48.986097+00:00,YldxYShWvGE,UCl5-lvQyfILb-l2abPk4Ntg,Inteligencia Artificial,2026-04-21T12:17:33+00:00,28.991852,7199,1,248.311146,active
2026-05-20T12:05:48.986097+00:00,9T90MfOpaZY,UCHMSzZaVrEjK35aYK3J7Htw,Pequeño Cerdo Capitalista,2026-04-26T22:01:50+00:00,23.586099,2167,1,91.876151,active
2026-05-20T12:05:48.986097+00:00,UkbeRKmr5kM,UCjSVqRtdOsxQDss_pJpp_Yg,COMPUESTOS Podcast,2026-04-23T00:30:22+00:00,27.482951,56363,1,2050.83508,active
2026-05-20T12:05:48.986097+00:00,vd8fb3noIgY,UCF0L4jd9LcSIxsj5gKITMqQ,Jaime Higuera,2026-04-27T21:55:00+00:00,22.590845,17042,1,754.376386,active
2026-05-20T12:05:48.986097+00:00,MdYM6kw372Q,UCF0L4jd9LcSIxsj5gKITMqQ,Jaime Higuera,2026-04-26T20:30:06+00:00,23.649803,17438,1,737.342294,active
2026-05-20T12:05:48.986097+00:00,uHx1N_qFfTw,UCF0L4jd9LcSIxsj5gKITMqQ,Jaime Higuera,2026-04-24T18:00:50+00:00,25.75346,2937,1,114.042929,active
2026-05-20T12:05:48.986097+00:00,YY3pLnSX1W4,UCF0L4jd9LcSIxsj5gKITMqQ,Jaime Higuera,2026-04-24T17:00:47+00:00,25.795162,3946,1,152.974422,active
2026-05-20T12:05:48.986097+00:00,PfdNPN9Jv6s,UCF0L4jd9LcSIxsj5gKITMqQ,Jaime Higuera,2026-04-24T14:30:19+00:00,25.899653,19316,1,745.801498,active
2026-05-20T12:05:48.986097+00:00,SxYWhC51qFo,UCF0L4jd9LcSIxsj5gKITMqQ,Jaime Higuera,2026-04-23T15:00:52+00:00,26.878437,8223,1,305.932968,active
2026-05-20T12:05:48.986097+00:00,SZLTZDoVcfA,UCF0L4jd9LcSIxsj5gKITMqQ,Jaime Higuera,2026-04-21T19:30:04+00:00,28.691493,3504,1,122.126792,active
2026-05-20T12:05:48.986097+00:00,m8mdQGF-Pmw,UCF0L4jd9LcSIxsj5gKITMqQ,Jaime Higuera,2026-04-21T10:01:19+00:00,29.086458,23114,1,794.665339,active
2026-05-20T12:05:48.986097+00:00,eoXIFY2GZTw,UCF0L4jd9LcSIxsj5gKITMqQ,Jaime Higuera,2026-04-21T08:01:09+00:00,29.169907,21702,1,743.985917,active
2026-05-20T12:05:48.986097+00:00,saLXbA_OCkE,UCiqJoWIT-vm-hJoXilFGiUQ,Inversión Inteligente - Alain Cortés,2026-04-27T02:00:00+00:00,23.420706,444,1,18.957584,active
2026-05-20T12:05:48.986097+00:00,MCnA_GAeAfg,UCiqJoWIT-vm-hJoXilFGiUQ,Inversión Inteligente - Alain Cortés,2026-04-26T23:30:00+00:00,23.524873,576,1,24.484723,active
2026-05-20T12:05:48.986097+00:00,kLhNERKdwd4,UCiqJoWIT-vm-hJoXilFGiUQ,Inversión Inteligente - Alain Cortés,2026-04-26T20:18:24+00:00,23.657928,956,1,40.409287,active
2026-05-20T12:05:48.986097+00:00,YNW_D7b60I4,UCiqJoWIT-vm-hJoXilFGiUQ,Inversión Inteligente - Alain Cortés,2026-04-25T03:00:00+00:00,25.379039,766,1,30.182388,active
2026-05-20T12:05:48.986097+00:00,MOpYEt-XfaU,UCiqJoWIT-vm-hJoXilFGiUQ,Inversión Inteligente - Alain Cortés,2026-04-24T23:00:00+00:00,25.545706,878,1,34.369768,active
2026-05-20T12:05:48.986097+00:00,sPHe-L95K0o,UCP7PV59jal4PobLeo5cSG_Q,Santiago Amat,2026-04-27T21:44:06+00:00,22.598414,1809,1,80.049865,active
2026-05-20T12:05:48.986097+00:00,sujVZ7316qo,UCyM-2pRapEv6V2q7UNO9icg,Emprende Aprendiendo,2026-04-22T16:30:24+00:00,27.816261,17652,1,634.592838,active
2026-05-20T12:05:48.986097+00:00,Um1DSnUqmko,UCl5-lvQyfILb-l2abPk4Ntg,Inteligencia Artificial,2026-04-28T12:14:40+00:00,21.993854,11681,1,531.102916,active
2026-05-20T12:05:48.986097+00:00,PQOKPfU-zIs,UCF0L4jd9LcSIxsj5gKITMqQ,Jaime Higuera,2026-04-28T21:30:10+00:00,21.60809,3911,1,180.997025,active
2026-05-20T12:05:48.986097+00:00,1t2Yd_bmg_k,UCF0L4jd9LcSIxsj5gKITMqQ,Jaime Higuera,2026-04-28T15:41:00+00:00,21.850567,9420,1,431.110094,active
2026-05-20T12:05:48.986097+00:00,HyWpbCUdCr8,UCl5-lvQyfILb-l2abPk4Ntg,Inteligencia Artificial,2026-04-29T10:07:25+00:00,21.082222,6275,1,297.644148,active
2026-05-20T12:05:48.986097+00:00,H_i8nh8uBco,UCl5-lvQyfILb-l2abPk4Ntg,Inteligencia Artificial,2026-04-29T15:58:29+00:00,20.838426,8647,1,414.954565,active
2026-05-20T12:05:48.986097+00:00,A83vXatD6sY,UCl5-lvQyfILb-l2abPk4Ntg,Inteligencia Artificial,2026-04-29T14:10:16+00:00,20.913576,11050,1,528.364924,active
2026-05-20T12:05:48.986097+00:00,KppJdbUvqp8,UCF0L4jd9LcSIxsj5gKITMqQ,Jaime Higuera,2026-04-30T11:00:27+00:00,20.045393,6352,1,316.880792,active
2026-05-20T12:05:48.986097+00:00,MnlZeYcfowk,UCF0L4jd9LcSIxsj5gKITMqQ,Jaime Higuera,2026-04-30T10:00:46+00:00,20.08684,3873,1,192.812807,active
2026-05-20T12:05:48.986097+00:00,DBWMP58IOcw,UCF0L4jd9LcSIxsj5gKITMqQ,Jaime Higuera,2026-04-29T18:35:57+00:00,20.729074,11867,1,572.480951,active
2026-05-20T12:05:48.986097+00:00,M_iusAv-K8Y,UCP7PV59jal4PobLeo5cSG_Q,Santiago Amat,2026-04-29T21:19:52+00:00,20.615243,1673,1,81.153543,active
2026-05-20T12:05:48.986097+00:00,k30WHO9_ppU,UCl5-lvQyfILb-l2abPk4Ntg,Inteligencia Artificial,2026-04-30T17:15:19+00:00,19.785069,7883,1,398.431767,active
2026-05-20T12:05:48.986097+00:00,eYZUzUEUsjo,UCF0L4jd9LcSIxsj5gKITMqQ,Jaime Higuera,2026-04-30T13:01:11+00:00,19.961551,2241,1,112.265825,active
2026-05-20T12:05:48.986097+00:00,zSPnVUpVwj8,UCF0L4jd9LcSIxsj5gKITMqQ,Jaime Higuera,2026-04-30T12:01:59+00:00,20.002662,1671,1,83.538881,active
2026-05-20T12:05:48.986097+00:00,ZgcrZ8qm0-w,UCiqJoWIT-vm-hJoXilFGiUQ,Inversión Inteligente - Alain Cortés,2026-04-30T16:30:00+00:00,19.816539,855,1,43.145778,active
2026-05-20T12:05:48.986097+00:00,Xcmg2noBQOw,UCF0L4jd9LcSIxsj5gKITMqQ,Jaime Higuera,2026-05-01T18:30:42+00:00,18.73272,2989,1,159.560384,active
2026-05-20T12:05:48.986097+00:00,dIwCndpKuSE,UCF0L4jd9LcSIxsj5gKITMqQ,Jaime Higuera,2026-05-03T08:00:43+00:00,17.170208,4560,1,265.576282,active
2026-05-20T12:05:48.986097+00:00,V2d9YyBmeUk,UCF0L4jd9LcSIxsj5gKITMqQ,Jaime Higuera,2026-05-02T14:01:52+00:00,17.91941,6643,1,370.71533,active
2026-05-20T12:05:48.986097+00:00,q8AEtTOo2ZU,UCF0L4jd9LcSIxsj5gKITMqQ,Jaime Higuera,2026-05-04T18:31:08+00:00,15.732419,5351,1,340.125698,active
2026-05-20T12:05:48.986097+00:00,X5_Q7FZ0Sik,UCF0L4jd9LcSIxsj5gKITMqQ,Jaime Higuera,2026-05-03T21:35:56+00:00,16.604085,3029,1,182.424988,active
2026-05-20T12:05:48.986097+00:00,8Cc0marf_vs,UCF0L4jd9LcSIxsj5gKITMqQ,Jaime Higuera,2026-05-03T20:38:04+00:00,16.644271,5843,1,351.051722,active
2026-05-20T12:05:48.986097+00:00,toJGQUZbdqc,UCF0L4jd9LcSIxsj5gKITMqQ,Jaime Higuera,2026-05-03T17:01:09+00:00,16.794907,12643,1,752.787735,active
2026-05-20T12:05:48.986097+00:00,PbH29W90aw4,UCl5-lvQyfILb-l2abPk4Ntg,Inteligencia Artificial,2026-05-05T12:52:48+00:00,14.967373,3795,1,253.551508,active
2026-05-20T12:05:48.986097+00:00,Q3JZcugU5zw,UCF0L4jd9LcSIxsj5gKITMqQ,Jaime Higuera,2026-05-05T19:00:18+00:00,14.712164,5005,1,340.194685,active
2026-05-20T12:05:48.986097+00:00,-lDwUYFl7Iw,UCF0L4jd9LcSIxsj5gKITMqQ,Jaime Higuera,2026-05-05T18:30:01+00:00,14.733194,7001,1,475.185489,active
2026-05-20T12:05:48.986097+00:00,7eJtgn-ZUCw,UCjSVqRtdOsxQDss_pJpp_Yg,COMPUESTOS Podcast,2026-05-06T02:00:05+00:00,14.420648,1324,1,91.812795,active
2026-05-20T12:05:48.986097+00:00,M0HtojL-OXQ,UCl5-lvQyfILb-l2abPk4Ntg,Inteligencia Artificial,2026-05-06T10:15:15+00:00,14.076782,6299,1,447.47443,active
2026-05-20T12:05:48.986097+00:00,rXhoGMAeoS8,UCl5-lvQyfILb-l2abPk4Ntg,Inteligencia Artificial,2026-05-06T16:02:32+00:00,13.835613,3524,1,254.705014,active
2026-05-20T12:05:48.986097+00:00,XAtcOrOAaIk,UCF0L4jd9LcSIxsj5gKITMqQ,Jaime Higuera,2026-05-06T18:00:36+00:00,13.753623,4114,1,299.121184,active
2026-05-20T12:05:48.986097+00:00,S3vzcn9ZhrA,UCl5-lvQyfILb-l2abPk4Ntg,Inteligencia Artificial,2026-05-07T12:32:47+00:00,12.981273,4401,1,339.026843,active
2026-05-20T12:05:48.986097+00:00,Y5aoOsl-r00,UCEK0oX3X2yK9y27khCsrNKg,Mis Propias Finanzas,2026-05-07T19:38:50+00:00,12.685405,2343,1,184.700449,active
2026-05-20T12:05:48.986097+00:00,H57K_ZTfLK4,UCF0L4jd9LcSIxsj5gKITMqQ,Jaime Higuera,2026-05-08T08:00:30+00:00,12.170359,4300,1,353.317433,active
2026-05-20T12:05:48.986097+00:00,1_D2legkGnM,UCF0L4jd9LcSIxsj5gKITMqQ,Jaime Higuera,2026-05-07T21:22:25+00:00,12.613472,2222,1,176.160854,active
2026-05-20T12:05:48.986097+00:00,8MYi3eXH9Hs,UCF0L4jd9LcSIxsj5gKITMqQ,Jaime Higuera,2026-05-07T21:19:18+00:00,12.615636,1690,1,133.960745,active
2026-05-20T12:05:48.986097+00:00,zBNTi3oggvA,UCF0L4jd9LcSIxsj5gKITMqQ,Jaime Higuera,2026-05-07T20:53:23+00:00,12.633634,1869,1,147.938432,active
2026-05-20T12:05:48.986097+00:00,GJXhgjQeChE,UCEK0oX3X2yK9y27khCsrNKg,Mis Propias Finanzas,2026-05-08T16:03:43+00:00,11.834792,2996,1,253.151893,active
2026-05-20T12:05:48.986097+00:00,WIPMzBbfEbk,UCF0L4jd9LcSIxsj5gKITMqQ,Jaime Higuera,2026-05-08T15:00:56+00:00,11.878391,5111,1,430.277131,active
2026-05-20T12:05:48.986097+00:00,RSQwihpACgQ,UCF0L4jd9LcSIxsj5gKITMqQ,Jaime Higuera,2026-05-08T12:00:50+00:00,12.00346,2188,1,182.280776,active
2026-05-20T12:05:48.986097+00:00,xVBsBrmoXa8,UCF0L4jd9LcSIxsj5gKITMqQ,Jaime Higuera,2026-05-08T11:01:49+00:00,12.044444,3684,1,305.86717,active
2026-05-20T12:05:48.986097+00:00,qOnJdoXR8c4,UCjSVqRtdOsxQDss_pJpp_Yg,COMPUESTOS Podcast,2026-05-10T02:00:57+00:00,10.420046,4227,1,405.660397,active
2026-05-20T12:05:48.986097+00:00,9ERKnW5WgOk,UCF0L4jd9LcSIxsj5gKITMqQ,Jaime Higuera,2026-05-09T18:00:14+00:00,10.753877,3713,1,345.270827,active
2026-05-20T12:05:48.986097+00:00,MLlYc5sy4X0,UCF0L4jd9LcSIxsj5gKITMqQ,Jaime Higuera,2026-05-11T14:13:14+00:00,8.911516,4058,1,455.365843,active
2026-05-20T12:05:48.986097+00:00,L5YeINe9GyM,UCnsvJeZO4RigQ898WdDNoBw,EL PAÍS,2026-05-13T10:48:54+00:00,7.053414,805,1,114.12913,active
2026-05-20T12:05:48.986097+00:00,THY-5u-N1Xs,UCGXbLrVe8vnkiFv7q2vYv3w,El Mundo,2026-05-15T19:54:43+00:00,4.674375,1312,1,280.679235,early
2026-05-20T12:05:48.986097+00:00,RBCI5EupDBA,UCGXbLrVe8vnkiFv7q2vYv3w,El Mundo,2026-05-15T11:14:10+00:00,5.035868,1184,1,235.113391,early
2026-05-20T12:05:48.986097+00:00,SW3U0NKgoYQ,UCGXbLrVe8vnkiFv7q2vYv3w,El Mundo,2026-05-14T08:37:24+00:00,6.144734,480,1,78.115668,early
2026-05-20T12:05:48.986097+00:00,DPwLESVHTc0,UCGXbLrVe8vnkiFv7q2vYv3w,El Mundo,2026-05-13T08:12:31+00:00,7.162014,342,1,47.751931,active
2026-05-20T12:05:48.986097+00:00,dD0q-ooW7dA,UCGXbLrVe8vnkiFv7q2vYv3w,El Mundo,2026-05-12T19:57:08+00:00,7.672697,308,1,40.142338,active
2026-05-20T12:05:48.986097+00:00,pWwGkBqT-x8,UCGXbLrVe8vnkiFv7q2vYv3w,El Mundo,2026-05-12T19:29:36+00:00,7.691817,1189,1,154.579861,active
2026-05-20T12:05:48.986097+00:00,sk2P6324VR0,UCGXbLrVe8vnkiFv7q2vYv3w,El Mundo,2026-05-12T12:50:12+00:00,7.969178,535,1,67.133649,active
2026-05-20T12:05:48.986097+00:00,b7BaruhXobY,UCGXbLrVe8vnkiFv7q2vYv3w,El Mundo,2026-05-12T09:47:01+00:00,8.096389,327,1,40.388376,active
2026-05-20T12:05:48.986097+00:00,jdxIDNiBJqc,UCGXbLrVe8vnkiFv7q2vYv3w,El Mundo,2026-05-11T18:39:04+00:00,8.72691,2163,1,247.854051,active
2026-05-20T12:05:48.986097+00:00,bHlQcTRy_AM,UCGXbLrVe8vnkiFv7q2vYv3w,El Mundo,2026-05-11T12:13:06+00:00,8.994942,435,1,48.360512,active
2026-05-20T12:05:48.986097+00:00,JcdhPgUvpnk,UClLLRs_mFTsNT5U-DqTYAGg,La Vanguardia,2026-05-14T08:02:03+00:00,6.169282,642,1,104.063974,early
2026-05-20T12:05:48.986097+00:00,_thCwvg7oio,UClLLRs_mFTsNT5U-DqTYAGg,La Vanguardia,2026-05-12T10:45:52+00:00,8.055521,1283,1,159.269649,active
2026-05-20T12:05:48.986097+00:00,MVhFWgeXYTc,UClLLRs_mFTsNT5U-DqTYAGg,La Vanguardia,2026-05-11T12:16:19+00:00,8.992708,463,1,51.48616,active
2026-05-20T12:05:48.986097+00:00,LSV9EcmOkO4,UCM-GvgUy0EAZU7ZwXKLarkg,López-Dóriga,2026-05-13T19:05:14+00:00,6.708738,6492,1,967.693179,early
2026-05-20T12:05:48.986097+00:00,EDCshlAZZUk,UCcHtke0raf8vNYLM1Hbq3Jw,Imagen Noticias,2026-05-15T06:09:19+00:00,5.247569,196,1,37.350628,early
2026-05-20T12:05:48.986097+00:00,wCgcYDxEFQk,UCcHtke0raf8vNYLM1Hbq3Jw,Imagen Noticias,2026-05-14T20:47:12+00:00,5.637928,214,1,37.957207,early
2026-05-20T12:05:48.986097+00:00,89cTjASoLOg,UCcHtke0raf8vNYLM1Hbq3Jw,Imagen Noticias,2026-05-14T14:03:00+00:00,5.918623,136,1,22.978318,early
2026-05-20T12:05:48.986097+00:00,PzTk0EVYNl0,UCpEhnqL0y41EpW2TvWAHD7Q,SET India,2026-05-15T17:30:14+00:00,4.77471,96,1,20.105933,early
2026-05-20T12:05:48.986097+00:00,SFDjZeaRj6M,UCiWLfSweyRNmLpgEHekhoAg,ESPN,2026-05-16T02:41:58+00:00,4.391562,18165,1,4136.341466,early
2026-05-20T12:05:48.986097+00:00,0N17PEwQ8nI,UCiWLfSweyRNmLpgEHekhoAg,ESPN,2026-05-15T17:57:28+00:00,4.755798,2051,1,431.26306,early
2026-05-20T12:05:48.986097+00:00,laxg_4g3bv8,UCiWLfSweyRNmLpgEHekhoAg,ESPN,2026-05-14T21:00:03+00:00,5.629004,3367,1,598.152,early
2026-05-20T12:05:48.986097+00:00,Sr3MkJg6B7Q,UCiWLfSweyRNmLpgEHekhoAg,ESPN,2026-05-14T15:30:15+00:00,5.858032,10322,1,1762.025199,early
2026-05-20T12:05:48.986097+00:00,pVMsS2uz0l0,UCiWLfSweyRNmLpgEHekhoAg,ESPN,2026-05-14T01:24:45+00:00,6.445185,10305,1,1598.867992,early
2026-05-20T12:05:48.986097+00:00,qPPyqW2-NOA,UCUXLlsi8mQeP0TvGbmSn8iw,Sopitas,2026-05-11T03:31:21+00:00,9.357268,5103,1,545.351485,active
2026-05-20T12:05:48.986097+00:00,Uh7U-VWG86c,UChqUTb7kYRX8-EiaN3XFrSQ,Reuters,2026-05-13T15:55:29+00:00,6.840509,7203,1,1052.991817,early
2026-05-20T12:05:48.986097+00:00,WDkQlFlvIeM,UC52X5wxOL_s5yw0dQk7NtgA,Associated Press,2026-05-12T18:45:40+00:00,7.722326,2359,1,305.477909,active
2026-05-20T12:05:48.986097+00:00,KIeUHIaEC0M,UC52X5wxOL_s5yw0dQk7NtgA,Associated Press,2026-05-11T18:56:54+00:00,8.714525,4012,1,460.380801,active
2026-05-20T12:05:48.986097+00:00,XhSmIEV5M0U,UC52X5wxOL_s5yw0dQk7NtgA,Associated Press,2026-05-11T16:43:18+00:00,8.807303,2276,1,258.421903,active
2026-05-20T12:05:48.986097+00:00,r9g4cbr68ns,UC-2hhqBG5Su7s91_HmhaODQ,Fox Deportes,2026-05-17T19:38:33+00:00,2.685602,105,1,39.097379,early
2026-05-20T12:05:48.986097+00:00,wsp0uYNCukM,UC-2hhqBG5Su7s91_HmhaODQ,Fox Deportes,2026-05-16T20:59:55+00:00,3.629097,15,1,4.13326,early
2026-05-20T12:05:48.986097+00:00,Z6jDIG39HRU,UC-2hhqBG5Su7s91_HmhaODQ,Fox Deportes,2026-05-16T20:54:28+00:00,3.632882,17,1,4.67948,early
2026-05-20T12:05:48.986097+00:00,kLP22KNhEIo,UC-2hhqBG5Su7s91_HmhaODQ,Fox Deportes,2026-05-16T19:15:13+00:00,3.701805,1067,1,288.237765,early
2026-05-20T12:05:48.986097+00:00,KXTy-8wbx0M,UC-2hhqBG5Su7s91_HmhaODQ,Fox Deportes,2026-05-16T19:13:34+00:00,3.702951,575,1,155.281558,early
2026-05-20T12:05:48.986097+00:00,PZ2yduZysf0,UCl5-lvQyfILb-l2abPk4Ntg,Inteligencia Artificial,2026-04-24T10:07:32+00:00,26.082141,5985,0,229.467359,active
2026-05-20T12:05:48.986097+00:00,Rdfd1KAX6NU,UCl5-lvQyfILb-l2abPk4Ntg,Inteligencia Artificial,2026-04-23T17:09:42+00:00,26.78897,7594,0,283.474878,active
2026-05-20T12:05:48.986097+00:00,aNfOwttNQcg,UCl5-lvQyfILb-l2abPk4Ntg,Inteligencia Artificial,2026-04-23T11:52:09+00:00,27.009491,4504,0,166.756197,active
2026-05-20T12:05:48.986097+00:00,Xq-4lUaLIp8,UCl5-lvQyfILb-l2abPk4Ntg,Inteligencia Artificial,2026-04-23T09:54:36+00:00,27.091123,7697,0,284.115206,active
2026-05-20T12:05:48.986097+00:00,lrl7lslhv2s,UCl5-lvQyfILb-l2abPk4Ntg,Inteligencia Artificial,2026-04-22T12:01:15+00:00,28.003171,8708,0,310.964783,active
2026-05-20T12:05:48.986097+00:00,Enic64S66_s,UCl5-lvQyfILb-l2abPk4Ntg,Inteligencia Artificial,2026-04-21T14:05:59+00:00,28.916551,6110,0,211.297675,active
2026-05-20T12:05:48.986097+00:00,nZlhHf8vSbU,UCF0L4jd9LcSIxsj5gKITMqQ,Jaime Higuera,2026-04-27T21:52:08+00:00,22.592835,9243,0,409.112004,active
2026-05-20T12:05:48.986097+00:00,qsJSGpOs5q4,UCF0L4jd9LcSIxsj5gKITMqQ,Jaime Higuera,2026-04-27T20:00:27+00:00,22.670393,14641,0,645.8203,active
2026-05-20T12:05:48.986097+00:00,Mxv60XerzG4,UCF0L4jd9LcSIxsj5gKITMqQ,Jaime Higuera,2026-04-27T19:30:02+00:00,22.691516,7449,0,328.27247,active
2026-05-20T12:05:48.986097+00:00,pVXm6lt1F7w,UCF0L4jd9LcSIxsj5gKITMqQ,Jaime Higuera,2026-04-27T19:00:43+00:00,22.711875,21310,0,938.275682,active
2026-05-20T12:05:48.986097+00:00,XzkJ2WrHR2c,UCF0L4jd9LcSIxsj5gKITMqQ,Jaime Higuera,2026-04-27T12:43:22+00:00,22.973923,19449,0,846.56852,active
2026-05-20T12:05:48.986097+00:00,PMX-urJB7uw,UCF0L4jd9LcSIxsj5gKITMqQ,Jaime Higuera,2026-04-26T21:00:20+00:00,23.628808,2775,0,117.441388,active
2026-05-20T12:05:48.986097+00:00,3QRWlCFdzyE,UCF0L4jd9LcSIxsj5gKITMqQ,Jaime Higuera,2026-04-26T20:00:02+00:00,23.670683,20862,0,881.34339,active
2026-05-20T12:05:48.986097+00:00,rXs8JlFIS-U,UCF0L4jd9LcSIxsj5gKITMqQ,Jaime Higuera,2026-04-26T19:00:43+00:00,23.711875,17989,0,758.649411,active
2026-05-20T12:05:48.986097+00:00,SK8tkpErsm8,UCF0L4jd9LcSIxsj5gKITMqQ,Jaime Higuera,2026-04-26T18:42:51+00:00,23.724282,22321,0,940.850391,active
2026-05-20T12:05:48.986097+00:00,03uRM4Uz5t8,UCF0L4jd9LcSIxsj5gKITMqQ,Jaime Higuera,2026-04-26T10:28:53+00:00,24.067315,20009,0,831.376495,active
2026-05-20T12:05:48.986097+00:00,rzqgWnJPamU,UCF0L4jd9LcSIxsj5gKITMqQ,Jaime Higuera,2026-04-26T10:01:14+00:00,24.086516,3007,0,124.841633,active
2026-05-20T12:05:48.986097+00:00,nLlqkXdlNsM,UCF0L4jd9LcSIxsj5gKITMqQ,Jaime Higuera,2026-04-26T09:00:54+00:00,24.128414,23691,0,981.871415,active
2026-05-20T12:05:48.986097+00:00,fIZkXHaOuvY,UCF0L4jd9LcSIxsj5gKITMqQ,Jaime Higuera,2026-04-26T08:00:41+00:00,24.170231,2574,0,106.494638,active
2026-05-20T12:05:48.986097+00:00,t3oZncJYgwE,UCF0L4jd9LcSIxsj5gKITMqQ,Jaime Higuera,2026-04-25T21:45:02+00:00,24.597766,3918,0,159.282758,active
2026-05-20T12:05:48.986097+00:00,h5Snd8uqih8,UCF0L4jd9LcSIxsj5gKITMqQ,Jaime Higuera,2026-04-25T21:15:02+00:00,24.618599,2822,0,114.628781,active
2026-05-20T12:05:48.986097+00:00,TlwFNKM1OyA,UCF0L4jd9LcSIxsj5gKITMqQ,Jaime Higuera,2026-04-25T20:43:34+00:00,24.640451,6297,0,255.555387,active
2026-05-20T12:05:48.986097+00:00,uOGqRV25LOc,UCF0L4jd9LcSIxsj5gKITMqQ,Jaime Higuera,2026-04-25T18:12:57+00:00,24.745046,2015,0,81.430441,active
2026-05-20T12:05:48.986097+00:00,FOyH5MIRyD4,UCF0L4jd9LcSIxsj5gKITMqQ,Jaime Higuera,2026-04-25T14:30:10+00:00,24.899757,18704,0,751.171989,active
2026-05-20T12:05:48.986097+00:00,Ux-bi7bqrUU,UCF0L4jd9LcSIxsj5gKITMqQ,Jaime Higuera,2026-04-25T13:30:36+00:00,24.941123,6511,0,261.054805,active
2026-05-20T12:05:48.986097+00:00,0xTKuxdSrRI,UCF0L4jd9LcSIxsj5gKITMqQ,Jaime Higuera,2026-04-25T12:49:04+00:00,24.969965,26833,0,1074.611038,active
2026-05-20T12:05:48.986097+00:00,SrN39dykl7A,UCF0L4jd9LcSIxsj5gKITMqQ,Jaime Higuera,2026-04-24T18:00:33+00:00,25.753657,3877,0,150.541727,active
2026-05-20T12:05:48.986097+00:00,qO9602XOIfY,UCF0L4jd9LcSIxsj5gKITMqQ,Jaime Higuera,2026-04-24T16:01:25+00:00,25.836389,16404,0,634.918448,active
2026-05-20T12:05:48.986097+00:00,WBBOTxvDook,UCF0L4jd9LcSIxsj5gKITMqQ,Jaime Higuera,2026-04-24T16:01:02+00:00,25.836655,3696,0,143.052574,active
2026-05-20T12:05:48.986097+00:00,weyrpnOTB-A,UCF0L4jd9LcSIxsj5gKITMqQ,Jaime Higuera,2026-04-24T15:30:38+00:00,25.857766,3823,0,147.847266,active
2026-05-20T12:05:48.986097+00:00,Jlw306k4Sv0,UCF0L4jd9LcSIxsj5gKITMqQ,Jaime Higuera,2026-04-24T15:00:28+00:00,25.878715,2241,0,86.596263,active
2026-05-20T12:05:48.986097+00:00,jKwIvjb9kgM,UCF0L4jd9LcSIxsj5gKITMqQ,Jaime Higuera,2026-04-24T14:01:15+00:00,25.919838,8314,0,320.758178,active
2026-05-20T12:05:48.986097+00:00,kyojR7HQsVs,UCF0L4jd9LcSIxsj5gKITMqQ,Jaime Higuera,2026-04-24T13:29:27+00:00,25.941921,4589,0,176.89515,active
2026-05-20T12:05:48.986097+00:00,ymxpml7CipE,UCF0L4jd9LcSIxsj5gKITMqQ,Jaime Higuera,2026-04-23T14:01:37+00:00,26.919583,5256,0,195.248195,active
2026-05-20T12:05:48.986097+00:00,LikC_lxkVEg,UCF0L4jd9LcSIxsj5gKITMqQ,Jaime Higuera,2026-04-23T13:00:44+00:00,26.961863,6127,0,227.246908,active
2026-05-20T12:05:48.986097+00:00,TCGbMJYgaYA,UCF0L4jd9LcSIxsj5gKITMqQ,Jaime Higuera,2026-04-23T12:00:52+00:00,27.003437,4778,0,176.940439,active
2026-05-20T12:05:48.986097+00:00,xSS2WTAglww,UCF0L4jd9LcSIxsj5gKITMqQ,Jaime Higuera,2026-04-23T11:01:25+00:00,27.044722,3030,0,112.036648,active
2026-05-20T12:05:48.986097+00:00,2Ylfj8r_-V8,UCF0L4jd9LcSIxsj5gKITMqQ,Jaime Higuera,2026-04-23T09:00:07+00:00,27.128958,9381,0,345.792861,active
2026-05-20T12:05:48.986097+00:00,3wJvtiigDcg,UCF0L4jd9LcSIxsj5gKITMqQ,Jaime Higuera,2026-04-23T08:00:07+00:00,27.170625,2655,0,97.715824,active
2026-05-20T12:05:48.986097+00:00,AWWSm291p7c,UCF0L4jd9LcSIxsj5gKITMqQ,Jaime Higuera,2026-04-22T18:00:15+00:00,27.753866,4822,0,173.741561,active
2026-05-20T12:05:48.986097+00:00,GQtuLY1Qs1Q,UCF0L4jd9LcSIxsj5gKITMqQ,Jaime Higuera,2026-04-22T17:00:20+00:00,27.795474,3707,0,133.367037,active
2026-05-20T12:05:48.986097+00:00,izQP0WI1i9A,UCF0L4jd9LcSIxsj5gKITMqQ,Jaime Higuera,2026-04-22T16:01:13+00:00,27.836528,4388,0,157.634602,active
2026-05-20T12:05:48.986097+00:00,hx45I5QyAFw,UCF0L4jd9LcSIxsj5gKITMqQ,Jaime Higuera,2026-04-22T15:01:23+00:00,27.878079,7331,0,262.966469,active
2026-05-20T12:05:48.986097+00:00,cRKwXRLqKQM,UCF0L4jd9LcSIxsj5gKITMqQ,Jaime Higuera,2026-04-22T14:30:23+00:00,27.899606,3390,0,121.507092,active
2026-05-20T12:05:48.986097+00:00,VsjETURd7No,UCF0L4jd9LcSIxsj5gKITMqQ,Jaime Higuera,2026-04-22T14:01:00+00:00,27.920011,1805,0,64.648972,active
2026-05-20T12:05:48.986097+00:00,vyUuhcDRcf4,UCF0L4jd9LcSIxsj5gKITMqQ,Jaime Higuera,2026-04-22T13:01:46+00:00,27.961146,10141,0,362.681844,active
2026-05-20T12:05:48.986097+00:00,9Ke8dmefEqo,UCF0L4jd9LcSIxsj5gKITMqQ,Jaime Higuera,2026-04-22T12:41:55+00:00,27.97493,8580,0,306.70318,active
2026-05-20T12:05:48.986097+00:00,50Esq3fgXzA,UCF0L4jd9LcSIxsj5gKITMqQ,Jaime Higuera,2026-04-21T21:30:01+00:00,28.608194,4061,0,141.952337,active
2026-05-20T12:05:48.986097+00:00,-rDMPyp2tvQ,UCF0L4jd9LcSIxsj5gKITMqQ,Jaime Higuera,2026-04-21T21:00:00+00:00,28.629039,5621,0,196.339109,active
2026-05-20T12:05:48.986097+00:00,vW1rzDI4KhM,UCF0L4jd9LcSIxsj5gKITMqQ,Jaime Higuera,2026-04-21T20:00:41+00:00,28.670231,3328,0,116.07859,active
2026-05-20T12:05:48.986097+00:00,5aR4agCS1OM,UCF0L4jd9LcSIxsj5gKITMqQ,Jaime Higuera,2026-04-21T19:00:11+00:00,28.712245,6401,0,222.936242,active
2026-05-20T12:05:48.986097+00:00,wm1qu3D9-ho,UCF0L4jd9LcSIxsj5gKITMqQ,Jaime Higuera,2026-04-21T09:01:18+00:00,29.128136,4138,0,142.061957,active
2026-05-20T12:05:48.986097+00:00,G1xuyxMOUNM,UCiqJoWIT-vm-hJoXilFGiUQ,Inversión Inteligente - Alain Cortés,2026-04-24T19:06:32+00:00,25.707835,1459,0,56.753126,active
2026-05-20T12:05:48.986097+00:00,sZoT8IoDJTU,UCiqJoWIT-vm-hJoXilFGiUQ,Inversión Inteligente - Alain Cortés,2026-04-23T17:00:00+00:00,26.795706,701,0,26.160908,active
2026-05-20T12:05:48.986097+00:00,wlOrP9Q1akA,UCiqJoWIT-vm-hJoXilFGiUQ,Inversión Inteligente - Alain Cortés,2026-04-23T15:30:42+00:00,26.85772,760,0,28.297264,active
2026-05-20T12:05:48.986097+00:00,wvJLjIR3nRI,UCiqJoWIT-vm-hJoXilFGiUQ,Inversión Inteligente - Alain Cortés,2026-04-22T17:00:00+00:00,27.795706,691,0,24.859955,active
2026-05-20T12:05:48.986097+00:00,nIrSjC_gsk8,UCiqJoWIT-vm-hJoXilFGiUQ,Inversión Inteligente - Alain Cortés,2026-04-22T01:00:00+00:00,28.462373,631,0,22.16962,active
2026-05-20T12:05:48.986097+00:00,y3HkZSayX2s,UC30ajuhy8cViP2DiM1QLjmg,98grados,2026-04-27T01:59:21+00:00,23.421157,16249,0,693.774437,active
2026-05-20T12:05:48.986097+00:00,vcL1MMmXeO8,UCyM-2pRapEv6V2q7UNO9icg,Emprende Aprendiendo,2026-04-21T19:31:47+00:00,28.690301,10666,0,371.763266,active
2026-05-20T12:05:48.986097+00:00,UWRxdKxuOb8,UCF0L4jd9LcSIxsj5gKITMqQ,Jaime Higuera,2026-04-28T08:00:27+00:00,22.170393,15774,0,711.489417,active
2026-05-20T12:05:48.986097+00:00,7A5KHuRU8BE,UCF0L4jd9LcSIxsj5gKITMqQ,Jaime Higuera,2026-04-28T21:00:06+00:00,21.62897,3442,0,159.138415,active
2026-05-20T12:05:48.986097+00:00,AMpe2jD0lZw,UCF0L4jd9LcSIxsj5gKITMqQ,Jaime Higuera,2026-04-28T20:30:01+00:00,21.649861,5833,0,269.424363,active
2026-05-20T12:05:48.986097+00:00,yawQxLw0K08,UCF0L4jd9LcSIxsj5gKITMqQ,Jaime Higuera,2026-04-28T20:00:43+00:00,21.670208,7233,0,333.776215,active
2026-05-20T12:05:48.986097+00:00,mT-7tbs7rVw,UCF0L4jd9LcSIxsj5gKITMqQ,Jaime Higuera,2026-04-28T19:45:01+00:00,21.681111,17772,0,819.699692,active
2026-05-20T12:05:48.986097+00:00,8mnzaIML2AM,UCF0L4jd9LcSIxsj5gKITMqQ,Jaime Higuera,2026-04-28T19:41:47+00:00,21.683356,2722,0,125.534073,active
2026-05-20T12:05:48.986097+00:00,XoY4BiK1WW8,UCF0L4jd9LcSIxsj5gKITMqQ,Jaime Higuera,2026-04-28T19:33:49+00:00,21.688889,5070,0,233.760245,active
2026-05-20T12:05:48.986097+00:00,hCNT8hK1T98,UCjSVqRtdOsxQDss_pJpp_Yg,COMPUESTOS Podcast,2026-04-29T02:00:41+00:00,21.420231,1228,0,57.32898,active
2026-05-20T12:05:48.986097+00:00,xAJcbx5h6wE,UCjSVqRtdOsxQDss_pJpp_Yg,COMPUESTOS Podcast,2026-04-29T00:01:05+00:00,21.503287,2893,0,134.537571,active
2026-05-20T12:05:48.986097+00:00,96k8OXI58Ko,UCF0L4jd9LcSIxsj5gKITMqQ,Jaime Higuera,2026-04-29T11:00:14+00:00,21.045544,2069,0,98.310597,active
2026-05-20T12:05:48.986097+00:00,FHeTJmwxo5s,UCF0L4jd9LcSIxsj5gKITMqQ,Jaime Higuera,2026-04-29T10:00:19+00:00,21.087153,1629,0,77.250827,active
2026-05-20T12:05:48.986097+00:00,Vd3Pkc0YGrM,UCF0L4jd9LcSIxsj5gKITMqQ,Jaime Higuera,2026-04-29T09:00:42+00:00,21.128553,9106,0,430.980768,active
2026-05-20T12:05:48.986097+00:00,_BhjwaNE8mc,UCF0L4jd9LcSIxsj5gKITMqQ,Jaime Higuera,2026-04-29T08:00:43+00:00,21.170208,7644,0,361.073448,active
2026-05-20T12:05:48.986097+00:00,j584RpaMrDg,UCl5-lvQyfILb-l2abPk4Ntg,Inteligencia Artificial,2026-04-30T10:18:39+00:00,20.074421,4541,0,226.208268,active
2026-05-20T12:05:48.986097+00:00,Q4zggacUY6E,UCEK0oX3X2yK9y27khCsrNKg,Mis Propias Finanzas,2026-04-29T23:00:23+00:00,20.54544,4047,0,196.978016,active
2026-05-20T12:05:48.986097+00:00,YfEz4a39qS0,UCEK0oX3X2yK9y27khCsrNKg,Mis Propias Finanzas,2026-04-29T15:00:53+00:00,20.878426,1476,0,70.694984,active
2026-05-20T12:05:48.986097+00:00,-OmU9HqUNZ0,UCjSVqRtdOsxQDss_pJpp_Yg,COMPUESTOS Podcast,2026-04-30T01:30:01+00:00,20.441528,1506,0,73.673553,active
2026-05-20T12:05:48.986097+00:00,LQd65ctML6o,UCF0L4jd9LcSIxsj5gKITMqQ,Jaime Higuera,2026-04-30T09:00:33+00:00,20.128657,5261,0,261.368655,active
2026-05-20T12:05:48.986097+00:00,QLnHGjCD-Vw,UCF0L4jd9LcSIxsj5gKITMqQ,Jaime Higuera,2026-04-30T08:00:23+00:00,20.17044,5256,0,260.579343,active
2026-05-20T12:05:48.986097+00:00,TOKUlItJpY4,UCF0L4jd9LcSIxsj5gKITMqQ,Jaime Higuera,2026-04-29T20:00:18+00:00,20.670498,7994,0,386.734756,active
2026-05-20T12:05:48.986097+00:00,Qf1PdYlk_9A,UCF0L4jd9LcSIxsj5gKITMqQ,Jaime Higuera,2026-04-29T18:00:24+00:00,20.753761,2911,0,140.263733,active
2026-05-20T12:05:48.986097+00:00,1c8cpHNlIb8,UCF0L4jd9LcSIxsj5gKITMqQ,Jaime Higuera,2026-04-29T14:00:02+00:00,20.920683,3854,0,184.219607,active
2026-05-20T12:05:48.986097+00:00,-ZL_mpjxaUo,UCF0L4jd9LcSIxsj5gKITMqQ,Jaime Higuera,2026-04-29T13:00:00+00:00,20.962373,5119,0,244.199452,active
2026-05-20T12:05:48.986097+00:00,Tu8OUN2WuyU,UCEK0oX3X2yK9y27khCsrNKg,Mis Propias Finanzas,2026-04-30T17:00:40+00:00,19.795243,1518,0,76.68509,active
2026-05-20T12:05:48.986097+00:00,FzdGk0ceLCA,UCjSVqRtdOsxQDss_pJpp_Yg,COMPUESTOS Podcast,2026-05-01T02:00:13+00:00,19.420555,1254,0,64.57076,active
2026-05-20T12:05:48.986097+00:00,yA-SufBCL7g,UCF0L4jd9LcSIxsj5gKITMqQ,Jaime Higuera,2026-05-01T08:00:59+00:00,19.170023,13344,0,696.086802,active
2026-05-20T12:05:48.986097+00:00,Wz8CxWdCHC0,UCF0L4jd9LcSIxsj5gKITMqQ,Jaime Higuera,2026-04-30T19:00:34+00:00,19.711979,9370,0,475.345474,active
2026-05-20T12:05:48.986097+00:00,Nz7vsR3_W3I,UCF0L4jd9LcSIxsj5gKITMqQ,Jaime Higuera,2026-04-30T18:00:32+00:00,19.753669,13899,0,703.616123,active
2026-05-20T12:05:48.986097+00:00,JTtyJPD0ZOw,UCF0L4jd9LcSIxsj5gKITMqQ,Jaime Higuera,2026-04-30T17:00:33+00:00,19.795324,14046,0,709.561511,active
2026-05-20T12:05:48.986097+00:00,mbtA5CBh5qk,UCP7PV59jal4PobLeo5cSG_Q,Santiago Amat,2026-05-01T00:24:30+00:00,19.487025,187,0,9.596129,active
2026-05-20T12:05:48.986097+00:00,Dic-fJdWqhY,UCjSVqRtdOsxQDss_pJpp_Yg,COMPUESTOS Podcast,2026-05-02T02:00:23+00:00,18.42044,431,0,23.397921,active
2026-05-20T12:05:48.986097+00:00,H5KmfCor3mc,UCjSVqRtdOsxQDss_pJpp_Yg,COMPUESTOS Podcast,2026-05-02T00:00:30+00:00,18.503692,275,0,14.861899,active
2026-05-20T12:05:48.986097+00:00,6dfxL42fP0c,UCF0L4jd9LcSIxsj5gKITMqQ,Jaime Higuera,2026-05-01T20:00:06+00:00,18.670636,1862,0,99.728793,active
2026-05-20T12:05:48.986097+00:00,hE1O48iNhBw,UCF0L4jd9LcSIxsj5gKITMqQ,Jaime Higuera,2026-05-01T19:30:18+00:00,18.691331,3703,0,198.113232,active
2026-05-20T12:05:48.986097+00:00,tA9L9aV6gXY,UCF0L4jd9LcSIxsj5gKITMqQ,Jaime Higuera,2026-05-01T17:01:13+00:00,18.794861,2909,0,154.776351,active
2026-05-20T12:05:48.986097+00:00,WFOEVVlOH8s,UCjSVqRtdOsxQDss_pJpp_Yg,COMPUESTOS Podcast,2026-05-03T02:00:35+00:00,17.420301,434,0,24.913462,active
2026-05-20T12:05:48.986097+00:00,f0ukpT07u2c,UCF0L4jd9LcSIxsj5gKITMqQ,Jaime Higuera,2026-05-02T21:45:02+00:00,17.597766,14809,0,841.527271,active
2026-05-20T12:05:48.986097+00:00,Xshu2lM5PZE,UCF0L4jd9LcSIxsj5gKITMqQ,Jaime Higuera,2026-05-02T21:20:01+00:00,17.615139,5899,0,334.882399,active
2026-05-20T12:05:48.986097+00:00,WynveK8qJx4,UCF0L4jd9LcSIxsj5gKITMqQ,Jaime Higuera,2026-05-02T21:15:03+00:00,17.618588,3082,0,174.928888,active
2026-05-20T12:05:48.986097+00:00,iPg5fXvAqqo,UCF0L4jd9LcSIxsj5gKITMqQ,Jaime Higuera,2026-05-02T21:00:43+00:00,17.628542,9062,0,514.052722,active
2026-05-20T12:05:48.986097+00:00,N9drBPpPZFI,UCF0L4jd9LcSIxsj5gKITMqQ,Jaime Higuera,2026-05-02T20:45:00+00:00,17.639456,4814,0,272.910911,active
2026-05-20T12:05:48.986097+00:00,IZNeoCSdcfY,UCEK0oX3X2yK9y27khCsrNKg,Mis Propias Finanzas,2026-05-04T17:08:57+00:00,15.789491,2261,0,143.19651,active
2026-05-20T12:05:48.986097+00:00,AnhXe6C7RcY,UCjSVqRtdOsxQDss_pJpp_Yg,COMPUESTOS Podcast,2026-05-04T00:00:10+00:00,16.503923,859,0,52.048231,active
2026-05-20T12:05:48.986097+00:00,PDQ3laPc--4,UCF0L4jd9LcSIxsj5gKITMqQ,Jaime Higuera,2026-05-04T13:30:26+00:00,15.941238,10891,0,683.196625,active
2026-05-20T12:05:48.986097+00:00,sebAi3RkL4o,UCF0L4jd9LcSIxsj5gKITMqQ,Jaime Higuera,2026-05-03T21:50:00+00:00,16.594317,6660,0,401.342219,active
2026-05-20T12:05:48.986097+00:00,2NMgx26Y-Bk,UCF0L4jd9LcSIxsj5gKITMqQ,Jaime Higuera,2026-05-03T21:45:00+00:00,16.597789,3553,0,214.064656,active
2026-05-20T12:05:48.986097+00:00,GKCz_gBPkvI,UCF0L4jd9LcSIxsj5gKITMqQ,Jaime Higuera,2026-05-03T18:08:27+00:00,16.748171,4418,0,263.789998,active
2026-05-20T12:05:48.986097+00:00,q4PUKnyy3QQ,UCF0L4jd9LcSIxsj5gKITMqQ,Jaime Higuera,2026-05-03T16:01:19+00:00,16.836458,6659,0,395.510742,active
2026-05-20T12:05:48.986097+00:00,Hpl10gpuOGw,UCF0L4jd9LcSIxsj5gKITMqQ,Jaime Higuera,2026-05-03T15:18:15+00:00,16.866366,30127,0,1786.217612,active
2026-05-20T12:05:48.986097+00:00,39rirHnSBZ4,UCiqJoWIT-vm-hJoXilFGiUQ,Inversión Inteligente - Alain Cortés,2026-05-04T02:00:00+00:00,16.420706,415,0,25.272969,active
2026-05-20T12:05:48.986097+00:00,bbv1p_j1P8Y,UCiqJoWIT-vm-hJoXilFGiUQ,Inversión Inteligente - Alain Cortés,2026-05-04T00:05:13+00:00,16.500417,883,0,53.513799,active
2026-05-20T12:05:48.986097+00:00,fxb9BMISN54,UCF0L4jd9LcSIxsj5gKITMqQ,Jaime Higuera,2026-05-04T21:30:06+00:00,15.608136,3586,0,229.75197,active
2026-05-20T12:05:48.986097+00:00,rn0fCmYeDaI,UCF0L4jd9LcSIxsj5gKITMqQ,Jaime Higuera,2026-05-04T21:00:54+00:00,15.628414,4137,0,264.710162,active
2026-05-20T12:05:48.986097+00:00,ZjnjH_SaHyo,UCF0L4jd9LcSIxsj5gKITMqQ,Jaime Higuera,2026-05-04T20:22:49+00:00,15.654861,895,0,57.170741,active
2026-05-20T12:05:48.986097+00:00,gZ3EniqK8Qc,UCF0L4jd9LcSIxsj5gKITMqQ,Jaime Higuera,2026-05-04T20:00:27+00:00,15.670393,4590,0,292.909055,active
2026-05-20T12:05:48.986097+00:00,7jg0cSWJpCA,UCF0L4jd9LcSIxsj5gKITMqQ,Jaime Higuera,2026-05-04T19:00:12+00:00,15.712234,2968,0,188.89739,active
2026-05-20T12:05:48.986097+00:00,Rpw1_eKZCEA,UCP7PV59jal4PobLeo5cSG_Q,Santiago Amat,2026-05-04T22:26:29+00:00,15.568981,1970,0,126.53365,active
2026-05-20T12:05:48.986097+00:00,xIE99iYdH_o,UCF0L4jd9LcSIxsj5gKITMqQ,Jaime Higuera,2026-05-05T21:01:05+00:00,14.628287,2920,0,199.613256,active
2026-05-20T12:05:48.986097+00:00,yRy6KDl2xWo,UCF0L4jd9LcSIxsj5gKITMqQ,Jaime Higuera,2026-05-05T17:45:00+00:00,14.764456,2976,0,201.565164,active
2026-05-20T12:05:48.986097+00:00,Gs0INaKmzzQ,UCF0L4jd9LcSIxsj5gKITMqQ,Jaime Higuera,2026-05-05T16:51:11+00:00,14.801829,9189,0,620.801659,active
2026-05-20T12:05:48.986097+00:00,RtMUcQbG1_o,UCF0L4jd9LcSIxsj5gKITMqQ,Jaime Higuera,2026-05-06T21:39:53+00:00,13.601342,5083,0,373.713123,active
2026-05-20T12:05:48.986097+00:00,1THq9IwaDm0,UCF0L4jd9LcSIxsj5gKITMqQ,Jaime Higuera,2026-05-06T16:30:01+00:00,13.816528,6474,0,468.569238,active
2026-05-20T12:05:48.986097+00:00,wvdEIXEsnNg,UCF0L4jd9LcSIxsj5gKITMqQ,Jaime Higuera,2026-05-06T16:01:40+00:00,13.836215,3867,0,279.483948,active
2026-05-20T12:05:48.986097+00:00,c7jDKJkIuZ8,UCjSVqRtdOsxQDss_pJpp_Yg,COMPUESTOS Podcast,2026-05-08T02:00:38+00:00,12.420266,1470,0,118.354953,active
2026-05-20T12:05:48.986097+00:00,HWAFdvN-agY,UCF0L4jd9LcSIxsj5gKITMqQ,Jaime Higuera,2026-05-07T19:00:27+00:00,12.71206,5994,0,471.520745,active
2026-05-20T12:05:48.986097+00:00,FzAYUea4vE8,UCEK0oX3X2yK9y27khCsrNKg,Mis Propias Finanzas,2026-05-08T23:03:19+00:00,11.543403,2639,0,228.615426,active
2026-05-20T12:05:48.986097+00:00,7YTMLEzOyD0,UCjSVqRtdOsxQDss_pJpp_Yg,COMPUESTOS Podcast,2026-05-09T00:00:07+00:00,11.503958,2618,0,227.573849,active
2026-05-20T12:05:48.986097+00:00,rMiiE5QmEb0,UCF0L4jd9LcSIxsj5gKITMqQ,Jaime Higuera,2026-05-08T18:01:00+00:00,11.753345,5465,0,464.974014,active
2026-05-20T12:05:48.986097+00:00,cQtG3e89OlU,UCF0L4jd9LcSIxsj5gKITMqQ,Jaime Higuera,2026-05-08T14:01:08+00:00,11.919919,2824,0,236.914362,active
2026-05-20T12:05:48.986097+00:00,6tpnQGLgPwo,UCF0L4jd9LcSIxsj5gKITMqQ,Jaime Higuera,2026-05-09T13:00:11+00:00,10.962245,4870,0,444.252067,active
2026-05-20T12:05:48.986097+00:00,W_BW933bNH0,UCwd8Byi93KbnsYmCcKLExvQ,Negocios TV,2026-05-14T10:46:26+00:00,6.055127,2354,0,388.761458,early
2026-05-20T12:05:48.986097+00:00,5apB-uRImJI,UCLXRGxAzeaLDGaOphqapzmg,codigofacilito,2026-05-11T15:02:39+00:00,8.877199,1650,0,185.869439,active
2026-05-20T12:05:48.986097+00:00,FlZbnFRO7z4,UCGXbLrVe8vnkiFv7q2vYv3w,El Mundo,2026-05-14T13:47:05+00:00,5.929676,942,0,158.861968,early
2026-05-20T12:05:48.986097+00:00,GTACbClgvjI,UCGXbLrVe8vnkiFv7q2vYv3w,El Mundo,2026-05-14T12:26:58+00:00,5.985312,733,0,122.466465,early
2026-05-20T12:05:48.986097+00:00,kcAPMX2U-8s,UCGXbLrVe8vnkiFv7q2vYv3w,El Mundo,2026-05-14T12:08:17+00:00,5.998287,570,0,95.02713,early
2026-05-20T12:05:48.986097+00:00,2LzkyImsuiM,UCGXbLrVe8vnkiFv7q2vYv3w,El Mundo,2026-05-14T07:17:05+00:00,6.200509,876,0,141.278724,early
2026-05-20T12:05:48.986097+00:00,COLSDFlo69U,UCGXbLrVe8vnkiFv7q2vYv3w,El Mundo,2026-05-13T15:10:11+00:00,6.871967,552,0,80.326346,early
2026-05-20T12:05:48.986097+00:00,LdB2-Uwapao,UCGXbLrVe8vnkiFv7q2vYv3w,El Mundo,2026-05-12T11:19:39+00:00,8.03206,1705,0,212.274311,active
2026-05-20T12:05:48.986097+00:00,dCO3MV1moxo,UCGXbLrVe8vnkiFv7q2vYv3w,El Mundo,2026-05-12T11:15:53+00:00,8.034676,2538,0,315.880815,active
2026-05-20T12:05:48.986097+00:00,TavDgs-8bZY,UCGXbLrVe8vnkiFv7q2vYv3w,El Mundo,2026-05-12T10:25:09+00:00,8.069907,512,0,63.445589,active
2026-05-20T12:05:48.986097+00:00,E4SuYWRSYS0,UCGXbLrVe8vnkiFv7q2vYv3w,El Mundo,2026-05-11T12:57:30+00:00,8.964109,1505,0,167.891756,active
2026-05-20T12:05:48.986097+00:00,khke8xMqTHc,UCGXbLrVe8vnkiFv7q2vYv3w,El Mundo,2026-05-11T10:30:42+00:00,9.066053,818,0,90.226695,active
2026-05-20T12:05:48.986097+00:00,PW1AE0o0nvM,UCGXbLrVe8vnkiFv7q2vYv3w,El Mundo,2026-05-11T09:38:43+00:00,9.102153,1540,0,169.19074,active
2026-05-20T12:05:48.986097+00:00,WeoSrycUJUg,UClLLRs_mFTsNT5U-DqTYAGg,La Vanguardia,2026-05-15T18:00:38+00:00,4.753599,1034,0,217.5194,early
2026-05-20T12:05:48.986097+00:00,H5-ij5dkaJw,UClLLRs_mFTsNT5U-DqTYAGg,La Vanguardia,2026-05-12T14:01:42+00:00,7.919525,4691,0,592.333505,active
2026-05-20T12:05:48.986097+00:00,KTvwS7msr2k,UClLLRs_mFTsNT5U-DqTYAGg,La Vanguardia,2026-05-11T11:46:50+00:00,9.013183,1301,0,144.344123,active
2026-05-20T12:05:48.986097+00:00,9T0LVXP4go8,UClLLRs_mFTsNT5U-DqTYAGg,La Vanguardia,2026-05-11T07:18:28+00:00,9.199548,959,0,104.244252,active
2026-05-20T12:05:48.986097+00:00,DLSdfPN1XHM,UCUP6qv-_EIL0hwTsJaKYnvw,Azteca Noticias,2026-05-13T05:31:00+00:00,7.274178,1038,0,142.696536,active
2026-05-20T12:05:48.986097+00:00,yA0TUikaLLI,UCcHtke0raf8vNYLM1Hbq3Jw,Imagen Noticias,2026-05-14T21:12:25+00:00,5.620417,95,0,16.90266,early
2026-05-20T12:05:48.986097+00:00,0NK83W7rzXo,UCcHtke0raf8vNYLM1Hbq3Jw,Imagen Noticias,2026-05-14T12:58:57+00:00,5.963102,658,0,110.345253,early
2026-05-20T12:05:48.986097+00:00,k9SHMC1OVsw,UCcHtke0raf8vNYLM1Hbq3Jw,Imagen Noticias,2026-05-14T06:03:33+00:00,6.251574,754,0,120.609626,early
2026-05-20T12:05:48.986097+00:00,BplcS4Yz0vM,UCpEhnqL0y41EpW2TvWAHD7Q,SET India,2026-05-13T17:30:05+00:00,6.774815,27,0,3.985349,early
2026-05-20T12:05:48.986097+00:00,4Q6LVRAHgIA,UCiWLfSweyRNmLpgEHekhoAg,ESPN,2026-05-15T23:55:58+00:00,4.50684,11376,0,2524.163272,early
2026-05-20T12:05:48.986097+00:00,kc3l-FDZA3w,UCiWLfSweyRNmLpgEHekhoAg,ESPN,2026-05-14T01:06:53+00:00,6.457592,21655,0,3353.417187,early
2026-05-20T12:05:48.986097+00:00,Ly3YFubR4KE,UCiWLfSweyRNmLpgEHekhoAg,ESPN,2026-05-13T14:29:36+00:00,6.90015,21977,0,3185.003225,early
2026-05-20T12:05:48.986097+00:00,H_6eyzl4NpU,UCFxHplbcoJK9m70c4VyTIxg,MILENIO,2026-05-14T05:47:58+00:00,6.262396,3180,0,507.792864,early
2026-05-20T12:05:48.986097+00:00,8K7sH53jh_8,UC-2hhqBG5Su7s91_HmhaODQ,Fox Deportes,2026-05-16T21:25:18+00:00,3.61147,698,0,193.273099,early
2026-05-20T12:05:48.986097+00:00,mQnGPK2e8es,UC-2hhqBG5Su7s91_HmhaODQ,Fox Deportes,2026-05-15T00:53:08+00:00,5.467141,1114,0,203.762808,early
2026-05-20T12:05:48.986097+00:00,3FiHo7eiV_8,UC-2hhqBG5Su7s91_HmhaODQ,Fox Deportes,2026-05-14T07:52:07+00:00,6.17618,1931,0,312.652805,early
2026-05-20T12:05:48.986097+00:00,1a1Rx2rgSzg,UC-2hhqBG5Su7s91_HmhaODQ,Fox Deportes,2026-05-14T07:35:45+00:00,6.187546,2586,0,417.936287,early
2026-05-20T12:05:48.986097+00:00,wUdmcQz2L4c,UC-2hhqBG5Su7s91_HmhaODQ,Fox Deportes,2026-05-13T02:54:09+00:00,7.383102,5419,0,733.973335,active
2026-05-20T12:05:48.986097+00:00,e1iAiRyFaN0,UC-2hhqBG5Su7s91_HmhaODQ,Fox Deportes,2026-05-19T00:03:29+00:00,1.50162,7,0,4.661632,early
2026-05-20T12:05:48.986097+00:00,I8UanrwBjGc,UCEK0oX3X2yK9y27khCsrNKg,Mis Propias Finanzas,2026-05-14T17:04:47+00:00,5.792384,2102,-1,362.890306,early
2026-05-20T12:05:48.986097+00:00,F8y9J_dWKfE,UCnsvJeZO4RigQ898WdDNoBw,EL PAÍS,2026-05-11T19:34:00+00:00,8.688761,1715,-1,197.381422,active
2026-05-20T12:05:48.986097+00:00,-wBZ2TAj1-4,UCGXbLrVe8vnkiFv7q2vYv3w,El Mundo,2026-05-11T19:58:31+00:00,8.671736,2483,-1,286.332518,active
2026-05-20T12:05:48.986097+00:00,aqqNlj0F2Qg,UClLLRs_mFTsNT5U-DqTYAGg,La Vanguardia,2026-05-12T15:17:22+00:00,7.866979,2599,-1,330.368239,active
2026-05-20T12:05:48.986097+00:00,SjjHMSS04P4,UC52X5wxOL_s5yw0dQk7NtgA,Associated Press,2026-05-12T04:00:16+00:00,8.337187,5798,-1,695.438401,active
2026-05-20T12:05:48.986097+00:00,tFPMlo9cfFc,UCtwslQPB_xJfaFuZv0OETNw,Kings League Spain,2026-05-12T09:29:19+00:00,8.10868,4209,-1,519.073388,active
2026-05-20T12:05:48.986097+00:00,BXVUV2PN6RQ,UC-2hhqBG5Su7s91_HmhaODQ,Fox Deportes,2026-05-16T19:14:58+00:00,3.701979,938,-1,253.377991,early
2026-05-20T12:05:48.986097+00:00,R5j8YJSjjdY,UC-2hhqBG5Su7s91_HmhaODQ,Fox Deportes,2026-05-13T06:02:19+00:00,7.25243,8000,-1,1103.078554,active
2026-05-20T12:05:48.986097+00:00,g7CzepMTUNY,UCEK0oX3X2yK9y27khCsrNKg,Mis Propias Finanzas,2026-05-20T01:02:52+00:00,0.460382,583,,1266.339692,first_24h
2026-05-20T12:05:48.986097+00:00,d9Cqrij45pE,UCEK0oX3X2yK9y27khCsrNKg,Mis Propias Finanzas,2026-05-19T17:04:55+00:00,0.792292,862,,1087.982713,first_24h
2026-05-20T12:05:48.986097+00:00,XYrOhOy6NTc,UCEK0oX3X2yK9y27khCsrNKg,Mis Propias Finanzas,2026-05-19T13:53:46+00:00,0.925035,1850,,1999.924327,first_24h
2026-05-20T12:05:48.986097+00:00,wg_iBTJqnN4,UCUyDOdBWhC1MCxEjC46d-zw,Alex Hormozi,2026-05-20T11:00:15+00:00,0.045532,3675,,80712.465958,first_24h
2026-05-20T12:05:48.986097+00:00,xOXFtW9xoyg,UCUyDOdBWhC1MCxEjC46d-zw,Alex Hormozi,2026-05-20T09:00:22+00:00,0.128785,4320,,33544.279225,first_24h
2026-05-20T12:05:48.986097+00:00,hyuMg31N8os,UCUyDOdBWhC1MCxEjC46d-zw,Alex Hormozi,2026-05-20T07:00:27+00:00,0.21206,8446,,39828.350467,first_24h
2026-05-20T12:05:48.986097+00:00,M0SiWHpNAkk,UCUyDOdBWhC1MCxEjC46d-zw,Alex Hormozi,2026-05-20T03:00:01+00:00,0.379028,9584,,25285.730869,first_24h
2026-05-20T12:05:48.986097+00:00,zxEWaoEnbX8,UCUyDOdBWhC1MCxEjC46d-zw,Alex Hormozi,2026-05-19T15:03:36+00:00,0.876539,35798,,40840.167979,first_24h
2026-05-20T12:05:48.986097+00:00,sUyOBppOtDs,UCLe_q9axMaeTbjN0hy1Z9xA,Caleb Hammer,2026-05-19T22:00:46+00:00,0.58684,192465,,327968.441142,first_24h
2026-05-20T12:05:48.986097+00:00,ZgdhopnS9kA,UCLe_q9axMaeTbjN0hy1Z9xA,Caleb Hammer,2026-05-19T19:00:21+00:00,0.712129,785234,,1102656.962432,first_24h
2026-05-20T12:05:48.986097+00:00,l56DS4rIoi0,UCLe_q9axMaeTbjN0hy1Z9xA,Caleb Hammer,2026-05-19T16:00:59+00:00,0.83669,613297,,733003.86045,first_24h
2026-05-20T12:05:48.986097+00:00,fd3dQSp_3Lc,UCF0L4jd9LcSIxsj5gKITMqQ,Jaime Higuera,2026-05-20T08:00:28+00:00,0.170382,905,,5311.593948,first_24h
2026-05-20T12:05:48.986097+00:00,SsyeiSnP8MI,UCF0L4jd9LcSIxsj5gKITMqQ,Jaime Higuera,2026-05-19T19:00:30+00:00,0.712025,2041,,2866.472385,first_24h
2026-05-20T12:05:48.986097+00:00,VZCBqAcYN00,UCF0L4jd9LcSIxsj5gKITMqQ,Jaime Higuera,2026-05-19T18:00:22+00:00,0.753785,3005,,3986.547888,first_24h
2026-05-20T12:05:48.986097+00:00,yk4BBR6QJas,UCF0L4jd9LcSIxsj5gKITMqQ,Jaime Higuera,2026-05-19T17:01:10+00:00,0.794896,4737,,5959.270144,first_24h
2026-05-20T12:05:48.986097+00:00,D1RCcaOGqac,UCF0L4jd9LcSIxsj5gKITMqQ,Jaime Higuera,2026-05-19T15:00:16+00:00,0.878854,2610,,2969.77655,first_24h
2026-05-20T12:05:48.986097+00:00,nQfoeRwjZ8c,UCF0L4jd9LcSIxsj5gKITMqQ,Jaime Higuera,2026-05-19T14:00:53+00:00,0.920092,4500,,4890.815266,first_24h
2026-05-20T12:05:48.986097+00:00,1IlrOiuHTIg,UCF0L4jd9LcSIxsj5gKITMqQ,Jaime Higuera,2026-05-19T13:00:02+00:00,0.962349,9395,,9762.570544,first_24h
2026-05-20T12:05:48.986097+00:00,vRWbZCjbwvg,UCF0L4jd9LcSIxsj5gKITMqQ,Jaime Higuera,2026-05-19T12:26:31+00:00,0.985625,4990,,5062.777425,first_24h
2026-05-20T12:05:48.986097+00:00,clTCIunafB4,UCl5-lvQyfILb-l2abPk4Ntg,Inteligencia Artificial,2026-05-20T09:53:03+00:00,0.092199,378,,4099.827547,first_24h
2026-05-20T12:05:48.986097+00:00,l0Mo8qX0Dyc,UCl5-lvQyfILb-l2abPk4Ntg,Inteligencia Artificial,2026-05-19T16:08:48+00:00,0.831261,3902,,4694.073221,first_24h
2026-05-20T12:05:48.986097+00:00,glIMtzxqC6I,UCl5-lvQyfILb-l2abPk4Ntg,Inteligencia Artificial,2026-05-19T14:05:10+00:00,0.917118,2421,,2639.791172,first_24h
2026-05-20T12:05:48.986097+00:00,inH32cSLEOQ,UCl5-lvQyfILb-l2abPk4Ntg,Inteligencia Artificial,2026-05-19T12:38:50+00:00,0.977072,1764,,1805.394075,first_24h
2026-05-20T12:05:48.986097+00:00,ImKo5rVlFfI,UC36xmz34q02JYaZYKrMwXng,Nate Gentile,2026-05-20T08:03:41+00:00,0.168148,89389,,531609.058686,first_24h
2026-05-20T12:05:48.986097+00:00,QWnO7Lfic2M,UC36xmz34q02JYaZYKrMwXng,Nate Gentile,2026-05-19T18:26:54+00:00,0.735359,56485,,76812.822037,first_24h
2026-05-20T12:05:48.986097+00:00,0jsaz5KsYIg,UCWn_0MmgojB711LFX-jaCDQ,El Rincón Del Dev,2026-05-19T15:56:42+00:00,0.839664,1469,,1749.509328,first_24h
2026-05-20T12:05:48.986097+00:00,vYp1Gn5-VqE,UC52hytXteCKmuOzMViTK8_w,CdeCiencia,2026-05-19T20:02:48+00:00,0.668761,516878,,772888.969303,first_24h
2026-05-20T12:05:48.986097+00:00,gSkkZFzUsBU,UCaVPhFg-Ax873wvhbNitsrQ,El Robot de Platón,2026-05-19T23:10:07+00:00,0.53868,18238,,33856.835227,first_24h
2026-05-20T12:05:48.986097+00:00,VFdyFPbLHpk,UC415bOPUcGSamy543abLmRA,Cleo Abram,2026-05-19T14:22:16+00:00,0.905243,924780,,1021582.050344,first_24h
2026-05-20T12:05:48.986097+00:00,ms2TUal9xmI,UC52kszkc08-acFOuogFl5jw,Tibees,2026-05-20T11:15:42+00:00,0.034803,846,,20304,first_24h
2026-05-20T12:05:48.986097+00:00,T1veaFx5yjE,UCQHX6ViZmPsWiYSFAyS0a3Q,GothamChess,2026-05-20T12:01:26+00:00,0.003044,2609,,62616,first_24h
2026-05-20T12:05:48.986097+00:00,3lb8-UX829U,UCwd_qoS94df5orGoPLPnsxQ,Franco Pisso,2026-05-19T13:30:02+00:00,0.941516,21364,,22691.064199,first_24h
2026-05-20T12:05:48.986097+00:00,8es7KWe4g7E,UCM55RjebjSevVWPnj2LEymw,viyaura,2026-05-19T14:39:23+00:00,0.893356,41394,,46335.39149,first_24h
2026-05-20T12:05:48.986097+00:00,akqLWdf8nVc,UCPdaxSov0mgwh77JvjQO2jQ,Man Carrying Thing,2026-05-19T18:04:45+00:00,0.750741,102975,,137164.481492,first_24h
2026-05-20T12:05:48.986097+00:00,TUUUOn3X7yQ,UC9mrBfjgyOsqJ0J-zw7kZLQ,Atherion,2026-05-20T02:52:49+00:00,0.384028,1228,,3197.683502,first_24h
2026-05-20T12:05:48.986097+00:00,3G-gcv0L-q0,UCoOae5nYA7VqaXzerajD0lg,Ali Abdaal,2026-05-20T10:00:03+00:00,0.087338,1544,,17678.444663,first_24h
2026-05-20T12:05:48.986097+00:00,ngpMQvRQwcQ,UCtT7zEoC9-HNyLYb8cYWoww,Ale Marin,2026-05-19T23:45:01+00:00,0.514444,527,,1024.406933,first_24h
2026-05-20T12:05:48.986097+00:00,IW_gsKIDmgU,UCtT7zEoC9-HNyLYb8cYWoww,Ale Marin,2026-05-19T22:45:00+00:00,0.556123,677,,1217.356592,first_24h
2026-05-20T12:05:48.986097+00:00,s6CO6EkweMQ,UCtT7zEoC9-HNyLYb8cYWoww,Ale Marin,2026-05-19T22:00:45+00:00,0.586852,695,,1184.284965,first_24h
2026-05-20T12:05:48.986097+00:00,sr6GJDaMT54,UCtT7zEoC9-HNyLYb8cYWoww,Ale Marin,2026-05-19T20:45:04+00:00,0.63941,249,,389.421498,first_24h
2026-05-20T12:05:48.986097+00:00,JrWOiYrV7ws,UCtT7zEoC9-HNyLYb8cYWoww,Ale Marin,2026-05-19T18:00:13+00:00,0.753889,1376,,1825.202384,first_24h
2026-05-20T12:05:48.986097+00:00,payzRDCJ2tU,UCtT7zEoC9-HNyLYb8cYWoww,Ale Marin,2026-05-19T17:00:58+00:00,0.795035,2005,,2521.901552,first_24h
2026-05-20T12:05:48.986097+00:00,SG-QK3ZuSRA,UCtT7zEoC9-HNyLYb8cYWoww,Ale Marin,2026-05-19T16:45:03+00:00,0.806088,628,,779.071268,first_24h
2026-05-20T12:05:48.986097+00:00,pADklWTqSLI,UCtT7zEoC9-HNyLYb8cYWoww,Ale Marin,2026-05-19T16:01:05+00:00,0.83662,2998,,3583.466807,first_24h
2026-05-20T12:05:48.986097+00:00,fJ_bU5DB1KQ,UCtT7zEoC9-HNyLYb8cYWoww,Ale Marin,2026-05-19T15:45:02+00:00,0.847766,1454,,1715.095911,first_24h
2026-05-20T12:05:48.986097+00:00,Jzo63vsmaUo,UCWBWgCD4oAqT3hUeq40SCUw,Sambucha,2026-05-19T19:15:01+00:00,0.701944,473890,,675110.835052,first_24h
2026-05-20T12:05:48.986097+00:00,fLaXzDTLpI4,UCWBWgCD4oAqT3hUeq40SCUw,Sambucha,2026-05-19T17:15:06+00:00,0.78522,366555,,466818.216551,first_24h
2026-05-20T12:05:48.986097+00:00,VegyXgXUN80,UCzKnSeOq30zVvgosDFlne5g,Finect - Invertir mejor,2026-05-19T16:04:36+00:00,0.834178,953,,1142.442021,first_24h
2026-05-20T12:05:48.986097+00:00,hFbKN-PWjjI,UCPQ2dheMajZPnIleYZHzblg,Pablo Gil Trader,2026-05-19T16:01:05+00:00,0.83662,6605,,7894.862662,first_24h
2026-05-20T12:05:48.986097+00:00,5JZmv82f_5A,UCwd8Byi93KbnsYmCcKLExvQ,Negocios TV,2026-05-20T12:00:12+00:00,0.0039,344,,8256,first_24h
2026-05-20T12:05:48.986097+00:00,srBGeKbUuJE,UCwd8Byi93KbnsYmCcKLExvQ,Negocios TV,2026-05-20T11:30:27+00:00,0.02456,955,,22920,first_24h
2026-05-20T12:05:48.986097+00:00,1bETnK0es7Q,UCwd8Byi93KbnsYmCcKLExvQ,Negocios TV,2026-05-20T11:00:06+00:00,0.045636,1084,,23753.177316,first_24h
2026-05-20T12:05:48.986097+00:00,hqvh58WfUrs,UCwd8Byi93KbnsYmCcKLExvQ,Negocios TV,2026-05-20T10:50:48+00:00,0.052095,4190,,80429.983684,first_24h
2026-05-20T12:05:48.986097+00:00,3n-H8Jk4naA,UCwd8Byi93KbnsYmCcKLExvQ,Negocios TV,2026-05-20T10:31:21+00:00,0.065602,2700,,41157.28179,first_24h
2026-05-20T12:05:48.986097+00:00,w3NLwNszxI0,UCwd8Byi93KbnsYmCcKLExvQ,Negocios TV,2026-05-20T10:30:27+00:00,0.066227,1970,,29746.176031,first_24h
2026-05-20T12:05:48.986097+00:00,ETDTO6i_pJw,UCwd8Byi93KbnsYmCcKLExvQ,Negocios TV,2026-05-19T21:20:01+00:00,0.615139,16878,,27437.701072,first_24h
2026-05-20T12:05:48.986097+00:00,Yw5dWDQe3CM,UCwd8Byi93KbnsYmCcKLExvQ,Negocios TV,2026-05-19T18:00:19+00:00,0.753819,1557,,2065.482563,first_24h
2026-05-20T12:05:48.986097+00:00,ztwv0KzjuKU,UCwd8Byi93KbnsYmCcKLExvQ,Negocios TV,2026-05-19T17:30:17+00:00,0.774676,1106,,1427.693642,first_24h
2026-05-20T12:05:48.986097+00:00,LcbALfpZI7c,UCwd8Byi93KbnsYmCcKLExvQ,Negocios TV,2026-05-19T17:00:17+00:00,0.795509,8279,,10407.173269,first_24h
2026-05-20T12:05:48.986097+00:00,PuspxN_-Hyc,UCwd8Byi93KbnsYmCcKLExvQ,Negocios TV,2026-05-19T16:30:07+00:00,0.816458,4568,,5594.898942,first_24h
2026-05-20T12:05:48.986097+00:00,CKph0kT0K_o,UCwd8Byi93KbnsYmCcKLExvQ,Negocios TV,2026-05-19T16:00:24+00:00,0.837095,793,,947.32378,first_24h
2026-05-20T12:05:48.986097+00:00,F4Dcbe1bRGE,UCwd8Byi93KbnsYmCcKLExvQ,Negocios TV,2026-05-19T15:30:10+00:00,0.85809,1704,,1985.805685,first_24h
2026-05-20T12:05:48.986097+00:00,Un27WEKoqDs,UCwd8Byi93KbnsYmCcKLExvQ,Negocios TV,2026-05-19T15:05:18+00:00,0.875359,10806,,12344.649452,first_24h
2026-05-20T12:05:48.986097+00:00,62kvzk282ys,UCwd8Byi93KbnsYmCcKLExvQ,Negocios TV,2026-05-19T15:00:07+00:00,0.878958,7304,,8309.839606,first_24h
2026-05-20T12:05:48.986097+00:00,S-Si2jPEASU,UCwd8Byi93KbnsYmCcKLExvQ,Negocios TV,2026-05-19T14:30:31+00:00,0.899514,4255,,4730.332157,first_24h
2026-05-20T12:05:48.986097+00:00,yX-PrhgIpBM,UCwd8Byi93KbnsYmCcKLExvQ,Negocios TV,2026-05-19T14:01:19+00:00,0.919792,14355,,15606.789361,first_24h
2026-05-20T12:05:48.986097+00:00,F5OGrryFbkU,UCwd8Byi93KbnsYmCcKLExvQ,Negocios TV,2026-05-19T13:38:46+00:00,0.935451,22925,,24506.895604,first_24h
2026-05-20T12:05:48.986097+00:00,yry7DLLwupc,UCwd8Byi93KbnsYmCcKLExvQ,Negocios TV,2026-05-19T13:30:50+00:00,0.94096,6271,,6664.470328,first_24h
2026-05-20T12:05:48.986097+00:00,t8KUkRefQ_M,UCwd8Byi93KbnsYmCcKLExvQ,Negocios TV,2026-05-19T13:01:19+00:00,0.961458,3291,,3422.92643,first_24h
2026-05-20T12:05:48.986097+00:00,H7kH08cFP_8,UCwd8Byi93KbnsYmCcKLExvQ,Negocios TV,2026-05-19T12:30:15+00:00,0.983032,8599,,8747.42633,first_24h
2026-05-20T12:05:48.986097+00:00,y6qdHjPPMqc,UCV6KDgJskWaEckne5aPA0aQ,Graham Stephan,2026-05-19T18:00:15+00:00,0.753866,18753,,24875.773679,first_24h
2026-05-20T12:05:48.986097+00:00,T47bQ-cMewM,UC9vUu4vlIlMC0dHQCTvQPbg,The Money Guy Show,2026-05-19T17:00:22+00:00,0.795451,7373,,9268.955599,first_24h
2026-05-20T12:05:48.986097+00:00,-N1D1oYMCiE,UCEAZeUIeJs0IjQiqTCdVSIg,Yahoo Finance,2026-05-19T21:30:31+00:00,0.607847,2230,,3668.686364,first_24h
2026-05-20T12:05:48.986097+00:00,Bgj-kEAeh8Y,UCEAZeUIeJs0IjQiqTCdVSIg,Yahoo Finance,2026-05-19T19:00:49+00:00,0.711805,1248,,1753.289173,first_24h
2026-05-20T12:05:48.986097+00:00,_BY9YTTh6kE,UCXZCJLdBC09xxGZ6gcdrc6A,OpenAI,2026-05-20T05:10:39+00:00,0.28831,3787,,13135.167008,first_24h
2026-05-20T12:05:48.986097+00:00,NkGPm95Awuo,UC_x5XG1OV2P6uZZ5FSM9Ttw,Google for Developers,2026-05-19T23:06:41+00:00,0.541065,629744,,1163897.128811,first_24h
2026-05-20T12:05:48.986097+00:00,WGQbiztmSNw,UC_x5XG1OV2P6uZZ5FSM9Ttw,Google for Developers,2026-05-19T21:29:54+00:00,0.608275,456218,,750019.316921,first_24h
2026-05-20T12:05:48.986097+00:00,98bQUQUEEJs,UC_x5XG1OV2P6uZZ5FSM9Ttw,Google for Developers,2026-05-19T21:29:47+00:00,0.608356,653321,,1073912.3145,first_24h
2026-05-20T12:05:48.986097+00:00,s7ssP0U7QkQ,UC_x5XG1OV2P6uZZ5FSM9Ttw,Google for Developers,2026-05-19T21:29:43+00:00,0.608403,746716,,1227337.800767,first_24h
2026-05-20T12:05:48.986097+00:00,pUo8RdgtYI0,UCBHcMCGaiJhv-ESTcWGJPcw,NVIDIA Developer,2026-05-19T19:57:51+00:00,0.672199,5658,,8417.150278,first_24h
2026-05-20T12:05:48.986097+00:00,rhoVcV26cxI,UC4JX40jDee_tINbkjycV4Sg,Tech With Tim,2026-05-19T19:17:02+00:00,0.700544,3548,,5064.635483,first_24h
2026-05-20T12:05:48.986097+00:00,WNyPFioUjhE,UCLXRGxAzeaLDGaOphqapzmg,codigofacilito,2026-05-19T15:06:15+00:00,0.874699,178,,203.498575,first_24h
2026-05-20T12:05:48.986097+00:00,FtF7-40ts4E,UCUBIrDsIVzRpKsClMlSlTpQ,BBC News Mundo,2026-05-20T11:51:53+00:00,0.009676,220,,5280,first_24h
2026-05-20T12:05:48.986097+00:00,s7QlqwoZ2f4,UCUBIrDsIVzRpKsClMlSlTpQ,BBC News Mundo,2026-05-19T19:10:01+00:00,0.705417,35280,,50012.971051,first_24h
2026-05-20T12:05:48.986097+00:00,ilwQD9nfSNU,UC16niRr50-MSBwiO3YDb3RA,BBC News,2026-05-20T11:06:55+00:00,0.040903,1383,,33192,first_24h
2026-05-20T12:05:48.986097+00:00,isfiv_9f_kk,UC16niRr50-MSBwiO3YDb3RA,BBC News,2026-05-20T10:01:03+00:00,0.086643,3844,,44365.961474,first_24h
2026-05-20T12:05:48.986097+00:00,fGL5ktJoXQQ,UC16niRr50-MSBwiO3YDb3RA,BBC News,2026-05-20T07:57:29+00:00,0.172454,8828,,51190.462384,first_24h
2026-05-20T12:05:48.986097+00:00,xwUZz1z4460,UC16niRr50-MSBwiO3YDb3RA,BBC News,2026-05-20T04:50:15+00:00,0.302477,28923,,95620.493459,first_24h
2026-05-20T12:05:48.986097+00:00,A50kE3hg0TQ,UC16niRr50-MSBwiO3YDb3RA,BBC News,2026-05-20T01:47:31+00:00,0.429375,10239,,23846.28821,first_24h
2026-05-20T12:05:48.986097+00:00,OCn6puo-INY,UC16niRr50-MSBwiO3YDb3RA,BBC News,2026-05-19T20:00:12+00:00,0.670567,17155,,25582.827667,first_24h
2026-05-20T12:05:48.986097+00:00,6FxG2CmTqHk,UC16niRr50-MSBwiO3YDb3RA,BBC News,2026-05-19T19:30:00+00:00,0.691539,16877,,24404.986559,first_24h
2026-05-20T12:05:48.986097+00:00,D6AudtLKuKc,UC16niRr50-MSBwiO3YDb3RA,BBC News,2026-05-19T12:57:23+00:00,0.96419,43322,,44930.978334,first_24h
2026-05-20T12:05:48.986097+00:00,78zWV2tRXpQ,UCupvZG-5ko_eiXAupbDfxWw,CNN,2026-05-20T11:56:45+00:00,0.006296,485,,11640,first_24h
2026-05-20T12:05:48.986097+00:00,ooN--o0Hvuw,UCupvZG-5ko_eiXAupbDfxWw,CNN,2026-05-20T09:34:53+00:00,0.104815,2862,,27305.252111,first_24h
2026-05-20T12:05:48.986097+00:00,Rw3lCwAeTgY,UCupvZG-5ko_eiXAupbDfxWw,CNN,2026-05-20T08:41:58+00:00,0.141562,19061,,134647.716195,first_24h
2026-05-20T12:05:48.986097+00:00,mRaujfFwAiM,UCupvZG-5ko_eiXAupbDfxWw,CNN,2026-05-20T08:14:17+00:00,0.160787,12119,,75373.009012,first_24h
2026-05-20T12:05:48.986097+00:00,fwaJsvzjO_I,UCupvZG-5ko_eiXAupbDfxWw,CNN,2026-05-20T07:36:04+00:00,0.187326,18247,,97407.727705,first_24h
2026-05-20T12:05:48.986097+00:00,6yIR-Z7ArkY,UCupvZG-5ko_eiXAupbDfxWw,CNN,2026-05-20T06:14:15+00:00,0.244143,7211,,29535.968674,first_24h
2026-05-20T12:05:48.986097+00:00,QpuaPNoRuGg,UCupvZG-5ko_eiXAupbDfxWw,CNN,2026-05-20T04:46:46+00:00,0.304896,52081,,170815.622376,first_24h
2026-05-20T12:05:48.986097+00:00,uz_idR6Sdy0,UCupvZG-5ko_eiXAupbDfxWw,CNN,2026-05-19T22:57:05+00:00,0.547731,45579,,83214.205513,first_24h
2026-05-20T12:05:48.986097+00:00,tw_OLuGvrt0,UCupvZG-5ko_eiXAupbDfxWw,CNN,2026-05-19T20:11:20+00:00,0.662835,36711,,55384.824278,first_24h
2026-05-20T12:05:48.986097+00:00,V_3edJ3u1O8,UCupvZG-5ko_eiXAupbDfxWw,CNN,2026-05-19T19:58:06+00:00,0.672025,185437,,275937.651129,first_24h
2026-05-20T12:05:48.986097+00:00,UrT8BsgjQb0,UCupvZG-5ko_eiXAupbDfxWw,CNN,2026-05-19T18:50:16+00:00,0.719132,52552,,73076.987257,first_24h
2026-05-20T12:05:48.986097+00:00,1Qx3JK7EIT0,UCupvZG-5ko_eiXAupbDfxWw,CNN,2026-05-19T18:32:45+00:00,0.731296,91996,,125798.582243,first_24h
2026-05-20T12:05:48.986097+00:00,nFz8fuFc-po,UCupvZG-5ko_eiXAupbDfxWw,CNN,2026-05-19T18:15:32+00:00,0.743252,12796,,17216.233525,first_24h
2026-05-20T12:05:48.986097+00:00,lSI1HnNlNOg,UCupvZG-5ko_eiXAupbDfxWw,CNN,2026-05-19T17:53:37+00:00,0.758472,63618,,83876.530709,first_24h
2026-05-20T12:05:48.986097+00:00,BikbD_iFJy4,UCupvZG-5ko_eiXAupbDfxWw,CNN,2026-05-19T16:10:42+00:00,0.829942,6462,,7786.086257,first_24h
2026-05-20T12:05:48.986097+00:00,TBf2RDtht-M,UCupvZG-5ko_eiXAupbDfxWw,CNN,2026-05-19T15:30:49+00:00,0.857639,49190,,57355.13427,first_24h
2026-05-20T12:05:48.986097+00:00,3s5EfwQGskM,UCBi2mrWuNuyYy4gbM6fU18Q,ABC News,2026-05-20T07:49:54+00:00,0.17772,11072,,62300.24758,first_24h
2026-05-20T12:05:48.986097+00:00,YETk7y4e_tw,UCBi2mrWuNuyYy4gbM6fU18Q,ABC News,2026-05-20T03:54:13+00:00,0.341389,47596,,139418.669026,first_24h
2026-05-20T12:05:48.986097+00:00,3v4Y4IIZabk,UCBi2mrWuNuyYy4gbM6fU18Q,ABC News,2026-05-20T03:00:03+00:00,0.379004,1547,,4081.751116,first_24h
2026-05-20T12:05:48.986097+00:00,lGVO5AQIYRo,UCBi2mrWuNuyYy4gbM6fU18Q,ABC News,2026-05-19T23:00:43+00:00,0.545208,2851,,5229.19693,first_24h
2026-05-20T12:05:48.986097+00:00,D2inr8KeqjE,UCBi2mrWuNuyYy4gbM6fU18Q,ABC News,2026-05-19T20:13:34+00:00,0.661285,6832,,10331.400228,first_24h
2026-05-20T12:05:48.986097+00:00,A9n17aW3p0E,UCBi2mrWuNuyYy4gbM6fU18Q,ABC News,2026-05-19T19:09:25+00:00,0.705833,5112,,7242.506372,first_24h
2026-05-20T12:05:48.986097+00:00,dfORGS9aCUY,UCeY0bbntWzzVIaj2z3QigXg,NBC News,2026-05-20T12:01:56+00:00,0.002697,16,,384,first_24h
2026-05-20T12:05:48.986097+00:00,PZAHQWmf0Vw,UCeY0bbntWzzVIaj2z3QigXg,NBC News,2026-05-20T12:01:16+00:00,0.00316,5,,120,first_24h
2026-05-20T12:05:48.986097+00:00,IkM2XSxKRyc,UCeY0bbntWzzVIaj2z3QigXg,NBC News,2026-05-20T11:59:04+00:00,0.004687,54,,1296,first_24h
2026-05-20T12:05:48.986097+00:00,-ePbv2ASO2w,UCeY0bbntWzzVIaj2z3QigXg,NBC News,2026-05-20T11:58:30+00:00,0.005081,60,,1440,first_24h
2026-05-20T12:05:48.986097+00:00,TFoAg5gUbM4,UCeY0bbntWzzVIaj2z3QigXg,NBC News,2026-05-20T07:44:28+00:00,0.181493,6858,,37786.581301,first_24h
2026-05-20T12:05:48.986097+00:00,aNlO4mUdETE,UCeY0bbntWzzVIaj2z3QigXg,NBC News,2026-05-20T02:43:39+00:00,0.390393,2922,,7484.765352,first_24h
2026-05-20T12:05:48.986097+00:00,Om1T9yq9EdM,UCeY0bbntWzzVIaj2z3QigXg,NBC News,2026-05-20T02:42:33+00:00,0.391157,5544,,14173.337049,first_24h
2026-05-20T12:05:48.986097+00:00,jQirqVOtqJY,UCeY0bbntWzzVIaj2z3QigXg,NBC News,2026-05-20T02:08:15+00:00,0.414977,5258,,12670.581743,first_24h
2026-05-20T12:05:48.986097+00:00,E4K-i5ie0ss,UCeY0bbntWzzVIaj2z3QigXg,NBC News,2026-05-20T01:54:46+00:00,0.42434,6763,,15937.691474,first_24h
2026-05-20T12:05:48.986097+00:00,jQryrEok6FM,UCeY0bbntWzzVIaj2z3QigXg,NBC News,2026-05-20T01:53:14+00:00,0.425405,1746,,4104.324115,first_24h
2026-05-20T12:05:48.986097+00:00,jGv7rIT5TkI,UCeY0bbntWzzVIaj2z3QigXg,NBC News,2026-05-20T01:43:23+00:00,0.432245,6213,,14373.792641,first_24h
2026-05-20T12:05:48.986097+00:00,Xq50k6Ew77k,UCeY0bbntWzzVIaj2z3QigXg,NBC News,2026-05-20T01:42:08+00:00,0.433113,4267,,9851.932406,first_24h
2026-05-20T12:05:48.986097+00:00,fSO1JEGZEsY,UCeY0bbntWzzVIaj2z3QigXg,NBC News,2026-05-20T01:02:03+00:00,0.460949,1761,,3820.379261,first_24h
2026-05-20T12:05:48.986097+00:00,6FHDbITC74Q,UCeY0bbntWzzVIaj2z3QigXg,NBC News,2026-05-20T01:00:32+00:00,0.462002,6955,,15054.047385,first_24h
2026-05-20T12:05:48.986097+00:00,hjvSMIng8K8,UCeY0bbntWzzVIaj2z3QigXg,NBC News,2026-05-20T00:42:16+00:00,0.474687,10400,,21909.173835,first_24h
2026-05-20T12:05:48.986097+00:00,Ly30BR_ff_w,UCeY0bbntWzzVIaj2z3QigXg,NBC News,2026-05-20T00:03:00+00:00,0.501956,17659,,35180.374375,first_24h
2026-05-20T12:05:48.986097+00:00,yhZSbbyRtQE,UCeY0bbntWzzVIaj2z3QigXg,NBC News,2026-05-19T23:55:17+00:00,0.507315,426,,839.71497,first_24h
2026-05-20T12:05:48.986097+00:00,0oJE2MUWq8A,UCeY0bbntWzzVIaj2z3QigXg,NBC News,2026-05-19T23:22:09+00:00,0.530324,3217,,6066.102986,first_24h
2026-05-20T12:05:48.986097+00:00,DzdpzDxNW1Q,UCeY0bbntWzzVIaj2z3QigXg,NBC News,2026-05-19T23:20:56+00:00,0.531169,374,,704.107356,first_24h
2026-05-20T12:05:48.986097+00:00,kuJXMm0gkJ0,UCeY0bbntWzzVIaj2z3QigXg,NBC News,2026-05-19T22:22:05+00:00,0.572037,3125,,5462.933342,first_24h
2026-05-20T12:05:48.986097+00:00,X9-Ynk6wKy8,UCeY0bbntWzzVIaj2z3QigXg,NBC News,2026-05-19T22:13:38+00:00,0.577905,17634,,30513.665741,first_24h
2026-05-20T12:05:48.986097+00:00,BbQUoshLZoo,UCeY0bbntWzzVIaj2z3QigXg,NBC News,2026-05-19T20:49:56+00:00,0.63603,1644,,2584.783737,first_24h
2026-05-20T12:05:48.986097+00:00,D3do7H5kcps,UCeY0bbntWzzVIaj2z3QigXg,NBC News,2026-05-19T20:33:49+00:00,0.647222,2234,,3451.675005,first_24h
2026-05-20T12:05:48.986097+00:00,uKoTpZLiYJs,UCeY0bbntWzzVIaj2z3QigXg,NBC News,2026-05-19T19:13:28+00:00,0.703021,1150,,1635.797508,first_24h
2026-05-20T12:05:48.986097+00:00,k0BFNhSG4DA,UCeY0bbntWzzVIaj2z3QigXg,NBC News,2026-05-19T18:49:27+00:00,0.719699,1595,,2216.204274,first_24h
2026-05-20T12:05:48.986097+00:00,IJbHyM-NSDI,UCeY0bbntWzzVIaj2z3QigXg,NBC News,2026-05-19T16:08:37+00:00,0.831389,8854,,10649.647758,first_24h
2026-05-20T12:05:48.986097+00:00,FeWLZg7J6dM,UCeY0bbntWzzVIaj2z3QigXg,NBC News,2026-05-19T16:04:39+00:00,0.834143,3276,,3927.384154,first_24h
2026-05-20T12:05:48.986097+00:00,cAXvRDhGX3g,UCeY0bbntWzzVIaj2z3QigXg,NBC News,2026-05-19T14:27:20+00:00,0.901724,7473,,8287.458247,first_24h
2026-05-20T12:05:48.986097+00:00,NGalEsrT9O0,UCeY0bbntWzzVIaj2z3QigXg,NBC News,2026-05-19T14:25:39+00:00,0.902893,10618,,11759.975988,first_24h
2026-05-20T12:05:48.986097+00:00,616Y9Os-pQY,UCnsvJeZO4RigQ898WdDNoBw,EL PAÍS,2026-05-20T10:38:34+00:00,0.06059,544,,8978.379271,first_24h
2026-05-20T12:05:48.986097+00:00,enC7Ooh8X_s,UCnsvJeZO4RigQ898WdDNoBw,EL PAÍS,2026-05-20T10:02:07+00:00,0.085903,956,,11128.831356,first_24h
2026-05-20T12:05:48.986097+00:00,E45fXFmkonA,UCnsvJeZO4RigQ898WdDNoBw,EL PAÍS,2026-05-20T08:59:26+00:00,0.129433,767,,5925.845804,first_24h
2026-05-20T12:05:48.986097+00:00,yLVqW0jgBKc,UCnsvJeZO4RigQ898WdDNoBw,EL PAÍS,2026-05-20T03:21:36+00:00,0.364039,1438,,3950.126223,first_24h
2026-05-20T12:05:48.986097+00:00,4en_n4ANxVA,UCnsvJeZO4RigQ898WdDNoBw,EL PAÍS,2026-05-20T00:06:34+00:00,0.499479,2790,,5585.820425,first_24h
2026-05-20T12:05:48.986097+00:00,AsFj7b40zXg,UCnsvJeZO4RigQ898WdDNoBw,EL PAÍS,2026-05-19T22:26:21+00:00,0.569074,1246,,2189.521925,first_24h
2026-05-20T12:05:48.986097+00:00,RhkuLrQvMgE,UCnsvJeZO4RigQ898WdDNoBw,EL PAÍS,2026-05-19T19:56:02+00:00,0.67346,31629,,46964.92739,first_24h
2026-05-20T12:05:48.986097+00:00,uaHx0jCUN_Y,UCnsvJeZO4RigQ898WdDNoBw,EL PAÍS,2026-05-19T19:01:04+00:00,0.711632,3388,,4760.88765,first_24h
2026-05-20T12:05:48.986097+00:00,WoAtGJCcmis,UCnsvJeZO4RigQ898WdDNoBw,EL PAÍS,2026-05-19T18:31:25+00:00,0.732222,3374,,4607.892142,first_24h
2026-05-20T12:05:48.986097+00:00,mIy-ZJlcpeU,UCnsvJeZO4RigQ898WdDNoBw,EL PAÍS,2026-05-19T17:30:32+00:00,0.774502,3560,,4596.50201,first_24h
2026-05-20T12:05:48.986097+00:00,FeGQP43WtMQ,UCnsvJeZO4RigQ898WdDNoBw,EL PAÍS,2026-05-19T15:36:01+00:00,0.854028,4237,,4961.195652,first_24h
2026-05-20T12:05:48.986097+00:00,13sAt7YbaCU,UCnsvJeZO4RigQ898WdDNoBw,EL PAÍS,2026-05-19T15:31:26+00:00,0.85721,23801,,27765.658357,first_24h
2026-05-20T12:05:48.986097+00:00,TIpuYSg0FLY,UCnsvJeZO4RigQ898WdDNoBw,EL PAÍS,2026-05-19T14:43:27+00:00,0.890532,8418,,9452.776543,first_24h
2026-05-20T12:05:48.986097+00:00,vakRSK-_7jo,UCnsvJeZO4RigQ898WdDNoBw,EL PAÍS,2026-05-19T14:00:33+00:00,0.920324,2854,,3101.081793,first_24h
2026-05-20T12:05:48.986097+00:00,HojkuOHi9vs,UCGXbLrVe8vnkiFv7q2vYv3w,El Mundo,2026-05-20T11:38:30+00:00,0.01897,287,,6888,first_24h
2026-05-20T12:05:48.986097+00:00,GCzSJcS_VBc,UCGXbLrVe8vnkiFv7q2vYv3w,El Mundo,2026-05-20T11:37:14+00:00,0.019849,175,,4200,first_24h
2026-05-20T12:05:48.986097+00:00,62_PBRxmHpE,UCGXbLrVe8vnkiFv7q2vYv3w,El Mundo,2026-05-20T11:14:10+00:00,0.035868,136,,3264,first_24h
2026-05-20T12:05:48.986097+00:00,oUeWKdZBN4U,UCGXbLrVe8vnkiFv7q2vYv3w,El Mundo,2026-05-20T10:58:10+00:00,0.046979,1300,,27671.938526,first_24h
2026-05-20T12:05:48.986097+00:00,F4Jhxs5G-SQ,UCGXbLrVe8vnkiFv7q2vYv3w,El Mundo,2026-05-20T10:36:23+00:00,0.062106,2041,,32863.16942,first_24h
2026-05-20T12:05:48.986097+00:00,d4Ck6pOvYNs,UCGXbLrVe8vnkiFv7q2vYv3w,El Mundo,2026-05-20T10:35:00+00:00,0.063067,4903,,77742.718062,first_24h
2026-05-20T12:05:48.986097+00:00,GmOespdgHZ0,UCGXbLrVe8vnkiFv7q2vYv3w,El Mundo,2026-05-20T10:19:04+00:00,0.074132,311,,4195.219338,first_24h
2026-05-20T12:05:48.986097+00:00,xJipEotyHnw,UCGXbLrVe8vnkiFv7q2vYv3w,El Mundo,2026-05-20T10:17:57+00:00,0.074907,561,,7489.286716,first_24h
2026-05-20T12:05:48.986097+00:00,BDtL5bHcMnY,UCGXbLrVe8vnkiFv7q2vYv3w,El Mundo,2026-05-20T09:45:08+00:00,0.097697,2481,,25394.84324,first_24h
2026-05-20T12:05:48.986097+00:00,yMarKPsRtKM,UCGXbLrVe8vnkiFv7q2vYv3w,El Mundo,2026-05-20T09:26:50+00:00,0.110405,367,,3324.124813,first_24h
2026-05-20T12:05:48.986097+00:00,WNaX0y2EOsk,UCGXbLrVe8vnkiFv7q2vYv3w,El Mundo,2026-05-20T09:21:35+00:00,0.114051,6005,,52651.883806,first_24h
2026-05-20T12:05:48.986097+00:00,x5YOhbldT9o,UCGXbLrVe8vnkiFv7q2vYv3w,El Mundo,2026-05-20T09:03:00+00:00,0.126956,4085,,32176.502095,first_24h
2026-05-20T12:05:48.986097+00:00,_Gt9E1NSzzQ,UCGXbLrVe8vnkiFv7q2vYv3w,El Mundo,2026-05-20T08:00:42+00:00,0.17022,138,,810.715545,first_24h
2026-05-20T12:05:48.986097+00:00,g2LGgTNwsTc,UCGXbLrVe8vnkiFv7q2vYv3w,El Mundo,2026-05-20T07:54:46+00:00,0.17434,658,,3774.234255,first_24h
2026-05-20T12:05:48.986097+00:00,6S1pegqurXY,UCGXbLrVe8vnkiFv7q2vYv3w,El Mundo,2026-05-20T07:49:52+00:00,0.177743,5585,,31421.771884,first_24h
2026-05-20T12:05:48.986097+00:00,5_AzoPHM6nA,UCGXbLrVe8vnkiFv7q2vYv3w,El Mundo,2026-05-20T07:45:33+00:00,0.180741,26606,,147205.116714,first_24h
2026-05-20T12:05:48.986097+00:00,Sr6IeeFsNf8,UCGXbLrVe8vnkiFv7q2vYv3w,El Mundo,2026-05-19T19:46:34+00:00,0.680035,2894,,4255.663311,first_24h
2026-05-20T12:05:48.986097+00:00,S6b90kDOUEE,UCGXbLrVe8vnkiFv7q2vYv3w,El Mundo,2026-05-19T19:39:43+00:00,0.684792,691,,1009.065526,first_24h
2026-05-20T12:05:48.986097+00:00,QtAtbT6hIRU,UCGXbLrVe8vnkiFv7q2vYv3w,El Mundo,2026-05-19T19:38:20+00:00,0.685752,31589,,46064.758105,first_24h
2026-05-20T12:05:48.986097+00:00,EOoy3KmgSi8,UCGXbLrVe8vnkiFv7q2vYv3w,El Mundo,2026-05-19T19:23:52+00:00,0.695798,9224,,13256.72106,first_24h
2026-05-20T12:05:48.986097+00:00,-lDj5gsinXA,UCGXbLrVe8vnkiFv7q2vYv3w,El Mundo,2026-05-19T19:22:46+00:00,0.696562,9029,,12962.234518,first_24h
2026-05-20T12:05:48.986097+00:00,MBrLY99TVxg,UCGXbLrVe8vnkiFv7q2vYv3w,El Mundo,2026-05-19T18:10:11+00:00,0.746967,2801,,3749.830983,first_24h
2026-05-20T12:05:48.986097+00:00,-JHEk9tfh-0,UCGXbLrVe8vnkiFv7q2vYv3w,El Mundo,2026-05-19T18:09:26+00:00,0.747488,1373,,1836.818785,first_24h
2026-05-20T12:05:48.986097+00:00,Bv7pNyQb4uc,UCGXbLrVe8vnkiFv7q2vYv3w,El Mundo,2026-05-19T16:25:29+00:00,0.819676,1511,,1843.411299,first_24h
2026-05-20T12:05:48.986097+00:00,mOnpCMZAFSg,UCGXbLrVe8vnkiFv7q2vYv3w,El Mundo,2026-05-19T15:53:38+00:00,0.841794,1314,,1560.951967,first_24h
2026-05-20T12:05:48.986097+00:00,LJZarKaGqM0,UCGXbLrVe8vnkiFv7q2vYv3w,El Mundo,2026-05-19T15:33:12+00:00,0.855984,5378,,6282.827716,first_24h
2026-05-20T12:05:48.986097+00:00,EC-TDjX3-qI,UCGXbLrVe8vnkiFv7q2vYv3w,El Mundo,2026-05-19T15:30:11+00:00,0.858079,1947,,2269.02185,first_24h
2026-05-20T12:05:48.986097+00:00,qM-gG4lZL6I,UCGXbLrVe8vnkiFv7q2vYv3w,El Mundo,2026-05-19T14:58:58+00:00,0.879757,10777,,12249.973572,first_24h
2026-05-20T12:05:48.986097+00:00,IE0wIeTanrU,UCGXbLrVe8vnkiFv7q2vYv3w,El Mundo,2026-05-19T14:51:31+00:00,0.88493,3595,,4062.468218,first_24h
2026-05-20T12:05:48.986097+00:00,vkZwCV5jzBM,UCGXbLrVe8vnkiFv7q2vYv3w,El Mundo,2026-05-19T14:27:31+00:00,0.901597,6056,,6716.969999,first_24h
2026-05-20T12:05:48.986097+00:00,QTfdfNDySVo,UCGXbLrVe8vnkiFv7q2vYv3w,El Mundo,2026-05-19T14:26:32+00:00,0.90228,71158,,78864.653988,first_24h
2026-05-20T12:05:48.986097+00:00,K3J2h9_VyTM,UCGXbLrVe8vnkiFv7q2vYv3w,El Mundo,2026-05-19T13:59:07+00:00,0.921319,1720,,1866.888667,first_24h
2026-05-20T12:05:48.986097+00:00,Ugsy-UvbmQA,UCGXbLrVe8vnkiFv7q2vYv3w,El Mundo,2026-05-19T13:32:08+00:00,0.940058,2883,,3066.832047,first_24h
2026-05-20T12:05:48.986097+00:00,OOBO8r-uh3M,UCGXbLrVe8vnkiFv7q2vYv3w,El Mundo,2026-05-19T13:31:24+00:00,0.940567,1934,,2056.206522,first_24h
2026-05-20T12:05:48.986097+00:00,KRt7k4NQ6RI,UClLLRs_mFTsNT5U-DqTYAGg,La Vanguardia,2026-05-20T09:57:17+00:00,0.089259,475,,5321.59222,first_24h
2026-05-20T12:05:48.986097+00:00,3ksh3BTrEI8,UClLLRs_mFTsNT5U-DqTYAGg,La Vanguardia,2026-05-20T09:26:09+00:00,0.110879,128,,1154.411566,first_24h
2026-05-20T12:05:48.986097+00:00,K3JD11NbaJY,UClLLRs_mFTsNT5U-DqTYAGg,La Vanguardia,2026-05-20T09:15:19+00:00,0.118403,205,,1731.37505,first_24h
2026-05-20T12:05:48.986097+00:00,GIgxDFyNhUg,UClLLRs_mFTsNT5U-DqTYAGg,La Vanguardia,2026-05-19T15:29:57+00:00,0.858241,2744,,3197.23714,first_24h
2026-05-20T12:05:48.986097+00:00,cITvjPyn_Go,UClLLRs_mFTsNT5U-DqTYAGg,La Vanguardia,2026-05-19T12:37:43+00:00,0.977847,1800,,1840.778772,first_24h
2026-05-20T12:05:48.986097+00:00,IXQXaAjtgoc,UCafNntv_qTQB26AvbEQNHPw,Aristegui Noticias,2026-05-20T05:00:13+00:00,0.295555,10918,,36940.670941,first_24h
2026-05-20T12:05:48.986097+00:00,5JxK0kP_Xl4,UCafNntv_qTQB26AvbEQNHPw,Aristegui Noticias,2026-05-20T04:30:01+00:00,0.316528,14088,,44507.910833,first_24h
2026-05-20T12:05:48.986097+00:00,u2csOrUWQkU,UCafNntv_qTQB26AvbEQNHPw,Aristegui Noticias,2026-05-20T02:30:28+00:00,0.399548,3159,,7906.434271,first_24h
2026-05-20T12:05:48.986097+00:00,1eVzcinbr0Y,UCafNntv_qTQB26AvbEQNHPw,Aristegui Noticias,2026-05-19T21:59:54+00:00,0.587442,10530,,17925.17389,first_24h
2026-05-20T12:05:48.986097+00:00,w0xLNwqtWgQ,UCafNntv_qTQB26AvbEQNHPw,Aristegui Noticias,2026-05-19T18:44:33+00:00,0.723102,6833,,9449.565898,first_24h
2026-05-20T12:05:48.986097+00:00,AnapbML2mpo,UCafNntv_qTQB26AvbEQNHPw,Aristegui Noticias,2026-05-19T16:34:51+00:00,0.813171,28893,,35531.27202,first_24h
2026-05-20T12:05:48.986097+00:00,PjlJli6tH0Y,UCafNntv_qTQB26AvbEQNHPw,Aristegui Noticias,2026-05-19T15:53:45+00:00,0.841713,3628,,4310.257772,first_24h
2026-05-20T12:05:48.986097+00:00,FW9n1DItPi8,UCafNntv_qTQB26AvbEQNHPw,Aristegui Noticias,2026-05-19T14:04:30+00:00,0.917581,164361,,179124.240803,first_24h
2026-05-20T12:05:48.986097+00:00,0q5wIr1aER4,UCUsm-fannqOY02PNN67C0KA,NMás,2026-05-20T04:53:45+00:00,0.300046,2338,,7792.138539,first_24h
2026-05-20T12:05:48.986097+00:00,txsCXgY5K7Y,UCUsm-fannqOY02PNN67C0KA,NMás,2026-05-20T04:00:24+00:00,0.337095,7747,,22981.652057,first_24h
2026-05-20T12:05:48.986097+00:00,IdiYCixGqw0,UCUsm-fannqOY02PNN67C0KA,NMás,2026-05-20T03:48:33+00:00,0.345324,7733,,22393.462372,first_24h
2026-05-20T12:05:48.986097+00:00,sZHPyWaJjRk,UCUsm-fannqOY02PNN67C0KA,NMás,2026-05-20T01:15:41+00:00,0.451481,8937,,19794.85294,first_24h
2026-05-20T12:05:48.986097+00:00,N9cmSdHHiLw,UCUsm-fannqOY02PNN67C0KA,NMás,2026-05-20T01:00:07+00:00,0.462292,6140,,13281.648828,first_24h
2026-05-20T12:05:48.986097+00:00,6AKcEyGeQm0,UCUsm-fannqOY02PNN67C0KA,NMás,2026-05-20T00:45:23+00:00,0.472523,13947,,29516.023559,first_24h
2026-05-20T12:05:48.986097+00:00,U8-aC_RilP0,UCUsm-fannqOY02PNN67C0KA,NMás,2026-05-20T00:30:13+00:00,0.483055,13090,,27098.36354,first_24h
2026-05-20T12:05:48.986097+00:00,GL2xFRAzN4w,UCUsm-fannqOY02PNN67C0KA,NMás,2026-05-20T00:01:41+00:00,0.50287,13386,,26619.205759,first_24h
2026-05-20T12:05:48.986097+00:00,VwzanJFsLrg,UCUsm-fannqOY02PNN67C0KA,NMás,2026-05-20T00:00:14+00:00,0.503877,14553,,28882.048595,first_24h
2026-05-20T12:05:48.986097+00:00,w746nB8_T2o,UCUsm-fannqOY02PNN67C0KA,NMás,2026-05-20T00:00:11+00:00,0.503912,2330,,4623.823207,first_24h
2026-05-20T12:05:48.986097+00:00,_WZP-rM_Vs0,UCUsm-fannqOY02PNN67C0KA,NMás,2026-05-19T23:38:06+00:00,0.519248,4146,,7984.623918,first_24h
2026-05-20T12:05:48.986097+00:00,T4MMasmfUsM,UCUsm-fannqOY02PNN67C0KA,NMás,2026-05-19T23:37:35+00:00,0.519606,837,,1610.835903,first_24h
2026-05-20T12:05:48.986097+00:00,w8GpKjxmtYs,UCUsm-fannqOY02PNN67C0KA,NMás,2026-05-19T23:37:15+00:00,0.519838,5109,,9828.061819,first_24h
2026-05-20T12:05:48.986097+00:00,hI-4Spycpik,UCUsm-fannqOY02PNN67C0KA,NMás,2026-05-19T23:37:01+00:00,0.52,407,,782.692308,first_24h
2026-05-20T12:05:48.986097+00:00,t8DcC1_lAUs,UCUsm-fannqOY02PNN67C0KA,NMás,2026-05-19T23:36:35+00:00,0.520301,6189,,11895.03768,first_24h
2026-05-20T12:05:48.986097+00:00,iTUE-Q3U3ak,UCUsm-fannqOY02PNN67C0KA,NMás,2026-05-19T23:30:24+00:00,0.524595,1954,,3724.778162,first_24h
2026-05-20T12:05:48.986097+00:00,6Gu_Vq95TEI,UCUsm-fannqOY02PNN67C0KA,NMás,2026-05-19T23:00:30+00:00,0.545359,2013,,3691.146566,first_24h
2026-05-20T12:05:48.986097+00:00,vj2x2LbwVbs,UCUsm-fannqOY02PNN67C0KA,NMás,2026-05-19T22:00:20+00:00,0.587141,1384,,2357.185071,first_24h
2026-05-20T12:05:48.986097+00:00,XjlwtvN1NBI,UCUsm-fannqOY02PNN67C0KA,NMás,2026-05-19T21:26:22+00:00,0.610729,1982,,3245.301926,first_24h
2026-05-20T12:05:48.986097+00:00,8I_WlGh_Y5s,UCUsm-fannqOY02PNN67C0KA,NMás,2026-05-19T21:00:20+00:00,0.628808,205,,326.013664,first_24h
2026-05-20T12:05:48.986097+00:00,QeJlNTg7Wqk,UCUsm-fannqOY02PNN67C0KA,NMás,2026-05-19T21:00:09+00:00,0.628935,4648,,7390.270855,first_24h
2026-05-20T12:05:48.986097+00:00,911ImulBKy0,UCUsm-fannqOY02PNN67C0KA,NMás,2026-05-19T20:43:39+00:00,0.640393,4768,,7445.428042,first_24h
2026-05-20T12:05:48.986097+00:00,rBC4P79TLss,UCUsm-fannqOY02PNN67C0KA,NMás,2026-05-19T20:43:09+00:00,0.640741,11778,,18381.842273,first_24h
2026-05-20T12:05:48.986097+00:00,PW3Jhrv10es,UCUsm-fannqOY02PNN67C0KA,NMás,2026-05-19T20:41:47+00:00,0.64169,704,,1097.102962,first_24h
2026-05-20T12:05:48.986097+00:00,qCN0fmoK-5o,UCUsm-fannqOY02PNN67C0KA,NMás,2026-05-19T19:52:29+00:00,0.675926,1913,,2830.191471,first_24h
2026-05-20T12:05:48.986097+00:00,gjQeRv6gnTg,UCUsm-fannqOY02PNN67C0KA,NMás,2026-05-19T19:32:47+00:00,0.689606,7586,,11000.484335,first_24h
2026-05-20T12:05:48.986097+00:00,jn6dw0ilkRw,UCUsm-fannqOY02PNN67C0KA,NMás,2026-05-19T19:30:36+00:00,0.691123,1924,,2783.87494,first_24h
2026-05-20T12:05:48.986097+00:00,PkOuKOB_uY4,UCUsm-fannqOY02PNN67C0KA,NMás,2026-05-19T19:18:17+00:00,0.699676,1642,,2346.800519,first_24h
2026-05-20T12:05:48.986097+00:00,OT-wSGkCK-A,UCUsm-fannqOY02PNN67C0KA,NMás,2026-05-19T18:11:55+00:00,0.745764,498,,667.771574,first_24h
2026-05-20T12:05:48.986097+00:00,tSHJWNmM2Ww,UCUsm-fannqOY02PNN67C0KA,NMás,2026-05-19T18:11:48+00:00,0.745845,2328,,3121.291957,first_24h
2026-05-20T12:05:48.986097+00:00,halPstwBBKQ,UCUsm-fannqOY02PNN67C0KA,NMás,2026-05-19T18:11:27+00:00,0.746088,3813,,5110.657188,first_24h
2026-05-20T12:05:48.986097+00:00,sk7Quh0_FiQ,UCUsm-fannqOY02PNN67C0KA,NMás,2026-05-19T18:10:01+00:00,0.747083,2909,,3893.810996,first_24h
2026-05-20T12:05:48.986097+00:00,eNN5_EBUWZU,UCUsm-fannqOY02PNN67C0KA,NMás,2026-05-19T18:00:24+00:00,0.753761,8485,,11256.883813,first_24h
2026-05-20T12:05:48.986097+00:00,Zg84py-f_1o,UCUsm-fannqOY02PNN67C0KA,NMás,2026-05-19T17:02:18+00:00,0.794109,1130,,1422.978458,first_24h
2026-05-20T12:05:48.986097+00:00,oFkpIubYjGA,UCUsm-fannqOY02PNN67C0KA,NMás,2026-05-19T15:55:39+00:00,0.840393,2783,,3311.545908,first_24h
2026-05-20T12:05:48.986097+00:00,1Y6E7mW507c,UCUsm-fannqOY02PNN67C0KA,NMás,2026-05-19T14:00:38+00:00,0.920266,2334,,2536.223222,first_24h
2026-05-20T12:05:48.986097+00:00,Exlpd1m-Ob0,UCUsm-fannqOY02PNN67C0KA,NMás,2026-05-19T13:00:05+00:00,0.962315,2096,,2178.080982,first_24h
2026-05-20T12:05:48.986097+00:00,Hq-B8dOKP1s,UCM-GvgUy0EAZU7ZwXKLarkg,López-Dóriga,2026-05-20T03:18:22+00:00,0.366285,5171,,14117.422226,first_24h
2026-05-20T12:05:48.986097+00:00,VZ37ZgfyXb8,UCM-GvgUy0EAZU7ZwXKLarkg,López-Dóriga,2026-05-20T02:49:55+00:00,0.386042,1822,,4719.693712,first_24h
2026-05-20T12:05:48.986097+00:00,HWf804fnFB4,UCM-GvgUy0EAZU7ZwXKLarkg,López-Dóriga,2026-05-19T18:38:33+00:00,0.727268,922,,1267.75824,first_24h
2026-05-20T12:05:48.986097+00:00,BSe2xJwDeME,UCM-GvgUy0EAZU7ZwXKLarkg,López-Dóriga,2026-05-19T18:36:43+00:00,0.728542,1861,,2554.416904,first_24h
2026-05-20T12:05:48.986097+00:00,zQEUB6Fujpo,UCM-GvgUy0EAZU7ZwXKLarkg,López-Dóriga,2026-05-19T18:27:32+00:00,0.734919,1160,,1578.405239,first_24h
2026-05-20T12:05:48.986097+00:00,bn-p56Mra68,UCM-GvgUy0EAZU7ZwXKLarkg,López-Dóriga,2026-05-19T18:24:49+00:00,0.736805,11975,,16252.604149,first_24h
2026-05-20T12:05:48.986097+00:00,xdlZuCezCZo,UCM-GvgUy0EAZU7ZwXKLarkg,López-Dóriga,2026-05-19T18:24:46+00:00,0.73684,8693,,11797.676565,first_24h
2026-05-20T12:05:48.986097+00:00,FJPWSF87wKw,UCM-GvgUy0EAZU7ZwXKLarkg,López-Dóriga,2026-05-19T18:11:13+00:00,0.74625,10312,,13818.425461,first_24h
2026-05-20T12:05:48.986097+00:00,eFHmBWzLQ7I,UCUP6qv-_EIL0hwTsJaKYnvw,Azteca Noticias,2026-05-20T05:58:01+00:00,0.255417,1860,,7282.209093,first_24h
2026-05-20T12:05:48.986097+00:00,NtxRzErt37k,UCUP6qv-_EIL0hwTsJaKYnvw,Azteca Noticias,2026-05-20T04:45:00+00:00,0.306123,27427,,89594.705396,first_24h
2026-05-20T12:05:48.986097+00:00,oWjI8hIKJ4A,UCUP6qv-_EIL0hwTsJaKYnvw,Azteca Noticias,2026-05-20T04:15:03+00:00,0.326921,34293,,104896.901698,first_24h
2026-05-20T12:05:48.986097+00:00,QR9a29asMeI,UCUP6qv-_EIL0hwTsJaKYnvw,Azteca Noticias,2026-05-20T03:45:01+00:00,0.347778,6533,,18784.972022,first_24h
2026-05-20T12:05:48.986097+00:00,Mq6bQBrTwMQ,UCUP6qv-_EIL0hwTsJaKYnvw,Azteca Noticias,2026-05-20T03:30:10+00:00,0.35809,8306,,23195.286101,first_24h
2026-05-20T12:05:48.986097+00:00,6swqx7BHJow,UCUP6qv-_EIL0hwTsJaKYnvw,Azteca Noticias,2026-05-20T03:00:04+00:00,0.378993,6484,,17108.495408,first_24h
2026-05-20T12:05:48.986097+00:00,IQG3lO15M-k,UCUP6qv-_EIL0hwTsJaKYnvw,Azteca Noticias,2026-05-20T01:40:01+00:00,0.434583,8766,,20171.060534,first_24h
2026-05-20T12:05:48.986097+00:00,C4twV4dSfhI,UCUP6qv-_EIL0hwTsJaKYnvw,Azteca Noticias,2026-05-20T01:10:01+00:00,0.455417,12032,,26419.742785,first_24h
2026-05-20T12:05:48.986097+00:00,9nKLC2mcUMk,UCUP6qv-_EIL0hwTsJaKYnvw,Azteca Noticias,2026-05-20T00:50:00+00:00,0.469317,4700,,10014.553063,first_24h
2026-05-20T12:05:48.986097+00:00,n7ysEnpUB7Q,UCUP6qv-_EIL0hwTsJaKYnvw,Azteca Noticias,2026-05-20T00:30:32+00:00,0.482835,13118,,27168.701523,first_24h
2026-05-20T12:05:48.986097+00:00,unuCfgoAWSU,UCUP6qv-_EIL0hwTsJaKYnvw,Azteca Noticias,2026-05-19T20:36:19+00:00,0.645486,32984,,51099.481631,first_24h
2026-05-20T12:05:48.986097+00:00,VvQqcaSpSWE,UCUP6qv-_EIL0hwTsJaKYnvw,Azteca Noticias,2026-05-19T19:41:12+00:00,0.683761,23201,,33931.446807,first_24h
2026-05-20T12:05:48.986097+00:00,f1xRbPOvC64,UCUP6qv-_EIL0hwTsJaKYnvw,Azteca Noticias,2026-05-19T19:27:12+00:00,0.693484,9841,,14190.666259,first_24h
2026-05-20T12:05:48.986097+00:00,hV7tSxPuiAM,UCUP6qv-_EIL0hwTsJaKYnvw,Azteca Noticias,2026-05-19T18:05:50+00:00,0.749988,5017,,6689.440364,first_24h
2026-05-20T12:05:48.986097+00:00,c2fWDmOwdwc,UCUP6qv-_EIL0hwTsJaKYnvw,Azteca Noticias,2026-05-19T17:59:50+00:00,0.754155,17615,,23357.267405,first_24h
2026-05-20T12:05:48.986097+00:00,WwC8DKAjivE,UCUP6qv-_EIL0hwTsJaKYnvw,Azteca Noticias,2026-05-19T17:50:47+00:00,0.76044,5123,,6736.889169,first_24h
2026-05-20T12:05:48.986097+00:00,k-Y58uIZFfQ,UCUP6qv-_EIL0hwTsJaKYnvw,Azteca Noticias,2026-05-19T17:01:36+00:00,0.794595,2908,,3659.726024,first_24h
2026-05-20T12:05:48.986097+00:00,1Dx9DpKJt-0,UCUP6qv-_EIL0hwTsJaKYnvw,Azteca Noticias,2026-05-19T16:50:36+00:00,0.802234,3023,,3768.227225,first_24h
2026-05-20T12:05:48.986097+00:00,BtC9FzhOnKg,UCUP6qv-_EIL0hwTsJaKYnvw,Azteca Noticias,2026-05-19T16:35:59+00:00,0.812384,119641,,147271.487375,first_24h
2026-05-20T12:05:48.986097+00:00,JMNTClOgFl4,UCcHtke0raf8vNYLM1Hbq3Jw,Imagen Noticias,2026-05-20T06:53:17+00:00,0.217037,6457,,29750.687671,first_24h
2026-05-20T12:05:48.986097+00:00,s65SX8xJzfc,UCcHtke0raf8vNYLM1Hbq3Jw,Imagen Noticias,2026-05-20T06:52:17+00:00,0.217731,3524,,16185.109148,first_24h
2026-05-20T12:05:48.986097+00:00,i7rw0Yyg1HI,UCcHtke0raf8vNYLM1Hbq3Jw,Imagen Noticias,2026-05-20T06:51:16+00:00,0.218437,6788,,31075.321489,first_24h
2026-05-20T12:05:48.986097+00:00,Y_GvEmWlV5Q,UCcHtke0raf8vNYLM1Hbq3Jw,Imagen Noticias,2026-05-20T05:52:47+00:00,0.259051,9908,,38247.294934,first_24h
2026-05-20T12:05:48.986097+00:00,CAgIo6EDTZY,UCcHtke0raf8vNYLM1Hbq3Jw,Imagen Noticias,2026-05-20T05:42:10+00:00,0.266423,867,,3254.223547,first_24h
2026-05-20T12:05:48.986097+00:00,MezyXlS5REY,UCcHtke0raf8vNYLM1Hbq3Jw,Imagen Noticias,2026-05-20T05:28:07+00:00,0.27618,175,,633.644724,first_24h
2026-05-20T12:05:48.986097+00:00,6tLDjVTo4cA,UCcHtke0raf8vNYLM1Hbq3Jw,Imagen Noticias,2026-05-20T05:15:39+00:00,0.284838,491,,1723.786854,first_24h
2026-05-20T12:05:48.986097+00:00,KDQMLHJNu5I,UCcHtke0raf8vNYLM1Hbq3Jw,Imagen Noticias,2026-05-20T04:55:26+00:00,0.298877,1247,,4172.28492,first_24h
2026-05-20T12:05:48.986097+00:00,Q8nk43Ut7Qw,UCcHtke0raf8vNYLM1Hbq3Jw,Imagen Noticias,2026-05-20T02:56:44+00:00,0.381308,1371,,3595.518583,first_24h
2026-05-20T12:05:48.986097+00:00,cbsfYyS30B8,UCcHtke0raf8vNYLM1Hbq3Jw,Imagen Noticias,2026-05-20T01:19:24+00:00,0.4489,2578,,5742.927155,first_24h
2026-05-20T12:05:48.986097+00:00,QXE5R-sPfEA,UCcHtke0raf8vNYLM1Hbq3Jw,Imagen Noticias,2026-05-20T00:13:28+00:00,0.494687,3170,,6408.09239,first_24h
2026-05-20T12:05:48.986097+00:00,W7KPsTc9Rlo,UCcHtke0raf8vNYLM1Hbq3Jw,Imagen Noticias,2026-05-19T23:21:54+00:00,0.530498,3105,,5852.990963,first_24h
2026-05-20T12:05:48.986097+00:00,ILOntMIz-so,UCcHtke0raf8vNYLM1Hbq3Jw,Imagen Noticias,2026-05-19T22:41:28+00:00,0.558576,2275,,4072.856693,first_24h
2026-05-20T12:05:48.986097+00:00,4xxVLChNqTY,UCcHtke0raf8vNYLM1Hbq3Jw,Imagen Noticias,2026-05-19T22:06:57+00:00,0.582546,722,,1239.387104,first_24h
2026-05-20T12:05:48.986097+00:00,c23mcTvxNkM,UCcHtke0raf8vNYLM1Hbq3Jw,Imagen Noticias,2026-05-19T21:27:04+00:00,0.610243,749,,1227.379913,first_24h
2026-05-20T12:05:48.986097+00:00,xE17IW_WljM,UCcHtke0raf8vNYLM1Hbq3Jw,Imagen Noticias,2026-05-19T20:47:00+00:00,0.638067,10273,,16100.190105,first_24h
2026-05-20T12:05:48.986097+00:00,N9qX5ec370s,UCcHtke0raf8vNYLM1Hbq3Jw,Imagen Noticias,2026-05-19T20:44:18+00:00,0.639942,177,,276.587566,first_24h
2026-05-20T12:05:48.986097+00:00,ojlDrYLYhZQ,UCcHtke0raf8vNYLM1Hbq3Jw,Imagen Noticias,2026-05-19T17:56:17+00:00,0.75662,2077,,2745.103222,first_24h
2026-05-20T12:05:48.986097+00:00,SPngwcXqdpo,UCcHtke0raf8vNYLM1Hbq3Jw,Imagen Noticias,2026-05-19T15:01:12+00:00,0.878206,5622,,6401.687076,first_24h
2026-05-20T12:05:48.986097+00:00,OPOo47xKOME,UCcHtke0raf8vNYLM1Hbq3Jw,Imagen Noticias,2026-05-19T13:00:31+00:00,0.962014,341,,354.464696,first_24h
2026-05-20T12:05:48.986097+00:00,zoz_4YTVMbg,UCcHtke0raf8vNYLM1Hbq3Jw,Imagen Noticias,2026-05-19T12:48:42+00:00,0.97022,7054,,7270.515965,first_24h
2026-05-20T12:05:48.986097+00:00,8DejoTTwcWg,UCcHtke0raf8vNYLM1Hbq3Jw,Imagen Noticias,2026-05-19T12:46:15+00:00,0.971921,140,,144.044629,first_24h
2026-05-20T12:05:48.986097+00:00,QkSO993MrXE,UCcHtke0raf8vNYLM1Hbq3Jw,Imagen Noticias,2026-05-19T07:03:25+00:00,1.21,128,,105.785124,early
2026-05-20T12:05:48.986097+00:00,YTk9H9XVzTA,UCq-Fj5jknLsUf-MWSy4_brA,T-Series,2026-05-20T07:54:49+00:00,0.174305,40962,,235001.864548,first_24h
2026-05-20T12:05:48.986097+00:00,hMIgOGPfdoo,UCpEhnqL0y41EpW2TvWAHD7Q,SET India,2026-05-19T17:45:07+00:00,0.764375,7116,,9309.566639,first_24h
2026-05-20T12:05:48.986097+00:00,yI_bPo5Ddiw,UCpEhnqL0y41EpW2TvWAHD7Q,SET India,2026-05-19T17:30:35+00:00,0.774467,6133,,7918.994612,first_24h
2026-05-20T12:05:48.986097+00:00,GDAhOPTsODY,UCpEhnqL0y41EpW2TvWAHD7Q,SET India,2026-05-19T17:30:21+00:00,0.774629,923,,1191.538143,first_24h
2026-05-20T12:05:48.986097+00:00,KQg6uQudGKY,UCpEhnqL0y41EpW2TvWAHD7Q,SET India,2026-05-19T14:30:37+00:00,0.899444,51272,,57004.104758,first_24h
2026-05-20T12:05:48.986097+00:00,MW74SYeRfAM,UCpEhnqL0y41EpW2TvWAHD7Q,SET India,2026-05-19T14:00:16+00:00,0.920521,22758,,24722.955804,first_24h
2026-05-20T12:05:48.986097+00:00,PwnUv-2b3No,UCpEhnqL0y41EpW2TvWAHD7Q,SET India,2026-05-19T13:17:36+00:00,0.95015,36479,,38392.885334,first_24h
2026-05-20T12:05:48.986097+00:00,6u_-CElfcQM,UCpEhnqL0y41EpW2TvWAHD7Q,SET India,2026-05-19T13:14:14+00:00,0.952488,54068,,56765.019612,first_24h
2026-05-20T12:05:48.986097+00:00,S02qtzghgzg,UCbCmjCuTUZos6Inko4u57UQ,Cocomelon - Nursery Rhymes,2026-05-20T12:00:40+00:00,0.003576,2894,,69456,first_24h
2026-05-20T12:05:48.986097+00:00,Z-8k0y-rGrc,UCJ5v_MCY6GNUBTO8-D3XoAg,WWE,2026-05-20T02:18:47+00:00,0.407662,117483,,288187.27279,first_24h
2026-05-20T12:05:48.986097+00:00,X1fFUevywZA,UCJ5v_MCY6GNUBTO8-D3XoAg,WWE,2026-05-20T02:14:02+00:00,0.41096,141536,,344403.348258,first_24h
2026-05-20T12:05:48.986097+00:00,4IintaZld7A,UCJ5v_MCY6GNUBTO8-D3XoAg,WWE,2026-05-20T02:10:10+00:00,0.413646,61694,,149146.85504,first_24h
2026-05-20T12:05:48.986097+00:00,MQ_5lv6vOeA,UCJ5v_MCY6GNUBTO8-D3XoAg,WWE,2026-05-20T01:47:46+00:00,0.429201,56062,,130619.453356,first_24h
2026-05-20T12:05:48.986097+00:00,EizIYXh49yA,UCJ5v_MCY6GNUBTO8-D3XoAg,WWE,2026-05-20T01:43:53+00:00,0.431898,30994,,71762.31425,first_24h
2026-05-20T12:05:48.986097+00:00,sN1WXvLSUYU,UCJ5v_MCY6GNUBTO8-D3XoAg,WWE,2026-05-20T01:34:26+00:00,0.43846,48059,,109608.630206,first_24h
2026-05-20T12:05:48.986097+00:00,OPcStvq372A,UCJ5v_MCY6GNUBTO8-D3XoAg,WWE,2026-05-20T01:29:32+00:00,0.441863,46923,,106193.548679,first_24h
2026-05-20T12:05:48.986097+00:00,xcWnA2XFZQw,UCJ5v_MCY6GNUBTO8-D3XoAg,WWE,2026-05-20T01:19:56+00:00,0.44853,53019,,118206.140058,first_24h
2026-05-20T12:05:48.986097+00:00,wt9D2JGkgo0,UCJ5v_MCY6GNUBTO8-D3XoAg,WWE,2026-05-20T01:02:23+00:00,0.460717,40393,,87674.212152,first_24h
2026-05-20T12:05:48.986097+00:00,bSAVw52SQdQ,UCJ5v_MCY6GNUBTO8-D3XoAg,WWE,2026-05-20T00:49:00+00:00,0.470011,63044,,134133.030929,first_24h
2026-05-20T12:05:48.986097+00:00,Yf0B8dt_iC4,UCJ5v_MCY6GNUBTO8-D3XoAg,WWE,2026-05-20T00:46:15+00:00,0.471921,68231,,144581.402396,first_24h
2026-05-20T12:05:48.986097+00:00,mpfDviBz9GI,UCJ5v_MCY6GNUBTO8-D3XoAg,WWE,2026-05-20T00:35:32+00:00,0.479363,76535,,159659.798524,first_24h
2026-05-20T12:05:48.986097+00:00,_nSUcqEgrUk,UCJ5v_MCY6GNUBTO8-D3XoAg,WWE,2026-05-19T19:10:00+00:00,0.705428,468155,,663646.750625,first_24h
2026-05-20T12:05:48.986097+00:00,thWVJij6ug8,UCJ5v_MCY6GNUBTO8-D3XoAg,WWE,2026-05-19T18:10:00+00:00,0.747095,420865,,563335.318801,first_24h
2026-05-20T12:05:48.986097+00:00,1wliXfx1NA4,UCJ5v_MCY6GNUBTO8-D3XoAg,WWE,2026-05-19T17:09:52+00:00,0.788854,437433,,554517.058923,first_24h
2026-05-20T12:05:48.986097+00:00,aIhxSW0Cqz4,UCJ5v_MCY6GNUBTO8-D3XoAg,WWE,2026-05-19T16:07:25+00:00,0.832222,114153,,137166.525278,first_24h
2026-05-20T12:05:48.986097+00:00,CxBpHmrHV7M,UCJ5v_MCY6GNUBTO8-D3XoAg,WWE,2026-05-19T15:18:06+00:00,0.86647,68136,,78636.305931,first_24h
2026-05-20T12:05:48.986097+00:00,jlju9xoxNgc,UCvgfXK4nTYKudb0rFR6noLA,UFC,2026-05-19T17:00:55+00:00,0.795069,59239,,74507.998677,first_24h
2026-05-20T12:05:48.986097+00:00,GC-UJG3A2Qo,UCvgfXK4nTYKudb0rFR6noLA,UFC,2026-05-19T14:00:29+00:00,0.92037,82493,,89630.257396,first_24h
2026-05-20T12:05:48.986097+00:00,sC-ZVpX-gnU,UCWJ2lWNubArHWmf3FIHbfcQ,NBA,2026-05-20T05:01:48+00:00,0.294456,10161,,34507.702339,first_24h
2026-05-20T12:05:48.986097+00:00,5GwT1kkc198,UCWJ2lWNubArHWmf3FIHbfcQ,NBA,2026-05-20T05:00:02+00:00,0.295683,29408,,99457.865349,first_24h
2026-05-20T12:05:48.986097+00:00,QcRa5d6akkw,UCWJ2lWNubArHWmf3FIHbfcQ,NBA,2026-05-20T04:14:33+00:00,0.327268,34230,,104593.177457,first_24h
2026-05-20T12:05:48.986097+00:00,tJ0eE5M56bA,UCWJ2lWNubArHWmf3FIHbfcQ,NBA,2026-05-20T04:12:57+00:00,0.328379,30576,,93111.922504,first_24h
2026-05-20T12:05:48.986097+00:00,sp1up71ROIg,UCWJ2lWNubArHWmf3FIHbfcQ,NBA,2026-05-20T04:05:24+00:00,0.333623,9547,,28616.132581,first_24h
2026-05-20T12:05:48.986097+00:00,HL5_Quc9_8s,UCWJ2lWNubArHWmf3FIHbfcQ,NBA,2026-05-20T02:48:26+00:00,0.387072,74792,,193225.033069,first_24h
2026-05-20T12:05:48.986097+00:00,2kz_miJNRIE,UCWJ2lWNubArHWmf3FIHbfcQ,NBA,2026-05-20T01:44:39+00:00,0.431366,72856,,168896.018694,first_24h
2026-05-20T12:05:48.986097+00:00,VweV2jFelok,UCWJ2lWNubArHWmf3FIHbfcQ,NBA,2026-05-20T01:16:55+00:00,0.450625,61323,,136084.327323,first_24h
2026-05-20T12:05:48.986097+00:00,X0tb7P-3hII,UCWJ2lWNubArHWmf3FIHbfcQ,NBA,2026-05-20T01:16:36+00:00,0.450845,34891,,77390.233894,first_24h
2026-05-20T12:05:48.986097+00:00,NFVYpN9O4-I,UCWJ2lWNubArHWmf3FIHbfcQ,NBA,2026-05-20T00:39:32+00:00,0.476585,38316,,80396.991093,first_24h
2026-05-20T12:05:48.986097+00:00,VU9AC0tbUco,UCWJ2lWNubArHWmf3FIHbfcQ,NBA,2026-05-20T00:39:04+00:00,0.47691,24239,,50825.103269,first_24h
2026-05-20T12:05:48.986097+00:00,cM4nrbq0W-I,UCWJ2lWNubArHWmf3FIHbfcQ,NBA,2026-05-19T20:04:45+00:00,0.667407,138539,,207577.984648,first_24h
2026-05-20T12:05:48.986097+00:00,j9-MIsAOIN0,UCWJ2lWNubArHWmf3FIHbfcQ,NBA,2026-05-19T20:04:06+00:00,0.667859,68331,,102313.512283,first_24h
2026-05-20T12:05:48.986097+00:00,7smymtJGToE,UCWJ2lWNubArHWmf3FIHbfcQ,NBA,2026-05-19T20:03:34+00:00,0.668229,281716,,421586.013178,first_24h
2026-05-20T12:05:48.986097+00:00,Irv3Lssop4Y,UCWJ2lWNubArHWmf3FIHbfcQ,NBA,2026-05-19T20:03:10+00:00,0.668507,9375,,14023.787335,first_24h
2026-05-20T12:05:48.986097+00:00,LQjliIya77E,UCDVYQ4Zhbm3S2dlz7P1GBDg,NFL,2026-05-19T18:00:10+00:00,0.753923,36737,,48727.787851,first_24h
2026-05-20T12:05:48.986097+00:00,9CgZqfzmoi0,UCoLrcjPV5PbUrUyXq5mjc_A,MLB,2026-05-20T04:42:43+00:00,0.307708,6589,,21413.157929,first_24h
2026-05-20T12:05:48.986097+00:00,Ikt5_AwsnXg,UCoLrcjPV5PbUrUyXq5mjc_A,MLB,2026-05-20T03:14:41+00:00,0.368842,14694,,39838.196301,first_24h
2026-05-20T12:05:48.986097+00:00,E8ygHD3wrkY,UCoLrcjPV5PbUrUyXq5mjc_A,MLB,2026-05-20T03:10:50+00:00,0.371516,36582,,98466.822425,first_24h
2026-05-20T12:05:48.986097+00:00,o4jYz6eq4JY,UCoLrcjPV5PbUrUyXq5mjc_A,MLB,2026-05-20T02:35:46+00:00,0.395868,21075,,53237.442784,first_24h
2026-05-20T12:05:48.986097+00:00,7Ax__rLltwI,UCoLrcjPV5PbUrUyXq5mjc_A,MLB,2026-05-20T00:28:37+00:00,0.484167,62352,,128782.011166,first_24h
2026-05-20T12:05:48.986097+00:00,M1m3XHr6LKo,UCoLrcjPV5PbUrUyXq5mjc_A,MLB,2026-05-19T19:30:14+00:00,0.691377,99058,,143276.389003,first_24h
2026-05-20T12:05:48.986097+00:00,fcYRiRVh7zo,UCoLrcjPV5PbUrUyXq5mjc_A,MLB,2026-05-19T19:15:31+00:00,0.701597,133403,,190141.919079,first_24h
2026-05-20T12:05:48.986097+00:00,fV8dmLoJpcw,UCoLrcjPV5PbUrUyXq5mjc_A,MLB,2026-05-19T18:30:09+00:00,0.733102,45946,,62673.406975,first_24h
2026-05-20T12:05:48.986097+00:00,-y0myJ3wxPk,UCoLrcjPV5PbUrUyXq5mjc_A,MLB,2026-05-19T17:15:20+00:00,0.785058,59084,,75260.681376,first_24h
2026-05-20T12:05:48.986097+00:00,3y-FlOOOB_Y,UCoLrcjPV5PbUrUyXq5mjc_A,MLB,2026-05-19T16:59:35+00:00,0.795995,5875,,7380.699628,first_24h
2026-05-20T12:05:48.986097+00:00,oByVKZJQODY,UCoLrcjPV5PbUrUyXq5mjc_A,MLB,2026-05-19T16:00:26+00:00,0.837072,41741,,49865.483495,first_24h
2026-05-20T12:05:48.986097+00:00,FqwBgCLpI88,UCoLrcjPV5PbUrUyXq5mjc_A,MLB,2026-05-19T14:30:08+00:00,0.89978,12507,,13900.06446,first_24h
2026-05-20T12:05:48.986097+00:00,LNzxJd25EQI,UCoLrcjPV5PbUrUyXq5mjc_A,MLB,2026-05-19T13:42:37+00:00,0.932778,53626,,57490.6355,first_24h
2026-05-20T12:05:48.986097+00:00,G51P63WpweA,UCpcTrCXblq78GZrTUTLWeBw,FIFA,2026-05-19T18:30:26+00:00,0.732905,26772,,36528.608756,first_24h
2026-05-20T12:05:48.986097+00:00,UVIJkeCXsdE,UCpcTrCXblq78GZrTUTLWeBw,FIFA,2026-05-19T18:00:22+00:00,0.753785,7571,,10043.978057,first_24h
2026-05-20T12:05:48.986097+00:00,7IusJ_KkKSQ,UCTl3QQTvqHFjurroKxexy2Q,Olympics,2026-05-20T11:58:15+00:00,0.005254,576,,13824,first_24h
2026-05-20T12:05:48.986097+00:00,5u7oJTQuulU,UCTl3QQTvqHFjurroKxexy2Q,Olympics,2026-05-19T20:00:02+00:00,0.670683,21592,,32194.046964,first_24h
2026-05-20T12:05:48.986097+00:00,eamxvBWpn0k,UCTl3QQTvqHFjurroKxexy2Q,Olympics,2026-05-19T16:00:48+00:00,0.836817,5523,,6600.009321,first_24h
2026-05-20T12:05:48.986097+00:00,326HsfEUY0g,UCTl3QQTvqHFjurroKxexy2Q,Olympics,2026-05-19T13:54:10+00:00,0.924757,5834,,6308.684335,first_24h
2026-05-20T12:05:48.986097+00:00,hDeB_4BMBys,UCTv-XvfzLX3i4IGWAm4sbmA,LALIGA EA SPORTS,2026-05-20T12:01:12+00:00,0.003206,1041,,24984,first_24h
2026-05-20T12:05:48.986097+00:00,r7ObXQijX0k,UCTv-XvfzLX3i4IGWAm4sbmA,LALIGA EA SPORTS,2026-05-20T08:00:45+00:00,0.170185,12674,,74471.898228,first_24h
2026-05-20T12:05:48.986097+00:00,wrQVhLRqD4I,UCTv-XvfzLX3i4IGWAm4sbmA,LALIGA EA SPORTS,2026-05-20T02:00:41+00:00,0.420231,17842,,42457.600701,first_24h
2026-05-20T12:05:48.986097+00:00,uND-sURkeIQ,UCTv-XvfzLX3i4IGWAm4sbmA,LALIGA EA SPORTS,2026-05-19T20:00:22+00:00,0.670451,22930,,34200.858825,first_24h
2026-05-20T12:05:48.986097+00:00,s_gUM0DhfvU,UCTv-XvfzLX3i4IGWAm4sbmA,LALIGA EA SPORTS,2026-05-19T16:01:18+00:00,0.83647,11257,,13457.745048,first_24h
2026-05-20T12:05:48.986097+00:00,rGG0hake9Ys,UCiWLfSweyRNmLpgEHekhoAg,ESPN,2026-05-20T06:10:50+00:00,0.246516,10103,,40983.141054,first_24h
2026-05-20T12:05:48.986097+00:00,qgkwRAGRhsg,UCiWLfSweyRNmLpgEHekhoAg,ESPN,2026-05-20T05:25:05+00:00,0.278287,17372,,62424.762925,first_24h
2026-05-20T12:05:48.986097+00:00,gv0X2VO3KHU,UCiWLfSweyRNmLpgEHekhoAg,ESPN,2026-05-20T03:50:35+00:00,0.343912,13489,,39222.242899,first_24h
2026-05-20T12:05:48.986097+00:00,X_F45BRcipI,UCiWLfSweyRNmLpgEHekhoAg,ESPN,2026-05-20T03:36:24+00:00,0.353761,25637,,72469.831327,first_24h
2026-05-20T12:05:48.986097+00:00,BppJYZfjxCA,UCiWLfSweyRNmLpgEHekhoAg,ESPN,2026-05-20T03:35:27+00:00,0.354421,18751,,52906.007263,first_24h
2026-05-20T12:05:48.986097+00:00,yfIglsy7dYw,UCiWLfSweyRNmLpgEHekhoAg,ESPN,2026-05-20T03:32:45+00:00,0.356296,7326,,20561.555561,first_24h
2026-05-20T12:05:48.986097+00:00,MgiMigaH1aU,UCiWLfSweyRNmLpgEHekhoAg,ESPN,2026-05-20T01:51:22+00:00,0.426701,20633,,48354.702708,first_24h
2026-05-20T12:05:48.986097+00:00,-oP3S2EctdQ,UCiWLfSweyRNmLpgEHekhoAg,ESPN,2026-05-20T01:42:25+00:00,0.432917,9994,,23085.256527,first_24h
2026-05-20T12:05:48.986097+00:00,rH9vCMoYk_M,UCiWLfSweyRNmLpgEHekhoAg,ESPN,2026-05-20T01:07:34+00:00,0.457118,45623,,99805.739437,first_24h
2026-05-20T12:05:48.986097+00:00,biWFPXKV73E,UCiWLfSweyRNmLpgEHekhoAg,ESPN,2026-05-20T01:06:41+00:00,0.457731,13611,,29735.805528,first_24h
2026-05-20T12:05:48.986097+00:00,N0gTBFW_8BE,UCiWLfSweyRNmLpgEHekhoAg,ESPN,2026-05-20T01:05:00+00:00,0.4589,62795,,136838.091087,first_24h
2026-05-20T12:05:48.986097+00:00,qNaVCTe__pE,UCiWLfSweyRNmLpgEHekhoAg,ESPN,2026-05-19T23:52:40+00:00,0.509132,66934,,131466.888744,first_24h
2026-05-20T12:05:48.986097+00:00,olv6osWOc9Y,UCiWLfSweyRNmLpgEHekhoAg,ESPN,2026-05-19T20:45:00+00:00,0.639456,4980,,7787.869689,first_24h
2026-05-20T12:05:48.986097+00:00,JrVxk9PZh_s,UCiWLfSweyRNmLpgEHekhoAg,ESPN,2026-05-19T19:52:09+00:00,0.676157,189533,,280309.158968,first_24h
2026-05-20T12:05:48.986097+00:00,VIYfVIqhZKE,UCiWLfSweyRNmLpgEHekhoAg,ESPN,2026-05-19T19:51:24+00:00,0.676678,9470,,13994.839495,first_24h
2026-05-20T12:05:48.986097+00:00,6mJ5f4chKWU,UCiWLfSweyRNmLpgEHekhoAg,ESPN,2026-05-19T19:50:54+00:00,0.677025,17396,,25694.767549,first_24h
2026-05-20T12:05:48.986097+00:00,2JqlzXJKefg,UCiWLfSweyRNmLpgEHekhoAg,ESPN,2026-05-19T16:44:16+00:00,0.806632,9401,,11654.633092,first_24h
2026-05-20T12:05:48.986097+00:00,wQoUCRDUS5M,UCiWLfSweyRNmLpgEHekhoAg,ESPN,2026-05-19T15:40:21+00:00,0.851018,29623,,34808.899459,first_24h
2026-05-20T12:05:48.986097+00:00,OJMD2rFdqtg,UCiWLfSweyRNmLpgEHekhoAg,ESPN,2026-05-19T14:59:35+00:00,0.879329,20237,,23014.13919,first_24h
2026-05-20T12:05:48.986097+00:00,AWW8XvhGIeU,UCiWLfSweyRNmLpgEHekhoAg,ESPN,2026-05-19T14:14:17+00:00,0.910787,6934,,7613.19606,first_24h
2026-05-20T12:05:48.986097+00:00,sJOo9oK4bmI,UCiWLfSweyRNmLpgEHekhoAg,ESPN,2026-05-19T13:30:00+00:00,0.941539,4298,,4564.86667,first_24h
2026-05-20T12:05:48.986097+00:00,P3po9xVlZJU,UCiWLfSweyRNmLpgEHekhoAg,ESPN,2026-05-19T13:07:42+00:00,0.957025,19166,,20026.645072,first_24h
2026-05-20T12:05:48.986097+00:00,fnwJ8hskcAY,UCiWLfSweyRNmLpgEHekhoAg,ESPN,2026-05-19T12:40:12+00:00,0.976123,12604,,12912.307158,first_24h
2026-05-20T12:05:48.986097+00:00,v_E09tV8ho8,UCiWLfSweyRNmLpgEHekhoAg,ESPN,2026-05-19T12:33:44+00:00,0.980613,2207,,2250.633022,first_24h
2026-05-20T12:05:48.986097+00:00,nPjkj3eSVYE,UCiWLfSweyRNmLpgEHekhoAg,ESPN,2026-05-19T12:29:46+00:00,0.983368,8365,,8506.479772,first_24h
2026-05-20T12:05:48.986097+00:00,ghR7ImVGNtw,UC08mnbiC4FykqpHqbEWgFcg,ESPN Deportes,2026-05-20T00:30:33+00:00,0.482824,6661,,13795.917353,first_24h
2026-05-20T12:05:48.986097+00:00,fdT3ydTr32I,UC08mnbiC4FykqpHqbEWgFcg,ESPN Deportes,2026-05-19T23:30:08+00:00,0.52478,24599,,46874.880902,first_24h
2026-05-20T12:05:48.986097+00:00,ngqawENEYJU,UC08mnbiC4FykqpHqbEWgFcg,ESPN Deportes,2026-05-19T22:30:25+00:00,0.56625,11603,,20490.949227,first_24h
2026-05-20T12:05:48.986097+00:00,CmzP812PxnQ,UC08mnbiC4FykqpHqbEWgFcg,ESPN Deportes,2026-05-19T21:35:48+00:00,0.604178,10013,,16572.930494,first_24h
2026-05-20T12:05:48.986097+00:00,SllXaJiQjBA,UCX6OQ3DkcsbYNE6H8uQQuVA,MrBeast,2026-05-19T16:00:02+00:00,0.837349,3673182,,4386679.867057,first_24h
2026-05-20T12:05:48.986097+00:00,4pfGAqt2A1U,UCY30JRSgfhYXA6i6xX1erWg,Smosh,2026-05-19T21:00:03+00:00,0.629004,39145,,62233.308532,first_24h
2026-05-20T12:05:48.986097+00:00,_bQ_-bCrFj4,UC4PooiX37Pld1T8J5SYT-SQ,Good Mythical Morning,2026-05-19T17:15:16+00:00,0.785104,77159,,98278.699383,first_24h
2026-05-20T12:05:48.986097+00:00,S_2UM3kJJyk,UCTHaNTsP7hsVgBxARZTuajw,LUZU TV,2026-05-19T23:12:32+00:00,0.537002,720,,1340.777129,first_24h
2026-05-20T12:05:48.986097+00:00,4f8-tQhBKQc,UCTHaNTsP7hsVgBxARZTuajw,LUZU TV,2026-05-19T23:08:54+00:00,0.539525,854,,1582.873824,first_24h
2026-05-20T12:05:48.986097+00:00,U2iJR12NR4Q,UCTHaNTsP7hsVgBxARZTuajw,LUZU TV,2026-05-19T23:06:48+00:00,0.540984,2286,,4225.63329,first_24h
2026-05-20T12:05:48.986097+00:00,-6sKN6L0dGI,UCTHaNTsP7hsVgBxARZTuajw,LUZU TV,2026-05-19T22:38:57+00:00,0.560324,2583,,4609.832882,first_24h
2026-05-20T12:05:48.986097+00:00,0WZk7R_F5fI,UCTHaNTsP7hsVgBxARZTuajw,LUZU TV,2026-05-19T22:10:59+00:00,0.579745,2499,,4310.51583,first_24h
2026-05-20T12:05:48.986097+00:00,hX8fBLXDKH8,UCTHaNTsP7hsVgBxARZTuajw,LUZU TV,2026-05-19T17:43:45+00:00,0.765324,22374,,29234.677078,first_24h
2026-05-20T12:05:48.986097+00:00,HiYxWS3Z2XI,UCTHaNTsP7hsVgBxARZTuajw,LUZU TV,2026-05-19T16:06:38+00:00,0.832766,33956,,40774.959592,first_24h
2026-05-20T12:05:48.986097+00:00,1RZeqHKO12o,UCTHaNTsP7hsVgBxARZTuajw,LUZU TV,2026-05-19T15:27:51+00:00,0.859699,7830,,9107.838906,first_24h
2026-05-20T12:05:48.986097+00:00,0S1DsvGD5w0,UCoGDh1Xa3kUCpok24JN5DKA,enchufetv,2026-05-19T16:17:54+00:00,0.824942,27059,,32801.093895,first_24h
2026-05-20T12:05:48.986097+00:00,oWNo9nE0dao,UCUXLlsi8mQeP0TvGbmSn8iw,Sopitas,2026-05-19T23:07:07+00:00,0.540764,999,,1847.386291,first_24h
2026-05-20T12:05:48.986097+00:00,Su1-F5nSgnc,UCUXLlsi8mQeP0TvGbmSn8iw,Sopitas,2026-05-19T18:09:00+00:00,0.747789,974,,1302.506456,first_24h
2026-05-20T12:05:48.986097+00:00,y4Y4ZgJuTGQ,UCq2otJm7A6jGGcGFEks0HVw,Se Regalan Dudas Podcast,2026-05-19T16:00:30+00:00,0.837025,1153,,1377.497685,first_24h
2026-05-20T12:05:48.986097+00:00,oM5A-h0jaIQ,UCYUQQgogVeQY8cMQamhHJcg,CinemaSins,2026-05-19T19:00:38+00:00,0.711933,3659,,5139.528579,first_24h
2026-05-20T12:05:48.986097+00:00,SdCa5nTCtxw,UC6RTPEfYFMcb0-HLLMEpLdw,Caja de Peliculas,2026-05-19T21:32:47+00:00,0.606273,11732,,19351.018436,first_24h
2026-05-20T12:05:48.986097+00:00,JZy3yPf7dkc,UChBEbMKI1eCcejTtmI32UEw,Joshua Weissman,2026-05-19T14:45:04+00:00,0.88941,435115,,489217.571199,first_24h
2026-05-20T12:05:48.986097+00:00,qpWF7JaHIbM,UCfyehHM_eo4g5JUyWmms2LA,Sorted Food,2026-05-19T14:01:07+00:00,0.91993,30589,,33251.443045,first_24h
2026-05-20T12:05:48.986097+00:00,mkUGesjgU8k,UCucNB6GOncGkTMB55ZrjYvg,Recetas de Esbieta,2026-05-20T09:46:20+00:00,0.096863,1151,,11882.762252,first_24h
2026-05-20T12:05:48.986097+00:00,ChLG_PoHOJE,UCddn8dUxYdgJz3Qr5mjADtA,NutritionFacts.org,2026-05-20T05:00:07+00:00,0.295625,614,,2076.955603,first_24h
2026-05-20T12:05:48.986097+00:00,8OJ1BlqSLFU,UClHVl2N3jPEbkNJVx-ItQIQ,HealthyGamerGG,2026-05-19T23:00:02+00:00,0.545683,50301,,92179.891989,first_24h
2026-05-20T12:05:48.986097+00:00,aGf9483smOA,UClHVl2N3jPEbkNJVx-ItQIQ,HealthyGamerGG,2026-05-19T15:00:01+00:00,0.879028,27314,,31072.957858,first_24h
2026-05-20T12:05:48.986097+00:00,fAQKuSXA4Dk,UCE_M8A5yxnLfW0KghEeajjw,Apple,2026-05-19T20:33:57+00:00,0.647129,3299,,5097.901655,first_24h
2026-05-20T12:05:48.986097+00:00,2m5BCWB02jY,UCK8sQmJBp8GCxrOtXWBpyEA,Google,2026-05-20T01:22:28+00:00,0.446771,13502,,30221.299055,first_24h
2026-05-20T12:05:48.986097+00:00,9N4F774-Cn0,UCK8sQmJBp8GCxrOtXWBpyEA,Google,2026-05-19T23:27:18+00:00,0.526748,12382,,23506.496465,first_24h
2026-05-20T12:05:48.986097+00:00,wPGH9XOJOHo,UCK8sQmJBp8GCxrOtXWBpyEA,Google,2026-05-19T19:17:22+00:00,0.700312,39685,,56667.599584,first_24h
2026-05-20T12:05:48.986097+00:00,uW4B6ziQqvY,UCK8sQmJBp8GCxrOtXWBpyEA,Google,2026-05-19T19:12:49+00:00,0.703472,39415,,56029.237837,first_24h
2026-05-20T12:05:48.986097+00:00,KUyRq7szZsM,UCK8sQmJBp8GCxrOtXWBpyEA,Google,2026-05-19T17:20:43+00:00,0.781319,70802,,90618.556569,first_24h
2026-05-20T12:05:48.986097+00:00,AEH6dBOnE_U,UCP7jMXSY2xbc3KCAE0MHQ-A,Google DeepMind,2026-05-19T17:23:14+00:00,0.779572,7311,,9378.222922,first_24h
2026-05-20T12:05:48.986097+00:00,InDbkyr7qug,UCuFFtHWoLl5fauMMD5Ww2jA,CBC News,2026-05-19T22:11:08+00:00,0.579641,86917,,149949.710252,first_24h
2026-05-20T12:05:48.986097+00:00,qgfD4FIhflc,UCuFFtHWoLl5fauMMD5Ww2jA,CBC News,2026-05-19T22:00:48+00:00,0.586817,28690,,48890.880803,first_24h
2026-05-20T12:05:48.986097+00:00,4x-_VuUW25k,UCoMdktPbSTixAyNGwb-UYkQ,Sky News,2026-05-20T09:36:33+00:00,0.103657,2489,,24011.885353,first_24h
2026-05-20T12:05:48.986097+00:00,95vlrUvxrWU,UCoMdktPbSTixAyNGwb-UYkQ,Sky News,2026-05-19T22:40:56+00:00,0.558947,18989,,33972.809587,first_24h
2026-05-20T12:05:48.986097+00:00,J8T9PNcqFoo,UCoMdktPbSTixAyNGwb-UYkQ,Sky News,2026-05-19T21:46:06+00:00,0.597025,11308,,18940.580378,first_24h
2026-05-20T12:05:48.986097+00:00,G7CM6exqyn0,UCoMdktPbSTixAyNGwb-UYkQ,Sky News,2026-05-19T21:09:25+00:00,0.6225,15423,,24775.903614,first_24h
2026-05-20T12:05:48.986097+00:00,MxlFLPkVCsI,UCoMdktPbSTixAyNGwb-UYkQ,Sky News,2026-05-19T18:15:04+00:00,0.743576,4962,,6673.157821,first_24h
2026-05-20T12:05:48.986097+00:00,Qkp7gsUed9U,UCIRYBXDze5krPDzAEOxFGVA,Guardian News,2026-05-20T00:30:36+00:00,0.482789,3609,,7475.315303,first_24h
2026-05-20T12:05:48.986097+00:00,YrxWRTGeVwA,UCIRYBXDze5krPDzAEOxFGVA,Guardian News,2026-05-19T16:45:48+00:00,0.805567,3871,,4805.311042,first_24h
2026-05-20T12:05:48.986097+00:00,7reBIy1vTaU,UChqUTb7kYRX8-EiaN3XFrSQ,Reuters,2026-05-20T12:02:06+00:00,0.002581,28,,672,first_24h
2026-05-20T12:05:48.986097+00:00,WeF2UysZeWs,UChqUTb7kYRX8-EiaN3XFrSQ,Reuters,2026-05-20T11:27:15+00:00,0.026782,3471,,83304,first_24h
2026-05-20T12:05:48.986097+00:00,W_Qn4wvLWu0,UChqUTb7kYRX8-EiaN3XFrSQ,Reuters,2026-05-20T11:11:47+00:00,0.037523,3726,,89424,first_24h
2026-05-20T12:05:48.986097+00:00,ubyW5wy76xA,UChqUTb7kYRX8-EiaN3XFrSQ,Reuters,2026-05-20T11:01:32+00:00,0.044641,638,,14291.794539,first_24h
2026-05-20T12:05:48.986097+00:00,-O4JNpeap9Y,UChqUTb7kYRX8-EiaN3XFrSQ,Reuters,2026-05-20T10:14:06+00:00,0.077581,336,,4330.957322,first_24h
2026-05-20T12:05:48.986097+00:00,E1wUrCMCAUk,UChqUTb7kYRX8-EiaN3XFrSQ,Reuters,2026-05-20T10:06:22+00:00,0.082951,769,,9270.533206,first_24h
2026-05-20T12:05:48.986097+00:00,3IQ_KUg1-C8,UChqUTb7kYRX8-EiaN3XFrSQ,Reuters,2026-05-20T09:58:30+00:00,0.088414,211,,2386.499876,first_24h
2026-05-20T12:05:48.986097+00:00,tIieAJU9VwA,UChqUTb7kYRX8-EiaN3XFrSQ,Reuters,2026-05-20T08:29:45+00:00,0.150046,1324,,8823.960652,first_24h
2026-05-20T12:05:48.986097+00:00,ZkkYRaG7AIA,UChqUTb7kYRX8-EiaN3XFrSQ,Reuters,2026-05-20T08:23:44+00:00,0.154224,207,,1342.203548,first_24h
2026-05-20T12:05:48.986097+00:00,sZqiRCY1j2w,UChqUTb7kYRX8-EiaN3XFrSQ,Reuters,2026-05-20T08:16:58+00:00,0.158923,430,,2705.712829,first_24h
2026-05-20T12:05:48.986097+00:00,OWuSyi2E3B4,UChqUTb7kYRX8-EiaN3XFrSQ,Reuters,2026-05-20T05:23:47+00:00,0.27919,18445,,66066.119847,first_24h
2026-05-20T12:05:48.986097+00:00,Xn2sV4BKgnw,UChqUTb7kYRX8-EiaN3XFrSQ,Reuters,2026-05-20T05:14:52+00:00,0.285382,13509,,47336.55241,first_24h
2026-05-20T12:05:48.986097+00:00,WTHzVEAHowg,UChqUTb7kYRX8-EiaN3XFrSQ,Reuters,2026-05-20T03:45:50+00:00,0.34721,694,,1998.790357,first_24h
2026-05-20T12:05:48.986097+00:00,evbC_WV_BCM,UChqUTb7kYRX8-EiaN3XFrSQ,Reuters,2026-05-20T03:42:36+00:00,0.349456,1900,,5437.022114,first_24h
2026-05-20T12:05:48.986097+00:00,al8rD1ck2zE,UChqUTb7kYRX8-EiaN3XFrSQ,Reuters,2026-05-20T03:23:47+00:00,0.362523,11939,,32933.082866,first_24h
2026-05-20T12:05:48.986097+00:00,BVA0aG1Ipis,UChqUTb7kYRX8-EiaN3XFrSQ,Reuters,2026-05-20T02:49:56+00:00,0.38603,2603,,6742.999249,first_24h
2026-05-20T12:05:48.986097+00:00,IqdafQFuXYA,UChqUTb7kYRX8-EiaN3XFrSQ,Reuters,2026-05-20T02:47:16+00:00,0.387882,13050,,33644.252634,first_24h
2026-05-20T12:05:48.986097+00:00,rjHd6KK8IdE,UChqUTb7kYRX8-EiaN3XFrSQ,Reuters,2026-05-20T02:23:59+00:00,0.404051,4821,,11931.662092,first_24h
2026-05-20T12:05:48.986097+00:00,6pLLFXd-NeY,UChqUTb7kYRX8-EiaN3XFrSQ,Reuters,2026-05-19T21:51:55+00:00,0.592986,1188,,2003.41998,first_24h
2026-05-20T12:05:48.986097+00:00,CDUBZSbe9AQ,UChqUTb7kYRX8-EiaN3XFrSQ,Reuters,2026-05-19T21:49:17+00:00,0.594815,1721,,2893.336584,first_24h
2026-05-20T12:05:48.986097+00:00,19sideFLwq4,UChqUTb7kYRX8-EiaN3XFrSQ,Reuters,2026-05-19T20:43:29+00:00,0.640509,1545,,2412.144092,first_24h
2026-05-20T12:05:48.986097+00:00,sXks9mER1fQ,UChqUTb7kYRX8-EiaN3XFrSQ,Reuters,2026-05-19T20:37:26+00:00,0.64471,1397,,2166.865723,first_24h
2026-05-20T12:05:48.986097+00:00,JLYCBpu7ROk,UChqUTb7kYRX8-EiaN3XFrSQ,Reuters,2026-05-19T19:02:38+00:00,0.710544,490,,689.612466,first_24h
2026-05-20T12:05:48.986097+00:00,TpBGzwPOmO8,UChqUTb7kYRX8-EiaN3XFrSQ,Reuters,2026-05-19T18:59:27+00:00,0.712754,520,,729.564478,first_24h
2026-05-20T12:05:48.986097+00:00,ILUk4pOqW7Q,UChqUTb7kYRX8-EiaN3XFrSQ,Reuters,2026-05-19T18:13:45+00:00,0.744491,1405,,1887.195413,first_24h
2026-05-20T12:05:48.986097+00:00,Bhthup5-rpQ,UChqUTb7kYRX8-EiaN3XFrSQ,Reuters,2026-05-19T18:03:30+00:00,0.751609,2538,,3376.755733,first_24h
2026-05-20T12:05:48.986097+00:00,tuWItDDu6L4,UChqUTb7kYRX8-EiaN3XFrSQ,Reuters,2026-05-19T17:00:41+00:00,0.795231,2386,,3000.386051,first_24h
2026-05-20T12:05:48.986097+00:00,F08Yw84iq0E,UChqUTb7kYRX8-EiaN3XFrSQ,Reuters,2026-05-19T16:56:18+00:00,0.798275,21181,,26533.462779,first_24h
2026-05-20T12:05:48.986097+00:00,qRaTK8cw8No,UChqUTb7kYRX8-EiaN3XFrSQ,Reuters,2026-05-19T16:46:08+00:00,0.805335,3322,,4124.991463,first_24h
2026-05-20T12:05:48.986097+00:00,UdU2Up3qomI,UChqUTb7kYRX8-EiaN3XFrSQ,Reuters,2026-05-19T16:17:01+00:00,0.825555,1330,,1611.037423,first_24h
2026-05-20T12:05:48.986097+00:00,KdmGan7AbRQ,UChqUTb7kYRX8-EiaN3XFrSQ,Reuters,2026-05-19T15:41:03+00:00,0.850532,2056,,2417.310577,first_24h
2026-05-20T12:05:48.986097+00:00,zNHdbYiSBF4,UChqUTb7kYRX8-EiaN3XFrSQ,Reuters,2026-05-19T13:15:06+00:00,0.951886,1781,,1871.02237,first_24h
2026-05-20T12:05:48.986097+00:00,n8Q1nfb9LQg,UChqUTb7kYRX8-EiaN3XFrSQ,Reuters,2026-05-19T13:01:08+00:00,0.961585,1995,,2074.699585,first_24h
2026-05-20T12:05:48.986097+00:00,6-HcFQ6aZpU,UChqUTb7kYRX8-EiaN3XFrSQ,Reuters,2026-05-19T12:32:51+00:00,0.981227,866,,882.568458,first_24h
2026-05-20T12:05:48.986097+00:00,LBn6plNJptk,UChqUTb7kYRX8-EiaN3XFrSQ,Reuters,2026-05-19T12:32:10+00:00,0.981701,2137,,2176.833883,first_24h
2026-05-20T12:05:48.986097+00:00,565PDex1cHQ,UChqUTb7kYRX8-EiaN3XFrSQ,Reuters,2026-05-19T12:30:07+00:00,0.983125,1526,,1552.193261,first_24h
2026-05-20T12:05:48.986097+00:00,KZZDU6Sb7Z8,UC52X5wxOL_s5yw0dQk7NtgA,Associated Press,2026-05-20T11:18:44+00:00,0.032697,95,,2280,first_24h
2026-05-20T12:05:48.986097+00:00,XUqU-BL-qGo,UC52X5wxOL_s5yw0dQk7NtgA,Associated Press,2026-05-20T11:02:09+00:00,0.044213,1470,,33248.139687,first_24h
2026-05-20T12:05:48.986097+00:00,-kNLXSVpoOU,UC52X5wxOL_s5yw0dQk7NtgA,Associated Press,2026-05-20T10:38:01+00:00,0.060972,700,,11480.679656,first_24h
2026-05-20T12:05:48.986097+00:00,3it-OKYhkJM,UC52X5wxOL_s5yw0dQk7NtgA,Associated Press,2026-05-20T09:47:22+00:00,0.096146,526,,5470.846421,first_24h
2026-05-20T12:05:48.986097+00:00,QAzI4o1boag,UC52X5wxOL_s5yw0dQk7NtgA,Associated Press,2026-05-20T09:42:25+00:00,0.099583,727,,7300.442847,first_24h
2026-05-20T12:05:48.986097+00:00,W-U4c1tPW7o,UC52X5wxOL_s5yw0dQk7NtgA,Associated Press,2026-05-20T09:39:35+00:00,0.101551,982,,9670.018021,first_24h
2026-05-20T12:05:48.986097+00:00,bV5WcSQbGKM,UC52X5wxOL_s5yw0dQk7NtgA,Associated Press,2026-05-20T09:00:18+00:00,0.128831,15334,,119024.147915,first_24h
2026-05-20T12:05:48.986097+00:00,joDzsDZq79M,UC52X5wxOL_s5yw0dQk7NtgA,Associated Press,2026-05-20T07:03:21+00:00,0.210046,967,,4603.753464,first_24h
2026-05-20T12:05:48.986097+00:00,MywmF_Q0_Qw,UC52X5wxOL_s5yw0dQk7NtgA,Associated Press,2026-05-20T05:45:35+00:00,0.264051,5411,,20492.25339,first_24h
2026-05-20T12:05:48.986097+00:00,aX6epJrkgZk,UC52X5wxOL_s5yw0dQk7NtgA,Associated Press,2026-05-20T04:22:36+00:00,0.321678,21827,,67853.567854,first_24h
2026-05-20T12:05:48.986097+00:00,h1v0HnSuG3Y,UC52X5wxOL_s5yw0dQk7NtgA,Associated Press,2026-05-20T02:45:11+00:00,0.389329,11875,,30501.195647,first_24h
2026-05-20T12:05:48.986097+00:00,ouM4iJDuUUY,UC52X5wxOL_s5yw0dQk7NtgA,Associated Press,2026-05-20T01:47:51+00:00,0.429143,1212,,2824.233414,first_24h
2026-05-20T12:05:48.986097+00:00,IvkiRiLN1SQ,UC52X5wxOL_s5yw0dQk7NtgA,Associated Press,2026-05-20T01:04:51+00:00,0.459004,2339,,5095.816158,first_24h
2026-05-20T12:05:48.986097+00:00,nJ9Jr6qAoxg,UC52X5wxOL_s5yw0dQk7NtgA,Associated Press,2026-05-19T22:27:16+00:00,0.568437,1710,,3008.248935,first_24h
2026-05-20T12:05:48.986097+00:00,SBW1orJJHnE,UC52X5wxOL_s5yw0dQk7NtgA,Associated Press,2026-05-19T19:37:20+00:00,0.686447,1690,,2461.952634,first_24h
2026-05-20T12:05:48.986097+00:00,fd2zz7rGUws,UC52X5wxOL_s5yw0dQk7NtgA,Associated Press,2026-05-19T17:31:45+00:00,0.773657,2283,,2950.920111,first_24h
2026-05-20T12:05:48.986097+00:00,mefZrYAhIHY,UC52X5wxOL_s5yw0dQk7NtgA,Associated Press,2026-05-19T16:27:36+00:00,0.818206,9474,,11578.99111,first_24h
2026-05-20T12:05:48.986097+00:00,i4Hm--2EWfc,UCNye-wNBqNL5ZzHSJj3l8Bg,Al Jazeera English,2026-05-20T08:05:57+00:00,0.166574,3653,,21930.193187,first_24h
2026-05-20T12:05:48.986097+00:00,uAYgzmb4rrE,UCNye-wNBqNL5ZzHSJj3l8Bg,Al Jazeera English,2026-05-20T04:49:27+00:00,0.303032,10650,,35144.803189,first_24h
2026-05-20T12:05:48.986097+00:00,i_EIe3zDyqc,UCNye-wNBqNL5ZzHSJj3l8Bg,Al Jazeera English,2026-05-20T04:11:16+00:00,0.329548,3554,,10784.468423,first_24h
2026-05-20T12:05:48.986097+00:00,j-tGDsc4USw,UCNye-wNBqNL5ZzHSJj3l8Bg,Al Jazeera English,2026-05-20T02:43:43+00:00,0.390347,17871,,45782.342377,first_24h
2026-05-20T12:05:48.986097+00:00,U9ag5d4gSMk,UCNye-wNBqNL5ZzHSJj3l8Bg,Al Jazeera English,2026-05-20T01:16:39+00:00,0.45081,10543,,23386.792662,first_24h
2026-05-20T12:05:48.986097+00:00,teT5i-QKdD4,UCNye-wNBqNL5ZzHSJj3l8Bg,Al Jazeera English,2026-05-19T21:01:59+00:00,0.627662,27514,,43835.695008,first_24h
2026-05-20T12:05:48.986097+00:00,yufQGuZJp9Y,UCNye-wNBqNL5ZzHSJj3l8Bg,Al Jazeera English,2026-05-19T20:13:39+00:00,0.661227,47273,,71492.845876,first_24h
2026-05-20T12:05:48.986097+00:00,UuqxevZmXfk,UCNye-wNBqNL5ZzHSJj3l8Bg,Al Jazeera English,2026-05-19T19:43:07+00:00,0.68243,6260,,9173.102003,first_24h
2026-05-20T12:05:48.986097+00:00,M5QA8fBMdSw,UCNye-wNBqNL5ZzHSJj3l8Bg,Al Jazeera English,2026-05-19T18:55:34+00:00,0.715451,13584,,18986.62522,first_24h
2026-05-20T12:05:48.986097+00:00,fib_asGOxyg,UCNye-wNBqNL5ZzHSJj3l8Bg,Al Jazeera English,2026-05-19T18:51:10+00:00,0.718507,2646,,3682.636356,first_24h
2026-05-20T12:05:48.986097+00:00,3a5BoyQgDBs,UCNye-wNBqNL5ZzHSJj3l8Bg,Al Jazeera English,2026-05-19T18:37:02+00:00,0.728322,1317,,1808.266124,first_24h
2026-05-20T12:05:48.986097+00:00,H91umyYZj9E,UCNye-wNBqNL5ZzHSJj3l8Bg,Al Jazeera English,2026-05-19T17:44:49+00:00,0.764583,20037,,26206.441943,first_24h
2026-05-20T12:05:48.986097+00:00,_9u2QFfVH-E,UCNye-wNBqNL5ZzHSJj3l8Bg,Al Jazeera English,2026-05-19T17:21:02+00:00,0.781099,22049,,28228.175942,first_24h
2026-05-20T12:05:48.986097+00:00,kqlTGHbZeHI,UCNye-wNBqNL5ZzHSJj3l8Bg,Al Jazeera English,2026-05-19T15:35:53+00:00,0.85412,2790,,3266.519927,first_24h
2026-05-20T12:05:48.986097+00:00,GFsY9YYdvA8,UCNye-wNBqNL5ZzHSJj3l8Bg,Al Jazeera English,2026-05-19T14:14:41+00:00,0.910509,7688,,8443.628783,first_24h
2026-05-20T12:05:48.986097+00:00,veffzumCVJE,UCNye-wNBqNL5ZzHSJj3l8Bg,Al Jazeera English,2026-05-19T12:55:23+00:00,0.965579,10882,,11269.921985,first_24h
2026-05-20T12:05:48.986097+00:00,NLZS61xqj1E,UCNye-wNBqNL5ZzHSJj3l8Bg,Al Jazeera English,2026-05-19T12:32:16+00:00,0.981632,17321,,17645.105294,first_24h
2026-05-20T12:05:48.986097+00:00,dYaR7xMDU2g,UCknLrEdhRCp1aegoMqRaCZg,DW News,2026-05-20T07:18:52+00:00,0.199271,5330,,26747.494618,first_24h
2026-05-20T12:05:48.986097+00:00,T86fj2xsOYs,UCknLrEdhRCp1aegoMqRaCZg,DW News,2026-05-20T02:00:18+00:00,0.420498,13166,,31310.493748,first_24h
2026-05-20T12:05:48.986097+00:00,6Utg7VsXROM,UCknLrEdhRCp1aegoMqRaCZg,DW News,2026-05-20T01:16:57+00:00,0.450602,8362,,18557.39655,first_24h
2026-05-20T12:05:48.986097+00:00,sgJCs81ommA,UCknLrEdhRCp1aegoMqRaCZg,DW News,2026-05-19T23:49:29+00:00,0.511342,6069,,11868.768847,first_24h
2026-05-20T12:05:48.986097+00:00,Obn_7zJWz4Q,UCz8QaiQxApLq8sLNcszYyJw,Firstpost,2026-05-20T11:47:59+00:00,0.012384,213,,5112,first_24h
2026-05-20T12:05:48.986097+00:00,pfAREXq-Zlk,UCz8QaiQxApLq8sLNcszYyJw,Firstpost,2026-05-20T11:36:22+00:00,0.020451,694,,16656,first_24h
2026-05-20T12:05:48.986097+00:00,cgNN2um1wCI,UCz8QaiQxApLq8sLNcszYyJw,Firstpost,2026-05-20T11:33:36+00:00,0.022373,648,,15552,first_24h
2026-05-20T12:05:48.986097+00:00,siXec_2HHC0,UCz8QaiQxApLq8sLNcszYyJw,Firstpost,2026-05-20T11:28:45+00:00,0.025741,2215,,53160,first_24h
2026-05-20T12:05:48.986097+00:00,uUROuIb0YUU,UCz8QaiQxApLq8sLNcszYyJw,Firstpost,2026-05-20T11:21:31+00:00,0.030764,596,,14304,first_24h
2026-05-20T12:05:48.986097+00:00,AcCDWSTV6r4,UCz8QaiQxApLq8sLNcszYyJw,Firstpost,2026-05-20T08:16:09+00:00,0.159491,5081,,31857.59698,first_24h
2026-05-20T12:05:48.986097+00:00,Vb2RU7nYnGY,UCz8QaiQxApLq8sLNcszYyJw,Firstpost,2026-05-20T07:04:26+00:00,0.209294,99710,,476411.1728,first_24h
2026-05-20T12:05:48.986097+00:00,femfnw28qyE,UCz8QaiQxApLq8sLNcszYyJw,Firstpost,2026-05-20T06:35:45+00:00,0.229213,4281,,18676.951133,first_24h
2026-05-20T12:05:48.986097+00:00,qvQJuwUw03w,UCz8QaiQxApLq8sLNcszYyJw,Firstpost,2026-05-20T06:22:27+00:00,0.238449,5597,,23472.524523,first_24h
2026-05-20T12:05:48.986097+00:00,piClsnHvge8,UCz8QaiQxApLq8sLNcszYyJw,Firstpost,2026-05-19T18:30:02+00:00,0.733183,5919,,8073.018605,first_24h
2026-05-20T12:05:48.986097+00:00,fsRGLV72glk,UCz8QaiQxApLq8sLNcszYyJw,Firstpost,2026-05-19T18:13:15+00:00,0.744838,6291,,8446.131911,first_24h
2026-05-20T12:05:48.986097+00:00,rHhC7kTPZG4,UCz8QaiQxApLq8sLNcszYyJw,Firstpost,2026-05-19T18:10:16+00:00,0.74691,16965,,22713.579949,first_24h
2026-05-20T12:05:48.986097+00:00,h01mMcqo_lY,UCz8QaiQxApLq8sLNcszYyJw,Firstpost,2026-05-19T18:08:06+00:00,0.748414,7009,,9365.137477,first_24h
2026-05-20T12:05:48.986097+00:00,11W9N8GNgIY,UCz8QaiQxApLq8sLNcszYyJw,Firstpost,2026-05-19T18:04:24+00:00,0.750984,2512,,3344.944766,first_24h
2026-05-20T12:05:48.986097+00:00,cdEYgW6qIo8,UCz8QaiQxApLq8sLNcszYyJw,Firstpost,2026-05-19T18:02:45+00:00,0.752129,2916,,3876.994505,first_24h
2026-05-20T12:05:48.986097+00:00,L77rDHX7860,UCz8QaiQxApLq8sLNcszYyJw,Firstpost,2026-05-19T18:00:28+00:00,0.753715,7286,,9666.783864,first_24h
2026-05-20T12:05:48.986097+00:00,evABmKcY0tM,UCz8QaiQxApLq8sLNcszYyJw,Firstpost,2026-05-19T17:56:40+00:00,0.756354,5951,,7868.008895,first_24h
2026-05-20T12:05:48.986097+00:00,54ZJa-5S-pE,UCz8QaiQxApLq8sLNcszYyJw,Firstpost,2026-05-19T17:52:15+00:00,0.759421,3101,,4083.374044,first_24h
2026-05-20T12:05:48.986097+00:00,fH4xTkKl2Ow,UCz8QaiQxApLq8sLNcszYyJw,Firstpost,2026-05-19T17:49:43+00:00,0.76118,20157,,26481.252792,first_24h
2026-05-20T12:05:48.986097+00:00,V051LnE-JWc,UCz8QaiQxApLq8sLNcszYyJw,Firstpost,2026-05-19T17:46:43+00:00,0.763264,10914,,14299.115378,first_24h
2026-05-20T12:05:48.986097+00:00,jeyJH2_phJc,UCz8QaiQxApLq8sLNcszYyJw,Firstpost,2026-05-19T17:17:57+00:00,0.783241,4387,,5601.085745,first_24h
2026-05-20T12:05:48.986097+00:00,9Gj-LIYoGMs,UCz8QaiQxApLq8sLNcszYyJw,Firstpost,2026-05-19T16:27:55+00:00,0.817986,6993,,8549.046072,first_24h
2026-05-20T12:05:48.986097+00:00,8XfB9WzomJo,UCz8QaiQxApLq8sLNcszYyJw,Firstpost,2026-05-19T16:23:47+00:00,0.820856,88138,,107373.278626,first_24h
2026-05-20T12:05:48.986097+00:00,hulRoJsBNNU,UCz8QaiQxApLq8sLNcszYyJw,Firstpost,2026-05-19T15:49:05+00:00,0.844954,9157,,10837.276349,first_24h
2026-05-20T12:05:48.986097+00:00,3kZoQyLTObo,UCz8QaiQxApLq8sLNcszYyJw,Firstpost,2026-05-19T14:02:15+00:00,0.919143,22617,,24606.617251,first_24h
2026-05-20T12:05:48.986097+00:00,3DYkfb_BXVw,UCz8QaiQxApLq8sLNcszYyJw,Firstpost,2026-05-19T13:54:05+00:00,0.924815,167403,,181012.4187,first_24h
2026-05-20T12:05:48.986097+00:00,KQnNXqZRC4E,UCz8QaiQxApLq8sLNcszYyJw,Firstpost,2026-05-19T13:07:17+00:00,0.957315,4306,,4497.997002,first_24h
2026-05-20T12:05:48.986097+00:00,AmFd54rPpis,UCz8QaiQxApLq8sLNcszYyJw,Firstpost,2026-05-19T12:39:10+00:00,0.97684,4562,,4670.160927,first_24h
2026-05-20T12:05:48.986097+00:00,il91wLNVW4M,UCTrQ7HXWRRxr7OsOtodr2_w,Channel 4 News,2026-05-20T11:43:34+00:00,0.015451,353,,8472,first_24h
2026-05-20T12:05:48.986097+00:00,8HpFjBBHoUQ,UCTrQ7HXWRRxr7OsOtodr2_w,Channel 4 News,2026-05-20T11:30:56+00:00,0.024224,1067,,25608,first_24h
2026-05-20T12:05:48.986097+00:00,4NdFpiQr2zw,UCTrQ7HXWRRxr7OsOtodr2_w,Channel 4 News,2026-05-20T11:28:40+00:00,0.025798,1332,,31968,first_24h
2026-05-20T12:05:48.986097+00:00,1HmNn1VxXpU,UCTrQ7HXWRRxr7OsOtodr2_w,Channel 4 News,2026-05-20T09:16:45+00:00,0.117407,2010,,17119.933224,first_24h
2026-05-20T12:05:48.986097+00:00,_DGZdJsVswA,UCTrQ7HXWRRxr7OsOtodr2_w,Channel 4 News,2026-05-19T16:31:11+00:00,0.815717,3008,,3687.553404,first_24h
2026-05-20T12:05:48.986097+00:00,RJ2j-IqOod8,UC6ZFN9Tx6xh-skXCuRHCDpQ,PBS NewsHour,2026-05-19T17:07:20+00:00,0.790613,4581,,5794.238142,first_24h
2026-05-20T12:05:48.986097+00:00,1lfzjmDm2Gc,UCFxHplbcoJK9m70c4VyTIxg,MILENIO,2026-05-20T06:37:19+00:00,0.228125,718,,3147.39726,first_24h
2026-05-20T12:05:48.986097+00:00,SEevRWzoC5E,UCFxHplbcoJK9m70c4VyTIxg,MILENIO,2026-05-20T05:37:48+00:00,0.269456,12857,,47714.654712,first_24h
2026-05-20T12:05:48.986097+00:00,MGeQnyQKFM8,UCFxHplbcoJK9m70c4VyTIxg,MILENIO,2026-05-20T04:00:13+00:00,0.337222,2633,,7807.912888,first_24h
2026-05-20T12:05:48.986097+00:00,cSFAR3UFosg,UCFxHplbcoJK9m70c4VyTIxg,MILENIO,2026-05-20T03:00:23+00:00,0.378773,1967,,5193.083984,first_24h
2026-05-20T12:05:48.986097+00:00,VylhIiLIdhk,UCFxHplbcoJK9m70c4VyTIxg,MILENIO,2026-05-20T02:45:03+00:00,0.389421,4195,,10772.403132,first_24h
2026-05-20T12:05:48.986097+00:00,acQkzHiL7xs,UCFxHplbcoJK9m70c4VyTIxg,MILENIO,2026-05-20T02:01:39+00:00,0.41956,13891,,33108.494613,first_24h
2026-05-20T12:05:48.986097+00:00,Y6MHCwD5q3Y,UCFxHplbcoJK9m70c4VyTIxg,MILENIO,2026-05-20T01:00:20+00:00,0.462141,2667,,5770.966004,first_24h
2026-05-20T12:05:48.986097+00:00,lNFsEMW9pa4,UCFxHplbcoJK9m70c4VyTIxg,MILENIO,2026-05-19T23:59:19+00:00,0.504514,472,,935.55382,first_24h
2026-05-20T12:05:48.986097+00:00,M_ebA2jzNWo,UCFxHplbcoJK9m70c4VyTIxg,MILENIO,2026-05-19T21:32:12+00:00,0.606678,13105,,21601.244812,first_24h
2026-05-20T12:05:48.986097+00:00,D0Sds0h3Z9M,UCFxHplbcoJK9m70c4VyTIxg,MILENIO,2026-05-19T20:39:06+00:00,0.643553,23415,,36383.949729,first_24h
2026-05-20T12:05:48.986097+00:00,FCkeoYrFASg,UCFxHplbcoJK9m70c4VyTIxg,MILENIO,2026-05-19T19:26:17+00:00,0.69412,1021,,1470.927217,first_24h
2026-05-20T12:05:48.986097+00:00,yoNIpv7JVx8,UCFxHplbcoJK9m70c4VyTIxg,MILENIO,2026-05-19T19:04:45+00:00,0.709074,5569,,7853.905234,first_24h
2026-05-20T12:05:48.986097+00:00,v_DO_aC1CeY,UCFxHplbcoJK9m70c4VyTIxg,MILENIO,2026-05-19T18:06:04+00:00,0.749826,19593,,26130.062174,first_24h
2026-05-20T12:05:48.986097+00:00,dJiFOQWm6FU,UCFxHplbcoJK9m70c4VyTIxg,MILENIO,2026-05-19T17:14:58+00:00,0.785312,1853,,2359.571737,first_24h
2026-05-20T12:05:48.986097+00:00,DqbQ5RMZyUE,UCFxHplbcoJK9m70c4VyTIxg,MILENIO,2026-05-19T16:23:58+00:00,0.820729,2073,,2525.80328,first_24h
2026-05-20T12:05:48.986097+00:00,8fEH7IlbD3Q,UCqaOSuXiGdnuoqXBda-XD2A,Canal Once,2026-05-20T01:48:23+00:00,0.428773,458,,1068.164273,first_24h
2026-05-20T12:05:48.986097+00:00,N6jUOpkMCMg,UCoz3Kpu5lv-ALhR4h9bDvcw,shroud,2026-05-19T17:57:37+00:00,0.755694,112225,,148505.876717,first_24h
2026-05-20T12:05:48.986097+00:00,ezZmtloKPLY,UCvCfpQXRXdJdL07pzTIA6Cw,Kai Cenat Live,2026-05-19T14:03:49+00:00,0.918055,696931,,759138.6137,first_24h
2026-05-20T12:05:48.986097+00:00,71w2bUdxop4,UCvCfpQXRXdJdL07pzTIA6Cw,Kai Cenat Live,2026-05-19T13:58:08+00:00,0.922002,650563,,705598.252498,first_24h
2026-05-20T12:05:48.986097+00:00,KHooqK3Hijs,UCWsDFcIhY2DBi3GB5uykGXA,IShowSpeed,2026-05-19T13:00:21+00:00,0.962129,1991491,,2069879.402866,first_24h
2026-05-20T12:05:48.986097+00:00,TYzl5hBIIA8,UCey-eDTR5J6xU6pZ2f4guoA,Adin Live,2026-05-19T14:00:29+00:00,0.92037,274500,,298249.617002,first_24h
2026-05-20T12:05:48.986097+00:00,hLlyhGaw1Ns,UCujyjxsq5FZNVnQro51zKSQ,fuslie,2026-05-19T15:01:04+00:00,0.878298,72145,,82141.824301,first_24h
2026-05-20T12:05:48.986097+00:00,bmfQsc0ZOCQ,UChl76B7zqfMcNzfMi9vJruw,Mizkif,2026-05-20T05:17:05+00:00,0.283842,1934,,6813.649847,first_24h
2026-05-20T12:05:48.986097+00:00,dOl-IZ7uzpY,UCjiXtODGCCulmhwypZAWSag,Jynxzi,2026-05-19T17:00:46+00:00,0.795173,375748,,472536.165086,first_24h
2026-05-20T12:05:48.986097+00:00,iia_faoi1hY,UCi7TVXyvrIwqeS9tfYD8UDA,DjMaRiiO,2026-05-19T15:17:44+00:00,0.866724,165654,,191126.58701,first_24h
2026-05-20T12:05:48.986097+00:00,XBdXWnZ59Wo,UCYVinkwSX7szARULgYpvhLw,Ali-A,2026-05-19T15:01:30+00:00,0.877998,27273,,31062.713127,first_24h
2026-05-20T12:05:48.986097+00:00,QiTWdB3WNC0,UCYLNGLIzMhRTi6ZOLjAPSmw,Shakira,2026-05-19T15:47:14+00:00,0.846238,68566,,81024.487201,first_24h
2026-05-20T12:05:48.986097+00:00,pGZg3L1nbIg,UC3IZKseVpdzPSBaWxBxundA,HYBE LABELS,2026-05-20T12:01:18+00:00,0.003136,1589,,38136,first_24h
2026-05-20T12:05:48.986097+00:00,V9ttgoD6fDw,UC3IZKseVpdzPSBaWxBxundA,HYBE LABELS,2026-05-19T15:00:00+00:00,0.879039,341205,,388156.839458,first_24h
2026-05-20T12:05:48.986097+00:00,rpLw85zyu4I,UCiMhD4jzUqG-IgPzUmmytRQ,Queen Official,2026-05-19T14:00:57+00:00,0.920046,25728,,27963.8192,first_24h
2026-05-20T12:05:48.986097+00:00,moGNRe1iiBo,UChGJGhZ9SOOHvBB0Y4DOO_w,Ryan's World,2026-05-20T12:01:10+00:00,0.003229,142,,3408,first_24h
2026-05-20T12:05:48.986097+00:00,c34GTI6p6Ik,UCAOtE1V7Ots4DjM8JLlrYgg,Peppa Pig - Official Channel,2026-05-19T23:00:35+00:00,0.545301,43991,,80672.876081,first_24h
2026-05-20T12:05:48.986097+00:00,ugl0ageEqo4,UCAOtE1V7Ots4DjM8JLlrYgg,Peppa Pig - Official Channel,2026-05-19T23:00:30+00:00,0.545359,43696,,80123.368277,first_24h
2026-05-20T12:05:48.986097+00:00,a5HY17U2VdQ,UC5PYHgAzJ1wLEidB58SK6Xw,Blippi - Educational Videos for Kids,2026-05-20T12:00:01+00:00,0.004028,463,,11112,first_24h
2026-05-20T12:05:48.986097+00:00,yL_IybiFmNU,UCUe6ZpY6TJ0no8jI4l2iLxw,Nick Jr.,2026-05-19T18:00:51+00:00,0.753449,19652,,26082.720927,first_24h
2026-05-20T12:05:48.986097+00:00,As0Svf-ee5Y,UCUe6ZpY6TJ0no8jI4l2iLxw,Nick Jr.,2026-05-19T18:00:03+00:00,0.754004,18227,,24173.611811,first_24h
2026-05-20T12:05:48.986097+00:00,RdWzJ2MM6yo,UCvksjnr7kInzcIjMpJpqF2A,Little Angel: Nursery Rhymes & Kids Songs,2026-05-19T17:00:36+00:00,0.795289,11475,,14428.717108,first_24h
2026-05-20T12:05:48.986097+00:00,Nwzr1lGk-48,UC2xjgvWb9cx5F637XjsUNxw,toycantando,2026-05-19T15:00:26+00:00,0.878738,24561,,27950.310559,first_24h
2026-05-20T12:05:48.986097+00:00,G8yi67J9aF0,UCtwslQPB_xJfaFuZv0OETNw,Kings League Spain,2026-05-20T10:34:45+00:00,0.063241,889,,14057.336222,first_24h
2026-05-20T12:05:48.986097+00:00,2X9uwJJCsAk,UCtwslQPB_xJfaFuZv0OETNw,Kings League Spain,2026-05-19T20:53:03+00:00,0.633866,1147,,1809.530721,first_24h
2026-05-20T12:05:48.986097+00:00,DenuTTvfl_I,UCtwslQPB_xJfaFuZv0OETNw,Kings League Spain,2026-05-19T20:45:34+00:00,0.639062,6573,,10285.38702,first_24h
2026-05-20T12:05:48.986097+00:00,eV-j2z_jLrI,UCtwslQPB_xJfaFuZv0OETNw,Kings League Spain,2026-05-19T19:40:14+00:00,0.684433,1824,,2664.979625,first_24h
2026-05-20T12:05:48.986097+00:00,f_VISZWPXBA,UCtwslQPB_xJfaFuZv0OETNw,Kings League Spain,2026-05-19T19:36:04+00:00,0.687326,14574,,21203.911972,first_24h
2026-05-20T12:05:48.986097+00:00,i2dLseWgQQY,UCtwslQPB_xJfaFuZv0OETNw,Kings League Spain,2026-05-19T19:33:46+00:00,0.688923,3637,,5279.254721,first_24h
2026-05-20T12:05:48.986097+00:00,Kh_JUQoaBWo,UCtwslQPB_xJfaFuZv0OETNw,Kings League Spain,2026-05-19T19:28:57+00:00,0.692268,8458,,12217.811599,first_24h
2026-05-20T12:05:48.986097+00:00,6JhiWYmS6-Q,UCtwslQPB_xJfaFuZv0OETNw,Kings League Spain,2026-05-19T19:09:01+00:00,0.706111,13780,,19515.345321,first_24h
2026-05-20T12:05:48.986097+00:00,YAJBYnrqcAA,UCtwslQPB_xJfaFuZv0OETNw,Kings League Spain,2026-05-19T19:04:52+00:00,0.708993,1838,,2592.409234,first_24h
2026-05-20T12:05:48.986097+00:00,xFWavSl5BE4,UCtwslQPB_xJfaFuZv0OETNw,Kings League Spain,2026-05-19T19:03:16+00:00,0.710104,1218,,1715.241711,first_24h
2026-05-20T12:05:48.986097+00:00,0ui0b2R9_Ds,UCtwslQPB_xJfaFuZv0OETNw,Kings League Spain,2026-05-19T18:59:04+00:00,0.713021,975,,1367.421156,first_24h
2026-05-20T12:05:48.986097+00:00,SnvuiN8kokc,UCtwslQPB_xJfaFuZv0OETNw,Kings League Spain,2026-05-19T18:55:19+00:00,0.715625,1500,,2096.069869,first_24h
2026-05-20T12:05:48.986097+00:00,u0ZfCSxy9Ws,UCtwslQPB_xJfaFuZv0OETNw,Kings League Spain,2026-05-19T18:42:11+00:00,0.724745,2853,,3936.556996,first_24h
2026-05-20T12:05:48.986097+00:00,i0xhUJREygU,UCtwslQPB_xJfaFuZv0OETNw,Kings League Spain,2026-05-19T17:49:41+00:00,0.761204,1200,,1576.44994,first_24h
2026-05-20T12:05:48.986097+00:00,J4pieWACM5s,UC-2hhqBG5Su7s91_HmhaODQ,Fox Deportes,2026-05-20T08:45:57+00:00,0.138796,260,,1873.252831,first_24h
2026-05-20T12:05:48.986097+00:00,9wKTLnXAiLs,UC-2hhqBG5Su7s91_HmhaODQ,Fox Deportes,2026-05-20T08:45:03+00:00,0.139421,183,,1312.571277,first_24h
2026-05-20T12:05:48.986097+00:00,AAcrkJvWR4Y,UC-2hhqBG5Su7s91_HmhaODQ,Fox Deportes,2026-05-20T08:44:20+00:00,0.139919,153,,1093.489805,first_24h
2026-05-20T12:05:48.986097+00:00,_kEwRqe6BI8,UC-2hhqBG5Su7s91_HmhaODQ,Fox Deportes,2026-05-20T06:48:42+00:00,0.22022,42,,190.718373,first_24h
2026-05-20T12:05:48.986097+00:00,7VfmStN0MoM,UC-2hhqBG5Su7s91_HmhaODQ,Fox Deportes,2026-05-20T06:46:59+00:00,0.221412,63,,284.537423,first_24h
2026-05-20T12:05:48.986097+00:00,JV0dQU61viA,UC-2hhqBG5Su7s91_HmhaODQ,Fox Deportes,2026-05-20T06:46:03+00:00,0.22206,25,,112.582185,first_24h
2026-05-20T12:05:48.986097+00:00,ttzUQ0piTDw,UC-2hhqBG5Su7s91_HmhaODQ,Fox Deportes,2026-05-20T06:44:30+00:00,0.223136,28,,125.48401,first_24h
2026-05-20T12:05:48.986097+00:00,sTifZjgwnfQ,UCurvRE5fGcdUgCYWgh-BDsg,DAZN Boxing,2026-05-20T09:32:03+00:00,0.106782,20331,,190397.257965,first_24h
2026-05-20T12:05:48.986097+00:00,MsNJgrLYlns,UCurvRE5fGcdUgCYWgh-BDsg,DAZN Boxing,2026-05-19T14:00:22+00:00,0.920451,26513,,28804.357864,first_24h
2026-05-20T12:05:48.986097+00:00,lt8qDy3EuHU,UCurvRE5fGcdUgCYWgh-BDsg,DAZN Boxing,2026-05-19T12:29:52+00:00,0.983298,29761,,30266.511271,first_24h
2026-05-20T12:05:48.986097+00:00,r0pcMctBtj8,UCGXbLrVe8vnkiFv7q2vYv3w,El Mundo,2026-05-15T12:36:32+00:00,4.978669,703,-2,141.202398,early
2026-05-20T12:05:48.986097+00:00,L6BYv_xtlf0,UCGXbLrVe8vnkiFv7q2vYv3w,El Mundo,2026-05-14T11:16:47+00:00,6.034051,1764,-2,292.340917,early
2026-05-20T12:05:48.986097+00:00,9Olfg4u1RRw,UCiWLfSweyRNmLpgEHekhoAg,ESPN,2026-05-14T01:22:24+00:00,6.446817,12646,-2,1961.588176,early
2026-05-20T12:05:48.986097+00:00,JDkbvAGZWAw,UC-2hhqBG5Su7s91_HmhaODQ,Fox Deportes,2026-05-14T07:36:55+00:00,6.186736,7851,-2,1269.005175,early
2026-05-20T12:05:48.986097+00:00,KR2mLztB4q8,UC-2hhqBG5Su7s91_HmhaODQ,Fox Deportes,2026-05-14T02:03:54+00:00,6.417998,1656,-2,258.024387,early
2026-05-20T12:05:48.986097+00:00,y-5Io5BYnKg,UC-2hhqBG5Su7s91_HmhaODQ,Fox Deportes,2026-05-13T21:07:29+00:00,6.623842,14876,-2,2245.826516,early
2026-05-20T12:05:48.986097+00:00,s3Vr9Z8ofmQ,UCGXbLrVe8vnkiFv7q2vYv3w,El Mundo,2026-05-13T10:48:10+00:00,7.053923,4489,-3,636.383471,active
2026-05-20T12:05:48.986097+00:00,cbTUEkW2fvY,UCiWLfSweyRNmLpgEHekhoAg,ESPN,2026-05-14T14:00:00+00:00,5.920706,11201,-3,1891.835197,early
2026-05-20T12:05:48.986097+00:00,cuS9z4X949s,UCiWLfSweyRNmLpgEHekhoAg,ESPN,2026-05-14T01:00:23+00:00,6.462106,16010,-3,2477.520486,early
2026-05-20T12:05:48.986097+00:00,ZXeNql01iQE,UCiWLfSweyRNmLpgEHekhoAg,ESPN,2026-05-14T00:57:46+00:00,6.463923,11817,-3,1828.146777,early
2026-05-20T12:05:48.986097+00:00,4jWw71136qI,UC-2hhqBG5Su7s91_HmhaODQ,Fox Deportes,2026-05-15T05:11:10+00:00,5.287951,2708,-3,512.10762,early
2026-05-20T12:05:48.986097+00:00,pnC3atvz9D0,UCwd8Byi93KbnsYmCcKLExvQ,Negocios TV,2026-05-15T01:30:37+00:00,5.441111,17602,-4,3235.001087,early
2026-05-20T12:05:48.986097+00:00,HX25j6-Cr0U,UCeY0bbntWzzVIaj2z3QigXg,NBC News,2026-05-13T01:09:38+00:00,7.455683,4676,-4,627.172588,active
2026-05-20T12:05:48.986097+00:00,sXVXDLvQkvA,UCGXbLrVe8vnkiFv7q2vYv3w,El Mundo,2026-05-15T09:45:32+00:00,5.097419,1894,-4,371.560588,early
2026-05-20T12:05:48.986097+00:00,w9zYff8WYNQ,UClLLRs_mFTsNT5U-DqTYAGg,La Vanguardia,2026-05-13T13:10:17+00:00,6.955231,918,-4,131.986989,early
2026-05-20T12:05:48.986097+00:00,2RM2PBq2Ia0,UCnsvJeZO4RigQ898WdDNoBw,EL PAÍS,2026-05-12T18:14:20+00:00,7.744085,20715,-5,2674.944813,active
2026-05-20T12:05:48.986097+00:00,t257uhKomSI,UCGXbLrVe8vnkiFv7q2vYv3w,El Mundo,2026-05-14T10:32:49+00:00,6.064583,46296,-5,7633.830718,early
2026-05-20T12:05:48.986097+00:00,hkiwyuOI2OM,UClLLRs_mFTsNT5U-DqTYAGg,La Vanguardia,2026-05-14T12:55:23+00:00,5.965579,995,-5,166.790181,early
2026-05-20T12:05:48.986097+00:00,2i7sK_9SCLI,UCUsm-fannqOY02PNN67C0KA,NMás,2026-05-15T16:41:37+00:00,4.808472,4302,-5,894.670906,early
2026-05-20T12:05:48.986097+00:00,LKD-wfMnPi0,UCoMdktPbSTixAyNGwb-UYkQ,Sky News,2026-05-14T09:34:00+00:00,6.105428,14791,-5,2422.598383,early
2026-05-20T12:05:48.986097+00:00,gnOXwXSvDuE,UChqUTb7kYRX8-EiaN3XFrSQ,Reuters,2026-05-15T17:49:31+00:00,4.761319,1496,-5,314.19865,early
2026-05-20T12:05:48.986097+00:00,2N-iEpEpl9w,UChqUTb7kYRX8-EiaN3XFrSQ,Reuters,2026-05-15T17:22:46+00:00,4.779896,2621,-5,548.33829,early
2026-05-20T12:05:48.986097+00:00,P7CM_dSPGdE,UC-2hhqBG5Su7s91_HmhaODQ,Fox Deportes,2026-05-14T07:39:26+00:00,6.184988,750,-5,121.261351,early
2026-05-20T12:05:48.986097+00:00,zrEE0WVCn6E,UCUsm-fannqOY02PNN67C0KA,NMás,2026-05-14T06:00:43+00:00,6.253542,6224,-6,995.275957,early
2026-05-20T12:05:48.986097+00:00,mxmWN70kbm8,UCiWLfSweyRNmLpgEHekhoAg,ESPN,2026-05-14T03:13:11+00:00,6.369884,20526,-6,3222.350674,early
2026-05-20T12:05:48.986097+00:00,L4xwnZgTMGI,UC-2hhqBG5Su7s91_HmhaODQ,Fox Deportes,2026-05-15T02:18:00+00:00,5.408206,4430,-7,819.125603,early
2026-05-20T12:05:48.986097+00:00,siYZQjp1UZg,UCM-GvgUy0EAZU7ZwXKLarkg,López-Dóriga,2026-05-13T23:35:00+00:00,6.5214,10962,-8,1680.927408,early
2026-05-20T12:05:48.986097+00:00,XGbFog9LxrE,UCGXbLrVe8vnkiFv7q2vYv3w,El Mundo,2026-05-14T10:02:28+00:00,6.08566,18819,-9,3092.351528,early
2026-05-20T12:05:48.986097+00:00,rQw2hOC3kwg,UClLLRs_mFTsNT5U-DqTYAGg,La Vanguardia,2026-05-15T12:06:54+00:00,4.999248,1691,-10,338.250873,early
2026-05-20T12:05:48.986097+00:00,mQ9Fb8tgFWg,UCUP6qv-_EIL0hwTsJaKYnvw,Azteca Noticias,2026-05-13T17:15:53+00:00,6.784676,7165,-11,1056.056325,early
2026-05-20T12:05:48.986097+00:00,k541v97D2YQ,UC52X5wxOL_s5yw0dQk7NtgA,Associated Press,2026-05-13T19:14:42+00:00,6.702164,4005,-11,597.568188,early
2026-05-20T12:05:48.986097+00:00,1QIE0VZOoxQ,UCv85NiROLKddHa0fBATwTzw,Victor Robles WEB,2026-05-13T22:07:00+00:00,6.582511,7725,-12,1173.564313,early
2026-05-20T12:05:48.986097+00:00,Tq6OREa2Y34,UCGXbLrVe8vnkiFv7q2vYv3w,El Mundo,2026-05-14T11:22:11+00:00,6.030301,1863,-12,308.939803,early
2026-05-20T12:05:48.986097+00:00,aIC3NEC9c_8,UCiWLfSweyRNmLpgEHekhoAg,ESPN,2026-05-14T02:55:36+00:00,6.382095,14857,-12,2327.918967,early
2026-05-20T12:05:48.986097+00:00,kEsCIHrU9to,UC52X5wxOL_s5yw0dQk7NtgA,Associated Press,2026-05-15T05:50:18+00:00,5.260775,10042,-12,1908.844229,early
2026-05-20T12:05:48.986097+00:00,KJVfWiPvK38,UC-2hhqBG5Su7s91_HmhaODQ,Fox Deportes,2026-05-14T07:46:02+00:00,6.180405,669,-14,108.245333,early
2026-05-20T12:05:48.986097+00:00,xL6DJbVn5eo,UCFxHplbcoJK9m70c4VyTIxg,MILENIO,2026-05-16T00:04:02+00:00,4.501238,1469,-15,326.354661,early
2026-05-20T12:05:48.986097+00:00,y41aIOMZD38,UClLLRs_mFTsNT5U-DqTYAGg,La Vanguardia,2026-05-13T15:03:21+00:00,6.876713,5179,-17,753.12144,early
2026-05-20T12:05:48.986097+00:00,R6ELuxJPriE,UChqUTb7kYRX8-EiaN3XFrSQ,Reuters,2026-05-15T07:06:41+00:00,5.207731,6612,-17,1269.650833,early
2026-05-20T12:05:48.986097+00:00,qTusKew_SDk,UC-2hhqBG5Su7s91_HmhaODQ,Fox Deportes,2026-05-14T07:47:09+00:00,6.179629,1172,-17,189.655398,early
2026-05-20T12:05:48.986097+00:00,kI3bkeo75qI,UC-2hhqBG5Su7s91_HmhaODQ,Fox Deportes,2026-05-14T07:40:37+00:00,6.184167,14910,-17,2410.995693,early
2026-05-20T12:05:48.986097+00:00,6xh1NiQpJjA,UCiWLfSweyRNmLpgEHekhoAg,ESPN,2026-05-16T03:24:19+00:00,4.362153,8376,-18,1920.152732,early
2026-05-20T12:05:48.986097+00:00,TILtm1Umh68,UC-2hhqBG5Su7s91_HmhaODQ,Fox Deportes,2026-05-14T07:37:31+00:00,6.186319,8759,-19,1415.866204,early
2026-05-20T12:05:48.986097+00:00,Id7pqiqes1c,UC52X5wxOL_s5yw0dQk7NtgA,Associated Press,2026-05-15T18:25:47+00:00,4.736134,4659,-20,983.713721,early
2026-05-20T12:05:48.986097+00:00,TpcWBbzJ6ag,UCGXbLrVe8vnkiFv7q2vYv3w,El Mundo,2026-05-14T09:55:24+00:00,6.090567,4071,-21,668.410675,early
2026-05-20T12:05:48.986097+00:00,ONPgzHM90hE,UCWJ2lWNubArHWmf3FIHbfcQ,NBA,2026-05-16T02:39:48+00:00,4.393067,43964,-21,10007.586955,early
2026-05-20T12:05:48.986097+00:00,iyglmGJZO2Y,UCGXbLrVe8vnkiFv7q2vYv3w,El Mundo,2026-05-14T19:57:22+00:00,5.672535,7722,-23,1361.29614,early
2026-05-20T12:05:48.986097+00:00,sV-nw1Xls8w,UCGXbLrVe8vnkiFv7q2vYv3w,El Mundo,2026-05-13T19:14:34+00:00,6.702257,20268,-24,3024.055926,early
2026-05-20T12:05:48.986097+00:00,iZ9LX030jvE,UCGXbLrVe8vnkiFv7q2vYv3w,El Mundo,2026-05-14T10:34:53+00:00,6.063148,6483,-25,1069.246537,early
2026-05-20T12:05:48.986097+00:00,ZAB6H0sN2BA,UCeY0bbntWzzVIaj2z3QigXg,NBC News,2026-05-15T23:32:55+00:00,4.522847,6761,-26,1494.8549,early
2026-05-20T12:05:48.986097+00:00,q2sePcdMbRQ,UCafNntv_qTQB26AvbEQNHPw,Aristegui Noticias,2026-05-12T21:32:29+00:00,7.606481,6058,-26,796.4261,active
2026-05-20T12:05:48.986097+00:00,PswxfGUXK_g,UCiWLfSweyRNmLpgEHekhoAg,ESPN,2026-05-15T23:50:54+00:00,4.510359,7100,-27,1574.154075,early
2026-05-20T12:05:48.986097+00:00,WK6ADWo65AA,UClLLRs_mFTsNT5U-DqTYAGg,La Vanguardia,2026-05-14T13:28:29+00:00,5.942592,8573,-29,1442.636479,early
2026-05-20T12:05:48.986097+00:00,YjqV6JYF8sY,UCcHtke0raf8vNYLM1Hbq3Jw,Imagen Noticias,2026-05-15T06:15:20+00:00,5.243391,9185,-30,1751.728986,early
2026-05-20T12:05:48.986097+00:00,uUgWXcGrTc4,UC52X5wxOL_s5yw0dQk7NtgA,Associated Press,2026-05-15T06:45:43+00:00,5.222292,8983,-31,1720.125952,early
2026-05-20T12:05:48.986097+00:00,OocKacs7xI4,UCnsvJeZO4RigQ898WdDNoBw,EL PAÍS,2026-05-13T02:36:57+00:00,7.395046,6288,-33,850.29897,active
2026-05-20T12:05:48.986097+00:00,q7QfRKhFe8w,UCGXbLrVe8vnkiFv7q2vYv3w,El Mundo,2026-05-15T10:10:31+00:00,5.080069,5244,-33,1032.269444,early
2026-05-20T12:05:48.986097+00:00,nKNsFFDBjzQ,UCYUQQgogVeQY8cMQamhHJcg,CinemaSins,2026-05-14T14:01:11+00:00,5.919884,27940,-33,4719.687075,early
2026-05-20T12:05:48.986097+00:00,R5LO08f8i-I,UCGXbLrVe8vnkiFv7q2vYv3w,El Mundo,2026-05-15T19:35:02+00:00,4.688044,2805,-34,598.330562,early
2026-05-20T12:05:48.986097+00:00,1iAqPg_3PrU,UCGXbLrVe8vnkiFv7q2vYv3w,El Mundo,2026-05-15T07:58:41+00:00,5.17162,16374,-34,3166.125895,early
2026-05-20T12:05:48.986097+00:00,U4PrUy472EI,UCiWLfSweyRNmLpgEHekhoAg,ESPN,2026-05-15T00:26:24+00:00,5.485706,25597,-34,4666.126839,early
2026-05-20T12:05:48.986097+00:00,Q3w6KVCtVIM,UC8p1vwvWtl6T73JiExfWs1g,CBS News,2026-05-15T00:15:21+00:00,5.493379,11480,-36,2089.788453,early
2026-05-20T12:05:48.986097+00:00,-CU7WFY4X6U,UCiWLfSweyRNmLpgEHekhoAg,ESPN,2026-05-16T02:42:36+00:00,4.391123,22193,-37,5054.060203,early
2026-05-20T12:05:48.986097+00:00,fxQcQLVtNTE,UCnsvJeZO4RigQ898WdDNoBw,EL PAÍS,2026-05-12T17:20:22+00:00,7.781562,104828,-38,13471.331334,active
2026-05-20T12:05:48.986097+00:00,BUvOXjyF7Nk,UCeY0bbntWzzVIaj2z3QigXg,NBC News,2026-05-13T17:34:28+00:00,6.771771,1672,-40,246.907345,early
2026-05-20T12:05:48.986097+00:00,JiXgn4OT5js,UC-2hhqBG5Su7s91_HmhaODQ,Fox Deportes,2026-05-14T07:38:23+00:00,6.185717,7783,-43,1258.221157,early
2026-05-20T12:05:48.986097+00:00,Ft_vHUQOoZE,UCafNntv_qTQB26AvbEQNHPw,Aristegui Noticias,2026-05-15T01:00:24+00:00,5.462095,123652,-46,22638.200178,early
2026-05-20T12:05:48.986097+00:00,Tkduh-SlEPA,UCTrQ7HXWRRxr7OsOtodr2_w,Channel 4 News,2026-05-15T12:24:02+00:00,4.987349,20560,-48,4122.430574,early
2026-05-20T12:05:48.986097+00:00,SHfBdjAlBHk,UCiWLfSweyRNmLpgEHekhoAg,ESPN,2026-05-15T23:45:06+00:00,4.514386,3609,-51,799.444266,early
2026-05-20T12:05:48.986097+00:00,gniJ_YRt9uM,UC08mnbiC4FykqpHqbEWgFcg,ESPN Deportes,2026-05-13T20:44:02+00:00,6.640127,29982,-67,4515.275084,early
2026-05-20T12:05:48.986097+00:00,UPTzIXTjn8E,UClLLRs_mFTsNT5U-DqTYAGg,La Vanguardia,2026-05-12T10:42:06+00:00,8.058136,34608,-70,4294.789763,active
2026-05-20T12:05:48.986097+00:00,4vue8iQt5jI,UCwd8Byi93KbnsYmCcKLExvQ,Negocios TV,2026-05-15T02:30:07+00:00,5.399792,25199,-73,4666.661234,early
2026-05-20T12:05:48.986097+00:00,6QFhTwj9xnA,UCiWLfSweyRNmLpgEHekhoAg,ESPN,2026-05-15T12:33:31+00:00,4.980764,23629,-75,4744.051314,early
2026-05-20T12:05:48.986097+00:00,WdxJGS5GKp4,UCWJ2lWNubArHWmf3FIHbfcQ,NBA,2026-05-16T01:01:14+00:00,4.461516,40348,-76,9043.562771,early
2026-05-20T12:05:48.986097+00:00,aau_ub0aAlo,UCGXbLrVe8vnkiFv7q2vYv3w,El Mundo,2026-05-14T12:50:53+00:00,5.968704,11297,-78,1892.705686,early
2026-05-20T12:05:48.986097+00:00,4qG6XbR9hic,UC6ZFN9Tx6xh-skXCuRHCDpQ,PBS NewsHour,2026-05-15T14:19:19+00:00,4.907292,10574,-81,2154.75256,early
2026-05-20T12:05:48.986097+00:00,fKFVq54SL0s,UCFxHplbcoJK9m70c4VyTIxg,MILENIO,2026-05-16T00:00:51+00:00,4.503449,39678,-92,8810.580513,early
2026-05-20T12:05:48.986097+00:00,v7eiWGrDwFg,UCTl3QQTvqHFjurroKxexy2Q,Olympics,2026-05-15T16:00:31+00:00,4.837014,25219,-100,5213.753775,early
2026-05-20T12:05:48.986097+00:00,v3Dj9lvaDrg,UCiWLfSweyRNmLpgEHekhoAg,ESPN,2026-05-15T18:08:52+00:00,4.747882,13693,-104,2884.022813,early
2026-05-20T12:05:48.986097+00:00,zbJcPhwFEk0,UCwd8Byi93KbnsYmCcKLExvQ,Negocios TV,2026-05-15T14:30:51+00:00,4.899282,11695,-105,2387.084475,early
2026-05-20T12:05:48.986097+00:00,eFeCf0kMq58,UCGXbLrVe8vnkiFv7q2vYv3w,El Mundo,2026-05-15T07:31:50+00:00,5.190266,8264,-106,1592.211266,early
2026-05-20T12:05:48.986097+00:00,Mbu_CcRB7SE,UCiWLfSweyRNmLpgEHekhoAg,ESPN,2026-05-15T16:06:39+00:00,4.832754,12827,-106,2654.180204,early
2026-05-20T12:05:48.986097+00:00,2HZRC3Vd_18,UCiWLfSweyRNmLpgEHekhoAg,ESPN,2026-05-14T17:39:40+00:00,5.76816,4139,-111,717.559846,early
2026-05-20T12:05:48.986097+00:00,v04jyzElZzM,UC52X5wxOL_s5yw0dQk7NtgA,Associated Press,2026-05-14T21:34:36+00:00,5.605011,14340,-113,2558.424952,early
2026-05-20T12:05:48.986097+00:00,Qa8_RuxX6n0,UCGXbLrVe8vnkiFv7q2vYv3w,El Mundo,2026-05-14T19:54:11+00:00,5.674745,4703,-117,828.759706,early
2026-05-20T12:05:48.986097+00:00,tPHZRTELsgg,UCeY0bbntWzzVIaj2z3QigXg,NBC News,2026-05-14T21:45:37+00:00,5.597361,20252,-118,3618.133617,early
2026-05-20T12:05:48.986097+00:00,RKLNEgaP8tE,UC16niRr50-MSBwiO3YDb3RA,BBC News,2026-05-13T19:10:00+00:00,6.705428,20156,-128,3005.922963,early
2026-05-20T12:05:48.986097+00:00,g2dRbz4V9vU,UCoLrcjPV5PbUrUyXq5mjc_A,MLB,2026-05-13T18:00:30+00:00,6.753692,18508,-128,2740.427014,early
2026-05-20T12:05:48.986097+00:00,FgfFZoCRDjA,UCcHtke0raf8vNYLM1Hbq3Jw,Imagen Noticias,2026-05-16T00:00:31+00:00,4.50368,13782,-130,3060.164132,early
2026-05-20T12:05:48.986097+00:00,hiAFaJWkfvI,UC08mnbiC4FykqpHqbEWgFcg,ESPN Deportes,2026-05-14T00:30:22+00:00,6.482951,13563,-135,2092.102809,early
2026-05-20T12:05:48.986097+00:00,NaWC8BQn89E,UClLLRs_mFTsNT5U-DqTYAGg,La Vanguardia,2026-05-13T07:05:47+00:00,7.208356,6294,-137,873.153324,active
2026-05-20T12:05:48.986097+00:00,PszDiDnD0f4,UCiWLfSweyRNmLpgEHekhoAg,ESPN,2026-05-15T17:00:22+00:00,4.795451,9003,-142,1877.404232,early
2026-05-20T12:05:48.986097+00:00,WwPh8Y7QZ6w,UC52X5wxOL_s5yw0dQk7NtgA,Associated Press,2026-05-13T20:41:48+00:00,6.641678,26661,-218,4014.196412,early
2026-05-20T12:05:48.986097+00:00,J8C-i_8OtR8,UC52X5wxOL_s5yw0dQk7NtgA,Associated Press,2026-05-15T19:49:59+00:00,4.677662,132294,-297,28282.07767,early
2026-05-20T12:05:48.986097+00:00,jEVVx86aNXk,UC52X5wxOL_s5yw0dQk7NtgA,Associated Press,2026-05-15T01:30:16+00:00,5.441354,17224,-308,3165.388615,early
2026-05-20T12:05:48.986097+00:00,lYVjxQzDr4I,UC52X5wxOL_s5yw0dQk7NtgA,Associated Press,2026-05-14T11:10:19+00:00,6.038542,23578,-347,3904.584915,early
2026-05-20T12:05:48.986097+00:00,zYztb2VK_N0,UCoLrcjPV5PbUrUyXq5mjc_A,MLB,2026-05-15T00:25:23+00:00,5.486412,68602,-377,12503.982566,early
2026-05-20T12:05:48.986097+00:00,HLakLfseBA4,UCoLrcjPV5PbUrUyXq5mjc_A,MLB,2026-05-14T01:21:10+00:00,6.447673,123991,-402,19230.348685,early
2026-05-20T12:05:48.986097+00:00,I3khGiwj27s,UCFxHplbcoJK9m70c4VyTIxg,MILENIO,2026-05-15T02:00:13+00:00,5.420555,37701,-431,6955.191858,early
2026-05-20T12:05:48.986097+00:00,4r4OUct1fSE,UCiWLfSweyRNmLpgEHekhoAg,ESPN,2026-05-13T18:30:20+00:00,6.732974,117640,-488,17472.219557,early
2026-05-20T12:05:48.986097+00:00,cpZcJQ8Hjlw,UCTv-XvfzLX3i4IGWAm4sbmA,LALIGA EA SPORTS,2026-05-13T16:00:55+00:00,6.836736,1340406,-515,196059.347619,early
2026-05-20T12:05:48.986097+00:00,Xuw-VZU8d30,UCiWLfSweyRNmLpgEHekhoAg,ESPN,2026-05-14T04:32:35+00:00,6.314745,100308,-559,15884.726937,early
2026-05-20T12:05:48.986097+00:00,LK_YkMLmfKc,UCFxHplbcoJK9m70c4VyTIxg,MILENIO,2026-05-15T23:00:19+00:00,4.545486,50062,-611,11013.563786,early
2026-05-20T12:05:48.986097+00:00,ddiQMk_JJkw,UCiWLfSweyRNmLpgEHekhoAg,ESPN,2026-05-15T00:23:58+00:00,5.487396,30699,-640,5594.456824,early
2026-05-20T12:05:48.986097+00:00,ZnMBBibL5YA,UCWJ2lWNubArHWmf3FIHbfcQ,NBA,2026-05-14T18:58:50+00:00,5.713183,67192,-644,11760.869554,early
2026-05-20T12:05:48.986097+00:00,0fAF7hnNU3g,UCiWLfSweyRNmLpgEHekhoAg,ESPN,2026-05-14T17:45:36+00:00,5.764039,20795,-896,3607.713272,early
2026-05-20T12:05:48.986097+00:00,3fh7-hAq5xM,UCUyDOdBWhC1MCxEjC46d-zw,Alex Hormozi,2026-05-12T11:00:24+00:00,8.045428,145917,-903,18136.636112,active
2026-05-20T12:05:48.986097+00:00,dt6QJd7Mug4,UCiWLfSweyRNmLpgEHekhoAg,ESPN,2026-05-15T22:01:04+00:00,4.586632,21690,-908,4728.960161,early
2026-05-20T12:05:48.986097+00:00,yb3cxCJ4h4g,UCv85NiROLKddHa0fBATwTzw,Victor Robles WEB,2026-05-15T22:07:00+00:00,4.582511,13263,-1427,2894.264738,early
2026-05-20T12:05:48.986097+00:00,58CV_fm_fGY,UCYUQQgogVeQY8cMQamhHJcg,CinemaSins,2026-05-16T19:00:09+00:00,3.712268,77183,-1518,20791.332953,early
2026-05-20T12:05:48.986097+00:00,mxsHV0sdxeo,UC52X5wxOL_s5yw0dQk7NtgA,Associated Press,2026-05-15T07:00:05+00:00,5.212315,68948,-2112,13227.903532,early
2026-05-20T12:05:48.986097+00:00,5d7mDamuApU,UCiWLfSweyRNmLpgEHekhoAg,ESPN,2026-05-16T02:43:56+00:00,4.390197,112767,-2157,25686.09108,early
2026-05-20T12:05:48.986097+00:00,aaWDPs1wQ38,UCYUQQgogVeQY8cMQamhHJcg,CinemaSins,2026-05-15T14:00:03+00:00,4.920671,19929,-2426,4050.057401,early
