execution_date,video_id,channel_id,video_age_days,short_term_eligible,mid_term_eligible,long_term_eligible,evergreen_eligible,trend_burst_eligible,metadata_lift_eligible,channel_baseline_eligible,confidence_reason
2026-05-05T22:35:51.664592+00:00,n-gYFcVx-8Y,UCsXVk37bltHxD1rDPwtNM8Q,0.358225,True,False,False,False,True,False,True,low_history
2026-05-05T22:35:51.664592+00:00,N5iBaZ5gnfE,UCQHX6ViZmPsWiYSFAyS0a3Q,0.351292,True,False,False,False,True,False,True,low_history
2026-05-05T22:35:51.664592+00:00,wmeUOPjA_qc,UCLe_q9axMaeTbjN0hy1Z9xA,1.024082,True,False,False,False,True,False,True,low_history
2026-05-05T22:35:51.664592+00:00,MjWI_rWQL68,UCLe_q9axMaeTbjN0hy1Z9xA,2.024718,True,False,False,False,True,False,True,low_history
2026-05-05T22:35:51.664592+00:00,B9ocddyGfo8,UC415bOPUcGSamy543abLmRA,1.349626,True,False,False,False,True,False,True,low_history
2026-05-05T22:35:51.664592+00:00,k8j-6Xvw_G4,UCQHX6ViZmPsWiYSFAyS0a3Q,1.477681,True,False,False,False,True,False,True,low_history
2026-05-05T22:35:51.664592+00:00,T_LWKGJDKgo,UCLe_q9axMaeTbjN0hy1Z9xA,1.316026,True,False,False,False,True,False,True,low_history
2026-05-05T22:35:51.664592+00:00,0idqiLonGYI,UCWBWgCD4oAqT3hUeq40SCUw,0.983225,True,False,False,False,True,False,True,low_history
2026-05-05T22:35:51.664592+00:00,Fz9FjKAZ1uw,UCLe_q9axMaeTbjN0hy1Z9xA,0.274614,True,False,False,False,True,False,True,low_history
2026-05-05T22:35:51.664592+00:00,NdU6UdUKaYc,UCGq-a57w-aPwyi3pW7XLiHw,1.649672,True,False,False,False,True,False,True,low_history
2026-05-05T22:35:51.664592+00:00,4m_M1Wpnr2Q,UCLe_q9axMaeTbjN0hy1Z9xA,2.274834,True,False,False,False,True,False,True,low_history
2026-05-05T22:35:51.664592+00:00,jRLXiOUYpqE,UCbdSYaPD-lr1kW27UJuk8Pw,0.398978,True,False,False,False,True,False,True,low_history
2026-05-05T22:35:51.664592+00:00,fKuIJ_z2Y6A,UCMOqf8ab-42UUQIdVoKwjlQ,0.399024,True,False,False,False,True,False,False,low_history
2026-05-05T22:35:51.664592+00:00,4yDM3ZFcQm4,UCUyDOdBWhC1MCxEjC46d-zw,3.149904,False,False,False,False,True,False,True,ok
2026-05-05T22:35:51.664592+00:00,9iKWeo8sWh4,UCLe_q9axMaeTbjN0hy1Z9xA,2.149823,True,False,False,False,True,False,True,low_history
2026-05-05T22:35:51.664592+00:00,SVTPv4sI_Jc,UCHnyfMqiRRG1u-2MsSQLbXA,2.1312,True,False,False,False,True,False,True,low_history
2026-05-05T22:35:51.664592+00:00,n2T6AOoUkOM,UCLe_q9axMaeTbjN0hy1Z9xA,3.149417,False,False,False,False,True,False,True,ok
2026-05-05T22:35:51.664592+00:00,lDyiY5vjqaw,UCLe_q9axMaeTbjN0hy1Z9xA,1.274047,True,False,False,False,True,False,True,low_history
2026-05-05T22:35:51.664592+00:00,qgzwtKsXCMo,UCQHX6ViZmPsWiYSFAyS0a3Q,4.921397,False,True,False,False,True,False,True,ok
2026-05-05T22:35:51.664592+00:00,TG39Ow5fepA,UCLe_q9axMaeTbjN0hy1Z9xA,1.149637,True,False,False,False,True,False,True,low_history
2026-05-05T22:35:51.664592+00:00,4s9LuOSR3Q4,UC7DdEm33SyaTDtWYGO2CwdA,3.39973,False,False,False,False,True,False,False,insufficient_channel_baseline
2026-05-05T22:35:51.664592+00:00,V6VQ54eTok0,UCUyDOdBWhC1MCxEjC46d-zw,1.28532,True,False,False,False,True,False,True,low_history
2026-05-05T22:35:51.664592+00:00,QPWScf-86po,UCWBWgCD4oAqT3hUeq40SCUw,5.222797,False,True,False,False,True,False,True,ok
2026-05-05T22:35:51.664592+00:00,0xt5-FTpASM,UC1yNl2E66ZzKApQdRuTQ4tw,0.316547,True,False,False,False,True,False,True,low_history
2026-05-05T22:35:51.664592+00:00,WOTUpoI2LQA,UCOWFKaCN-rzmYk502JFWnqg,6.231084,False,True,False,False,True,False,True,ok
2026-05-05T22:35:51.664592+00:00,P1DSZNhApJA,UCQHX6ViZmPsWiYSFAyS0a3Q,3.513781,False,False,False,False,True,False,True,ok
2026-05-05T22:35:51.664592+00:00,IEJALLQFmDs,UCY1kMZp36IQSyNx_9h4mpCg,5.274568,False,True,False,False,True,False,False,insufficient_channel_baseline
2026-05-05T22:35:51.664592+00:00,OrI86PV-aPg,UCDOSaJ0pnglwzfkR6fYbisA,4.23289,False,True,False,False,True,False,True,ok
2026-05-05T22:35:51.664592+00:00,FCaTFLdtsco,UCC552Sd-3nyi_tk2BudLUzA,1.118885,True,False,False,False,True,False,True,low_history
2026-05-05T22:35:51.664592+00:00,ksn5yrsC3Wg,UCHnyfMqiRRG1u-2MsSQLbXA,6.08679,False,True,False,False,True,False,True,ok
2026-05-05T22:35:51.664592+00:00,5EWqr_Y2uH0,UCQHX6ViZmPsWiYSFAyS0a3Q,1.136709,True,False,False,False,True,False,True,low_history
2026-05-05T22:35:51.664592+00:00,PGBt4pOj4Vc,UCNYW2vfGrUE6R5mIJYzkRyQ,1.276674,True,False,False,False,True,False,True,low_history
2026-05-05T22:35:51.664592+00:00,BAORYfrrBzc,UCWBWgCD4oAqT3hUeq40SCUw,1.139487,True,False,False,False,True,False,True,low_history
2026-05-05T22:35:51.664592+00:00,vmRbevilfpU,UCOWFKaCN-rzmYk502JFWnqg,12.231524,False,True,False,False,False,False,True,ok
2026-05-05T22:35:51.664592+00:00,1_H80JEZ2ko,UCyJbb85EUgWjl38GcF236Jg,1.889417,True,False,False,False,True,False,True,low_history
2026-05-05T22:35:51.664592+00:00,5LJ1cxjQhyE,UC415bOPUcGSamy543abLmRA,3.287323,False,False,False,False,True,False,True,ok
2026-05-05T22:35:51.664592+00:00,fRjAMALJ0r0,UC1viRct91s1a3Z5yvk7FJXw,1.274105,True,False,False,False,True,False,True,low_history
2026-05-05T22:35:51.664592+00:00,wng1spgJCoU,UCGq-a57w-aPwyi3pW7XLiHw,0.252681,True,False,False,False,True,False,True,low_history
2026-05-05T22:35:51.664592+00:00,UncqiOQc4rI,UCLe_q9axMaeTbjN0hy1Z9xA,11.274198,False,True,False,False,False,False,True,ok
2026-05-05T22:35:51.664592+00:00,6dt3fd17_d0,UCDOSaJ0pnglwzfkR6fYbisA,1.126049,True,False,False,False,True,False,True,low_history
2026-05-05T22:35:51.664592+00:00,dqazxW8R5BY,UC415bOPUcGSamy543abLmRA,5.298549,False,True,False,False,True,False,True,ok
2026-05-05T22:35:51.664592+00:00,GDex3WIPF7c,UCLe_q9axMaeTbjN0hy1Z9xA,5.02466,False,True,False,False,True,False,True,ok
2026-05-05T22:35:51.664592+00:00,OTt76d3wPiQ,UC1viRct91s1a3Z5yvk7FJXw,0.992346,True,False,False,False,True,False,True,low_history
2026-05-05T22:35:51.664592+00:00,7Y7Iv5XAXwI,UCLe_q9axMaeTbjN0hy1Z9xA,6.149765,False,True,False,False,True,False,True,ok
2026-05-05T22:35:51.664592+00:00,YUwjueXzffE,UCOHxDwCcOzBaLkeTazanwcw,4.254047,False,True,False,False,True,False,True,ok
2026-05-05T22:35:51.664592+00:00,reCJ5EuvukI,UCLe_q9axMaeTbjN0hy1Z9xA,4.024151,False,True,False,False,True,False,True,ok
2026-05-05T22:35:51.664592+00:00,jLFG_FZKbks,UCGq-a57w-aPwyi3pW7XLiHw,5.649429,False,True,False,False,True,False,True,ok
2026-05-05T22:35:51.664592+00:00,TmkbUF0V0hM,UCLe_q9axMaeTbjN0hy1Z9xA,4.315945,False,True,False,False,True,False,True,ok
2026-05-05T22:35:51.664592+00:00,Czf68kDF_7Y,UCLe_q9axMaeTbjN0hy1Z9xA,12.274672,False,True,False,False,False,False,True,ok
2026-05-05T22:35:51.664592+00:00,U5l0Z8T4tCk,UCqLiW00gUvXG0J5vlZZNJ1g,1.21554,True,False,False,False,True,False,False,low_history
2026-05-05T22:35:51.664592+00:00,AtSQBfBK6HE,UCWBWgCD4oAqT3hUeq40SCUw,2.139487,True,False,False,False,True,False,True,low_history
2026-05-05T22:35:51.664592+00:00,jKTNMlUEdgU,UCQHX6ViZmPsWiYSFAyS0a3Q,6.330448,False,True,False,False,True,False,True,ok
2026-05-05T22:35:51.664592+00:00,gpfhjHmbmIE,UCPgVPrgqpALC1s2e63fgKyg,1.107959,True,False,False,False,True,False,True,low_history
2026-05-05T22:35:51.664592+00:00,MOrBFf1DVvs,UCLe_q9axMaeTbjN0hy1Z9xA,3.274498,False,False,False,False,True,False,True,ok
2026-05-05T22:35:51.664592+00:00,Rij6WQMuxcw,UCWBWgCD4oAqT3hUeq40SCUw,1.222809,True,False,False,False,True,False,True,low_history
2026-05-05T22:35:51.664592+00:00,Su0aCV35IFM,UC415bOPUcGSamy543abLmRA,8.294556,False,True,False,False,False,False,True,ok
2026-05-05T22:35:51.664592+00:00,A2O_CSDImRs,UCLe_q9axMaeTbjN0hy1Z9xA,3.024695,False,False,False,False,True,False,True,ok
2026-05-05T22:35:51.664592+00:00,6CyjL4X8e7g,UCDOSaJ0pnglwzfkR6fYbisA,0.259313,True,False,False,False,True,False,True,low_history
2026-05-05T22:35:51.664592+00:00,ydRguU_cH8Y,UCUyDOdBWhC1MCxEjC46d-zw,2.149904,True,False,False,False,True,False,True,low_history
2026-05-05T22:35:51.664592+00:00,2ZV29QhLfjw,UC1viRct91s1a3Z5yvk7FJXw,4.909985,False,True,False,False,True,False,True,ok
2026-05-05T22:35:51.664592+00:00,0y8vRPcSvbw,UCLe_q9axMaeTbjN0hy1Z9xA,6.274846,False,True,False,False,True,False,True,ok
2026-05-05T22:35:51.664592+00:00,xjcVnFd-4YA,UCLe_q9axMaeTbjN0hy1Z9xA,6.024024,False,True,False,False,True,False,True,ok
2026-05-05T22:35:51.664592+00:00,eOI7WQIEX1Y,UCQX_MZRCaluNKxkywkLEgfA,7.256119,False,True,False,False,False,False,True,ok
2026-05-05T22:35:51.664592+00:00,YGwqvGyl9f8,UCWBWgCD4oAqT3hUeq40SCUw,0.306119,True,False,False,False,True,False,True,low_history
2026-05-05T22:35:51.664592+00:00,suqYhItddAc,UCUyDOdBWhC1MCxEjC46d-zw,1.983237,True,False,False,False,True,False,True,low_history
2026-05-05T22:35:51.664592+00:00,PnpHwhTWw0c,UCGq-a57w-aPwyi3pW7XLiHw,8.649695,False,True,False,False,False,False,True,ok
2026-05-05T22:35:51.664592+00:00,iBpxQpktHN4,UCQHX6ViZmPsWiYSFAyS0a3Q,7.440667,False,True,False,False,False,False,True,ok
2026-05-05T22:35:51.664592+00:00,a9T6IRpz31E,UCLe_q9axMaeTbjN0hy1Z9xA,7.024904,False,True,False,False,False,False,True,ok
2026-05-05T22:35:51.664592+00:00,PoHZWjU54jY,UCQHX6ViZmPsWiYSFAyS0a3Q,12.47907,False,True,False,False,False,False,True,ok
2026-05-05T22:35:51.664592+00:00,u_f8bJkfg68,UC52hytXteCKmuOzMViTK8_w,9.05686,False,True,False,False,False,False,True,ok
2026-05-05T22:35:51.664592+00:00,z2Y4_cDvEYc,UCUyDOdBWhC1MCxEjC46d-zw,0.81657,True,False,False,False,True,False,True,low_history
2026-05-05T22:35:51.664592+00:00,kB_PJC80JhY,UC52hytXteCKmuOzMViTK8_w,4.153248,False,True,False,False,True,False,True,ok
2026-05-05T22:35:51.664592+00:00,Hk-ARbCTKzM,UCWBWgCD4oAqT3hUeq40SCUw,12.139487,False,True,False,False,False,False,True,ok
2026-05-05T22:35:51.664592+00:00,66gMxbNKaYA,UCDfbsXLRCyk_LIkrtaTmliQ,2.358052,True,False,False,False,True,False,False,low_history
2026-05-05T22:35:51.664592+00:00,mpZK1dqX6aA,UCQHX6ViZmPsWiYSFAyS0a3Q,5.369348,False,True,False,False,True,False,True,ok
2026-05-05T22:35:51.664592+00:00,tpay1lEGZ7g,UCNYW2vfGrUE6R5mIJYzkRyQ,3.273839,False,False,False,False,True,False,True,ok
2026-05-05T22:35:51.664592+00:00,OEtIq4tR1rA,UCUyDOdBWhC1MCxEjC46d-zw,2.649904,True,False,False,False,True,False,True,ok
2026-05-05T22:35:51.664592+00:00,dl0-TveDDGA,UCsXVk37bltHxD1rDPwtNM8Q,14.358225,False,True,False,False,False,False,True,ok
2026-05-05T22:35:51.664592+00:00,pG99B0ui06s,UC415bOPUcGSamy543abLmRA,6.344568,False,True,False,False,True,False,True,ok
2026-05-05T22:35:51.664592+00:00,tkLxg6h07aE,UCLe_q9axMaeTbjN0hy1Z9xA,6.315424,False,True,False,False,True,False,True,ok
2026-05-05T22:35:51.664592+00:00,snM0UfZxakc,UCLe_q9axMaeTbjN0hy1Z9xA,4.273908,False,True,False,False,True,False,True,ok
2026-05-05T22:35:51.664592+00:00,W41XcEogOB0,UCWBWgCD4oAqT3hUeq40SCUw,11.139475,False,True,False,False,False,False,True,ok
2026-05-05T22:35:51.664592+00:00,BflRX7z7SHs,UCtT7zEoC9-HNyLYb8cYWoww,1.122994,True,False,False,False,True,False,True,low_history
2026-05-05T22:35:51.664592+00:00,UPbaPjDGQIE,UCWBWgCD4oAqT3hUeq40SCUw,13.222785,False,True,False,False,False,False,True,ok
2026-05-05T22:35:51.664592+00:00,fuxYQrqkfns,UCOWFKaCN-rzmYk502JFWnqg,3.231362,False,False,False,False,True,False,True,ok
2026-05-05T22:35:51.664592+00:00,s6XPoPYDn-Y,UCLe_q9axMaeTbjN0hy1Z9xA,7.27385,False,True,False,False,False,False,True,ok
2026-05-05T22:35:51.664592+00:00,W65cfPslnzo,UCWBWgCD4oAqT3hUeq40SCUw,4.976292,False,True,False,False,True,False,True,ok
2026-05-05T22:35:51.664592+00:00,SAtFZPtbMpI,UCoxcjq-8xIDTYp3uz647V5A,1.391512,True,False,False,False,True,False,False,low_history
2026-05-05T22:35:51.664592+00:00,SzDnUAJkenI,UCUyDOdBWhC1MCxEjC46d-zw,0.56657,True,False,False,False,True,False,True,low_history
2026-05-05T22:35:51.664592+00:00,zRD_VJMMaPI,UCUyDOdBWhC1MCxEjC46d-zw,0.31657,True,False,False,False,True,False,True,low_history
2026-05-05T22:35:51.664592+00:00,v_1Dhh8G84c,UCLe_q9axMaeTbjN0hy1Z9xA,8.149255,False,True,False,False,False,False,True,ok
2026-05-05T22:35:51.664592+00:00,-CTY5XDxt8E,UCUyDOdBWhC1MCxEjC46d-zw,1.649904,True,False,False,False,True,False,True,low_history
2026-05-05T22:35:51.664592+00:00,N-zjDtQOwxc,UCNYW2vfGrUE6R5mIJYzkRyQ,5.274441,False,True,False,False,True,False,True,ok
2026-05-05T22:35:51.664592+00:00,Z50QkVZcP1k,UCDV1MWcRLthxSrmb2Zv-jeg,1.144799,True,False,False,False,True,False,True,low_history
2026-05-05T22:35:51.664592+00:00,pUlUgkaTQZg,UC415bOPUcGSamy543abLmRA,9.326501,False,True,False,False,False,False,True,ok
2026-05-05T22:35:51.664592+00:00,33HT7CnI79k,UCGq-a57w-aPwyi3pW7XLiHw,1.260077,True,False,False,False,True,False,True,low_history
2026-05-05T22:35:51.664592+00:00,2r0m4TsyIxs,UCM55RjebjSevVWPnj2LEymw,3.315991,False,False,False,False,True,False,True,ok
2026-05-05T22:35:51.664592+00:00,Lqq78q17jDY,UCVt4ugq2txl_szlXAO7B3-g,14.274961,False,True,False,False,False,False,True,ok
2026-05-05T22:35:51.664592+00:00,rfRFwXnk660,UC5PwIMtLiIBCBhsu8f_-6UQ,5.19157,False,True,False,False,True,False,True,ok
2026-05-05T22:35:51.664592+00:00,pXI3xinu4bc,UCWBWgCD4oAqT3hUeq40SCUw,4.139452,False,True,False,False,True,False,True,ok
2026-05-05T22:35:51.664592+00:00,yE8fJOgv7Pc,UCLe_q9axMaeTbjN0hy1Z9xA,5.149325,False,True,False,False,True,False,True,ok
2026-05-05T22:35:51.664592+00:00,FMdrD_jcYgE,UC7_gcs09iThXybpVgjHZ_7g,5.09782,False,True,False,False,True,False,False,insufficient_channel_baseline
2026-05-05T22:35:51.664592+00:00,KUvWaj4IFZg,UC1viRct91s1a3Z5yvk7FJXw,1.210494,True,False,False,False,True,False,True,low_history
2026-05-05T22:35:51.664592+00:00,rHDw0XcyZ1I,UC1viRct91s1a3Z5yvk7FJXw,0.85767,True,False,False,False,True,False,True,low_history
2026-05-05T22:35:51.664592+00:00,2pao0845DQQ,UCUyDOdBWhC1MCxEjC46d-zw,3.733237,False,False,False,False,True,False,True,ok
2026-05-05T22:35:51.664592+00:00,0t118SCf-2w,UCLe_q9axMaeTbjN0hy1Z9xA,10.024834,False,True,False,False,False,False,True,ok
2026-05-05T22:35:51.664592+00:00,07T7V-Szcx0,UCUyDOdBWhC1MCxEjC46d-zw,14.31657,False,True,False,False,False,False,True,ok
2026-05-05T22:35:51.664592+00:00,m-nnyNZ0TQ0,UCGq-a57w-aPwyi3pW7XLiHw,12.649417,False,True,False,False,False,False,True,ok
2026-05-05T22:35:51.664592+00:00,SWyHoj5CRqs,UCwd_qoS94df5orGoPLPnsxQ,0.393156,True,False,False,False,True,False,True,low_history
2026-05-05T22:35:51.664592+00:00,dU5sDKcwN9E,UCGq-a57w-aPwyi3pW7XLiHw,7.191154,False,True,False,False,False,False,True,ok
2026-05-05T22:35:51.664592+00:00,roUppNywDks,UCLe_q9axMaeTbjN0hy1Z9xA,8.315494,False,True,False,False,False,False,True,ok
2026-05-05T22:35:51.664592+00:00,if955Z_s4Ts,UCUyDOdBWhC1MCxEjC46d-zw,7.483237,False,True,False,False,False,False,True,ok
2026-05-05T22:35:51.664592+00:00,ERWIJPTNZVM,UCQHX6ViZmPsWiYSFAyS0a3Q,12.124904,False,True,False,False,False,False,True,ok
2026-05-05T22:35:51.664592+00:00,Cr7oGnSzmb4,UC415bOPUcGSamy543abLmRA,14.321663,False,True,False,False,False,False,True,ok
2026-05-05T22:35:51.664592+00:00,8TvJvfKz8Fo,UCTfQ65AxquXmih3r6rZmK-Q,5.140031,False,True,False,False,True,False,True,ok
2026-05-05T22:35:51.664592+00:00,qNEB_w5ECeI,UChhw6DlKKTQ9mYSpTfXUYqA,0.297346,True,False,False,False,True,False,True,low_history
2026-05-05T22:35:51.664592+00:00,9pPCy9wqxuk,UCRDQzsHtx2cXvzEXnEhbxBg,1.618329,True,False,False,False,True,False,True,low_history
2026-05-05T22:35:51.664592+00:00,VVLYJf2t88c,UCl5-lvQyfILb-l2abPk4Ntg,1.19157,True,False,False,False,True,False,True,low_history
2026-05-05T22:35:51.664592+00:00,ucN2hf0CgI8,UCLe_q9axMaeTbjN0hy1Z9xA,13.149325,False,True,False,False,False,False,True,ok
2026-05-05T22:35:51.664592+00:00,3PZ3d4eNWrc,UCWBWgCD4oAqT3hUeq40SCUw,4.22282,False,True,False,False,True,False,True,ok
2026-05-05T22:35:51.664592+00:00,ExlWYbISs6I,UCWBWgCD4oAqT3hUeq40SCUw,6.222785,False,True,False,False,True,False,True,ok
2026-05-05T22:35:51.664592+00:00,IrGd4xIhTN0,UCPdaxSov0mgwh77JvjQO2jQ,6.271941,False,True,False,False,True,False,True,ok
2026-05-05T22:35:51.664592+00:00,jytAQWCc_TI,UCC552Sd-3nyi_tk2BudLUzA,6.190991,False,True,False,False,True,False,True,ok
2026-05-05T22:35:51.664592+00:00,mK3xENFCGnI,UC52hytXteCKmuOzMViTK8_w,3.193156,False,False,False,False,True,False,True,ok
2026-05-05T22:35:51.664592+00:00,u5XWNSVJajg,UCUyDOdBWhC1MCxEjC46d-zw,0.733237,True,False,False,False,True,False,True,low_history
2026-05-05T22:35:51.664592+00:00,fwUWAoSeg2g,UC5mQQ4Ur6oA8lsGFkvH2lyg,6.940945,False,True,False,False,True,False,True,ok
2026-05-05T22:35:51.664592+00:00,MVFd0qFB9TE,UCHnyfMqiRRG1u-2MsSQLbXA,11.399417,False,True,False,False,False,False,True,ok
2026-05-05T22:35:51.664592+00:00,WgcdDVIUXcI,UC52hytXteCKmuOzMViTK8_w,10.108862,False,True,False,False,False,False,True,ok
2026-05-05T22:35:51.664592+00:00,8u7HqZJQHDM,UCLe_q9axMaeTbjN0hy1Z9xA,11.316246,False,True,False,False,False,False,True,ok
2026-05-05T22:35:51.664592+00:00,4Zi41MRVP0g,UC5mQQ4Ur6oA8lsGFkvH2lyg,4.941478,False,True,False,False,True,False,True,ok
2026-05-05T22:35:51.664592+00:00,BdUzhVM5w1U,UCQHX6ViZmPsWiYSFAyS0a3Q,11.492265,False,True,False,False,False,False,True,ok
2026-05-05T22:35:51.664592+00:00,5YKhtb3DNNo,UCNYW2vfGrUE6R5mIJYzkRyQ,7.274799,False,True,False,False,False,False,True,ok
2026-05-05T22:35:51.664592+00:00,uWa0odbimaU,UCDOSaJ0pnglwzfkR6fYbisA,2.199464,True,False,False,False,True,False,True,low_history
2026-05-05T22:35:51.664592+00:00,uTBQ0E07n88,UCRlBDnRQduDk4tmm1OtpSRg,0.315459,True,False,False,False,True,False,False,low_history
2026-05-05T22:35:51.664592+00:00,5wuHYQMnYhA,UCLe_q9axMaeTbjN0hy1Z9xA,14.274799,False,True,False,False,False,False,True,ok
2026-05-05T22:35:51.664592+00:00,RRDqtyH9sZc,UCUyDOdBWhC1MCxEjC46d-zw,0.483237,True,False,False,False,True,False,True,low_history
2026-05-05T22:35:51.664592+00:00,k3wiE1KtSW4,UCZRsSEs1OX74qBh0x5T22tg,0.983133,True,False,False,False,True,False,False,low_history
2026-05-05T22:35:51.664592+00:00,gdjCR9h1yGc,UCWBWgCD4oAqT3hUeq40SCUw,10.184626,False,True,False,False,False,False,True,ok
2026-05-05T22:35:51.664592+00:00,LNKCHWOW7aI,UCPdaxSov0mgwh77JvjQO2jQ,2.098156,True,False,False,False,True,False,True,low_history
2026-05-05T22:35:51.664592+00:00,dNNyCZwEa6k,UC415bOPUcGSamy543abLmRA,11.343966,False,True,False,False,False,False,True,ok
2026-05-05T22:35:51.664592+00:00,JjwHFerSu4M,UCaRLjOy-9m_eJ9REVqc0YoQ,4.212288,False,True,False,False,True,False,False,insufficient_channel_baseline
2026-05-05T22:35:51.664592+00:00,XsY6iChNzf0,UCQHX6ViZmPsWiYSFAyS0a3Q,8.413769,False,True,False,False,False,False,True,ok
2026-05-05T22:35:51.664592+00:00,LLK879SXq_w,UCBBWpss2iXVXtTzl7-4eWbg,8.262114,False,True,False,False,False,False,True,ok
2026-05-05T22:35:51.664592+00:00,t9PF8V132Y4,UCgNg3vwj3xt7QOrcIDaHdFg,4.265471,False,True,False,False,True,False,False,insufficient_channel_baseline
2026-05-05T22:35:51.664592+00:00,4at2bVIhLgc,UCQHX6ViZmPsWiYSFAyS0a3Q,7.063098,False,True,False,False,False,False,True,ok
2026-05-05T22:35:51.664592+00:00,JrGlAw_Q7ow,UCUyDOdBWhC1MCxEjC46d-zw,5.649904,False,True,False,False,True,False,True,ok
2026-05-05T22:35:51.664592+00:00,lxRJpsidN4U,UCEQXxiYxNZbym9Fad7-n2Lg,0.253862,True,False,False,False,True,False,True,low_history
2026-05-05T22:35:51.664592+00:00,vgwG6e9TFcw,UC415bOPUcGSamy543abLmRA,13.264105,False,True,False,False,False,False,True,ok
2026-05-05T22:35:51.664592+00:00,5z8hOrxhApI,UCEQXxiYxNZbym9Fad7-n2Lg,1.254012,True,False,False,False,True,False,True,low_history
2026-05-05T22:35:51.664592+00:00,5XkSf-AWb_Y,UCyM-2pRapEv6V2q7UNO9icg,0.254024,True,False,False,False,True,False,True,low_history
2026-05-05T22:35:51.664592+00:00,3fsJFUvA6Ts,UCUyDOdBWhC1MCxEjC46d-zw,3.169082,False,False,False,False,True,False,True,ok
2026-05-05T22:35:51.664592+00:00,3Ip-TJvpjLQ,UC3nwmvE2aDzUSJ4evQ1NhoA,1.160309,True,False,False,False,True,False,True,low_history
2026-05-05T22:35:51.664592+00:00,HRxULulg_hM,UCLe_q9axMaeTbjN0hy1Z9xA,14.149603,False,True,False,False,False,False,True,ok
2026-05-05T22:35:51.664592+00:00,8--Bq5oEsZ8,UCWBWgCD4oAqT3hUeq40SCUw,3.22282,False,False,False,False,True,False,True,ok
2026-05-05T22:35:51.664592+00:00,U0f47Nt9g-Q,UCQX_MZRCaluNKxkywkLEgfA,4.253816,False,True,False,False,True,False,True,ok
2026-05-05T22:35:51.664592+00:00,8QsAx7s9PmQ,UCQHX6ViZmPsWiYSFAyS0a3Q,14.899834,False,True,False,False,False,False,True,ok
2026-05-05T22:35:51.664592+00:00,QNHEqcXa3Zg,UC1viRct91s1a3Z5yvk7FJXw,1.9412,True,False,False,False,True,False,True,low_history
2026-05-05T22:35:51.664592+00:00,io_Ysi-LFWE,UCLe_q9axMaeTbjN0hy1Z9xA,4.149371,False,True,False,False,True,False,True,ok
2026-05-05T22:35:51.664592+00:00,WeliLUboy3M,UCLe_q9axMaeTbjN0hy1Z9xA,12.14951,False,True,False,False,False,False,True,ok
2026-05-05T22:35:51.664592+00:00,_UFmkJrpc3Q,UCUyDOdBWhC1MCxEjC46d-zw,2.483237,True,False,False,False,True,False,True,low_history
2026-05-05T22:35:51.664592+00:00,JWOErbTL9N4,UCzR-rom72PHN9Zg7RML9EbA,7.357832,False,True,False,False,False,False,False,insufficient_channel_baseline
2026-05-05T22:35:51.664592+00:00,OCGgYu3vku4,UCPgVPrgqpALC1s2e63fgKyg,2.108086,True,False,False,False,True,False,True,low_history
2026-05-05T22:35:51.664592+00:00,0HSNPIttevk,UCLe_q9axMaeTbjN0hy1Z9xA,9.149904,False,True,False,False,False,False,True,ok
2026-05-05T22:35:51.664592+00:00,eRD2C7w9r6Y,UCDV1MWcRLthxSrmb2Zv-jeg,6.097126,False,True,False,False,True,False,True,ok
2026-05-05T22:35:51.664592+00:00,z7Qp9Q_Br88,UCsXVk37bltHxD1rDPwtNM8Q,8.357103,False,True,False,False,False,False,True,ok
2026-05-05T22:35:51.664592+00:00,msYTFQ4OIu8,UCLe_q9axMaeTbjN0hy1Z9xA,13.315633,False,True,False,False,False,False,True,ok
2026-05-05T22:35:51.664592+00:00,KGeCwEOLPGE,UCWBWgCD4oAqT3hUeq40SCUw,12.222797,False,True,False,False,False,False,True,ok
2026-05-05T22:35:51.664592+00:00,-1Fhry-Mqks,UCJ24N4O0bP7LGLBDvye7oCA,5.918931,False,True,False,False,True,False,False,insufficient_channel_baseline
2026-05-05T22:35:51.664592+00:00,FYMdllTCrc0,UCR1IuLEqb6UEA_zQ81kwXfg,10.3162,False,True,False,False,False,False,False,insufficient_channel_baseline
2026-05-05T22:35:51.664592+00:00,1baBzd1XPkU,UC1VLQPn9cYSqx8plbk9RxxQ,3.314487,False,False,False,False,True,False,False,insufficient_channel_baseline
2026-05-05T22:35:51.664592+00:00,er7v-GJj_V0,UCQX_MZRCaluNKxkywkLEgfA,10.228306,False,True,False,False,False,False,True,ok
2026-05-05T22:35:51.664592+00:00,RniYUmKs93U,UCsXVk37bltHxD1rDPwtNM8Q,5.357681,False,True,False,False,True,False,True,ok
2026-05-05T22:35:51.664592+00:00,R-klQGp_308,UCWBWgCD4oAqT3hUeq40SCUw,3.139487,False,False,False,False,True,False,True,ok
2026-05-05T22:35:51.664592+00:00,jAaw0vn7eLs,UCR1IuLEqb6UEA_zQ81kwXfg,6.356987,False,True,False,False,True,False,False,insufficient_channel_baseline
2026-05-05T22:35:51.664592+00:00,Y9HJ_U3TdXk,UCUyDOdBWhC1MCxEjC46d-zw,11.31657,False,True,False,False,False,False,True,ok
2026-05-05T22:35:51.664592+00:00,tbvteFr4SPQ,UCNYW2vfGrUE6R5mIJYzkRyQ,13.273792,False,True,False,False,False,False,True,ok
2026-05-05T22:35:51.664592+00:00,kijJaXVri7Q,UCNYW2vfGrUE6R5mIJYzkRyQ,9.274128,False,True,False,False,False,False,True,ok
2026-05-05T22:35:51.664592+00:00,bRy54zQmixQ,UCQHX6ViZmPsWiYSFAyS0a3Q,2.171431,True,False,False,False,True,False,True,low_history
2026-05-05T22:35:51.664592+00:00,Qy_YMLKX8bQ,UCF0L4jd9LcSIxsj5gKITMqQ,1.191327,True,False,False,False,True,False,True,low_history
2026-05-05T22:35:51.664592+00:00,oOCN30ulVyo,UC2UXDak6o7rBm23k3Vv5dww,7.332392,False,True,False,False,False,False,True,ok
2026-05-05T22:35:51.664592+00:00,1pglkwgsu1I,UCLYoURyGHMUuQ5YrfX55PWg,2.451987,True,False,False,False,True,False,True,low_history
2026-05-05T22:35:51.664592+00:00,TET8fTKH1e8,UCtIdb7KRqOTcOogKsos_QRw,9.274417,False,True,False,False,False,False,False,insufficient_channel_baseline
2026-05-05T22:35:51.664592+00:00,81RBVN6P9cM,UCQHX6ViZmPsWiYSFAyS0a3Q,3.129765,False,False,False,False,True,False,True,ok
2026-05-05T22:35:51.664592+00:00,a1aFhMw2wQE,UCdNnEDbRWhanA1O8zhCn3ZA,1.888573,True,False,False,False,True,False,True,low_history
2026-05-05T22:35:51.664592+00:00,8OjVlmrtW4M,UC4FHiPgS1KXkUMx3dxBUtPg,1.358098,True,False,False,False,True,False,True,low_history
2026-05-05T22:35:51.664592+00:00,ktkpd9A8MD8,UCOWFKaCN-rzmYk502JFWnqg,10.232612,False,True,False,False,False,False,True,ok
2026-05-05T22:35:51.664592+00:00,ndkH5fZSIvs,UCWBWgCD4oAqT3hUeq40SCUw,7.139452,False,True,False,False,False,False,True,ok
2026-05-05T22:35:51.664592+00:00,98VQpHj17Ws,UCWBWgCD4oAqT3hUeq40SCUw,2.222809,True,False,False,False,True,False,True,low_history
2026-05-05T22:35:51.664592+00:00,69AWec8qjjo,UC55-mxUj5Nj3niXFReG44OQ,4.095239,False,True,False,False,True,False,True,ok
2026-05-05T22:35:51.664592+00:00,OwbaFLtBpkQ,UCLe_q9axMaeTbjN0hy1Z9xA,11.149533,False,True,False,False,False,False,True,ok
2026-05-05T22:35:51.664592+00:00,rc-xQnupse0,UCJQQVLyM6wtPleV4wFBK06g,8.197519,False,True,False,False,False,False,True,ok
2026-05-05T22:35:51.664592+00:00,8nwaOxXIj0g,UCvzk_MwdXD6jQa4Se-6B9ZQ,1.222207,True,False,False,False,True,False,True,low_history
2026-05-05T22:35:51.664592+00:00,mJsIzeo1Onw,UCOQEA3qmyzFmJdi6Z137yrA,0.375309,True,False,False,False,True,False,False,low_history
2026-05-05T22:35:51.664592+00:00,GXeBi91SkIw,UCQHX6ViZmPsWiYSFAyS0a3Q,13.208931,False,True,False,False,False,False,True,ok
2026-05-05T22:35:51.664592+00:00,D4fkiQfzw_I,UChhw6DlKKTQ9mYSpTfXUYqA,9.233237,False,True,False,False,False,False,True,ok
2026-05-05T22:35:51.664592+00:00,5-ASQ44GpNI,UCvzk_MwdXD6jQa4Se-6B9ZQ,5.223549,False,True,False,False,True,False,True,ok
2026-05-05T22:35:51.664592+00:00,6hNY0K71Ewo,UC5PwIMtLiIBCBhsu8f_-6UQ,1.192647,True,False,False,False,True,False,True,low_history
2026-05-05T22:35:51.664592+00:00,XoDfpxBy8Ag,UCxFACDJ98idvo9Gq9M9AQgg,1.482531,True,False,False,False,True,False,True,low_history
2026-05-05T22:35:51.664592+00:00,lEhOg8oVpjU,UCxcDzs-4quJV4QsairlFYNg,2.2326,True,False,False,False,True,False,True,low_history
2026-05-05T22:35:51.664592+00:00,0kHJZFOuMWc,UC52hytXteCKmuOzMViTK8_w,13.128098,False,True,False,False,False,False,True,ok
2026-05-05T22:35:51.664592+00:00,JQ8OpyAeTxw,UCP15FVAA2UL-QOcGhy7-ezA,0.928422,True,False,False,False,True,False,True,low_history
2026-05-05T22:35:51.664592+00:00,Y254oB1QNOE,UCLe_q9axMaeTbjN0hy1Z9xA,5.274174,False,True,False,False,True,False,True,ok
2026-05-05T22:35:51.664592+00:00,QfUb5MEAOXA,UC4QZ_LsYcvcq7qOsOhpAX4A,7.937658,False,True,False,False,False,False,False,insufficient_channel_baseline
2026-05-05T22:35:51.664592+00:00,qluuZfYE02A,UCLYoURyGHMUuQ5YrfX55PWg,0.431998,True,False,False,False,True,False,True,low_history
2026-05-05T22:35:51.664592+00:00,3era1_feC3U,UCQHX6ViZmPsWiYSFAyS0a3Q,9.48532,False,True,False,False,False,False,True,ok
2026-05-05T22:35:51.664592+00:00,iP-y1c7euSI,UC5mQQ4Ur6oA8lsGFkvH2lyg,0.72282,True,False,False,False,True,False,True,low_history
2026-05-05T22:35:51.664592+00:00,u5HPVyEpyNI,UCaVPhFg-Ax873wvhbNitsrQ,5.168607,False,True,False,False,True,False,True,ok
2026-05-05T22:35:51.664592+00:00,DmcKWMeNWaQ,UCtT7zEoC9-HNyLYb8cYWoww,2.045714,True,False,False,False,True,False,True,low_history
2026-05-05T22:35:51.664592+00:00,nN9QYJdEcw0,UCUyDOdBWhC1MCxEjC46d-zw,1.733237,True,False,False,False,True,False,True,low_history
2026-05-05T22:35:51.664592+00:00,kH_bSvf7EVA,UCSju5G2aFaWMqn-_0YBtq5A,8.136049,False,True,False,False,False,False,False,insufficient_channel_baseline
2026-05-05T22:35:51.664592+00:00,ZAmCJoz4c4w,UCLe_q9axMaeTbjN0hy1Z9xA,7.149579,False,True,False,False,False,False,True,ok
2026-05-05T22:35:51.664592+00:00,UM9dcnJXX0k,UCM55RjebjSevVWPnj2LEymw,10.316582,False,True,False,False,False,False,True,ok
2026-05-05T22:35:51.664592+00:00,BOmc_wliaRg,UCyJbb85EUgWjl38GcF236Jg,8.899834,False,True,False,False,False,False,True,ok
2026-05-05T22:35:51.664592+00:00,aRLwX_dN8AQ,UCUyDOdBWhC1MCxEjC46d-zw,4.149904,False,True,False,False,True,False,True,ok
2026-05-05T22:35:51.664592+00:00,gzjXoJoWgjs,UCFBpVaKCC0ajGps1vf0AgBg,5.191096,False,True,False,False,True,False,True,ok
2026-05-05T22:35:51.664592+00:00,7NeECqsR_u4,UCUyDOdBWhC1MCxEjC46d-zw,2.81657,True,False,False,False,True,False,True,ok
2026-05-05T22:35:51.664592+00:00,qx6ZbgO8vtU,UCUyDOdBWhC1MCxEjC46d-zw,0.649904,True,False,False,False,True,False,True,low_history
2026-05-05T22:35:51.664592+00:00,vNXFk8iGHk8,UCWBWgCD4oAqT3hUeq40SCUw,8.222739,False,True,False,False,False,False,True,ok
2026-05-05T22:35:51.664592+00:00,39czcByvq7c,UCWBWgCD4oAqT3hUeq40SCUw,7.983202,False,True,False,False,False,False,True,ok
2026-05-05T22:35:51.664592+00:00,zxQJIBt9CBI,UCmE44gpkHmf5bKIVTPSwxnQ,9.190876,False,True,False,False,False,False,True,ok
2026-05-05T22:35:51.664592+00:00,7h3nazBbFCc,UCOvzFyIAr32yspwxx77BHcQ,0.688538,True,False,False,False,True,False,True,low_history
2026-05-05T22:35:51.664592+00:00,QUBjCcBXy3o,UCM55RjebjSevVWPnj2LEymw,2.212658,True,False,False,False,True,False,True,low_history
2026-05-05T22:35:51.664592+00:00,ywEV7NQlO1Y,UC36xmz34q02JYaZYKrMwXng,2.586223,True,False,False,False,True,False,True,ok
2026-05-05T22:35:51.664592+00:00,aqvgY-woRYk,UCdNnEDbRWhanA1O8zhCn3ZA,0.899869,True,False,False,False,True,False,True,low_history
2026-05-05T22:35:51.664592+00:00,rRw7sYwfSVI,UCmE44gpkHmf5bKIVTPSwxnQ,2.075563,True,False,False,False,True,False,True,low_history
2026-05-05T22:35:51.664592+00:00,p4zPmpXfGyY,UCFBpVaKCC0ajGps1vf0AgBg,1.253723,True,False,False,False,True,False,True,low_history
2026-05-05T22:35:51.664592+00:00,K9S3YgFZN9Y,UCLe_q9axMaeTbjN0hy1Z9xA,12.024672,False,True,False,False,False,False,True,ok
2026-05-05T22:35:51.664592+00:00,IAn3Wu2BdyY,UCDOSaJ0pnglwzfkR6fYbisA,3.267739,False,False,False,False,True,False,True,ok
2026-05-05T22:35:51.664592+00:00,kBctc9rV__4,UCBBWpss2iXVXtTzl7-4eWbg,1.311755,True,False,False,False,True,False,True,low_history
2026-05-05T22:35:51.664592+00:00,_dxtH2u5aAk,UCUyDOdBWhC1MCxEjC46d-zw,1.149904,True,False,False,False,True,False,True,low_history
2026-05-05T22:35:51.664592+00:00,P9yleRV8tto,UCUyDOdBWhC1MCxEjC46d-zw,2.31657,True,False,False,False,True,False,True,low_history
2026-05-05T22:35:51.664592+00:00,oRVJREzko-M,UCWBWgCD4oAqT3hUeq40SCUw,6.139452,False,True,False,False,True,False,True,ok
2026-05-05T22:35:51.664592+00:00,Cp3DxMyEBIM,UCxFACDJ98idvo9Gq9M9AQgg,8.483017,False,True,False,False,False,False,True,ok
2026-05-05T22:35:51.664592+00:00,wy3a_xJI3so,UCWBWgCD4oAqT3hUeq40SCUw,9.222785,False,True,False,False,False,False,True,ok
2026-05-05T22:35:51.664592+00:00,0D14LJGiBkg,UCQHX6ViZmPsWiYSFAyS0a3Q,5.295725,False,True,False,False,True,False,True,ok
2026-05-05T22:35:51.664592+00:00,_WrHMsTYlOU,UCLe_q9axMaeTbjN0hy1Z9xA,10.149568,False,True,False,False,False,False,True,ok
2026-05-05T22:35:51.664592+00:00,pcAJLeGAtwc,UCLe_q9axMaeTbjN0hy1Z9xA,8.273862,False,True,False,False,False,False,True,ok
2026-05-05T22:35:51.664592+00:00,VgH5rhALEfU,UCWBWgCD4oAqT3hUeq40SCUw,5.139452,False,True,False,False,True,False,True,ok
2026-05-05T22:35:51.664592+00:00,sKME5er1OKc,UCDOSaJ0pnglwzfkR6fYbisA,8.273943,False,True,False,False,False,False,True,ok
2026-05-05T22:35:51.664592+00:00,1PIbKMyFMAY,UCbdSYaPD-lr1kW27UJuk8Pw,5.191559,False,True,False,False,True,False,True,ok
2026-05-05T22:35:51.664592+00:00,oCsFEpxTxlI,UCaVPhFg-Ax873wvhbNitsrQ,1.149394,True,False,False,False,True,False,True,low_history
2026-05-05T22:35:51.664592+00:00,3LnNwS6rqk8,UC36xmz34q02JYaZYKrMwXng,8.125448,False,True,False,False,False,False,True,ok
2026-05-05T22:35:51.664592+00:00,rJgtb2s7Oz8,UCxcDzs-4quJV4QsairlFYNg,1.232554,True,False,False,False,True,False,True,low_history
2026-05-05T22:35:51.664592+00:00,jFZPpkVszCg,UCEQXxiYxNZbym9Fad7-n2Lg,2.253781,True,False,False,False,True,False,True,low_history
2026-05-05T22:35:51.664592+00:00,gEUMAljLr78,UCb8GKeOvI7WsFUkB4UVAeXA,5.913723,False,True,False,False,True,False,True,ok
2026-05-05T22:35:51.664592+00:00,JuRjZqzpP0g,UCUyDOdBWhC1MCxEjC46d-zw,2.983237,True,False,False,False,True,False,True,ok
2026-05-05T22:35:51.664592+00:00,31t_CBePs34,UCOWFKaCN-rzmYk502JFWnqg,9.232079,False,True,False,False,False,False,True,ok
2026-05-05T22:35:51.664592+00:00,MqpQhyjFZQU,UCbUYAYd1WUznxEEl498z7vA,8.982878,False,True,False,False,False,False,True,ok
2026-05-05T22:35:51.664592+00:00,6r-qlEX6hGY,UCGq-a57w-aPwyi3pW7XLiHw,6.261373,False,True,False,False,True,False,True,ok
2026-05-05T22:35:51.664592+00:00,eBbqRceO2qY,UCWBWgCD4oAqT3hUeq40SCUw,13.139475,False,True,False,False,False,False,True,ok
2026-05-05T22:35:51.664592+00:00,Cit2bKRejmc,UCF0L4jd9LcSIxsj5gKITMqQ,1.222531,True,False,False,False,True,False,True,low_history
2026-05-05T22:35:51.664592+00:00,F2VZtrSncAg,UCRDQzsHtx2cXvzEXnEhbxBg,0.576535,True,False,False,False,True,False,True,low_history
2026-05-05T22:35:51.664592+00:00,tVpky2riji0,UCJQQVLyM6wtPleV4wFBK06g,6.253237,False,True,False,False,True,False,True,ok
2026-05-05T22:35:51.664592+00:00,L5HQ_jx0HX8,UCUyDOdBWhC1MCxEjC46d-zw,0.983237,True,False,False,False,True,False,True,low_history
2026-05-05T22:35:51.664592+00:00,XGAhqBxEV78,UCQHX6ViZmPsWiYSFAyS0a3Q,4.197809,False,True,False,False,True,False,True,ok
2026-05-05T22:35:51.664592+00:00,UsS6bOYnnOI,UC1yNl2E66ZzKApQdRuTQ4tw,5.315957,False,True,False,False,True,False,True,ok
2026-05-05T22:35:51.664592+00:00,ve_y3EI_VeA,UCoOae5nYA7VqaXzerajD0lg,0.523804,True,False,False,False,True,False,True,low_history
2026-05-05T22:35:51.664592+00:00,S0WQP5GeTZs,UCLe_q9axMaeTbjN0hy1Z9xA,11.024649,False,True,False,False,False,False,True,ok
2026-05-05T22:35:51.664592+00:00,IldLswg2yAM,UCxFACDJ98idvo9Gq9M9AQgg,6.482843,False,True,False,False,True,False,True,ok
2026-05-05T22:35:51.664592+00:00,IMM5cm6xrXQ,UCLe_q9axMaeTbjN0hy1Z9xA,9.274637,False,True,False,False,False,False,True,ok
2026-05-05T22:35:51.664592+00:00,RWGr8LwG3TY,UCoXtmmnLCbXDiSo8GxsmOzA,7.171107,False,True,False,False,False,False,True,ok
2026-05-05T22:35:51.664592+00:00,GlgzzZEePXo,UCsmEAwbV7WbYndpQKbY4Ntw,2.358237,True,False,False,False,True,False,True,low_history
2026-05-05T22:35:51.664592+00:00,KdmRWazuBRU,UCP15FVAA2UL-QOcGhy7-ezA,4.989811,False,True,False,False,True,False,True,ok
2026-05-05T22:35:51.664592+00:00,Bcag49Fk3zA,UCLe_q9axMaeTbjN0hy1Z9xA,9.024684,False,True,False,False,False,False,True,ok
2026-05-05T22:35:51.664592+00:00,ttdfIEKLVks,UCxFACDJ98idvo9Gq9M9AQgg,0.899186,True,False,False,False,True,False,True,low_history
2026-05-05T22:35:51.664592+00:00,iaYdIU5n6vw,UCFBpVaKCC0ajGps1vf0AgBg,12.191049,False,True,False,False,False,False,True,ok
2026-05-05T22:35:51.664592+00:00,UUzxEVhRQgQ,UCNYW2vfGrUE6R5mIJYzkRyQ,11.274279,False,True,False,False,False,False,True,ok
2026-05-05T22:35:51.664592+00:00,DYkyYUjOZTk,UCWBWgCD4oAqT3hUeq40SCUw,10.139487,False,True,False,False,False,False,True,ok
2026-05-05T22:35:51.664592+00:00,iRach9lpIlg,UCHnyfMqiRRG1u-2MsSQLbXA,8.386871,False,True,False,False,False,False,True,ok
2026-05-05T22:35:51.664592+00:00,t6GzhyGTKCo,UCGq-a57w-aPwyi3pW7XLiHw,5.083237,False,True,False,False,True,False,True,ok
2026-05-05T22:35:51.664592+00:00,wgADj9n8XMs,UC52hytXteCKmuOzMViTK8_w,5.182751,False,True,False,False,True,False,True,ok
2026-05-05T22:35:51.664592+00:00,6jI9H3lyil4,UC52hytXteCKmuOzMViTK8_w,2.143341,True,False,False,False,True,False,True,low_history
2026-05-05T22:35:51.664592+00:00,yIUDe9YH0ac,UCUyDOdBWhC1MCxEjC46d-zw,13.149904,False,True,False,False,False,False,True,ok
2026-05-05T22:35:51.664592+00:00,5tW7CPAVii0,UCUyDOdBWhC1MCxEjC46d-zw,12.81657,False,True,False,False,False,False,True,ok
2026-05-05T22:35:51.664592+00:00,Ycdklm6W1_o,UC7DdEm33SyaTDtWYGO2CwdA,9.399325,False,True,False,False,False,False,False,insufficient_channel_baseline
2026-05-05T22:35:51.664592+00:00,QIKiQjEMUjY,UC5mQQ4Ur6oA8lsGFkvH2lyg,11.9412,False,True,False,False,False,False,True,ok
2026-05-05T22:35:51.664592+00:00,Q5rmW96IGqA,UCUyDOdBWhC1MCxEjC46d-zw,4.483237,False,True,False,False,True,False,True,ok
2026-05-05T22:35:51.664592+00:00,jCyhEO3h-Ik,UCoOae5nYA7VqaXzerajD0lg,2.524082,True,False,False,False,True,False,True,ok
2026-05-05T22:35:51.664592+00:00,rVixyOY_Xr4,UCdNnEDbRWhanA1O8zhCn3ZA,3.899302,False,False,False,False,True,False,True,ok
2026-05-05T22:35:51.664592+00:00,v2SVwN2WLHA,UCF0L4jd9LcSIxsj5gKITMqQ,1.412797,True,False,False,False,True,False,True,low_history
2026-05-05T22:35:51.664592+00:00,POn6IRgP5-A,UCYZLVhSSwdBllvn4tw5a4uQ,4.982948,False,True,False,False,True,False,True,ok
2026-05-05T22:35:51.664592+00:00,eCw33snvoNI,UCbfYPyITQ-7l4upoX8nvctg,2.231292,True,False,False,False,True,False,True,low_history
2026-05-05T22:35:51.664592+00:00,DSRfs1qKWR0,UCQHX6ViZmPsWiYSFAyS0a3Q,13.087346,False,True,False,False,False,False,True,ok
2026-05-05T22:35:51.664592+00:00,aZVcAlzBIp4,UCWBWgCD4oAqT3hUeq40SCUw,11.979765,False,True,False,False,False,False,True,ok
2026-05-05T22:35:51.664592+00:00,iR6FvFoW0F4,UC5mQQ4Ur6oA8lsGFkvH2lyg,2.232519,True,False,False,False,True,False,True,low_history
2026-05-05T22:35:51.664592+00:00,Rvy2kXZpBtM,UCs0QXHkbkBDM_NwnRiGFoTA,7.144024,False,True,False,False,False,False,True,ok
2026-05-05T22:35:51.664592+00:00,UgfrzicHc80,UC5mQQ4Ur6oA8lsGFkvH2lyg,13.941119,False,True,False,False,False,False,True,ok
2026-05-05T22:35:51.664592+00:00,YhNUPGphSM8,UCDV1MWcRLthxSrmb2Zv-jeg,7.909001,False,True,False,False,False,False,True,ok
2026-05-05T22:35:51.664592+00:00,FZbMPtLRr00,UCsXVk37bltHxD1rDPwtNM8Q,12.357971,False,True,False,False,False,False,True,ok
2026-05-05T22:35:51.664592+00:00,XXZ2wOom1l0,UCVt4ugq2txl_szlXAO7B3-g,12.194603,False,True,False,False,False,False,True,ok
2026-05-05T22:35:51.664592+00:00,lVBnEL1fWnw,UCEK0oX3X2yK9y27khCsrNKg,0.352323,True,False,False,False,True,False,True,low_history
2026-05-05T22:35:51.664592+00:00,0DB_Qj43O6Q,UCUyDOdBWhC1MCxEjC46d-zw,6.31657,False,True,False,False,True,False,True,ok
2026-05-05T22:35:51.664592+00:00,uSjcVPbJayU,UCDOSaJ0pnglwzfkR6fYbisA,13.264394,False,True,False,False,False,False,True,ok
2026-05-05T22:35:51.664592+00:00,m8nU1oWeHAI,UCWn_0MmgojB711LFX-jaCDQ,0.281779,True,False,False,False,True,False,True,low_history
2026-05-05T22:35:51.664592+00:00,465Vc9I4fvc,UC2UXDak6o7rBm23k3Vv5dww,1.316478,True,False,False,False,True,False,True,low_history
2026-05-05T22:35:51.664592+00:00,kTlm_3HwRFg,UCLe_q9axMaeTbjN0hy1Z9xA,13.024186,False,True,False,False,False,False,True,ok
2026-05-05T22:35:51.664592+00:00,ZtF5VFbAs6M,UCl5-lvQyfILb-l2abPk4Ntg,0.339336,True,False,False,False,True,False,True,low_history
2026-05-05T22:35:51.664592+00:00,MpPS5I1pJD8,UCUyDOdBWhC1MCxEjC46d-zw,2.733237,True,False,False,False,True,False,True,ok
2026-05-05T22:35:51.664592+00:00,6WqWhSmCbXk,UCvzk_MwdXD6jQa4Se-6B9ZQ,12.232797,False,True,False,False,False,False,True,ok
2026-05-05T22:35:51.664592+00:00,vMnp3ptycik,UCBBWpss2iXVXtTzl7-4eWbg,3.194209,False,False,False,False,True,False,True,ok
2026-05-05T22:35:51.664592+00:00,YPboGQjMxNY,UCQHX6ViZmPsWiYSFAyS0a3Q,13.47142,False,True,False,False,False,False,True,ok
2026-05-05T22:35:51.664592+00:00,iK6HT02LYX4,UCUyDOdBWhC1MCxEjC46d-zw,3.483237,False,False,False,False,True,False,True,ok
2026-05-05T22:35:51.664592+00:00,SZ8r5VKtGes,UC1viRct91s1a3Z5yvk7FJXw,12.191281,False,True,False,False,False,False,True,ok
2026-05-05T22:35:51.664592+00:00,fpmYvXCzO1c,UCWBWgCD4oAqT3hUeq40SCUw,14.139464,False,True,False,False,False,False,True,ok
2026-05-05T22:35:51.664592+00:00,Scg5AwFfs-w,UC4FHiPgS1KXkUMx3dxBUtPg,0.3576,True,False,False,False,True,False,True,low_history
2026-05-05T22:35:51.664592+00:00,1d3wR5LJ4-4,UC55-mxUj5Nj3niXFReG44OQ,3.927045,False,False,False,False,True,False,True,ok
2026-05-05T22:35:51.664592+00:00,ABoKfabPQyY,UCUyDOdBWhC1MCxEjC46d-zw,12.31657,False,True,False,False,False,False,True,ok
2026-05-05T22:35:51.664592+00:00,mDh52QTqR0o,UC1viRct91s1a3Z5yvk7FJXw,5.994498,False,True,False,False,True,False,True,ok
2026-05-05T22:35:51.664592+00:00,g-7nUex4nVg,UC5PwIMtLiIBCBhsu8f_-6UQ,3.230355,False,False,False,False,True,False,True,ok
2026-05-05T22:35:51.664592+00:00,Hpl10gpuOGw,UCF0L4jd9LcSIxsj5gKITMqQ,2.303897,True,False,False,False,True,False,True,low_history
2026-05-05T22:35:51.664592+00:00,up__2flbXw4,UCLe_q9axMaeTbjN0hy1Z9xA,13.273827,False,True,False,False,False,False,True,ok
2026-05-05T22:35:51.664592+00:00,J7ieKmP96Hc,UCMOqf8ab-42UUQIdVoKwjlQ,14.399579,False,True,False,False,False,False,False,insufficient_channel_baseline
2026-05-05T22:35:51.664592+00:00,9rRvmcDpWwA,UCoOae5nYA7VqaXzerajD0lg,5.399556,False,True,False,False,True,False,True,ok
2026-05-05T22:35:51.664592+00:00,5W2lIWDyXjI,UCUyDOdBWhC1MCxEjC46d-zw,3.56657,False,False,False,False,True,False,True,ok
2026-05-05T22:35:51.664592+00:00,mMLOG0bsjRQ,UCP15FVAA2UL-QOcGhy7-ezA,2.244151,True,False,False,False,True,False,True,low_history
2026-05-05T22:35:51.664592+00:00,CPJhzRv9y_8,UCUyDOdBWhC1MCxEjC46d-zw,4.31657,False,True,False,False,True,False,True,ok
2026-05-05T22:35:51.664592+00:00,rbSEOholMxI,UC7MkZfrLCeE4Xwh9h2QnN0A,1.10789,True,False,False,False,True,False,False,low_history
2026-05-05T22:35:51.664592+00:00,48hHo2WcAQI,UC1viRct91s1a3Z5yvk7FJXw,7.941512,False,True,False,False,False,False,True,ok
2026-05-05T22:35:51.664592+00:00,Gmfpq60LbVQ,UCPgVPrgqpALC1s2e63fgKyg,3.108005,False,False,False,False,True,False,True,ok
2026-05-05T22:35:51.664592+00:00,4iXwPD-VHyg,UCoOae5nYA7VqaXzerajD0lg,3.524753,False,False,False,False,True,False,True,ok
2026-05-05T22:35:51.664592+00:00,9oVPXnEkegY,UCDOSaJ0pnglwzfkR6fYbisA,5.941501,False,True,False,False,True,False,True,ok
2026-05-05T22:35:51.664592+00:00,0Z1lChyi2W4,UCLe_q9axMaeTbjN0hy1Z9xA,8.024869,False,True,False,False,False,False,True,ok
2026-05-05T22:35:51.664592+00:00,dZftIemBYVE,UCX9NJ471o7Wie1DQe94RVIg,2.142299,True,False,False,False,True,False,True,low_history
2026-05-05T22:35:51.664592+00:00,bfENsVP77VQ,UCoOae5nYA7VqaXzerajD0lg,12.39914,False,True,False,False,False,False,True,ok
2026-05-05T22:35:51.664592+00:00,9rHaUzPlJws,UCPgVPrgqpALC1s2e63fgKyg,4.108191,False,True,False,False,True,False,True,ok
2026-05-05T22:35:51.664592+00:00,2mOqRPcWgMM,UCUyDOdBWhC1MCxEjC46d-zw,5.31657,False,True,False,False,True,False,True,ok
2026-05-05T22:35:51.664592+00:00,8fIRAhGGRgA,UCWBWgCD4oAqT3hUeq40SCUw,7.222809,False,True,False,False,False,False,True,ok
2026-05-05T22:35:51.664592+00:00,dqOmDZPkIF4,UCVt4ugq2txl_szlXAO7B3-g,5.274406,False,True,False,False,True,False,True,ok
2026-05-05T22:35:51.664592+00:00,iQxwDGnuByc,UCxcDzs-4quJV4QsairlFYNg,5.232508,False,True,False,False,True,False,True,ok
2026-05-05T22:35:51.664592+00:00,oNjLzGpMCuw,UC1viRct91s1a3Z5yvk7FJXw,4.191015,False,True,False,False,True,False,True,ok
2026-05-05T22:35:51.664592+00:00,DYhg0nWZ1UQ,UCDOSaJ0pnglwzfkR6fYbisA,2.274834,True,False,False,False,True,False,True,ok
2026-05-05T22:35:51.664592+00:00,WPOhGVSPOyM,UCUyDOdBWhC1MCxEjC46d-zw,3.81657,False,False,False,False,True,False,True,ok
2026-05-05T22:35:51.664592+00:00,Cql6TAdpPDU,UCl5-lvQyfILb-l2abPk4Ntg,6.19157,False,True,False,False,True,False,True,ok
2026-05-05T22:35:51.664592+00:00,yk8ziJow5dw,UCGq-a57w-aPwyi3pW7XLiHw,4.292878,False,True,False,False,True,False,True,ok
2026-05-05T22:35:51.664592+00:00,-uSQcEfnKp0,UCLe_q9axMaeTbjN0hy1Z9xA,10.274892,False,True,False,False,False,False,True,ok
2026-05-05T22:35:51.664592+00:00,wJOakc64crg,UCRDQzsHtx2cXvzEXnEhbxBg,6.941501,False,True,False,False,True,False,True,ok
2026-05-05T22:35:51.664592+00:00,PDQ3laPc--4,UCF0L4jd9LcSIxsj5gKITMqQ,1.378769,True,False,False,False,True,False,True,low_history
2026-05-05T22:35:51.664592+00:00,qey62i2fvg0,UCUyDOdBWhC1MCxEjC46d-zw,7.149904,False,True,False,False,False,False,True,ok
2026-05-05T22:35:51.664592+00:00,fr78adfAnuA,UCUyDOdBWhC1MCxEjC46d-zw,13.975899,False,True,False,False,False,False,True,ok
2026-05-05T22:35:51.664592+00:00,d7qfcHa4LTY,UCoOae5nYA7VqaXzerajD0lg,1.524279,True,False,False,False,True,False,True,low_history
2026-05-05T22:35:51.664592+00:00,F1gM7N-WXdU,UCQHX6ViZmPsWiYSFAyS0a3Q,14.076987,False,True,False,False,False,False,True,ok
2026-05-05T22:35:51.664592+00:00,EGTF9mGda4U,UCWBWgCD4oAqT3hUeq40SCUw,8.139487,False,True,False,False,False,False,True,ok
2026-05-05T22:35:51.664592+00:00,zuzydZz-cmo,UC1viRct91s1a3Z5yvk7FJXw,3.190853,False,False,False,False,True,False,True,ok
2026-05-05T22:35:51.664592+00:00,KXpgCNB6Dcs,UC52hytXteCKmuOzMViTK8_w,14.076524,False,True,False,False,False,False,True,ok
2026-05-05T22:35:51.664592+00:00,Duk_kOhIimU,UCyM-2pRapEv6V2q7UNO9icg,1.201987,True,False,False,False,True,False,True,low_history
2026-05-05T22:35:51.664592+00:00,TfojYStTlZE,UC0N6ZYT8Q9bdQkGrgl9g9Ug,11.024475,False,True,False,False,False,False,False,insufficient_channel_baseline
2026-05-05T22:35:51.664592+00:00,daa-UCIuoY8,UCOxW1h1VV379Q8GDdUJOhgw,2.253908,True,False,False,False,True,False,False,low_history
2026-05-05T22:35:51.664592+00:00,crrTHKN_R58,UCTfQ65AxquXmih3r6rZmK-Q,9.043295,False,True,False,False,False,False,True,ok
2026-05-05T22:35:51.664592+00:00,fKtG9uPeMCc,UCdfnfXWCGkBAx2cN2l-4u2w,7.173978,False,True,False,False,False,False,True,ok
2026-05-05T22:35:51.664592+00:00,98ShZgIhSbk,UCUyDOdBWhC1MCxEjC46d-zw,4.733237,False,True,False,False,True,False,True,ok
2026-05-05T22:35:51.664592+00:00,LMJb-_uL6lQ,UCqcbQf6yw5KzRoDDcZ_wBSw,3.740158,False,False,False,False,True,False,True,ok
2026-05-05T22:35:51.664592+00:00,o39vHtwxPRg,UC5mQQ4Ur6oA8lsGFkvH2lyg,2.857623,True,False,False,False,True,False,True,ok
2026-05-05T22:35:51.664592+00:00,T7_l896OH20,UCDfbsXLRCyk_LIkrtaTmliQ,9.357762,False,True,False,False,False,False,False,insufficient_channel_baseline
2026-05-05T22:35:51.664592+00:00,THMW7bXTog4,UCDOSaJ0pnglwzfkR6fYbisA,10.27436,False,True,False,False,False,False,True,ok
2026-05-05T22:35:51.664592+00:00,x2r3FTy9HHE,UCPdaxSov0mgwh77JvjQO2jQ,10.151686,False,True,False,False,False,False,True,ok
2026-05-05T22:35:51.664592+00:00,VjqsnOrW3AM,UCFBpVaKCC0ajGps1vf0AgBg,8.09782,False,True,False,False,False,False,True,ok
2026-05-05T22:35:51.664592+00:00,nHH771Vtkxw,UC1viRct91s1a3Z5yvk7FJXw,14.191038,False,True,False,False,False,False,True,ok
2026-05-05T22:35:51.664592+00:00,1VSBgPn28zA,UCUyDOdBWhC1MCxEjC46d-zw,7.56657,False,True,False,False,False,False,True,ok
2026-05-05T22:35:51.664592+00:00,CbDN7o5Ed_M,UCP15FVAA2UL-QOcGhy7-ezA,1.18554,True,False,False,False,True,False,True,low_history
2026-05-05T22:35:51.664592+00:00,TRVnxUYQAmI,UCPgVPrgqpALC1s2e63fgKyg,6.108086,False,True,False,False,True,False,True,ok
2026-05-05T22:35:51.664592+00:00,k7aOM--Ycts,UCM55RjebjSevVWPnj2LEymw,5.326906,False,True,False,False,True,False,True,ok
2026-05-05T22:35:51.664592+00:00,UtXLbVdM7wk,UCdNnEDbRWhanA1O8zhCn3ZA,3.021883,False,False,False,False,True,False,True,ok
2026-05-05T22:35:51.664592+00:00,gZ3EniqK8Qc,UCF0L4jd9LcSIxsj5gKITMqQ,1.107924,True,False,False,False,True,False,True,low_history
2026-05-05T22:35:51.664592+00:00,hXPy19kPego,UCaVPhFg-Ax873wvhbNitsrQ,9.191524,False,True,False,False,False,False,True,ok
2026-05-05T22:35:51.664592+00:00,nJ0oh5u6YbM,UCUyDOdBWhC1MCxEjC46d-zw,14.149904,False,True,False,False,False,False,True,ok
2026-05-05T22:35:51.664592+00:00,z_XHk-DZ1nY,UCUyDOdBWhC1MCxEjC46d-zw,1.56657,True,False,False,False,True,False,True,low_history
2026-05-05T22:35:51.664592+00:00,EFhMcL3Kf1c,UC1VLQPn9cYSqx8plbk9RxxQ,10.315181,False,True,False,False,False,False,False,insufficient_channel_baseline
2026-05-05T22:35:51.664592+00:00,vTXoE7BLv9s,UC1viRct91s1a3Z5yvk7FJXw,10.940818,False,True,False,False,False,False,True,ok
2026-05-05T22:35:51.664592+00:00,sXV44nHGfAA,UCUyDOdBWhC1MCxEjC46d-zw,2.56657,True,False,False,False,True,False,True,ok
2026-05-05T22:35:51.664592+00:00,PbH29W90aw4,UCl5-lvQyfILb-l2abPk4Ntg,0.404904,True,False,False,False,True,False,True,low_history
2026-05-05T22:35:51.664592+00:00,dhbt8y_LXQY,UCWBWgCD4oAqT3hUeq40SCUw,11.222785,False,True,False,False,False,False,True,ok
2026-05-05T22:35:51.664592+00:00,qxj4Sr5Cm24,UC1yNl2E66ZzKApQdRuTQ4tw,3.315644,False,False,False,False,True,False,True,ok
2026-05-05T22:35:51.664592+00:00,yy_J5fdELm0,UCM55RjebjSevVWPnj2LEymw,7.324302,False,True,False,False,False,False,True,ok
2026-05-05T22:35:51.664592+00:00,wEb6ULf3TzU,UCWBWgCD4oAqT3hUeq40SCUw,9.139394,False,True,False,False,False,False,True,ok
2026-05-05T22:35:51.664592+00:00,-uUlnDjQxhg,UC1yNl2E66ZzKApQdRuTQ4tw,7.31657,False,True,False,False,False,False,True,ok
2026-05-05T22:35:51.664592+00:00,f9AFrDB-73g,UCEQXxiYxNZbym9Fad7-n2Lg,3.253908,False,False,False,False,True,False,True,ok
2026-05-05T22:35:51.664592+00:00,9VyCOVdFpL8,UCUyDOdBWhC1MCxEjC46d-zw,6.56657,False,True,False,False,True,False,True,ok
2026-05-05T22:35:51.664592+00:00,zj0BKLv9r8Y,UC4jlzJyMNQkkcEcCN3EFG7g,12.001698,False,True,False,False,False,False,False,insufficient_channel_baseline
2026-05-05T22:35:51.664592+00:00,toJGQUZbdqc,UCF0L4jd9LcSIxsj5gKITMqQ,2.232438,True,False,False,False,True,False,True,low_history
2026-05-05T22:35:51.664592+00:00,_9bYQ2tvc_s,UCV5cU7ORoUCCAT79kSrOJmg,12.143735,False,True,False,False,False,False,False,insufficient_channel_baseline
2026-05-05T22:35:51.664592+00:00,AHyZdLVYJfc,UCPdaxSov0mgwh77JvjQO2jQ,13.057647,False,True,False,False,False,False,True,ok
2026-05-05T22:35:51.664592+00:00,MlcUa5-3G68,UCHMSzZaVrEjK35aYK3J7Htw,4.982982,False,True,False,False,True,False,True,ok
2026-05-05T22:35:51.664592+00:00,3REHDZgXE1k,UCUyDOdBWhC1MCxEjC46d-zw,1.483237,True,False,False,False,True,False,True,low_history
2026-05-05T22:35:51.664592+00:00,AzNb2nQrM7U,UC-bFpJCtP1lXn5vBxJ0b9dw,9.357924,False,True,False,False,False,False,False,insufficient_channel_baseline
2026-05-05T22:35:51.664592+00:00,2gFNJ6_ogzg,UCbUYAYd1WUznxEEl498z7vA,6.983191,False,True,False,False,True,False,True,ok
2026-05-05T22:35:51.664592+00:00,rn0fCmYeDaI,UCF0L4jd9LcSIxsj5gKITMqQ,1.065945,True,False,False,False,True,False,True,low_history
2026-05-05T22:35:51.664592+00:00,_jxLMMcKmRQ,UC52hytXteCKmuOzMViTK8_w,7.000772,False,True,False,False,False,False,True,ok
2026-05-05T22:35:51.664592+00:00,mbGPgjXCx24,UCJQQVLyM6wtPleV4wFBK06g,7.256073,False,True,False,False,False,False,True,ok
2026-05-05T22:35:51.664592+00:00,Gl_2LVRaM8U,UCX9NJ471o7Wie1DQe94RVIg,1.861941,True,False,False,False,True,False,True,low_history
2026-05-05T22:35:51.664592+00:00,MWrMtRjLhjk,UCPgVPrgqpALC1s2e63fgKyg,7.107959,False,True,False,False,False,False,True,ok
2026-05-05T22:35:51.664592+00:00,WwEyLRmGU9g,UCEQXxiYxNZbym9Fad7-n2Lg,6.25392,False,True,False,False,True,False,True,ok
2026-05-05T22:35:51.664592+00:00,q1l42BPzbIk,UC4mg-nKTVI9CWodPPqB5d3A,10.147924,False,True,False,False,False,False,False,insufficient_channel_baseline
2026-05-05T22:35:51.664592+00:00,sbzsqNJuZvg,UCUyDOdBWhC1MCxEjC46d-zw,5.483237,False,True,False,False,True,False,True,ok
2026-05-05T22:35:51.664592+00:00,tUmd3tWCDKs,UCGq-a57w-aPwyi3pW7XLiHw,9.36848,False,True,False,False,False,False,True,ok
2026-05-05T22:35:51.664592+00:00,q8AEtTOo2ZU,UCF0L4jd9LcSIxsj5gKITMqQ,1.16995,True,False,False,False,True,False,True,low_history
2026-05-05T22:35:51.664592+00:00,KKwxanUOAd4,UCwd_qoS94df5orGoPLPnsxQ,6.385494,False,True,False,False,True,False,True,ok
2026-05-05T22:35:51.664592+00:00,0VjrLsr61pk,UC55-mxUj5Nj3niXFReG44OQ,10.316547,False,True,False,False,False,False,True,ok
2026-05-05T22:35:51.664592+00:00,LkaaMQx9uZ0,UCDOSaJ0pnglwzfkR6fYbisA,5.232924,False,True,False,False,True,False,True,ok
2026-05-05T22:35:51.664592+00:00,CE6tiT3Q6c4,UCOvzFyIAr32yspwxx77BHcQ,5.983098,False,True,False,False,True,False,True,ok
2026-05-05T22:35:51.664592+00:00,oqoBSeL5GIU,UCGq-a57w-aPwyi3pW7XLiHw,8.289614,False,True,False,False,False,False,True,ok
2026-05-05T22:35:51.664592+00:00,wdCDxH9KBss,UCaVPhFg-Ax873wvhbNitsrQ,3.990552,False,False,False,False,True,False,True,ok
2026-05-05T22:35:51.664592+00:00,YR-4vFbwe18,UCX9NJ471o7Wie1DQe94RVIg,5.811489,False,True,False,False,True,False,True,ok
2026-05-05T22:35:51.664592+00:00,rfnB9MhBI44,UCbdSYaPD-lr1kW27UJuk8Pw,11.392427,False,True,False,False,False,False,True,ok
2026-05-05T22:35:51.664592+00:00,Jnc7hVslXdk,UCEK0oX3X2yK9y27khCsrNKg,0.888121,True,False,False,False,True,False,True,low_history
2026-05-05T22:35:51.664592+00:00,q_ynGwBIxLk,UCl5-lvQyfILb-l2abPk4Ntg,1.378029,True,False,False,False,True,False,True,low_history
2026-05-05T22:35:51.664592+00:00,r2choiRm7k8,UCbUYAYd1WUznxEEl498z7vA,0.657126,True,False,False,False,True,False,True,low_history
2026-05-05T22:35:51.664592+00:00,nVHr2D6tnA4,UC52hytXteCKmuOzMViTK8_w,6.029012,False,True,False,False,True,False,True,ok
2026-05-05T22:35:51.664592+00:00,3OUrr_2UCYs,UCGq-a57w-aPwyi3pW7XLiHw,12.543156,False,True,False,False,False,False,True,ok
2026-05-05T22:35:51.664592+00:00,JRHTVNoJjb0,UCxFACDJ98idvo9Gq9M9AQgg,2.108121,True,False,False,False,True,False,True,low_history
2026-05-05T22:35:51.664592+00:00,wd_xh6gSSOs,UCUyDOdBWhC1MCxEjC46d-zw,8.649904,False,True,False,False,False,False,True,ok
2026-05-05T22:35:51.664592+00:00,IwjPma4PPTM,UCVt4ugq2txl_szlXAO7B3-g,10.274927,False,True,False,False,False,False,True,ok
2026-05-05T22:35:51.664592+00:00,nnUFM61waQU,UCxFACDJ98idvo9Gq9M9AQgg,1.02429,True,False,False,False,True,False,True,low_history
2026-05-05T22:35:51.664592+00:00,ckyeC880OPA,UC55-mxUj5Nj3niXFReG44OQ,13.873538,False,True,False,False,False,False,True,ok
2026-05-05T22:35:51.664592+00:00,WKBwkE4dn-k,UCUyDOdBWhC1MCxEjC46d-zw,1.81657,True,False,False,False,True,False,True,low_history
2026-05-05T22:35:51.664592+00:00,XfY_L8MLOsU,UCWBWgCD4oAqT3hUeq40SCUw,14.222797,False,True,False,False,False,False,True,ok
2026-05-05T22:35:51.664592+00:00,KztyymfW3Dg,UC5mQQ4Ur6oA8lsGFkvH2lyg,6.266547,False,True,False,False,True,False,True,ok
2026-05-05T22:35:51.664592+00:00,LKxIrZFhONI,UCM55RjebjSevVWPnj2LEymw,6.27907,False,True,False,False,True,False,True,ok
2026-05-05T22:35:51.664592+00:00,GAf7J_t1o8U,UC0N6ZYT8Q9bdQkGrgl9g9Ug,5.02466,False,True,False,False,True,False,False,insufficient_channel_baseline
2026-05-05T22:35:51.664592+00:00,aQi987cz1nk,UC30ajuhy8cViP2DiM1QLjmg,2.024892,True,False,False,False,True,False,True,low_history
2026-05-05T22:35:51.664592+00:00,sjbKZ4CY1Ow,UCFBpVaKCC0ajGps1vf0AgBg,11.285147,False,True,False,False,False,False,True,ok
2026-05-05T22:35:51.664592+00:00,VsLOWe6VuyQ,UCQHX6ViZmPsWiYSFAyS0a3Q,9.167959,False,True,False,False,False,False,True,ok
2026-05-05T22:35:51.664592+00:00,GmTuhpMe1oM,UC52hytXteCKmuOzMViTK8_w,12.072716,False,True,False,False,False,False,True,ok
2026-05-05T22:35:51.664592+00:00,na5Enw8P18A,UCM55RjebjSevVWPnj2LEymw,9.26223,False,True,False,False,False,False,True,ok
2026-05-05T22:35:51.664592+00:00,ehizptRtYzM,UCEQXxiYxNZbym9Fad7-n2Lg,4.253862,False,True,False,False,True,False,True,ok
2026-05-05T22:35:51.664592+00:00,-pNi4dh7VFo,UCQX_MZRCaluNKxkywkLEgfA,12.160413,False,True,False,False,False,False,True,ok
2026-05-05T22:35:51.664592+00:00,NRELko2BoRk,UCX9NJ471o7Wie1DQe94RVIg,3.843596,False,False,False,False,True,False,True,ok
2026-05-05T22:35:51.664592+00:00,eYDQWSBQ47s,UC1m55IoeEf7LKC9s68PDHDg,5.215089,False,True,False,False,True,False,False,insufficient_channel_baseline
2026-05-05T22:35:51.664592+00:00,OuOIrxBXB0M,UCUyDOdBWhC1MCxEjC46d-zw,11.81657,False,True,False,False,False,False,True,ok
2026-05-05T22:35:51.664592+00:00,rk2b7fH_Gcc,UCZRsSEs1OX74qBh0x5T22tg,8.941489,False,True,False,False,False,False,False,insufficient_channel_baseline
2026-05-05T22:35:51.664592+00:00,HVPhcOmSMtM,UCEK0oX3X2yK9y27khCsrNKg,7.02466,False,True,False,False,False,False,True,ok
2026-05-05T22:35:51.664592+00:00,QzZ4VwDHAT4,UCbfYPyITQ-7l4upoX8nvctg,4.244649,False,True,False,False,True,False,True,ok
2026-05-05T22:35:51.664592+00:00,r6AB_e8Rk1I,UCDOSaJ0pnglwzfkR6fYbisA,9.191084,False,True,False,False,False,False,True,ok
2026-05-05T22:35:51.664592+00:00,H3lUaL6-XQQ,UCPgVPrgqpALC1s2e63fgKyg,12.108133,False,True,False,False,False,False,True,ok
2026-05-05T22:35:51.664592+00:00,TekYNY3eGC0,UCEQXxiYxNZbym9Fad7-n2Lg,11.25392,False,True,False,False,False,False,True,ok
2026-05-05T22:35:51.664592+00:00,fxb9BMISN54,UCF0L4jd9LcSIxsj5gKITMqQ,1.045667,True,False,False,False,True,False,True,low_history
2026-05-05T22:35:51.664592+00:00,tFD4653hJYE,UCl5-lvQyfILb-l2abPk4Ntg,1.508561,True,False,False,False,True,False,True,low_history
2026-05-05T22:35:51.664592+00:00,oj3-hWAf1uQ,UCDOSaJ0pnglwzfkR6fYbisA,6.232438,False,True,False,False,True,False,True,ok
2026-05-05T22:35:51.664592+00:00,ByJAH8vTgfw,UC5PwIMtLiIBCBhsu8f_-6UQ,5.226848,False,True,False,False,True,False,True,ok
2026-05-05T22:35:51.664592+00:00,rr8ZpzHcZJc,UCF0L4jd9LcSIxsj5gKITMqQ,3.083075,False,False,False,False,True,False,True,ok
2026-05-05T22:35:51.664592+00:00,8Uk97zU2GCg,UC1viRct91s1a3Z5yvk7FJXw,11.191478,False,True,False,False,False,False,True,ok
2026-05-05T22:35:51.664592+00:00,kmKuk_TCEvU,UC4FHiPgS1KXkUMx3dxBUtPg,5.016385,False,True,False,False,True,False,True,ok
2026-05-05T22:35:51.664592+00:00,WB1bBLedJQ4,UC5mQQ4Ur6oA8lsGFkvH2lyg,5.857994,False,True,False,False,True,False,True,ok
2026-05-05T22:35:51.664592+00:00,4vHF2qU89Jo,UCwd_qoS94df5orGoPLPnsxQ,14.410042,False,True,False,False,False,False,True,ok
2026-05-05T22:35:51.664592+00:00,JbjnuF8OiZc,UCX9NJ471o7Wie1DQe94RVIg,2.026084,True,False,False,False,True,False,True,low_history
2026-05-05T22:35:51.664592+00:00,5-0m5LUhiCc,UCuhw3KIv3wM14By2-LcxDGw,0.777728,True,False,False,False,True,False,True,low_history
2026-05-05T22:35:51.664592+00:00,XFpBgNMBNNI,UCQHX6ViZmPsWiYSFAyS0a3Q,10.399267,False,True,False,False,False,False,True,ok
2026-05-05T22:35:51.664592+00:00,ZhRgnBzcYHQ,UCvzk_MwdXD6jQa4Se-6B9ZQ,8.231917,False,True,False,False,False,False,True,ok
2026-05-05T22:35:51.664592+00:00,RnT_izvRznQ,UCLYoURyGHMUuQ5YrfX55PWg,1.431073,True,False,False,False,True,False,True,low_history
2026-05-05T22:35:51.664592+00:00,C4OiZ15VTxw,UCtT7zEoC9-HNyLYb8cYWoww,3.066373,False,False,False,False,True,False,True,ok
2026-05-05T22:35:51.664592+00:00,95KqKaDsIAM,UCxcDzs-4quJV4QsairlFYNg,9.233133,False,True,False,False,False,False,True,ok
2026-05-05T22:35:51.664592+00:00,gPmmDEGCQLg,UC52hytXteCKmuOzMViTK8_w,14.139603,False,True,False,False,False,False,True,ok
2026-05-05T22:35:51.664592+00:00,t4S8XOHv1jg,UC55-mxUj5Nj3niXFReG44OQ,2.306605,True,False,False,False,True,False,True,low_history
2026-05-05T22:35:51.664592+00:00,HeY4a7uDlkg,UCUyDOdBWhC1MCxEjC46d-zw,6.149904,False,True,False,False,True,False,True,ok
2026-05-05T22:35:51.664592+00:00,FJNk3OGtmbk,UC5mQQ4Ur6oA8lsGFkvH2lyg,3.868619,False,False,False,False,True,False,True,ok
2026-05-05T22:35:51.664592+00:00,VKaslzzv1QM,UCl5-lvQyfILb-l2abPk4Ntg,8.19157,False,True,False,False,False,False,True,ok
2026-05-05T22:35:51.664592+00:00,pdNaIhcp3z4,UCaZ5txM63JGqgzRTVXy5e9g,11.414035,False,True,False,False,False,False,False,insufficient_channel_baseline
2026-05-05T22:35:51.664592+00:00,l4wOStt70KU,UCjSVqRtdOsxQDss_pJpp_Yg,0.920262,True,False,False,False,True,False,True,low_history
2026-05-05T22:35:51.664592+00:00,nnKkk3CpLes,UC1viRct91s1a3Z5yvk7FJXw,6.899834,False,True,False,False,True,False,True,ok
2026-05-05T22:35:51.664592+00:00,sj1y9FDJKCM,UCJkMlOu7faDgqh4PfzbpLdg,7.419904,False,True,False,False,False,False,False,insufficient_channel_baseline
2026-05-05T22:35:51.664592+00:00,4xed6CNu0j8,UC5mQQ4Ur6oA8lsGFkvH2lyg,1.327971,True,False,False,False,True,False,True,low_history
2026-05-05T22:35:51.664592+00:00,2JhSWzxzLXA,UCJQQVLyM6wtPleV4wFBK06g,13.270934,False,True,False,False,False,False,True,ok
2026-05-05T22:35:51.664592+00:00,az3VKD9_H7Y,UC4FHiPgS1KXkUMx3dxBUtPg,2.358191,True,False,False,False,True,False,True,low_history
2026-05-05T22:35:51.664592+00:00,LPTQADIf6Xk,UCaVPhFg-Ax873wvhbNitsrQ,14.114672,False,True,False,False,False,False,True,ok
2026-05-05T22:35:51.664592+00:00,yemarhfhVA0,UCrdWRLq10OHuy7HmSckV3Vg,13.357091,False,True,False,False,False,False,False,insufficient_channel_baseline
2026-05-05T22:35:51.664592+00:00,-Ap6qWvqk0I,UCF7UoUGGOUcSSNcVDndq7KQ,14.805285,False,True,False,False,False,False,False,insufficient_channel_baseline
2026-05-05T22:35:51.664592+00:00,DgX6SMZaC_8,UCEQXxiYxNZbym9Fad7-n2Lg,13.253943,False,True,False,False,False,False,True,ok
2026-05-05T22:35:51.664592+00:00,0EqJD2o-Mnk,UCUyDOdBWhC1MCxEjC46d-zw,11.233573,False,True,False,False,False,False,True,ok
2026-05-05T22:35:51.664592+00:00,NlW_R21cBXs,UC1viRct91s1a3Z5yvk7FJXw,8.920529,False,True,False,False,False,False,True,ok
2026-05-05T22:35:51.664592+00:00,VVfMO6SJZLw,UCdNnEDbRWhanA1O8zhCn3ZA,7.885621,False,True,False,False,False,False,True,ok
2026-05-05T22:35:51.664592+00:00,z-7AhJ55htQ,UCJQQVLyM6wtPleV4wFBK06g,11.248526,False,True,False,False,False,False,True,ok
2026-05-05T22:35:51.664592+00:00,Hk20QLW6nEc,UCyM-2pRapEv6V2q7UNO9icg,4.253978,False,True,False,False,True,False,True,ok
2026-05-05T22:35:51.664592+00:00,o8YcWD2ri9U,UC52kszkc08-acFOuogFl5jw,7.554799,False,True,False,False,False,False,False,insufficient_channel_baseline
2026-05-05T22:35:51.664592+00:00,lk7HWLeXjS4,UCP15FVAA2UL-QOcGhy7-ezA,6.184198,False,True,False,False,True,False,True,ok
2026-05-05T22:35:51.664592+00:00,kXenRXelpKs,UCoOae5nYA7VqaXzerajD0lg,7.524082,False,True,False,False,False,False,True,ok
2026-05-05T22:35:51.664592+00:00,DQiQ30VepbU,UCP15FVAA2UL-QOcGhy7-ezA,8.172774,False,True,False,False,False,False,True,ok
2026-05-05T22:35:51.664592+00:00,Cd5EHfRerGI,UC52kszkc08-acFOuogFl5jw,11.577751,False,True,False,False,False,False,False,insufficient_channel_baseline
2026-05-05T22:35:51.664592+00:00,a4jo0YM7WRg,UC1viRct91s1a3Z5yvk7FJXw,2.191559,True,False,False,False,True,False,True,low_history
2026-05-05T22:35:51.664592+00:00,p5zWy46yWxU,UCUyDOdBWhC1MCxEjC46d-zw,8.983237,False,True,False,False,False,False,True,ok
2026-05-05T22:35:51.664592+00:00,2y_3sFy4R1A,UCs0QXHkbkBDM_NwnRiGFoTA,1.876443,True,False,False,False,True,False,True,low_history
2026-05-05T22:35:51.664592+00:00,WEnvorobhEE,UC1yNl2E66ZzKApQdRuTQ4tw,13.315934,False,True,False,False,False,False,True,ok
2026-05-05T22:35:51.664592+00:00,d0VoQtmw9Eg,UCdNnEDbRWhanA1O8zhCn3ZA,4.10613,False,True,False,False,True,False,True,ok
2026-05-05T22:35:51.664592+00:00,-IhdnUzV64Y,UCb8GKeOvI7WsFUkB4UVAeXA,14.121593,False,True,False,False,False,False,True,ok
2026-05-05T22:35:51.664592+00:00,s9TcINJc2pw,UCUyDOdBWhC1MCxEjC46d-zw,4.983237,False,True,False,False,True,False,True,ok
2026-05-05T22:35:51.664592+00:00,AXvou3mSGQA,UC55-mxUj5Nj3niXFReG44OQ,11.902218,False,True,False,False,False,False,True,ok
2026-05-05T22:35:51.664592+00:00,Hf6NC8AzAKo,UCtT7zEoC9-HNyLYb8cYWoww,4.191397,False,True,False,False,True,False,True,ok
2026-05-05T22:35:51.664592+00:00,-CB2CwSPtAQ,UCC552Sd-3nyi_tk2BudLUzA,5.22657,False,True,False,False,True,False,True,ok
2026-05-05T22:35:51.664592+00:00,XNDiFY5vIk0,UCUyDOdBWhC1MCxEjC46d-zw,3.31657,False,False,False,False,True,False,True,ok
2026-05-05T22:35:51.664592+00:00,krqt6eg3UoI,UCbUYAYd1WUznxEEl498z7vA,12.982681,False,True,False,False,False,False,True,ok
2026-05-05T22:35:51.664592+00:00,h9kh7KssnMc,UCPTlwyaEoJOVyvDLzHagzNQ,12.233237,False,True,False,False,False,False,True,ok
2026-05-05T22:35:51.664592+00:00,OEqMxMEBQQY,UCP15FVAA2UL-QOcGhy7-ezA,7.938399,False,True,False,False,False,False,True,ok
2026-05-05T22:35:51.664592+00:00,40-68Uco_u0,UCPTlwyaEoJOVyvDLzHagzNQ,3.233237,False,False,False,False,True,False,True,ok
2026-05-05T22:35:51.664592+00:00,ND9eyW5Fw0s,UCSIvk78tK2TiviLQn4fSHaw,7.02392,False,True,False,False,False,False,False,insufficient_channel_baseline
2026-05-05T22:35:51.664592+00:00,U14_qm5y38o,UC5PwIMtLiIBCBhsu8f_-6UQ,9.209568,False,True,False,False,False,False,True,ok
2026-05-05T22:35:51.664592+00:00,9LsgBjswQZY,UCLe_q9axMaeTbjN0hy1Z9xA,14.024695,False,True,False,False,False,False,True,ok
2026-05-05T22:35:51.664592+00:00,cdOcjUyQr8A,UCGq-a57w-aPwyi3pW7XLiHw,14.228376,False,True,False,False,False,False,True,ok
2026-05-05T22:35:51.664592+00:00,NM-bwZZoX80,UCbUYAYd1WUznxEEl498z7vA,10.066339,False,True,False,False,False,False,True,ok
2026-05-05T22:35:51.664592+00:00,-txFIHA4ez8,UCP15FVAA2UL-QOcGhy7-ezA,9.017658,False,True,False,False,False,False,True,ok
2026-05-05T22:35:51.664592+00:00,7jg0cSWJpCA,UCF0L4jd9LcSIxsj5gKITMqQ,1.149765,True,False,False,False,True,False,True,low_history
2026-05-05T22:35:51.664592+00:00,XeN7wKfDOPk,UC1yNl2E66ZzKApQdRuTQ4tw,8.315864,False,True,False,False,False,False,True,ok
2026-05-05T22:35:51.664592+00:00,EZLeWRbCEbA,UCEK0oX3X2yK9y27khCsrNKg,14.024614,False,True,False,False,False,False,True,ok
2026-05-05T22:35:51.664592+00:00,4ZK7Ms4IZ7g,UCoOae5nYA7VqaXzerajD0lg,8.439186,False,True,False,False,False,False,True,ok
2026-05-05T22:35:51.664592+00:00,P9MkPdQc74o,UC3aj05GEEyzdOqYM5FLSFeg,5.336998,False,True,False,False,True,False,False,insufficient_channel_baseline
2026-05-05T22:35:51.664592+00:00,a8LrJMGoVL4,UCoXtmmnLCbXDiSo8GxsmOzA,12.274892,False,True,False,False,False,False,True,ok
2026-05-05T22:35:51.664592+00:00,UEBpQgCIFTk,UC52hytXteCKmuOzMViTK8_w,11.050633,False,True,False,False,False,False,True,ok
2026-05-05T22:35:51.664592+00:00,GybLbhXj2Nw,UCPdaxSov0mgwh77JvjQO2jQ,8.274649,False,True,False,False,False,False,True,ok
2026-05-05T22:35:51.664592+00:00,8hN5PF2oXGs,UCGq-a57w-aPwyi3pW7XLiHw,12.165181,False,True,False,False,False,False,True,ok
2026-05-05T22:35:51.664592+00:00,NoXtR658c_k,UCPTlwyaEoJOVyvDLzHagzNQ,5.233237,False,True,False,False,True,False,True,ok
2026-05-05T22:35:51.664592+00:00,Xbang1Y_jbA,UC5mQQ4Ur6oA8lsGFkvH2lyg,6.941096,False,True,False,False,True,False,True,ok
2026-05-05T22:35:51.664592+00:00,FBq_mtNPweg,UC5mQQ4Ur6oA8lsGFkvH2lyg,4.941397,False,True,False,False,True,False,True,ok
2026-05-05T22:35:51.664592+00:00,wnoSOSgBNHk,UC3nwmvE2aDzUSJ4evQ1NhoA,8.160262,False,True,False,False,False,False,True,ok
2026-05-05T22:35:51.664592+00:00,kf9ghd5-VII,UCPgVPrgqpALC1s2e63fgKyg,8.107913,False,True,False,False,False,False,True,ok
2026-05-05T22:35:51.664592+00:00,_SdzVNht_nU,UCF0L4jd9LcSIxsj5gKITMqQ,7.268654,False,True,False,False,False,False,True,ok
2026-05-05T22:35:51.664592+00:00,o1LnQHf3b6I,UCUyDOdBWhC1MCxEjC46d-zw,3.649904,False,False,False,False,True,False,True,ok
2026-05-05T22:35:51.664592+00:00,Fy8H9I2kJkI,UCFBpVaKCC0ajGps1vf0AgBg,12.982901,False,True,False,False,False,False,True,ok
2026-05-05T22:35:51.664592+00:00,Aa1qfpfSaVY,UCUyDOdBWhC1MCxEjC46d-zw,4.649904,False,True,False,False,True,False,True,ok
2026-05-05T22:35:51.664592+00:00,mQR17nCXUSA,UCPgVPrgqpALC1s2e63fgKyg,5.10789,False,True,False,False,True,False,True,ok
2026-05-05T22:35:51.664592+00:00,-0FsgHxwxgQ,UCbUYAYd1WUznxEEl498z7vA,11.983237,False,True,False,False,False,False,True,ok
2026-05-05T22:35:51.664592+00:00,o8Z1Q8UPSOU,UCF0L4jd9LcSIxsj5gKITMqQ,4.245945,False,True,False,False,True,False,True,ok
2026-05-05T22:35:51.664592+00:00,f0ukpT07u2c,UCF0L4jd9LcSIxsj5gKITMqQ,3.035297,False,False,False,False,True,False,True,ok
2026-05-05T22:35:51.664592+00:00,OgbLx7K5jKI,UCoOae5nYA7VqaXzerajD0lg,4.52436,False,True,False,False,True,False,True,ok
2026-05-05T22:35:51.664592+00:00,Gr6qcQdzDfw,UCEK0oX3X2yK9y27khCsrNKg,3.483005,False,False,False,False,True,False,True,ok
2026-05-05T22:35:51.664592+00:00,i6wL2IzuW7s,UCLYoURyGHMUuQ5YrfX55PWg,3.418005,False,False,False,False,True,False,True,ok
2026-05-05T22:35:51.664592+00:00,4IeYytwcpuQ,UCM55RjebjSevVWPnj2LEymw,13.219429,False,True,False,False,False,False,True,ok
2026-05-05T22:35:51.664592+00:00,21UbB1_pq3o,UCRDQzsHtx2cXvzEXnEhbxBg,3.647704,False,False,False,False,True,False,True,ok
2026-05-05T22:35:51.664592+00:00,-APimd6TUro,UC5mQQ4Ur6oA8lsGFkvH2lyg,9.858237,False,True,False,False,False,False,True,ok
2026-05-05T22:35:51.664592+00:00,UDiJI3q9wFQ,UCaVPhFg-Ax873wvhbNitsrQ,5.930806,False,True,False,False,True,False,True,ok
2026-05-05T22:35:51.664592+00:00,CdlFyd3WHbg,UCX9NJ471o7Wie1DQe94RVIg,3.885112,False,False,False,False,True,False,True,ok
2026-05-05T22:35:51.664592+00:00,_twN29IEQlc,UC7MkZfrLCeE4Xwh9h2QnN0A,8.001246,False,True,False,False,False,False,False,insufficient_channel_baseline
2026-05-05T22:35:51.664592+00:00,2NMgx26Y-Bk,UCF0L4jd9LcSIxsj5gKITMqQ,2.03532,True,False,False,False,True,False,True,low_history
2026-05-05T22:35:51.664592+00:00,OWkM5YoEhgM,UCEQXxiYxNZbym9Fad7-n2Lg,12.253862,False,True,False,False,False,False,True,ok
2026-05-05T22:35:51.664592+00:00,1lx0bttCAbs,UCF0L4jd9LcSIxsj5gKITMqQ,13.149892,False,True,False,False,False,False,True,ok
2026-05-05T22:35:51.664592+00:00,BPt0fwBCDbQ,UCl5-lvQyfILb-l2abPk4Ntg,13.530957,False,True,False,False,False,False,True,ok
2026-05-05T22:35:51.664592+00:00,PN8bHAr0f1M,UCOHxDwCcOzBaLkeTazanwcw,8.252334,False,True,False,False,False,False,True,ok
2026-05-05T22:35:51.664592+00:00,sebAi3RkL4o,UCF0L4jd9LcSIxsj5gKITMqQ,2.031848,True,False,False,False,True,False,True,low_history
2026-05-05T22:35:51.664592+00:00,6XxQMeqG1P4,UCX9NJ471o7Wie1DQe94RVIg,7.15576,False,True,False,False,False,False,True,ok
2026-05-05T22:35:51.664592+00:00,bbhBRpDlFHE,UCm5iBOcQ0GET_2FqFI61QDA,1.303642,True,False,False,False,True,False,True,low_history
2026-05-05T22:35:51.664592+00:00,HyO6rMqRXw0,UC1viRct91s1a3Z5yvk7FJXw,5.274626,False,True,False,False,True,False,True,ok
2026-05-05T22:35:51.664592+00:00,n1G2FQ0UEqc,UC5PwIMtLiIBCBhsu8f_-6UQ,7.228827,False,True,False,False,False,False,True,ok
2026-05-05T22:35:51.664592+00:00,JTtyJPD0ZOw,UCF0L4jd9LcSIxsj5gKITMqQ,5.232855,False,True,False,False,True,False,True,ok
2026-05-05T22:35:51.664592+00:00,eGmGoahyI-U,UCs0QXHkbkBDM_NwnRiGFoTA,5.957369,False,True,False,False,True,False,True,ok
2026-05-05T22:35:51.664592+00:00,zyJ1yZwX_tE,UCUyDOdBWhC1MCxEjC46d-zw,8.149904,False,True,False,False,False,False,True,ok
2026-05-05T22:35:51.664592+00:00,em-cVkkWtZo,UCbUYAYd1WUznxEEl498z7vA,1.066015,True,False,False,False,True,False,True,low_history
2026-05-05T22:35:51.664592+00:00,EXOQ7vN2NXk,UC4FHiPgS1KXkUMx3dxBUtPg,8.399533,False,True,False,False,False,False,True,ok
2026-05-05T22:35:51.664592+00:00,Rpw1_eKZCEA,UCP7PV59jal4PobLeo5cSG_Q,1.006512,True,False,False,False,True,False,True,low_history
2026-05-05T22:35:51.664592+00:00,La4ogJrxI0g,UCTfQ65AxquXmih3r6rZmK-Q,13.174441,False,True,False,False,False,False,True,ok
2026-05-05T22:35:51.664592+00:00,b-NJDpglmeM,UCF0L4jd9LcSIxsj5gKITMqQ,3.29539,False,False,False,False,True,False,True,ok
2026-05-05T22:35:51.664592+00:00,ZrvvBKldeo0,UCP15FVAA2UL-QOcGhy7-ezA,1.980459,True,False,False,False,True,False,True,low_history
2026-05-05T22:35:51.664592+00:00,iTOXHp4c1YE,UCyM-2pRapEv6V2q7UNO9icg,6.225054,False,True,False,False,True,False,True,ok
2026-05-05T22:35:51.664592+00:00,9opMZrn2-zg,UCUyDOdBWhC1MCxEjC46d-zw,4.56657,False,True,False,False,True,False,True,ok
2026-05-05T22:35:51.664592+00:00,MK3Lz4fAvZo,UCEQXxiYxNZbym9Fad7-n2Lg,5.253966,False,True,False,False,True,False,True,ok
2026-05-05T22:35:51.664592+00:00,DB302vKJ2Go,UCP15FVAA2UL-QOcGhy7-ezA,3.311385,False,False,False,False,True,False,True,ok
2026-05-05T22:35:51.664592+00:00,NDF3VSFbxAU,UC55-mxUj5Nj3niXFReG44OQ,6.268029,False,True,False,False,True,False,True,ok
2026-05-05T22:35:51.664592+00:00,jIj6PuMrDGA,UCF0L4jd9LcSIxsj5gKITMqQ,8.170598,False,True,False,False,False,False,True,ok
2026-05-05T22:35:51.664592+00:00,MmtdaRSSUZA,UCaZ5txM63JGqgzRTVXy5e9g,5.410297,False,True,False,False,True,False,False,insufficient_channel_baseline
2026-05-05T22:35:51.664592+00:00,jdrW-vJOD1w,UC55-mxUj5Nj3niXFReG44OQ,8.068908,False,True,False,False,False,False,True,ok
2026-05-05T22:35:51.664592+00:00,q4PUKnyy3QQ,UCF0L4jd9LcSIxsj5gKITMqQ,2.273989,True,False,False,False,True,False,True,low_history
2026-05-05T22:35:51.664592+00:00,eAwkhxinCOc,UCyM-2pRapEv6V2q7UNO9icg,2.175378,True,False,False,False,True,False,True,low_history
2026-05-05T22:35:51.664592+00:00,UcgjSqz0CZs,UCEK0oX3X2yK9y27khCsrNKg,0.981339,True,False,False,False,True,False,True,low_history
2026-05-05T22:35:51.664592+00:00,RCl-cN1Hf-Q,UC5mQQ4Ur6oA8lsGFkvH2lyg,4.316026,False,True,False,False,True,False,True,ok
2026-05-05T22:35:51.664592+00:00,ZUpr3u1inlg,UCRDQzsHtx2cXvzEXnEhbxBg,3.889417,False,False,False,False,True,False,True,ok
2026-05-05T22:35:51.664592+00:00,KPjUKzX4bo8,UCEK0oX3X2yK9y27khCsrNKg,0.961535,True,False,False,False,True,False,True,low_history
2026-05-05T22:35:51.664592+00:00,L8_m7pOI2-A,UCOvzFyIAr32yspwxx77BHcQ,12.982866,False,True,False,False,False,False,True,ok
2026-05-05T22:35:51.664592+00:00,LDQnGP6iSH4,UC3nwmvE2aDzUSJ4evQ1NhoA,4.16032,False,True,False,False,True,False,True,ok
2026-05-05T22:35:51.664592+00:00,v3JV42WbomE,UCP15FVAA2UL-QOcGhy7-ezA,7.310123,False,True,False,False,False,False,True,ok
2026-05-05T22:35:51.664592+00:00,xhCLLakHBa8,UCUyDOdBWhC1MCxEjC46d-zw,5.56657,False,True,False,False,True,False,True,ok
2026-05-05T22:35:51.664592+00:00,tQCVAU-fZPA,UCF0L4jd9LcSIxsj5gKITMqQ,14.087241,False,True,False,False,False,False,True,ok
2026-05-05T22:35:51.664592+00:00,g_7mUw6Xt2E,UCoXtmmnLCbXDiSo8GxsmOzA,10.274244,False,True,False,False,False,False,True,ok
2026-05-05T22:35:51.664592+00:00,B18aH00d8oE,UCJQQVLyM6wtPleV4wFBK06g,12.228769,False,True,False,False,False,False,True,ok
2026-05-05T22:35:51.664592+00:00,1gyuiKoSc-w,UCjSVqRtdOsxQDss_pJpp_Yg,7.920725,False,True,False,False,False,False,True,ok
2026-05-05T22:35:51.664592+00:00,B8E4azaZ13k,UC5PwIMtLiIBCBhsu8f_-6UQ,2.165795,True,False,False,False,True,False,True,low_history
2026-05-05T22:35:51.664592+00:00,OkuWh46I4m4,UCDOSaJ0pnglwzfkR6fYbisA,9.274834,False,True,False,False,False,False,True,ok
2026-05-05T22:35:51.664592+00:00,quCJwkDAx0g,UCqcbQf6yw5KzRoDDcZ_wBSw,4.765922,False,True,False,False,True,False,True,ok
2026-05-05T22:35:51.664592+00:00,8CpQzf_RYb4,UCxFACDJ98idvo9Gq9M9AQgg,4.108179,False,True,False,False,True,False,True,ok
2026-05-05T22:35:51.664592+00:00,yGC0oT995TM,UC2UXDak6o7rBm23k3Vv5dww,5.315274,False,True,False,False,True,False,True,ok
2026-05-05T22:35:51.664592+00:00,Ff0AYRWrnGY,UC1yNl2E66ZzKApQdRuTQ4tw,10.316188,False,True,False,False,False,False,True,ok
2026-05-05T22:35:51.664592+00:00,51dULrDA8E8,UCDOSaJ0pnglwzfkR6fYbisA,7.274741,False,True,False,False,False,False,True,ok
2026-05-05T22:35:51.664592+00:00,Ju0usucry_g,UCmE44gpkHmf5bKIVTPSwxnQ,7.212288,False,True,False,False,False,False,True,ok
2026-05-05T22:35:51.664592+00:00,nGakcu0V0ZM,UCFBpVaKCC0ajGps1vf0AgBg,4.285239,False,True,False,False,True,False,True,ok
2026-05-05T22:35:51.664592+00:00,Nq-c06vj5PM,UCxFACDJ98idvo9Gq9M9AQgg,13.482751,False,True,False,False,False,False,True,ok
2026-05-05T22:35:51.664592+00:00,bFO0uAMPx1g,UCqcbQf6yw5KzRoDDcZ_wBSw,8.640552,False,True,False,False,False,False,True,ok
2026-05-05T22:35:51.664592+00:00,DHk0gFHyHeE,UCl5-lvQyfILb-l2abPk4Ntg,11.416767,False,True,False,False,False,False,True,ok
2026-05-05T22:35:51.664592+00:00,U4gpio58908,UC1yNl2E66ZzKApQdRuTQ4tw,12.315899,False,True,False,False,False,False,True,ok
2026-05-05T22:35:51.664592+00:00,2A0dbP8LJoA,UCLYoURyGHMUuQ5YrfX55PWg,4.402681,False,True,False,False,True,False,True,ok
2026-05-05T22:35:51.664592+00:00,tPuup43tbgA,UCyM-2pRapEv6V2q7UNO9icg,3.232438,False,False,False,False,True,False,True,ok
2026-05-05T22:35:51.664592+00:00,ftk4VdOcaj8,UC30ajuhy8cViP2DiM1QLjmg,4.035123,False,True,False,False,True,False,True,ok
2026-05-05T22:35:51.664592+00:00,IZNeoCSdcfY,UCEK0oX3X2yK9y27khCsrNKg,1.227022,True,False,False,False,True,False,True,low_history
2026-05-05T22:35:51.664592+00:00,TUSbI3pqiCM,UCRlBDnRQduDk4tmm1OtpSRg,9.206686,False,True,False,False,False,False,False,insufficient_channel_baseline
2026-05-05T22:35:51.664592+00:00,t9_dqoKfqLo,UC4FHiPgS1KXkUMx3dxBUtPg,6.357091,False,True,False,False,True,False,True,ok
2026-05-05T22:35:51.664592+00:00,Rax-kdRVG74,UCF0L4jd9LcSIxsj5gKITMqQ,4.212323,False,True,False,False,True,False,True,ok
2026-05-05T22:35:51.664592+00:00,ZjnjH_SaHyo,UCF0L4jd9LcSIxsj5gKITMqQ,1.092392,True,False,False,False,True,False,True,low_history
2026-05-05T22:35:51.664592+00:00,V2d9YyBmeUk,UCF0L4jd9LcSIxsj5gKITMqQ,3.356941,False,False,False,False,True,False,True,ok
2026-05-05T22:35:51.664592+00:00,0elkAIACdFE,UCxFACDJ98idvo9Gq9M9AQgg,5.108237,False,True,False,False,True,False,True,ok
2026-05-05T22:35:51.664592+00:00,3GUtClCifjw,UC4FHiPgS1KXkUMx3dxBUtPg,4.358167,False,True,False,False,True,False,True,ok
2026-05-05T22:35:51.664592+00:00,myMj_ZfZ_xI,UCUyDOdBWhC1MCxEjC46d-zw,8.56657,False,True,False,False,False,False,True,ok
2026-05-05T22:35:51.664592+00:00,3W1KfxQnQiU,UCOxW1h1VV379Q8GDdUJOhgw,9.25407,False,True,False,False,False,False,False,insufficient_channel_baseline
2026-05-05T22:35:51.664592+00:00,-X2P40t70LM,UCRDQzsHtx2cXvzEXnEhbxBg,3.644904,False,False,False,False,True,False,True,ok
2026-05-05T22:35:51.664592+00:00,AxM96v9ZCzI,UC36xmz34q02JYaZYKrMwXng,12.24091,False,True,False,False,False,False,True,ok
2026-05-05T22:35:51.664592+00:00,xO5diVmgE8Y,UCM55RjebjSevVWPnj2LEymw,14.398688,False,True,False,False,False,False,True,ok
2026-05-05T22:35:51.664592+00:00,J9p4GMskefU,UC3IEYr87JpgBeVbbc0gP9DA,13.289718,False,True,False,False,False,False,False,insufficient_channel_baseline
2026-05-05T22:35:51.664592+00:00,uvfU2B8b4G4,UCDOSaJ0pnglwzfkR6fYbisA,11.273769,False,True,False,False,False,False,True,ok
2026-05-05T22:35:51.664592+00:00,rhVEOqNhjKo,UCUyDOdBWhC1MCxEjC46d-zw,8.483237,False,True,False,False,False,False,True,ok
2026-05-05T22:35:51.664592+00:00,_FP4gbF0KWY,UCP15FVAA2UL-QOcGhy7-ezA,4.185934,False,True,False,False,True,False,True,ok
2026-05-05T22:35:51.664592+00:00,6UPfq3KETg4,UCEQXxiYxNZbym9Fad7-n2Lg,8.254024,False,True,False,False,False,False,True,ok
2026-05-05T22:35:51.664592+00:00,SK7yqZdN3Dg,UCF0L4jd9LcSIxsj5gKITMqQ,5.24973,False,True,False,False,True,False,True,ok
2026-05-05T22:35:51.664592+00:00,IJJbQTVdAtE,UCUyDOdBWhC1MCxEjC46d-zw,8.31657,False,True,False,False,False,False,True,ok
2026-05-05T22:35:51.664592+00:00,oixqYBAPwXA,UC36xmz34q02JYaZYKrMwXng,5.489244,False,True,False,False,True,False,True,ok
2026-05-05T22:35:51.664592+00:00,RNUjufFVGXs,UCfOaXuYSAQXm7CTYWD8dUXQ,3.212276,False,False,False,False,True,False,False,insufficient_channel_baseline
2026-05-05T22:35:51.664592+00:00,e5jQUYrRPRk,UCF0L4jd9LcSIxsj5gKITMqQ,3.045656,False,False,False,False,True,False,True,ok
2026-05-05T22:35:51.664592+00:00,dq9VW4kn19w,UCiqJoWIT-vm-hJoXilFGiUQ,1.149904,True,False,False,False,True,False,True,low_history
2026-05-05T22:35:51.664592+00:00,dVb9vyCwM2s,UCPgVPrgqpALC1s2e63fgKyg,9.10804,False,True,False,False,False,False,True,ok
2026-05-05T22:35:51.664592+00:00,5fKeNMp7F6s,UCUyDOdBWhC1MCxEjC46d-zw,7.31657,False,True,False,False,False,False,True,ok
2026-05-05T22:35:51.664592+00:00,-6t20SnbOyc,UCYZLVhSSwdBllvn4tw5a4uQ,12.97201,False,True,False,False,False,False,True,ok
2026-05-05T22:35:51.664592+00:00,VITWpByrMdw,UCtT7zEoC9-HNyLYb8cYWoww,3.191281,False,False,False,False,True,False,True,ok
2026-05-05T22:35:51.664592+00:00,GfSGy5C1OIA,UCxFACDJ98idvo9Gq9M9AQgg,7.108121,False,True,False,False,False,False,True,ok
2026-05-05T22:35:51.664592+00:00,Lnhy0tZ8SUI,UCUyDOdBWhC1MCxEjC46d-zw,6.81657,False,True,False,False,True,False,True,ok
2026-05-05T22:35:51.664592+00:00,s23TO2BQBcU,UCX9NJ471o7Wie1DQe94RVIg,5.385991,False,True,False,False,True,False,True,ok
2026-05-05T22:35:51.664592+00:00,FbRnMwKmmTA,UCP15FVAA2UL-QOcGhy7-ezA,4.308665,False,True,False,False,True,False,True,ok
2026-05-05T22:35:51.664592+00:00,L7fVqlOzegQ,UCs0QXHkbkBDM_NwnRiGFoTA,12.798387,False,True,False,False,False,False,True,ok
2026-05-05T22:35:51.664592+00:00,9QKOkpu78CQ,UCV5G678sZwW5IcF3pCfRbHQ,12.274904,False,True,False,False,False,False,False,insufficient_channel_baseline
2026-05-05T22:35:51.664592+00:00,aqIgIWIc3uw,UCRDQzsHtx2cXvzEXnEhbxBg,6.734313,False,True,False,False,True,False,True,ok
2026-05-05T22:35:51.664592+00:00,iPg5fXvAqqo,UCF0L4jd9LcSIxsj5gKITMqQ,3.066073,False,False,False,False,True,False,True,ok
2026-05-05T22:35:51.664592+00:00,B2ag364pRgQ,UCoOae5nYA7VqaXzerajD0lg,10.524718,False,True,False,False,False,False,True,ok
2026-05-05T22:35:51.664592+00:00,1X8BPKi1kP8,UCm5iBOcQ0GET_2FqFI61QDA,4.089429,False,True,False,False,True,False,True,ok
2026-05-05T22:35:51.664592+00:00,Cs1nC8kqS5k,UC1viRct91s1a3Z5yvk7FJXw,9.191454,False,True,False,False,False,False,True,ok
2026-05-05T22:35:51.664592+00:00,v8z-clVwRxM,UC9WGON3pXofvE958Uq3Lw3Q,12.056408,False,True,False,False,False,False,True,ok
2026-05-05T22:35:51.664592+00:00,f2fDaAMvlV4,UC5mQQ4Ur6oA8lsGFkvH2lyg,5.941061,False,True,False,False,True,False,True,ok
2026-05-05T22:35:51.664592+00:00,Xk3cJMA7UhE,UCQIUhtP5WYIx_pMG8UvMYHg,2.316026,True,False,False,False,True,False,True,low_history
2026-05-05T22:35:51.664592+00:00,T34ygnCahZc,UC5PwIMtLiIBCBhsu8f_-6UQ,10.210529,False,True,False,False,False,False,True,ok
2026-05-05T22:35:51.664592+00:00,x3P8Zqux4A4,UCUyDOdBWhC1MCxEjC46d-zw,9.31657,False,True,False,False,False,False,True,ok
2026-05-05T22:35:51.664592+00:00,l1-D1s67YU4,UCP15FVAA2UL-QOcGhy7-ezA,11.130204,False,True,False,False,False,False,True,ok
2026-05-05T22:35:51.664592+00:00,OkVrrVAG9yg,UCRDQzsHtx2cXvzEXnEhbxBg,11.899834,False,True,False,False,False,False,True,ok
2026-05-05T22:35:51.664592+00:00,VREVC0wXPfs,UChhw6DlKKTQ9mYSpTfXUYqA,13.202276,False,True,False,False,False,False,True,ok
2026-05-05T22:35:51.664592+00:00,Xshu2lM5PZE,UCF0L4jd9LcSIxsj5gKITMqQ,3.05267,False,False,False,False,True,False,True,ok
2026-05-05T22:35:51.664592+00:00,nrIEhoSCOg8,UCF0L4jd9LcSIxsj5gKITMqQ,3.274082,False,False,False,False,True,False,True,ok
2026-05-05T22:35:51.664592+00:00,LDXkrlIxj8U,UCF0L4jd9LcSIxsj5gKITMqQ,4.149556,False,True,False,False,True,False,True,ok
2026-05-05T22:35:51.664592+00:00,e7IyFScAa-Q,UC9WGON3pXofvE958Uq3Lw3Q,13.981362,False,True,False,False,False,False,True,ok
2026-05-05T22:35:51.664592+00:00,kLJNcHqVmJA,UC9WGON3pXofvE958Uq3Lw3Q,7.906478,False,True,False,False,False,False,True,ok
2026-05-05T22:35:51.664592+00:00,rYKQ0Ukxe6k,UC55-mxUj5Nj3niXFReG44OQ,7.258827,False,True,False,False,False,False,True,ok
2026-05-05T22:35:51.664592+00:00,N9drBPpPZFI,UCF0L4jd9LcSIxsj5gKITMqQ,3.076987,False,False,False,False,True,False,True,ok
2026-05-05T22:35:51.664592+00:00,0IGNbK4bbXA,UCHMSzZaVrEjK35aYK3J7Htw,12.024209,False,True,False,False,False,False,True,ok
2026-05-05T22:35:51.664592+00:00,7FYFhOiiMIU,UCUyDOdBWhC1MCxEjC46d-zw,3.983237,False,False,False,False,True,False,True,ok
2026-05-05T22:35:51.664592+00:00,4uRgDr5maYo,UC55-mxUj5Nj3niXFReG44OQ,6.109811,False,True,False,False,True,False,True,ok
2026-05-05T22:35:51.664592+00:00,LK1OJ-izQfQ,UCUyDOdBWhC1MCxEjC46d-zw,5.149904,False,True,False,False,True,False,True,ok
2026-05-05T22:35:51.664592+00:00,-5kkpHpexIA,UC5mQQ4Ur6oA8lsGFkvH2lyg,10.858237,False,True,False,False,False,False,True,ok
2026-05-05T22:35:51.664592+00:00,N8Bc_M2Ew2E,UC5PwIMtLiIBCBhsu8f_-6UQ,4.229348,False,True,False,False,True,False,True,ok
2026-05-05T22:35:51.664592+00:00,GKCz_gBPkvI,UCF0L4jd9LcSIxsj5gKITMqQ,2.185702,True,False,False,False,True,False,True,low_history
2026-05-05T22:35:51.664592+00:00,NuoEsHIW5JA,UCzR-rom72PHN9Zg7RML9EbA,12.264452,False,True,False,False,False,False,False,insufficient_channel_baseline
2026-05-05T22:35:51.664592+00:00,sqXsMACtso0,UCEQXxiYxNZbym9Fad7-n2Lg,7.253723,False,True,False,False,False,False,True,ok
2026-05-05T22:35:51.664592+00:00,qGDMB-PryIU,UCFBpVaKCC0ajGps1vf0AgBg,6.128966,False,True,False,False,True,False,True,ok
2026-05-05T22:35:51.664592+00:00,s2NSwy8xraQ,UCtoo4_P6ilCj7jwa4FmA5lQ,5.024116,False,True,False,False,True,False,False,insufficient_channel_baseline
2026-05-05T22:35:51.664592+00:00,G9L3zK57X6Y,UCDOSaJ0pnglwzfkR6fYbisA,12.177334,False,True,False,False,False,False,True,ok
2026-05-05T22:35:51.664592+00:00,n16KlvFN28c,UCdNnEDbRWhanA1O8zhCn3ZA,14.155818,False,True,False,False,False,False,True,ok
2026-05-05T22:35:51.664592+00:00,S3JuEF7RQ5k,UC5PwIMtLiIBCBhsu8f_-6UQ,11.16863,False,True,False,False,False,False,True,ok
2026-05-05T22:35:51.664592+00:00,w_Z0cdu9c9I,UC9mrBfjgyOsqJ0J-zw7kZLQ,4.054614,False,True,False,False,True,False,True,ok
2026-05-05T22:35:51.664592+00:00,MYHiaHDLDB8,UCvPGx8qh8AkrFZW06tESvaA,2.892994,True,False,False,False,True,False,True,ok
2026-05-05T22:35:51.664592+00:00,bouvNyq8xCY,UCX6b17PVsYBQ0ip5gyeme-Q,12.274163,False,True,False,False,False,False,False,insufficient_channel_baseline
2026-05-05T22:35:51.664592+00:00,XX7hskkX1AA,UC1viRct91s1a3Z5yvk7FJXw,10.17017,False,True,False,False,False,False,True,ok
2026-05-05T22:35:51.664592+00:00,stk7f11pyr8,UCl5-lvQyfILb-l2abPk4Ntg,6.297045,False,True,False,False,True,False,True,ok
2026-05-05T22:35:51.664592+00:00,yzajLZXh9JU,UCbfYPyITQ-7l4upoX8nvctg,7.222114,False,True,False,False,False,False,True,ok
2026-05-05T22:35:51.664592+00:00,nWfp_X31vqk,UCEQXxiYxNZbym9Fad7-n2Lg,6.190934,False,True,False,False,True,False,True,ok
2026-05-05T22:35:51.664592+00:00,RGWm_UCIWnc,UCF0L4jd9LcSIxsj5gKITMqQ,4.191339,False,True,False,False,True,False,True,ok
2026-05-05T22:35:51.664592+00:00,AVyYMXc_t9s,UCEK0oX3X2yK9y27khCsrNKg,7.86936,False,True,False,False,False,False,True,ok
2026-05-05T22:35:51.664592+00:00,MSl5mD3E7PE,UC3IEYr87JpgBeVbbc0gP9DA,13.11966,False,True,False,False,False,False,False,insufficient_channel_baseline
2026-05-05T22:35:51.664592+00:00,XjAeQOmdNFU,UCoOae5nYA7VqaXzerajD0lg,6.524186,False,True,False,False,True,False,True,ok
2026-05-05T22:35:51.664592+00:00,nOR-IY0SnEY,UCRDQzsHtx2cXvzEXnEhbxBg,12.059198,False,True,False,False,False,False,True,ok
2026-05-05T22:35:51.664592+00:00,31WQ21L6kE8,UCUyDOdBWhC1MCxEjC46d-zw,4.81657,False,True,False,False,True,False,True,ok
2026-05-05T22:35:51.664592+00:00,qf_JlCrcPy0,UCP15FVAA2UL-QOcGhy7-ezA,3.186142,False,False,False,False,True,False,True,ok
2026-05-05T22:35:51.664592+00:00,uHXjo7DUAAM,UCUyDOdBWhC1MCxEjC46d-zw,6.649904,False,True,False,False,True,False,True,ok
2026-05-05T22:35:51.664592+00:00,GEXxx3JQmdw,UCvPGx8qh8AkrFZW06tESvaA,4.330552,False,True,False,False,True,False,True,ok
2026-05-05T22:35:51.664592+00:00,W4BkgA1P27o,UC3nwmvE2aDzUSJ4evQ1NhoA,5.160309,False,True,False,False,True,False,True,ok
2026-05-05T22:35:51.664592+00:00,MX1a5garnwc,UC9WGON3pXofvE958Uq3Lw3Q,10.212681,False,True,False,False,False,False,True,ok
2026-05-05T22:35:51.664592+00:00,vg9owOLbmvA,UCP7PV59jal4PobLeo5cSG_Q,2.147797,True,False,False,False,True,False,True,low_history
2026-05-05T22:35:51.664592+00:00,LkRVMOzUypo,UCUyDOdBWhC1MCxEjC46d-zw,5.733237,False,True,False,False,True,False,True,ok
2026-05-05T22:35:51.664592+00:00,-JTeDTLElVg,UC5mQQ4Ur6oA8lsGFkvH2lyg,10.94157,False,True,False,False,False,False,True,ok
2026-05-05T22:35:51.664592+00:00,iq599kyAjVA,UCOHxDwCcOzBaLkeTazanwcw,12.251026,False,True,False,False,False,False,True,ok
2026-05-05T22:35:51.664592+00:00,CZe8DucT3qA,UCPgVPrgqpALC1s2e63fgKyg,11.10804,False,True,False,False,False,False,True,ok
2026-05-05T22:35:51.664592+00:00,lWj_3TE2UsE,UCUyDOdBWhC1MCxEjC46d-zw,5.81657,False,True,False,False,True,False,True,ok
2026-05-05T22:35:51.664592+00:00,vN0MwkPIOF8,UCEQXxiYxNZbym9Fad7-n2Lg,2.072392,True,False,False,False,True,False,True,low_history
2026-05-05T22:35:51.664592+00:00,UszcZZ1QZho,UCLYoURyGHMUuQ5YrfX55PWg,9.415077,False,True,False,False,False,False,True,ok
2026-05-05T22:35:51.664592+00:00,MbX7gs6huVE,UC55-mxUj5Nj3niXFReG44OQ,13.196235,False,True,False,False,False,False,True,ok
2026-05-05T22:35:51.664592+00:00,SoTjeq4cQZw,UCvPGx8qh8AkrFZW06tESvaA,2.259487,True,False,False,False,True,False,True,low_history
2026-05-05T22:35:51.664592+00:00,UQXupr6-Wmg,UCUyDOdBWhC1MCxEjC46d-zw,12.483237,False,True,False,False,False,False,True,ok
2026-05-05T22:35:51.664592+00:00,siKdeoxrxIA,UCxFACDJ98idvo9Gq9M9AQgg,6.899313,False,True,False,False,True,False,True,ok
2026-05-05T22:35:51.664592+00:00,L8qTgJOhpPg,UCWn_0MmgojB711LFX-jaCDQ,2.291049,True,False,False,False,True,False,True,low_history
2026-05-05T22:35:51.664592+00:00,6-PunI-5Ts4,UCEQXxiYxNZbym9Fad7-n2Lg,9.254047,False,True,False,False,False,False,True,ok
2026-05-05T22:35:51.664592+00:00,8erUsIGULKc,UCvPGx8qh8AkrFZW06tESvaA,5.18738,False,True,False,False,True,False,True,ok
2026-05-05T22:35:51.664592+00:00,DfeXyiagVDE,UCdfnfXWCGkBAx2cN2l-4u2w,2.310517,True,False,False,False,True,False,True,low_history
2026-05-05T22:35:51.664592+00:00,uWOLkr7S47A,UCUyDOdBWhC1MCxEjC46d-zw,13.483237,False,True,False,False,False,False,True,ok
2026-05-05T22:35:51.664592+00:00,ZOPXzlpBVoM,UCPgVPrgqpALC1s2e63fgKyg,10.108029,False,True,False,False,False,False,True,ok
2026-05-05T22:35:51.664592+00:00,IQZiAOokKXo,UCUyDOdBWhC1MCxEjC46d-zw,9.149904,False,True,False,False,False,False,True,ok
2026-05-05T22:35:51.664592+00:00,_dASAu79K0s,UCUyDOdBWhC1MCxEjC46d-zw,7.649904,False,True,False,False,False,False,True,ok
2026-05-05T22:35:51.664592+00:00,wN3O2GSvoWE,UC9WGON3pXofvE958Uq3Lw3Q,5.99363,False,True,False,False,True,False,True,ok
2026-05-05T22:35:51.664592+00:00,CzIJ566XexE,UCyM-2pRapEv6V2q7UNO9icg,7.254024,False,True,False,False,False,False,True,ok
2026-05-05T22:35:51.664592+00:00,8Cc0marf_vs,UCF0L4jd9LcSIxsj5gKITMqQ,2.081802,True,False,False,False,True,False,True,low_history
2026-05-05T22:35:51.664592+00:00,01NMf5-J_P4,UCUyDOdBWhC1MCxEjC46d-zw,11.733237,False,True,False,False,False,False,True,ok
2026-05-05T22:35:51.664592+00:00,wB2Kb0MiyAc,UC5mQQ4Ur6oA8lsGFkvH2lyg,12.857566,False,True,False,False,False,False,True,ok
2026-05-05T22:35:51.664592+00:00,lE7rIBv-nV8,UCUyDOdBWhC1MCxEjC46d-zw,6.733237,False,True,False,False,True,False,True,ok
2026-05-05T22:35:51.664592+00:00,dIwCndpKuSE,UCF0L4jd9LcSIxsj5gKITMqQ,2.607739,True,False,False,False,True,False,True,ok
2026-05-05T22:35:51.664592+00:00,uay_qpfTJOE,UC55-mxUj5Nj3niXFReG44OQ,11.141304,False,True,False,False,False,False,True,ok
2026-05-05T22:35:51.664592+00:00,TLdMXZSABH8,UCP15FVAA2UL-QOcGhy7-ezA,5.874973,False,True,False,False,True,False,True,ok
2026-05-05T22:35:51.664592+00:00,nbHMeopNtDg,UCUyDOdBWhC1MCxEjC46d-zw,5.983237,False,True,False,False,True,False,True,ok
2026-05-05T22:35:51.664592+00:00,yXl7MRLoxrM,UCm5iBOcQ0GET_2FqFI61QDA,5.866362,False,True,False,False,True,False,True,ok
2026-05-05T22:35:51.664592+00:00,94PJFiyaSrs,UCyJbb85EUgWjl38GcF236Jg,12.94054,False,True,False,False,False,False,True,ok
2026-05-05T22:35:51.664592+00:00,cnCEUFzWspI,UCUyDOdBWhC1MCxEjC46d-zw,7.81657,False,True,False,False,False,False,True,ok
2026-05-05T22:35:51.664592+00:00,waOGddip3Wk,UCRDQzsHtx2cXvzEXnEhbxBg,4.727866,False,True,False,False,True,False,True,ok
2026-05-05T22:35:51.664592+00:00,shkHigLwBnM,UCyJbb85EUgWjl38GcF236Jg,8.14216,False,True,False,False,False,False,True,ok
2026-05-05T22:35:51.664592+00:00,X9fGa-F_ars,UCPgVPrgqpALC1s2e63fgKyg,13.107994,False,True,False,False,False,False,True,ok
2026-05-05T22:35:51.664592+00:00,0SSctcuOy0o,UCb8GKeOvI7WsFUkB4UVAeXA,8.992936,False,True,False,False,False,False,True,ok
2026-05-05T22:35:51.664592+00:00,shgZ8WYcC6k,UCUyDOdBWhC1MCxEjC46d-zw,6.483237,False,True,False,False,True,False,True,ok
2026-05-05T22:35:51.664592+00:00,TeheJAFWwYs,UCDOSaJ0pnglwzfkR6fYbisA,12.941501,False,True,False,False,False,False,True,ok
2026-05-05T22:35:51.664592+00:00,dYJM9jmLBzY,UCPgVPrgqpALC1s2e63fgKyg,10.31591,False,True,False,False,False,False,True,ok
2026-05-05T22:35:51.664592+00:00,oXKkhajzwgE,UCRDQzsHtx2cXvzEXnEhbxBg,12.068549,False,True,False,False,False,False,True,ok
2026-05-05T22:35:51.664592+00:00,RPePcFJDNds,UCsmEAwbV7WbYndpQKbY4Ntw,4.358237,False,True,False,False,True,False,True,ok
2026-05-05T22:35:51.664592+00:00,3QRWlCFdzyE,UCF0L4jd9LcSIxsj5gKITMqQ,9.108214,False,True,False,False,False,False,True,ok
2026-05-05T22:35:51.664592+00:00,fQK8Lx-oRIU,UCPTlwyaEoJOVyvDLzHagzNQ,10.233237,False,True,False,False,False,False,True,ok
2026-05-05T22:35:51.664592+00:00,ZjtJALByo70,UC55-mxUj5Nj3niXFReG44OQ,8.269116,False,True,False,False,False,False,True,ok
2026-05-05T22:35:51.664592+00:00,5ymn2oV1Zls,UCPgVPrgqpALC1s2e63fgKyg,14.108191,False,True,False,False,False,False,True,ok
2026-05-05T22:35:51.664592+00:00,Nz7vsR3_W3I,UCF0L4jd9LcSIxsj5gKITMqQ,5.1912,False,True,False,False,True,False,True,ok
2026-05-05T22:35:51.664592+00:00,oIr5NyY01EQ,UCDnUOd6PIlQAL9bPUTf9BkQ,5.233237,False,True,False,False,True,False,True,ok
2026-05-05T22:35:51.664592+00:00,Xf_v62TQOx4,UCbfYPyITQ-7l4upoX8nvctg,10.226443,False,True,False,False,False,False,True,ok
2026-05-05T22:35:51.664592+00:00,Jr9Xm5f44NQ,UCPTlwyaEoJOVyvDLzHagzNQ,7.233237,False,True,False,False,False,False,True,ok
2026-05-05T22:35:51.664592+00:00,UN6X2Jj-qrQ,UCLYoURyGHMUuQ5YrfX55PWg,12.431119,False,True,False,False,False,False,True,ok
2026-05-05T22:35:51.664592+00:00,XV4eV0wnx-c,UCoOae5nYA7VqaXzerajD0lg,9.524244,False,True,False,False,False,False,True,ok
2026-05-05T22:35:51.664592+00:00,0lt4j7GTtGU,UCuhw3KIv3wM14By2-LcxDGw,2.793353,True,False,False,False,True,False,True,ok
2026-05-05T22:35:51.664592+00:00,5zwotvZ1rl0,UCxFACDJ98idvo9Gq9M9AQgg,10.482982,False,True,False,False,False,False,True,ok
2026-05-05T22:35:51.664592+00:00,Zu3g28TTetU,UC55-mxUj5Nj3niXFReG44OQ,12.3576,False,True,False,False,False,False,True,ok
2026-05-05T22:35:51.664592+00:00,lB_XJmoBLjw,UCBBWpss2iXVXtTzl7-4eWbg,5.198584,False,True,False,False,True,False,True,ok
2026-05-05T22:35:51.664592+00:00,9361MUAmA24,UCLYoURyGHMUuQ5YrfX55PWg,13.435899,False,True,False,False,False,False,True,ok
2026-05-05T22:35:51.664592+00:00,-wkZoxeFIpM,UCEQXxiYxNZbym9Fad7-n2Lg,9.063549,False,True,False,False,False,False,True,ok
2026-05-05T22:35:51.664592+00:00,QDZUOBnmf4Q,UCEQXxiYxNZbym9Fad7-n2Lg,10.253954,False,True,False,False,False,False,True,ok
2026-05-05T22:35:51.664592+00:00,5ov8sBSV-pc,UCDnUOd6PIlQAL9bPUTf9BkQ,8.19157,False,True,False,False,False,False,True,ok
2026-05-05T22:35:51.664592+00:00,_88DyxJqY-4,UC9WGON3pXofvE958Uq3Lw3Q,4.022392,False,True,False,False,True,False,True,ok
2026-05-05T22:35:51.664592+00:00,MK-6-YuFzC4,UCdNnEDbRWhanA1O8zhCn3ZA,14.899556,False,True,False,False,False,False,True,ok
2026-05-05T22:35:51.664592+00:00,jjSaUeqJi4s,UCX9NJ471o7Wie1DQe94RVIg,13.229059,False,True,False,False,False,False,True,ok
2026-05-05T22:35:51.664592+00:00,NkWtrW-9GDY,UCX9NJ471o7Wie1DQe94RVIg,8.152554,False,True,False,False,False,False,True,ok
2026-05-05T22:35:51.664592+00:00,7vdW8a6jEfw,UCUyDOdBWhC1MCxEjC46d-zw,9.483237,False,True,False,False,False,False,True,ok
2026-05-05T22:35:51.664592+00:00,R1iBWKeX42I,UCP15FVAA2UL-QOcGhy7-ezA,7.184637,False,True,False,False,False,False,True,ok
2026-05-05T22:35:51.664592+00:00,EvauKuWaNmk,UCl5-lvQyfILb-l2abPk4Ntg,14.19157,False,True,False,False,False,False,True,ok
2026-05-05T22:35:51.664592+00:00,87jnYKGVetM,UCUyDOdBWhC1MCxEjC46d-zw,7.983237,False,True,False,False,False,False,True,ok
2026-05-05T22:35:51.664592+00:00,I-rogofBX8c,UCUyDOdBWhC1MCxEjC46d-zw,9.649904,False,True,False,False,False,False,True,ok
2026-05-05T22:35:51.664592+00:00,HEW0VJx9iw0,UCUyDOdBWhC1MCxEjC46d-zw,9.733237,False,True,False,False,False,False,True,ok
2026-05-05T22:35:51.664592+00:00,OPDzJP8iWLo,UCEQXxiYxNZbym9Fad7-n2Lg,14.253978,False,True,False,False,False,False,True,ok
2026-05-05T22:35:51.664592+00:00,WynveK8qJx4,UCF0L4jd9LcSIxsj5gKITMqQ,3.056119,False,False,False,False,True,False,True,ok
2026-05-05T22:35:51.664592+00:00,k0ZYVWoVWAc,UCEK0oX3X2yK9y27khCsrNKg,10.482299,False,True,False,False,False,False,True,ok
2026-05-05T22:35:51.664592+00:00,TpncXdKNLTQ,UCEK0oX3X2yK9y27khCsrNKg,11.31598,False,True,False,False,False,False,True,ok
2026-05-05T22:35:51.664592+00:00,gS87TtB9nk4,UCUyDOdBWhC1MCxEjC46d-zw,14.483237,False,True,False,False,False,False,True,ok
2026-05-05T22:35:51.664592+00:00,XAQ275WwWnw,UChhw6DlKKTQ9mYSpTfXUYqA,11.279429,False,True,False,False,False,False,True,ok
2026-05-05T22:35:51.664592+00:00,pGGJHrxn1VU,UC5mQQ4Ur6oA8lsGFkvH2lyg,6.857681,False,True,False,False,True,False,True,ok
2026-05-05T22:35:51.664592+00:00,7IL0scdhgJA,UCm5iBOcQ0GET_2FqFI61QDA,5.054336,False,True,False,False,True,False,True,ok
2026-05-05T22:35:51.664592+00:00,WeAhvFYojh0,UCdfnfXWCGkBAx2cN2l-4u2w,3.26341,False,False,False,False,True,False,True,ok
2026-05-05T22:35:51.664592+00:00,AnhXe6C7RcY,UCjSVqRtdOsxQDss_pJpp_Yg,1.941454,True,False,False,False,True,False,True,low_history
2026-05-05T22:35:51.664592+00:00,lWQY5zccbQs,UCUyDOdBWhC1MCxEjC46d-zw,6.983237,False,True,False,False,True,False,True,ok
2026-05-05T22:35:51.664592+00:00,jcfifYFAdpM,UCRDQzsHtx2cXvzEXnEhbxBg,6.726651,False,True,False,False,True,False,True,ok
2026-05-05T22:35:51.664592+00:00,BnAKfe0qGbE,UCP15FVAA2UL-QOcGhy7-ezA,7.025633,False,True,False,False,False,False,True,ok
2026-05-05T22:35:51.664592+00:00,DerWppSGkmE,UCP15FVAA2UL-QOcGhy7-ezA,6.019973,False,True,False,False,True,False,True,ok
2026-05-05T22:35:51.664592+00:00,iGaMJCi8mAk,UCyM-2pRapEv6V2q7UNO9icg,5.253723,False,True,False,False,True,False,True,ok
2026-05-05T22:35:51.664592+00:00,4RmcHqjzw-A,UCOQEA3qmyzFmJdi6Z137yrA,12.441373,False,True,False,False,False,False,False,insufficient_channel_baseline
2026-05-05T22:35:51.664592+00:00,H_i8nh8uBco,UCl5-lvQyfILb-l2abPk4Ntg,6.275957,False,True,False,False,True,False,True,ok
2026-05-05T22:35:51.664592+00:00,KKq5yX8mrw0,UC55-mxUj5Nj3niXFReG44OQ,6.017091,False,True,False,False,True,False,True,ok
2026-05-05T22:35:51.664592+00:00,5Z4z2oEoxw8,UCQIUhtP5WYIx_pMG8UvMYHg,12.358063,False,True,False,False,False,False,True,ok
2026-05-05T22:35:51.664592+00:00,gtdao7DVsBo,UCUyDOdBWhC1MCxEjC46d-zw,9.983237,False,True,False,False,False,False,True,ok
2026-05-05T22:35:51.664592+00:00,yaBzATxyEYs,UCaVPhFg-Ax873wvhbNitsrQ,13.038862,False,True,False,False,False,False,True,ok
2026-05-05T22:35:51.664592+00:00,DWt3zfqtI6g,UC2UXDak6o7rBm23k3Vv5dww,9.316385,False,True,False,False,False,False,True,ok
2026-05-05T22:35:51.664592+00:00,yveo9j8JZts,UCiqJoWIT-vm-hJoXilFGiUQ,2.236755,True,False,False,False,True,False,True,low_history
2026-05-05T22:35:51.664592+00:00,M_FKC2NTb24,UCxFACDJ98idvo9Gq9M9AQgg,9.108121,False,True,False,False,False,False,True,ok
2026-05-05T22:35:51.664592+00:00,A83vXatD6sY,UCl5-lvQyfILb-l2abPk4Ntg,6.351107,False,True,False,False,True,False,True,ok
2026-05-05T22:35:51.664592+00:00,enQeP-ztP5A,UCF7UoUGGOUcSSNcVDndq7KQ,4.674059,False,True,False,False,True,False,False,insufficient_channel_baseline
2026-05-05T22:35:51.664592+00:00,sQoa8y7eN-8,UCLYoURyGHMUuQ5YrfX55PWg,14.430957,False,True,False,False,False,False,True,ok
2026-05-05T22:35:51.664592+00:00,GMXWOLJHnJc,UCUyDOdBWhC1MCxEjC46d-zw,9.81657,False,True,False,False,False,False,True,ok
2026-05-05T22:35:51.664592+00:00,rQmlUxDeTxE,UCF0L4jd9LcSIxsj5gKITMqQ,4.065841,False,True,False,False,True,False,True,ok
2026-05-05T22:35:51.664592+00:00,FpwEaued1Hc,UCUyDOdBWhC1MCxEjC46d-zw,10.983237,False,True,False,False,False,False,True,ok
2026-05-05T22:35:51.664592+00:00,AxHTi--S-sU,UCP15FVAA2UL-QOcGhy7-ezA,13.050737,False,True,False,False,False,False,True,ok
2026-05-05T22:35:51.664592+00:00,f1rK6WfCjCQ,UCoOae5nYA7VqaXzerajD0lg,13.523989,False,True,False,False,False,False,True,ok
2026-05-05T22:35:51.664592+00:00,7PY7jbupwSg,UCP15FVAA2UL-QOcGhy7-ezA,6.307404,False,True,False,False,True,False,True,ok
2026-05-05T22:35:51.664592+00:00,tXgFifuwvno,UCHMSzZaVrEjK35aYK3J7Htw,4.977936,False,True,False,False,True,False,True,ok
2026-05-05T22:35:51.664592+00:00,eEfZlpKPAIU,UCP15FVAA2UL-QOcGhy7-ezA,11.020378,False,True,False,False,False,False,True,ok
2026-05-05T22:35:51.664592+00:00,0YCyZKuGPmA,UC9mrBfjgyOsqJ0J-zw7kZLQ,11.962022,False,True,False,False,False,False,True,ok
2026-05-05T22:35:51.664592+00:00,Hs6RxFMX1i4,UCUyDOdBWhC1MCxEjC46d-zw,7.733237,False,True,False,False,False,False,True,ok
2026-05-05T22:35:51.664592+00:00,sGEEHGc7eyo,UCl5-lvQyfILb-l2abPk4Ntg,5.399915,False,True,False,False,True,False,True,ok
2026-05-05T22:35:51.664592+00:00,xfMhpaP8QSg,UCRDQzsHtx2cXvzEXnEhbxBg,4.740783,False,True,False,False,True,False,True,ok
2026-05-05T22:35:51.664592+00:00,SY53rwqE2i0,UCaVPhFg-Ax873wvhbNitsrQ,14.02657,False,True,False,False,False,False,True,ok
2026-05-05T22:35:51.664592+00:00,SvLaz6y-mhs,UCBBWpss2iXVXtTzl7-4eWbg,7.133619,False,True,False,False,False,False,True,ok
2026-05-05T22:35:51.664592+00:00,K38w2QlgHPQ,UC5PwIMtLiIBCBhsu8f_-6UQ,8.186559,False,True,False,False,False,False,True,ok
2026-05-05T22:35:51.664592+00:00,k30WHO9_ppU,UCl5-lvQyfILb-l2abPk4Ntg,5.2226,False,True,False,False,True,False,True,ok
2026-05-05T22:35:51.664592+00:00,UxUmboIvArE,UC-ktYMwvFKNmhQdps8VDrkg,5.243654,False,True,False,False,True,False,False,insufficient_channel_baseline
2026-05-05T22:35:51.664592+00:00,RtCDqPRlu48,UCP15FVAA2UL-QOcGhy7-ezA,11.16216,False,True,False,False,False,False,True,ok
2026-05-05T22:35:51.664592+00:00,uZ6Nbwp8GtU,UCX9NJ471o7Wie1DQe94RVIg,10.259533,False,True,False,False,False,False,True,ok
2026-05-05T22:35:51.664592+00:00,yA-SufBCL7g,UCF0L4jd9LcSIxsj5gKITMqQ,4.607554,False,True,False,False,True,False,True,ok
2026-05-05T22:35:51.664592+00:00,iaT6-gjxQbo,UC9mrBfjgyOsqJ0J-zw7kZLQ,6.008827,False,True,False,False,True,False,True,ok
2026-05-05T22:35:51.664592+00:00,tg0LuGGeOPA,UC1viRct91s1a3Z5yvk7FJXw,11.920135,False,True,False,False,False,False,True,ok
2026-05-05T22:35:51.664592+00:00,67JREKwyixk,UCl5-lvQyfILb-l2abPk4Ntg,7.297195,False,True,False,False,False,False,True,ok
2026-05-05T22:35:51.664592+00:00,MlSS4ZqvJuA,UCF0L4jd9LcSIxsj5gKITMqQ,7.41098,False,True,False,False,False,False,True,ok
2026-05-05T22:35:51.664592+00:00,ZB9IMq0ee0k,UCl5-lvQyfILb-l2abPk4Ntg,13.21267,False,True,False,False,False,False,True,ok
2026-05-05T22:35:51.664592+00:00,EnLpF9i3I4I,UC9mrBfjgyOsqJ0J-zw7kZLQ,8.683422,False,True,False,False,False,False,True,ok
2026-05-05T22:35:51.664592+00:00,KfaPxlvQx1M,UC5mQQ4Ur6oA8lsGFkvH2lyg,4.954198,False,True,False,False,True,False,True,ok
2026-05-05T22:35:51.664592+00:00,9u4d0EDxCkY,UCF0L4jd9LcSIxsj5gKITMqQ,2.086651,True,False,False,False,True,False,True,low_history
2026-05-05T22:35:51.664592+00:00,f7fbvRa4eJE,UCUyDOdBWhC1MCxEjC46d-zw,11.31657,False,True,False,False,False,False,True,ok
2026-05-05T22:35:51.664592+00:00,sncgYGQt1T8,UCl5-lvQyfILb-l2abPk4Ntg,7.222068,False,True,False,False,False,False,True,ok
2026-05-05T22:35:51.664592+00:00,Um1DSnUqmko,UCl5-lvQyfILb-l2abPk4Ntg,7.431385,False,True,False,False,False,False,True,ok
2026-05-05T22:35:51.664592+00:00,X5_Q7FZ0Sik,UCF0L4jd9LcSIxsj5gKITMqQ,2.041616,True,False,False,False,True,False,True,low_history
2026-05-05T22:35:51.664592+00:00,pra3fiwosjU,UCtT7zEoC9-HNyLYb8cYWoww,4.190991,False,True,False,False,True,False,True,ok
2026-05-05T22:35:51.664592+00:00,0ShXZN7aHqA,UCP15FVAA2UL-QOcGhy7-ezA,8.010343,False,True,False,False,False,False,True,ok
2026-05-05T22:35:51.664592+00:00,_O6ICkmg1Zg,UCyM-2pRapEv6V2q7UNO9icg,8.253931,False,True,False,False,False,False,True,ok
2026-05-05T22:35:51.664592+00:00,xL5gZGVPjnQ,UCxFACDJ98idvo9Gq9M9AQgg,6.107461,False,True,False,False,True,False,True,ok
2026-05-05T22:35:51.664592+00:00,zEUstENVghI,UCl5-lvQyfILb-l2abPk4Ntg,14.307809,False,True,False,False,False,False,True,ok
2026-05-05T22:35:51.664592+00:00,wR8P970sqH8,UCUyDOdBWhC1MCxEjC46d-zw,11.983237,False,True,False,False,False,False,True,ok
2026-05-05T22:35:51.664592+00:00,AYIqxqyY-es,UCHMSzZaVrEjK35aYK3J7Htw,7.003364,False,True,False,False,False,False,True,ok
2026-05-05T22:35:51.664592+00:00,lvw8Fe5wcBo,UCP15FVAA2UL-QOcGhy7-ezA,8.316397,False,True,False,False,False,False,True,ok
2026-05-05T22:35:51.664592+00:00,QCcQpkBhOvI,UCP15FVAA2UL-QOcGhy7-ezA,14.061929,False,True,False,False,False,False,True,ok
2026-05-05T22:35:51.664592+00:00,HyWpbCUdCr8,UCl5-lvQyfILb-l2abPk4Ntg,6.519753,False,True,False,False,True,False,True,ok
2026-05-05T22:35:51.664592+00:00,j584RpaMrDg,UCl5-lvQyfILb-l2abPk4Ntg,5.511952,False,True,False,False,True,False,True,ok
2026-05-05T22:35:51.664592+00:00,Dic-fJdWqhY,UCjSVqRtdOsxQDss_pJpp_Yg,3.857971,False,False,False,False,True,False,True,ok
2026-05-05T22:35:51.664592+00:00,7m9uIc31Egw,UCEK0oX3X2yK9y27khCsrNKg,12.024684,False,True,False,False,False,False,True,ok
2026-05-05T22:35:51.664592+00:00,tveRHTJJyy8,UCUyDOdBWhC1MCxEjC46d-zw,10.149904,False,True,False,False,False,False,True,ok
2026-05-05T22:35:51.664592+00:00,QSe13hyv68o,UCl5-lvQyfILb-l2abPk4Ntg,11.43988,False,True,False,False,False,False,True,ok
2026-05-05T22:35:51.664592+00:00,wJwQm_aqC8U,UCUyDOdBWhC1MCxEjC46d-zw,9.56657,False,True,False,False,False,False,True,ok
2026-05-05T22:35:51.664592+00:00,ERxzxl6fXbw,UCRDQzsHtx2cXvzEXnEhbxBg,9.688908,False,True,False,False,False,False,True,ok
2026-05-05T22:35:51.664592+00:00,NAooB35YkHA,UC3nwmvE2aDzUSJ4evQ1NhoA,7.160309,False,True,False,False,False,False,True,ok
2026-05-05T22:35:51.664592+00:00,AU6gGMDF7ts,UCRDQzsHtx2cXvzEXnEhbxBg,5.919441,False,True,False,False,True,False,True,ok
2026-05-05T22:35:51.664592+00:00,au_CNv7ZBS4,UCDOSaJ0pnglwzfkR6fYbisA,14.255968,False,True,False,False,False,False,True,ok
2026-05-05T22:35:51.664592+00:00,sa3zzPEnz_4,UCP15FVAA2UL-QOcGhy7-ezA,14.848978,False,True,False,False,False,False,True,ok
2026-05-05T22:35:51.664592+00:00,seu69-hMmGw,UCRDQzsHtx2cXvzEXnEhbxBg,12.064198,False,True,False,False,False,False,True,ok
2026-05-05T22:35:51.664592+00:00,pVwkpXd5PCA,UC2UXDak6o7rBm23k3Vv5dww,12.315505,False,True,False,False,False,False,True,ok
2026-05-05T22:35:51.664592+00:00,ax0ogeQpq3E,UCBBWpss2iXVXtTzl7-4eWbg,12.191431,False,True,False,False,False,False,True,ok
2026-05-05T22:35:51.664592+00:00,D3h2gmgCBFg,UCl5-lvQyfILb-l2abPk4Ntg,7.349811,False,True,False,False,False,False,True,ok
2026-05-05T22:35:51.664592+00:00,pVXm6lt1F7w,UCF0L4jd9LcSIxsj5gKITMqQ,8.149406,False,True,False,False,False,False,True,ok
2026-05-05T22:35:51.664592+00:00,0dwlHNDdn2s,UCxFACDJ98idvo9Gq9M9AQgg,7.899892,False,True,False,False,False,False,True,ok
2026-05-05T22:35:51.664592+00:00,fpkC4nn2D60,UCRDQzsHtx2cXvzEXnEhbxBg,5.6512,False,True,False,False,True,False,True,ok
2026-05-05T22:35:51.664592+00:00,nH8YRX4Stfs,UCrr-NczCJHrwi1oBS97uwnw,5.161258,False,True,False,False,True,False,False,insufficient_channel_baseline
2026-05-05T22:35:51.664592+00:00,kp1dLUox9_Y,UCxFACDJ98idvo9Gq9M9AQgg,11.019788,False,True,False,False,False,False,True,ok
2026-05-05T22:35:51.664592+00:00,6AKlPLtjBR8,UC55-mxUj5Nj3niXFReG44OQ,8.154452,False,True,False,False,False,False,True,ok
2026-05-05T22:35:51.664592+00:00,y3HkZSayX2s,UC30ajuhy8cViP2DiM1QLjmg,8.858688,False,True,False,False,False,False,True,ok
2026-05-05T22:35:51.664592+00:00,_BhjwaNE8mc,UCF0L4jd9LcSIxsj5gKITMqQ,6.607739,False,True,False,False,True,False,True,ok
2026-05-05T22:35:51.664592+00:00,tA9L9aV6gXY,UCF0L4jd9LcSIxsj5gKITMqQ,4.232392,False,True,False,False,True,False,True,ok
2026-05-05T22:35:51.664592+00:00,39rirHnSBZ4,UCiqJoWIT-vm-hJoXilFGiUQ,1.858237,True,False,False,False,True,False,True,low_history
2026-05-05T22:35:51.664592+00:00,ra8QknbAJs4,UCEK0oX3X2yK9y27khCsrNKg,11.315448,False,True,False,False,False,False,True,ok
2026-05-05T22:35:51.664592+00:00,QduEFho6dLg,UCEK0oX3X2yK9y27khCsrNKg,14.882866,False,True,False,False,False,False,True,ok
2026-05-05T22:35:51.664592+00:00,664cs6FZEZo,UCUyDOdBWhC1MCxEjC46d-zw,12.149904,False,True,False,False,False,False,True,ok
2026-05-05T22:35:51.664592+00:00,FOyH5MIRyD4,UCF0L4jd9LcSIxsj5gKITMqQ,10.337288,False,True,False,False,False,False,True,ok
2026-05-05T22:35:51.664592+00:00,XyFrfcsbDGY,UCPTlwyaEoJOVyvDLzHagzNQ,14.233237,False,True,False,False,False,False,True,ok
2026-05-05T22:35:51.664592+00:00,MdYM6kw372Q,UCF0L4jd9LcSIxsj5gKITMqQ,9.087334,False,True,False,False,False,False,True,ok
2026-05-05T22:35:51.664592+00:00,lkM12v2VZyE,UCP15FVAA2UL-QOcGhy7-ezA,13.937241,False,True,False,False,False,False,True,ok
2026-05-05T22:35:51.664592+00:00,Xy09nfcwZ3E,UC5mQQ4Ur6oA8lsGFkvH2lyg,9.232774,False,True,False,False,False,False,True,ok
2026-05-05T22:35:51.664592+00:00,ieJE93iObcI,UCuhw3KIv3wM14By2-LcxDGw,7.777022,False,True,False,False,False,False,True,ok
2026-05-05T22:35:51.664592+00:00,CF4oRpaLSqw,UCbUYAYd1WUznxEEl498z7vA,7.719799,False,True,False,False,False,False,True,ok
2026-05-05T22:35:51.664592+00:00,-ZL_mpjxaUo,UCF0L4jd9LcSIxsj5gKITMqQ,6.399904,False,True,False,False,True,False,True,ok
2026-05-05T22:35:51.664592+00:00,YD2iT-SCJb0,UCBBWpss2iXVXtTzl7-4eWbg,6.016061,False,True,False,False,True,False,True,ok
2026-05-05T22:35:51.664592+00:00,JxM9FGa1xjw,UCjSVqRtdOsxQDss_pJpp_Yg,1.858075,True,False,False,False,True,False,True,low_history
2026-05-05T22:35:51.664592+00:00,PCAPjDDY-h4,UC1viRct91s1a3Z5yvk7FJXw,13.144047,False,True,False,False,False,False,True,ok
2026-05-05T22:35:51.664592+00:00,3skIuC1lP00,UCOvzFyIAr32yspwxx77BHcQ,9.052647,False,True,False,False,False,False,True,ok
2026-05-05T22:35:51.664592+00:00,xUWqMdypNsM,UC5PwIMtLiIBCBhsu8f_-6UQ,12.223862,False,True,False,False,False,False,True,ok
2026-05-05T22:35:51.664592+00:00,1t2Yd_bmg_k,UCF0L4jd9LcSIxsj5gKITMqQ,7.288098,False,True,False,False,False,False,True,ok
2026-05-05T22:35:51.664592+00:00,KppJdbUvqp8,UCF0L4jd9LcSIxsj5gKITMqQ,5.482924,False,True,False,False,True,False,True,ok
2026-05-05T22:35:51.664592+00:00,DBWMP58IOcw,UCF0L4jd9LcSIxsj5gKITMqQ,6.166605,False,True,False,False,True,False,True,ok
2026-05-05T22:35:51.664592+00:00,R6VQrYkJf74,UCP15FVAA2UL-QOcGhy7-ezA,14.066188,False,True,False,False,False,False,True,ok
2026-05-05T22:35:51.664592+00:00,40kncAedwjs,UCuhw3KIv3wM14By2-LcxDGw,10.775054,False,True,False,False,False,False,True,ok
2026-05-05T22:35:51.664592+00:00,SHPKe7pGqMk,UCbUYAYd1WUznxEEl498z7vA,11.690575,False,True,False,False,False,False,True,ok
2026-05-05T22:35:51.664592+00:00,ITT9xWeicWM,UCqcbQf6yw5KzRoDDcZ_wBSw,13.719684,False,True,False,False,False,False,True,ok
2026-05-05T22:35:51.664592+00:00,2FFoc89SAj0,UCOD6LXgeBoeiUZTsPLdG-0g,6.074209,False,True,False,False,True,False,True,ok
2026-05-05T22:35:51.664592+00:00,XzkJ2WrHR2c,UCF0L4jd9LcSIxsj5gKITMqQ,8.411454,False,True,False,False,False,False,True,ok
2026-05-05T22:35:51.664592+00:00,SK8tkpErsm8,UCF0L4jd9LcSIxsj5gKITMqQ,9.161813,False,True,False,False,False,False,True,ok
2026-05-05T22:35:51.664592+00:00,9R7IaubJFhA,UCP15FVAA2UL-QOcGhy7-ezA,13.167658,False,True,False,False,False,False,True,ok
2026-05-05T22:35:51.664592+00:00,evVs-Jtor50,UCqcbQf6yw5KzRoDDcZ_wBSw,11.713862,False,True,False,False,False,False,True,ok
2026-05-05T22:35:51.664592+00:00,IBBboS2nK3c,UCl5-lvQyfILb-l2abPk4Ntg,7.523989,False,True,False,False,False,False,True,ok
2026-05-05T22:35:51.664592+00:00,UWRxdKxuOb8,UCF0L4jd9LcSIxsj5gKITMqQ,7.607924,False,True,False,False,False,False,True,ok
2026-05-05T22:35:51.664592+00:00,ys1zQyiLrMc,UC5mQQ4Ur6oA8lsGFkvH2lyg,7.323723,False,True,False,False,False,False,True,ok
2026-05-05T22:35:51.664592+00:00,Cyfs-ngasus,UCjSVqRtdOsxQDss_pJpp_Yg,2.941431,True,False,False,False,True,False,True,ok
2026-05-05T22:35:51.664592+00:00,DB1fSfulSJQ,UCUyDOdBWhC1MCxEjC46d-zw,10.31657,False,True,False,False,False,False,True,ok
2026-05-05T22:35:51.664592+00:00,x0HFad-M2iE,UC30ajuhy8cViP2DiM1QLjmg,7.936547,False,True,False,False,False,False,True,ok
2026-05-05T22:35:51.664592+00:00,pqIZk9qrBEM,UC30ajuhy8cViP2DiM1QLjmg,10.85591,False,True,False,False,False,False,True,ok
2026-05-05T22:35:51.664592+00:00,6q8iEtd0IGE,UCbUYAYd1WUznxEEl498z7vA,10.795621,False,True,False,False,False,False,True,ok
2026-05-05T22:35:51.664592+00:00,5cynqLNd1gA,UC9mrBfjgyOsqJ0J-zw7kZLQ,13.990042,False,True,False,False,False,False,True,ok
2026-05-05T22:35:51.664592+00:00,RVu1kgj-miw,UCRDQzsHtx2cXvzEXnEhbxBg,7.710436,False,True,False,False,False,False,True,ok
2026-05-05T22:35:51.664592+00:00,oOLYgK6RqS4,UCP7PV59jal4PobLeo5cSG_Q,7.175494,False,True,False,False,False,False,True,ok
2026-05-05T22:35:51.664592+00:00,hE1O48iNhBw,UCF0L4jd9LcSIxsj5gKITMqQ,4.128862,False,True,False,False,True,False,True,ok
2026-05-05T22:35:51.664592+00:00,Wj8owIKaQKQ,UCUyDOdBWhC1MCxEjC46d-zw,12.649904,False,True,False,False,False,False,True,ok
2026-05-05T22:35:51.664592+00:00,jq7ocNZXg_s,UCUyDOdBWhC1MCxEjC46d-zw,13.733237,False,True,False,False,False,False,True,ok
2026-05-05T22:35:51.664592+00:00,mPbb2Gk3fr4,UCUyDOdBWhC1MCxEjC46d-zw,14.56657,False,True,False,False,False,False,True,ok
2026-05-05T22:35:51.664592+00:00,gGvkfd-LiKA,UCP15FVAA2UL-QOcGhy7-ezA,12.064174,False,True,False,False,False,False,True,ok
2026-05-05T22:35:51.664592+00:00,oYu0ZgihU8Q,UCP15FVAA2UL-QOcGhy7-ezA,12.08157,False,True,False,False,False,False,True,ok
2026-05-05T22:35:51.664592+00:00,N14hiQw7Wdk,UCiqJoWIT-vm-hJoXilFGiUQ,8.149904,False,True,False,False,False,False,True,ok
2026-05-05T22:35:51.664592+00:00,iS1jGgfO9Z0,UCl5-lvQyfILb-l2abPk4Ntg,7.576686,False,True,False,False,False,False,True,ok
2026-05-05T22:35:51.664592+00:00,bM3ojc2bhdA,UC30ajuhy8cViP2DiM1QLjmg,6.920448,False,True,False,False,True,False,True,ok
2026-05-05T22:35:51.664592+00:00,nLlqkXdlNsM,UCF0L4jd9LcSIxsj5gKITMqQ,9.565945,False,True,False,False,False,False,True,ok
2026-05-05T22:35:51.664592+00:00,aFvAFWzCwF8,UCF0L4jd9LcSIxsj5gKITMqQ,14.168711,False,True,False,False,False,False,True,ok
2026-05-05T22:35:51.664592+00:00,2FdfXwODkr4,UCyM-2pRapEv6V2q7UNO9icg,10.145841,False,True,False,False,False,False,True,ok
2026-05-05T22:35:51.664592+00:00,Qyf99inRvDE,UCP15FVAA2UL-QOcGhy7-ezA,6.937114,False,True,False,False,True,False,True,ok
2026-05-05T22:35:51.664592+00:00,wZBBnciTACo,UCP7PV59jal4PobLeo5cSG_Q,4.281883,False,True,False,False,True,False,True,ok
2026-05-05T22:35:51.664592+00:00,s47EWzAbZL4,UCUyDOdBWhC1MCxEjC46d-zw,12.56657,False,True,False,False,False,False,True,ok
2026-05-05T22:35:51.664592+00:00,RBz3O-4xBYE,UCF0L4jd9LcSIxsj5gKITMqQ,9.357728,False,True,False,False,False,False,True,ok
2026-05-05T22:35:51.664592+00:00,1a5xOhqvm-I,UCoOae5nYA7VqaXzerajD0lg,11.524857,False,True,False,False,False,False,True,ok
2026-05-05T22:35:51.664592+00:00,Q9qmcTjw89Q,UC30ajuhy8cViP2DiM1QLjmg,12.020401,False,True,False,False,False,False,True,ok
2026-05-05T22:35:51.664592+00:00,pe_HkAV9yJM,UC5PwIMtLiIBCBhsu8f_-6UQ,14.229533,False,True,False,False,False,False,True,ok
2026-05-05T22:35:51.664592+00:00,woNfdYrmVGw,UCyM-2pRapEv6V2q7UNO9icg,12.253688,False,True,False,False,False,False,True,ok
2026-05-05T22:35:51.664592+00:00,Q4zggacUY6E,UCEK0oX3X2yK9y27khCsrNKg,5.982971,False,True,False,False,True,False,True,ok
2026-05-05T22:35:51.664592+00:00,IrefshwOoX8,UCjSVqRtdOsxQDss_pJpp_Yg,2.899741,True,False,False,False,True,False,True,ok
2026-05-05T22:35:51.664592+00:00,qCFEWA_Nu3k,UCl5-lvQyfILb-l2abPk4Ntg,12.337195,False,True,False,False,False,False,True,ok
2026-05-05T22:35:51.664592+00:00,q__FKs64J28,UCEK0oX3X2yK9y27khCsrNKg,12.315586,False,True,False,False,False,False,True,ok
2026-05-05T22:35:51.664592+00:00,_BHe9R7pYNw,UCQIUhtP5WYIx_pMG8UvMYHg,9.315864,False,True,False,False,False,False,True,ok
2026-05-05T22:35:51.664592+00:00,vrW0swCG3Kg,UCUyDOdBWhC1MCxEjC46d-zw,12.983237,False,True,False,False,False,False,True,ok
2026-05-05T22:35:51.664592+00:00,Z0uWs_W9S1A,UCUyDOdBWhC1MCxEjC46d-zw,13.31657,False,True,False,False,False,False,True,ok
2026-05-05T22:35:51.664592+00:00,rXs8JlFIS-U,UCF0L4jd9LcSIxsj5gKITMqQ,9.149406,False,True,False,False,False,False,True,ok
2026-05-05T22:35:51.664592+00:00,dA8XrnlFY5w,UCiqJoWIT-vm-hJoXilFGiUQ,12.149904,False,True,False,False,False,False,True,ok
2026-05-05T22:35:51.664592+00:00,9dIy1d0jmXw,UCYZLVhSSwdBllvn4tw5a4uQ,13.92701,False,True,False,False,False,False,True,ok
2026-05-05T22:35:51.664592+00:00,NLrfMQ0dqpQ,UCsmEAwbV7WbYndpQKbY4Ntw,9.358237,False,True,False,False,False,False,True,ok
2026-05-05T22:35:51.664592+00:00,_QHAqfILwPk,UCBBWpss2iXVXtTzl7-4eWbg,7.856049,False,True,False,False,False,False,True,ok
2026-05-05T22:35:51.664592+00:00,1HWpBvWbexU,UCHMSzZaVrEjK35aYK3J7Htw,5.962056,False,True,False,False,True,False,True,ok
2026-05-05T22:35:51.664592+00:00,Wz8CxWdCHC0,UCF0L4jd9LcSIxsj5gKITMqQ,5.14951,False,True,False,False,True,False,True,ok
2026-05-05T22:35:51.664592+00:00,YY99Gla0v4E,UCuhw3KIv3wM14By2-LcxDGw,4.797635,False,True,False,False,True,False,True,ok
2026-05-05T22:35:51.664592+00:00,HOwVuamQvTc,UCEK0oX3X2yK9y27khCsrNKg,9.310262,False,True,False,False,False,False,True,ok
2026-05-05T22:35:51.664592+00:00,UkbeRKmr5kM,UCjSVqRtdOsxQDss_pJpp_Yg,12.920482,False,True,False,False,False,False,True,ok
2026-05-05T22:35:51.664592+00:00,03uRM4Uz5t8,UCF0L4jd9LcSIxsj5gKITMqQ,9.504846,False,True,False,False,False,False,True,ok
2026-05-05T22:35:51.664592+00:00,u7sbQBw3X3g,UC5mQQ4Ur6oA8lsGFkvH2lyg,11.85767,False,True,False,False,False,False,True,ok
2026-05-05T22:35:51.664592+00:00,7y8W9bita7o,UC9mrBfjgyOsqJ0J-zw7kZLQ,12.914741,False,True,False,False,False,False,True,ok
2026-05-05T22:35:51.664592+00:00,hrIY-clbdg8,UCqcbQf6yw5KzRoDDcZ_wBSw,14.724232,False,True,False,False,False,False,True,ok
2026-05-05T22:35:51.664592+00:00,5BbGrGFI2gQ,UCRDQzsHtx2cXvzEXnEhbxBg,8.709799,False,True,False,False,False,False,True,ok
2026-05-05T22:35:51.664592+00:00,sujVZ7316qo,UCyM-2pRapEv6V2q7UNO9icg,13.253792,False,True,False,False,False,False,True,ok
2026-05-05T22:35:51.664592+00:00,erf6YdpSakA,UCBBWpss2iXVXtTzl7-4eWbg,14.006211,False,True,False,False,False,False,True,ok
2026-05-05T22:35:51.664592+00:00,UPYFbiBv8H4,UCuhw3KIv3wM14By2-LcxDGw,6.781431,False,True,False,False,True,False,True,ok
2026-05-05T22:35:51.664592+00:00,LQd65ctML6o,UCF0L4jd9LcSIxsj5gKITMqQ,5.566188,False,True,False,False,True,False,True,ok
2026-05-05T22:35:51.664592+00:00,fgasMQ6UWPY,UCEK0oX3X2yK9y27khCsrNKg,5.085285,False,True,False,False,True,False,True,ok
2026-05-05T22:35:51.664592+00:00,7Ocx3WwDK_c,UCxFACDJ98idvo9Gq9M9AQgg,8.108202,False,True,False,False,False,False,True,ok
2026-05-05T22:35:51.664592+00:00,7u0DJM1SNPs,UCxFACDJ98idvo9Gq9M9AQgg,13.899776,False,True,False,False,False,False,True,ok
2026-05-05T22:35:51.664592+00:00,fHes8kAGJHs,UCUyDOdBWhC1MCxEjC46d-zw,13.81657,False,True,False,False,False,False,True,ok
2026-05-05T22:35:51.664592+00:00,nZlhHf8vSbU,UCF0L4jd9LcSIxsj5gKITMqQ,8.030366,False,True,False,False,False,False,True,ok
2026-05-05T22:35:51.664592+00:00,hx45I5QyAFw,UCF0L4jd9LcSIxsj5gKITMqQ,13.31561,False,True,False,False,False,False,True,ok
2026-05-05T22:35:51.664592+00:00,rzHYdFYDjcQ,UC5mQQ4Ur6oA8lsGFkvH2lyg,10.232461,False,True,False,False,False,False,True,ok
2026-05-05T22:35:51.664592+00:00,rg1PhRvmFXk,UCDnUOd6PIlQAL9bPUTf9BkQ,12.233237,False,True,False,False,False,False,True,ok
2026-05-05T22:35:51.664592+00:00,vcL1MMmXeO8,UCyM-2pRapEv6V2q7UNO9icg,14.127832,False,True,False,False,False,False,True,ok
2026-05-05T22:35:51.664592+00:00,VvBy9AkhR2w,UCBBWpss2iXVXtTzl7-4eWbg,8.89179,False,True,False,False,False,False,True,ok
2026-05-05T22:35:51.664592+00:00,6dfxL42fP0c,UCF0L4jd9LcSIxsj5gKITMqQ,4.108167,False,True,False,False,True,False,True,ok
2026-05-05T22:35:51.664592+00:00,Xcmg2noBQOw,UCF0L4jd9LcSIxsj5gKITMqQ,4.170251,False,True,False,False,True,False,True,ok
2026-05-05T22:35:51.664592+00:00,E6IrH04B8wg,UCl5-lvQyfILb-l2abPk4Ntg,11.232635,False,True,False,False,False,False,True,ok
2026-05-05T22:35:51.664592+00:00,6cUe6qrXxJU,UCxFACDJ98idvo9Gq9M9AQgg,12.899776,False,True,False,False,False,False,True,ok
2026-05-05T22:35:51.664592+00:00,E7PxcFm-Xs8,UCUyDOdBWhC1MCxEjC46d-zw,13.56657,False,True,False,False,False,False,True,ok
2026-05-05T22:35:51.664592+00:00,EJfh57hfc_E,UCF0L4jd9LcSIxsj5gKITMqQ,13.37892,False,True,False,False,False,False,True,ok
2026-05-05T22:35:51.664592+00:00,G-i7hiu_yPU,UCrr-NczCJHrwi1oBS97uwnw,11.175482,False,True,False,False,False,False,False,insufficient_channel_baseline
2026-05-05T22:35:51.664592+00:00,F4ZxeuNDoUw,UCRDQzsHtx2cXvzEXnEhbxBg,8.679522,False,True,False,False,False,False,True,ok
2026-05-05T22:35:51.664592+00:00,61fk5yAs7Jw,UC5mQQ4Ur6oA8lsGFkvH2lyg,7.191443,False,True,False,False,False,False,True,ok
2026-05-05T22:35:51.664592+00:00,6q2ptE-BXIc,UCRDQzsHtx2cXvzEXnEhbxBg,6.729024,False,True,False,False,True,False,True,ok
2026-05-05T22:35:51.664592+00:00,TOKUlItJpY4,UCF0L4jd9LcSIxsj5gKITMqQ,6.108029,False,True,False,False,True,False,True,ok
2026-05-05T22:35:51.664592+00:00,1c8cpHNlIb8,UCF0L4jd9LcSIxsj5gKITMqQ,6.358214,False,True,False,False,True,False,True,ok
2026-05-05T22:35:51.664592+00:00,M_iusAv-K8Y,UCP7PV59jal4PobLeo5cSG_Q,6.052774,False,True,False,False,True,False,True,ok
2026-05-05T22:35:51.664592+00:00,Tu8OUN2WuyU,UCEK0oX3X2yK9y27khCsrNKg,5.232774,False,True,False,False,True,False,True,ok
2026-05-05T22:35:51.664592+00:00,-8Xee3Y4Yeg,UCiqJoWIT-vm-hJoXilFGiUQ,5.149892,False,True,False,False,True,False,True,ok
2026-05-05T22:35:51.664592+00:00,0moz0GJcIHg,UCUyDOdBWhC1MCxEjC46d-zw,12.733237,False,True,False,False,False,False,True,ok
2026-05-05T22:35:51.664592+00:00,CZtseHx5dAM,UCUyDOdBWhC1MCxEjC46d-zw,14.649904,False,True,False,False,False,False,True,ok
2026-05-05T22:35:51.664592+00:00,DykSRxbFZZo,UCUyDOdBWhC1MCxEjC46d-zw,14.733237,False,True,False,False,False,False,True,ok
2026-05-05T22:35:51.664592+00:00,kLZUfQUWNNw,UCF0L4jd9LcSIxsj5gKITMqQ,10.088665,False,True,False,False,False,False,True,ok
2026-05-05T22:35:51.664592+00:00,uOGqRV25LOc,UCF0L4jd9LcSIxsj5gKITMqQ,10.182577,False,True,False,False,False,False,True,ok
2026-05-05T22:35:51.664592+00:00,PfdNPN9Jv6s,UCF0L4jd9LcSIxsj5gKITMqQ,11.337184,False,True,False,False,False,False,True,ok
2026-05-05T22:35:51.664592+00:00,izQP0WI1i9A,UCF0L4jd9LcSIxsj5gKITMqQ,13.274059,False,True,False,False,False,False,True,ok
2026-05-05T22:35:51.664592+00:00,VszurX3VCPE,UCP15FVAA2UL-QOcGhy7-ezA,11.876188,False,True,False,False,False,False,True,ok
2026-05-05T22:35:51.664592+00:00,HyTkdC8bhCg,UCbUYAYd1WUznxEEl498z7vA,13.717184,False,True,False,False,False,False,True,ok
2026-05-05T22:35:51.664592+00:00,W1js1spTUPs,UCWn_0MmgojB711LFX-jaCDQ,8.247519,False,True,False,False,False,False,True,ok
2026-05-05T22:35:51.664592+00:00,oeymdn1d4qg,UCRDQzsHtx2cXvzEXnEhbxBg,8.698665,False,True,False,False,False,False,True,ok
2026-05-05T22:35:51.664592+00:00,pS5AOr4B7hg,UCWn_0MmgojB711LFX-jaCDQ,7.278665,False,True,False,False,False,False,True,ok
2026-05-05T22:35:51.664592+00:00,96k8OXI58Ko,UCF0L4jd9LcSIxsj5gKITMqQ,6.483075,False,True,False,False,True,False,True,ok
2026-05-05T22:35:51.664592+00:00,Qf1PdYlk_9A,UCF0L4jd9LcSIxsj5gKITMqQ,6.191292,False,True,False,False,True,False,True,ok
2026-05-05T22:35:51.664592+00:00,zSPnVUpVwj8,UCF0L4jd9LcSIxsj5gKITMqQ,5.440193,False,True,False,False,True,False,True,ok
2026-05-05T22:35:51.664592+00:00,bbv1p_j1P8Y,UCiqJoWIT-vm-hJoXilFGiUQ,1.937948,True,False,False,False,True,False,True,low_history
2026-05-05T22:35:51.664592+00:00,C9V8L2emj9M,UCEK0oX3X2yK9y27khCsrNKg,13.316327,False,True,False,False,False,False,True,ok
2026-05-05T22:35:51.664592+00:00,F1D4G7VTBnY,UCxFACDJ98idvo9Gq9M9AQgg,10.899614,False,True,False,False,False,False,True,ok
2026-05-05T22:35:51.664592+00:00,raie7EtagZk,UCxFACDJ98idvo9Gq9M9AQgg,11.903167,False,True,False,False,False,False,True,ok
2026-05-05T22:35:51.664592+00:00,2Z1aJVGA1-M,UCxFACDJ98idvo9Gq9M9AQgg,12.188399,False,True,False,False,False,False,True,ok
2026-05-05T22:35:51.664592+00:00,FAerQflosns,UCxFACDJ98idvo9Gq9M9AQgg,14.108133,False,True,False,False,False,False,True,ok
2026-05-05T22:35:51.664592+00:00,-bFkzPRxH4w,UCHMSzZaVrEjK35aYK3J7Htw,14.022751,False,True,False,False,False,False,True,ok
2026-05-05T22:35:51.664592+00:00,HnafDG2aj1I,UCUyDOdBWhC1MCxEjC46d-zw,13.983237,False,True,False,False,False,False,True,ok
2026-05-05T22:35:51.664592+00:00,Mxv60XerzG4,UCF0L4jd9LcSIxsj5gKITMqQ,8.129047,False,True,False,False,False,False,True,ok
2026-05-05T22:35:51.664592+00:00,0xTKuxdSrRI,UCF0L4jd9LcSIxsj5gKITMqQ,10.407496,False,True,False,False,False,False,True,ok
2026-05-05T22:35:51.664592+00:00,vyUuhcDRcf4,UCF0L4jd9LcSIxsj5gKITMqQ,13.398677,False,True,False,False,False,False,True,ok
2026-05-05T22:35:51.664592+00:00,9Ke8dmefEqo,UCF0L4jd9LcSIxsj5gKITMqQ,13.412461,False,True,False,False,False,False,True,ok
2026-05-05T22:35:51.664592+00:00,-rDMPyp2tvQ,UCF0L4jd9LcSIxsj5gKITMqQ,14.06657,False,True,False,False,False,False,True,ok
2026-05-05T22:35:51.664592+00:00,ZrTIAjdcBGM,UCP15FVAA2UL-QOcGhy7-ezA,13.886674,False,True,False,False,False,False,True,ok
2026-05-05T22:35:51.664592+00:00,_EHKT75Ir0g,UC5mQQ4Ur6oA8lsGFkvH2lyg,12.19113,False,True,False,False,False,False,True,ok
2026-05-05T22:35:51.664592+00:00,IiPyKNs5dtg,UC3nwmvE2aDzUSJ4evQ1NhoA,12.160309,False,True,False,False,False,False,True,ok
2026-05-05T22:35:51.664592+00:00,1WQetpMA8-k,UC3nwmvE2aDzUSJ4evQ1NhoA,14.160309,False,True,False,False,False,False,True,ok
2026-05-05T22:35:51.664592+00:00,g8NWmUdMh_E,UCqcbQf6yw5KzRoDDcZ_wBSw,12.088237,False,True,False,False,False,False,True,ok
2026-05-05T22:35:51.664592+00:00,HgD5P0gQxOk,UCyM-2pRapEv6V2q7UNO9icg,11.18936,False,True,False,False,False,False,True,ok
2026-05-05T22:35:51.664592+00:00,mT-7tbs7rVw,UCF0L4jd9LcSIxsj5gKITMqQ,7.118642,False,True,False,False,False,False,True,ok
2026-05-05T22:35:51.664592+00:00,kkQDCTCcgC0,UC5mQQ4Ur6oA8lsGFkvH2lyg,7.065991,False,True,False,False,False,False,True,ok
2026-05-05T22:35:51.664592+00:00,Vd3Pkc0YGrM,UCF0L4jd9LcSIxsj5gKITMqQ,6.566084,False,True,False,False,True,False,True,ok
2026-05-05T22:35:51.664592+00:00,_XyunBBcVXY,UCiqJoWIT-vm-hJoXilFGiUQ,6.920737,False,True,False,False,True,False,True,ok
2026-05-05T22:35:51.664592+00:00,MnlZeYcfowk,UCF0L4jd9LcSIxsj5gKITMqQ,5.524371,False,True,False,False,True,False,True,ok
2026-05-05T22:35:51.664592+00:00,X8ekpP_cQa8,UCiqJoWIT-vm-hJoXilFGiUQ,5.94157,False,True,False,False,True,False,True,ok
2026-05-05T22:35:51.664592+00:00,eYZUzUEUsjo,UCF0L4jd9LcSIxsj5gKITMqQ,5.399082,False,True,False,False,True,False,True,ok
2026-05-05T22:35:51.664592+00:00,mbtA5CBh5qk,UCP7PV59jal4PobLeo5cSG_Q,4.924556,False,True,False,False,True,False,True,ok
2026-05-05T22:35:51.664592+00:00,WFOEVVlOH8s,UCjSVqRtdOsxQDss_pJpp_Yg,2.857832,True,False,False,False,True,False,True,ok
2026-05-05T22:35:51.664592+00:00,SYdW3cZKdmY,UCl5-lvQyfILb-l2abPk4Ntg,11.29179,False,True,False,False,False,False,True,ok
2026-05-05T22:35:51.664592+00:00,TSAh8dzN0cw,UCl5-lvQyfILb-l2abPk4Ntg,11.334417,False,True,False,False,False,False,True,ok
2026-05-05T22:35:51.664592+00:00,FR04V2DkErI,UCxFACDJ98idvo9Gq9M9AQgg,11.889475,False,True,False,False,False,False,True,ok
2026-05-05T22:35:51.664592+00:00,5DilrEUdYnY,UCxFACDJ98idvo9Gq9M9AQgg,13.191616,False,True,False,False,False,False,True,ok
2026-05-05T22:35:51.664592+00:00,l8F9Omk197E,UCxFACDJ98idvo9Gq9M9AQgg,14.899383,False,True,False,False,False,False,True,ok
2026-05-05T22:35:51.664592+00:00,ppy-SwlSnEo,UCHMSzZaVrEjK35aYK3J7Htw,13.023318,False,True,False,False,False,False,True,ok
2026-05-05T22:35:51.664592+00:00,FfMFahO2VE4,UCUyDOdBWhC1MCxEjC46d-zw,13.649904,False,True,False,False,False,False,True,ok
2026-05-05T22:35:51.664592+00:00,vd8fb3noIgY,UCF0L4jd9LcSIxsj5gKITMqQ,8.028376,False,True,False,False,False,False,True,ok
2026-05-05T22:35:51.664592+00:00,qsJSGpOs5q4,UCF0L4jd9LcSIxsj5gKITMqQ,8.107924,False,True,False,False,False,False,True,ok
2026-05-05T22:35:51.664592+00:00,dINRvKoLQ-c,UCF0L4jd9LcSIxsj5gKITMqQ,12.274082,False,True,False,False,False,False,True,ok
2026-05-05T22:35:51.664592+00:00,LikC_lxkVEg,UCF0L4jd9LcSIxsj5gKITMqQ,12.399394,False,True,False,False,False,False,True,ok
2026-05-05T22:35:51.664592+00:00,2Ylfj8r_-V8,UCF0L4jd9LcSIxsj5gKITMqQ,12.566489,False,True,False,False,False,False,True,ok
2026-05-05T22:35:51.664592+00:00,cRKwXRLqKQM,UCF0L4jd9LcSIxsj5gKITMqQ,13.337137,False,True,False,False,False,False,True,ok
2026-05-05T22:35:51.664592+00:00,6Np0FPnWdMs,UCP15FVAA2UL-QOcGhy7-ezA,14.184186,False,True,False,False,False,False,True,ok
2026-05-05T22:35:51.664592+00:00,rbbMgCB90fk,UCuhw3KIv3wM14By2-LcxDGw,11.776917,False,True,False,False,False,False,True,ok
2026-05-05T22:35:51.664592+00:00,Bv4wqAVZ6Ps,UCuhw3KIv3wM14By2-LcxDGw,13.803526,False,True,False,False,False,False,True,ok
2026-05-05T22:35:51.664592+00:00,sPHe-L95K0o,UCP7PV59jal4PobLeo5cSG_Q,8.035945,False,True,False,False,False,False,True,ok
2026-05-05T22:35:51.664592+00:00,nxCFXdIgxmw,UCRDQzsHtx2cXvzEXnEhbxBg,9.693549,False,True,False,False,False,False,True,ok
2026-05-05T22:35:51.664592+00:00,6_o0OElprPo,UCOD6LXgeBoeiUZTsPLdG-0g,7.962334,False,True,False,False,False,False,True,ok
2026-05-05T22:35:51.664592+00:00,yqwGsf5XVkI,UCOD6LXgeBoeiUZTsPLdG-0g,13.982461,False,True,False,False,False,False,True,ok
2026-05-05T22:35:51.664592+00:00,Zqmsoqo2fJs,UCyM-2pRapEv6V2q7UNO9icg,9.218688,False,True,False,False,False,False,True,ok
2026-05-05T22:35:51.664592+00:00,H1fy1Brpa3Q,UCBBWpss2iXVXtTzl7-4eWbg,13.173353,False,True,False,False,False,False,True,ok
2026-05-05T22:35:51.664592+00:00,PQOKPfU-zIs,UCF0L4jd9LcSIxsj5gKITMqQ,7.045621,False,True,False,False,False,False,True,ok
2026-05-05T22:35:51.664592+00:00,i7eGzJCQ1Yg,UCiqJoWIT-vm-hJoXilFGiUQ,6.149904,False,True,False,False,True,False,True,ok
2026-05-05T22:35:51.664592+00:00,uAOfsghz2NY,UCl5-lvQyfILb-l2abPk4Ntg,12.28539,False,True,False,False,False,False,True,ok
2026-05-05T22:35:51.664592+00:00,X5MyBjZ8Jgw,UCF0L4jd9LcSIxsj5gKITMqQ,10.357519,False,True,False,False,False,False,True,ok
2026-05-05T22:35:51.664592+00:00,uHx1N_qFfTw,UCF0L4jd9LcSIxsj5gKITMqQ,11.190991,False,True,False,False,False,False,True,ok
2026-05-05T22:35:51.664592+00:00,8ImVuaOhTf4,UCF0L4jd9LcSIxsj5gKITMqQ,12.233121,False,True,False,False,False,False,True,ok
2026-05-05T22:35:51.664592+00:00,SxYWhC51qFo,UCF0L4jd9LcSIxsj5gKITMqQ,12.315968,False,True,False,False,False,False,True,ok
2026-05-05T22:35:51.664592+00:00,ymxpml7CipE,UCF0L4jd9LcSIxsj5gKITMqQ,12.357114,False,True,False,False,False,False,True,ok
2026-05-05T22:35:51.664592+00:00,tysrC1PivVE,UCF0L4jd9LcSIxsj5gKITMqQ,12.523827,False,True,False,False,False,False,True,ok
2026-05-05T22:35:51.664592+00:00,50Esq3fgXzA,UCF0L4jd9LcSIxsj5gKITMqQ,14.045725,False,True,False,False,False,False,True,ok
2026-05-05T22:35:51.664592+00:00,m8mdQGF-Pmw,UCF0L4jd9LcSIxsj5gKITMqQ,14.523989,False,True,False,False,False,False,True,ok
2026-05-05T22:35:51.664592+00:00,5jOtf3OIgHg,UCP15FVAA2UL-QOcGhy7-ezA,11.30936,False,True,False,False,False,False,True,ok
2026-05-05T22:35:51.664592+00:00,vm8Yn0BN-TQ,UCbUYAYd1WUznxEEl498z7vA,10.679279,False,True,False,False,False,False,True,ok
2026-05-05T22:35:51.664592+00:00,KW2YQ1C0ECs,UCP7PV59jal4PobLeo5cSG_Q,9.151304,False,True,False,False,False,False,True,ok
2026-05-05T22:35:51.664592+00:00,RNi5EAKHQ_I,UCBBWpss2iXVXtTzl7-4eWbg,14.228607,False,True,False,False,False,False,True,ok
2026-05-05T22:35:51.664592+00:00,yawQxLw0K08,UCF0L4jd9LcSIxsj5gKITMqQ,7.107739,False,True,False,False,False,False,True,ok
2026-05-05T22:35:51.664592+00:00,FHeTJmwxo5s,UCF0L4jd9LcSIxsj5gKITMqQ,6.524684,False,True,False,False,True,False,True,ok
2026-05-05T22:35:51.664592+00:00,YfEz4a39qS0,UCEK0oX3X2yK9y27khCsrNKg,6.315957,False,True,False,False,True,False,True,ok
2026-05-05T22:35:51.664592+00:00,QLnHGjCD-Vw,UCF0L4jd9LcSIxsj5gKITMqQ,5.607971,False,True,False,False,True,False,True,ok
2026-05-05T22:35:51.664592+00:00,zzsUsCRoGcI,UCF0L4jd9LcSIxsj5gKITMqQ,6.44017,False,True,False,False,True,False,True,ok
2026-05-05T22:35:51.664592+00:00,GZ9itUCDrac,UCiqJoWIT-vm-hJoXilFGiUQ,6.31657,False,True,False,False,True,False,True,ok
2026-05-05T22:35:51.664592+00:00,0GmokuFXa_o,UCjSVqRtdOsxQDss_pJpp_Yg,4.941535,False,True,False,False,True,False,True,ok
2026-05-05T22:35:51.664592+00:00,HZ2uROlnuEg,UCjSVqRtdOsxQDss_pJpp_Yg,3.899637,False,False,False,False,True,False,True,ok
2026-05-05T22:35:51.664592+00:00,gaOZZ1TYILU,UCjSVqRtdOsxQDss_pJpp_Yg,4.025355,False,True,False,False,True,False,True,ok
2026-05-05T22:35:51.664592+00:00,aYH-DvGfEVU,UCP7PV59jal4PobLeo5cSG_Q,3.383584,False,False,False,False,True,False,True,ok
2026-05-05T22:35:51.664592+00:00,e5ory4NWVaQ,UCjSVqRtdOsxQDss_pJpp_Yg,1.899475,True,False,False,False,True,False,True,low_history
2026-05-05T22:35:51.664592+00:00,UacKz43AiDQ,UCHMSzZaVrEjK35aYK3J7Htw,8.024012,False,True,False,False,False,False,True,ok
2026-05-05T22:35:51.664592+00:00,9T90MfOpaZY,UCHMSzZaVrEjK35aYK3J7Htw,9.02363,False,True,False,False,False,False,True,ok
2026-05-05T22:35:51.664592+00:00,5qoKwHygsy8,UCHMSzZaVrEjK35aYK3J7Htw,11.916651,False,True,False,False,False,False,True,ok
2026-05-05T22:35:51.664592+00:00,g47pe7T6-KE,UCUyDOdBWhC1MCxEjC46d-zw,14.81657,False,True,False,False,False,False,True,ok
2026-05-05T22:35:51.664592+00:00,u03PlL13QDw,UCjSVqRtdOsxQDss_pJpp_Yg,8.920135,False,True,False,False,False,False,True,ok
2026-05-05T22:35:51.664592+00:00,IkNEALHWXUo,UCjSVqRtdOsxQDss_pJpp_Yg,11.899614,False,True,False,False,False,False,True,ok
2026-05-05T22:35:51.664592+00:00,Ux-bi7bqrUU,UCF0L4jd9LcSIxsj5gKITMqQ,10.378654,False,True,False,False,False,False,True,ok
2026-05-05T22:35:51.664592+00:00,SrN39dykl7A,UCF0L4jd9LcSIxsj5gKITMqQ,11.191188,False,True,False,False,False,False,True,ok
2026-05-05T22:35:51.664592+00:00,YY3pLnSX1W4,UCF0L4jd9LcSIxsj5gKITMqQ,11.232693,False,True,False,False,False,False,True,ok
2026-05-05T22:35:51.664592+00:00,qO9602XOIfY,UCF0L4jd9LcSIxsj5gKITMqQ,11.27392,False,True,False,False,False,False,True,ok
2026-05-05T22:35:51.664592+00:00,WBBOTxvDook,UCF0L4jd9LcSIxsj5gKITMqQ,11.274186,False,True,False,False,False,False,True,ok
2026-05-05T22:35:51.664592+00:00,weyrpnOTB-A,UCF0L4jd9LcSIxsj5gKITMqQ,11.295297,False,True,False,False,False,False,True,ok
2026-05-05T22:35:51.664592+00:00,Jlw306k4Sv0,UCF0L4jd9LcSIxsj5gKITMqQ,11.316246,False,True,False,False,False,False,True,ok
2026-05-05T22:35:51.664592+00:00,jKwIvjb9kgM,UCF0L4jd9LcSIxsj5gKITMqQ,11.357369,False,True,False,False,False,False,True,ok
2026-05-05T22:35:51.664592+00:00,kyojR7HQsVs,UCF0L4jd9LcSIxsj5gKITMqQ,11.379452,False,True,False,False,False,False,True,ok
2026-05-05T22:35:51.664592+00:00,TCGbMJYgaYA,UCF0L4jd9LcSIxsj5gKITMqQ,12.440968,False,True,False,False,False,False,True,ok
2026-05-05T22:35:51.664592+00:00,xSS2WTAglww,UCF0L4jd9LcSIxsj5gKITMqQ,12.482253,False,True,False,False,False,False,True,ok
2026-05-05T22:35:51.664592+00:00,3wJvtiigDcg,UCF0L4jd9LcSIxsj5gKITMqQ,12.608156,False,True,False,False,False,False,True,ok
2026-05-05T22:35:51.664592+00:00,AWWSm291p7c,UCF0L4jd9LcSIxsj5gKITMqQ,13.191397,False,True,False,False,False,False,True,ok
2026-05-05T22:35:51.664592+00:00,GQtuLY1Qs1Q,UCF0L4jd9LcSIxsj5gKITMqQ,13.233005,False,True,False,False,False,False,True,ok
2026-05-05T22:35:51.664592+00:00,VsjETURd7No,UCF0L4jd9LcSIxsj5gKITMqQ,13.357542,False,True,False,False,False,False,True,ok
2026-05-05T22:35:51.664592+00:00,vW1rzDI4KhM,UCF0L4jd9LcSIxsj5gKITMqQ,14.107762,False,True,False,False,False,False,True,ok
2026-05-05T22:35:51.664592+00:00,SZLTZDoVcfA,UCF0L4jd9LcSIxsj5gKITMqQ,14.129024,False,True,False,False,False,False,True,ok
2026-05-05T22:35:51.664592+00:00,5aR4agCS1OM,UCF0L4jd9LcSIxsj5gKITMqQ,14.149776,False,True,False,False,False,False,True,ok
2026-05-05T22:35:51.664592+00:00,wm1qu3D9-ho,UCF0L4jd9LcSIxsj5gKITMqQ,14.565667,False,True,False,False,False,False,True,ok
2026-05-05T22:35:51.664592+00:00,eoXIFY2GZTw,UCF0L4jd9LcSIxsj5gKITMqQ,14.607438,False,True,False,False,False,False,True,ok
2026-05-05T22:35:51.664592+00:00,5Tsi4Beca6g,UCP15FVAA2UL-QOcGhy7-ezA,12.184823,False,True,False,False,False,False,True,ok
2026-05-05T22:35:51.664592+00:00,pgFxsauDXjc,UCP15FVAA2UL-QOcGhy7-ezA,14.854522,False,True,False,False,False,False,True,ok
2026-05-05T22:35:51.664592+00:00,kLhNERKdwd4,UCiqJoWIT-vm-hJoXilFGiUQ,9.095459,False,True,False,False,False,False,True,ok
2026-05-05T22:35:51.664592+00:00,qC_5K9u8nY4,UC5mQQ4Ur6oA8lsGFkvH2lyg,14.184441,False,True,False,False,False,False,True,ok
2026-05-05T22:35:51.664592+00:00,WSSQ8mtQicE,UC5mQQ4Ur6oA8lsGFkvH2lyg,14.315945,False,True,False,False,False,False,True,ok
2026-05-05T22:35:51.664592+00:00,h_G5spN1nJk,UC30ajuhy8cViP2DiM1QLjmg,13.010667,False,True,False,False,False,False,True,ok
2026-05-05T22:35:51.664592+00:00,FjxyqtLuh_M,UCbUYAYd1WUznxEEl498z7vA,14.709105,False,True,False,False,False,False,True,ok
2026-05-05T22:35:51.664592+00:00,wFTojQEC2eE,UCP7PV59jal4PobLeo5cSG_Q,12.188156,False,True,False,False,False,False,True,ok
2026-05-05T22:35:51.664592+00:00,ZVnXmeZZDw0,UCWn_0MmgojB711LFX-jaCDQ,10.299429,False,True,False,False,False,False,True,ok
2026-05-05T22:35:51.664592+00:00,OHGtOI47r4M,UCWn_0MmgojB711LFX-jaCDQ,14.060204,False,True,False,False,False,False,True,ok
2026-05-05T22:35:51.664592+00:00,qGa8y4tPUkc,UC2RIppRBTTa6JBY-Zwv6lQw,13.398792,False,True,False,False,False,False,False,insufficient_channel_baseline
2026-05-05T22:35:51.664592+00:00,i6WQdQsE0kc,UCqcbQf6yw5KzRoDDcZ_wBSw,14.073596,False,True,False,False,False,False,True,ok
2026-05-05T22:35:51.664592+00:00,rWwPAnF8Qeo,UCRDQzsHtx2cXvzEXnEhbxBg,14.251871,False,True,False,False,False,False,True,ok
2026-05-05T22:35:51.664592+00:00,jr8lgZvzA34,UCOD6LXgeBoeiUZTsPLdG-0g,12.982704,False,True,False,False,False,False,True,ok
2026-05-05T22:35:51.664592+00:00,TAJkbsNrZuM,UCEK0oX3X2yK9y27khCsrNKg,6.406767,False,True,False,False,True,False,True,ok
2026-05-05T22:35:51.664592+00:00,FdFgh2vQp8I,UCiqJoWIT-vm-hJoXilFGiUQ,7.036998,False,True,False,False,False,False,True,ok
2026-05-05T22:35:51.664592+00:00,H5KmfCor3mc,UCjSVqRtdOsxQDss_pJpp_Yg,3.941223,False,False,False,False,True,False,True,ok
2026-05-05T22:35:51.664592+00:00,PZ2yduZysf0,UCl5-lvQyfILb-l2abPk4Ntg,11.519672,False,True,False,False,False,False,True,ok
2026-05-05T22:35:51.664592+00:00,Rdfd1KAX6NU,UCl5-lvQyfILb-l2abPk4Ntg,12.226501,False,True,False,False,False,False,True,ok
2026-05-05T22:35:51.664592+00:00,aNfOwttNQcg,UCl5-lvQyfILb-l2abPk4Ntg,12.447022,False,True,False,False,False,False,True,ok
2026-05-05T22:35:51.664592+00:00,Xq-4lUaLIp8,UCl5-lvQyfILb-l2abPk4Ntg,12.528654,False,True,False,False,False,False,True,ok
2026-05-05T22:35:51.664592+00:00,Lw3RJgDjXh0,UCl5-lvQyfILb-l2abPk4Ntg,13.272728,False,True,False,False,False,False,True,ok
2026-05-05T22:35:51.664592+00:00,PiKd0maLI6o,UCl5-lvQyfILb-l2abPk4Ntg,13.286616,False,True,False,False,False,False,True,ok
2026-05-05T22:35:51.664592+00:00,mTqDtRTKvqE,UCl5-lvQyfILb-l2abPk4Ntg,13.326686,False,True,False,False,False,False,True,ok
2026-05-05T22:35:51.664592+00:00,BwIlVEvq7mU,UCl5-lvQyfILb-l2abPk4Ntg,13.365922,False,True,False,False,False,False,True,ok
2026-05-05T22:35:51.664592+00:00,lrl7lslhv2s,UCl5-lvQyfILb-l2abPk4Ntg,13.440702,False,True,False,False,False,False,True,ok
2026-05-05T22:35:51.664592+00:00,Enic64S66_s,UCl5-lvQyfILb-l2abPk4Ntg,14.354082,False,True,False,False,False,False,True,ok
2026-05-05T22:35:51.664592+00:00,YldxYShWvGE,UCl5-lvQyfILb-l2abPk4Ntg,14.429383,False,True,False,False,False,False,True,ok
2026-05-05T22:35:51.664592+00:00,QeK4l-iH51Y,UCl5-lvQyfILb-l2abPk4Ntg,14.515042,False,True,False,False,False,False,True,ok
2026-05-05T22:35:51.664592+00:00,tqD_yn5Y_zQ,UCl5-lvQyfILb-l2abPk4Ntg,14.579336,False,True,False,False,False,False,True,ok
2026-05-05T22:35:51.664592+00:00,0O8CF6F7CVs,UCQIUhtP5WYIx_pMG8UvMYHg,12.502658,False,True,False,False,False,False,True,ok
2026-05-05T22:35:51.664592+00:00,-tzJJPnAenI,UCjSVqRtdOsxQDss_pJpp_Yg,7.962404,False,True,False,False,False,False,True,ok
2026-05-05T22:35:51.664592+00:00,vaEGXlhFrJQ,UCjSVqRtdOsxQDss_pJpp_Yg,7.982566,False,True,False,False,False,False,True,ok
2026-05-05T22:35:51.664592+00:00,BYv6i1MhiRA,UCjSVqRtdOsxQDss_pJpp_Yg,8.001802,False,True,False,False,False,False,True,ok
2026-05-05T22:35:51.664592+00:00,lYpHv3Tg0Vg,UCjSVqRtdOsxQDss_pJpp_Yg,8.857774,False,True,False,False,False,False,True,ok
2026-05-05T22:35:51.664592+00:00,kFVzax1iFW8,UCjSVqRtdOsxQDss_pJpp_Yg,8.899429,False,True,False,False,False,False,True,ok
2026-05-05T22:35:51.664592+00:00,bjFyP8D_XvM,UCjSVqRtdOsxQDss_pJpp_Yg,9.85782,False,True,False,False,False,False,True,ok
2026-05-05T22:35:51.664592+00:00,dUo1R8tp6zQ,UCjSVqRtdOsxQDss_pJpp_Yg,9.899406,False,True,False,False,False,False,True,ok
2026-05-05T22:35:51.664592+00:00,YPM2Fep2P3A,UCjSVqRtdOsxQDss_pJpp_Yg,9.941142,False,True,False,False,False,False,True,ok
2026-05-05T22:35:51.664592+00:00,uJzhn5czGL4,UCjSVqRtdOsxQDss_pJpp_Yg,10.190945,False,True,False,False,False,False,True,ok
2026-05-05T22:35:51.664592+00:00,V4tlvp9IP_8,UCjSVqRtdOsxQDss_pJpp_Yg,10.889464,False,True,False,False,False,False,True,ok
2026-05-05T22:35:51.664592+00:00,dCJJcNtrNjo,UCjSVqRtdOsxQDss_pJpp_Yg,10.94098,False,True,False,False,False,False,True,ok
2026-05-05T22:35:51.664592+00:00,WVEngsk1RuQ,UCjSVqRtdOsxQDss_pJpp_Yg,11.857843,False,True,False,False,False,False,True,ok
2026-05-05T22:35:51.664592+00:00,8XfsycyMf48,UCjSVqRtdOsxQDss_pJpp_Yg,11.941397,False,True,False,False,False,False,True,ok
2026-05-05T22:35:51.664592+00:00,Tx6waClZSYM,UCjSVqRtdOsxQDss_pJpp_Yg,12.857982,False,True,False,False,False,False,True,ok
2026-05-05T22:35:51.664592+00:00,4NHnN9EmDk0,UCjSVqRtdOsxQDss_pJpp_Yg,12.899857,False,True,False,False,False,False,True,ok
2026-05-05T22:35:51.664592+00:00,PMX-urJB7uw,UCF0L4jd9LcSIxsj5gKITMqQ,9.066339,False,True,False,False,False,False,True,ok
2026-05-05T22:35:51.664592+00:00,rzqgWnJPamU,UCF0L4jd9LcSIxsj5gKITMqQ,9.524047,False,True,False,False,False,False,True,ok
2026-05-05T22:35:51.664592+00:00,fIZkXHaOuvY,UCF0L4jd9LcSIxsj5gKITMqQ,9.607762,False,True,False,False,False,False,True,ok
2026-05-05T22:35:51.664592+00:00,t3oZncJYgwE,UCF0L4jd9LcSIxsj5gKITMqQ,10.035297,False,True,False,False,False,False,True,ok
2026-05-05T22:35:51.664592+00:00,h5Snd8uqih8,UCF0L4jd9LcSIxsj5gKITMqQ,10.05613,False,True,False,False,False,False,True,ok
2026-05-05T22:35:51.664592+00:00,Z-xAO96GQtU,UCF0L4jd9LcSIxsj5gKITMqQ,10.066142,False,True,False,False,False,False,True,ok
2026-05-05T22:35:51.664592+00:00,TlwFNKM1OyA,UCF0L4jd9LcSIxsj5gKITMqQ,10.077982,False,True,False,False,False,False,True,ok
2026-05-05T22:35:51.664592+00:00,w9LJSjmwufQ,UCP15FVAA2UL-QOcGhy7-ezA,11.890748,False,True,False,False,False,False,True,ok
2026-05-05T22:35:51.664592+00:00,tLlucpJbi5E,UCiqJoWIT-vm-hJoXilFGiUQ,8.221258,False,True,False,False,False,False,True,ok
2026-05-05T22:35:51.664592+00:00,saLXbA_OCkE,UCiqJoWIT-vm-hJoXilFGiUQ,8.858237,False,True,False,False,False,False,True,ok
2026-05-05T22:35:51.664592+00:00,MCnA_GAeAfg,UCiqJoWIT-vm-hJoXilFGiUQ,8.962404,False,True,False,False,False,False,True,ok
2026-05-05T22:35:51.664592+00:00,YNW_D7b60I4,UCiqJoWIT-vm-hJoXilFGiUQ,10.81657,False,True,False,False,False,False,True,ok
2026-05-05T22:35:51.664592+00:00,MOpYEt-XfaU,UCiqJoWIT-vm-hJoXilFGiUQ,10.983237,False,True,False,False,False,False,True,ok
2026-05-05T22:35:51.664592+00:00,G1xuyxMOUNM,UCiqJoWIT-vm-hJoXilFGiUQ,11.145366,False,True,False,False,False,False,True,ok
2026-05-05T22:35:51.664592+00:00,sZoT8IoDJTU,UCiqJoWIT-vm-hJoXilFGiUQ,12.233237,False,True,False,False,False,False,True,ok
2026-05-05T22:35:51.664592+00:00,wlOrP9Q1akA,UCiqJoWIT-vm-hJoXilFGiUQ,12.295251,False,True,False,False,False,False,True,ok
2026-05-05T22:35:51.664592+00:00,Mm2C9CRyDxY,UCiqJoWIT-vm-hJoXilFGiUQ,13.06657,False,True,False,False,False,False,True,ok
2026-05-05T22:35:51.664592+00:00,wvJLjIR3nRI,UCiqJoWIT-vm-hJoXilFGiUQ,13.233237,False,True,False,False,False,False,True,ok
2026-05-05T22:35:51.664592+00:00,nIrSjC_gsk8,UCiqJoWIT-vm-hJoXilFGiUQ,13.899904,False,True,False,False,False,False,True,ok
2026-05-05T22:35:51.664592+00:00,IaUn-c8Lxss,UCiqJoWIT-vm-hJoXilFGiUQ,13.964672,False,True,False,False,False,False,True,ok
2026-05-05T22:35:51.664592+00:00,2F50vE7VUIw,UC5mQQ4Ur6oA8lsGFkvH2lyg,13.977461,False,True,False,False,False,False,True,ok
2026-05-05T22:35:51.664592+00:00,2q62qBqugJE,UCP7PV59jal4PobLeo5cSG_Q,10.388596,False,True,False,False,False,False,True,ok
2026-05-05T22:35:51.664592+00:00,8MhnMHlXk7Q,UCRDQzsHtx2cXvzEXnEhbxBg,9.695482,False,True,False,False,False,False,True,ok
2026-05-05T22:35:51.664592+00:00,XvLttG6zZck,UCRDQzsHtx2cXvzEXnEhbxBg,14.254672,False,True,False,False,False,False,True,ok
2026-05-05T22:35:51.664592+00:00,d4AaggbJACU,UCOD6LXgeBoeiUZTsPLdG-0g,10.278804,False,True,False,False,False,False,True,ok
2026-05-05T22:35:51.664592+00:00,7A5KHuRU8BE,UCF0L4jd9LcSIxsj5gKITMqQ,7.066501,False,True,False,False,False,False,True,ok
2026-05-05T22:35:51.664592+00:00,AMpe2jD0lZw,UCF0L4jd9LcSIxsj5gKITMqQ,7.087392,False,True,False,False,False,False,True,ok
2026-05-05T22:35:51.664592+00:00,8mnzaIML2AM,UCF0L4jd9LcSIxsj5gKITMqQ,7.120887,False,True,False,False,False,False,True,ok
2026-05-05T22:35:51.664592+00:00,XoY4BiK1WW8,UCF0L4jd9LcSIxsj5gKITMqQ,7.12642,False,True,False,False,False,False,True,ok
2026-05-05T22:35:51.664592+00:00,hCNT8hK1T98,UCjSVqRtdOsxQDss_pJpp_Yg,6.857762,False,True,False,False,True,False,True,ok
2026-05-05T22:35:51.664592+00:00,I66LDF9iWts,UCjSVqRtdOsxQDss_pJpp_Yg,6.899695,False,True,False,False,True,False,True,ok
2026-05-05T22:35:51.664592+00:00,xAJcbx5h6wE,UCjSVqRtdOsxQDss_pJpp_Yg,6.940818,False,True,False,False,True,False,True,ok
2026-05-05T22:35:51.664592+00:00,dG7UGA71QJU,UCjSVqRtdOsxQDss_pJpp_Yg,5.836998,False,True,False,False,True,False,True,ok
2026-05-05T22:35:51.664592+00:00,xpf49h0tGvI,UCjSVqRtdOsxQDss_pJpp_Yg,5.857531,False,True,False,False,True,False,True,ok
2026-05-05T22:35:51.664592+00:00,-OmU9HqUNZ0,UCjSVqRtdOsxQDss_pJpp_Yg,5.879059,False,True,False,False,True,False,True,ok
2026-05-05T22:35:51.664592+00:00,FzdGk0ceLCA,UCjSVqRtdOsxQDss_pJpp_Yg,4.858086,False,True,False,False,True,False,True,ok
2026-05-05T22:35:51.664592+00:00,ZgcrZ8qm0-w,UCiqJoWIT-vm-hJoXilFGiUQ,5.25407,False,True,False,False,True,False,True,ok
2026-05-05T22:35:51.664592+00:00,cxBZkkzJcpw,UCiqJoWIT-vm-hJoXilFGiUQ,5.284082,False,True,False,False,True,False,True,ok
2026-05-05T22:35:51.664592+00:00,uoRmXpQseH8,UCqGbnzprhyuzTOL8abZD-sQ,4.171258,False,True,False,False,True,False,True,ok
2026-05-05T22:35:51.664592+00:00,-lSM97fApgQ,UCqGbnzprhyuzTOL8abZD-sQ,4.172195,False,True,False,False,True,False,True,ok
2026-05-05T22:35:51.664592+00:00,1sofoaFEV58,UCqGbnzprhyuzTOL8abZD-sQ,4.173329,False,True,False,False,True,False,True,ok
2026-05-05T22:35:51.664592+00:00,EM5vv6_MQLY,UCDOSaJ0pnglwzfkR6fYbisA,5.303341,False,True,False,False,True,False,True,low_history
2026-05-05T22:35:51.664592+00:00,bGis_LtFRRo,UC5mQQ4Ur6oA8lsGFkvH2lyg,13.941107,False,True,False,False,False,False,True,ok
2026-05-05T22:35:51.664592+00:00,n8bdMyQzV0U,UCl5-lvQyfILb-l2abPk4Ntg,0.19157,True,False,False,False,True,False,True,low_history
2026-05-05T22:35:51.664592+00:00,x-SEoMFBPQQ,UCEK0oX3X2yK9y27khCsrNKg,0.024035,True,False,False,False,True,False,True,low_history
2026-05-05T22:35:51.664592+00:00,mYxbmWCkImc,UCEK0oX3X2yK9y27khCsrNKg,0.230575,True,False,False,False,True,False,True,low_history
2026-05-05T22:35:51.664592+00:00,3lUxnG8nKC0,UCHMSzZaVrEjK35aYK3J7Htw,0.023179,True,False,False,False,True,False,True,low_history
2026-05-05T22:35:51.664592+00:00,YFc40YFhMvk,UCUyDOdBWhC1MCxEjC46d-zw,0.149904,True,False,False,False,True,False,True,low_history
2026-05-05T22:35:51.664592+00:00,SzG_O-In1vg,UCLe_q9axMaeTbjN0hy1Z9xA,0.024487,True,False,False,False,True,False,True,low_history
2026-05-05T22:35:51.664592+00:00,1djBIY7HO0k,UCLe_q9axMaeTbjN0hy1Z9xA,0.149892,True,False,False,False,True,False,True,low_history
2026-05-05T22:35:51.664592+00:00,VRLM4RDuurc,UC9WGON3pXofvE958Uq3Lw3Q,0.041073,True,False,False,False,True,False,True,low_history
2026-05-05T22:35:51.664592+00:00,em_K85l2WNY,UCF0L4jd9LcSIxsj5gKITMqQ,0.045563,True,False,False,False,True,False,True,low_history
2026-05-05T22:35:51.664592+00:00,xIE99iYdH_o,UCF0L4jd9LcSIxsj5gKITMqQ,0.065818,True,False,False,False,True,False,True,low_history
2026-05-05T22:35:51.664592+00:00,VjcXNeQ8A_0,UCF0L4jd9LcSIxsj5gKITMqQ,0.087288,True,False,False,False,True,False,True,low_history
2026-05-05T22:35:51.664592+00:00,Z1Ac2v8mULM,UCF0L4jd9LcSIxsj5gKITMqQ,0.108029,True,False,False,False,True,False,True,low_history
2026-05-05T22:35:51.664592+00:00,Q3JZcugU5zw,UCF0L4jd9LcSIxsj5gKITMqQ,0.149695,True,False,False,False,True,False,True,low_history
2026-05-05T22:35:51.664592+00:00,-lDwUYFl7Iw,UCF0L4jd9LcSIxsj5gKITMqQ,0.170725,True,False,False,False,True,False,True,low_history
2026-05-05T22:35:51.664592+00:00,WfDXOW1dNo4,UCF0L4jd9LcSIxsj5gKITMqQ,0.191177,True,False,False,False,True,False,True,low_history
2026-05-05T22:35:51.664592+00:00,yRy6KDl2xWo,UCF0L4jd9LcSIxsj5gKITMqQ,0.201987,True,False,False,False,True,False,True,low_history
2026-05-05T22:35:51.664592+00:00,BHCpoVaQyyw,UCF0L4jd9LcSIxsj5gKITMqQ,0.212311,True,False,False,False,True,False,True,low_history
2026-05-05T22:35:51.664592+00:00,Gs0INaKmzzQ,UCF0L4jd9LcSIxsj5gKITMqQ,0.23936,True,False,False,False,True,False,True,low_history
2026-05-05T22:35:51.664592+00:00,NUQcYZADgLw,UCP15FVAA2UL-QOcGhy7-ezA,0.02113,True,False,False,False,True,False,True,low_history
2026-05-05T22:35:51.664592+00:00,kY7n4gNtHXA,UCP15FVAA2UL-QOcGhy7-ezA,0.103978,True,False,False,False,True,False,True,low_history
2026-05-05T22:35:51.664592+00:00,3yj9rCGNqjU,UCP15FVAA2UL-QOcGhy7-ezA,0.160181,True,False,False,False,True,False,True,low_history
2026-05-05T22:35:51.664592+00:00,-fWUTi8u0_k,UCyJbb85EUgWjl38GcF236Jg,0.137288,True,False,False,False,True,False,True,low_history
2026-05-05T22:35:51.664592+00:00,GlOQIsLX2rA,UC52hytXteCKmuOzMViTK8_w,0.151026,True,False,False,False,True,False,True,low_history
2026-05-05T22:35:51.664592+00:00,0AheTRgTBzU,UCaVPhFg-Ax873wvhbNitsrQ,0.059591,True,False,False,False,True,False,True,low_history
2026-05-05T22:35:51.664592+00:00,MKL0tk-3UM8,UCC552Sd-3nyi_tk2BudLUzA,0.241998,True,False,False,False,True,False,True,low_history
2026-05-05T22:35:51.664592+00:00,dk-pvsityfs,UCdNnEDbRWhanA1O8zhCn3ZA,0.00936,True,False,False,False,True,False,True,low_history
2026-05-05T22:35:51.664592+00:00,wAi4zvgGy4w,UCPTlwyaEoJOVyvDLzHagzNQ,0.233237,True,False,False,False,True,False,True,low_history
2026-05-05T22:35:51.664592+00:00,rPAGWO3mtuE,UCmE44gpkHmf5bKIVTPSwxnQ,0.232404,True,False,False,False,True,False,True,low_history
2026-05-05T22:35:51.664592+00:00,SnqFU1SppX8,UC5mQQ4Ur6oA8lsGFkvH2lyg,0.066281,True,False,False,False,True,False,True,low_history
2026-05-05T22:35:51.664592+00:00,fPnt0Q0vl-Y,UC5mQQ4Ur6oA8lsGFkvH2lyg,0.128017,True,False,False,False,True,False,True,low_history
2026-05-05T22:35:51.664592+00:00,KLYwFWIhPWI,UC1viRct91s1a3Z5yvk7FJXw,0.191373,True,False,False,False,True,False,True,low_history
2026-05-05T22:35:51.664592+00:00,Lc4kaEMcYPQ,UC30ajuhy8cViP2DiM1QLjmg,0.214985,True,False,False,False,True,False,True,low_history
2026-05-05T22:35:51.664592+00:00,fbStigxrqsk,UCP7PV59jal4PobLeo5cSG_Q,0.106327,True,False,False,False,True,False,True,low_history
2026-05-05T22:35:51.664592+00:00,FGFaysGrKng,UCPgVPrgqpALC1s2e63fgKyg,0.107982,True,False,False,False,True,False,True,low_history
2026-05-05T22:35:51.664592+00:00,wDUtigax8Lg,UCWBWgCD4oAqT3hUeq40SCUw,0.139452,True,False,False,False,True,False,True,low_history
2026-05-05T22:35:51.664592+00:00,XiPhamWTPcU,UCWBWgCD4oAqT3hUeq40SCUw,0.222739,True,False,False,False,True,False,True,low_history
2026-05-05T22:35:51.664592+00:00,wgtGulLPwE8,UCvPGx8qh8AkrFZW06tESvaA,0.171941,True,False,False,False,True,False,True,low_history
2026-05-05T22:35:51.664592+00:00,NOv3U3ZUiro,UC5PwIMtLiIBCBhsu8f_-6UQ,0.228607,True,False,False,False,True,False,True,low_history
2026-05-05T22:35:51.664592+00:00,fvtE4TCiMa0,UC3nwmvE2aDzUSJ4evQ1NhoA,0.160297,True,False,False,False,True,False,True,low_history
2026-05-05T22:35:51.664592+00:00,YpOBx8xUEn8,UCBBWpss2iXVXtTzl7-4eWbg,0.168908,True,False,False,False,True,False,True,low_history
2026-05-05T22:35:51.664592+00:00,9ZkFpNoq8-g,UCQHX6ViZmPsWiYSFAyS0a3Q,0.217265,True,False,False,False,True,False,True,low_history
2026-05-05T22:35:51.664592+00:00,GREaEG_0Xcw,UC9RM-iSvTu1uPJb8X5yp3EQ,0.08216,True,False,False,False,True,False,False,low_history
2026-05-05T22:35:51.664592+00:00,Ehoi-h7_rgM,UCXgNowiGxwwnLeQ7DXTwXPg,0.201443,True,False,False,False,True,False,False,low_history
