execution_date,video_id,views_delta,likes_delta,comments_delta,previous_views,current_views,previous_likes,current_likes,previous_comments,current_comments,is_new_video,title_changed,description_changed,tags_changed
2026-05-07T01:35:48.454205+00:00,3W1KfxQnQiU,321,23,0,11780,12101,724,747,33,33,False,False,False,False
2026-05-07T01:35:48.454205+00:00,VKaslzzv1QM,830,17,0,98876,99706,3418,3435,207,207,False,False,False,False
2026-05-07T01:35:48.454205+00:00,E6IrH04B8wg,18,0,0,6408,6426,94,94,9,9,False,False,False,False
2026-05-07T01:35:48.454205+00:00,SYdW3cZKdmY,15,0,0,12950,12965,302,302,10,10,False,False,False,False
2026-05-07T01:35:48.454205+00:00,TSAh8dzN0cw,13,0,0,10798,10811,246,246,3,3,False,False,False,False
2026-05-07T01:35:48.454205+00:00,DHk0gFHyHeE,291,4,2,151045,151336,4651,4655,363,365,False,False,False,False
2026-05-07T01:35:48.454205+00:00,QSe13hyv68o,58,2,0,33532,33590,502,504,18,18,False,False,False,False
2026-05-07T01:35:48.454205+00:00,PZ2yduZysf0,4,0,0,5959,5963,168,168,7,7,False,False,False,False
2026-05-07T01:35:48.454205+00:00,Rdfd1KAX6NU,8,0,0,7563,7571,261,261,5,5,False,False,False,False
2026-05-07T01:35:48.454205+00:00,uAOfsghz2NY,17,1,0,28348,28365,231,232,12,12,False,False,False,False
2026-05-07T01:35:48.454205+00:00,qCFEWA_Nu3k,29,2,0,25075,25104,479,481,9,9,False,False,False,False
2026-05-07T01:35:48.454205+00:00,aNfOwttNQcg,6,0,0,4477,4483,115,115,2,2,False,False,False,False
2026-05-07T01:35:48.454205+00:00,Xq-4lUaLIp8,4,0,0,7676,7680,186,186,4,4,False,False,False,False
2026-05-07T01:35:48.454205+00:00,ZB9IMq0ee0k,50,0,0,66246,66296,2914,2914,177,177,False,False,False,False
2026-05-07T01:35:48.454205+00:00,Lw3RJgDjXh0,7,0,0,7300,7307,170,170,1,1,False,False,False,False
2026-05-07T01:35:48.454205+00:00,PiKd0maLI6o,8,1,0,10471,10479,612,613,8,8,False,False,False,False
2026-05-07T01:35:48.454205+00:00,mTqDtRTKvqE,8,0,0,6409,6417,221,221,18,18,False,False,False,False
2026-05-07T01:35:48.454205+00:00,BwIlVEvq7mU,3,0,0,6948,6951,142,142,8,8,False,False,False,False
2026-05-07T01:35:48.454205+00:00,lrl7lslhv2s,3,0,0,8681,8684,300,300,3,3,False,False,False,False
2026-05-07T01:35:48.454205+00:00,BPt0fwBCDbQ,1308,8,0,373324,374632,4424,4432,112,112,False,False,False,False
2026-05-07T01:35:48.454205+00:00,EvauKuWaNmk,107,3,0,61302,61409,2826,2829,269,269,False,False,False,False
2026-05-07T01:35:48.454205+00:00,zEUstENVghI,33,0,0,12668,12701,424,424,34,34,False,False,False,False
2026-05-07T01:35:48.454205+00:00,Enic64S66_s,3,0,0,6092,6095,168,168,3,3,False,False,False,False
2026-05-07T01:35:48.454205+00:00,YldxYShWvGE,4,0,0,7182,7186,148,148,2,2,False,False,False,False
2026-05-07T01:35:48.454205+00:00,QeK4l-iH51Y,2,0,0,4408,4410,152,152,4,4,False,False,False,False
2026-05-07T01:35:48.454205+00:00,tqD_yn5Y_zQ,2,0,0,4058,4060,67,67,1,1,False,False,False,False
2026-05-07T01:35:48.454205+00:00,VjqsnOrW3AM,1738,45,3,123611,125349,3039,3084,113,116,False,False,False,False
2026-05-07T01:35:48.454205+00:00,sjbKZ4CY1Ow,771,11,-1,145541,146312,2246,2257,127,126,False,False,False,False
2026-05-07T01:35:48.454205+00:00,iaYdIU5n6vw,3142,102,6,682512,685654,13077,13179,2043,2049,False,False,False,False
2026-05-07T01:35:48.454205+00:00,Fy8H9I2kJkI,645,8,0,323529,324174,5013,5021,284,284,False,False,False,False
2026-05-07T01:35:48.454205+00:00,AVyYMXc_t9s,70,2,0,8313,8383,455,457,36,36,False,False,False,False
2026-05-07T01:35:48.454205+00:00,HOwVuamQvTc,8,0,0,6560,6568,359,359,11,11,False,False,False,False
2026-05-07T01:35:48.454205+00:00,k0ZYVWoVWAc,65,2,0,20226,20291,883,885,200,200,False,False,False,False
2026-05-07T01:35:48.454205+00:00,ra8QknbAJs4,5,1,0,5291,5296,182,183,6,6,False,False,False,False
2026-05-07T01:35:48.454205+00:00,TpncXdKNLTQ,25,1,0,4905,4930,145,146,4,4,False,False,False,False
2026-05-07T01:35:48.454205+00:00,7m9uIc31Egw,19,0,0,6951,6970,261,261,7,7,False,False,False,False
2026-05-07T01:35:48.454205+00:00,q__FKs64J28,3,0,0,3405,3408,171,171,2,2,False,False,False,False
2026-05-07T01:35:48.454205+00:00,C9V8L2emj9M,4,0,0,3891,3895,196,196,0,0,False,False,False,False
2026-05-07T01:35:48.454205+00:00,EZLeWRbCEbA,463,15,0,40279,40742,1580,1595,90,90,False,False,False,False
2026-05-07T01:35:48.454205+00:00,QduEFho6dLg,37,0,0,9332,9369,541,541,30,30,False,False,False,False
2026-05-07T01:35:48.454205+00:00,ZhRgnBzcYHQ,889,50,0,47540,48429,3077,3127,95,95,False,False,False,False
2026-05-07T01:35:48.454205+00:00,6WqWhSmCbXk,2585,89,9,115542,118127,4356,4445,215,224,False,False,False,False
2026-05-07T01:35:48.454205+00:00,pdNaIhcp3z4,428,19,1,28364,28792,1282,1301,83,84,False,False,False,False
2026-05-07T01:35:48.454205+00:00,_BHe9R7pYNw,29,1,0,8182,8211,576,577,35,35,False,False,False,False
2026-05-07T01:35:48.454205+00:00,5Z4z2oEoxw8,126,3,0,29301,29427,1603,1606,79,79,False,False,False,False
2026-05-07T01:35:48.454205+00:00,0O8CF6F7CVs,0,0,0,0,0,0,0,0,0,False,False,False,False
2026-05-07T01:35:48.454205+00:00,7Ocx3WwDK_c,3,0,0,4403,4406,189,189,6,6,False,False,False,False
2026-05-07T01:35:48.454205+00:00,Cp3DxMyEBIM,3468,70,6,152686,156154,3530,3600,293,299,False,False,False,False
2026-05-07T01:35:48.454205+00:00,M_FKC2NTb24,162,2,0,26414,26576,525,527,9,9,False,False,False,False
2026-05-07T01:35:48.454205+00:00,5zwotvZ1rl0,121,0,0,12733,12854,302,302,35,35,False,False,False,False
2026-05-07T01:35:48.454205+00:00,F1D4G7VTBnY,1,0,0,3967,3968,172,172,1,1,False,False,False,False
2026-05-07T01:35:48.454205+00:00,kp1dLUox9_Y,24,0,0,21708,21732,919,919,31,31,False,False,False,False
2026-05-07T01:35:48.454205+00:00,FR04V2DkErI,0,0,0,2321,2321,109,109,0,0,False,False,False,False
2026-05-07T01:35:48.454205+00:00,raie7EtagZk,2,0,0,10675,10677,946,946,9,9,False,False,False,False
2026-05-07T01:35:48.454205+00:00,2Z1aJVGA1-M,1,0,0,7339,7340,301,301,8,8,False,False,False,False
2026-05-07T01:35:48.454205+00:00,6cUe6qrXxJU,6,0,1,15119,15125,508,508,10,11,False,False,False,False
2026-05-07T01:35:48.454205+00:00,5DilrEUdYnY,3,0,0,4716,4719,356,356,4,4,False,False,False,False
2026-05-07T01:35:48.454205+00:00,Nq-c06vj5PM,283,3,1,25654,25937,758,761,116,117,False,False,False,False
2026-05-07T01:35:48.454205+00:00,7u0DJM1SNPs,38,1,0,21030,21068,356,357,8,8,False,False,False,False
2026-05-07T01:35:48.454205+00:00,FAerQflosns,3,0,0,7919,7922,290,290,12,12,False,False,False,False
2026-05-07T01:35:48.454205+00:00,l8F9Omk197E,4,0,0,9031,9035,284,284,5,5,False,False,False,False
2026-05-07T01:35:48.454205+00:00,IwjPma4PPTM,1020,52,0,79278,80298,4421,4473,104,104,False,False,False,False
2026-05-07T01:35:48.454205+00:00,XXZ2wOom1l0,2725,106,0,103997,106722,4879,4985,137,137,False,False,False,False
2026-05-07T01:35:48.454205+00:00,Lqq78q17jDY,15174,775,26,447026,462200,23614,24389,1304,1330,False,False,False,False
2026-05-07T01:35:48.454205+00:00,sKME5er1OKc,3647,200,8,195171,198818,10128,10328,476,484,False,False,False,False
2026-05-07T01:35:48.454205+00:00,r6AB_e8Rk1I,565,23,0,155322,155887,5511,5534,189,189,False,False,False,False
2026-05-07T01:35:48.454205+00:00,OkuWh46I4m4,328,16,0,18732,19060,1094,1110,36,36,False,False,False,False
2026-05-07T01:35:48.454205+00:00,THMW7bXTog4,1037,89,0,191255,192292,14712,14801,168,168,False,False,False,False
2026-05-07T01:35:48.454205+00:00,uvfU2B8b4G4,430,29,1,49268,49698,2357,2386,23,24,False,False,False,False
2026-05-07T01:35:48.454205+00:00,G9L3zK57X6Y,143,12,0,90030,90173,4756,4768,85,85,False,False,False,False
2026-05-07T01:35:48.454205+00:00,TeheJAFWwYs,76,2,0,8628,8704,523,525,58,58,False,False,False,False
2026-05-07T01:35:48.454205+00:00,uSjcVPbJayU,1680,99,5,333135,334815,17841,17940,1028,1033,False,False,False,False
2026-05-07T01:35:48.454205+00:00,au_CNv7ZBS4,28,1,0,16190,16218,1009,1010,31,31,False,False,False,False
2026-05-07T01:35:48.454205+00:00,UszcZZ1QZho,352,7,0,24480,24832,828,835,26,26,False,False,False,False
2026-05-07T01:35:48.454205+00:00,UN6X2Jj-qrQ,73,5,0,9785,9858,780,785,4,4,False,False,False,False
2026-05-07T01:35:48.454205+00:00,9361MUAmA24,102,2,0,15495,15597,1130,1132,13,13,False,False,False,False
2026-05-07T01:35:48.454205+00:00,sQoa8y7eN-8,57,9,0,8887,8944,726,735,6,6,False,False,False,False
2026-05-07T01:35:48.454205+00:00,UacKz43AiDQ,1,0,0,2239,2240,63,63,1,1,False,False,False,False
2026-05-07T01:35:48.454205+00:00,9T90MfOpaZY,6,0,0,2111,2117,74,74,10,10,False,False,False,False
2026-05-07T01:35:48.454205+00:00,5qoKwHygsy8,4,0,0,3528,3532,152,152,6,6,False,False,False,False
2026-05-07T01:35:48.454205+00:00,0IGNbK4bbXA,154,11,0,16169,16323,1020,1031,66,66,False,False,False,False
2026-05-07T01:35:48.454205+00:00,ppy-SwlSnEo,1,0,0,2449,2450,85,85,2,2,False,False,False,False
2026-05-07T01:35:48.454205+00:00,-bFkzPRxH4w,19,2,0,15265,15284,267,269,399,399,False,False,False,False
2026-05-07T01:35:48.454205+00:00,87jnYKGVetM,79,2,0,31284,31363,1200,1202,12,12,False,False,False,False
2026-05-07T01:35:48.454205+00:00,zyJ1yZwX_tE,265,5,0,45035,45300,1026,1031,5,5,False,False,False,False
2026-05-07T01:35:48.454205+00:00,IJJbQTVdAtE,421,11,0,80702,81123,2580,2591,15,15,False,False,False,False
2026-05-07T01:35:48.454205+00:00,rhVEOqNhjKo,295,0,0,33264,33559,1000,1000,16,16,False,False,False,False
2026-05-07T01:35:48.454205+00:00,myMj_ZfZ_xI,199,1,0,46043,46242,1044,1045,9,9,False,False,False,False
2026-05-07T01:35:48.454205+00:00,wd_xh6gSSOs,703,35,0,64821,65524,2945,2980,54,54,False,False,False,False
2026-05-07T01:35:48.454205+00:00,p5zWy46yWxU,956,10,0,64243,65199,1247,1257,16,16,False,False,False,False
2026-05-07T01:35:48.454205+00:00,IQZiAOokKXo,139,2,0,29909,30048,750,752,3,3,False,False,False,False
2026-05-07T01:35:48.454205+00:00,x3P8Zqux4A4,173,4,0,58610,58783,2305,2309,16,16,False,False,False,False
2026-05-07T01:35:48.454205+00:00,7vdW8a6jEfw,110,1,0,38254,38364,1219,1220,10,10,False,False,False,False
2026-05-07T01:35:48.454205+00:00,wJwQm_aqC8U,47,2,0,26562,26609,1164,1166,8,8,False,False,False,False
2026-05-07T01:35:48.454205+00:00,I-rogofBX8c,78,1,0,25677,25755,951,952,7,7,False,False,False,False
2026-05-07T01:35:48.454205+00:00,HEW0VJx9iw0,82,1,0,56038,56120,2050,2051,15,15,False,False,False,False
2026-05-07T01:35:48.454205+00:00,GMXWOLJHnJc,84,2,0,69411,69495,3035,3037,29,29,False,False,False,False
2026-05-07T01:35:48.454205+00:00,gtdao7DVsBo,41,2,0,28597,28638,841,843,7,7,False,False,False,False
2026-05-07T01:35:48.454205+00:00,tveRHTJJyy8,26,0,0,22111,22137,802,802,5,5,False,False,False,False
2026-05-07T01:35:48.454205+00:00,DB1fSfulSJQ,33,4,0,61900,61933,2409,2413,17,17,False,False,False,False
2026-05-07T01:35:48.454205+00:00,FpwEaued1Hc,32,1,0,46375,46407,2301,2302,29,29,False,False,False,False
2026-05-07T01:35:48.454205+00:00,0EqJD2o-Mnk,827,22,0,44219,45046,1013,1035,61,61,False,False,False,False
2026-05-07T01:35:48.454205+00:00,Y9HJ_U3TdXk,4270,101,1,183909,188179,6513,6614,31,32,False,False,False,False
2026-05-07T01:35:48.454205+00:00,f7fbvRa4eJE,26,0,0,27102,27128,775,775,11,11,False,False,False,False
2026-05-07T01:35:48.454205+00:00,01NMf5-J_P4,41,0,0,57487,57528,2477,2477,19,19,False,False,False,False
2026-05-07T01:35:48.454205+00:00,OuOIrxBXB0M,410,4,0,133067,133477,2886,2890,20,20,False,False,False,False
2026-05-07T01:35:48.454205+00:00,wR8P970sqH8,37,0,0,25863,25900,1003,1003,9,9,False,False,False,False
2026-05-07T01:35:48.454205+00:00,664cs6FZEZo,106,3,0,70147,70253,1992,1995,35,35,False,False,False,False
2026-05-07T01:35:48.454205+00:00,ABoKfabPQyY,7393,87,2,237050,244443,4920,5007,46,48,False,False,False,False
2026-05-07T01:35:48.454205+00:00,UQXupr6-Wmg,107,3,0,66849,66956,2109,2112,20,20,False,False,False,False
2026-05-07T01:35:48.454205+00:00,s47EWzAbZL4,29,1,0,46720,46749,1165,1166,9,9,False,False,False,False
2026-05-07T01:35:48.454205+00:00,Wj8owIKaQKQ,27,1,0,32717,32744,1677,1678,15,15,False,False,False,False
2026-05-07T01:35:48.454205+00:00,0moz0GJcIHg,34,1,0,28312,28346,1033,1034,14,14,False,False,False,False
2026-05-07T01:35:48.454205+00:00,5tW7CPAVii0,5759,93,1,259646,265405,7241,7334,151,152,False,False,False,False
2026-05-07T01:35:48.454205+00:00,vrW0swCG3Kg,26,-1,0,31578,31604,1670,1669,26,26,False,False,False,False
2026-05-07T01:35:48.454205+00:00,yIUDe9YH0ac,4413,131,0,222234,226647,6062,6193,101,101,False,False,False,False
2026-05-07T01:35:48.454205+00:00,Z0uWs_W9S1A,27,-1,0,15154,15181,440,439,12,12,False,False,False,False
2026-05-07T01:35:48.454205+00:00,uWOLkr7S47A,52,0,0,75867,75919,1768,1768,5,5,False,False,False,False
2026-05-07T01:35:48.454205+00:00,E7PxcFm-Xs8,20,-1,0,30114,30134,1385,1384,6,6,False,False,False,False
2026-05-07T01:35:48.454205+00:00,FfMFahO2VE4,15,-1,0,31224,31239,1626,1625,13,13,False,False,False,False
2026-05-07T01:35:48.454205+00:00,jq7ocNZXg_s,28,2,0,25377,25405,2600,2602,43,43,False,False,False,False
2026-05-07T01:35:48.454205+00:00,fHes8kAGJHs,24,1,0,39400,39424,1627,1628,12,12,False,False,False,False
2026-05-07T01:35:48.454205+00:00,fr78adfAnuA,1797,27,1,159348,161145,4934,4961,200,201,False,False,False,False
2026-05-07T01:35:48.454205+00:00,HnafDG2aj1I,16,0,0,29629,29645,928,928,6,6,False,False,False,False
2026-05-07T01:35:48.454205+00:00,nJ0oh5u6YbM,2062,51,0,122226,124288,4221,4272,30,30,False,False,False,False
2026-05-07T01:35:48.454205+00:00,07T7V-Szcx0,17048,356,7,479899,496947,13983,14339,223,230,False,False,False,False
2026-05-07T01:35:48.454205+00:00,gS87TtB9nk4,156,1,0,109430,109586,2281,2282,22,22,False,False,False,False
2026-05-07T01:35:48.454205+00:00,mPbb2Gk3fr4,24,0,0,53616,53640,1509,1509,6,6,False,False,False,False
2026-05-07T01:35:48.454205+00:00,CZtseHx5dAM,18,-1,0,33197,33215,1101,1100,11,11,False,False,False,False
2026-05-07T01:35:48.454205+00:00,DykSRxbFZZo,12,0,0,29370,29382,1148,1148,16,16,False,False,False,False
2026-05-07T01:35:48.454205+00:00,g47pe7T6-KE,8,-1,0,25608,25616,1380,1379,11,11,False,False,False,False
2026-05-07T01:35:48.454205+00:00,0Z1lChyi2W4,3933,61,-1,634027,637960,16866,16927,574,573,False,False,False,False
2026-05-07T01:35:48.454205+00:00,v_1Dhh8G84c,26809,455,5,1781687,1808496,49064,49519,730,735,False,False,False,False
2026-05-07T01:35:48.454205+00:00,pcAJLeGAtwc,4774,80,0,1010090,1014864,26063,26143,491,491,False,False,False,False
2026-05-07T01:35:48.454205+00:00,roUppNywDks,10111,124,73,904624,914735,15300,15424,6566,6639,False,False,False,False
2026-05-07T01:35:48.454205+00:00,Bcag49Fk3zA,4126,73,1,1401195,1405321,42206,42279,437,438,False,False,False,False
2026-05-07T01:35:48.454205+00:00,0HSNPIttevk,12039,212,5,1016211,1028250,24016,24228,774,779,False,False,False,False
2026-05-07T01:35:48.454205+00:00,IMM5cm6xrXQ,4451,75,-2,1564500,1568951,33331,33406,857,855,False,False,False,False
2026-05-07T01:35:48.454205+00:00,0t118SCf-2w,7813,89,2,1963657,1971470,33997,34086,604,606,False,False,False,False
2026-05-07T01:35:48.454205+00:00,_WrHMsTYlOU,13462,271,25,968527,981989,25318,25589,1282,1307,False,False,False,False
2026-05-07T01:35:48.454205+00:00,-uSQcEfnKp0,3531,103,1,653389,656920,22738,22841,694,695,False,False,False,False
2026-05-07T01:35:48.454205+00:00,S0WQP5GeTZs,3667,65,2,951530,955197,23875,23940,729,731,False,False,False,False
2026-05-07T01:35:48.454205+00:00,OwbaFLtBpkQ,4091,64,1,688306,692397,14425,14489,270,271,False,False,False,False
2026-05-07T01:35:48.454205+00:00,UncqiOQc4rI,32201,877,13,3726248,3758449,105104,105981,1379,1392,False,False,False,False
2026-05-07T01:35:48.454205+00:00,8u7HqZJQHDM,12622,149,26,1007609,1020231,15480,15629,5683,5709,False,False,False,False
2026-05-07T01:35:48.454205+00:00,K9S3YgFZN9Y,4133,69,3,655851,659984,14980,15049,272,275,False,False,False,False
2026-05-07T01:35:48.454205+00:00,WeliLUboy3M,2511,56,3,1213509,1216020,19047,19103,544,547,False,False,False,False
2026-05-07T01:35:48.454205+00:00,Czf68kDF_7Y,23078,539,2,2429105,2452183,57472,58011,1009,1011,False,False,False,False
2026-05-07T01:35:48.454205+00:00,kTlm_3HwRFg,3991,64,0,346077,350068,8160,8224,90,90,False,False,False,False
2026-05-07T01:35:48.454205+00:00,ucN2hf0CgI8,15160,266,4,1512020,1527180,37216,37482,352,356,False,False,False,False
2026-05-07T01:35:48.454205+00:00,up__2flbXw4,8303,96,2,942583,950886,19102,19198,448,450,False,False,False,False
2026-05-07T01:35:48.454205+00:00,msYTFQ4OIu8,8076,106,26,1012864,1020940,14872,14978,6862,6888,False,False,False,False
2026-05-07T01:35:48.454205+00:00,9LsgBjswQZY,748,13,0,137207,137955,2761,2774,33,33,False,False,False,False
2026-05-07T01:35:48.454205+00:00,HRxULulg_hM,1995,159,3,973005,975000,29639,29798,375,378,False,False,False,False
2026-05-07T01:35:48.454205+00:00,5wuHYQMnYhA,23473,909,10,929473,952946,35087,35996,709,719,False,False,False,False
2026-05-07T01:35:48.454205+00:00,D4fkiQfzw_I,3298,129,3,133912,137210,5959,6088,287,290,False,False,False,False
2026-05-07T01:35:48.454205+00:00,XAQ275WwWnw,150,2,0,16220,16370,461,463,6,6,False,False,False,False
2026-05-07T01:35:48.454205+00:00,VREVC0wXPfs,236,4,0,26195,26431,705,709,3,3,False,False,False,False
2026-05-07T01:35:48.454205+00:00,MSl5mD3E7PE,187,21,2,21407,21594,1900,1921,101,103,False,False,False,False
2026-05-07T01:35:48.454205+00:00,J9p4GMskefU,322,29,1,31512,31834,2887,2916,86,87,False,False,False,False
2026-05-07T01:35:48.454205+00:00,MX1a5garnwc,116,7,2,9125,9241,608,615,94,96,False,False,False,False
2026-05-07T01:35:48.454205+00:00,v8z-clVwRxM,138,3,0,33534,33672,1046,1049,100,100,False,False,False,False
2026-05-07T01:35:48.454205+00:00,e7IyFScAa-Q,461,13,0,18781,19242,699,712,54,54,False,False,False,False
2026-05-07T01:35:48.454205+00:00,1gyuiKoSc-w,309,12,2,6857,7166,256,268,14,16,False,False,False,False
2026-05-07T01:35:48.454205+00:00,-tzJJPnAenI,6,1,0,3108,3114,146,147,0,0,False,False,False,False
2026-05-07T01:35:48.454205+00:00,vaEGXlhFrJQ,2,0,0,168,170,6,6,1,1,False,False,False,False
2026-05-07T01:35:48.454205+00:00,BYv6i1MhiRA,2,1,0,2692,2694,20,21,0,0,False,False,False,False
2026-05-07T01:35:48.454205+00:00,lYpHv3Tg0Vg,1,1,0,15413,15414,355,356,3,3,False,False,False,False
2026-05-07T01:35:48.454205+00:00,kFVzax1iFW8,0,0,0,213,213,11,11,0,0,False,False,False,False
2026-05-07T01:35:48.454205+00:00,u03PlL13QDw,1,1,0,3413,3414,49,50,0,0,False,False,False,False
2026-05-07T01:35:48.454205+00:00,bjFyP8D_XvM,1,1,0,1902,1903,134,135,0,0,False,False,False,False
2026-05-07T01:35:48.454205+00:00,dUo1R8tp6zQ,1,0,0,278,279,15,15,0,0,False,False,False,False
2026-05-07T01:35:48.454205+00:00,YPM2Fep2P3A,1,1,0,1810,1811,88,89,2,2,False,False,False,False
2026-05-07T01:35:48.454205+00:00,uJzhn5czGL4,1,1,0,1624,1625,111,112,2,2,False,False,False,False
2026-05-07T01:35:48.454205+00:00,V4tlvp9IP_8,0,0,0,184,184,21,21,3,3,False,False,False,False
2026-05-07T01:35:48.454205+00:00,dCJJcNtrNjo,1,1,0,1140,1141,73,74,0,0,False,False,False,False
2026-05-07T01:35:48.454205+00:00,WVEngsk1RuQ,1,0,0,1745,1746,80,80,0,0,False,False,False,False
2026-05-07T01:35:48.454205+00:00,IkNEALHWXUo,5,0,0,661,666,24,24,1,1,False,False,False,False
2026-05-07T01:35:48.454205+00:00,8XfsycyMf48,3,1,0,4569,4572,214,215,1,1,False,False,False,False
2026-05-07T01:35:48.454205+00:00,Tx6waClZSYM,2,1,0,2956,2958,136,137,1,1,False,False,False,False
2026-05-07T01:35:48.454205+00:00,4NHnN9EmDk0,2,0,0,366,368,27,27,2,2,False,False,False,False
2026-05-07T01:35:48.454205+00:00,UkbeRKmr5kM,19,2,0,56207,56226,675,677,13,13,False,False,False,False
2026-05-07T01:35:48.454205+00:00,vd8fb3noIgY,6,0,0,16990,16996,1359,1359,16,16,False,False,False,False
2026-05-07T01:35:48.454205+00:00,nZlhHf8vSbU,17,2,0,9187,9204,926,928,8,8,False,False,False,False
2026-05-07T01:35:48.454205+00:00,qsJSGpOs5q4,15,0,0,14586,14601,863,863,7,7,False,False,False,False
2026-05-07T01:35:48.454205+00:00,Mxv60XerzG4,15,0,0,7390,7405,514,514,16,16,False,False,False,False
2026-05-07T01:35:48.454205+00:00,pVXm6lt1F7w,40,1,0,21085,21125,2081,2082,18,18,False,False,False,False
2026-05-07T01:35:48.454205+00:00,jIj6PuMrDGA,233,14,1,42840,43073,3024,3038,34,35,False,False,False,False
2026-05-07T01:35:48.454205+00:00,XzkJ2WrHR2c,53,1,0,19291,19344,1148,1149,39,39,False,False,False,False
2026-05-07T01:35:48.454205+00:00,PMX-urJB7uw,5,2,0,2756,2761,236,238,6,6,False,False,False,False
2026-05-07T01:35:48.454205+00:00,MdYM6kw372Q,44,2,0,17256,17300,1094,1096,19,19,False,False,False,False
2026-05-07T01:35:48.454205+00:00,3QRWlCFdzyE,99,6,0,20646,20745,965,971,20,20,False,False,False,False
2026-05-07T01:35:48.454205+00:00,rXs8JlFIS-U,6,-2,0,17945,17951,926,924,15,15,False,False,False,False
2026-05-07T01:35:48.454205+00:00,SK8tkpErsm8,25,2,0,22219,22244,1234,1236,16,16,False,False,False,False
2026-05-07T01:35:48.454205+00:00,RBz3O-4xBYE,24,1,0,14943,14967,1258,1259,34,34,False,False,False,False
2026-05-07T01:35:48.454205+00:00,03uRM4Uz5t8,10,1,0,19967,19977,1407,1408,39,39,False,False,False,False
2026-05-07T01:35:48.454205+00:00,rzqgWnJPamU,4,0,0,2989,2993,160,160,4,4,False,False,False,False
2026-05-07T01:35:48.454205+00:00,nLlqkXdlNsM,2,-1,0,23664,23666,1065,1064,13,13,False,False,False,False
2026-05-07T01:35:48.454205+00:00,fIZkXHaOuvY,2,0,0,2558,2560,123,123,4,4,False,False,False,False
2026-05-07T01:35:48.454205+00:00,t3oZncJYgwE,2,1,0,3903,3905,358,359,5,5,False,False,False,False
2026-05-07T01:35:48.454205+00:00,h5Snd8uqih8,2,0,0,2806,2808,118,118,3,3,False,False,False,False
2026-05-07T01:35:48.454205+00:00,Z-xAO96GQtU,6,0,0,10289,10295,1127,1127,6,6,False,False,False,False
2026-05-07T01:35:48.454205+00:00,TlwFNKM1OyA,3,0,0,6275,6278,403,403,7,7,False,False,False,False
2026-05-07T01:35:48.454205+00:00,kLZUfQUWNNw,1,0,0,2295,2296,150,150,7,7,False,False,False,False
2026-05-07T01:35:48.454205+00:00,uOGqRV25LOc,1,0,0,2007,2008,99,99,2,2,False,False,False,False
2026-05-07T01:35:48.454205+00:00,FOyH5MIRyD4,1,0,0,18673,18674,1041,1041,10,10,False,False,False,False
2026-05-07T01:35:48.454205+00:00,X5MyBjZ8Jgw,1,-1,0,24191,24192,1321,1320,11,11,False,False,False,False
2026-05-07T01:35:48.454205+00:00,Ux-bi7bqrUU,4,0,0,6489,6493,543,543,5,5,False,False,False,False
2026-05-07T01:35:48.454205+00:00,0xTKuxdSrRI,1,-1,0,26800,26801,1045,1044,13,13,False,False,False,False
2026-05-07T01:35:48.454205+00:00,uHx1N_qFfTw,2,0,0,2926,2928,240,240,3,3,False,False,False,False
2026-05-07T01:35:48.454205+00:00,SrN39dykl7A,2,0,0,3868,3870,251,251,3,3,False,False,False,False
2026-05-07T01:35:48.454205+00:00,YY3pLnSX1W4,2,0,0,3934,3936,296,296,2,2,False,False,False,False
2026-05-07T01:35:48.454205+00:00,qO9602XOIfY,1,0,0,16389,16390,916,916,15,15,False,False,False,False
2026-05-07T01:35:48.454205+00:00,WBBOTxvDook,1,0,0,3685,3686,245,245,4,4,False,False,False,False
2026-05-07T01:35:48.454205+00:00,weyrpnOTB-A,3,0,0,3813,3816,451,451,1,1,False,False,False,False
2026-05-07T01:35:48.454205+00:00,Jlw306k4Sv0,1,0,0,2229,2230,110,110,4,4,False,False,False,False
2026-05-07T01:35:48.454205+00:00,PfdNPN9Jv6s,3,-1,0,19281,19284,1516,1515,19,19,False,False,False,False
2026-05-07T01:35:48.454205+00:00,jKwIvjb9kgM,3,0,0,8288,8291,668,668,6,6,False,False,False,False
2026-05-07T01:35:48.454205+00:00,kyojR7HQsVs,4,1,0,4577,4581,272,273,7,7,False,False,False,False
2026-05-07T01:35:48.454205+00:00,8ImVuaOhTf4,5,1,0,12663,12668,969,970,15,15,False,False,False,False
2026-05-07T01:35:48.454205+00:00,dINRvKoLQ-c,2,-1,0,32932,32934,1778,1777,35,35,False,False,False,False
2026-05-07T01:35:48.454205+00:00,SxYWhC51qFo,0,0,0,8205,8205,479,479,4,4,False,False,False,False
2026-05-07T01:35:48.454205+00:00,ymxpml7CipE,1,0,0,5246,5247,335,335,3,3,False,False,False,False
2026-05-07T01:35:48.454205+00:00,LikC_lxkVEg,2,0,0,6109,6111,549,549,7,7,False,False,False,False
2026-05-07T01:35:48.454205+00:00,TCGbMJYgaYA,0,0,0,4769,4769,297,297,3,3,False,False,False,False
2026-05-07T01:35:48.454205+00:00,xSS2WTAglww,1,0,0,3020,3021,226,226,7,7,False,False,False,False
2026-05-07T01:35:48.454205+00:00,tysrC1PivVE,0,0,0,3748,3748,331,331,7,7,False,False,False,False
2026-05-07T01:35:48.454205+00:00,2Ylfj8r_-V8,0,0,0,9352,9352,598,598,12,12,False,False,False,False
2026-05-07T01:35:48.454205+00:00,3wJvtiigDcg,0,0,0,2648,2648,224,224,3,3,False,False,False,False
2026-05-07T01:35:48.454205+00:00,1lx0bttCAbs,790,52,0,40403,41193,2057,2109,38,38,False,False,False,False
2026-05-07T01:35:48.454205+00:00,AWWSm291p7c,0,0,0,4810,4810,395,395,6,6,False,False,False,False
2026-05-07T01:35:48.454205+00:00,GQtuLY1Qs1Q,0,0,0,3689,3689,125,125,4,4,False,False,False,False
2026-05-07T01:35:48.454205+00:00,izQP0WI1i9A,0,0,0,4371,4371,127,127,1,1,False,False,False,False
2026-05-07T01:35:48.454205+00:00,hx45I5QyAFw,3,0,0,7311,7314,585,585,11,11,False,False,False,False
2026-05-07T01:35:48.454205+00:00,cRKwXRLqKQM,-1,0,0,3377,3376,93,93,2,2,False,False,False,False
2026-05-07T01:35:48.454205+00:00,VsjETURd7No,0,0,0,1791,1791,77,77,3,3,False,False,False,False
2026-05-07T01:35:48.454205+00:00,EJfh57hfc_E,0,0,0,20911,20911,1283,1283,24,24,False,False,False,False
2026-05-07T01:35:48.454205+00:00,vyUuhcDRcf4,0,0,0,10123,10123,401,401,8,8,False,False,False,False
2026-05-07T01:35:48.454205+00:00,9Ke8dmefEqo,2,1,0,8545,8547,578,579,7,7,False,False,False,False
2026-05-07T01:35:48.454205+00:00,50Esq3fgXzA,2,0,0,4045,4047,322,322,7,7,False,False,False,False
2026-05-07T01:35:48.454205+00:00,-rDMPyp2tvQ,0,0,0,5601,5601,414,414,5,5,False,False,False,False
2026-05-07T01:35:48.454205+00:00,tQCVAU-fZPA,295,20,1,303072,303367,13814,13834,159,160,False,False,False,False
2026-05-07T01:35:48.454205+00:00,vW1rzDI4KhM,0,0,0,3318,3318,146,146,5,5,False,False,False,False
2026-05-07T01:35:48.454205+00:00,SZLTZDoVcfA,0,0,0,3493,3493,312,312,3,3,False,False,False,False
2026-05-07T01:35:48.454205+00:00,5aR4agCS1OM,0,0,0,6393,6393,356,356,7,7,False,False,False,False
2026-05-07T01:35:48.454205+00:00,aFvAFWzCwF8,5,2,0,23053,23058,1485,1487,41,41,False,False,False,False
2026-05-07T01:35:48.454205+00:00,m8mdQGF-Pmw,5,0,0,23084,23089,1364,1364,26,26,False,False,False,False
2026-05-07T01:35:48.454205+00:00,wm1qu3D9-ho,0,0,0,4132,4132,274,274,2,2,False,False,False,False
2026-05-07T01:35:48.454205+00:00,eoXIFY2GZTw,4,1,0,21567,21571,1557,1558,17,17,False,False,False,False
2026-05-07T01:35:48.454205+00:00,crrTHKN_R58,2005,109,6,120589,122594,8684,8793,599,605,False,False,False,False
2026-05-07T01:35:48.454205+00:00,La4ogJrxI0g,377,13,1,50055,50432,3503,3516,189,190,False,False,False,False
2026-05-07T01:35:48.454205+00:00,OEqMxMEBQQY,415,10,0,44704,45119,1609,1619,77,77,False,False,False,False
2026-05-07T01:35:48.454205+00:00,0ShXZN7aHqA,90,4,0,7298,7388,536,540,4,4,False,False,False,False
2026-05-07T01:35:48.454205+00:00,DQiQ30VepbU,812,39,4,26252,27064,1169,1208,90,94,False,False,False,False
2026-05-07T01:35:48.454205+00:00,lvw8Fe5wcBo,65,4,1,13091,13156,465,469,28,29,False,False,False,False
2026-05-07T01:35:48.454205+00:00,-txFIHA4ez8,497,30,2,64573,65070,2886,2916,105,107,False,False,False,False
2026-05-07T01:35:48.454205+00:00,eEfZlpKPAIU,28,2,0,18639,18667,757,759,17,17,False,False,False,False
2026-05-07T01:35:48.454205+00:00,l1-D1s67YU4,179,7,0,53004,53183,2335,2342,178,178,False,False,False,False
2026-05-07T01:35:48.454205+00:00,RtCDqPRlu48,13,0,0,18001,18014,765,765,17,17,False,False,False,False
2026-05-07T01:35:48.454205+00:00,5jOtf3OIgHg,10,0,0,9360,9370,432,432,5,5,False,False,False,False
2026-05-07T01:35:48.454205+00:00,VszurX3VCPE,16,1,0,13561,13577,530,531,21,21,False,False,False,False
2026-05-07T01:35:48.454205+00:00,w9LJSjmwufQ,5,0,0,9464,9469,538,538,4,4,False,False,False,False
2026-05-07T01:35:48.454205+00:00,gGvkfd-LiKA,131,6,0,12115,12246,506,512,42,42,False,False,False,False
2026-05-07T01:35:48.454205+00:00,oYu0ZgihU8Q,18,1,0,3772,3790,133,134,8,8,False,False,False,False
2026-05-07T01:35:48.454205+00:00,5Tsi4Beca6g,15,1,0,9790,9805,423,424,21,21,False,False,False,False
2026-05-07T01:35:48.454205+00:00,AxHTi--S-sU,50,3,0,37206,37256,1954,1957,203,203,False,False,False,False
2026-05-07T01:35:48.454205+00:00,9R7IaubJFhA,19,2,0,10706,10725,577,579,30,30,False,False,False,False
2026-05-07T01:35:48.454205+00:00,ZrTIAjdcBGM,5,0,0,13487,13492,553,553,51,51,False,False,False,False
2026-05-07T01:35:48.454205+00:00,lkM12v2VZyE,110,6,0,47222,47332,1501,1507,35,35,False,False,False,False
2026-05-07T01:35:48.454205+00:00,QCcQpkBhOvI,46,3,0,12749,12795,592,595,15,15,False,False,False,False
2026-05-07T01:35:48.454205+00:00,R6VQrYkJf74,25,1,0,20039,20064,700,701,33,33,False,False,False,False
2026-05-07T01:35:48.454205+00:00,6Np0FPnWdMs,19,1,0,19894,19913,789,790,16,16,False,False,False,False
2026-05-07T01:35:48.454205+00:00,sa3zzPEnz_4,74,1,0,34929,35003,1298,1299,78,78,False,False,False,False
2026-05-07T01:35:48.454205+00:00,pgFxsauDXjc,1,0,0,7948,7949,314,314,11,11,False,False,False,False
2026-05-07T01:35:48.454205+00:00,G-i7hiu_yPU,22,1,3,8236,8258,742,743,87,90,False,False,False,False
2026-05-07T01:35:48.454205+00:00,6UPfq3KETg4,521,30,0,163367,163888,5747,5777,125,125,False,False,False,False
2026-05-07T01:35:48.454205+00:00,-wkZoxeFIpM,111,4,0,5671,5782,370,374,11,11,False,False,False,False
2026-05-07T01:35:48.454205+00:00,6-PunI-5Ts4,154,15,0,29790,29944,2891,2906,90,90,False,False,False,False
2026-05-07T01:35:48.454205+00:00,QDZUOBnmf4Q,95,3,0,40699,40794,3517,3520,126,126,False,False,False,False
2026-05-07T01:35:48.454205+00:00,TekYNY3eGC0,1240,68,0,118418,119658,6860,6928,213,213,False,False,False,False
2026-05-07T01:35:48.454205+00:00,OWkM5YoEhgM,702,43,1,73883,74585,5525,5568,100,101,False,False,False,False
2026-05-07T01:35:48.454205+00:00,DgX6SMZaC_8,599,47,1,52529,53128,4090,4137,70,71,False,False,False,False
2026-05-07T01:35:48.454205+00:00,OPDzJP8iWLo,68,3,0,31468,31536,3072,3075,59,59,False,False,False,False
2026-05-07T01:35:48.454205+00:00,shkHigLwBnM,227,9,0,328758,328985,10580,10589,383,383,False,False,False,False
2026-05-07T01:35:48.454205+00:00,BOmc_wliaRg,5296,140,8,810715,816011,33737,33877,4713,4721,False,False,False,False
2026-05-07T01:35:48.454205+00:00,94PJFiyaSrs,197,7,0,37749,37946,2094,2101,139,139,False,False,False,False
2026-05-07T01:35:48.454205+00:00,rfnB9MhBI44,1037,75,0,174119,175156,12125,12200,240,240,False,False,False,False
2026-05-07T01:35:48.454205+00:00,g_7mUw6Xt2E,361,22,1,139950,140311,6993,7015,697,698,False,False,False,False
2026-05-07T01:35:48.454205+00:00,a8LrJMGoVL4,397,26,0,129539,129936,9688,9714,487,487,False,False,False,False
2026-05-07T01:35:48.454205+00:00,u_f8bJkfg68,22355,355,1,4036208,4058563,105615,105970,929,930,False,False,False,False
2026-05-07T01:35:48.454205+00:00,WgcdDVIUXcI,13209,402,0,6646236,6659445,115320,115722,345,345,False,False,False,False
2026-05-07T01:35:48.454205+00:00,UEBpQgCIFTk,681,26,0,585784,586465,25015,25041,207,207,False,False,False,False
2026-05-07T01:35:48.454205+00:00,GmTuhpMe1oM,531,23,0,174818,175349,10753,10776,83,83,False,False,False,False
2026-05-07T01:35:48.454205+00:00,0kHJZFOuMWc,2895,170,0,938080,940975,48509,48679,246,246,False,False,False,False
2026-05-07T01:35:48.454205+00:00,KXpgCNB6Dcs,1813,116,0,478852,480665,36613,36729,209,209,False,False,False,False
2026-05-07T01:35:48.454205+00:00,gPmmDEGCQLg,895,86,1,289844,290739,25515,25601,465,466,False,False,False,False
2026-05-07T01:35:48.454205+00:00,hXPy19kPego,1798,97,4,135779,137577,10231,10328,798,802,False,False,False,False
2026-05-07T01:35:48.454205+00:00,yaBzATxyEYs,154,14,0,41567,41721,3133,3147,119,119,False,False,False,False
2026-05-07T01:35:48.454205+00:00,SY53rwqE2i0,93,2,0,27454,27547,1408,1410,70,70,False,False,False,False
2026-05-07T01:35:48.454205+00:00,LPTQADIf6Xk,989,54,3,130127,131116,8484,8538,522,525,False,False,False,False
2026-05-07T01:35:48.454205+00:00,Ycdklm6W1_o,3095,150,7,361824,364919,25297,25447,699,706,False,False,False,False
2026-05-07T01:35:48.454205+00:00,iRach9lpIlg,3677,45,1,1029894,1033571,20539,20584,534,535,False,False,False,False
2026-05-07T01:35:48.454205+00:00,MVFd0qFB9TE,14813,476,3,4171316,4186129,128226,128702,1604,1607,False,False,False,False
2026-05-07T01:35:48.454205+00:00,EFhMcL3Kf1c,1416,66,1,328737,330153,13785,13851,739,740,False,False,False,False
2026-05-07T01:35:48.454205+00:00,bouvNyq8xCY,372,8,0,32072,32444,2093,2101,66,66,False,False,False,False
2026-05-07T01:35:48.454205+00:00,4ZK7Ms4IZ7g,232,0,0,28401,28633,205,205,7,7,False,False,False,False
2026-05-07T01:35:48.454205+00:00,XV4eV0wnx-c,71,2,0,20914,20985,768,770,9,9,False,False,False,False
2026-05-07T01:35:48.454205+00:00,B2ag364pRgQ,161,2,0,66570,66731,2260,2262,406,406,False,False,False,False
2026-05-07T01:35:48.454205+00:00,1a5xOhqvm-I,43,0,0,13408,13451,412,412,13,13,False,False,False,False
2026-05-07T01:35:48.454205+00:00,bfENsVP77VQ,2233,49,0,176598,178831,3946,3995,356,356,False,False,False,False
2026-05-07T01:35:48.454205+00:00,f1rK6WfCjCQ,148,10,0,37293,37441,1012,1022,17,17,False,False,False,False
2026-05-07T01:35:48.454205+00:00,yemarhfhVA0,676,42,0,115738,116414,9452,9494,580,580,False,False,False,False
2026-05-07T01:35:48.454205+00:00,TET8fTKH1e8,7581,173,3,597833,605414,23323,23496,665,668,False,False,False,False
2026-05-07T01:35:48.454205+00:00,n16KlvFN28c,81,2,0,22890,22971,1092,1094,10,10,False,False,False,False
2026-05-07T01:35:48.454205+00:00,MK-6-YuFzC4,108,4,0,15453,15561,818,822,84,84,False,False,False,False
2026-05-07T01:35:48.454205+00:00,Xf_v62TQOx4,114,3,0,69182,69296,3196,3199,341,341,False,False,False,False
2026-05-07T01:35:48.454205+00:00,40kncAedwjs,18,0,0,2705,2723,201,201,17,17,False,False,False,False
2026-05-07T01:35:48.454205+00:00,rbbMgCB90fk,5,0,0,1753,1758,114,114,6,6,False,False,False,False
2026-05-07T01:35:48.454205+00:00,Bv4wqAVZ6Ps,14,1,0,2500,2514,164,165,11,11,False,False,False,False
2026-05-07T01:35:48.454205+00:00,N14hiQw7Wdk,13,1,1,2735,2748,88,89,30,31,False,False,False,False
2026-05-07T01:35:48.454205+00:00,tLlucpJbi5E,0,0,0,871,871,23,23,2,2,False,False,False,False
2026-05-07T01:35:48.454205+00:00,saLXbA_OCkE,0,0,0,441,441,14,14,0,0,False,False,False,False
2026-05-07T01:35:48.454205+00:00,MCnA_GAeAfg,2,0,0,569,571,13,13,0,0,False,False,False,False
2026-05-07T01:35:48.454205+00:00,kLhNERKdwd4,3,0,0,910,913,22,22,1,1,False,False,False,False
2026-05-07T01:35:48.454205+00:00,YNW_D7b60I4,0,0,0,761,761,20,20,0,0,False,False,False,False
2026-05-07T01:35:48.454205+00:00,MOpYEt-XfaU,0,0,0,855,855,14,14,2,2,False,False,False,False
2026-05-07T01:35:48.454205+00:00,G1xuyxMOUNM,0,0,0,1449,1449,20,20,1,1,False,False,False,False
2026-05-07T01:35:48.454205+00:00,dA8XrnlFY5w,4,0,0,2749,2753,92,92,15,15,False,False,False,False
2026-05-07T01:35:48.454205+00:00,sZoT8IoDJTU,0,0,0,699,699,17,17,0,0,False,False,False,False
2026-05-07T01:35:48.454205+00:00,wlOrP9Q1akA,0,0,0,759,759,15,15,0,0,False,False,False,False
2026-05-07T01:35:48.454205+00:00,Mm2C9CRyDxY,0,0,0,652,652,18,18,0,0,False,False,False,False
2026-05-07T01:35:48.454205+00:00,wvJLjIR3nRI,0,0,0,689,689,23,23,0,0,False,False,False,False
2026-05-07T01:35:48.454205+00:00,nIrSjC_gsk8,0,0,0,629,629,14,14,0,0,False,False,False,False
2026-05-07T01:35:48.454205+00:00,IaUn-c8Lxss,2,1,0,579,581,16,17,0,0,False,False,False,False
2026-05-07T01:35:48.454205+00:00,fQK8Lx-oRIU,59,1,0,16423,16482,721,722,32,32,False,False,False,False
2026-05-07T01:35:48.454205+00:00,h9kh7KssnMc,486,10,1,116393,116879,2614,2624,63,64,False,False,False,False
2026-05-07T01:35:48.454205+00:00,XyFrfcsbDGY,21,0,0,57481,57502,2425,2425,75,75,False,False,False,False
2026-05-07T01:35:48.454205+00:00,zxQJIBt9CBI,7106,210,8,183278,190384,8741,8951,367,375,False,False,False,False
2026-05-07T01:35:48.454205+00:00,Xy09nfcwZ3E,36,1,0,34541,34577,1313,1314,5,5,False,False,False,False
2026-05-07T01:35:48.454205+00:00,-APimd6TUro,626,3,0,35272,35898,745,748,4,4,False,False,False,False
2026-05-07T01:35:48.454205+00:00,rzHYdFYDjcQ,5,0,0,2978,2983,92,92,2,2,False,False,False,False
2026-05-07T01:35:48.454205+00:00,-5kkpHpexIA,142,2,0,34128,34270,683,685,4,4,False,False,False,False
2026-05-07T01:35:48.454205+00:00,-JTeDTLElVg,389,9,0,19153,19542,626,635,4,4,False,False,False,False
2026-05-07T01:35:48.454205+00:00,u7sbQBw3X3g,23,1,0,22676,22699,496,497,0,0,False,False,False,False
2026-05-07T01:35:48.454205+00:00,QIKiQjEMUjY,2376,60,2,241306,243682,7611,7671,758,760,False,False,False,False
2026-05-07T01:35:48.454205+00:00,_EHKT75Ir0g,5,1,0,3003,3008,177,178,2,2,False,False,False,False
2026-05-07T01:35:48.454205+00:00,wB2Kb0MiyAc,167,2,0,34898,35065,632,634,6,6,False,False,False,False
2026-05-07T01:35:48.454205+00:00,bGis_LtFRRo,1,1,0,1352,1353,40,41,0,0,False,False,False,False
2026-05-07T01:35:48.454205+00:00,UgfrzicHc80,2160,58,4,206481,208641,6486,6544,697,701,False,False,False,False
2026-05-07T01:35:48.454205+00:00,2F50vE7VUIw,0,0,0,4682,4682,440,440,4,4,False,False,False,False
2026-05-07T01:35:48.454205+00:00,qC_5K9u8nY4,-5,0,0,5877,5872,181,181,1,1,False,False,False,False
2026-05-07T01:35:48.454205+00:00,WSSQ8mtQicE,-5,0,0,4032,4027,125,125,0,0,False,False,False,False
2026-05-07T01:35:48.454205+00:00,jdrW-vJOD1w,500,2,1,17240,17740,802,804,33,34,False,False,False,False
2026-05-07T01:35:48.454205+00:00,6AKlPLtjBR8,79,2,0,16144,16223,840,842,28,28,False,False,False,False
2026-05-07T01:35:48.454205+00:00,ZjtJALByo70,111,0,0,10916,11027,591,591,9,9,False,False,False,False
2026-05-07T01:35:48.454205+00:00,0VjrLsr61pk,1379,26,1,153895,155274,5423,5449,341,342,False,False,False,False
2026-05-07T01:35:48.454205+00:00,uay_qpfTJOE,120,0,0,4668,4788,93,93,3,3,False,False,False,False
2026-05-07T01:35:48.454205+00:00,AXvou3mSGQA,328,0,0,36797,37125,1098,1098,44,44,False,False,False,False
2026-05-07T01:35:48.454205+00:00,Zu3g28TTetU,54,0,0,49606,49660,2437,2437,181,181,False,False,False,False
2026-05-07T01:35:48.454205+00:00,MbX7gs6huVE,174,0,0,14425,14599,603,603,14,14,False,False,False,False
2026-05-07T01:35:48.454205+00:00,ckyeC880OPA,1013,1,0,54681,55694,1685,1686,41,41,False,False,False,False
2026-05-07T01:35:48.454205+00:00,AzNb2nQrM7U,1356,27,0,65192,66548,2854,2881,329,329,False,False,False,False
2026-05-07T01:35:48.454205+00:00,q1l42BPzbIk,1069,78,7,116729,117798,10028,10106,1373,1380,False,False,False,False
2026-05-07T01:35:48.454205+00:00,3LnNwS6rqk8,4205,201,3,450631,454836,26055,26256,743,746,False,False,False,False
2026-05-07T01:35:48.454205+00:00,AxM96v9ZCzI,163,4,-1,68111,68274,1774,1778,12,11,False,False,False,False
2026-05-07T01:35:48.454205+00:00,4vHF2qU89Jo,719,43,0,71872,72591,7201,7244,450,450,False,False,False,False
2026-05-07T01:35:48.454205+00:00,-Ap6qWvqk0I,686,82,3,22740,23426,3077,3159,158,161,False,False,False,False
2026-05-07T01:35:48.454205+00:00,na5Enw8P18A,1255,61,1,177026,178281,10231,10292,310,311,False,False,False,False
2026-05-07T01:35:48.454205+00:00,UM9dcnJXX0k,6691,234,24,392296,398987,16053,16287,3520,3544,False,False,False,False
2026-05-07T01:35:48.454205+00:00,4IeYytwcpuQ,864,18,0,107364,108228,6284,6302,200,200,False,False,False,False
2026-05-07T01:35:48.454205+00:00,xO5diVmgE8Y,460,16,8,52056,52516,3314,3330,365,373,False,False,False,False
2026-05-07T01:35:48.454205+00:00,_twN29IEQlc,386,40,4,35484,35870,3286,3326,287,291,False,False,False,False
2026-05-07T01:35:48.454205+00:00,PN8bHAr0f1M,270,2,0,172700,172970,4367,4369,63,63,False,False,False,False
2026-05-07T01:35:48.454205+00:00,iq599kyAjVA,88,0,0,147881,147969,3895,3895,80,80,False,False,False,False
2026-05-07T01:35:48.454205+00:00,48hHo2WcAQI,1435,97,5,472743,474178,38629,38726,3869,3874,False,False,False,False
2026-05-07T01:35:48.454205+00:00,NlW_R21cBXs,729,73,0,206627,207356,15893,15966,768,768,False,False,False,False
2026-05-07T01:35:48.454205+00:00,Cs1nC8kqS5k,197,6,0,50558,50755,3322,3328,285,285,False,False,False,False
2026-05-07T01:35:48.454205+00:00,XX7hskkX1AA,120,4,1,91206,91326,4101,4105,127,128,False,False,False,False
2026-05-07T01:35:48.454205+00:00,vTXoE7BLv9s,1461,123,4,275233,276694,24378,24501,769,773,False,False,False,False
2026-05-07T01:35:48.454205+00:00,8Uk97zU2GCg,1051,33,5,248449,249500,12755,12788,1546,1551,False,False,False,False
2026-05-07T01:35:48.454205+00:00,tg0LuGGeOPA,67,4,0,118976,119043,7130,7134,214,214,False,False,False,False
2026-05-07T01:35:48.454205+00:00,SZ8r5VKtGes,2765,187,8,385603,388368,27319,27506,1901,1909,False,False,False,False
2026-05-07T01:35:48.454205+00:00,PCAPjDDY-h4,27,0,7,65376,65403,4878,4878,541,548,False,False,False,False
2026-05-07T01:35:48.454205+00:00,nHH771Vtkxw,1703,142,2,365426,367129,29641,29783,765,767,False,False,False,False
2026-05-07T01:35:48.454205+00:00,GybLbhXj2Nw,732,25,2,161320,162052,11640,11665,1547,1549,False,False,False,False
2026-05-07T01:35:48.454205+00:00,x2r3FTy9HHE,1912,76,5,272981,274893,17145,17221,1127,1132,False,False,False,False
2026-05-07T01:35:48.454205+00:00,AHyZdLVYJfc,1630,98,17,196974,198604,17261,17359,2282,2299,False,False,False,False
2026-05-07T01:35:48.454205+00:00,x0HFad-M2iE,21,0,0,23492,23513,2241,2241,35,35,False,False,False,False
2026-05-07T01:35:48.454205+00:00,y3HkZSayX2s,22,2,0,16013,16035,847,849,18,18,False,False,False,False
2026-05-07T01:35:48.454205+00:00,pqIZk9qrBEM,10,2,0,20322,20332,1419,1421,64,64,False,False,False,False
2026-05-07T01:35:48.454205+00:00,Q9qmcTjw89Q,6,1,0,24870,24876,842,843,11,11,False,False,False,False
2026-05-07T01:35:48.454205+00:00,h_G5spN1nJk,7,1,0,18708,18715,1177,1178,22,22,False,False,False,False
2026-05-07T01:35:48.454205+00:00,MqpQhyjFZQU,3352,120,5,250642,253994,10081,10201,553,558,False,False,False,False
2026-05-07T01:35:48.454205+00:00,NM-bwZZoX80,577,32,0,84694,85271,4209,4241,242,242,False,False,False,False
2026-05-07T01:35:48.454205+00:00,vm8Yn0BN-TQ,12,2,0,6191,6203,296,298,25,25,False,False,False,False
2026-05-07T01:35:48.454205+00:00,6q8iEtd0IGE,30,0,0,2435,2465,154,154,10,10,False,False,False,False
2026-05-07T01:35:48.454205+00:00,SHPKe7pGqMk,15,0,0,6590,6605,320,320,12,12,False,False,False,False
2026-05-07T01:35:48.454205+00:00,-0FsgHxwxgQ,390,15,0,81718,82108,3022,3037,118,118,False,False,False,False
2026-05-07T01:35:48.454205+00:00,krqt6eg3UoI,578,13,1,66451,67029,2684,2697,144,145,False,False,False,False
2026-05-07T01:35:48.454205+00:00,HyTkdC8bhCg,16,0,0,5739,5755,270,270,15,15,False,False,False,False
2026-05-07T01:35:48.454205+00:00,FjxyqtLuh_M,11,0,0,7425,7436,337,337,20,20,False,False,False,False
2026-05-07T01:35:48.454205+00:00,sPHe-L95K0o,6,0,0,1771,1777,29,29,10,10,False,False,False,False
2026-05-07T01:35:48.454205+00:00,KW2YQ1C0ECs,7,0,0,698,705,68,68,21,21,False,False,False,False
2026-05-07T01:35:48.454205+00:00,2q62qBqugJE,0,0,-1,913,913,90,90,63,62,False,False,False,False
2026-05-07T01:35:48.454205+00:00,wFTojQEC2eE,6,1,0,1236,1242,102,103,31,31,False,False,False,False
2026-05-07T01:35:48.454205+00:00,zj0BKLv9r8Y,960,38,2,102828,103788,4149,4187,603,605,False,False,False,False
2026-05-07T01:35:48.454205+00:00,kijJaXVri7Q,9142,430,1,778327,787469,51395,51825,1478,1479,False,False,False,False
2026-05-07T01:35:48.454205+00:00,UUzxEVhRQgQ,2829,227,5,735489,738318,63326,63553,2376,2381,False,False,False,False
2026-05-07T01:35:48.454205+00:00,tbvteFr4SPQ,7586,362,16,1427417,1435003,86269,86631,7464,7480,False,False,False,False
2026-05-07T01:35:48.454205+00:00,_9bYQ2tvc_s,1597,125,1,241388,242985,17903,18028,581,582,False,False,False,False
2026-05-07T01:35:48.454205+00:00,3skIuC1lP00,23,0,0,13970,13993,715,715,19,19,False,False,False,False
2026-05-07T01:35:48.454205+00:00,L8_m7pOI2-A,387,14,0,87266,87653,4096,4110,442,442,False,False,False,False
2026-05-07T01:35:48.454205+00:00,-6t20SnbOyc,244,16,0,75606,75850,4298,4314,222,222,False,False,False,False
2026-05-07T01:35:48.454205+00:00,9dIy1d0jmXw,54,3,0,12076,12130,464,467,59,59,False,False,False,False
2026-05-07T01:35:48.454205+00:00,TfojYStTlZE,2017,183,3,116738,118755,12244,12427,673,676,False,False,False,False
2026-05-07T01:35:48.454205+00:00,EnLpF9i3I4I,19,2,0,6536,6555,442,444,4,4,False,False,False,False
2026-05-07T01:35:48.454205+00:00,0YCyZKuGPmA,26,2,0,8526,8552,579,581,9,9,False,False,False,False
2026-05-07T01:35:48.454205+00:00,7y8W9bita7o,9,1,0,4520,4529,357,358,7,7,False,False,False,False
2026-05-07T01:35:48.454205+00:00,5cynqLNd1gA,9,0,0,5116,5125,478,478,10,10,False,False,False,False
2026-05-07T01:35:48.454205+00:00,5ov8sBSV-pc,89,11,1,5468,5557,397,408,16,17,False,False,False,False
2026-05-07T01:35:48.454205+00:00,rg1PhRvmFXk,17,2,0,3992,4009,453,455,17,17,False,False,False,False
2026-05-07T01:35:48.454205+00:00,TUSbI3pqiCM,444,23,0,21109,21553,1471,1494,27,27,False,False,False,False
2026-05-07T01:35:48.454205+00:00,kf9ghd5-VII,519,24,0,260193,260712,18902,18926,895,895,False,False,False,False
2026-05-07T01:35:48.454205+00:00,dVb9vyCwM2s,287,15,0,192070,192357,11971,11986,503,503,False,False,False,False
2026-05-07T01:35:48.454205+00:00,ZOPXzlpBVoM,216,9,0,118406,118622,7530,7539,601,601,False,False,False,False
2026-05-07T01:35:48.454205+00:00,dYJM9jmLBzY,118,13,0,163762,163880,16968,16981,799,799,False,False,False,False
2026-05-07T01:35:48.454205+00:00,CZe8DucT3qA,169,6,1,245573,245742,17542,17548,1006,1007,False,False,False,False
2026-05-07T01:35:48.454205+00:00,H3lUaL6-XQQ,1103,49,1,201067,202170,11737,11786,659,660,False,False,False,False
2026-05-07T01:35:48.454205+00:00,X9fGa-F_ars,293,10,0,159306,159599,10891,10901,453,453,False,False,False,False
2026-05-07T01:35:48.454205+00:00,5ymn2oV1Zls,54,3,0,305758,305812,20689,20692,1133,1133,False,False,False,False
2026-05-07T01:35:48.454205+00:00,39czcByvq7c,8890,128,21,713513,722403,15201,15329,1583,1604,False,False,False,False
2026-05-07T01:35:48.454205+00:00,EGTF9mGda4U,2395,93,1,570987,573382,31034,31127,397,398,False,False,False,False
2026-05-07T01:35:48.454205+00:00,vNXFk8iGHk8,5180,129,0,615460,620640,30472,30601,333,333,False,False,False,False
2026-05-07T01:35:48.454205+00:00,wEb6ULf3TzU,1678,56,1,580952,582630,37735,37791,467,468,False,False,False,False
2026-05-07T01:35:48.454205+00:00,wy3a_xJI3so,5005,150,1,900308,905313,51688,51838,651,652,False,False,False,False
2026-05-07T01:35:48.454205+00:00,DYkyYUjOZTk,7194,228,-44,1649454,1656648,88958,89186,548,504,False,False,False,False
2026-05-07T01:35:48.454205+00:00,gdjCR9h1yGc,10949,297,-20,2560003,2570952,139430,139727,2362,2342,False,False,False,False
2026-05-07T01:35:48.454205+00:00,W41XcEogOB0,17548,573,3,3716639,3734187,167588,168161,1473,1476,False,False,False,False
2026-05-07T01:35:48.454205+00:00,dhbt8y_LXQY,1506,31,0,518498,520004,25275,25306,337,337,False,False,False,False
2026-05-07T01:35:48.454205+00:00,aZVcAlzBIp4,4587,74,4,785383,789970,15235,15309,1287,1291,False,False,False,False
2026-05-07T01:35:48.454205+00:00,Hk-ARbCTKzM,23021,922,1,5574013,5597034,242912,243834,1299,1300,False,False,False,False
2026-05-07T01:35:48.454205+00:00,KGeCwEOLPGE,4590,155,1,2033689,2038279,118009,118164,643,644,False,False,False,False
2026-05-07T01:35:48.454205+00:00,eBbqRceO2qY,5827,232,1,1383287,1389114,73604,73836,1132,1133,False,False,False,False
2026-05-07T01:35:48.454205+00:00,UPbaPjDGQIE,13192,497,2,2408675,2421867,124488,124985,1189,1191,False,False,False,False
2026-05-07T01:35:48.454205+00:00,fpmYvXCzO1c,2496,71,-5,1222079,1224575,65500,65571,994,989,False,False,False,False
2026-05-07T01:35:48.454205+00:00,XfY_L8MLOsU,1232,26,2,400954,402186,17592,17618,240,242,False,False,False,False
2026-05-07T01:35:48.454205+00:00,rk2b7fH_Gcc,778,37,0,50298,51076,3980,4017,194,194,False,False,False,False
2026-05-07T01:35:48.454205+00:00,31t_CBePs34,5357,226,2,1173587,1178944,46591,46817,678,680,False,False,False,False
2026-05-07T01:35:48.454205+00:00,ktkpd9A8MD8,8377,329,18,515203,523580,29257,29586,1663,1681,False,False,False,False
2026-05-07T01:35:48.454205+00:00,vmRbevilfpU,78515,1931,9,7526589,7605104,246055,247986,1685,1694,False,False,False,False
2026-05-07T01:35:48.454205+00:00,NLrfMQ0dqpQ,6,0,0,3333,3339,236,236,111,111,False,False,False,False
2026-05-07T01:35:48.454205+00:00,W1js1spTUPs,16,1,0,2743,2759,61,62,1,1,False,False,False,False
2026-05-07T01:35:48.454205+00:00,ZVnXmeZZDw0,11,0,0,4261,4272,95,95,3,3,False,False,False,False
2026-05-07T01:35:48.454205+00:00,OHGtOI47r4M,5,-1,0,5491,5496,160,159,2,2,False,False,False,False
2026-05-07T01:35:48.454205+00:00,NkWtrW-9GDY,159,9,0,6647,6806,410,419,20,20,False,False,False,False
2026-05-07T01:35:48.454205+00:00,uZ6Nbwp8GtU,63,1,0,11215,11278,544,545,15,15,False,False,False,False
2026-05-07T01:35:48.454205+00:00,jjSaUeqJi4s,83,1,0,17800,17883,490,491,33,33,False,False,False,False
2026-05-07T01:35:48.454205+00:00,K38w2QlgHPQ,99,3,0,12799,12898,712,715,26,26,False,False,False,False
2026-05-07T01:35:48.454205+00:00,U14_qm5y38o,788,28,1,121053,121841,5596,5624,256,257,False,False,False,False
2026-05-07T01:35:48.454205+00:00,T34ygnCahZc,226,7,2,41347,41573,1416,1423,113,115,False,False,False,False
2026-05-07T01:35:48.454205+00:00,S3JuEF7RQ5k,311,9,0,64622,64933,1792,1801,47,47,False,False,False,False
2026-05-07T01:35:48.454205+00:00,xUWqMdypNsM,57,3,0,14078,14135,791,794,29,29,False,False,False,False
2026-05-07T01:35:48.454205+00:00,pe_HkAV9yJM,32,0,0,14320,14352,682,682,18,18,False,False,False,False
2026-05-07T01:35:48.454205+00:00,qGa8y4tPUkc,8,0,0,4138,4146,460,460,44,44,False,False,False,False
2026-05-07T01:35:48.454205+00:00,wnoSOSgBNHk,278,8,0,40639,40917,1485,1493,43,43,False,False,False,False
2026-05-07T01:35:48.454205+00:00,IiPyKNs5dtg,3,1,0,3529,3532,144,145,13,13,False,False,False,False
2026-05-07T01:35:48.454205+00:00,1WQetpMA8-k,22,0,0,6777,6799,294,294,13,13,False,False,False,False
2026-05-07T01:35:48.454205+00:00,bFO0uAMPx1g,308,1,0,64086,64394,1612,1613,261,261,False,False,False,False
2026-05-07T01:35:48.454205+00:00,evVs-Jtor50,48,0,0,59654,59702,1738,1738,303,303,False,False,False,False
2026-05-07T01:35:48.454205+00:00,g8NWmUdMh_E,12,0,1,20699,20711,312,312,27,28,False,False,False,False
2026-05-07T01:35:48.454205+00:00,ITT9xWeicWM,22,0,0,54167,54189,1408,1408,198,198,False,False,False,False
2026-05-07T01:35:48.454205+00:00,i6WQdQsE0kc,3,0,0,10477,10480,216,216,20,20,False,False,False,False
2026-05-07T01:35:48.454205+00:00,hrIY-clbdg8,3,0,0,82660,82663,1898,1898,362,362,False,False,False,False
2026-05-07T01:35:48.454205+00:00,95KqKaDsIAM,756,18,0,46370,47126,2014,2032,109,109,False,False,False,False
2026-05-07T01:35:48.454205+00:00,F4ZxeuNDoUw,1,0,0,12110,12111,520,520,22,22,False,False,False,False
2026-05-07T01:35:48.454205+00:00,oeymdn1d4qg,1,0,0,7462,7463,600,600,30,30,False,False,False,False
2026-05-07T01:35:48.454205+00:00,5BbGrGFI2gQ,13,1,0,14279,14292,2409,2410,34,34,False,False,False,False
2026-05-07T01:35:48.454205+00:00,ERxzxl6fXbw,39,1,0,14962,15001,955,956,19,19,False,False,False,False
2026-05-07T01:35:48.454205+00:00,nxCFXdIgxmw,0,0,0,9668,9668,451,451,37,37,False,False,False,False
2026-05-07T01:35:48.454205+00:00,8MhnMHlXk7Q,1,0,0,5320,5321,360,360,34,34,False,False,False,False
2026-05-07T01:35:48.454205+00:00,OkVrrVAG9yg,76,5,0,33141,33217,2602,2607,490,490,False,False,False,False
2026-05-07T01:35:48.454205+00:00,nOR-IY0SnEY,109,14,2,41477,41586,2583,2597,167,169,False,False,False,False
2026-05-07T01:35:48.454205+00:00,seu69-hMmGw,28,3,1,12715,12743,1138,1141,106,107,False,False,False,False
2026-05-07T01:35:48.454205+00:00,oXKkhajzwgE,112,11,0,15627,15739,1262,1273,124,124,False,False,False,False
2026-05-07T01:35:48.454205+00:00,rWwPAnF8Qeo,0,0,0,8864,8864,582,582,98,98,False,False,False,False
2026-05-07T01:35:48.454205+00:00,XvLttG6zZck,0,0,0,15897,15897,725,725,92,92,False,False,False,False
2026-05-07T01:35:48.454205+00:00,6_o0OElprPo,10,0,0,2278,2288,100,100,28,28,False,False,False,False
2026-05-07T01:35:48.454205+00:00,d4AaggbJACU,0,0,0,1107,1107,103,103,2,2,False,False,False,False
2026-05-07T01:35:48.454205+00:00,jr8lgZvzA34,3,0,0,8020,8023,203,203,51,51,False,False,False,False
2026-05-07T01:35:48.454205+00:00,yqwGsf5XVkI,4,0,0,6084,6088,250,250,67,67,False,False,False,False
2026-05-07T01:35:48.454205+00:00,_O6ICkmg1Zg,53,0,1,11431,11484,301,301,9,10,False,False,False,False
2026-05-07T01:35:48.454205+00:00,Zqmsoqo2fJs,24,1,0,4893,4917,238,239,5,5,False,False,False,False
2026-05-07T01:35:48.454205+00:00,2FdfXwODkr4,53,2,0,26492,26545,613,615,11,11,False,False,False,False
2026-05-07T01:35:48.454205+00:00,HgD5P0gQxOk,26,1,0,12233,12259,283,284,5,5,False,False,False,False
2026-05-07T01:35:48.454205+00:00,woNfdYrmVGw,17,0,0,10779,10796,350,350,3,3,False,False,False,False
2026-05-07T01:35:48.454205+00:00,sujVZ7316qo,21,0,0,17413,17434,468,468,6,6,False,False,False,False
2026-05-07T01:35:48.454205+00:00,vcL1MMmXeO8,19,0,0,10487,10506,230,230,6,6,False,False,False,False
2026-05-07T01:35:48.454205+00:00,T7_l896OH20,1738,150,15,311693,313431,31818,31968,4463,4478,False,False,False,False
2026-05-07T01:35:48.454205+00:00,0SSctcuOy0o,88,5,0,24158,24246,1824,1829,82,82,False,False,False,False
2026-05-07T01:35:48.454205+00:00,-IhdnUzV64Y,594,34,0,175023,175617,12007,12041,914,914,False,False,False,False
2026-05-07T01:35:48.454205+00:00,4RmcHqjzw-A,35,4,0,12198,12233,1076,1080,307,307,False,False,False,False
2026-05-07T01:35:48.454205+00:00,er7v-GJj_V0,9084,429,17,556796,565880,35839,36268,1962,1979,False,False,False,False
2026-05-07T01:35:48.454205+00:00,-pNi4dh7VFo,1164,82,1,392987,394151,23140,23222,403,404,False,False,False,False
2026-05-07T01:35:48.454205+00:00,EXOQ7vN2NXk,292,13,1,24675,24967,1136,1149,100,101,False,False,False,False
2026-05-07T01:35:48.454205+00:00,L7fVqlOzegQ,141,0,0,61859,62000,2965,2965,158,158,False,False,False,False
2026-05-07T01:35:48.454205+00:00,DWt3zfqtI6g,56,2,0,14620,14676,453,455,10,10,False,False,False,False
2026-05-07T01:35:48.454205+00:00,pVwkpXd5PCA,49,2,0,17611,17660,450,452,9,9,False,False,False,False
2026-05-07T01:35:48.454205+00:00,LLK879SXq_w,7502,88,24,248344,255846,4174,4262,783,807,False,False,False,False
2026-05-07T01:35:48.454205+00:00,VvBy9AkhR2w,11,1,0,5580,5591,193,194,3,3,False,False,False,False
2026-05-07T01:35:48.454205+00:00,ax0ogeQpq3E,19,0,0,17891,17910,810,810,21,21,False,False,False,False
2026-05-07T01:35:48.454205+00:00,H1fy1Brpa3Q,3,0,0,9306,9309,486,486,18,18,False,False,False,False
2026-05-07T01:35:48.454205+00:00,erf6YdpSakA,5,0,0,12165,12170,403,403,5,5,False,False,False,False
2026-05-07T01:35:48.454205+00:00,RNi5EAKHQ_I,6,0,0,4501,4507,128,128,4,4,False,False,False,False
2026-05-07T01:35:48.454205+00:00,oqoBSeL5GIU,824,16,0,302362,303186,11523,11539,631,631,False,False,False,False
2026-05-07T01:35:48.454205+00:00,PnpHwhTWw0c,32792,475,27,1545254,1578046,30893,31368,2743,2770,False,False,False,False
2026-05-07T01:35:48.454205+00:00,tUmd3tWCDKs,959,18,0,158175,159134,3726,3744,179,179,False,False,False,False
2026-05-07T01:35:48.454205+00:00,8hN5PF2oXGs,505,12,0,192298,192803,5192,5204,84,84,False,False,False,False
2026-05-07T01:35:48.454205+00:00,3OUrr_2UCYs,1143,35,1,962983,964126,24205,24240,707,708,False,False,False,False
2026-05-07T01:35:48.454205+00:00,m-nnyNZ0TQ0,18119,322,11,2109990,2128109,42893,43215,2768,2779,False,False,False,False
2026-05-07T01:35:48.454205+00:00,cdOcjUyQr8A,557,25,0,195685,196242,8264,8289,174,174,False,False,False,False
2026-05-07T01:35:48.454205+00:00,XsY6iChNzf0,10001,201,0,1115134,1125135,33551,33752,293,293,False,False,False,False
2026-05-07T01:35:48.454205+00:00,VsLOWe6VuyQ,1070,23,1,742277,743347,20143,20166,1182,1183,False,False,False,False
2026-05-07T01:35:48.454205+00:00,3era1_feC3U,5794,107,0,1041534,1047328,29293,29400,226,226,False,False,False,False
2026-05-07T01:35:48.454205+00:00,XFpBgNMBNNI,783,32,0,342081,342864,14438,14470,800,800,False,False,False,False
2026-05-07T01:35:48.454205+00:00,BdUzhVM5w1U,14463,223,0,2553897,2568360,68523,68746,632,632,False,False,False,False
2026-05-07T01:35:48.454205+00:00,ERWIJPTNZVM,16383,425,10,1144797,1161180,39347,39772,1548,1558,False,False,False,False
2026-05-07T01:35:48.454205+00:00,PoHZWjU54jY,37399,961,7,2207080,2244479,78398,79359,588,595,False,False,False,False
2026-05-07T01:35:48.454205+00:00,DSRfs1qKWR0,2530,47,2,458474,461004,13968,14015,924,926,False,False,False,False
2026-05-07T01:35:48.454205+00:00,GXeBi91SkIw,7387,258,13,662446,669833,27449,27707,1783,1796,False,False,False,False
2026-05-07T01:35:48.454205+00:00,YPboGQjMxNY,2775,44,0,313932,316707,7283,7327,148,148,False,False,False,False
2026-05-07T01:35:48.454205+00:00,F1gM7N-WXdU,2062,44,0,388439,390501,13555,13599,943,943,False,False,False,False
2026-05-07T01:35:48.454205+00:00,8QsAx7s9PmQ,6756,78,0,1365365,1372121,33728,33806,455,455,False,False,False,False
2026-05-07T01:35:48.454205+00:00,9QKOkpu78CQ,257,17,0,98184,98441,7792,7809,132,132,False,False,False,False
2026-05-07T01:35:48.454205+00:00,rc-xQnupse0,9558,98,5,497390,506948,14048,14146,638,643,False,False,False,False
2026-05-07T01:35:48.454205+00:00,z-7AhJ55htQ,430,8,0,410477,410907,13392,13400,870,870,False,False,False,False
2026-05-07T01:35:48.454205+00:00,B18aH00d8oE,465,4,0,281158,281623,12287,12291,767,767,False,False,False,False
2026-05-07T01:35:48.454205+00:00,2JhSWzxzLXA,792,9,0,209248,210040,8118,8127,599,599,False,False,False,False
2026-05-07T01:35:48.454205+00:00,z7Qp9Q_Br88,12171,543,12,679105,691276,36199,36742,893,905,False,False,False,False
2026-05-07T01:35:48.454205+00:00,FZbMPtLRr00,3572,82,5,582312,585884,22063,22145,873,878,False,False,False,False
2026-05-07T01:35:48.454205+00:00,dl0-TveDDGA,17831,609,7,1878677,1896508,90227,90836,3385,3392,False,False,False,False
2026-05-07T01:35:48.454205+00:00,FYMdllTCrc0,10072,250,7,856645,866717,28947,29197,986,993,False,False,False,False
2026-05-07T01:35:48.454205+00:00,Su0aCV35IFM,54141,1532,15,5545699,5599840,217778,219310,1845,1860,False,False,False,False
2026-05-07T01:35:48.454205+00:00,pUlUgkaTQZg,26695,927,6,1810905,1837600,90602,91529,975,981,False,False,False,False
2026-05-07T01:35:48.454205+00:00,dNNyCZwEa6k,13644,692,4,2486971,2500615,165147,165839,1882,1886,False,False,False,False
2026-05-07T01:35:48.454205+00:00,vgwG6e9TFcw,10797,485,6,1591616,1602413,81610,82095,1318,1324,False,False,False,False
2026-05-07T01:35:48.454205+00:00,Cr7oGnSzmb4,23192,796,2,2052473,2075665,101721,102517,584,586,False,False,False,False
2026-05-07T01:35:48.454205+00:00,XeN7wKfDOPk,796,25,0,158828,159624,9284,9309,1590,1590,False,False,False,False
2026-05-07T01:35:48.454205+00:00,Ff0AYRWrnGY,533,17,-2,192592,193125,12161,12178,2685,2683,False,False,False,False
2026-05-07T01:35:48.454205+00:00,U4gpio58908,264,8,0,238662,238926,12271,12279,1436,1436,False,False,False,False
2026-05-07T01:35:48.454205+00:00,WEnvorobhEE,776,27,2,697869,698645,33711,33738,8190,8192,False,False,False,False
2026-05-07T01:35:48.454205+00:00,kH_bSvf7EVA,7375,224,36,501549,508924,22673,22897,3192,3228,False,False,False,False
2026-05-07T01:35:48.454205+00:00,QfUb5MEAOXA,5807,108,11,622500,628307,19521,19629,1434,1445,False,False,False,False
2026-05-07T01:35:48.454205+00:00,J7ieKmP96Hc,2609,77,3,916534,919143,29256,29333,1102,1105,False,False,False,False
2026-05-07T01:35:48.454205+00:00,NuoEsHIW5JA,245,11,0,90365,90610,3379,3390,135,135,False,False,False,False
2026-05-07T01:35:48.454205+00:00,Cd5EHfRerGI,750,39,1,221067,221817,16325,16364,2105,2106,False,False,False,False
2026-05-07T01:35:48.454205+00:00,IBBboS2nK3c,19,0,0,3859,3878,121,121,3,3,False,False,False,False
2026-05-07T01:35:48.454205+00:00,iS1jGgfO9Z0,9,1,0,6242,6251,416,417,5,5,False,False,False,False
2026-05-07T01:35:48.454205+00:00,0dwlHNDdn2s,30,0,0,14546,14576,727,727,4,4,False,False,False,False
2026-05-07T01:35:48.454205+00:00,if955Z_s4Ts,10853,188,3,331552,342405,7113,7301,64,67,False,False,False,False
2026-05-07T01:35:48.454205+00:00,1VSBgPn28zA,1298,37,0,129293,130591,6272,6309,40,40,False,False,False,False
2026-05-07T01:35:48.454205+00:00,_dASAu79K0s,127,6,0,34747,34874,2180,2186,19,19,False,False,False,False
2026-05-07T01:35:48.454205+00:00,Hs6RxFMX1i4,89,4,0,22895,22984,937,941,15,15,False,False,False,False
2026-05-07T01:35:48.454205+00:00,cnCEUFzWspI,274,1,0,45323,45597,1335,1336,6,6,False,False,False,False
2026-05-07T01:35:48.454205+00:00,kLJNcHqVmJA,394,14,0,12523,12917,639,653,24,24,False,False,False,False
2026-05-07T01:35:48.454205+00:00,UWRxdKxuOb8,44,1,0,15631,15675,1040,1041,18,18,False,False,False,False
2026-05-07T01:35:48.454205+00:00,kXenRXelpKs,836,40,0,50416,51252,2580,2620,41,41,False,False,False,False
2026-05-07T01:35:48.454205+00:00,VVfMO6SJZLw,537,24,0,38688,39225,1871,1895,180,180,False,False,False,False
2026-05-07T01:35:48.454205+00:00,ieJE93iObcI,39,1,0,3538,3577,204,205,13,13,False,False,False,False
2026-05-07T01:35:48.454205+00:00,YhNUPGphSM8,2482,109,2,119892,122374,7781,7890,328,330,False,False,False,False
2026-05-07T01:35:48.454205+00:00,CF4oRpaLSqw,28,1,0,6820,6848,287,288,9,9,False,False,False,False
2026-05-07T01:35:48.454205+00:00,RVu1kgj-miw,4,0,0,10375,10379,667,667,45,45,False,False,False,False
2026-05-07T01:35:48.454205+00:00,_QHAqfILwPk,13,0,0,3852,3865,90,90,1,1,False,False,False,False
2026-05-07T01:35:48.454205+00:00,o8YcWD2ri9U,919,16,8,71220,72139,4639,4655,527,535,False,False,False,False
2026-05-07T01:35:48.454205+00:00,sncgYGQt1T8,44,1,0,9570,9614,391,392,12,12,False,False,False,False
2026-05-07T01:35:48.454205+00:00,67JREKwyixk,53,1,0,8783,8836,257,258,2,2,False,False,False,False
2026-05-07T01:35:48.454205+00:00,D3h2gmgCBFg,9,0,0,2231,2240,83,83,1,1,False,False,False,False
2026-05-07T01:35:48.454205+00:00,Um1DSnUqmko,55,1,0,11439,11494,302,303,1,1,False,False,False,False
2026-05-07T01:35:48.454205+00:00,HVPhcOmSMtM,579,15,0,18420,18999,509,524,60,60,False,False,False,False
2026-05-07T01:35:48.454205+00:00,TAJkbsNrZuM,2,0,0,968,970,52,52,0,0,False,False,False,False
2026-05-07T01:35:48.454205+00:00,GfSGy5C1OIA,55,1,0,17829,17884,831,832,8,8,False,False,False,False
2026-05-07T01:35:48.454205+00:00,9oVPXnEkegY,1954,45,1,48739,50693,1845,1890,239,240,False,False,False,False
2026-05-07T01:35:48.454205+00:00,51dULrDA8E8,183,13,0,17784,17967,1389,1402,19,19,False,False,False,False
2026-05-07T01:35:48.454205+00:00,AYIqxqyY-es,11,1,0,5150,5161,442,443,87,87,False,False,False,False
2026-05-07T01:35:48.454205+00:00,qey62i2fvg0,1088,19,0,70073,71161,1858,1877,33,33,False,False,False,False
2026-05-07T01:35:48.454205+00:00,5fKeNMp7F6s,139,3,0,26935,27074,661,664,5,5,False,False,False,False
2026-05-07T01:35:48.454205+00:00,a9T6IRpz31E,21327,584,23,936599,957926,33180,33764,1207,1230,False,False,False,False
2026-05-07T01:35:48.454205+00:00,ZAmCJoz4c4w,5338,80,1,505969,511307,11280,11360,222,223,False,False,False,False
2026-05-07T01:35:48.454205+00:00,s6XPoPYDn-Y,17409,395,3,1333558,1350967,40016,40411,413,416,False,False,False,False
2026-05-07T01:35:48.454205+00:00,PQOKPfU-zIs,6,0,0,3882,3888,224,224,4,4,False,False,False,False
2026-05-07T01:35:48.454205+00:00,7A5KHuRU8BE,4,0,0,3417,3421,179,179,7,7,False,False,False,False
2026-05-07T01:35:48.454205+00:00,AMpe2jD0lZw,3,0,0,5807,5810,393,393,3,3,False,False,False,False
2026-05-07T01:35:48.454205+00:00,yawQxLw0K08,6,0,0,7184,7190,666,666,4,4,False,False,False,False
2026-05-07T01:35:48.454205+00:00,mT-7tbs7rVw,9,0,0,17712,17721,1020,1020,20,20,False,False,False,False
2026-05-07T01:35:48.454205+00:00,8mnzaIML2AM,4,0,0,2702,2706,206,206,4,4,False,False,False,False
2026-05-07T01:35:48.454205+00:00,XoY4BiK1WW8,2,0,0,5059,5061,211,211,3,3,False,False,False,False
2026-05-07T01:35:48.454205+00:00,_SdzVNht_nU,681,44,0,11745,12426,773,817,24,24,False,False,False,False
2026-05-07T01:35:48.454205+00:00,1t2Yd_bmg_k,10,0,0,9370,9380,562,562,5,5,False,False,False,False
2026-05-07T01:35:48.454205+00:00,MlSS4ZqvJuA,44,2,1,28963,29007,1685,1687,36,37,False,False,False,False
2026-05-07T01:35:48.454205+00:00,BnAKfe0qGbE,43,2,0,13022,13065,919,921,6,6,False,False,False,False
2026-05-07T01:35:48.454205+00:00,TLdMXZSABH8,125,1,0,10954,11079,455,456,24,24,False,False,False,False
2026-05-07T01:35:48.454205+00:00,R1iBWKeX42I,28,1,0,5271,5299,415,416,6,6,False,False,False,False
2026-05-07T01:35:48.454205+00:00,v3JV42WbomE,484,25,0,27706,28190,1248,1273,72,72,False,False,False,False
2026-05-07T01:35:48.454205+00:00,sqXsMACtso0,148,3,0,27377,27525,2611,2614,43,43,False,False,False,False
2026-05-07T01:35:48.454205+00:00,RWGr8LwG3TY,3679,180,13,123090,126769,8670,8850,717,730,False,False,False,False
2026-05-07T01:35:48.454205+00:00,_jxLMMcKmRQ,964,44,0,379403,380367,23243,23287,93,93,False,False,False,False
2026-05-07T01:35:48.454205+00:00,yzajLZXh9JU,296,17,3,42144,42440,2402,2419,204,207,False,False,False,False
2026-05-07T01:35:48.454205+00:00,FdFgh2vQp8I,0,0,0,904,904,27,27,0,0,False,False,False,False
2026-05-07T01:35:48.454205+00:00,Jr9Xm5f44NQ,151,3,0,14189,14340,797,800,16,16,False,False,False,False
2026-05-07T01:35:48.454205+00:00,Ju0usucry_g,244,2,0,21648,21892,368,370,14,14,False,False,False,False
2026-05-07T01:35:48.454205+00:00,kkQDCTCcgC0,-1,0,0,4654,4653,326,326,5,5,False,False,False,False
2026-05-07T01:35:48.454205+00:00,61fk5yAs7Jw,2,0,0,4879,4881,275,275,0,0,False,False,False,False
2026-05-07T01:35:48.454205+00:00,ys1zQyiLrMc,20,1,0,7336,7356,367,368,3,3,False,False,False,False
2026-05-07T01:35:48.454205+00:00,rYKQ0Ukxe6k,100,2,0,20210,20310,834,836,36,36,False,False,False,False
2026-05-07T01:35:48.454205+00:00,fKtG9uPeMCc,979,62,67,47427,48406,3582,3644,306,373,False,False,False,False
2026-05-07T01:35:48.454205+00:00,yy_J5fdELm0,2911,162,43,123266,126177,8251,8413,2028,2071,False,False,False,False
2026-05-07T01:35:48.454205+00:00,nnKkk3CpLes,594,28,4,76513,77107,3645,3673,364,368,False,False,False,False
2026-05-07T01:35:48.454205+00:00,oOLYgK6RqS4,27,5,4,4243,4270,500,505,103,107,False,False,False,False
2026-05-07T01:35:48.454205+00:00,5YKhtb3DNNo,9200,578,40,782318,791518,63559,64137,6325,6365,False,False,False,False
2026-05-07T01:35:48.454205+00:00,MWrMtRjLhjk,567,28,0,203933,204500,13266,13294,1225,1225,False,False,False,False
2026-05-07T01:35:48.454205+00:00,ndkH5fZSIvs,5086,144,1,1018815,1023901,58434,58578,402,403,False,False,False,False
2026-05-07T01:35:48.454205+00:00,8fIRAhGGRgA,2144,87,0,277205,279349,13336,13423,280,280,False,False,False,False
2026-05-07T01:35:48.454205+00:00,pS5AOr4B7hg,10,-1,0,3366,3376,173,172,3,3,False,False,False,False
2026-05-07T01:35:48.454205+00:00,6XxQMeqG1P4,339,8,1,32734,33073,1286,1294,209,210,False,False,False,False
2026-05-07T01:35:48.454205+00:00,n1G2FQ0UEqc,703,17,0,71520,72223,1943,1960,95,95,False,False,False,False
2026-05-07T01:35:48.454205+00:00,NAooB35YkHA,43,0,0,5605,5648,231,231,10,10,False,False,False,False
2026-05-07T01:35:48.454205+00:00,CzIJ566XexE,72,3,0,12123,12195,441,444,3,3,False,False,False,False
2026-05-07T01:35:48.454205+00:00,eOI7WQIEX1Y,33165,1270,79,1676335,1709500,89964,91234,7767,7846,False,False,False,False
2026-05-07T01:35:48.454205+00:00,Rvy2kXZpBtM,2569,61,1,39480,42049,1021,1082,14,15,False,False,False,False
2026-05-07T01:35:48.454205+00:00,oOCN30ulVyo,7326,193,16,204932,212258,7766,7959,403,419,False,False,False,False
2026-05-07T01:35:48.454205+00:00,SvLaz6y-mhs,20,0,0,25117,25137,629,629,7,7,False,False,False,False
2026-05-07T01:35:48.454205+00:00,dU5sDKcwN9E,13958,651,9,448160,462118,21700,22351,295,304,False,False,False,False
2026-05-07T01:35:48.454205+00:00,4at2bVIhLgc,10069,221,4,698644,708713,22018,22239,891,895,False,False,False,False
2026-05-07T01:35:48.454205+00:00,iBpxQpktHN4,19740,309,1,2059136,2078876,56537,56846,347,348,False,False,False,False
2026-05-07T01:35:48.454205+00:00,mbGPgjXCx24,678,16,0,291659,292337,11301,11317,768,768,False,False,False,False
2026-05-07T01:35:48.454205+00:00,-uUlnDjQxhg,1825,41,3,383209,385034,14189,14230,951,954,False,False,False,False
2026-05-07T01:35:48.454205+00:00,sj1y9FDJKCM,675,29,2,64014,64689,3484,3513,184,186,False,False,False,False
2026-05-07T01:35:48.454205+00:00,ND9eyW5Fw0s,326,22,5,40503,40829,4077,4099,871,876,False,False,False,False
2026-05-07T01:35:48.454205+00:00,JWOErbTL9N4,13459,331,14,556290,569749,24064,24395,1364,1378,False,False,False,False
2026-05-07T01:35:48.454205+00:00,HyWpbCUdCr8,28,2,0,6183,6211,267,269,5,5,False,False,False,False
2026-05-07T01:35:48.454205+00:00,IldLswg2yAM,2627,82,4,30378,33005,824,906,59,63,False,False,False,False
2026-05-07T01:35:48.454205+00:00,siKdeoxrxIA,39,0,0,18274,18313,839,839,24,24,False,False,False,False
2026-05-07T01:35:48.454205+00:00,shgZ8WYcC6k,105,4,0,24533,24638,1626,1630,10,10,False,False,False,False
2026-05-07T01:35:48.454205+00:00,9VyCOVdFpL8,377,3,0,138921,139298,3749,3752,22,22,False,False,False,False
2026-05-07T01:35:48.454205+00:00,uHXjo7DUAAM,97,2,0,14285,14382,685,687,6,6,False,False,False,False
2026-05-07T01:35:48.454205+00:00,lE7rIBv-nV8,86,5,0,17882,17968,595,600,4,4,False,False,False,False
2026-05-07T01:35:48.454205+00:00,Lnhy0tZ8SUI,265,7,0,59767,60032,2269,2276,7,7,False,False,False,False
2026-05-07T01:35:48.454205+00:00,lWQY5zccbQs,65,0,0,25363,25428,899,899,38,38,False,False,False,False
2026-05-07T01:35:48.454205+00:00,hCNT8hK1T98,1,1,0,1223,1224,51,52,0,0,False,False,False,False
2026-05-07T01:35:48.454205+00:00,I66LDF9iWts,0,0,0,117,117,11,11,0,0,False,False,False,False
2026-05-07T01:35:48.454205+00:00,xAJcbx5h6wE,1,1,0,2850,2851,74,75,0,0,False,False,False,False
2026-05-07T01:35:48.454205+00:00,96k8OXI58Ko,3,0,0,2051,2054,184,184,4,4,False,False,False,False
2026-05-07T01:35:48.454205+00:00,FHeTJmwxo5s,9,-1,0,1609,1618,154,153,2,2,False,False,False,False
2026-05-07T01:35:48.454205+00:00,Vd3Pkc0YGrM,4,1,0,9069,9073,352,353,1,1,False,False,False,False
2026-05-07T01:35:48.454205+00:00,_BhjwaNE8mc,20,2,0,7567,7587,855,857,17,17,False,False,False,False
2026-05-07T01:35:48.454205+00:00,Qyf99inRvDE,9,0,0,3296,3305,178,178,1,1,False,False,False,False
2026-05-07T01:35:48.454205+00:00,XjAeQOmdNFU,117,3,1,22485,22602,728,731,31,32,False,False,False,False
2026-05-07T01:35:48.454205+00:00,UPYFbiBv8H4,10,2,0,1375,1385,101,103,3,3,False,False,False,False
2026-05-07T01:35:48.454205+00:00,_XyunBBcVXY,2,0,0,544,546,21,21,10,10,False,False,False,False
2026-05-07T01:35:48.454205+00:00,pGGJHrxn1VU,23,0,0,22235,22258,787,787,0,0,False,False,False,False
2026-05-07T01:35:48.454205+00:00,fwUWAoSeg2g,8777,187,12,294120,302897,8199,8386,779,791,False,False,False,False
2026-05-07T01:35:48.454205+00:00,Xbang1Y_jbA,147,1,0,21148,21295,561,562,5,5,False,False,False,False
2026-05-07T01:35:48.454205+00:00,bM3ojc2bhdA,37,6,0,2434,2471,340,346,35,35,False,False,False,False
2026-05-07T01:35:48.454205+00:00,2gFNJ6_ogzg,884,34,3,79758,80642,3755,3789,229,232,False,False,False,False
2026-05-07T01:35:48.454205+00:00,jcfifYFAdpM,18,2,0,8644,8662,1075,1077,38,38,False,False,False,False
2026-05-07T01:35:48.454205+00:00,6q2ptE-BXIc,3,1,1,2215,2218,217,218,14,15,False,False,False,False
2026-05-07T01:35:48.454205+00:00,aqIgIWIc3uw,59,2,0,20241,20300,1067,1069,60,60,False,False,False,False
2026-05-07T01:35:48.454205+00:00,wJOakc64crg,1252,44,11,76528,77780,4251,4295,922,933,False,False,False,False
2026-05-07T01:35:48.454205+00:00,j584RpaMrDg,19,0,0,4443,4462,130,130,4,4,False,False,False,False
2026-05-07T01:35:48.454205+00:00,Cql6TAdpPDU,1763,28,0,94852,96615,3415,3443,181,181,False,False,False,False
2026-05-07T01:35:48.454205+00:00,H_i8nh8uBco,26,0,0,8510,8536,232,232,6,6,False,False,False,False
2026-05-07T01:35:48.454205+00:00,stk7f11pyr8,117,3,0,8395,8512,79,82,11,11,False,False,False,False
2026-05-07T01:35:48.454205+00:00,A83vXatD6sY,50,1,0,10784,10834,227,228,6,6,False,False,False,False
2026-05-07T01:35:48.454205+00:00,qGDMB-PryIU,227,6,0,35703,35930,656,662,40,40,False,False,False,False
2026-05-07T01:35:48.454205+00:00,Q4zggacUY6E,10,1,0,4009,4019,88,89,1,1,False,False,False,False
2026-05-07T01:35:48.454205+00:00,YfEz4a39qS0,6,0,0,1438,1444,46,46,0,0,False,False,False,False
2026-05-07T01:35:48.454205+00:00,xL5gZGVPjnQ,10,0,2,1329,1339,141,141,42,44,False,False,False,False
2026-05-07T01:35:48.454205+00:00,oj3-hWAf1uQ,1426,75,1,43902,45328,2258,2333,21,22,False,False,False,False
2026-05-07T01:35:48.454205+00:00,1HWpBvWbexU,24,2,0,2011,2035,57,59,1,1,False,False,False,False
2026-05-07T01:35:48.454205+00:00,sbzsqNJuZvg,2133,35,2,63955,66088,1399,1434,15,17,False,False,False,False
2026-05-07T01:35:48.454205+00:00,xhCLLakHBa8,898,35,0,59058,59956,2047,2082,40,40,False,False,False,False
2026-05-07T01:35:48.454205+00:00,JrGlAw_Q7ow,10000,259,3,155642,165642,5164,5423,81,84,False,False,False,False
2026-05-07T01:35:48.454205+00:00,LkRVMOzUypo,75,1,0,12544,12619,517,518,3,3,False,False,False,False
2026-05-07T01:35:48.454205+00:00,lWj_3TE2UsE,80,4,0,13614,13694,592,596,6,6,False,False,False,False
2026-05-07T01:35:48.454205+00:00,nbHMeopNtDg,98,2,0,21057,21155,676,678,11,11,False,False,False,False
2026-05-07T01:35:48.454205+00:00,HeY4a7uDlkg,366,5,0,59646,60012,2144,2149,18,18,False,False,False,False
2026-05-07T01:35:48.454205+00:00,0DB_Qj43O6Q,1344,51,1,73997,75341,3928,3979,31,32,False,False,False,False
2026-05-07T01:35:48.454205+00:00,xjcVnFd-4YA,30839,659,21,1546055,1576894,41015,41674,2176,2197,False,False,False,False
2026-05-07T01:35:48.454205+00:00,7Y7Iv5XAXwI,82528,1237,18,2049391,2131919,38293,39530,767,785,False,False,False,False
2026-05-07T01:35:48.454205+00:00,0y8vRPcSvbw,35832,539,11,2286322,2322154,56268,56807,1103,1114,False,False,False,False
2026-05-07T01:35:48.454205+00:00,tkLxg6h07aE,19181,188,43,1005112,1024293,13747,13935,3465,3508,False,False,False,False
2026-05-07T01:35:48.454205+00:00,wN3O2GSvoWE,84,5,0,13997,14081,286,291,15,15,False,False,False,False
2026-05-07T01:35:48.454205+00:00,dG7UGA71QJU,1,1,0,1751,1752,71,72,0,0,False,False,False,False
2026-05-07T01:35:48.454205+00:00,xpf49h0tGvI,0,0,0,146,146,16,16,0,0,False,False,False,False
2026-05-07T01:35:48.454205+00:00,-OmU9HqUNZ0,1,1,0,1500,1501,60,61,0,0,False,False,False,False
2026-05-07T01:35:48.454205+00:00,KppJdbUvqp8,29,3,0,6271,6300,721,724,7,7,False,False,False,False
2026-05-07T01:35:48.454205+00:00,MnlZeYcfowk,21,1,0,3821,3842,400,401,2,2,False,False,False,False
2026-05-07T01:35:48.454205+00:00,LQd65ctML6o,18,0,0,5196,5214,582,582,5,5,False,False,False,False
2026-05-07T01:35:48.454205+00:00,QLnHGjCD-Vw,2,0,0,5173,5175,400,400,12,12,False,False,False,False
2026-05-07T01:35:48.454205+00:00,TOKUlItJpY4,4,-1,0,7958,7962,220,219,5,5,False,False,False,False
2026-05-07T01:35:48.454205+00:00,DBWMP58IOcw,16,0,0,11771,11787,935,935,24,24,False,False,False,False
2026-05-07T01:35:48.454205+00:00,Qf1PdYlk_9A,11,0,0,2868,2879,187,187,9,9,False,False,False,False
2026-05-07T01:35:48.454205+00:00,1c8cpHNlIb8,3,-1,0,3825,3828,405,404,5,5,False,False,False,False
2026-05-07T01:35:48.454205+00:00,-ZL_mpjxaUo,15,1,0,5075,5090,489,490,4,4,False,False,False,False
2026-05-07T01:35:48.454205+00:00,zzsUsCRoGcI,4,0,0,2673,2677,336,336,4,4,False,False,False,False
2026-05-07T01:35:48.454205+00:00,DerWppSGkmE,61,3,0,10193,10254,729,732,21,21,False,False,False,False
2026-05-07T01:35:48.454205+00:00,lk7HWLeXjS4,519,25,3,63032,63551,2305,2330,170,173,False,False,False,False
2026-05-07T01:35:48.454205+00:00,7PY7jbupwSg,61,1,-1,9042,9103,399,400,10,9,False,False,False,False
2026-05-07T01:35:48.454205+00:00,nWfp_X31vqk,176,8,1,16791,16967,830,838,37,38,False,False,False,False
2026-05-07T01:35:48.454205+00:00,WwEyLRmGU9g,1077,75,2,64990,66067,4673,4748,164,166,False,False,False,False
2026-05-07T01:35:48.454205+00:00,nVHr2D6tnA4,1295,55,0,176558,177853,12607,12662,160,160,False,False,False,False
2026-05-07T01:35:48.454205+00:00,UDiJI3q9wFQ,339,10,0,34360,34699,1552,1562,58,58,False,False,False,False
2026-05-07T01:35:48.454205+00:00,ksn5yrsC3Wg,135915,3062,139,4254335,4390250,144985,148047,8395,8534,False,False,False,False
2026-05-07T01:35:48.454205+00:00,jytAQWCc_TI,4720,291,9,278419,283139,15466,15757,1085,1094,False,False,False,False
2026-05-07T01:35:48.454205+00:00,-1Fhry-Mqks,9218,392,14,233119,242337,12487,12879,630,644,False,False,False,False
2026-05-07T01:35:48.454205+00:00,eRD2C7w9r6Y,6442,398,17,230877,237319,18000,18398,779,796,False,False,False,False
2026-05-07T01:35:48.454205+00:00,X8ekpP_cQa8,1,0,0,812,813,26,26,0,0,False,False,False,False
2026-05-07T01:35:48.454205+00:00,i7eGzJCQ1Yg,5,0,0,813,818,24,24,2,2,False,False,False,False
2026-05-07T01:35:48.454205+00:00,GZ9itUCDrac,0,0,0,324,324,10,10,1,1,False,False,False,False
2026-05-07T01:35:48.454205+00:00,WB1bBLedJQ4,1132,14,0,22206,23338,495,509,2,2,False,False,False,False
2026-05-07T01:35:48.454205+00:00,f2fDaAMvlV4,128,2,0,12052,12180,426,428,2,2,False,False,False,False
2026-05-07T01:35:48.454205+00:00,KztyymfW3Dg,184,7,0,28997,29181,974,981,9,9,False,False,False,False
2026-05-07T01:35:48.454205+00:00,KKq5yX8mrw0,72,1,0,12746,12818,297,298,3,3,False,False,False,False
2026-05-07T01:35:48.454205+00:00,4uRgDr5maYo,233,8,0,14964,15197,670,678,21,21,False,False,False,False
2026-05-07T01:35:48.454205+00:00,NDF3VSFbxAU,677,0,0,7449,8126,262,262,5,5,False,False,False,False
2026-05-07T01:35:48.454205+00:00,oixqYBAPwXA,368,16,0,29464,29832,1225,1241,30,30,False,False,False,False
2026-05-07T01:35:48.454205+00:00,KKwxanUOAd4,839,37,4,66129,66968,4787,4824,445,449,False,False,False,False
2026-05-07T01:35:48.454205+00:00,LKxIrZFhONI,1642,76,1,83752,85394,5271,5347,256,257,False,False,False,False
2026-05-07T01:35:48.454205+00:00,mDh52QTqR0o,2356,63,6,277170,279526,13642,13705,689,695,False,False,False,False
2026-05-07T01:35:48.454205+00:00,IrGd4xIhTN0,16343,756,166,538033,554376,31661,32417,8574,8740,False,False,False,False
2026-05-07T01:35:48.454205+00:00,M_iusAv-K8Y,7,0,0,1637,1644,23,23,14,14,False,False,False,False
2026-05-07T01:35:48.454205+00:00,CE6tiT3Q6c4,596,36,7,55614,56210,2993,3029,521,528,False,False,False,False
2026-05-07T01:35:48.454205+00:00,iaT6-gjxQbo,26,2,0,2411,2437,249,251,4,4,False,False,False,False
2026-05-07T01:35:48.454205+00:00,TRVnxUYQAmI,903,78,2,211715,212618,16906,16984,1000,1002,False,False,False,False
2026-05-07T01:35:48.454205+00:00,oRVJREzko-M,4271,225,2,615460,619731,37215,37440,452,454,False,False,False,False
2026-05-07T01:35:48.454205+00:00,ExlWYbISs6I,16902,823,5,606076,622978,27552,28375,374,379,False,False,False,False
2026-05-07T01:35:48.454205+00:00,yXl7MRLoxrM,87,3,0,8737,8824,402,405,35,35,False,False,False,False
2026-05-07T01:35:48.454205+00:00,WOTUpoI2LQA,75887,2615,76,3345764,3421651,160146,162761,3014,3090,False,False,False,False
2026-05-07T01:35:48.454205+00:00,YR-4vFbwe18,740,29,1,38133,38873,1735,1764,88,89,False,False,False,False
2026-05-07T01:35:48.454205+00:00,fpkC4nn2D60,19,3,0,6572,6591,476,479,43,43,False,False,False,False
2026-05-07T01:35:48.454205+00:00,AU6gGMDF7ts,13,2,0,8071,8084,794,796,60,60,False,False,False,False
2026-05-07T01:35:48.454205+00:00,2FFoc89SAj0,12,1,0,4057,4069,158,159,12,12,False,False,False,False
2026-05-07T01:35:48.454205+00:00,iTOXHp4c1YE,320,12,0,139809,140129,3423,3435,27,27,False,False,False,False
2026-05-07T01:35:48.454205+00:00,gEUMAljLr78,3648,225,10,109276,112924,8445,8670,745,755,False,False,False,False
2026-05-07T01:35:48.454205+00:00,t9_dqoKfqLo,171,3,0,20478,20649,619,622,17,17,False,False,False,False
2026-05-07T01:35:48.454205+00:00,eGmGoahyI-U,600,27,0,15880,16480,789,816,52,52,False,False,False,False
2026-05-07T01:35:48.454205+00:00,YD2iT-SCJb0,16,0,0,6871,6887,134,134,6,6,False,False,False,False
2026-05-07T01:35:48.454205+00:00,jLFG_FZKbks,42366,710,45,1251917,1294283,22824,23534,2443,2488,False,False,False,False
2026-05-07T01:35:48.454205+00:00,6r-qlEX6hGY,2511,47,2,174898,177409,3948,3995,451,453,False,False,False,False
2026-05-07T01:35:48.454205+00:00,jKTNMlUEdgU,23579,374,1,1332727,1356306,28842,29216,234,235,False,False,False,False
2026-05-07T01:35:48.454205+00:00,tVpky2riji0,4877,79,9,333590,338467,12004,12083,306,315,False,False,False,False
2026-05-07T01:35:48.454205+00:00,jAaw0vn7eLs,9500,819,9,237630,247130,19717,20536,379,388,False,False,False,False
2026-05-07T01:35:48.454205+00:00,pG99B0ui06s,33319,1434,8,1863086,1896405,86070,87504,526,534,False,False,False,False
2026-05-07T01:35:48.454205+00:00,k30WHO9_ppU,70,1,0,7661,7731,279,280,5,5,False,False,False,False
2026-05-07T01:35:48.454205+00:00,sGEEHGc7eyo,69,1,1,6714,6783,225,226,5,6,False,False,False,False
2026-05-07T01:35:48.454205+00:00,gzjXoJoWgjs,5423,78,0,119472,124895,2246,2324,617,617,False,False,False,False
2026-05-07T01:35:48.454205+00:00,fgasMQ6UWPY,26,2,0,4936,4962,219,221,13,13,False,False,False,False
2026-05-07T01:35:48.454205+00:00,Tu8OUN2WuyU,10,0,0,1482,1492,26,26,17,17,False,False,False,False
2026-05-07T01:35:48.454205+00:00,5-ASQ44GpNI,5559,201,7,92671,98230,3992,4193,214,221,False,False,False,False
2026-05-07T01:35:48.454205+00:00,MmtdaRSSUZA,382,29,0,7848,8230,519,548,41,41,False,False,False,False
2026-05-07T01:35:48.454205+00:00,0elkAIACdFE,305,13,0,21961,22266,938,951,17,17,False,False,False,False
2026-05-07T01:35:48.454205+00:00,dqOmDZPkIF4,1791,55,2,30065,31856,1184,1239,19,21,False,False,False,False
2026-05-07T01:35:48.454205+00:00,LkaaMQx9uZ0,1418,85,0,74243,75661,3726,3811,70,70,False,False,False,False
2026-05-07T01:35:48.454205+00:00,DYhg0nWZ1UQ,1536,152,29,9578,11114,937,1089,129,158,False,False,False,False
2026-05-07T01:35:48.454205+00:00,tXgFifuwvno,66,5,1,1787,1853,139,144,6,7,False,False,False,False
2026-05-07T01:35:48.454205+00:00,MlcUa5-3G68,726,39,1,23342,24068,911,950,65,66,False,False,False,False
2026-05-07T01:35:48.454205+00:00,9opMZrn2-zg,246,9,0,25169,25415,1119,1128,5,5,False,False,False,False
2026-05-07T01:35:48.454205+00:00,Aa1qfpfSaVY,195,7,0,24415,24610,1081,1088,9,9,False,False,False,False
2026-05-07T01:35:48.454205+00:00,98ShZgIhSbk,3763,79,1,96633,100396,3252,3331,16,17,False,False,False,False
2026-05-07T01:35:48.454205+00:00,31WQ21L6kE8,151,4,1,16985,17136,957,961,11,12,False,False,False,False
2026-05-07T01:35:48.454205+00:00,s9TcINJc2pw,500,24,0,58402,58902,2746,2770,25,25,False,False,False,False
2026-05-07T01:35:48.454205+00:00,LK1OJ-izQfQ,99,4,0,24075,24174,983,987,10,10,False,False,False,False
2026-05-07T01:35:48.454205+00:00,2mOqRPcWgMM,2082,23,0,65759,67841,1189,1212,20,20,False,False,False,False
2026-05-07T01:35:48.454205+00:00,GDex3WIPF7c,34790,919,34,1608498,1643288,54179,55098,1969,2003,False,False,False,False
2026-05-07T01:35:48.454205+00:00,yE8fJOgv7Pc,12083,204,4,970384,982467,23691,23895,843,847,False,False,False,False
2026-05-07T01:35:48.454205+00:00,Y254oB1QNOE,6509,205,13,351037,357546,10363,10568,909,922,False,False,False,False
2026-05-07T01:35:48.454205+00:00,FzdGk0ceLCA,1,1,0,1245,1246,59,60,0,0,False,False,False,False
2026-05-07T01:35:48.454205+00:00,0GmokuFXa_o,1,1,0,1774,1775,102,103,0,0,False,False,False,False
2026-05-07T01:35:48.454205+00:00,yA-SufBCL7g,43,0,0,13189,13232,777,777,8,8,False,False,False,False
2026-05-07T01:35:48.454205+00:00,Wz8CxWdCHC0,40,2,0,9260,9300,573,575,10,10,False,False,False,False
2026-05-07T01:35:48.454205+00:00,Nz7vsR3_W3I,61,1,0,13651,13712,899,900,18,18,False,False,False,False
2026-05-07T01:35:48.454205+00:00,JTtyJPD0ZOw,759,67,4,12668,13427,896,963,33,37,False,False,False,False
2026-05-07T01:35:48.454205+00:00,SK7yqZdN3Dg,189,13,0,23631,23820,1406,1419,41,41,False,False,False,False
2026-05-07T01:35:48.454205+00:00,eYZUzUEUsjo,3,0,0,2219,2222,144,144,3,3,False,False,False,False
2026-05-07T01:35:48.454205+00:00,zSPnVUpVwj8,4,0,0,1634,1638,146,146,3,3,False,False,False,False
2026-05-07T01:35:48.454205+00:00,8TvJvfKz8Fo,10519,735,37,287945,298464,23810,24545,1476,1513,False,False,False,False
2026-05-07T01:35:48.454205+00:00,KdmRWazuBRU,3565,108,6,92252,95817,4079,4187,271,277,False,False,False,False
2026-05-07T01:35:48.454205+00:00,nH8YRX4Stfs,86,7,0,20947,21033,895,902,133,133,False,False,False,False
2026-05-07T01:35:48.454205+00:00,MK3Lz4fAvZo,646,48,1,38163,38809,3133,3181,91,92,False,False,False,False
2026-05-07T01:35:48.454205+00:00,1PIbKMyFMAY,4280,233,3,175716,179996,11073,11306,340,343,False,False,False,False
2026-05-07T01:35:48.454205+00:00,wgADj9n8XMs,2881,199,1,803490,806371,36052,36251,287,288,False,False,False,False
2026-05-07T01:35:48.454205+00:00,u5HPVyEpyNI,5868,303,34,188841,194709,12945,13248,1237,1271,False,False,False,False
2026-05-07T01:35:48.454205+00:00,-CB2CwSPtAQ,387,9,0,39361,39748,1312,1321,104,104,False,False,False,False
2026-05-07T01:35:48.454205+00:00,FMdrD_jcYgE,22395,916,62,807457,829852,46649,47565,4321,4383,False,False,False,False
2026-05-07T01:35:48.454205+00:00,OgbLx7K5jKI,319,2,0,27650,27969,492,494,10,10,False,False,False,False
2026-05-07T01:35:48.454205+00:00,9rRvmcDpWwA,2385,40,4,42193,44578,1455,1495,143,147,False,False,False,False
2026-05-07T01:35:48.454205+00:00,UxUmboIvArE,39,1,0,2924,2963,151,152,14,14,False,False,False,False
2026-05-07T01:35:48.454205+00:00,YY99Gla0v4E,21,0,0,2035,2056,128,128,7,7,False,False,False,False
2026-05-07T01:35:48.454205+00:00,-8Xee3Y4Yeg,7,2,0,576,583,45,47,8,8,False,False,False,False
2026-05-07T01:35:48.454205+00:00,ZgcrZ8qm0-w,2,0,0,842,844,15,15,2,2,False,False,False,False
2026-05-07T01:35:48.454205+00:00,cxBZkkzJcpw,2,0,0,235,237,8,8,0,0,False,False,False,False
2026-05-07T01:35:48.454205+00:00,NoXtR658c_k,481,16,0,38337,38818,1261,1277,48,48,False,False,False,False
2026-05-07T01:35:48.454205+00:00,FBq_mtNPweg,477,7,0,28558,29035,876,883,4,4,False,False,False,False
2026-05-07T01:35:48.454205+00:00,4Zi41MRVP0g,6442,174,7,132802,139244,3859,4033,486,493,False,False,False,False
2026-05-07T01:35:48.454205+00:00,KfaPxlvQx1M,18,2,1,13289,13307,1087,1089,12,13,False,False,False,False
2026-05-07T01:35:48.454205+00:00,enQeP-ztP5A,28,4,0,12709,12737,1330,1334,18,18,False,False,False,False
2026-05-07T01:35:48.454205+00:00,k7aOM--Ycts,2424,111,9,99901,102325,6208,6319,673,682,False,False,False,False
2026-05-07T01:35:48.454205+00:00,eYDQWSBQ47s,834,31,1,26171,27005,1668,1699,142,143,False,False,False,False
2026-05-07T01:35:48.454205+00:00,2ZV29QhLfjw,22970,768,18,803868,826838,38125,38893,1129,1147,False,False,False,False
2026-05-07T01:35:48.454205+00:00,HyO6rMqRXw0,548,17,0,27750,28298,952,969,39,39,False,False,False,False
2026-05-07T01:35:48.454205+00:00,P9MkPdQc74o,633,19,2,104722,105355,4464,4483,480,482,False,False,False,False
2026-05-07T01:35:48.454205+00:00,mbtA5CBh5qk,5,0,0,148,153,11,11,10,10,False,False,False,False
2026-05-07T01:35:48.454205+00:00,N-zjDtQOwxc,14372,829,38,867951,882323,60511,61340,3568,3606,False,False,False,False
2026-05-07T01:35:48.454205+00:00,POn6IRgP5-A,1663,60,2,91448,93111,4508,4568,280,282,False,False,False,False
2026-05-07T01:35:48.454205+00:00,GAf7J_t1o8U,672,72,2,23348,24020,2964,3036,209,211,False,False,False,False
2026-05-07T01:35:48.454205+00:00,oIr5NyY01EQ,97,5,0,2445,2542,258,263,24,24,False,False,False,False
2026-05-07T01:35:48.454205+00:00,mQR17nCXUSA,458,40,2,114097,114555,8962,9002,655,657,False,False,False,False
2026-05-07T01:35:48.454205+00:00,W65cfPslnzo,24467,492,39,630858,655325,14769,15261,1167,1206,False,False,False,False
2026-05-07T01:35:48.454205+00:00,VgH5rhALEfU,4482,228,0,668566,673048,33812,34040,631,631,False,False,False,False
2026-05-07T01:35:48.454205+00:00,QPWScf-86po,275495,5405,74,6331018,6606513,200005,205410,2754,2828,False,False,False,False
2026-05-07T01:35:48.454205+00:00,7IL0scdhgJA,87,1,0,7345,7432,361,362,24,24,False,False,False,False
2026-05-07T01:35:48.454205+00:00,s2NSwy8xraQ,172,12,0,11077,11249,675,687,14,14,False,False,True,False
2026-05-07T01:35:48.454205+00:00,8erUsIGULKc,85,4,1,7064,7149,360,364,35,36,False,False,False,False
2026-05-07T01:35:48.454205+00:00,s23TO2BQBcU,496,8,1,24554,25050,829,837,54,55,False,False,False,False
2026-05-07T01:35:48.454205+00:00,rfRFwXnk660,17404,934,44,268736,286140,16060,16994,985,1029,False,False,False,False
2026-05-07T01:35:48.454205+00:00,ByJAH8vTgfw,588,13,0,35250,35838,1085,1098,30,30,False,False,False,False
2026-05-07T01:35:48.454205+00:00,W4BkgA1P27o,177,3,1,11135,11312,565,568,23,24,False,False,False,False
2026-05-07T01:35:48.454205+00:00,quCJwkDAx0g,186,5,0,40007,40193,1144,1149,359,359,False,False,False,False
2026-05-07T01:35:48.454205+00:00,iQxwDGnuByc,1660,65,1,43468,45128,2251,2316,121,122,False,False,False,False
2026-05-07T01:35:48.454205+00:00,waOGddip3Wk,69,2,0,5281,5350,450,452,31,31,False,False,False,False
2026-05-07T01:35:48.454205+00:00,xfMhpaP8QSg,45,4,3,8474,8519,722,726,77,80,False,False,False,False
2026-05-07T01:35:48.454205+00:00,iGaMJCi8mAk,111,4,0,11630,11741,309,313,4,4,False,False,False,False
2026-05-07T01:35:48.454205+00:00,kmKuk_TCEvU,348,8,0,35575,35923,1086,1094,33,33,False,False,False,False
2026-05-07T01:35:48.454205+00:00,yGC0oT995TM,234,2,1,15121,15355,463,465,9,10,False,False,False,False
2026-05-07T01:35:48.454205+00:00,lB_XJmoBLjw,43,2,0,10039,10082,527,529,12,12,False,False,False,False
2026-05-07T01:35:48.454205+00:00,t6GzhyGTKCo,2725,56,4,88181,90906,2661,2717,184,188,False,False,False,False
2026-05-07T01:35:48.454205+00:00,qgzwtKsXCMo,136322,2365,25,3072942,3209264,60356,62721,642,667,False,False,False,False
2026-05-07T01:35:48.454205+00:00,0D14LJGiBkg,4032,156,7,340421,344453,15690,15846,1165,1172,False,False,False,False
2026-05-07T01:35:48.454205+00:00,mpZK1dqX6aA,49162,1375,8,934189,983351,28731,30106,205,213,False,False,False,False
2026-05-07T01:35:48.454205+00:00,RniYUmKs93U,11186,429,7,410281,421467,23206,23635,453,460,False,False,False,False
2026-05-07T01:35:48.454205+00:00,IEJALLQFmDs,135835,2309,14,4317499,4453334,99085,101394,705,719,False,False,False,False
2026-05-07T01:35:48.454205+00:00,dqazxW8R5BY,77082,3451,46,2241611,2318693,103377,106828,2177,2223,False,False,False,False
2026-05-07T01:35:48.454205+00:00,UsS6bOYnnOI,6002,179,35,327515,333517,17021,17200,3637,3672,False,False,False,False
2026-05-07T01:35:48.454205+00:00,nGakcu0V0ZM,373,7,1,18426,18799,408,415,28,29,False,False,False,False
2026-05-07T01:35:48.454205+00:00,8CpQzf_RYb4,48,3,0,5496,5544,372,375,4,4,False,False,False,False
2026-05-07T01:35:48.454205+00:00,OrI86PV-aPg,68603,1958,66,1672839,1741442,71291,73249,1778,1844,False,False,False,False
2026-05-07T01:35:48.454205+00:00,2A0dbP8LJoA,169,17,0,7322,7491,613,630,29,29,False,False,False,False
2026-05-07T01:35:48.454205+00:00,5W2lIWDyXjI,433,18,0,66271,66704,1624,1642,27,27,False,False,False,False
2026-05-07T01:35:48.454205+00:00,o1LnQHf3b6I,255,7,0,19365,19620,873,880,6,6,False,False,False,False
2026-05-07T01:35:48.454205+00:00,2pao0845DQQ,20590,418,2,233272,253862,6285,6703,50,52,False,False,False,False
2026-05-07T01:35:48.454205+00:00,WPOhGVSPOyM,1045,17,0,86386,87431,1370,1387,8,8,False,False,False,False
2026-05-07T01:35:48.454205+00:00,7FYFhOiiMIU,188,8,2,14791,14979,560,568,4,6,False,False,False,False
2026-05-07T01:35:48.454205+00:00,aRLwX_dN8AQ,4970,65,1,75013,79983,1517,1582,9,10,False,False,False,False
2026-05-07T01:35:48.454205+00:00,CPJhzRv9y_8,1958,26,0,66438,68396,1297,1323,10,10,False,False,False,False
2026-05-07T01:35:48.454205+00:00,Q5rmW96IGqA,1564,35,1,28708,30272,985,1020,8,9,False,False,False,False
2026-05-07T01:35:48.454205+00:00,reCJ5EuvukI,27759,990,13,977182,1004941,34873,35863,722,735,False,False,False,False
2026-05-07T01:35:48.454205+00:00,io_Ysi-LFWE,8669,195,3,568425,577094,16861,17056,355,358,False,False,False,False
2026-05-07T01:35:48.454205+00:00,snM0UfZxakc,21029,465,25,782474,803503,17254,17719,1229,1254,False,False,False,False
2026-05-07T01:35:48.454205+00:00,TmkbUF0V0hM,27353,324,88,764690,792043,12316,12640,4570,4658,False,False,False,False
2026-05-07T01:35:48.454205+00:00,_88DyxJqY-4,38,4,1,2592,2630,198,202,23,24,False,False,False,False
2026-05-07T01:35:48.454205+00:00,Dic-fJdWqhY,3,1,0,417,420,16,17,0,0,False,False,False,False
2026-05-07T01:35:48.454205+00:00,HZ2uROlnuEg,0,0,0,167,167,7,7,0,0,False,False,False,False
2026-05-07T01:35:48.454205+00:00,H5KmfCor3mc,2,1,0,264,266,10,11,1,1,False,False,False,False
2026-05-07T01:35:48.454205+00:00,gaOZZ1TYILU,8,1,0,108,116,11,12,0,0,False,False,False,False
2026-05-07T01:35:48.454205+00:00,rQmlUxDeTxE,24,1,0,10488,10512,877,878,12,12,False,False,False,False
2026-05-07T01:35:48.454205+00:00,6dfxL42fP0c,9,1,0,1827,1836,161,162,4,4,False,False,False,False
2026-05-07T01:35:48.454205+00:00,hE1O48iNhBw,8,0,0,3668,3676,251,251,2,2,False,False,False,False
2026-05-07T01:35:48.454205+00:00,LDXkrlIxj8U,361,21,0,23407,23768,1537,1558,13,13,False,False,False,False
2026-05-07T01:35:48.454205+00:00,Xcmg2noBQOw,16,0,0,2947,2963,325,325,4,4,False,False,False,False
2026-05-07T01:35:48.454205+00:00,RGWm_UCIWnc,105,6,0,13584,13689,947,953,14,14,False,False,False,False
2026-05-07T01:35:48.454205+00:00,Rax-kdRVG74,155,4,0,14325,14480,687,691,15,15,False,False,False,False
2026-05-07T01:35:48.454205+00:00,tA9L9aV6gXY,46,2,1,2783,2829,181,183,8,9,False,False,False,False
2026-05-07T01:35:48.454205+00:00,o8Z1Q8UPSOU,478,29,1,15608,16086,1557,1586,23,24,False,False,False,False
2026-05-07T01:35:48.454205+00:00,_FP4gbF0KWY,170,6,0,8525,8695,566,572,17,17,False,False,False,False
2026-05-07T01:35:48.454205+00:00,FbRnMwKmmTA,75,4,0,8660,8735,597,601,35,35,False,False,False,False
2026-05-07T01:35:48.454205+00:00,ehizptRtYzM,664,46,0,32233,32897,2583,2629,98,98,False,False,False,False
2026-05-07T01:35:48.454205+00:00,kB_PJC80JhY,35145,1431,9,1192285,1227430,52165,53596,285,294,False,False,False,False
2026-05-07T01:35:48.454205+00:00,wdCDxH9KBss,1473,86,1,61994,63467,3196,3282,77,78,False,False,False,False
2026-05-07T01:35:48.454205+00:00,4iXwPD-VHyg,1007,34,0,74942,75949,1859,1893,21,21,False,False,False,False
2026-05-07T01:35:48.454205+00:00,rVixyOY_Xr4,3606,154,13,27355,30961,1312,1466,106,119,False,False,False,False
2026-05-07T01:35:48.454205+00:00,d0VoQtmw9Eg,359,16,0,17274,17633,708,724,7,7,False,False,False,False
2026-05-07T01:35:48.454205+00:00,QzZ4VwDHAT4,956,35,2,36385,37341,1844,1879,135,137,False,False,False,False
2026-05-07T01:35:48.454205+00:00,JjwHFerSu4M,10808,469,31,191362,202170,9863,10332,530,561,False,False,False,False
2026-05-07T01:35:48.454205+00:00,RNUjufFVGXs,115,7,0,5888,6003,540,547,38,38,False,False,False,False
2026-05-07T01:35:48.454205+00:00,uoRmXpQseH8,0,1,0,0,0,1,2,0,0,False,False,False,False
2026-05-07T01:35:48.454205+00:00,-lSM97fApgQ,0,1,0,0,0,3,4,0,0,False,False,False,False
2026-05-07T01:35:48.454205+00:00,1sofoaFEV58,0,1,0,0,0,13,14,0,0,False,False,False,False
2026-05-07T01:35:48.454205+00:00,FJNk3OGtmbk,1499,23,1,18473,19972,465,488,2,3,False,False,False,False
2026-05-07T01:35:48.454205+00:00,RCl-cN1Hf-Q,560,3,0,16618,17178,511,514,2,2,False,False,False,False
2026-05-07T01:35:48.454205+00:00,1d3wR5LJ4-4,1406,42,0,37474,38880,1360,1402,24,24,False,False,False,False
2026-05-07T01:35:48.454205+00:00,69AWec8qjjo,5060,91,1,168126,173186,5477,5568,155,156,False,False,False,False
2026-05-07T01:35:48.454205+00:00,YUwjueXzffE,13195,435,20,326146,339341,6869,7304,46,66,False,False,False,False
2026-05-07T01:35:48.454205+00:00,oNjLzGpMCuw,1335,33,2,100827,102162,4735,4768,259,261,False,False,False,False
2026-05-07T01:35:48.454205+00:00,ftk4VdOcaj8,157,9,0,16921,17078,1930,1939,46,46,False,False,False,False
2026-05-07T01:35:48.454205+00:00,pra3fiwosjU,18,1,0,3947,3965,124,125,5,5,False,False,False,False
2026-05-07T01:35:48.454205+00:00,Hf6NC8AzAKo,547,34,3,6885,7432,552,586,41,44,False,False,False,False
2026-05-07T01:35:48.454205+00:00,aYH-DvGfEVU,7,0,0,948,955,131,131,7,7,False,False,False,False
2026-05-07T01:35:48.454205+00:00,wZBBnciTACo,7,0,0,1546,1553,180,180,53,53,False,False,False,False
2026-05-07T01:35:48.454205+00:00,w_Z0cdu9c9I,111,9,1,7732,7843,607,616,15,16,False,False,False,False
2026-05-07T01:35:48.454205+00:00,9rHaUzPlJws,1718,91,-4,187557,189275,13164,13255,681,677,False,False,False,False
2026-05-07T01:35:48.454205+00:00,pXI3xinu4bc,14849,631,4,1111945,1126794,55167,55798,574,578,False,False,False,False
2026-05-07T01:35:48.454205+00:00,3PZ3d4eNWrc,6486,345,1,874349,880835,45844,46189,285,286,False,False,False,False
2026-05-07T01:35:48.454205+00:00,1X8BPKi1kP8,282,15,1,10588,10870,412,427,40,41,False,False,False,False
2026-05-07T01:35:48.454205+00:00,RPePcFJDNds,105,8,0,2224,2329,163,171,45,45,False,False,False,False
2026-05-07T01:35:48.454205+00:00,GEXxx3JQmdw,192,15,0,8023,8215,514,529,14,14,False,False,False,False
2026-05-07T01:35:48.454205+00:00,NRELko2BoRk,1180,48,2,25122,26302,1319,1367,96,98,False,False,False,False
2026-05-07T01:35:48.454205+00:00,CdlFyd3WHbg,95,5,0,11854,11949,697,702,7,7,False,False,False,False
2026-05-07T01:35:48.454205+00:00,N8Bc_M2Ew2E,207,9,0,9556,9763,572,581,9,9,False,False,False,False
2026-05-07T01:35:48.454205+00:00,LDQnGP6iSH4,115,4,0,10486,10601,523,527,28,28,False,False,False,False
2026-05-07T01:35:48.454205+00:00,LMJb-_uL6lQ,944,8,1,60257,61201,1476,1484,410,411,False,False,False,False
2026-05-07T01:35:48.454205+00:00,-X2P40t70LM,92,7,0,8057,8149,640,647,21,21,False,False,False,False
2026-05-07T01:35:48.454205+00:00,21UbB1_pq3o,59,4,0,9745,9804,646,650,54,54,False,False,False,False
2026-05-07T01:35:48.454205+00:00,ZUpr3u1inlg,252,19,4,18140,18392,1485,1504,290,294,False,False,False,False
2026-05-07T01:35:48.454205+00:00,Hk20QLW6nEc,332,7,0,77712,78044,1452,1459,6,6,False,False,False,False
2026-05-07T01:35:48.454205+00:00,U0f47Nt9g-Q,18256,615,12,317245,335501,17163,17778,437,449,False,False,False,False
2026-05-07T01:35:48.454205+00:00,3GUtClCifjw,168,4,0,12059,12227,348,352,7,7,False,False,False,False
2026-05-07T01:35:48.454205+00:00,yk8ziJow5dw,1653,16,0,76651,78304,2176,2192,134,134,False,False,False,False
2026-05-07T01:35:48.454205+00:00,XGAhqBxEV78,2719,62,2,480914,483633,14883,14945,1170,1172,False,False,False,False
2026-05-07T01:35:48.454205+00:00,t9PF8V132Y4,7794,205,25,254681,262475,8039,8244,1042,1067,False,False,False,False
2026-05-07T01:35:48.454205+00:00,Gr6qcQdzDfw,218,12,4,10707,10925,480,492,167,171,False,False,False,False
2026-05-07T01:35:48.454205+00:00,2AOH5hgKzpU,50,4,0,2213,2263,82,86,2,2,False,False,False,False
2026-05-07T01:35:48.454205+00:00,IAn3Wu2BdyY,3682,202,4,116242,119924,5441,5643,89,93,False,False,False,False
2026-05-07T01:35:48.454205+00:00,i6wL2IzuW7s,535,24,0,10325,10860,875,899,9,9,False,False,False,False
2026-05-07T01:35:48.454205+00:00,sXV44nHGfAA,1167,74,0,27452,28619,1577,1651,8,8,False,False,False,False
2026-05-07T01:35:48.454205+00:00,OEtIq4tR1rA,25386,1875,17,173818,199204,13358,15233,119,136,False,False,False,False
2026-05-07T01:35:48.454205+00:00,MpPS5I1pJD8,1522,29,0,51317,52839,997,1026,12,12,False,False,False,False
2026-05-07T01:35:48.454205+00:00,7NeECqsR_u4,1930,46,0,118029,119959,2779,2825,21,21,False,False,False,False
2026-05-07T01:35:48.454205+00:00,JuRjZqzpP0g,3253,109,3,44582,47835,2225,2334,16,19,False,False,False,False
2026-05-07T01:35:48.454205+00:00,4yDM3ZFcQm4,105115,1710,23,858450,963565,19694,21404,216,239,False,False,False,False
2026-05-07T01:35:48.454205+00:00,3fsJFUvA6Ts,7557,159,6,118554,126111,4215,4374,157,163,False,False,False,False
2026-05-07T01:35:48.454205+00:00,XNDiFY5vIk0,308,12,1,15936,16244,673,685,6,7,False,False,False,False
2026-05-07T01:35:48.454205+00:00,iK6HT02LYX4,2176,57,0,59312,61488,1797,1854,16,16,False,False,False,False
2026-05-07T01:35:48.454205+00:00,A2O_CSDImRs,29283,882,52,784311,813594,25203,26085,991,1043,False,False,False,False
2026-05-07T01:35:48.454205+00:00,n2T6AOoUkOM,73557,1148,9,2279116,2352673,49790,50938,729,738,False,False,False,False
2026-05-07T01:35:48.454205+00:00,MOrBFf1DVvs,10671,152,1,1077056,1087727,24526,24678,417,418,False,False,False,False
2026-05-07T01:35:48.454205+00:00,WFOEVVlOH8s,4,2,0,414,418,18,20,0,0,False,False,False,False
2026-05-07T01:35:48.454205+00:00,IrefshwOoX8,16,0,1,428,444,20,20,0,1,False,False,False,False
2026-05-07T01:35:48.454205+00:00,Cyfs-ngasus,47,6,0,720,767,31,37,0,0,False,False,False,False
2026-05-07T01:35:48.454205+00:00,dIwCndpKuSE,74,18,0,4411,4485,429,447,2,2,False,False,False,False
2026-05-07T01:35:48.454205+00:00,f0ukpT07u2c,171,9,0,14254,14425,1300,1309,15,15,False,False,False,False
2026-05-07T01:35:48.454205+00:00,e5jQUYrRPRk,74,1,0,11596,11670,451,452,6,6,False,False,False,False
2026-05-07T01:35:48.454205+00:00,Xshu2lM5PZE,96,9,0,5727,5823,666,675,8,8,False,False,False,False
2026-05-07T01:35:48.454205+00:00,WynveK8qJx4,5,0,0,3048,3053,166,166,2,2,False,False,False,False
2026-05-07T01:35:48.454205+00:00,iPg5fXvAqqo,36,1,0,8961,8997,247,248,5,5,False,False,False,False
2026-05-07T01:35:48.454205+00:00,N9drBPpPZFI,72,10,0,4689,4761,341,351,7,7,False,False,False,False
2026-05-07T01:35:48.454205+00:00,rr8ZpzHcZJc,333,28,0,8732,9065,833,861,17,17,False,False,False,False
2026-05-07T01:35:48.454205+00:00,nrIEhoSCOg8,99,9,0,34383,34482,1662,1671,32,32,False,False,False,False
2026-05-07T01:35:48.454205+00:00,b-NJDpglmeM,369,20,0,18157,18526,1426,1446,23,23,False,False,False,False
2026-05-07T01:35:48.454205+00:00,V2d9YyBmeUk,155,6,0,6310,6465,463,469,9,9,False,False,False,False
2026-05-07T01:35:48.454205+00:00,qf_JlCrcPy0,169,10,0,11338,11507,596,606,27,27,False,False,False,False
2026-05-07T01:35:48.454205+00:00,DB302vKJ2Go,417,23,1,12935,13352,1011,1034,104,105,False,False,False,False
2026-05-07T01:35:48.454205+00:00,f9AFrDB-73g,1053,84,1,44837,45890,3359,3443,52,53,False,False,False,False
2026-05-07T01:35:48.454205+00:00,mK3xENFCGnI,7142,664,14,529363,536505,41981,42645,526,540,False,False,False,False
2026-05-07T01:35:48.454205+00:00,4s9LuOSR3Q4,57251,1212,38,1322431,1379682,30855,32067,1004,1042,False,False,False,False
2026-05-07T01:35:48.454205+00:00,1baBzd1XPkU,6860,186,7,237342,244202,8684,8870,1005,1012,False,False,False,False
2026-05-07T01:35:48.454205+00:00,jCyhEO3h-Ik,1453,46,2,42062,43515,1956,2002,35,37,False,False,False,False
2026-05-07T01:35:48.454205+00:00,UtXLbVdM7wk,722,16,1,19979,20701,774,790,12,13,False,False,False,False
2026-05-07T01:35:48.454205+00:00,0lt4j7GTtGU,97,6,2,2429,2526,189,195,4,6,False,False,False,False
2026-05-07T01:35:48.454205+00:00,40-68Uco_u0,309,13,0,18269,18578,793,806,28,28,False,False,False,False
2026-05-07T01:35:48.454205+00:00,o39vHtwxPRg,599,25,0,10085,10684,352,377,3,3,False,False,False,False
2026-05-07T01:35:48.454205+00:00,WeAhvFYojh0,29,0,3,2527,2556,154,154,8,11,False,False,False,False
2026-05-07T01:35:48.454205+00:00,ywEV7NQlO1Y,4744,95,3,188786,193530,6085,6180,99,102,False,False,False,False
2026-05-07T01:35:48.454205+00:00,2r0m4TsyIxs,22193,402,131,265336,287529,7763,8165,3169,3300,False,False,False,False
2026-05-07T01:35:48.454205+00:00,zuzydZz-cmo,1389,62,8,61819,63208,3659,3721,464,472,False,False,False,False
2026-05-07T01:35:48.454205+00:00,C4OiZ15VTxw,206,18,4,9873,10079,877,895,191,195,False,False,False,False
2026-05-07T01:35:48.454205+00:00,VITWpByrMdw,86,10,0,3455,3541,221,231,9,9,False,False,False,False
2026-05-07T01:35:48.454205+00:00,tpay1lEGZ7g,17233,1296,17,470219,487452,36437,37733,1021,1038,False,False,False,False
2026-05-07T01:35:48.454205+00:00,Gmfpq60LbVQ,1182,82,1,236637,237819,17204,17286,1041,1042,False,False,False,False
2026-05-07T01:35:48.454205+00:00,R-klQGp_308,8139,340,7,485119,493258,19444,19784,272,279,False,False,False,False
2026-05-07T01:35:48.454205+00:00,8--Bq5oEsZ8,6054,309,2,392242,398296,17274,17583,264,266,False,False,False,False
2026-05-07T01:35:48.454205+00:00,fuxYQrqkfns,16318,1142,20,734789,751107,52156,53298,1153,1173,False,False,False,False
2026-05-07T01:35:48.454205+00:00,MYHiaHDLDB8,82,4,1,5647,5729,339,343,11,12,False,False,False,False
2026-05-07T01:35:48.454205+00:00,g-7nUex4nVg,1734,52,4,28177,29911,1017,1069,24,28,False,False,False,False
2026-05-07T01:35:48.454205+00:00,tPuup43tbgA,191,3,0,9292,9483,207,210,2,2,False,False,False,False
2026-05-07T01:35:48.454205+00:00,vMnp3ptycik,313,15,0,8052,8365,571,586,3,3,False,False,False,False
2026-05-07T01:35:48.454205+00:00,81RBVN6P9cM,5172,142,2,386304,391476,12585,12727,969,971,False,False,False,False
2026-05-07T01:35:48.454205+00:00,P1DSZNhApJA,122960,1694,6,3237133,3360093,64521,66215,406,412,False,False,False,False
2026-05-07T01:35:48.454205+00:00,5LJ1cxjQhyE,79834,3860,11,2248138,2327972,118705,122565,581,592,False,False,False,False
2026-05-07T01:35:48.454205+00:00,qxj4Sr5Cm24,997,59,19,67126,68123,4504,4563,672,691,False,False,False,False
2026-05-07T01:35:48.454205+00:00,daa-UCIuoY8,1001,64,1,11951,12952,742,806,19,20,False,False,False,False
2026-05-07T01:35:48.454205+00:00,VVLYJf2t88c,5704,166,13,66319,72023,2848,3014,191,204,False,False,False,False
2026-05-07T01:35:48.454205+00:00,q_ynGwBIxLk,1177,32,0,5976,7153,173,205,2,2,False,False,False,False
2026-05-07T01:35:48.454205+00:00,tFD4653hJYE,842,15,0,6274,7116,181,196,3,3,False,False,False,False
2026-05-07T01:35:48.454205+00:00,p4zPmpXfGyY,2500,73,10,39036,41536,749,822,24,34,False,False,False,False
2026-05-07T01:35:48.454205+00:00,IZNeoCSdcfY,117,12,0,1986,2103,105,117,1,1,False,False,False,False
2026-05-07T01:35:48.454205+00:00,Jnc7hVslXdk,532,28,1,3567,4099,318,346,27,28,False,False,False,False
2026-05-07T01:35:48.454205+00:00,8nwaOxXIj0g,7090,514,22,26026,33116,2264,2778,80,102,False,False,False,False
2026-05-07T01:35:48.454205+00:00,Xk3cJMA7UhE,133,7,0,4350,4483,352,359,14,14,False,False,False,False
2026-05-07T01:35:48.454205+00:00,XoDfpxBy8Ag,4249,111,9,34405,38654,1048,1159,131,140,False,False,False,False
2026-05-07T01:35:48.454205+00:00,JRHTVNoJjb0,611,27,0,16256,16867,736,763,14,14,False,False,False,False
2026-05-07T01:35:48.454205+00:00,uWa0odbimaU,7307,297,8,145255,152562,6009,6306,185,193,False,False,False,False
2026-05-07T01:35:48.454205+00:00,RnT_izvRznQ,892,68,1,6866,7758,503,571,10,11,False,False,False,False
2026-05-07T01:35:48.454205+00:00,1pglkwgsu1I,7191,370,8,27962,35153,2088,2458,22,30,False,False,False,False
2026-05-07T01:35:48.454205+00:00,V6VQ54eTok0,50271,1220,6,390058,440329,10451,11671,114,120,False,False,False,False
2026-05-07T01:35:48.454205+00:00,3REHDZgXE1k,729,29,0,20739,21468,1161,1190,11,11,False,False,False,False
2026-05-07T01:35:48.454205+00:00,z_XHk-DZ1nY,745,20,0,16832,17577,618,638,8,8,False,False,False,False
2026-05-07T01:35:48.454205+00:00,-CTY5XDxt8E,11927,365,3,89466,101393,2728,3093,10,13,False,False,False,False
2026-05-07T01:35:48.454205+00:00,nN9QYJdEcw0,4959,170,1,51275,56234,1382,1552,16,17,False,False,False,False
2026-05-07T01:35:48.454205+00:00,WKBwkE4dn-k,706,20,0,16108,16814,555,575,2,2,False,False,False,False
2026-05-07T01:35:48.454205+00:00,suqYhItddAc,30928,1023,6,179669,210597,5970,6993,76,82,False,False,False,False
2026-05-07T01:35:48.454205+00:00,ydRguU_cH8Y,31719,356,3,294221,325940,4627,4983,47,50,False,False,False,False
2026-05-07T01:35:48.454205+00:00,P9yleRV8tto,1842,47,1,43530,45372,1316,1363,19,20,False,False,False,False
2026-05-07T01:35:48.454205+00:00,_UFmkJrpc3Q,4364,188,1,85330,89694,3002,3190,30,31,False,False,False,False
2026-05-07T01:35:48.454205+00:00,lDyiY5vjqaw,55430,2035,57,948555,1003985,35618,37653,1402,1459,False,False,False,False
2026-05-07T01:35:48.454205+00:00,T_LWKGJDKgo,211465,4270,911,1178330,1389795,27441,31711,8259,9170,False,False,False,False
2026-05-07T01:35:48.454205+00:00,MjWI_rWQL68,240371,7099,88,5575005,5815376,173678,180777,2524,2612,False,False,False,False
2026-05-07T01:35:48.454205+00:00,9iKWeo8sWh4,131344,2597,12,2812123,2943467,68504,71101,600,612,False,False,False,False
2026-05-07T01:35:48.454205+00:00,4m_M1Wpnr2Q,250534,6381,159,3031095,3281629,85667,92048,2192,2351,False,False,False,False
2026-05-07T01:35:48.454205+00:00,JxM9FGa1xjw,54,6,0,647,701,45,51,0,0,False,False,False,False
2026-05-07T01:35:48.454205+00:00,e5ory4NWVaQ,6,0,0,99,105,5,5,0,0,False,False,False,False
2026-05-07T01:35:48.454205+00:00,AnhXe6C7RcY,29,4,0,753,782,43,47,0,0,False,False,False,False
2026-05-07T01:35:48.454205+00:00,q8AEtTOo2ZU,193,27,0,4544,4737,339,366,4,4,False,False,False,False
2026-05-07T01:35:48.454205+00:00,Qy_YMLKX8bQ,1888,183,3,17131,19019,1274,1457,57,60,False,False,False,False
2026-05-07T01:35:48.454205+00:00,Cit2bKRejmc,1735,86,0,11156,12891,679,765,20,20,False,False,False,False
2026-05-07T01:35:48.454205+00:00,PDQ3laPc--4,725,70,1,7336,8061,857,927,9,10,False,False,False,False
2026-05-07T01:35:48.454205+00:00,v2SVwN2WLHA,672,32,2,8298,8970,590,622,12,14,False,False,False,False
2026-05-07T01:35:48.454205+00:00,sebAi3RkL4o,65,5,0,6388,6453,652,657,10,10,False,False,False,False
2026-05-07T01:35:48.454205+00:00,2NMgx26Y-Bk,64,7,0,3279,3343,354,361,8,8,False,False,False,False
2026-05-07T01:35:48.454205+00:00,X5_Q7FZ0Sik,25,0,0,2944,2969,195,195,4,4,False,False,False,False
2026-05-07T01:35:48.454205+00:00,8Cc0marf_vs,40,2,0,5703,5743,353,355,7,7,False,False,False,False
2026-05-07T01:35:48.454205+00:00,9u4d0EDxCkY,17,2,0,1936,1953,54,56,1,1,False,False,False,False
2026-05-07T01:35:48.454205+00:00,GKCz_gBPkvI,74,9,0,4250,4324,306,315,4,4,False,False,False,False
2026-05-07T01:35:48.454205+00:00,toJGQUZbdqc,118,14,0,12202,12320,1059,1073,15,15,False,False,False,False
2026-05-07T01:35:48.454205+00:00,q4PUKnyy3QQ,140,12,0,6286,6426,520,532,9,9,False,False,False,False
2026-05-07T01:35:48.454205+00:00,Hpl10gpuOGw,391,15,0,28242,28633,1381,1396,26,26,False,False,False,False
2026-05-07T01:35:48.454205+00:00,CbDN7o5Ed_M,413,10,0,8576,8989,402,412,13,13,False,False,False,False
2026-05-07T01:35:48.454205+00:00,ZrvvBKldeo0,287,11,1,10640,10927,474,485,32,33,False,False,False,False
2026-05-07T01:35:48.454205+00:00,mMLOG0bsjRQ,2174,72,2,37878,40052,1606,1678,92,94,False,False,False,False
2026-05-07T01:35:48.454205+00:00,5z8hOrxhApI,3131,207,3,47025,50156,3427,3634,49,52,False,False,False,False
2026-05-07T01:35:48.454205+00:00,vN0MwkPIOF8,96,4,2,3416,3512,359,363,11,13,False,False,False,False
2026-05-07T01:35:48.454205+00:00,jFZPpkVszCg,2374,174,1,68110,70484,4633,4807,83,84,False,False,False,False
2026-05-07T01:35:48.454205+00:00,1_H80JEZ2ko,53816,1741,137,564238,618054,21345,23086,1885,2022,False,False,False,False
2026-05-07T01:35:48.454205+00:00,6jI9H3lyil4,2163,108,0,46889,49052,2909,3017,70,70,False,False,False,False
2026-05-07T01:35:48.454205+00:00,SVTPv4sI_Jc,100206,2879,121,1470441,1570647,51951,54830,4458,4579,False,False,False,False
2026-05-07T01:35:48.454205+00:00,SAtFZPtbMpI,13247,388,43,125492,138739,4984,5372,478,521,False,False,False,False
2026-05-07T01:35:48.454205+00:00,d7qfcHa4LTY,1095,18,1,16926,18021,412,430,13,14,False,False,False,False
2026-05-07T01:35:48.454205+00:00,a1aFhMw2wQE,5547,173,3,124763,130310,4320,4493,86,89,False,False,False,False
2026-05-07T01:35:48.454205+00:00,eCw33snvoNI,1652,51,3,43730,45382,2119,2170,150,153,False,False,False,False
2026-05-07T01:35:48.454205+00:00,dq9VW4kn19w,159,7,2,1264,1423,94,101,17,19,False,False,False,False
2026-05-07T01:35:48.454205+00:00,39rirHnSBZ4,23,0,0,370,393,9,9,0,0,False,False,False,False
2026-05-07T01:35:48.454205+00:00,bbv1p_j1P8Y,22,0,0,833,855,21,21,1,1,False,False,False,False
2026-05-07T01:35:48.454205+00:00,yveo9j8JZts,61,2,0,673,734,20,22,0,0,False,False,False,False
2026-05-07T01:35:48.454205+00:00,rRw7sYwfSVI,3808,189,17,41654,45462,2862,3051,146,163,False,False,False,False
2026-05-07T01:35:48.454205+00:00,4xed6CNu0j8,505,8,0,3728,4233,122,130,0,0,False,False,False,False
2026-05-07T01:35:48.454205+00:00,iR6FvFoW0F4,1945,114,1,14989,16934,640,754,10,11,False,False,False,False
2026-05-07T01:35:48.454205+00:00,t4S8XOHv1jg,346,12,0,23264,23610,825,837,18,18,False,False,False,False
2026-05-07T01:35:48.454205+00:00,DfeXyiagVDE,26,6,0,3496,3522,184,190,2,2,False,False,False,False
2026-05-07T01:35:48.454205+00:00,QUBjCcBXy3o,5314,241,2,110772,116086,5896,6137,204,206,False,False,False,False
2026-05-07T01:35:48.454205+00:00,KUvWaj4IFZg,13049,489,19,91179,104228,3978,4467,131,150,False,False,False,False
2026-05-07T01:35:48.454205+00:00,fRjAMALJ0r0,40151,2439,51,387440,427591,27985,30424,730,781,False,False,False,False
2026-05-07T01:35:48.454205+00:00,QNHEqcXa3Zg,6039,444,13,124468,130507,9936,10380,279,292,False,False,False,False
2026-05-07T01:35:48.454205+00:00,a4jo0YM7WRg,630,19,0,11408,12038,597,616,13,13,False,False,False,False
2026-05-07T01:35:48.454205+00:00,LNKCHWOW7aI,9594,604,50,179236,188830,15325,15929,1292,1342,False,False,False,False
2026-05-07T01:35:48.454205+00:00,aQi987cz1nk,734,62,5,11377,12111,1094,1156,137,142,False,False,False,False
2026-05-07T01:35:48.454205+00:00,DmcKWMeNWaQ,3141,121,13,32889,36030,1191,1312,88,101,False,False,False,False
2026-05-07T01:35:48.454205+00:00,vg9owOLbmvA,61,5,3,1814,1875,212,217,64,67,False,False,False,False
2026-05-07T01:35:48.454205+00:00,PGBt4pOj4Vc,43505,3162,97,503448,546953,38338,41500,1582,1679,False,False,False,False
2026-05-07T01:35:48.454205+00:00,7h3nazBbFCc,895,44,1,16018,16913,1322,1366,56,57,False,False,False,False
2026-05-07T01:35:48.454205+00:00,OCGgYu3vku4,3855,269,11,120600,124455,9848,10117,616,627,False,False,False,False
2026-05-07T01:35:48.454205+00:00,Rij6WQMuxcw,13384,696,1,310725,324109,13709,14405,302,303,False,False,False,False
2026-05-07T01:35:48.454205+00:00,AtSQBfBK6HE,61957,3794,51,790969,852926,38404,42198,713,764,False,False,False,False
2026-05-07T01:35:48.454205+00:00,98VQpHj17Ws,7193,371,5,226692,233885,12958,13329,263,268,False,False,False,False
2026-05-07T01:35:48.454205+00:00,bbhBRpDlFHE,218,19,0,3459,3677,203,222,12,12,False,True,False,False
2026-05-07T01:35:48.454205+00:00,GlgzzZEePXo,1195,90,28,19514,20709,1472,1562,402,430,False,False,False,False
2026-05-07T01:35:48.454205+00:00,SoTjeq4cQZw,179,10,0,3307,3486,130,140,3,3,False,False,False,False
2026-05-07T01:35:48.454205+00:00,L8qTgJOhpPg,99,8,0,2975,3074,138,146,12,12,False,False,False,False
2026-05-07T01:35:48.454205+00:00,Gl_2LVRaM8U,785,39,5,12920,13705,848,887,45,50,False,False,False,False
2026-05-07T01:35:48.454205+00:00,JbjnuF8OiZc,386,26,0,12210,12596,652,678,6,6,False,False,False,False
2026-05-07T01:35:48.454205+00:00,dZftIemBYVE,1428,64,2,26721,28149,1419,1483,66,68,False,False,False,False
2026-05-07T01:35:48.454205+00:00,6hNY0K71Ewo,900,57,1,18794,19694,1047,1104,42,43,False,False,False,False
2026-05-07T01:35:48.454205+00:00,B8E4azaZ13k,210,9,2,6277,6487,289,298,16,18,False,False,False,False
2026-05-07T01:35:48.454205+00:00,3Ip-TJvpjLQ,3797,184,13,17299,21096,972,1156,63,76,False,False,False,False
2026-05-07T01:35:48.454205+00:00,rJgtb2s7Oz8,1744,63,4,14987,16731,817,880,54,58,False,False,False,False
2026-05-07T01:35:48.454205+00:00,lEhOg8oVpjU,3444,110,3,40930,44374,1831,1941,117,120,False,False,False,False
2026-05-07T01:35:48.454205+00:00,U5l0Z8T4tCk,57239,4892,42,206844,264083,15329,20221,138,180,False,False,False,False
2026-05-07T01:35:48.454205+00:00,9pPCy9wqxuk,1511,173,5,55477,56988,3666,3839,193,198,False,False,False,False
2026-05-07T01:35:48.454205+00:00,Duk_kOhIimU,573,15,1,10027,10600,257,272,6,7,False,False,False,False
2026-05-07T01:35:48.454205+00:00,eAwkhxinCOc,290,6,0,18505,18795,433,439,3,3,False,False,False,False
2026-05-07T01:35:48.454205+00:00,66gMxbNKaYA,20797,618,21,367225,388022,14917,15535,343,364,False,False,False,False
2026-05-07T01:35:48.454205+00:00,8OjVlmrtW4M,3779,326,6,41026,44805,3976,4302,122,128,False,False,False,False
2026-05-07T01:35:48.454205+00:00,az3VKD9_H7Y,406,26,2,7536,7942,271,297,3,5,False,False,False,False
2026-05-07T01:35:48.454205+00:00,2y_3sFy4R1A,333,25,0,8759,9092,705,730,44,44,False,False,False,False
2026-05-07T01:35:48.454205+00:00,465Vc9I4fvc,1769,18,1,21437,23206,284,302,8,9,False,False,False,False
2026-05-07T01:35:48.454205+00:00,kBctc9rV__4,14200,376,64,22311,36511,521,897,84,148,False,False,False,False
2026-05-07T01:35:48.454205+00:00,33HT7CnI79k,10942,242,6,99496,110438,2168,2410,157,163,False,False,False,False
2026-05-07T01:35:48.454205+00:00,NdU6UdUKaYc,170831,3649,578,1362092,1532923,31736,35385,4755,5333,False,False,True,False
2026-05-07T01:35:48.454205+00:00,k8j-6Xvw_G4,231046,8415,19,2236215,2467261,98681,107096,408,427,False,False,False,False
2026-05-07T01:35:48.454205+00:00,bRy54zQmixQ,3990,100,6,274951,278941,8325,8425,757,763,False,False,False,False
2026-05-07T01:35:48.454205+00:00,B9ocddyGfo8,192108,7144,32,2409551,2601659,96274,103418,644,676,False,False,False,False
2026-05-07T01:35:48.454205+00:00,nnUFM61waQU,665,20,0,3931,4596,108,128,0,0,False,False,False,False
2026-05-07T01:35:48.454205+00:00,6dt3fd17_d0,10741,541,70,214447,225188,9095,9636,848,918,False,False,False,False
2026-05-07T01:35:48.454205+00:00,_dxtH2u5aAk,1018,25,0,24724,25742,950,975,22,22,False,False,False,False
2026-05-07T01:35:48.454205+00:00,wmeUOPjA_qc,132657,3138,98,1773874,1906531,49692,52830,1640,1738,False,False,False,False
2026-05-07T01:35:48.454205+00:00,TG39Ow5fepA,29245,683,17,901459,930704,23018,23701,432,449,False,False,False,False
2026-05-07T01:35:48.454205+00:00,fxb9BMISN54,455,53,1,2934,3389,329,382,3,4,False,False,False,False
2026-05-07T01:35:48.454205+00:00,rn0fCmYeDaI,149,32,0,3755,3904,438,470,7,7,False,False,False,False
2026-05-07T01:35:48.454205+00:00,ZjnjH_SaHyo,67,1,0,689,756,31,32,1,1,False,False,False,False
2026-05-07T01:35:48.454205+00:00,gZ3EniqK8Qc,103,10,0,4325,4428,378,388,2,2,False,False,False,False
2026-05-07T01:35:48.454205+00:00,7jg0cSWJpCA,105,13,0,2638,2743,196,209,5,5,False,False,False,False
2026-05-07T01:35:48.454205+00:00,oCsFEpxTxlI,3422,447,107,34919,38341,4687,5134,1092,1199,False,False,False,False
2026-05-07T01:35:48.454205+00:00,FCaTFLdtsco,30708,1573,31,166086,196794,5588,7161,116,147,False,False,False,False
2026-05-07T01:35:48.454205+00:00,Z50QkVZcP1k,10358,628,14,85905,96263,7657,8285,283,297,False,False,False,False
2026-05-07T01:35:48.454205+00:00,rbSEOholMxI,1384,102,13,7276,8660,623,725,154,167,False,False,False,False
2026-05-07T01:35:48.454205+00:00,OTt76d3wPiQ,21557,872,62,187714,209271,11583,12455,487,549,False,False,True,False
2026-05-07T01:35:48.454205+00:00,em-cVkkWtZo,104,7,0,1887,1991,125,132,7,7,False,False,False,False
2026-05-07T01:35:48.454205+00:00,BflRX7z7SHs,4735,543,35,30179,34914,2325,2868,302,337,False,False,False,False
2026-05-07T01:35:48.454205+00:00,gpfhjHmbmIE,21632,1773,65,222782,244414,18287,20060,998,1063,False,False,False,False
2026-05-07T01:35:48.454205+00:00,BAORYfrrBzc,20983,1201,24,420720,441703,23487,24688,472,496,False,False,False,False
2026-05-07T01:35:48.454205+00:00,5EWqr_Y2uH0,37115,803,35,469087,506202,13879,14682,1022,1057,False,False,False,False
2026-05-07T01:35:48.454205+00:00,KPjUKzX4bo8,50,6,0,2003,2053,97,103,4,4,False,False,False,False
2026-05-07T01:35:48.454205+00:00,UcgjSqz0CZs,83,0,0,1920,2003,44,44,18,18,False,False,False,False
2026-05-07T01:35:48.454205+00:00,L5HQ_jx0HX8,1186,29,0,18520,19706,608,637,32,32,False,False,False,False
2026-05-07T01:35:48.454205+00:00,l4wOStt70KU,349,10,2,1274,1623,68,78,2,4,False,False,False,False
2026-05-07T01:35:48.454205+00:00,JQ8OpyAeTxw,1311,26,1,21748,23059,825,851,28,29,False,False,False,False
2026-05-07T01:35:48.454205+00:00,Rpw1_eKZCEA,36,1,-14,1730,1766,24,25,19,5,False,False,False,False
2026-05-07T01:35:48.454205+00:00,0idqiLonGYI,271777,9532,723,1062810,1334587,34674,44206,3526,4249,False,False,False,False
2026-05-07T01:35:48.454205+00:00,k3wiE1KtSW4,7789,534,22,37339,45128,3475,4009,242,264,False,False,False,False
2026-05-07T01:35:48.454205+00:00,ttdfIEKLVks,1288,48,0,8969,10257,319,367,4,4,False,False,False,False
2026-05-07T01:35:48.454205+00:00,aqvgY-woRYk,2103,107,5,13326,15429,760,867,78,83,False,False,False,False
2026-05-07T01:35:48.454205+00:00,rHDw0XcyZ1I,24807,1833,72,51593,76400,7342,9175,174,246,False,False,False,False
2026-05-07T01:35:48.454205+00:00,SzDnUAJkenI,7354,307,2,33284,40638,1812,2119,15,17,False,False,False,False
2026-05-07T01:35:48.454205+00:00,qx6ZbgO8vtU,1724,45,1,13204,14928,421,466,20,21,False,False,False,False
2026-05-07T01:35:48.454205+00:00,u5XWNSVJajg,3739,42,0,34069,37808,536,578,6,6,False,False,False,False
2026-05-07T01:35:48.454205+00:00,z2Y4_cDvEYc,5531,83,-2,69403,74934,1518,1601,28,26,False,False,False,False
2026-05-07T01:35:48.454205+00:00,ve_y3EI_VeA,1723,91,1,7876,9599,341,432,8,9,False,False,False,False
2026-05-07T01:35:48.454205+00:00,5-0m5LUhiCc,397,26,1,2046,2443,154,180,8,9,False,False,False,False
2026-05-07T01:35:48.454205+00:00,iP-y1c7euSI,1063,25,0,9064,10127,290,315,3,3,False,False,False,False
2026-05-07T01:35:48.454205+00:00,r2choiRm7k8,153,5,0,4453,4606,262,267,12,12,False,False,False,False
2026-05-07T01:35:48.454205+00:00,F2VZtrSncAg,505,33,0,7108,7613,488,521,25,25,False,False,False,False
2026-05-07T01:35:48.454205+00:00,ZtF5VFbAs6M,2234,36,0,3814,6048,88,124,1,1,False,False,False,False
2026-05-07T01:35:48.454205+00:00,PbH29W90aw4,305,8,0,2704,3009,90,98,4,4,False,False,False,False
2026-05-07T01:35:48.454205+00:00,lVBnEL1fWnw,820,42,0,3920,4740,239,281,6,6,False,False,False,False
2026-05-07T01:35:48.454205+00:00,6CyjL4X8e7g,8317,531,8,57905,66222,4138,4669,49,57,False,False,False,False
2026-05-07T01:35:48.454205+00:00,EM5vv6_MQLY,385,67,2,1,386,16,83,1,3,False,False,False,False
2026-05-07T01:35:48.454205+00:00,qluuZfYE02A,1021,75,0,7889,8910,636,711,4,4,False,False,False,False
2026-05-07T01:35:48.454205+00:00,zRD_VJMMaPI,2634,77,-1,23880,26514,798,875,51,50,False,False,False,False
2026-05-07T01:35:48.454205+00:00,RRDqtyH9sZc,3002,108,7,19590,22592,940,1048,16,23,False,False,False,False
2026-05-07T01:35:48.454205+00:00,Fz9FjKAZ1uw,184470,5544,153,405711,590181,12669,18213,397,550,False,False,False,False
2026-05-07T01:35:48.454205+00:00,qNEB_w5ECeI,4541,82,1,16464,21005,482,564,10,11,False,False,False,False
2026-05-07T01:35:48.454205+00:00,lxRJpsidN4U,3646,294,2,12899,16545,1392,1686,20,22,False,False,False,False
2026-05-07T01:35:48.454205+00:00,jRLXiOUYpqE,68491,3610,27,324593,393084,19982,23592,246,273,False,False,False,False
2026-05-07T01:35:48.454205+00:00,SWyHoj5CRqs,9688,787,39,19694,29382,2146,2933,124,163,False,False,False,False
2026-05-07T01:35:48.454205+00:00,uTBQ0E07n88,19450,955,21,21199,40649,1403,2358,33,54,False,False,False,False
2026-05-07T01:35:48.454205+00:00,YGwqvGyl9f8,11707,515,10,54949,66656,2834,3349,109,119,False,False,False,False
2026-05-07T01:35:48.454205+00:00,m8nU1oWeHAI,1357,109,0,3633,4990,222,331,2,2,False,False,False,False
2026-05-07T01:35:48.454205+00:00,5XkSf-AWb_Y,5612,120,2,11111,16723,272,392,4,6,False,False,False,False
2026-05-07T01:35:48.454205+00:00,mJsIzeo1Onw,2820,189,20,7131,9951,679,868,71,91,False,False,False,False
2026-05-07T01:35:48.454205+00:00,Scg5AwFfs-w,1144,56,1,4113,5257,179,235,2,3,False,False,False,False
2026-05-07T01:35:48.454205+00:00,wng1spgJCoU,39235,926,92,86652,125887,3315,4241,252,344,False,False,False,False
2026-05-07T01:35:48.454205+00:00,N5iBaZ5gnfE,184365,6433,55,882506,1066871,31026,37459,353,408,False,False,False,False
2026-05-07T01:35:48.454205+00:00,n-gYFcVx-8Y,439449,20722,2674,2018987,2458436,119653,140375,18287,20961,False,False,False,False
2026-05-07T01:35:48.454205+00:00,0xt5-FTpASM,46345,1831,226,130801,177146,9293,11124,1095,1321,False,False,False,False
2026-05-07T01:35:48.454205+00:00,fKuIJ_z2Y6A,87395,3141,176,256073,343468,14672,17813,897,1073,False,False,False,False
2026-05-07T01:35:48.454205+00:00,n8bdMyQzV0U,25874,865,99,73247,99121,3269,4134,485,584,False,False,False,False
2026-05-07T01:35:48.454205+00:00,x-SEoMFBPQQ,5369,289,35,4778,10147,318,607,29,64,False,False,False,False
2026-05-07T01:35:48.454205+00:00,mYxbmWCkImc,845,28,3,2013,2858,78,106,2,5,False,False,False,False
2026-05-07T01:35:48.454205+00:00,3lUxnG8nKC0,670,50,44,1775,2445,140,190,28,72,False,False,False,False
2026-05-07T01:35:48.454205+00:00,YFc40YFhMvk,32693,1199,40,11312,44005,754,1953,26,66,False,False,False,False
2026-05-07T01:35:48.454205+00:00,SzG_O-In1vg,230870,8992,193,344268,575138,13043,22035,332,525,False,False,False,False
2026-05-07T01:35:48.454205+00:00,1djBIY7HO0k,407607,15707,116,1454409,1862016,47646,63353,524,640,False,False,False,False
2026-05-07T01:35:48.454205+00:00,VRLM4RDuurc,1869,108,4,2407,4276,189,297,11,15,False,True,False,False
2026-05-07T01:35:48.454205+00:00,em_K85l2WNY,1140,156,3,2027,3167,155,311,3,6,False,False,False,False
2026-05-07T01:35:48.454205+00:00,xIE99iYdH_o,593,76,1,2033,2626,134,210,2,3,False,False,False,False
2026-05-07T01:35:48.454205+00:00,VjcXNeQ8A_0,4662,454,2,3498,8160,298,752,5,7,False,False,False,False
2026-05-07T01:35:48.454205+00:00,Z1Ac2v8mULM,4602,372,6,5536,10138,505,877,15,21,False,False,False,False
2026-05-07T01:35:48.454205+00:00,Q3JZcugU5zw,929,86,0,3425,4354,305,391,1,1,False,False,False,False
2026-05-07T01:35:48.454205+00:00,-lDwUYFl7Iw,2089,202,1,3001,5090,379,581,7,8,False,False,False,False
2026-05-07T01:35:48.454205+00:00,WfDXOW1dNo4,2165,145,0,8047,10212,576,721,6,6,False,False,False,False
2026-05-07T01:35:48.454205+00:00,yRy6KDl2xWo,121,8,0,2538,2659,52,60,1,1,False,False,False,False
2026-05-07T01:35:48.454205+00:00,BHCpoVaQyyw,2822,218,0,4109,6931,334,552,1,1,False,False,False,False
2026-05-07T01:35:48.454205+00:00,Gs0INaKmzzQ,2329,139,0,4928,7257,335,474,7,7,False,False,False,False
2026-05-07T01:35:48.454205+00:00,NUQcYZADgLw,8527,377,7,7992,16519,500,877,12,19,False,False,False,False
2026-05-07T01:35:48.454205+00:00,kY7n4gNtHXA,1424,63,6,5438,6862,326,389,14,20,False,False,False,False
2026-05-07T01:35:48.454205+00:00,3yj9rCGNqjU,11115,265,6,18870,29985,959,1224,30,36,False,False,False,False
2026-05-07T01:35:48.454205+00:00,-fWUTi8u0_k,28574,557,27,26451,55025,1315,1872,103,130,False,False,False,False
2026-05-07T01:35:48.454205+00:00,GlOQIsLX2rA,75246,5327,80,292512,367758,18399,23726,417,497,False,False,False,False
2026-05-07T01:35:48.454205+00:00,0AheTRgTBzU,10813,543,14,21385,32198,1372,1915,34,48,False,False,False,False
2026-05-07T01:35:48.454205+00:00,MKL0tk-3UM8,9546,259,41,27311,36857,958,1217,203,244,False,False,False,False
2026-05-07T01:35:48.454205+00:00,dk-pvsityfs,1898,81,0,8441,10339,360,441,7,7,False,False,False,False
2026-05-07T01:35:48.454205+00:00,wAi4zvgGy4w,2228,140,6,10619,12847,621,761,23,29,False,False,False,False
2026-05-07T01:35:48.454205+00:00,rPAGWO3mtuE,1525,59,1,3221,4746,134,193,2,3,False,False,False,False
2026-05-07T01:35:48.454205+00:00,SnqFU1SppX8,286,16,0,1384,1670,81,97,1,1,False,False,False,False
2026-05-07T01:35:48.454205+00:00,fPnt0Q0vl-Y,773,31,0,2773,3546,122,153,1,1,False,False,False,False
2026-05-07T01:35:48.454205+00:00,KLYwFWIhPWI,23224,1340,95,57904,81128,4337,5677,200,295,False,False,False,False
2026-05-07T01:35:48.454205+00:00,Lc4kaEMcYPQ,2347,261,12,3357,5704,194,455,16,28,False,False,False,False
2026-05-07T01:35:48.454205+00:00,fbStigxrqsk,968,115,75,2530,3498,261,376,107,182,False,False,False,False
2026-05-07T01:35:48.454205+00:00,FGFaysGrKng,28011,1905,183,111912,139923,9021,10926,1165,1348,False,False,False,False
2026-05-07T01:35:48.454205+00:00,wDUtigax8Lg,272258,10714,87,696780,969038,28885,39599,358,445,False,False,False,False
2026-05-07T01:35:48.454205+00:00,XiPhamWTPcU,46718,2257,16,213508,260226,12456,14713,209,225,False,False,False,False
2026-05-07T01:35:48.454205+00:00,wgtGulLPwE8,4703,761,56,8577,13280,1721,2482,186,242,False,True,True,True
2026-05-07T01:35:48.454205+00:00,NOv3U3ZUiro,45675,1318,51,35904,81579,2203,3521,84,135,False,False,False,False
2026-05-07T01:35:48.454205+00:00,fvtE4TCiMa0,1129,48,12,3632,4761,201,249,33,45,False,False,False,False
2026-05-07T01:35:48.454205+00:00,YpOBx8xUEn8,1546,78,2,3331,4877,133,211,3,5,False,False,False,False
2026-05-07T01:35:48.454205+00:00,9ZkFpNoq8-g,105539,3300,197,247816,353355,12168,15468,1200,1397,False,False,False,False
2026-05-07T01:35:48.454205+00:00,GREaEG_0Xcw,159018,4772,376,334649,493667,12940,17712,1511,1887,False,False,False,False
2026-05-07T01:35:48.454205+00:00,Ehoi-h7_rgM,6646,547,52,16816,23462,2044,2591,219,271,False,False,False,False
2026-05-07T01:35:48.454205+00:00,Q47YOagFwk8,1587,25,-3,1633,3220,31,56,5,2,False,False,False,False
2026-05-07T01:35:48.454205+00:00,u3RceRwvVaw,755,36,-2,1202,1957,83,119,9,7,False,False,False,False
2026-05-07T01:35:48.454205+00:00,75QtulYanTE,41360,991,55,53329,94689,1770,2761,54,109,False,False,False,False
2026-05-07T01:35:48.454205+00:00,qobWiBK3PPY,7712,116,6,7489,15201,209,325,1,7,False,False,False,False
2026-05-07T01:35:48.454205+00:00,_jqAr4E6dGs,164,10,0,952,1116,47,57,1,1,False,False,False,False
2026-05-07T01:35:48.454205+00:00,r79B-_e2v-s,38292,1516,186,26582,64874,1446,2962,206,392,False,False,False,False
2026-05-07T01:35:48.454205+00:00,CWCrgNlU4UY,187,14,0,783,970,48,62,1,1,False,False,False,False
2026-05-07T01:35:48.454205+00:00,_OGwq1_pxCE,13550,619,29,28284,41834,1585,2204,69,98,False,False,False,False
2026-05-07T01:35:48.454205+00:00,7tilLI0Vifk,8058,517,32,14531,22589,1166,1683,83,115,False,False,False,False
2026-05-07T01:35:48.454205+00:00,yhuivB5l4dQ,2835,17,0,2870,5705,34,51,1,1,False,False,False,False
2026-05-07T01:35:48.454205+00:00,dyy-YNiS0U4,761,54,0,889,1650,81,135,2,2,False,False,False,False
2026-05-07T01:35:48.454205+00:00,rzVhPTSNWnE,14777,392,172,38193,52970,1201,1593,420,592,False,False,False,False
2026-05-07T01:35:48.454205+00:00,0GrbT_3jyoc,134944,6515,50,34104,169048,2838,9353,65,115,False,False,False,False
2026-05-07T01:35:48.454205+00:00,jLqibx29wgs,891,22,0,1721,2612,60,82,1,1,False,False,True,False
2026-05-07T01:35:48.454205+00:00,7eJtgn-ZUCw,265,13,0,698,963,28,41,0,0,False,False,False,False
2026-05-07T01:35:48.454205+00:00,aa_n-rMfKHE,28,2,0,56,84,5,7,0,0,False,False,False,False
2026-05-07T01:35:48.454205+00:00,MPsK-Z5jIuc,5370,218,74,6505,11875,349,567,72,146,False,True,False,False
2026-05-07T01:35:48.454205+00:00,_7wkQHhLLaU,25859,610,56,15388,41247,547,1157,2,58,False,False,False,False
2026-05-07T01:35:48.454205+00:00,daPR3ZqGbag,1524,72,9,4594,6118,264,336,1,10,False,False,False,False
2026-05-07T01:35:48.454205+00:00,_O-il5eIVDo,9848,485,58,9268,19116,707,1192,21,79,False,False,False,False
2026-05-07T01:35:48.454205+00:00,J7L9ZfugS1M,0,0,0,0,0,0,0,0,0,False,False,False,False
2026-05-07T01:35:48.454205+00:00,M0HtojL-OXQ,2698,72,0,386,3084,11,83,1,1,False,False,False,False
2026-05-07T01:35:48.454205+00:00,5V-qwSnDOJs,26597,1200,120,63,26660,2,1202,1,121,False,False,False,False
2026-05-07T01:35:48.454205+00:00,ubtx51mzCbo,21025,1767,48,926,21951,128,1895,4,52,False,False,False,False
2026-05-07T01:35:48.454205+00:00,PJQhN8D12Vk,12284,637,41,1593,13877,158,795,1,42,False,False,False,False
2026-05-07T01:35:48.454205+00:00,IaBf1jTYaIw,17413,335,65,3916,21329,126,461,0,65,False,False,False,False
2026-05-07T01:35:48.454205+00:00,z1aIT-fzbhY,11540,373,54,5375,16915,248,621,6,60,False,False,False,False
2026-05-07T01:35:48.454205+00:00,1-zrnj9Z6FA,773,37,0,166,939,10,47,1,1,False,False,False,False
2026-05-07T01:35:48.454205+00:00,Or6yvefovGU,6282,287,30,1076,7358,91,378,5,35,False,False,False,False
2026-05-07T01:35:48.454205+00:00,gIuPUj-p2Q4,2730,20,1,4012,6742,43,63,0,1,False,False,False,False
2026-05-07T01:35:48.454205+00:00,6sARbvvnHxw,18881,1177,91,909,19790,62,1239,2,93,False,False,False,False
2026-05-07T01:35:48.454205+00:00,rXhoGMAeoS8,,,,,1714,,75,,2,True,False,False,False
2026-05-07T01:35:48.454205+00:00,YIozys8ZjPs,,,,,2145,,61,,1,True,False,False,False
2026-05-07T01:35:48.454205+00:00,mCc1oPC5f-8,,,,,20382,,475,,45,True,False,False,False
2026-05-07T01:35:48.454205+00:00,iSGdQjtChUk,,,,,336,,25,,18,True,False,False,False
2026-05-07T01:35:48.454205+00:00,5qdSXAozae4,,,,,191,,5,,49,True,False,False,False
2026-05-07T01:35:48.454205+00:00,1buIx1jeQXg,,,,,1299,,97,,55,True,False,False,False
2026-05-07T01:35:48.454205+00:00,YK5lvBU6yLs,,,,,351,,21,,50,True,False,False,False
2026-05-07T01:35:48.454205+00:00,3c9Oq8VyMpg,,,,,1111,,56,,98,True,False,False,False
2026-05-07T01:35:48.454205+00:00,7JMlkwMz58I,,,,,49586,,2728,,65,True,False,False,False
2026-05-07T01:35:48.454205+00:00,Tqg-qojfcqA,,,,,6377,,548,,7,True,False,False,False
2026-05-07T01:35:48.454205+00:00,nm0rAOWyGtE,,,,,6596,,322,,7,True,False,False,False
2026-05-07T01:35:48.454205+00:00,R1Vs8Rnl1iY,,,,,7151,,365,,23,True,False,False,False
2026-05-07T01:35:48.454205+00:00,JDPom9Tnjc4,,,,,170961,,8629,,268,True,False,False,False
2026-05-07T01:35:48.454205+00:00,vp4XgAoKrUQ,,,,,28776,,1224,,34,True,False,False,False
2026-05-07T01:35:48.454205+00:00,KIL81oKLZTc,,,,,54273,,2324,,106,True,False,False,False
2026-05-07T01:35:48.454205+00:00,mPHNIsDsJio,,,,,358203,,8267,,3683,True,False,False,False
2026-05-07T01:35:48.454205+00:00,rFzeAb80DYg,,,,,6074,,318,,55,True,False,False,False
2026-05-07T01:35:48.454205+00:00,kIyN_WRhXJw,,,,,12,,4,,0,True,False,False,False
2026-05-07T01:35:48.454205+00:00,WMUsoJWxKVU,,,,,457,,18,,1,True,False,False,False
2026-05-07T01:35:48.454205+00:00,jv13-whpdgI,,,,,505,,85,,3,True,False,False,False
2026-05-07T01:35:48.454205+00:00,RtMUcQbG1_o,,,,,666,,72,,2,True,False,False,False
2026-05-07T01:35:48.454205+00:00,qPikXaHU-jY,,,,,2301,,267,,10,True,False,False,False
2026-05-07T01:35:48.454205+00:00,XAtcOrOAaIk,,,,,1673,,155,,2,True,False,False,False
2026-05-07T01:35:48.454205+00:00,iuo88mIjzbk,,,,,1690,,196,,2,True,False,False,False
2026-05-07T01:35:48.454205+00:00,MANsPvLwJs0,,,,,1795,,162,,3,True,False,False,False
2026-05-07T01:35:48.454205+00:00,1THq9IwaDm0,,,,,2569,,189,,7,True,False,False,False
2026-05-07T01:35:48.454205+00:00,wvdEIXEsnNg,,,,,1477,,122,,1,True,False,False,False
2026-05-07T01:35:48.454205+00:00,eQzS6CUt7kU,,,,,3773,,373,,9,True,False,False,False
2026-05-07T01:35:48.454205+00:00,oJI4o2LgAzY,,,,,2745,,284,,19,True,False,False,False
2026-05-07T01:35:48.454205+00:00,j_dyQn_4l44,,,,,2558,,241,,9,True,False,False,False
2026-05-07T01:35:48.454205+00:00,_AqBNvs7ko8,,,,,1702,,175,,2,True,False,False,False
2026-05-07T01:35:48.454205+00:00,CBxCE4fVpt4,,,,,8043,,687,,42,True,False,False,False
2026-05-07T01:35:48.454205+00:00,Z-XHhcFemnk,,,,,21702,,2154,,74,True,False,False,False
2026-05-07T01:35:48.454205+00:00,VCFDGjCcWZs,,,,,61728,,5207,,65,True,False,False,False
2026-05-07T01:35:48.454205+00:00,Kx0v4IeR-1s,,,,,548,,39,,1,True,False,False,False
2026-05-07T01:35:48.454205+00:00,p7K3xfViWCE,,,,,62625,,4105,,336,True,False,False,False
2026-05-07T01:35:48.454205+00:00,dp2_5avL0dM,,,,,108,,7,,0,True,False,False,False
2026-05-07T01:35:48.454205+00:00,DDUq10BCIHc,,,,,169,,10,,0,True,False,False,False
2026-05-07T01:35:48.454205+00:00,2dTKyxqxca0,,,,,247,,8,,0,True,False,False,False
2026-05-07T01:35:48.454205+00:00,xLEEiMWgp-E,,,,,2808,,184,,7,True,False,False,False
2026-05-07T01:35:48.454205+00:00,GIGLcNgNOP4,,,,,35767,,5260,,327,True,False,False,False
2026-05-07T01:35:48.454205+00:00,neH5XN_YzW0,,,,,1208,,76,,5,True,False,False,False
2026-05-07T01:35:48.454205+00:00,9Gr2QjvSQ-I,,,,,309627,,27687,,1916,True,False,False,False
2026-05-07T01:35:48.454205+00:00,YAA0iXJ9gCQ,,,,,113683,,11079,,355,True,False,False,False
2026-05-07T01:35:48.454205+00:00,TyGoMtXLLBU,,,,,10615,,903,,244,True,False,False,False
2026-05-07T01:35:48.454205+00:00,NlFAfAqX1zE,,,,,106545,,14444,,557,True,False,False,False
2026-05-07T01:35:48.454205+00:00,54IzxU24YT0,,,,,77540,,8645,,591,True,False,False,False
2026-05-07T01:35:48.454205+00:00,vQnUaLtBmBE,,,,,1026,,99,,4,True,False,False,False
2026-05-07T01:35:48.454205+00:00,J6Tn0FgJ768,,,,,46703,,2005,,203,True,False,False,False
2026-05-07T01:35:48.454205+00:00,ifa-F8OY0KY,,,,,246014,,24118,,983,True,False,False,False
2026-05-07T01:35:48.454205+00:00,oYl0cu8wos0,,,,,20674,,3637,,359,True,False,False,False
2026-05-07T01:35:48.454205+00:00,Mjq7A18Y7VY,,,,,1804,,178,,15,True,False,False,False
2026-05-07T01:35:48.454205+00:00,dbAz9kzA7yU,,,,,76372,,8143,,400,True,False,False,False
2026-05-07T01:35:48.454205+00:00,IM4NXjEW8vA,,,,,161281,,12339,,157,True,False,False,False
2026-05-07T01:35:48.454205+00:00,-0tv5_bKAaQ,,,,,385625,,22639,,418,True,False,False,False
2026-05-07T01:35:48.454205+00:00,WhjPhyarsFI,,,,,2421,,225,,37,True,False,False,False
2026-05-07T01:35:48.454205+00:00,97bQ7zx1ObY,,,,,4779,,265,,10,True,False,False,False
2026-05-07T01:35:48.454205+00:00,0QQ_jxbZbv0,,,,,319463,,32289,,549,True,False,False,False
2026-05-07T01:35:48.454205+00:00,cBokxkj8Kc0,,,,,2356,,115,,1,True,False,False,False
2026-05-07T01:35:48.454205+00:00,xhbplPX4QKI,,,,,6713,,583,,45,True,False,False,False
2026-05-07T01:35:48.454205+00:00,W-9lPpj_ILQ,,,,,1505,,174,,11,True,False,False,False
2026-05-07T01:35:48.454205+00:00,wHsJWwtQpyo,,,,,7407,,299,,0,True,False,False,False
2026-05-07T01:35:48.454205+00:00,_J_4Mjav6iI,,,,,2728,,135,,0,True,False,False,False
2026-05-07T01:35:48.454205+00:00,_Amk2MbBD_U,,,,,1185,,35,,3,True,False,False,False
2026-05-07T01:35:48.454205+00:00,1uxvXO8XY9M,,,,,22866,,1366,,99,True,False,False,False
2026-05-07T01:35:48.454205+00:00,fGOSfk8mfPY,,,,,81551,,4204,,541,True,False,False,False
2026-05-07T01:35:48.454205+00:00,etURVlpA5mA,,,,,537913,,18144,,225,True,False,False,False
2026-05-07T01:35:48.454205+00:00,dlGfZ3KjzwI,,,,,99929,,5316,,562,True,False,False,False
2026-05-07T01:35:48.454205+00:00,TIqrd6dCa8o,,,,,692255,,43615,,654,True,False,False,False
