creative_package_id,hook_id,hook_text,hook_type,expected_use,risk
cp_19_521594378d,cp_19_521594378d_h1,¿Qué cambia realmente con tema clave?,question_hook,intro,low
cp_19_521594378d,cp_19_521594378d_h2,"Muchos simplifican tema clave, pero hay matices críticos.",contrast_hook,intro,medium
cp_19_521594378d,cp_19_521594378d_h3,Los datos recientes de tema clave muestran una señal accionable.,data_hook,intro,low
cp_19_521594378d,cp_19_521594378d_h4,Error común: ejecutar tema clave sin validar evidencia.,mistake_hook,middle,medium
cp_19_521594378d,cp_19_521594378d_h5,En este video saldrás con un plan claro sobre tema clave.,promise_hook,intro,low
cp_19_521594378d,cp_19_521594378d_h6,Hay un detalle de tema clave que cambia toda la decisión.,curiosity_hook,intro,medium
cp_21_3a009a5543,cp_21_3a009a5543_h1,¿Qué cambia realmente con tema clave?,question_hook,intro,low
cp_21_3a009a5543,cp_21_3a009a5543_h2,"Muchos simplifican tema clave, pero hay matices críticos.",contrast_hook,intro,medium
cp_21_3a009a5543,cp_21_3a009a5543_h3,Los datos recientes de tema clave muestran una señal accionable.,data_hook,intro,low
cp_21_3a009a5543,cp_21_3a009a5543_h4,Error común: ejecutar tema clave sin validar evidencia.,mistake_hook,middle,medium
cp_21_3a009a5543,cp_21_3a009a5543_h5,En este video saldrás con un plan claro sobre tema clave.,promise_hook,intro,low
cp_21_3a009a5543,cp_21_3a009a5543_h6,Hay un detalle de tema clave que cambia toda la decisión.,curiosity_hook,intro,medium
cp_23_0f5933d7b9,cp_23_0f5933d7b9_h1,¿Qué cambia realmente con tema clave?,question_hook,intro,low
cp_23_0f5933d7b9,cp_23_0f5933d7b9_h2,"Muchos simplifican tema clave, pero hay matices críticos.",contrast_hook,intro,medium
cp_23_0f5933d7b9,cp_23_0f5933d7b9_h3,Los datos recientes de tema clave muestran una señal accionable.,data_hook,intro,low
cp_23_0f5933d7b9,cp_23_0f5933d7b9_h4,Error común: ejecutar tema clave sin validar evidencia.,mistake_hook,middle,medium
cp_23_0f5933d7b9,cp_23_0f5933d7b9_h5,En este video saldrás con un plan claro sobre tema clave.,promise_hook,intro,low
cp_23_0f5933d7b9,cp_23_0f5933d7b9_h6,Hay un detalle de tema clave que cambia toda la decisión.,curiosity_hook,intro,medium
cp_25_a37c6d7cfe,cp_25_a37c6d7cfe_h1,¿Qué cambia realmente con create_fast_reaction?,question_hook,intro,low
cp_25_a37c6d7cfe,cp_25_a37c6d7cfe_h2,"Muchos simplifican create_fast_reaction, pero hay matices críticos.",contrast_hook,intro,medium
cp_25_a37c6d7cfe,cp_25_a37c6d7cfe_h3,Los datos recientes de create_fast_reaction muestran una señal accionable.,data_hook,intro,low
cp_25_a37c6d7cfe,cp_25_a37c6d7cfe_h4,Error común: ejecutar create_fast_reaction sin validar evidencia.,mistake_hook,middle,medium
cp_25_a37c6d7cfe,cp_25_a37c6d7cfe_h5,En este video saldrás con un plan claro sobre create_fast_reaction.,promise_hook,intro,low
cp_25_a37c6d7cfe,cp_25_a37c6d7cfe_h6,Hay un detalle de create_fast_reaction que cambia toda la decisión.,curiosity_hook,intro,medium
cp_26_17a9391a5d,cp_26_17a9391a5d_h1,¿Qué cambia realmente con create_fast_reaction?,question_hook,intro,low
cp_26_17a9391a5d,cp_26_17a9391a5d_h2,"Muchos simplifican create_fast_reaction, pero hay matices críticos.",contrast_hook,intro,medium
cp_26_17a9391a5d,cp_26_17a9391a5d_h3,Los datos recientes de create_fast_reaction muestran una señal accionable.,data_hook,intro,low
cp_26_17a9391a5d,cp_26_17a9391a5d_h4,Error común: ejecutar create_fast_reaction sin validar evidencia.,mistake_hook,middle,medium
cp_26_17a9391a5d,cp_26_17a9391a5d_h5,En este video saldrás con un plan claro sobre create_fast_reaction.,promise_hook,intro,low
cp_26_17a9391a5d,cp_26_17a9391a5d_h6,Hay un detalle de create_fast_reaction que cambia toda la decisión.,curiosity_hook,intro,medium
cp_27_aaba52f9c0,cp_27_aaba52f9c0_h1,¿Qué cambia realmente con create_fast_reaction?,question_hook,intro,low
cp_27_aaba52f9c0,cp_27_aaba52f9c0_h2,"Muchos simplifican create_fast_reaction, pero hay matices críticos.",contrast_hook,intro,medium
cp_27_aaba52f9c0,cp_27_aaba52f9c0_h3,Los datos recientes de create_fast_reaction muestran una señal accionable.,data_hook,intro,low
cp_27_aaba52f9c0,cp_27_aaba52f9c0_h4,Error común: ejecutar create_fast_reaction sin validar evidencia.,mistake_hook,middle,medium
cp_27_aaba52f9c0,cp_27_aaba52f9c0_h5,En este video saldrás con un plan claro sobre create_fast_reaction.,promise_hook,intro,low
cp_27_aaba52f9c0,cp_27_aaba52f9c0_h6,Hay un detalle de create_fast_reaction que cambia toda la decisión.,curiosity_hook,intro,medium
cp_29_3c3027c722,cp_29_3c3027c722_h1,¿Qué cambia realmente con tema clave?,question_hook,intro,low
cp_29_3c3027c722,cp_29_3c3027c722_h2,"Muchos simplifican tema clave, pero hay matices críticos.",contrast_hook,intro,medium
cp_29_3c3027c722,cp_29_3c3027c722_h3,Los datos recientes de tema clave muestran una señal accionable.,data_hook,intro,low
cp_29_3c3027c722,cp_29_3c3027c722_h4,Error común: ejecutar tema clave sin validar evidencia.,mistake_hook,middle,medium
cp_29_3c3027c722,cp_29_3c3027c722_h5,En este video saldrás con un plan claro sobre tema clave.,promise_hook,intro,low
cp_29_3c3027c722,cp_29_3c3027c722_h6,Hay un detalle de tema clave que cambia toda la decisión.,curiosity_hook,intro,medium
cp_30_5a84be0db9,cp_30_5a84be0db9_h1,¿Qué cambia realmente con create_fast_reaction?,question_hook,intro,low
cp_30_5a84be0db9,cp_30_5a84be0db9_h2,"Muchos simplifican create_fast_reaction, pero hay matices críticos.",contrast_hook,intro,medium
cp_30_5a84be0db9,cp_30_5a84be0db9_h3,Los datos recientes de create_fast_reaction muestran una señal accionable.,data_hook,intro,low
cp_30_5a84be0db9,cp_30_5a84be0db9_h4,Error común: ejecutar create_fast_reaction sin validar evidencia.,mistake_hook,middle,medium
cp_30_5a84be0db9,cp_30_5a84be0db9_h5,En este video saldrás con un plan claro sobre create_fast_reaction.,promise_hook,intro,low
cp_30_5a84be0db9,cp_30_5a84be0db9_h6,Hay un detalle de create_fast_reaction que cambia toda la decisión.,curiosity_hook,intro,medium
cp_31_f5f93d9f45,cp_31_f5f93d9f45_h1,¿Qué cambia realmente con create_fast_reaction?,question_hook,intro,low
cp_31_f5f93d9f45,cp_31_f5f93d9f45_h2,"Muchos simplifican create_fast_reaction, pero hay matices críticos.",contrast_hook,intro,medium
cp_31_f5f93d9f45,cp_31_f5f93d9f45_h3,Los datos recientes de create_fast_reaction muestran una señal accionable.,data_hook,intro,low
cp_31_f5f93d9f45,cp_31_f5f93d9f45_h4,Error común: ejecutar create_fast_reaction sin validar evidencia.,mistake_hook,middle,medium
cp_31_f5f93d9f45,cp_31_f5f93d9f45_h5,En este video saldrás con un plan claro sobre create_fast_reaction.,promise_hook,intro,low
cp_31_f5f93d9f45,cp_31_f5f93d9f45_h6,Hay un detalle de create_fast_reaction que cambia toda la decisión.,curiosity_hook,intro,medium
cp_34_b195765105,cp_34_b195765105_h1,¿Qué cambia realmente con tema clave?,question_hook,intro,low
cp_34_b195765105,cp_34_b195765105_h2,"Muchos simplifican tema clave, pero hay matices críticos.",contrast_hook,intro,medium
cp_34_b195765105,cp_34_b195765105_h3,Los datos recientes de tema clave muestran una señal accionable.,data_hook,intro,low
cp_34_b195765105,cp_34_b195765105_h4,Error común: ejecutar tema clave sin validar evidencia.,mistake_hook,middle,medium
cp_34_b195765105,cp_34_b195765105_h5,En este video saldrás con un plan claro sobre tema clave.,promise_hook,intro,low
cp_34_b195765105,cp_34_b195765105_h6,Hay un detalle de tema clave que cambia toda la decisión.,curiosity_hook,intro,medium
cp_36_f287652a99,cp_36_f287652a99_h1,¿Qué cambia realmente con tema clave?,question_hook,intro,low
cp_36_f287652a99,cp_36_f287652a99_h2,"Muchos simplifican tema clave, pero hay matices críticos.",contrast_hook,intro,medium
cp_36_f287652a99,cp_36_f287652a99_h3,Los datos recientes de tema clave muestran una señal accionable.,data_hook,intro,low
cp_36_f287652a99,cp_36_f287652a99_h4,Error común: ejecutar tema clave sin validar evidencia.,mistake_hook,middle,medium
cp_36_f287652a99,cp_36_f287652a99_h5,En este video saldrás con un plan claro sobre tema clave.,promise_hook,intro,low
cp_36_f287652a99,cp_36_f287652a99_h6,Hay un detalle de tema clave que cambia toda la decisión.,curiosity_hook,intro,medium
cp_37_6fb78672bc,cp_37_6fb78672bc_h1,¿Qué cambia realmente con tema clave?,question_hook,intro,low
cp_37_6fb78672bc,cp_37_6fb78672bc_h2,"Muchos simplifican tema clave, pero hay matices críticos.",contrast_hook,intro,medium
cp_37_6fb78672bc,cp_37_6fb78672bc_h3,Los datos recientes de tema clave muestran una señal accionable.,data_hook,intro,low
cp_37_6fb78672bc,cp_37_6fb78672bc_h4,Error común: ejecutar tema clave sin validar evidencia.,mistake_hook,middle,medium
cp_37_6fb78672bc,cp_37_6fb78672bc_h5,En este video saldrás con un plan claro sobre tema clave.,promise_hook,intro,low
cp_37_6fb78672bc,cp_37_6fb78672bc_h6,Hay un detalle de tema clave que cambia toda la decisión.,curiosity_hook,intro,medium
cp_38_b26bb536d7,cp_38_b26bb536d7_h1,¿Qué cambia realmente con tema clave?,question_hook,intro,low
cp_38_b26bb536d7,cp_38_b26bb536d7_h2,"Muchos simplifican tema clave, pero hay matices críticos.",contrast_hook,intro,medium
cp_38_b26bb536d7,cp_38_b26bb536d7_h3,Los datos recientes de tema clave muestran una señal accionable.,data_hook,intro,low
cp_38_b26bb536d7,cp_38_b26bb536d7_h4,Error común: ejecutar tema clave sin validar evidencia.,mistake_hook,middle,medium
cp_38_b26bb536d7,cp_38_b26bb536d7_h5,En este video saldrás con un plan claro sobre tema clave.,promise_hook,intro,low
cp_38_b26bb536d7,cp_38_b26bb536d7_h6,Hay un detalle de tema clave que cambia toda la decisión.,curiosity_hook,intro,medium
cp_42_4b8b8e9043,cp_42_4b8b8e9043_h1,¿Qué cambia realmente con tema clave?,question_hook,intro,low
cp_42_4b8b8e9043,cp_42_4b8b8e9043_h2,"Muchos simplifican tema clave, pero hay matices críticos.",contrast_hook,intro,medium
cp_42_4b8b8e9043,cp_42_4b8b8e9043_h3,Los datos recientes de tema clave muestran una señal accionable.,data_hook,intro,low
cp_42_4b8b8e9043,cp_42_4b8b8e9043_h4,Error común: ejecutar tema clave sin validar evidencia.,mistake_hook,middle,medium
cp_42_4b8b8e9043,cp_42_4b8b8e9043_h5,En este video saldrás con un plan claro sobre tema clave.,promise_hook,intro,low
cp_42_4b8b8e9043,cp_42_4b8b8e9043_h6,Hay un detalle de tema clave que cambia toda la decisión.,curiosity_hook,intro,medium
cp_43_1b774edf1b,cp_43_1b774edf1b_h1,¿Qué cambia realmente con tema clave?,question_hook,intro,low
cp_43_1b774edf1b,cp_43_1b774edf1b_h2,"Muchos simplifican tema clave, pero hay matices críticos.",contrast_hook,intro,medium
cp_43_1b774edf1b,cp_43_1b774edf1b_h3,Los datos recientes de tema clave muestran una señal accionable.,data_hook,intro,low
cp_43_1b774edf1b,cp_43_1b774edf1b_h4,Error común: ejecutar tema clave sin validar evidencia.,mistake_hook,middle,medium
cp_43_1b774edf1b,cp_43_1b774edf1b_h5,En este video saldrás con un plan claro sobre tema clave.,promise_hook,intro,low
cp_43_1b774edf1b,cp_43_1b774edf1b_h6,Hay un detalle de tema clave que cambia toda la decisión.,curiosity_hook,intro,medium
cp_44_71897aa886,cp_44_71897aa886_h1,¿Qué cambia realmente con tema clave?,question_hook,intro,low
cp_44_71897aa886,cp_44_71897aa886_h2,"Muchos simplifican tema clave, pero hay matices críticos.",contrast_hook,intro,medium
cp_44_71897aa886,cp_44_71897aa886_h3,Los datos recientes de tema clave muestran una señal accionable.,data_hook,intro,low
cp_44_71897aa886,cp_44_71897aa886_h4,Error común: ejecutar tema clave sin validar evidencia.,mistake_hook,middle,medium
cp_44_71897aa886,cp_44_71897aa886_h5,En este video saldrás con un plan claro sobre tema clave.,promise_hook,intro,low
cp_44_71897aa886,cp_44_71897aa886_h6,Hay un detalle de tema clave que cambia toda la decisión.,curiosity_hook,intro,medium
cp_45_b7a99d6a07,cp_45_b7a99d6a07_h1,¿Qué cambia realmente con create_fast_reaction?,question_hook,intro,low
cp_45_b7a99d6a07,cp_45_b7a99d6a07_h2,"Muchos simplifican create_fast_reaction, pero hay matices críticos.",contrast_hook,intro,medium
cp_45_b7a99d6a07,cp_45_b7a99d6a07_h3,Los datos recientes de create_fast_reaction muestran una señal accionable.,data_hook,intro,low
cp_45_b7a99d6a07,cp_45_b7a99d6a07_h4,Error común: ejecutar create_fast_reaction sin validar evidencia.,mistake_hook,middle,medium
cp_45_b7a99d6a07,cp_45_b7a99d6a07_h5,En este video saldrás con un plan claro sobre create_fast_reaction.,promise_hook,intro,low
cp_45_b7a99d6a07,cp_45_b7a99d6a07_h6,Hay un detalle de create_fast_reaction que cambia toda la decisión.,curiosity_hook,intro,medium
cp_47_6ded38b623,cp_47_6ded38b623_h1,¿Qué cambia realmente con create_fast_reaction?,question_hook,intro,low
cp_47_6ded38b623,cp_47_6ded38b623_h2,"Muchos simplifican create_fast_reaction, pero hay matices críticos.",contrast_hook,intro,medium
cp_47_6ded38b623,cp_47_6ded38b623_h3,Los datos recientes de create_fast_reaction muestran una señal accionable.,data_hook,intro,low
cp_47_6ded38b623,cp_47_6ded38b623_h4,Error común: ejecutar create_fast_reaction sin validar evidencia.,mistake_hook,middle,medium
cp_47_6ded38b623,cp_47_6ded38b623_h5,En este video saldrás con un plan claro sobre create_fast_reaction.,promise_hook,intro,low
cp_47_6ded38b623,cp_47_6ded38b623_h6,Hay un detalle de create_fast_reaction que cambia toda la decisión.,curiosity_hook,intro,medium
cp_50_575b4cc35d,cp_50_575b4cc35d_h1,¿Qué cambia realmente con repackage_idea?,question_hook,intro,low
cp_50_575b4cc35d,cp_50_575b4cc35d_h2,"Muchos simplifican repackage_idea, pero hay matices críticos.",contrast_hook,intro,medium
cp_50_575b4cc35d,cp_50_575b4cc35d_h3,Los datos recientes de repackage_idea muestran una señal accionable.,data_hook,intro,low
cp_50_575b4cc35d,cp_50_575b4cc35d_h4,Error común: ejecutar repackage_idea sin validar evidencia.,mistake_hook,middle,medium
cp_50_575b4cc35d,cp_50_575b4cc35d_h5,En este video saldrás con un plan claro sobre repackage_idea.,promise_hook,intro,low
cp_50_575b4cc35d,cp_50_575b4cc35d_h6,Hay un detalle de repackage_idea que cambia toda la decisión.,curiosity_hook,intro,medium
cp_54_e0345ec47f,cp_54_e0345ec47f_h1,¿Qué cambia realmente con tema clave?,question_hook,intro,low
cp_54_e0345ec47f,cp_54_e0345ec47f_h2,"Muchos simplifican tema clave, pero hay matices críticos.",contrast_hook,intro,medium
cp_54_e0345ec47f,cp_54_e0345ec47f_h3,Los datos recientes de tema clave muestran una señal accionable.,data_hook,intro,low
cp_54_e0345ec47f,cp_54_e0345ec47f_h4,Error común: ejecutar tema clave sin validar evidencia.,mistake_hook,middle,medium
cp_54_e0345ec47f,cp_54_e0345ec47f_h5,En este video saldrás con un plan claro sobre tema clave.,promise_hook,intro,low
cp_54_e0345ec47f,cp_54_e0345ec47f_h6,Hay un detalle de tema clave que cambia toda la decisión.,curiosity_hook,intro,medium
cp_57_5953c183d8,cp_57_5953c183d8_h1,¿Qué cambia realmente con tema clave?,question_hook,intro,low
cp_57_5953c183d8,cp_57_5953c183d8_h2,"Muchos simplifican tema clave, pero hay matices críticos.",contrast_hook,intro,medium
cp_57_5953c183d8,cp_57_5953c183d8_h3,Los datos recientes de tema clave muestran una señal accionable.,data_hook,intro,low
cp_57_5953c183d8,cp_57_5953c183d8_h4,Error común: ejecutar tema clave sin validar evidencia.,mistake_hook,middle,medium
cp_57_5953c183d8,cp_57_5953c183d8_h5,En este video saldrás con un plan claro sobre tema clave.,promise_hook,intro,low
cp_57_5953c183d8,cp_57_5953c183d8_h6,Hay un detalle de tema clave que cambia toda la decisión.,curiosity_hook,intro,medium
cp_59_6cc6e599e5,cp_59_6cc6e599e5_h1,¿Qué cambia realmente con tema clave?,question_hook,intro,low
cp_59_6cc6e599e5,cp_59_6cc6e599e5_h2,"Muchos simplifican tema clave, pero hay matices críticos.",contrast_hook,intro,medium
cp_59_6cc6e599e5,cp_59_6cc6e599e5_h3,Los datos recientes de tema clave muestran una señal accionable.,data_hook,intro,low
cp_59_6cc6e599e5,cp_59_6cc6e599e5_h4,Error común: ejecutar tema clave sin validar evidencia.,mistake_hook,middle,medium
cp_59_6cc6e599e5,cp_59_6cc6e599e5_h5,En este video saldrás con un plan claro sobre tema clave.,promise_hook,intro,low
cp_59_6cc6e599e5,cp_59_6cc6e599e5_h6,Hay un detalle de tema clave que cambia toda la decisión.,curiosity_hook,intro,medium
cp_62_ba458abfc1,cp_62_ba458abfc1_h1,¿Qué cambia realmente con repackage_idea?,question_hook,intro,low
cp_62_ba458abfc1,cp_62_ba458abfc1_h2,"Muchos simplifican repackage_idea, pero hay matices críticos.",contrast_hook,intro,medium
cp_62_ba458abfc1,cp_62_ba458abfc1_h3,Los datos recientes de repackage_idea muestran una señal accionable.,data_hook,intro,low
cp_62_ba458abfc1,cp_62_ba458abfc1_h4,Error común: ejecutar repackage_idea sin validar evidencia.,mistake_hook,middle,medium
cp_62_ba458abfc1,cp_62_ba458abfc1_h5,En este video saldrás con un plan claro sobre repackage_idea.,promise_hook,intro,low
cp_62_ba458abfc1,cp_62_ba458abfc1_h6,Hay un detalle de repackage_idea que cambia toda la decisión.,curiosity_hook,intro,medium
cp_63_fd6c9b1219,cp_63_fd6c9b1219_h1,¿Qué cambia realmente con repackage_idea?,question_hook,intro,low
cp_63_fd6c9b1219,cp_63_fd6c9b1219_h2,"Muchos simplifican repackage_idea, pero hay matices críticos.",contrast_hook,intro,medium
cp_63_fd6c9b1219,cp_63_fd6c9b1219_h3,Los datos recientes de repackage_idea muestran una señal accionable.,data_hook,intro,low
cp_63_fd6c9b1219,cp_63_fd6c9b1219_h4,Error común: ejecutar repackage_idea sin validar evidencia.,mistake_hook,middle,medium
cp_63_fd6c9b1219,cp_63_fd6c9b1219_h5,En este video saldrás con un plan claro sobre repackage_idea.,promise_hook,intro,low
cp_63_fd6c9b1219,cp_63_fd6c9b1219_h6,Hay un detalle de repackage_idea que cambia toda la decisión.,curiosity_hook,intro,medium
cp_64_f575752d9b,cp_64_f575752d9b_h1,¿Qué cambia realmente con create_fast_reaction?,question_hook,intro,low
cp_64_f575752d9b,cp_64_f575752d9b_h2,"Muchos simplifican create_fast_reaction, pero hay matices críticos.",contrast_hook,intro,medium
cp_64_f575752d9b,cp_64_f575752d9b_h3,Los datos recientes de create_fast_reaction muestran una señal accionable.,data_hook,intro,low
cp_64_f575752d9b,cp_64_f575752d9b_h4,Error común: ejecutar create_fast_reaction sin validar evidencia.,mistake_hook,middle,medium
cp_64_f575752d9b,cp_64_f575752d9b_h5,En este video saldrás con un plan claro sobre create_fast_reaction.,promise_hook,intro,low
cp_64_f575752d9b,cp_64_f575752d9b_h6,Hay un detalle de create_fast_reaction que cambia toda la decisión.,curiosity_hook,intro,medium
cp_66_55a26cddd8,cp_66_55a26cddd8_h1,¿Qué cambia realmente con tema clave?,question_hook,intro,low
cp_66_55a26cddd8,cp_66_55a26cddd8_h2,"Muchos simplifican tema clave, pero hay matices críticos.",contrast_hook,intro,medium
cp_66_55a26cddd8,cp_66_55a26cddd8_h3,Los datos recientes de tema clave muestran una señal accionable.,data_hook,intro,low
cp_66_55a26cddd8,cp_66_55a26cddd8_h4,Error común: ejecutar tema clave sin validar evidencia.,mistake_hook,middle,medium
cp_66_55a26cddd8,cp_66_55a26cddd8_h5,En este video saldrás con un plan claro sobre tema clave.,promise_hook,intro,low
cp_66_55a26cddd8,cp_66_55a26cddd8_h6,Hay un detalle de tema clave que cambia toda la decisión.,curiosity_hook,intro,medium
cp_67_173a716fd3,cp_67_173a716fd3_h1,¿Qué cambia realmente con create_fast_reaction?,question_hook,intro,low
cp_67_173a716fd3,cp_67_173a716fd3_h2,"Muchos simplifican create_fast_reaction, pero hay matices críticos.",contrast_hook,intro,medium
cp_67_173a716fd3,cp_67_173a716fd3_h3,Los datos recientes de create_fast_reaction muestran una señal accionable.,data_hook,intro,low
cp_67_173a716fd3,cp_67_173a716fd3_h4,Error común: ejecutar create_fast_reaction sin validar evidencia.,mistake_hook,middle,medium
cp_67_173a716fd3,cp_67_173a716fd3_h5,En este video saldrás con un plan claro sobre create_fast_reaction.,promise_hook,intro,low
cp_67_173a716fd3,cp_67_173a716fd3_h6,Hay un detalle de create_fast_reaction que cambia toda la decisión.,curiosity_hook,intro,medium
cp_68_85bad6b5f0,cp_68_85bad6b5f0_h1,¿Qué cambia realmente con repackage_idea?,question_hook,intro,low
cp_68_85bad6b5f0,cp_68_85bad6b5f0_h2,"Muchos simplifican repackage_idea, pero hay matices críticos.",contrast_hook,intro,medium
cp_68_85bad6b5f0,cp_68_85bad6b5f0_h3,Los datos recientes de repackage_idea muestran una señal accionable.,data_hook,intro,low
cp_68_85bad6b5f0,cp_68_85bad6b5f0_h4,Error común: ejecutar repackage_idea sin validar evidencia.,mistake_hook,middle,medium
cp_68_85bad6b5f0,cp_68_85bad6b5f0_h5,En este video saldrás con un plan claro sobre repackage_idea.,promise_hook,intro,low
cp_68_85bad6b5f0,cp_68_85bad6b5f0_h6,Hay un detalle de repackage_idea que cambia toda la decisión.,curiosity_hook,intro,medium
cp_70_d110a31736,cp_70_d110a31736_h1,¿Qué cambia realmente con repackage_idea?,question_hook,intro,low
cp_70_d110a31736,cp_70_d110a31736_h2,"Muchos simplifican repackage_idea, pero hay matices críticos.",contrast_hook,intro,medium
cp_70_d110a31736,cp_70_d110a31736_h3,Los datos recientes de repackage_idea muestran una señal accionable.,data_hook,intro,low
cp_70_d110a31736,cp_70_d110a31736_h4,Error común: ejecutar repackage_idea sin validar evidencia.,mistake_hook,middle,medium
cp_70_d110a31736,cp_70_d110a31736_h5,En este video saldrás con un plan claro sobre repackage_idea.,promise_hook,intro,low
cp_70_d110a31736,cp_70_d110a31736_h6,Hay un detalle de repackage_idea que cambia toda la decisión.,curiosity_hook,intro,medium
cp_72_dec41a4f77,cp_72_dec41a4f77_h1,¿Qué cambia realmente con repackage_idea?,question_hook,intro,low
cp_72_dec41a4f77,cp_72_dec41a4f77_h2,"Muchos simplifican repackage_idea, pero hay matices críticos.",contrast_hook,intro,medium
cp_72_dec41a4f77,cp_72_dec41a4f77_h3,Los datos recientes de repackage_idea muestran una señal accionable.,data_hook,intro,low
cp_72_dec41a4f77,cp_72_dec41a4f77_h4,Error común: ejecutar repackage_idea sin validar evidencia.,mistake_hook,middle,medium
cp_72_dec41a4f77,cp_72_dec41a4f77_h5,En este video saldrás con un plan claro sobre repackage_idea.,promise_hook,intro,low
cp_72_dec41a4f77,cp_72_dec41a4f77_h6,Hay un detalle de repackage_idea que cambia toda la decisión.,curiosity_hook,intro,medium
cp_73_0d959eb10a,cp_73_0d959eb10a_h1,¿Qué cambia realmente con repackage_idea?,question_hook,intro,low
cp_73_0d959eb10a,cp_73_0d959eb10a_h2,"Muchos simplifican repackage_idea, pero hay matices críticos.",contrast_hook,intro,medium
cp_73_0d959eb10a,cp_73_0d959eb10a_h3,Los datos recientes de repackage_idea muestran una señal accionable.,data_hook,intro,low
cp_73_0d959eb10a,cp_73_0d959eb10a_h4,Error común: ejecutar repackage_idea sin validar evidencia.,mistake_hook,middle,medium
cp_73_0d959eb10a,cp_73_0d959eb10a_h5,En este video saldrás con un plan claro sobre repackage_idea.,promise_hook,intro,low
cp_73_0d959eb10a,cp_73_0d959eb10a_h6,Hay un detalle de repackage_idea que cambia toda la decisión.,curiosity_hook,intro,medium
cp_75_a366f04eac,cp_75_a366f04eac_h1,¿Qué cambia realmente con repackage_idea?,question_hook,intro,low
cp_75_a366f04eac,cp_75_a366f04eac_h2,"Muchos simplifican repackage_idea, pero hay matices críticos.",contrast_hook,intro,medium
cp_75_a366f04eac,cp_75_a366f04eac_h3,Los datos recientes de repackage_idea muestran una señal accionable.,data_hook,intro,low
cp_75_a366f04eac,cp_75_a366f04eac_h4,Error común: ejecutar repackage_idea sin validar evidencia.,mistake_hook,middle,medium
cp_75_a366f04eac,cp_75_a366f04eac_h5,En este video saldrás con un plan claro sobre repackage_idea.,promise_hook,intro,low
cp_75_a366f04eac,cp_75_a366f04eac_h6,Hay un detalle de repackage_idea que cambia toda la decisión.,curiosity_hook,intro,medium
cp_77_18683e1af1,cp_77_18683e1af1_h1,¿Qué cambia realmente con tema clave?,question_hook,intro,low
cp_77_18683e1af1,cp_77_18683e1af1_h2,"Muchos simplifican tema clave, pero hay matices críticos.",contrast_hook,intro,medium
cp_77_18683e1af1,cp_77_18683e1af1_h3,Los datos recientes de tema clave muestran una señal accionable.,data_hook,intro,low
cp_77_18683e1af1,cp_77_18683e1af1_h4,Error común: ejecutar tema clave sin validar evidencia.,mistake_hook,middle,medium
cp_77_18683e1af1,cp_77_18683e1af1_h5,En este video saldrás con un plan claro sobre tema clave.,promise_hook,intro,low
cp_77_18683e1af1,cp_77_18683e1af1_h6,Hay un detalle de tema clave que cambia toda la decisión.,curiosity_hook,intro,medium
cp_80_cf173acc9b,cp_80_cf173acc9b_h1,¿Qué cambia realmente con repackage_idea?,question_hook,intro,low
cp_80_cf173acc9b,cp_80_cf173acc9b_h2,"Muchos simplifican repackage_idea, pero hay matices críticos.",contrast_hook,intro,medium
cp_80_cf173acc9b,cp_80_cf173acc9b_h3,Los datos recientes de repackage_idea muestran una señal accionable.,data_hook,intro,low
cp_80_cf173acc9b,cp_80_cf173acc9b_h4,Error común: ejecutar repackage_idea sin validar evidencia.,mistake_hook,middle,medium
cp_80_cf173acc9b,cp_80_cf173acc9b_h5,En este video saldrás con un plan claro sobre repackage_idea.,promise_hook,intro,low
cp_80_cf173acc9b,cp_80_cf173acc9b_h6,Hay un detalle de repackage_idea que cambia toda la decisión.,curiosity_hook,intro,medium
cp_82_a0451017b2,cp_82_a0451017b2_h1,¿Qué cambia realmente con repackage_idea?,question_hook,intro,low
cp_82_a0451017b2,cp_82_a0451017b2_h2,"Muchos simplifican repackage_idea, pero hay matices críticos.",contrast_hook,intro,medium
cp_82_a0451017b2,cp_82_a0451017b2_h3,Los datos recientes de repackage_idea muestran una señal accionable.,data_hook,intro,low
cp_82_a0451017b2,cp_82_a0451017b2_h4,Error común: ejecutar repackage_idea sin validar evidencia.,mistake_hook,middle,medium
cp_82_a0451017b2,cp_82_a0451017b2_h5,En este video saldrás con un plan claro sobre repackage_idea.,promise_hook,intro,low
cp_82_a0451017b2,cp_82_a0451017b2_h6,Hay un detalle de repackage_idea que cambia toda la decisión.,curiosity_hook,intro,medium
cp_84_37d63f0a84,cp_84_37d63f0a84_h1,¿Qué cambia realmente con repackage_idea?,question_hook,intro,low
cp_84_37d63f0a84,cp_84_37d63f0a84_h2,"Muchos simplifican repackage_idea, pero hay matices críticos.",contrast_hook,intro,medium
cp_84_37d63f0a84,cp_84_37d63f0a84_h3,Los datos recientes de repackage_idea muestran una señal accionable.,data_hook,intro,low
cp_84_37d63f0a84,cp_84_37d63f0a84_h4,Error común: ejecutar repackage_idea sin validar evidencia.,mistake_hook,middle,medium
cp_84_37d63f0a84,cp_84_37d63f0a84_h5,En este video saldrás con un plan claro sobre repackage_idea.,promise_hook,intro,low
cp_84_37d63f0a84,cp_84_37d63f0a84_h6,Hay un detalle de repackage_idea que cambia toda la decisión.,curiosity_hook,intro,medium
cp_85_4fd30b52b3,cp_85_4fd30b52b3_h1,¿Qué cambia realmente con repackage_idea?,question_hook,intro,low
cp_85_4fd30b52b3,cp_85_4fd30b52b3_h2,"Muchos simplifican repackage_idea, pero hay matices críticos.",contrast_hook,intro,medium
cp_85_4fd30b52b3,cp_85_4fd30b52b3_h3,Los datos recientes de repackage_idea muestran una señal accionable.,data_hook,intro,low
cp_85_4fd30b52b3,cp_85_4fd30b52b3_h4,Error común: ejecutar repackage_idea sin validar evidencia.,mistake_hook,middle,medium
cp_85_4fd30b52b3,cp_85_4fd30b52b3_h5,En este video saldrás con un plan claro sobre repackage_idea.,promise_hook,intro,low
cp_85_4fd30b52b3,cp_85_4fd30b52b3_h6,Hay un detalle de repackage_idea que cambia toda la decisión.,curiosity_hook,intro,medium
cp_87_830aaeb455,cp_87_830aaeb455_h1,¿Qué cambia realmente con repackage_idea?,question_hook,intro,low
cp_87_830aaeb455,cp_87_830aaeb455_h2,"Muchos simplifican repackage_idea, pero hay matices críticos.",contrast_hook,intro,medium
cp_87_830aaeb455,cp_87_830aaeb455_h3,Los datos recientes de repackage_idea muestran una señal accionable.,data_hook,intro,low
cp_87_830aaeb455,cp_87_830aaeb455_h4,Error común: ejecutar repackage_idea sin validar evidencia.,mistake_hook,middle,medium
cp_87_830aaeb455,cp_87_830aaeb455_h5,En este video saldrás con un plan claro sobre repackage_idea.,promise_hook,intro,low
cp_87_830aaeb455,cp_87_830aaeb455_h6,Hay un detalle de repackage_idea que cambia toda la decisión.,curiosity_hook,intro,medium
cp_88_f4aaad333e,cp_88_f4aaad333e_h1,¿Qué cambia realmente con repackage_idea?,question_hook,intro,low
cp_88_f4aaad333e,cp_88_f4aaad333e_h2,"Muchos simplifican repackage_idea, pero hay matices críticos.",contrast_hook,intro,medium
cp_88_f4aaad333e,cp_88_f4aaad333e_h3,Los datos recientes de repackage_idea muestran una señal accionable.,data_hook,intro,low
cp_88_f4aaad333e,cp_88_f4aaad333e_h4,Error común: ejecutar repackage_idea sin validar evidencia.,mistake_hook,middle,medium
cp_88_f4aaad333e,cp_88_f4aaad333e_h5,En este video saldrás con un plan claro sobre repackage_idea.,promise_hook,intro,low
cp_88_f4aaad333e,cp_88_f4aaad333e_h6,Hay un detalle de repackage_idea que cambia toda la decisión.,curiosity_hook,intro,medium
cp_89_711aa3aa47,cp_89_711aa3aa47_h1,¿Qué cambia realmente con repackage_idea?,question_hook,intro,low
cp_89_711aa3aa47,cp_89_711aa3aa47_h2,"Muchos simplifican repackage_idea, pero hay matices críticos.",contrast_hook,intro,medium
cp_89_711aa3aa47,cp_89_711aa3aa47_h3,Los datos recientes de repackage_idea muestran una señal accionable.,data_hook,intro,low
cp_89_711aa3aa47,cp_89_711aa3aa47_h4,Error común: ejecutar repackage_idea sin validar evidencia.,mistake_hook,middle,medium
cp_89_711aa3aa47,cp_89_711aa3aa47_h5,En este video saldrás con un plan claro sobre repackage_idea.,promise_hook,intro,low
cp_89_711aa3aa47,cp_89_711aa3aa47_h6,Hay un detalle de repackage_idea que cambia toda la decisión.,curiosity_hook,intro,medium
cp_90_9077d5cebe,cp_90_9077d5cebe_h1,¿Qué cambia realmente con repackage_idea?,question_hook,intro,low
cp_90_9077d5cebe,cp_90_9077d5cebe_h2,"Muchos simplifican repackage_idea, pero hay matices críticos.",contrast_hook,intro,medium
cp_90_9077d5cebe,cp_90_9077d5cebe_h3,Los datos recientes de repackage_idea muestran una señal accionable.,data_hook,intro,low
cp_90_9077d5cebe,cp_90_9077d5cebe_h4,Error común: ejecutar repackage_idea sin validar evidencia.,mistake_hook,middle,medium
cp_90_9077d5cebe,cp_90_9077d5cebe_h5,En este video saldrás con un plan claro sobre repackage_idea.,promise_hook,intro,low
cp_90_9077d5cebe,cp_90_9077d5cebe_h6,Hay un detalle de repackage_idea que cambia toda la decisión.,curiosity_hook,intro,medium
cp_91_044b0916bd,cp_91_044b0916bd_h1,¿Qué cambia realmente con repackage_idea?,question_hook,intro,low
cp_91_044b0916bd,cp_91_044b0916bd_h2,"Muchos simplifican repackage_idea, pero hay matices críticos.",contrast_hook,intro,medium
cp_91_044b0916bd,cp_91_044b0916bd_h3,Los datos recientes de repackage_idea muestran una señal accionable.,data_hook,intro,low
cp_91_044b0916bd,cp_91_044b0916bd_h4,Error común: ejecutar repackage_idea sin validar evidencia.,mistake_hook,middle,medium
cp_91_044b0916bd,cp_91_044b0916bd_h5,En este video saldrás con un plan claro sobre repackage_idea.,promise_hook,intro,low
cp_91_044b0916bd,cp_91_044b0916bd_h6,Hay un detalle de repackage_idea que cambia toda la decisión.,curiosity_hook,intro,medium
cp_92_0298e939c3,cp_92_0298e939c3_h1,¿Qué cambia realmente con repackage_idea?,question_hook,intro,low
cp_92_0298e939c3,cp_92_0298e939c3_h2,"Muchos simplifican repackage_idea, pero hay matices críticos.",contrast_hook,intro,medium
cp_92_0298e939c3,cp_92_0298e939c3_h3,Los datos recientes de repackage_idea muestran una señal accionable.,data_hook,intro,low
cp_92_0298e939c3,cp_92_0298e939c3_h4,Error común: ejecutar repackage_idea sin validar evidencia.,mistake_hook,middle,medium
cp_92_0298e939c3,cp_92_0298e939c3_h5,En este video saldrás con un plan claro sobre repackage_idea.,promise_hook,intro,low
cp_92_0298e939c3,cp_92_0298e939c3_h6,Hay un detalle de repackage_idea que cambia toda la decisión.,curiosity_hook,intro,medium
cp_93_bbf8f9e3e9,cp_93_bbf8f9e3e9_h1,¿Qué cambia realmente con repackage_idea?,question_hook,intro,low
cp_93_bbf8f9e3e9,cp_93_bbf8f9e3e9_h2,"Muchos simplifican repackage_idea, pero hay matices críticos.",contrast_hook,intro,medium
cp_93_bbf8f9e3e9,cp_93_bbf8f9e3e9_h3,Los datos recientes de repackage_idea muestran una señal accionable.,data_hook,intro,low
cp_93_bbf8f9e3e9,cp_93_bbf8f9e3e9_h4,Error común: ejecutar repackage_idea sin validar evidencia.,mistake_hook,middle,medium
cp_93_bbf8f9e3e9,cp_93_bbf8f9e3e9_h5,En este video saldrás con un plan claro sobre repackage_idea.,promise_hook,intro,low
cp_93_bbf8f9e3e9,cp_93_bbf8f9e3e9_h6,Hay un detalle de repackage_idea que cambia toda la decisión.,curiosity_hook,intro,medium
cp_94_53afe98096,cp_94_53afe98096_h1,¿Qué cambia realmente con repackage_idea?,question_hook,intro,low
cp_94_53afe98096,cp_94_53afe98096_h2,"Muchos simplifican repackage_idea, pero hay matices críticos.",contrast_hook,intro,medium
cp_94_53afe98096,cp_94_53afe98096_h3,Los datos recientes de repackage_idea muestran una señal accionable.,data_hook,intro,low
cp_94_53afe98096,cp_94_53afe98096_h4,Error común: ejecutar repackage_idea sin validar evidencia.,mistake_hook,middle,medium
cp_94_53afe98096,cp_94_53afe98096_h5,En este video saldrás con un plan claro sobre repackage_idea.,promise_hook,intro,low
cp_94_53afe98096,cp_94_53afe98096_h6,Hay un detalle de repackage_idea que cambia toda la decisión.,curiosity_hook,intro,medium
cp_96_40d0d77282,cp_96_40d0d77282_h1,¿Qué cambia realmente con repackage_idea?,question_hook,intro,low
cp_96_40d0d77282,cp_96_40d0d77282_h2,"Muchos simplifican repackage_idea, pero hay matices críticos.",contrast_hook,intro,medium
cp_96_40d0d77282,cp_96_40d0d77282_h3,Los datos recientes de repackage_idea muestran una señal accionable.,data_hook,intro,low
cp_96_40d0d77282,cp_96_40d0d77282_h4,Error común: ejecutar repackage_idea sin validar evidencia.,mistake_hook,middle,medium
cp_96_40d0d77282,cp_96_40d0d77282_h5,En este video saldrás con un plan claro sobre repackage_idea.,promise_hook,intro,low
cp_96_40d0d77282,cp_96_40d0d77282_h6,Hay un detalle de repackage_idea que cambia toda la decisión.,curiosity_hook,intro,medium
cp_97_048450c4e6,cp_97_048450c4e6_h1,¿Qué cambia realmente con repackage_idea?,question_hook,intro,low
cp_97_048450c4e6,cp_97_048450c4e6_h2,"Muchos simplifican repackage_idea, pero hay matices críticos.",contrast_hook,intro,medium
cp_97_048450c4e6,cp_97_048450c4e6_h3,Los datos recientes de repackage_idea muestran una señal accionable.,data_hook,intro,low
cp_97_048450c4e6,cp_97_048450c4e6_h4,Error común: ejecutar repackage_idea sin validar evidencia.,mistake_hook,middle,medium
cp_97_048450c4e6,cp_97_048450c4e6_h5,En este video saldrás con un plan claro sobre repackage_idea.,promise_hook,intro,low
cp_97_048450c4e6,cp_97_048450c4e6_h6,Hay un detalle de repackage_idea que cambia toda la decisión.,curiosity_hook,intro,medium
cp_98_672384313d,cp_98_672384313d_h1,¿Qué cambia realmente con repackage_idea?,question_hook,intro,low
cp_98_672384313d,cp_98_672384313d_h2,"Muchos simplifican repackage_idea, pero hay matices críticos.",contrast_hook,intro,medium
cp_98_672384313d,cp_98_672384313d_h3,Los datos recientes de repackage_idea muestran una señal accionable.,data_hook,intro,low
cp_98_672384313d,cp_98_672384313d_h4,Error común: ejecutar repackage_idea sin validar evidencia.,mistake_hook,middle,medium
cp_98_672384313d,cp_98_672384313d_h5,En este video saldrás con un plan claro sobre repackage_idea.,promise_hook,intro,low
cp_98_672384313d,cp_98_672384313d_h6,Hay un detalle de repackage_idea que cambia toda la decisión.,curiosity_hook,intro,medium
cp_99_2aa66c8c7c,cp_99_2aa66c8c7c_h1,¿Qué cambia realmente con repackage_idea?,question_hook,intro,low
cp_99_2aa66c8c7c,cp_99_2aa66c8c7c_h2,"Muchos simplifican repackage_idea, pero hay matices críticos.",contrast_hook,intro,medium
cp_99_2aa66c8c7c,cp_99_2aa66c8c7c_h3,Los datos recientes de repackage_idea muestran una señal accionable.,data_hook,intro,low
cp_99_2aa66c8c7c,cp_99_2aa66c8c7c_h4,Error común: ejecutar repackage_idea sin validar evidencia.,mistake_hook,middle,medium
cp_99_2aa66c8c7c,cp_99_2aa66c8c7c_h5,En este video saldrás con un plan claro sobre repackage_idea.,promise_hook,intro,low
cp_99_2aa66c8c7c,cp_99_2aa66c8c7c_h6,Hay un detalle de repackage_idea que cambia toda la decisión.,curiosity_hook,intro,medium
cp_100_f631af1eea,cp_100_f631af1eea_h1,¿Qué cambia realmente con repackage_idea?,question_hook,intro,low
cp_100_f631af1eea,cp_100_f631af1eea_h2,"Muchos simplifican repackage_idea, pero hay matices críticos.",contrast_hook,intro,medium
cp_100_f631af1eea,cp_100_f631af1eea_h3,Los datos recientes de repackage_idea muestran una señal accionable.,data_hook,intro,low
cp_100_f631af1eea,cp_100_f631af1eea_h4,Error común: ejecutar repackage_idea sin validar evidencia.,mistake_hook,middle,medium
cp_100_f631af1eea,cp_100_f631af1eea_h5,En este video saldrás con un plan claro sobre repackage_idea.,promise_hook,intro,low
cp_100_f631af1eea,cp_100_f631af1eea_h6,Hay un detalle de repackage_idea que cambia toda la decisión.,curiosity_hook,intro,medium
cp_101_e713c12435,cp_101_e713c12435_h1,¿Qué cambia realmente con repackage_idea?,question_hook,intro,low
cp_101_e713c12435,cp_101_e713c12435_h2,"Muchos simplifican repackage_idea, pero hay matices críticos.",contrast_hook,intro,medium
cp_101_e713c12435,cp_101_e713c12435_h3,Los datos recientes de repackage_idea muestran una señal accionable.,data_hook,intro,low
cp_101_e713c12435,cp_101_e713c12435_h4,Error común: ejecutar repackage_idea sin validar evidencia.,mistake_hook,middle,medium
cp_101_e713c12435,cp_101_e713c12435_h5,En este video saldrás con un plan claro sobre repackage_idea.,promise_hook,intro,low
cp_101_e713c12435,cp_101_e713c12435_h6,Hay un detalle de repackage_idea que cambia toda la decisión.,curiosity_hook,intro,medium
cp_102_e426de7c85,cp_102_e426de7c85_h1,¿Qué cambia realmente con repackage_idea?,question_hook,intro,low
cp_102_e426de7c85,cp_102_e426de7c85_h2,"Muchos simplifican repackage_idea, pero hay matices críticos.",contrast_hook,intro,medium
cp_102_e426de7c85,cp_102_e426de7c85_h3,Los datos recientes de repackage_idea muestran una señal accionable.,data_hook,intro,low
cp_102_e426de7c85,cp_102_e426de7c85_h4,Error común: ejecutar repackage_idea sin validar evidencia.,mistake_hook,middle,medium
cp_102_e426de7c85,cp_102_e426de7c85_h5,En este video saldrás con un plan claro sobre repackage_idea.,promise_hook,intro,low
cp_102_e426de7c85,cp_102_e426de7c85_h6,Hay un detalle de repackage_idea que cambia toda la decisión.,curiosity_hook,intro,medium
cp_103_bdcf6fe51a,cp_103_bdcf6fe51a_h1,¿Qué cambia realmente con repackage_idea?,question_hook,intro,low
cp_103_bdcf6fe51a,cp_103_bdcf6fe51a_h2,"Muchos simplifican repackage_idea, pero hay matices críticos.",contrast_hook,intro,medium
cp_103_bdcf6fe51a,cp_103_bdcf6fe51a_h3,Los datos recientes de repackage_idea muestran una señal accionable.,data_hook,intro,low
cp_103_bdcf6fe51a,cp_103_bdcf6fe51a_h4,Error común: ejecutar repackage_idea sin validar evidencia.,mistake_hook,middle,medium
cp_103_bdcf6fe51a,cp_103_bdcf6fe51a_h5,En este video saldrás con un plan claro sobre repackage_idea.,promise_hook,intro,low
cp_103_bdcf6fe51a,cp_103_bdcf6fe51a_h6,Hay un detalle de repackage_idea que cambia toda la decisión.,curiosity_hook,intro,medium
cp_104_2132040959,cp_104_2132040959_h1,¿Qué cambia realmente con tema clave?,question_hook,intro,low
cp_104_2132040959,cp_104_2132040959_h2,"Muchos simplifican tema clave, pero hay matices críticos.",contrast_hook,intro,medium
cp_104_2132040959,cp_104_2132040959_h3,Los datos recientes de tema clave muestran una señal accionable.,data_hook,intro,low
cp_104_2132040959,cp_104_2132040959_h4,Error común: ejecutar tema clave sin validar evidencia.,mistake_hook,middle,medium
cp_104_2132040959,cp_104_2132040959_h5,En este video saldrás con un plan claro sobre tema clave.,promise_hook,intro,low
cp_104_2132040959,cp_104_2132040959_h6,Hay un detalle de tema clave que cambia toda la decisión.,curiosity_hook,intro,medium
cp_105_6f15c7d30d,cp_105_6f15c7d30d_h1,¿Qué cambia realmente con repackage_idea?,question_hook,intro,low
cp_105_6f15c7d30d,cp_105_6f15c7d30d_h2,"Muchos simplifican repackage_idea, pero hay matices críticos.",contrast_hook,intro,medium
cp_105_6f15c7d30d,cp_105_6f15c7d30d_h3,Los datos recientes de repackage_idea muestran una señal accionable.,data_hook,intro,low
cp_105_6f15c7d30d,cp_105_6f15c7d30d_h4,Error común: ejecutar repackage_idea sin validar evidencia.,mistake_hook,middle,medium
cp_105_6f15c7d30d,cp_105_6f15c7d30d_h5,En este video saldrás con un plan claro sobre repackage_idea.,promise_hook,intro,low
cp_105_6f15c7d30d,cp_105_6f15c7d30d_h6,Hay un detalle de repackage_idea que cambia toda la decisión.,curiosity_hook,intro,medium
cp_106_7771ae5410,cp_106_7771ae5410_h1,¿Qué cambia realmente con repackage_idea?,question_hook,intro,low
cp_106_7771ae5410,cp_106_7771ae5410_h2,"Muchos simplifican repackage_idea, pero hay matices críticos.",contrast_hook,intro,medium
cp_106_7771ae5410,cp_106_7771ae5410_h3,Los datos recientes de repackage_idea muestran una señal accionable.,data_hook,intro,low
cp_106_7771ae5410,cp_106_7771ae5410_h4,Error común: ejecutar repackage_idea sin validar evidencia.,mistake_hook,middle,medium
cp_106_7771ae5410,cp_106_7771ae5410_h5,En este video saldrás con un plan claro sobre repackage_idea.,promise_hook,intro,low
cp_106_7771ae5410,cp_106_7771ae5410_h6,Hay un detalle de repackage_idea que cambia toda la decisión.,curiosity_hook,intro,medium
cp_108_3972270f07,cp_108_3972270f07_h1,¿Qué cambia realmente con repackage_idea?,question_hook,intro,low
cp_108_3972270f07,cp_108_3972270f07_h2,"Muchos simplifican repackage_idea, pero hay matices críticos.",contrast_hook,intro,medium
cp_108_3972270f07,cp_108_3972270f07_h3,Los datos recientes de repackage_idea muestran una señal accionable.,data_hook,intro,low
cp_108_3972270f07,cp_108_3972270f07_h4,Error común: ejecutar repackage_idea sin validar evidencia.,mistake_hook,middle,medium
cp_108_3972270f07,cp_108_3972270f07_h5,En este video saldrás con un plan claro sobre repackage_idea.,promise_hook,intro,low
cp_108_3972270f07,cp_108_3972270f07_h6,Hay un detalle de repackage_idea que cambia toda la decisión.,curiosity_hook,intro,medium
cp_109_242c70578a,cp_109_242c70578a_h1,¿Qué cambia realmente con repackage_idea?,question_hook,intro,low
cp_109_242c70578a,cp_109_242c70578a_h2,"Muchos simplifican repackage_idea, pero hay matices críticos.",contrast_hook,intro,medium
cp_109_242c70578a,cp_109_242c70578a_h3,Los datos recientes de repackage_idea muestran una señal accionable.,data_hook,intro,low
cp_109_242c70578a,cp_109_242c70578a_h4,Error común: ejecutar repackage_idea sin validar evidencia.,mistake_hook,middle,medium
cp_109_242c70578a,cp_109_242c70578a_h5,En este video saldrás con un plan claro sobre repackage_idea.,promise_hook,intro,low
cp_109_242c70578a,cp_109_242c70578a_h6,Hay un detalle de repackage_idea que cambia toda la decisión.,curiosity_hook,intro,medium
cp_110_7b94b82d8c,cp_110_7b94b82d8c_h1,¿Qué cambia realmente con repackage_idea?,question_hook,intro,low
cp_110_7b94b82d8c,cp_110_7b94b82d8c_h2,"Muchos simplifican repackage_idea, pero hay matices críticos.",contrast_hook,intro,medium
cp_110_7b94b82d8c,cp_110_7b94b82d8c_h3,Los datos recientes de repackage_idea muestran una señal accionable.,data_hook,intro,low
cp_110_7b94b82d8c,cp_110_7b94b82d8c_h4,Error común: ejecutar repackage_idea sin validar evidencia.,mistake_hook,middle,medium
cp_110_7b94b82d8c,cp_110_7b94b82d8c_h5,En este video saldrás con un plan claro sobre repackage_idea.,promise_hook,intro,low
cp_110_7b94b82d8c,cp_110_7b94b82d8c_h6,Hay un detalle de repackage_idea que cambia toda la decisión.,curiosity_hook,intro,medium
cp_112_ae32fe606c,cp_112_ae32fe606c_h1,¿Qué cambia realmente con repackage_idea?,question_hook,intro,low
cp_112_ae32fe606c,cp_112_ae32fe606c_h2,"Muchos simplifican repackage_idea, pero hay matices críticos.",contrast_hook,intro,medium
cp_112_ae32fe606c,cp_112_ae32fe606c_h3,Los datos recientes de repackage_idea muestran una señal accionable.,data_hook,intro,low
cp_112_ae32fe606c,cp_112_ae32fe606c_h4,Error común: ejecutar repackage_idea sin validar evidencia.,mistake_hook,middle,medium
cp_112_ae32fe606c,cp_112_ae32fe606c_h5,En este video saldrás con un plan claro sobre repackage_idea.,promise_hook,intro,low
cp_112_ae32fe606c,cp_112_ae32fe606c_h6,Hay un detalle de repackage_idea que cambia toda la decisión.,curiosity_hook,intro,medium
cp_113_da4ad3fe1e,cp_113_da4ad3fe1e_h1,¿Qué cambia realmente con repackage_idea?,question_hook,intro,low
cp_113_da4ad3fe1e,cp_113_da4ad3fe1e_h2,"Muchos simplifican repackage_idea, pero hay matices críticos.",contrast_hook,intro,medium
cp_113_da4ad3fe1e,cp_113_da4ad3fe1e_h3,Los datos recientes de repackage_idea muestran una señal accionable.,data_hook,intro,low
cp_113_da4ad3fe1e,cp_113_da4ad3fe1e_h4,Error común: ejecutar repackage_idea sin validar evidencia.,mistake_hook,middle,medium
cp_113_da4ad3fe1e,cp_113_da4ad3fe1e_h5,En este video saldrás con un plan claro sobre repackage_idea.,promise_hook,intro,low
cp_113_da4ad3fe1e,cp_113_da4ad3fe1e_h6,Hay un detalle de repackage_idea que cambia toda la decisión.,curiosity_hook,intro,medium
cp_114_99334e90ae,cp_114_99334e90ae_h1,¿Qué cambia realmente con repackage_idea?,question_hook,intro,low
cp_114_99334e90ae,cp_114_99334e90ae_h2,"Muchos simplifican repackage_idea, pero hay matices críticos.",contrast_hook,intro,medium
cp_114_99334e90ae,cp_114_99334e90ae_h3,Los datos recientes de repackage_idea muestran una señal accionable.,data_hook,intro,low
cp_114_99334e90ae,cp_114_99334e90ae_h4,Error común: ejecutar repackage_idea sin validar evidencia.,mistake_hook,middle,medium
cp_114_99334e90ae,cp_114_99334e90ae_h5,En este video saldrás con un plan claro sobre repackage_idea.,promise_hook,intro,low
cp_114_99334e90ae,cp_114_99334e90ae_h6,Hay un detalle de repackage_idea que cambia toda la decisión.,curiosity_hook,intro,medium
cp_115_9d5d8ebb5f,cp_115_9d5d8ebb5f_h1,¿Qué cambia realmente con repackage_idea?,question_hook,intro,low
cp_115_9d5d8ebb5f,cp_115_9d5d8ebb5f_h2,"Muchos simplifican repackage_idea, pero hay matices críticos.",contrast_hook,intro,medium
cp_115_9d5d8ebb5f,cp_115_9d5d8ebb5f_h3,Los datos recientes de repackage_idea muestran una señal accionable.,data_hook,intro,low
cp_115_9d5d8ebb5f,cp_115_9d5d8ebb5f_h4,Error común: ejecutar repackage_idea sin validar evidencia.,mistake_hook,middle,medium
cp_115_9d5d8ebb5f,cp_115_9d5d8ebb5f_h5,En este video saldrás con un plan claro sobre repackage_idea.,promise_hook,intro,low
cp_115_9d5d8ebb5f,cp_115_9d5d8ebb5f_h6,Hay un detalle de repackage_idea que cambia toda la decisión.,curiosity_hook,intro,medium
cp_116_d7e3846e35,cp_116_d7e3846e35_h1,¿Qué cambia realmente con repackage_idea?,question_hook,intro,low
cp_116_d7e3846e35,cp_116_d7e3846e35_h2,"Muchos simplifican repackage_idea, pero hay matices críticos.",contrast_hook,intro,medium
cp_116_d7e3846e35,cp_116_d7e3846e35_h3,Los datos recientes de repackage_idea muestran una señal accionable.,data_hook,intro,low
cp_116_d7e3846e35,cp_116_d7e3846e35_h4,Error común: ejecutar repackage_idea sin validar evidencia.,mistake_hook,middle,medium
cp_116_d7e3846e35,cp_116_d7e3846e35_h5,En este video saldrás con un plan claro sobre repackage_idea.,promise_hook,intro,low
cp_116_d7e3846e35,cp_116_d7e3846e35_h6,Hay un detalle de repackage_idea que cambia toda la decisión.,curiosity_hook,intro,medium
cp_117_7dc19fb112,cp_117_7dc19fb112_h1,¿Qué cambia realmente con repackage_idea?,question_hook,intro,low
cp_117_7dc19fb112,cp_117_7dc19fb112_h2,"Muchos simplifican repackage_idea, pero hay matices críticos.",contrast_hook,intro,medium
cp_117_7dc19fb112,cp_117_7dc19fb112_h3,Los datos recientes de repackage_idea muestran una señal accionable.,data_hook,intro,low
cp_117_7dc19fb112,cp_117_7dc19fb112_h4,Error común: ejecutar repackage_idea sin validar evidencia.,mistake_hook,middle,medium
cp_117_7dc19fb112,cp_117_7dc19fb112_h5,En este video saldrás con un plan claro sobre repackage_idea.,promise_hook,intro,low
cp_117_7dc19fb112,cp_117_7dc19fb112_h6,Hay un detalle de repackage_idea que cambia toda la decisión.,curiosity_hook,intro,medium
cp_119_b084a99984,cp_119_b084a99984_h1,¿Qué cambia realmente con repackage_idea?,question_hook,intro,low
cp_119_b084a99984,cp_119_b084a99984_h2,"Muchos simplifican repackage_idea, pero hay matices críticos.",contrast_hook,intro,medium
cp_119_b084a99984,cp_119_b084a99984_h3,Los datos recientes de repackage_idea muestran una señal accionable.,data_hook,intro,low
cp_119_b084a99984,cp_119_b084a99984_h4,Error común: ejecutar repackage_idea sin validar evidencia.,mistake_hook,middle,medium
cp_119_b084a99984,cp_119_b084a99984_h5,En este video saldrás con un plan claro sobre repackage_idea.,promise_hook,intro,low
cp_119_b084a99984,cp_119_b084a99984_h6,Hay un detalle de repackage_idea que cambia toda la decisión.,curiosity_hook,intro,medium
cp_120_fae518e986,cp_120_fae518e986_h1,¿Qué cambia realmente con repackage_idea?,question_hook,intro,low
cp_120_fae518e986,cp_120_fae518e986_h2,"Muchos simplifican repackage_idea, pero hay matices críticos.",contrast_hook,intro,medium
cp_120_fae518e986,cp_120_fae518e986_h3,Los datos recientes de repackage_idea muestran una señal accionable.,data_hook,intro,low
cp_120_fae518e986,cp_120_fae518e986_h4,Error común: ejecutar repackage_idea sin validar evidencia.,mistake_hook,middle,medium
cp_120_fae518e986,cp_120_fae518e986_h5,En este video saldrás con un plan claro sobre repackage_idea.,promise_hook,intro,low
cp_120_fae518e986,cp_120_fae518e986_h6,Hay un detalle de repackage_idea que cambia toda la decisión.,curiosity_hook,intro,medium
cp_121_1b58c8b8f5,cp_121_1b58c8b8f5_h1,¿Qué cambia realmente con tema clave?,question_hook,intro,low
cp_121_1b58c8b8f5,cp_121_1b58c8b8f5_h2,"Muchos simplifican tema clave, pero hay matices críticos.",contrast_hook,intro,medium
cp_121_1b58c8b8f5,cp_121_1b58c8b8f5_h3,Los datos recientes de tema clave muestran una señal accionable.,data_hook,intro,low
cp_121_1b58c8b8f5,cp_121_1b58c8b8f5_h4,Error común: ejecutar tema clave sin validar evidencia.,mistake_hook,middle,medium
cp_121_1b58c8b8f5,cp_121_1b58c8b8f5_h5,En este video saldrás con un plan claro sobre tema clave.,promise_hook,intro,low
cp_121_1b58c8b8f5,cp_121_1b58c8b8f5_h6,Hay un detalle de tema clave que cambia toda la decisión.,curiosity_hook,intro,medium
cp_122_f27715aa76,cp_122_f27715aa76_h1,¿Qué cambia realmente con repackage_idea?,question_hook,intro,low
cp_122_f27715aa76,cp_122_f27715aa76_h2,"Muchos simplifican repackage_idea, pero hay matices críticos.",contrast_hook,intro,medium
cp_122_f27715aa76,cp_122_f27715aa76_h3,Los datos recientes de repackage_idea muestran una señal accionable.,data_hook,intro,low
cp_122_f27715aa76,cp_122_f27715aa76_h4,Error común: ejecutar repackage_idea sin validar evidencia.,mistake_hook,middle,medium
cp_122_f27715aa76,cp_122_f27715aa76_h5,En este video saldrás con un plan claro sobre repackage_idea.,promise_hook,intro,low
cp_122_f27715aa76,cp_122_f27715aa76_h6,Hay un detalle de repackage_idea que cambia toda la decisión.,curiosity_hook,intro,medium
cp_123_b297d467b6,cp_123_b297d467b6_h1,¿Qué cambia realmente con repackage_idea?,question_hook,intro,low
cp_123_b297d467b6,cp_123_b297d467b6_h2,"Muchos simplifican repackage_idea, pero hay matices críticos.",contrast_hook,intro,medium
cp_123_b297d467b6,cp_123_b297d467b6_h3,Los datos recientes de repackage_idea muestran una señal accionable.,data_hook,intro,low
cp_123_b297d467b6,cp_123_b297d467b6_h4,Error común: ejecutar repackage_idea sin validar evidencia.,mistake_hook,middle,medium
cp_123_b297d467b6,cp_123_b297d467b6_h5,En este video saldrás con un plan claro sobre repackage_idea.,promise_hook,intro,low
cp_123_b297d467b6,cp_123_b297d467b6_h6,Hay un detalle de repackage_idea que cambia toda la decisión.,curiosity_hook,intro,medium
cp_124_84f45fd105,cp_124_84f45fd105_h1,¿Qué cambia realmente con repackage_idea?,question_hook,intro,low
cp_124_84f45fd105,cp_124_84f45fd105_h2,"Muchos simplifican repackage_idea, pero hay matices críticos.",contrast_hook,intro,medium
cp_124_84f45fd105,cp_124_84f45fd105_h3,Los datos recientes de repackage_idea muestran una señal accionable.,data_hook,intro,low
cp_124_84f45fd105,cp_124_84f45fd105_h4,Error común: ejecutar repackage_idea sin validar evidencia.,mistake_hook,middle,medium
cp_124_84f45fd105,cp_124_84f45fd105_h5,En este video saldrás con un plan claro sobre repackage_idea.,promise_hook,intro,low
cp_124_84f45fd105,cp_124_84f45fd105_h6,Hay un detalle de repackage_idea que cambia toda la decisión.,curiosity_hook,intro,medium
cp_125_6ba421349f,cp_125_6ba421349f_h1,¿Qué cambia realmente con repackage_idea?,question_hook,intro,low
cp_125_6ba421349f,cp_125_6ba421349f_h2,"Muchos simplifican repackage_idea, pero hay matices críticos.",contrast_hook,intro,medium
cp_125_6ba421349f,cp_125_6ba421349f_h3,Los datos recientes de repackage_idea muestran una señal accionable.,data_hook,intro,low
cp_125_6ba421349f,cp_125_6ba421349f_h4,Error común: ejecutar repackage_idea sin validar evidencia.,mistake_hook,middle,medium
cp_125_6ba421349f,cp_125_6ba421349f_h5,En este video saldrás con un plan claro sobre repackage_idea.,promise_hook,intro,low
cp_125_6ba421349f,cp_125_6ba421349f_h6,Hay un detalle de repackage_idea que cambia toda la decisión.,curiosity_hook,intro,medium
cp_126_155e082fd3,cp_126_155e082fd3_h1,¿Qué cambia realmente con repackage_idea?,question_hook,intro,low
cp_126_155e082fd3,cp_126_155e082fd3_h2,"Muchos simplifican repackage_idea, pero hay matices críticos.",contrast_hook,intro,medium
cp_126_155e082fd3,cp_126_155e082fd3_h3,Los datos recientes de repackage_idea muestran una señal accionable.,data_hook,intro,low
cp_126_155e082fd3,cp_126_155e082fd3_h4,Error común: ejecutar repackage_idea sin validar evidencia.,mistake_hook,middle,medium
cp_126_155e082fd3,cp_126_155e082fd3_h5,En este video saldrás con un plan claro sobre repackage_idea.,promise_hook,intro,low
cp_126_155e082fd3,cp_126_155e082fd3_h6,Hay un detalle de repackage_idea que cambia toda la decisión.,curiosity_hook,intro,medium
cp_127_58591d4602,cp_127_58591d4602_h1,¿Qué cambia realmente con repackage_idea?,question_hook,intro,low
cp_127_58591d4602,cp_127_58591d4602_h2,"Muchos simplifican repackage_idea, pero hay matices críticos.",contrast_hook,intro,medium
cp_127_58591d4602,cp_127_58591d4602_h3,Los datos recientes de repackage_idea muestran una señal accionable.,data_hook,intro,low
cp_127_58591d4602,cp_127_58591d4602_h4,Error común: ejecutar repackage_idea sin validar evidencia.,mistake_hook,middle,medium
cp_127_58591d4602,cp_127_58591d4602_h5,En este video saldrás con un plan claro sobre repackage_idea.,promise_hook,intro,low
cp_127_58591d4602,cp_127_58591d4602_h6,Hay un detalle de repackage_idea que cambia toda la decisión.,curiosity_hook,intro,medium
cp_128_c712ba5869,cp_128_c712ba5869_h1,¿Qué cambia realmente con repackage_idea?,question_hook,intro,low
cp_128_c712ba5869,cp_128_c712ba5869_h2,"Muchos simplifican repackage_idea, pero hay matices críticos.",contrast_hook,intro,medium
cp_128_c712ba5869,cp_128_c712ba5869_h3,Los datos recientes de repackage_idea muestran una señal accionable.,data_hook,intro,low
cp_128_c712ba5869,cp_128_c712ba5869_h4,Error común: ejecutar repackage_idea sin validar evidencia.,mistake_hook,middle,medium
cp_128_c712ba5869,cp_128_c712ba5869_h5,En este video saldrás con un plan claro sobre repackage_idea.,promise_hook,intro,low
cp_128_c712ba5869,cp_128_c712ba5869_h6,Hay un detalle de repackage_idea que cambia toda la decisión.,curiosity_hook,intro,medium
cp_129_86103dbd8b,cp_129_86103dbd8b_h1,¿Qué cambia realmente con repackage_idea?,question_hook,intro,low
cp_129_86103dbd8b,cp_129_86103dbd8b_h2,"Muchos simplifican repackage_idea, pero hay matices críticos.",contrast_hook,intro,medium
cp_129_86103dbd8b,cp_129_86103dbd8b_h3,Los datos recientes de repackage_idea muestran una señal accionable.,data_hook,intro,low
cp_129_86103dbd8b,cp_129_86103dbd8b_h4,Error común: ejecutar repackage_idea sin validar evidencia.,mistake_hook,middle,medium
cp_129_86103dbd8b,cp_129_86103dbd8b_h5,En este video saldrás con un plan claro sobre repackage_idea.,promise_hook,intro,low
cp_129_86103dbd8b,cp_129_86103dbd8b_h6,Hay un detalle de repackage_idea que cambia toda la decisión.,curiosity_hook,intro,medium
cp_131_58175dba11,cp_131_58175dba11_h1,¿Qué cambia realmente con repackage_idea?,question_hook,intro,low
cp_131_58175dba11,cp_131_58175dba11_h2,"Muchos simplifican repackage_idea, pero hay matices críticos.",contrast_hook,intro,medium
cp_131_58175dba11,cp_131_58175dba11_h3,Los datos recientes de repackage_idea muestran una señal accionable.,data_hook,intro,low
cp_131_58175dba11,cp_131_58175dba11_h4,Error común: ejecutar repackage_idea sin validar evidencia.,mistake_hook,middle,medium
cp_131_58175dba11,cp_131_58175dba11_h5,En este video saldrás con un plan claro sobre repackage_idea.,promise_hook,intro,low
cp_131_58175dba11,cp_131_58175dba11_h6,Hay un detalle de repackage_idea que cambia toda la decisión.,curiosity_hook,intro,medium
cp_132_763e20a426,cp_132_763e20a426_h1,¿Qué cambia realmente con repackage_idea?,question_hook,intro,low
cp_132_763e20a426,cp_132_763e20a426_h2,"Muchos simplifican repackage_idea, pero hay matices críticos.",contrast_hook,intro,medium
cp_132_763e20a426,cp_132_763e20a426_h3,Los datos recientes de repackage_idea muestran una señal accionable.,data_hook,intro,low
cp_132_763e20a426,cp_132_763e20a426_h4,Error común: ejecutar repackage_idea sin validar evidencia.,mistake_hook,middle,medium
cp_132_763e20a426,cp_132_763e20a426_h5,En este video saldrás con un plan claro sobre repackage_idea.,promise_hook,intro,low
cp_132_763e20a426,cp_132_763e20a426_h6,Hay un detalle de repackage_idea que cambia toda la decisión.,curiosity_hook,intro,medium
cp_133_dd306fc31d,cp_133_dd306fc31d_h1,¿Qué cambia realmente con repackage_idea?,question_hook,intro,low
cp_133_dd306fc31d,cp_133_dd306fc31d_h2,"Muchos simplifican repackage_idea, pero hay matices críticos.",contrast_hook,intro,medium
cp_133_dd306fc31d,cp_133_dd306fc31d_h3,Los datos recientes de repackage_idea muestran una señal accionable.,data_hook,intro,low
cp_133_dd306fc31d,cp_133_dd306fc31d_h4,Error común: ejecutar repackage_idea sin validar evidencia.,mistake_hook,middle,medium
cp_133_dd306fc31d,cp_133_dd306fc31d_h5,En este video saldrás con un plan claro sobre repackage_idea.,promise_hook,intro,low
cp_133_dd306fc31d,cp_133_dd306fc31d_h6,Hay un detalle de repackage_idea que cambia toda la decisión.,curiosity_hook,intro,medium
cp_134_1b64f7c865,cp_134_1b64f7c865_h1,¿Qué cambia realmente con repackage_idea?,question_hook,intro,low
cp_134_1b64f7c865,cp_134_1b64f7c865_h2,"Muchos simplifican repackage_idea, pero hay matices críticos.",contrast_hook,intro,medium
cp_134_1b64f7c865,cp_134_1b64f7c865_h3,Los datos recientes de repackage_idea muestran una señal accionable.,data_hook,intro,low
cp_134_1b64f7c865,cp_134_1b64f7c865_h4,Error común: ejecutar repackage_idea sin validar evidencia.,mistake_hook,middle,medium
cp_134_1b64f7c865,cp_134_1b64f7c865_h5,En este video saldrás con un plan claro sobre repackage_idea.,promise_hook,intro,low
cp_134_1b64f7c865,cp_134_1b64f7c865_h6,Hay un detalle de repackage_idea que cambia toda la decisión.,curiosity_hook,intro,medium
cp_135_c0b138b929,cp_135_c0b138b929_h1,¿Qué cambia realmente con create_fast_reaction?,question_hook,intro,low
cp_135_c0b138b929,cp_135_c0b138b929_h2,"Muchos simplifican create_fast_reaction, pero hay matices críticos.",contrast_hook,intro,medium
cp_135_c0b138b929,cp_135_c0b138b929_h3,Los datos recientes de create_fast_reaction muestran una señal accionable.,data_hook,intro,low
cp_135_c0b138b929,cp_135_c0b138b929_h4,Error común: ejecutar create_fast_reaction sin validar evidencia.,mistake_hook,middle,medium
cp_135_c0b138b929,cp_135_c0b138b929_h5,En este video saldrás con un plan claro sobre create_fast_reaction.,promise_hook,intro,low
cp_135_c0b138b929,cp_135_c0b138b929_h6,Hay un detalle de create_fast_reaction que cambia toda la decisión.,curiosity_hook,intro,medium
cp_136_4034ba064f,cp_136_4034ba064f_h1,¿Qué cambia realmente con repackage_idea?,question_hook,intro,low
cp_136_4034ba064f,cp_136_4034ba064f_h2,"Muchos simplifican repackage_idea, pero hay matices críticos.",contrast_hook,intro,medium
cp_136_4034ba064f,cp_136_4034ba064f_h3,Los datos recientes de repackage_idea muestran una señal accionable.,data_hook,intro,low
cp_136_4034ba064f,cp_136_4034ba064f_h4,Error común: ejecutar repackage_idea sin validar evidencia.,mistake_hook,middle,medium
cp_136_4034ba064f,cp_136_4034ba064f_h5,En este video saldrás con un plan claro sobre repackage_idea.,promise_hook,intro,low
cp_136_4034ba064f,cp_136_4034ba064f_h6,Hay un detalle de repackage_idea que cambia toda la decisión.,curiosity_hook,intro,medium
cp_137_5950c37c19,cp_137_5950c37c19_h1,¿Qué cambia realmente con repackage_idea?,question_hook,intro,low
cp_137_5950c37c19,cp_137_5950c37c19_h2,"Muchos simplifican repackage_idea, pero hay matices críticos.",contrast_hook,intro,medium
cp_137_5950c37c19,cp_137_5950c37c19_h3,Los datos recientes de repackage_idea muestran una señal accionable.,data_hook,intro,low
cp_137_5950c37c19,cp_137_5950c37c19_h4,Error común: ejecutar repackage_idea sin validar evidencia.,mistake_hook,middle,medium
cp_137_5950c37c19,cp_137_5950c37c19_h5,En este video saldrás con un plan claro sobre repackage_idea.,promise_hook,intro,low
cp_137_5950c37c19,cp_137_5950c37c19_h6,Hay un detalle de repackage_idea que cambia toda la decisión.,curiosity_hook,intro,medium
cp_140_53a79502a1,cp_140_53a79502a1_h1,¿Qué cambia realmente con repackage_idea?,question_hook,intro,low
cp_140_53a79502a1,cp_140_53a79502a1_h2,"Muchos simplifican repackage_idea, pero hay matices críticos.",contrast_hook,intro,medium
cp_140_53a79502a1,cp_140_53a79502a1_h3,Los datos recientes de repackage_idea muestran una señal accionable.,data_hook,intro,low
cp_140_53a79502a1,cp_140_53a79502a1_h4,Error común: ejecutar repackage_idea sin validar evidencia.,mistake_hook,middle,medium
cp_140_53a79502a1,cp_140_53a79502a1_h5,En este video saldrás con un plan claro sobre repackage_idea.,promise_hook,intro,low
cp_140_53a79502a1,cp_140_53a79502a1_h6,Hay un detalle de repackage_idea que cambia toda la decisión.,curiosity_hook,intro,medium
cp_141_48cad6bde5,cp_141_48cad6bde5_h1,¿Qué cambia realmente con repackage_idea?,question_hook,intro,low
cp_141_48cad6bde5,cp_141_48cad6bde5_h2,"Muchos simplifican repackage_idea, pero hay matices críticos.",contrast_hook,intro,medium
cp_141_48cad6bde5,cp_141_48cad6bde5_h3,Los datos recientes de repackage_idea muestran una señal accionable.,data_hook,intro,low
cp_141_48cad6bde5,cp_141_48cad6bde5_h4,Error común: ejecutar repackage_idea sin validar evidencia.,mistake_hook,middle,medium
cp_141_48cad6bde5,cp_141_48cad6bde5_h5,En este video saldrás con un plan claro sobre repackage_idea.,promise_hook,intro,low
cp_141_48cad6bde5,cp_141_48cad6bde5_h6,Hay un detalle de repackage_idea que cambia toda la decisión.,curiosity_hook,intro,medium
cp_142_f68bb03219,cp_142_f68bb03219_h1,¿Qué cambia realmente con repackage_idea?,question_hook,intro,low
cp_142_f68bb03219,cp_142_f68bb03219_h2,"Muchos simplifican repackage_idea, pero hay matices críticos.",contrast_hook,intro,medium
cp_142_f68bb03219,cp_142_f68bb03219_h3,Los datos recientes de repackage_idea muestran una señal accionable.,data_hook,intro,low
cp_142_f68bb03219,cp_142_f68bb03219_h4,Error común: ejecutar repackage_idea sin validar evidencia.,mistake_hook,middle,medium
cp_142_f68bb03219,cp_142_f68bb03219_h5,En este video saldrás con un plan claro sobre repackage_idea.,promise_hook,intro,low
cp_142_f68bb03219,cp_142_f68bb03219_h6,Hay un detalle de repackage_idea que cambia toda la decisión.,curiosity_hook,intro,medium
cp_145_9f9cdccf17,cp_145_9f9cdccf17_h1,¿Qué cambia realmente con repackage_idea?,question_hook,intro,low
cp_145_9f9cdccf17,cp_145_9f9cdccf17_h2,"Muchos simplifican repackage_idea, pero hay matices críticos.",contrast_hook,intro,medium
cp_145_9f9cdccf17,cp_145_9f9cdccf17_h3,Los datos recientes de repackage_idea muestran una señal accionable.,data_hook,intro,low
cp_145_9f9cdccf17,cp_145_9f9cdccf17_h4,Error común: ejecutar repackage_idea sin validar evidencia.,mistake_hook,middle,medium
cp_145_9f9cdccf17,cp_145_9f9cdccf17_h5,En este video saldrás con un plan claro sobre repackage_idea.,promise_hook,intro,low
cp_145_9f9cdccf17,cp_145_9f9cdccf17_h6,Hay un detalle de repackage_idea que cambia toda la decisión.,curiosity_hook,intro,medium
cp_146_4461f774ca,cp_146_4461f774ca_h1,¿Qué cambia realmente con tema clave?,question_hook,intro,low
cp_146_4461f774ca,cp_146_4461f774ca_h2,"Muchos simplifican tema clave, pero hay matices críticos.",contrast_hook,intro,medium
cp_146_4461f774ca,cp_146_4461f774ca_h3,Los datos recientes de tema clave muestran una señal accionable.,data_hook,intro,low
cp_146_4461f774ca,cp_146_4461f774ca_h4,Error común: ejecutar tema clave sin validar evidencia.,mistake_hook,middle,medium
cp_146_4461f774ca,cp_146_4461f774ca_h5,En este video saldrás con un plan claro sobre tema clave.,promise_hook,intro,low
cp_146_4461f774ca,cp_146_4461f774ca_h6,Hay un detalle de tema clave que cambia toda la decisión.,curiosity_hook,intro,medium
cp_147_eb3fcaa1eb,cp_147_eb3fcaa1eb_h1,¿Qué cambia realmente con repackage_idea?,question_hook,intro,low
cp_147_eb3fcaa1eb,cp_147_eb3fcaa1eb_h2,"Muchos simplifican repackage_idea, pero hay matices críticos.",contrast_hook,intro,medium
cp_147_eb3fcaa1eb,cp_147_eb3fcaa1eb_h3,Los datos recientes de repackage_idea muestran una señal accionable.,data_hook,intro,low
cp_147_eb3fcaa1eb,cp_147_eb3fcaa1eb_h4,Error común: ejecutar repackage_idea sin validar evidencia.,mistake_hook,middle,medium
cp_147_eb3fcaa1eb,cp_147_eb3fcaa1eb_h5,En este video saldrás con un plan claro sobre repackage_idea.,promise_hook,intro,low
cp_147_eb3fcaa1eb,cp_147_eb3fcaa1eb_h6,Hay un detalle de repackage_idea que cambia toda la decisión.,curiosity_hook,intro,medium
cp_148_86a9f308f9,cp_148_86a9f308f9_h1,¿Qué cambia realmente con repackage_idea?,question_hook,intro,low
cp_148_86a9f308f9,cp_148_86a9f308f9_h2,"Muchos simplifican repackage_idea, pero hay matices críticos.",contrast_hook,intro,medium
cp_148_86a9f308f9,cp_148_86a9f308f9_h3,Los datos recientes de repackage_idea muestran una señal accionable.,data_hook,intro,low
cp_148_86a9f308f9,cp_148_86a9f308f9_h4,Error común: ejecutar repackage_idea sin validar evidencia.,mistake_hook,middle,medium
cp_148_86a9f308f9,cp_148_86a9f308f9_h5,En este video saldrás con un plan claro sobre repackage_idea.,promise_hook,intro,low
cp_148_86a9f308f9,cp_148_86a9f308f9_h6,Hay un detalle de repackage_idea que cambia toda la decisión.,curiosity_hook,intro,medium
cp_149_a998914988,cp_149_a998914988_h1,¿Qué cambia realmente con repackage_idea?,question_hook,intro,low
cp_149_a998914988,cp_149_a998914988_h2,"Muchos simplifican repackage_idea, pero hay matices críticos.",contrast_hook,intro,medium
cp_149_a998914988,cp_149_a998914988_h3,Los datos recientes de repackage_idea muestran una señal accionable.,data_hook,intro,low
cp_149_a998914988,cp_149_a998914988_h4,Error común: ejecutar repackage_idea sin validar evidencia.,mistake_hook,middle,medium
cp_149_a998914988,cp_149_a998914988_h5,En este video saldrás con un plan claro sobre repackage_idea.,promise_hook,intro,low
cp_149_a998914988,cp_149_a998914988_h6,Hay un detalle de repackage_idea que cambia toda la decisión.,curiosity_hook,intro,medium
cp_150_465b2c0459,cp_150_465b2c0459_h1,¿Qué cambia realmente con repackage_idea?,question_hook,intro,low
cp_150_465b2c0459,cp_150_465b2c0459_h2,"Muchos simplifican repackage_idea, pero hay matices críticos.",contrast_hook,intro,medium
cp_150_465b2c0459,cp_150_465b2c0459_h3,Los datos recientes de repackage_idea muestran una señal accionable.,data_hook,intro,low
cp_150_465b2c0459,cp_150_465b2c0459_h4,Error común: ejecutar repackage_idea sin validar evidencia.,mistake_hook,middle,medium
cp_150_465b2c0459,cp_150_465b2c0459_h5,En este video saldrás con un plan claro sobre repackage_idea.,promise_hook,intro,low
cp_150_465b2c0459,cp_150_465b2c0459_h6,Hay un detalle de repackage_idea que cambia toda la decisión.,curiosity_hook,intro,medium
cp_151_0ad0466d85,cp_151_0ad0466d85_h1,¿Qué cambia realmente con repackage_idea?,question_hook,intro,low
cp_151_0ad0466d85,cp_151_0ad0466d85_h2,"Muchos simplifican repackage_idea, pero hay matices críticos.",contrast_hook,intro,medium
cp_151_0ad0466d85,cp_151_0ad0466d85_h3,Los datos recientes de repackage_idea muestran una señal accionable.,data_hook,intro,low
cp_151_0ad0466d85,cp_151_0ad0466d85_h4,Error común: ejecutar repackage_idea sin validar evidencia.,mistake_hook,middle,medium
cp_151_0ad0466d85,cp_151_0ad0466d85_h5,En este video saldrás con un plan claro sobre repackage_idea.,promise_hook,intro,low
cp_151_0ad0466d85,cp_151_0ad0466d85_h6,Hay un detalle de repackage_idea que cambia toda la decisión.,curiosity_hook,intro,medium
cp_152_bd5b7bc5b8,cp_152_bd5b7bc5b8_h1,¿Qué cambia realmente con repackage_idea?,question_hook,intro,low
cp_152_bd5b7bc5b8,cp_152_bd5b7bc5b8_h2,"Muchos simplifican repackage_idea, pero hay matices críticos.",contrast_hook,intro,medium
cp_152_bd5b7bc5b8,cp_152_bd5b7bc5b8_h3,Los datos recientes de repackage_idea muestran una señal accionable.,data_hook,intro,low
cp_152_bd5b7bc5b8,cp_152_bd5b7bc5b8_h4,Error común: ejecutar repackage_idea sin validar evidencia.,mistake_hook,middle,medium
cp_152_bd5b7bc5b8,cp_152_bd5b7bc5b8_h5,En este video saldrás con un plan claro sobre repackage_idea.,promise_hook,intro,low
cp_152_bd5b7bc5b8,cp_152_bd5b7bc5b8_h6,Hay un detalle de repackage_idea que cambia toda la decisión.,curiosity_hook,intro,medium
cp_153_4e19a9b29a,cp_153_4e19a9b29a_h1,¿Qué cambia realmente con repackage_idea?,question_hook,intro,low
cp_153_4e19a9b29a,cp_153_4e19a9b29a_h2,"Muchos simplifican repackage_idea, pero hay matices críticos.",contrast_hook,intro,medium
cp_153_4e19a9b29a,cp_153_4e19a9b29a_h3,Los datos recientes de repackage_idea muestran una señal accionable.,data_hook,intro,low
cp_153_4e19a9b29a,cp_153_4e19a9b29a_h4,Error común: ejecutar repackage_idea sin validar evidencia.,mistake_hook,middle,medium
cp_153_4e19a9b29a,cp_153_4e19a9b29a_h5,En este video saldrás con un plan claro sobre repackage_idea.,promise_hook,intro,low
cp_153_4e19a9b29a,cp_153_4e19a9b29a_h6,Hay un detalle de repackage_idea que cambia toda la decisión.,curiosity_hook,intro,medium
cp_155_894b438456,cp_155_894b438456_h1,¿Qué cambia realmente con repackage_idea?,question_hook,intro,low
cp_155_894b438456,cp_155_894b438456_h2,"Muchos simplifican repackage_idea, pero hay matices críticos.",contrast_hook,intro,medium
cp_155_894b438456,cp_155_894b438456_h3,Los datos recientes de repackage_idea muestran una señal accionable.,data_hook,intro,low
cp_155_894b438456,cp_155_894b438456_h4,Error común: ejecutar repackage_idea sin validar evidencia.,mistake_hook,middle,medium
cp_155_894b438456,cp_155_894b438456_h5,En este video saldrás con un plan claro sobre repackage_idea.,promise_hook,intro,low
cp_155_894b438456,cp_155_894b438456_h6,Hay un detalle de repackage_idea que cambia toda la decisión.,curiosity_hook,intro,medium
cp_156_349bc77b4d,cp_156_349bc77b4d_h1,¿Qué cambia realmente con repackage_idea?,question_hook,intro,low
cp_156_349bc77b4d,cp_156_349bc77b4d_h2,"Muchos simplifican repackage_idea, pero hay matices críticos.",contrast_hook,intro,medium
cp_156_349bc77b4d,cp_156_349bc77b4d_h3,Los datos recientes de repackage_idea muestran una señal accionable.,data_hook,intro,low
cp_156_349bc77b4d,cp_156_349bc77b4d_h4,Error común: ejecutar repackage_idea sin validar evidencia.,mistake_hook,middle,medium
cp_156_349bc77b4d,cp_156_349bc77b4d_h5,En este video saldrás con un plan claro sobre repackage_idea.,promise_hook,intro,low
cp_156_349bc77b4d,cp_156_349bc77b4d_h6,Hay un detalle de repackage_idea que cambia toda la decisión.,curiosity_hook,intro,medium
cp_157_e33fdb11e1,cp_157_e33fdb11e1_h1,¿Qué cambia realmente con repackage_idea?,question_hook,intro,low
cp_157_e33fdb11e1,cp_157_e33fdb11e1_h2,"Muchos simplifican repackage_idea, pero hay matices críticos.",contrast_hook,intro,medium
cp_157_e33fdb11e1,cp_157_e33fdb11e1_h3,Los datos recientes de repackage_idea muestran una señal accionable.,data_hook,intro,low
cp_157_e33fdb11e1,cp_157_e33fdb11e1_h4,Error común: ejecutar repackage_idea sin validar evidencia.,mistake_hook,middle,medium
cp_157_e33fdb11e1,cp_157_e33fdb11e1_h5,En este video saldrás con un plan claro sobre repackage_idea.,promise_hook,intro,low
cp_157_e33fdb11e1,cp_157_e33fdb11e1_h6,Hay un detalle de repackage_idea que cambia toda la decisión.,curiosity_hook,intro,medium
cp_159_7f1b545bc7,cp_159_7f1b545bc7_h1,¿Qué cambia realmente con repackage_idea?,question_hook,intro,low
cp_159_7f1b545bc7,cp_159_7f1b545bc7_h2,"Muchos simplifican repackage_idea, pero hay matices críticos.",contrast_hook,intro,medium
cp_159_7f1b545bc7,cp_159_7f1b545bc7_h3,Los datos recientes de repackage_idea muestran una señal accionable.,data_hook,intro,low
cp_159_7f1b545bc7,cp_159_7f1b545bc7_h4,Error común: ejecutar repackage_idea sin validar evidencia.,mistake_hook,middle,medium
cp_159_7f1b545bc7,cp_159_7f1b545bc7_h5,En este video saldrás con un plan claro sobre repackage_idea.,promise_hook,intro,low
cp_159_7f1b545bc7,cp_159_7f1b545bc7_h6,Hay un detalle de repackage_idea que cambia toda la decisión.,curiosity_hook,intro,medium
cp_160_af0c81a61d,cp_160_af0c81a61d_h1,¿Qué cambia realmente con repackage_idea?,question_hook,intro,low
cp_160_af0c81a61d,cp_160_af0c81a61d_h2,"Muchos simplifican repackage_idea, pero hay matices críticos.",contrast_hook,intro,medium
cp_160_af0c81a61d,cp_160_af0c81a61d_h3,Los datos recientes de repackage_idea muestran una señal accionable.,data_hook,intro,low
cp_160_af0c81a61d,cp_160_af0c81a61d_h4,Error común: ejecutar repackage_idea sin validar evidencia.,mistake_hook,middle,medium
cp_160_af0c81a61d,cp_160_af0c81a61d_h5,En este video saldrás con un plan claro sobre repackage_idea.,promise_hook,intro,low
cp_160_af0c81a61d,cp_160_af0c81a61d_h6,Hay un detalle de repackage_idea que cambia toda la decisión.,curiosity_hook,intro,medium
cp_161_8fe5cb771c,cp_161_8fe5cb771c_h1,¿Qué cambia realmente con repackage_idea?,question_hook,intro,low
cp_161_8fe5cb771c,cp_161_8fe5cb771c_h2,"Muchos simplifican repackage_idea, pero hay matices críticos.",contrast_hook,intro,medium
cp_161_8fe5cb771c,cp_161_8fe5cb771c_h3,Los datos recientes de repackage_idea muestran una señal accionable.,data_hook,intro,low
cp_161_8fe5cb771c,cp_161_8fe5cb771c_h4,Error común: ejecutar repackage_idea sin validar evidencia.,mistake_hook,middle,medium
cp_161_8fe5cb771c,cp_161_8fe5cb771c_h5,En este video saldrás con un plan claro sobre repackage_idea.,promise_hook,intro,low
cp_161_8fe5cb771c,cp_161_8fe5cb771c_h6,Hay un detalle de repackage_idea que cambia toda la decisión.,curiosity_hook,intro,medium
cp_162_29ae69ad87,cp_162_29ae69ad87_h1,¿Qué cambia realmente con repackage_idea?,question_hook,intro,low
cp_162_29ae69ad87,cp_162_29ae69ad87_h2,"Muchos simplifican repackage_idea, pero hay matices críticos.",contrast_hook,intro,medium
cp_162_29ae69ad87,cp_162_29ae69ad87_h3,Los datos recientes de repackage_idea muestran una señal accionable.,data_hook,intro,low
cp_162_29ae69ad87,cp_162_29ae69ad87_h4,Error común: ejecutar repackage_idea sin validar evidencia.,mistake_hook,middle,medium
cp_162_29ae69ad87,cp_162_29ae69ad87_h5,En este video saldrás con un plan claro sobre repackage_idea.,promise_hook,intro,low
cp_162_29ae69ad87,cp_162_29ae69ad87_h6,Hay un detalle de repackage_idea que cambia toda la decisión.,curiosity_hook,intro,medium
cp_163_8567871acd,cp_163_8567871acd_h1,¿Qué cambia realmente con repackage_idea?,question_hook,intro,low
cp_163_8567871acd,cp_163_8567871acd_h2,"Muchos simplifican repackage_idea, pero hay matices críticos.",contrast_hook,intro,medium
cp_163_8567871acd,cp_163_8567871acd_h3,Los datos recientes de repackage_idea muestran una señal accionable.,data_hook,intro,low
cp_163_8567871acd,cp_163_8567871acd_h4,Error común: ejecutar repackage_idea sin validar evidencia.,mistake_hook,middle,medium
cp_163_8567871acd,cp_163_8567871acd_h5,En este video saldrás con un plan claro sobre repackage_idea.,promise_hook,intro,low
cp_163_8567871acd,cp_163_8567871acd_h6,Hay un detalle de repackage_idea que cambia toda la decisión.,curiosity_hook,intro,medium
cp_164_03c0b94d40,cp_164_03c0b94d40_h1,¿Qué cambia realmente con repackage_idea?,question_hook,intro,low
cp_164_03c0b94d40,cp_164_03c0b94d40_h2,"Muchos simplifican repackage_idea, pero hay matices críticos.",contrast_hook,intro,medium
cp_164_03c0b94d40,cp_164_03c0b94d40_h3,Los datos recientes de repackage_idea muestran una señal accionable.,data_hook,intro,low
cp_164_03c0b94d40,cp_164_03c0b94d40_h4,Error común: ejecutar repackage_idea sin validar evidencia.,mistake_hook,middle,medium
cp_164_03c0b94d40,cp_164_03c0b94d40_h5,En este video saldrás con un plan claro sobre repackage_idea.,promise_hook,intro,low
cp_164_03c0b94d40,cp_164_03c0b94d40_h6,Hay un detalle de repackage_idea que cambia toda la decisión.,curiosity_hook,intro,medium
cp_166_df035d5fe0,cp_166_df035d5fe0_h1,¿Qué cambia realmente con repackage_idea?,question_hook,intro,low
cp_166_df035d5fe0,cp_166_df035d5fe0_h2,"Muchos simplifican repackage_idea, pero hay matices críticos.",contrast_hook,intro,medium
cp_166_df035d5fe0,cp_166_df035d5fe0_h3,Los datos recientes de repackage_idea muestran una señal accionable.,data_hook,intro,low
cp_166_df035d5fe0,cp_166_df035d5fe0_h4,Error común: ejecutar repackage_idea sin validar evidencia.,mistake_hook,middle,medium
cp_166_df035d5fe0,cp_166_df035d5fe0_h5,En este video saldrás con un plan claro sobre repackage_idea.,promise_hook,intro,low
cp_166_df035d5fe0,cp_166_df035d5fe0_h6,Hay un detalle de repackage_idea que cambia toda la decisión.,curiosity_hook,intro,medium
cp_167_ac0446321e,cp_167_ac0446321e_h1,¿Qué cambia realmente con repackage_idea?,question_hook,intro,low
cp_167_ac0446321e,cp_167_ac0446321e_h2,"Muchos simplifican repackage_idea, pero hay matices críticos.",contrast_hook,intro,medium
cp_167_ac0446321e,cp_167_ac0446321e_h3,Los datos recientes de repackage_idea muestran una señal accionable.,data_hook,intro,low
cp_167_ac0446321e,cp_167_ac0446321e_h4,Error común: ejecutar repackage_idea sin validar evidencia.,mistake_hook,middle,medium
cp_167_ac0446321e,cp_167_ac0446321e_h5,En este video saldrás con un plan claro sobre repackage_idea.,promise_hook,intro,low
cp_167_ac0446321e,cp_167_ac0446321e_h6,Hay un detalle de repackage_idea que cambia toda la decisión.,curiosity_hook,intro,medium
cp_168_2a5073a1ca,cp_168_2a5073a1ca_h1,¿Qué cambia realmente con repackage_idea?,question_hook,intro,low
cp_168_2a5073a1ca,cp_168_2a5073a1ca_h2,"Muchos simplifican repackage_idea, pero hay matices críticos.",contrast_hook,intro,medium
cp_168_2a5073a1ca,cp_168_2a5073a1ca_h3,Los datos recientes de repackage_idea muestran una señal accionable.,data_hook,intro,low
cp_168_2a5073a1ca,cp_168_2a5073a1ca_h4,Error común: ejecutar repackage_idea sin validar evidencia.,mistake_hook,middle,medium
cp_168_2a5073a1ca,cp_168_2a5073a1ca_h5,En este video saldrás con un plan claro sobre repackage_idea.,promise_hook,intro,low
cp_168_2a5073a1ca,cp_168_2a5073a1ca_h6,Hay un detalle de repackage_idea que cambia toda la decisión.,curiosity_hook,intro,medium
cp_169_62e2d63b49,cp_169_62e2d63b49_h1,¿Qué cambia realmente con repackage_idea?,question_hook,intro,low
cp_169_62e2d63b49,cp_169_62e2d63b49_h2,"Muchos simplifican repackage_idea, pero hay matices críticos.",contrast_hook,intro,medium
cp_169_62e2d63b49,cp_169_62e2d63b49_h3,Los datos recientes de repackage_idea muestran una señal accionable.,data_hook,intro,low
cp_169_62e2d63b49,cp_169_62e2d63b49_h4,Error común: ejecutar repackage_idea sin validar evidencia.,mistake_hook,middle,medium
cp_169_62e2d63b49,cp_169_62e2d63b49_h5,En este video saldrás con un plan claro sobre repackage_idea.,promise_hook,intro,low
cp_169_62e2d63b49,cp_169_62e2d63b49_h6,Hay un detalle de repackage_idea que cambia toda la decisión.,curiosity_hook,intro,medium
cp_170_b3728239d3,cp_170_b3728239d3_h1,¿Qué cambia realmente con repackage_idea?,question_hook,intro,low
cp_170_b3728239d3,cp_170_b3728239d3_h2,"Muchos simplifican repackage_idea, pero hay matices críticos.",contrast_hook,intro,medium
cp_170_b3728239d3,cp_170_b3728239d3_h3,Los datos recientes de repackage_idea muestran una señal accionable.,data_hook,intro,low
cp_170_b3728239d3,cp_170_b3728239d3_h4,Error común: ejecutar repackage_idea sin validar evidencia.,mistake_hook,middle,medium
cp_170_b3728239d3,cp_170_b3728239d3_h5,En este video saldrás con un plan claro sobre repackage_idea.,promise_hook,intro,low
cp_170_b3728239d3,cp_170_b3728239d3_h6,Hay un detalle de repackage_idea que cambia toda la decisión.,curiosity_hook,intro,medium
cp_171_76f573b16c,cp_171_76f573b16c_h1,¿Qué cambia realmente con repackage_idea?,question_hook,intro,low
cp_171_76f573b16c,cp_171_76f573b16c_h2,"Muchos simplifican repackage_idea, pero hay matices críticos.",contrast_hook,intro,medium
cp_171_76f573b16c,cp_171_76f573b16c_h3,Los datos recientes de repackage_idea muestran una señal accionable.,data_hook,intro,low
cp_171_76f573b16c,cp_171_76f573b16c_h4,Error común: ejecutar repackage_idea sin validar evidencia.,mistake_hook,middle,medium
cp_171_76f573b16c,cp_171_76f573b16c_h5,En este video saldrás con un plan claro sobre repackage_idea.,promise_hook,intro,low
cp_171_76f573b16c,cp_171_76f573b16c_h6,Hay un detalle de repackage_idea que cambia toda la decisión.,curiosity_hook,intro,medium
cp_172_cc9dea5d02,cp_172_cc9dea5d02_h1,¿Qué cambia realmente con repackage_idea?,question_hook,intro,low
cp_172_cc9dea5d02,cp_172_cc9dea5d02_h2,"Muchos simplifican repackage_idea, pero hay matices críticos.",contrast_hook,intro,medium
cp_172_cc9dea5d02,cp_172_cc9dea5d02_h3,Los datos recientes de repackage_idea muestran una señal accionable.,data_hook,intro,low
cp_172_cc9dea5d02,cp_172_cc9dea5d02_h4,Error común: ejecutar repackage_idea sin validar evidencia.,mistake_hook,middle,medium
cp_172_cc9dea5d02,cp_172_cc9dea5d02_h5,En este video saldrás con un plan claro sobre repackage_idea.,promise_hook,intro,low
cp_172_cc9dea5d02,cp_172_cc9dea5d02_h6,Hay un detalle de repackage_idea que cambia toda la decisión.,curiosity_hook,intro,medium
cp_173_62409a6878,cp_173_62409a6878_h1,¿Qué cambia realmente con repackage_idea?,question_hook,intro,low
cp_173_62409a6878,cp_173_62409a6878_h2,"Muchos simplifican repackage_idea, pero hay matices críticos.",contrast_hook,intro,medium
cp_173_62409a6878,cp_173_62409a6878_h3,Los datos recientes de repackage_idea muestran una señal accionable.,data_hook,intro,low
cp_173_62409a6878,cp_173_62409a6878_h4,Error común: ejecutar repackage_idea sin validar evidencia.,mistake_hook,middle,medium
cp_173_62409a6878,cp_173_62409a6878_h5,En este video saldrás con un plan claro sobre repackage_idea.,promise_hook,intro,low
cp_173_62409a6878,cp_173_62409a6878_h6,Hay un detalle de repackage_idea que cambia toda la decisión.,curiosity_hook,intro,medium
cp_174_dd2d8cbcc4,cp_174_dd2d8cbcc4_h1,¿Qué cambia realmente con repackage_idea?,question_hook,intro,low
cp_174_dd2d8cbcc4,cp_174_dd2d8cbcc4_h2,"Muchos simplifican repackage_idea, pero hay matices críticos.",contrast_hook,intro,medium
cp_174_dd2d8cbcc4,cp_174_dd2d8cbcc4_h3,Los datos recientes de repackage_idea muestran una señal accionable.,data_hook,intro,low
cp_174_dd2d8cbcc4,cp_174_dd2d8cbcc4_h4,Error común: ejecutar repackage_idea sin validar evidencia.,mistake_hook,middle,medium
cp_174_dd2d8cbcc4,cp_174_dd2d8cbcc4_h5,En este video saldrás con un plan claro sobre repackage_idea.,promise_hook,intro,low
cp_174_dd2d8cbcc4,cp_174_dd2d8cbcc4_h6,Hay un detalle de repackage_idea que cambia toda la decisión.,curiosity_hook,intro,medium
cp_175_8f300ab6d9,cp_175_8f300ab6d9_h1,¿Qué cambia realmente con repackage_idea?,question_hook,intro,low
cp_175_8f300ab6d9,cp_175_8f300ab6d9_h2,"Muchos simplifican repackage_idea, pero hay matices críticos.",contrast_hook,intro,medium
cp_175_8f300ab6d9,cp_175_8f300ab6d9_h3,Los datos recientes de repackage_idea muestran una señal accionable.,data_hook,intro,low
cp_175_8f300ab6d9,cp_175_8f300ab6d9_h4,Error común: ejecutar repackage_idea sin validar evidencia.,mistake_hook,middle,medium
cp_175_8f300ab6d9,cp_175_8f300ab6d9_h5,En este video saldrás con un plan claro sobre repackage_idea.,promise_hook,intro,low
cp_175_8f300ab6d9,cp_175_8f300ab6d9_h6,Hay un detalle de repackage_idea que cambia toda la decisión.,curiosity_hook,intro,medium
cp_176_2ac5220f66,cp_176_2ac5220f66_h1,¿Qué cambia realmente con repackage_idea?,question_hook,intro,low
cp_176_2ac5220f66,cp_176_2ac5220f66_h2,"Muchos simplifican repackage_idea, pero hay matices críticos.",contrast_hook,intro,medium
cp_176_2ac5220f66,cp_176_2ac5220f66_h3,Los datos recientes de repackage_idea muestran una señal accionable.,data_hook,intro,low
cp_176_2ac5220f66,cp_176_2ac5220f66_h4,Error común: ejecutar repackage_idea sin validar evidencia.,mistake_hook,middle,medium
cp_176_2ac5220f66,cp_176_2ac5220f66_h5,En este video saldrás con un plan claro sobre repackage_idea.,promise_hook,intro,low
cp_176_2ac5220f66,cp_176_2ac5220f66_h6,Hay un detalle de repackage_idea que cambia toda la decisión.,curiosity_hook,intro,medium
cp_177_a541efd808,cp_177_a541efd808_h1,¿Qué cambia realmente con repackage_idea?,question_hook,intro,low
cp_177_a541efd808,cp_177_a541efd808_h2,"Muchos simplifican repackage_idea, pero hay matices críticos.",contrast_hook,intro,medium
cp_177_a541efd808,cp_177_a541efd808_h3,Los datos recientes de repackage_idea muestran una señal accionable.,data_hook,intro,low
cp_177_a541efd808,cp_177_a541efd808_h4,Error común: ejecutar repackage_idea sin validar evidencia.,mistake_hook,middle,medium
cp_177_a541efd808,cp_177_a541efd808_h5,En este video saldrás con un plan claro sobre repackage_idea.,promise_hook,intro,low
cp_177_a541efd808,cp_177_a541efd808_h6,Hay un detalle de repackage_idea que cambia toda la decisión.,curiosity_hook,intro,medium
cp_178_ad41a391da,cp_178_ad41a391da_h1,¿Qué cambia realmente con repackage_idea?,question_hook,intro,low
cp_178_ad41a391da,cp_178_ad41a391da_h2,"Muchos simplifican repackage_idea, pero hay matices críticos.",contrast_hook,intro,medium
cp_178_ad41a391da,cp_178_ad41a391da_h3,Los datos recientes de repackage_idea muestran una señal accionable.,data_hook,intro,low
cp_178_ad41a391da,cp_178_ad41a391da_h4,Error común: ejecutar repackage_idea sin validar evidencia.,mistake_hook,middle,medium
cp_178_ad41a391da,cp_178_ad41a391da_h5,En este video saldrás con un plan claro sobre repackage_idea.,promise_hook,intro,low
cp_178_ad41a391da,cp_178_ad41a391da_h6,Hay un detalle de repackage_idea que cambia toda la decisión.,curiosity_hook,intro,medium
cp_179_d50da4d5ac,cp_179_d50da4d5ac_h1,¿Qué cambia realmente con tema clave?,question_hook,intro,low
cp_179_d50da4d5ac,cp_179_d50da4d5ac_h2,"Muchos simplifican tema clave, pero hay matices críticos.",contrast_hook,intro,medium
cp_179_d50da4d5ac,cp_179_d50da4d5ac_h3,Los datos recientes de tema clave muestran una señal accionable.,data_hook,intro,low
cp_179_d50da4d5ac,cp_179_d50da4d5ac_h4,Error común: ejecutar tema clave sin validar evidencia.,mistake_hook,middle,medium
cp_179_d50da4d5ac,cp_179_d50da4d5ac_h5,En este video saldrás con un plan claro sobre tema clave.,promise_hook,intro,low
cp_179_d50da4d5ac,cp_179_d50da4d5ac_h6,Hay un detalle de tema clave que cambia toda la decisión.,curiosity_hook,intro,medium
cp_180_70c41c8379,cp_180_70c41c8379_h1,¿Qué cambia realmente con repackage_idea?,question_hook,intro,low
cp_180_70c41c8379,cp_180_70c41c8379_h2,"Muchos simplifican repackage_idea, pero hay matices críticos.",contrast_hook,intro,medium
cp_180_70c41c8379,cp_180_70c41c8379_h3,Los datos recientes de repackage_idea muestran una señal accionable.,data_hook,intro,low
cp_180_70c41c8379,cp_180_70c41c8379_h4,Error común: ejecutar repackage_idea sin validar evidencia.,mistake_hook,middle,medium
cp_180_70c41c8379,cp_180_70c41c8379_h5,En este video saldrás con un plan claro sobre repackage_idea.,promise_hook,intro,low
cp_180_70c41c8379,cp_180_70c41c8379_h6,Hay un detalle de repackage_idea que cambia toda la decisión.,curiosity_hook,intro,medium
cp_182_e248e7e2c6,cp_182_e248e7e2c6_h1,¿Qué cambia realmente con repackage_idea?,question_hook,intro,low
cp_182_e248e7e2c6,cp_182_e248e7e2c6_h2,"Muchos simplifican repackage_idea, pero hay matices críticos.",contrast_hook,intro,medium
cp_182_e248e7e2c6,cp_182_e248e7e2c6_h3,Los datos recientes de repackage_idea muestran una señal accionable.,data_hook,intro,low
cp_182_e248e7e2c6,cp_182_e248e7e2c6_h4,Error común: ejecutar repackage_idea sin validar evidencia.,mistake_hook,middle,medium
cp_182_e248e7e2c6,cp_182_e248e7e2c6_h5,En este video saldrás con un plan claro sobre repackage_idea.,promise_hook,intro,low
cp_182_e248e7e2c6,cp_182_e248e7e2c6_h6,Hay un detalle de repackage_idea que cambia toda la decisión.,curiosity_hook,intro,medium
cp_183_b5dceef78b,cp_183_b5dceef78b_h1,¿Qué cambia realmente con repackage_idea?,question_hook,intro,low
cp_183_b5dceef78b,cp_183_b5dceef78b_h2,"Muchos simplifican repackage_idea, pero hay matices críticos.",contrast_hook,intro,medium
cp_183_b5dceef78b,cp_183_b5dceef78b_h3,Los datos recientes de repackage_idea muestran una señal accionable.,data_hook,intro,low
cp_183_b5dceef78b,cp_183_b5dceef78b_h4,Error común: ejecutar repackage_idea sin validar evidencia.,mistake_hook,middle,medium
cp_183_b5dceef78b,cp_183_b5dceef78b_h5,En este video saldrás con un plan claro sobre repackage_idea.,promise_hook,intro,low
cp_183_b5dceef78b,cp_183_b5dceef78b_h6,Hay un detalle de repackage_idea que cambia toda la decisión.,curiosity_hook,intro,medium
cp_184_5202f2f95e,cp_184_5202f2f95e_h1,¿Qué cambia realmente con repackage_idea?,question_hook,intro,low
cp_184_5202f2f95e,cp_184_5202f2f95e_h2,"Muchos simplifican repackage_idea, pero hay matices críticos.",contrast_hook,intro,medium
cp_184_5202f2f95e,cp_184_5202f2f95e_h3,Los datos recientes de repackage_idea muestran una señal accionable.,data_hook,intro,low
cp_184_5202f2f95e,cp_184_5202f2f95e_h4,Error común: ejecutar repackage_idea sin validar evidencia.,mistake_hook,middle,medium
cp_184_5202f2f95e,cp_184_5202f2f95e_h5,En este video saldrás con un plan claro sobre repackage_idea.,promise_hook,intro,low
cp_184_5202f2f95e,cp_184_5202f2f95e_h6,Hay un detalle de repackage_idea que cambia toda la decisión.,curiosity_hook,intro,medium
cp_185_62a3d0d586,cp_185_62a3d0d586_h1,¿Qué cambia realmente con tema clave?,question_hook,intro,low
cp_185_62a3d0d586,cp_185_62a3d0d586_h2,"Muchos simplifican tema clave, pero hay matices críticos.",contrast_hook,intro,medium
cp_185_62a3d0d586,cp_185_62a3d0d586_h3,Los datos recientes de tema clave muestran una señal accionable.,data_hook,intro,low
cp_185_62a3d0d586,cp_185_62a3d0d586_h4,Error común: ejecutar tema clave sin validar evidencia.,mistake_hook,middle,medium
cp_185_62a3d0d586,cp_185_62a3d0d586_h5,En este video saldrás con un plan claro sobre tema clave.,promise_hook,intro,low
cp_185_62a3d0d586,cp_185_62a3d0d586_h6,Hay un detalle de tema clave que cambia toda la decisión.,curiosity_hook,intro,medium
cp_186_c89b3eca20,cp_186_c89b3eca20_h1,¿Qué cambia realmente con repackage_idea?,question_hook,intro,low
cp_186_c89b3eca20,cp_186_c89b3eca20_h2,"Muchos simplifican repackage_idea, pero hay matices críticos.",contrast_hook,intro,medium
cp_186_c89b3eca20,cp_186_c89b3eca20_h3,Los datos recientes de repackage_idea muestran una señal accionable.,data_hook,intro,low
cp_186_c89b3eca20,cp_186_c89b3eca20_h4,Error común: ejecutar repackage_idea sin validar evidencia.,mistake_hook,middle,medium
cp_186_c89b3eca20,cp_186_c89b3eca20_h5,En este video saldrás con un plan claro sobre repackage_idea.,promise_hook,intro,low
cp_186_c89b3eca20,cp_186_c89b3eca20_h6,Hay un detalle de repackage_idea que cambia toda la decisión.,curiosity_hook,intro,medium
cp_187_992bf27ab2,cp_187_992bf27ab2_h1,¿Qué cambia realmente con repackage_idea?,question_hook,intro,low
cp_187_992bf27ab2,cp_187_992bf27ab2_h2,"Muchos simplifican repackage_idea, pero hay matices críticos.",contrast_hook,intro,medium
cp_187_992bf27ab2,cp_187_992bf27ab2_h3,Los datos recientes de repackage_idea muestran una señal accionable.,data_hook,intro,low
cp_187_992bf27ab2,cp_187_992bf27ab2_h4,Error común: ejecutar repackage_idea sin validar evidencia.,mistake_hook,middle,medium
cp_187_992bf27ab2,cp_187_992bf27ab2_h5,En este video saldrás con un plan claro sobre repackage_idea.,promise_hook,intro,low
cp_187_992bf27ab2,cp_187_992bf27ab2_h6,Hay un detalle de repackage_idea que cambia toda la decisión.,curiosity_hook,intro,medium
cp_189_9120d51c1e,cp_189_9120d51c1e_h1,¿Qué cambia realmente con repackage_idea?,question_hook,intro,low
cp_189_9120d51c1e,cp_189_9120d51c1e_h2,"Muchos simplifican repackage_idea, pero hay matices críticos.",contrast_hook,intro,medium
cp_189_9120d51c1e,cp_189_9120d51c1e_h3,Los datos recientes de repackage_idea muestran una señal accionable.,data_hook,intro,low
cp_189_9120d51c1e,cp_189_9120d51c1e_h4,Error común: ejecutar repackage_idea sin validar evidencia.,mistake_hook,middle,medium
cp_189_9120d51c1e,cp_189_9120d51c1e_h5,En este video saldrás con un plan claro sobre repackage_idea.,promise_hook,intro,low
cp_189_9120d51c1e,cp_189_9120d51c1e_h6,Hay un detalle de repackage_idea que cambia toda la decisión.,curiosity_hook,intro,medium
cp_190_f53f208daf,cp_190_f53f208daf_h1,¿Qué cambia realmente con repackage_idea?,question_hook,intro,low
cp_190_f53f208daf,cp_190_f53f208daf_h2,"Muchos simplifican repackage_idea, pero hay matices críticos.",contrast_hook,intro,medium
cp_190_f53f208daf,cp_190_f53f208daf_h3,Los datos recientes de repackage_idea muestran una señal accionable.,data_hook,intro,low
cp_190_f53f208daf,cp_190_f53f208daf_h4,Error común: ejecutar repackage_idea sin validar evidencia.,mistake_hook,middle,medium
cp_190_f53f208daf,cp_190_f53f208daf_h5,En este video saldrás con un plan claro sobre repackage_idea.,promise_hook,intro,low
cp_190_f53f208daf,cp_190_f53f208daf_h6,Hay un detalle de repackage_idea que cambia toda la decisión.,curiosity_hook,intro,medium
cp_191_d717a20267,cp_191_d717a20267_h1,¿Qué cambia realmente con repackage_idea?,question_hook,intro,low
cp_191_d717a20267,cp_191_d717a20267_h2,"Muchos simplifican repackage_idea, pero hay matices críticos.",contrast_hook,intro,medium
cp_191_d717a20267,cp_191_d717a20267_h3,Los datos recientes de repackage_idea muestran una señal accionable.,data_hook,intro,low
cp_191_d717a20267,cp_191_d717a20267_h4,Error común: ejecutar repackage_idea sin validar evidencia.,mistake_hook,middle,medium
cp_191_d717a20267,cp_191_d717a20267_h5,En este video saldrás con un plan claro sobre repackage_idea.,promise_hook,intro,low
cp_191_d717a20267,cp_191_d717a20267_h6,Hay un detalle de repackage_idea que cambia toda la decisión.,curiosity_hook,intro,medium
cp_192_854c0a7ba5,cp_192_854c0a7ba5_h1,¿Qué cambia realmente con repackage_idea?,question_hook,intro,low
cp_192_854c0a7ba5,cp_192_854c0a7ba5_h2,"Muchos simplifican repackage_idea, pero hay matices críticos.",contrast_hook,intro,medium
cp_192_854c0a7ba5,cp_192_854c0a7ba5_h3,Los datos recientes de repackage_idea muestran una señal accionable.,data_hook,intro,low
cp_192_854c0a7ba5,cp_192_854c0a7ba5_h4,Error común: ejecutar repackage_idea sin validar evidencia.,mistake_hook,middle,medium
cp_192_854c0a7ba5,cp_192_854c0a7ba5_h5,En este video saldrás con un plan claro sobre repackage_idea.,promise_hook,intro,low
cp_192_854c0a7ba5,cp_192_854c0a7ba5_h6,Hay un detalle de repackage_idea que cambia toda la decisión.,curiosity_hook,intro,medium
cp_193_91efd13903,cp_193_91efd13903_h1,¿Qué cambia realmente con repackage_idea?,question_hook,intro,low
cp_193_91efd13903,cp_193_91efd13903_h2,"Muchos simplifican repackage_idea, pero hay matices críticos.",contrast_hook,intro,medium
cp_193_91efd13903,cp_193_91efd13903_h3,Los datos recientes de repackage_idea muestran una señal accionable.,data_hook,intro,low
cp_193_91efd13903,cp_193_91efd13903_h4,Error común: ejecutar repackage_idea sin validar evidencia.,mistake_hook,middle,medium
cp_193_91efd13903,cp_193_91efd13903_h5,En este video saldrás con un plan claro sobre repackage_idea.,promise_hook,intro,low
cp_193_91efd13903,cp_193_91efd13903_h6,Hay un detalle de repackage_idea que cambia toda la decisión.,curiosity_hook,intro,medium
cp_195_f8635a48f1,cp_195_f8635a48f1_h1,¿Qué cambia realmente con tema clave?,question_hook,intro,low
cp_195_f8635a48f1,cp_195_f8635a48f1_h2,"Muchos simplifican tema clave, pero hay matices críticos.",contrast_hook,intro,medium
cp_195_f8635a48f1,cp_195_f8635a48f1_h3,Los datos recientes de tema clave muestran una señal accionable.,data_hook,intro,low
cp_195_f8635a48f1,cp_195_f8635a48f1_h4,Error común: ejecutar tema clave sin validar evidencia.,mistake_hook,middle,medium
cp_195_f8635a48f1,cp_195_f8635a48f1_h5,En este video saldrás con un plan claro sobre tema clave.,promise_hook,intro,low
cp_195_f8635a48f1,cp_195_f8635a48f1_h6,Hay un detalle de tema clave que cambia toda la decisión.,curiosity_hook,intro,medium
cp_196_40e310f392,cp_196_40e310f392_h1,¿Qué cambia realmente con repackage_idea?,question_hook,intro,low
cp_196_40e310f392,cp_196_40e310f392_h2,"Muchos simplifican repackage_idea, pero hay matices críticos.",contrast_hook,intro,medium
cp_196_40e310f392,cp_196_40e310f392_h3,Los datos recientes de repackage_idea muestran una señal accionable.,data_hook,intro,low
cp_196_40e310f392,cp_196_40e310f392_h4,Error común: ejecutar repackage_idea sin validar evidencia.,mistake_hook,middle,medium
cp_196_40e310f392,cp_196_40e310f392_h5,En este video saldrás con un plan claro sobre repackage_idea.,promise_hook,intro,low
cp_196_40e310f392,cp_196_40e310f392_h6,Hay un detalle de repackage_idea que cambia toda la decisión.,curiosity_hook,intro,medium
cp_198_49907a6d0d,cp_198_49907a6d0d_h1,¿Qué cambia realmente con repackage_idea?,question_hook,intro,low
cp_198_49907a6d0d,cp_198_49907a6d0d_h2,"Muchos simplifican repackage_idea, pero hay matices críticos.",contrast_hook,intro,medium
cp_198_49907a6d0d,cp_198_49907a6d0d_h3,Los datos recientes de repackage_idea muestran una señal accionable.,data_hook,intro,low
cp_198_49907a6d0d,cp_198_49907a6d0d_h4,Error común: ejecutar repackage_idea sin validar evidencia.,mistake_hook,middle,medium
cp_198_49907a6d0d,cp_198_49907a6d0d_h5,En este video saldrás con un plan claro sobre repackage_idea.,promise_hook,intro,low
cp_198_49907a6d0d,cp_198_49907a6d0d_h6,Hay un detalle de repackage_idea que cambia toda la decisión.,curiosity_hook,intro,medium
cp_199_237822a6f1,cp_199_237822a6f1_h1,¿Qué cambia realmente con repackage_idea?,question_hook,intro,low
cp_199_237822a6f1,cp_199_237822a6f1_h2,"Muchos simplifican repackage_idea, pero hay matices críticos.",contrast_hook,intro,medium
cp_199_237822a6f1,cp_199_237822a6f1_h3,Los datos recientes de repackage_idea muestran una señal accionable.,data_hook,intro,low
cp_199_237822a6f1,cp_199_237822a6f1_h4,Error común: ejecutar repackage_idea sin validar evidencia.,mistake_hook,middle,medium
cp_199_237822a6f1,cp_199_237822a6f1_h5,En este video saldrás con un plan claro sobre repackage_idea.,promise_hook,intro,low
cp_199_237822a6f1,cp_199_237822a6f1_h6,Hay un detalle de repackage_idea que cambia toda la decisión.,curiosity_hook,intro,medium
cp_200_c345b3f956,cp_200_c345b3f956_h1,¿Qué cambia realmente con repackage_idea?,question_hook,intro,low
cp_200_c345b3f956,cp_200_c345b3f956_h2,"Muchos simplifican repackage_idea, pero hay matices críticos.",contrast_hook,intro,medium
cp_200_c345b3f956,cp_200_c345b3f956_h3,Los datos recientes de repackage_idea muestran una señal accionable.,data_hook,intro,low
cp_200_c345b3f956,cp_200_c345b3f956_h4,Error común: ejecutar repackage_idea sin validar evidencia.,mistake_hook,middle,medium
cp_200_c345b3f956,cp_200_c345b3f956_h5,En este video saldrás con un plan claro sobre repackage_idea.,promise_hook,intro,low
cp_200_c345b3f956,cp_200_c345b3f956_h6,Hay un detalle de repackage_idea que cambia toda la decisión.,curiosity_hook,intro,medium
cp_201_1a0b582686,cp_201_1a0b582686_h1,¿Qué cambia realmente con tema clave?,question_hook,intro,low
cp_201_1a0b582686,cp_201_1a0b582686_h2,"Muchos simplifican tema clave, pero hay matices críticos.",contrast_hook,intro,medium
cp_201_1a0b582686,cp_201_1a0b582686_h3,Los datos recientes de tema clave muestran una señal accionable.,data_hook,intro,low
cp_201_1a0b582686,cp_201_1a0b582686_h4,Error común: ejecutar tema clave sin validar evidencia.,mistake_hook,middle,medium
cp_201_1a0b582686,cp_201_1a0b582686_h5,En este video saldrás con un plan claro sobre tema clave.,promise_hook,intro,low
cp_201_1a0b582686,cp_201_1a0b582686_h6,Hay un detalle de tema clave que cambia toda la decisión.,curiosity_hook,intro,medium
cp_202_d0e29a8ad1,cp_202_d0e29a8ad1_h1,¿Qué cambia realmente con repackage_idea?,question_hook,intro,low
cp_202_d0e29a8ad1,cp_202_d0e29a8ad1_h2,"Muchos simplifican repackage_idea, pero hay matices críticos.",contrast_hook,intro,medium
cp_202_d0e29a8ad1,cp_202_d0e29a8ad1_h3,Los datos recientes de repackage_idea muestran una señal accionable.,data_hook,intro,low
cp_202_d0e29a8ad1,cp_202_d0e29a8ad1_h4,Error común: ejecutar repackage_idea sin validar evidencia.,mistake_hook,middle,medium
cp_202_d0e29a8ad1,cp_202_d0e29a8ad1_h5,En este video saldrás con un plan claro sobre repackage_idea.,promise_hook,intro,low
cp_202_d0e29a8ad1,cp_202_d0e29a8ad1_h6,Hay un detalle de repackage_idea que cambia toda la decisión.,curiosity_hook,intro,medium
cp_203_fc114cf6e8,cp_203_fc114cf6e8_h1,¿Qué cambia realmente con repackage_idea?,question_hook,intro,low
cp_203_fc114cf6e8,cp_203_fc114cf6e8_h2,"Muchos simplifican repackage_idea, pero hay matices críticos.",contrast_hook,intro,medium
cp_203_fc114cf6e8,cp_203_fc114cf6e8_h3,Los datos recientes de repackage_idea muestran una señal accionable.,data_hook,intro,low
cp_203_fc114cf6e8,cp_203_fc114cf6e8_h4,Error común: ejecutar repackage_idea sin validar evidencia.,mistake_hook,middle,medium
cp_203_fc114cf6e8,cp_203_fc114cf6e8_h5,En este video saldrás con un plan claro sobre repackage_idea.,promise_hook,intro,low
cp_203_fc114cf6e8,cp_203_fc114cf6e8_h6,Hay un detalle de repackage_idea que cambia toda la decisión.,curiosity_hook,intro,medium
cp_204_0fa2cad030,cp_204_0fa2cad030_h1,¿Qué cambia realmente con repackage_idea?,question_hook,intro,low
cp_204_0fa2cad030,cp_204_0fa2cad030_h2,"Muchos simplifican repackage_idea, pero hay matices críticos.",contrast_hook,intro,medium
cp_204_0fa2cad030,cp_204_0fa2cad030_h3,Los datos recientes de repackage_idea muestran una señal accionable.,data_hook,intro,low
cp_204_0fa2cad030,cp_204_0fa2cad030_h4,Error común: ejecutar repackage_idea sin validar evidencia.,mistake_hook,middle,medium
cp_204_0fa2cad030,cp_204_0fa2cad030_h5,En este video saldrás con un plan claro sobre repackage_idea.,promise_hook,intro,low
cp_204_0fa2cad030,cp_204_0fa2cad030_h6,Hay un detalle de repackage_idea que cambia toda la decisión.,curiosity_hook,intro,medium
cp_206_7b56a3855f,cp_206_7b56a3855f_h1,¿Qué cambia realmente con repackage_idea?,question_hook,intro,low
cp_206_7b56a3855f,cp_206_7b56a3855f_h2,"Muchos simplifican repackage_idea, pero hay matices críticos.",contrast_hook,intro,medium
cp_206_7b56a3855f,cp_206_7b56a3855f_h3,Los datos recientes de repackage_idea muestran una señal accionable.,data_hook,intro,low
cp_206_7b56a3855f,cp_206_7b56a3855f_h4,Error común: ejecutar repackage_idea sin validar evidencia.,mistake_hook,middle,medium
cp_206_7b56a3855f,cp_206_7b56a3855f_h5,En este video saldrás con un plan claro sobre repackage_idea.,promise_hook,intro,low
cp_206_7b56a3855f,cp_206_7b56a3855f_h6,Hay un detalle de repackage_idea que cambia toda la decisión.,curiosity_hook,intro,medium
cp_207_d33314dae2,cp_207_d33314dae2_h1,¿Qué cambia realmente con repackage_idea?,question_hook,intro,low
cp_207_d33314dae2,cp_207_d33314dae2_h2,"Muchos simplifican repackage_idea, pero hay matices críticos.",contrast_hook,intro,medium
cp_207_d33314dae2,cp_207_d33314dae2_h3,Los datos recientes de repackage_idea muestran una señal accionable.,data_hook,intro,low
cp_207_d33314dae2,cp_207_d33314dae2_h4,Error común: ejecutar repackage_idea sin validar evidencia.,mistake_hook,middle,medium
cp_207_d33314dae2,cp_207_d33314dae2_h5,En este video saldrás con un plan claro sobre repackage_idea.,promise_hook,intro,low
cp_207_d33314dae2,cp_207_d33314dae2_h6,Hay un detalle de repackage_idea que cambia toda la decisión.,curiosity_hook,intro,medium
cp_208_5e239d2548,cp_208_5e239d2548_h1,¿Qué cambia realmente con repackage_idea?,question_hook,intro,low
cp_208_5e239d2548,cp_208_5e239d2548_h2,"Muchos simplifican repackage_idea, pero hay matices críticos.",contrast_hook,intro,medium
cp_208_5e239d2548,cp_208_5e239d2548_h3,Los datos recientes de repackage_idea muestran una señal accionable.,data_hook,intro,low
cp_208_5e239d2548,cp_208_5e239d2548_h4,Error común: ejecutar repackage_idea sin validar evidencia.,mistake_hook,middle,medium
cp_208_5e239d2548,cp_208_5e239d2548_h5,En este video saldrás con un plan claro sobre repackage_idea.,promise_hook,intro,low
cp_208_5e239d2548,cp_208_5e239d2548_h6,Hay un detalle de repackage_idea que cambia toda la decisión.,curiosity_hook,intro,medium
cp_209_773e29020a,cp_209_773e29020a_h1,¿Qué cambia realmente con create_fast_reaction?,question_hook,intro,low
cp_209_773e29020a,cp_209_773e29020a_h2,"Muchos simplifican create_fast_reaction, pero hay matices críticos.",contrast_hook,intro,medium
cp_209_773e29020a,cp_209_773e29020a_h3,Los datos recientes de create_fast_reaction muestran una señal accionable.,data_hook,intro,low
cp_209_773e29020a,cp_209_773e29020a_h4,Error común: ejecutar create_fast_reaction sin validar evidencia.,mistake_hook,middle,medium
cp_209_773e29020a,cp_209_773e29020a_h5,En este video saldrás con un plan claro sobre create_fast_reaction.,promise_hook,intro,low
cp_209_773e29020a,cp_209_773e29020a_h6,Hay un detalle de create_fast_reaction que cambia toda la decisión.,curiosity_hook,intro,medium
cp_210_b1accb0116,cp_210_b1accb0116_h1,¿Qué cambia realmente con repackage_idea?,question_hook,intro,low
cp_210_b1accb0116,cp_210_b1accb0116_h2,"Muchos simplifican repackage_idea, pero hay matices críticos.",contrast_hook,intro,medium
cp_210_b1accb0116,cp_210_b1accb0116_h3,Los datos recientes de repackage_idea muestran una señal accionable.,data_hook,intro,low
cp_210_b1accb0116,cp_210_b1accb0116_h4,Error común: ejecutar repackage_idea sin validar evidencia.,mistake_hook,middle,medium
cp_210_b1accb0116,cp_210_b1accb0116_h5,En este video saldrás con un plan claro sobre repackage_idea.,promise_hook,intro,low
cp_210_b1accb0116,cp_210_b1accb0116_h6,Hay un detalle de repackage_idea que cambia toda la decisión.,curiosity_hook,intro,medium
cp_211_d08877143d,cp_211_d08877143d_h1,¿Qué cambia realmente con repackage_idea?,question_hook,intro,low
cp_211_d08877143d,cp_211_d08877143d_h2,"Muchos simplifican repackage_idea, pero hay matices críticos.",contrast_hook,intro,medium
cp_211_d08877143d,cp_211_d08877143d_h3,Los datos recientes de repackage_idea muestran una señal accionable.,data_hook,intro,low
cp_211_d08877143d,cp_211_d08877143d_h4,Error común: ejecutar repackage_idea sin validar evidencia.,mistake_hook,middle,medium
cp_211_d08877143d,cp_211_d08877143d_h5,En este video saldrás con un plan claro sobre repackage_idea.,promise_hook,intro,low
cp_211_d08877143d,cp_211_d08877143d_h6,Hay un detalle de repackage_idea que cambia toda la decisión.,curiosity_hook,intro,medium
cp_212_36a91d148f,cp_212_36a91d148f_h1,¿Qué cambia realmente con repackage_idea?,question_hook,intro,low
cp_212_36a91d148f,cp_212_36a91d148f_h2,"Muchos simplifican repackage_idea, pero hay matices críticos.",contrast_hook,intro,medium
cp_212_36a91d148f,cp_212_36a91d148f_h3,Los datos recientes de repackage_idea muestran una señal accionable.,data_hook,intro,low
cp_212_36a91d148f,cp_212_36a91d148f_h4,Error común: ejecutar repackage_idea sin validar evidencia.,mistake_hook,middle,medium
cp_212_36a91d148f,cp_212_36a91d148f_h5,En este video saldrás con un plan claro sobre repackage_idea.,promise_hook,intro,low
cp_212_36a91d148f,cp_212_36a91d148f_h6,Hay un detalle de repackage_idea que cambia toda la decisión.,curiosity_hook,intro,medium
cp_213_a603b48c59,cp_213_a603b48c59_h1,¿Qué cambia realmente con repackage_idea?,question_hook,intro,low
cp_213_a603b48c59,cp_213_a603b48c59_h2,"Muchos simplifican repackage_idea, pero hay matices críticos.",contrast_hook,intro,medium
cp_213_a603b48c59,cp_213_a603b48c59_h3,Los datos recientes de repackage_idea muestran una señal accionable.,data_hook,intro,low
cp_213_a603b48c59,cp_213_a603b48c59_h4,Error común: ejecutar repackage_idea sin validar evidencia.,mistake_hook,middle,medium
cp_213_a603b48c59,cp_213_a603b48c59_h5,En este video saldrás con un plan claro sobre repackage_idea.,promise_hook,intro,low
cp_213_a603b48c59,cp_213_a603b48c59_h6,Hay un detalle de repackage_idea que cambia toda la decisión.,curiosity_hook,intro,medium
cp_214_721ebc26d7,cp_214_721ebc26d7_h1,¿Qué cambia realmente con repackage_idea?,question_hook,intro,low
cp_214_721ebc26d7,cp_214_721ebc26d7_h2,"Muchos simplifican repackage_idea, pero hay matices críticos.",contrast_hook,intro,medium
cp_214_721ebc26d7,cp_214_721ebc26d7_h3,Los datos recientes de repackage_idea muestran una señal accionable.,data_hook,intro,low
cp_214_721ebc26d7,cp_214_721ebc26d7_h4,Error común: ejecutar repackage_idea sin validar evidencia.,mistake_hook,middle,medium
cp_214_721ebc26d7,cp_214_721ebc26d7_h5,En este video saldrás con un plan claro sobre repackage_idea.,promise_hook,intro,low
cp_214_721ebc26d7,cp_214_721ebc26d7_h6,Hay un detalle de repackage_idea que cambia toda la decisión.,curiosity_hook,intro,medium
cp_215_7bd62263cc,cp_215_7bd62263cc_h1,¿Qué cambia realmente con tema clave?,question_hook,intro,low
cp_215_7bd62263cc,cp_215_7bd62263cc_h2,"Muchos simplifican tema clave, pero hay matices críticos.",contrast_hook,intro,medium
cp_215_7bd62263cc,cp_215_7bd62263cc_h3,Los datos recientes de tema clave muestran una señal accionable.,data_hook,intro,low
cp_215_7bd62263cc,cp_215_7bd62263cc_h4,Error común: ejecutar tema clave sin validar evidencia.,mistake_hook,middle,medium
cp_215_7bd62263cc,cp_215_7bd62263cc_h5,En este video saldrás con un plan claro sobre tema clave.,promise_hook,intro,low
cp_215_7bd62263cc,cp_215_7bd62263cc_h6,Hay un detalle de tema clave que cambia toda la decisión.,curiosity_hook,intro,medium
cp_218_c822be19e6,cp_218_c822be19e6_h1,¿Qué cambia realmente con repackage_idea?,question_hook,intro,low
cp_218_c822be19e6,cp_218_c822be19e6_h2,"Muchos simplifican repackage_idea, pero hay matices críticos.",contrast_hook,intro,medium
cp_218_c822be19e6,cp_218_c822be19e6_h3,Los datos recientes de repackage_idea muestran una señal accionable.,data_hook,intro,low
cp_218_c822be19e6,cp_218_c822be19e6_h4,Error común: ejecutar repackage_idea sin validar evidencia.,mistake_hook,middle,medium
cp_218_c822be19e6,cp_218_c822be19e6_h5,En este video saldrás con un plan claro sobre repackage_idea.,promise_hook,intro,low
cp_218_c822be19e6,cp_218_c822be19e6_h6,Hay un detalle de repackage_idea que cambia toda la decisión.,curiosity_hook,intro,medium
cp_219_1e65522254,cp_219_1e65522254_h1,¿Qué cambia realmente con repackage_idea?,question_hook,intro,low
cp_219_1e65522254,cp_219_1e65522254_h2,"Muchos simplifican repackage_idea, pero hay matices críticos.",contrast_hook,intro,medium
cp_219_1e65522254,cp_219_1e65522254_h3,Los datos recientes de repackage_idea muestran una señal accionable.,data_hook,intro,low
cp_219_1e65522254,cp_219_1e65522254_h4,Error común: ejecutar repackage_idea sin validar evidencia.,mistake_hook,middle,medium
cp_219_1e65522254,cp_219_1e65522254_h5,En este video saldrás con un plan claro sobre repackage_idea.,promise_hook,intro,low
cp_219_1e65522254,cp_219_1e65522254_h6,Hay un detalle de repackage_idea que cambia toda la decisión.,curiosity_hook,intro,medium
cp_220_fd64cb9846,cp_220_fd64cb9846_h1,¿Qué cambia realmente con repackage_idea?,question_hook,intro,low
cp_220_fd64cb9846,cp_220_fd64cb9846_h2,"Muchos simplifican repackage_idea, pero hay matices críticos.",contrast_hook,intro,medium
cp_220_fd64cb9846,cp_220_fd64cb9846_h3,Los datos recientes de repackage_idea muestran una señal accionable.,data_hook,intro,low
cp_220_fd64cb9846,cp_220_fd64cb9846_h4,Error común: ejecutar repackage_idea sin validar evidencia.,mistake_hook,middle,medium
cp_220_fd64cb9846,cp_220_fd64cb9846_h5,En este video saldrás con un plan claro sobre repackage_idea.,promise_hook,intro,low
cp_220_fd64cb9846,cp_220_fd64cb9846_h6,Hay un detalle de repackage_idea que cambia toda la decisión.,curiosity_hook,intro,medium
cp_221_13f3230eca,cp_221_13f3230eca_h1,¿Qué cambia realmente con repackage_idea?,question_hook,intro,low
cp_221_13f3230eca,cp_221_13f3230eca_h2,"Muchos simplifican repackage_idea, pero hay matices críticos.",contrast_hook,intro,medium
cp_221_13f3230eca,cp_221_13f3230eca_h3,Los datos recientes de repackage_idea muestran una señal accionable.,data_hook,intro,low
cp_221_13f3230eca,cp_221_13f3230eca_h4,Error común: ejecutar repackage_idea sin validar evidencia.,mistake_hook,middle,medium
cp_221_13f3230eca,cp_221_13f3230eca_h5,En este video saldrás con un plan claro sobre repackage_idea.,promise_hook,intro,low
cp_221_13f3230eca,cp_221_13f3230eca_h6,Hay un detalle de repackage_idea que cambia toda la decisión.,curiosity_hook,intro,medium
cp_222_e4cc3735e5,cp_222_e4cc3735e5_h1,¿Qué cambia realmente con repackage_idea?,question_hook,intro,low
cp_222_e4cc3735e5,cp_222_e4cc3735e5_h2,"Muchos simplifican repackage_idea, pero hay matices críticos.",contrast_hook,intro,medium
cp_222_e4cc3735e5,cp_222_e4cc3735e5_h3,Los datos recientes de repackage_idea muestran una señal accionable.,data_hook,intro,low
cp_222_e4cc3735e5,cp_222_e4cc3735e5_h4,Error común: ejecutar repackage_idea sin validar evidencia.,mistake_hook,middle,medium
cp_222_e4cc3735e5,cp_222_e4cc3735e5_h5,En este video saldrás con un plan claro sobre repackage_idea.,promise_hook,intro,low
cp_222_e4cc3735e5,cp_222_e4cc3735e5_h6,Hay un detalle de repackage_idea que cambia toda la decisión.,curiosity_hook,intro,medium
cp_224_f25a5ce6af,cp_224_f25a5ce6af_h1,¿Qué cambia realmente con repackage_idea?,question_hook,intro,low
cp_224_f25a5ce6af,cp_224_f25a5ce6af_h2,"Muchos simplifican repackage_idea, pero hay matices críticos.",contrast_hook,intro,medium
cp_224_f25a5ce6af,cp_224_f25a5ce6af_h3,Los datos recientes de repackage_idea muestran una señal accionable.,data_hook,intro,low
cp_224_f25a5ce6af,cp_224_f25a5ce6af_h4,Error común: ejecutar repackage_idea sin validar evidencia.,mistake_hook,middle,medium
cp_224_f25a5ce6af,cp_224_f25a5ce6af_h5,En este video saldrás con un plan claro sobre repackage_idea.,promise_hook,intro,low
cp_224_f25a5ce6af,cp_224_f25a5ce6af_h6,Hay un detalle de repackage_idea que cambia toda la decisión.,curiosity_hook,intro,medium
cp_225_71141b7976,cp_225_71141b7976_h1,¿Qué cambia realmente con repackage_idea?,question_hook,intro,low
cp_225_71141b7976,cp_225_71141b7976_h2,"Muchos simplifican repackage_idea, pero hay matices críticos.",contrast_hook,intro,medium
cp_225_71141b7976,cp_225_71141b7976_h3,Los datos recientes de repackage_idea muestran una señal accionable.,data_hook,intro,low
cp_225_71141b7976,cp_225_71141b7976_h4,Error común: ejecutar repackage_idea sin validar evidencia.,mistake_hook,middle,medium
cp_225_71141b7976,cp_225_71141b7976_h5,En este video saldrás con un plan claro sobre repackage_idea.,promise_hook,intro,low
cp_225_71141b7976,cp_225_71141b7976_h6,Hay un detalle de repackage_idea que cambia toda la decisión.,curiosity_hook,intro,medium
cp_226_08362f8700,cp_226_08362f8700_h1,¿Qué cambia realmente con repackage_idea?,question_hook,intro,low
cp_226_08362f8700,cp_226_08362f8700_h2,"Muchos simplifican repackage_idea, pero hay matices críticos.",contrast_hook,intro,medium
cp_226_08362f8700,cp_226_08362f8700_h3,Los datos recientes de repackage_idea muestran una señal accionable.,data_hook,intro,low
cp_226_08362f8700,cp_226_08362f8700_h4,Error común: ejecutar repackage_idea sin validar evidencia.,mistake_hook,middle,medium
cp_226_08362f8700,cp_226_08362f8700_h5,En este video saldrás con un plan claro sobre repackage_idea.,promise_hook,intro,low
cp_226_08362f8700,cp_226_08362f8700_h6,Hay un detalle de repackage_idea que cambia toda la decisión.,curiosity_hook,intro,medium
cp_227_43694ce4f2,cp_227_43694ce4f2_h1,¿Qué cambia realmente con repackage_idea?,question_hook,intro,low
cp_227_43694ce4f2,cp_227_43694ce4f2_h2,"Muchos simplifican repackage_idea, pero hay matices críticos.",contrast_hook,intro,medium
cp_227_43694ce4f2,cp_227_43694ce4f2_h3,Los datos recientes de repackage_idea muestran una señal accionable.,data_hook,intro,low
cp_227_43694ce4f2,cp_227_43694ce4f2_h4,Error común: ejecutar repackage_idea sin validar evidencia.,mistake_hook,middle,medium
cp_227_43694ce4f2,cp_227_43694ce4f2_h5,En este video saldrás con un plan claro sobre repackage_idea.,promise_hook,intro,low
cp_227_43694ce4f2,cp_227_43694ce4f2_h6,Hay un detalle de repackage_idea que cambia toda la decisión.,curiosity_hook,intro,medium
cp_228_fd06ab5051,cp_228_fd06ab5051_h1,¿Qué cambia realmente con repackage_idea?,question_hook,intro,low
cp_228_fd06ab5051,cp_228_fd06ab5051_h2,"Muchos simplifican repackage_idea, pero hay matices críticos.",contrast_hook,intro,medium
cp_228_fd06ab5051,cp_228_fd06ab5051_h3,Los datos recientes de repackage_idea muestran una señal accionable.,data_hook,intro,low
cp_228_fd06ab5051,cp_228_fd06ab5051_h4,Error común: ejecutar repackage_idea sin validar evidencia.,mistake_hook,middle,medium
cp_228_fd06ab5051,cp_228_fd06ab5051_h5,En este video saldrás con un plan claro sobre repackage_idea.,promise_hook,intro,low
cp_228_fd06ab5051,cp_228_fd06ab5051_h6,Hay un detalle de repackage_idea que cambia toda la decisión.,curiosity_hook,intro,medium
cp_229_f0d5f62c78,cp_229_f0d5f62c78_h1,¿Qué cambia realmente con repackage_idea?,question_hook,intro,low
cp_229_f0d5f62c78,cp_229_f0d5f62c78_h2,"Muchos simplifican repackage_idea, pero hay matices críticos.",contrast_hook,intro,medium
cp_229_f0d5f62c78,cp_229_f0d5f62c78_h3,Los datos recientes de repackage_idea muestran una señal accionable.,data_hook,intro,low
cp_229_f0d5f62c78,cp_229_f0d5f62c78_h4,Error común: ejecutar repackage_idea sin validar evidencia.,mistake_hook,middle,medium
cp_229_f0d5f62c78,cp_229_f0d5f62c78_h5,En este video saldrás con un plan claro sobre repackage_idea.,promise_hook,intro,low
cp_229_f0d5f62c78,cp_229_f0d5f62c78_h6,Hay un detalle de repackage_idea que cambia toda la decisión.,curiosity_hook,intro,medium
cp_230_120b21096b,cp_230_120b21096b_h1,¿Qué cambia realmente con repackage_idea?,question_hook,intro,low
cp_230_120b21096b,cp_230_120b21096b_h2,"Muchos simplifican repackage_idea, pero hay matices críticos.",contrast_hook,intro,medium
cp_230_120b21096b,cp_230_120b21096b_h3,Los datos recientes de repackage_idea muestran una señal accionable.,data_hook,intro,low
cp_230_120b21096b,cp_230_120b21096b_h4,Error común: ejecutar repackage_idea sin validar evidencia.,mistake_hook,middle,medium
cp_230_120b21096b,cp_230_120b21096b_h5,En este video saldrás con un plan claro sobre repackage_idea.,promise_hook,intro,low
cp_230_120b21096b,cp_230_120b21096b_h6,Hay un detalle de repackage_idea que cambia toda la decisión.,curiosity_hook,intro,medium
cp_231_916338fd08,cp_231_916338fd08_h1,¿Qué cambia realmente con repackage_idea?,question_hook,intro,low
cp_231_916338fd08,cp_231_916338fd08_h2,"Muchos simplifican repackage_idea, pero hay matices críticos.",contrast_hook,intro,medium
cp_231_916338fd08,cp_231_916338fd08_h3,Los datos recientes de repackage_idea muestran una señal accionable.,data_hook,intro,low
cp_231_916338fd08,cp_231_916338fd08_h4,Error común: ejecutar repackage_idea sin validar evidencia.,mistake_hook,middle,medium
cp_231_916338fd08,cp_231_916338fd08_h5,En este video saldrás con un plan claro sobre repackage_idea.,promise_hook,intro,low
cp_231_916338fd08,cp_231_916338fd08_h6,Hay un detalle de repackage_idea que cambia toda la decisión.,curiosity_hook,intro,medium
cp_232_d29e04e822,cp_232_d29e04e822_h1,¿Qué cambia realmente con repackage_idea?,question_hook,intro,low
cp_232_d29e04e822,cp_232_d29e04e822_h2,"Muchos simplifican repackage_idea, pero hay matices críticos.",contrast_hook,intro,medium
cp_232_d29e04e822,cp_232_d29e04e822_h3,Los datos recientes de repackage_idea muestran una señal accionable.,data_hook,intro,low
cp_232_d29e04e822,cp_232_d29e04e822_h4,Error común: ejecutar repackage_idea sin validar evidencia.,mistake_hook,middle,medium
cp_232_d29e04e822,cp_232_d29e04e822_h5,En este video saldrás con un plan claro sobre repackage_idea.,promise_hook,intro,low
cp_232_d29e04e822,cp_232_d29e04e822_h6,Hay un detalle de repackage_idea que cambia toda la decisión.,curiosity_hook,intro,medium
cp_233_ef39625f7b,cp_233_ef39625f7b_h1,¿Qué cambia realmente con repackage_idea?,question_hook,intro,low
cp_233_ef39625f7b,cp_233_ef39625f7b_h2,"Muchos simplifican repackage_idea, pero hay matices críticos.",contrast_hook,intro,medium
cp_233_ef39625f7b,cp_233_ef39625f7b_h3,Los datos recientes de repackage_idea muestran una señal accionable.,data_hook,intro,low
cp_233_ef39625f7b,cp_233_ef39625f7b_h4,Error común: ejecutar repackage_idea sin validar evidencia.,mistake_hook,middle,medium
cp_233_ef39625f7b,cp_233_ef39625f7b_h5,En este video saldrás con un plan claro sobre repackage_idea.,promise_hook,intro,low
cp_233_ef39625f7b,cp_233_ef39625f7b_h6,Hay un detalle de repackage_idea que cambia toda la decisión.,curiosity_hook,intro,medium
cp_234_ac7a7f6feb,cp_234_ac7a7f6feb_h1,¿Qué cambia realmente con repackage_idea?,question_hook,intro,low
cp_234_ac7a7f6feb,cp_234_ac7a7f6feb_h2,"Muchos simplifican repackage_idea, pero hay matices críticos.",contrast_hook,intro,medium
cp_234_ac7a7f6feb,cp_234_ac7a7f6feb_h3,Los datos recientes de repackage_idea muestran una señal accionable.,data_hook,intro,low
cp_234_ac7a7f6feb,cp_234_ac7a7f6feb_h4,Error común: ejecutar repackage_idea sin validar evidencia.,mistake_hook,middle,medium
cp_234_ac7a7f6feb,cp_234_ac7a7f6feb_h5,En este video saldrás con un plan claro sobre repackage_idea.,promise_hook,intro,low
cp_234_ac7a7f6feb,cp_234_ac7a7f6feb_h6,Hay un detalle de repackage_idea que cambia toda la decisión.,curiosity_hook,intro,medium
cp_235_4f189c7c47,cp_235_4f189c7c47_h1,¿Qué cambia realmente con repackage_idea?,question_hook,intro,low
cp_235_4f189c7c47,cp_235_4f189c7c47_h2,"Muchos simplifican repackage_idea, pero hay matices críticos.",contrast_hook,intro,medium
cp_235_4f189c7c47,cp_235_4f189c7c47_h3,Los datos recientes de repackage_idea muestran una señal accionable.,data_hook,intro,low
cp_235_4f189c7c47,cp_235_4f189c7c47_h4,Error común: ejecutar repackage_idea sin validar evidencia.,mistake_hook,middle,medium
cp_235_4f189c7c47,cp_235_4f189c7c47_h5,En este video saldrás con un plan claro sobre repackage_idea.,promise_hook,intro,low
cp_235_4f189c7c47,cp_235_4f189c7c47_h6,Hay un detalle de repackage_idea que cambia toda la decisión.,curiosity_hook,intro,medium
cp_236_f75f9926b0,cp_236_f75f9926b0_h1,¿Qué cambia realmente con tema clave?,question_hook,intro,low
cp_236_f75f9926b0,cp_236_f75f9926b0_h2,"Muchos simplifican tema clave, pero hay matices críticos.",contrast_hook,intro,medium
cp_236_f75f9926b0,cp_236_f75f9926b0_h3,Los datos recientes de tema clave muestran una señal accionable.,data_hook,intro,low
cp_236_f75f9926b0,cp_236_f75f9926b0_h4,Error común: ejecutar tema clave sin validar evidencia.,mistake_hook,middle,medium
cp_236_f75f9926b0,cp_236_f75f9926b0_h5,En este video saldrás con un plan claro sobre tema clave.,promise_hook,intro,low
cp_236_f75f9926b0,cp_236_f75f9926b0_h6,Hay un detalle de tema clave que cambia toda la decisión.,curiosity_hook,intro,medium
cp_237_0ae2094a15,cp_237_0ae2094a15_h1,¿Qué cambia realmente con repackage_idea?,question_hook,intro,low
cp_237_0ae2094a15,cp_237_0ae2094a15_h2,"Muchos simplifican repackage_idea, pero hay matices críticos.",contrast_hook,intro,medium
cp_237_0ae2094a15,cp_237_0ae2094a15_h3,Los datos recientes de repackage_idea muestran una señal accionable.,data_hook,intro,low
cp_237_0ae2094a15,cp_237_0ae2094a15_h4,Error común: ejecutar repackage_idea sin validar evidencia.,mistake_hook,middle,medium
cp_237_0ae2094a15,cp_237_0ae2094a15_h5,En este video saldrás con un plan claro sobre repackage_idea.,promise_hook,intro,low
cp_237_0ae2094a15,cp_237_0ae2094a15_h6,Hay un detalle de repackage_idea que cambia toda la decisión.,curiosity_hook,intro,medium
cp_238_21361a190c,cp_238_21361a190c_h1,¿Qué cambia realmente con repackage_idea?,question_hook,intro,low
cp_238_21361a190c,cp_238_21361a190c_h2,"Muchos simplifican repackage_idea, pero hay matices críticos.",contrast_hook,intro,medium
cp_238_21361a190c,cp_238_21361a190c_h3,Los datos recientes de repackage_idea muestran una señal accionable.,data_hook,intro,low
cp_238_21361a190c,cp_238_21361a190c_h4,Error común: ejecutar repackage_idea sin validar evidencia.,mistake_hook,middle,medium
cp_238_21361a190c,cp_238_21361a190c_h5,En este video saldrás con un plan claro sobre repackage_idea.,promise_hook,intro,low
cp_238_21361a190c,cp_238_21361a190c_h6,Hay un detalle de repackage_idea que cambia toda la decisión.,curiosity_hook,intro,medium
cp_239_acfeca6ad5,cp_239_acfeca6ad5_h1,¿Qué cambia realmente con repackage_idea?,question_hook,intro,low
cp_239_acfeca6ad5,cp_239_acfeca6ad5_h2,"Muchos simplifican repackage_idea, pero hay matices críticos.",contrast_hook,intro,medium
cp_239_acfeca6ad5,cp_239_acfeca6ad5_h3,Los datos recientes de repackage_idea muestran una señal accionable.,data_hook,intro,low
cp_239_acfeca6ad5,cp_239_acfeca6ad5_h4,Error común: ejecutar repackage_idea sin validar evidencia.,mistake_hook,middle,medium
cp_239_acfeca6ad5,cp_239_acfeca6ad5_h5,En este video saldrás con un plan claro sobre repackage_idea.,promise_hook,intro,low
cp_239_acfeca6ad5,cp_239_acfeca6ad5_h6,Hay un detalle de repackage_idea que cambia toda la decisión.,curiosity_hook,intro,medium
cp_240_1709d9fd0c,cp_240_1709d9fd0c_h1,¿Qué cambia realmente con repackage_idea?,question_hook,intro,low
cp_240_1709d9fd0c,cp_240_1709d9fd0c_h2,"Muchos simplifican repackage_idea, pero hay matices críticos.",contrast_hook,intro,medium
cp_240_1709d9fd0c,cp_240_1709d9fd0c_h3,Los datos recientes de repackage_idea muestran una señal accionable.,data_hook,intro,low
cp_240_1709d9fd0c,cp_240_1709d9fd0c_h4,Error común: ejecutar repackage_idea sin validar evidencia.,mistake_hook,middle,medium
cp_240_1709d9fd0c,cp_240_1709d9fd0c_h5,En este video saldrás con un plan claro sobre repackage_idea.,promise_hook,intro,low
cp_240_1709d9fd0c,cp_240_1709d9fd0c_h6,Hay un detalle de repackage_idea que cambia toda la decisión.,curiosity_hook,intro,medium
cp_241_d5b8f61dd5,cp_241_d5b8f61dd5_h1,¿Qué cambia realmente con repackage_idea?,question_hook,intro,low
cp_241_d5b8f61dd5,cp_241_d5b8f61dd5_h2,"Muchos simplifican repackage_idea, pero hay matices críticos.",contrast_hook,intro,medium
cp_241_d5b8f61dd5,cp_241_d5b8f61dd5_h3,Los datos recientes de repackage_idea muestran una señal accionable.,data_hook,intro,low
cp_241_d5b8f61dd5,cp_241_d5b8f61dd5_h4,Error común: ejecutar repackage_idea sin validar evidencia.,mistake_hook,middle,medium
cp_241_d5b8f61dd5,cp_241_d5b8f61dd5_h5,En este video saldrás con un plan claro sobre repackage_idea.,promise_hook,intro,low
cp_241_d5b8f61dd5,cp_241_d5b8f61dd5_h6,Hay un detalle de repackage_idea que cambia toda la decisión.,curiosity_hook,intro,medium
cp_242_166694b38a,cp_242_166694b38a_h1,¿Qué cambia realmente con repackage_idea?,question_hook,intro,low
cp_242_166694b38a,cp_242_166694b38a_h2,"Muchos simplifican repackage_idea, pero hay matices críticos.",contrast_hook,intro,medium
cp_242_166694b38a,cp_242_166694b38a_h3,Los datos recientes de repackage_idea muestran una señal accionable.,data_hook,intro,low
cp_242_166694b38a,cp_242_166694b38a_h4,Error común: ejecutar repackage_idea sin validar evidencia.,mistake_hook,middle,medium
cp_242_166694b38a,cp_242_166694b38a_h5,En este video saldrás con un plan claro sobre repackage_idea.,promise_hook,intro,low
cp_242_166694b38a,cp_242_166694b38a_h6,Hay un detalle de repackage_idea que cambia toda la decisión.,curiosity_hook,intro,medium
cp_243_6f549c8be5,cp_243_6f549c8be5_h1,¿Qué cambia realmente con repackage_idea?,question_hook,intro,low
cp_243_6f549c8be5,cp_243_6f549c8be5_h2,"Muchos simplifican repackage_idea, pero hay matices críticos.",contrast_hook,intro,medium
cp_243_6f549c8be5,cp_243_6f549c8be5_h3,Los datos recientes de repackage_idea muestran una señal accionable.,data_hook,intro,low
cp_243_6f549c8be5,cp_243_6f549c8be5_h4,Error común: ejecutar repackage_idea sin validar evidencia.,mistake_hook,middle,medium
cp_243_6f549c8be5,cp_243_6f549c8be5_h5,En este video saldrás con un plan claro sobre repackage_idea.,promise_hook,intro,low
cp_243_6f549c8be5,cp_243_6f549c8be5_h6,Hay un detalle de repackage_idea que cambia toda la decisión.,curiosity_hook,intro,medium
cp_244_79bb385a59,cp_244_79bb385a59_h1,¿Qué cambia realmente con repackage_idea?,question_hook,intro,low
cp_244_79bb385a59,cp_244_79bb385a59_h2,"Muchos simplifican repackage_idea, pero hay matices críticos.",contrast_hook,intro,medium
cp_244_79bb385a59,cp_244_79bb385a59_h3,Los datos recientes de repackage_idea muestran una señal accionable.,data_hook,intro,low
cp_244_79bb385a59,cp_244_79bb385a59_h4,Error común: ejecutar repackage_idea sin validar evidencia.,mistake_hook,middle,medium
cp_244_79bb385a59,cp_244_79bb385a59_h5,En este video saldrás con un plan claro sobre repackage_idea.,promise_hook,intro,low
cp_244_79bb385a59,cp_244_79bb385a59_h6,Hay un detalle de repackage_idea que cambia toda la decisión.,curiosity_hook,intro,medium
cp_245_a7eb1e945a,cp_245_a7eb1e945a_h1,¿Qué cambia realmente con repackage_idea?,question_hook,intro,low
cp_245_a7eb1e945a,cp_245_a7eb1e945a_h2,"Muchos simplifican repackage_idea, pero hay matices críticos.",contrast_hook,intro,medium
cp_245_a7eb1e945a,cp_245_a7eb1e945a_h3,Los datos recientes de repackage_idea muestran una señal accionable.,data_hook,intro,low
cp_245_a7eb1e945a,cp_245_a7eb1e945a_h4,Error común: ejecutar repackage_idea sin validar evidencia.,mistake_hook,middle,medium
cp_245_a7eb1e945a,cp_245_a7eb1e945a_h5,En este video saldrás con un plan claro sobre repackage_idea.,promise_hook,intro,low
cp_245_a7eb1e945a,cp_245_a7eb1e945a_h6,Hay un detalle de repackage_idea que cambia toda la decisión.,curiosity_hook,intro,medium
cp_246_901817efcd,cp_246_901817efcd_h1,¿Qué cambia realmente con tema clave?,question_hook,intro,low
cp_246_901817efcd,cp_246_901817efcd_h2,"Muchos simplifican tema clave, pero hay matices críticos.",contrast_hook,intro,medium
cp_246_901817efcd,cp_246_901817efcd_h3,Los datos recientes de tema clave muestran una señal accionable.,data_hook,intro,low
cp_246_901817efcd,cp_246_901817efcd_h4,Error común: ejecutar tema clave sin validar evidencia.,mistake_hook,middle,medium
cp_246_901817efcd,cp_246_901817efcd_h5,En este video saldrás con un plan claro sobre tema clave.,promise_hook,intro,low
cp_246_901817efcd,cp_246_901817efcd_h6,Hay un detalle de tema clave que cambia toda la decisión.,curiosity_hook,intro,medium
cp_247_6cb4759c81,cp_247_6cb4759c81_h1,¿Qué cambia realmente con repackage_idea?,question_hook,intro,low
cp_247_6cb4759c81,cp_247_6cb4759c81_h2,"Muchos simplifican repackage_idea, pero hay matices críticos.",contrast_hook,intro,medium
cp_247_6cb4759c81,cp_247_6cb4759c81_h3,Los datos recientes de repackage_idea muestran una señal accionable.,data_hook,intro,low
cp_247_6cb4759c81,cp_247_6cb4759c81_h4,Error común: ejecutar repackage_idea sin validar evidencia.,mistake_hook,middle,medium
cp_247_6cb4759c81,cp_247_6cb4759c81_h5,En este video saldrás con un plan claro sobre repackage_idea.,promise_hook,intro,low
cp_247_6cb4759c81,cp_247_6cb4759c81_h6,Hay un detalle de repackage_idea que cambia toda la decisión.,curiosity_hook,intro,medium
cp_249_a892e0427e,cp_249_a892e0427e_h1,¿Qué cambia realmente con repackage_idea?,question_hook,intro,low
cp_249_a892e0427e,cp_249_a892e0427e_h2,"Muchos simplifican repackage_idea, pero hay matices críticos.",contrast_hook,intro,medium
cp_249_a892e0427e,cp_249_a892e0427e_h3,Los datos recientes de repackage_idea muestran una señal accionable.,data_hook,intro,low
cp_249_a892e0427e,cp_249_a892e0427e_h4,Error común: ejecutar repackage_idea sin validar evidencia.,mistake_hook,middle,medium
cp_249_a892e0427e,cp_249_a892e0427e_h5,En este video saldrás con un plan claro sobre repackage_idea.,promise_hook,intro,low
cp_249_a892e0427e,cp_249_a892e0427e_h6,Hay un detalle de repackage_idea que cambia toda la decisión.,curiosity_hook,intro,medium
cp_250_e47c062758,cp_250_e47c062758_h1,¿Qué cambia realmente con repackage_idea?,question_hook,intro,low
cp_250_e47c062758,cp_250_e47c062758_h2,"Muchos simplifican repackage_idea, pero hay matices críticos.",contrast_hook,intro,medium
cp_250_e47c062758,cp_250_e47c062758_h3,Los datos recientes de repackage_idea muestran una señal accionable.,data_hook,intro,low
cp_250_e47c062758,cp_250_e47c062758_h4,Error común: ejecutar repackage_idea sin validar evidencia.,mistake_hook,middle,medium
cp_250_e47c062758,cp_250_e47c062758_h5,En este video saldrás con un plan claro sobre repackage_idea.,promise_hook,intro,low
cp_250_e47c062758,cp_250_e47c062758_h6,Hay un detalle de repackage_idea que cambia toda la decisión.,curiosity_hook,intro,medium
cp_251_ec4763ab47,cp_251_ec4763ab47_h1,¿Qué cambia realmente con repackage_idea?,question_hook,intro,low
cp_251_ec4763ab47,cp_251_ec4763ab47_h2,"Muchos simplifican repackage_idea, pero hay matices críticos.",contrast_hook,intro,medium
cp_251_ec4763ab47,cp_251_ec4763ab47_h3,Los datos recientes de repackage_idea muestran una señal accionable.,data_hook,intro,low
cp_251_ec4763ab47,cp_251_ec4763ab47_h4,Error común: ejecutar repackage_idea sin validar evidencia.,mistake_hook,middle,medium
cp_251_ec4763ab47,cp_251_ec4763ab47_h5,En este video saldrás con un plan claro sobre repackage_idea.,promise_hook,intro,low
cp_251_ec4763ab47,cp_251_ec4763ab47_h6,Hay un detalle de repackage_idea que cambia toda la decisión.,curiosity_hook,intro,medium
cp_252_7c5be9c1cc,cp_252_7c5be9c1cc_h1,¿Qué cambia realmente con repackage_idea?,question_hook,intro,low
cp_252_7c5be9c1cc,cp_252_7c5be9c1cc_h2,"Muchos simplifican repackage_idea, pero hay matices críticos.",contrast_hook,intro,medium
cp_252_7c5be9c1cc,cp_252_7c5be9c1cc_h3,Los datos recientes de repackage_idea muestran una señal accionable.,data_hook,intro,low
cp_252_7c5be9c1cc,cp_252_7c5be9c1cc_h4,Error común: ejecutar repackage_idea sin validar evidencia.,mistake_hook,middle,medium
cp_252_7c5be9c1cc,cp_252_7c5be9c1cc_h5,En este video saldrás con un plan claro sobre repackage_idea.,promise_hook,intro,low
cp_252_7c5be9c1cc,cp_252_7c5be9c1cc_h6,Hay un detalle de repackage_idea que cambia toda la decisión.,curiosity_hook,intro,medium
cp_253_bd12f5da7a,cp_253_bd12f5da7a_h1,¿Qué cambia realmente con analyze_reference?,question_hook,intro,low
cp_253_bd12f5da7a,cp_253_bd12f5da7a_h2,"Muchos simplifican analyze_reference, pero hay matices críticos.",contrast_hook,intro,medium
cp_253_bd12f5da7a,cp_253_bd12f5da7a_h3,Los datos recientes de analyze_reference muestran una señal accionable.,data_hook,intro,low
cp_253_bd12f5da7a,cp_253_bd12f5da7a_h4,Error común: ejecutar analyze_reference sin validar evidencia.,mistake_hook,middle,medium
cp_253_bd12f5da7a,cp_253_bd12f5da7a_h5,En este video saldrás con un plan claro sobre analyze_reference.,promise_hook,intro,low
cp_253_bd12f5da7a,cp_253_bd12f5da7a_h6,Hay un detalle de analyze_reference que cambia toda la decisión.,curiosity_hook,intro,medium
cp_254_0676b8be47,cp_254_0676b8be47_h1,¿Qué cambia realmente con repackage_idea?,question_hook,intro,low
cp_254_0676b8be47,cp_254_0676b8be47_h2,"Muchos simplifican repackage_idea, pero hay matices críticos.",contrast_hook,intro,medium
cp_254_0676b8be47,cp_254_0676b8be47_h3,Los datos recientes de repackage_idea muestran una señal accionable.,data_hook,intro,low
cp_254_0676b8be47,cp_254_0676b8be47_h4,Error común: ejecutar repackage_idea sin validar evidencia.,mistake_hook,middle,medium
cp_254_0676b8be47,cp_254_0676b8be47_h5,En este video saldrás con un plan claro sobre repackage_idea.,promise_hook,intro,low
cp_254_0676b8be47,cp_254_0676b8be47_h6,Hay un detalle de repackage_idea que cambia toda la decisión.,curiosity_hook,intro,medium
cp_255_51ba5c133e,cp_255_51ba5c133e_h1,¿Qué cambia realmente con repackage_idea?,question_hook,intro,low
cp_255_51ba5c133e,cp_255_51ba5c133e_h2,"Muchos simplifican repackage_idea, pero hay matices críticos.",contrast_hook,intro,medium
cp_255_51ba5c133e,cp_255_51ba5c133e_h3,Los datos recientes de repackage_idea muestran una señal accionable.,data_hook,intro,low
cp_255_51ba5c133e,cp_255_51ba5c133e_h4,Error común: ejecutar repackage_idea sin validar evidencia.,mistake_hook,middle,medium
cp_255_51ba5c133e,cp_255_51ba5c133e_h5,En este video saldrás con un plan claro sobre repackage_idea.,promise_hook,intro,low
cp_255_51ba5c133e,cp_255_51ba5c133e_h6,Hay un detalle de repackage_idea que cambia toda la decisión.,curiosity_hook,intro,medium
cp_256_7531883717,cp_256_7531883717_h1,¿Qué cambia realmente con repackage_idea?,question_hook,intro,low
cp_256_7531883717,cp_256_7531883717_h2,"Muchos simplifican repackage_idea, pero hay matices críticos.",contrast_hook,intro,medium
cp_256_7531883717,cp_256_7531883717_h3,Los datos recientes de repackage_idea muestran una señal accionable.,data_hook,intro,low
cp_256_7531883717,cp_256_7531883717_h4,Error común: ejecutar repackage_idea sin validar evidencia.,mistake_hook,middle,medium
cp_256_7531883717,cp_256_7531883717_h5,En este video saldrás con un plan claro sobre repackage_idea.,promise_hook,intro,low
cp_256_7531883717,cp_256_7531883717_h6,Hay un detalle de repackage_idea que cambia toda la decisión.,curiosity_hook,intro,medium
cp_257_91651dead7,cp_257_91651dead7_h1,¿Qué cambia realmente con repackage_idea?,question_hook,intro,low
cp_257_91651dead7,cp_257_91651dead7_h2,"Muchos simplifican repackage_idea, pero hay matices críticos.",contrast_hook,intro,medium
cp_257_91651dead7,cp_257_91651dead7_h3,Los datos recientes de repackage_idea muestran una señal accionable.,data_hook,intro,low
cp_257_91651dead7,cp_257_91651dead7_h4,Error común: ejecutar repackage_idea sin validar evidencia.,mistake_hook,middle,medium
cp_257_91651dead7,cp_257_91651dead7_h5,En este video saldrás con un plan claro sobre repackage_idea.,promise_hook,intro,low
cp_257_91651dead7,cp_257_91651dead7_h6,Hay un detalle de repackage_idea que cambia toda la decisión.,curiosity_hook,intro,medium
cp_258_ba92a34d14,cp_258_ba92a34d14_h1,¿Qué cambia realmente con repackage_idea?,question_hook,intro,low
cp_258_ba92a34d14,cp_258_ba92a34d14_h2,"Muchos simplifican repackage_idea, pero hay matices críticos.",contrast_hook,intro,medium
cp_258_ba92a34d14,cp_258_ba92a34d14_h3,Los datos recientes de repackage_idea muestran una señal accionable.,data_hook,intro,low
cp_258_ba92a34d14,cp_258_ba92a34d14_h4,Error común: ejecutar repackage_idea sin validar evidencia.,mistake_hook,middle,medium
cp_258_ba92a34d14,cp_258_ba92a34d14_h5,En este video saldrás con un plan claro sobre repackage_idea.,promise_hook,intro,low
cp_258_ba92a34d14,cp_258_ba92a34d14_h6,Hay un detalle de repackage_idea que cambia toda la decisión.,curiosity_hook,intro,medium
cp_259_d342d19aec,cp_259_d342d19aec_h1,¿Qué cambia realmente con repackage_idea?,question_hook,intro,low
cp_259_d342d19aec,cp_259_d342d19aec_h2,"Muchos simplifican repackage_idea, pero hay matices críticos.",contrast_hook,intro,medium
cp_259_d342d19aec,cp_259_d342d19aec_h3,Los datos recientes de repackage_idea muestran una señal accionable.,data_hook,intro,low
cp_259_d342d19aec,cp_259_d342d19aec_h4,Error común: ejecutar repackage_idea sin validar evidencia.,mistake_hook,middle,medium
cp_259_d342d19aec,cp_259_d342d19aec_h5,En este video saldrás con un plan claro sobre repackage_idea.,promise_hook,intro,low
cp_259_d342d19aec,cp_259_d342d19aec_h6,Hay un detalle de repackage_idea que cambia toda la decisión.,curiosity_hook,intro,medium
cp_260_f2b18ff5bf,cp_260_f2b18ff5bf_h1,¿Qué cambia realmente con repackage_idea?,question_hook,intro,low
cp_260_f2b18ff5bf,cp_260_f2b18ff5bf_h2,"Muchos simplifican repackage_idea, pero hay matices críticos.",contrast_hook,intro,medium
cp_260_f2b18ff5bf,cp_260_f2b18ff5bf_h3,Los datos recientes de repackage_idea muestran una señal accionable.,data_hook,intro,low
cp_260_f2b18ff5bf,cp_260_f2b18ff5bf_h4,Error común: ejecutar repackage_idea sin validar evidencia.,mistake_hook,middle,medium
cp_260_f2b18ff5bf,cp_260_f2b18ff5bf_h5,En este video saldrás con un plan claro sobre repackage_idea.,promise_hook,intro,low
cp_260_f2b18ff5bf,cp_260_f2b18ff5bf_h6,Hay un detalle de repackage_idea que cambia toda la decisión.,curiosity_hook,intro,medium
cp_261_965bf971fa,cp_261_965bf971fa_h1,¿Qué cambia realmente con repackage_idea?,question_hook,intro,low
cp_261_965bf971fa,cp_261_965bf971fa_h2,"Muchos simplifican repackage_idea, pero hay matices críticos.",contrast_hook,intro,medium
cp_261_965bf971fa,cp_261_965bf971fa_h3,Los datos recientes de repackage_idea muestran una señal accionable.,data_hook,intro,low
cp_261_965bf971fa,cp_261_965bf971fa_h4,Error común: ejecutar repackage_idea sin validar evidencia.,mistake_hook,middle,medium
cp_261_965bf971fa,cp_261_965bf971fa_h5,En este video saldrás con un plan claro sobre repackage_idea.,promise_hook,intro,low
cp_261_965bf971fa,cp_261_965bf971fa_h6,Hay un detalle de repackage_idea que cambia toda la decisión.,curiosity_hook,intro,medium
cp_262_5a902cbafa,cp_262_5a902cbafa_h1,¿Qué cambia realmente con repackage_idea?,question_hook,intro,low
cp_262_5a902cbafa,cp_262_5a902cbafa_h2,"Muchos simplifican repackage_idea, pero hay matices críticos.",contrast_hook,intro,medium
cp_262_5a902cbafa,cp_262_5a902cbafa_h3,Los datos recientes de repackage_idea muestran una señal accionable.,data_hook,intro,low
cp_262_5a902cbafa,cp_262_5a902cbafa_h4,Error común: ejecutar repackage_idea sin validar evidencia.,mistake_hook,middle,medium
cp_262_5a902cbafa,cp_262_5a902cbafa_h5,En este video saldrás con un plan claro sobre repackage_idea.,promise_hook,intro,low
cp_262_5a902cbafa,cp_262_5a902cbafa_h6,Hay un detalle de repackage_idea que cambia toda la decisión.,curiosity_hook,intro,medium
cp_264_01807e7ff1,cp_264_01807e7ff1_h1,¿Qué cambia realmente con repackage_idea?,question_hook,intro,low
cp_264_01807e7ff1,cp_264_01807e7ff1_h2,"Muchos simplifican repackage_idea, pero hay matices críticos.",contrast_hook,intro,medium
cp_264_01807e7ff1,cp_264_01807e7ff1_h3,Los datos recientes de repackage_idea muestran una señal accionable.,data_hook,intro,low
cp_264_01807e7ff1,cp_264_01807e7ff1_h4,Error común: ejecutar repackage_idea sin validar evidencia.,mistake_hook,middle,medium
cp_264_01807e7ff1,cp_264_01807e7ff1_h5,En este video saldrás con un plan claro sobre repackage_idea.,promise_hook,intro,low
cp_264_01807e7ff1,cp_264_01807e7ff1_h6,Hay un detalle de repackage_idea que cambia toda la decisión.,curiosity_hook,intro,medium
cp_266_0227f01d8d,cp_266_0227f01d8d_h1,¿Qué cambia realmente con repackage_idea?,question_hook,intro,low
cp_266_0227f01d8d,cp_266_0227f01d8d_h2,"Muchos simplifican repackage_idea, pero hay matices críticos.",contrast_hook,intro,medium
cp_266_0227f01d8d,cp_266_0227f01d8d_h3,Los datos recientes de repackage_idea muestran una señal accionable.,data_hook,intro,low
cp_266_0227f01d8d,cp_266_0227f01d8d_h4,Error común: ejecutar repackage_idea sin validar evidencia.,mistake_hook,middle,medium
cp_266_0227f01d8d,cp_266_0227f01d8d_h5,En este video saldrás con un plan claro sobre repackage_idea.,promise_hook,intro,low
cp_266_0227f01d8d,cp_266_0227f01d8d_h6,Hay un detalle de repackage_idea que cambia toda la decisión.,curiosity_hook,intro,medium
cp_267_fd89012d7b,cp_267_fd89012d7b_h1,¿Qué cambia realmente con repackage_idea?,question_hook,intro,low
cp_267_fd89012d7b,cp_267_fd89012d7b_h2,"Muchos simplifican repackage_idea, pero hay matices críticos.",contrast_hook,intro,medium
cp_267_fd89012d7b,cp_267_fd89012d7b_h3,Los datos recientes de repackage_idea muestran una señal accionable.,data_hook,intro,low
cp_267_fd89012d7b,cp_267_fd89012d7b_h4,Error común: ejecutar repackage_idea sin validar evidencia.,mistake_hook,middle,medium
cp_267_fd89012d7b,cp_267_fd89012d7b_h5,En este video saldrás con un plan claro sobre repackage_idea.,promise_hook,intro,low
cp_267_fd89012d7b,cp_267_fd89012d7b_h6,Hay un detalle de repackage_idea que cambia toda la decisión.,curiosity_hook,intro,medium
cp_268_8513116bb6,cp_268_8513116bb6_h1,¿Qué cambia realmente con repackage_idea?,question_hook,intro,low
cp_268_8513116bb6,cp_268_8513116bb6_h2,"Muchos simplifican repackage_idea, pero hay matices críticos.",contrast_hook,intro,medium
cp_268_8513116bb6,cp_268_8513116bb6_h3,Los datos recientes de repackage_idea muestran una señal accionable.,data_hook,intro,low
cp_268_8513116bb6,cp_268_8513116bb6_h4,Error común: ejecutar repackage_idea sin validar evidencia.,mistake_hook,middle,medium
cp_268_8513116bb6,cp_268_8513116bb6_h5,En este video saldrás con un plan claro sobre repackage_idea.,promise_hook,intro,low
cp_268_8513116bb6,cp_268_8513116bb6_h6,Hay un detalle de repackage_idea que cambia toda la decisión.,curiosity_hook,intro,medium
cp_269_2ca460f242,cp_269_2ca460f242_h1,¿Qué cambia realmente con repackage_idea?,question_hook,intro,low
cp_269_2ca460f242,cp_269_2ca460f242_h2,"Muchos simplifican repackage_idea, pero hay matices críticos.",contrast_hook,intro,medium
cp_269_2ca460f242,cp_269_2ca460f242_h3,Los datos recientes de repackage_idea muestran una señal accionable.,data_hook,intro,low
cp_269_2ca460f242,cp_269_2ca460f242_h4,Error común: ejecutar repackage_idea sin validar evidencia.,mistake_hook,middle,medium
cp_269_2ca460f242,cp_269_2ca460f242_h5,En este video saldrás con un plan claro sobre repackage_idea.,promise_hook,intro,low
cp_269_2ca460f242,cp_269_2ca460f242_h6,Hay un detalle de repackage_idea que cambia toda la decisión.,curiosity_hook,intro,medium
cp_270_6837743677,cp_270_6837743677_h1,¿Qué cambia realmente con repackage_idea?,question_hook,intro,low
cp_270_6837743677,cp_270_6837743677_h2,"Muchos simplifican repackage_idea, pero hay matices críticos.",contrast_hook,intro,medium
cp_270_6837743677,cp_270_6837743677_h3,Los datos recientes de repackage_idea muestran una señal accionable.,data_hook,intro,low
cp_270_6837743677,cp_270_6837743677_h4,Error común: ejecutar repackage_idea sin validar evidencia.,mistake_hook,middle,medium
cp_270_6837743677,cp_270_6837743677_h5,En este video saldrás con un plan claro sobre repackage_idea.,promise_hook,intro,low
cp_270_6837743677,cp_270_6837743677_h6,Hay un detalle de repackage_idea que cambia toda la decisión.,curiosity_hook,intro,medium
cp_271_0be02e4c8e,cp_271_0be02e4c8e_h1,¿Qué cambia realmente con repackage_idea?,question_hook,intro,low
cp_271_0be02e4c8e,cp_271_0be02e4c8e_h2,"Muchos simplifican repackage_idea, pero hay matices críticos.",contrast_hook,intro,medium
cp_271_0be02e4c8e,cp_271_0be02e4c8e_h3,Los datos recientes de repackage_idea muestran una señal accionable.,data_hook,intro,low
cp_271_0be02e4c8e,cp_271_0be02e4c8e_h4,Error común: ejecutar repackage_idea sin validar evidencia.,mistake_hook,middle,medium
cp_271_0be02e4c8e,cp_271_0be02e4c8e_h5,En este video saldrás con un plan claro sobre repackage_idea.,promise_hook,intro,low
cp_271_0be02e4c8e,cp_271_0be02e4c8e_h6,Hay un detalle de repackage_idea que cambia toda la decisión.,curiosity_hook,intro,medium
cp_272_bbee963f42,cp_272_bbee963f42_h1,¿Qué cambia realmente con repackage_idea?,question_hook,intro,low
cp_272_bbee963f42,cp_272_bbee963f42_h2,"Muchos simplifican repackage_idea, pero hay matices críticos.",contrast_hook,intro,medium
cp_272_bbee963f42,cp_272_bbee963f42_h3,Los datos recientes de repackage_idea muestran una señal accionable.,data_hook,intro,low
cp_272_bbee963f42,cp_272_bbee963f42_h4,Error común: ejecutar repackage_idea sin validar evidencia.,mistake_hook,middle,medium
cp_272_bbee963f42,cp_272_bbee963f42_h5,En este video saldrás con un plan claro sobre repackage_idea.,promise_hook,intro,low
cp_272_bbee963f42,cp_272_bbee963f42_h6,Hay un detalle de repackage_idea que cambia toda la decisión.,curiosity_hook,intro,medium
cp_273_f64b1fb76d,cp_273_f64b1fb76d_h1,¿Qué cambia realmente con repackage_idea?,question_hook,intro,low
cp_273_f64b1fb76d,cp_273_f64b1fb76d_h2,"Muchos simplifican repackage_idea, pero hay matices críticos.",contrast_hook,intro,medium
cp_273_f64b1fb76d,cp_273_f64b1fb76d_h3,Los datos recientes de repackage_idea muestran una señal accionable.,data_hook,intro,low
cp_273_f64b1fb76d,cp_273_f64b1fb76d_h4,Error común: ejecutar repackage_idea sin validar evidencia.,mistake_hook,middle,medium
cp_273_f64b1fb76d,cp_273_f64b1fb76d_h5,En este video saldrás con un plan claro sobre repackage_idea.,promise_hook,intro,low
cp_273_f64b1fb76d,cp_273_f64b1fb76d_h6,Hay un detalle de repackage_idea que cambia toda la decisión.,curiosity_hook,intro,medium
cp_274_42b5be54a6,cp_274_42b5be54a6_h1,¿Qué cambia realmente con tema clave?,question_hook,intro,low
cp_274_42b5be54a6,cp_274_42b5be54a6_h2,"Muchos simplifican tema clave, pero hay matices críticos.",contrast_hook,intro,medium
cp_274_42b5be54a6,cp_274_42b5be54a6_h3,Los datos recientes de tema clave muestran una señal accionable.,data_hook,intro,low
cp_274_42b5be54a6,cp_274_42b5be54a6_h4,Error común: ejecutar tema clave sin validar evidencia.,mistake_hook,middle,medium
cp_274_42b5be54a6,cp_274_42b5be54a6_h5,En este video saldrás con un plan claro sobre tema clave.,promise_hook,intro,low
cp_274_42b5be54a6,cp_274_42b5be54a6_h6,Hay un detalle de tema clave que cambia toda la decisión.,curiosity_hook,intro,medium
cp_275_90d19dd1aa,cp_275_90d19dd1aa_h1,¿Qué cambia realmente con repackage_idea?,question_hook,intro,low
cp_275_90d19dd1aa,cp_275_90d19dd1aa_h2,"Muchos simplifican repackage_idea, pero hay matices críticos.",contrast_hook,intro,medium
cp_275_90d19dd1aa,cp_275_90d19dd1aa_h3,Los datos recientes de repackage_idea muestran una señal accionable.,data_hook,intro,low
cp_275_90d19dd1aa,cp_275_90d19dd1aa_h4,Error común: ejecutar repackage_idea sin validar evidencia.,mistake_hook,middle,medium
cp_275_90d19dd1aa,cp_275_90d19dd1aa_h5,En este video saldrás con un plan claro sobre repackage_idea.,promise_hook,intro,low
cp_275_90d19dd1aa,cp_275_90d19dd1aa_h6,Hay un detalle de repackage_idea que cambia toda la decisión.,curiosity_hook,intro,medium
cp_276_4dc990aee3,cp_276_4dc990aee3_h1,¿Qué cambia realmente con repackage_idea?,question_hook,intro,low
cp_276_4dc990aee3,cp_276_4dc990aee3_h2,"Muchos simplifican repackage_idea, pero hay matices críticos.",contrast_hook,intro,medium
cp_276_4dc990aee3,cp_276_4dc990aee3_h3,Los datos recientes de repackage_idea muestran una señal accionable.,data_hook,intro,low
cp_276_4dc990aee3,cp_276_4dc990aee3_h4,Error común: ejecutar repackage_idea sin validar evidencia.,mistake_hook,middle,medium
cp_276_4dc990aee3,cp_276_4dc990aee3_h5,En este video saldrás con un plan claro sobre repackage_idea.,promise_hook,intro,low
cp_276_4dc990aee3,cp_276_4dc990aee3_h6,Hay un detalle de repackage_idea que cambia toda la decisión.,curiosity_hook,intro,medium
cp_277_c0bdc4b7de,cp_277_c0bdc4b7de_h1,¿Qué cambia realmente con repackage_idea?,question_hook,intro,low
cp_277_c0bdc4b7de,cp_277_c0bdc4b7de_h2,"Muchos simplifican repackage_idea, pero hay matices críticos.",contrast_hook,intro,medium
cp_277_c0bdc4b7de,cp_277_c0bdc4b7de_h3,Los datos recientes de repackage_idea muestran una señal accionable.,data_hook,intro,low
cp_277_c0bdc4b7de,cp_277_c0bdc4b7de_h4,Error común: ejecutar repackage_idea sin validar evidencia.,mistake_hook,middle,medium
cp_277_c0bdc4b7de,cp_277_c0bdc4b7de_h5,En este video saldrás con un plan claro sobre repackage_idea.,promise_hook,intro,low
cp_277_c0bdc4b7de,cp_277_c0bdc4b7de_h6,Hay un detalle de repackage_idea que cambia toda la decisión.,curiosity_hook,intro,medium
cp_278_4ca58f2492,cp_278_4ca58f2492_h1,¿Qué cambia realmente con repackage_idea?,question_hook,intro,low
cp_278_4ca58f2492,cp_278_4ca58f2492_h2,"Muchos simplifican repackage_idea, pero hay matices críticos.",contrast_hook,intro,medium
cp_278_4ca58f2492,cp_278_4ca58f2492_h3,Los datos recientes de repackage_idea muestran una señal accionable.,data_hook,intro,low
cp_278_4ca58f2492,cp_278_4ca58f2492_h4,Error común: ejecutar repackage_idea sin validar evidencia.,mistake_hook,middle,medium
cp_278_4ca58f2492,cp_278_4ca58f2492_h5,En este video saldrás con un plan claro sobre repackage_idea.,promise_hook,intro,low
cp_278_4ca58f2492,cp_278_4ca58f2492_h6,Hay un detalle de repackage_idea que cambia toda la decisión.,curiosity_hook,intro,medium
cp_279_d58cb90c34,cp_279_d58cb90c34_h1,¿Qué cambia realmente con repackage_idea?,question_hook,intro,low
cp_279_d58cb90c34,cp_279_d58cb90c34_h2,"Muchos simplifican repackage_idea, pero hay matices críticos.",contrast_hook,intro,medium
cp_279_d58cb90c34,cp_279_d58cb90c34_h3,Los datos recientes de repackage_idea muestran una señal accionable.,data_hook,intro,low
cp_279_d58cb90c34,cp_279_d58cb90c34_h4,Error común: ejecutar repackage_idea sin validar evidencia.,mistake_hook,middle,medium
cp_279_d58cb90c34,cp_279_d58cb90c34_h5,En este video saldrás con un plan claro sobre repackage_idea.,promise_hook,intro,low
cp_279_d58cb90c34,cp_279_d58cb90c34_h6,Hay un detalle de repackage_idea que cambia toda la decisión.,curiosity_hook,intro,medium
cp_280_e18fcaa779,cp_280_e18fcaa779_h1,¿Qué cambia realmente con repackage_idea?,question_hook,intro,low
cp_280_e18fcaa779,cp_280_e18fcaa779_h2,"Muchos simplifican repackage_idea, pero hay matices críticos.",contrast_hook,intro,medium
cp_280_e18fcaa779,cp_280_e18fcaa779_h3,Los datos recientes de repackage_idea muestran una señal accionable.,data_hook,intro,low
cp_280_e18fcaa779,cp_280_e18fcaa779_h4,Error común: ejecutar repackage_idea sin validar evidencia.,mistake_hook,middle,medium
cp_280_e18fcaa779,cp_280_e18fcaa779_h5,En este video saldrás con un plan claro sobre repackage_idea.,promise_hook,intro,low
cp_280_e18fcaa779,cp_280_e18fcaa779_h6,Hay un detalle de repackage_idea que cambia toda la decisión.,curiosity_hook,intro,medium
cp_281_d598308661,cp_281_d598308661_h1,¿Qué cambia realmente con repackage_idea?,question_hook,intro,low
cp_281_d598308661,cp_281_d598308661_h2,"Muchos simplifican repackage_idea, pero hay matices críticos.",contrast_hook,intro,medium
cp_281_d598308661,cp_281_d598308661_h3,Los datos recientes de repackage_idea muestran una señal accionable.,data_hook,intro,low
cp_281_d598308661,cp_281_d598308661_h4,Error común: ejecutar repackage_idea sin validar evidencia.,mistake_hook,middle,medium
cp_281_d598308661,cp_281_d598308661_h5,En este video saldrás con un plan claro sobre repackage_idea.,promise_hook,intro,low
cp_281_d598308661,cp_281_d598308661_h6,Hay un detalle de repackage_idea que cambia toda la decisión.,curiosity_hook,intro,medium
cp_282_c377e3ef74,cp_282_c377e3ef74_h1,¿Qué cambia realmente con repackage_idea?,question_hook,intro,low
cp_282_c377e3ef74,cp_282_c377e3ef74_h2,"Muchos simplifican repackage_idea, pero hay matices críticos.",contrast_hook,intro,medium
cp_282_c377e3ef74,cp_282_c377e3ef74_h3,Los datos recientes de repackage_idea muestran una señal accionable.,data_hook,intro,low
cp_282_c377e3ef74,cp_282_c377e3ef74_h4,Error común: ejecutar repackage_idea sin validar evidencia.,mistake_hook,middle,medium
cp_282_c377e3ef74,cp_282_c377e3ef74_h5,En este video saldrás con un plan claro sobre repackage_idea.,promise_hook,intro,low
cp_282_c377e3ef74,cp_282_c377e3ef74_h6,Hay un detalle de repackage_idea que cambia toda la decisión.,curiosity_hook,intro,medium
cp_283_65b2cc45b1,cp_283_65b2cc45b1_h1,¿Qué cambia realmente con repackage_idea?,question_hook,intro,low
cp_283_65b2cc45b1,cp_283_65b2cc45b1_h2,"Muchos simplifican repackage_idea, pero hay matices críticos.",contrast_hook,intro,medium
cp_283_65b2cc45b1,cp_283_65b2cc45b1_h3,Los datos recientes de repackage_idea muestran una señal accionable.,data_hook,intro,low
cp_283_65b2cc45b1,cp_283_65b2cc45b1_h4,Error común: ejecutar repackage_idea sin validar evidencia.,mistake_hook,middle,medium
cp_283_65b2cc45b1,cp_283_65b2cc45b1_h5,En este video saldrás con un plan claro sobre repackage_idea.,promise_hook,intro,low
cp_283_65b2cc45b1,cp_283_65b2cc45b1_h6,Hay un detalle de repackage_idea que cambia toda la decisión.,curiosity_hook,intro,medium
cp_284_e7caea8652,cp_284_e7caea8652_h1,¿Qué cambia realmente con repackage_idea?,question_hook,intro,low
cp_284_e7caea8652,cp_284_e7caea8652_h2,"Muchos simplifican repackage_idea, pero hay matices críticos.",contrast_hook,intro,medium
cp_284_e7caea8652,cp_284_e7caea8652_h3,Los datos recientes de repackage_idea muestran una señal accionable.,data_hook,intro,low
cp_284_e7caea8652,cp_284_e7caea8652_h4,Error común: ejecutar repackage_idea sin validar evidencia.,mistake_hook,middle,medium
cp_284_e7caea8652,cp_284_e7caea8652_h5,En este video saldrás con un plan claro sobre repackage_idea.,promise_hook,intro,low
cp_284_e7caea8652,cp_284_e7caea8652_h6,Hay un detalle de repackage_idea que cambia toda la decisión.,curiosity_hook,intro,medium
cp_285_7be9e60bfc,cp_285_7be9e60bfc_h1,¿Qué cambia realmente con repackage_idea?,question_hook,intro,low
cp_285_7be9e60bfc,cp_285_7be9e60bfc_h2,"Muchos simplifican repackage_idea, pero hay matices críticos.",contrast_hook,intro,medium
cp_285_7be9e60bfc,cp_285_7be9e60bfc_h3,Los datos recientes de repackage_idea muestran una señal accionable.,data_hook,intro,low
cp_285_7be9e60bfc,cp_285_7be9e60bfc_h4,Error común: ejecutar repackage_idea sin validar evidencia.,mistake_hook,middle,medium
cp_285_7be9e60bfc,cp_285_7be9e60bfc_h5,En este video saldrás con un plan claro sobre repackage_idea.,promise_hook,intro,low
cp_285_7be9e60bfc,cp_285_7be9e60bfc_h6,Hay un detalle de repackage_idea que cambia toda la decisión.,curiosity_hook,intro,medium
cp_286_2a4b05acc5,cp_286_2a4b05acc5_h1,¿Qué cambia realmente con repackage_idea?,question_hook,intro,low
cp_286_2a4b05acc5,cp_286_2a4b05acc5_h2,"Muchos simplifican repackage_idea, pero hay matices críticos.",contrast_hook,intro,medium
cp_286_2a4b05acc5,cp_286_2a4b05acc5_h3,Los datos recientes de repackage_idea muestran una señal accionable.,data_hook,intro,low
cp_286_2a4b05acc5,cp_286_2a4b05acc5_h4,Error común: ejecutar repackage_idea sin validar evidencia.,mistake_hook,middle,medium
cp_286_2a4b05acc5,cp_286_2a4b05acc5_h5,En este video saldrás con un plan claro sobre repackage_idea.,promise_hook,intro,low
cp_286_2a4b05acc5,cp_286_2a4b05acc5_h6,Hay un detalle de repackage_idea que cambia toda la decisión.,curiosity_hook,intro,medium
cp_287_0cd393967d,cp_287_0cd393967d_h1,¿Qué cambia realmente con repackage_idea?,question_hook,intro,low
cp_287_0cd393967d,cp_287_0cd393967d_h2,"Muchos simplifican repackage_idea, pero hay matices críticos.",contrast_hook,intro,medium
cp_287_0cd393967d,cp_287_0cd393967d_h3,Los datos recientes de repackage_idea muestran una señal accionable.,data_hook,intro,low
cp_287_0cd393967d,cp_287_0cd393967d_h4,Error común: ejecutar repackage_idea sin validar evidencia.,mistake_hook,middle,medium
cp_287_0cd393967d,cp_287_0cd393967d_h5,En este video saldrás con un plan claro sobre repackage_idea.,promise_hook,intro,low
cp_287_0cd393967d,cp_287_0cd393967d_h6,Hay un detalle de repackage_idea que cambia toda la decisión.,curiosity_hook,intro,medium
cp_288_9e98a22b4f,cp_288_9e98a22b4f_h1,¿Qué cambia realmente con repackage_idea?,question_hook,intro,low
cp_288_9e98a22b4f,cp_288_9e98a22b4f_h2,"Muchos simplifican repackage_idea, pero hay matices críticos.",contrast_hook,intro,medium
cp_288_9e98a22b4f,cp_288_9e98a22b4f_h3,Los datos recientes de repackage_idea muestran una señal accionable.,data_hook,intro,low
cp_288_9e98a22b4f,cp_288_9e98a22b4f_h4,Error común: ejecutar repackage_idea sin validar evidencia.,mistake_hook,middle,medium
cp_288_9e98a22b4f,cp_288_9e98a22b4f_h5,En este video saldrás con un plan claro sobre repackage_idea.,promise_hook,intro,low
cp_288_9e98a22b4f,cp_288_9e98a22b4f_h6,Hay un detalle de repackage_idea que cambia toda la decisión.,curiosity_hook,intro,medium
cp_290_9ee2b8b1dd,cp_290_9ee2b8b1dd_h1,¿Qué cambia realmente con repackage_idea?,question_hook,intro,low
cp_290_9ee2b8b1dd,cp_290_9ee2b8b1dd_h2,"Muchos simplifican repackage_idea, pero hay matices críticos.",contrast_hook,intro,medium
cp_290_9ee2b8b1dd,cp_290_9ee2b8b1dd_h3,Los datos recientes de repackage_idea muestran una señal accionable.,data_hook,intro,low
cp_290_9ee2b8b1dd,cp_290_9ee2b8b1dd_h4,Error común: ejecutar repackage_idea sin validar evidencia.,mistake_hook,middle,medium
cp_290_9ee2b8b1dd,cp_290_9ee2b8b1dd_h5,En este video saldrás con un plan claro sobre repackage_idea.,promise_hook,intro,low
cp_290_9ee2b8b1dd,cp_290_9ee2b8b1dd_h6,Hay un detalle de repackage_idea que cambia toda la decisión.,curiosity_hook,intro,medium
cp_291_2301c8396e,cp_291_2301c8396e_h1,¿Qué cambia realmente con repackage_idea?,question_hook,intro,low
cp_291_2301c8396e,cp_291_2301c8396e_h2,"Muchos simplifican repackage_idea, pero hay matices críticos.",contrast_hook,intro,medium
cp_291_2301c8396e,cp_291_2301c8396e_h3,Los datos recientes de repackage_idea muestran una señal accionable.,data_hook,intro,low
cp_291_2301c8396e,cp_291_2301c8396e_h4,Error común: ejecutar repackage_idea sin validar evidencia.,mistake_hook,middle,medium
cp_291_2301c8396e,cp_291_2301c8396e_h5,En este video saldrás con un plan claro sobre repackage_idea.,promise_hook,intro,low
cp_291_2301c8396e,cp_291_2301c8396e_h6,Hay un detalle de repackage_idea que cambia toda la decisión.,curiosity_hook,intro,medium
cp_292_8ee2cb074d,cp_292_8ee2cb074d_h1,¿Qué cambia realmente con repackage_idea?,question_hook,intro,low
cp_292_8ee2cb074d,cp_292_8ee2cb074d_h2,"Muchos simplifican repackage_idea, pero hay matices críticos.",contrast_hook,intro,medium
cp_292_8ee2cb074d,cp_292_8ee2cb074d_h3,Los datos recientes de repackage_idea muestran una señal accionable.,data_hook,intro,low
cp_292_8ee2cb074d,cp_292_8ee2cb074d_h4,Error común: ejecutar repackage_idea sin validar evidencia.,mistake_hook,middle,medium
cp_292_8ee2cb074d,cp_292_8ee2cb074d_h5,En este video saldrás con un plan claro sobre repackage_idea.,promise_hook,intro,low
cp_292_8ee2cb074d,cp_292_8ee2cb074d_h6,Hay un detalle de repackage_idea que cambia toda la decisión.,curiosity_hook,intro,medium
cp_293_1df1d24f79,cp_293_1df1d24f79_h1,¿Qué cambia realmente con repackage_idea?,question_hook,intro,low
cp_293_1df1d24f79,cp_293_1df1d24f79_h2,"Muchos simplifican repackage_idea, pero hay matices críticos.",contrast_hook,intro,medium
cp_293_1df1d24f79,cp_293_1df1d24f79_h3,Los datos recientes de repackage_idea muestran una señal accionable.,data_hook,intro,low
cp_293_1df1d24f79,cp_293_1df1d24f79_h4,Error común: ejecutar repackage_idea sin validar evidencia.,mistake_hook,middle,medium
cp_293_1df1d24f79,cp_293_1df1d24f79_h5,En este video saldrás con un plan claro sobre repackage_idea.,promise_hook,intro,low
cp_293_1df1d24f79,cp_293_1df1d24f79_h6,Hay un detalle de repackage_idea que cambia toda la decisión.,curiosity_hook,intro,medium
cp_294_0c8daba1e8,cp_294_0c8daba1e8_h1,¿Qué cambia realmente con repackage_idea?,question_hook,intro,low
cp_294_0c8daba1e8,cp_294_0c8daba1e8_h2,"Muchos simplifican repackage_idea, pero hay matices críticos.",contrast_hook,intro,medium
cp_294_0c8daba1e8,cp_294_0c8daba1e8_h3,Los datos recientes de repackage_idea muestran una señal accionable.,data_hook,intro,low
cp_294_0c8daba1e8,cp_294_0c8daba1e8_h4,Error común: ejecutar repackage_idea sin validar evidencia.,mistake_hook,middle,medium
cp_294_0c8daba1e8,cp_294_0c8daba1e8_h5,En este video saldrás con un plan claro sobre repackage_idea.,promise_hook,intro,low
cp_294_0c8daba1e8,cp_294_0c8daba1e8_h6,Hay un detalle de repackage_idea que cambia toda la decisión.,curiosity_hook,intro,medium
cp_295_7e01bec361,cp_295_7e01bec361_h1,¿Qué cambia realmente con repackage_idea?,question_hook,intro,low
cp_295_7e01bec361,cp_295_7e01bec361_h2,"Muchos simplifican repackage_idea, pero hay matices críticos.",contrast_hook,intro,medium
cp_295_7e01bec361,cp_295_7e01bec361_h3,Los datos recientes de repackage_idea muestran una señal accionable.,data_hook,intro,low
cp_295_7e01bec361,cp_295_7e01bec361_h4,Error común: ejecutar repackage_idea sin validar evidencia.,mistake_hook,middle,medium
cp_295_7e01bec361,cp_295_7e01bec361_h5,En este video saldrás con un plan claro sobre repackage_idea.,promise_hook,intro,low
cp_295_7e01bec361,cp_295_7e01bec361_h6,Hay un detalle de repackage_idea que cambia toda la decisión.,curiosity_hook,intro,medium
cp_296_beb1ee82f0,cp_296_beb1ee82f0_h1,¿Qué cambia realmente con repackage_idea?,question_hook,intro,low
cp_296_beb1ee82f0,cp_296_beb1ee82f0_h2,"Muchos simplifican repackage_idea, pero hay matices críticos.",contrast_hook,intro,medium
cp_296_beb1ee82f0,cp_296_beb1ee82f0_h3,Los datos recientes de repackage_idea muestran una señal accionable.,data_hook,intro,low
cp_296_beb1ee82f0,cp_296_beb1ee82f0_h4,Error común: ejecutar repackage_idea sin validar evidencia.,mistake_hook,middle,medium
cp_296_beb1ee82f0,cp_296_beb1ee82f0_h5,En este video saldrás con un plan claro sobre repackage_idea.,promise_hook,intro,low
cp_296_beb1ee82f0,cp_296_beb1ee82f0_h6,Hay un detalle de repackage_idea que cambia toda la decisión.,curiosity_hook,intro,medium
cp_297_8bb912d9cd,cp_297_8bb912d9cd_h1,¿Qué cambia realmente con repackage_idea?,question_hook,intro,low
cp_297_8bb912d9cd,cp_297_8bb912d9cd_h2,"Muchos simplifican repackage_idea, pero hay matices críticos.",contrast_hook,intro,medium
cp_297_8bb912d9cd,cp_297_8bb912d9cd_h3,Los datos recientes de repackage_idea muestran una señal accionable.,data_hook,intro,low
cp_297_8bb912d9cd,cp_297_8bb912d9cd_h4,Error común: ejecutar repackage_idea sin validar evidencia.,mistake_hook,middle,medium
cp_297_8bb912d9cd,cp_297_8bb912d9cd_h5,En este video saldrás con un plan claro sobre repackage_idea.,promise_hook,intro,low
cp_297_8bb912d9cd,cp_297_8bb912d9cd_h6,Hay un detalle de repackage_idea que cambia toda la decisión.,curiosity_hook,intro,medium
cp_298_9e7748aeae,cp_298_9e7748aeae_h1,¿Qué cambia realmente con repackage_idea?,question_hook,intro,low
cp_298_9e7748aeae,cp_298_9e7748aeae_h2,"Muchos simplifican repackage_idea, pero hay matices críticos.",contrast_hook,intro,medium
cp_298_9e7748aeae,cp_298_9e7748aeae_h3,Los datos recientes de repackage_idea muestran una señal accionable.,data_hook,intro,low
cp_298_9e7748aeae,cp_298_9e7748aeae_h4,Error común: ejecutar repackage_idea sin validar evidencia.,mistake_hook,middle,medium
cp_298_9e7748aeae,cp_298_9e7748aeae_h5,En este video saldrás con un plan claro sobre repackage_idea.,promise_hook,intro,low
cp_298_9e7748aeae,cp_298_9e7748aeae_h6,Hay un detalle de repackage_idea que cambia toda la decisión.,curiosity_hook,intro,medium
cp_299_10454ca809,cp_299_10454ca809_h1,¿Qué cambia realmente con repackage_idea?,question_hook,intro,low
cp_299_10454ca809,cp_299_10454ca809_h2,"Muchos simplifican repackage_idea, pero hay matices críticos.",contrast_hook,intro,medium
cp_299_10454ca809,cp_299_10454ca809_h3,Los datos recientes de repackage_idea muestran una señal accionable.,data_hook,intro,low
cp_299_10454ca809,cp_299_10454ca809_h4,Error común: ejecutar repackage_idea sin validar evidencia.,mistake_hook,middle,medium
cp_299_10454ca809,cp_299_10454ca809_h5,En este video saldrás con un plan claro sobre repackage_idea.,promise_hook,intro,low
cp_299_10454ca809,cp_299_10454ca809_h6,Hay un detalle de repackage_idea que cambia toda la decisión.,curiosity_hook,intro,medium
cp_300_ce02760ade,cp_300_ce02760ade_h1,¿Qué cambia realmente con repackage_idea?,question_hook,intro,low
cp_300_ce02760ade,cp_300_ce02760ade_h2,"Muchos simplifican repackage_idea, pero hay matices críticos.",contrast_hook,intro,medium
cp_300_ce02760ade,cp_300_ce02760ade_h3,Los datos recientes de repackage_idea muestran una señal accionable.,data_hook,intro,low
cp_300_ce02760ade,cp_300_ce02760ade_h4,Error común: ejecutar repackage_idea sin validar evidencia.,mistake_hook,middle,medium
cp_300_ce02760ade,cp_300_ce02760ade_h5,En este video saldrás con un plan claro sobre repackage_idea.,promise_hook,intro,low
cp_300_ce02760ade,cp_300_ce02760ade_h6,Hay un detalle de repackage_idea que cambia toda la decisión.,curiosity_hook,intro,medium
cp_301_e4657c3ad2,cp_301_e4657c3ad2_h1,¿Qué cambia realmente con repackage_idea?,question_hook,intro,low
cp_301_e4657c3ad2,cp_301_e4657c3ad2_h2,"Muchos simplifican repackage_idea, pero hay matices críticos.",contrast_hook,intro,medium
cp_301_e4657c3ad2,cp_301_e4657c3ad2_h3,Los datos recientes de repackage_idea muestran una señal accionable.,data_hook,intro,low
cp_301_e4657c3ad2,cp_301_e4657c3ad2_h4,Error común: ejecutar repackage_idea sin validar evidencia.,mistake_hook,middle,medium
cp_301_e4657c3ad2,cp_301_e4657c3ad2_h5,En este video saldrás con un plan claro sobre repackage_idea.,promise_hook,intro,low
cp_301_e4657c3ad2,cp_301_e4657c3ad2_h6,Hay un detalle de repackage_idea que cambia toda la decisión.,curiosity_hook,intro,medium
cp_302_d7731c0a29,cp_302_d7731c0a29_h1,¿Qué cambia realmente con repackage_idea?,question_hook,intro,low
cp_302_d7731c0a29,cp_302_d7731c0a29_h2,"Muchos simplifican repackage_idea, pero hay matices críticos.",contrast_hook,intro,medium
cp_302_d7731c0a29,cp_302_d7731c0a29_h3,Los datos recientes de repackage_idea muestran una señal accionable.,data_hook,intro,low
cp_302_d7731c0a29,cp_302_d7731c0a29_h4,Error común: ejecutar repackage_idea sin validar evidencia.,mistake_hook,middle,medium
cp_302_d7731c0a29,cp_302_d7731c0a29_h5,En este video saldrás con un plan claro sobre repackage_idea.,promise_hook,intro,low
cp_302_d7731c0a29,cp_302_d7731c0a29_h6,Hay un detalle de repackage_idea que cambia toda la decisión.,curiosity_hook,intro,medium
cp_303_38bff47591,cp_303_38bff47591_h1,¿Qué cambia realmente con repackage_idea?,question_hook,intro,low
cp_303_38bff47591,cp_303_38bff47591_h2,"Muchos simplifican repackage_idea, pero hay matices críticos.",contrast_hook,intro,medium
cp_303_38bff47591,cp_303_38bff47591_h3,Los datos recientes de repackage_idea muestran una señal accionable.,data_hook,intro,low
cp_303_38bff47591,cp_303_38bff47591_h4,Error común: ejecutar repackage_idea sin validar evidencia.,mistake_hook,middle,medium
cp_303_38bff47591,cp_303_38bff47591_h5,En este video saldrás con un plan claro sobre repackage_idea.,promise_hook,intro,low
cp_303_38bff47591,cp_303_38bff47591_h6,Hay un detalle de repackage_idea que cambia toda la decisión.,curiosity_hook,intro,medium
cp_304_87720350e2,cp_304_87720350e2_h1,¿Qué cambia realmente con repackage_idea?,question_hook,intro,low
cp_304_87720350e2,cp_304_87720350e2_h2,"Muchos simplifican repackage_idea, pero hay matices críticos.",contrast_hook,intro,medium
cp_304_87720350e2,cp_304_87720350e2_h3,Los datos recientes de repackage_idea muestran una señal accionable.,data_hook,intro,low
cp_304_87720350e2,cp_304_87720350e2_h4,Error común: ejecutar repackage_idea sin validar evidencia.,mistake_hook,middle,medium
cp_304_87720350e2,cp_304_87720350e2_h5,En este video saldrás con un plan claro sobre repackage_idea.,promise_hook,intro,low
cp_304_87720350e2,cp_304_87720350e2_h6,Hay un detalle de repackage_idea que cambia toda la decisión.,curiosity_hook,intro,medium
cp_306_f1c4cc4d8a,cp_306_f1c4cc4d8a_h1,¿Qué cambia realmente con repackage_idea?,question_hook,intro,low
cp_306_f1c4cc4d8a,cp_306_f1c4cc4d8a_h2,"Muchos simplifican repackage_idea, pero hay matices críticos.",contrast_hook,intro,medium
cp_306_f1c4cc4d8a,cp_306_f1c4cc4d8a_h3,Los datos recientes de repackage_idea muestran una señal accionable.,data_hook,intro,low
cp_306_f1c4cc4d8a,cp_306_f1c4cc4d8a_h4,Error común: ejecutar repackage_idea sin validar evidencia.,mistake_hook,middle,medium
cp_306_f1c4cc4d8a,cp_306_f1c4cc4d8a_h5,En este video saldrás con un plan claro sobre repackage_idea.,promise_hook,intro,low
cp_306_f1c4cc4d8a,cp_306_f1c4cc4d8a_h6,Hay un detalle de repackage_idea que cambia toda la decisión.,curiosity_hook,intro,medium
cp_307_5d9ad12846,cp_307_5d9ad12846_h1,¿Qué cambia realmente con repackage_idea?,question_hook,intro,low
cp_307_5d9ad12846,cp_307_5d9ad12846_h2,"Muchos simplifican repackage_idea, pero hay matices críticos.",contrast_hook,intro,medium
cp_307_5d9ad12846,cp_307_5d9ad12846_h3,Los datos recientes de repackage_idea muestran una señal accionable.,data_hook,intro,low
cp_307_5d9ad12846,cp_307_5d9ad12846_h4,Error común: ejecutar repackage_idea sin validar evidencia.,mistake_hook,middle,medium
cp_307_5d9ad12846,cp_307_5d9ad12846_h5,En este video saldrás con un plan claro sobre repackage_idea.,promise_hook,intro,low
cp_307_5d9ad12846,cp_307_5d9ad12846_h6,Hay un detalle de repackage_idea que cambia toda la decisión.,curiosity_hook,intro,medium
cp_308_ccdee4a7b2,cp_308_ccdee4a7b2_h1,¿Qué cambia realmente con tema clave?,question_hook,intro,low
cp_308_ccdee4a7b2,cp_308_ccdee4a7b2_h2,"Muchos simplifican tema clave, pero hay matices críticos.",contrast_hook,intro,medium
cp_308_ccdee4a7b2,cp_308_ccdee4a7b2_h3,Los datos recientes de tema clave muestran una señal accionable.,data_hook,intro,low
cp_308_ccdee4a7b2,cp_308_ccdee4a7b2_h4,Error común: ejecutar tema clave sin validar evidencia.,mistake_hook,middle,medium
cp_308_ccdee4a7b2,cp_308_ccdee4a7b2_h5,En este video saldrás con un plan claro sobre tema clave.,promise_hook,intro,low
cp_308_ccdee4a7b2,cp_308_ccdee4a7b2_h6,Hay un detalle de tema clave que cambia toda la decisión.,curiosity_hook,intro,medium
cp_309_261c2b642a,cp_309_261c2b642a_h1,¿Qué cambia realmente con tema clave?,question_hook,intro,low
cp_309_261c2b642a,cp_309_261c2b642a_h2,"Muchos simplifican tema clave, pero hay matices críticos.",contrast_hook,intro,medium
cp_309_261c2b642a,cp_309_261c2b642a_h3,Los datos recientes de tema clave muestran una señal accionable.,data_hook,intro,low
cp_309_261c2b642a,cp_309_261c2b642a_h4,Error común: ejecutar tema clave sin validar evidencia.,mistake_hook,middle,medium
cp_309_261c2b642a,cp_309_261c2b642a_h5,En este video saldrás con un plan claro sobre tema clave.,promise_hook,intro,low
cp_309_261c2b642a,cp_309_261c2b642a_h6,Hay un detalle de tema clave que cambia toda la decisión.,curiosity_hook,intro,medium
cp_310_0d0fa4246a,cp_310_0d0fa4246a_h1,¿Qué cambia realmente con repackage_idea?,question_hook,intro,low
cp_310_0d0fa4246a,cp_310_0d0fa4246a_h2,"Muchos simplifican repackage_idea, pero hay matices críticos.",contrast_hook,intro,medium
cp_310_0d0fa4246a,cp_310_0d0fa4246a_h3,Los datos recientes de repackage_idea muestran una señal accionable.,data_hook,intro,low
cp_310_0d0fa4246a,cp_310_0d0fa4246a_h4,Error común: ejecutar repackage_idea sin validar evidencia.,mistake_hook,middle,medium
cp_310_0d0fa4246a,cp_310_0d0fa4246a_h5,En este video saldrás con un plan claro sobre repackage_idea.,promise_hook,intro,low
cp_310_0d0fa4246a,cp_310_0d0fa4246a_h6,Hay un detalle de repackage_idea que cambia toda la decisión.,curiosity_hook,intro,medium
cp_311_9d44615bcd,cp_311_9d44615bcd_h1,¿Qué cambia realmente con repackage_idea?,question_hook,intro,low
cp_311_9d44615bcd,cp_311_9d44615bcd_h2,"Muchos simplifican repackage_idea, pero hay matices críticos.",contrast_hook,intro,medium
cp_311_9d44615bcd,cp_311_9d44615bcd_h3,Los datos recientes de repackage_idea muestran una señal accionable.,data_hook,intro,low
cp_311_9d44615bcd,cp_311_9d44615bcd_h4,Error común: ejecutar repackage_idea sin validar evidencia.,mistake_hook,middle,medium
cp_311_9d44615bcd,cp_311_9d44615bcd_h5,En este video saldrás con un plan claro sobre repackage_idea.,promise_hook,intro,low
cp_311_9d44615bcd,cp_311_9d44615bcd_h6,Hay un detalle de repackage_idea que cambia toda la decisión.,curiosity_hook,intro,medium
cp_312_b9bffc73dc,cp_312_b9bffc73dc_h1,¿Qué cambia realmente con repackage_idea?,question_hook,intro,low
cp_312_b9bffc73dc,cp_312_b9bffc73dc_h2,"Muchos simplifican repackage_idea, pero hay matices críticos.",contrast_hook,intro,medium
cp_312_b9bffc73dc,cp_312_b9bffc73dc_h3,Los datos recientes de repackage_idea muestran una señal accionable.,data_hook,intro,low
cp_312_b9bffc73dc,cp_312_b9bffc73dc_h4,Error común: ejecutar repackage_idea sin validar evidencia.,mistake_hook,middle,medium
cp_312_b9bffc73dc,cp_312_b9bffc73dc_h5,En este video saldrás con un plan claro sobre repackage_idea.,promise_hook,intro,low
cp_312_b9bffc73dc,cp_312_b9bffc73dc_h6,Hay un detalle de repackage_idea que cambia toda la decisión.,curiosity_hook,intro,medium
cp_313_038e06029a,cp_313_038e06029a_h1,¿Qué cambia realmente con repackage_idea?,question_hook,intro,low
cp_313_038e06029a,cp_313_038e06029a_h2,"Muchos simplifican repackage_idea, pero hay matices críticos.",contrast_hook,intro,medium
cp_313_038e06029a,cp_313_038e06029a_h3,Los datos recientes de repackage_idea muestran una señal accionable.,data_hook,intro,low
cp_313_038e06029a,cp_313_038e06029a_h4,Error común: ejecutar repackage_idea sin validar evidencia.,mistake_hook,middle,medium
cp_313_038e06029a,cp_313_038e06029a_h5,En este video saldrás con un plan claro sobre repackage_idea.,promise_hook,intro,low
cp_313_038e06029a,cp_313_038e06029a_h6,Hay un detalle de repackage_idea que cambia toda la decisión.,curiosity_hook,intro,medium
cp_314_1398440e8c,cp_314_1398440e8c_h1,¿Qué cambia realmente con tema clave?,question_hook,intro,low
cp_314_1398440e8c,cp_314_1398440e8c_h2,"Muchos simplifican tema clave, pero hay matices críticos.",contrast_hook,intro,medium
cp_314_1398440e8c,cp_314_1398440e8c_h3,Los datos recientes de tema clave muestran una señal accionable.,data_hook,intro,low
cp_314_1398440e8c,cp_314_1398440e8c_h4,Error común: ejecutar tema clave sin validar evidencia.,mistake_hook,middle,medium
cp_314_1398440e8c,cp_314_1398440e8c_h5,En este video saldrás con un plan claro sobre tema clave.,promise_hook,intro,low
cp_314_1398440e8c,cp_314_1398440e8c_h6,Hay un detalle de tema clave que cambia toda la decisión.,curiosity_hook,intro,medium
cp_315_72a9e3d285,cp_315_72a9e3d285_h1,¿Qué cambia realmente con repackage_idea?,question_hook,intro,low
cp_315_72a9e3d285,cp_315_72a9e3d285_h2,"Muchos simplifican repackage_idea, pero hay matices críticos.",contrast_hook,intro,medium
cp_315_72a9e3d285,cp_315_72a9e3d285_h3,Los datos recientes de repackage_idea muestran una señal accionable.,data_hook,intro,low
cp_315_72a9e3d285,cp_315_72a9e3d285_h4,Error común: ejecutar repackage_idea sin validar evidencia.,mistake_hook,middle,medium
cp_315_72a9e3d285,cp_315_72a9e3d285_h5,En este video saldrás con un plan claro sobre repackage_idea.,promise_hook,intro,low
cp_315_72a9e3d285,cp_315_72a9e3d285_h6,Hay un detalle de repackage_idea que cambia toda la decisión.,curiosity_hook,intro,medium
cp_316_fdf5d074d8,cp_316_fdf5d074d8_h1,¿Qué cambia realmente con repackage_idea?,question_hook,intro,low
cp_316_fdf5d074d8,cp_316_fdf5d074d8_h2,"Muchos simplifican repackage_idea, pero hay matices críticos.",contrast_hook,intro,medium
cp_316_fdf5d074d8,cp_316_fdf5d074d8_h3,Los datos recientes de repackage_idea muestran una señal accionable.,data_hook,intro,low
cp_316_fdf5d074d8,cp_316_fdf5d074d8_h4,Error común: ejecutar repackage_idea sin validar evidencia.,mistake_hook,middle,medium
cp_316_fdf5d074d8,cp_316_fdf5d074d8_h5,En este video saldrás con un plan claro sobre repackage_idea.,promise_hook,intro,low
cp_316_fdf5d074d8,cp_316_fdf5d074d8_h6,Hay un detalle de repackage_idea que cambia toda la decisión.,curiosity_hook,intro,medium
cp_317_841821e46c,cp_317_841821e46c_h1,¿Qué cambia realmente con repackage_idea?,question_hook,intro,low
cp_317_841821e46c,cp_317_841821e46c_h2,"Muchos simplifican repackage_idea, pero hay matices críticos.",contrast_hook,intro,medium
cp_317_841821e46c,cp_317_841821e46c_h3,Los datos recientes de repackage_idea muestran una señal accionable.,data_hook,intro,low
cp_317_841821e46c,cp_317_841821e46c_h4,Error común: ejecutar repackage_idea sin validar evidencia.,mistake_hook,middle,medium
cp_317_841821e46c,cp_317_841821e46c_h5,En este video saldrás con un plan claro sobre repackage_idea.,promise_hook,intro,low
cp_317_841821e46c,cp_317_841821e46c_h6,Hay un detalle de repackage_idea que cambia toda la decisión.,curiosity_hook,intro,medium
cp_318_a48240da11,cp_318_a48240da11_h1,¿Qué cambia realmente con repackage_idea?,question_hook,intro,low
cp_318_a48240da11,cp_318_a48240da11_h2,"Muchos simplifican repackage_idea, pero hay matices críticos.",contrast_hook,intro,medium
cp_318_a48240da11,cp_318_a48240da11_h3,Los datos recientes de repackage_idea muestran una señal accionable.,data_hook,intro,low
cp_318_a48240da11,cp_318_a48240da11_h4,Error común: ejecutar repackage_idea sin validar evidencia.,mistake_hook,middle,medium
cp_318_a48240da11,cp_318_a48240da11_h5,En este video saldrás con un plan claro sobre repackage_idea.,promise_hook,intro,low
cp_318_a48240da11,cp_318_a48240da11_h6,Hay un detalle de repackage_idea que cambia toda la decisión.,curiosity_hook,intro,medium
cp_319_3e31568683,cp_319_3e31568683_h1,¿Qué cambia realmente con repackage_idea?,question_hook,intro,low
cp_319_3e31568683,cp_319_3e31568683_h2,"Muchos simplifican repackage_idea, pero hay matices críticos.",contrast_hook,intro,medium
cp_319_3e31568683,cp_319_3e31568683_h3,Los datos recientes de repackage_idea muestran una señal accionable.,data_hook,intro,low
cp_319_3e31568683,cp_319_3e31568683_h4,Error común: ejecutar repackage_idea sin validar evidencia.,mistake_hook,middle,medium
cp_319_3e31568683,cp_319_3e31568683_h5,En este video saldrás con un plan claro sobre repackage_idea.,promise_hook,intro,low
cp_319_3e31568683,cp_319_3e31568683_h6,Hay un detalle de repackage_idea que cambia toda la decisión.,curiosity_hook,intro,medium
cp_321_1ab41b8f3a,cp_321_1ab41b8f3a_h1,¿Qué cambia realmente con repackage_idea?,question_hook,intro,low
cp_321_1ab41b8f3a,cp_321_1ab41b8f3a_h2,"Muchos simplifican repackage_idea, pero hay matices críticos.",contrast_hook,intro,medium
cp_321_1ab41b8f3a,cp_321_1ab41b8f3a_h3,Los datos recientes de repackage_idea muestran una señal accionable.,data_hook,intro,low
cp_321_1ab41b8f3a,cp_321_1ab41b8f3a_h4,Error común: ejecutar repackage_idea sin validar evidencia.,mistake_hook,middle,medium
cp_321_1ab41b8f3a,cp_321_1ab41b8f3a_h5,En este video saldrás con un plan claro sobre repackage_idea.,promise_hook,intro,low
cp_321_1ab41b8f3a,cp_321_1ab41b8f3a_h6,Hay un detalle de repackage_idea que cambia toda la decisión.,curiosity_hook,intro,medium
cp_322_61c3d3e2f8,cp_322_61c3d3e2f8_h1,¿Qué cambia realmente con repackage_idea?,question_hook,intro,low
cp_322_61c3d3e2f8,cp_322_61c3d3e2f8_h2,"Muchos simplifican repackage_idea, pero hay matices críticos.",contrast_hook,intro,medium
cp_322_61c3d3e2f8,cp_322_61c3d3e2f8_h3,Los datos recientes de repackage_idea muestran una señal accionable.,data_hook,intro,low
cp_322_61c3d3e2f8,cp_322_61c3d3e2f8_h4,Error común: ejecutar repackage_idea sin validar evidencia.,mistake_hook,middle,medium
cp_322_61c3d3e2f8,cp_322_61c3d3e2f8_h5,En este video saldrás con un plan claro sobre repackage_idea.,promise_hook,intro,low
cp_322_61c3d3e2f8,cp_322_61c3d3e2f8_h6,Hay un detalle de repackage_idea que cambia toda la decisión.,curiosity_hook,intro,medium
cp_323_d4f6232a27,cp_323_d4f6232a27_h1,¿Qué cambia realmente con repackage_idea?,question_hook,intro,low
cp_323_d4f6232a27,cp_323_d4f6232a27_h2,"Muchos simplifican repackage_idea, pero hay matices críticos.",contrast_hook,intro,medium
cp_323_d4f6232a27,cp_323_d4f6232a27_h3,Los datos recientes de repackage_idea muestran una señal accionable.,data_hook,intro,low
cp_323_d4f6232a27,cp_323_d4f6232a27_h4,Error común: ejecutar repackage_idea sin validar evidencia.,mistake_hook,middle,medium
cp_323_d4f6232a27,cp_323_d4f6232a27_h5,En este video saldrás con un plan claro sobre repackage_idea.,promise_hook,intro,low
cp_323_d4f6232a27,cp_323_d4f6232a27_h6,Hay un detalle de repackage_idea que cambia toda la decisión.,curiosity_hook,intro,medium
cp_324_6eb3619cd6,cp_324_6eb3619cd6_h1,¿Qué cambia realmente con repackage_idea?,question_hook,intro,low
cp_324_6eb3619cd6,cp_324_6eb3619cd6_h2,"Muchos simplifican repackage_idea, pero hay matices críticos.",contrast_hook,intro,medium
cp_324_6eb3619cd6,cp_324_6eb3619cd6_h3,Los datos recientes de repackage_idea muestran una señal accionable.,data_hook,intro,low
cp_324_6eb3619cd6,cp_324_6eb3619cd6_h4,Error común: ejecutar repackage_idea sin validar evidencia.,mistake_hook,middle,medium
cp_324_6eb3619cd6,cp_324_6eb3619cd6_h5,En este video saldrás con un plan claro sobre repackage_idea.,promise_hook,intro,low
cp_324_6eb3619cd6,cp_324_6eb3619cd6_h6,Hay un detalle de repackage_idea que cambia toda la decisión.,curiosity_hook,intro,medium
cp_325_0374d2897d,cp_325_0374d2897d_h1,¿Qué cambia realmente con tema clave?,question_hook,intro,low
cp_325_0374d2897d,cp_325_0374d2897d_h2,"Muchos simplifican tema clave, pero hay matices críticos.",contrast_hook,intro,medium
cp_325_0374d2897d,cp_325_0374d2897d_h3,Los datos recientes de tema clave muestran una señal accionable.,data_hook,intro,low
cp_325_0374d2897d,cp_325_0374d2897d_h4,Error común: ejecutar tema clave sin validar evidencia.,mistake_hook,middle,medium
cp_325_0374d2897d,cp_325_0374d2897d_h5,En este video saldrás con un plan claro sobre tema clave.,promise_hook,intro,low
cp_325_0374d2897d,cp_325_0374d2897d_h6,Hay un detalle de tema clave que cambia toda la decisión.,curiosity_hook,intro,medium
cp_326_96c34da0e1,cp_326_96c34da0e1_h1,¿Qué cambia realmente con repackage_idea?,question_hook,intro,low
cp_326_96c34da0e1,cp_326_96c34da0e1_h2,"Muchos simplifican repackage_idea, pero hay matices críticos.",contrast_hook,intro,medium
cp_326_96c34da0e1,cp_326_96c34da0e1_h3,Los datos recientes de repackage_idea muestran una señal accionable.,data_hook,intro,low
cp_326_96c34da0e1,cp_326_96c34da0e1_h4,Error común: ejecutar repackage_idea sin validar evidencia.,mistake_hook,middle,medium
cp_326_96c34da0e1,cp_326_96c34da0e1_h5,En este video saldrás con un plan claro sobre repackage_idea.,promise_hook,intro,low
cp_326_96c34da0e1,cp_326_96c34da0e1_h6,Hay un detalle de repackage_idea que cambia toda la decisión.,curiosity_hook,intro,medium
cp_327_bae07586ce,cp_327_bae07586ce_h1,¿Qué cambia realmente con repackage_idea?,question_hook,intro,low
cp_327_bae07586ce,cp_327_bae07586ce_h2,"Muchos simplifican repackage_idea, pero hay matices críticos.",contrast_hook,intro,medium
cp_327_bae07586ce,cp_327_bae07586ce_h3,Los datos recientes de repackage_idea muestran una señal accionable.,data_hook,intro,low
cp_327_bae07586ce,cp_327_bae07586ce_h4,Error común: ejecutar repackage_idea sin validar evidencia.,mistake_hook,middle,medium
cp_327_bae07586ce,cp_327_bae07586ce_h5,En este video saldrás con un plan claro sobre repackage_idea.,promise_hook,intro,low
cp_327_bae07586ce,cp_327_bae07586ce_h6,Hay un detalle de repackage_idea que cambia toda la decisión.,curiosity_hook,intro,medium
cp_328_d5eecaceb2,cp_328_d5eecaceb2_h1,¿Qué cambia realmente con repackage_idea?,question_hook,intro,low
cp_328_d5eecaceb2,cp_328_d5eecaceb2_h2,"Muchos simplifican repackage_idea, pero hay matices críticos.",contrast_hook,intro,medium
cp_328_d5eecaceb2,cp_328_d5eecaceb2_h3,Los datos recientes de repackage_idea muestran una señal accionable.,data_hook,intro,low
cp_328_d5eecaceb2,cp_328_d5eecaceb2_h4,Error común: ejecutar repackage_idea sin validar evidencia.,mistake_hook,middle,medium
cp_328_d5eecaceb2,cp_328_d5eecaceb2_h5,En este video saldrás con un plan claro sobre repackage_idea.,promise_hook,intro,low
cp_328_d5eecaceb2,cp_328_d5eecaceb2_h6,Hay un detalle de repackage_idea que cambia toda la decisión.,curiosity_hook,intro,medium
cp_329_c21ee0c50c,cp_329_c21ee0c50c_h1,¿Qué cambia realmente con repackage_idea?,question_hook,intro,low
cp_329_c21ee0c50c,cp_329_c21ee0c50c_h2,"Muchos simplifican repackage_idea, pero hay matices críticos.",contrast_hook,intro,medium
cp_329_c21ee0c50c,cp_329_c21ee0c50c_h3,Los datos recientes de repackage_idea muestran una señal accionable.,data_hook,intro,low
cp_329_c21ee0c50c,cp_329_c21ee0c50c_h4,Error común: ejecutar repackage_idea sin validar evidencia.,mistake_hook,middle,medium
cp_329_c21ee0c50c,cp_329_c21ee0c50c_h5,En este video saldrás con un plan claro sobre repackage_idea.,promise_hook,intro,low
cp_329_c21ee0c50c,cp_329_c21ee0c50c_h6,Hay un detalle de repackage_idea que cambia toda la decisión.,curiosity_hook,intro,medium
cp_330_f91c41f294,cp_330_f91c41f294_h1,¿Qué cambia realmente con repackage_idea?,question_hook,intro,low
cp_330_f91c41f294,cp_330_f91c41f294_h2,"Muchos simplifican repackage_idea, pero hay matices críticos.",contrast_hook,intro,medium
cp_330_f91c41f294,cp_330_f91c41f294_h3,Los datos recientes de repackage_idea muestran una señal accionable.,data_hook,intro,low
cp_330_f91c41f294,cp_330_f91c41f294_h4,Error común: ejecutar repackage_idea sin validar evidencia.,mistake_hook,middle,medium
cp_330_f91c41f294,cp_330_f91c41f294_h5,En este video saldrás con un plan claro sobre repackage_idea.,promise_hook,intro,low
cp_330_f91c41f294,cp_330_f91c41f294_h6,Hay un detalle de repackage_idea que cambia toda la decisión.,curiosity_hook,intro,medium
cp_331_d736923ecf,cp_331_d736923ecf_h1,¿Qué cambia realmente con repackage_idea?,question_hook,intro,low
cp_331_d736923ecf,cp_331_d736923ecf_h2,"Muchos simplifican repackage_idea, pero hay matices críticos.",contrast_hook,intro,medium
cp_331_d736923ecf,cp_331_d736923ecf_h3,Los datos recientes de repackage_idea muestran una señal accionable.,data_hook,intro,low
cp_331_d736923ecf,cp_331_d736923ecf_h4,Error común: ejecutar repackage_idea sin validar evidencia.,mistake_hook,middle,medium
cp_331_d736923ecf,cp_331_d736923ecf_h5,En este video saldrás con un plan claro sobre repackage_idea.,promise_hook,intro,low
cp_331_d736923ecf,cp_331_d736923ecf_h6,Hay un detalle de repackage_idea que cambia toda la decisión.,curiosity_hook,intro,medium
cp_332_7b6a413686,cp_332_7b6a413686_h1,¿Qué cambia realmente con repackage_idea?,question_hook,intro,low
cp_332_7b6a413686,cp_332_7b6a413686_h2,"Muchos simplifican repackage_idea, pero hay matices críticos.",contrast_hook,intro,medium
cp_332_7b6a413686,cp_332_7b6a413686_h3,Los datos recientes de repackage_idea muestran una señal accionable.,data_hook,intro,low
cp_332_7b6a413686,cp_332_7b6a413686_h4,Error común: ejecutar repackage_idea sin validar evidencia.,mistake_hook,middle,medium
cp_332_7b6a413686,cp_332_7b6a413686_h5,En este video saldrás con un plan claro sobre repackage_idea.,promise_hook,intro,low
cp_332_7b6a413686,cp_332_7b6a413686_h6,Hay un detalle de repackage_idea que cambia toda la decisión.,curiosity_hook,intro,medium
cp_333_707d473ed5,cp_333_707d473ed5_h1,¿Qué cambia realmente con repackage_idea?,question_hook,intro,low
cp_333_707d473ed5,cp_333_707d473ed5_h2,"Muchos simplifican repackage_idea, pero hay matices críticos.",contrast_hook,intro,medium
cp_333_707d473ed5,cp_333_707d473ed5_h3,Los datos recientes de repackage_idea muestran una señal accionable.,data_hook,intro,low
cp_333_707d473ed5,cp_333_707d473ed5_h4,Error común: ejecutar repackage_idea sin validar evidencia.,mistake_hook,middle,medium
cp_333_707d473ed5,cp_333_707d473ed5_h5,En este video saldrás con un plan claro sobre repackage_idea.,promise_hook,intro,low
cp_333_707d473ed5,cp_333_707d473ed5_h6,Hay un detalle de repackage_idea que cambia toda la decisión.,curiosity_hook,intro,medium
cp_334_4cee3d3a41,cp_334_4cee3d3a41_h1,¿Qué cambia realmente con repackage_idea?,question_hook,intro,low
cp_334_4cee3d3a41,cp_334_4cee3d3a41_h2,"Muchos simplifican repackage_idea, pero hay matices críticos.",contrast_hook,intro,medium
cp_334_4cee3d3a41,cp_334_4cee3d3a41_h3,Los datos recientes de repackage_idea muestran una señal accionable.,data_hook,intro,low
cp_334_4cee3d3a41,cp_334_4cee3d3a41_h4,Error común: ejecutar repackage_idea sin validar evidencia.,mistake_hook,middle,medium
cp_334_4cee3d3a41,cp_334_4cee3d3a41_h5,En este video saldrás con un plan claro sobre repackage_idea.,promise_hook,intro,low
cp_334_4cee3d3a41,cp_334_4cee3d3a41_h6,Hay un detalle de repackage_idea que cambia toda la decisión.,curiosity_hook,intro,medium
cp_335_c1f75db9e9,cp_335_c1f75db9e9_h1,¿Qué cambia realmente con repackage_idea?,question_hook,intro,low
cp_335_c1f75db9e9,cp_335_c1f75db9e9_h2,"Muchos simplifican repackage_idea, pero hay matices críticos.",contrast_hook,intro,medium
cp_335_c1f75db9e9,cp_335_c1f75db9e9_h3,Los datos recientes de repackage_idea muestran una señal accionable.,data_hook,intro,low
cp_335_c1f75db9e9,cp_335_c1f75db9e9_h4,Error común: ejecutar repackage_idea sin validar evidencia.,mistake_hook,middle,medium
cp_335_c1f75db9e9,cp_335_c1f75db9e9_h5,En este video saldrás con un plan claro sobre repackage_idea.,promise_hook,intro,low
cp_335_c1f75db9e9,cp_335_c1f75db9e9_h6,Hay un detalle de repackage_idea que cambia toda la decisión.,curiosity_hook,intro,medium
cp_336_9de9a5c085,cp_336_9de9a5c085_h1,¿Qué cambia realmente con repackage_idea?,question_hook,intro,low
cp_336_9de9a5c085,cp_336_9de9a5c085_h2,"Muchos simplifican repackage_idea, pero hay matices críticos.",contrast_hook,intro,medium
cp_336_9de9a5c085,cp_336_9de9a5c085_h3,Los datos recientes de repackage_idea muestran una señal accionable.,data_hook,intro,low
cp_336_9de9a5c085,cp_336_9de9a5c085_h4,Error común: ejecutar repackage_idea sin validar evidencia.,mistake_hook,middle,medium
cp_336_9de9a5c085,cp_336_9de9a5c085_h5,En este video saldrás con un plan claro sobre repackage_idea.,promise_hook,intro,low
cp_336_9de9a5c085,cp_336_9de9a5c085_h6,Hay un detalle de repackage_idea que cambia toda la decisión.,curiosity_hook,intro,medium
cp_337_e5cd7500fa,cp_337_e5cd7500fa_h1,¿Qué cambia realmente con repackage_idea?,question_hook,intro,low
cp_337_e5cd7500fa,cp_337_e5cd7500fa_h2,"Muchos simplifican repackage_idea, pero hay matices críticos.",contrast_hook,intro,medium
cp_337_e5cd7500fa,cp_337_e5cd7500fa_h3,Los datos recientes de repackage_idea muestran una señal accionable.,data_hook,intro,low
cp_337_e5cd7500fa,cp_337_e5cd7500fa_h4,Error común: ejecutar repackage_idea sin validar evidencia.,mistake_hook,middle,medium
cp_337_e5cd7500fa,cp_337_e5cd7500fa_h5,En este video saldrás con un plan claro sobre repackage_idea.,promise_hook,intro,low
cp_337_e5cd7500fa,cp_337_e5cd7500fa_h6,Hay un detalle de repackage_idea que cambia toda la decisión.,curiosity_hook,intro,medium
cp_338_2889931ab8,cp_338_2889931ab8_h1,¿Qué cambia realmente con repackage_idea?,question_hook,intro,low
cp_338_2889931ab8,cp_338_2889931ab8_h2,"Muchos simplifican repackage_idea, pero hay matices críticos.",contrast_hook,intro,medium
cp_338_2889931ab8,cp_338_2889931ab8_h3,Los datos recientes de repackage_idea muestran una señal accionable.,data_hook,intro,low
cp_338_2889931ab8,cp_338_2889931ab8_h4,Error común: ejecutar repackage_idea sin validar evidencia.,mistake_hook,middle,medium
cp_338_2889931ab8,cp_338_2889931ab8_h5,En este video saldrás con un plan claro sobre repackage_idea.,promise_hook,intro,low
cp_338_2889931ab8,cp_338_2889931ab8_h6,Hay un detalle de repackage_idea que cambia toda la decisión.,curiosity_hook,intro,medium
cp_339_37e92f4474,cp_339_37e92f4474_h1,¿Qué cambia realmente con repackage_idea?,question_hook,intro,low
cp_339_37e92f4474,cp_339_37e92f4474_h2,"Muchos simplifican repackage_idea, pero hay matices críticos.",contrast_hook,intro,medium
cp_339_37e92f4474,cp_339_37e92f4474_h3,Los datos recientes de repackage_idea muestran una señal accionable.,data_hook,intro,low
cp_339_37e92f4474,cp_339_37e92f4474_h4,Error común: ejecutar repackage_idea sin validar evidencia.,mistake_hook,middle,medium
cp_339_37e92f4474,cp_339_37e92f4474_h5,En este video saldrás con un plan claro sobre repackage_idea.,promise_hook,intro,low
cp_339_37e92f4474,cp_339_37e92f4474_h6,Hay un detalle de repackage_idea que cambia toda la decisión.,curiosity_hook,intro,medium
cp_340_d174ae7f0b,cp_340_d174ae7f0b_h1,¿Qué cambia realmente con repackage_idea?,question_hook,intro,low
cp_340_d174ae7f0b,cp_340_d174ae7f0b_h2,"Muchos simplifican repackage_idea, pero hay matices críticos.",contrast_hook,intro,medium
cp_340_d174ae7f0b,cp_340_d174ae7f0b_h3,Los datos recientes de repackage_idea muestran una señal accionable.,data_hook,intro,low
cp_340_d174ae7f0b,cp_340_d174ae7f0b_h4,Error común: ejecutar repackage_idea sin validar evidencia.,mistake_hook,middle,medium
cp_340_d174ae7f0b,cp_340_d174ae7f0b_h5,En este video saldrás con un plan claro sobre repackage_idea.,promise_hook,intro,low
cp_340_d174ae7f0b,cp_340_d174ae7f0b_h6,Hay un detalle de repackage_idea que cambia toda la decisión.,curiosity_hook,intro,medium
cp_341_b70b40fefb,cp_341_b70b40fefb_h1,¿Qué cambia realmente con repackage_idea?,question_hook,intro,low
cp_341_b70b40fefb,cp_341_b70b40fefb_h2,"Muchos simplifican repackage_idea, pero hay matices críticos.",contrast_hook,intro,medium
cp_341_b70b40fefb,cp_341_b70b40fefb_h3,Los datos recientes de repackage_idea muestran una señal accionable.,data_hook,intro,low
cp_341_b70b40fefb,cp_341_b70b40fefb_h4,Error común: ejecutar repackage_idea sin validar evidencia.,mistake_hook,middle,medium
cp_341_b70b40fefb,cp_341_b70b40fefb_h5,En este video saldrás con un plan claro sobre repackage_idea.,promise_hook,intro,low
cp_341_b70b40fefb,cp_341_b70b40fefb_h6,Hay un detalle de repackage_idea que cambia toda la decisión.,curiosity_hook,intro,medium
cp_342_e47fa07766,cp_342_e47fa07766_h1,¿Qué cambia realmente con repackage_idea?,question_hook,intro,low
cp_342_e47fa07766,cp_342_e47fa07766_h2,"Muchos simplifican repackage_idea, pero hay matices críticos.",contrast_hook,intro,medium
cp_342_e47fa07766,cp_342_e47fa07766_h3,Los datos recientes de repackage_idea muestran una señal accionable.,data_hook,intro,low
cp_342_e47fa07766,cp_342_e47fa07766_h4,Error común: ejecutar repackage_idea sin validar evidencia.,mistake_hook,middle,medium
cp_342_e47fa07766,cp_342_e47fa07766_h5,En este video saldrás con un plan claro sobre repackage_idea.,promise_hook,intro,low
cp_342_e47fa07766,cp_342_e47fa07766_h6,Hay un detalle de repackage_idea que cambia toda la decisión.,curiosity_hook,intro,medium
cp_343_e670363d08,cp_343_e670363d08_h1,¿Qué cambia realmente con tema clave?,question_hook,intro,low
cp_343_e670363d08,cp_343_e670363d08_h2,"Muchos simplifican tema clave, pero hay matices críticos.",contrast_hook,intro,medium
cp_343_e670363d08,cp_343_e670363d08_h3,Los datos recientes de tema clave muestran una señal accionable.,data_hook,intro,low
cp_343_e670363d08,cp_343_e670363d08_h4,Error común: ejecutar tema clave sin validar evidencia.,mistake_hook,middle,medium
cp_343_e670363d08,cp_343_e670363d08_h5,En este video saldrás con un plan claro sobre tema clave.,promise_hook,intro,low
cp_343_e670363d08,cp_343_e670363d08_h6,Hay un detalle de tema clave que cambia toda la decisión.,curiosity_hook,intro,medium
cp_344_1019d280c2,cp_344_1019d280c2_h1,¿Qué cambia realmente con tema clave?,question_hook,intro,low
cp_344_1019d280c2,cp_344_1019d280c2_h2,"Muchos simplifican tema clave, pero hay matices críticos.",contrast_hook,intro,medium
cp_344_1019d280c2,cp_344_1019d280c2_h3,Los datos recientes de tema clave muestran una señal accionable.,data_hook,intro,low
cp_344_1019d280c2,cp_344_1019d280c2_h4,Error común: ejecutar tema clave sin validar evidencia.,mistake_hook,middle,medium
cp_344_1019d280c2,cp_344_1019d280c2_h5,En este video saldrás con un plan claro sobre tema clave.,promise_hook,intro,low
cp_344_1019d280c2,cp_344_1019d280c2_h6,Hay un detalle de tema clave que cambia toda la decisión.,curiosity_hook,intro,medium
cp_346_5212e61bad,cp_346_5212e61bad_h1,¿Qué cambia realmente con repackage_idea?,question_hook,intro,low
cp_346_5212e61bad,cp_346_5212e61bad_h2,"Muchos simplifican repackage_idea, pero hay matices críticos.",contrast_hook,intro,medium
cp_346_5212e61bad,cp_346_5212e61bad_h3,Los datos recientes de repackage_idea muestran una señal accionable.,data_hook,intro,low
cp_346_5212e61bad,cp_346_5212e61bad_h4,Error común: ejecutar repackage_idea sin validar evidencia.,mistake_hook,middle,medium
cp_346_5212e61bad,cp_346_5212e61bad_h5,En este video saldrás con un plan claro sobre repackage_idea.,promise_hook,intro,low
cp_346_5212e61bad,cp_346_5212e61bad_h6,Hay un detalle de repackage_idea que cambia toda la decisión.,curiosity_hook,intro,medium
cp_347_0504e54a71,cp_347_0504e54a71_h1,¿Qué cambia realmente con repackage_idea?,question_hook,intro,low
cp_347_0504e54a71,cp_347_0504e54a71_h2,"Muchos simplifican repackage_idea, pero hay matices críticos.",contrast_hook,intro,medium
cp_347_0504e54a71,cp_347_0504e54a71_h3,Los datos recientes de repackage_idea muestran una señal accionable.,data_hook,intro,low
cp_347_0504e54a71,cp_347_0504e54a71_h4,Error común: ejecutar repackage_idea sin validar evidencia.,mistake_hook,middle,medium
cp_347_0504e54a71,cp_347_0504e54a71_h5,En este video saldrás con un plan claro sobre repackage_idea.,promise_hook,intro,low
cp_347_0504e54a71,cp_347_0504e54a71_h6,Hay un detalle de repackage_idea que cambia toda la decisión.,curiosity_hook,intro,medium
cp_348_44f885d9a8,cp_348_44f885d9a8_h1,¿Qué cambia realmente con tema clave?,question_hook,intro,low
cp_348_44f885d9a8,cp_348_44f885d9a8_h2,"Muchos simplifican tema clave, pero hay matices críticos.",contrast_hook,intro,medium
cp_348_44f885d9a8,cp_348_44f885d9a8_h3,Los datos recientes de tema clave muestran una señal accionable.,data_hook,intro,low
cp_348_44f885d9a8,cp_348_44f885d9a8_h4,Error común: ejecutar tema clave sin validar evidencia.,mistake_hook,middle,medium
cp_348_44f885d9a8,cp_348_44f885d9a8_h5,En este video saldrás con un plan claro sobre tema clave.,promise_hook,intro,low
cp_348_44f885d9a8,cp_348_44f885d9a8_h6,Hay un detalle de tema clave que cambia toda la decisión.,curiosity_hook,intro,medium
cp_349_5d7da63f2c,cp_349_5d7da63f2c_h1,¿Qué cambia realmente con repackage_idea?,question_hook,intro,low
cp_349_5d7da63f2c,cp_349_5d7da63f2c_h2,"Muchos simplifican repackage_idea, pero hay matices críticos.",contrast_hook,intro,medium
cp_349_5d7da63f2c,cp_349_5d7da63f2c_h3,Los datos recientes de repackage_idea muestran una señal accionable.,data_hook,intro,low
cp_349_5d7da63f2c,cp_349_5d7da63f2c_h4,Error común: ejecutar repackage_idea sin validar evidencia.,mistake_hook,middle,medium
cp_349_5d7da63f2c,cp_349_5d7da63f2c_h5,En este video saldrás con un plan claro sobre repackage_idea.,promise_hook,intro,low
cp_349_5d7da63f2c,cp_349_5d7da63f2c_h6,Hay un detalle de repackage_idea que cambia toda la decisión.,curiosity_hook,intro,medium
cp_352_a313d5ee25,cp_352_a313d5ee25_h1,¿Qué cambia realmente con tema clave?,question_hook,intro,low
cp_352_a313d5ee25,cp_352_a313d5ee25_h2,"Muchos simplifican tema clave, pero hay matices críticos.",contrast_hook,intro,medium
cp_352_a313d5ee25,cp_352_a313d5ee25_h3,Los datos recientes de tema clave muestran una señal accionable.,data_hook,intro,low
cp_352_a313d5ee25,cp_352_a313d5ee25_h4,Error común: ejecutar tema clave sin validar evidencia.,mistake_hook,middle,medium
cp_352_a313d5ee25,cp_352_a313d5ee25_h5,En este video saldrás con un plan claro sobre tema clave.,promise_hook,intro,low
cp_352_a313d5ee25,cp_352_a313d5ee25_h6,Hay un detalle de tema clave que cambia toda la decisión.,curiosity_hook,intro,medium
cp_353_196be713ce,cp_353_196be713ce_h1,¿Qué cambia realmente con repackage_idea?,question_hook,intro,low
cp_353_196be713ce,cp_353_196be713ce_h2,"Muchos simplifican repackage_idea, pero hay matices críticos.",contrast_hook,intro,medium
cp_353_196be713ce,cp_353_196be713ce_h3,Los datos recientes de repackage_idea muestran una señal accionable.,data_hook,intro,low
cp_353_196be713ce,cp_353_196be713ce_h4,Error común: ejecutar repackage_idea sin validar evidencia.,mistake_hook,middle,medium
cp_353_196be713ce,cp_353_196be713ce_h5,En este video saldrás con un plan claro sobre repackage_idea.,promise_hook,intro,low
cp_353_196be713ce,cp_353_196be713ce_h6,Hay un detalle de repackage_idea que cambia toda la decisión.,curiosity_hook,intro,medium
cp_354_1508a98e44,cp_354_1508a98e44_h1,¿Qué cambia realmente con repackage_idea?,question_hook,intro,low
cp_354_1508a98e44,cp_354_1508a98e44_h2,"Muchos simplifican repackage_idea, pero hay matices críticos.",contrast_hook,intro,medium
cp_354_1508a98e44,cp_354_1508a98e44_h3,Los datos recientes de repackage_idea muestran una señal accionable.,data_hook,intro,low
cp_354_1508a98e44,cp_354_1508a98e44_h4,Error común: ejecutar repackage_idea sin validar evidencia.,mistake_hook,middle,medium
cp_354_1508a98e44,cp_354_1508a98e44_h5,En este video saldrás con un plan claro sobre repackage_idea.,promise_hook,intro,low
cp_354_1508a98e44,cp_354_1508a98e44_h6,Hay un detalle de repackage_idea que cambia toda la decisión.,curiosity_hook,intro,medium
cp_355_512a506a44,cp_355_512a506a44_h1,¿Qué cambia realmente con repackage_idea?,question_hook,intro,low
cp_355_512a506a44,cp_355_512a506a44_h2,"Muchos simplifican repackage_idea, pero hay matices críticos.",contrast_hook,intro,medium
cp_355_512a506a44,cp_355_512a506a44_h3,Los datos recientes de repackage_idea muestran una señal accionable.,data_hook,intro,low
cp_355_512a506a44,cp_355_512a506a44_h4,Error común: ejecutar repackage_idea sin validar evidencia.,mistake_hook,middle,medium
cp_355_512a506a44,cp_355_512a506a44_h5,En este video saldrás con un plan claro sobre repackage_idea.,promise_hook,intro,low
cp_355_512a506a44,cp_355_512a506a44_h6,Hay un detalle de repackage_idea que cambia toda la decisión.,curiosity_hook,intro,medium
cp_356_327d02e6e4,cp_356_327d02e6e4_h1,¿Qué cambia realmente con repackage_idea?,question_hook,intro,low
cp_356_327d02e6e4,cp_356_327d02e6e4_h2,"Muchos simplifican repackage_idea, pero hay matices críticos.",contrast_hook,intro,medium
cp_356_327d02e6e4,cp_356_327d02e6e4_h3,Los datos recientes de repackage_idea muestran una señal accionable.,data_hook,intro,low
cp_356_327d02e6e4,cp_356_327d02e6e4_h4,Error común: ejecutar repackage_idea sin validar evidencia.,mistake_hook,middle,medium
cp_356_327d02e6e4,cp_356_327d02e6e4_h5,En este video saldrás con un plan claro sobre repackage_idea.,promise_hook,intro,low
cp_356_327d02e6e4,cp_356_327d02e6e4_h6,Hay un detalle de repackage_idea que cambia toda la decisión.,curiosity_hook,intro,medium
cp_358_6df22efb6d,cp_358_6df22efb6d_h1,¿Qué cambia realmente con repackage_idea?,question_hook,intro,low
cp_358_6df22efb6d,cp_358_6df22efb6d_h2,"Muchos simplifican repackage_idea, pero hay matices críticos.",contrast_hook,intro,medium
cp_358_6df22efb6d,cp_358_6df22efb6d_h3,Los datos recientes de repackage_idea muestran una señal accionable.,data_hook,intro,low
cp_358_6df22efb6d,cp_358_6df22efb6d_h4,Error común: ejecutar repackage_idea sin validar evidencia.,mistake_hook,middle,medium
cp_358_6df22efb6d,cp_358_6df22efb6d_h5,En este video saldrás con un plan claro sobre repackage_idea.,promise_hook,intro,low
cp_358_6df22efb6d,cp_358_6df22efb6d_h6,Hay un detalle de repackage_idea que cambia toda la decisión.,curiosity_hook,intro,medium
cp_359_5f2dc68f76,cp_359_5f2dc68f76_h1,¿Qué cambia realmente con repackage_idea?,question_hook,intro,low
cp_359_5f2dc68f76,cp_359_5f2dc68f76_h2,"Muchos simplifican repackage_idea, pero hay matices críticos.",contrast_hook,intro,medium
cp_359_5f2dc68f76,cp_359_5f2dc68f76_h3,Los datos recientes de repackage_idea muestran una señal accionable.,data_hook,intro,low
cp_359_5f2dc68f76,cp_359_5f2dc68f76_h4,Error común: ejecutar repackage_idea sin validar evidencia.,mistake_hook,middle,medium
cp_359_5f2dc68f76,cp_359_5f2dc68f76_h5,En este video saldrás con un plan claro sobre repackage_idea.,promise_hook,intro,low
cp_359_5f2dc68f76,cp_359_5f2dc68f76_h6,Hay un detalle de repackage_idea que cambia toda la decisión.,curiosity_hook,intro,medium
cp_360_59e4120194,cp_360_59e4120194_h1,¿Qué cambia realmente con tema clave?,question_hook,intro,low
cp_360_59e4120194,cp_360_59e4120194_h2,"Muchos simplifican tema clave, pero hay matices críticos.",contrast_hook,intro,medium
cp_360_59e4120194,cp_360_59e4120194_h3,Los datos recientes de tema clave muestran una señal accionable.,data_hook,intro,low
cp_360_59e4120194,cp_360_59e4120194_h4,Error común: ejecutar tema clave sin validar evidencia.,mistake_hook,middle,medium
cp_360_59e4120194,cp_360_59e4120194_h5,En este video saldrás con un plan claro sobre tema clave.,promise_hook,intro,low
cp_360_59e4120194,cp_360_59e4120194_h6,Hay un detalle de tema clave que cambia toda la decisión.,curiosity_hook,intro,medium
cp_361_8ecb4e7c89,cp_361_8ecb4e7c89_h1,¿Qué cambia realmente con repackage_idea?,question_hook,intro,low
cp_361_8ecb4e7c89,cp_361_8ecb4e7c89_h2,"Muchos simplifican repackage_idea, pero hay matices críticos.",contrast_hook,intro,medium
cp_361_8ecb4e7c89,cp_361_8ecb4e7c89_h3,Los datos recientes de repackage_idea muestran una señal accionable.,data_hook,intro,low
cp_361_8ecb4e7c89,cp_361_8ecb4e7c89_h4,Error común: ejecutar repackage_idea sin validar evidencia.,mistake_hook,middle,medium
cp_361_8ecb4e7c89,cp_361_8ecb4e7c89_h5,En este video saldrás con un plan claro sobre repackage_idea.,promise_hook,intro,low
cp_361_8ecb4e7c89,cp_361_8ecb4e7c89_h6,Hay un detalle de repackage_idea que cambia toda la decisión.,curiosity_hook,intro,medium
cp_362_62c228ea42,cp_362_62c228ea42_h1,¿Qué cambia realmente con tema clave?,question_hook,intro,low
cp_362_62c228ea42,cp_362_62c228ea42_h2,"Muchos simplifican tema clave, pero hay matices críticos.",contrast_hook,intro,medium
cp_362_62c228ea42,cp_362_62c228ea42_h3,Los datos recientes de tema clave muestran una señal accionable.,data_hook,intro,low
cp_362_62c228ea42,cp_362_62c228ea42_h4,Error común: ejecutar tema clave sin validar evidencia.,mistake_hook,middle,medium
cp_362_62c228ea42,cp_362_62c228ea42_h5,En este video saldrás con un plan claro sobre tema clave.,promise_hook,intro,low
cp_362_62c228ea42,cp_362_62c228ea42_h6,Hay un detalle de tema clave que cambia toda la decisión.,curiosity_hook,intro,medium
cp_363_0f15fad030,cp_363_0f15fad030_h1,¿Qué cambia realmente con repackage_idea?,question_hook,intro,low
cp_363_0f15fad030,cp_363_0f15fad030_h2,"Muchos simplifican repackage_idea, pero hay matices críticos.",contrast_hook,intro,medium
cp_363_0f15fad030,cp_363_0f15fad030_h3,Los datos recientes de repackage_idea muestran una señal accionable.,data_hook,intro,low
cp_363_0f15fad030,cp_363_0f15fad030_h4,Error común: ejecutar repackage_idea sin validar evidencia.,mistake_hook,middle,medium
cp_363_0f15fad030,cp_363_0f15fad030_h5,En este video saldrás con un plan claro sobre repackage_idea.,promise_hook,intro,low
cp_363_0f15fad030,cp_363_0f15fad030_h6,Hay un detalle de repackage_idea que cambia toda la decisión.,curiosity_hook,intro,medium
cp_364_4dcd88c034,cp_364_4dcd88c034_h1,¿Qué cambia realmente con repackage_idea?,question_hook,intro,low
cp_364_4dcd88c034,cp_364_4dcd88c034_h2,"Muchos simplifican repackage_idea, pero hay matices críticos.",contrast_hook,intro,medium
cp_364_4dcd88c034,cp_364_4dcd88c034_h3,Los datos recientes de repackage_idea muestran una señal accionable.,data_hook,intro,low
cp_364_4dcd88c034,cp_364_4dcd88c034_h4,Error común: ejecutar repackage_idea sin validar evidencia.,mistake_hook,middle,medium
cp_364_4dcd88c034,cp_364_4dcd88c034_h5,En este video saldrás con un plan claro sobre repackage_idea.,promise_hook,intro,low
cp_364_4dcd88c034,cp_364_4dcd88c034_h6,Hay un detalle de repackage_idea que cambia toda la decisión.,curiosity_hook,intro,medium
cp_365_5fa3948c18,cp_365_5fa3948c18_h1,¿Qué cambia realmente con repackage_idea?,question_hook,intro,low
cp_365_5fa3948c18,cp_365_5fa3948c18_h2,"Muchos simplifican repackage_idea, pero hay matices críticos.",contrast_hook,intro,medium
cp_365_5fa3948c18,cp_365_5fa3948c18_h3,Los datos recientes de repackage_idea muestran una señal accionable.,data_hook,intro,low
cp_365_5fa3948c18,cp_365_5fa3948c18_h4,Error común: ejecutar repackage_idea sin validar evidencia.,mistake_hook,middle,medium
cp_365_5fa3948c18,cp_365_5fa3948c18_h5,En este video saldrás con un plan claro sobre repackage_idea.,promise_hook,intro,low
cp_365_5fa3948c18,cp_365_5fa3948c18_h6,Hay un detalle de repackage_idea que cambia toda la decisión.,curiosity_hook,intro,medium
cp_366_23867aff11,cp_366_23867aff11_h1,¿Qué cambia realmente con repackage_idea?,question_hook,intro,low
cp_366_23867aff11,cp_366_23867aff11_h2,"Muchos simplifican repackage_idea, pero hay matices críticos.",contrast_hook,intro,medium
cp_366_23867aff11,cp_366_23867aff11_h3,Los datos recientes de repackage_idea muestran una señal accionable.,data_hook,intro,low
cp_366_23867aff11,cp_366_23867aff11_h4,Error común: ejecutar repackage_idea sin validar evidencia.,mistake_hook,middle,medium
cp_366_23867aff11,cp_366_23867aff11_h5,En este video saldrás con un plan claro sobre repackage_idea.,promise_hook,intro,low
cp_366_23867aff11,cp_366_23867aff11_h6,Hay un detalle de repackage_idea que cambia toda la decisión.,curiosity_hook,intro,medium
cp_367_4358a20522,cp_367_4358a20522_h1,¿Qué cambia realmente con repackage_idea?,question_hook,intro,low
cp_367_4358a20522,cp_367_4358a20522_h2,"Muchos simplifican repackage_idea, pero hay matices críticos.",contrast_hook,intro,medium
cp_367_4358a20522,cp_367_4358a20522_h3,Los datos recientes de repackage_idea muestran una señal accionable.,data_hook,intro,low
cp_367_4358a20522,cp_367_4358a20522_h4,Error común: ejecutar repackage_idea sin validar evidencia.,mistake_hook,middle,medium
cp_367_4358a20522,cp_367_4358a20522_h5,En este video saldrás con un plan claro sobre repackage_idea.,promise_hook,intro,low
cp_367_4358a20522,cp_367_4358a20522_h6,Hay un detalle de repackage_idea que cambia toda la decisión.,curiosity_hook,intro,medium
cp_368_c48b5a10e3,cp_368_c48b5a10e3_h1,¿Qué cambia realmente con repackage_idea?,question_hook,intro,low
cp_368_c48b5a10e3,cp_368_c48b5a10e3_h2,"Muchos simplifican repackage_idea, pero hay matices críticos.",contrast_hook,intro,medium
cp_368_c48b5a10e3,cp_368_c48b5a10e3_h3,Los datos recientes de repackage_idea muestran una señal accionable.,data_hook,intro,low
cp_368_c48b5a10e3,cp_368_c48b5a10e3_h4,Error común: ejecutar repackage_idea sin validar evidencia.,mistake_hook,middle,medium
cp_368_c48b5a10e3,cp_368_c48b5a10e3_h5,En este video saldrás con un plan claro sobre repackage_idea.,promise_hook,intro,low
cp_368_c48b5a10e3,cp_368_c48b5a10e3_h6,Hay un detalle de repackage_idea que cambia toda la decisión.,curiosity_hook,intro,medium
cp_370_83d34c37d5,cp_370_83d34c37d5_h1,¿Qué cambia realmente con repackage_idea?,question_hook,intro,low
cp_370_83d34c37d5,cp_370_83d34c37d5_h2,"Muchos simplifican repackage_idea, pero hay matices críticos.",contrast_hook,intro,medium
cp_370_83d34c37d5,cp_370_83d34c37d5_h3,Los datos recientes de repackage_idea muestran una señal accionable.,data_hook,intro,low
cp_370_83d34c37d5,cp_370_83d34c37d5_h4,Error común: ejecutar repackage_idea sin validar evidencia.,mistake_hook,middle,medium
cp_370_83d34c37d5,cp_370_83d34c37d5_h5,En este video saldrás con un plan claro sobre repackage_idea.,promise_hook,intro,low
cp_370_83d34c37d5,cp_370_83d34c37d5_h6,Hay un detalle de repackage_idea que cambia toda la decisión.,curiosity_hook,intro,medium
cp_371_6a18aafb7c,cp_371_6a18aafb7c_h1,¿Qué cambia realmente con repackage_idea?,question_hook,intro,low
cp_371_6a18aafb7c,cp_371_6a18aafb7c_h2,"Muchos simplifican repackage_idea, pero hay matices críticos.",contrast_hook,intro,medium
cp_371_6a18aafb7c,cp_371_6a18aafb7c_h3,Los datos recientes de repackage_idea muestran una señal accionable.,data_hook,intro,low
cp_371_6a18aafb7c,cp_371_6a18aafb7c_h4,Error común: ejecutar repackage_idea sin validar evidencia.,mistake_hook,middle,medium
cp_371_6a18aafb7c,cp_371_6a18aafb7c_h5,En este video saldrás con un plan claro sobre repackage_idea.,promise_hook,intro,low
cp_371_6a18aafb7c,cp_371_6a18aafb7c_h6,Hay un detalle de repackage_idea que cambia toda la decisión.,curiosity_hook,intro,medium
cp_372_eb5ac3a51a,cp_372_eb5ac3a51a_h1,¿Qué cambia realmente con repackage_idea?,question_hook,intro,low
cp_372_eb5ac3a51a,cp_372_eb5ac3a51a_h2,"Muchos simplifican repackage_idea, pero hay matices críticos.",contrast_hook,intro,medium
cp_372_eb5ac3a51a,cp_372_eb5ac3a51a_h3,Los datos recientes de repackage_idea muestran una señal accionable.,data_hook,intro,low
cp_372_eb5ac3a51a,cp_372_eb5ac3a51a_h4,Error común: ejecutar repackage_idea sin validar evidencia.,mistake_hook,middle,medium
cp_372_eb5ac3a51a,cp_372_eb5ac3a51a_h5,En este video saldrás con un plan claro sobre repackage_idea.,promise_hook,intro,low
cp_372_eb5ac3a51a,cp_372_eb5ac3a51a_h6,Hay un detalle de repackage_idea que cambia toda la decisión.,curiosity_hook,intro,medium
cp_373_807437408a,cp_373_807437408a_h1,¿Qué cambia realmente con repackage_idea?,question_hook,intro,low
cp_373_807437408a,cp_373_807437408a_h2,"Muchos simplifican repackage_idea, pero hay matices críticos.",contrast_hook,intro,medium
cp_373_807437408a,cp_373_807437408a_h3,Los datos recientes de repackage_idea muestran una señal accionable.,data_hook,intro,low
cp_373_807437408a,cp_373_807437408a_h4,Error común: ejecutar repackage_idea sin validar evidencia.,mistake_hook,middle,medium
cp_373_807437408a,cp_373_807437408a_h5,En este video saldrás con un plan claro sobre repackage_idea.,promise_hook,intro,low
cp_373_807437408a,cp_373_807437408a_h6,Hay un detalle de repackage_idea que cambia toda la decisión.,curiosity_hook,intro,medium
cp_374_d334245a09,cp_374_d334245a09_h1,¿Qué cambia realmente con repackage_idea?,question_hook,intro,low
cp_374_d334245a09,cp_374_d334245a09_h2,"Muchos simplifican repackage_idea, pero hay matices críticos.",contrast_hook,intro,medium
cp_374_d334245a09,cp_374_d334245a09_h3,Los datos recientes de repackage_idea muestran una señal accionable.,data_hook,intro,low
cp_374_d334245a09,cp_374_d334245a09_h4,Error común: ejecutar repackage_idea sin validar evidencia.,mistake_hook,middle,medium
cp_374_d334245a09,cp_374_d334245a09_h5,En este video saldrás con un plan claro sobre repackage_idea.,promise_hook,intro,low
cp_374_d334245a09,cp_374_d334245a09_h6,Hay un detalle de repackage_idea que cambia toda la decisión.,curiosity_hook,intro,medium
cp_375_9b6c88b492,cp_375_9b6c88b492_h1,¿Qué cambia realmente con repackage_idea?,question_hook,intro,low
cp_375_9b6c88b492,cp_375_9b6c88b492_h2,"Muchos simplifican repackage_idea, pero hay matices críticos.",contrast_hook,intro,medium
cp_375_9b6c88b492,cp_375_9b6c88b492_h3,Los datos recientes de repackage_idea muestran una señal accionable.,data_hook,intro,low
cp_375_9b6c88b492,cp_375_9b6c88b492_h4,Error común: ejecutar repackage_idea sin validar evidencia.,mistake_hook,middle,medium
cp_375_9b6c88b492,cp_375_9b6c88b492_h5,En este video saldrás con un plan claro sobre repackage_idea.,promise_hook,intro,low
cp_375_9b6c88b492,cp_375_9b6c88b492_h6,Hay un detalle de repackage_idea que cambia toda la decisión.,curiosity_hook,intro,medium
cp_376_6a62ad1e03,cp_376_6a62ad1e03_h1,¿Qué cambia realmente con repackage_idea?,question_hook,intro,low
cp_376_6a62ad1e03,cp_376_6a62ad1e03_h2,"Muchos simplifican repackage_idea, pero hay matices críticos.",contrast_hook,intro,medium
cp_376_6a62ad1e03,cp_376_6a62ad1e03_h3,Los datos recientes de repackage_idea muestran una señal accionable.,data_hook,intro,low
cp_376_6a62ad1e03,cp_376_6a62ad1e03_h4,Error común: ejecutar repackage_idea sin validar evidencia.,mistake_hook,middle,medium
cp_376_6a62ad1e03,cp_376_6a62ad1e03_h5,En este video saldrás con un plan claro sobre repackage_idea.,promise_hook,intro,low
cp_376_6a62ad1e03,cp_376_6a62ad1e03_h6,Hay un detalle de repackage_idea que cambia toda la decisión.,curiosity_hook,intro,medium
cp_377_1daf054dc2,cp_377_1daf054dc2_h1,¿Qué cambia realmente con repackage_idea?,question_hook,intro,low
cp_377_1daf054dc2,cp_377_1daf054dc2_h2,"Muchos simplifican repackage_idea, pero hay matices críticos.",contrast_hook,intro,medium
cp_377_1daf054dc2,cp_377_1daf054dc2_h3,Los datos recientes de repackage_idea muestran una señal accionable.,data_hook,intro,low
cp_377_1daf054dc2,cp_377_1daf054dc2_h4,Error común: ejecutar repackage_idea sin validar evidencia.,mistake_hook,middle,medium
cp_377_1daf054dc2,cp_377_1daf054dc2_h5,En este video saldrás con un plan claro sobre repackage_idea.,promise_hook,intro,low
cp_377_1daf054dc2,cp_377_1daf054dc2_h6,Hay un detalle de repackage_idea que cambia toda la decisión.,curiosity_hook,intro,medium
cp_378_f803e26fb8,cp_378_f803e26fb8_h1,¿Qué cambia realmente con repackage_idea?,question_hook,intro,low
cp_378_f803e26fb8,cp_378_f803e26fb8_h2,"Muchos simplifican repackage_idea, pero hay matices críticos.",contrast_hook,intro,medium
cp_378_f803e26fb8,cp_378_f803e26fb8_h3,Los datos recientes de repackage_idea muestran una señal accionable.,data_hook,intro,low
cp_378_f803e26fb8,cp_378_f803e26fb8_h4,Error común: ejecutar repackage_idea sin validar evidencia.,mistake_hook,middle,medium
cp_378_f803e26fb8,cp_378_f803e26fb8_h5,En este video saldrás con un plan claro sobre repackage_idea.,promise_hook,intro,low
cp_378_f803e26fb8,cp_378_f803e26fb8_h6,Hay un detalle de repackage_idea que cambia toda la decisión.,curiosity_hook,intro,medium
cp_379_d6180a38a3,cp_379_d6180a38a3_h1,¿Qué cambia realmente con repackage_idea?,question_hook,intro,low
cp_379_d6180a38a3,cp_379_d6180a38a3_h2,"Muchos simplifican repackage_idea, pero hay matices críticos.",contrast_hook,intro,medium
cp_379_d6180a38a3,cp_379_d6180a38a3_h3,Los datos recientes de repackage_idea muestran una señal accionable.,data_hook,intro,low
cp_379_d6180a38a3,cp_379_d6180a38a3_h4,Error común: ejecutar repackage_idea sin validar evidencia.,mistake_hook,middle,medium
cp_379_d6180a38a3,cp_379_d6180a38a3_h5,En este video saldrás con un plan claro sobre repackage_idea.,promise_hook,intro,low
cp_379_d6180a38a3,cp_379_d6180a38a3_h6,Hay un detalle de repackage_idea que cambia toda la decisión.,curiosity_hook,intro,medium
cp_380_7288147fd4,cp_380_7288147fd4_h1,¿Qué cambia realmente con repackage_idea?,question_hook,intro,low
cp_380_7288147fd4,cp_380_7288147fd4_h2,"Muchos simplifican repackage_idea, pero hay matices críticos.",contrast_hook,intro,medium
cp_380_7288147fd4,cp_380_7288147fd4_h3,Los datos recientes de repackage_idea muestran una señal accionable.,data_hook,intro,low
cp_380_7288147fd4,cp_380_7288147fd4_h4,Error común: ejecutar repackage_idea sin validar evidencia.,mistake_hook,middle,medium
cp_380_7288147fd4,cp_380_7288147fd4_h5,En este video saldrás con un plan claro sobre repackage_idea.,promise_hook,intro,low
cp_380_7288147fd4,cp_380_7288147fd4_h6,Hay un detalle de repackage_idea que cambia toda la decisión.,curiosity_hook,intro,medium
cp_381_09fa53a80c,cp_381_09fa53a80c_h1,¿Qué cambia realmente con create_fast_reaction?,question_hook,intro,low
cp_381_09fa53a80c,cp_381_09fa53a80c_h2,"Muchos simplifican create_fast_reaction, pero hay matices críticos.",contrast_hook,intro,medium
cp_381_09fa53a80c,cp_381_09fa53a80c_h3,Los datos recientes de create_fast_reaction muestran una señal accionable.,data_hook,intro,low
cp_381_09fa53a80c,cp_381_09fa53a80c_h4,Error común: ejecutar create_fast_reaction sin validar evidencia.,mistake_hook,middle,medium
cp_381_09fa53a80c,cp_381_09fa53a80c_h5,En este video saldrás con un plan claro sobre create_fast_reaction.,promise_hook,intro,low
cp_381_09fa53a80c,cp_381_09fa53a80c_h6,Hay un detalle de create_fast_reaction que cambia toda la decisión.,curiosity_hook,intro,medium
cp_383_7d48b08ec9,cp_383_7d48b08ec9_h1,¿Qué cambia realmente con tema clave?,question_hook,intro,low
cp_383_7d48b08ec9,cp_383_7d48b08ec9_h2,"Muchos simplifican tema clave, pero hay matices críticos.",contrast_hook,intro,medium
cp_383_7d48b08ec9,cp_383_7d48b08ec9_h3,Los datos recientes de tema clave muestran una señal accionable.,data_hook,intro,low
cp_383_7d48b08ec9,cp_383_7d48b08ec9_h4,Error común: ejecutar tema clave sin validar evidencia.,mistake_hook,middle,medium
cp_383_7d48b08ec9,cp_383_7d48b08ec9_h5,En este video saldrás con un plan claro sobre tema clave.,promise_hook,intro,low
cp_383_7d48b08ec9,cp_383_7d48b08ec9_h6,Hay un detalle de tema clave que cambia toda la decisión.,curiosity_hook,intro,medium
cp_384_8db9061b65,cp_384_8db9061b65_h1,¿Qué cambia realmente con tema clave?,question_hook,intro,low
cp_384_8db9061b65,cp_384_8db9061b65_h2,"Muchos simplifican tema clave, pero hay matices críticos.",contrast_hook,intro,medium
cp_384_8db9061b65,cp_384_8db9061b65_h3,Los datos recientes de tema clave muestran una señal accionable.,data_hook,intro,low
cp_384_8db9061b65,cp_384_8db9061b65_h4,Error común: ejecutar tema clave sin validar evidencia.,mistake_hook,middle,medium
cp_384_8db9061b65,cp_384_8db9061b65_h5,En este video saldrás con un plan claro sobre tema clave.,promise_hook,intro,low
cp_384_8db9061b65,cp_384_8db9061b65_h6,Hay un detalle de tema clave que cambia toda la decisión.,curiosity_hook,intro,medium
cp_385_27f7252bf1,cp_385_27f7252bf1_h1,¿Qué cambia realmente con repackage_idea?,question_hook,intro,low
cp_385_27f7252bf1,cp_385_27f7252bf1_h2,"Muchos simplifican repackage_idea, pero hay matices críticos.",contrast_hook,intro,medium
cp_385_27f7252bf1,cp_385_27f7252bf1_h3,Los datos recientes de repackage_idea muestran una señal accionable.,data_hook,intro,low
cp_385_27f7252bf1,cp_385_27f7252bf1_h4,Error común: ejecutar repackage_idea sin validar evidencia.,mistake_hook,middle,medium
cp_385_27f7252bf1,cp_385_27f7252bf1_h5,En este video saldrás con un plan claro sobre repackage_idea.,promise_hook,intro,low
cp_385_27f7252bf1,cp_385_27f7252bf1_h6,Hay un detalle de repackage_idea que cambia toda la decisión.,curiosity_hook,intro,medium
cp_386_8616586367,cp_386_8616586367_h1,¿Qué cambia realmente con repackage_idea?,question_hook,intro,low
cp_386_8616586367,cp_386_8616586367_h2,"Muchos simplifican repackage_idea, pero hay matices críticos.",contrast_hook,intro,medium
cp_386_8616586367,cp_386_8616586367_h3,Los datos recientes de repackage_idea muestran una señal accionable.,data_hook,intro,low
cp_386_8616586367,cp_386_8616586367_h4,Error común: ejecutar repackage_idea sin validar evidencia.,mistake_hook,middle,medium
cp_386_8616586367,cp_386_8616586367_h5,En este video saldrás con un plan claro sobre repackage_idea.,promise_hook,intro,low
cp_386_8616586367,cp_386_8616586367_h6,Hay un detalle de repackage_idea que cambia toda la decisión.,curiosity_hook,intro,medium
cp_387_04aab454e8,cp_387_04aab454e8_h1,¿Qué cambia realmente con repackage_idea?,question_hook,intro,low
cp_387_04aab454e8,cp_387_04aab454e8_h2,"Muchos simplifican repackage_idea, pero hay matices críticos.",contrast_hook,intro,medium
cp_387_04aab454e8,cp_387_04aab454e8_h3,Los datos recientes de repackage_idea muestran una señal accionable.,data_hook,intro,low
cp_387_04aab454e8,cp_387_04aab454e8_h4,Error común: ejecutar repackage_idea sin validar evidencia.,mistake_hook,middle,medium
cp_387_04aab454e8,cp_387_04aab454e8_h5,En este video saldrás con un plan claro sobre repackage_idea.,promise_hook,intro,low
cp_387_04aab454e8,cp_387_04aab454e8_h6,Hay un detalle de repackage_idea que cambia toda la decisión.,curiosity_hook,intro,medium
cp_388_2262e9695d,cp_388_2262e9695d_h1,¿Qué cambia realmente con repackage_idea?,question_hook,intro,low
cp_388_2262e9695d,cp_388_2262e9695d_h2,"Muchos simplifican repackage_idea, pero hay matices críticos.",contrast_hook,intro,medium
cp_388_2262e9695d,cp_388_2262e9695d_h3,Los datos recientes de repackage_idea muestran una señal accionable.,data_hook,intro,low
cp_388_2262e9695d,cp_388_2262e9695d_h4,Error común: ejecutar repackage_idea sin validar evidencia.,mistake_hook,middle,medium
cp_388_2262e9695d,cp_388_2262e9695d_h5,En este video saldrás con un plan claro sobre repackage_idea.,promise_hook,intro,low
cp_388_2262e9695d,cp_388_2262e9695d_h6,Hay un detalle de repackage_idea que cambia toda la decisión.,curiosity_hook,intro,medium
cp_389_4b7d1bcb43,cp_389_4b7d1bcb43_h1,¿Qué cambia realmente con tema clave?,question_hook,intro,low
cp_389_4b7d1bcb43,cp_389_4b7d1bcb43_h2,"Muchos simplifican tema clave, pero hay matices críticos.",contrast_hook,intro,medium
cp_389_4b7d1bcb43,cp_389_4b7d1bcb43_h3,Los datos recientes de tema clave muestran una señal accionable.,data_hook,intro,low
cp_389_4b7d1bcb43,cp_389_4b7d1bcb43_h4,Error común: ejecutar tema clave sin validar evidencia.,mistake_hook,middle,medium
cp_389_4b7d1bcb43,cp_389_4b7d1bcb43_h5,En este video saldrás con un plan claro sobre tema clave.,promise_hook,intro,low
cp_389_4b7d1bcb43,cp_389_4b7d1bcb43_h6,Hay un detalle de tema clave que cambia toda la decisión.,curiosity_hook,intro,medium
cp_390_4a30b9aaf4,cp_390_4a30b9aaf4_h1,¿Qué cambia realmente con repackage_idea?,question_hook,intro,low
cp_390_4a30b9aaf4,cp_390_4a30b9aaf4_h2,"Muchos simplifican repackage_idea, pero hay matices críticos.",contrast_hook,intro,medium
cp_390_4a30b9aaf4,cp_390_4a30b9aaf4_h3,Los datos recientes de repackage_idea muestran una señal accionable.,data_hook,intro,low
cp_390_4a30b9aaf4,cp_390_4a30b9aaf4_h4,Error común: ejecutar repackage_idea sin validar evidencia.,mistake_hook,middle,medium
cp_390_4a30b9aaf4,cp_390_4a30b9aaf4_h5,En este video saldrás con un plan claro sobre repackage_idea.,promise_hook,intro,low
cp_390_4a30b9aaf4,cp_390_4a30b9aaf4_h6,Hay un detalle de repackage_idea que cambia toda la decisión.,curiosity_hook,intro,medium
cp_391_f8f8113726,cp_391_f8f8113726_h1,¿Qué cambia realmente con repackage_idea?,question_hook,intro,low
cp_391_f8f8113726,cp_391_f8f8113726_h2,"Muchos simplifican repackage_idea, pero hay matices críticos.",contrast_hook,intro,medium
cp_391_f8f8113726,cp_391_f8f8113726_h3,Los datos recientes de repackage_idea muestran una señal accionable.,data_hook,intro,low
cp_391_f8f8113726,cp_391_f8f8113726_h4,Error común: ejecutar repackage_idea sin validar evidencia.,mistake_hook,middle,medium
cp_391_f8f8113726,cp_391_f8f8113726_h5,En este video saldrás con un plan claro sobre repackage_idea.,promise_hook,intro,low
cp_391_f8f8113726,cp_391_f8f8113726_h6,Hay un detalle de repackage_idea que cambia toda la decisión.,curiosity_hook,intro,medium
cp_392_4aa99d3233,cp_392_4aa99d3233_h1,¿Qué cambia realmente con repackage_idea?,question_hook,intro,low
cp_392_4aa99d3233,cp_392_4aa99d3233_h2,"Muchos simplifican repackage_idea, pero hay matices críticos.",contrast_hook,intro,medium
cp_392_4aa99d3233,cp_392_4aa99d3233_h3,Los datos recientes de repackage_idea muestran una señal accionable.,data_hook,intro,low
cp_392_4aa99d3233,cp_392_4aa99d3233_h4,Error común: ejecutar repackage_idea sin validar evidencia.,mistake_hook,middle,medium
cp_392_4aa99d3233,cp_392_4aa99d3233_h5,En este video saldrás con un plan claro sobre repackage_idea.,promise_hook,intro,low
cp_392_4aa99d3233,cp_392_4aa99d3233_h6,Hay un detalle de repackage_idea que cambia toda la decisión.,curiosity_hook,intro,medium
cp_393_8992adbba7,cp_393_8992adbba7_h1,¿Qué cambia realmente con repackage_idea?,question_hook,intro,low
cp_393_8992adbba7,cp_393_8992adbba7_h2,"Muchos simplifican repackage_idea, pero hay matices críticos.",contrast_hook,intro,medium
cp_393_8992adbba7,cp_393_8992adbba7_h3,Los datos recientes de repackage_idea muestran una señal accionable.,data_hook,intro,low
cp_393_8992adbba7,cp_393_8992adbba7_h4,Error común: ejecutar repackage_idea sin validar evidencia.,mistake_hook,middle,medium
cp_393_8992adbba7,cp_393_8992adbba7_h5,En este video saldrás con un plan claro sobre repackage_idea.,promise_hook,intro,low
cp_393_8992adbba7,cp_393_8992adbba7_h6,Hay un detalle de repackage_idea que cambia toda la decisión.,curiosity_hook,intro,medium
cp_394_6f17a715cc,cp_394_6f17a715cc_h1,¿Qué cambia realmente con repackage_idea?,question_hook,intro,low
cp_394_6f17a715cc,cp_394_6f17a715cc_h2,"Muchos simplifican repackage_idea, pero hay matices críticos.",contrast_hook,intro,medium
cp_394_6f17a715cc,cp_394_6f17a715cc_h3,Los datos recientes de repackage_idea muestran una señal accionable.,data_hook,intro,low
cp_394_6f17a715cc,cp_394_6f17a715cc_h4,Error común: ejecutar repackage_idea sin validar evidencia.,mistake_hook,middle,medium
cp_394_6f17a715cc,cp_394_6f17a715cc_h5,En este video saldrás con un plan claro sobre repackage_idea.,promise_hook,intro,low
cp_394_6f17a715cc,cp_394_6f17a715cc_h6,Hay un detalle de repackage_idea que cambia toda la decisión.,curiosity_hook,intro,medium
cp_396_10b5185dc0,cp_396_10b5185dc0_h1,¿Qué cambia realmente con repackage_idea?,question_hook,intro,low
cp_396_10b5185dc0,cp_396_10b5185dc0_h2,"Muchos simplifican repackage_idea, pero hay matices críticos.",contrast_hook,intro,medium
cp_396_10b5185dc0,cp_396_10b5185dc0_h3,Los datos recientes de repackage_idea muestran una señal accionable.,data_hook,intro,low
cp_396_10b5185dc0,cp_396_10b5185dc0_h4,Error común: ejecutar repackage_idea sin validar evidencia.,mistake_hook,middle,medium
cp_396_10b5185dc0,cp_396_10b5185dc0_h5,En este video saldrás con un plan claro sobre repackage_idea.,promise_hook,intro,low
cp_396_10b5185dc0,cp_396_10b5185dc0_h6,Hay un detalle de repackage_idea que cambia toda la decisión.,curiosity_hook,intro,medium
cp_398_cdd1a4bd5c,cp_398_cdd1a4bd5c_h1,¿Qué cambia realmente con repackage_idea?,question_hook,intro,low
cp_398_cdd1a4bd5c,cp_398_cdd1a4bd5c_h2,"Muchos simplifican repackage_idea, pero hay matices críticos.",contrast_hook,intro,medium
cp_398_cdd1a4bd5c,cp_398_cdd1a4bd5c_h3,Los datos recientes de repackage_idea muestran una señal accionable.,data_hook,intro,low
cp_398_cdd1a4bd5c,cp_398_cdd1a4bd5c_h4,Error común: ejecutar repackage_idea sin validar evidencia.,mistake_hook,middle,medium
cp_398_cdd1a4bd5c,cp_398_cdd1a4bd5c_h5,En este video saldrás con un plan claro sobre repackage_idea.,promise_hook,intro,low
cp_398_cdd1a4bd5c,cp_398_cdd1a4bd5c_h6,Hay un detalle de repackage_idea que cambia toda la decisión.,curiosity_hook,intro,medium
cp_399_60f4c2359e,cp_399_60f4c2359e_h1,¿Qué cambia realmente con repackage_idea?,question_hook,intro,low
cp_399_60f4c2359e,cp_399_60f4c2359e_h2,"Muchos simplifican repackage_idea, pero hay matices críticos.",contrast_hook,intro,medium
cp_399_60f4c2359e,cp_399_60f4c2359e_h3,Los datos recientes de repackage_idea muestran una señal accionable.,data_hook,intro,low
cp_399_60f4c2359e,cp_399_60f4c2359e_h4,Error común: ejecutar repackage_idea sin validar evidencia.,mistake_hook,middle,medium
cp_399_60f4c2359e,cp_399_60f4c2359e_h5,En este video saldrás con un plan claro sobre repackage_idea.,promise_hook,intro,low
cp_399_60f4c2359e,cp_399_60f4c2359e_h6,Hay un detalle de repackage_idea que cambia toda la decisión.,curiosity_hook,intro,medium
cp_400_526d4c3050,cp_400_526d4c3050_h1,¿Qué cambia realmente con repackage_idea?,question_hook,intro,low
cp_400_526d4c3050,cp_400_526d4c3050_h2,"Muchos simplifican repackage_idea, pero hay matices críticos.",contrast_hook,intro,medium
cp_400_526d4c3050,cp_400_526d4c3050_h3,Los datos recientes de repackage_idea muestran una señal accionable.,data_hook,intro,low
cp_400_526d4c3050,cp_400_526d4c3050_h4,Error común: ejecutar repackage_idea sin validar evidencia.,mistake_hook,middle,medium
cp_400_526d4c3050,cp_400_526d4c3050_h5,En este video saldrás con un plan claro sobre repackage_idea.,promise_hook,intro,low
cp_400_526d4c3050,cp_400_526d4c3050_h6,Hay un detalle de repackage_idea que cambia toda la decisión.,curiosity_hook,intro,medium
cp_401_2a10c08ed9,cp_401_2a10c08ed9_h1,¿Qué cambia realmente con repackage_idea?,question_hook,intro,low
cp_401_2a10c08ed9,cp_401_2a10c08ed9_h2,"Muchos simplifican repackage_idea, pero hay matices críticos.",contrast_hook,intro,medium
cp_401_2a10c08ed9,cp_401_2a10c08ed9_h3,Los datos recientes de repackage_idea muestran una señal accionable.,data_hook,intro,low
cp_401_2a10c08ed9,cp_401_2a10c08ed9_h4,Error común: ejecutar repackage_idea sin validar evidencia.,mistake_hook,middle,medium
cp_401_2a10c08ed9,cp_401_2a10c08ed9_h5,En este video saldrás con un plan claro sobre repackage_idea.,promise_hook,intro,low
cp_401_2a10c08ed9,cp_401_2a10c08ed9_h6,Hay un detalle de repackage_idea que cambia toda la decisión.,curiosity_hook,intro,medium
cp_402_3c393145d6,cp_402_3c393145d6_h1,¿Qué cambia realmente con repackage_idea?,question_hook,intro,low
cp_402_3c393145d6,cp_402_3c393145d6_h2,"Muchos simplifican repackage_idea, pero hay matices críticos.",contrast_hook,intro,medium
cp_402_3c393145d6,cp_402_3c393145d6_h3,Los datos recientes de repackage_idea muestran una señal accionable.,data_hook,intro,low
cp_402_3c393145d6,cp_402_3c393145d6_h4,Error común: ejecutar repackage_idea sin validar evidencia.,mistake_hook,middle,medium
cp_402_3c393145d6,cp_402_3c393145d6_h5,En este video saldrás con un plan claro sobre repackage_idea.,promise_hook,intro,low
cp_402_3c393145d6,cp_402_3c393145d6_h6,Hay un detalle de repackage_idea que cambia toda la decisión.,curiosity_hook,intro,medium
cp_404_85098988b1,cp_404_85098988b1_h1,¿Qué cambia realmente con repackage_idea?,question_hook,intro,low
cp_404_85098988b1,cp_404_85098988b1_h2,"Muchos simplifican repackage_idea, pero hay matices críticos.",contrast_hook,intro,medium
cp_404_85098988b1,cp_404_85098988b1_h3,Los datos recientes de repackage_idea muestran una señal accionable.,data_hook,intro,low
cp_404_85098988b1,cp_404_85098988b1_h4,Error común: ejecutar repackage_idea sin validar evidencia.,mistake_hook,middle,medium
cp_404_85098988b1,cp_404_85098988b1_h5,En este video saldrás con un plan claro sobre repackage_idea.,promise_hook,intro,low
cp_404_85098988b1,cp_404_85098988b1_h6,Hay un detalle de repackage_idea que cambia toda la decisión.,curiosity_hook,intro,medium
cp_405_5aea77cc7f,cp_405_5aea77cc7f_h1,¿Qué cambia realmente con repackage_idea?,question_hook,intro,low
cp_405_5aea77cc7f,cp_405_5aea77cc7f_h2,"Muchos simplifican repackage_idea, pero hay matices críticos.",contrast_hook,intro,medium
cp_405_5aea77cc7f,cp_405_5aea77cc7f_h3,Los datos recientes de repackage_idea muestran una señal accionable.,data_hook,intro,low
cp_405_5aea77cc7f,cp_405_5aea77cc7f_h4,Error común: ejecutar repackage_idea sin validar evidencia.,mistake_hook,middle,medium
cp_405_5aea77cc7f,cp_405_5aea77cc7f_h5,En este video saldrás con un plan claro sobre repackage_idea.,promise_hook,intro,low
cp_405_5aea77cc7f,cp_405_5aea77cc7f_h6,Hay un detalle de repackage_idea que cambia toda la decisión.,curiosity_hook,intro,medium
cp_406_1fcdc8083d,cp_406_1fcdc8083d_h1,¿Qué cambia realmente con repackage_idea?,question_hook,intro,low
cp_406_1fcdc8083d,cp_406_1fcdc8083d_h2,"Muchos simplifican repackage_idea, pero hay matices críticos.",contrast_hook,intro,medium
cp_406_1fcdc8083d,cp_406_1fcdc8083d_h3,Los datos recientes de repackage_idea muestran una señal accionable.,data_hook,intro,low
cp_406_1fcdc8083d,cp_406_1fcdc8083d_h4,Error común: ejecutar repackage_idea sin validar evidencia.,mistake_hook,middle,medium
cp_406_1fcdc8083d,cp_406_1fcdc8083d_h5,En este video saldrás con un plan claro sobre repackage_idea.,promise_hook,intro,low
cp_406_1fcdc8083d,cp_406_1fcdc8083d_h6,Hay un detalle de repackage_idea que cambia toda la decisión.,curiosity_hook,intro,medium
cp_407_ed34a6e20b,cp_407_ed34a6e20b_h1,¿Qué cambia realmente con repackage_idea?,question_hook,intro,low
cp_407_ed34a6e20b,cp_407_ed34a6e20b_h2,"Muchos simplifican repackage_idea, pero hay matices críticos.",contrast_hook,intro,medium
cp_407_ed34a6e20b,cp_407_ed34a6e20b_h3,Los datos recientes de repackage_idea muestran una señal accionable.,data_hook,intro,low
cp_407_ed34a6e20b,cp_407_ed34a6e20b_h4,Error común: ejecutar repackage_idea sin validar evidencia.,mistake_hook,middle,medium
cp_407_ed34a6e20b,cp_407_ed34a6e20b_h5,En este video saldrás con un plan claro sobre repackage_idea.,promise_hook,intro,low
cp_407_ed34a6e20b,cp_407_ed34a6e20b_h6,Hay un detalle de repackage_idea que cambia toda la decisión.,curiosity_hook,intro,medium
cp_408_10a7ecf9e7,cp_408_10a7ecf9e7_h1,¿Qué cambia realmente con analyze_reference?,question_hook,intro,low
cp_408_10a7ecf9e7,cp_408_10a7ecf9e7_h2,"Muchos simplifican analyze_reference, pero hay matices críticos.",contrast_hook,intro,medium
cp_408_10a7ecf9e7,cp_408_10a7ecf9e7_h3,Los datos recientes de analyze_reference muestran una señal accionable.,data_hook,intro,low
cp_408_10a7ecf9e7,cp_408_10a7ecf9e7_h4,Error común: ejecutar analyze_reference sin validar evidencia.,mistake_hook,middle,medium
cp_408_10a7ecf9e7,cp_408_10a7ecf9e7_h5,En este video saldrás con un plan claro sobre analyze_reference.,promise_hook,intro,low
cp_408_10a7ecf9e7,cp_408_10a7ecf9e7_h6,Hay un detalle de analyze_reference que cambia toda la decisión.,curiosity_hook,intro,medium
cp_409_633d017b22,cp_409_633d017b22_h1,¿Qué cambia realmente con repackage_idea?,question_hook,intro,low
cp_409_633d017b22,cp_409_633d017b22_h2,"Muchos simplifican repackage_idea, pero hay matices críticos.",contrast_hook,intro,medium
cp_409_633d017b22,cp_409_633d017b22_h3,Los datos recientes de repackage_idea muestran una señal accionable.,data_hook,intro,low
cp_409_633d017b22,cp_409_633d017b22_h4,Error común: ejecutar repackage_idea sin validar evidencia.,mistake_hook,middle,medium
cp_409_633d017b22,cp_409_633d017b22_h5,En este video saldrás con un plan claro sobre repackage_idea.,promise_hook,intro,low
cp_409_633d017b22,cp_409_633d017b22_h6,Hay un detalle de repackage_idea que cambia toda la decisión.,curiosity_hook,intro,medium
cp_410_e0411d101f,cp_410_e0411d101f_h1,¿Qué cambia realmente con repackage_idea?,question_hook,intro,low
cp_410_e0411d101f,cp_410_e0411d101f_h2,"Muchos simplifican repackage_idea, pero hay matices críticos.",contrast_hook,intro,medium
cp_410_e0411d101f,cp_410_e0411d101f_h3,Los datos recientes de repackage_idea muestran una señal accionable.,data_hook,intro,low
cp_410_e0411d101f,cp_410_e0411d101f_h4,Error común: ejecutar repackage_idea sin validar evidencia.,mistake_hook,middle,medium
cp_410_e0411d101f,cp_410_e0411d101f_h5,En este video saldrás con un plan claro sobre repackage_idea.,promise_hook,intro,low
cp_410_e0411d101f,cp_410_e0411d101f_h6,Hay un detalle de repackage_idea que cambia toda la decisión.,curiosity_hook,intro,medium
cp_412_8e5526d1f5,cp_412_8e5526d1f5_h1,¿Qué cambia realmente con repackage_idea?,question_hook,intro,low
cp_412_8e5526d1f5,cp_412_8e5526d1f5_h2,"Muchos simplifican repackage_idea, pero hay matices críticos.",contrast_hook,intro,medium
cp_412_8e5526d1f5,cp_412_8e5526d1f5_h3,Los datos recientes de repackage_idea muestran una señal accionable.,data_hook,intro,low
cp_412_8e5526d1f5,cp_412_8e5526d1f5_h4,Error común: ejecutar repackage_idea sin validar evidencia.,mistake_hook,middle,medium
cp_412_8e5526d1f5,cp_412_8e5526d1f5_h5,En este video saldrás con un plan claro sobre repackage_idea.,promise_hook,intro,low
cp_412_8e5526d1f5,cp_412_8e5526d1f5_h6,Hay un detalle de repackage_idea que cambia toda la decisión.,curiosity_hook,intro,medium
cp_413_fd3a0f3e52,cp_413_fd3a0f3e52_h1,¿Qué cambia realmente con repackage_idea?,question_hook,intro,low
cp_413_fd3a0f3e52,cp_413_fd3a0f3e52_h2,"Muchos simplifican repackage_idea, pero hay matices críticos.",contrast_hook,intro,medium
cp_413_fd3a0f3e52,cp_413_fd3a0f3e52_h3,Los datos recientes de repackage_idea muestran una señal accionable.,data_hook,intro,low
cp_413_fd3a0f3e52,cp_413_fd3a0f3e52_h4,Error común: ejecutar repackage_idea sin validar evidencia.,mistake_hook,middle,medium
cp_413_fd3a0f3e52,cp_413_fd3a0f3e52_h5,En este video saldrás con un plan claro sobre repackage_idea.,promise_hook,intro,low
cp_413_fd3a0f3e52,cp_413_fd3a0f3e52_h6,Hay un detalle de repackage_idea que cambia toda la decisión.,curiosity_hook,intro,medium
cp_414_a48f926f68,cp_414_a48f926f68_h1,¿Qué cambia realmente con repackage_idea?,question_hook,intro,low
cp_414_a48f926f68,cp_414_a48f926f68_h2,"Muchos simplifican repackage_idea, pero hay matices críticos.",contrast_hook,intro,medium
cp_414_a48f926f68,cp_414_a48f926f68_h3,Los datos recientes de repackage_idea muestran una señal accionable.,data_hook,intro,low
cp_414_a48f926f68,cp_414_a48f926f68_h4,Error común: ejecutar repackage_idea sin validar evidencia.,mistake_hook,middle,medium
cp_414_a48f926f68,cp_414_a48f926f68_h5,En este video saldrás con un plan claro sobre repackage_idea.,promise_hook,intro,low
cp_414_a48f926f68,cp_414_a48f926f68_h6,Hay un detalle de repackage_idea que cambia toda la decisión.,curiosity_hook,intro,medium
cp_415_2534d915d3,cp_415_2534d915d3_h1,¿Qué cambia realmente con repackage_idea?,question_hook,intro,low
cp_415_2534d915d3,cp_415_2534d915d3_h2,"Muchos simplifican repackage_idea, pero hay matices críticos.",contrast_hook,intro,medium
cp_415_2534d915d3,cp_415_2534d915d3_h3,Los datos recientes de repackage_idea muestran una señal accionable.,data_hook,intro,low
cp_415_2534d915d3,cp_415_2534d915d3_h4,Error común: ejecutar repackage_idea sin validar evidencia.,mistake_hook,middle,medium
cp_415_2534d915d3,cp_415_2534d915d3_h5,En este video saldrás con un plan claro sobre repackage_idea.,promise_hook,intro,low
cp_415_2534d915d3,cp_415_2534d915d3_h6,Hay un detalle de repackage_idea que cambia toda la decisión.,curiosity_hook,intro,medium
cp_416_9d758cc522,cp_416_9d758cc522_h1,¿Qué cambia realmente con repackage_idea?,question_hook,intro,low
cp_416_9d758cc522,cp_416_9d758cc522_h2,"Muchos simplifican repackage_idea, pero hay matices críticos.",contrast_hook,intro,medium
cp_416_9d758cc522,cp_416_9d758cc522_h3,Los datos recientes de repackage_idea muestran una señal accionable.,data_hook,intro,low
cp_416_9d758cc522,cp_416_9d758cc522_h4,Error común: ejecutar repackage_idea sin validar evidencia.,mistake_hook,middle,medium
cp_416_9d758cc522,cp_416_9d758cc522_h5,En este video saldrás con un plan claro sobre repackage_idea.,promise_hook,intro,low
cp_416_9d758cc522,cp_416_9d758cc522_h6,Hay un detalle de repackage_idea que cambia toda la decisión.,curiosity_hook,intro,medium
cp_417_46071f36a5,cp_417_46071f36a5_h1,¿Qué cambia realmente con repackage_idea?,question_hook,intro,low
cp_417_46071f36a5,cp_417_46071f36a5_h2,"Muchos simplifican repackage_idea, pero hay matices críticos.",contrast_hook,intro,medium
cp_417_46071f36a5,cp_417_46071f36a5_h3,Los datos recientes de repackage_idea muestran una señal accionable.,data_hook,intro,low
cp_417_46071f36a5,cp_417_46071f36a5_h4,Error común: ejecutar repackage_idea sin validar evidencia.,mistake_hook,middle,medium
cp_417_46071f36a5,cp_417_46071f36a5_h5,En este video saldrás con un plan claro sobre repackage_idea.,promise_hook,intro,low
cp_417_46071f36a5,cp_417_46071f36a5_h6,Hay un detalle de repackage_idea que cambia toda la decisión.,curiosity_hook,intro,medium
cp_418_a267d4ae8f,cp_418_a267d4ae8f_h1,¿Qué cambia realmente con repackage_idea?,question_hook,intro,low
cp_418_a267d4ae8f,cp_418_a267d4ae8f_h2,"Muchos simplifican repackage_idea, pero hay matices críticos.",contrast_hook,intro,medium
cp_418_a267d4ae8f,cp_418_a267d4ae8f_h3,Los datos recientes de repackage_idea muestran una señal accionable.,data_hook,intro,low
cp_418_a267d4ae8f,cp_418_a267d4ae8f_h4,Error común: ejecutar repackage_idea sin validar evidencia.,mistake_hook,middle,medium
cp_418_a267d4ae8f,cp_418_a267d4ae8f_h5,En este video saldrás con un plan claro sobre repackage_idea.,promise_hook,intro,low
cp_418_a267d4ae8f,cp_418_a267d4ae8f_h6,Hay un detalle de repackage_idea que cambia toda la decisión.,curiosity_hook,intro,medium
cp_419_370c15985b,cp_419_370c15985b_h1,¿Qué cambia realmente con repackage_idea?,question_hook,intro,low
cp_419_370c15985b,cp_419_370c15985b_h2,"Muchos simplifican repackage_idea, pero hay matices críticos.",contrast_hook,intro,medium
cp_419_370c15985b,cp_419_370c15985b_h3,Los datos recientes de repackage_idea muestran una señal accionable.,data_hook,intro,low
cp_419_370c15985b,cp_419_370c15985b_h4,Error común: ejecutar repackage_idea sin validar evidencia.,mistake_hook,middle,medium
cp_419_370c15985b,cp_419_370c15985b_h5,En este video saldrás con un plan claro sobre repackage_idea.,promise_hook,intro,low
cp_419_370c15985b,cp_419_370c15985b_h6,Hay un detalle de repackage_idea que cambia toda la decisión.,curiosity_hook,intro,medium
cp_420_ac09eb62cf,cp_420_ac09eb62cf_h1,¿Qué cambia realmente con repackage_idea?,question_hook,intro,low
cp_420_ac09eb62cf,cp_420_ac09eb62cf_h2,"Muchos simplifican repackage_idea, pero hay matices críticos.",contrast_hook,intro,medium
cp_420_ac09eb62cf,cp_420_ac09eb62cf_h3,Los datos recientes de repackage_idea muestran una señal accionable.,data_hook,intro,low
cp_420_ac09eb62cf,cp_420_ac09eb62cf_h4,Error común: ejecutar repackage_idea sin validar evidencia.,mistake_hook,middle,medium
cp_420_ac09eb62cf,cp_420_ac09eb62cf_h5,En este video saldrás con un plan claro sobre repackage_idea.,promise_hook,intro,low
cp_420_ac09eb62cf,cp_420_ac09eb62cf_h6,Hay un detalle de repackage_idea que cambia toda la decisión.,curiosity_hook,intro,medium
cp_421_b22ec9a6b3,cp_421_b22ec9a6b3_h1,¿Qué cambia realmente con repackage_idea?,question_hook,intro,low
cp_421_b22ec9a6b3,cp_421_b22ec9a6b3_h2,"Muchos simplifican repackage_idea, pero hay matices críticos.",contrast_hook,intro,medium
cp_421_b22ec9a6b3,cp_421_b22ec9a6b3_h3,Los datos recientes de repackage_idea muestran una señal accionable.,data_hook,intro,low
cp_421_b22ec9a6b3,cp_421_b22ec9a6b3_h4,Error común: ejecutar repackage_idea sin validar evidencia.,mistake_hook,middle,medium
cp_421_b22ec9a6b3,cp_421_b22ec9a6b3_h5,En este video saldrás con un plan claro sobre repackage_idea.,promise_hook,intro,low
cp_421_b22ec9a6b3,cp_421_b22ec9a6b3_h6,Hay un detalle de repackage_idea que cambia toda la decisión.,curiosity_hook,intro,medium
cp_422_f960655a47,cp_422_f960655a47_h1,¿Qué cambia realmente con repackage_idea?,question_hook,intro,low
cp_422_f960655a47,cp_422_f960655a47_h2,"Muchos simplifican repackage_idea, pero hay matices críticos.",contrast_hook,intro,medium
cp_422_f960655a47,cp_422_f960655a47_h3,Los datos recientes de repackage_idea muestran una señal accionable.,data_hook,intro,low
cp_422_f960655a47,cp_422_f960655a47_h4,Error común: ejecutar repackage_idea sin validar evidencia.,mistake_hook,middle,medium
cp_422_f960655a47,cp_422_f960655a47_h5,En este video saldrás con un plan claro sobre repackage_idea.,promise_hook,intro,low
cp_422_f960655a47,cp_422_f960655a47_h6,Hay un detalle de repackage_idea que cambia toda la decisión.,curiosity_hook,intro,medium
cp_423_59e282393a,cp_423_59e282393a_h1,¿Qué cambia realmente con repackage_idea?,question_hook,intro,low
cp_423_59e282393a,cp_423_59e282393a_h2,"Muchos simplifican repackage_idea, pero hay matices críticos.",contrast_hook,intro,medium
cp_423_59e282393a,cp_423_59e282393a_h3,Los datos recientes de repackage_idea muestran una señal accionable.,data_hook,intro,low
cp_423_59e282393a,cp_423_59e282393a_h4,Error común: ejecutar repackage_idea sin validar evidencia.,mistake_hook,middle,medium
cp_423_59e282393a,cp_423_59e282393a_h5,En este video saldrás con un plan claro sobre repackage_idea.,promise_hook,intro,low
cp_423_59e282393a,cp_423_59e282393a_h6,Hay un detalle de repackage_idea que cambia toda la decisión.,curiosity_hook,intro,medium
cp_424_a80e168451,cp_424_a80e168451_h1,¿Qué cambia realmente con repackage_idea?,question_hook,intro,low
cp_424_a80e168451,cp_424_a80e168451_h2,"Muchos simplifican repackage_idea, pero hay matices críticos.",contrast_hook,intro,medium
cp_424_a80e168451,cp_424_a80e168451_h3,Los datos recientes de repackage_idea muestran una señal accionable.,data_hook,intro,low
cp_424_a80e168451,cp_424_a80e168451_h4,Error común: ejecutar repackage_idea sin validar evidencia.,mistake_hook,middle,medium
cp_424_a80e168451,cp_424_a80e168451_h5,En este video saldrás con un plan claro sobre repackage_idea.,promise_hook,intro,low
cp_424_a80e168451,cp_424_a80e168451_h6,Hay un detalle de repackage_idea que cambia toda la decisión.,curiosity_hook,intro,medium
cp_425_716c14e06f,cp_425_716c14e06f_h1,¿Qué cambia realmente con tema clave?,question_hook,intro,low
cp_425_716c14e06f,cp_425_716c14e06f_h2,"Muchos simplifican tema clave, pero hay matices críticos.",contrast_hook,intro,medium
cp_425_716c14e06f,cp_425_716c14e06f_h3,Los datos recientes de tema clave muestran una señal accionable.,data_hook,intro,low
cp_425_716c14e06f,cp_425_716c14e06f_h4,Error común: ejecutar tema clave sin validar evidencia.,mistake_hook,middle,medium
cp_425_716c14e06f,cp_425_716c14e06f_h5,En este video saldrás con un plan claro sobre tema clave.,promise_hook,intro,low
cp_425_716c14e06f,cp_425_716c14e06f_h6,Hay un detalle de tema clave que cambia toda la decisión.,curiosity_hook,intro,medium
cp_426_afa12ad4cc,cp_426_afa12ad4cc_h1,¿Qué cambia realmente con repackage_idea?,question_hook,intro,low
cp_426_afa12ad4cc,cp_426_afa12ad4cc_h2,"Muchos simplifican repackage_idea, pero hay matices críticos.",contrast_hook,intro,medium
cp_426_afa12ad4cc,cp_426_afa12ad4cc_h3,Los datos recientes de repackage_idea muestran una señal accionable.,data_hook,intro,low
cp_426_afa12ad4cc,cp_426_afa12ad4cc_h4,Error común: ejecutar repackage_idea sin validar evidencia.,mistake_hook,middle,medium
cp_426_afa12ad4cc,cp_426_afa12ad4cc_h5,En este video saldrás con un plan claro sobre repackage_idea.,promise_hook,intro,low
cp_426_afa12ad4cc,cp_426_afa12ad4cc_h6,Hay un detalle de repackage_idea que cambia toda la decisión.,curiosity_hook,intro,medium
cp_427_2d1e83a51d,cp_427_2d1e83a51d_h1,¿Qué cambia realmente con repackage_idea?,question_hook,intro,low
cp_427_2d1e83a51d,cp_427_2d1e83a51d_h2,"Muchos simplifican repackage_idea, pero hay matices críticos.",contrast_hook,intro,medium
cp_427_2d1e83a51d,cp_427_2d1e83a51d_h3,Los datos recientes de repackage_idea muestran una señal accionable.,data_hook,intro,low
cp_427_2d1e83a51d,cp_427_2d1e83a51d_h4,Error común: ejecutar repackage_idea sin validar evidencia.,mistake_hook,middle,medium
cp_427_2d1e83a51d,cp_427_2d1e83a51d_h5,En este video saldrás con un plan claro sobre repackage_idea.,promise_hook,intro,low
cp_427_2d1e83a51d,cp_427_2d1e83a51d_h6,Hay un detalle de repackage_idea que cambia toda la decisión.,curiosity_hook,intro,medium
cp_428_09c3878bc5,cp_428_09c3878bc5_h1,¿Qué cambia realmente con repackage_idea?,question_hook,intro,low
cp_428_09c3878bc5,cp_428_09c3878bc5_h2,"Muchos simplifican repackage_idea, pero hay matices críticos.",contrast_hook,intro,medium
cp_428_09c3878bc5,cp_428_09c3878bc5_h3,Los datos recientes de repackage_idea muestran una señal accionable.,data_hook,intro,low
cp_428_09c3878bc5,cp_428_09c3878bc5_h4,Error común: ejecutar repackage_idea sin validar evidencia.,mistake_hook,middle,medium
cp_428_09c3878bc5,cp_428_09c3878bc5_h5,En este video saldrás con un plan claro sobre repackage_idea.,promise_hook,intro,low
cp_428_09c3878bc5,cp_428_09c3878bc5_h6,Hay un detalle de repackage_idea que cambia toda la decisión.,curiosity_hook,intro,medium
cp_431_9a312d15a5,cp_431_9a312d15a5_h1,¿Qué cambia realmente con repackage_idea?,question_hook,intro,low
cp_431_9a312d15a5,cp_431_9a312d15a5_h2,"Muchos simplifican repackage_idea, pero hay matices críticos.",contrast_hook,intro,medium
cp_431_9a312d15a5,cp_431_9a312d15a5_h3,Los datos recientes de repackage_idea muestran una señal accionable.,data_hook,intro,low
cp_431_9a312d15a5,cp_431_9a312d15a5_h4,Error común: ejecutar repackage_idea sin validar evidencia.,mistake_hook,middle,medium
cp_431_9a312d15a5,cp_431_9a312d15a5_h5,En este video saldrás con un plan claro sobre repackage_idea.,promise_hook,intro,low
cp_431_9a312d15a5,cp_431_9a312d15a5_h6,Hay un detalle de repackage_idea que cambia toda la decisión.,curiosity_hook,intro,medium
cp_432_f609edcaea,cp_432_f609edcaea_h1,¿Qué cambia realmente con repackage_idea?,question_hook,intro,low
cp_432_f609edcaea,cp_432_f609edcaea_h2,"Muchos simplifican repackage_idea, pero hay matices críticos.",contrast_hook,intro,medium
cp_432_f609edcaea,cp_432_f609edcaea_h3,Los datos recientes de repackage_idea muestran una señal accionable.,data_hook,intro,low
cp_432_f609edcaea,cp_432_f609edcaea_h4,Error común: ejecutar repackage_idea sin validar evidencia.,mistake_hook,middle,medium
cp_432_f609edcaea,cp_432_f609edcaea_h5,En este video saldrás con un plan claro sobre repackage_idea.,promise_hook,intro,low
cp_432_f609edcaea,cp_432_f609edcaea_h6,Hay un detalle de repackage_idea que cambia toda la decisión.,curiosity_hook,intro,medium
cp_433_c7a3cf2adb,cp_433_c7a3cf2adb_h1,¿Qué cambia realmente con repackage_idea?,question_hook,intro,low
cp_433_c7a3cf2adb,cp_433_c7a3cf2adb_h2,"Muchos simplifican repackage_idea, pero hay matices críticos.",contrast_hook,intro,medium
cp_433_c7a3cf2adb,cp_433_c7a3cf2adb_h3,Los datos recientes de repackage_idea muestran una señal accionable.,data_hook,intro,low
cp_433_c7a3cf2adb,cp_433_c7a3cf2adb_h4,Error común: ejecutar repackage_idea sin validar evidencia.,mistake_hook,middle,medium
cp_433_c7a3cf2adb,cp_433_c7a3cf2adb_h5,En este video saldrás con un plan claro sobre repackage_idea.,promise_hook,intro,low
cp_433_c7a3cf2adb,cp_433_c7a3cf2adb_h6,Hay un detalle de repackage_idea que cambia toda la decisión.,curiosity_hook,intro,medium
cp_434_a9ec8abeb3,cp_434_a9ec8abeb3_h1,¿Qué cambia realmente con repackage_idea?,question_hook,intro,low
cp_434_a9ec8abeb3,cp_434_a9ec8abeb3_h2,"Muchos simplifican repackage_idea, pero hay matices críticos.",contrast_hook,intro,medium
cp_434_a9ec8abeb3,cp_434_a9ec8abeb3_h3,Los datos recientes de repackage_idea muestran una señal accionable.,data_hook,intro,low
cp_434_a9ec8abeb3,cp_434_a9ec8abeb3_h4,Error común: ejecutar repackage_idea sin validar evidencia.,mistake_hook,middle,medium
cp_434_a9ec8abeb3,cp_434_a9ec8abeb3_h5,En este video saldrás con un plan claro sobre repackage_idea.,promise_hook,intro,low
cp_434_a9ec8abeb3,cp_434_a9ec8abeb3_h6,Hay un detalle de repackage_idea que cambia toda la decisión.,curiosity_hook,intro,medium
cp_435_3fe1d80aa4,cp_435_3fe1d80aa4_h1,¿Qué cambia realmente con repackage_idea?,question_hook,intro,low
cp_435_3fe1d80aa4,cp_435_3fe1d80aa4_h2,"Muchos simplifican repackage_idea, pero hay matices críticos.",contrast_hook,intro,medium
cp_435_3fe1d80aa4,cp_435_3fe1d80aa4_h3,Los datos recientes de repackage_idea muestran una señal accionable.,data_hook,intro,low
cp_435_3fe1d80aa4,cp_435_3fe1d80aa4_h4,Error común: ejecutar repackage_idea sin validar evidencia.,mistake_hook,middle,medium
cp_435_3fe1d80aa4,cp_435_3fe1d80aa4_h5,En este video saldrás con un plan claro sobre repackage_idea.,promise_hook,intro,low
cp_435_3fe1d80aa4,cp_435_3fe1d80aa4_h6,Hay un detalle de repackage_idea que cambia toda la decisión.,curiosity_hook,intro,medium
cp_437_9f4ab7a336,cp_437_9f4ab7a336_h1,¿Qué cambia realmente con repackage_idea?,question_hook,intro,low
cp_437_9f4ab7a336,cp_437_9f4ab7a336_h2,"Muchos simplifican repackage_idea, pero hay matices críticos.",contrast_hook,intro,medium
cp_437_9f4ab7a336,cp_437_9f4ab7a336_h3,Los datos recientes de repackage_idea muestran una señal accionable.,data_hook,intro,low
cp_437_9f4ab7a336,cp_437_9f4ab7a336_h4,Error común: ejecutar repackage_idea sin validar evidencia.,mistake_hook,middle,medium
cp_437_9f4ab7a336,cp_437_9f4ab7a336_h5,En este video saldrás con un plan claro sobre repackage_idea.,promise_hook,intro,low
cp_437_9f4ab7a336,cp_437_9f4ab7a336_h6,Hay un detalle de repackage_idea que cambia toda la decisión.,curiosity_hook,intro,medium
cp_438_ee70928f8c,cp_438_ee70928f8c_h1,¿Qué cambia realmente con repackage_idea?,question_hook,intro,low
cp_438_ee70928f8c,cp_438_ee70928f8c_h2,"Muchos simplifican repackage_idea, pero hay matices críticos.",contrast_hook,intro,medium
cp_438_ee70928f8c,cp_438_ee70928f8c_h3,Los datos recientes de repackage_idea muestran una señal accionable.,data_hook,intro,low
cp_438_ee70928f8c,cp_438_ee70928f8c_h4,Error común: ejecutar repackage_idea sin validar evidencia.,mistake_hook,middle,medium
cp_438_ee70928f8c,cp_438_ee70928f8c_h5,En este video saldrás con un plan claro sobre repackage_idea.,promise_hook,intro,low
cp_438_ee70928f8c,cp_438_ee70928f8c_h6,Hay un detalle de repackage_idea que cambia toda la decisión.,curiosity_hook,intro,medium
cp_440_14d636444f,cp_440_14d636444f_h1,¿Qué cambia realmente con repackage_idea?,question_hook,intro,low
cp_440_14d636444f,cp_440_14d636444f_h2,"Muchos simplifican repackage_idea, pero hay matices críticos.",contrast_hook,intro,medium
cp_440_14d636444f,cp_440_14d636444f_h3,Los datos recientes de repackage_idea muestran una señal accionable.,data_hook,intro,low
cp_440_14d636444f,cp_440_14d636444f_h4,Error común: ejecutar repackage_idea sin validar evidencia.,mistake_hook,middle,medium
cp_440_14d636444f,cp_440_14d636444f_h5,En este video saldrás con un plan claro sobre repackage_idea.,promise_hook,intro,low
cp_440_14d636444f,cp_440_14d636444f_h6,Hay un detalle de repackage_idea que cambia toda la decisión.,curiosity_hook,intro,medium
cp_441_2f03184d1e,cp_441_2f03184d1e_h1,¿Qué cambia realmente con repackage_idea?,question_hook,intro,low
cp_441_2f03184d1e,cp_441_2f03184d1e_h2,"Muchos simplifican repackage_idea, pero hay matices críticos.",contrast_hook,intro,medium
cp_441_2f03184d1e,cp_441_2f03184d1e_h3,Los datos recientes de repackage_idea muestran una señal accionable.,data_hook,intro,low
cp_441_2f03184d1e,cp_441_2f03184d1e_h4,Error común: ejecutar repackage_idea sin validar evidencia.,mistake_hook,middle,medium
cp_441_2f03184d1e,cp_441_2f03184d1e_h5,En este video saldrás con un plan claro sobre repackage_idea.,promise_hook,intro,low
cp_441_2f03184d1e,cp_441_2f03184d1e_h6,Hay un detalle de repackage_idea que cambia toda la decisión.,curiosity_hook,intro,medium
cp_443_2ef02c5ebf,cp_443_2ef02c5ebf_h1,¿Qué cambia realmente con tema clave?,question_hook,intro,low
cp_443_2ef02c5ebf,cp_443_2ef02c5ebf_h2,"Muchos simplifican tema clave, pero hay matices críticos.",contrast_hook,intro,medium
cp_443_2ef02c5ebf,cp_443_2ef02c5ebf_h3,Los datos recientes de tema clave muestran una señal accionable.,data_hook,intro,low
cp_443_2ef02c5ebf,cp_443_2ef02c5ebf_h4,Error común: ejecutar tema clave sin validar evidencia.,mistake_hook,middle,medium
cp_443_2ef02c5ebf,cp_443_2ef02c5ebf_h5,En este video saldrás con un plan claro sobre tema clave.,promise_hook,intro,low
cp_443_2ef02c5ebf,cp_443_2ef02c5ebf_h6,Hay un detalle de tema clave que cambia toda la decisión.,curiosity_hook,intro,medium
cp_444_e0c43df273,cp_444_e0c43df273_h1,¿Qué cambia realmente con repackage_idea?,question_hook,intro,low
cp_444_e0c43df273,cp_444_e0c43df273_h2,"Muchos simplifican repackage_idea, pero hay matices críticos.",contrast_hook,intro,medium
cp_444_e0c43df273,cp_444_e0c43df273_h3,Los datos recientes de repackage_idea muestran una señal accionable.,data_hook,intro,low
cp_444_e0c43df273,cp_444_e0c43df273_h4,Error común: ejecutar repackage_idea sin validar evidencia.,mistake_hook,middle,medium
cp_444_e0c43df273,cp_444_e0c43df273_h5,En este video saldrás con un plan claro sobre repackage_idea.,promise_hook,intro,low
cp_444_e0c43df273,cp_444_e0c43df273_h6,Hay un detalle de repackage_idea que cambia toda la decisión.,curiosity_hook,intro,medium
cp_445_79fdbfdbc5,cp_445_79fdbfdbc5_h1,¿Qué cambia realmente con repackage_idea?,question_hook,intro,low
cp_445_79fdbfdbc5,cp_445_79fdbfdbc5_h2,"Muchos simplifican repackage_idea, pero hay matices críticos.",contrast_hook,intro,medium
cp_445_79fdbfdbc5,cp_445_79fdbfdbc5_h3,Los datos recientes de repackage_idea muestran una señal accionable.,data_hook,intro,low
cp_445_79fdbfdbc5,cp_445_79fdbfdbc5_h4,Error común: ejecutar repackage_idea sin validar evidencia.,mistake_hook,middle,medium
cp_445_79fdbfdbc5,cp_445_79fdbfdbc5_h5,En este video saldrás con un plan claro sobre repackage_idea.,promise_hook,intro,low
cp_445_79fdbfdbc5,cp_445_79fdbfdbc5_h6,Hay un detalle de repackage_idea que cambia toda la decisión.,curiosity_hook,intro,medium
cp_446_d911f1f35a,cp_446_d911f1f35a_h1,¿Qué cambia realmente con tema clave?,question_hook,intro,low
cp_446_d911f1f35a,cp_446_d911f1f35a_h2,"Muchos simplifican tema clave, pero hay matices críticos.",contrast_hook,intro,medium
cp_446_d911f1f35a,cp_446_d911f1f35a_h3,Los datos recientes de tema clave muestran una señal accionable.,data_hook,intro,low
cp_446_d911f1f35a,cp_446_d911f1f35a_h4,Error común: ejecutar tema clave sin validar evidencia.,mistake_hook,middle,medium
cp_446_d911f1f35a,cp_446_d911f1f35a_h5,En este video saldrás con un plan claro sobre tema clave.,promise_hook,intro,low
cp_446_d911f1f35a,cp_446_d911f1f35a_h6,Hay un detalle de tema clave que cambia toda la decisión.,curiosity_hook,intro,medium
cp_447_d708540bf0,cp_447_d708540bf0_h1,¿Qué cambia realmente con repackage_idea?,question_hook,intro,low
cp_447_d708540bf0,cp_447_d708540bf0_h2,"Muchos simplifican repackage_idea, pero hay matices críticos.",contrast_hook,intro,medium
cp_447_d708540bf0,cp_447_d708540bf0_h3,Los datos recientes de repackage_idea muestran una señal accionable.,data_hook,intro,low
cp_447_d708540bf0,cp_447_d708540bf0_h4,Error común: ejecutar repackage_idea sin validar evidencia.,mistake_hook,middle,medium
cp_447_d708540bf0,cp_447_d708540bf0_h5,En este video saldrás con un plan claro sobre repackage_idea.,promise_hook,intro,low
cp_447_d708540bf0,cp_447_d708540bf0_h6,Hay un detalle de repackage_idea que cambia toda la decisión.,curiosity_hook,intro,medium
cp_448_17cff1ed24,cp_448_17cff1ed24_h1,¿Qué cambia realmente con repackage_idea?,question_hook,intro,low
cp_448_17cff1ed24,cp_448_17cff1ed24_h2,"Muchos simplifican repackage_idea, pero hay matices críticos.",contrast_hook,intro,medium
cp_448_17cff1ed24,cp_448_17cff1ed24_h3,Los datos recientes de repackage_idea muestran una señal accionable.,data_hook,intro,low
cp_448_17cff1ed24,cp_448_17cff1ed24_h4,Error común: ejecutar repackage_idea sin validar evidencia.,mistake_hook,middle,medium
cp_448_17cff1ed24,cp_448_17cff1ed24_h5,En este video saldrás con un plan claro sobre repackage_idea.,promise_hook,intro,low
cp_448_17cff1ed24,cp_448_17cff1ed24_h6,Hay un detalle de repackage_idea que cambia toda la decisión.,curiosity_hook,intro,medium
cp_449_acff425a6a,cp_449_acff425a6a_h1,¿Qué cambia realmente con repackage_idea?,question_hook,intro,low
cp_449_acff425a6a,cp_449_acff425a6a_h2,"Muchos simplifican repackage_idea, pero hay matices críticos.",contrast_hook,intro,medium
cp_449_acff425a6a,cp_449_acff425a6a_h3,Los datos recientes de repackage_idea muestran una señal accionable.,data_hook,intro,low
cp_449_acff425a6a,cp_449_acff425a6a_h4,Error común: ejecutar repackage_idea sin validar evidencia.,mistake_hook,middle,medium
cp_449_acff425a6a,cp_449_acff425a6a_h5,En este video saldrás con un plan claro sobre repackage_idea.,promise_hook,intro,low
cp_449_acff425a6a,cp_449_acff425a6a_h6,Hay un detalle de repackage_idea que cambia toda la decisión.,curiosity_hook,intro,medium
cp_450_c4b8e7f49e,cp_450_c4b8e7f49e_h1,¿Qué cambia realmente con tema clave?,question_hook,intro,low
cp_450_c4b8e7f49e,cp_450_c4b8e7f49e_h2,"Muchos simplifican tema clave, pero hay matices críticos.",contrast_hook,intro,medium
cp_450_c4b8e7f49e,cp_450_c4b8e7f49e_h3,Los datos recientes de tema clave muestran una señal accionable.,data_hook,intro,low
cp_450_c4b8e7f49e,cp_450_c4b8e7f49e_h4,Error común: ejecutar tema clave sin validar evidencia.,mistake_hook,middle,medium
cp_450_c4b8e7f49e,cp_450_c4b8e7f49e_h5,En este video saldrás con un plan claro sobre tema clave.,promise_hook,intro,low
cp_450_c4b8e7f49e,cp_450_c4b8e7f49e_h6,Hay un detalle de tema clave que cambia toda la decisión.,curiosity_hook,intro,medium
cp_451_afeb8ec844,cp_451_afeb8ec844_h1,¿Qué cambia realmente con repackage_idea?,question_hook,intro,low
cp_451_afeb8ec844,cp_451_afeb8ec844_h2,"Muchos simplifican repackage_idea, pero hay matices críticos.",contrast_hook,intro,medium
cp_451_afeb8ec844,cp_451_afeb8ec844_h3,Los datos recientes de repackage_idea muestran una señal accionable.,data_hook,intro,low
cp_451_afeb8ec844,cp_451_afeb8ec844_h4,Error común: ejecutar repackage_idea sin validar evidencia.,mistake_hook,middle,medium
cp_451_afeb8ec844,cp_451_afeb8ec844_h5,En este video saldrás con un plan claro sobre repackage_idea.,promise_hook,intro,low
cp_451_afeb8ec844,cp_451_afeb8ec844_h6,Hay un detalle de repackage_idea que cambia toda la decisión.,curiosity_hook,intro,medium
cp_453_236e3213a6,cp_453_236e3213a6_h1,¿Qué cambia realmente con repackage_idea?,question_hook,intro,low
cp_453_236e3213a6,cp_453_236e3213a6_h2,"Muchos simplifican repackage_idea, pero hay matices críticos.",contrast_hook,intro,medium
cp_453_236e3213a6,cp_453_236e3213a6_h3,Los datos recientes de repackage_idea muestran una señal accionable.,data_hook,intro,low
cp_453_236e3213a6,cp_453_236e3213a6_h4,Error común: ejecutar repackage_idea sin validar evidencia.,mistake_hook,middle,medium
cp_453_236e3213a6,cp_453_236e3213a6_h5,En este video saldrás con un plan claro sobre repackage_idea.,promise_hook,intro,low
cp_453_236e3213a6,cp_453_236e3213a6_h6,Hay un detalle de repackage_idea que cambia toda la decisión.,curiosity_hook,intro,medium
cp_454_f62540f261,cp_454_f62540f261_h1,¿Qué cambia realmente con repackage_idea?,question_hook,intro,low
cp_454_f62540f261,cp_454_f62540f261_h2,"Muchos simplifican repackage_idea, pero hay matices críticos.",contrast_hook,intro,medium
cp_454_f62540f261,cp_454_f62540f261_h3,Los datos recientes de repackage_idea muestran una señal accionable.,data_hook,intro,low
cp_454_f62540f261,cp_454_f62540f261_h4,Error común: ejecutar repackage_idea sin validar evidencia.,mistake_hook,middle,medium
cp_454_f62540f261,cp_454_f62540f261_h5,En este video saldrás con un plan claro sobre repackage_idea.,promise_hook,intro,low
cp_454_f62540f261,cp_454_f62540f261_h6,Hay un detalle de repackage_idea que cambia toda la decisión.,curiosity_hook,intro,medium
cp_455_542baf463b,cp_455_542baf463b_h1,¿Qué cambia realmente con repackage_idea?,question_hook,intro,low
cp_455_542baf463b,cp_455_542baf463b_h2,"Muchos simplifican repackage_idea, pero hay matices críticos.",contrast_hook,intro,medium
cp_455_542baf463b,cp_455_542baf463b_h3,Los datos recientes de repackage_idea muestran una señal accionable.,data_hook,intro,low
cp_455_542baf463b,cp_455_542baf463b_h4,Error común: ejecutar repackage_idea sin validar evidencia.,mistake_hook,middle,medium
cp_455_542baf463b,cp_455_542baf463b_h5,En este video saldrás con un plan claro sobre repackage_idea.,promise_hook,intro,low
cp_455_542baf463b,cp_455_542baf463b_h6,Hay un detalle de repackage_idea que cambia toda la decisión.,curiosity_hook,intro,medium
cp_456_a8536aecfb,cp_456_a8536aecfb_h1,¿Qué cambia realmente con repackage_idea?,question_hook,intro,low
cp_456_a8536aecfb,cp_456_a8536aecfb_h2,"Muchos simplifican repackage_idea, pero hay matices críticos.",contrast_hook,intro,medium
cp_456_a8536aecfb,cp_456_a8536aecfb_h3,Los datos recientes de repackage_idea muestran una señal accionable.,data_hook,intro,low
cp_456_a8536aecfb,cp_456_a8536aecfb_h4,Error común: ejecutar repackage_idea sin validar evidencia.,mistake_hook,middle,medium
cp_456_a8536aecfb,cp_456_a8536aecfb_h5,En este video saldrás con un plan claro sobre repackage_idea.,promise_hook,intro,low
cp_456_a8536aecfb,cp_456_a8536aecfb_h6,Hay un detalle de repackage_idea que cambia toda la decisión.,curiosity_hook,intro,medium
cp_458_de101ef77b,cp_458_de101ef77b_h1,¿Qué cambia realmente con repackage_idea?,question_hook,intro,low
cp_458_de101ef77b,cp_458_de101ef77b_h2,"Muchos simplifican repackage_idea, pero hay matices críticos.",contrast_hook,intro,medium
cp_458_de101ef77b,cp_458_de101ef77b_h3,Los datos recientes de repackage_idea muestran una señal accionable.,data_hook,intro,low
cp_458_de101ef77b,cp_458_de101ef77b_h4,Error común: ejecutar repackage_idea sin validar evidencia.,mistake_hook,middle,medium
cp_458_de101ef77b,cp_458_de101ef77b_h5,En este video saldrás con un plan claro sobre repackage_idea.,promise_hook,intro,low
cp_458_de101ef77b,cp_458_de101ef77b_h6,Hay un detalle de repackage_idea que cambia toda la decisión.,curiosity_hook,intro,medium
cp_459_fdc0248991,cp_459_fdc0248991_h1,¿Qué cambia realmente con repackage_idea?,question_hook,intro,low
cp_459_fdc0248991,cp_459_fdc0248991_h2,"Muchos simplifican repackage_idea, pero hay matices críticos.",contrast_hook,intro,medium
cp_459_fdc0248991,cp_459_fdc0248991_h3,Los datos recientes de repackage_idea muestran una señal accionable.,data_hook,intro,low
cp_459_fdc0248991,cp_459_fdc0248991_h4,Error común: ejecutar repackage_idea sin validar evidencia.,mistake_hook,middle,medium
cp_459_fdc0248991,cp_459_fdc0248991_h5,En este video saldrás con un plan claro sobre repackage_idea.,promise_hook,intro,low
cp_459_fdc0248991,cp_459_fdc0248991_h6,Hay un detalle de repackage_idea que cambia toda la decisión.,curiosity_hook,intro,medium
cp_460_211b4de44e,cp_460_211b4de44e_h1,¿Qué cambia realmente con repackage_idea?,question_hook,intro,low
cp_460_211b4de44e,cp_460_211b4de44e_h2,"Muchos simplifican repackage_idea, pero hay matices críticos.",contrast_hook,intro,medium
cp_460_211b4de44e,cp_460_211b4de44e_h3,Los datos recientes de repackage_idea muestran una señal accionable.,data_hook,intro,low
cp_460_211b4de44e,cp_460_211b4de44e_h4,Error común: ejecutar repackage_idea sin validar evidencia.,mistake_hook,middle,medium
cp_460_211b4de44e,cp_460_211b4de44e_h5,En este video saldrás con un plan claro sobre repackage_idea.,promise_hook,intro,low
cp_460_211b4de44e,cp_460_211b4de44e_h6,Hay un detalle de repackage_idea que cambia toda la decisión.,curiosity_hook,intro,medium
cp_461_c48605e559,cp_461_c48605e559_h1,¿Qué cambia realmente con repackage_idea?,question_hook,intro,low
cp_461_c48605e559,cp_461_c48605e559_h2,"Muchos simplifican repackage_idea, pero hay matices críticos.",contrast_hook,intro,medium
cp_461_c48605e559,cp_461_c48605e559_h3,Los datos recientes de repackage_idea muestran una señal accionable.,data_hook,intro,low
cp_461_c48605e559,cp_461_c48605e559_h4,Error común: ejecutar repackage_idea sin validar evidencia.,mistake_hook,middle,medium
cp_461_c48605e559,cp_461_c48605e559_h5,En este video saldrás con un plan claro sobre repackage_idea.,promise_hook,intro,low
cp_461_c48605e559,cp_461_c48605e559_h6,Hay un detalle de repackage_idea que cambia toda la decisión.,curiosity_hook,intro,medium
cp_463_2878b351fe,cp_463_2878b351fe_h1,¿Qué cambia realmente con repackage_idea?,question_hook,intro,low
cp_463_2878b351fe,cp_463_2878b351fe_h2,"Muchos simplifican repackage_idea, pero hay matices críticos.",contrast_hook,intro,medium
cp_463_2878b351fe,cp_463_2878b351fe_h3,Los datos recientes de repackage_idea muestran una señal accionable.,data_hook,intro,low
cp_463_2878b351fe,cp_463_2878b351fe_h4,Error común: ejecutar repackage_idea sin validar evidencia.,mistake_hook,middle,medium
cp_463_2878b351fe,cp_463_2878b351fe_h5,En este video saldrás con un plan claro sobre repackage_idea.,promise_hook,intro,low
cp_463_2878b351fe,cp_463_2878b351fe_h6,Hay un detalle de repackage_idea que cambia toda la decisión.,curiosity_hook,intro,medium
cp_464_764e3a9dc5,cp_464_764e3a9dc5_h1,¿Qué cambia realmente con repackage_idea?,question_hook,intro,low
cp_464_764e3a9dc5,cp_464_764e3a9dc5_h2,"Muchos simplifican repackage_idea, pero hay matices críticos.",contrast_hook,intro,medium
cp_464_764e3a9dc5,cp_464_764e3a9dc5_h3,Los datos recientes de repackage_idea muestran una señal accionable.,data_hook,intro,low
cp_464_764e3a9dc5,cp_464_764e3a9dc5_h4,Error común: ejecutar repackage_idea sin validar evidencia.,mistake_hook,middle,medium
cp_464_764e3a9dc5,cp_464_764e3a9dc5_h5,En este video saldrás con un plan claro sobre repackage_idea.,promise_hook,intro,low
cp_464_764e3a9dc5,cp_464_764e3a9dc5_h6,Hay un detalle de repackage_idea que cambia toda la decisión.,curiosity_hook,intro,medium
cp_465_ab9d9681ab,cp_465_ab9d9681ab_h1,¿Qué cambia realmente con repackage_idea?,question_hook,intro,low
cp_465_ab9d9681ab,cp_465_ab9d9681ab_h2,"Muchos simplifican repackage_idea, pero hay matices críticos.",contrast_hook,intro,medium
cp_465_ab9d9681ab,cp_465_ab9d9681ab_h3,Los datos recientes de repackage_idea muestran una señal accionable.,data_hook,intro,low
cp_465_ab9d9681ab,cp_465_ab9d9681ab_h4,Error común: ejecutar repackage_idea sin validar evidencia.,mistake_hook,middle,medium
cp_465_ab9d9681ab,cp_465_ab9d9681ab_h5,En este video saldrás con un plan claro sobre repackage_idea.,promise_hook,intro,low
cp_465_ab9d9681ab,cp_465_ab9d9681ab_h6,Hay un detalle de repackage_idea que cambia toda la decisión.,curiosity_hook,intro,medium
cp_466_5121dc8462,cp_466_5121dc8462_h1,¿Qué cambia realmente con repackage_idea?,question_hook,intro,low
cp_466_5121dc8462,cp_466_5121dc8462_h2,"Muchos simplifican repackage_idea, pero hay matices críticos.",contrast_hook,intro,medium
cp_466_5121dc8462,cp_466_5121dc8462_h3,Los datos recientes de repackage_idea muestran una señal accionable.,data_hook,intro,low
cp_466_5121dc8462,cp_466_5121dc8462_h4,Error común: ejecutar repackage_idea sin validar evidencia.,mistake_hook,middle,medium
cp_466_5121dc8462,cp_466_5121dc8462_h5,En este video saldrás con un plan claro sobre repackage_idea.,promise_hook,intro,low
cp_466_5121dc8462,cp_466_5121dc8462_h6,Hay un detalle de repackage_idea que cambia toda la decisión.,curiosity_hook,intro,medium
cp_470_30371bedfc,cp_470_30371bedfc_h1,¿Qué cambia realmente con repackage_idea?,question_hook,intro,low
cp_470_30371bedfc,cp_470_30371bedfc_h2,"Muchos simplifican repackage_idea, pero hay matices críticos.",contrast_hook,intro,medium
cp_470_30371bedfc,cp_470_30371bedfc_h3,Los datos recientes de repackage_idea muestran una señal accionable.,data_hook,intro,low
cp_470_30371bedfc,cp_470_30371bedfc_h4,Error común: ejecutar repackage_idea sin validar evidencia.,mistake_hook,middle,medium
cp_470_30371bedfc,cp_470_30371bedfc_h5,En este video saldrás con un plan claro sobre repackage_idea.,promise_hook,intro,low
cp_470_30371bedfc,cp_470_30371bedfc_h6,Hay un detalle de repackage_idea que cambia toda la decisión.,curiosity_hook,intro,medium
cp_472_3664b4b6e0,cp_472_3664b4b6e0_h1,¿Qué cambia realmente con repackage_idea?,question_hook,intro,low
cp_472_3664b4b6e0,cp_472_3664b4b6e0_h2,"Muchos simplifican repackage_idea, pero hay matices críticos.",contrast_hook,intro,medium
cp_472_3664b4b6e0,cp_472_3664b4b6e0_h3,Los datos recientes de repackage_idea muestran una señal accionable.,data_hook,intro,low
cp_472_3664b4b6e0,cp_472_3664b4b6e0_h4,Error común: ejecutar repackage_idea sin validar evidencia.,mistake_hook,middle,medium
cp_472_3664b4b6e0,cp_472_3664b4b6e0_h5,En este video saldrás con un plan claro sobre repackage_idea.,promise_hook,intro,low
cp_472_3664b4b6e0,cp_472_3664b4b6e0_h6,Hay un detalle de repackage_idea que cambia toda la decisión.,curiosity_hook,intro,medium
cp_473_158cc60c56,cp_473_158cc60c56_h1,¿Qué cambia realmente con repackage_idea?,question_hook,intro,low
cp_473_158cc60c56,cp_473_158cc60c56_h2,"Muchos simplifican repackage_idea, pero hay matices críticos.",contrast_hook,intro,medium
cp_473_158cc60c56,cp_473_158cc60c56_h3,Los datos recientes de repackage_idea muestran una señal accionable.,data_hook,intro,low
cp_473_158cc60c56,cp_473_158cc60c56_h4,Error común: ejecutar repackage_idea sin validar evidencia.,mistake_hook,middle,medium
cp_473_158cc60c56,cp_473_158cc60c56_h5,En este video saldrás con un plan claro sobre repackage_idea.,promise_hook,intro,low
cp_473_158cc60c56,cp_473_158cc60c56_h6,Hay un detalle de repackage_idea que cambia toda la decisión.,curiosity_hook,intro,medium
cp_474_df7db4267d,cp_474_df7db4267d_h1,¿Qué cambia realmente con repackage_idea?,question_hook,intro,low
cp_474_df7db4267d,cp_474_df7db4267d_h2,"Muchos simplifican repackage_idea, pero hay matices críticos.",contrast_hook,intro,medium
cp_474_df7db4267d,cp_474_df7db4267d_h3,Los datos recientes de repackage_idea muestran una señal accionable.,data_hook,intro,low
cp_474_df7db4267d,cp_474_df7db4267d_h4,Error común: ejecutar repackage_idea sin validar evidencia.,mistake_hook,middle,medium
cp_474_df7db4267d,cp_474_df7db4267d_h5,En este video saldrás con un plan claro sobre repackage_idea.,promise_hook,intro,low
cp_474_df7db4267d,cp_474_df7db4267d_h6,Hay un detalle de repackage_idea que cambia toda la decisión.,curiosity_hook,intro,medium
cp_475_0145922d36,cp_475_0145922d36_h1,¿Qué cambia realmente con repackage_idea?,question_hook,intro,low
cp_475_0145922d36,cp_475_0145922d36_h2,"Muchos simplifican repackage_idea, pero hay matices críticos.",contrast_hook,intro,medium
cp_475_0145922d36,cp_475_0145922d36_h3,Los datos recientes de repackage_idea muestran una señal accionable.,data_hook,intro,low
cp_475_0145922d36,cp_475_0145922d36_h4,Error común: ejecutar repackage_idea sin validar evidencia.,mistake_hook,middle,medium
cp_475_0145922d36,cp_475_0145922d36_h5,En este video saldrás con un plan claro sobre repackage_idea.,promise_hook,intro,low
cp_475_0145922d36,cp_475_0145922d36_h6,Hay un detalle de repackage_idea que cambia toda la decisión.,curiosity_hook,intro,medium
cp_477_08153121dc,cp_477_08153121dc_h1,¿Qué cambia realmente con repackage_idea?,question_hook,intro,low
cp_477_08153121dc,cp_477_08153121dc_h2,"Muchos simplifican repackage_idea, pero hay matices críticos.",contrast_hook,intro,medium
cp_477_08153121dc,cp_477_08153121dc_h3,Los datos recientes de repackage_idea muestran una señal accionable.,data_hook,intro,low
cp_477_08153121dc,cp_477_08153121dc_h4,Error común: ejecutar repackage_idea sin validar evidencia.,mistake_hook,middle,medium
cp_477_08153121dc,cp_477_08153121dc_h5,En este video saldrás con un plan claro sobre repackage_idea.,promise_hook,intro,low
cp_477_08153121dc,cp_477_08153121dc_h6,Hay un detalle de repackage_idea que cambia toda la decisión.,curiosity_hook,intro,medium
cp_480_15c2b02659,cp_480_15c2b02659_h1,¿Qué cambia realmente con repackage_idea?,question_hook,intro,low
cp_480_15c2b02659,cp_480_15c2b02659_h2,"Muchos simplifican repackage_idea, pero hay matices críticos.",contrast_hook,intro,medium
cp_480_15c2b02659,cp_480_15c2b02659_h3,Los datos recientes de repackage_idea muestran una señal accionable.,data_hook,intro,low
cp_480_15c2b02659,cp_480_15c2b02659_h4,Error común: ejecutar repackage_idea sin validar evidencia.,mistake_hook,middle,medium
cp_480_15c2b02659,cp_480_15c2b02659_h5,En este video saldrás con un plan claro sobre repackage_idea.,promise_hook,intro,low
cp_480_15c2b02659,cp_480_15c2b02659_h6,Hay un detalle de repackage_idea que cambia toda la decisión.,curiosity_hook,intro,medium
cp_481_d81034936a,cp_481_d81034936a_h1,¿Qué cambia realmente con repackage_idea?,question_hook,intro,low
cp_481_d81034936a,cp_481_d81034936a_h2,"Muchos simplifican repackage_idea, pero hay matices críticos.",contrast_hook,intro,medium
cp_481_d81034936a,cp_481_d81034936a_h3,Los datos recientes de repackage_idea muestran una señal accionable.,data_hook,intro,low
cp_481_d81034936a,cp_481_d81034936a_h4,Error común: ejecutar repackage_idea sin validar evidencia.,mistake_hook,middle,medium
cp_481_d81034936a,cp_481_d81034936a_h5,En este video saldrás con un plan claro sobre repackage_idea.,promise_hook,intro,low
cp_481_d81034936a,cp_481_d81034936a_h6,Hay un detalle de repackage_idea que cambia toda la decisión.,curiosity_hook,intro,medium
cp_482_23e16cf328,cp_482_23e16cf328_h1,¿Qué cambia realmente con repackage_idea?,question_hook,intro,low
cp_482_23e16cf328,cp_482_23e16cf328_h2,"Muchos simplifican repackage_idea, pero hay matices críticos.",contrast_hook,intro,medium
cp_482_23e16cf328,cp_482_23e16cf328_h3,Los datos recientes de repackage_idea muestran una señal accionable.,data_hook,intro,low
cp_482_23e16cf328,cp_482_23e16cf328_h4,Error común: ejecutar repackage_idea sin validar evidencia.,mistake_hook,middle,medium
cp_482_23e16cf328,cp_482_23e16cf328_h5,En este video saldrás con un plan claro sobre repackage_idea.,promise_hook,intro,low
cp_482_23e16cf328,cp_482_23e16cf328_h6,Hay un detalle de repackage_idea que cambia toda la decisión.,curiosity_hook,intro,medium
cp_484_3e87bf1975,cp_484_3e87bf1975_h1,¿Qué cambia realmente con repackage_idea?,question_hook,intro,low
cp_484_3e87bf1975,cp_484_3e87bf1975_h2,"Muchos simplifican repackage_idea, pero hay matices críticos.",contrast_hook,intro,medium
cp_484_3e87bf1975,cp_484_3e87bf1975_h3,Los datos recientes de repackage_idea muestran una señal accionable.,data_hook,intro,low
cp_484_3e87bf1975,cp_484_3e87bf1975_h4,Error común: ejecutar repackage_idea sin validar evidencia.,mistake_hook,middle,medium
cp_484_3e87bf1975,cp_484_3e87bf1975_h5,En este video saldrás con un plan claro sobre repackage_idea.,promise_hook,intro,low
cp_484_3e87bf1975,cp_484_3e87bf1975_h6,Hay un detalle de repackage_idea que cambia toda la decisión.,curiosity_hook,intro,medium
cp_485_f8cea749d6,cp_485_f8cea749d6_h1,¿Qué cambia realmente con repackage_idea?,question_hook,intro,low
cp_485_f8cea749d6,cp_485_f8cea749d6_h2,"Muchos simplifican repackage_idea, pero hay matices críticos.",contrast_hook,intro,medium
cp_485_f8cea749d6,cp_485_f8cea749d6_h3,Los datos recientes de repackage_idea muestran una señal accionable.,data_hook,intro,low
cp_485_f8cea749d6,cp_485_f8cea749d6_h4,Error común: ejecutar repackage_idea sin validar evidencia.,mistake_hook,middle,medium
cp_485_f8cea749d6,cp_485_f8cea749d6_h5,En este video saldrás con un plan claro sobre repackage_idea.,promise_hook,intro,low
cp_485_f8cea749d6,cp_485_f8cea749d6_h6,Hay un detalle de repackage_idea que cambia toda la decisión.,curiosity_hook,intro,medium
cp_487_b12ce88532,cp_487_b12ce88532_h1,¿Qué cambia realmente con repackage_idea?,question_hook,intro,low
cp_487_b12ce88532,cp_487_b12ce88532_h2,"Muchos simplifican repackage_idea, pero hay matices críticos.",contrast_hook,intro,medium
cp_487_b12ce88532,cp_487_b12ce88532_h3,Los datos recientes de repackage_idea muestran una señal accionable.,data_hook,intro,low
cp_487_b12ce88532,cp_487_b12ce88532_h4,Error común: ejecutar repackage_idea sin validar evidencia.,mistake_hook,middle,medium
cp_487_b12ce88532,cp_487_b12ce88532_h5,En este video saldrás con un plan claro sobre repackage_idea.,promise_hook,intro,low
cp_487_b12ce88532,cp_487_b12ce88532_h6,Hay un detalle de repackage_idea que cambia toda la decisión.,curiosity_hook,intro,medium
cp_488_24af3d9145,cp_488_24af3d9145_h1,¿Qué cambia realmente con repackage_idea?,question_hook,intro,low
cp_488_24af3d9145,cp_488_24af3d9145_h2,"Muchos simplifican repackage_idea, pero hay matices críticos.",contrast_hook,intro,medium
cp_488_24af3d9145,cp_488_24af3d9145_h3,Los datos recientes de repackage_idea muestran una señal accionable.,data_hook,intro,low
cp_488_24af3d9145,cp_488_24af3d9145_h4,Error común: ejecutar repackage_idea sin validar evidencia.,mistake_hook,middle,medium
cp_488_24af3d9145,cp_488_24af3d9145_h5,En este video saldrás con un plan claro sobre repackage_idea.,promise_hook,intro,low
cp_488_24af3d9145,cp_488_24af3d9145_h6,Hay un detalle de repackage_idea que cambia toda la decisión.,curiosity_hook,intro,medium
cp_491_3c17d6afb8,cp_491_3c17d6afb8_h1,¿Qué cambia realmente con repackage_idea?,question_hook,intro,low
cp_491_3c17d6afb8,cp_491_3c17d6afb8_h2,"Muchos simplifican repackage_idea, pero hay matices críticos.",contrast_hook,intro,medium
cp_491_3c17d6afb8,cp_491_3c17d6afb8_h3,Los datos recientes de repackage_idea muestran una señal accionable.,data_hook,intro,low
cp_491_3c17d6afb8,cp_491_3c17d6afb8_h4,Error común: ejecutar repackage_idea sin validar evidencia.,mistake_hook,middle,medium
cp_491_3c17d6afb8,cp_491_3c17d6afb8_h5,En este video saldrás con un plan claro sobre repackage_idea.,promise_hook,intro,low
cp_491_3c17d6afb8,cp_491_3c17d6afb8_h6,Hay un detalle de repackage_idea que cambia toda la decisión.,curiosity_hook,intro,medium
cp_492_dc76253261,cp_492_dc76253261_h1,¿Qué cambia realmente con repackage_idea?,question_hook,intro,low
cp_492_dc76253261,cp_492_dc76253261_h2,"Muchos simplifican repackage_idea, pero hay matices críticos.",contrast_hook,intro,medium
cp_492_dc76253261,cp_492_dc76253261_h3,Los datos recientes de repackage_idea muestran una señal accionable.,data_hook,intro,low
cp_492_dc76253261,cp_492_dc76253261_h4,Error común: ejecutar repackage_idea sin validar evidencia.,mistake_hook,middle,medium
cp_492_dc76253261,cp_492_dc76253261_h5,En este video saldrás con un plan claro sobre repackage_idea.,promise_hook,intro,low
cp_492_dc76253261,cp_492_dc76253261_h6,Hay un detalle de repackage_idea que cambia toda la decisión.,curiosity_hook,intro,medium
cp_495_72d1b25c27,cp_495_72d1b25c27_h1,¿Qué cambia realmente con repackage_idea?,question_hook,intro,low
cp_495_72d1b25c27,cp_495_72d1b25c27_h2,"Muchos simplifican repackage_idea, pero hay matices críticos.",contrast_hook,intro,medium
cp_495_72d1b25c27,cp_495_72d1b25c27_h3,Los datos recientes de repackage_idea muestran una señal accionable.,data_hook,intro,low
cp_495_72d1b25c27,cp_495_72d1b25c27_h4,Error común: ejecutar repackage_idea sin validar evidencia.,mistake_hook,middle,medium
cp_495_72d1b25c27,cp_495_72d1b25c27_h5,En este video saldrás con un plan claro sobre repackage_idea.,promise_hook,intro,low
cp_495_72d1b25c27,cp_495_72d1b25c27_h6,Hay un detalle de repackage_idea que cambia toda la decisión.,curiosity_hook,intro,medium
cp_496_3813cb9aa8,cp_496_3813cb9aa8_h1,¿Qué cambia realmente con repackage_idea?,question_hook,intro,low
cp_496_3813cb9aa8,cp_496_3813cb9aa8_h2,"Muchos simplifican repackage_idea, pero hay matices críticos.",contrast_hook,intro,medium
cp_496_3813cb9aa8,cp_496_3813cb9aa8_h3,Los datos recientes de repackage_idea muestran una señal accionable.,data_hook,intro,low
cp_496_3813cb9aa8,cp_496_3813cb9aa8_h4,Error común: ejecutar repackage_idea sin validar evidencia.,mistake_hook,middle,medium
cp_496_3813cb9aa8,cp_496_3813cb9aa8_h5,En este video saldrás con un plan claro sobre repackage_idea.,promise_hook,intro,low
cp_496_3813cb9aa8,cp_496_3813cb9aa8_h6,Hay un detalle de repackage_idea que cambia toda la decisión.,curiosity_hook,intro,medium
cp_497_747c14c505,cp_497_747c14c505_h1,¿Qué cambia realmente con repackage_idea?,question_hook,intro,low
cp_497_747c14c505,cp_497_747c14c505_h2,"Muchos simplifican repackage_idea, pero hay matices críticos.",contrast_hook,intro,medium
cp_497_747c14c505,cp_497_747c14c505_h3,Los datos recientes de repackage_idea muestran una señal accionable.,data_hook,intro,low
cp_497_747c14c505,cp_497_747c14c505_h4,Error común: ejecutar repackage_idea sin validar evidencia.,mistake_hook,middle,medium
cp_497_747c14c505,cp_497_747c14c505_h5,En este video saldrás con un plan claro sobre repackage_idea.,promise_hook,intro,low
cp_497_747c14c505,cp_497_747c14c505_h6,Hay un detalle de repackage_idea que cambia toda la decisión.,curiosity_hook,intro,medium
cp_500_97db751202,cp_500_97db751202_h1,¿Qué cambia realmente con repackage_idea?,question_hook,intro,low
cp_500_97db751202,cp_500_97db751202_h2,"Muchos simplifican repackage_idea, pero hay matices críticos.",contrast_hook,intro,medium
cp_500_97db751202,cp_500_97db751202_h3,Los datos recientes de repackage_idea muestran una señal accionable.,data_hook,intro,low
cp_500_97db751202,cp_500_97db751202_h4,Error común: ejecutar repackage_idea sin validar evidencia.,mistake_hook,middle,medium
cp_500_97db751202,cp_500_97db751202_h5,En este video saldrás con un plan claro sobre repackage_idea.,promise_hook,intro,low
cp_500_97db751202,cp_500_97db751202_h6,Hay un detalle de repackage_idea que cambia toda la decisión.,curiosity_hook,intro,medium
cp_501_7877ed4762,cp_501_7877ed4762_h1,¿Qué cambia realmente con repackage_idea?,question_hook,intro,low
cp_501_7877ed4762,cp_501_7877ed4762_h2,"Muchos simplifican repackage_idea, pero hay matices críticos.",contrast_hook,intro,medium
cp_501_7877ed4762,cp_501_7877ed4762_h3,Los datos recientes de repackage_idea muestran una señal accionable.,data_hook,intro,low
cp_501_7877ed4762,cp_501_7877ed4762_h4,Error común: ejecutar repackage_idea sin validar evidencia.,mistake_hook,middle,medium
cp_501_7877ed4762,cp_501_7877ed4762_h5,En este video saldrás con un plan claro sobre repackage_idea.,promise_hook,intro,low
cp_501_7877ed4762,cp_501_7877ed4762_h6,Hay un detalle de repackage_idea que cambia toda la decisión.,curiosity_hook,intro,medium
cp_502_7b08d33563,cp_502_7b08d33563_h1,¿Qué cambia realmente con repackage_idea?,question_hook,intro,low
cp_502_7b08d33563,cp_502_7b08d33563_h2,"Muchos simplifican repackage_idea, pero hay matices críticos.",contrast_hook,intro,medium
cp_502_7b08d33563,cp_502_7b08d33563_h3,Los datos recientes de repackage_idea muestran una señal accionable.,data_hook,intro,low
cp_502_7b08d33563,cp_502_7b08d33563_h4,Error común: ejecutar repackage_idea sin validar evidencia.,mistake_hook,middle,medium
cp_502_7b08d33563,cp_502_7b08d33563_h5,En este video saldrás con un plan claro sobre repackage_idea.,promise_hook,intro,low
cp_502_7b08d33563,cp_502_7b08d33563_h6,Hay un detalle de repackage_idea que cambia toda la decisión.,curiosity_hook,intro,medium
cp_504_159fe3cb42,cp_504_159fe3cb42_h1,¿Qué cambia realmente con repackage_idea?,question_hook,intro,low
cp_504_159fe3cb42,cp_504_159fe3cb42_h2,"Muchos simplifican repackage_idea, pero hay matices críticos.",contrast_hook,intro,medium
cp_504_159fe3cb42,cp_504_159fe3cb42_h3,Los datos recientes de repackage_idea muestran una señal accionable.,data_hook,intro,low
cp_504_159fe3cb42,cp_504_159fe3cb42_h4,Error común: ejecutar repackage_idea sin validar evidencia.,mistake_hook,middle,medium
cp_504_159fe3cb42,cp_504_159fe3cb42_h5,En este video saldrás con un plan claro sobre repackage_idea.,promise_hook,intro,low
cp_504_159fe3cb42,cp_504_159fe3cb42_h6,Hay un detalle de repackage_idea que cambia toda la decisión.,curiosity_hook,intro,medium
cp_505_31ca256d3a,cp_505_31ca256d3a_h1,¿Qué cambia realmente con repackage_idea?,question_hook,intro,low
cp_505_31ca256d3a,cp_505_31ca256d3a_h2,"Muchos simplifican repackage_idea, pero hay matices críticos.",contrast_hook,intro,medium
cp_505_31ca256d3a,cp_505_31ca256d3a_h3,Los datos recientes de repackage_idea muestran una señal accionable.,data_hook,intro,low
cp_505_31ca256d3a,cp_505_31ca256d3a_h4,Error común: ejecutar repackage_idea sin validar evidencia.,mistake_hook,middle,medium
cp_505_31ca256d3a,cp_505_31ca256d3a_h5,En este video saldrás con un plan claro sobre repackage_idea.,promise_hook,intro,low
cp_505_31ca256d3a,cp_505_31ca256d3a_h6,Hay un detalle de repackage_idea que cambia toda la decisión.,curiosity_hook,intro,medium
cp_507_d4f822e78d,cp_507_d4f822e78d_h1,¿Qué cambia realmente con repackage_idea?,question_hook,intro,low
cp_507_d4f822e78d,cp_507_d4f822e78d_h2,"Muchos simplifican repackage_idea, pero hay matices críticos.",contrast_hook,intro,medium
cp_507_d4f822e78d,cp_507_d4f822e78d_h3,Los datos recientes de repackage_idea muestran una señal accionable.,data_hook,intro,low
cp_507_d4f822e78d,cp_507_d4f822e78d_h4,Error común: ejecutar repackage_idea sin validar evidencia.,mistake_hook,middle,medium
cp_507_d4f822e78d,cp_507_d4f822e78d_h5,En este video saldrás con un plan claro sobre repackage_idea.,promise_hook,intro,low
cp_507_d4f822e78d,cp_507_d4f822e78d_h6,Hay un detalle de repackage_idea que cambia toda la decisión.,curiosity_hook,intro,medium
cp_508_e9c2108801,cp_508_e9c2108801_h1,¿Qué cambia realmente con repackage_idea?,question_hook,intro,low
cp_508_e9c2108801,cp_508_e9c2108801_h2,"Muchos simplifican repackage_idea, pero hay matices críticos.",contrast_hook,intro,medium
cp_508_e9c2108801,cp_508_e9c2108801_h3,Los datos recientes de repackage_idea muestran una señal accionable.,data_hook,intro,low
cp_508_e9c2108801,cp_508_e9c2108801_h4,Error común: ejecutar repackage_idea sin validar evidencia.,mistake_hook,middle,medium
cp_508_e9c2108801,cp_508_e9c2108801_h5,En este video saldrás con un plan claro sobre repackage_idea.,promise_hook,intro,low
cp_508_e9c2108801,cp_508_e9c2108801_h6,Hay un detalle de repackage_idea que cambia toda la decisión.,curiosity_hook,intro,medium
cp_509_dcbad76c08,cp_509_dcbad76c08_h1,¿Qué cambia realmente con repackage_idea?,question_hook,intro,low
cp_509_dcbad76c08,cp_509_dcbad76c08_h2,"Muchos simplifican repackage_idea, pero hay matices críticos.",contrast_hook,intro,medium
cp_509_dcbad76c08,cp_509_dcbad76c08_h3,Los datos recientes de repackage_idea muestran una señal accionable.,data_hook,intro,low
cp_509_dcbad76c08,cp_509_dcbad76c08_h4,Error común: ejecutar repackage_idea sin validar evidencia.,mistake_hook,middle,medium
cp_509_dcbad76c08,cp_509_dcbad76c08_h5,En este video saldrás con un plan claro sobre repackage_idea.,promise_hook,intro,low
cp_509_dcbad76c08,cp_509_dcbad76c08_h6,Hay un detalle de repackage_idea que cambia toda la decisión.,curiosity_hook,intro,medium
cp_510_e90626499c,cp_510_e90626499c_h1,¿Qué cambia realmente con repackage_idea?,question_hook,intro,low
cp_510_e90626499c,cp_510_e90626499c_h2,"Muchos simplifican repackage_idea, pero hay matices críticos.",contrast_hook,intro,medium
cp_510_e90626499c,cp_510_e90626499c_h3,Los datos recientes de repackage_idea muestran una señal accionable.,data_hook,intro,low
cp_510_e90626499c,cp_510_e90626499c_h4,Error común: ejecutar repackage_idea sin validar evidencia.,mistake_hook,middle,medium
cp_510_e90626499c,cp_510_e90626499c_h5,En este video saldrás con un plan claro sobre repackage_idea.,promise_hook,intro,low
cp_510_e90626499c,cp_510_e90626499c_h6,Hay un detalle de repackage_idea que cambia toda la decisión.,curiosity_hook,intro,medium
cp_511_7465786747,cp_511_7465786747_h1,¿Qué cambia realmente con repackage_idea?,question_hook,intro,low
cp_511_7465786747,cp_511_7465786747_h2,"Muchos simplifican repackage_idea, pero hay matices críticos.",contrast_hook,intro,medium
cp_511_7465786747,cp_511_7465786747_h3,Los datos recientes de repackage_idea muestran una señal accionable.,data_hook,intro,low
cp_511_7465786747,cp_511_7465786747_h4,Error común: ejecutar repackage_idea sin validar evidencia.,mistake_hook,middle,medium
cp_511_7465786747,cp_511_7465786747_h5,En este video saldrás con un plan claro sobre repackage_idea.,promise_hook,intro,low
cp_511_7465786747,cp_511_7465786747_h6,Hay un detalle de repackage_idea que cambia toda la decisión.,curiosity_hook,intro,medium
cp_512_1c4a992311,cp_512_1c4a992311_h1,¿Qué cambia realmente con repackage_idea?,question_hook,intro,low
cp_512_1c4a992311,cp_512_1c4a992311_h2,"Muchos simplifican repackage_idea, pero hay matices críticos.",contrast_hook,intro,medium
cp_512_1c4a992311,cp_512_1c4a992311_h3,Los datos recientes de repackage_idea muestran una señal accionable.,data_hook,intro,low
cp_512_1c4a992311,cp_512_1c4a992311_h4,Error común: ejecutar repackage_idea sin validar evidencia.,mistake_hook,middle,medium
cp_512_1c4a992311,cp_512_1c4a992311_h5,En este video saldrás con un plan claro sobre repackage_idea.,promise_hook,intro,low
cp_512_1c4a992311,cp_512_1c4a992311_h6,Hay un detalle de repackage_idea que cambia toda la decisión.,curiosity_hook,intro,medium
cp_514_60b9ea4adf,cp_514_60b9ea4adf_h1,¿Qué cambia realmente con repackage_idea?,question_hook,intro,low
cp_514_60b9ea4adf,cp_514_60b9ea4adf_h2,"Muchos simplifican repackage_idea, pero hay matices críticos.",contrast_hook,intro,medium
cp_514_60b9ea4adf,cp_514_60b9ea4adf_h3,Los datos recientes de repackage_idea muestran una señal accionable.,data_hook,intro,low
cp_514_60b9ea4adf,cp_514_60b9ea4adf_h4,Error común: ejecutar repackage_idea sin validar evidencia.,mistake_hook,middle,medium
cp_514_60b9ea4adf,cp_514_60b9ea4adf_h5,En este video saldrás con un plan claro sobre repackage_idea.,promise_hook,intro,low
cp_514_60b9ea4adf,cp_514_60b9ea4adf_h6,Hay un detalle de repackage_idea que cambia toda la decisión.,curiosity_hook,intro,medium
cp_515_164bdaff58,cp_515_164bdaff58_h1,¿Qué cambia realmente con repackage_idea?,question_hook,intro,low
cp_515_164bdaff58,cp_515_164bdaff58_h2,"Muchos simplifican repackage_idea, pero hay matices críticos.",contrast_hook,intro,medium
cp_515_164bdaff58,cp_515_164bdaff58_h3,Los datos recientes de repackage_idea muestran una señal accionable.,data_hook,intro,low
cp_515_164bdaff58,cp_515_164bdaff58_h4,Error común: ejecutar repackage_idea sin validar evidencia.,mistake_hook,middle,medium
cp_515_164bdaff58,cp_515_164bdaff58_h5,En este video saldrás con un plan claro sobre repackage_idea.,promise_hook,intro,low
cp_515_164bdaff58,cp_515_164bdaff58_h6,Hay un detalle de repackage_idea que cambia toda la decisión.,curiosity_hook,intro,medium
cp_516_ba24a0df12,cp_516_ba24a0df12_h1,¿Qué cambia realmente con repackage_idea?,question_hook,intro,low
cp_516_ba24a0df12,cp_516_ba24a0df12_h2,"Muchos simplifican repackage_idea, pero hay matices críticos.",contrast_hook,intro,medium
cp_516_ba24a0df12,cp_516_ba24a0df12_h3,Los datos recientes de repackage_idea muestran una señal accionable.,data_hook,intro,low
cp_516_ba24a0df12,cp_516_ba24a0df12_h4,Error común: ejecutar repackage_idea sin validar evidencia.,mistake_hook,middle,medium
cp_516_ba24a0df12,cp_516_ba24a0df12_h5,En este video saldrás con un plan claro sobre repackage_idea.,promise_hook,intro,low
cp_516_ba24a0df12,cp_516_ba24a0df12_h6,Hay un detalle de repackage_idea que cambia toda la decisión.,curiosity_hook,intro,medium
cp_517_ea2a0c2204,cp_517_ea2a0c2204_h1,¿Qué cambia realmente con repackage_idea?,question_hook,intro,low
cp_517_ea2a0c2204,cp_517_ea2a0c2204_h2,"Muchos simplifican repackage_idea, pero hay matices críticos.",contrast_hook,intro,medium
cp_517_ea2a0c2204,cp_517_ea2a0c2204_h3,Los datos recientes de repackage_idea muestran una señal accionable.,data_hook,intro,low
cp_517_ea2a0c2204,cp_517_ea2a0c2204_h4,Error común: ejecutar repackage_idea sin validar evidencia.,mistake_hook,middle,medium
cp_517_ea2a0c2204,cp_517_ea2a0c2204_h5,En este video saldrás con un plan claro sobre repackage_idea.,promise_hook,intro,low
cp_517_ea2a0c2204,cp_517_ea2a0c2204_h6,Hay un detalle de repackage_idea que cambia toda la decisión.,curiosity_hook,intro,medium
cp_518_2ddd9bb9db,cp_518_2ddd9bb9db_h1,¿Qué cambia realmente con repackage_idea?,question_hook,intro,low
cp_518_2ddd9bb9db,cp_518_2ddd9bb9db_h2,"Muchos simplifican repackage_idea, pero hay matices críticos.",contrast_hook,intro,medium
cp_518_2ddd9bb9db,cp_518_2ddd9bb9db_h3,Los datos recientes de repackage_idea muestran una señal accionable.,data_hook,intro,low
cp_518_2ddd9bb9db,cp_518_2ddd9bb9db_h4,Error común: ejecutar repackage_idea sin validar evidencia.,mistake_hook,middle,medium
cp_518_2ddd9bb9db,cp_518_2ddd9bb9db_h5,En este video saldrás con un plan claro sobre repackage_idea.,promise_hook,intro,low
cp_518_2ddd9bb9db,cp_518_2ddd9bb9db_h6,Hay un detalle de repackage_idea que cambia toda la decisión.,curiosity_hook,intro,medium
cp_519_214c4c4710,cp_519_214c4c4710_h1,¿Qué cambia realmente con repackage_idea?,question_hook,intro,low
cp_519_214c4c4710,cp_519_214c4c4710_h2,"Muchos simplifican repackage_idea, pero hay matices críticos.",contrast_hook,intro,medium
cp_519_214c4c4710,cp_519_214c4c4710_h3,Los datos recientes de repackage_idea muestran una señal accionable.,data_hook,intro,low
cp_519_214c4c4710,cp_519_214c4c4710_h4,Error común: ejecutar repackage_idea sin validar evidencia.,mistake_hook,middle,medium
cp_519_214c4c4710,cp_519_214c4c4710_h5,En este video saldrás con un plan claro sobre repackage_idea.,promise_hook,intro,low
cp_519_214c4c4710,cp_519_214c4c4710_h6,Hay un detalle de repackage_idea que cambia toda la decisión.,curiosity_hook,intro,medium
cp_520_c90e38e2ae,cp_520_c90e38e2ae_h1,¿Qué cambia realmente con repackage_idea?,question_hook,intro,low
cp_520_c90e38e2ae,cp_520_c90e38e2ae_h2,"Muchos simplifican repackage_idea, pero hay matices críticos.",contrast_hook,intro,medium
cp_520_c90e38e2ae,cp_520_c90e38e2ae_h3,Los datos recientes de repackage_idea muestran una señal accionable.,data_hook,intro,low
cp_520_c90e38e2ae,cp_520_c90e38e2ae_h4,Error común: ejecutar repackage_idea sin validar evidencia.,mistake_hook,middle,medium
cp_520_c90e38e2ae,cp_520_c90e38e2ae_h5,En este video saldrás con un plan claro sobre repackage_idea.,promise_hook,intro,low
cp_520_c90e38e2ae,cp_520_c90e38e2ae_h6,Hay un detalle de repackage_idea que cambia toda la decisión.,curiosity_hook,intro,medium
cp_521_94863dc3ec,cp_521_94863dc3ec_h1,¿Qué cambia realmente con repackage_idea?,question_hook,intro,low
cp_521_94863dc3ec,cp_521_94863dc3ec_h2,"Muchos simplifican repackage_idea, pero hay matices críticos.",contrast_hook,intro,medium
cp_521_94863dc3ec,cp_521_94863dc3ec_h3,Los datos recientes de repackage_idea muestran una señal accionable.,data_hook,intro,low
cp_521_94863dc3ec,cp_521_94863dc3ec_h4,Error común: ejecutar repackage_idea sin validar evidencia.,mistake_hook,middle,medium
cp_521_94863dc3ec,cp_521_94863dc3ec_h5,En este video saldrás con un plan claro sobre repackage_idea.,promise_hook,intro,low
cp_521_94863dc3ec,cp_521_94863dc3ec_h6,Hay un detalle de repackage_idea que cambia toda la decisión.,curiosity_hook,intro,medium
cp_522_cbc8a946af,cp_522_cbc8a946af_h1,¿Qué cambia realmente con repackage_idea?,question_hook,intro,low
cp_522_cbc8a946af,cp_522_cbc8a946af_h2,"Muchos simplifican repackage_idea, pero hay matices críticos.",contrast_hook,intro,medium
cp_522_cbc8a946af,cp_522_cbc8a946af_h3,Los datos recientes de repackage_idea muestran una señal accionable.,data_hook,intro,low
cp_522_cbc8a946af,cp_522_cbc8a946af_h4,Error común: ejecutar repackage_idea sin validar evidencia.,mistake_hook,middle,medium
cp_522_cbc8a946af,cp_522_cbc8a946af_h5,En este video saldrás con un plan claro sobre repackage_idea.,promise_hook,intro,low
cp_522_cbc8a946af,cp_522_cbc8a946af_h6,Hay un detalle de repackage_idea que cambia toda la decisión.,curiosity_hook,intro,medium
cp_523_57be1fc3c7,cp_523_57be1fc3c7_h1,¿Qué cambia realmente con repackage_idea?,question_hook,intro,low
cp_523_57be1fc3c7,cp_523_57be1fc3c7_h2,"Muchos simplifican repackage_idea, pero hay matices críticos.",contrast_hook,intro,medium
cp_523_57be1fc3c7,cp_523_57be1fc3c7_h3,Los datos recientes de repackage_idea muestran una señal accionable.,data_hook,intro,low
cp_523_57be1fc3c7,cp_523_57be1fc3c7_h4,Error común: ejecutar repackage_idea sin validar evidencia.,mistake_hook,middle,medium
cp_523_57be1fc3c7,cp_523_57be1fc3c7_h5,En este video saldrás con un plan claro sobre repackage_idea.,promise_hook,intro,low
cp_523_57be1fc3c7,cp_523_57be1fc3c7_h6,Hay un detalle de repackage_idea que cambia toda la decisión.,curiosity_hook,intro,medium
cp_524_8590a95fcf,cp_524_8590a95fcf_h1,¿Qué cambia realmente con repackage_idea?,question_hook,intro,low
cp_524_8590a95fcf,cp_524_8590a95fcf_h2,"Muchos simplifican repackage_idea, pero hay matices críticos.",contrast_hook,intro,medium
cp_524_8590a95fcf,cp_524_8590a95fcf_h3,Los datos recientes de repackage_idea muestran una señal accionable.,data_hook,intro,low
cp_524_8590a95fcf,cp_524_8590a95fcf_h4,Error común: ejecutar repackage_idea sin validar evidencia.,mistake_hook,middle,medium
cp_524_8590a95fcf,cp_524_8590a95fcf_h5,En este video saldrás con un plan claro sobre repackage_idea.,promise_hook,intro,low
cp_524_8590a95fcf,cp_524_8590a95fcf_h6,Hay un detalle de repackage_idea que cambia toda la decisión.,curiosity_hook,intro,medium
