content_format,video_id,hybrid_decision_score,model_score_percentile,model_score,prediction_rank,decision_score,confidence_level
shorts,aPFgIju42u8,87.9903,97.4187,0.99851609,101,73.8478,high
shorts,ZTBuEaMeGAc,86.565,96.6959,0.997677,129,71.3687,high
shorts,BC-8hIZYenw,86.0185,96.3604,0.99735864,142,70.5057,high
shorts,hmsoe6odgqE,85.9394,99.7419,0.99999872,11,65.2356,medium
shorts,7DPssxxyuGw,85.7117,96.4378,0.99738768,139,69.6225,high
shorts,HxYnjRN1LjQ,84.39,90.3201,0.98767326,376,75.4949,high
shorts,G0oejlJHcuI,83.4479,91.0945,0.98932742,346,71.9779,high
shorts,R1PQ1W9-oM0,83.3975,88.3325,0.98262746,453,75.9949,high
shorts,VhGLa0s_5MI,83.353,85.0542,0.97120082,580,80.8012,high
shorts,A_TI_Wct288,83.1993,99.9742,1.0,2,58.037,medium
shorts,QAkEMtJpq3c,82.0957,100.0,1.0,1,55.2392,medium
shorts,OjSXLE0HDHE,79.5181,84.2798,0.96657586,610,72.3755,high
shorts,xOvp3MvVJFk,78.5758,82.9375,0.95901901,662,72.0333,high
shorts,3UW3HIfih5Y,76.2138,89.778,0.98618885,397,55.8676,medium
shorts,N5_8SpjKN-c,74.884,89.4682,0.98552073,409,53.0076,high
shorts,0qRuUNFIYYQ,74.8308,87.7904,0.98110653,474,55.3914,high
shorts,294X5o83_Ic,74.3934,99.4321,0.99997036,23,36.8353,medium
shorts,Gi_fu4zyaqM,73.7664,86.7062,0.97778028,516,54.3568,medium
shorts,j1KoQc0Y-14,73.7331,85.1833,0.97142115,575,56.5579,high
shorts,U5HMT8ufJ5A,72.6583,83.6087,0.96326502,636,56.2326,high
shorts,-uu81xxqh8A,72.0962,84.1507,0.96638301,615,54.0145,high
shorts,1Bwc6QQjtj4,72.0099,78.2654,0.9155343,843,62.6266,high
shorts,ZEpGVJopXq4,71.7453,71.1668,0.82842253,1118,72.613,high
shorts,-jripWHy4sw,71.5509,81.6727,0.94946857,711,56.3682,medium
shorts,h1dHAGfrUOY,70.5915,83.3764,0.96170401,645,51.4142,high
shorts,chpVucSypz8,70.5786,77.8007,0.91224283,861,59.7455,high
shorts,5K-fFOEeKak,69.7556,81.8534,0.95069326,704,51.609,high
shorts,jOUqLqlw39E,69.3318,79.4528,0.92718433,797,54.1502,medium
shorts,gRKhAPSle7E,69.2617,77.7491,0.91209694,863,56.5307,high
shorts,KIL81oKLZTc,68.8677,66.6495,0.71432798,1293,72.1949,high
shorts,K9S3YgFZN9Y,68.5795,64.3521,0.63543668,1382,74.9206,high
shorts,qzRC_4JF-HY,68.5207,76.2261,0.89792707,922,56.9627,high
shorts,BJn_7CcVj2A,67.6082,79.3237,0.92621612,802,50.035,high
shorts,op8HMCB5JnQ,67.5762,76.7424,0.90360568,902,53.8268,medium
shorts,Ng9HzuDW2wQ,67.4097,77.4393,0.90919668,875,52.3652,high
shorts,LvJ_6RDGVfw,67.2107,78.8591,0.92234315,820,49.7382,high
shorts,afSMNOWDtmk,66.199,68.4047,0.76914853,1225,62.8905,high
shorts,SEpUIOjq3zc,66.1647,74.2901,0.87465695,997,53.9767,high
shorts,b6iCHIsZh8c,66.0609,75.7873,0.89280926,939,51.4712,high
shorts,zlkhwgCTypU,65.712,74.3934,0.87565842,993,52.6899,high
shorts,MFMzavO1oc8,65.5385,71.5798,0.8358175,1102,56.4766,high
shorts,VeAzoVBesnU,64.923,74.032,0.86963783,1007,51.2594,high
shorts,P15chMoBLcc,64.9138,72.1735,0.84404926,1079,54.0243,high
shorts,38xA_7ePYr8,64.3118,65.6686,0.68369569,1331,62.2766,high
shorts,SsMdZMkYKO4,64.0724,59.112,0.449474,1585,71.5131,high
shorts,36wddRFTVyU,64.0049,60.2736,0.49423791,1540,69.6018,high
shorts,jiQw7UXFmpI,63.7434,67.8885,0.75249166,1245,57.5258,high
shorts,LziXxw5CD10,63.704,60.6866,0.50461328,1524,68.23,high
shorts,MyIJYM4kByU,63.408,66.1848,0.70308321,1311,59.2427,high
shorts,Vr0NbgOuMWM,63.406,69.4373,0.78941016,1185,54.3591,high
shorts,Hr6GrXVMAFc,63.2425,73.5157,0.86238336,1027,47.8327,high
shorts,yBGbkp0vvi0,62.9297,62.0031,0.56242878,1473,64.3197,high
shorts,EevFV2CiLQI,62.9252,71.3991,0.83341991,1109,50.2143,high
shorts,TGfj4Bz4MQs,62.2484,59.7057,0.47465953,1562,66.0624,high
shorts,jAOmHqou0Ak,62.2301,60.6608,0.50414333,1525,64.5841,high
shorts,bR5z6YqqtI0,61.3439,67.5013,0.73841131,1260,52.1078,high
shorts,Jm57Up-8Z64,61.1766,64.8167,0.65041123,1364,55.7164,high
shorts,7DqXXtbjttY,61.0801,63.8875,0.62461008,1400,56.869,high
shorts,cH_ZScbZVEA,60.6001,45.9215,0.11617151,2096,82.618,high
shorts,z7yl3ycE8cQ,60.2578,62.2612,0.56830097,1463,57.2527,high
shorts,MVk5JDHD158,60.1889,57.3567,0.38640158,1653,64.4373,high
shorts,CrmjzFH9oUA,59.9794,62.984,0.59278602,1435,55.4724,high
shorts,hCuqh2NU2Yg,59.969,99.9484,1.0,3,0.0,
shorts,PJmv9cFz6bw,59.9536,99.9226,1.0,4,0.0,
shorts,G-gtlAc65-A,59.938,99.8967,0.99999993,5,0.0,
shorts,r76-5ddZREM,59.9225,99.8709,0.99999973,6,0.0,
shorts,j3Il0OW5Qhw,59.9071,99.8451,0.99999964,7,0.0,
shorts,dqpCvSU-ECE,59.8916,99.8193,0.9999996,8,0.0,
shorts,gNwzZxHjEOs,59.8761,99.7935,0.99999886,9,0.0,
shorts,e5ygohJrN0k,59.8724,56.3758,0.35450144,1691,65.1173,high
shorts,WgvMTuBZ_34,59.8606,99.7677,0.99999877,10,0.0,
shorts,WfvTaIkUku8,59.8297,99.7161,0.99999867,12,0.0,
shorts,QOuybTkQ8Sg,59.8141,99.6902,0.99999716,13,0.0,
shorts,fp77qbUJJbQ,59.7986,99.6644,0.9999959,14,0.0,
shorts,e_djjPDstF4,59.7832,99.6386,0.99999553,15,0.0,
shorts,C-nqRY6WLZQ,59.7677,99.6128,0.99999484,16,0.0,
shorts,W6qpKvWqOh8,59.7522,99.587,0.99999448,17,0.0,
shorts,V52uRy6jcLs,59.7367,99.5612,0.9999943,18,0.0,
shorts,HihlOQSBE_Y,59.7212,99.5354,0.99999418,19,0.0,
shorts,ODTY-1-DVyE,59.7058,99.5096,0.99999269,20,0.0,
shorts,uqPJpTzirJs,59.6902,99.4837,0.9999916,21,0.0,
shorts,Qqwn4rzZ-Dk,59.6747,99.4579,0.99998726,22,0.0,
shorts,CzuO_VH3lEc,59.6438,99.4063,0.99995491,24,0.0,
shorts,pNKYBp67ZO4,59.6283,99.3805,0.99994395,25,0.0,
shorts,odz3SZh8SW0,59.6163,55.2142,0.31562031,1736,66.2194,high
shorts,d06f3qGr5kk,59.6128,99.3547,0.99993342,26,0.0,
shorts,RiLQQgGR-0k,59.5973,99.3289,0.99991054,27,0.0,
shorts,pag8Ncc7AwQ,59.5818,99.303,0.99990694,28,0.0,
shorts,QUSaIk7EltQ,59.5663,99.2772,0.9999008,29,0.0,
shorts,ovGkbc1xJBE,59.5508,99.2514,0.99988499,30,0.0,
shorts,OlAIrZ6Wbg0,59.5354,99.2256,0.99987153,31,0.0,
shorts,fcb9sIG3yuI,59.5199,99.1998,0.9998668,32,0.0,
shorts,oGTO67JoZDQ,59.5044,99.174,0.99986202,33,0.0,
shorts,AP73EwBsx3c,59.4889,99.1482,0.99982537,34,0.0,
shorts,bXFwP3FK29Q,59.4801,62.7259,0.58446973,1445,54.6113,high
shorts,RGq6mAHR9u0,59.4734,99.1224,0.99981794,35,0.0,
shorts,xd_YgSbX9lE,59.4579,99.0965,0.99980196,36,0.0,
shorts,NbcOjP9Cm0I,59.4424,99.0707,0.99979424,37,0.0,
shorts,-wOQ2QVol0U,59.4269,99.0449,0.9997923,38,0.0,
shorts,Yztdy5_sdrk,59.4115,99.0191,0.99978217,39,0.0,
shorts,xxbkGphvnhY,59.396,98.9933,0.99976403,40,0.0,
shorts,nZ0flY52BCM,59.3805,98.9675,0.999752,41,0.0,
shorts,kye4J9IQhBE,59.365,98.9417,0.99975197,42,0.0,
shorts,oZRhSOWLVaU,59.3495,98.9158,0.99974113,43,0.0,
shorts,aEqsCOxrQ3Y,59.334,98.89,0.99969959,44,0.0,
shorts,ImG1BgHsqHk,59.3185,98.8642,0.99967553,45,0.0,
shorts,NnvIwG0S8WE,59.303,98.8384,0.99966859,46,0.0,
shorts,nSudd0nmSug,59.2876,98.8126,0.99959335,47,0.0,
shorts,buSliUsdoNs,59.2721,98.7868,0.99956315,48,0.0,
shorts,mS13Z_za4t0,59.2566,98.761,0.99950437,49,0.0,
shorts,8Gd4MRN1ZBI,59.2411,98.7352,0.99948811,50,0.0,
shorts,PpbrNXvx7QI,59.2256,98.7093,0.99942759,51,0.0,
shorts,IaUyu0zglSc,59.2101,98.6835,0.9993557,52,0.0,
shorts,i746lgqYpRI,59.1946,98.6577,0.99932444,53,0.0,
shorts,DMvBdhHCm4E,59.1791,98.6319,0.99932352,54,0.0,
shorts,vZoEDnrls5Q,59.1637,98.6061,0.99931748,55,0.0,
shorts,IF5QrYc0IA0,59.1482,98.5803,0.99928262,56,0.0,
shorts,9uyS40FPbfs,59.1327,98.5545,0.9992434,57,0.0,
shorts,p5JPGLcgdNg,59.1172,98.5287,0.99923467,58,0.0,
shorts,Gab74WWEIZQ,59.1017,98.5028,0.99922722,59,0.0,
shorts,w-rkrhwKSsM,59.0862,98.477,0.99922478,60,0.0,
shorts,0rsfEoiDcZU,59.0707,98.4512,0.99922343,61,0.0,
shorts,Z1MoI-YdUOA,59.0552,98.4254,0.999185,62,0.0,
shorts,6ZgsrOElm4w,59.0398,98.3996,0.99916711,63,0.0,
shorts,DXPg8l1OF50,59.0243,98.3738,0.9991563,64,0.0,
shorts,9T52VDkW2yM,59.0088,98.348,0.99913211,65,0.0,
shorts,FgMjsJpJ0Kw,58.9933,98.3221,0.99913069,66,0.0,
shorts,cEKgavUh3Wo,58.9778,98.2963,0.9991123,67,0.0,
shorts,U66yF4vW0m4,58.9654,65.1781,0.66330727,1350,49.6464,high
shorts,iGcWCmKMW_4,58.9623,98.2705,0.99909922,68,0.0,
shorts,ZACmnAcVQSI,58.9468,98.2447,0.99906709,69,0.0,
shorts,vqRnyKrXky0,58.9313,98.2189,0.9990573,70,0.0,
shorts,NGwptvfa5_g,58.9159,98.1931,0.9990044,71,0.0,
shorts,xO9ikc0YJo0,58.9004,98.1673,0.99899887,72,0.0,
shorts,7lCBKAxPsfs,58.8849,98.1415,0.99896491,73,0.0,
shorts,aJVHah_EAUs,58.8694,98.1156,0.99895111,74,0.0,
shorts,ynqvkxtdf-M,58.8539,98.0898,0.99891156,75,0.0,
shorts,mO4B4iHK2bE,58.8488,62.6226,0.58202927,1449,53.188,high
shorts,ngx0kkS1lr8,58.8384,98.064,0.99889925,76,0.0,
shorts,Nn7GtFvrrx8,58.8229,98.0382,0.99889382,77,0.0,
shorts,tJH_gXK_WBM,58.8074,98.0124,0.9988827,78,0.0,
shorts,G5UIKS7igJ0,58.792,97.9866,0.9988593,79,0.0,
shorts,fle9BtQX-yw,58.7765,97.9608,0.99884624,80,0.0,
shorts,d-UTn28SjVo,58.761,97.935,0.99883773,81,0.0,
shorts,Bmt8-KsdMkA,58.7455,97.9091,0.99882555,82,0.0,
shorts,0gYpF6XxKZ8,58.73,97.8833,0.9988047,83,0.0,
shorts,mkYeITacS2A,58.7145,97.8575,0.99879407,84,0.0,
shorts,9LBEpOTIjOo,58.699,97.8317,0.99878398,85,0.0,
shorts,aatps-GayQ0,58.6835,97.8059,0.99873294,86,0.0,
shorts,Yz8bN2FwFt8,58.6681,97.7801,0.99871876,87,0.0,
shorts,KXyMxkcgTxM,58.6526,97.7543,0.99867157,88,0.0,
shorts,OCqIdRvNnCA,58.637,97.7284,0.99865555,89,0.0,
shorts,YwRtlXsoe-o,58.6216,97.7026,0.99865358,90,0.0,
shorts,zZQEnwKWFsY,58.6093,52.6329,0.24599287,1836,67.5739,high
shorts,m_2tyAhBzFY,58.6061,97.6768,0.99864219,91,0.0,
shorts,_A4WI_nsO4U,58.5906,97.651,0.99863644,92,0.0,
shorts,uDi8fXq0keY,58.5751,97.6252,0.99862719,93,0.0,
shorts,PbP0BM-UJYQ,58.572,53.0976,0.25477008,1818,66.7835,high
shorts,lXVmm9BfwtE,58.5596,97.5994,0.99862442,94,0.0,
shorts,xc5xmlH8gZw,58.5442,97.5736,0.99862266,95,0.0,
shorts,VIE2Ri2DQJg,58.5287,97.5478,0.99862107,96,0.0,
shorts,kV9ufjuiyLE,58.5186,51.0842,0.2131701,1896,69.6702,high
shorts,tz9x_JbuqU8,58.5131,97.5219,0.99860854,97,0.0,
shorts,FHH5soWiHVM,58.4977,97.4961,0.99857328,98,0.0,
shorts,OVirjiv9vTg,58.4822,97.4703,0.99856262,99,0.0,
shorts,TLN0WATCdm4,58.4667,97.4445,0.99853069,100,0.0,
shorts,U1eDLXbw_eU,58.4357,97.3929,0.99843485,102,0.0,
shorts,66o9t8TEUt0,58.4203,97.3671,0.99841219,103,0.0,
shorts,AVvymScYq0Y,58.4047,97.3412,0.99833839,104,0.0,
shorts,n5KzxmECXf4,58.3892,97.3154,0.99826774,105,0.0,
shorts,QwIPp89-5Nw,58.3738,97.2896,0.99820308,106,0.0,
shorts,W-yQR-BIa_E,58.3583,97.2638,0.99819989,107,0.0,
shorts,lrLBxw0YHZ8,58.3428,97.238,0.99817182,108,0.0,
shorts,XD0WiNlVPZg,58.3273,97.2122,0.99817105,109,0.0,
shorts,_gPWhdMUMA8,58.3118,97.1864,0.99816331,110,0.0,
shorts,oqerq-rVfuE,58.2964,97.1606,0.99813178,111,0.0,
shorts,aMMwWUNM4-o,58.2882,52.8394,0.24985671,1828,66.4615,high
shorts,Df2pZ6n0UZA,58.2808,97.1347,0.99812686,112,0.0,
shorts,kPOpd81QHYM,58.2653,97.1089,0.99811104,113,0.0,
shorts,L8BkLkDtThU,58.2499,97.0831,0.99808433,114,0.0,
shorts,aftVKajTC8M,58.2344,97.0573,0.99804595,115,0.0,
shorts,mWS0bIoqBcA,58.2189,97.0315,0.99802557,116,0.0,
shorts,dFFcJBHuRcQ,58.21,58.3376,0.42720498,1615,58.0185,high
shorts,DPw9JS4YIG8,58.2034,97.0057,0.99799905,117,0.0,
shorts,d5e6YIVxGfU,58.1879,96.9799,0.9979714,118,0.0,
shorts,JXbzY02jMZQ,58.1741,58.1311,0.41198065,1623,58.2387,high
shorts,xFecVd5DJkg,58.1725,96.9541,0.99795742,119,0.0,
shorts,7bq_N-LMGdY,58.1617,61.1771,0.52815965,1505,53.6387,high
shorts,u2oWW3R8cnQ,58.1569,96.9282,0.99791547,120,0.0,
shorts,n-3QQEiJKpg,58.1414,96.9024,0.9978979,121,0.0,
shorts,QWMFMravvws,58.1381,63.2421,0.60148283,1425,50.4821,high
shorts,CRBk9uu-etQ,58.126,96.8766,0.99786733,122,0.0,
shorts,U8xIBA9WVCs,58.1213,52.5039,0.24486244,1841,66.5475,high
shorts,VjcXNeQ8A_0,58.1211,41.6882,0.06416686,2260,82.7705,high
shorts,TMUk4XMK6pY,58.1105,96.8508,0.99781222,123,0.0,
shorts,PaumhmcemFA,58.095,96.825,0.99780916,124,0.0,
shorts,IzdD_sEw8Cs,58.0795,96.7992,0.99774445,125,0.0,
shorts,qKSaWrt7jZQ,58.064,96.7734,0.99772722,126,0.0,
shorts,O1beFdEQBOM,58.0485,96.7475,0.99770924,127,0.0,
shorts,iYIAGZ6wqiU,58.033,96.7217,0.99770734,128,0.0,
shorts,awWIPcFnVuU,58.0021,96.6701,0.99765701,130,0.0,
shorts,Xp9aYm9jiSc,57.9866,96.6443,0.99763999,131,0.0,
shorts,v1ZqDlAPw5Y,57.9711,96.6185,0.99763411,132,0.0,
shorts,Zq5SUS1hngk,57.966,52.8911,0.25030169,1826,65.5784,high
shorts,57y0Ls3bT70,57.9556,96.5927,0.99761223,133,0.0,
shorts,9xPBPNipU3Y,57.9401,96.5669,0.99754002,134,0.0,
shorts,BuKu3bf4MbI,57.925,62.1322,0.56627502,1468,51.6143,high
shorts,P3LWOgtDcp4,57.9246,96.541,0.99753423,135,0.0,
shorts,ZArYuXTCGOo,57.9091,96.5152,0.99749815,136,0.0,
shorts,2m72uCVigxw,57.8936,96.4894,0.99748039,137,0.0,
shorts,aQ1YCt8EAzc,57.8782,96.4636,0.9974024,138,0.0,
shorts,HtyVLX7aLuk,57.8472,96.412,0.9973734,140,0.0,
shorts,0b8SzBd-oKg,57.8317,96.3862,0.99736781,141,0.0,
shorts,2GtpQV7raZQ,57.8164,56.0661,0.34392513,1703,60.4418,high
shorts,VfCLkbFViRI,57.8007,96.3345,0.99732908,143,0.0,
shorts,P1HnByWNyiI,57.7852,96.3087,0.99727149,144,0.0,
shorts,K5yJobNciYQ,57.7697,96.2829,0.99725672,145,0.0,
shorts,wx5a_iHakZ4,57.7624,51.0067,0.21172769,1899,67.896,high
shorts,uIcth4jt5yQ,57.7543,96.2571,0.99725376,146,0.0,
shorts,sROrtYXjSYk,57.7388,96.2313,0.99722769,147,0.0,
shorts,xjMo5PVgqC0,57.7233,96.2055,0.99722218,148,0.0,
shorts,E8JzP6i6wVE,57.7078,96.1797,0.99722072,149,0.0,
shorts,QwfNhuNmRiQ,57.6923,96.1538,0.9971929,150,0.0,
shorts,i1EHe6onPGM,57.6876,52.0909,0.23737309,1857,66.0826,high
shorts,hj2qFg_PQD4,57.6768,96.128,0.99714575,151,0.0,
shorts,XRgk-lD9uxY,57.6613,96.1022,0.99714422,152,0.0,
shorts,Me7QhGJ3Hxs,57.6458,96.0764,0.99711946,153,0.0,
shorts,QmvF6lnIc6U,57.639,50.5421,0.20231532,1917,68.2844,high
shorts,20Ki6J1ZJ3A,57.6304,96.0506,0.99711927,154,0.0,
shorts,piC1Bft6TrI,57.6149,96.0248,0.99710358,155,0.0,
shorts,3eMutucaRqY,57.5994,95.999,0.99710089,156,0.0,
shorts,utbKb-p5TFE,57.5839,95.9732,0.99702856,157,0.0,
shorts,1PRB6tM3O0I,57.5684,95.9473,0.99696008,158,0.0,
shorts,gvtyxNBQ9aA,57.5529,95.9215,0.9969451,159,0.0,
shorts,US_SZPuqwU4,57.5374,95.8957,0.99688695,160,0.0,
shorts,_WGfdNhREAU,57.5219,95.8699,0.99687315,161,0.0,
shorts,zlcYOWYO6oA,57.5065,95.8441,0.99685052,162,0.0,
shorts,YO-krwhkJUI,57.491,95.8183,0.99682335,163,0.0,
shorts,w_8ZCACfnTM,57.4755,95.7925,0.99680887,164,0.0,
shorts,iG9W1q7Gu8Y,57.46,95.7666,0.99680579,165,0.0,
shorts,-NNuRsNtIHg,57.4445,95.7408,0.9967956,166,0.0,
shorts,aF7EFn9zxsk,57.429,95.715,0.99677799,167,0.0,
shorts,8VTt-23E9dA,57.4209,56.0403,0.34129781,1704,59.4917,high
shorts,5E-BRRLJG-o,57.4135,95.6892,0.99676269,168,0.0,
shorts,BN50TqPmvLc,57.398,95.6634,0.99667616,169,0.0,
shorts,Kl6kNj8smiM,57.3826,95.6376,0.99666989,170,0.0,
shorts,LQqiD5i1Gpo,57.3671,95.6118,0.99663631,171,0.0,
shorts,Ip90q77Qtzg,57.3516,95.586,0.9966216,172,0.0,
shorts,0qg6bT6n_LA,57.3361,95.5601,0.99661442,173,0.0,
shorts,Ifnv1Flwbdc,57.3206,95.5343,0.99659317,174,0.0,
shorts,sycgw7RxOhM,57.3051,95.5085,0.99657443,175,0.0,
shorts,uvGuZV8p1sU,57.2896,95.4827,0.99655037,176,0.0,
shorts,0nd-ffj3Iyo,57.2741,95.4569,0.99652428,177,0.0,
shorts,dnwtVWuLBL0,57.2587,95.4311,0.9965242,178,0.0,
shorts,Tc8n1djAKnA,57.2432,95.4053,0.99651102,179,0.0,
shorts,v1HaeSCvIXw,57.2277,95.3795,0.99649853,180,0.0,
shorts,_PbtgW3XLWc,57.2122,95.3536,0.99647579,181,0.0,
shorts,sE63KJS4XvA,57.1967,95.3278,0.99645444,182,0.0,
shorts,mZWbkcCvirQ,57.1812,95.302,0.99645261,183,0.0,
shorts,KX6KmCcbcyk,57.1657,95.2762,0.99637237,184,0.0,
shorts,_0TnbeGTcEc,57.1502,95.2504,0.99633403,185,0.0,
shorts,PZaPxdnFPaA,57.1348,95.2246,0.99630785,186,0.0,
shorts,6WdNQboEmi0,57.1193,95.1988,0.99620938,187,0.0,
shorts,KEp5oyeS6wA,57.1037,95.1729,0.99617794,188,0.0,
shorts,BXU1TPC6MHs,57.0883,95.1471,0.99617415,189,0.0,
shorts,FUWx-9KF3M8,57.0728,95.1213,0.99616721,190,0.0,
shorts,kMXcFckJCWY,57.0573,95.0955,0.99612448,191,0.0,
shorts,oZu9qirbQA8,57.0418,95.0697,0.99608317,192,0.0,
shorts,vrGTLn9WHbs,57.0263,95.0439,0.99591733,193,0.0,
shorts,mkVMNP6-F7E,57.0109,95.0181,0.99590272,194,0.0,
shorts,z4h2OSxmQr8,56.9994,48.477,0.15928606,1997,69.7831,high
shorts,RvthvDiwD1s,56.9954,94.9923,0.99587287,195,0.0,
shorts,zjMTViibNiE,56.9798,94.9664,0.99577919,196,0.0,
shorts,QFZsM759PFg,56.9644,94.9406,0.99575462,197,0.0,
shorts,YV809R2NV7s,56.9489,94.9148,0.99572427,198,0.0,
shorts,O9fPCxXsMOY,56.9334,94.889,0.99570163,199,0.0,
shorts,KGW-0oKDoIg,56.9179,94.8632,0.99568797,200,0.0,
shorts,4M6U8lrivk0,56.9024,94.8374,0.99566443,201,0.0,
shorts,YYQBxSCsCWs,56.887,94.8116,0.99564492,202,0.0,
shorts,xIy3Ch58_Hc,56.8715,94.7858,0.99563271,203,0.0,
shorts,lK_YLHiIqdc,56.858,46.7992,0.12905033,2062,71.9462,high
shorts,-vhmvlcRTXs,56.8559,94.7599,0.99553173,204,0.0,
shorts,0enaN0iigmg,56.8405,94.7341,0.99548576,205,0.0,
shorts,5VXu4nmx6Mo,56.825,94.7083,0.99546518,206,0.0,
shorts,sbBtwJWmf_s,56.8095,94.6825,0.99546463,207,0.0,
shorts,tZjLTRwSGig,56.794,94.6567,0.99539591,208,0.0,
shorts,OaVIV4GBcok,56.7785,94.6309,0.99537939,209,0.0,
shorts,cLzvUVY6TxI,56.7631,94.6051,0.99530456,210,0.0,
shorts,VtcsQ0xQ9DA,56.7475,94.5792,0.99525555,211,0.0,
shorts,eYu3KWvhtOY,56.732,94.5534,0.99525404,212,0.0,
shorts,xskMnb6Z9kY,56.7166,94.5276,0.99521521,213,0.0,
shorts,I8poL_Uxv8I,56.7011,94.5018,0.99521422,214,0.0,
shorts,MqYHM5S4ZNI,56.6856,94.476,0.99519279,215,0.0,
shorts,P0b0dUu2G4I,56.6701,94.4502,0.99518949,216,0.0,
shorts,Beg011pZnsI,56.6546,94.4244,0.99517712,217,0.0,
shorts,XxiYa7WM0fU,56.6392,94.3986,0.99515117,218,0.0,
shorts,lVXqoJZ6634,56.6236,94.3727,0.99505435,219,0.0,
shorts,2ln3wR9wymI,56.6081,94.3469,0.99498864,220,0.0,
shorts,nBp_rKh84qI,56.5927,94.3211,0.99496069,221,0.0,
shorts,IKgRLIOKy6s,56.5772,94.2953,0.99485021,222,0.0,
shorts,sbQbqvj5Uzo,56.5617,94.2695,0.99478815,223,0.0,
shorts,9YcuYyUZQGs,56.5537,55.7047,0.33316323,1717,57.8272,high
shorts,wA0bqop6ueA,56.5462,94.2437,0.99475624,224,0.0,
shorts,8-GjRTsZPWw,56.5449,58.5441,0.4313148,1607,53.5461,high
shorts,9u69KSmLvPY,56.5307,94.2179,0.99475124,225,0.0,
shorts,pRCDOPkT5-4,56.5152,94.192,0.99469796,226,0.0,
shorts,B0AUzVl9sxs,56.4997,94.1662,0.99467995,227,0.0,
shorts,Oc8dAcdejYo,56.4842,94.1404,0.99465463,228,0.0,
shorts,mywrcD69vMw,56.4688,94.1146,0.99462934,229,0.0,
shorts,YLs5HhVC9kw,56.4533,94.0888,0.99461846,230,0.0,
shorts,n9_ID5BzbT4,56.4378,94.063,0.99460625,231,0.0,
shorts,cuX99-KtPHw,56.4223,94.0372,0.99459917,232,0.0,
shorts,buWYPADUjI8,56.4192,59.0862,0.44872964,1586,52.4187,high
shorts,84WA812hUsk,56.4068,94.0114,0.99453297,233,0.0,
shorts,f6msTAJpzdI,56.3913,93.9855,0.99447728,234,0.0,
shorts,Bb7r5KyQCv8,56.3758,93.9597,0.99443297,235,0.0,
shorts,PclcINwgvUI,56.3603,93.9339,0.9944205,236,0.0,
shorts,Vsa4DmH9_6c,56.3449,93.9081,0.99441493,237,0.0,
shorts,H-1ixeKFT_A,56.3294,93.8823,0.99437476,238,0.0,
shorts,b20D8RF0IL4,56.3139,93.8565,0.99434332,239,0.0,
shorts,TlBYGFQ4kGo,56.2984,93.8307,0.99428831,240,0.0,
shorts,TfhJObkI1Io,56.2829,93.8049,0.99427923,241,0.0,
shorts,2-aIApcCDys,56.2674,93.779,0.99427349,242,0.0,
shorts,x9AnCHkMbqM,56.2519,93.7532,0.99423321,243,0.0,
shorts,peVvSLY0LzE,56.2364,93.7274,0.99419812,244,0.0,
shorts,Ux1bI8u_Kz0,56.221,93.7016,0.99419502,245,0.0,
shorts,USHYZZPT8qM,56.2055,93.6758,0.99416054,246,0.0,
shorts,_15V1Wm32MI,56.2034,56.7372,0.3672216,1677,55.4027,high
shorts,Xq7pk4z4rlk,56.19,93.65,0.9941265,247,0.0,
shorts,WD_Z5-HdxS4,56.1745,93.6242,0.99412548,248,0.0,
shorts,Wr5ZSDzcMgs,56.159,93.5983,0.99405743,249,0.0,
shorts,z7BcO6nI0bs,56.1435,93.5725,0.99397223,250,0.0,
shorts,KgnWbLlDUmg,56.128,93.5467,0.99395227,251,0.0,
shorts,cWV1itVT93Y,56.1264,57.5116,0.39113136,1647,54.0485,high
shorts,PPV7B7OWnLo,56.1125,93.5209,0.99393824,252,0.0,
shorts,AS3d8us2-T8,56.0971,93.4951,0.99384093,253,0.0,
shorts,7Ph0Et_NbZg,56.0816,93.4693,0.9937392,254,0.0,
shorts,fOU5nW5QJQM,56.0661,93.4435,0.99363465,255,0.0,
shorts,2DPiA8pX-zk,56.0506,93.4177,0.99357383,256,0.0,
shorts,_w0Z6nqywZE,56.0351,93.3918,0.99356966,257,0.0,
shorts,Jn0vNECfMfc,56.0216,50.7744,0.20700046,1908,63.8925,high
shorts,5mKJxyVZ52U,56.0196,93.366,0.99347329,258,0.0,
shorts,uir--X4kYFM,56.0041,93.3402,0.99343368,259,0.0,
shorts,c6yACIv4PEU,55.9886,93.3144,0.99337278,260,0.0,
shorts,3MM6dHrMfeA,55.9732,93.2886,0.99333136,261,0.0,
shorts,unE54lfBBek,55.9577,93.2628,0.99331077,262,0.0,
shorts,KePyQAtahyA,55.9422,93.237,0.99323878,263,0.0,
shorts,51qrG7SI0GM,55.9267,93.2112,0.99322047,264,0.0,
shorts,100Rifac4jk,55.9112,93.1853,0.99320133,265,0.0,
shorts,wu1MC9IYIQ0,55.8957,93.1595,0.9931836,266,0.0,
shorts,J7MMiANx8vw,55.8802,93.1337,0.99315406,267,0.0,
shorts,nKFvCt-vp64,55.8647,93.1079,0.99313013,268,0.0,
shorts,5dBGvx9d2M0,55.8493,93.0821,0.99307038,269,0.0,
shorts,L_qkNZVqgRI,55.8338,93.0563,0.99306851,270,0.0,
shorts,kGGyPqVkXzw,55.8183,93.0305,0.99304326,271,0.0,
shorts,mbk9i99vhrQ,55.8028,93.0046,0.99303679,272,0.0,
shorts,YocKr8WhELQ,55.7873,92.9788,0.99302836,273,0.0,
shorts,nzqWGOmyEIo,55.7718,92.953,0.99296517,274,0.0,
shorts,mybDX5jDoZQ,55.7563,92.9272,0.99295945,275,0.0,
shorts,duaoczjLw3A,55.7408,92.9014,0.99289453,276,0.0,
shorts,k8j-6Xvw_G4,55.7254,92.8756,0.99287663,277,0.0,
shorts,bMNNXwLGM04,55.7099,92.8498,0.99284895,278,0.0,
shorts,1WxiUT1Zox8,55.6944,92.824,0.99283319,279,0.0,
shorts,_jmmbPIGvz4,55.6789,92.7981,0.9928312,280,0.0,
shorts,AI4kFGS8R98,55.6634,92.7723,0.99278726,281,0.0,
shorts,SxiP7kc1pIY,55.6479,92.7465,0.9926707,282,0.0,
shorts,Yold4XdATLk,55.6394,47.6252,0.13975952,2030,67.6606,high
shorts,lKDDobbvl0o,55.6324,92.7207,0.992656,283,0.0,
shorts,E8KH_g6aMsQ,55.6169,92.6949,0.99263566,284,0.0,
shorts,YdMylxdxrWk,55.6015,92.6691,0.99246002,285,0.0,
shorts,-3gkNMB0B84,55.5955,57.3826,0.38688473,1652,52.9148,high
shorts,mXFKM4jzR2A,55.586,92.6433,0.99243086,286,0.0,
shorts,jZVixFS9WlM,55.5704,92.6174,0.99224415,287,0.0,
shorts,Iznh6edBkco,55.555,92.5916,0.99219471,288,0.0,
shorts,6AEzVyzZYa0,55.5395,92.5658,0.99212207,289,0.0,
shorts,KcA4MloW4PA,55.524,92.54,0.99203736,290,0.0,
shorts,Cr7oGnSzmb4,55.5085,92.5142,0.991977,291,0.0,
shorts,tZAhTVn2Aas,55.4964,56.9179,0.37298254,1670,53.3642,high
shorts,9MMkpgDKm6M,55.493,92.4884,0.99195891,292,0.0,
shorts,_C0WxnxzhcI,55.4776,92.4626,0.99194174,293,0.0,
shorts,DD92j9P2p3s,55.4621,92.4368,0.99191591,294,0.0,
shorts,ziumOgyzz0o,55.4465,92.4109,0.9918645,295,0.0,
shorts,f5QmO_3rK00,55.4311,92.3851,0.99180559,296,0.0,
shorts,txTEwVlvx3I,55.4156,92.3593,0.99178044,297,0.0,
shorts,MhTw1sd52rk,55.4001,92.3335,0.99158615,298,0.0,
shorts,alIbruXtXho,55.3846,92.3077,0.99153816,299,0.0,
shorts,zGmXMWcr6Co,55.3699,54.5689,0.29766075,1761,56.5714,high
shorts,8fxgdGo1w-s,55.3691,92.2819,0.99150845,300,0.0,
shorts,Sb2catm6bnE,55.3537,92.2561,0.99150261,301,0.0,
shorts,_Lp0w5ZQees,55.3382,92.2303,0.99148637,302,0.0,
shorts,7u-ik5jxSFs,55.3226,92.2044,0.99147729,303,0.0,
shorts,twuREjUwTSM,55.3072,92.1786,0.99147728,304,0.0,
shorts,yZnzhPUYCV0,55.2917,92.1528,0.9914592,305,0.0,
shorts,w9zDCGB8Gx4,55.2762,92.127,0.99135095,306,0.0,
shorts,-K1kl2SsKA8,55.2607,92.1012,0.99131038,307,0.0,
shorts,meFzbtxOCdI,55.2452,92.0754,0.99128144,308,0.0,
shorts,uLlaHtmosRA,55.2298,92.0496,0.99119949,309,0.0,
shorts,5gvtrtQdrkI,55.2142,92.0237,0.99110825,310,0.0,
shorts,vUvePxpksHU,55.1987,91.9979,0.99105175,311,0.0,
shorts,AJysZCG46Vw,55.1893,52.1425,0.23786946,1855,59.7594,high
shorts,x9cW0AqikCM,55.1833,91.9721,0.9909746,312,0.0,
shorts,rPLW9JpioKo,55.1678,91.9463,0.99095915,313,0.0,
shorts,Jv_D2WMYSoU,55.1523,91.9205,0.99091102,314,0.0,
shorts,T8B5NNrCCYo,55.1368,91.8947,0.99079856,315,0.0,
shorts,irsWejGXJEk,55.1213,91.8689,0.99075981,316,0.0,
shorts,Omsh_iKXPBI,55.1059,91.8431,0.99075875,317,0.0,
shorts,dlLP6ThrC2o,55.0903,91.8172,0.99066957,318,0.0,
shorts,LXBrs77CHhE,55.0748,91.7914,0.99039504,319,0.0,
shorts,B_hpiBpMQoI,55.0594,91.7656,0.99033785,320,0.0,
shorts,XCl8XOIu5qY,55.0439,91.7398,0.99033592,321,0.0,
shorts,hkTEFNz-CeU,55.0284,91.714,0.99031139,322,0.0,
shorts,7Dm3jMdUeBo,55.0129,91.6882,0.99030047,323,0.0,
shorts,itvUvWFv8aY,54.9974,91.6624,0.99028232,324,0.0,
shorts,tT-5AciMHc8,54.982,91.6366,0.99025399,325,0.0,
shorts,SqEsqbsgo84,54.9664,91.6107,0.99019037,326,0.0,
shorts,aZeRWU_-514,54.9509,91.5849,0.9900956,327,0.0,
shorts,zAFPVEJCFLA,54.9355,91.5591,0.99007672,328,0.0,
shorts,3duWdYNv3yY,54.92,91.5333,0.9898915,329,0.0,
shorts,oI22AZb1zhw,54.9045,91.5075,0.98985685,330,0.0,
shorts,GIJyZ_ivOw8,54.889,91.4817,0.98984241,331,0.0,
shorts,QPWScf-86po,54.8735,91.4559,0.98969855,332,0.0,
shorts,phtAqvNgx1g,54.858,91.43,0.98969025,333,0.0,
shorts,_ShbYWpHa98,54.8425,91.4042,0.98963838,334,0.0,
shorts,jPR_PI5SV5c,54.827,91.3784,0.98962481,335,0.0,
shorts,0dlCWrqFoeM,54.8139,54.0785,0.28156085,1780,55.917,high
shorts,xKrJ76jwnJE,54.8116,91.3526,0.98960591,336,0.0,
shorts,D0CX2QmsaA0,54.7961,91.3268,0.98957316,337,0.0,
shorts,sgzGGhhZiHI,54.7806,91.301,0.98948609,338,0.0,
shorts,B9ocddyGfo8,54.7651,91.2752,0.98946748,339,0.0,
shorts,ENpSNPdFwLo,54.7496,91.2494,0.98943113,340,0.0,
shorts,X3kCgMfoCDY,54.7341,91.2235,0.98940459,341,0.0,
shorts,6DiYldLKhc8,54.7186,91.1977,0.98940435,342,0.0,
shorts,zeSxIpTTA44,54.7031,91.1719,0.98940264,343,0.0,
shorts,VDZQY9OnEIU,54.6877,91.1461,0.98936351,344,0.0,
shorts,LtrB3VNpa1I,54.6722,91.1203,0.98935645,345,0.0,
shorts,ezZ-7D64DLM,54.6412,91.0687,0.98931024,347,0.0,
shorts,74sknr8_lpQ,54.6257,91.0428,0.98916744,348,0.0,
shorts,InAd2V3IfxA,54.6102,91.017,0.9891523,349,0.0,
shorts,Mp55xJkHHKg,54.5947,90.9912,0.98909964,350,0.0,
shorts,WNwUJLajQ9g,54.5792,90.9654,0.98909725,351,0.0,
shorts,u97JbeRu8DU,54.5638,90.9396,0.98905738,352,0.0,
shorts,lRB_JQE5RHo,54.5483,90.9138,0.98902955,353,0.0,
shorts,jUIYDU8peJI,54.5328,90.888,0.98892094,354,0.0,
shorts,sRltmcB2Kbc,54.5173,90.8622,0.98883727,355,0.0,
shorts,j5VFwIDpTyY,54.509,48.9933,0.16994441,1977,62.7826,high
shorts,2cg5fjvpn6E,54.5045,52.762,0.24934729,1831,57.1182,high
shorts,SIaMLmEewX4,54.5018,90.8363,0.98882547,356,0.0,
shorts,qQ2Q0Byz8zg,54.4863,90.8105,0.98876577,357,0.0,
shorts,-0tv5_bKAaQ,54.4708,90.7847,0.98871327,358,0.0,
shorts,GBAXKF4myuk,54.4553,90.7589,0.98839764,359,0.0,
shorts,XywCvCfnN6o,54.4399,90.7331,0.98833439,360,0.0,
shorts,iBpxQpktHN4,54.4244,90.7073,0.98831915,361,0.0,
shorts,kWnx-bUjlsc,54.4089,90.6815,0.98822208,362,0.0,
shorts,OImI_WnXLUw,54.3934,90.6557,0.98818159,363,0.0,
shorts,Z1jIWKwoPGQ,54.3779,90.6298,0.98808465,364,0.0,
shorts,Jl_oeoPomxQ,54.3624,90.604,0.98808267,365,0.0,
shorts,g_aMEWuWE3A,54.3469,90.5782,0.98807536,366,0.0,
shorts,Viha0ehEu_I,54.3314,90.5524,0.98801107,367,0.0,
shorts,L1a-COFRN5E,54.316,90.5266,0.98800953,368,0.0,
shorts,CVIxal1gBBI,54.3005,90.5008,0.9879469,369,0.0,
shorts,duDgVfn1lCk,54.285,90.475,0.98790347,370,0.0,
shorts,d5lYxQjNcao,54.2695,90.4491,0.98785735,371,0.0,
shorts,Aen53ytTYqc,54.254,90.4233,0.98780682,372,0.0,
shorts,SphZqpyQR0w,54.2385,90.3975,0.98779989,373,0.0,
shorts,qI1r3TGu5s8,54.223,90.3717,0.98777532,374,0.0,
shorts,oZnUxsLlsZc,54.2075,90.3459,0.98769059,375,0.0,
shorts,EwfCnGnK88o,54.1826,54.1301,0.2827618,1778,54.2613,high
shorts,3oCv5tiRyfc,54.1766,90.2943,0.98757697,377,0.0,
shorts,oYzYAPNfnx0,54.1611,90.2685,0.98753113,378,0.0,
shorts,mXHhu_wVKNI,54.158,44.5534,0.09892582,2149,68.565,high
shorts,OW5bdsqRJI0,54.1456,90.2426,0.98751425,379,0.0,
shorts,ES5g3xzl32w,54.1301,90.2168,0.98739592,380,0.0,
shorts,vmRbevilfpU,54.1146,90.191,0.98737982,381,0.0,
shorts,p21gS-4c14M,54.1057,45.7408,0.11391827,2103,66.6531,high
shorts,FbZoKMtTOOc,54.0991,90.1652,0.98722763,382,0.0,
shorts,B3hwrASGkpY,54.0836,90.1394,0.98697082,383,0.0,
shorts,TYYw7pDjZiM,54.0682,90.1136,0.98695808,384,0.0,
shorts,YpNS3943cmM,54.0527,90.0878,0.98687991,385,0.0,
shorts,vbfV0KQ1u34,54.0372,90.062,0.98676156,386,0.0,
shorts,qdkP87qPLzE,54.0217,90.0361,0.98673974,387,0.0,
shorts,5GXM6fB1ZV0,54.0062,90.0103,0.98671913,388,0.0,
shorts,FEcrDwyg3kU,53.9907,89.9845,0.98665661,389,0.0,
shorts,PhI0bv3H0AA,53.9752,89.9587,0.98657544,390,0.0,
shorts,Qc11sIp3nR8,53.9597,89.9329,0.98652116,391,0.0,
shorts,jdB65ejsDjM,53.9443,89.9071,0.98648615,392,0.0,
shorts,_LCW_N8FwJg,53.9288,89.8813,0.98643729,393,0.0,
shorts,Mw9YNUq3dVs,53.9175,55.2401,0.31597997,1735,51.9337,high
shorts,_6RmQ1QgpdQ,53.9132,89.8554,0.98631526,394,0.0,
shorts,IvCP_hQdLEY,53.8978,89.8296,0.9862696,395,0.0,
shorts,E16O1bKGe10,53.8902,51.3939,0.21911661,1884,57.6346,high
shorts,H_3eAu8F0So,53.8823,89.8038,0.98620887,396,0.0,
shorts,Hk-ARbCTKzM,53.8513,89.7522,0.98616377,398,0.0,
shorts,jiQ5HtWo8QA,53.8358,89.7264,0.98616307,399,0.0,
shorts,hSvx5iHui3Y,53.8243,44.063,0.08942943,2168,68.4663,high
shorts,e4jIOCxDxEc,53.8204,89.7006,0.98609045,400,0.0,
shorts,oCiXciPoe7Y,53.8049,89.6748,0.9859938,401,0.0,
shorts,5CLWfBwZyOs,53.7893,89.6489,0.985983,402,0.0,
shorts,hw5pmG8vZEo,53.7739,89.6231,0.98572501,403,0.0,
shorts,2i4F-myBd-w,53.7584,89.5973,0.98570759,404,0.0,
shorts,SGSKPlQ9vpA,53.7552,55.808,0.33488658,1713,50.676,high
shorts,UncqiOQc4rI,53.7429,89.5715,0.98570439,405,0.0,
shorts,saS0GyzHfUk,53.7354,53.3557,0.26486827,1808,54.305,high
shorts,3e7rdaSAAz0,53.7274,89.5457,0.98564114,406,0.0,
shorts,cWFIs7GSzGc,53.7119,89.5199,0.98563165,407,0.0,
shorts,Bb_wRoqiBzY,53.6965,89.4941,0.98558607,408,0.0,
shorts,8wjPN6Bvi-k,53.6811,49.5612,0.1843527,1955,59.8609,high
shorts,HktnuhPWVAU,53.6654,89.4424,0.98536604,410,0.0,
shorts,4WtgGJt3-YE,53.65,89.4166,0.98535472,411,0.0,
shorts,2UuxYaZbAjo,53.6345,89.3908,0.98533595,412,0.0,
shorts,dWwtJiMxT_E,53.619,89.365,0.98532132,413,0.0,
shorts,opmScea_drU,53.6035,89.3392,0.98528423,414,0.0,
shorts,G0cracsU4vc,53.5905,54.5431,0.2972199,1762,52.1617,high
shorts,nmrIZ54PZoA,53.588,89.3134,0.9852527,415,0.0,
shorts,VMPo7rVkPPY,53.5726,89.2876,0.98522179,416,0.0,
shorts,Ih71-EbhGoo,53.557,89.2617,0.98520295,417,0.0,
shorts,MjWI_rWQL68,53.5415,89.2359,0.98518386,418,0.0,
shorts,jwkXWZKLpFk,53.5261,89.2101,0.98516281,419,0.0,
shorts,AZXgFlX_bTU,53.5126,48.064,0.14895764,2013,61.6855,high
shorts,l2W4fcCxuGc,53.5106,89.1843,0.98513645,420,0.0,
shorts,WOTUpoI2LQA,53.4951,89.1585,0.98482617,421,0.0,
shorts,0SJK2TDbWQ0,53.4796,89.1327,0.98479823,422,0.0,
shorts,QzAlB9Cjo9M,53.4668,44.3986,0.09763794,2155,67.0691,high
shorts,yXjeLUaLa4M,53.4641,89.1069,0.98474493,423,0.0,
shorts,n-gHF-bU97Q,53.4487,89.0811,0.98463398,424,0.0,
shorts,G9I2qfuXIIg,53.4331,89.0552,0.98458523,425,0.0,
shorts,NMXRP3a-TGA,53.4176,89.0294,0.98451935,426,0.0,
shorts,InhhnjLTeGY,53.4022,89.0036,0.98449776,427,0.0,
shorts,DqaOVqXkj5s,53.3867,88.9778,0.9844518,428,0.0,
shorts,kBEKA0NJj2s,53.3712,88.952,0.98432324,429,0.0,
shorts,NjJd3PlYNNc,53.3557,88.9262,0.98413292,430,0.0,
shorts,_ILM3_OJukE,53.3402,88.9004,0.98398104,431,0.0,
shorts,KpUycVAiDSM,53.3247,88.8745,0.98369226,432,0.0,
shorts,q20u97FFQLg,53.3146,44.2695,0.09439849,2160,66.8822,high
shorts,GaveEZKnHdg,53.3092,88.8487,0.98366209,433,0.0,
shorts,Jnc4v7VAlwo,53.2937,88.8229,0.98362541,434,0.0,
shorts,sRGDzvDlJO0,53.2783,88.7971,0.983552,435,0.0,
shorts,42qzQy2_aSE,53.2628,88.7713,0.98345601,436,0.0,
shorts,nvzrL7MZ6FQ,53.2596,42.4626,0.06985149,2230,69.4552,high
shorts,Su0aCV35IFM,53.2473,88.7455,0.98340475,437,0.0,
shorts,jB_IFpJV5mc,53.2331,55.6273,0.32961539,1720,49.6419,high
shorts,lzYROnZibYQ,53.2318,88.7197,0.98315916,438,0.0,
shorts,5LJ1cxjQhyE,53.2163,88.6939,0.98311862,439,0.0,
shorts,R62JGysyz6E,53.2008,88.668,0.98310652,440,0.0,
shorts,2ZQT41unZ5w,53.1853,88.6422,0.98310323,441,0.0,
shorts,yGEquY7XS7I,53.1698,88.6164,0.98305343,442,0.0,
shorts,ct8717IMihg,53.1544,88.5906,0.98304536,443,0.0,
shorts,VskyQbHzflg,53.1389,88.5648,0.98295176,444,0.0,
shorts,AvxFr8lBnVI,53.1234,88.539,0.98293237,445,0.0,
shorts,_Ge0PjLjre8,53.1079,88.5132,0.98290911,446,0.0,
shorts,VzD5MZr6FA0,53.0924,88.4874,0.98280255,447,0.0,
shorts,0NrCUYrT6io,53.0769,88.4615,0.98279408,448,0.0,
shorts,WzUEmrZWknI,53.0614,88.4357,0.98278129,449,0.0,
shorts,TNiqq4Uy7aY,53.0459,88.4099,0.98277868,450,0.0,
shorts,AM2zTjaYDzM,53.0305,88.3841,0.98277149,451,0.0,
shorts,JDDnjO6mGF8,53.015,88.3583,0.98269612,452,0.0,
shorts,VNznnVzX_3U,52.984,88.3067,0.98258874,454,0.0,
shorts,T84xE0ukJ30,52.9685,88.2808,0.98256244,455,0.0,
shorts,Mc3aDdjhZaE,52.953,88.255,0.98249552,456,0.0,
shorts,oVhYung_rSk,52.9375,88.2292,0.98241418,457,0.0,
shorts,B8RtX5BXu-A,52.922,88.2034,0.9823857,458,0.0,
shorts,E0xMF2zptgM,52.9066,88.1776,0.9822626,459,0.0,
shorts,pUlUgkaTQZg,52.8911,88.1518,0.98222086,460,0.0,
shorts,4m_M1Wpnr2Q,52.8756,88.126,0.9821866,461,0.0,
shorts,9jLmYoIYi48,52.8601,88.1002,0.9820226,462,0.0,
shorts,etURVlpA5mA,52.8446,88.0743,0.98200827,463,0.0,
shorts,4q7fYC4Ajr0,52.8291,88.0485,0.98194735,464,0.0,
shorts,Ny98bqMtsBE,52.8136,88.0227,0.98165733,465,0.0,
shorts,IGCKBKoplVE,52.7981,87.9969,0.98160541,466,0.0,
shorts,TQOkQPknMyY,52.7827,87.9711,0.98158113,467,0.0,
shorts,Or6Efo508jY,52.7672,87.9453,0.98149769,468,0.0,
shorts,AWnPu88UtW0,52.7658,53.3299,0.26390332,1809,51.9197,high
shorts,w1xoRw5xFGY,52.7517,87.9195,0.98148397,469,0.0,
shorts,Kbfjto_fWgw,52.7362,87.8936,0.98145232,470,0.0,
shorts,aVhGUI1NdGc,52.7207,87.8678,0.98136201,471,0.0,
shorts,dqazxW8R5BY,52.7052,87.842,0.98127542,472,0.0,
shorts,bj3M118GvB8,52.6897,87.8162,0.98119768,473,0.0,
shorts,N5iBaZ5gnfE,52.6588,87.7646,0.98087193,475,0.0,
shorts,embu3gLFECI,52.6433,87.7388,0.9808169,476,0.0,
shorts,oUG2KYvfNBA,52.6278,87.713,0.98079074,477,0.0,
shorts,RE5sKJ2c8lg,52.6123,87.6871,0.98073896,478,0.0,
shorts,Czf68kDF_7Y,52.5968,87.6613,0.98060829,479,0.0,
shorts,PSi75u9Lvek,52.5813,87.6355,0.98054152,480,0.0,
shorts,KS53Z_21WTU,52.5658,87.6097,0.98053723,481,0.0,
shorts,Od4ff0L0a7g,52.5503,87.5839,0.9805117,482,0.0,
shorts,J8lOBfZNx_g,52.5349,87.5581,0.98044461,483,0.0,
shorts,xIC7i6ICebE,52.5194,87.5323,0.98039471,484,0.0,
shorts,3SFlwYVEubU,52.5039,87.5065,0.98039005,485,0.0,
shorts,9zvE9-ZKkRo,52.4884,87.4806,0.98032093,486,0.0,
shorts,TCXeHeJgo-A,52.4729,87.4548,0.9802028,487,0.0,
shorts,1djBIY7HO0k,52.4574,87.429,0.98013962,488,0.0,
shorts,ooou2pV04Zw,52.4419,87.4032,0.98004281,489,0.0,
shorts,YTlBYigXjMs,52.4264,87.3774,0.97996888,490,0.0,
shorts,FUWebtR92ho,52.411,87.3516,0.97992752,491,0.0,
shorts,Qvb__7D8uA8,52.3955,87.3258,0.97991141,492,0.0,
shorts,26GZY8_PC7s,52.3799,87.2999,0.9798592,493,0.0,
shorts,iiWT2zZhQGg,52.3645,87.2741,0.97981818,494,0.0,
shorts,uvvc3AlsV4Q,52.349,87.2483,0.97979436,495,0.0,
shorts,r-5lSd_Gqg8,52.3335,87.2225,0.97973342,496,0.0,
shorts,z8YGCybAcIs,52.318,87.1967,0.97969901,497,0.0,
shorts,XsY6iChNzf0,52.3025,87.1709,0.97960715,498,0.0,
shorts,XZhtfrppsqo,52.2871,87.1451,0.9792407,499,0.0,
shorts,xztx-R9DyN4,52.2716,87.1193,0.9791242,500,0.0,
shorts,0b2H11DZrC4,52.256,87.0934,0.97887195,501,0.0,
shorts,O12RoSwTum4,52.2406,87.0676,0.97885903,502,0.0,
shorts,rWebzjsjH-Y,52.2251,87.0418,0.97868209,503,0.0,
shorts,2bKRWnoEzik,52.2096,87.016,0.97865834,504,0.0,
shorts,qgzwtKsXCMo,52.1941,86.9902,0.97857312,505,0.0,
shorts,xrhB808C3SY,52.1786,86.9644,0.97845019,506,0.0,
shorts,eUpyQFF-4vY,52.1632,86.9386,0.97816743,507,0.0,
shorts,a1YjBfdZ8CQ,52.1477,86.9128,0.97816216,508,0.0,
shorts,SFvm5X9E9hI,52.1321,86.8869,0.97813298,509,0.0,
shorts,jhEi99uTeSw,52.1182,50.3614,0.20099043,1924,54.7535,high
shorts,ejSs5hNQVJU,52.1167,86.8611,0.97811322,510,0.0,
shorts,oqmbgs3bV-I,52.1012,86.8353,0.9780468,511,0.0,
shorts,o1dm8O6Mbeg,52.0857,86.8095,0.97795428,512,0.0,
shorts,R9TssAJVqeQ,52.0702,86.7837,0.97786509,513,0.0,
shorts,JbZSL4HHO6k,52.0547,86.7579,0.97783569,514,0.0,
shorts,IRar1M3k_b4,52.0393,86.7321,0.97780393,515,0.0,
shorts,2MWhO-KeFxI,52.0082,86.6804,0.97772693,517,0.0,
shorts,f2jw7wnW_sY,51.9928,86.6546,0.97764639,518,0.0,
shorts,MX677OO69jA,51.9773,86.6288,0.97750659,519,0.0,
shorts,ixhSBbm94jc,51.9618,86.603,0.97702127,520,0.0,
shorts,P1DSZNhApJA,51.9463,86.5772,0.97688607,521,0.0,
shorts,nPTEr59FIrc,51.9308,86.5514,0.97687584,522,0.0,
shorts,LSV9EcmOkO4,51.9275,52.7878,0.24964333,1830,50.6371,high
shorts,Gef-vJJn5E4,51.9154,86.5256,0.97687055,523,0.0,
shorts,Yikyh4ymps0,51.8998,86.4997,0.97662246,524,0.0,
shorts,IEJALLQFmDs,51.8843,86.4739,0.97659701,525,0.0,
shorts,VTGNeAxxnQg,51.8689,86.4481,0.976564,526,0.0,
shorts,LbAl1tTeaHM,51.8534,86.4223,0.97611054,527,0.0,
shorts,aTaGe4ATLQ4,51.8379,86.3965,0.97608967,528,0.0,
shorts,BvZS9wkrRTM,51.8224,86.3707,0.97604545,529,0.0,
shorts,v6_kHpmKVpo,51.8069,86.3449,0.9758345,530,0.0,
shorts,-rOd8elF3E0,51.7915,86.3191,0.97559311,531,0.0,
shorts,ycEikaRyOnY,51.7759,86.2932,0.97553814,532,0.0,
shorts,tM5_uA-rIt4,51.7604,86.2674,0.97551564,533,0.0,
shorts,jQK-S-HyHgc,51.745,86.2416,0.97524271,534,0.0,
shorts,NFkawDJWsVg,51.7295,86.2158,0.97521156,535,0.0,
shorts,a_VqvPRkOMc,51.714,86.19,0.97512191,536,0.0,
shorts,oKK9vexoO5g,51.6985,86.1642,0.97504463,537,0.0,
shorts,pLI-4iem28g,51.683,86.1384,0.97503235,538,0.0,
shorts,du5WVwf1MMw,51.6675,86.1125,0.97482641,539,0.0,
shorts,ukohMnXoE9A,51.652,86.0867,0.97475946,540,0.0,
shorts,ZppVio3qoIQ,51.6365,86.0609,0.97469453,541,0.0,
shorts,DGL86zYmHBc,51.6327,43.366,0.08031716,2195,64.0327,high
shorts,OQrd3NGdBvM,51.6211,86.0351,0.97469064,542,0.0,
shorts,kQpXEqsK0ys,51.6056,86.0093,0.97459479,543,0.0,
shorts,SEO0i670Ltk,51.5901,85.9835,0.97445467,544,0.0,
shorts,Dl88JoqqCbM,51.5746,85.9577,0.97426307,545,0.0,
shorts,FmtEiY9Gnno,51.5591,85.9319,0.97422319,546,0.0,
shorts,Xx6cUnU0WEE,51.5436,85.906,0.97418818,547,0.0,
shorts,2fEg7w9hEOU,51.5281,85.8802,0.97418168,548,0.0,
shorts,nZ4JI34_Q_g,51.5126,85.8544,0.97413345,549,0.0,
shorts,5nJ9lcD8d2w,51.499,51.523,0.22202227,1879,51.463,high
shorts,u8yFQUm7sGk,51.4972,85.8286,0.9739604,550,0.0,
shorts,PVO1IavIf1k,51.4817,85.8028,0.97381507,551,0.0,
shorts,WjsKG4KdW9c,51.4662,85.777,0.97378911,552,0.0,
shorts,DK3bBB4Oqhg,51.4507,85.7512,0.9736359,553,0.0,
shorts,ouxYr3UiX0Y,51.4352,85.7253,0.97363561,554,0.0,
shorts,hT-tgG0CTY0,51.4197,85.6995,0.97356221,555,0.0,
shorts,9iKWeo8sWh4,51.4042,85.6737,0.97351451,556,0.0,
shorts,zDpDYPUKnAk,51.3887,85.6479,0.97322074,557,0.0,
shorts,7XkuB_wZltM,51.3733,85.6221,0.9732031,558,0.0,
shorts,vgwG6e9TFcw,51.3578,85.5963,0.97312094,559,0.0,
shorts,PoHZWjU54jY,51.3423,85.5705,0.97301343,560,0.0,
shorts,8WaOsUdfi6c,51.3268,85.5447,0.97296756,561,0.0,
shorts,MXtgKv6R1eE,51.3113,85.5188,0.97289446,562,0.0,
shorts,rwYTciiMwHQ,51.2958,85.493,0.97272066,563,0.0,
shorts,ZGsEwTIGktQ,51.2803,85.4672,0.97270301,564,0.0,
shorts,W9pmibfy1iI,51.2648,85.4414,0.97254985,565,0.0,
shorts,EgzcpmwVXeo,51.2494,85.4156,0.97242776,566,0.0,
shorts,ybAYBwr_KFY,51.2339,85.3898,0.97241527,567,0.0,
shorts,Jxda0-S7snU,51.2318,42.4368,0.06955276,2231,64.4244,high
shorts,tFZeHqoDXks,51.2184,85.364,0.9723062,568,0.0,
shorts,txJwrAKHgC0,51.2029,85.3382,0.97220699,569,0.0,
shorts,g2q1PgXHeqk,51.1874,85.3123,0.97214164,570,0.0,
shorts,SzG_O-In1vg,51.1719,85.2865,0.9717873,571,0.0,
shorts,BkKfKRzpwxg,51.1564,85.2607,0.97163763,572,0.0,
shorts,ONPgzHM90hE,51.1409,85.2349,0.97162879,573,0.0,
shorts,JDPom9Tnjc4,51.1255,85.2091,0.97144318,574,0.0,
shorts,SsV4fQULWcM,51.0945,85.1575,0.97140915,576,0.0,
shorts,HI5_RnjEGNg,51.079,85.1316,0.97129084,577,0.0,
shorts,SgExLkT6CMU,51.0635,85.1058,0.97128911,578,0.0,
shorts,32hxTA4RpDU,51.048,85.08,0.97122188,579,0.0,
shorts,R_EdV9Zs0e4,51.017,85.0284,0.97112823,581,0.0,
shorts,4z6YVtNjBcw,51.0016,85.0026,0.97107823,582,0.0,
shorts,3OiZx4xx4xY,50.9861,84.9768,0.97099909,583,0.0,
shorts,arQ-cU7yqCI,50.9795,45.8957,0.115733,2097,58.6053,high
shorts,0QQ_jxbZbv0,50.9706,84.951,0.9709325,584,0.0,
shorts,kGSGq_cUG3s,50.9551,84.9251,0.9706095,585,0.0,
shorts,vWGNGtG8vqc,50.9396,84.8993,0.97053459,586,0.0,
shorts,1HFNCAAqC0w,50.9241,84.8735,0.97038968,587,0.0,
shorts,s97mv7dh-xg,50.9086,84.8477,0.97020099,588,0.0,
shorts,U_FrbmIs-R8,50.8931,84.8219,0.97008946,589,0.0,
shorts,RtULy4Qv0CM,50.8777,84.7961,0.96999197,590,0.0,
shorts,o7PpIEGYcbs,50.8622,84.7703,0.96998349,591,0.0,
shorts,Y7M--n2sHy4,50.8467,84.7445,0.96964806,592,0.0,
shorts,7U_BvK3C_IY,50.8312,84.7186,0.96937001,593,0.0,
shorts,p5Cw4Hv5xac,50.8157,84.6928,0.96924156,594,0.0,
shorts,BVCcjqYlfXg,50.8002,84.667,0.96920341,595,0.0,
shorts,mtkyom9C-ME,50.7847,84.6412,0.96899298,596,0.0,
shorts,DnXn9zXakxQ,50.7692,84.6154,0.9689449,597,0.0,
shorts,bZbgc4GuFqc,50.7538,84.5896,0.96865398,598,0.0,
shorts,7fl8yecqh8o,50.7438,42.5658,0.07042407,2226,63.0109,high
shorts,fU52XopKX_Q,50.7383,84.5638,0.96845626,599,0.0,
shorts,dGlonEIK7Io,50.7227,84.5379,0.96836993,600,0.0,
shorts,X2zSUOqQlMs,50.7073,84.5121,0.96832516,601,0.0,
shorts,tMNU_zxiYcg,50.6918,84.4863,0.96829156,602,0.0,
shorts,Zn1_FHotRGI,50.6763,84.4605,0.96782343,603,0.0,
shorts,-XlB3RebSW4,50.6622,37.7904,0.03841454,2411,69.97,high
shorts,9L9Mm5wkbLY,50.6608,84.4347,0.9675316,604,0.0,
shorts,PnDTh-sbFVU,50.6453,84.4089,0.96729991,605,0.0,
shorts,kiD9ZVe7bUE,50.6299,84.3831,0.96688414,606,0.0,
shorts,kN-wa6I22kA,50.6144,84.3573,0.96685326,607,0.0,
shorts,iagJ8jzjoIU,50.606,46.9541,0.13122566,2056,56.0838,high
shorts,Ueo0LrAiiVk,50.5988,84.3314,0.96671675,608,0.0,
shorts,HMtqoPU7V1g,50.5834,84.3056,0.96662977,609,0.0,
shorts,BdUzhVM5w1U,50.5524,84.254,0.96656502,611,0.0,
shorts,yCHY2dSnmyg,50.5369,84.2282,0.96651376,612,0.0,
shorts,LIUl9ATkUZM,50.5338,42.824,0.07458001,2216,62.0986,high
shorts,NIwCLN1myUY,50.5214,84.2024,0.96642048,613,0.0,
shorts,uHoNRyucic8,50.506,84.1766,0.96641845,614,0.0,
shorts,l7K9OMO8XkA,50.4749,84.1249,0.96615778,616,0.0,
shorts,mpCvxdi-cKM,50.4595,84.0991,0.9660064,617,0.0,
shorts,OWWoOmFaArc,50.444,84.0733,0.96599885,618,0.0,
shorts,LZFgaTzOES8,50.4285,84.0475,0.96595169,619,0.0,
shorts,_T5MiSuDXwM,50.413,84.0217,0.96594772,620,0.0,
shorts,QBafcyXIFxg,50.3975,83.9959,0.96579377,621,0.0,
shorts,MSsyzGjPaJs,50.3938,38.3841,0.04100034,2388,68.4083,high
shorts,LczVQ7impeY,50.3821,83.9701,0.96568587,622,0.0,
shorts,05IIdCcJjro,50.3665,83.9442,0.96556767,623,0.0,
shorts,i_AKexMeLpk,50.351,83.9184,0.96537754,624,0.0,
shorts,pcAJLeGAtwc,50.3356,83.8926,0.96535959,625,0.0,
shorts,Wdg9pM4PIEk,50.3201,83.8668,0.96521142,626,0.0,
shorts,DlByoJis7U8,50.3197,38.5648,0.04179038,2381,67.9521,high
shorts,vd7XsdEFch8,50.3046,83.841,0.96510237,627,0.0,
shorts,v_1Dhh8G84c,50.2891,83.8152,0.96487031,628,0.0,
shorts,RdybN9A5CH8,50.2761,44.6825,0.09963378,2144,58.6666,high
shorts,K00wpZd8HbM,50.2736,83.7894,0.96481523,629,0.0,
shorts,2nz95M5qmSc,50.2582,83.7636,0.96480621,630,0.0,
shorts,2ViQl88NH-I,50.2426,83.7377,0.9646896,631,0.0,
shorts,deUaG3gbVZY,50.2271,83.7119,0.96412319,632,0.0,
shorts,pG99B0ui06s,50.2117,83.6861,0.96376314,633,0.0,
shorts,UZtKesyHSpU,50.1962,83.6603,0.96356309,634,0.0,
shorts,BYGtKMpJGpg,50.1807,83.6345,0.96326783,635,0.0,
shorts,y8Isfda7mBg,50.1497,83.5829,0.96321333,637,0.0,
shorts,OS1R8XpI7b4,50.1342,83.557,0.96316635,638,0.0,
shorts,Ej8RGEzrr8k,50.1187,83.5312,0.96260481,639,0.0,
shorts,mpZK1dqX6aA,50.1032,83.5054,0.96254272,640,0.0,
shorts,x3Kbfn48tyk,50.0878,83.4796,0.96228361,641,0.0,
shorts,XDfOj1cNcw4,50.0723,83.4538,0.96218584,642,0.0,
shorts,T6WMjUvXjFM,50.0568,83.428,0.9617824,643,0.0,
shorts,WcrVNPpjr-g,50.0413,83.4022,0.96177367,644,0.0,
shorts,abSbgPHVo3c,50.0103,83.3505,0.96152668,646,0.0,
shorts,22Rlq7eMvaE,50.0049,43.6758,0.08484035,2183,59.4986,high
shorts,BHhsGElSTTY,49.9948,83.3247,0.9614809,647,0.0,
shorts,Ol6ZsLsidZ8,49.9793,83.2989,0.96147911,648,0.0,
shorts,VyZXNiAZtWg,49.9639,83.2731,0.96125314,649,0.0,
shorts,ZTIN_v1_iyo,49.9576,49.0191,0.17086842,1976,51.3653,high
shorts,9XtlGiI8Iz0,49.9484,83.2473,0.961173,650,0.0,
shorts,MwgunmKtzgI,49.9441,38.7713,0.04316612,2373,66.7034,high
shorts,IM4NXjEW8vA,49.9329,83.2215,0.96047136,651,0.0,
shorts,BsOLrQ--SL4,49.9174,83.1957,0.96046146,652,0.0,
shorts,DVDkNIxQs50,49.9168,40.2426,0.0530209,2316,64.4281,high
shorts,HJZAOVyWfVk,49.9019,83.1699,0.9604548,653,0.0,
shorts,qNqYuoKwBKw,49.8864,83.144,0.96038199,654,0.0,
shorts,Z7vFGqgyUzk,49.8709,83.1182,0.96030195,655,0.0,
shorts,8CKNtpMK9Ho,49.8633,38.126,0.03959971,2398,67.4693,high
shorts,DLMb7tufS7Q,49.8554,83.0924,0.96022413,656,0.0,
shorts,DitWY_dIRLU,49.84,83.0666,0.9600321,657,0.0,
shorts,OVyzmcbV6j8,49.8245,83.0408,0.95998478,658,0.0,
shorts,dkXp71dtee0,49.809,83.015,0.95989449,659,0.0,
shorts,GBeUlx-qMwM,49.7935,82.9892,0.95985783,660,0.0,
shorts,wcN1G1LY60s,49.778,82.9633,0.95922755,661,0.0,
shorts,GXc6DVm1SR0,49.747,82.9117,0.95850081,663,0.0,
shorts,9EUyftmXeB8,49.7315,82.8859,0.95842141,664,0.0,
shorts,EsohGEXp5RA,49.7211,40.3459,0.05428923,2312,63.7838,high
shorts,mT5zyqYu2A4,49.7161,82.8601,0.95768606,665,0.0,
shorts,4is5j_JbhJo,49.7006,82.8343,0.95760053,666,0.0,
shorts,0y8vRPcSvbw,49.6851,82.8085,0.95748726,667,0.0,
shorts,ENBTwTRRVu4,49.6696,82.7827,0.95743943,668,0.0,
shorts,gdjCR9h1yGc,49.6541,82.7568,0.95729077,669,0.0,
shorts,JDfnYBmRQP4,49.6386,82.731,0.95726265,670,0.0,
shorts,qz0DaT5bMRs,49.6231,82.7052,0.95710151,671,0.0,
shorts,sYyINOlvkRg,49.6076,82.6794,0.95696552,672,0.0,
shorts,Ed3tR5VDwN4,49.5922,82.6536,0.95659226,673,0.0,
shorts,AuE0FsEHA4o,49.5767,82.6278,0.95613788,674,0.0,
shorts,ASCJSIPDoLw,49.5629,49.6128,0.18468617,1953,49.488,high
shorts,cZvoe9Uqh-E,49.5612,82.602,0.95596933,675,0.0,
shorts,C6p-UH3QqI4,49.5457,82.5761,0.95556667,676,0.0,
shorts,s6XPoPYDn-Y,49.5302,82.5503,0.95538597,677,0.0,
shorts,TSTQhCMR9gQ,49.5147,82.5245,0.95533508,678,0.0,
shorts,0tpV2OTr2ig,49.4992,82.4987,0.95530237,679,0.0,
shorts,bw5wSyyH-bg,49.4942,42.3851,0.06890257,2233,60.1579,high
shorts,mxsHV0sdxeo,49.4837,82.4729,0.95510102,680,0.0,
shorts,3WduGULFLL0,49.4683,82.4471,0.95499402,681,0.0,
shorts,Y_FN-dx8J2M,49.4635,35.2865,0.02632052,2508,70.7291,high
shorts,sOESuWWM5qE,49.4528,82.4213,0.95482048,682,0.0,
shorts,I2n3Z04hvVo,49.4477,46.7475,0.12784484,2064,53.4981,high
shorts,dk-pvsityfs,49.4378,44.2179,0.0928368,2162,57.2677,high
shorts,DkXuN6MqDGg,49.4373,82.3955,0.95479751,683,0.0,
shorts,GfFrjfpvpY0,49.4218,82.3696,0.95468468,684,0.0,
shorts,Pzdk6JqgQ8s,49.418,44.5276,0.09845213,2150,56.7537,high
shorts,qrmEmu7nDFc,49.4063,82.3438,0.95434645,685,0.0,
shorts,YtrgECrqP0E,49.3908,82.318,0.95394682,686,0.0,
shorts,5d7mDamuApU,49.3753,82.2922,0.95390863,687,0.0,
shorts,IIuM6BxBhdI,49.3632,41.8947,0.06509161,2252,60.5659,high
shorts,ZlrjaDqLG1c,49.3598,82.2664,0.95374115,688,0.0,
shorts,DVSXhwrfNnw,49.3444,82.2406,0.95366512,689,0.0,
shorts,W41XcEogOB0,49.3289,82.2148,0.95359477,690,0.0,
shorts,OGQFzTqTT6o,49.3134,82.189,0.9531007,691,0.0,
shorts,UDiJI3q9wFQ,49.3082,43.237,0.07908885,2200,58.4149,high
shorts,RXWVqSItkzs,49.2979,82.1631,0.95234712,692,0.0,
shorts,Z2OBuIDY4Ss,49.2964,47.3929,0.13659171,2039,52.1517,high
shorts,EHeQE0nOsNA,49.2824,82.1373,0.95211484,693,0.0,
shorts,JRZVHJtCLPs,49.2669,82.1115,0.95210464,694,0.0,
shorts,kYIy4hKLOMQ,49.2514,82.0857,0.95179344,695,0.0,
shorts,vhf86zNtau4,49.2359,82.0599,0.95169519,696,0.0,
shorts,Oc0PFUmVEj4,49.2205,82.0341,0.95140088,697,0.0,
shorts,VSGJxs6lhbc,49.205,82.0083,0.95136949,698,0.0,
shorts,-RQeDTZMuH0,49.1894,81.9824,0.95136589,699,0.0,
shorts,gyXXKkrnk5g,49.174,81.9566,0.95099787,700,0.0,
shorts,iqm1WDJXu_s,49.1585,81.9308,0.95088659,701,0.0,
shorts,IditmgDZMAE,49.143,81.905,0.95080549,702,0.0,
shorts,17bptlcD_AQ,49.1285,47.2638,0.13514657,2044,51.9256,high
shorts,ODGG9DFu1Y4,49.1275,81.8792,0.95072169,703,0.0,
shorts,JapVrHF4G4c,49.0966,81.8276,0.95056563,705,0.0,
shorts,VO1kj84U2iE,49.0811,81.8018,0.95051058,706,0.0,
shorts,fTe416rfdyM,49.0655,81.7759,0.95030622,707,0.0,
shorts,J8C-i_8OtR8,49.0501,81.7501,0.95008303,708,0.0,
shorts,N9GiuDJVJuc,49.0346,81.7243,0.94999713,709,0.0,
shorts,nEz-UVg3D3c,49.0191,81.6985,0.94985113,710,0.0,
shorts,C3HnLzsxFaA,49.0045,46.6443,0.1274567,2068,52.5448,high
shorts,286oDFXrp8A,48.9881,81.6469,0.94942933,712,0.0,
shorts,AewlEoLxl0k,48.9727,81.6211,0.94927336,713,0.0,
shorts,8QsAx7s9PmQ,48.9572,81.5953,0.949257,714,0.0,
shorts,pQ8MK161Hjo,48.9416,81.5694,0.94908873,715,0.0,
shorts,sJTG7Bs8V4g,48.9354,43.3402,0.0801634,2196,57.3283,high
shorts,myKxxpdir9A,48.9262,81.5436,0.94823443,716,0.0,
shorts,N0Inna0vbM0,48.9107,81.5178,0.94802367,717,0.0,
shorts,_YtDhkAInP4,48.8952,81.492,0.94785177,718,0.0,
shorts,3JwFu5ubytw,48.8797,81.4662,0.94768327,719,0.0,
shorts,IbhOu4m36YQ,48.8642,81.4404,0.9474849,720,0.0,
shorts,tQCVAU-fZPA,48.8608,35.6479,0.0283009,2494,68.6801,high
shorts,O1QxdAMoidE,48.8488,81.4146,0.94734811,721,0.0,
shorts,QKC9crAqHWw,48.8332,81.3887,0.94687085,722,0.0,
shorts,t6yC3GClzQw,48.8177,81.3629,0.94666566,723,0.0,
shorts,xDXu6nCfprY,48.8023,81.3371,0.94647891,724,0.0,
shorts,pu8tbp4r4J0,48.7868,81.3113,0.9454599,725,0.0,
shorts,P5gUzU1B6R8,48.7713,81.2855,0.94519806,726,0.0,
shorts,o2Lv9nkeAAQ,48.7562,34.5121,0.02423115,2538,70.1224,high
shorts,IpDlyaSlAMk,48.7558,81.2597,0.94483776,727,0.0,
shorts,SCYJxkZMREI,48.7403,81.2339,0.94463611,728,0.0,
shorts,wiOj3arkwp8,48.7374,45.8699,0.11514174,2098,53.0386,high
shorts,4wBiKCjmUNM,48.7249,81.2081,0.94431407,729,0.0,
shorts,TAHyqNXkbtc,48.7093,81.1822,0.94425215,730,0.0,
shorts,tiZ0GZC0VOI,48.6938,81.1564,0.94411839,731,0.0,
shorts,OSH4jRJWVYs,48.6784,81.1306,0.9439975,732,0.0,
shorts,zaZ01u6gajk,48.6629,81.1048,0.94341521,733,0.0,
shorts,yZ8kT9vZZSA,48.6504,49.303,0.17712275,1965,47.6716,high
shorts,RlSOK70dNHM,48.6474,81.079,0.94318778,734,0.0,
shorts,fHKCBCTzNW0,48.6319,81.0532,0.9430623,735,0.0,
shorts,NCXLk1BmHmU,48.6164,81.0274,0.94303674,736,0.0,
shorts,5DCEAbVjyV4,48.6009,81.0015,0.94291476,737,0.0,
shorts,po9OENiX6O8,48.5989,47.4961,0.13774052,2035,50.2531,high
shorts,71C4vVSxFlk,48.5854,80.9757,0.94237088,738,0.0,
shorts,KJoXBo8h97o,48.5699,80.9499,0.94232654,739,0.0,
shorts,R1gxXVeSN8g,48.5545,80.9241,0.94188989,740,0.0,
shorts,-pCPxHtXHiQ,48.539,80.8983,0.94168488,741,0.0,
shorts,kgupIH0Op8g,48.5235,80.8725,0.94166544,742,0.0,
shorts,4oQeeftIwWA,48.508,80.8467,0.94131584,743,0.0,
shorts,DYkyYUjOZTk,48.4925,80.8209,0.94123599,744,0.0,
shorts,8HeFtpdWYp8,48.477,80.795,0.9411076,745,0.0,
shorts,eQzS6CUt7kU,48.4658,33.1957,0.02006147,2589,71.371,high
shorts,XIbEnmoKuXQ,48.4615,80.7692,0.94047585,746,0.0,
shorts,8GvKFSeOTD8,48.446,80.7434,0.94035754,747,0.0,
shorts,cmEww4x_Bac,48.4454,48.0898,0.14990786,2012,48.9788,high
shorts,bbvB_T2yD1Y,48.4306,80.7176,0.93984584,748,0.0,
shorts,-BGMOk5Twng,48.4151,80.6918,0.93983892,749,0.0,
shorts,1TVicDO5zGs,48.3996,80.666,0.93974269,750,0.0,
shorts,mWKEwIs3l0M,48.3841,80.6402,0.93901597,751,0.0,
shorts,INebwLyoqKk,48.3686,80.6144,0.93900835,752,0.0,
shorts,kzsO9CYMlYo,48.3631,47.9866,0.1461472,2016,48.9279,high
shorts,q-IWIN7bsVg,48.3531,80.5885,0.93860897,753,0.0,
shorts,kvTrRpeWW9s,48.3376,80.5627,0.93846884,754,0.0,
shorts,4RIveXzbeRA,48.3336,43.7532,0.08655912,2180,55.2042,high
shorts,zXrz8u2_8go,48.3221,80.5369,0.93818856,755,0.0,
shorts,XeWtb0vpHvU,48.3067,80.5111,0.93791823,756,0.0,
shorts,3UoxgfPiluc,48.2912,80.4853,0.93784078,757,0.0,
shorts,UBRBG8qEQiE,48.2757,80.4595,0.93730858,758,0.0,
shorts,nst2QmbH2Q8,48.2602,80.4337,0.93706803,759,0.0,
shorts,lxRJpsidN4U,48.2571,37.1709,0.03599114,2435,64.8865,high
shorts,LmtNyakVRR4,48.2447,80.4078,0.93669001,760,0.0,
shorts,t0PRZ8rgjo0,48.2292,80.382,0.93641647,761,0.0,
shorts,VCFDGjCcWZs,48.2137,80.3562,0.93630079,762,0.0,
shorts,xLUarB1FvXI,48.2038,46.541,0.12547767,2072,50.698,high
shorts,vCSV5v1gF4k,48.1982,80.3304,0.93550273,763,0.0,
shorts,pFxIhhK4rUE,48.1955,39.5973,0.0487485,2341,61.0928,high
shorts,SzDnUAJkenI,48.1946,39.4424,0.04714807,2347,61.3228,high
shorts,-1mOJpOZiwo,48.1828,80.3046,0.93505463,764,0.0,
shorts,TIl_e3QzN9c,48.1673,80.2788,0.93455595,765,0.0,
shorts,T7F01R0vsPA,48.1518,80.253,0.93436817,766,0.0,
shorts,i0GJSN_ISuI,48.1441,46.9024,0.13017677,2058,50.0067,high
shorts,1hPm1gOYHes,48.1363,80.2272,0.93419382,767,0.0,
shorts,3H1RRBLItR0,48.1208,80.2013,0.93415152,768,0.0,
shorts,A3fb9vgBYAU,48.1053,80.1755,0.93404218,769,0.0,
shorts,csHNXlv1rqo,48.0898,80.1497,0.93396277,770,0.0,
shorts,MnrX7TTlYuo,48.0743,80.1239,0.93371198,771,0.0,
shorts,_SQtMSMjDO4,48.0589,80.0981,0.93358471,772,0.0,
shorts,TSsworwBH5g,48.0434,80.0723,0.93348833,773,0.0,
shorts,kB_PJC80JhY,48.0279,80.0465,0.93320581,774,0.0,
shorts,KVRhp1etf7c,48.0265,47.3412,0.13641606,2041,49.0545,high
shorts,l98ZSezHYv4,48.0157,46.2313,0.11939279,2084,50.6924,high
shorts,xZ3iMmoLoac,48.0124,80.0207,0.93320211,775,0.0,
shorts,OeYf1jdNDZo,47.9969,79.9948,0.93314441,776,0.0,
shorts,fQBAkTPyVww,47.985,45.6376,0.11114038,2107,51.506,high
shorts,9AW3SMIypJM,47.9817,45.5085,0.10934875,2112,51.6914,high
shorts,wDUtigax8Lg,47.9814,79.969,0.93266916,777,0.0,
shorts,OjbxCNnJcEU,47.9659,79.9432,0.93220551,778,0.0,
shorts,dNNyCZwEa6k,47.9504,79.9174,0.93159226,779,0.0,
shorts,Me-Su9W9Gis,47.935,79.8916,0.93100126,780,0.0,
shorts,B6Pzt5_OaU4,47.9195,79.8658,0.93090214,781,0.0,
shorts,eBbqRceO2qY,47.904,79.84,0.93070922,782,0.0,
shorts,BsloGiaph3Q,47.8885,79.8141,0.93063647,783,0.0,
shorts,iuAFGhkzyLY,47.873,79.7883,0.93041062,784,0.0,
shorts,_WKQnz3yl_U,47.8575,79.7625,0.92998986,785,0.0,
shorts,ozZ0OJA78p0,47.842,79.7367,0.92925817,786,0.0,
shorts,B8ogZrsg1CA,47.8265,79.7109,0.92917744,787,0.0,
shorts,wmeUOPjA_qc,47.8111,79.6851,0.92894852,788,0.0,
shorts,jKTNMlUEdgU,47.7956,79.6593,0.92882724,789,0.0,
shorts,-sQi75QrtYM,47.7801,79.6335,0.92841193,790,0.0,
shorts,fpmYvXCzO1c,47.7646,79.6076,0.92827312,791,0.0,
shorts,t8E3d2r2P54,47.7491,79.5818,0.92768285,792,0.0,
shorts,v7eiWGrDwFg,47.7336,79.556,0.92766928,793,0.0,
shorts,3PZ3d4eNWrc,47.7181,79.5302,0.92766528,794,0.0,
shorts,hmHc6qrNUrc,47.7026,79.5044,0.92762352,795,0.0,
shorts,Hpl10gpuOGw,47.6915,36.3449,0.03266073,2467,64.7115,high
shorts,NUEWcZtp2Ro,47.6872,79.4786,0.92755914,796,0.0,
shorts,QGt8WGv_3Tg,47.6561,79.4269,0.92678916,798,0.0,
shorts,rePC8TuFnik,47.6407,79.4011,0.92672445,799,0.0,
shorts,1HEwvRTMuU4,47.6252,79.3753,0.92629792,800,0.0,
shorts,WXFYJyXXBNc,47.6097,79.3495,0.92626668,801,0.0,
shorts,KXnIbfLiEtY,47.5787,79.2979,0.92613192,803,0.0,
shorts,rIS5EpN0LUs,47.5739,43.2886,0.07958237,2198,54.0019,high
shorts,jMsdKHRkRks,47.5633,79.2721,0.92547872,804,0.0,
shorts,QdUbLetqdW0,47.5478,79.2463,0.9253142,805,0.0,
shorts,jJM9I0KUT-I,47.5322,79.2204,0.925208,806,0.0,
shorts,0lmfFWR7zj4,47.5168,79.1946,0.92510321,807,0.0,
shorts,Va4VzBispnA,47.5013,79.1688,0.92497612,808,0.0,
shorts,kYeodL1x8yI,47.4858,79.143,0.92478325,809,0.0,
shorts,MeRNnR_5agI,47.4834,39.1069,0.04521427,2360,60.0482,high
shorts,lJyxqxcWzxU,47.4703,79.1172,0.92375461,810,0.0,
shorts,gE-ZxZRLj4c,47.4548,79.0914,0.92352774,811,0.0,
shorts,XiPhamWTPcU,47.4394,79.0656,0.92349435,812,0.0,
shorts,vnwkvvLobjk,47.4239,79.0398,0.92347261,813,0.0,
shorts,S9qeKnsIUJM,47.4112,32.2148,0.01714021,2627,70.2058,high
shorts,vEllJ_ltr18,47.4083,79.0139,0.92328417,814,0.0,
shorts,AtiGykR3lsI,47.3929,78.9881,0.92313344,815,0.0,
shorts,qwsHudIxICY,47.3774,78.9623,0.92302694,816,0.0,
shorts,UPbaPjDGQIE,47.3619,78.9365,0.92256396,817,0.0,
shorts,vd1VOOLbISI,47.3464,78.9107,0.9224744,818,0.0,
shorts,ACS7Db_n_CI,47.3309,78.8849,0.92235248,819,0.0,
shorts,6CyjL4X8e7g,47.3106,36.2674,0.0323694,2470,63.8754,high
shorts,kTlm_3HwRFg,47.2999,78.8332,0.92182326,821,0.0,
shorts,reCJ5EuvukI,47.2844,78.8074,0.92169621,822,0.0,
shorts,fKFVq54SL0s,47.269,78.7816,0.921508,823,0.0,
shorts,xm3Nu01GA_M,47.2634,43.6242,0.08441549,2185,52.7221,high
shorts,qgG1txr3894,47.2535,78.7558,0.92148937,824,0.0,
shorts,W-F-NSEBuac,47.238,78.73,0.92122109,825,0.0,
shorts,W6jMh7mDK2I,47.2225,78.7042,0.92071163,826,0.0,
shorts,CSSb2C2Vx5U,47.207,78.6784,0.92050703,827,0.0,
shorts,U5l0Z8T4tCk,47.1916,78.6526,0.91968798,828,0.0,
shorts,Ye9X6KPDCu8,47.176,78.6267,0.91943494,829,0.0,
shorts,JxWyEOdZMEc,47.1605,78.6009,0.91904783,830,0.0,
shorts,U8na35ltZMI,47.1481,33.3505,0.02040616,2583,67.8444,high
shorts,YMnpcgh_AQY,47.1451,78.5751,0.91876079,831,0.0,
shorts,a3lIAb0Q-sg,47.14,42.6433,0.0708407,2223,53.8851,high
shorts,U8jnn4-WjDk,47.1296,78.5493,0.91869251,832,0.0,
shorts,CnotCMXoBU4,47.1141,78.5235,0.91867018,833,0.0,
shorts,tJszAbpxkjw,47.0986,78.4977,0.91843247,834,0.0,
shorts,ftGShwwrJPY,47.0831,78.4719,0.91817837,835,0.0,
shorts,6HBpYZ9kSI4,47.0677,78.4461,0.91764714,836,0.0,
shorts,-4M_2kMDZ5U,47.0521,78.4202,0.9168557,837,0.0,
shorts,UBeB88kUvCw,47.0366,78.3944,0.91682119,838,0.0,
shorts,kKkiGPUnIds,47.0212,78.3686,0.9166773,839,0.0,
shorts,RRDqtyH9sZc,47.0146,38.4357,0.04125843,2386,59.8829,high
shorts,AY6i7SjdGGs,47.0057,78.3428,0.91617767,840,0.0,
shorts,7Y7Iv5XAXwI,46.9902,78.317,0.9158834,841,0.0,
shorts,Baj2u_urqFA,46.9747,78.2912,0.91557886,842,0.0,
shorts,ryJPtisR4Fg,46.9437,78.2395,0.91548057,844,0.0,
shorts,BCbgNsd8JGA,46.9282,78.2137,0.91500197,845,0.0,
shorts,KAb0OX3u7Bc,46.9127,78.1879,0.91466942,846,0.0,
shorts,ozllMY3bS6U,46.8973,78.1621,0.91456315,847,0.0,
shorts,wngf8C6acjI,46.8818,78.1363,0.91452971,848,0.0,
shorts,ha2CI2rWo6o,46.8663,78.1105,0.91433207,849,0.0,
shorts,KLaiJQCy1SM,46.8508,78.0847,0.91430681,850,0.0,
shorts,3jgd925aTt8,46.8353,78.0589,0.91427437,851,0.0,
shorts,zDPPBUW8Uuc,46.8198,78.033,0.91411034,852,0.0,
shorts,EKmCYxO4Ilk,46.8043,78.0072,0.91408013,853,0.0,
shorts,Ft_vHUQOoZE,46.7888,77.9814,0.91404647,854,0.0,
shorts,az2XB-m07Yc,46.7734,77.9556,0.91400591,855,0.0,
shorts,GhfJPapoAXQ,46.7579,77.9298,0.91379775,856,0.0,
shorts,c5I1eb1iGSU,46.7424,77.904,0.91336608,857,0.0,
shorts,h3ILzUoAZcI,46.7319,40.1394,0.05221299,2320,56.6207,high
shorts,4GXJ80uiJAk,46.7269,77.8782,0.91331702,858,0.0,
shorts,nx0qqwRaOmw,46.7114,77.8523,0.91327316,859,0.0,
shorts,weLnBisWAHc,46.6976,41.5591,0.06241049,2265,54.4053,high
shorts,ILd7Ln1vrac,46.6959,77.8265,0.91324794,860,0.0,
shorts,sXas7HB7TYI,46.6649,77.7749,0.91212512,862,0.0,
shorts,baPHpWqqOZ4,46.634,77.7233,0.91169119,864,0.0,
shorts,oXcp9U93ARU,46.6185,77.6975,0.91156239,865,0.0,
shorts,6ywIkMsJuNs,46.603,77.6717,0.91099089,866,0.0,
shorts,9Gub0TdLTps,46.5875,77.6458,0.910943,867,0.0,
shorts,y1nOhFQpR_w,46.572,77.62,0.91081814,868,0.0,
shorts,5wuHYQMnYhA,46.5565,77.5942,0.91050641,869,0.0,
shorts,ucpUmiagscY,46.541,77.5684,0.91032369,870,0.0,
shorts,GXFv_vfnKMs,46.5256,77.5426,0.90996607,871,0.0,
shorts,hszeq-Cf1ac,46.5101,77.5168,0.90976652,872,0.0,
shorts,Rt4K2DK8nvs,46.4946,77.491,0.90976518,873,0.0,
shorts,OwbaFLtBpkQ,46.4791,77.4652,0.90962775,874,0.0,
shorts,f8_lyH8H0Tc,46.4564,43.4693,0.08218191,2191,50.937,high
shorts,lHE9XCg86cc,46.4481,77.4135,0.9091273,876,0.0,
shorts,F4_R-lQ6QMs,46.4326,77.3877,0.90854895,877,0.0,
shorts,Qo4iPzkvjqo,46.4171,77.3619,0.90834481,878,0.0,
shorts,pWJ0RKNPE2A,46.4017,77.3361,0.90830022,879,0.0,
shorts,cvyvDnMYD5I,46.3862,77.3103,0.90808816,880,0.0,
shorts,ExlWYbISs6I,46.3707,77.2845,0.90802972,881,0.0,
shorts,NHqXqvzx4tQ,46.3552,77.2586,0.90742961,882,0.0,
shorts,iYSK6rBL3YE,46.3397,77.2328,0.90731654,883,0.0,
shorts,pXI3xinu4bc,46.3242,77.207,0.90731093,884,0.0,
shorts,5Qw0vPYHaKI,46.3211,38.3067,0.04061988,2391,58.3428,high
shorts,niY0V5xhlzk,46.3087,77.1812,0.9072692,885,0.0,
shorts,GyBPytpEBpk,46.2973,29.2979,0.01071145,2740,71.7964,high
shorts,a9mvORyNkI4,46.2932,77.1554,0.90702284,886,0.0,
shorts,LK_YkMLmfKc,46.2778,77.1296,0.90697984,887,0.0,
shorts,cx3jW5uMxBQ,46.2623,77.1038,0.90655135,888,0.0,
shorts,wy3a_xJI3so,46.2468,77.078,0.90645043,889,0.0,
shorts,qVGnZhwKVHg,46.2313,77.0521,0.90576018,890,0.0,
shorts,iq7ahtQT6LM,46.2261,40.2943,0.05408597,2314,55.1237,high
shorts,Lh-jGTsZ7_w,46.2158,77.0263,0.90567567,891,0.0,
shorts,HRxULulg_hM,46.2003,77.0005,0.90561271,892,0.0,
shorts,cBsVjHZgY8k,46.1848,76.9747,0.90549055,893,0.0,
shorts,0kHJZFOuMWc,46.1693,76.9489,0.90526533,894,0.0,
shorts,jKoavi8G_i4,46.1539,76.9231,0.90517206,895,0.0,
shorts,ZiZvBvBwBkc,46.1384,76.8973,0.90515856,896,0.0,
shorts,Rij6WQMuxcw,46.1229,76.8715,0.90510168,897,0.0,
shorts,tI2ZuhhrzA0,46.1074,76.8456,0.90509355,898,0.0,
shorts,Scg5AwFfs-w,46.1007,36.1384,0.03080854,2475,61.0442,high
shorts,k4xrzx_BBj0,46.0919,76.8198,0.90497346,899,0.0,
shorts,jjyWeEKbSgQ,46.0764,76.794,0.90444547,900,0.0,
shorts,UPJG26ycL1Q,46.0609,76.7682,0.90380088,901,0.0,
shorts,ol1raCzz8Ic,46.03,76.7166,0.90360317,903,0.0,
shorts,FiOqNG-GKts,46.0295,32.5245,0.01796019,2615,66.287,high
shorts,S0WQP5GeTZs,46.0145,76.6908,0.90349536,904,0.0,
shorts,v9BR4c-s-HA,45.9989,76.6649,0.90205154,905,0.0,
shorts,AdSIoZ-Oaic,45.9835,76.6391,0.90188643,906,0.0,
shorts,DyGBhu_Zp4Y,45.968,76.6133,0.90175037,907,0.0,
shorts,Fz9FjKAZ1uw,45.9525,76.5875,0.90161599,908,0.0,
shorts,8lUGwV9HzMw,45.9451,36.2932,0.03241334,2469,60.423,high
shorts,DKi3HiBN3QM,45.937,76.5617,0.90134588,909,0.0,
shorts,GtxsT_WOjPA,45.9329,33.6603,0.02149106,2571,64.3417,high
shorts,NxhZZbZZtdo,45.9215,76.5359,0.90090053,910,0.0,
shorts,z8h0msE5m_A,45.9061,76.5101,0.90059701,911,0.0,
shorts,c6EqXrf-yqk,45.8906,76.4843,0.90040846,912,0.0,
shorts,28ZCEG05dC0,45.875,76.4584,0.90019835,913,0.0,
shorts,fzZ3YVsyYns,45.8644,34.0217,0.02241651,2557,63.6285,high
shorts,TElxg1LKXoE,45.8596,76.4326,0.90010174,914,0.0,
shorts,TqozFe8wuy0,45.8441,76.4068,0.90003533,915,0.0,
shorts,_2ahcmKOIdc,45.8286,76.381,0.89978055,916,0.0,
shorts,46fijNFeC3g,45.8131,76.3552,0.89957545,917,0.0,
shorts,owhdq6hE2_U,45.7976,76.3294,0.89942137,918,0.0,
shorts,8pxIIuY203o,45.7822,76.3036,0.89911108,919,0.0,
shorts,vHbmVcAtcRI,45.7666,76.2777,0.89888477,920,0.0,
shorts,WdxJGS5GKp4,45.7511,76.2519,0.89830141,921,0.0,
shorts,LO-ucNRgZww,45.7202,76.2003,0.8974699,923,0.0,
shorts,up__2flbXw4,45.7047,76.1745,0.89745974,924,0.0,
shorts,hg5hzTWT6bM,45.6934,41.5075,0.06205937,2267,51.9723,high
shorts,Y0xLwBgodtk,45.6892,76.1487,0.89739986,925,0.0,
shorts,ub58xAhLHuY,45.6737,76.1229,0.89728394,926,0.0,
shorts,aZIez8G50b0,45.6583,76.0971,0.896707,927,0.0,
shorts,4FmDGhcw1dc,45.6427,76.0712,0.89645418,928,0.0,
shorts,KgGhT-rnUnc,45.6272,76.0454,0.89640243,929,0.0,
shorts,O6ZGBGgwxvY,45.6249,36.3965,0.03268626,2465,59.4675,high
shorts,KMkhCLpLSkk,45.6118,76.0196,0.89637833,930,0.0,
shorts,A2O_CSDImRs,45.5963,75.9938,0.89618148,931,0.0,
shorts,CIfRZyWlWf8,45.5808,75.968,0.89598511,932,0.0,
shorts,2CzQiatDwUc,45.5653,75.9422,0.89459644,933,0.0,
shorts,TXILiKXsf8A,45.5498,75.9164,0.89400503,934,0.0,
shorts,jESfqSegNi8,45.5454,42.0496,0.06599995,2246,50.7891,high
shorts,mYxbmWCkImc,45.5431,33.841,0.02187955,2564,63.0963,high
shorts,bSWItOAaItI,45.5344,75.8906,0.89311706,935,0.0,
shorts,BOmoHEqPhy0,45.5197,40.191,0.05270314,2318,53.5128,high
shorts,9PMReHdpT9M,45.5188,75.8647,0.89302472,936,0.0,
shorts,vp4XgAoKrUQ,45.5033,75.8389,0.89291965,937,0.0,
shorts,jZID5CoClkA,45.4879,75.8131,0.89284808,938,0.0,
shorts,R4tcRBuyA8I,45.4569,75.7615,0.89275222,940,0.0,
shorts,3rtIwD1AiIA,45.4414,75.7357,0.89253754,941,0.0,
shorts,ZwVNe0pB6Ys,45.4259,75.7099,0.89164683,942,0.0,
shorts,ZrOpNHVszF8,45.4104,75.684,0.89160641,943,0.0,
shorts,KGeCwEOLPGE,45.3949,75.6582,0.89113637,944,0.0,
shorts,PJQhN8D12Vk,45.3943,35.2091,0.02610528,2511,60.672,high
shorts,ESV__6UPiNs,45.3794,75.6324,0.89018643,945,0.0,
shorts,oIqydCvxWBI,45.364,75.6066,0.88965554,946,0.0,
shorts,a8KHcQLaesw,45.3485,75.5808,0.88811778,947,0.0,
shorts,Bcag49Fk3zA,45.333,75.555,0.88777467,948,0.0,
shorts,6HfmdN2Mqds,45.3277,35.08,0.02557984,2516,60.6992,high
shorts,n3O7JhYUpEs,45.3175,75.5292,0.88776919,949,0.0,
shorts,nJ0oh5u6YbM,45.302,75.5034,0.88656367,950,0.0,
shorts,AtLsDKA-DN4,45.2865,75.4775,0.88654646,951,0.0,
shorts,7HIg3b4PjyM,45.271,75.4517,0.88644231,952,0.0,
shorts,DEyELpLx00k,45.2555,75.4259,0.88614614,953,0.0,
shorts,o5bB8qKogck,45.2401,75.4001,0.88578203,954,0.0,
shorts,DCuuxbGvPb4,45.2246,75.3743,0.88566701,955,0.0,
shorts,8WDyeNxiopM,45.2091,75.3485,0.88526089,956,0.0,
shorts,7D6CSmm0jiI,45.1936,75.3227,0.88499661,957,0.0,
shorts,4vLQ1hEKJdg,45.1781,75.2969,0.88443949,958,0.0,
shorts,MqShXHJUe-A,45.1673,38.7455,0.04304325,2374,54.7999,high
shorts,g-7nUex4nVg,45.167,36.0867,0.03054399,2477,58.7874,high
shorts,gf7Z3UWwpUY,45.1626,75.271,0.8838895,959,0.0,
shorts,2ZRAiIT4aHE,45.1471,75.2452,0.88344432,960,0.0,
shorts,G0fYRckcwPk,45.1316,75.2194,0.88323768,961,0.0,
shorts,cus3mgC9njg,45.1162,75.1936,0.88238221,962,0.0,
shorts,4noSQr-Am-o,45.1007,75.1678,0.88144749,963,0.0,
shorts,vVoQFO8r0Co,45.0852,75.142,0.88111791,964,0.0,
shorts,2UytqLv7xwc,45.0697,75.1162,0.88085183,965,0.0,
shorts,jxXwgvHu6ug,45.0542,75.0903,0.88083948,966,0.0,
shorts,-es1HUEXdVA,45.0387,75.0645,0.88067026,967,0.0,
shorts,_Qc01vPZtCk,45.0232,75.0387,0.88054272,968,0.0,
shorts,LJMppBho3ts,45.0077,75.0129,0.88051294,969,0.0,
shorts,BX33zZRM1Yg,44.9923,74.9871,0.88037036,970,0.0,
shorts,WfDXOW1dNo4,44.9775,22.9737,0.0036479,2985,77.9832,high
shorts,df8m5VhKqhM,44.9768,74.9613,0.88012382,971,0.0,
shorts,4foxN2BavDQ,44.9613,74.9355,0.88011397,972,0.0,
shorts,djQ4uyTVM8c,44.9458,74.9097,0.87984171,973,0.0,
shorts,PHZSU7a9T7g,44.9444,41.0428,0.05887064,2285,50.7968,high
shorts,Kq_dwzZJGJc,44.9303,74.8838,0.87980958,974,0.0,
shorts,TILtm1Umh68,44.9184,37.5839,0.03778122,2419,55.9202,high
shorts,BdOfmPe3j1s,44.9148,74.858,0.87971337,975,0.0,
shorts,ucN2hf0CgI8,44.8993,74.8322,0.87961653,976,0.0,
shorts,Pc9ZWPNH9eg,44.8838,74.8064,0.87947826,977,0.0,
shorts,zNO8ZCsdrzw,44.8684,74.7806,0.87946048,978,0.0,
shorts,xjcVnFd-4YA,44.8529,74.7548,0.87940994,979,0.0,
shorts,MV4K5WhqbUk,44.8374,74.729,0.87916927,980,0.0,
shorts,FKGxGyuIbag,44.8219,74.7031,0.87887021,981,0.0,
shorts,5PRSdDtX6OE,44.8064,74.6773,0.87861104,982,0.0,
shorts,Bj6MqL4pkXo,44.7909,74.6515,0.87824651,983,0.0,
shorts,OuKTrKSds0k,44.7754,74.6257,0.87754112,984,0.0,
shorts,tM7AjOccCuA,44.7599,74.5999,0.8775125,985,0.0,
shorts,M4bFVJIx3Nw,44.7445,74.5741,0.87681682,986,0.0,
shorts,vhWWYT1cyuc,44.729,74.5483,0.87676076,987,0.0,
shorts,tqgU0Z2-c9Q,44.7135,74.5225,0.87661157,988,0.0,
shorts,8urnbhLVX6w,44.698,74.4966,0.87637421,989,0.0,
shorts,QVysQAx8MXc,44.6825,74.4708,0.87627123,990,0.0,
shorts,K4jejpSlUck,44.667,74.445,0.87620208,991,0.0,
shorts,tHdlO8sfc4Q,44.6515,74.4192,0.87574316,992,0.0,
shorts,ZM0eiw-3KnA,44.6208,38.952,0.04450463,2366,53.124,high
shorts,e-fi6z80CoA,44.6206,74.3676,0.87542369,994,0.0,
shorts,eDLI9e9AKQs,44.6051,74.3418,0.87516321,995,0.0,
shorts,YA8-baVvaho,44.5896,74.316,0.87514775,996,0.0,
shorts,8YlV21ChdBY,44.5833,40.8363,0.05760284,2293,50.2038,high
shorts,_yKVKvZ2FkM,44.5586,74.2643,0.87375401,998,0.0,
shorts,u_f8bJkfg68,44.5431,74.2385,0.8724085,999,0.0,
shorts,wL08vOQaK70,44.5314,32.7568,0.01880257,2606,62.1933,high
shorts,oCz0UzWtfpA,44.5276,74.2127,0.87135864,1000,0.0,
shorts,Ih-N_2sNBiU,44.5121,74.1869,0.87096409,1001,0.0,
shorts,KEstAKYc8Gk,44.4967,74.1611,0.87084605,1002,0.0,
shorts,_eePG6SNZ2c,44.4943,40.3975,0.05444443,2310,50.6394,high
shorts,fx4oGdI4C7A,44.4812,74.1353,0.87063854,1003,0.0,
shorts,YS3lKDJqbx8,44.4656,74.1094,0.87010824,1004,0.0,
shorts,m8nU1oWeHAI,44.4526,23.6706,0.00411739,2958,75.6256,high
shorts,NjyeN5N0Y-w,44.4502,74.0836,0.86972856,1005,0.0,
shorts,Khx85oaACM4,44.4475,37.429,0.03699763,2425,54.9752,medium
shorts,miIumYFqIQU,44.4347,74.0578,0.8696591,1006,0.0,
shorts,R_xmcQIxRRE,44.4037,74.0062,0.86933673,1008,0.0,
shorts,mDxz-Z2T27g,44.4028,41.6107,0.06322069,2263,48.591,high
shorts,9E8wiLnPiKQ,44.3882,73.9804,0.86911733,1009,0.0,
shorts,I0km3PMOCHM,44.3728,73.9546,0.86891416,1010,0.0,
shorts,O6HV8OknY9Q,44.3573,73.9288,0.86845021,1011,0.0,
shorts,L6xVq6zm3sU,44.3559,35.1575,0.026052,2513,58.1534,high
shorts,_WrHMsTYlOU,44.3417,73.9029,0.8679232,1012,0.0,
shorts,778_7BLo3FU,44.3263,73.8771,0.86722529,1013,0.0,
shorts,BZRqFjEEWRQ,44.3108,73.8513,0.86697666,1014,0.0,
shorts,yXsfO6sUjVk,44.2953,73.8255,0.86681223,1015,0.0,
shorts,FshjwEAJk88,44.2798,73.7997,0.86640101,1016,0.0,
shorts,PqQkLu0tmV8,44.2643,73.7739,0.86611496,1017,0.0,
shorts,nWfp_X31vqk,44.2626,33.3247,0.02024456,2584,60.6694,high
shorts,WKQhT1DjgC8,44.2489,73.7481,0.86579051,1018,0.0,
shorts,kCSfyf53Yy8,44.2334,73.7223,0.86566001,1019,0.0,
shorts,Yh_ebBNFsHg,44.2178,73.6964,0.86551122,1020,0.0,
shorts,xI4K2AjMPS8,44.2024,73.6706,0.86528096,1021,0.0,
shorts,YWSVHdiDbCc,44.1869,73.6448,0.86488586,1022,0.0,
shorts,lS3cqHoyeTM,44.1714,73.619,0.86421737,1023,0.0,
shorts,ZFeuxbxPbQI,44.1559,73.5932,0.86353802,1024,0.0,
shorts,aOs1f_0qMCs,44.1404,73.5674,0.86316042,1025,0.0,
shorts,met02sYUMm8,44.1377,45.302,0.10741263,2120,42.3912,medium
shorts,I_9mu8mwv64,44.125,73.5416,0.86259085,1026,0.0,
shorts,Qy_YMLKX8bQ,44.1227,25.7357,0.00579195,2878,71.7032,high
shorts,eFH8u-_SAGk,44.0939,73.4899,0.86210375,1028,0.0,
shorts,-0GoyR3OSYw,44.0785,73.4641,0.86155289,1029,0.0,
shorts,cDD8FbUKNZY,44.063,73.4383,0.86140716,1030,0.0,
shorts,Cit2bKRejmc,44.0612,26.2261,0.0062015,2859,70.8138,high
shorts,5TLCDfW6nSc,44.0475,73.4125,0.86112267,1031,0.0,
shorts,uL7CxFfy9EA,44.032,73.3867,0.8604588,1032,0.0,
shorts,0G8yHc7xt1E,44.0165,73.3609,0.85905021,1033,0.0,
shorts,3r7fDrXTxNc,44.0011,73.3351,0.85899573,1034,0.0,
shorts,kTz8p1gnJW8,43.9855,73.3092,0.85893816,1035,0.0,
shorts,io_Ysi-LFWE,43.97,73.2834,0.85893046,1036,0.0,
shorts,u5JxIt3XMqk,43.9546,73.2576,0.85823034,1037,0.0,
shorts,D-fTeBGkuF4,43.9391,73.2318,0.85802524,1038,0.0,
shorts,_UFmkJrpc3Q,43.9376,34.4347,0.02388661,2541,58.1919,high
shorts,gnOXwXSvDuE,43.9371,38.6164,0.04224153,2379,51.9181,high
shorts,gJwLHENDwvw,43.9236,73.206,0.85734239,1039,0.0,
shorts,ixewNxGsuTA,43.9213,41.1203,0.05953911,2282,48.1227,medium
shorts,zniRrnvctGg,43.9081,73.1802,0.85709906,1040,0.0,
shorts,_KJu2iWkjNU,43.8926,73.1544,0.85677245,1041,0.0,
shorts,PgnfJJvijs0,43.8771,73.1285,0.85591081,1042,0.0,
shorts,SZlLDTBLy1I,43.8616,73.1027,0.8554646,1043,0.0,
shorts,MANsPvLwJs0,43.854,25.0129,0.0051111,2906,72.1156,high
shorts,3HhG9hwn8Yk,43.8461,73.0769,0.85500376,1044,0.0,
shorts,Kw5iV6vJYaM,43.8307,73.0511,0.85415168,1045,0.0,
shorts,W9Jv28mYywk,43.8152,73.0253,0.853925,1046,0.0,
shorts,87xAJoZobKo,43.7997,72.9995,0.85377903,1047,0.0,
shorts,vNXFk8iGHk8,43.7842,72.9737,0.85375076,1048,0.0,
shorts,ZVM2UUcVdKo,43.7687,72.9479,0.85339665,1049,0.0,
shorts,i8HnDSsiavU,43.7532,72.922,0.85307979,1050,0.0,
shorts,FWd0pTgMyrY,43.7377,72.8962,0.85298387,1051,0.0,
shorts,LAAMzBzhpuo,43.7222,72.8704,0.85292625,1052,0.0,
shorts,UKr69KznpgU,43.7068,72.8446,0.85263737,1053,0.0,
shorts,iIjqR0FYfE4,43.6913,72.8188,0.85239453,1054,0.0,
shorts,TrPGiDGAr8M,43.6832,25.968,0.00598886,2869,70.2559,high
shorts,wiA5qiNaC3o,43.6758,72.793,0.8521597,1055,0.0,
shorts,vpjKtvMJ2oM,43.6659,39.0294,0.04504784,2363,50.6207,high
shorts,qqgVOAOzODc,43.6634,35.364,0.02653705,2505,56.1124,high
shorts,NjuU6sn9uCI,43.6603,72.7672,0.85210323,1056,0.0,
shorts,BAORYfrrBzc,43.6448,72.7414,0.85151245,1057,0.0,
shorts,AtSQBfBK6HE,43.6293,72.7155,0.85143776,1058,0.0,
shorts,8Rp3I3s0tD8,43.6138,72.6897,0.85137368,1059,0.0,
shorts,Ysl1eHH9nVw,43.6106,31.3113,0.01486108,2662,62.0595,high
shorts,CIqKaVirsDc,43.6023,37.1451,0.03597887,2436,53.288,high
shorts,X20deRLmCFM,43.5983,72.6639,0.85110383,1060,0.0,
shorts,bCSLJhdnJZY,43.5829,72.6381,0.85032379,1061,0.0,
shorts,uD8ZEKybu5A,43.5674,72.6123,0.84888669,1062,0.0,
shorts,3lw52WJgl1g,43.5574,27.491,0.00753583,2810,67.6571,high
shorts,6s7IE6Y-heM,43.5519,72.5865,0.84835242,1063,0.0,
shorts,8yvfUzJSrmc,43.5364,72.5607,0.84822169,1064,0.0,
shorts,AqyErV0IJcM,43.5209,72.5348,0.84747319,1065,0.0,
shorts,dt6QJd7Mug4,43.5054,72.509,0.8473535,1066,0.0,
shorts,kCT6GHZ61-M,43.4899,72.4832,0.84722091,1067,0.0,
shorts,LcdgQAVpNuQ,43.4744,72.4574,0.84713424,1068,0.0,
shorts,RnDB_f-rTK8,43.459,72.4316,0.84663043,1069,0.0,
shorts,RKhs5YP4Xf4,43.4435,72.4058,0.84638751,1070,0.0,
shorts,YOnNGanZUaQ,43.428,72.38,0.84602134,1071,0.0,
shorts,FUzmCJRbOXI,43.4125,72.3542,0.8454448,1072,0.0,
shorts,mwJh1SnLGu8,43.397,72.3283,0.84510672,1073,0.0,
shorts,l0ajkWIuraE,43.3903,25.3485,0.00537405,2893,70.4529,high
shorts,yU7LNxVOvis,43.3815,72.3025,0.84497826,1074,0.0,
shorts,MNNGK0ie1To,43.366,72.2767,0.8449375,1075,0.0,
shorts,ZLBr473Lq9Q,43.3505,72.2509,0.84473819,1076,0.0,
shorts,A4HR8x_zEp0,43.3351,72.2251,0.84439578,1077,0.0,
shorts,aqPlGUMoGF4,43.3196,72.1993,0.84415569,1078,0.0,
shorts,JDkbvAGZWAw,43.2922,36.8095,0.03415554,2449,53.0162,high
shorts,V2eUiaGJ51Y,43.2886,72.1477,0.84399345,1080,0.0,
shorts,VsRYoz1QaHY,43.2731,72.1218,0.84393763,1081,0.0,
shorts,PGobycnOawQ,43.2576,72.096,0.84384681,1082,0.0,
shorts,q2sePcdMbRQ,43.2559,38.1776,0.03980866,2396,50.8733,high
shorts,dSKLhTd5Mmw,43.2421,72.0702,0.84322252,1083,0.0,
shorts,BJS9ydN30-4,43.2266,72.0444,0.84317092,1084,0.0,
shorts,bY8RFbMbI4c,43.2112,72.0186,0.8427967,1085,0.0,
shorts,WeliLUboy3M,43.1957,71.9928,0.8426121,1086,0.0,
shorts,341jHTzTi1w,43.1926,26.3036,0.00631117,2856,68.5262,high
shorts,IMM5cm6xrXQ,43.1802,71.967,0.84223548,1087,0.0,
shorts,KneBhTNI86k,43.1647,71.9411,0.84171826,1088,0.0,
shorts,vSt2FcJfa9Q,43.1492,71.9153,0.84126387,1089,0.0,
shorts,objQF8D-t3Q,43.1422,29.4528,0.01085811,2734,63.6764,high
shorts,74sIK6ah6ns,43.1337,71.8895,0.84117331,1090,0.0,
shorts,HpOfi63hv8U,43.1182,71.8637,0.8411518,1091,0.0,
shorts,qlZExUJlYmw,43.1027,71.8379,0.84087038,1092,0.0,
shorts,SK7yqZdN3Dg,43.0932,25.0645,0.00516299,2904,70.1362,high
shorts,OkaVwap1g0Q,43.0873,71.8121,0.84051684,1093,0.0,
shorts,rQK5lTJIsaQ,43.087,38.0227,0.03931438,2402,50.6834,high
shorts,nrIEhoSCOg8,43.0803,25.555,0.00563851,2885,69.3683,high
shorts,B68QDB2YfZY,43.0718,71.7863,0.84028863,1094,0.0,
shorts,b7RIygwt4tA,43.0563,71.7605,0.84009203,1095,0.0,
shorts,XNDiFY5vIk0,43.051,32.318,0.01748197,2623,59.1505,high
shorts,4YkE6CF1A7M,43.0408,71.7346,0.8393727,1096,0.0,
shorts,FThZVI1naPQ,43.0253,71.7088,0.83864077,1097,0.0,
shorts,31t_CBePs34,43.0098,71.683,0.83772708,1098,0.0,
shorts,gwyPy30tvik,42.9943,71.6572,0.83658223,1099,0.0,
shorts,dI97DmsQwcc,42.9788,71.6314,0.836207,1100,0.0,
shorts,cnkk5_namBk,42.9634,71.6056,0.83594682,1101,0.0,
shorts,jwD3VeaU_ng,42.9399,30.7176,0.01332635,2685,61.2733,high
shorts,WyaSFPpbNLY,42.9323,71.5539,0.83577696,1103,0.0,
shorts,gP8QHTf4PBM,42.9252,36.1125,0.03069113,2476,53.1443,high
shorts,daTs4wtAbmM,42.9169,71.5281,0.83552239,1104,0.0,
shorts,aCFye-1HIhU,42.9116,33.4538,0.0207323,2579,57.0984,high
shorts,Z1Ac2v8mULM,42.9032,23.3092,0.00391551,2972,72.2943,high
shorts,wRBBgTdyf5o,42.9014,71.5023,0.8349508,1105,0.0,
shorts,BePKAnumVdY,42.8859,71.4765,0.83469696,1106,0.0,
shorts,MAjbw8DJThg,42.8704,71.4507,0.8341287,1107,0.0,
shorts,XpGHI2mEoCs,42.8549,71.4249,0.83385197,1108,0.0,
shorts,un72e60njpM,42.824,71.3733,0.83291338,1110,0.0,
shorts,8DMF-AjqGLo,42.8084,71.3474,0.8328119,1111,0.0,
shorts,3REHDZgXE1k,42.8052,30.4337,0.0127267,2696,61.3624,high
shorts,kWIBe2hzd4M,42.793,71.3216,0.83083524,1112,0.0,
shorts,ylIZ2D5Td4I,42.7854,31.2081,0.01468713,2666,60.1513,high
shorts,g_IPsTInn_Q,42.7775,71.2958,0.83079524,1113,0.0,
shorts,17Ei8jzc5Rg,42.7768,34.9768,0.02543514,2520,54.4769,high
shorts,QfGDKr7CMsk,42.762,71.27,0.83072809,1114,0.0,
shorts,JHd4xZBm_Cs,42.7465,71.2442,0.8304251,1115,0.0,
shorts,Okv6wTeo-5E,42.731,71.2184,0.82947368,1116,0.0,
shorts,IJxeZabWamo,42.7156,71.1926,0.82908032,1117,0.0,
shorts,YolBsLRkQ18,42.7074,35.1058,0.02560358,2515,54.1099,high
shorts,9opMZrn2-zg,42.7073,31.3629,0.01496147,2660,59.7239,high
shorts,NuoEsHIW5JA,42.7064,37.9969,0.03925459,2403,49.7707,high
shorts,byDNhXVxK2Y,42.6845,71.1409,0.82662166,1119,0.0,
shorts,SpXHKo1vMIk,42.6691,71.1151,0.8253059,1120,0.0,
shorts,YXOk3n6LA6k,42.6536,71.0893,0.82517219,1121,0.0,
shorts,7daapzkUrqg,42.6381,71.0635,0.82514952,1122,0.0,
shorts,wgADj9n8XMs,42.6226,71.0377,0.8241763,1123,0.0,
shorts,NU-EyVl2SyU,42.6071,71.0119,0.82408615,1124,0.0,
shorts,rQw2hOC3kwg,42.5988,36.8611,0.03431951,2447,51.2053,high
shorts,p4q0TtyO3gE,42.5917,70.9861,0.82277435,1125,0.0,
shorts,NDnaKMfnAOE,42.5761,70.9602,0.822358,1126,0.0,
shorts,SV48trG0S5w,42.5606,70.9344,0.82228216,1127,0.0,
shorts,R1Vs8Rnl1iY,42.5523,32.0599,0.01673676,2633,58.2909,high
shorts,L8FsRxiGg7c,42.5452,70.9086,0.82102661,1128,0.0,
shorts,p7G9K9yg4a8,42.5297,70.8828,0.82096185,1129,0.0,
shorts,VjUZd19EOoY,42.5188,28.4461,0.00948601,2773,63.6278,high
shorts,StohAmMEWW8,42.5142,70.857,0.82087409,1130,0.0,
shorts,b8ehcVAn3x4,42.501,34.254,0.02318403,2548,54.8714,high
shorts,CPlARX1jyK8,42.4987,70.8312,0.819244,1131,0.0,
shorts,nxmAuqCYUBw,42.4832,70.8054,0.81906101,1132,0.0,
shorts,NlAVXfnM8N4,42.4678,70.7796,0.81876352,1133,0.0,
shorts,ZzrrUfFTu_8,42.4522,70.7537,0.81793055,1134,0.0,
shorts,GJXhgjQeChE,42.4467,28.8591,0.01021367,2757,62.828,high
shorts,iR6FvFoW0F4,42.4443,26.4843,0.00646364,2849,66.3843,high
shorts,3iPtFUDJ75s,42.4414,35.8802,0.02940194,2485,52.2831,high
shorts,sXV44nHGfAA,42.4406,29.5044,0.0109005,2732,61.845,high
shorts,8--Bq5oEsZ8,42.4367,70.7279,0.81785706,1135,0.0,
shorts,MxwVuQTGUbg,42.4357,29.1172,0.01056353,2747,62.4135,high
shorts,PiLa7lz5T_k,42.4213,70.7021,0.81733915,1136,0.0,
shorts,3J7nT_Rz0LY,42.4058,70.6763,0.81648308,1137,0.0,
shorts,YKhn-ewxAFM,42.3966,33.8926,0.02200533,2562,55.1526,high
shorts,elRlfrkPp4I,42.3903,70.6505,0.81585522,1138,0.0,
shorts,TG39Ow5fepA,42.3748,70.6247,0.81581922,1139,0.0,
shorts,EV1BAp-Tzk8,42.3593,70.5989,0.81544094,1140,0.0,
shorts,98VQpHj17Ws,42.3439,70.5731,0.81372201,1141,0.0,
shorts,9dq45yBDWBU,42.3283,70.5472,0.81350741,1142,0.0,
shorts,iNuSrPJlZjU,42.3235,22.6123,0.00341176,2999,71.8903,high
shorts,DjWc0_UuMhw,42.3128,70.5214,0.81305441,1143,0.0,
shorts,5oiGIdNcA6c,42.3003,24.3676,0.00461304,2931,69.1994,high
shorts,_xzp_bCx_gM,42.2974,70.4956,0.81218488,1144,0.0,
shorts,HBezrmK2eEY,42.2931,21.6314,0.0028508,3037,73.2856,high
shorts,VgH5rhALEfU,42.2819,70.4698,0.81205941,1145,0.0,
shorts,m_Pt_uzlEgg,42.2751,23.4383,0.00401092,2967,70.5304,high
shorts,R-klQGp_308,42.2664,70.444,0.81174591,1146,0.0,
shorts,oUZ9Cxp_tkg,42.2563,23.0253,0.00368187,2983,71.1028,high
shorts,VyiUDDs4w1w,42.2509,70.4182,0.8108939,1147,0.0,
shorts,AiCdeZpXB9o,42.2354,70.3924,0.81075282,1148,0.0,
shorts,PdP7dL7YD74,42.2199,70.3665,0.81070249,1149,0.0,
shorts,N1wdfM6UjlU,42.2044,70.3407,0.81035229,1150,0.0,
shorts,Sq5PmpbEEHU,42.1889,70.3149,0.80922474,1151,0.0,
shorts,pER8nXPJqC4,42.1735,70.2891,0.80889242,1152,0.0,
shorts,VghXqPeoBHI,42.1647,34.1507,0.02285646,2552,54.1858,high
shorts,ndkH5fZSIvs,42.158,70.2633,0.8070275,1153,0.0,
shorts,SY53rwqE2i0,42.1448,30.382,0.01268116,2698,59.7891,high
shorts,lmZ7V7l4yJU,42.1425,70.2375,0.80568936,1154,0.0,
shorts,Lnhy0tZ8SUI,42.1305,31.1822,0.01462415,2667,58.553,high
shorts,lz0L9Hn04AI,42.127,70.2117,0.80567376,1155,0.0,
shorts,K4a3SQ5EU5Y,42.1115,70.1859,0.80517841,1156,0.0,
shorts,l84aAhpI8yc,42.096,70.16,0.80467208,1157,0.0,
shorts,owFk5bej4TA,42.0904,31.1306,0.01427072,2669,58.53,high
shorts,9B62ulkJ_c4,42.0805,70.1342,0.80445113,1158,0.0,
shorts,qIwRZO0xi7U,42.065,70.1084,0.80385358,1159,0.0,
shorts,n8cZpfGQb1k,42.051,35.8028,0.02889071,2488,51.4234,high
shorts,tm6dAicHKBU,42.0496,70.0826,0.80372567,1160,0.0,
shorts,mah_Pn1XkSo,42.0341,70.0568,0.803394,1161,0.0,
shorts,nOrpKnX0B9A,42.0197,22.7414,0.00354192,2994,70.9372,high
shorts,UqLbzINEAu4,42.0186,70.031,0.80175736,1162,0.0,
shorts,oDH22HrYOrs,42.0031,70.0052,0.80083199,1163,0.0,
shorts,WgcdDVIUXcI,41.9876,69.9793,0.80009305,1164,0.0,
shorts,IaAQseFTW14,41.9721,69.9535,0.7996643,1165,0.0,
shorts,QafeDiuBriE,41.9566,69.9277,0.79930195,1166,0.0,
shorts,rYKQ0Ukxe6k,41.9516,22.1735,0.00308636,3016,71.6188,high
shorts,1-zrnj9Z6FA,41.9464,21.1926,0.00264246,3054,73.077,high
shorts,TCkGzHrGAOs,41.9411,69.9019,0.79911442,1167,0.0,
shorts,U0aLhe-zF1w,41.9257,69.8761,0.79856528,1168,0.0,
shorts,2i7sK_9SCLI,41.919,38.9004,0.0440476,2368,46.4469,high
shorts,G-2pLhMxPMU,41.9102,69.8503,0.79851259,1169,0.0,
shorts,1-B-IJh_fsU,41.8947,69.8245,0.79803299,1170,0.0,
shorts,NlbKIg8noE4,41.8792,69.7987,0.79675193,1171,0.0,
shorts,lrlIYdmVTL4,41.8637,69.7728,0.79671919,1172,0.0,
shorts,JJtE516GAyM,41.8482,69.747,0.79563127,1173,0.0,
shorts,SRq2k75uLVo,41.8327,69.7212,0.79517939,1174,0.0,
shorts,S8G382NaZxI,41.8172,69.6954,0.79382315,1175,0.0,
shorts,iRXh3Pk9YB0,41.8018,69.6696,0.7937636,1176,0.0,
shorts,vshWjVLWGiE,41.7937,31.5436,0.01538442,2653,57.1689,high
shorts,dQzMnJm6nqk,41.7863,69.6438,0.79343745,1177,0.0,
shorts,0aTei76B2ZA,41.7708,69.618,0.79335218,1178,0.0,
shorts,BJ6ybiIMdbY,41.7588,22.5348,0.00332413,3002,70.5947,high
shorts,e8iZjAkq-Vw,41.7553,69.5922,0.79317914,1179,0.0,
shorts,am_lox4LWZ4,41.7398,69.5663,0.79317885,1180,0.0,
shorts,yE8fJOgv7Pc,41.7243,69.5405,0.79238459,1181,0.0,
shorts,vchzbl-1ZMo,41.7165,33.2215,0.02009135,2588,54.459,high
shorts,9UaAU6SwjFw,41.7088,69.5147,0.79165823,1182,0.0,
shorts,PszDiDnD0f4,41.6933,69.4889,0.79145004,1183,0.0,
shorts,jEBrYu09ta8,41.6779,69.4631,0.79020456,1184,0.0,
shorts,5xoJIpVmsno,41.6469,69.4115,0.78937859,1186,0.0,
shorts,p0dwtWXK_js,41.6461,28.4977,0.00953844,2771,61.3688,high
shorts,devETbnuDBM,41.6314,69.3856,0.78803139,1187,0.0,
shorts,eP66q0biNrQ,41.6159,69.3598,0.78696281,1188,0.0,
shorts,jIj6PuMrDGA,41.6053,21.9928,0.00304371,3023,71.0241,high
shorts,yIUDe9YH0ac,41.6004,69.334,0.78685153,1189,0.0,
shorts,Lylktn1iaMM,41.5849,69.3082,0.78659483,1190,0.0,
shorts,ZAmCJoz4c4w,41.5694,69.2824,0.78650693,1191,0.0,
shorts,if955Z_s4Ts,41.554,69.2566,0.78648659,1192,0.0,
shorts,HWAFdvN-agY,41.551,23.8255,0.00419206,2952,68.1392,high
shorts,QHE2QO8peRA,41.5385,69.2308,0.78638939,1193,0.0,
shorts,GlOQIsLX2rA,41.523,69.205,0.78627303,1194,0.0,
shorts,dJGLaiXh1wg,41.5075,69.1791,0.78530345,1195,0.0,
shorts,E64wQYMR2SQ,41.492,69.1533,0.78523495,1196,0.0,
shorts,MWEx8SLsqp8,41.4765,69.1275,0.78443817,1197,0.0,
shorts,p7xbXgr5HKQ,41.461,69.1017,0.78398946,1198,0.0,
shorts,MlSS4ZqvJuA,41.4578,22.8188,0.00356978,2991,69.4164,high
shorts,q1DzZiQP2FI,41.4455,69.0759,0.78383052,1199,0.0,
shorts,isFbm9vtHs4,41.4301,69.0501,0.78371453,1200,0.0,
shorts,ZjtJALByo70,41.4219,26.2519,0.00622559,2858,64.177,high
shorts,O-LDAtyHhUM,41.4146,69.0243,0.78368855,1201,0.0,
shorts,_J_4Mjav6iI,41.3994,28.8332,0.01020371,2758,60.2486,high
shorts,EdFyXexuyio,41.3991,68.9985,0.78356992,1202,0.0,
shorts,D0dLjMePLZY,41.3836,68.9726,0.78266799,1203,0.0,
shorts,T9G85_I6Lhs,41.3739,35.0284,0.02549563,2518,50.8921,high
shorts,WZnTgLjhSJg,41.3681,68.9468,0.78236936,1204,0.0,
shorts,v1SlIZlOVA0,41.3526,68.921,0.78233806,1205,0.0,
shorts,AhW3c4uj2cI,41.3371,68.8952,0.78232413,1206,0.0,
shorts,3KWQ6EIPghs,41.3216,68.8694,0.78132534,1207,0.0,
shorts,8ZZrG3BGMEw,41.3062,68.8436,0.78116744,1208,0.0,
shorts,8fIRAhGGRgA,41.2907,68.8178,0.78020068,1209,0.0,
shorts,wogSD6YbV0o,41.2751,68.7919,0.77985788,1210,0.0,
shorts,ukg8ASqdRmc,41.2597,68.7661,0.77957914,1211,0.0,
shorts,9ERKnW5WgOk,41.2447,22.5865,0.00332871,3000,69.2319,high
shorts,WKnBM1uAlkE,41.2442,68.7403,0.77876254,1212,0.0,
shorts,cqBx1XJEg6o,41.2321,34.1766,0.02303107,2551,51.8153,high
shorts,MFD4aBT-RCc,41.2287,68.7145,0.77860362,1213,0.0,
shorts,UmJYgbMXXQw,41.2132,68.6887,0.77751017,1214,0.0,
shorts,dhbt8y_LXQY,41.1977,68.6629,0.77724567,1215,0.0,
shorts,YGwqvGyl9f8,41.1823,68.6371,0.77549303,1216,0.0,
shorts,6Ha2aiYMoNA,41.1668,68.6113,0.77368625,1217,0.0,
shorts,SmZByY5CwPE,41.1512,68.5854,0.77313728,1218,0.0,
shorts,eF2PLovMQtw,41.1358,68.5596,0.77301346,1219,0.0,
shorts,eh649BvJ7yA,41.1203,68.5338,0.77237638,1220,0.0,
shorts,g7ANmC6IYog,41.1112,19.6438,0.00211541,3114,73.3123,high
shorts,bEbSZKdf1yA,41.1048,68.508,0.77082381,1221,0.0,
shorts,a9hNENHQrqo,41.0893,68.4822,0.77052048,1222,0.0,
shorts,aIWb4P90ANA,41.0738,68.4564,0.76928069,1223,0.0,
shorts,71QoiP6ZYbw,41.0584,68.4306,0.76920257,1224,0.0,
shorts,yQn0PrcaxWQ,41.0513,20.4698,0.00240754,3082,71.9236,high
shorts,SSYdcAv2RP8,41.0273,68.3789,0.76895694,1226,0.0,
shorts,CykfpAkHAUw,41.0119,68.3531,0.76831053,1227,0.0,
shorts,sSBzZcTrYiI,40.9964,68.3273,0.7672131,1228,0.0,
shorts,oGh2HUq2OSk,40.9953,31.6985,0.01576315,2647,54.9404,high
shorts,I3khGiwj27s,40.9809,68.3015,0.7667811,1229,0.0,
shorts,WIPMzBbfEbk,40.9779,22.3542,0.00317652,3009,68.9135,high
shorts,EdBDy7csgQQ,40.9654,68.2757,0.76642514,1230,0.0,
shorts,xLEEiMWgp-E,40.962,23.7223,0.00414753,2956,66.8215,high
shorts,_MyQW9NZ1NM,40.9499,68.2499,0.76621622,1231,0.0,
shorts,S1yacG7zeTY,40.9345,68.2241,0.76344787,1232,0.0,
shorts,9shE5GdYp68,40.9318,24.8838,0.00500822,2911,65.0039,high
shorts,Ub9dby_Ljwo,40.9189,68.1982,0.76260267,1233,0.0,
shorts,YAVjLDUQe1Q,40.9034,68.1724,0.76203669,1234,0.0,
shorts,iLxyY2XMHq0,40.888,68.1466,0.76179878,1235,0.0,
shorts,BHCpoVaQyyw,40.8768,20.0826,0.00225897,3097,72.0682,high
shorts,GQQyi1bLArA,40.8725,68.1208,0.75995936,1236,0.0,
shorts,Jz92sF87dkE,40.857,68.095,0.75588824,1237,0.0,
shorts,QCQTrGEFZYw,40.8415,68.0692,0.75566212,1238,0.0,
shorts,VWqr_xdi7v4,40.826,68.0434,0.75540511,1239,0.0,
shorts,YPboGQjMxNY,40.8106,68.0176,0.75534143,1240,0.0,
shorts,AA8_FvtEv4U,40.8056,35.6737,0.02841107,2493,48.5034,high
shorts,hOQ3M6jdE8Y,40.7957,24.032,0.00431133,2944,65.9413,high
shorts,hB4ITKEZI9o,40.795,67.9917,0.75477967,1241,0.0,
shorts,GEXxx3JQmdw,40.7949,26.8456,0.006909,2835,61.7189,high
shorts,K7mR2Psti3o,40.7795,67.9659,0.75376566,1242,0.0,
shorts,HWolOvCU3Wo,40.7641,67.9401,0.75284249,1243,0.0,
shorts,1u9vedMUelI,40.7486,67.9143,0.75266749,1244,0.0,
shorts,qf-fBjOU3Vw,40.7445,34.5638,0.02445182,2536,50.0155,high
shorts,wrcPtCeM4pQ,40.7176,67.8627,0.75227811,1246,0.0,
shorts,tiIRdn72JCU,40.7068,34.3056,0.02329279,2546,50.3085,high
shorts,AX4Axl52uBQ,40.7029,31.0015,0.01409587,2674,55.2551,high
shorts,58CV_fm_fGY,40.7021,67.8369,0.75219192,1247,0.0,
shorts,_LRfzYRul0Y,40.6866,67.811,0.75138483,1248,0.0,
shorts,t8TRzT65G-k,40.6711,67.7852,0.7463272,1249,0.0,
shorts,0jL1WCuBUsg,40.6556,67.7594,0.74611569,1250,0.0,
shorts,F_tQoH6nvtg,40.6402,67.7336,0.74578723,1251,0.0,
shorts,uZBIzw2OhBc,40.6313,19.6696,0.00212823,3113,72.0739,high
shorts,bJTU8wozgFQ,40.6247,67.7078,0.74529232,1252,0.0,
shorts,ECbBopO0KkE,40.6092,67.682,0.74459996,1253,0.0,
shorts,ucFT7L44RFI,40.5971,21.8637,0.00299085,3028,68.6973,high
shorts,bNrsI-GIA8s,40.5937,67.6562,0.74349656,1254,0.0,
shorts,WnFZ2t8zd0M,40.5782,67.6304,0.74258315,1255,0.0,
shorts,6xeLpKMkNGI,40.5704,30.7692,0.01342294,2683,55.2722,high
shorts,JyBDjI999Ow,40.5627,67.6045,0.74213953,1256,0.0,
shorts,B8E4azaZ13k,40.5475,27.207,0.0072411,2821,60.5583,high
shorts,EGTF9mGda4U,40.5472,67.5787,0.74048886,1257,0.0,
shorts,4LJ6dmvKxc8,40.5454,26.6908,0.00669438,2841,61.3272,high
shorts,4RqImKKihiY,40.5317,67.5529,0.74006005,1258,0.0,
shorts,njMn9F44__4,40.5163,67.5271,0.73964898,1259,0.0,
shorts,GDex3WIPF7c,40.4853,67.4755,0.73836373,1261,0.0,
shorts,0viUD3MtC3I,40.4774,32.0083,0.01661798,2635,53.1811,high
shorts,dyy-YNiS0U4,40.474,24.5999,0.00481493,2922,64.2851,high
shorts,w3ZwcuKWjkI,40.4698,67.4497,0.73824581,1262,0.0,
shorts,HjeQVWLRf-8,40.4543,67.4239,0.73811378,1263,0.0,
shorts,RVHfHg9bIQU,40.4485,31.6727,0.01574778,2648,53.6122,high
shorts,6jI9H3lyil4,40.4388,67.398,0.738099,1264,0.0,
shorts,d1s3127JNoA,40.4233,67.3722,0.7378789,1265,0.0,
shorts,0J7DaC-4N9w,40.4078,67.3464,0.73777176,1266,0.0,
shorts,mge8F1-mWtc,40.3924,67.3206,0.73766956,1267,0.0,
shorts,9i05lDjmV-A,40.3769,67.2948,0.73730244,1268,0.0,
shorts,4Y94xhZcF0U,40.3614,67.269,0.73690304,1269,0.0,
shorts,MWdJLkllTuo,40.3459,67.2432,0.73688268,1270,0.0,
shorts,nVp6CFK_Lfs,40.3304,67.2173,0.7365695,1271,0.0,
shorts,IWK7FnBFDSs,40.3149,67.1915,0.73331311,1272,0.0,
shorts,uLRjtu23vx8,40.2994,67.1657,0.73217474,1273,0.0,
shorts,MOrBFf1DVvs,40.2839,67.1399,0.7319061,1274,0.0,
shorts,LXLv-d2hrfc,40.2726,30.8209,0.01352324,2681,54.4501,high
shorts,O26UmdpBMbo,40.2703,19.1017,0.00191156,3135,72.0233,high
shorts,eg29yDV4awE,40.2685,67.1141,0.73051049,1275,0.0,
shorts,iY0N2tAyDGU,40.253,67.0883,0.72995339,1276,0.0,
shorts,FgfFZoCRDjA,40.2375,67.0625,0.72851586,1277,0.0,
shorts,_xzuXafeZXo,40.222,67.0367,0.72763042,1278,0.0,
shorts,4s9LuOSR3Q4,40.2065,67.0108,0.72755542,1279,0.0,
shorts,0nW1edYivxc,40.191,66.985,0.72724084,1280,0.0,
shorts,Zzvy--ibQkA,40.1755,66.9592,0.7266456,1281,0.0,
shorts,yqG9N9z4EBs,40.16,66.9334,0.72579208,1282,0.0,
shorts,fE_83TZYPog,40.1446,66.9076,0.72318785,1283,0.0,
shorts,NVCMy3Yq6cI,40.1291,66.8818,0.7228834,1284,0.0,
shorts,lq3jLTh_Ijw,40.1136,66.856,0.72019849,1285,0.0,
shorts,Ky5BxRKVCHo,40.0981,66.8301,0.71981571,1286,0.0,
shorts,j8n_z9uZLyY,40.0826,66.8043,0.71950942,1287,0.0,
shorts,aUtyLLHCSd4,40.0671,66.7785,0.71856062,1288,0.0,
shorts,8C-lYCzCVX4,40.0516,66.7527,0.7164446,1289,0.0,
shorts,sKS5y2dF1GQ,40.0361,66.7269,0.71642837,1290,0.0,
shorts,nFOB_MePg2w,40.0207,66.7011,0.71565643,1291,0.0,
shorts,eBXAckGnX0A,40.0052,66.6753,0.71489765,1292,0.0,
shorts,jbDrvrIDDUI,39.9742,66.6236,0.71422249,1294,0.0,
shorts,msaY6dEWKHg,39.9587,66.5978,0.71405951,1295,0.0,
shorts,DSRfs1qKWR0,39.9432,66.572,0.71349482,1296,0.0,
shorts,mHvVH_x1q-A,39.9277,66.5462,0.7131931,1297,0.0,
shorts,LEOFfZXOkUY,39.9258,18.9468,0.00180085,3141,71.3944,high
shorts,DC-XJAOZH64,39.9256,23.1544,0.00378672,2978,65.0825,high
shorts,VF5HItKKgrI,39.9122,66.5204,0.7130839,1298,0.0,
shorts,yyYhCohRxX4,39.8968,66.4946,0.7127349,1299,0.0,
shorts,Y254oB1QNOE,39.8813,66.4688,0.71193373,1300,0.0,
shorts,2MInIAO3bFA,39.8746,24.445,0.00466176,2928,63.0191,high
shorts,fZ6E_ue2egg,39.8658,66.443,0.71181326,1301,0.0,
shorts,BVN4zHHF5-Q,39.8514,18.4564,0.00161284,3160,71.9439,high
shorts,_gtbKsUiMEw,39.8503,66.4171,0.71048623,1302,0.0,
shorts,GCzsS8_Fs_U,39.8348,66.3913,0.70974886,1303,0.0,
shorts,p94v32ElnGE,39.8193,66.3655,0.70950518,1304,0.0,
shorts,rmhdm883iL8,39.8038,66.3397,0.70914113,1305,0.0,
shorts,eaThDkDVFr4,39.7883,66.3139,0.70861189,1306,0.0,
shorts,I8UanrwBjGc,39.7749,27.5426,0.00765259,2808,58.1233,high
shorts,druglUL4b64,39.7729,66.2881,0.70840819,1307,0.0,
shorts,oRVJREzko-M,39.7574,66.2623,0.70803821,1308,0.0,
shorts,qMnu80UMVm4,39.7418,66.2364,0.70382105,1309,0.0,
shorts,vPOgnKvMOX8,39.7264,66.2106,0.70361496,1310,0.0,
shorts,ZAB6H0sN2BA,39.6954,66.159,0.70068028,1312,0.0,
shorts,w_Z0cdu9c9I,39.6917,23.3609,0.00393591,2970,64.188,high
shorts,aFvAFWzCwF8,39.6802,18.6887,0.00170048,3151,71.1674,high
shorts,tbSPs8ak4D8,39.6799,66.1332,0.70022589,1313,0.0,
shorts,W9DTMfUfC7E,39.6766,32.0857,0.01681738,2632,51.063,high
shorts,bwwsrjGZP2s,39.6644,66.1074,0.69960569,1314,0.0,
shorts,ad1CRDfKj9s,39.649,66.0816,0.69904043,1315,0.0,
shorts,0i21SiP8FHU,39.6335,66.0558,0.69845868,1316,0.0,
shorts,PswxfGUXK_g,39.6179,66.0299,0.69810113,1317,0.0,
shorts,-1rmpQz9lvA,39.6025,66.0041,0.69799613,1318,0.0,
shorts,XV4eV0wnx-c,39.5894,27.078,0.0070875,2826,58.3564,high
shorts,Y99SETIctg4,39.587,65.9783,0.6974017,1319,0.0,
shorts,KIwgjZycAyQ,39.5715,65.9525,0.69671966,1320,0.0,
shorts,5IcXF5cpX20,39.556,65.9267,0.69430852,1321,0.0,
shorts,2uFfXXZJcUU,39.5405,65.9009,0.69377624,1322,0.0,
shorts,PFK2YSOsjyQ,39.5251,65.8751,0.69362016,1323,0.0,
shorts,Wbz_IKVwXB0,39.5096,65.8493,0.6925019,1324,0.0,
shorts,LElMGL-0T6s,39.494,65.8234,0.69183355,1325,0.0,
shorts,QBKROXCVGEg,39.4786,65.7976,0.6910388,1326,0.0,
shorts,8-GTfKoHjDk,39.465,30.9757,0.01390424,2675,52.199,high
shorts,TOHhkgXtJl8,39.4631,65.7718,0.69065627,1327,0.0,
shorts,UTWcyTJJxxI,39.4476,65.746,0.68990771,1328,0.0,
shorts,nkHQ2bTCrhs,39.4321,65.7202,0.68650263,1329,0.0,
shorts,eeMXmcWUVjE,39.4236,18.4047,0.00159744,3162,70.952,high
shorts,rittRRIqBvE,39.4166,65.6944,0.68604961,1330,0.0,
shorts,wWNx9hXCOAM,39.3856,65.6427,0.68308309,1332,0.0,
shorts,lDyiY5vjqaw,39.3701,65.6169,0.68303295,1333,0.0,
shorts,lWj_3TE2UsE,39.3605,25.8906,0.00589163,2872,59.5653,high
shorts,8erUsIGULKc,39.3551,25.5292,0.00560843,2886,60.0939,high
shorts,Re9uBHP_Aqo,39.3547,65.5911,0.6810279,1334,0.0,
shorts,lnhCmY079kM,39.3392,65.5653,0.68022031,1335,0.0,
shorts,oHcVPAp_ynQ,39.3362,31.8792,0.01606931,2640,50.5217,high
shorts,Rax-kdRVG74,39.3359,20.5989,0.00244409,3077,67.4415,high
shorts,dSRkaKvgOZc,39.3237,65.5395,0.67972764,1336,0.0,
shorts,7w_UJew1aDs,39.3082,65.5137,0.67627156,1337,0.0,
shorts,6tpnQGLgPwo,39.3007,20.2633,0.00235024,3090,67.8569,high
shorts,DnmAJidsIIY,39.2927,65.4879,0.67552937,1338,0.0,
shorts,GYzsuR7FvgU,39.2773,65.4621,0.67522338,1339,0.0,
shorts,ktyLuwrmNr4,39.2666,17.682,0.00138305,3190,71.6436,high
shorts,HV_IUWHxEFE,39.2617,65.4362,0.67507131,1340,0.0,
shorts,GwXyadIbJ_A,39.2462,65.4104,0.67392466,1341,0.0,
shorts,3M8mWtUbkHs,39.2308,65.3846,0.67389627,1342,0.0,
shorts,tXz-cftRqtU,39.2153,65.3588,0.67381143,1343,0.0,
shorts,sg3AKAZhXY8,39.1998,65.333,0.67152827,1344,0.0,
shorts,wEb6ULf3TzU,39.1843,65.3072,0.67068444,1345,0.0,
shorts,0t118SCf-2w,39.1688,65.2814,0.66940161,1346,0.0,
shorts,SiElz1faChE,39.1623,19.4631,0.00207041,3121,68.7112,high
shorts,BRDJpxAtGhc,39.1533,65.2555,0.66623795,1347,0.0,
shorts,Q3JZcugU5zw,39.1419,18.5854,0.00165197,3155,69.9766,high
shorts,q1RG3qqbXPs,39.1378,65.2297,0.66531149,1348,0.0,
shorts,AEyIODkxAuQ,39.1223,65.2039,0.66531032,1349,0.0,
shorts,9JttZssaqQw,39.0914,65.1523,0.66292345,1351,0.0,
shorts,V2d9YyBmeUk,39.0773,19.0759,0.00184593,3136,69.0793,high
shorts,zP6tXxGvz9Q,39.0759,65.1265,0.66173563,1352,0.0,
shorts,3iRtTzTiYWU,39.0604,65.1007,0.66113192,1353,0.0,
shorts,B4M5yiSXy6g,39.0449,65.0749,0.66029238,1354,0.0,
shorts,ppcr9q_Z7FM,39.0294,65.049,0.65980027,1355,0.0,
shorts,74LIuJGg0CI,39.0139,65.0232,0.65699474,1356,0.0,
shorts,dkbiqaRT9fo,38.9984,64.9974,0.65540643,1357,0.0,
shorts,jv13-whpdgI,38.9851,17.3722,0.00128884,3202,71.4044,high
shorts,g64GxnnK3XU,38.983,64.9716,0.6550729,1358,0.0,
shorts,rAOe7LSWngM,38.9675,64.9458,0.65374774,1359,0.0,
shorts,SSs7i4DW19g,38.952,64.92,0.65343674,1360,0.0,
shorts,Q9sgVUQz2Ag,38.9365,64.8942,0.65283933,1361,0.0,
shorts,JEZ21FiVbqU,38.921,64.8684,0.65129717,1362,0.0,
shorts,_5a8neKqys0,38.9055,64.8425,0.65081863,1363,0.0,
shorts,8CMkyTJpB2c,38.8991,17.8369,0.00143158,3184,70.4924,high
shorts,ipMrLlj_B50,38.8745,64.7909,0.64913489,1365,0.0,
shorts,O2VZerwPexA,38.8591,64.7651,0.64791931,1366,0.0,
shorts,ArA_8v8LTfY,38.8436,64.7393,0.64774075,1367,0.0,
shorts,-cnerWZQW4I,38.8281,64.7135,0.64555752,1368,0.0,
shorts,d0VoQtmw9Eg,38.8143,25.8389,0.00584554,2874,58.2775,high
shorts,IkPeEiPm8YE,38.8126,64.6877,0.6454585,1369,0.0,
shorts,CthF-LloGYM,38.7991,18.2241,0.00154767,3169,69.6615,high
shorts,3fh7-hAq5xM,38.7971,64.6618,0.6453554,1370,0.0,
shorts,Y5aoOsl-r00,38.7931,22.0444,0.00305156,3021,63.9162,high
shorts,7FYFhOiiMIU,38.7867,25.7615,0.00583175,2877,58.3246,high
shorts,DAXoO4aWFo4,38.7816,64.636,0.64489894,1371,0.0,
shorts,YfK3LI27YcU,38.7738,17.6304,0.00137061,3192,70.4889,high
shorts,mQ9Fb8tgFWg,38.7671,30.795,0.01346953,2682,50.7253,high
shorts,AYCclz5J0J4,38.7661,64.6102,0.64433157,1372,0.0,
shorts,cM9zl9_dG94,38.7506,64.5844,0.64400949,1373,0.0,
shorts,jYWus6Xt5Xo,38.7352,64.5586,0.64178166,1374,0.0,
shorts,l5u2Oo-3F3g,38.7197,64.5328,0.64158292,1375,0.0,
shorts,SoTjeq4cQZw,38.7081,26.1745,0.00611645,2861,57.5084,high
shorts,pEfdYCUe9OE,38.7042,64.507,0.64025319,1376,0.0,
shorts,-H1jK2bskvk,38.6887,64.4812,0.64019361,1377,0.0,
shorts,i9a5YvpbJmI,38.6732,64.4553,0.64017099,1378,0.0,
shorts,o1LnQHf3b6I,38.6684,24.6257,0.00482882,2921,59.7324,high
shorts,fn-NmtLFpI0,38.6577,64.4295,0.63978676,1379,0.0,
shorts,EfoHcXjqx1c,38.6422,64.4037,0.63667889,1380,0.0,
shorts,bMzRXbjLUAs,38.6283,18.9985,0.00181744,3139,68.0729,high
shorts,zXgdiBiKOW8,38.6267,64.3779,0.6361908,1381,0.0,
shorts,F0DJ9tjIVAM,38.5958,64.3263,0.63388059,1383,0.0,
shorts,s2XJAOs0n4U,38.5803,64.3005,0.63269248,1384,0.0,
shorts,7FOcIEjdcHE,38.5648,64.2747,0.63257571,1385,0.0,
shorts,b-NJDpglmeM,38.558,17.3464,0.00128124,3203,70.3755,high
shorts,6xh1NiQpJjA,38.5493,64.2488,0.6306514,1386,0.0,
shorts,Ti6j2PqSq2o,38.545,28.1105,0.00866875,2786,54.1967,high
shorts,TfNVbwvSgow,38.5338,64.223,0.63058462,1387,0.0,
shorts,mFiFFP7x_RQ,38.5314,16.3913,0.00106723,3240,71.7416,high
shorts,_m9jn2c6pTU,38.5183,64.1972,0.62974729,1388,0.0,
shorts,LtnZWQLW29g,38.5028,64.1714,0.62927595,1389,0.0,
shorts,YUKCYDmWzyY,38.5016,18.8436,0.00176439,3145,67.9887,high
shorts,MJ67aa1icKc,38.4892,33.8668,0.02193155,2563,45.4229,medium
shorts,nJIQZG6U620,38.4874,64.1456,0.6288828,1390,0.0,
shorts,NoC1TavyuoQ,38.4719,64.1198,0.62879594,1391,0.0,
shorts,OwQwg_00wSk,38.4564,64.094,0.628681,1392,0.0,
shorts,qB4imXhH2qA,38.4409,64.0681,0.62816376,1393,0.0,
shorts,IFSN-cX6ez8,38.4254,64.0423,0.62789697,1394,0.0,
shorts,vB7Kgb1PDls,38.4099,64.0165,0.62785165,1395,0.0,
shorts,389lMg_SC8Y,38.3944,63.9907,0.62784334,1396,0.0,
shorts,uHXjo7DUAAM,38.3855,23.5674,0.00404827,2962,60.6126,high
shorts,4vue8iQt5jI,38.3789,63.9649,0.62766994,1397,0.0,
shorts,3JD7uD6GPBw,38.3635,63.9391,0.62678354,1398,0.0,
shorts,2pao0845DQQ,38.348,63.9133,0.62511059,1399,0.0,
shorts,3FV3eXJOS34,38.317,63.8616,0.62457683,1401,0.0,
shorts,fB26iCmGWh8,38.3015,63.8358,0.62448119,1402,0.0,
shorts,hM1TlSzno5g,38.286,63.81,0.62414055,1403,0.0,
shorts,L2ugfy7kcIM,38.2705,63.7842,0.62366266,1404,0.0,
shorts,v3Dj9lvaDrg,38.255,63.7584,0.62248776,1405,0.0,
shorts,cITiLn9jwJk,38.2442,18.2757,0.00156627,3167,68.197,high
shorts,d4oSVB2lw7E,38.2396,63.7326,0.62178789,1406,0.0,
shorts,zPidbS_3R94,38.236,17.2432,0.00125971,3207,69.7251,high
shorts,QyRJCRbY6cs,38.2241,63.7068,0.61825668,1407,0.0,
shorts,6aKB_yPgSwI,38.2085,63.6809,0.61773145,1408,0.0,
shorts,cxI8y0t6rGo,38.1931,63.6551,0.61697228,1409,0.0,
shorts,Wj8owIKaQKQ,38.1805,22.8446,0.0035748,2990,61.1843,high
shorts,8rc2eBZ0uUI,38.1776,63.6293,0.61508214,1410,0.0,
shorts,4Q6LVRAHgIA,38.1621,63.6035,0.61378943,1411,0.0,
shorts,FDMd7r3ikB8,38.1466,63.5777,0.61361661,1412,0.0,
shorts,9QhQdo0m2_c,38.1311,63.5519,0.61333985,1413,0.0,
shorts,czOcWSdwMxg,38.1303,27.0263,0.0070788,2828,54.7862,high
shorts,JJun6e7z3w0,38.1157,63.5261,0.61210613,1414,0.0,
shorts,8MYi3eXH9Hs,38.1088,18.9726,0.00181099,3140,66.813,high
shorts,-2b1XsquE5Y,38.1002,63.5003,0.61154727,1415,0.0,
shorts,3IJAqIUGlxY,38.0868,28.2654,0.00882453,2780,52.8188,high
shorts,0HSNPIttevk,38.0846,63.4744,0.61088814,1416,0.0,
shorts,SFDjZeaRj6M,38.0692,63.4486,0.61042498,1417,0.0,
shorts,IOxrmK3JeBs,38.0537,63.4228,0.61018495,1418,0.0,
shorts,-6t20SnbOyc,38.0524,25.2452,0.00531054,2897,57.2633,high
shorts,Db7MHeXEWjg,38.0382,63.397,0.60922505,1419,0.0,
shorts,xUWqMdypNsM,38.0299,22.096,0.00305413,3019,61.9307,high
shorts,CtAPK8WsUb8,38.0227,63.3712,0.60714736,1420,0.0,
shorts,R-KTUF8DChM,38.0072,63.3454,0.60582939,1421,0.0,
shorts,1GBlsqcvjfo,38.0024,29.5302,0.01097183,2731,50.7107,high
shorts,KXpgCNB6Dcs,37.9918,63.3196,0.60417859,1422,0.0,
shorts,OI5z9S48LlI,37.9763,63.2938,0.60297406,1423,0.0,
shorts,Tnld96o9sN8,37.9607,63.2679,0.60176692,1424,0.0,
shorts,PmxNrM-jPbU,37.9298,63.2163,0.60134501,1426,0.0,
shorts,JZfG4Hqo2cI,37.9143,63.1905,0.60023505,1427,0.0,
shorts,0Z1lChyi2W4,37.8988,63.1647,0.59860018,1428,0.0,
shorts,1L5oV5oTDS0,37.8833,63.1389,0.59838195,1429,0.0,
shorts,1THq9IwaDm0,37.8787,18.5596,0.0016361,3156,66.8574,high
shorts,MAN9bteIX8w,37.871,22.1218,0.00305453,3018,61.4948,high
shorts,zYztb2VK_N0,37.8679,63.1131,0.59748645,1430,0.0,
shorts,Jo9Y--YIiOg,37.8523,63.0872,0.59695178,1431,0.0,
shorts,RAr3DtvcIjw,37.8368,63.0614,0.59496822,1432,0.0,
shorts,F6lBg4xDL14,37.8287,19.5663,0.00209612,3117,65.2223,high
shorts,3hPJd3tI1Wg,37.8214,63.0356,0.59343243,1433,0.0,
shorts,iIQWNM77De0,37.8059,63.0098,0.59320762,1434,0.0,
shorts,iRach9lpIlg,37.7749,62.9582,0.59171069,1436,0.0,
shorts,_dASAu79K0s,37.7666,21.2958,0.00269542,3050,62.4728,high
shorts,zbJcPhwFEk0,37.7594,62.9324,0.59128074,1437,0.0,
shorts,FzqqcEWrOVI,37.744,62.9066,0.58955081,1438,0.0,
shorts,YdG8-82WJyI,37.7309,15.2039,0.00089244,3286,71.5213,high
shorts,u6JoVWkyz-g,37.7284,62.8807,0.58953475,1439,0.0,
shorts,SDePzqfd8Bg,37.7238,31.079,0.01425107,2671,47.6909,high
shorts,1t2Yd_bmg_k,37.7204,17.5529,0.00134919,3195,67.9716,high
shorts,l6M-i6hqIG0,37.7129,62.8549,0.589294,1440,0.0,
shorts,Aa1qfpfSaVY,37.7012,22.922,0.00361171,2987,59.8699,high
shorts,pwcrn5bdr9c,37.6975,62.8291,0.5883927,1441,0.0,
shorts,8OTZLY0a_zc,37.682,62.8033,0.5876255,1442,0.0,
shorts,s6xbarj1Lb4,37.6665,62.7775,0.58745142,1443,0.0,
shorts,Bqv0iLw1Q_k,37.651,62.7517,0.58679217,1444,0.0,
shorts,E7PxcFm-Xs8,37.6472,22.3283,0.00314478,3010,60.6256,high
shorts,8Cc0marf_vs,37.6341,17.2173,0.00125498,3208,68.2593,high
shorts,-CTY5XDxt8E,37.6201,62.7001,0.58444356,1446,0.0,
shorts,SS2pxt00rGs,37.6086,26.3294,0.0063364,2855,54.5275,high
shorts,snM0UfZxakc,37.6045,62.6742,0.58438265,1447,0.0,
shorts,64Yzzwq8XqY,37.589,62.6484,0.58390438,1448,0.0,
shorts,dGjYPrNNjyM,37.5581,62.5968,0.5810905,1450,0.0,
shorts,v2JtOk9fpMk,37.5426,62.571,0.58090672,1451,0.0,
shorts,Y_jZyC-PmIg,37.5271,62.5452,0.57841973,1452,0.0,
shorts,1VvLw6sQMcI,37.5183,17.3206,0.00126176,3204,67.8148,high
shorts,gztlPinApRE,37.5116,62.5194,0.57760987,1453,0.0,
shorts,fWwaug6HgPg,37.4961,62.4935,0.57751509,1454,0.0,
shorts,HVXQO0-h1yQ,37.4858,16.5462,0.00108539,3234,68.8952,high
shorts,Gs0INaKmzzQ,37.4827,18.1982,0.00154734,3170,66.4094,high
shorts,ndxOgrc5bhM,37.4806,62.4677,0.57732741,1455,0.0,
shorts,cBokxkj8Kc0,37.4659,20.1342,0.00230419,3095,63.4634,high
shorts,pFVbV9hR-Is,37.4651,62.4419,0.57569533,1456,0.0,
shorts,shgZ8WYcC6k,37.4649,20.6505,0.00245859,3075,62.6866,high
shorts,FzAYUea4vE8,37.4555,22.0702,0.00305188,3020,60.5335,high
shorts,LphWYFz0xFM,37.4497,62.4161,0.57423985,1457,0.0,
shorts,CPJhzRv9y_8,37.4342,62.3903,0.57274695,1458,0.0,
shorts,KsYU-MErgto,37.4187,62.3645,0.57112345,1459,0.0,
shorts,QeAUzYqmQjE,37.4032,62.3387,0.5709994,1460,0.0,
shorts,U0f47Nt9g-Q,37.3877,62.3129,0.56982236,1461,0.0,
shorts,_ssdFP1hjwo,37.3722,62.287,0.56922137,1462,0.0,
shorts,GKCz_gBPkvI,37.3715,17.5271,0.0013432,3196,67.1381,high
shorts,mK3xENFCGnI,37.3412,62.2354,0.56791231,1464,0.0,
shorts,Nr2fxpeOqDY,37.3258,62.2096,0.56695297,1465,0.0,
shorts,avaxv1F46oI,37.3103,62.1838,0.56672459,1466,0.0,
shorts,9dIy1d0jmXw,37.308,25.9422,0.00597919,2870,54.3567,high
shorts,-I2aB6oeN3Q,37.2948,62.158,0.56643694,1467,0.0,
shorts,e5jQUYrRPRk,37.2913,17.9659,0.00147267,3179,66.2795,high
shorts,HEW0VJx9iw0,37.268,23.2318,0.00384428,2975,58.3223,high
shorts,E-pO8-QCiys,37.2638,62.1064,0.5656013,1469,0.0,
shorts,9Ke8dmefEqo,37.2573,17.6562,0.00137428,3191,66.6589,high
shorts,apIHVdEl2zs,37.2529,25.3743,0.0054319,2892,55.0708,high
shorts,bLe86iJJ2mg,37.2483,62.0805,0.56548156,1470,0.0,
shorts,-f4f9HVbOzw,37.2328,62.0547,0.56417112,1471,0.0,
shorts,y9P5eUO5eeY,37.2173,62.0289,0.56248141,1472,0.0,
shorts,LDXkrlIxj8U,37.214,15.3072,0.00090385,3282,70.0743,high
shorts,WynveK8qJx4,37.1941,18.3789,0.00158601,3163,65.417,high
shorts,qPikXaHU-jY,37.1937,14.3263,0.00078911,3320,71.4948,high
shorts,Mbu_CcRB7SE,37.1864,61.9773,0.56210788,1474,0.0,
shorts,pe_HkAV9yJM,37.174,21.4507,0.00277046,3044,60.7589,high
shorts,mm4ASkDweTg,37.1709,61.9515,0.56049735,1475,0.0,
shorts,vrW0swCG3Kg,37.157,16.5204,0.0010816,3235,68.112,high
shorts,Pr5caT7s0n0,37.1554,61.9257,0.55950071,1476,0.0,
shorts,V-CAMHcMHUU,37.1399,61.8998,0.55712104,1477,0.0,
shorts,BUCCpohvF-4,37.1244,61.874,0.55682596,1478,0.0,
shorts,CsVmFVJ3nes,37.1089,61.8482,0.55417001,1479,0.0,
shorts,wTZfT81oTrs,37.0934,61.8224,0.55372052,1480,0.0,
shorts,_OoESDdlE9c,37.0918,26.381,0.00641457,2853,53.158,high
shorts,pZPabwrRvKk,37.078,61.7966,0.55364168,1481,0.0,
shorts,01NMf5-J_P4,37.0696,21.967,0.00302724,3024,59.7236,high
shorts,wJlKBFy1fNE,37.0625,61.7708,0.55341988,1482,0.0,
shorts,IPsAjEyF3z0,37.047,61.745,0.55187423,1483,0.0,
shorts,g5ZBKyeP1n8,37.0315,61.7192,0.54913737,1484,0.0,
shorts,dINRvKoLQ-c,37.0258,16.1848,0.00102715,3248,68.2873,high
shorts,-ww-89ExZWk,37.016,61.6933,0.54857323,1485,0.0,
shorts,K8r6phTzCqE,37.0005,61.6675,0.54703153,1486,0.0,
shorts,g47pe7T6-KE,36.9876,16.1074,0.00101275,3251,68.3079,high
shorts,a-75aIoH2QI,36.985,61.6417,0.54467982,1487,0.0,
shorts,DEi104eHdio,36.9695,61.6159,0.54303253,1488,0.0,
shorts,4f0kExPoCFM,36.9541,61.5901,0.54184334,1489,0.0,
shorts,GIpW82nODbE,36.9386,61.5643,0.54128112,1490,0.0,
shorts,wwhtF9hSfcQ,36.9231,61.5385,0.54125073,1491,0.0,
shorts,H57K_ZTfLK4,36.9108,14.3005,0.00078876,3321,70.8262,high
shorts,qCuAkSYd1A4,36.9076,61.5126,0.53988598,1492,0.0,
shorts,qzdJbLigVho,36.8921,61.4868,0.53958733,1493,0.0,
shorts,jWcDTZ0PGkM,36.8766,61.461,0.5387713,1494,0.0,
shorts,dTdXxGma3cg,36.8611,61.4352,0.53847641,1495,0.0,
shorts,rUXEYT-WZgs,36.8456,61.4094,0.53784335,1496,0.0,
shorts,az3VKD9_H7Y,36.8384,22.5607,0.00332443,3001,58.255,high
shorts,bN7IkPq63Qo,36.8302,61.3836,0.53650887,1497,0.0,
shorts,rPAGWO3mtuE,36.8215,26.1487,0.0060942,2862,52.8306,high
shorts,mrAFW69XlX8,36.8147,61.3578,0.53568155,1498,0.0,
shorts,kkA3TvIJ_qg,36.7992,61.332,0.53555578,1499,0.0,
shorts,9YidUW-wL9c,36.7837,61.3061,0.5307722,1500,0.0,
shorts,zq1avWF6zS4,36.7682,61.2803,0.53069446,1501,0.0,
shorts,X5MyBjZ8Jgw,36.7618,15.746,0.00097188,3265,68.2855,high
shorts,AMlj2Fe8V04,36.7527,61.2545,0.52934899,1502,0.0,
shorts,q8AEtTOo2ZU,36.7491,14.8684,0.00083788,3299,69.5702,high
shorts,IZNeoCSdcfY,36.7419,18.8178,0.001755,3146,63.6281,high
shorts,f4N1Apai6YY,36.7372,61.2287,0.52903697,1503,0.0,
shorts,XI3TwwAvs3M,36.7217,61.2029,0.5285925,1504,0.0,
shorts,-lDwUYFl7Iw,36.7095,14.2488,0.00078504,3323,70.4005,high
shorts,97bQ7zx1ObY,36.7015,20.444,0.00240636,3083,61.0877,high
shorts,ozuqNydq1-g,36.6908,61.1513,0.5280667,1506,0.0,
shorts,66DJhymVVuo,36.6871,23.3351,0.00392554,2971,56.7151,high
shorts,ZZJQmSNAUYs,36.6753,61.1255,0.52699495,1507,0.0,
shorts,v2SVwN2WLHA,36.6631,14.636,0.00081907,3308,69.7037,high
shorts,jEVVx86aNXk,36.6598,61.0996,0.52689769,1508,0.0,
shorts,7SoezwqZwNg,36.6443,61.0738,0.52559366,1509,0.0,
shorts,FU_IVkS00Qs,36.6288,61.048,0.52512331,1510,0.0,
shorts,Y6xZzKPNj9Y,36.6133,61.0222,0.52433698,1511,0.0,
shorts,o0knFmac6kI,36.5978,60.9964,0.5230429,1512,0.0,
shorts,6QFhTwj9xnA,36.5824,60.9706,0.52086169,1513,0.0,
shorts,QLnHGjCD-Vw,36.5741,16.0041,0.00100006,3255,67.429,high
shorts,HCZIQLLYw6Y,36.5669,60.9448,0.5187262,1514,0.0,
shorts,x3nF275ownA,36.5513,60.9189,0.5179654,1515,0.0,
shorts,N054Dg1nBuc,36.5359,60.8931,0.51635474,1516,0.0,
shorts,gZ3EniqK8Qc,36.5316,15.6427,0.00095594,3269,67.8649,high
shorts,G0Bzw5zefEw,36.5204,60.8673,0.5163385,1517,0.0,
shorts,LUwcNJyBX7g,36.5049,60.8415,0.511705,1518,0.0,
shorts,IVnjeEpB1iI,36.4894,60.8157,0.50821973,1519,0.0,
shorts,vd8fb3noIgY,36.4881,14.4812,0.00080564,3314,69.4985,high
shorts,lWQY5zccbQs,36.4762,21.9153,0.00300701,3026,58.3175,high
shorts,N7UtnNPSYYI,36.4739,60.7899,0.50689327,1520,0.0,
shorts,rmmE5PN0BUY,36.4585,60.7641,0.50632594,1521,0.0,
shorts,wdbipjFAkdU,36.443,60.7383,0.50560092,1522,0.0,
shorts,6mmNLDFku3Q,36.4274,60.7124,0.50489817,1523,0.0,
shorts,n16KlvFN28c,36.3814,21.6056,0.00281649,3038,58.5451,high
shorts,psaIAxT_p2g,36.381,60.635,0.50380914,1526,0.0,
shorts,qvq3D8BQoTg,36.3655,60.6092,0.50343543,1527,0.0,
shorts,KCgfGv37W_4,36.35,60.5834,0.50337064,1528,0.0,
shorts,1_D2legkGnM,36.349,14.094,0.00075167,3329,69.7316,high
shorts,SK8tkpErsm8,36.3372,16.8818,0.00119357,3221,65.5204,high
shorts,8qXtR46s4Z4,36.3346,60.5576,0.50264669,1529,0.0,
shorts,XAtcOrOAaIk,36.3327,13.5003,0.00064977,3352,70.5814,high
shorts,PDQ3laPc--4,36.3236,14.8425,0.0008357,3300,68.5453,high
shorts,wCmstpXd_-Y,36.3191,60.5318,0.50065007,1530,0.0,
shorts,s2NSwy8xraQ,36.3044,20.5472,0.00242994,3079,59.9401,high
shorts,fhNMXlU9FtA,36.3035,60.5059,0.50058937,1531,0.0,
shorts,oZvptKzRcs4,36.2881,60.4801,0.49875368,1532,0.0,
shorts,Q9qmcTjw89Q,36.2848,15.7718,0.00097344,3264,67.0544,high
shorts,wR8P970sqH8,36.2726,21.1409,0.00263371,3056,58.9702,high
shorts,MvqACueOXFI,36.2726,60.4543,0.49779352,1533,0.0,
shorts,uUgWXcGrTc4,36.2571,60.4285,0.49758477,1534,0.0,
shorts,JTtyJPD0ZOw,36.2497,15.6944,0.00096631,3267,67.0826,high
shorts,DmFkaWaxq7s,36.2416,60.4027,0.49719341,1535,0.0,
shorts,eYZUzUEUsjo,36.2276,14.7135,0.00082527,3305,68.4988,high
shorts,9wxaKDl7rXs,36.2261,60.3769,0.49680591,1536,0.0,
shorts,UYeJYDqEP30,36.2107,60.3511,0.49604094,1537,0.0,
shorts,CpK4PxPOITQ,36.1951,60.3252,0.49567611,1538,0.0,
shorts,l_B0MZpiAfY,36.1866,22.4574,0.00326424,3005,56.7803,high
shorts,99kY8K0cVfk,36.1796,60.2994,0.49505317,1539,0.0,
shorts,s9TcINJc2pw,36.1641,20.031,0.00223011,3099,60.3638,high
shorts,e_fEDtWTM3M,36.1487,60.2478,0.49174692,1541,0.0,
shorts,RLteyyni-Hk,36.1391,25.0387,0.00511438,2905,52.7896,high
shorts,_heXeezRnbc,36.1332,60.222,0.49151805,1542,0.0,
shorts,Tkduh-SlEPA,36.1177,60.1962,0.49129951,1543,0.0,
shorts,Hmr9D54OF14,36.1022,60.1704,0.49067349,1544,0.0,
shorts,ZjnjH_SaHyo,36.0926,17.811,0.00142645,3185,63.5149,high
shorts,DKFpJxtkYbY,36.0868,60.1446,0.49049548,1545,0.0,
shorts,jUY1FLaFafA,36.0863,24.1611,0.00444355,2939,53.9741,high
shorts,mM9B_w7aOwI,36.0712,60.1187,0.48989735,1546,0.0,
shorts,ags5mVCV7Qk,36.0607,24.8322,0.00497385,2913,52.9035,high
shorts,xgZbM-Hyhdk,36.0557,60.0929,0.48972293,1547,0.0,
shorts,CzC98H-pq1E,36.0403,60.0671,0.48805176,1548,0.0,
shorts,ZgRXwNTvNgE,36.0248,60.0413,0.48639256,1549,0.0,
shorts,x5eZCuCoJpU,36.0093,60.0155,0.48539787,1550,0.0,
shorts,wJwQm_aqC8U,36.0069,20.0568,0.00223468,3098,59.932,high
shorts,Nz7vsR3_W3I,35.9969,15.5911,0.00093846,3271,66.6056,high
shorts,Gd63U2rQa9E,35.9938,59.9897,0.48413035,1551,0.0,
shorts,Ej3TLCDeT-Y,35.9783,59.9639,0.48274054,1552,0.0,
shorts,WVMyiIgF4LE,35.9628,59.938,0.48165562,1553,0.0,
shorts,03HsPsMCcoI,35.9473,59.9122,0.48069764,1554,0.0,
shorts,N9drBPpPZFI,35.9458,15.1007,0.00088242,3290,67.2135,high
shorts,X5_Q7FZ0Sik,35.9454,14.1714,0.00077459,3326,68.6063,high
shorts,5yYJ-U-J7S0,35.9318,59.8864,0.48067026,1555,0.0,
shorts,yA-SufBCL7g,35.9253,15.9525,0.00099363,3257,65.8844,high
shorts,XZDP6dtbpMQ,35.9192,19.3856,0.00202776,3124,60.7197,high
shorts,yGuHZN8NweA,35.9164,59.8606,0.48059198,1556,0.0,
shorts,wNGOUOALR-g,35.9009,59.8348,0.47896725,1557,0.0,
shorts,pIrIxBobZBU,35.8854,59.809,0.47840081,1558,0.0,
shorts,B92Nkip_WXc,35.8699,59.7832,0.47728314,1559,0.0,
shorts,AKfxFlriqhk,35.8544,59.7574,0.47477818,1560,0.0,
shorts,elpKxcf6VSU,35.8389,59.7315,0.47471478,1561,0.0,
shorts,Hs6RxFMX1i4,35.8249,20.16,0.00230506,3094,59.3222,high
shorts,2RyAGYj5XO8,35.8079,59.6799,0.47369252,1563,0.0,
shorts,JcpI2F1Hw-g,35.7931,23.2834,0.00389552,2973,54.5577,high
shorts,DJFZGH0vKho,35.7925,59.6541,0.47211212,1564,0.0,
shorts,M2FHS6OwnDQ,35.777,59.6283,0.46620621,1565,0.0,
shorts,-fPB5u9Nm0s,35.7615,59.6025,0.46545166,1566,0.0,
shorts,qtKAp28h5y0,35.746,59.5767,0.4652829,1567,0.0,
shorts,Vrl9eQ78bk8,35.7305,59.5509,0.46426446,1568,0.0,
shorts,Xy09nfcwZ3E,35.7255,16.9592,0.00120402,3218,63.875,high
shorts,jFZPpkVszCg,35.715,59.525,0.46351578,1569,0.0,
shorts,sTUtu4FpWJE,35.7078,19.3598,0.00201984,3125,60.2298,high
shorts,I1EccUdQgk8,35.6995,59.4992,0.46343803,1570,0.0,
shorts,6DCFwza9r_k,35.684,59.4734,0.46341995,1571,0.0,
shorts,KsNuu5YMxm4,35.6686,59.4476,0.46112992,1572,0.0,
shorts,AMpe2jD0lZw,35.6546,14.9974,0.00085997,3294,66.6403,high
shorts,v-8A4Ss00Og,35.6531,59.4218,0.46036819,1573,0.0,
shorts,rr8ZpzHcZJc,35.6418,11.2803,0.00043341,3438,72.184,high
shorts,ZDPt6Y6l5nc,35.6376,59.396,0.4603503,1574,0.0,
shorts,dIwCndpKuSE,35.6286,12.5194,0.00056194,3390,70.2924,high
shorts,rQmlUxDeTxE,35.625,10.4285,0.00034355,3471,73.4198,high
shorts,qsJSGpOs5q4,35.6233,15.4362,0.0009211,3277,65.904,high
shorts,UsW41baLu80,35.6221,59.3702,0.45926957,1575,0.0,
shorts,MnlZeYcfowk,35.6069,12.4677,0.00055348,3392,70.3158,high
shorts,c9m0zR0_h4k,35.6066,59.3443,0.45876898,1576,0.0,
shorts,XfY_L8MLOsU,35.5911,59.3185,0.45797999,1577,0.0,
shorts,SYevXmYqsEY,35.5756,59.2927,0.45657243,1578,0.0,
shorts,60OJasIPxo8,35.5601,59.2669,0.45572475,1579,0.0,
shorts,toJGQUZbdqc,35.5464,12.6484,0.00057176,3385,69.8934,high
shorts,TkinJC4-iEw,35.5447,59.2411,0.45571645,1580,0.0,
shorts,LkRVMOzUypo,35.5318,19.8245,0.00220365,3107,59.0928,high
shorts,FX2vC-mt3O4,35.5292,59.2153,0.45252217,1581,0.0,
shorts,KApwdaTvcSs,35.5137,59.1895,0.45151758,1582,0.0,
shorts,ogGjzOIl5lQ,35.5133,11.4868,0.00045519,3430,71.5531,high
shorts,zvMvjSR1SPk,35.4982,59.1637,0.45032313,1583,0.0,
shorts,2Ylfj8r_-V8,35.4832,14.8942,0.00084585,3298,66.3668,high
shorts,-iwXIO7vsAA,35.4827,59.1378,0.44998121,1584,0.0,
shorts,DBWMP58IOcw,35.4669,12.7517,0.00058251,3381,69.5396,high
shorts,j97xzSNIdDM,35.4362,59.0604,0.44822542,1587,0.0,
shorts,Eqe7f9tPtas,35.4208,59.0346,0.44812657,1588,0.0,
shorts,qlnTCIQKSdY,35.4053,59.0088,0.44747297,1589,0.0,
shorts,03tAxDlt3gE,35.3898,58.983,0.44716662,1590,0.0,
shorts,Wz8CxWdCHC0,35.3807,14.8167,0.0008343,3301,66.2266,high
shorts,0DB_Qj43O6Q,35.3743,58.9572,0.44549909,1591,0.0,
shorts,ntcYKjiZ-eE,35.3588,58.9313,0.44463048,1592,0.0,
shorts,cQtG3e89OlU,35.3566,13.81,0.00070143,3340,67.6765,high
shorts,ETQjANMlkWo,35.3433,58.9055,0.44359086,1593,0.0,
shorts,ASe3kqqfzEg,35.3278,58.8797,0.44287461,1594,0.0,
shorts,xVBsBrmoXa8,35.3197,12.3645,0.00054008,3396,69.7526,high
shorts,rMiiE5QmEb0,35.3127,14.3779,0.00079411,3318,66.715,high
shorts,ZkzOXwTjZgw,35.3123,58.8539,0.44181634,1595,0.0,
shorts,PWlvS_it-Rc,35.2969,58.8281,0.4414323,1596,0.0,
shorts,xIE99iYdH_o,35.2865,13.7326,0.00067279,3343,67.6173,high
shorts,Bi1L5CCl4BA,35.2814,58.8023,0.44083017,1597,0.0,
shorts,ZrG_nYiSs5w,35.2659,58.7765,0.44000896,1598,0.0,
shorts,fBoY7o5w_tA,35.2504,58.7506,0.43954049,1599,0.0,
shorts,kqZJ4uKqJls,35.2349,58.7248,0.43945056,1600,0.0,
shorts,GejJVbrir_Y,35.2194,58.699,0.43888212,1601,0.0,
shorts,ctVfnGohx9E,35.2039,58.6732,0.43773818,1602,0.0,
shorts,bP_NBDZG3Z8,35.1955,25.9938,0.00599794,2868,48.998,high
shorts,Vl9Pn7FKPTI,35.1884,58.6474,0.4331235,1603,0.0,
shorts,WQ1Gi5WBxfM,35.173,58.6216,0.43211118,1604,0.0,
shorts,hlFtUC4PiZ8,35.1575,58.5958,0.43197597,1605,0.0,
shorts,wgeQ9t3WcRg,35.1531,20.9602,0.00253856,3063,56.4424,high
shorts,QUBjCcBXy3o,35.142,58.57,0.43153377,1606,0.0,
shorts,oLINOmLMhpE,35.111,58.5183,0.43091423,1608,0.0,
shorts,Yo4aGwiAUBk,35.0955,58.4925,0.43049556,1609,0.0,
shorts,viQoUJJEGzE,35.08,58.4667,0.43018095,1610,0.0,
shorts,SOwAtRoJyAc,35.0645,58.4409,0.42917497,1611,0.0,
shorts,0moz0GJcIHg,35.0537,19.5405,0.002094,3118,58.3236,high
shorts,YJ82p6Cyt2Q,35.0491,58.4151,0.42778109,1612,0.0,
shorts,fHes8kAGJHs,35.0469,18.8694,0.00178777,3144,59.3131,high
shorts,7ZU_n58hY5Y,35.0435,11.9773,0.00050241,3411,69.6427,high
shorts,WqFFnFH1q40,35.0409,24.8064,0.00494587,2914,50.3927,high
shorts,rA1FmZ5WDRE,35.0336,58.3893,0.42759942,1613,0.0,
shorts,NC_Eo4HEpC0,35.018,58.3634,0.42754503,1614,0.0,
shorts,ZuLhi5AW3AE,34.9871,58.3118,0.42097753,1616,0.0,
shorts,cd0lfqG1ohE,34.9844,11.9515,0.00049929,3412,69.5337,high
shorts,7jg0cSWJpCA,34.98,13.2679,0.00063585,3361,67.5481,high
shorts,0QyqvS8KHvQ,34.9716,58.286,0.42087091,1617,0.0,
shorts,9yz5oYIA4Ws,34.9561,58.2602,0.41876552,1618,0.0,
shorts,yb3cxCJ4h4g,34.9406,58.2344,0.41730971,1619,0.0,
shorts,EnLpF9i3I4I,34.9335,16.2623,0.00103805,3245,62.9403,high
shorts,r71TUY8djGw,34.9252,58.2086,0.41625032,1620,0.0,
shorts,djT8I70uD1Q,34.9138,21.7088,0.00289084,3034,54.7212,high
shorts,_jxLMMcKmRQ,34.9097,58.1828,0.41429593,1621,0.0,
shorts,FpwEaued1Hc,34.9088,17.5787,0.00136456,3194,60.9039,high
shorts,GsGwgPlXcaQ,34.8941,58.1569,0.41200191,1622,0.0,
shorts,Vd3Pkc0YGrM,34.872,16.3139,0.00105226,3243,62.7091,high
shorts,rBV2Irv_dXE,34.8632,58.1053,0.41035527,1624,0.0,
shorts,zCP2QIdCNUE,34.8477,58.0795,0.41035138,1625,0.0,
shorts,f12jmDZfghA,34.8322,58.0537,0.4094178,1626,0.0,
shorts,4qG6XbR9hic,34.8167,58.0279,0.4085875,1627,0.0,
shorts,RGWm_UCIWnc,34.811,11.0996,0.00041125,3445,70.3782,high
shorts,YZHjp1u8OIU,34.8013,58.0021,0.40760549,1628,0.0,
shorts,PwDPsfRpgHg,34.7858,57.9763,0.40697425,1629,0.0,
shorts,Xcmg2noBQOw,34.7852,10.9964,0.0004018,3449,70.4685,high
shorts,q4PUKnyy3QQ,34.7798,12.8291,0.00059009,3378,67.7059,high
shorts,jWrWManN6O4,34.7702,57.9504,0.4060535,1630,0.0,
shorts,wvdEIXEsnNg,34.7617,12.571,0.00056589,3388,68.0478,high
shorts,nYf3h1qPleQ,34.7548,57.9246,0.40404764,1631,0.0,
shorts,7eJtgn-ZUCw,34.7532,13.4744,0.00064837,3353,66.6714,high
shorts,3QRWlCFdzyE,34.7481,15.049,0.00086245,3292,64.2967,high
shorts,yT26VxKXLng,34.7393,57.8988,0.40288655,1632,0.0,
shorts,ZAK-bMr2k74,34.7238,57.873,0.40213966,1633,0.0,
shorts,CQTqsbyWHe0,34.7083,57.8472,0.40208442,1634,0.0,
shorts,w55gAXCYUAg,34.6928,57.8214,0.40152258,1635,0.0,
shorts,cCdSMwquV0w,34.6774,57.7956,0.40085926,1636,0.0,
shorts,GMXWOLJHnJc,34.6743,17.8627,0.00145337,3183,59.8916,high
shorts,hE1O48iNhBw,34.6684,13.2938,0.00063738,3360,66.7302,high
shorts,bSiaVNcC5xI,34.6618,57.7697,0.3997373,1637,0.0,
shorts,TybtF_UnwHI,34.654,11.332,0.00043853,3436,69.637,high
shorts,7A5KHuRU8BE,34.6535,14.223,0.00077883,3324,65.2992,high
shorts,pAgs8Dqd_cI,34.6463,57.7439,0.39841059,1638,0.0,
shorts,OznO6O6MHQ4,34.6431,21.1668,0.00263962,3055,54.8576,high
shorts,_uGrOS67m9M,34.6309,57.7181,0.39754954,1639,0.0,
shorts,CbuwCRFt3Ck,34.6154,57.6923,0.39751233,1640,0.0,
shorts,pcnkzTIQXPU,34.5999,57.6665,0.39472882,1641,0.0,
shorts,4uRgDr5maYo,34.5938,15.4621,0.00092254,3276,63.2914,high
shorts,fJHi5C4c80o,34.5844,57.6407,0.39262439,1642,0.0,
shorts,lLJSnMSCpUY,34.5689,57.6149,0.39250426,1643,0.0,
shorts,vGtyYlMLlkM,34.5535,57.5891,0.39218423,1644,0.0,
shorts,CKwMrLpJgzo,34.5451,12.1838,0.00052921,3403,68.087,high
shorts,FC7WC3iWOgM,34.5379,57.5632,0.39197845,1645,0.0,
shorts,q-0oqv7CW5c,34.5296,24.0578,0.00431688,2943,50.2374,high
shorts,vtjFXdFGkBc,34.5224,57.5374,0.39125717,1646,0.0,
shorts,em_K85l2WNY,34.4938,9.8864,0.00030927,3492,71.405,high
shorts,FfMFahO2VE4,34.493,16.5978,0.00109528,3232,61.3358,high
shorts,15mME2QQmto,34.4915,57.4858,0.39077273,1648,0.0,
shorts,WeAhvFYojh0,34.4897,14.7651,0.00083178,3303,64.0765,high
shorts,mT-7tbs7rVw,34.485,13.6035,0.00065684,3348,65.8073,high
shorts,kWe83tMofGk,34.476,57.46,0.39004899,1649,0.0,
shorts,GmTuhpMe1oM,34.4605,57.4342,0.3888819,1650,0.0,
shorts,X5GTRb5RAZE,34.4592,19.9793,0.00222585,3101,56.1791,high
shorts,L3o-kGWHKvw,34.445,57.4084,0.38719682,1651,0.0,
shorts,Kx0v4IeR-1s,34.4389,16.2106,0.00102986,3247,61.7813,high
shorts,x3P8Zqux4A4,34.4026,18.0434,0.00150686,3176,58.9414,high
shorts,Q92ZFjAtIWQ,34.4009,25.684,0.00574183,2880,47.4763,high
shorts,XD5I-lAVnNY,34.3985,57.3309,0.3861595,1654,0.0,
shorts,tZCRq17kp-Y,34.3831,57.3051,0.38560613,1655,0.0,
shorts,adXfVgcDolk,34.3676,57.2793,0.38511681,1656,0.0,
shorts,EKaLwTZRc7w,34.3521,57.2535,0.38468982,1657,0.0,
shorts,ja_XWS1tBOc,34.3366,57.2277,0.38437934,1658,0.0,
shorts,87jnYKGVetM,34.3262,18.0176,0.0014835,3177,58.7892,high
shorts,KMAfsTjr92U,34.3211,57.2019,0.38408911,1659,0.0,
shorts,nVHr2D6tnA4,34.3056,57.176,0.38390155,1660,0.0,
shorts,I-rogofBX8c,34.2973,18.2499,0.00154861,3168,58.3684,high
shorts,QM5HqmEfYgM,34.2901,57.1502,0.38207095,1661,0.0,
shorts,PQOKPfU-zIs,34.2896,11.9257,0.0004988,3413,67.8355,high
shorts,tD-FbYA0wxE,34.2746,57.1244,0.38012874,1662,0.0,
shorts,31WQ21L6kE8,34.2673,16.0558,0.00101066,3253,61.5846,high
shorts,yPAjcGrP2FE,34.2592,57.0986,0.37923234,1663,0.0,
shorts,lYVjxQzDr4I,34.2437,57.0728,0.37863141,1664,0.0,
shorts,PfdNPN9Jv6s,34.2437,10.7899,0.00037463,3457,69.4245,high
shorts,RX7RoZpzP6U,34.2282,57.047,0.37659736,1665,0.0,
shorts,yawQxLw0K08,34.2204,11.7192,0.00048688,3421,67.9722,high
shorts,FbRUg3sCRHc,34.2127,57.0212,0.3765362,1666,0.0,
shorts,LsvGZ1j9340,34.1972,56.9954,0.37563097,1667,0.0,
shorts,UWRxdKxuOb8,34.1949,12.5968,0.00056826,3387,66.592,high
shorts,-WkEMpAd7HQ,34.1817,56.9695,0.37526412,1668,0.0,
shorts,GnZtuRKASio,34.1662,56.9437,0.37469615,1669,0.0,
shorts,4M_GgYjHmc4,34.1353,56.8921,0.37273495,1671,0.0,
shorts,PW-wjEi9a2Q,34.1198,56.8663,0.3715452,1672,0.0,
shorts,6xZXm4LLztI,34.1043,56.8405,0.37134366,1673,0.0,
shorts,gP4rc75Pmp0,34.1026,22.4832,0.00328401,3004,51.5317,high
shorts,g6DOx57CaNE,34.0888,56.8147,0.37015862,1674,0.0,
shorts,sebAi3RkL4o,34.0863,11.2545,0.00043055,3439,68.3341,high
shorts,zkCLiKTxHl8,34.0733,56.7888,0.36999364,1675,0.0,
shorts,leoajQ12Dl0,34.0578,56.763,0.36928537,1676,0.0,
shorts,9E1UJ1ea4NE,34.0292,23.6964,0.00413811,2957,49.5283,high
shorts,uqakmvNdmJY,34.0268,56.7114,0.36656818,1678,0.0,
shorts,zBNTi3oggvA,34.0195,9.7057,0.00029517,3499,70.4902,high
shorts,5sghOBjob6w,34.0194,20.9344,0.00253687,3064,53.6469,high
shorts,quKlcX-xgz0,34.0114,56.6856,0.36449703,1679,0.0,
shorts,CgmZcjLy5ak,33.9959,56.6598,0.36259882,1680,0.0,
shorts,wJgLQ-lMkZg,33.9804,56.634,0.36230499,1681,0.0,
shorts,6cs2UhuINZY,33.9649,56.6082,0.36209385,1682,0.0,
shorts,bYzB21HU1os,33.9494,56.5823,0.36131065,1683,0.0,
shorts,7NeECqsR_u4,33.9339,56.5565,0.36091255,1684,0.0,
shorts,Qf1PdYlk_9A,33.9292,12.1322,0.0005243,3405,66.6246,high
shorts,_pXLoWnl_eU,33.9184,56.5307,0.35894688,1685,0.0,
shorts,gH1uLGsaUQ4,33.9029,56.5049,0.35886827,1686,0.0,
shorts,ddiQMk_JJkw,33.8875,56.4791,0.357941,1687,0.0,
shorts,4UhvmwlxRLM,33.872,56.4533,0.35715537,1688,0.0,
shorts,BtpHUpbQNt8,33.8565,56.4275,0.35657553,1689,0.0,
shorts,yV1v3O2eKeo,33.841,56.4017,0.35527766,1690,0.0,
shorts,XoY4BiK1WW8,33.811,14.1198,0.00075535,3328,63.3479,high
shorts,Rrj1e4OxE4E,33.81,56.35,0.3541175,1692,0.0,
shorts,eoXIFY2GZTw,33.807,10.3511,0.00033737,3474,68.9908,high
shorts,iuo88mIjzbk,33.7947,8.5441,0.00022235,3544,71.6707,high
shorts,-CU7WFY4X6U,33.7945,56.3242,0.35329602,1693,0.0,
shorts,RtMUcQbG1_o,33.7831,10.4801,0.00034745,3469,68.7375,high
shorts,-uSQcEfnKp0,33.779,56.2984,0.35304532,1694,0.0,
shorts,x2r3FTy9HHE,33.7636,56.2726,0.35233833,1695,0.0,
shorts,ydRguU_cH8Y,33.7481,56.2468,0.35135733,1696,0.0,
shorts,fxb9BMISN54,33.7373,10.5318,0.00035011,3467,68.5456,high
shorts,LZnp-RZbnm4,33.7326,56.221,0.3496491,1697,0.0,
shorts,EJfh57hfc_E,33.7273,10.1704,0.00032149,3481,69.0627,high
shorts,tA9L9aV6gXY,33.7183,11.7708,0.00049065,3419,66.6396,high
shorts,edVuqegfmO4,33.7171,56.1951,0.34927766,1698,0.0,
shorts,Ubh3fEtq2V8,33.7016,56.1693,0.34628709,1699,0.0,
shorts,H72Qg6VW_Hw,33.6861,56.1435,0.34490112,1700,0.0,
shorts,vwuExgYocDU,33.6706,56.1177,0.34402964,1701,0.0,
shorts,3gRKL6UKPnw,33.6551,56.0919,0.34398587,1702,0.0,
shorts,o8Z1Q8UPSOU,33.6503,8.6474,0.00022504,3540,71.1546,high
shorts,8ImVuaOhTf4,33.6186,8.4409,0.00021585,3548,71.3852,high
shorts,rJ8nlUms_XQ,33.6087,56.0145,0.34114997,1705,0.0,
shorts,naD-9l4ljc4,33.6065,12.7775,0.00058328,3380,64.85,high
shorts,aRLwX_dN8AQ,33.5932,55.9886,0.33889416,1706,0.0,
shorts,orMaqRpKhfI,33.5777,55.9628,0.33870438,1707,0.0,
shorts,LU4jZI5UxOE,33.5622,55.937,0.33753378,1708,0.0,
shorts,G5zJW8xeEzk,33.5467,55.9112,0.33700856,1709,0.0,
shorts,YatImEwD044,33.5312,55.8854,0.33685467,1710,0.0,
shorts,rUVH224mX4w,33.5158,55.8596,0.33581709,1711,0.0,
shorts,u--s8zObA78,33.5096,13.6809,0.00066724,3345,63.2526,high
shorts,lqRVDOzP1Tc,33.5003,55.8338,0.33524923,1712,0.0,
shorts,0rTo8XSNApA,33.4798,7.1502,0.00014718,3598,72.9743,high
shorts,FOyH5MIRyD4,33.4746,12.1064,0.00052158,3406,65.527,high
shorts,dMdxruMF21Y,33.4693,55.7821,0.33345946,1714,0.0,
shorts,U4PrUy472EI,33.4538,55.7563,0.33327433,1715,0.0,
shorts,DxDWgNoKZh8,33.4383,55.7305,0.33324351,1716,0.0,
shorts,m8mdQGF-Pmw,33.4117,10.4027,0.0003419,3472,67.9252,high
shorts,KtqtpON6A7w,33.4073,55.6789,0.3312675,1718,0.0,
shorts,pVXm6lt1F7w,33.403,10.222,0.00032504,3479,68.1745,high
shorts,TfhgJVBJiak,33.3919,55.6531,0.33080495,1719,0.0,
shorts,neH5XN_YzW0,33.3893,12.4935,0.00055801,3391,64.7331,high
shorts,zm6Ef9nnpaM,33.3889,13.7068,0.00067054,3344,62.912,high
shorts,JSEY6ERSQsg,33.3608,55.6014,0.32575132,1721,0.0,
shorts,2Z1aJVGA1-M,33.3592,15.1781,0.00088733,3287,60.6309,high
shorts,KppJdbUvqp8,33.3534,8.57,0.00022375,3543,70.5286,high
shorts,6z9ETQRFFZU,33.3454,55.5756,0.32458114,1722,0.0,
shorts,XcKSpb4mSyI,33.3299,55.5498,0.32437985,1723,0.0,
shorts,tysrC1PivVE,33.3298,7.7439,0.00018108,3575,71.7087,high
shorts,-KzTHd2TBmw,33.3144,55.524,0.32407293,1724,0.0,
shorts,NgNga4bmlks,33.2989,55.4982,0.32278192,1725,0.0,
shorts,0Vl_5ZZDHoo,33.2888,18.508,0.00161927,3158,55.46,high
shorts,tveRHTJJyy8,33.2846,16.7011,0.00113279,3228,58.1599,high
shorts,NiKBOE5whpc,33.2834,55.4724,0.32009041,1726,0.0,
shorts,82IZNRqnnRo,33.268,55.4466,0.31977295,1727,0.0,
shorts,KFh6ge3TXp8,33.2525,55.4208,0.3190939,1728,0.0,
shorts,zSPnVUpVwj8,33.2501,8.8023,0.00023603,3534,69.9218,high
shorts,ZI77-yRAuIU,33.2369,55.3949,0.31889216,1729,0.0,
shorts,20S12tvU6kk,33.2215,55.3691,0.3183774,1730,0.0,
shorts,-ZL_mpjxaUo,33.2197,9.938,0.0003128,3490,68.1423,high
shorts,7y8W9bita7o,33.2122,13.0098,0.00061852,3371,63.5158,high
shorts,_AYoWW9x4LA,33.206,55.3433,0.31808468,1731,0.0,
shorts,YAaix6JEUfU,33.1905,55.3175,0.31770706,1732,0.0,
shorts,yveo9j8JZts,33.1824,5.8596,6.248e-05,3648,74.1666,high
shorts,PXfgNw3eH6k,33.175,55.2917,0.31764317,1733,0.0,
shorts,1yLg9vFtEUo,33.1595,55.2659,0.3174552,1734,0.0,
shorts,zzsUsCRoGcI,33.1484,7.5632,0.00016898,3582,71.5262,high
shorts,XzkJ2WrHR2c,33.1461,11.2029,0.00042934,3441,66.061,high
shorts,RSQwihpACgQ,33.1455,8.0795,0.00020267,3562,70.7446,high
shorts,kLZUfQUWNNw,33.1187,6.3758,8.871e-05,3628,73.233,high
shorts,Hv6vINOq-hU,33.113,55.1884,0.31405357,1737,0.0,
shorts,DjBRpFp-2Pg,33.0976,55.1626,0.31396404,1738,0.0,
shorts,b5Vzx0oYUmk,33.0954,18.7661,0.00174585,3148,54.5894,high
shorts,0WPFCAQsbRc,33.0821,55.1368,0.31378329,1739,0.0,
shorts,HzN6HCA1WOg,33.0666,55.111,0.31308889,1740,0.0,
shorts,3KH3_IDAFvw,33.0511,55.0852,0.31295312,1741,0.0,
shorts,v04jyzElZzM,33.0356,55.0594,0.31017557,1742,0.0,
shorts,VSFAEBz8GGo,33.0202,55.0336,0.30990129,1743,0.0,
shorts,n0zX-djwmt0,33.0046,55.0077,0.3094078,1744,0.0,
shorts,0YCyZKuGPmA,32.9909,13.1647,0.00062994,3365,62.7303,high
shorts,MC4MY80EQDg,32.9891,54.9819,0.30930372,1745,0.0,
shorts,WnFI_2Fg4dI,32.9797,7.2793,0.00015585,3593,71.5304,high
shorts,-fFcRH5fFJ0,32.9737,54.9561,0.30912962,1746,0.0,
shorts,1lx0bttCAbs,32.9582,54.9303,0.30896976,1747,0.0,
shorts,Y7VILWHNaaI,32.9427,54.9045,0.30855677,1748,0.0,
shorts,bWU-7vA4W74,32.9272,54.8787,0.30675061,1749,0.0,
shorts,_BhjwaNE8mc,32.913,9.1895,0.00025389,3519,68.4982,high
shorts,ywjRINy6yQI,32.9117,54.8529,0.30672264,1750,0.0,
shorts,XVGjXuQAJvc,32.8963,54.8271,0.30658141,1751,0.0,
shorts,xUUoi3EGvOE,32.8807,54.8012,0.30646914,1752,0.0,
shorts,2PhuI8gZPLw,32.8652,54.7754,0.30624731,1753,0.0,
shorts,f2AnMgxiFuw,32.8498,54.7496,0.30532684,1754,0.0,
shorts,DB1fSfulSJQ,32.8346,15.4104,0.00092107,3278,58.971,high
shorts,YGCGrcEkwtI,32.8343,54.7238,0.30274235,1755,0.0,
shorts,8mnzaIML2AM,32.8254,9.8348,0.00030489,3494,67.3114,high
shorts,Q32MQCIGgyc,32.8188,54.698,0.30273128,1756,0.0,
shorts,c4MscJKdkA0,32.8033,54.6722,0.30213054,1757,0.0,
shorts,oaErm3Bv4pA,32.7878,54.6464,0.30100061,1758,0.0,
shorts,1VSBgPn28zA,32.7723,54.6205,0.29979518,1759,0.0,
shorts,__4yBF4LLLU,32.7568,54.5947,0.29835684,1760,0.0,
shorts,rn0fCmYeDaI,32.7218,8.7506,0.0002336,3536,68.6786,high
shorts,X0L7eaFKfCA,32.7104,54.5173,0.29698676,1763,0.0,
shorts,A9KGfzE8kGE,32.6949,54.4915,0.29689288,1764,0.0,
shorts,6iFUbBvAWjc,32.6794,54.4657,0.29600544,1765,0.0,
shorts,8NH7UFS5KaY,32.6639,54.4399,0.29403358,1766,0.0,
shorts,oJAlMG9ctTM,32.6484,54.414,0.29377866,1767,0.0,
shorts,iS1jGgfO9Z0,32.6373,9.2153,0.00025481,3518,67.7703,high
shorts,MLlYc5sy4X0,32.6358,9.0088,0.00024264,3526,68.0763,high
shorts,uZz5ijyTOTE,32.6329,54.3882,0.28842164,1768,0.0,
shorts,UyH33rTfmMA,32.6174,54.3624,0.28813139,1769,0.0,
shorts,1c8cpHNlIb8,32.6036,8.7765,0.00023402,3535,68.3442,high
shorts,D1o53aDujzs,32.602,54.3366,0.2880762,1770,0.0,
shorts,tFPMlo9cfFc,32.5878,21.0377,0.00259344,3060,49.913,high
shorts,kJvXyeS_xvw,32.5865,54.3108,0.28755832,1771,0.0,
shorts,6946Us_lwP0,32.571,54.285,0.28727076,1772,0.0,
shorts,c1kwbPXewCg,32.5555,54.2592,0.28707214,1773,0.0,
shorts,nAkP6M6xbPc,32.54,54.2334,0.28529677,1774,0.0,
shorts,6dfxL42fP0c,32.539,8.9572,0.00024165,3528,67.9117,high
shorts,Fo1L69HFO0c,32.5245,54.2075,0.28496596,1775,0.0,
shorts,9zTbuRW6Vko,32.509,54.1817,0.28405895,1776,0.0,
shorts,qURGXBnX_vU,32.4935,54.1559,0.28384082,1777,0.0,
shorts,Ymn9zgCEXQQ,32.4626,54.1043,0.28197188,1779,0.0,
shorts,q073oFDRQIQ,32.4355,19.0501,0.00183814,3137,52.5136,high
shorts,YNmVJTBM2YU,32.4316,54.0527,0.28110009,1781,0.0,
shorts,KY9Nrog_PBw,32.4161,54.0268,0.28074385,1782,0.0,
shorts,9P-vnbkiWYo,32.4006,54.001,0.27934375,1783,0.0,
shorts,gS87TtB9nk4,32.3851,53.9752,0.27731395,1784,0.0,
shorts,EJBfmLrc-iw,32.3696,53.9494,0.27716573,1785,0.0,
shorts,q1gLWcGzvuw,32.3542,53.9236,0.27648617,1786,0.0,
shorts,3skIuC1lP00,32.351,14.1456,0.00077384,3327,59.659,high
shorts,lsULN4tEa-M,32.3387,53.8978,0.27635791,1787,0.0,
shorts,gZ6AWVVfIxA,32.3232,53.872,0.27621886,1788,0.0,
shorts,hgbKXvpi2MY,32.3077,53.8462,0.27566678,1789,0.0,
shorts,NEl9VuZERac,32.2922,53.8203,0.27536847,1790,0.0,
shorts,k7aOM--Ycts,32.2767,53.7945,0.27499219,1791,0.0,
shorts,F2sbrvyn0OM,32.2612,53.7687,0.27451417,1792,0.0,
shorts,nZlhHf8vSbU,32.2476,8.2602,0.00021091,3555,68.2288,high
shorts,0usysvwQBgA,32.2457,53.7429,0.27208008,1793,0.0,
shorts,PFpcL8gRCWc,32.2303,53.7171,0.27178411,1794,0.0,
shorts,Q6hvlnDlGHc,32.2148,53.6913,0.27155452,1795,0.0,
shorts,ymxpml7CipE,32.2122,9.4734,0.00027412,3508,66.3204,high
shorts,sImP7dZxwV0,32.1993,53.6655,0.27089647,1796,0.0,
shorts,2NMgx26Y-Bk,32.1872,8.0021,0.00019622,3565,68.4648,high
shorts,wdCDxH9KBss,32.1838,53.6396,0.26993086,1797,0.0,
shorts,r6F2rTIReww,32.1683,53.6138,0.26974554,1798,0.0,
shorts,SizsL7tQfaw,32.1528,53.588,0.26952673,1799,0.0,
shorts,iaT6-gjxQbo,32.1462,10.6092,0.00035571,3464,64.4517,high
shorts,Xshu2lM5PZE,32.1392,7.8472,0.00018569,3571,68.5772,high
shorts,yOmvurHZVGE,32.1373,53.5622,0.26905458,1800,0.0,
shorts,67JREKwyixk,32.1258,8.2086,0.00021061,3557,68.0015,high
shorts,q7QfRKhFe8w,32.1218,53.5364,0.26876916,1801,0.0,
shorts,IBBboS2nK3c,32.1155,7.2277,0.00015103,3595,69.4473,high
shorts,tAR85xlFRrk,32.1064,53.5106,0.26856948,1802,0.0,
shorts,Mxv60XerzG4,32.0948,8.8797,0.00023891,3531,66.9175,high
shorts,0AheTRgTBzU,32.0909,53.4848,0.26817127,1803,0.0,
shorts,2cMM5Iz22BA,32.0754,53.459,0.26800556,1804,0.0,
shorts,RBz3O-4xBYE,32.0657,5.4724,5.604e-05,3663,71.9557,high
shorts,Ctb0THKhfcU,32.0599,53.4331,0.26741079,1805,0.0,
shorts,18aXTgJikSE,32.0444,53.4073,0.26732958,1806,0.0,
shorts,r8avNn7cKuY,32.0289,53.3815,0.26702221,1807,0.0,
shorts,5jOtf3OIgHg,31.988,11.8998,0.00049792,3414,62.1203,high
shorts,iPPz1LTl9Xo,31.9825,53.3041,0.26335176,1810,0.0,
shorts,tLBMAUtATsY,31.9798,6.8147,0.00011889,3611,69.7274,high
shorts,1iAqPg_3PrU,31.967,53.2783,0.26208142,1811,0.0,
shorts,jcIULZ9dIOc,31.9515,53.2525,0.26082318,1812,0.0,
shorts,X3ducQN3XpE,31.936,53.2266,0.25822411,1813,0.0,
shorts,GEleP5BhTPY,31.9205,53.2008,0.25695638,1814,0.0,
shorts,SxYWhC51qFo,31.9094,7.9763,0.00019538,3566,67.8091,high
shorts,HP5aDEBNAy0,31.905,53.175,0.25652189,1815,0.0,
shorts,NMkM1TMbmYM,31.8895,53.1492,0.25630259,1816,0.0,
shorts,oDpdKZm1cw8,31.874,53.1234,0.25568727,1817,0.0,
shorts,vdVZamczBJ0,31.8431,53.0718,0.25346865,1819,0.0,
shorts,96k8OXI58Ko,31.8327,7.7697,0.0001826,3574,67.9271,high
shorts,IJbAa5lSe1A,31.8275,53.0459,0.25323458,1820,0.0,
shorts,SZLTZDoVcfA,31.8209,6.4791,9.32e-05,3624,69.8336,high
shorts,WsDpQpXHcrw,31.8121,53.0201,0.25308079,1821,0.0,
shorts,qO9602XOIfY,31.8079,9.2927,0.00026124,3515,65.5806,high
shorts,vAhxbXIp0Xk,31.7966,52.9943,0.25307242,1822,0.0,
shorts,DykSRxbFZZo,31.7962,13.6551,0.00066615,3346,59.0079,high
shorts,qF75lT4bUpo,31.7924,13.6293,0.00066449,3347,59.0371,high
shorts,FHeTJmwxo5s,31.7848,7.5891,0.00017147,3581,68.0784,high
shorts,LFUtLGOl35s,31.7811,52.9685,0.25251638,1823,0.0,
shorts,-gQqTqJYeCY,31.7656,52.9427,0.2505301,1824,0.0,
shorts,5yEt4-GR0Uk,31.7501,52.9169,0.25041655,1825,0.0,
shorts,uHx1N_qFfTw,31.745,6.5307,0.00010065,3622,69.5664,high
shorts,gGvkfd-LiKA,31.7297,11.6933,0.00048486,3422,61.7843,high
shorts,J2n5afixnuU,31.7218,0.0,0.0,,79.3046,high
shorts,sDSJCmcwP6o,31.7192,52.8653,0.25023901,1827,0.0,
shorts,Z-xAO96GQtU,31.7089,5.3175,5e-05,3669,71.296,high
shorts,txFpPGBWc1I,31.6882,52.8136,0.24981381,1829,0.0,
shorts,dpfgGluaxXM,31.658,12.0547,0.00051756,3408,61.063,high
shorts,SHfBdjAlBHk,31.6417,52.7362,0.24816385,1832,0.0,
shorts,HYiVqtnwOhQ,31.6262,52.7104,0.24796912,1833,0.0,
shorts,UtXLbVdM7wk,31.6154,14.7909,0.00083269,3302,56.8521,high
shorts,hJGqj53NIoM,31.6108,52.6846,0.24778067,1834,0.0,
shorts,R26KptjF3lE,31.5953,52.6588,0.2469829,1835,0.0,
shorts,YY3pLnSX1W4,31.5823,6.5049,9.454e-05,3623,69.1983,high
shorts,0SSctcuOy0o,31.5671,15.1523,0.00088686,3288,56.1894,high
shorts,LFmXa8d4-mc,31.5643,52.6071,0.2456028,1837,0.0,
shorts,dxhlpD5s1-A,31.5488,52.5813,0.24535187,1838,0.0,
shorts,cOHGhyoDr14,31.5333,52.5555,0.24520436,1839,0.0,
shorts,q6A6JNhmMmM,31.5178,52.5297,0.24488267,1840,0.0,
shorts,ArENte_V6Hc,31.5159,16.0816,0.00101226,3252,54.6673,high
shorts,MdYM6kw372Q,31.5129,6.9695,0.00013284,3605,68.3279,high
shorts,CWJtnBSLoI4,31.4869,52.4781,0.24465302,1842,0.0,
shorts,tLlucpJbi5E,31.4775,3.6396,1.503e-05,3734,73.2343,high
shorts,D7LljUqxH80,31.4713,52.4522,0.24414393,1843,0.0,
shorts,L8qTgJOhpPg,31.4622,10.3252,0.00033495,3475,63.1676,high
shorts,YfdLsfg7Gs0,31.4558,52.4264,0.24331874,1844,0.0,
shorts,mDy8zgF2y3U,31.452,12.2096,0.00053033,3402,60.3155,high
shorts,9LsgBjswQZY,31.4404,52.4006,0.24258628,1845,0.0,
shorts,7Uf46IdOwbE,31.4249,52.3748,0.24218856,1846,0.0,
shorts,TuLyMtRJZUA,31.4094,52.349,0.24189491,1847,0.0,
shorts,R24U2Z2t-KI,31.3939,52.3232,0.24177946,1848,0.0,
shorts,tumg6juILzo,31.3784,52.2974,0.24059884,1849,0.0,
shorts,-rDMPyp2tvQ,31.3699,7.5374,0.00016883,3583,67.1187,high
shorts,Jlw306k4Sv0,31.3639,9.0604,0.00024297,3524,64.8191,high
shorts,HIkCed8jL4I,31.363,52.2716,0.24052162,1850,0.0,
shorts,btBEuHXnIrY,31.3474,52.2457,0.24006334,1851,0.0,
shorts,fsgt5mEJdsE,31.3319,52.2199,0.23891502,1852,0.0,
shorts,a2oaRq7S3Go,31.3165,52.1941,0.23815655,1853,0.0,
shorts,nLlqkXdlNsM,31.3137,9.5767,0.00028148,3504,63.9193,high
shorts,SrN39dykl7A,31.3106,7.8988,0.00018821,3569,66.4284,high
shorts,4RzUdZT6jX8,31.301,52.1683,0.23799139,1854,0.0,
shorts,f0ukpT07u2c,31.2745,6.7888,0.00011743,3612,68.003,high
shorts,RYMhS-RLHQI,31.27,52.1167,0.23743134,1856,0.0,
shorts,5aR4agCS1OM,31.2483,8.3634,0.00021517,3551,65.5757,high
shorts,iQnuu1q4KQk,31.239,52.065,0.2363602,1858,0.0,
shorts,uOGqRV25LOc,31.2348,8.9313,0.00024096,3529,64.6901,high
shorts,tQGgckC_sTw,31.2235,52.0392,0.23520485,1859,0.0,
shorts,8634xUBsoGU,31.2187,14.9716,0.00085596,3295,55.5894,high
shorts,15SjQL4UvUE,31.208,52.0134,0.2328979,1860,0.0,
shorts,kL9Evy2W-no,31.1926,51.9876,0.23231449,1861,0.0,
shorts,j8jE4UhhMuo,31.1771,51.9618,0.2322931,1862,0.0,
shorts,pPptEQ-IeDA,31.1616,51.936,0.23218441,1863,0.0,
shorts,weyrpnOTB-A,31.161,6.2726,7.805e-05,3632,68.4936,high
shorts,jKwIvjb9kgM,31.1535,6.9179,0.0001265,3607,67.5069,high
shorts,MS4L0Jtfyx4,31.1461,51.9102,0.23076587,1864,0.0,
shorts,JMB3bFua-38,31.1306,51.8844,0.23060208,1865,0.0,
shorts,ag2dnZB1uEg,31.1151,51.8585,0.23053695,1866,0.0,
shorts,CqszshV7QXM,31.0996,51.8327,0.23023593,1867,0.0,
shorts,pUbyqNTt2AY,31.0841,51.8069,0.22820285,1868,0.0,
shorts,yUUJvTAMRj8,31.0687,51.7811,0.22795014,1869,0.0,
shorts,2zZIN52j3bA,31.0532,51.7553,0.22744251,1870,0.0,
shorts,OxZYi3TjbIc,31.0377,51.7295,0.22676401,1871,0.0,
shorts,WBBOTxvDook,31.0297,7.3309,0.00015794,3591,66.5779,high
shorts,DKw61MdyASM,31.0222,51.7037,0.22554156,1872,0.0,
shorts,nJlvFx4fMs4,31.0067,51.6779,0.22532286,1873,0.0,
shorts,UXjB6q1dTRE,30.9912,51.652,0.22457827,1874,0.0,
shorts,3DnhhNSztJk,30.9757,51.6262,0.22379588,1875,0.0,
shorts,siYZQjp1UZg,30.9602,51.6004,0.22320808,1876,0.0,
shorts,Gs1ENH8cuGA,30.9448,51.5746,0.22257268,1877,0.0,
shorts,cRuYE4KjLwU,30.9293,51.5488,0.22248869,1878,0.0,
shorts,kyojR7HQsVs,30.9234,7.5116,0.00016717,3584,66.041,high
shorts,TCGbMJYgaYA,30.9116,7.4084,0.00016345,3588,66.1663,high
shorts,fIZkXHaOuvY,30.9021,8.4151,0.00021568,3549,64.6326,high
shorts,ybXMfjh6zU4,30.8983,51.4972,0.22084469,1880,0.0,
shorts,YIpzIncVwv4,30.8828,51.4713,0.22037242,1881,0.0,
shorts,Y1ULLcxmo3k,30.868,13.397,0.00064341,3356,57.0746,high
shorts,LMGJWuNfEhY,30.8673,51.4455,0.22030553,1882,0.0,
shorts,B9vcdRD9t6g,30.8518,51.4197,0.21972188,1883,0.0,
shorts,03uRM4Uz5t8,30.8311,6.7372,0.00011589,3614,66.972,high
shorts,rXs8JlFIS-U,30.8302,8.0279,0.00019827,3564,65.0337,high
shorts,YdZYojJ58CQ,30.8209,51.3681,0.21837362,1885,0.0,
shorts,tXgFifuwvno,30.8197,6.4533,9.192e-05,3625,67.3693,high
shorts,DD7yu-xo5uY,30.8054,51.3423,0.21712262,1886,0.0,
shorts,K_Vyq4aK0ZU,30.7927,13.0356,0.00061888,3370,57.4284,high
shorts,2mOqRPcWgMM,30.7899,51.3165,0.21702796,1887,0.0,
shorts,t3oZncJYgwE,30.7881,6.0145,6.823e-05,3642,67.9484,high
shorts,DWXqnfpiH2k,30.7744,51.2907,0.21695767,1888,0.0,
shorts,TlwFNKM1OyA,30.7683,7.0212,0.00013696,3603,66.389,high
shorts,Xc--VuvDD-k,30.7589,51.2648,0.21618148,1889,0.0,
shorts,PMX-urJB7uw,30.7565,6.0661,6.926e-05,3640,67.7922,high
shorts,Ux-bi7bqrUU,30.7477,6.1435,7.23e-05,3637,67.6539,high
shorts,3O68s3SFU7o,30.7434,51.239,0.21615931,1890,0.0,
shorts,wm1qu3D9-ho,30.7396,6.8921,0.00012564,3608,66.5108,high
shorts,jysAx1EGgSI,30.7279,51.2132,0.2152711,1891,0.0,
shorts,50Esq3fgXzA,30.7131,6.1951,7.287e-05,3635,67.4902,high
shorts,8FfyQBdjLa8,30.7124,51.1874,0.21460755,1892,0.0,
shorts,Lw3RJgDjXh0,30.711,6.0919,7.036e-05,3639,67.6397,high
shorts,-bFkzPRxH4w,30.701,8.2344,0.00021069,3556,64.401,high
shorts,tUmd3tWCDKs,30.697,51.1616,0.21419614,1893,0.0,
shorts,Rn1CndkLMds,30.6815,51.1358,0.21415396,1894,0.0,
shorts,8VA2JnBuBss,30.666,51.11,0.21338103,1895,0.0,
shorts,9T90MfOpaZY,30.6564,10.1446,0.00032088,3482,61.424,high
shorts,TmDYzELz0LY,30.635,51.0583,0.21261768,1897,0.0,
shorts,ojNQ7EKCjvs,30.6195,51.0325,0.21252746,1898,0.0,
shorts,ZVnXmeZZDw0,30.6145,6.5565,0.00010089,3621,66.7016,high
shorts,VsjETURd7No,30.6115,8.4925,0.00022161,3546,63.7899,high
shorts,KtMjXr3QBz0,30.5885,50.9809,0.20965319,1900,0.0,
shorts,peBqFeQeKQo,30.5731,50.9551,0.20939647,1901,0.0,
shorts,0xTKuxdSrRI,30.5696,9.112,0.00025049,3522,62.7561,high
shorts,rzqgWnJPamU,30.5625,7.3826,0.00016051,3589,65.3324,high
shorts,EV0kfAkgdis,30.5576,50.9293,0.20937409,1902,0.0,
shorts,WpI0QUIs7Xo,30.5421,50.9035,0.2086438,1903,0.0,
shorts,Xwg53Xz6PFU,30.5266,50.8776,0.20862267,1904,0.0,
shorts,LikC_lxkVEg,30.5133,5.6014,5.865e-05,3658,67.8811,high
shorts,e3MHIoJoYic,30.5111,50.8518,0.20751019,1905,0.0,
shorts,3wJvtiigDcg,30.5046,5.7305,6.025e-05,3653,67.6658,high
shorts,GHTFzage4OA,30.4956,50.826,0.20713447,1906,0.0,
shorts,AWWSm291p7c,30.4859,5.7563,6.034e-05,3652,67.5804,high
shorts,Z3uI73RI_Bs,30.4801,50.8002,0.20708742,1907,0.0,
shorts,W1js1spTUPs,30.4707,7.4858,0.00016698,3585,64.9481,high
shorts,QHwa0PQFRwo,30.4492,50.7486,0.20689475,1909,0.0,
shorts,Lc4kaEMcYPQ,30.443,6.2468,7.623e-05,3633,66.7373,high
shorts,2x45MkhvUHo,30.4337,50.7228,0.20535424,1910,0.0,
shorts,_wgqetgft-s,30.4223,15.5137,0.00092852,3274,52.7853,high
shorts,-Zm1Td53vmc,30.4182,50.697,0.20519394,1911,0.0,
shorts,yvB9wxIle4w,30.4027,50.6711,0.20514767,1912,0.0,
shorts,h5Snd8uqih8,30.3996,8.3376,0.0002137,3552,63.4925,high
shorts,E6E2A5TbUD4,30.3872,50.6453,0.20482876,1913,0.0,
shorts,tx2_AO-u8QM,30.3717,50.6195,0.20361356,1914,0.0,
shorts,1OI2PcrDvwo,30.3562,50.5937,0.20275309,1915,0.0,
shorts,6Wmhxj0Gi7k,30.3407,50.5679,0.20231658,1916,0.0,
shorts,pqIZk9qrBEM,30.3364,7.3051,0.00015667,3592,64.8833,high
shorts,s2Hb1gd2QT4,30.3098,50.5163,0.20215788,1918,0.0,
shorts,yTresTJD02o,30.2942,50.4904,0.20200932,1919,0.0,
shorts,2nV_jnbCqP4,30.2788,50.4646,0.20154803,1920,0.0,
shorts,7i_EcaYY5Go,30.2633,50.4388,0.20129465,1921,0.0,
shorts,KpKDgNYaHis,30.2478,50.413,0.20113125,1922,0.0,
shorts,sncgYGQt1T8,30.2392,7.2019,0.00014915,3596,64.7951,high
shorts,5cynqLNd1gA,30.2368,7.873,0.00018775,3570,63.7825,high
shorts,RF2keUa9qm4,30.2323,50.3872,0.20103383,1923,0.0,
shorts,kcAPMX2U-8s,30.2021,15.5395,0.00092957,3273,52.196,high
shorts,q8mQ9sdZu2I,30.2014,50.3356,0.20047493,1925,0.0,
shorts,QeK4l-iH51Y,30.1882,4.4657,3.205e-05,3702,68.772,high
shorts,bMmEEa8-6fU,30.1859,50.3098,0.20022706,1926,0.0,
shorts,CXvrr4kVqSQ,30.1703,50.2839,0.19938334,1927,0.0,
shorts,xSS2WTAglww,30.1624,5.4208,5.178e-05,3665,67.2749,high
shorts,3c9Oq8VyMpg,30.1552,4.9045,4.048e-05,3685,68.0312,high
shorts,DaY0Ie5QOUU,30.1549,50.2581,0.19912366,1928,0.0,
shorts,wPR77q7_pYw,30.1394,50.2323,0.19850983,1929,0.0,
shorts,tqD_yn5Y_zQ,30.132,5.111,4.692e-05,3677,67.6636,high
shorts,xlD70XjQxC8,30.1239,50.2065,0.19637788,1930,0.0,
shorts,hdsqmchCzvM,30.1084,50.1807,0.19594753,1931,0.0,
shorts,zYjzda-xXPo,30.0929,50.1549,0.1958532,1932,0.0,
shorts,bRRQEFuM7YU,30.0775,50.1291,0.19570402,1933,0.0,
shorts,o9m977ZyyWA,30.062,50.1033,0.19551786,1934,0.0,
shorts,BwIlVEvq7mU,30.0537,4.2075,2.656e-05,3712,68.823,high
shorts,vyUuhcDRcf4,30.0504,8.1053,0.00020401,3561,62.9681,high
shorts,twlTviR4gTA,30.0464,50.0774,0.19544822,1935,0.0,
shorts,yHJAVswwouE,30.031,50.0516,0.19482638,1936,0.0,
shorts,D3h2gmgCBFg,30.0302,7.7956,0.00018355,3573,63.3821,high
shorts,A8SVh-jw46E,30.0239,12.8033,0.00058434,3379,55.8548,high
shorts,aaWDPs1wQ38,30.0155,50.0258,0.19464125,1937,0.0,
shorts,Or4oXjKPXrE,30.0,50.0,0.19329962,1938,0.0,
shorts,oJ4gt0vQwTs,29.9845,49.9742,0.19310109,1939,0.0,
shorts,f3g2SCoB5HY,29.969,49.9484,0.19284807,1940,0.0,
shorts,AnhXe6C7RcY,29.9576,5.1884,4.763e-05,3674,67.1114,high
shorts,jJ5NZr6lhLs,29.9536,49.9226,0.19242233,1941,0.0,
shorts,e1welFo4c_U,29.938,49.8967,0.19097271,1942,0.0,
shorts,hmD2NQCbhlU,29.9225,49.8709,0.19066536,1943,0.0,
shorts,vW1rzDI4KhM,29.9171,7.2535,0.00015494,3594,63.9126,high
shorts,_fg0mY8ZsOA,29.9071,49.8451,0.19003467,1944,0.0,
shorts,0A6Hxl7efa4,29.8916,49.8193,0.1894658,1945,0.0,
shorts,b_1qoCEJ4_E,29.8761,49.7935,0.18869087,1946,0.0,
shorts,m8lDDvjAY8k,29.8606,49.7677,0.18849825,1947,0.0,
shorts,HxZQZlxBZ80,29.8451,49.7419,0.18836429,1948,0.0,
shorts,DXc1pnmWLOY,29.8297,49.7161,0.18834363,1949,0.0,
shorts,bKirp15JXWg,29.8141,49.6902,0.18756651,1950,0.0,
shorts,jTUFeCH5qMM,29.7986,49.6644,0.18560024,1951,0.0,
shorts,zEQj945W5Ak,29.7832,49.6386,0.18509887,1952,0.0,
shorts,FrU-ZQsAcYc,29.7522,49.587,0.18449608,1954,0.0,
shorts,N7lF5k059u4,29.7212,49.5354,0.18423047,1956,0.0,
shorts,rNPz2SaDN6Q,29.7058,49.5096,0.18258311,1957,0.0,
shorts,yXl7MRLoxrM,29.704,9.6799,0.00029454,3500,59.7402,high
shorts,hx45I5QyAFw,29.6968,4.4915,3.23e-05,3701,67.5047,high
shorts,L5lolHclcI8,29.6935,13.1389,0.00062732,3366,54.5255,high
shorts,R42FF8biFaw,29.6902,49.4837,0.18233736,1958,0.0,
shorts,PZhy5CDKhIE,29.6747,49.4579,0.18226545,1959,0.0,
shorts,KDiuxXUSodQ,29.6593,49.4321,0.18193069,1960,0.0,
shorts,kyo1Q30TKes,29.6438,49.4063,0.18125606,1961,0.0,
shorts,4LTJ1WBSOe0,29.6283,49.3805,0.18053318,1962,0.0,
shorts,HnpBnfwIurY,29.6128,49.3547,0.180359,1963,0.0,
shorts,JcdhPgUvpnk,29.6103,13.0614,0.00062258,3369,54.4336,high
shorts,yy_J5fdELm0,29.5973,49.3289,0.1776632,1964,0.0,
shorts,q0NB7EQfIWk,29.5663,49.2772,0.17672083,1966,0.0,
shorts,nByAk8IonBk,29.5508,49.2514,0.17625306,1967,0.0,
shorts,fMescOqCT4M,29.5354,49.2256,0.17569125,1968,0.0,
shorts,eqrs-71PkUY,29.5199,49.1998,0.17527931,1969,0.0,
shorts,2N-iEpEpl9w,29.5044,49.174,0.17483377,1970,0.0,
shorts,ZUjeW6BGBJU,29.4889,49.1482,0.17479513,1971,0.0,
shorts,PZYFhWskI70,29.4883,1.4455,1.69e-06,3819,71.5526,high
shorts,5BQwGEkLMYU,29.4734,49.1224,0.17471457,1972,0.0,
shorts,uHxqeL7QELA,29.4579,49.0965,0.1736267,1973,0.0,
shorts,vn1CNOHNw1k,29.4424,49.0707,0.17308439,1974,0.0,
shorts,LdB2-Uwapao,29.441,12.9582,0.00061325,3373,54.1653,high
shorts,k30WHO9_ppU,29.4372,7.6923,0.00017551,3577,62.0545,high
shorts,Zqmsoqo2fJs,29.4303,5.2659,4.949e-05,3671,65.677,high
shorts,LrebLM8Sx-o,29.4269,49.0449,0.17261724,1975,0.0,
shorts,sR4cjPviq6Y,29.3805,48.9675,0.16922081,1978,0.0,
shorts,MqlmUpHPU0g,29.365,48.9417,0.16877897,1979,0.0,
shorts,vAlLR49RprM,29.3495,48.9158,0.16776264,1980,0.0,
shorts,mKRwWZlOQlk,29.334,48.89,0.16706463,1981,0.0,
shorts,r5OG0YDeHdQ,29.3185,48.8642,0.16692633,1982,0.0,
shorts,vgk2k9jxUxU,29.303,48.8384,0.16682741,1983,0.0,
shorts,7fGW1BDbC18,29.293,10.6608,0.00036155,3462,57.2412,high
shorts,gmeYA3hOMfA,29.2876,48.8126,0.16682084,1984,0.0,
shorts,p5zWy46yWxU,29.2721,48.7868,0.16639285,1985,0.0,
shorts,LQd65ctML6o,29.2587,3.1234,9.24e-06,3754,68.4617,high
shorts,4dafLkA0SEQ,29.2566,48.761,0.1658303,1986,0.0,
shorts,WYXjcqdbdr4,29.2411,48.7352,0.16550805,1987,0.0,
shorts,1wfrEWUwzaY,29.2256,48.7093,0.16398869,1988,0.0,
shorts,de4TBgEgWBY,29.2101,48.6835,0.16395953,1989,0.0,
shorts,4378kuZ1Peg,29.1946,48.6577,0.16152409,1990,0.0,
shorts,iUj67b4WKl8,29.1791,48.6319,0.1608094,1991,0.0,
shorts,jX4hZBrtu64,29.1637,48.6061,0.16055967,1992,0.0,
shorts,hdFSJZ3tYvM,29.1567,13.8875,0.00071371,3337,52.0604,high
shorts,WfH78VSf4E4,29.1482,48.5803,0.16053754,1993,0.0,
shorts,mbtA5CBh5qk,29.1394,3.4848,1.221e-05,3740,67.6212,high
shorts,aPq7SBLcGoE,29.1327,48.5545,0.1604114,1994,0.0,
shorts,xYaH_Xoutyw,29.1311,1.0583,1.2e-06,3833,71.2402,high
shorts,WOitoc1BRYA,29.1172,48.5287,0.16032388,1995,0.0,
shorts,c0IjyYUXNw0,29.1144,9.9639,0.00031478,3489,57.8401,high
shorts,Dic-fJdWqhY,29.1042,6.221,7.391e-05,3634,63.429,high
shorts,a1aFhMw2wQE,29.1017,48.5028,0.16031846,1996,0.0,
shorts,bj98zTNd2h4,29.0947,9.2669,0.00026068,3516,58.8365,high
shorts,WFOEVVlOH8s,29.0899,5.3433,5.052e-05,3668,64.7098,high
shorts,LwcnId0ayVM,29.0707,48.4512,0.15902898,1998,0.0,
shorts,ppy-SwlSnEo,29.0574,2.9943,8.11e-06,3759,68.152,high
shorts,vdFnyhjI_fo,29.0552,48.4254,0.15750883,1999,0.0,
shorts,FbRnMwKmmTA,29.0527,5.2401,4.932e-05,3672,64.7716,high
shorts,FzdGk0ceLCA,29.0516,5.0852,4.653e-05,3678,65.0011,high
shorts,1c4g94RFezI,29.0398,48.3996,0.156615,2000,0.0,
shorts,rFfCgyX30i8,29.0243,48.3738,0.15622131,2001,0.0,
shorts,LLj-ledF9PI,29.0088,48.348,0.15591404,2002,0.0,
shorts,pYyrsUOToJg,28.9933,48.3221,0.15491791,2003,0.0,
shorts,maBSONV4Ml8,28.9778,48.2963,0.15387324,2004,0.0,
shorts,xL6DJbVn5eo,28.9623,48.2705,0.15225123,2005,0.0,
shorts,c7jDKJkIuZ8,28.9478,5.6531,5.888e-05,3656,63.8898,high
shorts,FYsEnbtUjZg,28.9468,48.2447,0.15168842,2006,0.0,
shorts,GQtuLY1Qs1Q,28.944,7.1244,0.00014692,3599,61.6733,high
shorts,f6MyY--BI7g,28.9313,48.2189,0.15167993,2007,0.0,
shorts,oROSLhyGiGs,28.9159,48.1931,0.15134772,2008,0.0,
shorts,PMxTAI9uDZk,28.9004,48.1673,0.15093942,2009,0.0,
shorts,HGpnq64WHKg,28.8849,48.1415,0.15059115,2010,0.0,
shorts,8XkaOuHDoIo,28.8766,8.6216,0.0002242,3541,59.259,high
shorts,PqEf2HYlEoA,28.8694,48.1156,0.14994513,2011,0.0,
shorts,zEUstENVghI,28.8257,5.6273,5.882e-05,3657,63.6234,high
shorts,JP3vCruuycw,28.8229,48.0382,0.14856084,2014,0.0,
shorts,o_-f3wobchI,28.8074,48.0124,0.14733636,2015,0.0,
shorts,HyWpbCUdCr8,28.8029,5.5756,5.86e-05,3659,63.6439,high
shorts,LgE-DtxLGXI,28.7765,47.9608,0.14532566,2017,0.0,
shorts,8mQvTgd5JAg,28.7676,15.8493,0.00098047,3261,48.1451,high
shorts,xRYh3fBQowU,28.761,47.935,0.14430104,2018,0.0,
shorts,57pj1crmbkw,28.7515,11.6417,0.00048103,3424,54.4163,high
shorts,KTliRYg3Ypc,28.7455,47.9091,0.14406522,2019,0.0,
shorts,FQJJJ1YZ7w0,28.73,47.8833,0.14317016,2020,0.0,
shorts,FLNqNZYDhfs,28.7145,47.8575,0.14270601,2021,0.0,
shorts,BYr9j1K8_ew,28.699,47.8317,0.14270474,2022,0.0,
shorts,Mjin58WQTUI,28.6835,47.8059,0.14250384,2023,0.0,
shorts,b2yJJDKffNs,28.6681,47.7801,0.14177419,2024,0.0,
shorts,ifHty728rY8,28.6526,47.7543,0.14161434,2025,0.0,
shorts,mTqDtRTKvqE,28.6376,6.35,8.644e-05,3629,62.0691,high
shorts,VnAVetF8hRk,28.637,47.7284,0.14123641,2026,0.0,
shorts,79FbNMbwddo,28.6216,47.7026,0.14037214,2027,0.0,
shorts,hCNT8hK1T98,28.6188,5.0594,4.542e-05,3679,63.958,high
shorts,j3-l-P1Eqno,28.6061,47.6768,0.14029071,2028,0.0,
shorts,J3iHKQXVv2Q,28.5906,47.651,0.14022777,2029,0.0,
shorts,CsFlbZvjWaI,28.5718,1.8844,2.88e-06,3802,68.6028,high
shorts,TGEwfHsA5lY,28.5596,47.5994,0.13953096,2031,0.0,
shorts,p0x2OuiKjPQ,28.5442,47.5736,0.13873319,2032,0.0,
shorts,iK6HT02LYX4,28.5287,47.5478,0.13858754,2033,0.0,
shorts,tmdGn-VzQPY,28.5131,47.5219,0.13779392,2034,0.0,
shorts,1ZygZQcNl-M,28.4868,12.4419,0.00054783,3393,52.5541,high
shorts,JGiRNaxn71I,28.4822,47.4703,0.13752434,2036,0.0,
shorts,0-onNPaDkew,28.4667,47.4445,0.13718301,2037,0.0,
shorts,ZI-5yUpldYg,28.4512,47.4187,0.13690627,2038,0.0,
shorts,pP67uodzLAw,28.4449,16.0299,0.00100968,3254,47.0674,high
shorts,wJl8aMWZp3A,28.4203,47.3671,0.13644634,2040,0.0,
shorts,Rdfd1KAX6NU,28.3998,7.047,0.00014082,3602,60.429,high
shorts,bqhPiN7CRWM,28.3892,47.3154,0.13596349,2042,0.0,
shorts,2dWnzDzu9Fw,28.3757,10.6866,0.00036171,3461,54.9093,high
shorts,Suasb5nIIQA,28.3738,47.2896,0.13577297,2043,0.0,
shorts,_juAhFO5tks,28.3671,8.8539,0.00023873,3532,57.6369,high
shorts,sk2P6324VR0,28.3533,13.2163,0.00063325,3363,51.0587,high
shorts,H5KmfCor3mc,28.3502,4.414,3.19e-05,3704,64.2545,high
shorts,sfp9BMrG8Kg,28.3428,47.238,0.13430703,2045,0.0,
shorts,DjHmWGLvGOg,28.3273,47.2122,0.13410804,2046,0.0,
shorts,aeqoRiLR_E8,28.3118,47.1864,0.13383396,2047,0.0,
shorts,YE3tNwQ3Gqc,28.2964,47.1606,0.13381029,2048,0.0,
shorts,wVzacKPFDMg,28.2808,47.1347,0.13349277,2049,0.0,
shorts,oknUEMD7aIU,28.2653,47.1089,0.13346184,2050,0.0,
shorts,CzIJ566XexE,28.2574,4.3624,3.07e-05,3706,64.1,high
shorts,MRzJTTrsp4s,28.2499,47.0831,0.13236024,2051,0.0,
shorts,SjW-Fpa5nGU,28.2344,47.0573,0.13228991,2052,0.0,
shorts,teVjI5pdmDs,28.2189,47.0315,0.13214035,2053,0.0,
shorts,g2dRbz4V9vU,28.2034,47.0057,0.13212221,2054,0.0,
shorts,x0HFad-M2iE,28.1902,3.2525,1.016e-05,3749,65.5967,high
shorts,YJdQUD4jI68,28.1879,46.9799,0.1314637,2055,0.0,
shorts,-OmU9HqUNZ0,28.1683,4.6205,3.527e-05,3696,63.4901,high
shorts,JKkAMcsJwg0,28.1569,46.9282,0.13074306,2057,0.0,
shorts,4nsI0cMetr8,28.126,46.8766,0.1301275,2059,0.0,
shorts,r9R3Z05qJyY,28.1105,46.8508,0.12979002,2060,0.0,
shorts,R5LO08f8i-I,28.095,46.825,0.12930685,2061,0.0,
shorts,UEBpQgCIFTk,28.064,46.7734,0.12878386,2063,0.0,
shorts,Yk3NoD0ex9Q,28.033,46.7217,0.12778049,2065,0.0,
shorts,jCvMqh_tBz0,28.0175,46.6959,0.12756506,2066,0.0,
shorts,EGUwjX7b-v0,28.0021,46.6701,0.12749801,2067,0.0,
shorts,VfgHRF5PITs,27.9827,10.8415,0.00037692,3455,53.6946,high
shorts,mN0F6rsjYpo,27.9711,46.6185,0.12729157,2069,0.0,
shorts,VpbShh7a2qU,27.9556,46.5927,0.12726956,2070,0.0,
shorts,8xn4U6sa3W0,27.9441,12.0805,0.00052044,3407,51.7394,high
shorts,jRWY-XHqHfk,27.9401,46.5669,0.12660346,2071,0.0,
shorts,r9g4cbr68ns,27.9091,46.5152,0.12539982,2073,0.0,
shorts,-fWUTi8u0_k,27.8936,46.4894,0.12376596,2074,0.0,
shorts,Id7pqiqes1c,27.8782,46.4636,0.12362833,2075,0.0,
shorts,ov_OARt__kc,27.8627,46.4378,0.12332683,2076,0.0,
shorts,Qa8_RuxX6n0,27.8472,46.412,0.12322066,2077,0.0,
shorts,dJr5fYp-Yoc,27.8317,46.3862,0.12315092,2078,0.0,
shorts,6sARbvvnHxw,27.8162,46.3604,0.12280693,2079,0.0,
shorts,NE70Ag1X1Hk,27.8085,10.0155,0.00031623,3487,54.4979,high
shorts,4Xzok2dTu0Y,27.8007,46.3345,0.12259724,2080,0.0,
shorts,3Zi3z73xbn4,27.7852,46.3087,0.1224195,2081,0.0,
shorts,4l6rfTbOdNM,27.7697,46.2829,0.12145997,2082,0.0,
shorts,5Ssdp9d2esk,27.7543,46.2571,0.12113245,2083,0.0,
shorts,v8PcvQb3ews,27.732,0.0,0.0,,69.3299,high
shorts,NExulOmweSU,27.7291,10.7641,0.00036852,3458,53.1765,high
shorts,oIwNpzOJzjQ,27.7233,46.2055,0.11933597,2085,0.0,
shorts,7TUD_mJ3sZs,27.7078,46.1797,0.11885898,2086,0.0,
shorts,ZCo_lyeqGtg,27.6923,46.1538,0.11874981,2087,0.0,
shorts,JlFYhsRxlFc,27.6768,46.128,0.11871456,2088,0.0,
shorts,VTj56pssD68,27.6613,46.1022,0.117742,2089,0.0,
shorts,ffrBG98c8pw,27.6458,46.0764,0.11738863,2090,0.0,
shorts,xJPs-RopMDI,27.6401,0.0,0.0,,69.1003,high
shorts,E_e6eouoTy0,27.6304,46.0506,0.11683264,2091,0.0,
shorts,njuBRzj_VA8,27.6149,46.0248,0.11649641,2092,0.0,
shorts,JZX9dTwKVJY,27.6075,0.0,0.0,,69.0187,high
shorts,OrJ1SG0leX4,27.5994,45.999,0.11643779,2093,0.0,
shorts,x07sYDEfGsA,27.5846,0.0,0.0,,68.9614,high
shorts,LxvF0p8bzj8,27.5839,45.9732,0.11641236,2094,0.0,
shorts,A4cgbR5O2kY,27.5684,45.9473,0.11638307,2095,0.0,
shorts,CudmuUqw1GI,27.5065,45.8441,0.11513458,2099,0.0,
shorts,tXRno9MAa-I,27.491,45.8183,0.11494945,2100,0.0,
shorts,923KJ6Owki4,27.4755,45.7925,0.1145461,2101,0.0,
shorts,eFeCf0kMq58,27.46,45.7666,0.11408211,2102,0.0,
shorts,V9q1nP1e2Bo,27.44,0.0,0.0,,68.6001,high
shorts,bww5bI1U7Zk,27.429,45.715,0.11288137,2104,0.0,
shorts,5wdlbk34B3s,27.4135,45.6892,0.11286969,2105,0.0,
shorts,fIlpSMeHhpU,27.398,45.6634,0.11131746,2106,0.0,
shorts,kiL5TRdw41U,27.3976,11.2287,0.00043013,3440,51.651,high
shorts,Yjrhxkf9QcQ,27.3671,45.6118,0.11072923,2108,0.0,
shorts,QK3cuf7yzIg,27.3516,45.586,0.11063361,2109,0.0,
shorts,KZlmyrqqWGY,27.3361,45.5601,0.11034284,2110,0.0,
shorts,kyWEagc8jRQ,27.3342,0.0,0.0,,68.3355,high
shorts,MKtlctUyMEI,27.3206,45.5343,0.10943713,2111,0.0,
shorts,TXOuw9TskrA,27.2896,45.4827,0.10898501,2113,0.0,
shorts,mlzPHLNVQZo,27.2888,0.0,0.0,,68.2219,high
shorts,1CiyMxMbkRA,27.2741,45.4569,0.10893758,2114,0.0,
shorts,dveTFv67XmA,27.2587,45.4311,0.10878778,2115,0.0,
shorts,w8rS6KL03ac,27.2432,45.4053,0.10846098,2116,0.0,
shorts,y3HkZSayX2s,27.2414,4.6464,3.561e-05,3695,61.134,high
shorts,bgMZKwQfrfM,27.2277,45.3795,0.10837151,2117,0.0,
shorts,GPF0PzzT-8Y,27.2122,45.3536,0.1082226,2118,0.0,
shorts,bK-tyCflxI8,27.1967,45.3278,0.10769375,2119,0.0,
shorts,SjPXvIuyRBA,27.1657,45.2762,0.10740216,2121,0.0,
shorts,zRfgw1rYdHE,27.1502,45.2504,0.10724468,2122,0.0,
shorts,FTHmh1ceCRE,27.1348,45.2246,0.10647449,2123,0.0,
shorts,0alPy88Ap8c,27.1193,45.1988,0.10599592,2124,0.0,
shorts,Ro7QS7WDi-4,27.1037,45.1729,0.10560784,2125,0.0,
shorts,EMrPhW1qo_0,27.0883,45.1471,0.10455128,2126,0.0,
shorts,aExt_EHmBVY,27.0728,45.1213,0.10419777,2127,0.0,
shorts,b7BaruhXobY,27.0703,10.7383,0.0003677,3459,51.5683,high
shorts,ZIdxDWE2LAc,27.0573,45.0955,0.10396449,2128,0.0,
shorts,K2Att_JytpI,27.0418,45.0697,0.10380947,2129,0.0,
shorts,QOlSL7bHFAA,27.0263,45.0439,0.10374693,2130,0.0,
shorts,Cg82oF20Efg,27.0109,45.0181,0.10353666,2131,0.0,
shorts,RCdzpCWZ6JI,26.9954,44.9923,0.10329431,2132,0.0,
shorts,RjpTgCsb6Qc,26.9798,44.9664,0.10316041,2133,0.0,
shorts,U8vqwJJIZ8Y,26.9644,44.9406,0.10252926,2134,0.0,
shorts,hoGg9MLYzVM,26.9489,44.9148,0.10221868,2135,0.0,
shorts,JK5NHuEu67I,26.9334,44.889,0.10217928,2136,0.0,
shorts,0fAF7hnNU3g,26.9179,44.8632,0.1019918,2137,0.0,
shorts,lBrLHbvNCWs,26.9024,44.8374,0.10167813,2138,0.0,
shorts,PgPvZCkcegA,26.887,44.8116,0.10126882,2139,0.0,
shorts,GkDe8wBju4E,26.8715,44.7858,0.10058032,2140,0.0,
shorts,zNoSYBsOC5s,26.8559,44.7599,0.10022145,2141,0.0,
shorts,na5Enw8P18A,26.8405,44.7341,0.09996106,2142,0.0,
shorts,LKD-wfMnPi0,26.825,44.7083,0.09988873,2143,0.0,
shorts,E4SuYWRSYS0,26.8052,11.1255,0.00042104,3444,50.3247,high
shorts,vRBCNNEQ3w4,26.794,44.6567,0.09959927,2145,0.0,
shorts,kLxBTfLIydg,26.7785,44.6309,0.0993092,2146,0.0,
shorts,5_q7ltV20m8,26.7631,44.6051,0.09925883,2147,0.0,
shorts,wA9Os_xHQjw,26.7486,6.763,0.00011674,3613,56.7269,high
shorts,rYB72nFJsfI,26.7475,44.5792,0.0989637,2148,0.0,
shorts,7pMTNY3qmI4,26.7394,0.0,0.0,,66.8484,high
shorts,FE9GfC25VKk,26.7011,44.5018,0.09826084,2151,0.0,
shorts,jNmoiyT4mMQ,26.6856,44.476,0.09820202,2152,0.0,
shorts,LKxIrZFhONI,26.6701,44.4502,0.09818319,2153,0.0,
shorts,R54Iinz4OoQ,26.6546,44.4244,0.09804479,2154,0.0,
shorts,j9dM1RO8s4I,26.6236,44.3727,0.09701595,2156,0.0,
shorts,5wyqoKs7oRU,26.6171,0.0,0.0,,66.5428,high
shorts,_2ap6rYG-ng,26.6081,44.3469,0.09665461,2157,0.0,
shorts,zTP0tsuXNeM,26.5927,44.3211,0.0961296,2158,0.0,
shorts,2zuTin_FP5Y,26.5772,44.2953,0.0956436,2159,0.0,
shorts,3CtL28IQX3U,26.5725,10.9448,0.00038895,3451,50.014,high
shorts,7NCCrlWNY9g,26.5462,44.2437,0.09415214,2161,0.0,
shorts,ngDT6PsqbIY,26.5152,44.192,0.0918097,2163,0.0,
shorts,U85BvJSwhZ8,26.5029,9.0862,0.00025018,3523,52.6279,high
shorts,wJJj1_BP8ME,26.4997,44.1662,0.0918074,2164,0.0,
shorts,4jWw71136qI,26.4842,44.1404,0.09180652,2165,0.0,
shorts,BT_F3qBZ_c0,26.4688,44.1146,0.09089403,2166,0.0,
shorts,fj1CdO_OT_o,26.4533,44.0888,0.0903976,2167,0.0,
shorts,qyoEMRTmKHw,26.4223,44.0372,0.08922393,2169,0.0,
shorts,4IeYytwcpuQ,26.4068,44.0114,0.08880091,2170,0.0,
shorts,ejHcq0v4FrI,26.3913,43.9855,0.08869082,2171,0.0,
shorts,TavDgs-8bZY,26.3885,6.8663,0.00012391,3609,55.6717,high
shorts,F2TJS2ZL-j4,26.3863,9.525,0.00027813,3506,51.6782,high
shorts,P2JDMLypg70,26.3758,43.9597,0.0883359,2172,0.0,
shorts,_7wkQHhLLaU,26.3603,43.9339,0.0876732,2173,0.0,
shorts,YjqV6JYF8sY,26.3449,43.9081,0.08755446,2174,0.0,
shorts,N41ALUrCnEQ,26.3294,43.8823,0.08733201,2175,0.0,
shorts,7jxb1ssEcE8,26.3139,43.8565,0.08730124,2176,0.0,
shorts,FlZbnFRO7z4,26.3138,12.2612,0.00053781,3400,47.3926,high
shorts,LYRANoawhNA,26.2984,43.8307,0.0869848,2177,0.0,
shorts,cUmTnrJBTTE,26.2829,43.8049,0.08691535,2178,0.0,
shorts,GYZ78W1j6GI,26.2674,43.779,0.08677814,2179,0.0,
shorts,a1gNL-BVbUo,26.2364,43.7274,0.08583979,2181,0.0,
shorts,GTACbClgvjI,26.2356,14.0423,0.00074211,3331,44.5255,high
shorts,4iXwPD-VHyg,26.221,43.7016,0.08570669,2182,0.0,
shorts,NlAn6iSVCzM,26.19,43.65,0.08447797,2184,0.0,
shorts,aVWnKVALrMs,26.159,43.5983,0.08437173,2186,0.0,
shorts,WTTZCqRvjxo,26.1435,43.5725,0.08358439,2187,0.0,
shorts,_-i1kJIy3J0,26.128,43.5467,0.08351136,2188,0.0,
shorts,sHXJob_Yxmw,26.1125,43.5209,0.08293034,2189,0.0,
shorts,PCkuOOLWCuM,26.0971,43.4951,0.08247344,2190,0.0,
shorts,6c2CO6ygeao,26.0661,43.4435,0.08206447,2192,0.0,
shorts,9FhyxpEsd88,26.0506,43.4177,0.08203934,2193,0.0,
shorts,G0NDdRDcuDg,26.0351,43.3918,0.08125094,2194,0.0,
shorts,3cWWq5JRf0U,25.9886,43.3144,0.07977246,2197,0.0,
shorts,x4FWI5SiKUA,25.9577,43.2628,0.07926829,2199,0.0,
shorts,9T0LVXP4go8,25.9428,9.4992,0.00027755,3507,50.6083,high
shorts,68DDel9rEck,25.9267,43.2112,0.0783024,2201,0.0,
shorts,1Z2nhwSlzF8,25.9112,43.1853,0.07767725,2202,0.0,
shorts,Icm5LjV5Erc,25.8957,43.1595,0.07767468,2203,0.0,
shorts,PeLX4sJqhHw,25.8802,43.1337,0.07764904,2204,0.0,
shorts,ziggUcuKHO8,25.8647,43.1079,0.07764372,2205,0.0,
shorts,OOaK0rHHc80,25.8493,43.0821,0.0775427,2206,0.0,
shorts,sJcdxLkHop0,25.8338,43.0563,0.07726768,2207,0.0,
shorts,3s_qyXf8Qps,25.8183,43.0305,0.07690445,2208,0.0,
shorts,EdGVGAIm4LU,25.8028,43.0046,0.0767991,2209,0.0,
shorts,p7TUjA45Xlk,25.7873,42.9788,0.07659053,2210,0.0,
shorts,cYKvb_gWxyg,25.7733,12.3129,0.00053913,3398,45.9639,high
shorts,MoQHYyrIZq0,25.7718,42.953,0.07648293,2211,0.0,
shorts,n2T6AOoUkOM,25.7563,42.9272,0.07599052,2212,0.0,
shorts,WZ1AGTxFHgU,25.7408,42.9014,0.07595012,2213,0.0,
shorts,GjaQ_RSGDIc,25.7254,42.8756,0.07586743,2214,0.0,
shorts,pS0W2tHiIJs,25.7099,42.8498,0.07538861,2215,0.0,
shorts,Vk0v5zW6Gg0,25.6789,42.7981,0.07393562,2217,0.0,
shorts,OhKcnN0i1uI,25.6634,42.7723,0.07338601,2218,0.0,
shorts,Kxs259EwdiQ,25.6479,42.7465,0.07306774,2219,0.0,
shorts,f_uHci1kNXU,25.6324,42.7207,0.07300319,2220,0.0,
shorts,q08rEmHxLtI,25.6169,42.6949,0.07289211,2221,0.0,
shorts,0N17PEwQ8nI,25.6015,42.6691,0.07107069,2222,0.0,
shorts,G-PeI7XI09M,25.5704,42.6174,0.07069294,2224,0.0,
shorts,nuFQ3CJ7Mo8,25.555,42.5916,0.07058722,2225,0.0,
shorts,xHEwexakh8o,25.524,42.54,0.0703778,2227,0.0,
shorts,HKOldosFBgQ,25.5085,42.5142,0.07022067,2228,0.0,
shorts,rI6RTxkpn7A,25.493,42.4884,0.07020656,2229,0.0,
shorts,TAF2xyBxegI,25.4465,42.4109,0.06908056,2232,0.0,
shorts,4G06F7gyEVQ,25.4156,42.3593,0.0685729,2234,0.0,
shorts,MnfmaNuU324,25.4001,42.3335,0.06848254,2235,0.0,
shorts,lkjKauMfWyk,25.3846,42.3077,0.06832798,2236,0.0,
shorts,Epv1JKTunNo,25.3691,42.2819,0.06809321,2237,0.0,
shorts,0nz8-v8rOVA,25.3537,42.2561,0.06808453,2238,0.0,
shorts,6Yy4GCr8uOI,25.3382,42.2303,0.06753303,2239,0.0,
shorts,goEokMv04B4,25.3226,42.2044,0.06697341,2240,0.0,
shorts,zw5u3Vrckuw,25.3072,42.1786,0.06694079,2241,0.0,
shorts,Z4y8guNSlfg,25.2917,42.1528,0.06689891,2242,0.0,
shorts,9HaJ5bbxtD4,25.2762,42.127,0.06687395,2243,0.0,
shorts,oRonN-SPouA,25.2607,42.1012,0.06686047,2244,0.0,
shorts,O_sybgOlcyU,25.2452,42.0754,0.06655431,2245,0.0,
shorts,CwDqj8oYXhU,25.2142,42.0237,0.065835,2247,0.0,
shorts,LuDFtPBJNnk,25.1987,41.9979,0.06572232,2248,0.0,
shorts,KOAhANin5CE,25.1833,41.9721,0.06541972,2249,0.0,
shorts,8YZZH71yf2A,25.1678,41.9463,0.06525456,2250,0.0,
shorts,dsNU9g3gx-4,25.1523,41.9205,0.06513234,2251,0.0,
shorts,bLsIdns-lQI,25.1213,41.8689,0.06503113,2253,0.0,
shorts,51U2EQ60i2w,25.1059,41.8431,0.06499973,2254,0.0,
shorts,EP27GdakS2Q,25.0903,41.8172,0.06495842,2255,0.0,
shorts,G8aRnSMBNok,25.0748,41.7914,0.0645875,2256,0.0,
shorts,5v_Ql-PEDik,25.0594,41.7656,0.06448213,2257,0.0,
shorts,68PVv2cZLNE,25.0439,41.7398,0.06435302,2258,0.0,
shorts,JtThqtKDsVc,25.0284,41.714,0.0642857,2259,0.0,
shorts,CPN4dNvyazY,24.9974,41.6624,0.06369792,2261,0.0,
shorts,MVhFWgeXYTc,24.9886,10.5834,0.00035481,3465,46.5964,high
shorts,xZ09qgrrk_I,24.982,41.6366,0.06340546,2262,0.0,
shorts,rjkzy0l2U00,24.9509,41.5849,0.06294126,2264,0.0,
shorts,TWl3F6nSRG4,24.92,41.5333,0.06219005,2266,0.0,
shorts,bpakYz183lw,24.889,41.4817,0.06203022,2268,0.0,
shorts,tJJz1N0z6h8,24.8735,41.4559,0.06195716,2269,0.0,
shorts,zaEq0N3fM98,24.858,41.43,0.06185086,2270,0.0,
shorts,qobWiBK3PPY,24.8425,41.4042,0.06157715,2271,0.0,
shorts,ygDAw3ORRVc,24.827,41.3784,0.06152748,2272,0.0,
shorts,WCbPYHvaNgc,24.8116,41.3526,0.06148766,2273,0.0,
shorts,OIV0n0CyciY,24.7961,41.3268,0.06122673,2274,0.0,
shorts,1JSiSUrp1ig,24.7806,41.301,0.06092085,2275,0.0,
shorts,oZr_LRX_A0g,24.7651,41.2752,0.0605723,2276,0.0,
shorts,7GteMkiMGZ4,24.7496,41.2494,0.06052133,2277,0.0,
shorts,MZdgdBSkgkQ,24.7341,41.2235,0.06040902,2278,0.0,
shorts,Ug2AkoFaTRA,24.7186,41.1977,0.05989481,2279,0.0,
shorts,LswPjUTr0VY,24.7031,41.1719,0.05958561,2280,0.0,
shorts,cpiQbvc4-xA,24.6877,41.1461,0.0595551,2281,0.0,
shorts,q_13UNMXPkE,24.6567,41.0945,0.05947208,2283,0.0,
shorts,saU41GBoMGQ,24.6412,41.0687,0.05929935,2284,0.0,
shorts,7KISbWrNujo,24.6102,41.017,0.05879075,2286,0.0,
shorts,V7AIpH7H6GM,24.5947,40.9912,0.05875915,2287,0.0,
shorts,W70X4ffZJx0,24.5792,40.9654,0.05875472,2288,0.0,
shorts,jajWn21VGac,24.5638,40.9396,0.05870855,2289,0.0,
shorts,Q8Be6tT2p2E,24.5483,40.9138,0.05855224,2290,0.0,
shorts,PsW2U_BU87M,24.5328,40.888,0.05770374,2291,0.0,
shorts,HkpLee_NxUM,24.5173,40.8622,0.05762264,2292,0.0,
shorts,iowRMNUU9QQ,24.4863,40.8105,0.05754354,2294,0.0,
shorts,Z2bME8BVEIs,24.4708,40.7847,0.0575242,2295,0.0,
shorts,e_EnBRhOYZE,24.4553,40.7589,0.05733824,2296,0.0,
shorts,PBzIr9RXssw,24.4399,40.7331,0.05707023,2297,0.0,
shorts,NR01kpdFfb4,24.4244,40.7073,0.05680566,2298,0.0,
shorts,XKXyQeuQSzo,24.4089,40.6815,0.05636595,2299,0.0,
shorts,LtwtkY1AziY,24.3934,40.6557,0.05630572,2300,0.0,
shorts,-dsiGoGAQ6M,24.3779,40.6298,0.05627392,2301,0.0,
shorts,9SEVJGrXTOw,24.3624,40.604,0.05612025,2302,0.0,
shorts,gpuYG82x8S8,24.3469,40.5782,0.05582386,2303,0.0,
shorts,aXtMaInFgTE,24.3314,40.5524,0.05575286,2304,0.0,
shorts,Sr3MkJg6B7Q,24.316,40.5266,0.05556968,2305,0.0,
shorts,7mdWm_Y09vc,24.3005,40.5008,0.05527559,2306,0.0,
shorts,n-jLseRQNgk,24.285,40.475,0.05525329,2307,0.0,
shorts,zj8-a7169WA,24.2695,40.4491,0.05511827,2308,0.0,
shorts,ltArspYpQHc,24.254,40.4233,0.05479184,2309,0.0,
shorts,vtJ0wNGDQkg,24.223,40.3717,0.05438677,2311,0.0,
shorts,aUFbtOUN-qs,24.1921,40.3201,0.05409574,2313,0.0,
shorts,N9qCJuvQh98,24.1611,40.2685,0.05309442,2315,0.0,
shorts,dD0q-ooW7dA,24.1598,9.7315,0.00029604,3498,45.8023,high
shorts,yIW-Qz_LiN4,24.1301,40.2168,0.0530176,2317,0.0,
shorts,5QBLXdAJipM,24.0991,40.1652,0.05252028,2319,0.0,
shorts,x_fW82GDAaw,24.0682,40.1136,0.05214493,2321,0.0,
shorts,0sYYVjhdoak,24.0527,40.0878,0.05205081,2322,0.0,
shorts,0igy7jNWDyQ,24.0372,40.062,0.05199012,2323,0.0,
shorts,O9ZZ4e6poq8,24.0217,40.0361,0.0518416,2324,0.0,
shorts,G_-aIgJFGMk,24.0062,40.0103,0.05175638,2325,0.0,
shorts,JrGlAw_Q7ow,23.9907,39.9845,0.05158588,2326,0.0,
shorts,465Vc9I4fvc,23.9752,39.9587,0.05146172,2327,0.0,
shorts,x1-HK1LgKK0,23.9597,39.9329,0.05116755,2328,0.0,
shorts,VDY6jAHA_1s,23.9443,39.9071,0.0510889,2329,0.0,
shorts,xD6aLbyEd34,23.9288,39.8813,0.0508497,2330,0.0,
shorts,hDiWPnxRURM,23.9132,39.8554,0.05045926,2331,0.0,
shorts,g4jc5MhfaKE,23.8978,39.8296,0.05024195,2332,0.0,
shorts,3OLbU-IpplM,23.8823,39.8038,0.04990512,2333,0.0,
shorts,j_AeUMdMFCI,23.8668,39.778,0.0498871,2334,0.0,
shorts,M4koHhKeaYY,23.8513,39.7522,0.04977863,2335,0.0,
shorts,MzufDCYUua0,23.8358,39.7264,0.04945211,2336,0.0,
shorts,SW0_HZ3B144,23.8204,39.7006,0.04944378,2337,0.0,
shorts,gnyRma_LGqc,23.8049,39.6748,0.04941863,2338,0.0,
shorts,xVp6oHRahsc,23.7893,39.6489,0.0492286,2339,0.0,
shorts,fmVWQr1hZ9o,23.7739,39.6231,0.04907891,2340,0.0,
shorts,fk4a69UZcfY,23.7429,39.5715,0.04833985,2342,0.0,
shorts,cbTUEkW2fvY,23.7274,39.5457,0.04816491,2343,0.0,
shorts,7kBSqoFC2wo,23.7119,39.5199,0.04777891,2344,0.0,
shorts,hA4hS7vVUFI,23.6965,39.4941,0.04759745,2345,0.0,
shorts,B58Xn45Y4N4,23.6809,39.4682,0.04716257,2346,0.0,
shorts,pnC3atvz9D0,23.65,39.4166,0.04713538,2348,0.0,
shorts,AhlmBnfbQ6I,23.6345,39.3908,0.04680594,2349,0.0,
shorts,1JcwVd9IjiU,23.619,39.365,0.04661249,2350,0.0,
shorts,MpPS5I1pJD8,23.6035,39.3392,0.04655383,2351,0.0,
shorts,1opzvVAVfNI,23.588,39.3134,0.04635231,2352,0.0,
shorts,pWwGkBqT-x8,23.5805,8.7248,0.00023222,3537,45.8641,high
shorts,Ocx5uE7vjIw,23.5726,39.2876,0.04628461,2353,0.0,
shorts,tOizsd3onjM,23.557,39.2617,0.04578483,2354,0.0,
shorts,qNEB_w5ECeI,23.5415,39.2359,0.04572152,2355,0.0,
shorts,gkBmzQwvivI,23.5261,39.2101,0.0456611,2356,0.0,
shorts,bdsrtE1zVyM,23.5106,39.1843,0.04540679,2357,0.0,
shorts,qqkc54fX7Qk,23.4951,39.1585,0.0454012,2358,0.0,
shorts,1NOMRVL4ay8,23.4796,39.1327,0.04533851,2359,0.0,
shorts,-yde3KTAOTk,23.4487,39.0811,0.04514838,2361,0.0,
shorts,pLFdu9w3ZPg,23.4331,39.0552,0.04512709,2362,0.0,
shorts,kNKM8tU2rdw,23.4022,39.0036,0.04498486,2364,0.0,
shorts,s81SPKh5-K8,23.3867,38.9778,0.04469614,2365,0.0,
shorts,pKf3j_QJG6Q,23.3557,38.9262,0.04441756,2367,0.0,
shorts,Jv-f6_OkxoQ,23.3247,38.8745,0.04353479,2369,0.0,
shorts,RSKJ2ggGD5s,23.3092,38.8487,0.04352762,2370,0.0,
shorts,zjC25y9F8mc,23.2937,38.8229,0.04349887,2371,0.0,
shorts,8LL7QLVgfmQ,23.2783,38.7971,0.04327486,2372,0.0,
shorts,0ipM9rFi_mk,23.2318,38.7197,0.04268554,2375,0.0,
shorts,I9gdwVNXv2E,23.2163,38.6939,0.04256203,2376,0.0,
shorts,MAcwKfBZbj4,23.2008,38.668,0.04241815,2377,0.0,
shorts,pj_tbM5VxQ4,23.1853,38.6422,0.0424147,2378,0.0,
shorts,rebHbjICGqY,23.1544,38.5906,0.04200668,2380,0.0,
shorts,z2Y4_cDvEYc,23.1234,38.539,0.04174382,2382,0.0,
shorts,y3X-uwzSR6I,23.1079,38.5132,0.04173022,2383,0.0,
shorts,2-3XuvcxdmM,23.0924,38.4874,0.04162719,2384,0.0,
shorts,5MNG3HyqsqI,23.0769,38.4615,0.04130588,2385,0.0,
shorts,ZTMeK4OwX6M,23.0459,38.4099,0.04116867,2387,0.0,
shorts,NjtnYlDcHwU,23.015,38.3583,0.04087804,2389,0.0,
shorts,ImmxcdpyBUE,22.9995,38.3325,0.04075044,2390,0.0,
shorts,IMZrQzmlNLc,22.9685,38.2808,0.04050916,2392,0.0,
shorts,xSgrwTJ4aeY,22.953,38.255,0.04041283,2393,0.0,
shorts,HB0Vt8DSaBo,22.9375,38.2292,0.0403345,2394,0.0,
shorts,SHFk2Xw8JGo,22.922,38.2034,0.03982282,2395,0.0,
shorts,hr564ABYR_E,22.8911,38.1518,0.03974646,2397,0.0,
shorts,Fidby2TZzG4,22.8601,38.1002,0.03959119,2399,0.0,
shorts,u5XWNSVJajg,22.8446,38.0743,0.03956549,2400,0.0,
shorts,Q8sdjAFzX1k,22.8291,38.0485,0.03947557,2401,0.0,
shorts,zIKhI9jCVR4,22.7827,37.9711,0.03922805,2404,0.0,
shorts,LxspF-Vi-iE,22.7672,37.9453,0.03908858,2405,0.0,
shorts,yMh_ejHP-QM,22.7517,37.9195,0.03902191,2406,0.0,
shorts,fNZ26wBJrQY,22.7362,37.8936,0.03898915,2407,0.0,
shorts,czS85XURnl4,22.7207,37.8678,0.03898678,2408,0.0,
shorts,aqqNlj0F2Qg,22.7069,7.9246,0.00019128,3568,44.8804,high
shorts,wwPNOJCnnnc,22.7052,37.842,0.03870628,2409,0.0,
shorts,uWB9yjxzXeA,22.6897,37.8162,0.03856832,2410,0.0,
shorts,Q47YOagFwk8,22.6588,37.7646,0.0384033,2412,0.0,
shorts,jMTSJubo3Mw,22.6433,37.7388,0.03840009,2413,0.0,
shorts,WeoSrycUJUg,22.6278,37.713,0.03829249,2414,0.0,
shorts,xajmnT0XTDQ,22.6123,37.6871,0.03829207,2415,0.0,
shorts,ECPOkLBiw3Q,22.5968,37.6613,0.03822552,2416,0.0,
shorts,kc3l-FDZA3w,22.5813,37.6355,0.03808877,2417,0.0,
shorts,DI1boxEwvAM,22.5696,0.0516,1.2e-07,3873,56.3465,high
shorts,AeiQSLkiygU,22.5658,37.6097,0.03799592,2418,0.0,
shorts,qqxUSCChbtc,22.5349,37.5581,0.03770839,2420,0.0,
shorts,wxoMbdmRe9g,22.5194,37.5323,0.03759896,2421,0.0,
shorts,3UpRdYLWPbs,22.5157,0.0,0.0,,56.2893,medium
shorts,uAYgzmb4rrE,22.5146,0.0,0.0,,56.2866,medium
shorts,0B6ZErYHzRE,22.5039,37.5065,0.03727695,2422,0.0,
shorts,lZPnlSGlA2k,22.4884,37.4806,0.03723895,2423,0.0,
shorts,Cly0s3w3MyU,22.4729,37.4548,0.03711238,2424,0.0,
shorts,vRWbZCjbwvg,22.461,0.0,0.0,,56.1526,medium
shorts,CsglTHUst-g,22.4419,37.4032,0.03692558,2426,0.0,
shorts,_9u2QFfVH-E,22.4329,0.0,0.0,,56.0823,medium
shorts,iCcmVr0EWaA,22.4264,37.3774,0.03687948,2427,0.0,
shorts,EGECtR8-qMI,22.4262,0.1291,1.8e-07,3870,55.8718,high
shorts,kUUBn03qz3c,22.411,37.3516,0.03683732,2428,0.0,
shorts,V9ttgoD6fDw,22.4093,0.0,0.0,,56.0233,medium
shorts,WeF2UysZeWs,22.3978,0.0,0.0,,55.9946,medium
shorts,Bd-Eq5qBhv4,22.3955,37.3258,0.03679492,2429,0.0,
shorts,fd3dQSp_3Lc,22.3876,0.0,0.0,,55.9691,medium
shorts,9GFK-iuWGuk,22.3799,37.2999,0.03652789,2430,0.0,
shorts,GRcSw_g44W4,22.3645,37.2741,0.03651928,2431,0.0,
shorts,MZ1-VM89Cuw,22.349,37.2483,0.03642023,2432,0.0,
shorts,_jiymBkuVLg,22.3335,37.2225,0.03607551,2433,0.0,
shorts,gSkkZFzUsBU,22.3315,0.0,0.0,,55.8287,medium
shorts,CR9xteLbfp0,22.318,37.1967,0.03603908,2434,0.0,
shorts,NLZS61xqj1E,22.3091,0.0,0.0,,55.7728,medium
shorts,pGZg3L1nbIg,22.2817,0.0,0.0,,55.7042,medium
shorts,nQfoeRwjZ8c,22.2804,0.0,0.0,,55.701,medium
shorts,skC7As3nSvE,22.2744,0.0,0.0,,55.6861,high
shorts,VK4yeT-F-FI,22.2716,37.1193,0.03595811,2437,0.0,
shorts,zZxRWvr0Y3c,22.256,37.0934,0.03582922,2438,0.0,
shorts,4AIe6FTruqQ,22.2406,37.0676,0.03536006,2439,0.0,
shorts,4uNoRLpLud8,22.2251,37.0418,0.03526632,2440,0.0,
shorts,MKL0tk-3UM8,22.2096,37.016,0.03487464,2441,0.0,
shorts,VZCBqAcYN00,22.2044,0.0,0.0,,55.5111,medium
shorts,b4hjxPs6psI,22.1941,36.9902,0.03470578,2442,0.0,
shorts,7a4EgyUq6oM,22.1786,36.9644,0.03466097,2443,0.0,
shorts,oCVJyEwFJD8,22.1632,36.9386,0.03457731,2444,0.0,
shorts,yk4BBR6QJas,22.1629,0.0,0.0,,55.4073,medium
shorts,5ryzfpKwm18,22.1477,36.9128,0.03436803,2445,0.0,
shorts,KZZDU6Sb7Z8,22.1457,0.0,0.0,,55.3642,medium
shorts,Wf_cbmpkj2E,22.1321,36.8869,0.03432243,2446,0.0,
shorts,d4Ck6pOvYNs,22.1202,0.0,0.0,,55.3004,medium
shorts,YmbmbP10jAo,22.1012,36.8353,0.03420578,2448,0.0,
shorts,GCzSJcS_VBc,22.0774,0.0,0.0,,55.1935,medium
shorts,md8Iapnmd-s,22.0702,36.7837,0.03408637,2450,0.0,
shorts,7xwK-5FNxW0,22.0547,36.7579,0.03402837,2451,0.0,
shorts,VZ37ZgfyXb8,22.0531,0.0,0.0,,55.1328,medium
shorts,oWjI8hIKJ4A,22.0423,0.0,0.0,,55.1057,medium
shorts,JCidRKbjlhA,22.0393,36.7321,0.03397382,2452,0.0,
shorts,SsyeiSnP8MI,22.0391,0.0,0.0,,55.0978,medium
shorts,shd7g3TJh04,22.0237,36.7062,0.03395117,2453,0.0,
shorts,z1aIT-fzbhY,22.0082,36.6804,0.03390332,2454,0.0,
shorts,AxM96v9ZCzI,21.9928,36.6546,0.03374238,2455,0.0,
shorts,oTNPfhQA3nE,21.9773,36.6288,0.03338752,2456,0.0,
shorts,3COUSQteLGE,21.9618,36.603,0.03332539,2457,0.0,
shorts,D1RCcaOGqac,21.9593,0.0,0.0,,54.8982,medium
shorts,p2_l2GVFwDg,21.9463,36.5772,0.03327286,2458,0.0,
shorts,1-E981gSbfs,21.9308,36.5514,0.03310031,2459,0.0,
shorts,LN3j5bg7jLo,21.9154,36.5256,0.03293817,2460,0.0,
shorts,CdkCMd-OE5E,21.9022,0.0,0.0,,54.7555,high
shorts,hVEYJexavnM,21.8998,36.4997,0.03293561,2461,0.0,
shorts,i4Hm--2EWfc,21.8929,0.0,0.0,,54.7323,medium
shorts,ttzUQ0piTDw,21.8907,0.0,0.0,,54.7267,medium
shorts,7reBIy1vTaU,21.8907,0.0,0.0,,54.7267,medium
shorts,XAQ275WwWnw,21.8843,36.4739,0.03284298,2462,0.0,
shorts,MxaIP40tPCQ,21.8689,36.4481,0.03277592,2463,0.0,
shorts,mc1nyjygaQk,21.8534,36.4223,0.03269067,2464,0.0,
shorts,r7ObXQijX0k,21.852,0.0,0.0,,54.6301,medium
shorts,sZqiRCY1j2w,21.8367,0.0,0.0,,54.5918,medium
shorts,8es7KWe4g7E,21.8227,0.0,0.0,,54.5568,medium
shorts,GzBgWy2J8R4,21.8225,0.0,0.0,,54.5562,high
shorts,RkYuCA153Kk,21.8224,36.3707,0.03267009,2466,0.0,
shorts,_FcnGNJHVRk,21.7915,36.3191,0.03260642,2468,0.0,
shorts,ngqawENEYJU,21.7589,0.0,0.0,,54.3972,medium
shorts,X3KuW1g_h_g,21.745,36.2416,0.03189373,2471,0.0,
shorts,xOXFtW9xoyg,21.741,0.0,0.0,,54.3525,medium
shorts,WYGy48xJWv4,21.7295,36.2158,0.03168828,2472,0.0,
shorts,M5QA8fBMdSw,21.7142,0.0,0.0,,54.2855,medium
shorts,rzvcdu6Exvg,21.714,36.19,0.03109586,2473,0.0,
shorts,YlqP3JHvRWA,21.6985,36.1642,0.0309615,2474,0.0,
shorts,clTCIunafB4,21.6567,0.0,0.0,,54.1418,medium
shorts,wPGH9XOJOHo,21.6548,0.0,0.0,,54.137,medium
shorts,6hNY0K71Ewo,21.6365,36.0609,0.03033431,2478,0.0,
shorts,4rc5rDTDwlI,21.6211,36.0351,0.03008828,2479,0.0,
shorts,Mw0nR45aCb8,21.6056,36.0093,0.02993127,2480,0.0,
shorts,I6TDuh98ejE,21.5901,35.9835,0.02993085,2481,0.0,
shorts,JXWs5KmzFNE,21.5746,35.9577,0.02982855,2482,0.0,
shorts,lSI1HnNlNOg,21.5706,0.0,0.0,,53.9264,medium
shorts,7S0UlVGWcOg,21.5591,35.9319,0.02963206,2483,0.0,
shorts,iu3ltNsSXIA,21.5436,35.906,0.02962456,2484,0.0,
shorts,ipl-827d63M,21.5334,0.0,6e-08,3875,53.8335,high
shorts,GFsY9YYdvA8,21.5182,0.0,0.0,,53.7955,medium
shorts,k-Y58uIZFfQ,21.5163,0.0,0.0,,53.7907,medium
shorts,FtF7-40ts4E,21.5144,0.0,0.0,,53.786,medium
shorts,sAMpCmz2MYw,21.5126,35.8544,0.02933745,2486,0.0,
shorts,VjGOSzXI27Q,21.4972,35.8286,0.02907301,2487,0.0,
shorts,ilwQD9nfSNU,21.4914,0.0,0.0,,53.7285,medium
shorts,wiprevkQNXU,21.4662,35.777,0.02876826,2489,0.0,
shorts,T1veaFx5yjE,21.464,0.0,0.0,,53.6599,medium
shorts,w0xLNwqtWgQ,21.4576,0.0,0.0,,53.6439,medium
shorts,3G-gcv0L-q0,21.4569,0.0,0.0,,53.6423,medium
shorts,NVoMW0E6niE,21.4507,35.7512,0.02875346,2490,0.0,
shorts,Xr_WVcUzWXA,21.4352,35.7253,0.02873795,2491,0.0,
shorts,vYp1Gn5-VqE,21.4224,0.0,0.0,,53.5561,medium
shorts,pG247FlW_7s,21.4197,35.6995,0.02869672,2492,0.0,
shorts,nhJtQmN-ZEM,21.4141,0.0,0.0,,53.5352,high
shorts,1IlrOiuHTIg,21.3956,0.0,0.0,,53.4891,medium
shorts,xcWnA2XFZQw,21.381,0.0,0.0,,53.4524,medium
shorts,m2p0RRLX91E,21.3733,35.6221,0.02830046,2495,0.0,
shorts,QMRLgIiUysU,21.3578,35.5963,0.02828229,2496,0.0,
shorts,OOpVSpGuWGM,21.3423,35.5705,0.02826761,2497,0.0,
shorts,RvsmPP3CaJI,21.3268,35.5447,0.02755332,2498,0.0,
shorts,BhqVVXoeH-s,21.3113,35.5188,0.02749315,2499,0.0,
shorts,laxg_4g3bv8,21.2958,35.493,0.02736522,2500,0.0,
shorts,BDtL5bHcMnY,21.2942,0.0,0.0,,53.2354,medium
shorts,Q3w6KVCtVIM,21.2803,35.4672,0.02720044,2501,0.0,
shorts,g7CzepMTUNY,21.2769,0.0,0.0,,53.1923,medium
shorts,k22i5OtiTNE,21.2648,35.4414,0.02709093,2502,0.0,
shorts,ncHb_w6UeI8,21.2494,35.4156,0.02672199,2503,0.0,
shorts,GU-FXPAaVUw,21.2339,35.3898,0.02664727,2504,0.0,
shorts,8OJ1BlqSLFU,21.2278,0.0,0.0,,53.0694,medium
shorts,q7mstqoSA5s,21.2029,35.3382,0.02647677,2506,0.0,
shorts,b5S99q425gY,21.1874,35.3123,0.02634907,2507,0.0,
shorts,EizIYXh49yA,21.1806,0.0,0.0,,52.9514,medium
shorts,i_EIe3zDyqc,21.1665,0.0,0.0,,52.9162,medium
shorts,CxBpHmrHV7M,21.1633,0.0,0.0,,52.9082,medium
shorts,3SvACsD_HS4,21.1564,35.2607,0.02619629,2509,0.0,
shorts,x_D9D3-OI6Q,21.1409,35.2349,0.02617533,2510,0.0,
shorts,TplyfQwsTvc,21.11,35.1833,0.02606762,2512,0.0,
shorts,-ePbv2ASO2w,21.1058,0.0,0.0,,52.7646,medium
shorts,yfCKCEUZrq8,21.079,35.1316,0.02604944,2514,0.0,
shorts,0WZk7R_F5fI,21.0369,0.0,0.0,,52.5923,medium
shorts,cTdHGRqJdh0,21.0325,35.0542,0.02551093,2517,0.0,
shorts,z9R4yAk008Y,21.0016,35.0026,0.02546029,2519,0.0,
shorts,VFdyFPbLHpk,20.9915,0.0,0.0,,52.4788,medium
shorts,7VfmStN0MoM,20.9849,0.0,0.0,,52.4622,medium
shorts,wrQVhLRqD4I,20.9826,0.0,0.0,,52.4566,medium
shorts,G51P63WpweA,20.9766,0.0,0.0,,52.4414,medium
shorts,wSdHopQwG10,20.9706,34.951,0.0254331,2521,0.0,
shorts,gGnc9RAkdnc,20.9551,34.9251,0.02539325,2522,0.0,
shorts,ZRfS6_DfNGQ,20.9396,34.8993,0.02532815,2523,0.0,
shorts,3ksh3BTrEI8,20.9322,0.0,0.0,,52.3305,medium
shorts,GggJBZwhA2U,20.9241,34.8735,0.02529041,2524,0.0,
shorts,eFHmBWzLQ7I,20.9233,0.0,0.0,,52.3082,medium
shorts,V19jQnaXeEU,20.9086,34.8477,0.02527135,2525,0.0,
shorts,yMarKPsRtKM,20.8965,0.0,0.0,,52.2412,medium
shorts,lWrqFiwhR6k,20.8931,34.8219,0.02509518,2526,0.0,
shorts,c2fWDmOwdwc,20.8923,0.0,0.0,,52.2308,medium
shorts,UQXupr6-Wmg,20.8777,34.7961,0.02501277,2527,0.0,
shorts,MQ_5lv6vOeA,20.8741,0.0,0.0,,52.1853,medium
shorts,PV8cLt0LldY,20.8622,34.7703,0.02482227,2528,0.0,
shorts,rhoVcV26cxI,20.8596,0.0,0.0,,52.1489,medium
shorts,3nfj_wvWCCI,20.8467,34.7445,0.02471944,2529,0.0,
shorts,XYrOhOy6NTc,20.839,0.0,0.0,,52.0975,medium
shorts,tcnt60L-XUI,20.8312,34.7186,0.02461885,2530,0.0,
shorts,hX8fBLXDKH8,20.8294,0.0,0.0,,52.0736,medium
shorts,3v4Y4IIZabk,20.8288,0.0,0.0,,52.072,medium
shorts,mc_6jRiAhgQ,20.8157,34.6928,0.02456187,2531,0.0,
shorts,pADklWTqSLI,20.8128,0.0,0.0,,52.0321,medium
shorts,akqLWdf8nVc,20.8096,0.0,0.0,,52.0239,medium
shorts,jW3wEL6XQlY,20.8002,34.667,0.02453448,2532,0.0,
shorts,Hq-B8dOKP1s,20.7866,0.0,0.0,,51.9666,medium
shorts,tcb3ZC95DvE,20.7847,34.6412,0.02452855,2533,0.0,
shorts,AcCDWSTV6r4,20.7746,0.0,0.0,,51.9364,medium
shorts,TUUUOn3X7yQ,20.7719,0.0,0.0,,51.9298,medium
shorts,JGOIYAGjUxE,20.7692,34.6154,0.02452597,2534,0.0,
shorts,-6sKN6L0dGI,20.7643,0.0,0.0,,51.9108,medium
shorts,zxEWaoEnbX8,20.7582,0.0,0.0,,51.8956,medium
shorts,6UmOUR7Uwpw,20.7538,34.5896,0.02451099,2535,0.0,
shorts,w3NLwNszxI0,20.7324,0.0,0.0,,51.831,medium
shorts,w_nSaJRzLw4,20.7227,34.5379,0.02440555,2537,0.0,
shorts,0jsaz5KsYIg,20.7129,0.0,0.0,,51.7822,medium
shorts,78zWV2tRXpQ,20.7011,0.0,0.0,,51.7528,medium
shorts,yt_TxZE99zY,20.6918,34.4863,0.02409993,2539,0.0,
shorts,6yIR-Z7ArkY,20.6877,0.0,0.0,,51.7193,medium
shorts,aGf9483smOA,20.6852,0.0,0.0,,51.7129,medium
shorts,VREVC0wXPfs,20.6763,34.4605,0.02397077,2540,0.0,
shorts,Jzo63vsmaUo,20.6698,0.0,0.0,,51.6746,medium
shorts,N9cmSdHHiLw,20.6552,0.0,0.0,,51.6379,medium
shorts,1bETnK0es7Q,20.6494,0.0,0.0,,51.6236,medium
shorts,G_DfQGPlzSk,20.6453,34.4089,0.02371534,2542,0.0,
shorts,uW4B6ziQqvY,20.638,0.0,0.0,,51.5949,medium
shorts,5XkSf-AWb_Y,20.6299,34.3831,0.02350778,2543,0.0,
shorts,sN1WXvLSUYU,20.629,0.0,0.0,,51.5725,medium
shorts,3uLeqIBiuGU,20.6144,34.3573,0.02345221,2544,0.0,
shorts,OPcStvq372A,20.613,0.0,0.0,,51.5326,medium
shorts,ZgdhopnS9kA,20.6054,0.0,0.0,,51.5134,medium
shorts,fSX9ujDqYg0,20.5988,34.3314,0.02335179,2545,0.0,
shorts,E1wUrCMCAUk,20.5971,0.0,0.0,,51.4927,medium
shorts,M0SiWHpNAkk,20.5843,0.0,0.0,,51.4608,medium
shorts,payzRDCJ2tU,20.5818,0.0,0.0,,51.4544,medium
shorts,Yf0B8dt_iC4,20.5792,0.0,0.0,,51.448,medium
shorts,Jep6kNQ7K6E,20.5679,34.2798,0.02323089,2547,0.0,
shorts,DQH6-FSJKGg,20.5369,34.2282,0.023174,2549,0.0,
shorts,4en_n4ANxVA,20.5237,0.0,0.0,,51.3092,medium
shorts,F8skgrWg7D4,20.5214,34.2024,0.02312151,2550,0.0,
shorts,Irv3Lssop4Y,20.5115,0.0,0.0,,51.2788,medium
shorts,5RDweB6uipg,20.5088,0.0,0.0,,51.2719,medium
shorts,inH32cSLEOQ,20.5045,0.0,0.0,,51.2613,medium
shorts,1RZeqHKO12o,20.502,0.0,0.0,,51.2549,medium
shorts,JV0dQU61viA,20.4835,0.0,0.0,,51.2087,medium
shorts,OiFZXZiFruw,20.4749,34.1249,0.02265485,2553,0.0,
shorts,q9l1aEfhapk,20.4595,34.0991,0.02263697,2554,0.0,
shorts,rjHd6KK8IdE,20.4566,0.0,0.0,,51.1416,medium
shorts,iia_faoi1hY,20.4448,0.0,0.0,,51.1121,medium
shorts,WcMr7IOOpUU,20.444,34.0733,0.02248925,2555,0.0,
shorts,JBN7zfWpRJE,20.4285,34.0475,0.02246682,2556,0.0,
shorts,i0xhUJREygU,20.4273,0.0,0.0,,51.0682,medium
shorts,sUyOBppOtDs,20.4222,0.0,0.0,,51.0554,medium
shorts,-k7x2rLjj7k,20.3975,33.9959,0.02235776,2558,0.0,
shorts,WjA8A4mLX3g,20.3821,33.9701,0.0222907,2559,0.0,
shorts,0q5wIr1aER4,20.3705,0.0,0.0,,50.9262,medium
shorts,nK7KEg9wAYo,20.3665,33.9442,0.02222678,2560,0.0,
shorts,TpBGzwPOmO8,20.3657,0.0,0.0,,50.9142,medium
shorts,sC-ZVpX-gnU,20.3593,0.0,0.0,,50.8982,medium
shorts,J_w5cL6nFV4,20.351,33.9184,0.02202956,2561,0.0,
shorts,0S1DsvGD5w0,20.3479,0.0,0.0,,50.8698,medium
shorts,wg_iBTJqnN4,20.3328,0.0,0.0,,50.832,medium
shorts,3it-OKYhkJM,20.3271,0.0,0.0,,50.8177,medium
shorts,g2LGgTNwsTc,20.322,0.0,0.0,,50.8049,medium
shorts,5JxK0kP_Xl4,20.321,0.0,0.0,,50.8025,medium
shorts,s_gUM0DhfvU,20.3175,0.0,0.0,,50.7937,medium
shorts,3IQ_KUg1-C8,20.3152,0.0,0.0,,50.7881,medium
shorts,3lb8-UX829U,20.3086,0.0,0.0,,50.7714,medium
shorts,ufd2-4stl2c,20.2891,33.8152,0.02173132,2565,0.0,
shorts,QR9a29asMeI,20.2741,0.0,0.0,,50.6852,medium
shorts,sXVXDLvQkvA,20.2736,33.7894,0.02172671,2566,0.0,
shorts,XUqU-BL-qGo,20.2684,0.0,0.0,,50.6709,medium
shorts,d7qfcHa4LTY,20.2582,33.7636,0.02171095,2567,0.0,
shorts,CDUBZSbe9AQ,20.2511,0.0,0.0,,50.6277,medium
shorts,35Inh2po_OE,20.2426,33.7377,0.0217096,2568,0.0,
shorts,UVIJkeCXsdE,20.2422,0.0,0.0,,50.6054,medium
shorts,eabcrZw6yYE,20.2271,33.7119,0.02168246,2569,0.0,
shorts,Su1-F5nSgnc,20.2227,0.0,0.0,,50.5568,medium
shorts,jH82FkyFrIo,20.2117,33.6861,0.02165726,2570,0.0,
shorts,NtxRzErt37k,20.2102,0.0,0.0,,50.5256,medium
shorts,YYXE6q9Arvg,20.1807,33.6345,0.02147028,2572,0.0,
shorts,8K7sH53jh_8,20.1652,33.6087,0.02144458,2573,0.0,
shorts,8vF-7TLk4mI,20.1497,33.5829,0.02142142,2574,0.0,
shorts,X1fFUevywZA,20.1343,0.0,0.0,,50.3357,medium
shorts,fXcGCned-no,20.1342,33.557,0.02130024,2575,0.0,
shorts,VylhIiLIdhk,20.1317,0.0,0.0,,50.3293,medium
shorts,KdmGan7AbRQ,20.1304,0.0,0.0,,50.3261,medium
shorts,TeA1JMxe-Cg,20.1187,33.5312,0.02127243,2576,0.0,
shorts,-O4JNpeap9Y,20.1056,0.0,0.0,,50.2639,medium
shorts,zxd1ul1vmeU,20.1032,33.5054,0.02119346,2577,0.0,
shorts,bSAVw52SQdQ,20.0953,0.0,0.0,,50.2383,medium
shorts,3n-H8Jk4naA,20.0909,0.0,0.0,,50.2272,medium
shorts,z7w04Lo1sbw,20.0878,33.4796,0.02090866,2578,0.0,
shorts,2m5BCWB02jY,20.0807,0.0,0.0,,50.2017,medium
shorts,xdlZuCezCZo,20.0653,0.0,0.0,,50.1633,medium
shorts,hnnIf9D4Q4A,20.0568,33.428,0.02060959,2580,0.0,
shorts,fBmli54FPcs,20.0413,33.4022,0.02058023,2581,0.0,
shorts,sgJCs81ommA,20.0389,0.0,0.0,,50.0972,medium
shorts,yry7DLLwupc,20.036,0.0,0.0,,50.09,medium
shorts,WKDzP5ewbeU,20.0258,33.3764,0.02051675,2582,0.0,
shorts,t9Qrf2264VA,19.9793,33.2989,0.02023842,2585,0.0,
shorts,Gr2IPyoPXlY,19.9639,33.2731,0.0201861,2586,0.0,
shorts,w-yXLGF-83M,19.9484,33.2473,0.02010356,2587,0.0,
shorts,oCmt8DeoqyY,19.9019,33.1699,0.02004995,2590,0.0,
shorts,KtFNOiHCq7E,19.8864,33.144,0.02003379,2591,0.0,
shorts,K6sDPog9u6k,19.8709,33.1182,0.01999984,2592,0.0,
shorts,dOl-IZ7uzpY,19.8618,0.0,0.0,,49.6546,medium
shorts,dwtm5CUO8bU,19.8554,33.0924,0.01988914,2593,0.0,
shorts,UGSYVE6YKA4,19.84,33.0666,0.01988691,2594,0.0,
shorts,SHmom7kwPOU,19.8245,33.0408,0.01985863,2595,0.0,
shorts,eva41r-GHKk,19.809,33.015,0.01963429,2596,0.0,
shorts,EC-TDjX3-qI,19.802,0.0,0.0,,49.505,medium
shorts,zK1c6Qy1P-A,19.7935,32.9892,0.01957014,2597,0.0,
shorts,JbfNDIdc3O8,19.778,32.9633,0.01943027,2598,0.0,
shorts,nP9uFj-_dgA,19.7625,32.9375,0.01933723,2599,0.0,
shorts,8arq41upD4o,19.747,32.9117,0.01932759,2600,0.0,
shorts,NhF7tNGujvQ,19.7315,32.8859,0.01930672,2601,0.0,
shorts,ChLG_PoHOJE,19.7182,0.0,0.0,,49.2955,medium
shorts,MBoqoJ3oqaE,19.7161,32.8601,0.01921536,2602,0.0,
shorts,6tPBkkSRVD0,19.7006,32.8343,0.01914664,2603,0.0,
shorts,nO-l9M01fHY,19.6851,32.8085,0.01904271,2604,0.0,
shorts,1hmXxJX9UM4,19.6696,32.7827,0.01895144,2605,0.0,
shorts,sl4HDFGHRUg,19.6386,32.731,0.01877326,2607,0.0,
shorts,hJEnLiCypg4,19.6231,32.7052,0.01873141,2608,0.0,
shorts,TfMX3khsADk,19.6076,32.6794,0.0186486,2609,0.0,
shorts,M43-iIsZDvc,19.5922,32.6536,0.01864156,2610,0.0,
shorts,IXYVjF7zckU,19.5767,32.6278,0.01854879,2611,0.0,
shorts,r4SuGLQnZD0,19.5612,32.602,0.01820849,2612,0.0,
shorts,rcYUAwmhsfI,19.5457,32.5761,0.01811709,2613,0.0,
shorts,ImKo5rVlFfI,19.5388,0.0,0.0,,48.8471,medium
shorts,7JO_5U8vxLs,19.5302,32.5503,0.01803378,2614,0.0,
shorts,RizalXv4XwQ,19.4992,32.4987,0.01789771,2616,0.0,
shorts,5rtca_4Dz10,19.4837,32.4729,0.01781458,2617,0.0,
shorts,SZ7-5aJFFNs,19.4683,32.4471,0.01780655,2618,0.0,
shorts,Y3FGjcZ0KV4,19.4528,32.4213,0.01776654,2619,0.0,
shorts,ms2TUal9xmI,19.4478,0.0,0.0,,48.6196,medium
shorts,WPOhGVSPOyM,19.4373,32.3955,0.01762296,2620,0.0,
shorts,FP3q1wYzQKU,19.4218,32.3696,0.01756979,2621,0.0,
shorts,mMGUZApZJVE,19.4063,32.3438,0.01752111,2622,0.0,
shorts,Huqn1s3UI1U,19.3753,32.2922,0.01737112,2624,0.0,
shorts,Hp69v1ptx7s,19.3598,32.2664,0.01725984,2625,0.0,
shorts,xE17IW_WljM,19.3462,0.0,0.0,,48.3654,medium
shorts,3mrxeW6yyrY,19.3444,32.2406,0.01723078,2626,0.0,
shorts,MezyXlS5REY,19.3304,0.0,0.0,,48.326,medium
shorts,-hg67g9XwhY,19.3134,32.189,0.01712643,2628,0.0,
shorts,zHVVOWz2bXc,19.2979,32.1631,0.01702391,2629,0.0,
shorts,RoCqNopHk7o,19.2824,32.1373,0.01697485,2630,0.0,
shorts,9OjT1bpim6g,19.2669,32.1115,0.01694708,2631,0.0,
shorts,C9c-7942_WY,19.2205,32.0341,0.01673183,2634,0.0,
shorts,UDj7v9dReSM,19.1894,31.9824,0.01652993,2636,0.0,
shorts,7K2QvYd28SY,19.174,31.9566,0.01634271,2637,0.0,
shorts,PCrXyRxsjmY,19.1585,31.9308,0.01611062,2638,0.0,
shorts,qF_l0h7gLHc,19.143,31.905,0.01610054,2639,0.0,
shorts,kLP22KNhEIo,19.112,31.8534,0.01604287,2641,0.0,
shorts,SEevRWzoC5E,19.1069,0.0,0.0,,47.7672,medium
shorts,x_uyYLcpNSE,19.0966,31.8276,0.01600348,2642,0.0,
shorts,aw9og8jO-oQ,19.0811,31.8018,0.01597484,2643,0.0,
shorts,TYzl5hBIIA8,19.0716,0.0,0.0,,47.679,medium
shorts,Q5rmW96IGqA,19.0655,31.7759,0.01593129,2644,0.0,
shorts,hBKvzydWs3Y,19.0501,31.7501,0.01588215,2645,0.0,
shorts,6tLDjVTo4cA,19.0436,0.0,0.0,,47.6091,medium
shorts,QdwJo6ZmeqY,19.0346,31.7243,0.01581175,2646,0.0,
shorts,tIieAJU9VwA,18.9884,0.0,0.0,,47.471,medium
shorts,9q4DYn_IsiM,18.9881,31.6469,0.01572659,2649,0.0,
shorts,CmzP812PxnQ,18.976,0.0,0.0,,47.44,medium
shorts,k9o4bEwpEiA,18.9727,31.6211,0.01561589,2650,0.0,
shorts,rpLw85zyu4I,18.9672,0.0,0.0,,47.4179,medium
shorts,17YeGBmP53A,18.9572,31.5953,0.01554837,2651,0.0,
shorts,PIaQfZ0WJ5A,18.9416,31.5694,0.0154896,2652,0.0,
shorts,xACCzjtL2Y8,18.9107,31.5178,0.01537646,2654,0.0,
shorts,fAFchPUVevY,18.8952,31.492,0.01524587,2655,0.0,
shorts,_BY9YTTh6kE,18.8852,0.0,0.0,,47.2131,medium
shorts,NUItW2GQbpk,18.8797,31.4662,0.01511374,2656,0.0,
shorts,bwTBk9vTKD8,18.8642,31.4404,0.01508479,2657,0.0,
shorts,zKjxfIlLifM,18.8488,31.4146,0.01498643,2658,0.0,
shorts,ydguo-VDCkw,18.8332,31.3887,0.01497151,2659,0.0,
shorts,lUVMCrZY-88,18.8023,31.3371,0.01491245,2661,0.0,
shorts,enC7Ooh8X_s,18.8021,0.0,0.0,,47.0053,medium
shorts,NCCfIEiXW6k,18.7713,31.2855,0.01484495,2663,0.0,
shorts,un0mMDfpPEc,18.7558,31.2597,0.01483699,2664,0.0,
shorts,MNAEglUIgng,18.7403,31.2339,0.01469571,2665,0.0,
shorts,A50kE3hg0TQ,18.6984,0.0,0.0,,46.746,medium
shorts,U9ag5d4gSMk,18.6964,0.0,0.0,,46.7409,medium
shorts,kEsCIHrU9to,18.6938,31.1564,0.01437796,2668,0.0,
shorts,HYtraMgoWdc,18.6629,31.1048,0.01425823,2670,0.0,
shorts,FwhxUzQ20KM,18.6319,31.0532,0.01421989,2672,0.0,
shorts,P9yleRV8tto,18.6164,31.0274,0.01418427,2673,0.0,
shorts,4DfNM_LQolo,18.5699,30.9499,0.01384268,2676,0.0,
shorts,fd2zz7rGUws,18.5602,0.0,0.0,,46.4004,medium
shorts,OgbLx7K5jKI,18.5545,30.9241,0.01380576,2677,0.0,
shorts,BikbD_iFJy4,18.5437,0.0,0.0,,46.3592,medium
shorts,MiIg5s5b6F0,18.539,30.8983,0.01372642,2678,0.0,
shorts,7zWUO7MBq0Y,18.5235,30.8725,0.01370036,2679,0.0,
shorts,lV0O-SOC-WQ,18.508,30.8467,0.01358046,2680,0.0,
shorts,F4Jhxs5G-SQ,18.4972,0.0,0.0,,46.2431,medium
shorts,auY6JbmX2XE,18.446,30.7434,0.01337183,2684,0.0,
shorts,AEH6dBOnE_U,18.4252,0.0,0.0,,46.0629,medium
shorts,IZONC2TCIHQ,18.4151,30.6918,0.01332074,2686,0.0,
shorts,jMxzapGHmUw,18.3996,30.666,0.01331704,2687,0.0,
shorts,_X7yMNl8u9g,18.3841,30.6402,0.01327591,2688,0.0,
shorts,qIJHIuXcIMA,18.3686,30.6144,0.0132151,2689,0.0,
shorts,il91wLNVW4M,18.3618,0.0,0.0,,45.9044,medium
shorts,98ShZgIhSbk,18.3531,30.5885,0.01317055,2690,0.0,
shorts,hbT89XvVITM,18.3376,30.5627,0.01313648,2691,0.0,
shorts,KXTy-8wbx0M,18.3221,30.5369,0.01310137,2692,0.0,
shorts,SllXaJiQjBA,18.3092,0.0,0.0,,45.7729,medium
shorts,nKGoSwYJbhs,18.3067,30.5111,0.01304804,2693,0.0,
shorts,SdCa5nTCtxw,18.3013,0.0,0.0,,45.7533,medium
shorts,gzFOmO94FM0,18.2912,30.4853,0.01297962,2694,0.0,
shorts,GgVNOCRwQpo,18.2757,30.4595,0.01297637,2695,0.0,
shorts,4pfGAqt2A1U,18.2752,0.0,0.0,,45.688,medium
shorts,KHooqK3Hijs,18.27,0.0,0.0,,45.675,medium
shorts,IQG3lO15M-k,18.2464,0.0,0.0,,45.6159,medium
shorts,zRD_VJMMaPI,18.2447,30.4078,0.01270116,2697,0.0,
shorts,fAQKuSXA4Dk,18.2152,0.0,0.0,,45.538,medium
shorts,U0YMuaOOpUE,18.2137,30.3562,0.01258394,2699,0.0,
shorts,iOuKHEp7aZE,18.1982,30.3304,0.01257484,2700,0.0,
shorts,QiTWdB3WNC0,18.1839,0.0,0.0,,45.4597,medium
shorts,AjiBLSymCkk,18.1828,30.3046,0.01257029,2701,0.0,
shorts,z_XHk-DZ1nY,18.1673,30.2788,0.01246445,2702,0.0,
shorts,ZSBdYglBWoY,18.1518,30.253,0.01242603,2703,0.0,
shorts,qVfmmXZ14Yc,18.1363,30.2272,0.01235214,2704,0.0,
shorts,WTHzVEAHowg,18.126,0.0,0.0,,45.3151,medium
shorts,eiEiFubxXJ8,18.1208,30.2013,0.01230368,2705,0.0,
shorts,MrIW-XUFbjo,18.1053,30.1755,0.01223989,2706,0.0,
shorts,1eVzcinbr0Y,18.0992,0.0,0.0,,45.2481,medium
shorts,XOXmCcfmZrw,18.0898,30.1497,0.01217943,2707,0.0,
shorts,mPbb2Gk3fr4,18.0743,30.1239,0.01210554,2708,0.0,
shorts,Bg8gv-cb7D8,18.0589,30.0981,0.01206847,2709,0.0,
shorts,h45U8DZ33Xs,18.0434,30.0723,0.01205882,2710,0.0,
shorts,_QLMqR7awt0,18.0279,30.0465,0.01202135,2711,0.0,
shorts,JLYCBpu7ROk,18.0262,0.0,0.0,,45.0655,medium
shorts,qgkwRAGRhsg,18.0197,0.0,0.0,,45.0492,medium
shorts,pw9A10pI8js,18.0124,30.0207,0.01187465,2712,0.0,
shorts,Ly3YFubR4KE,17.9969,29.9948,0.01176692,2713,0.0,
shorts,qx6ZbgO8vtU,17.9814,29.969,0.01165196,2714,0.0,
shorts,MBixELw6mVY,17.9659,29.9432,0.01158144,2715,0.0,
shorts,Kp9DGdeeVqs,17.9504,29.9174,0.01151029,2716,0.0,
shorts,tuWItDDu6L4,17.9392,0.0,0.0,,44.8481,medium
shorts,drXSzAz-Y5k,17.935,29.8916,0.01150025,2717,0.0,
shorts,puAFTw73JIU,17.9195,29.8658,0.01131949,2718,0.0,
shorts,OLtrS1RI7Co,17.904,29.84,0.01131592,2719,0.0,
shorts,-JHEk9tfh-0,17.8933,0.0,0.0,,44.7332,medium
shorts,CAgIo6EDTZY,17.8927,0.0,0.0,,44.7317,medium
shorts,X5PL1UGDxGM,17.8885,29.8141,0.01129155,2720,0.0,
shorts,urFUurj_VrA,17.873,29.7883,0.01128002,2721,0.0,
shorts,MfQCE_sKcGY,17.8575,29.7625,0.01122019,2722,0.0,
shorts,CQE-eSMp3V0,17.842,29.7367,0.01121106,2723,0.0,
shorts,hqvh58WfUrs,17.8294,0.0,0.0,,44.5734,medium
shorts,QKptI93_toQ,17.8265,29.7109,0.01119183,2724,0.0,
shorts,-KfjGtLjlco,17.8111,29.6851,0.01117418,2725,0.0,
shorts,6swqx7BHJow,17.809,0.0,0.0,,44.5225,medium
shorts,k1B4HfR3sHU,17.7956,29.6593,0.01116214,2726,0.0,
shorts,Vb2RU7nYnGY,17.7854,0.0,0.0,,44.4636,medium
shorts,xxNFnWh5HP4,17.7801,29.6335,0.01112666,2727,0.0,
shorts,QRslOLHzszM,17.7646,29.6076,0.01104599,2728,0.0,
shorts,fwaJsvzjO_I,17.7583,0.0,0.0,,44.3957,medium
shorts,20T8fYlNPsk,17.7491,29.5818,0.01100946,2729,0.0,
shorts,5FaW56WXFaU,17.7336,29.556,0.01099464,2730,0.0,
shorts,isfiv_9f_kk,17.7056,0.0,0.0,,44.264,medium
shorts,XEKYSsR2r2s,17.6872,29.4786,0.01087309,2733,0.0,
shorts,fGL5ktJoXQQ,17.6838,0.0,0.0,,44.2094,medium
shorts,G7CM6exqyn0,17.6752,0.0,0.0,,44.188,medium
shorts,BXVUV2PN6RQ,17.6561,29.4269,0.01085006,2735,0.0,
shorts,ouM4iJDuUUY,17.6554,0.0,0.0,,44.1384,medium
shorts,TVtet3wu2jc,17.6407,29.4011,0.01084244,2736,0.0,
shorts,L5HQ_jx0HX8,17.6252,29.3753,0.01083955,2737,0.0,
shorts,yuoRXmnzm1A,17.6097,29.3495,0.01080347,2738,0.0,
shorts,81eEMgFrols,17.5942,29.3237,0.01075174,2739,0.0,
shorts,ILOntMIz-so,17.5932,0.0,0.0,,43.9829,medium
shorts,iTUE-Q3U3ak,17.5851,0.0,0.0,,43.9627,medium
shorts,_FY5aRfMWg0,17.5633,29.2721,0.01070967,2741,0.0,
shorts,sO2V8fL-ZhA,17.5478,29.2463,0.01069577,2742,0.0,
shorts,Vd8-m_T4edc,17.5322,29.2204,0.01062198,2743,0.0,
shorts,fVVh3C8hFdY,17.5168,29.1946,0.01061774,2744,0.0,
shorts,ovIUl_-B5hA,17.5013,29.1688,0.0106104,2745,0.0,
shorts,kH_UZvG03zg,17.4858,29.143,0.01057441,2746,0.0,
shorts,mkUGesjgU8k,17.4662,0.0,0.0,,43.6656,medium
shorts,LOMoOsIALOc,17.4548,29.0914,0.01051747,2748,0.0,
shorts,id_yBCwyo2Q,17.4394,29.0656,0.01051619,2749,0.0,
shorts,AHJZAiDTyrI,17.4239,29.0398,0.0104927,2750,0.0,
shorts,5Y5Rm_mldUw,17.4083,29.0139,0.01044364,2751,0.0,
shorts,NFHfriGAHo8,17.3929,28.9881,0.01042856,2752,0.0,
shorts,SSaZRt10A1s,17.3774,28.9623,0.01041134,2753,0.0,
shorts,sWiUcaj0EjA,17.3619,28.9365,0.0103871,2754,0.0,
shorts,M9IUw9ZhLGA,17.3464,28.9107,0.0103426,2755,0.0,
shorts,uXdcfdKqfbg,17.3309,28.8849,0.01025145,2756,0.0,
shorts,KKnP-T9kct8,17.2844,28.8074,0.01020019,2759,0.0,
shorts,O_xGs8NL6vM,17.269,28.7816,0.01009695,2760,0.0,
shorts,MOLrujD7K-w,17.2535,28.7558,0.01004237,2761,0.0,
shorts,yQitvUxvzz8,17.238,28.73,0.01002532,2762,0.0,
shorts,h97_Js_1xxM,17.2225,28.7042,0.01002527,2763,0.0,
shorts,wk-kQDP6Z1I,17.207,28.6784,0.00997538,2764,0.0,
shorts,wd5dkGEQRWE,17.1916,28.6526,0.00993884,2765,0.0,
shorts,bTn1wFCXLbE,17.176,28.6267,0.00991634,2766,0.0,
shorts,6mzh2t_n9ys,17.1605,28.6009,0.00988504,2767,0.0,
shorts,5psSeGnzBio,17.1451,28.5751,0.00984617,2768,0.0,
shorts,VTVNHgnKr9k,17.1296,28.5493,0.00975056,2769,0.0,
shorts,S3JuEF7RQ5k,17.1141,28.5235,0.00974172,2770,0.0,
shorts,2HqSabFRT-Q,17.0831,28.4719,0.00950724,2772,0.0,
shorts,DvKkSQsxUSk,17.0521,28.4202,0.00941813,2774,0.0,
shorts,Ndyk2FlGdms,17.0366,28.3944,0.00929399,2775,0.0,
shorts,a-DhfcRavi4,17.0212,28.3686,0.00906019,2776,0.0,
shorts,4ZK7Ms4IZ7g,17.0057,28.3428,0.00899522,2777,0.0,
shorts,yLelrg8jRTI,16.9902,28.317,0.00888146,2778,0.0,
shorts,ueBIeYuVLRk,16.9747,28.2912,0.00883267,2779,0.0,
shorts,NKh6nIwYOR4,16.9437,28.2395,0.00881293,2781,0.0,
shorts,aNMFpsLGNv0,16.9282,28.2137,0.00880636,2782,0.0,
shorts,iHjntta72J8,16.9127,28.1879,0.00874966,2783,0.0,
shorts,YZ6j_ssUjyI,16.8973,28.1621,0.00873952,2784,0.0,
shorts,m8hCVfnL8Tk,16.8818,28.1363,0.00871576,2785,0.0,
shorts,M-F6777dpAw,16.8508,28.0847,0.00865982,2787,0.0,
shorts,V3f5WyYLuH0,16.8353,28.0589,0.00862352,2788,0.0,
shorts,7c0UpKb7u1w,16.8198,28.033,0.00859252,2789,0.0,
shorts,o_47_KPd3CU,16.8043,28.0072,0.00845396,2790,0.0,
shorts,lE7rIBv-nV8,16.7888,27.9814,0.00843196,2791,0.0,
shorts,JKBD1wJfLho,16.7734,27.9556,0.00837553,2792,0.0,
shorts,OuOIrxBXB0M,16.7579,27.9298,0.00836968,2793,0.0,
shorts,bYmzvY16nSA,16.7424,27.904,0.00834804,2794,0.0,
shorts,5W2lIWDyXjI,16.7269,27.8782,0.0082428,2795,0.0,
shorts,yGC0oT995TM,16.7114,27.8523,0.00823411,2796,0.0,
shorts,I5MDClNqGKs,16.6959,27.8265,0.00806583,2797,0.0,
shorts,ud0Nd7iMVtw,16.6804,27.8007,0.00801279,2798,0.0,
shorts,_E7K6puLLbI,16.6649,27.7749,0.00797188,2799,0.0,
shorts,QKvrtw4mSE0,16.6495,27.7491,0.0079246,2800,0.0,
shorts,zrAFzVialPQ,16.634,27.7233,0.00791383,2801,0.0,
shorts,GKBkS---sho,16.6185,27.6975,0.00789507,2802,0.0,
shorts,hOZTjvXkh1g,16.603,27.6717,0.00789389,2803,0.0,
shorts,iTe1p-vQzL0,16.5875,27.6458,0.00783364,2804,0.0,
shorts,PkdYWHotfto,16.572,27.62,0.00783003,2805,0.0,
shorts,bPQCabJf8Io,16.5565,27.5942,0.00771235,2806,0.0,
shorts,ZOpRgl8sEmM,16.541,27.5684,0.00769181,2807,0.0,
shorts,D3FCziEnwmQ,16.5101,27.5168,0.00754048,2809,0.0,
shorts,_X5aIvzO9Fw,16.4791,27.4652,0.00753545,2811,0.0,
shorts,riyz2CrhfRI,16.4636,27.4393,0.00752367,2812,0.0,
shorts,EQ3-t7pdk0g,16.4481,27.4135,0.00751586,2813,0.0,
shorts,9VyCOVdFpL8,16.4326,27.3877,0.00751395,2814,0.0,
shorts,MAQPEP-z_RQ,16.4171,27.3619,0.00750355,2815,0.0,
shorts,sbzsqNJuZvg,16.4017,27.3361,0.00746513,2816,0.0,
shorts,nbHMeopNtDg,16.3862,27.3103,0.00738534,2817,0.0,
shorts,-L8Sen4mJkw,16.3707,27.2845,0.00738338,2818,0.0,
shorts,_v1-wcSBup0,16.3552,27.2586,0.00731293,2819,0.0,
shorts,Jk4MOZI3Q3M,16.3397,27.2328,0.00730019,2820,0.0,
shorts,cIYukf3QOoQ,16.3087,27.1812,0.00721058,2822,0.0,
shorts,R6ELuxJPriE,16.2932,27.1554,0.00718255,2823,0.0,
shorts,lBNfY9ImDZY,16.2778,27.1296,0.00714446,2824,0.0,
shorts,X8dqxEOPUB4,16.2623,27.1038,0.00710797,2825,0.0,
shorts,5988tYSqtIA,16.2313,27.0521,0.00708401,2827,0.0,
shorts,2G1BiZp3MmU,16.2003,27.0005,0.00704706,2829,0.0,
shorts,P0YRMqFdusg,16.1848,26.9747,0.00703524,2830,0.0,
shorts,oankOrZwIhg,16.1693,26.9489,0.00699056,2831,0.0,
shorts,Yqk4Tm-Wn9Y,16.1539,26.9231,0.00697664,2832,0.0,
shorts,kG0P7OGfx8M,16.1384,26.8973,0.00694356,2833,0.0,
shorts,FLPhlNC5tqI,16.1229,26.8715,0.00691857,2834,0.0,
shorts,pVwkpXd5PCA,16.0919,26.8198,0.00686953,2836,0.0,
shorts,cnCEUFzWspI,16.0764,26.794,0.00686552,2837,0.0,
shorts,_3RaxE-vXEk,16.0609,26.7682,0.00686359,2838,0.0,
shorts,So7GlsLhm4c,16.0454,26.7424,0.00670283,2839,0.0,
shorts,bnMCnUrqfnI,16.03,26.7166,0.00669528,2840,0.0,
shorts,i_Q7r0uBYxk,15.9989,26.6649,0.00665839,2842,0.0,
shorts,BVXJqZenDxU,15.9835,26.6391,0.00665831,2843,0.0,
shorts,66CI10yF60g,15.968,26.6133,0.00656988,2844,0.0,
shorts,xR_tXkDRJrc,15.9525,26.5875,0.00652675,2845,0.0,
shorts,7_fqSZuPGic,15.937,26.5617,0.00650806,2846,0.0,
shorts,G-aRYaCOZJs,15.9215,26.5359,0.00647748,2847,0.0,
shorts,KeYe50If3pc,15.9061,26.5101,0.00646517,2848,0.0,
shorts,xK_siWrQL8I,15.875,26.4584,0.00646223,2850,0.0,
shorts,ZLYk_pxgWrA,15.8596,26.4326,0.00643497,2851,0.0,
shorts,l5_2M4VL9QA,15.8441,26.4068,0.00642629,2852,0.0,
shorts,qorham0DKzk,15.8131,26.3552,0.00635144,2854,0.0,
shorts,NlGUiUGbogc,15.7666,26.2777,0.00625158,2857,0.0,
shorts,fvhibyWn-Fg,15.7202,26.2003,0.00617322,2860,0.0,
shorts,aPwttF9P78w,15.6737,26.1229,0.00607352,2863,0.0,
shorts,4UlVh5iHIvs,15.6583,26.0971,0.00606002,2864,0.0,
shorts,z7C1FINK1yc,15.6427,26.0712,0.00604537,2865,0.0,
shorts,y4Y4ZgJuTGQ,15.6371,0.0,0.0,,39.0928,medium
shorts,54zs8ee_5wo,15.6272,26.0454,0.0060423,2866,0.0,
shorts,kJCwggnf1S0,15.6118,26.0196,0.00603455,2867,0.0,
shorts,UxqNqx5NVns,15.5498,25.9164,0.00595562,2871,0.0,
shorts,6Fehw2kv78c,15.5188,25.8647,0.00588566,2873,0.0,
shorts,YlVYfx-kfYM,15.4879,25.8131,0.00583997,2875,0.0,
shorts,X_doyKxgaaM,15.4724,25.7873,0.00583694,2876,0.0,
shorts,ckmwjwgSEuM,15.4259,25.7099,0.00578518,2879,0.0,
shorts,KlpXTzDSoLs,15.3949,25.6582,0.00573458,2881,0.0,
shorts,VXFUsQufslk,15.3794,25.6324,0.00571525,2882,0.0,
shorts,9347xK6DuRM,15.364,25.6066,0.00569795,2883,0.0,
shorts,PzTk0EVYNl0,15.3485,25.5808,0.00565337,2884,0.0,
shorts,RzdAxI5VDV4,15.302,25.5034,0.00558709,2887,0.0,
shorts,Z9E57oZLGKw,15.2865,25.4775,0.00555387,2888,0.0,
shorts,fuND_e3qaUY,15.271,25.4517,0.00553527,2889,0.0,
shorts,ofXXDakabCA,15.2555,25.4259,0.00546861,2890,0.0,
shorts,8Jj6mUBqhCc,15.2401,25.4001,0.00546228,2891,0.0,
shorts,fCql_8Vo5OQ,15.1936,25.3227,0.00537372,2894,0.0,
shorts,fRckzZBiRec,15.1781,25.2969,0.00532226,2895,0.0,
shorts,EEuxUlCj10Q,15.1626,25.271,0.00531224,2896,0.0,
shorts,s0sJSPwBFoU,15.1316,25.2194,0.0053036,2898,0.0,
shorts,UQYN7QQbIiQ,15.1162,25.1936,0.00528412,2899,0.0,
shorts,oxaAGug-dZQ,15.1007,25.1678,0.00524318,2900,0.0,
shorts,8CDy7K83OkE,15.0852,25.142,0.00523855,2901,0.0,
shorts,mwsNjSmqxgs,15.0697,25.1162,0.00520843,2902,0.0,
shorts,FV6TppnPFsU,15.0542,25.0903,0.00517218,2903,0.0,
shorts,nDjKhHXdT0k,14.9923,24.9871,0.00509684,2907,0.0,
shorts,5VW_Zm_r38E,14.9768,24.9613,0.00505337,2908,0.0,
shorts,i10A7QBqNEc,14.9613,24.9355,0.00503652,2909,0.0,
shorts,4_Z5DpjZ8mE,14.9458,24.9097,0.00502212,2910,0.0,
shorts,n42vMkzdJ50,14.9148,24.858,0.00500381,2912,0.0,
shorts,nV761KVW8BE,14.8684,24.7806,0.00493614,2915,0.0,
shorts,mKiSOE9V4i8,14.8529,24.7548,0.00493515,2916,0.0,
shorts,KkBUW5G1gdc,14.8374,24.729,0.00491102,2917,0.0,
shorts,bWihh-tcMoY,14.8219,24.7031,0.00491076,2918,0.0,
shorts,tYsJdjZIhd4,14.8064,24.6773,0.00484681,2919,0.0,
shorts,7QIxnzblZfs,14.7909,24.6515,0.00483259,2920,0.0,
shorts,S33B43-pDOI,14.7445,24.5741,0.00479873,2923,0.0,
shorts,0_TznjUL4ZE,14.729,24.5483,0.00475136,2924,0.0,
shorts,0VI4Mwtuml0,14.7135,24.5225,0.00473232,2925,0.0,
shorts,4Yz87OzxfrU,14.698,24.4966,0.00471964,2926,0.0,
shorts,f1rK6WfCjCQ,14.6825,24.4708,0.00470881,2927,0.0,
shorts,664cs6FZEZo,14.6515,24.4192,0.00463521,2929,0.0,
shorts,1Mj1k0iYz1o,14.636,24.3934,0.00461684,2930,0.0,
shorts,PyCnWjW-syo,14.6051,24.3418,0.00459264,2932,0.0,
shorts,pXuUbZqwltU,14.5896,24.316,0.00456406,2933,0.0,
shorts,9MU_Io87P7w,14.5741,24.2901,0.00454172,2934,0.0,
shorts,WjY2tm9HaQQ,14.5586,24.2643,0.0045262,2935,0.0,
shorts,Mcf-tm52AxU,14.5431,24.2385,0.00451549,2936,0.0,
shorts,WKBwkE4dn-k,14.5276,24.2127,0.00446334,2937,0.0,
shorts,q2NWJhLXE6g,14.5121,24.1869,0.00446325,2938,0.0,
shorts,B7rWhrNrjIo,14.4812,24.1353,0.00443387,2940,0.0,
shorts,h39qg1nH1dY,14.4656,24.1094,0.0044044,2941,0.0,
shorts,DyhvmX4q8NE,14.4502,24.0836,0.00432685,2942,0.0,
shorts,UusDINSii00,14.4037,24.0062,0.00429695,2945,0.0,
shorts,Nx0JUAUCT88,14.3882,23.9804,0.00427906,2946,0.0,
shorts,_ikqEyMsOvM,14.3728,23.9546,0.0042689,2947,0.0,
shorts,aJVV4ybH2Rk,14.3573,23.9288,0.00425113,2948,0.0,
shorts,qIj_G6Ln64Q,14.3417,23.9029,0.00424309,2949,0.0,
shorts,plDdTgByAjs,14.3263,23.8771,0.00421933,2950,0.0,
shorts,xhCLLakHBa8,14.3108,23.8513,0.00421305,2951,0.0,
shorts,mX_Ad4FlwWk,14.2798,23.7997,0.00418459,2953,0.0,
shorts,Y6SovH7eMyY,14.2643,23.7739,0.00417908,2954,0.0,
shorts,Z6jDIG39HRU,14.2489,23.7481,0.00417324,2955,0.0,
shorts,wsp0uYNCukM,14.1869,23.6448,0.00411013,2959,0.0,
shorts,pVMsS2uz0l0,14.1714,23.619,0.00408404,2960,0.0,
shorts,mVbcEbQ71yE,14.1559,23.5932,0.00406094,2961,0.0,
shorts,MKaFvg-4Iu8,14.125,23.5416,0.0040439,2963,0.0,
shorts,5PtVUSmoUTA,14.1094,23.5157,0.00402759,2964,0.0,
shorts,8F4YShIcrXw,14.0939,23.4899,0.00402329,2965,0.0,
shorts,rqnwXN5zkNc,14.0785,23.4641,0.0040205,2966,0.0,
shorts,S_GQj9ynW5Y,14.0475,23.4125,0.00399339,2968,0.0,
shorts,oNigkP4Znz0,14.032,23.3867,0.00394392,2969,0.0,
shorts,1P3QPUUL_DQ,13.9546,23.2576,0.00387885,2974,0.0,
shorts,URN_8l533gM,13.9236,23.206,0.00384081,2976,0.0,
shorts,TvMG-QPXiC4,13.9081,23.1802,0.00383656,2977,0.0,
shorts,7I55XSBugwU,13.8771,23.1285,0.00374582,2979,0.0,
shorts,-QcQA92a-IM,13.8616,23.1027,0.00373843,2980,0.0,
shorts,YWe2OwQazVA,13.8461,23.0769,0.00372318,2981,0.0,
shorts,jUR9tOzC1z4,13.8307,23.0511,0.00369215,2982,0.0,
shorts,zyJ1yZwX_tE,13.7997,22.9995,0.00366897,2984,0.0,
shorts,CZtseHx5dAM,13.7687,22.9479,0.0036454,2986,0.0,
shorts,3b49EeH0Lok,13.7377,22.8962,0.00361153,2988,0.0,
shorts,DOb_3FhHq-0,13.7222,22.8704,0.00358305,2989,0.0,
shorts,yZoqnxb_TA8,13.6758,22.793,0.00355631,2992,0.0,
shorts,L4xwnZgTMGI,13.6603,22.7672,0.003548,2993,0.0,
shorts,lKJ6UY7ysM0,13.6293,22.7155,0.00352055,2995,0.0,
shorts,d63DWScyfCw,13.6138,22.6897,0.00347181,2996,0.0,
shorts,wHsJWwtQpyo,13.5983,22.6639,0.0034692,2997,0.0,
shorts,shN9XmVABnY,13.5829,22.6381,0.00342101,2998,0.0,
shorts,Xk_slW35YFs,13.5054,22.509,0.00329427,3003,0.0,
shorts,XBKhq9CBFOA,13.459,22.4316,0.00325055,3006,0.0,
shorts,gg4ADWp_J7c,13.4435,22.4058,0.00322819,3007,0.0,
shorts,nm3wzOeVB84,13.428,22.38,0.00319002,3008,0.0,
shorts,kARNA9DUtoQ,13.3815,22.3025,0.00313217,3011,0.0,
shorts,1BvcAjPBy3A,13.366,22.2767,0.00313209,3012,0.0,
shorts,Z5l0ftLajjQ,13.3505,22.2509,0.00310655,3013,0.0,
shorts,2e_YjobwKww,13.3351,22.2251,0.00310124,3014,0.0,
shorts,nNlJXD5MYOQ,13.3196,22.1993,0.00309945,3015,0.0,
shorts,zc1X04Lk-Yk,13.2886,22.1477,0.00306635,3017,0.0,
shorts,FfaJnGCXdt4,13.2112,22.0186,0.00304716,3022,0.0,
shorts,4hvWBG2BKco,13.1647,21.9411,0.00302318,3025,0.0,
shorts,-rQx72G--7o,13.1337,21.8895,0.00300582,3027,0.0,
shorts,vtSY4n7tzIQ,13.1027,21.8379,0.00298313,3029,0.0,
shorts,7iaOMsyxqZ8,13.0873,21.8121,0.0029826,3030,0.0,
shorts,DYPBwy-9M5I,13.0718,21.7863,0.00298204,3031,0.0,
shorts,Ju0usucry_g,13.0563,21.7605,0.00297912,3032,0.0,
shorts,8hUDFZcFBIE,13.0408,21.7346,0.00291368,3033,0.0,
shorts,SzmQQ1XCZdg,13.0098,21.683,0.00285789,3035,0.0,
shorts,o7XIt6ldHWo,12.9943,21.6572,0.00285562,3036,0.0,
shorts,g0m7VEWCphY,12.9479,21.5798,0.0028086,3039,0.0,
shorts,OhmByMgedu0,12.9323,21.5539,0.00278908,3040,0.0,
shorts,5fKeNMp7F6s,12.9169,21.5281,0.00277704,3041,0.0,
shorts,7UsNBi8sGGk,12.9014,21.5023,0.00277573,3042,0.0,
shorts,hJW2TABcWkU,12.8859,21.4765,0.00277511,3043,0.0,
shorts,rhVEOqNhjKo,12.8549,21.4249,0.00276854,3045,0.0,
shorts,m483NPeF8Lg,12.8395,21.3991,0.00274217,3046,0.0,
shorts,wCgcYDxEFQk,12.824,21.3733,0.00270935,3047,0.0,
shorts,o9gCU193eTY,12.8084,21.3474,0.00270407,3048,0.0,
shorts,IuqkorRCn5c,12.793,21.3216,0.00270189,3049,0.0,
shorts,nAoyuzjbhcQ,12.762,21.27,0.00266189,3051,0.0,
shorts,3GUtClCifjw,12.7465,21.2442,0.00264783,3052,0.0,
shorts,dTtMDUqScGM,12.731,21.2184,0.00264536,3053,0.0,
shorts,ZkmmXa5JVNg,12.6691,21.1151,0.00262617,3057,0.0,
shorts,r0pcMctBtj8,12.6536,21.0893,0.00261716,3058,0.0,
shorts,FPlEXHX6NjE,12.6381,21.0635,0.00260712,3059,0.0,
shorts,Hk20QLW6nEc,12.6071,21.0119,0.00254913,3061,0.0,
shorts,KBN5AILSqOE,12.5917,20.9861,0.0025391,3062,0.0,
shorts,bZFhuhsHn2s,12.5452,20.9086,0.00252368,3065,0.0,
shorts,PNUB8wsIFLg,12.5297,20.8828,0.00251742,3066,0.0,
shorts,yD1FPwbtMGA,12.5142,20.857,0.00250981,3067,0.0,
shorts,t9_dqoKfqLo,12.4987,20.8312,0.00249838,3068,0.0,
shorts,F4OBxlA_gRM,12.4832,20.8054,0.00249808,3069,0.0,
shorts,0TeIuOx7QwM,12.4678,20.7796,0.00248615,3070,0.0,
shorts,sV-nw1Xls8w,12.4522,20.7537,0.00247984,3071,0.0,
shorts,57VIVNJZywU,12.4367,20.7279,0.0024649,3072,0.0,
shorts,EDCshlAZZUk,12.4213,20.7021,0.00246365,3073,0.0,
shorts,PsYNs9I1PW0,12.4058,20.6763,0.00245918,3074,0.0,
shorts,VUT2ln9cDic,12.3748,20.6247,0.0024583,3076,0.0,
shorts,0AcZVWkPvuY,12.3439,20.5731,0.00243561,3078,0.0,
shorts,tdhOJzdyYyw,12.3128,20.5214,0.00242188,3080,0.0,
shorts,s47EWzAbZL4,12.2974,20.4956,0.00242028,3081,0.0,
shorts,-NBXW5-dbbI,12.2509,20.4182,0.00239583,3084,0.0,
shorts,THY-5u-N1Xs,12.2354,20.3924,0.0023947,3085,0.0,
shorts,iTOXHp4c1YE,12.2199,20.3665,0.00238596,3086,0.0,
shorts,7vdW8a6jEfw,12.2044,20.3407,0.00237715,3087,0.0,
shorts,L-LaHebNsyk,12.1889,20.3149,0.00237615,3088,0.0,
shorts,jdxIDNiBJqc,12.1735,20.2891,0.00235311,3089,0.0,
shorts,R_YZP46ccAk,12.1425,20.2375,0.00234977,3091,0.0,
shorts,faI4p5bLrHI,12.127,20.2117,0.00231477,3092,0.0,
shorts,-dEM_UtjzVM,12.1115,20.1859,0.00231208,3093,0.0,
shorts,3bo9J2_NFmw,12.065,20.1084,0.00229949,3096,0.0,
shorts,jAZyxiymewQ,12.0031,20.0052,0.00222776,3100,0.0,
shorts,XGLiza1DOyI,11.9721,19.9535,0.00222373,3102,0.0,
shorts,uay_qpfTJOE,11.9566,19.9277,0.00222035,3103,0.0,
shorts,pvSXWDSZt58,11.9411,19.9019,0.00221395,3104,0.0,
shorts,oWKfZiJ74hw,11.9257,19.8761,0.00220905,3105,0.0,
shorts,8rrAyrNve68,11.9102,19.8503,0.00220398,3106,0.0,
shorts,u0ayDBKBvuQ,11.8792,19.7987,0.00220295,3108,0.0,
shorts,-bgsQcoXRBE,11.8637,19.7728,0.00218527,3109,0.0,
shorts,HPoBP5UgdR8,11.8482,19.747,0.00214011,3110,0.0,
shorts,TR1ZdEUN5qk,11.8327,19.7212,0.00213921,3111,0.0,
shorts,kcoj3v452uU,11.8172,19.6954,0.00212957,3112,0.0,
shorts,STdir9mcP7A,11.7708,19.618,0.00210732,3115,0.0,
shorts,qyWpQ_AYlpo,11.7553,19.5922,0.00209704,3116,0.0,
shorts,1WFFQ3zP1n8,11.7088,19.5147,0.00208485,3119,0.0,
shorts,YMATlDoph28,11.6933,19.4889,0.00208079,3120,0.0,
shorts,t8m4CTxNPg8,11.6624,19.4373,0.00205374,3122,0.0,
shorts,mQnGPK2e8es,11.6469,19.4115,0.00204587,3123,0.0,
shorts,tdEo-Sm3DKE,11.6004,19.334,0.00201794,3126,0.0,
shorts,ZtF5VFbAs6M,11.5849,19.3082,0.00200976,3127,0.0,
shorts,n258OiIYDJY,11.5694,19.2824,0.0019951,3128,0.0,
shorts,Cxvvl-aWO-c,11.554,19.2566,0.0019916,3129,0.0,
shorts,hdI-ntaoxdQ,11.5385,19.2308,0.00197985,3130,0.0,
shorts,YIozys8ZjPs,11.523,19.205,0.00196462,3131,0.0,
shorts,8AJ51F0OBso,11.5075,19.1791,0.00193096,3132,0.0,
shorts,yixTy7MR8s8,11.492,19.1533,0.00192741,3133,0.0,
shorts,89cTjASoLOg,11.4765,19.1275,0.00192087,3134,0.0,
shorts,rzHYdFYDjcQ,11.4146,19.0243,0.00182186,3138,0.0,
shorts,fkpbz4cegkw,11.3526,18.921,0.00179842,3142,0.0,
shorts,BUvOXjyF7Nk,11.3371,18.8952,0.00179432,3143,0.0,
shorts,iyglmGJZO2Y,11.2751,18.7919,0.00175492,3147,0.0,
shorts,F8y9J_dWKfE,11.2442,18.7403,0.00171213,3149,0.0,
shorts,A9SWm6Pkwko,11.2287,18.7145,0.00171011,3150,0.0,
shorts,2HZRC3Vd_18,11.1977,18.6629,0.00169209,3152,0.0,
shorts,Hk9bMwd2hd4,11.1823,18.6371,0.00168592,3153,0.0,
shorts,SgycvJvndJk,11.1668,18.6113,0.00166711,3154,0.0,
shorts,R5j8YJSjjdY,11.1203,18.5338,0.00162439,3157,0.0,
shorts,J0wqK98RW_Q,11.0893,18.4822,0.00161375,3159,0.0,
shorts,HnafDG2aj1I,11.0584,18.4306,0.00160232,3161,0.0,
shorts,BAB_PxmvnHE,11.0119,18.3531,0.00157698,3164,0.0,
shorts,JDxGAuXjCIw,10.9964,18.3273,0.00157347,3165,0.0,
shorts,cuS9z4X949s,10.9809,18.3015,0.00156921,3166,0.0,
shorts,LTVRuaXBaao,10.9034,18.1724,0.0015444,3171,0.0,
shorts,h4yEq0kI5z4,10.888,18.1466,0.00154183,3172,0.0,
shorts,tUSFmp3kKRQ,10.8725,18.1208,0.00153532,3173,0.0,
shorts,8okB1G65Tbo,10.857,18.095,0.0015323,3174,0.0,
shorts,IvfvBjaZdsY,10.8415,18.0692,0.00151761,3175,0.0,
shorts,9u4d0EDxCkY,10.795,17.9917,0.00147747,3178,0.0,
shorts,yrGmiL_p2Q8,10.7641,17.9401,0.00146881,3180,0.0,
shorts,Jf3BVqXFx7g,10.7486,17.9143,0.00146755,3181,0.0,
shorts,_v7wRXvhUYI,10.7331,17.8885,0.001455,3182,0.0,
shorts,dW0l9mu_YOQ,10.6711,17.7852,0.00142102,3186,0.0,
shorts,2RM2PBq2Ia0,10.6556,17.7594,0.00140951,3187,0.0,
shorts,G54tCt33VDc,10.6402,17.7336,0.00139327,3188,0.0,
shorts,sopSmN6mndE,10.6247,17.7078,0.00139024,3189,0.0,
shorts,3PycZsEdNTU,10.5627,17.6045,0.00136539,3193,0.0,
shorts,TbobppNzt6M,10.5008,17.5013,0.00133515,3197,0.0,
shorts,VCMn8SSjutc,10.4853,17.4755,0.00133351,3198,0.0,
shorts,1a1Rx2rgSzg,10.4698,17.4497,0.00133128,3199,0.0,
shorts,TOKUlItJpY4,10.4543,17.4239,0.00132462,3200,0.0,
shorts,zIHGyOLJzhU,10.4388,17.398,0.00131393,3201,0.0,
shorts,tdLyHdZC5zY,10.3769,17.2948,0.00126129,3205,0.0,
shorts,myMj_ZfZ_xI,10.3614,17.269,0.00126069,3206,0.0,
shorts,DWGIS245bBw,10.3149,17.1915,0.00125254,3209,0.0,
shorts,YnRxvY9LGGA,10.2994,17.1657,0.00124648,3210,0.0,
shorts,Wf4i_fv1-8w,10.2839,17.1399,0.00124135,3211,0.0,
shorts,IVCdDWCWmpI,10.2685,17.1141,0.00123851,3212,0.0,
shorts,yRy6KDl2xWo,10.253,17.0883,0.0012338,3213,0.0,
shorts,CsYtG8X44RM,10.2375,17.0625,0.00122939,3214,0.0,
shorts,ZfE4D9b8XqE,10.222,17.0367,0.00122938,3215,0.0,
shorts,aIC3NEC9c_8,10.2065,17.0108,0.00121653,3216,0.0,
shorts,L5YeINe9GyM,10.191,16.985,0.00121335,3217,0.0,
shorts,DjXWBYoFO0M,10.16,16.9334,0.00119866,3219,0.0,
shorts,uWOLkr7S47A,10.1446,16.9076,0.00119574,3220,0.0,
shorts,G7jXsGqW60A,10.1136,16.856,0.00118597,3222,0.0,
shorts,ldb5ctbmijM,10.0981,16.8301,0.00118445,3223,0.0,
shorts,Jo0i-Uz64jA,10.0826,16.8043,0.00118384,3224,0.0,
shorts,N8v_oJ6uy1o,10.0671,16.7785,0.00115119,3225,0.0,
shorts,tPuup43tbgA,10.0516,16.7527,0.00114789,3226,0.0,
shorts,nJm_OvHeKws,10.0361,16.7269,0.00114428,3227,0.0,
shorts,16146xHp1zg,10.0052,16.6753,0.00112558,3229,0.0,
shorts,BplcS4Yz0vM,9.9897,16.6495,0.00110194,3230,0.0,
shorts,PbH29W90aw4,9.9742,16.6236,0.0011004,3231,0.0,
shorts,P4WfvFc9Nvo,9.9432,16.572,0.00108765,3233,0.0,
shorts,LKDpuyZ4JGQ,9.8968,16.4946,0.00107609,3236,0.0,
shorts,L9UJPTo1A5s,9.8813,16.4688,0.00107584,3237,0.0,
shorts,lS5Y0QjfP8c,9.8658,16.443,0.00107515,3238,0.0,
shorts,qxnuKSh9mc0,9.8503,16.4171,0.00107455,3239,0.0,
shorts,Z0uWs_W9S1A,9.8193,16.3655,0.00106098,3241,0.0,
shorts,f7fbvRa4eJE,9.8038,16.3397,0.00105773,3242,0.0,
shorts,yNuK3cjFkDE,9.7729,16.2881,0.00103911,3244,0.0,
shorts,qOnJdoXR8c4,9.7418,16.2364,0.00103384,3246,0.0,
shorts,qyd0eQ2ems4,9.6954,16.159,0.00101407,3249,0.0,
shorts,JiXgn4OT5js,9.6799,16.1332,0.00101294,3250,0.0,
shorts,nnUFM61waQU,9.587,15.9783,0.00099724,3256,0.0,
shorts,RWYJOeMTIUQ,9.556,15.9267,0.00099261,3258,0.0,
shorts,1plyloKh2VE,9.5405,15.9009,0.00098503,3259,0.0,
shorts,5487CrCr868,9.5251,15.8751,0.00098185,3260,0.0,
shorts,3FiHo7eiV_8,9.494,15.8234,0.0009795,3262,0.0,
shorts,ZnMBBibL5YA,9.4786,15.7976,0.00097472,3263,0.0,
shorts,H5-ij5dkaJw,9.4321,15.7202,0.00097066,3266,0.0,
shorts,9Olfg4u1RRw,9.4012,15.6686,0.00095849,3268,0.0,
shorts,_C6Ok0WIens,9.3701,15.6169,0.00094068,3270,0.0,
shorts,VjRqCDBpjNk,9.3392,15.5653,0.00093705,3272,0.0,
shorts,2LzkyImsuiM,9.2927,15.4879,0.00092631,3275,0.0,
shorts,iqbBhgnrhEo,9.2308,15.3846,0.0009177,3279,0.0,
shorts,jwhavzAtRfg,9.2153,15.3588,0.00091329,3280,0.0,
shorts,H9bhSp89HFE,9.1998,15.333,0.00091181,3281,0.0,
shorts,-OzwvGp6txM,9.1688,15.2814,0.0009033,3283,0.0,
shorts,sijpb8TxsW4,9.1533,15.2555,0.00089385,3284,0.0,
shorts,_XAKWoVlais,9.1378,15.2297,0.00089366,3285,0.0,
shorts,RBCI5EupDBA,9.0759,15.1265,0.00088538,3289,0.0,
shorts,rtPpGJs7k_I,9.0449,15.0749,0.00087889,3291,0.0,
shorts,1ss8rbqf_Rw,9.0139,15.0232,0.00086131,3293,0.0,
shorts,M0HtojL-OXQ,8.9675,14.9458,0.00085253,3296,0.0,
shorts,HLakLfseBA4,8.952,14.92,0.00084987,3297,0.0,
shorts,5apB-uRImJI,8.8436,14.7393,0.00082923,3304,0.0,
shorts,LuFJ5Z1Ut-o,8.8126,14.6877,0.00082326,3306,0.0,
shorts,SJpFpFn-PJM,8.7971,14.6618,0.00081972,3307,0.0,
shorts,V_Wr40_mqYg,8.7661,14.6102,0.000819,3309,0.0,
shorts,uZo3hzCUNsM,8.7506,14.5844,0.00081885,3310,0.0,
shorts,BPt0fwBCDbQ,8.7352,14.5586,0.0008101,3311,0.0,
shorts,cpZcJQ8Hjlw,8.7197,14.5328,0.00080965,3312,0.0,
shorts,C5I6OtiIB94,8.7042,14.507,0.00080771,3313,0.0,
shorts,pfUB5jrKyjw,8.6732,14.4553,0.00080194,3315,0.0,
shorts,hiMJlg0ki_c,8.6577,14.4295,0.00079747,3316,0.0,
shorts,HdRhPNbTEXA,8.6422,14.4037,0.00079488,3317,0.0,
shorts,W_BW933bNH0,8.6113,14.3521,0.0007924,3319,0.0,
shorts,NaWC8BQn89E,8.5648,14.2747,0.00078565,3322,0.0,
shorts,GXc3l3D1T7g,8.5183,14.1972,0.0007773,3325,0.0,
shorts,_thCwvg7oio,8.4409,14.0681,0.0007475,3330,0.0,
shorts,lvEEwQoQqtw,8.4099,14.0165,0.00073829,3332,0.0,
shorts,AFtmUUD4Ijc,8.3944,13.9907,0.00073479,3333,0.0,
shorts,0NK83W7rzXo,8.3789,13.9649,0.000733,3334,0.0,
shorts,H_6eyzl4NpU,8.3635,13.9391,0.0007224,3335,0.0,
shorts,giWMEfT7LxI,8.348,13.9133,0.00071919,3336,0.0,
shorts,zrEE0WVCn6E,8.317,13.8616,0.00070494,3338,0.0,
shorts,S3vzcn9ZhrA,8.3015,13.8358,0.00070208,3339,0.0,
shorts,k9SHMC1OVsw,8.2705,13.7842,0.00067948,3341,0.0,
shorts,pE3iHfcXDuk,8.255,13.7584,0.00067488,3342,0.0,
shorts,P7CM_dSPGdE,8.1466,13.5777,0.0006517,3349,0.0,
shorts,iPg5fXvAqqo,8.1311,13.5519,0.00065145,3350,0.0,
shorts,ZXeNql01iQE,8.1157,13.5261,0.00064985,3351,0.0,
shorts,gvd8SIPbUJw,8.0692,13.4486,0.00064807,3354,0.0,
shorts,XY32nj452mw,8.0537,13.4228,0.0006454,3355,0.0,
shorts,qpP-pRUdV5E,8.0227,13.3712,0.00064158,3357,0.0,
shorts,ot7vdP6bESQ,8.0072,13.3454,0.00064073,3358,0.0,
shorts,lIDIUmsItw0,7.9918,13.3196,0.00063772,3359,0.0,
shorts,AXvou3mSGQA,7.9453,13.2421,0.00063541,3362,0.0,
shorts,dCO3MV1moxo,7.9143,13.1905,0.00063075,3364,0.0,
shorts,Rpw1_eKZCEA,7.8679,13.1131,0.0006272,3367,0.0,
shorts,ZIAo1FHF5mU,7.8523,13.0872,0.00062706,3368,0.0,
shorts,G06ePJqPSRs,7.7904,12.984,0.00061556,3372,0.0,
shorts,s23TO2BQBcU,7.7594,12.9324,0.0006021,3374,0.0,
shorts,1OfJY56fKhQ,7.744,12.9066,0.00059738,3375,0.0,
shorts,Mquodvrv-28,7.7284,12.8807,0.00059601,3376,0.0,
shorts,IedTMJxBO-Q,7.7129,12.8549,0.00059317,3377,0.0,
shorts,uR_6MwXBxoI,7.6355,12.7259,0.00057513,3382,0.0,
shorts,Tbu6mkGyzvo,7.6201,12.7001,0.00057254,3383,0.0,
shorts,YfEz4a39qS0,7.6045,12.6742,0.00057253,3384,0.0,
shorts,VQY5jDWFEj4,7.5736,12.6226,0.00056886,3386,0.0,
shorts,66FMZi-D-pc,7.5271,12.5452,0.00056414,3389,0.0,
shorts,ihQnnrWal1k,7.4497,12.4161,0.00054714,3394,0.0,
shorts,__FPgNFrNhs,7.4342,12.3903,0.00054377,3395,0.0,
shorts,UcgjSqz0CZs,7.4032,12.3387,0.0005395,3397,0.0,
shorts,3scwo4q3bLs,7.3722,12.287,0.00053814,3399,0.0,
shorts,jxUGUwEcYUw,7.3412,12.2354,0.00053179,3401,0.0,
shorts,hiAFaJWkfvI,7.2948,12.158,0.00052672,3404,0.0,
shorts,-4nywdv9YcM,7.2173,12.0289,0.00051715,3409,0.0,
shorts,I8UWx6rWhVo,7.2019,12.0031,0.00050678,3410,0.0,
shorts,bHlQcTRy_AM,7.1244,11.874,0.00049776,3415,0.0,
shorts,wUdmcQz2L4c,7.1089,11.8482,0.00049291,3416,0.0,
shorts,l8F9Omk197E,7.0934,11.8224,0.00049116,3417,0.0,
shorts,gniJ_YRt9uM,7.078,11.7966,0.00049107,3418,0.0,
shorts,tPHZRTELsgg,7.047,11.745,0.00048956,3420,0.0,
shorts,FMHZiZlFEFU,7.0005,11.6675,0.00048318,3423,0.0,
shorts,lOhlUL4JOFM,6.9695,11.6159,0.00047305,3425,0.0,
shorts,zAC4SWlIFXA,6.9541,11.5901,0.00046834,3426,0.0,
shorts,KJVfWiPvK38,6.9386,11.5643,0.00046707,3427,0.0,
shorts,mxmWN70kbm8,6.9231,11.5385,0.00046016,3428,0.0,
shorts,UUjjuKdgcBA,6.9076,11.5126,0.00045916,3429,0.0,
shorts,O2C8kzWO7EQ,6.8766,11.461,0.00044998,3431,0.0,
shorts,ZXCsUo-ilwU,6.8611,11.4352,0.00044443,3432,0.0,
shorts,eblL3AhDmz0,6.8456,11.4094,0.00044272,3433,0.0,
shorts,sPHe-L95K0o,6.8302,11.3836,0.00044184,3434,0.0,
shorts,Dip-OmL5giA,6.8147,11.3578,0.00043939,3435,0.0,
shorts,yhO186530wM,6.7837,11.3061,0.00043674,3437,0.0,
shorts,t2AFsyXzuJg,6.7063,11.1771,0.00042659,3442,0.0,
shorts,-wBZ2TAj1-4,6.6908,11.1513,0.00042418,3443,0.0,
shorts,a7oz-IfudAQ,6.6443,11.0738,0.00040668,3446,0.0,
shorts,H_i8nh8uBco,6.6288,11.048,0.0004044,3447,0.0,
shorts,kI3bkeo75qI,6.6133,11.0222,0.00040301,3448,0.0,
shorts,KIeUHIaEC0M,6.5824,10.9706,0.00040071,3450,0.0,
shorts,Um1DSnUqmko,6.5513,10.9189,0.00038626,3452,0.0,
shorts,AUWivYu_tUo,6.5359,10.8931,0.00038096,3453,0.0,
shorts,4G-5uAxzjDA,6.5204,10.8673,0.00037911,3454,0.0,
shorts,IaBf1jTYaIw,6.4894,10.8157,0.00037644,3456,0.0,
shorts,r8w7VFV_fGM,6.4274,10.7124,0.00036588,3460,0.0,
shorts,qTusKew_SDk,6.381,10.635,0.00035596,3463,0.0,
shorts,bWX5WvmbRVo,6.3346,10.5576,0.00035296,3466,0.0,
shorts,COLSDFlo69U,6.3035,10.5059,0.00034983,3468,0.0,
shorts,O3ZoeA-E7PE,6.2726,10.4543,0.00034478,3470,0.0,
shorts,WwPh8Y7QZ6w,6.2261,10.3769,0.00034059,3473,0.0,
shorts,4r4OUct1fSE,6.1796,10.2994,0.00033044,3476,0.0,
shorts,tFD4653hJYE,6.1642,10.2736,0.00032945,3477,0.0,
shorts,ILekXmORFDk,6.1487,10.2478,0.00032842,3478,0.0,
shorts,XhSmIEV5M0U,6.1177,10.1962,0.00032341,3480,0.0,
shorts,DPwLESVHTc0,6.0712,10.1187,0.00031985,3483,0.0,
shorts,-APimd6TUro,6.0557,10.0929,0.00031718,3484,0.0,
shorts,Uh7U-VWG86c,6.0403,10.0671,0.000317,3485,0.0,
shorts,zypjtKErQrE,6.0248,10.0413,0.00031641,3486,0.0,
shorts,SW3U0NKgoYQ,5.9938,9.9897,0.00031553,3488,0.0,
shorts,Q4zggacUY6E,5.9473,9.9122,0.00031151,3491,0.0,
shorts,k541v97D2YQ,5.9164,9.8606,0.00030626,3493,0.0,
shorts,Xuw-VZU8d30,5.8854,9.809,0.0003015,3495,0.0,
shorts,_6o_nV9m2x8,5.8699,9.7832,0.00029906,3496,0.0,
shorts,aF3jbuKCLN4,5.8544,9.7574,0.00029766,3497,0.0,
shorts,Tf8EdCXe4r0,5.7925,9.6541,0.00028656,3501,0.0,
shorts,rXhoGMAeoS8,5.777,9.6283,0.00028613,3502,0.0,
shorts,qC_5K9u8nY4,5.7615,9.6025,0.00028439,3503,0.0,
shorts,HX25j6-Cr0U,5.7305,9.5509,0.00027872,3505,0.0,
shorts,DLSdfPN1XHM,5.6686,9.4476,0.00027231,3509,0.0,
shorts,E6IrH04B8wg,5.6531,9.4218,0.00027188,3510,0.0,
shorts,y-5Io5BYnKg,5.6376,9.396,0.00027017,3511,0.0,
shorts,nKNsFFDBjzQ,5.6221,9.3702,0.00026804,3512,0.0,
shorts,L6BYv_xtlf0,5.6066,9.3443,0.00026784,3513,0.0,
shorts,aNfOwttNQcg,5.5911,9.3185,0.00026156,3514,0.0,
shorts,OocKacs7xI4,5.5447,9.2411,0.00025887,3517,0.0,
shorts,aau_ub0aAlo,5.4982,9.1637,0.00025199,3520,0.0,
shorts,iXeeiZUVw50,5.4827,9.1378,0.00025165,3521,0.0,
shorts,stk7f11pyr8,5.4208,9.0346,0.00024272,3525,0.0,
shorts,hkiwyuOI2OM,5.3898,8.983,0.00024227,3527,0.0,
shorts,THHJZ7IxjXk,5.3433,8.9055,0.00023923,3530,0.0,
shorts,Or2q7O3aaF8,5.2969,8.8281,0.00023721,3533,0.0,
shorts,izQP0WI1i9A,5.2194,8.699,0.00022892,3538,0.0,
shorts,2cowRj3sLQQ,5.2039,8.6732,0.00022653,3539,0.0,
shorts,KztyymfW3Dg,5.1575,8.5958,0.00022385,3542,0.0,
shorts,YGhP-GwQpm0,5.111,8.5183,0.0002222,3545,0.0,
shorts,ypVZBbHjxVM,5.08,8.4667,0.00021678,3547,0.0,
shorts,PW1AE0o0nvM,5.0336,8.3893,0.00021549,3550,0.0,
shorts,O6ht1dYQrfg,4.9871,8.3118,0.000213,3553,0.0,
shorts,Xq-4lUaLIp8,4.9716,8.286,0.0002114,3554,0.0,
shorts,z_wEQXAcXZc,4.9097,8.1828,0.00020907,3558,0.0,
shorts,mWu8OYCnspA,4.8941,8.1569,0.00020746,3559,0.0,
shorts,iZ9LX030jvE,4.8787,8.1311,0.00020634,3560,0.0,
shorts,yA0TUikaLLI,4.8322,8.0537,0.00019932,3563,0.0,
shorts,KTvwS7msr2k,4.7702,7.9504,0.00019404,3567,0.0,
shorts,RKLNEgaP8tE,4.6928,7.8214,0.00018521,3572,0.0,
shorts,cRKwXRLqKQM,4.6309,7.7181,0.00017989,3576,0.0,
shorts,KR2mLztB4q8,4.5999,7.6665,0.00017463,3578,0.0,
shorts,pO2YBL56lrY,4.5844,7.6407,0.00017379,3579,0.0,
shorts,FYYGJ6FC1w0,4.5689,7.6149,0.00017271,3580,0.0,
shorts,SjjHMSS04P4,4.476,7.46,0.00016632,3586,0.0,
shorts,WK6ADWo65AA,4.4605,7.4342,0.00016378,3587,0.0,
shorts,WDkQlFlvIeM,4.414,7.3567,0.00015801,3590,0.0,
shorts,w9zYff8WYNQ,4.3056,7.176,0.0001483,3597,0.0,
shorts,fxQcQLVtNTE,4.2592,7.0986,0.0001461,3600,0.0,
shorts,t257uhKomSI,4.2437,7.0728,0.00014288,3601,0.0,
shorts,Tu8OUN2WuyU,4.1972,6.9954,0.00013689,3604,0.0,
shorts,TpcWBbzJ6ag,4.1662,6.9437,0.00013015,3606,0.0,
shorts,XGbFog9LxrE,4.1043,6.8405,0.0001236,3610,0.0,
shorts,khke8xMqTHc,4.0268,6.7114,0.00011366,3615,0.0,
shorts,BYRtNoCPnkw,4.0114,6.6856,0.00011061,3616,0.0,
shorts,Tq6OREa2Y34,3.9959,6.6598,0.00010799,3617,0.0,
shorts,y41aIOMZD38,3.9804,6.634,0.00010775,3618,0.0,
shorts,q_ynGwBIxLk,3.9649,6.6082,0.00010592,3619,0.0,
shorts,uAOfsghz2NY,3.9494,6.5823,0.00010257,3620,0.0,
shorts,-ItUc-srJWA,3.8565,6.4275,9.153e-05,3626,0.0,
shorts,UPTzIXTjn8E,3.841,6.4017,9.084e-05,3627,0.0,
shorts,qCFEWA_Nu3k,3.7945,6.3242,8.438e-05,3630,0.0,
shorts,s3Vr9Z8ofmQ,3.779,6.2984,8.404e-05,3631,0.0,
shorts,1HWpBvWbexU,3.7016,6.1693,7.261e-05,3636,0.0,
shorts,Ws_Tm-OYjQ8,3.6706,6.1177,7.065e-05,3638,0.0,
shorts,lrl7lslhv2s,3.6242,6.0403,6.848e-05,3641,0.0,
shorts,36YLCpN29g4,3.5932,5.9886,6.59e-05,3643,0.0,
shorts,nIrSjC_gsk8,3.5777,5.9628,6.556e-05,3644,0.0,
shorts,5TxrztBhPKw,3.5622,5.937,6.468e-05,3645,0.0,
shorts,TSAh8dzN0cw,3.5467,5.9112,6.412e-05,3646,0.0,
shorts,sGEEHGc7eyo,3.5312,5.8854,6.273e-05,3647,0.0,
shorts,bEXFZqviWyk,3.5003,5.8338,6.209e-05,3649,0.0,
shorts,2pK5lrw736Y,3.4848,5.808,6.078e-05,3650,0.0,
shorts,j584RpaMrDg,3.4693,5.7821,6.05e-05,3651,0.0,
shorts,1QIE0VZOoxQ,3.4228,5.7047,6.015e-05,3654,0.0,
shorts,QSe13hyv68o,3.4073,5.6789,5.896e-05,3655,0.0,
shorts,A83vXatD6sY,3.3299,5.5498,5.768e-05,3660,0.0,
shorts,Enic64S66_s,3.3144,5.524,5.728e-05,3661,0.0,
shorts,sujVZ7316qo,3.2989,5.4982,5.692e-05,3662,0.0,
shorts,7YTMLEzOyD0,3.268,5.4466,5.584e-05,3664,0.0,
shorts,eAwkhxinCOc,3.2369,5.3949,5.115e-05,3666,0.0,
shorts,i7p23_flIAA,3.2215,5.3691,5.085e-05,3667,0.0,
shorts,3G-ULH8mA6M,3.175,5.2917,5e-05,3670,0.0,
shorts,iGaMJCi8mAk,3.1285,5.2142,4.886e-05,3673,0.0,
shorts,xAJcbx5h6wE,3.0976,5.1626,4.715e-05,3675,0.0,
shorts,UacKz43AiDQ,3.0821,5.1368,4.713e-05,3676,0.0,
shorts,PZ2yduZysf0,3.0202,5.0336,4.471e-05,3680,0.0,
shorts,hEzn8sx_Le4,3.0046,5.0077,4.379e-05,3681,0.0,
shorts,HgD5P0gQxOk,2.9891,4.9819,4.174e-05,3682,0.0,
shorts,4KWbgoo60D4,2.9737,4.9561,4.092e-05,3683,0.0,
shorts,wlOrP9Q1akA,2.9582,4.9303,4.081e-05,3684,0.0,
shorts,Duk_kOhIimU,2.9272,4.8787,3.896e-05,3686,0.0,
shorts,saLXbA_OCkE,2.9117,4.8529,3.846e-05,3687,0.0,
shorts,YldxYShWvGE,2.8963,4.8271,3.84e-05,3688,0.0,
shorts,woNfdYrmVGw,2.8807,4.8012,3.73e-05,3689,0.0,
shorts,kKuOWAzQUu8,2.8652,4.7754,3.722e-05,3690,0.0,
shorts,2FdfXwODkr4,2.8498,4.7496,3.631e-05,3691,0.0,
shorts,--UCem2GYs4,2.8343,4.7238,3.617e-05,3692,0.0,
shorts,zhEHWX6RLj4,2.8188,4.698,3.597e-05,3693,0.0,
shorts,wvJLjIR3nRI,2.8033,4.6722,3.568e-05,3694,0.0,
shorts,MCnA_GAeAfg,2.7568,4.5947,3.458e-05,3697,0.0,
shorts,YNW_D7b60I4,2.7413,4.5689,3.373e-05,3698,0.0,
shorts,SYdW3cZKdmY,2.7259,4.5431,3.341e-05,3699,0.0,
shorts,hj8313PoiGg,2.7104,4.5173,3.319e-05,3700,0.0,
shorts,qPPyqW2-NOA,2.6639,4.4399,3.193e-05,3703,0.0,
shorts,M_iusAv-K8Y,2.6329,4.3882,3.074e-05,3705,0.0,
shorts,l8Wf4ewQoOc,2.602,4.3366,3.034e-05,3707,0.0,
shorts,n9OuwYXEkEw,2.5865,4.3108,3.004e-05,3708,0.0,
shorts,_O6ICkmg1Zg,2.571,4.285,2.944e-05,3709,0.0,
shorts,vcL1MMmXeO8,2.5555,4.2592,2.753e-05,3710,0.0,
shorts,KwxT2WXpI-4,2.54,4.2334,2.714e-05,3711,0.0,
shorts,irZEtxHPZd0,2.509,4.1817,2.529e-05,3713,0.0,
shorts,00NnpBvip98,2.4935,4.1559,2.366e-05,3714,0.0,
shorts,PedjoR5mPJ4,2.4781,4.1301,2.347e-05,3715,0.0,
shorts,CNKAwrTujYg,2.4626,4.1043,2.307e-05,3716,0.0,
shorts,G1xuyxMOUNM,2.4471,4.0785,2.246e-05,3717,0.0,
shorts,2F1B2_EySSM,2.4316,4.0527,2.238e-05,3718,0.0,
shorts,cHIDzkx5zbE,2.4161,4.0268,2.144e-05,3719,0.0,
shorts,vo9Aqjnt_HY,2.4006,4.001,2.097e-05,3720,0.0,
shorts,hCvbTng6_GQ,2.3851,3.9752,2.065e-05,3721,0.0,
shorts,6lmr2DJ-O6c,2.3696,3.9494,2.034e-05,3722,0.0,
shorts,aiezpWPZatc,2.3542,3.9236,1.988e-05,3723,0.0,
shorts,EWffi1lrNQ4,2.3387,3.8978,1.875e-05,3724,0.0,
shorts,YHkS_g6Xqwo,2.3232,3.872,1.861e-05,3725,0.0,
shorts,UkbeRKmr5kM,2.3077,3.8462,1.754e-05,3726,0.0,
shorts,dgwVbhoqLZs,2.2922,3.8203,1.747e-05,3727,0.0,
shorts,XOmRW5hPTIU,2.2767,3.7945,1.69e-05,3728,0.0,
shorts,wK3MMLLt4xE,2.2612,3.7687,1.608e-05,3729,0.0,
shorts,AKiZk58rsBU,2.2457,3.7429,1.579e-05,3730,0.0,
shorts,ZgcrZ8qm0-w,2.2303,3.7171,1.55e-05,3731,0.0,
shorts,Ebtc_11rbG4,2.2148,3.6913,1.528e-05,3732,0.0,
shorts,MOpYEt-XfaU,2.1993,3.6655,1.51e-05,3733,0.0,
shorts,-CyFgJiBKag,2.1683,3.6138,1.397e-05,3735,0.0,
shorts,39rirHnSBZ4,2.1528,3.588,1.331e-05,3736,0.0,
shorts,Cj-4h0um42U,2.1373,3.5622,1.322e-05,3737,0.0,
shorts,xddKHZjpQjg,2.1218,3.5364,1.257e-05,3738,0.0,
shorts,BpfCzvJAL8o,2.1064,3.5106,1.242e-05,3739,0.0,
shorts,Anqujq9P1N4,2.0754,3.459,1.164e-05,3741,0.0,
shorts,n3invCcoGFE,2.0599,3.4331,1.147e-05,3742,0.0,
shorts,7A8OI8xSxdA,2.0444,3.4073,1.123e-05,3743,0.0,
shorts,hZ1Etp4J89s,2.0289,3.3815,1.11e-05,3744,0.0,
shorts,j8pbrdjn7dM,2.0134,3.3557,1.086e-05,3745,0.0,
shorts,GXadFOFm9JA,1.9979,3.3299,1.085e-05,3746,0.0,
shorts,65GVoy3z6S4,1.9825,3.3041,1.074e-05,3747,0.0,
shorts,g4Jne1qDDhU,1.967,3.2783,1.041e-05,3748,0.0,
shorts,ovM0Ai41Oi0,1.936,3.2266,1.009e-05,3750,0.0,
shorts,b7cDEbyPzF0,1.9205,3.2008,9.74e-06,3751,0.0,
shorts,gNAwoonPRlM,1.905,3.175,9.7e-06,3752,0.0,
shorts,PMIAGuT2qP0,1.8895,3.1492,9.64e-06,3753,0.0,
shorts,mEpQBpT_NCc,1.8586,3.0976,9.02e-06,3755,0.0,
shorts,H4T7lMCGcM0,1.8431,3.0718,8.83e-06,3756,0.0,
shorts,GfCGSsB3pBg,1.8275,3.0459,8.77e-06,3757,0.0,
shorts,xSyOquSXbwQ,1.8121,3.0201,8.26e-06,3758,0.0,
shorts,SmFZiLE9yBM,1.7811,2.9685,7.95e-06,3760,0.0,
shorts,6GCESjZ2jTo,1.7656,2.9427,7.94e-06,3761,0.0,
shorts,ubaKNPoNim0,1.7501,2.9169,7.89e-06,3762,0.0,
shorts,UDvmpRdWJTo,1.7347,2.8911,7.88e-06,3763,0.0,
shorts,TdtF-HMfIJo,1.7192,2.8653,7.73e-06,3765,0.0,
shorts,wfHh8O_ZgoI,1.7036,2.8394,7.73e-06,3764,0.0,
shorts,1iWjplGPehA,1.6882,2.8136,7.55e-06,3766,0.0,
shorts,Xm_H54LtH30,1.6727,2.7878,7.04e-06,3767,0.0,
shorts,vM9NB_29xRI,1.6572,2.762,6.86e-06,3768,0.0,
shorts,ZKixifbzpfY,1.6417,2.7362,6.3e-06,3770,0.0,
shorts,0xrCkiQ4wKc,1.6262,2.7104,6.3e-06,3769,0.0,
shorts,hKRkZDVW3xI,1.6108,2.6846,5.88e-06,3771,0.0,
shorts,bbv1p_j1P8Y,1.5953,2.6588,5.67e-06,3772,0.0,
shorts,i7BnhBAIvTs,1.5797,2.6329,5.64e-06,3773,0.0,
shorts,1_aeP7nOxkc,1.5643,2.6071,5.44e-06,3774,0.0,
shorts,dNS_5OYXFyQ,1.5488,2.5813,5.43e-06,3775,0.0,
shorts,Y7bHZpdF2lA,1.5333,2.5555,5.33e-06,3776,0.0,
shorts,_jtjAtl2aVk,1.5178,2.5297,5.33e-06,3777,0.0,
shorts,VwqgO6Htx60,1.5023,2.5039,5.09e-06,3778,0.0,
shorts,mTlr_HY2BRo,1.4869,2.4781,5.05e-06,3779,0.0,
shorts,IZBsKOT__Rk,1.4713,2.4522,4.84e-06,3780,0.0,
shorts,ek-X3X5VOes,1.4558,2.4264,4.83e-06,3781,0.0,
shorts,kLhNERKdwd4,1.4404,2.4006,4.82e-06,3782,0.0,
shorts,O0bBLaUENC0,1.4249,2.3748,4.73e-06,3783,0.0,
shorts,srOMsQxuUG0,1.4094,2.349,4.62e-06,3784,0.0,
shorts,84h3LfR39AU,1.3939,2.3232,4.58e-06,3785,0.0,
shorts,3VjzPvtakEs,1.3784,2.2974,4.56e-06,3786,0.0,
shorts,k3jpqCWU3Dk,1.363,2.2716,4.17e-06,3787,0.0,
shorts,QMsP-D4zJ9E,1.3474,2.2457,4.1e-06,3789,0.0,
shorts,gK2i2CAMog0,1.3319,2.2199,4.1e-06,3788,0.0,
shorts,sZoT8IoDJTU,1.3165,2.1941,4.07e-06,3790,0.0,
shorts,kl03vJGhl8s,1.301,2.1683,4.04e-06,3791,0.0,
shorts,t1csTgqKRPU,1.2855,2.1425,3.79e-06,3792,0.0,
shorts,JAssChJ1pV0,1.27,2.1167,3.67e-06,3793,0.0,
shorts,KexGsP8CCzk,1.2545,2.0909,3.53e-06,3794,0.0,
shorts,6YMEJ_Fs8Bo,1.239,2.065,3.33e-06,3795,0.0,
shorts,_NU9ZHgkjOk,1.2235,2.0392,3.22e-06,3796,0.0,
shorts,XzjEiCdwotM,1.208,2.0134,3.16e-06,3797,0.0,
shorts,BTX32LVSXkk,1.1926,1.9876,3.09e-06,3798,0.0,
shorts,PfZiGQVPbvQ,1.1771,1.9618,3e-06,3799,0.0,
shorts,rWHjSboQlFc,1.1616,1.936,2.97e-06,3800,0.0,
shorts,13wyT8D0HCg,1.1461,1.9102,2.9e-06,3801,0.0,
shorts,CDs7RgSfRx8,1.1151,1.8585,2.74e-06,3803,0.0,
shorts,MIyfcFZ_p-4,1.0996,1.8327,2.7e-06,3804,0.0,
shorts,zflU7Nu5aF8,1.0841,1.8069,2.59e-06,3805,0.0,
shorts,MIQk0bvwJ9g,1.0687,1.7811,2.34e-06,3806,0.0,
shorts,8lZ8MqA2NHo,1.0532,1.7553,2.29e-06,3807,0.0,
shorts,AgZjLelxjLc,1.0377,1.7295,2.25e-06,3808,0.0,
shorts,CwHfWz-Jc1A,1.0222,1.7037,2.24e-06,3809,0.0,
shorts,HCuOKoyUD8M,1.0067,1.6779,2.18e-06,3810,0.0,
shorts,Pikx9rXCWpE,0.9912,1.652,2.16e-06,3811,0.0,
shorts,4MTeHRwXdSc,0.9757,1.6262,2.05e-06,3812,0.0,
shorts,g-6fHSaXfvQ,0.9602,1.6004,1.96e-06,3813,0.0,
shorts,9qIjxf8fmf4,0.9448,1.5746,1.9e-06,3814,0.0,
shorts,aRxerHuQ_Uw,0.9293,1.5488,1.85e-06,3815,0.0,
shorts,KatJ8GtWgBk,0.9138,1.523,1.84e-06,3816,0.0,
shorts,blKZLL05xSE,0.8983,1.4972,1.79e-06,3817,0.0,
shorts,mI-VSy1pSA0,0.8828,1.4713,1.75e-06,3818,0.0,
shorts,T9xs1sw0Q-w,0.8518,1.4197,1.56e-06,3820,0.0,
shorts,j9HGvwOSm6Q,0.8363,1.3939,1.54e-06,3821,0.0,
shorts,Gj4BZUXK13w,0.8209,1.3681,1.5e-06,3823,0.0,
shorts,l-_JCOuGKaU,0.8054,1.3423,1.5e-06,3822,0.0,
shorts,DOwXNS4rPZI,0.7899,1.3165,1.48e-06,3824,0.0,
shorts,C57cu_LQI7g,0.7744,1.2907,1.46e-06,3825,0.0,
shorts,hnrOZnVDgdM,0.7589,1.2648,1.45e-06,3826,0.0,
shorts,vIxN3ydWmg4,0.7434,1.239,1.44e-06,3827,0.0,
shorts,eO9yKb0J7vI,0.7279,1.2132,1.39e-06,3828,0.0,
shorts,oSiZIz0N970,0.7124,1.1874,1.3e-06,3829,0.0,
shorts,o63YHARQLfE,0.697,1.1616,1.28e-06,3830,0.0,
shorts,cXqjFvCaFzA,0.6815,1.1358,1.24e-06,3831,0.0,
shorts,iqcx76ImOZA,0.666,1.11,1.23e-06,3832,0.0,
shorts,XA_YBXtTDws,0.6505,1.0842,1.2e-06,3834,0.0,
shorts,636kl-a9Rbs,0.6195,1.0325,1.19e-06,3835,0.0,
shorts,TbPtpdQvMYU,0.604,1.0067,1.18e-06,3837,0.0,
shorts,LraNc4jYTOg,0.5885,0.9809,1.18e-06,3836,0.0,
shorts,DPlKrHcLk-4,0.5731,0.9551,1.17e-06,3838,0.0,
shorts,NyPhFFftrxg,0.5576,0.9293,1.17e-06,3839,0.0,
shorts,liXBb7GlAlo,0.5421,0.9035,1.14e-06,3840,0.0,
shorts,JtLvOvP7P9E,0.5266,0.8776,1.06e-06,3841,0.0,
shorts,zjNl_JQOUdM,0.5111,0.8518,1.03e-06,3842,0.0,
shorts,Mmc_1tg22iI,0.4956,0.826,9.9e-07,3843,0.0,
shorts,QayZfVaC5NA,0.4801,0.8002,9.6e-07,3844,0.0,
shorts,lYkmEc9EXzQ,0.4646,0.7744,8.6e-07,3845,0.0,
shorts,Wh8gGYxEmxs,0.4492,0.7486,8.2e-07,3846,0.0,
shorts,_xhtwLsZesU,0.4337,0.7228,8.1e-07,3847,0.0,
shorts,cvYc3-cpGr4,0.4182,0.697,7.7e-07,3848,0.0,
shorts,S9ddYsBLitA,0.4027,0.6711,7.6e-07,3849,0.0,
shorts,MhRP249Yono,0.3872,0.6453,7.5e-07,3850,0.0,
shorts,0vzU8T_KoIg,0.3717,0.6195,7.4e-07,3851,0.0,
shorts,jiizjv8X-6o,0.3562,0.5937,6.8e-07,3852,0.0,
shorts,NzfaeBPxxtc,0.3407,0.5679,6.6e-07,3853,0.0,
shorts,Z-DVox-_9RE,0.3253,0.5421,6.2e-07,3854,0.0,
shorts,EkiMUs1_MFo,0.3098,0.5163,5.6e-07,3855,0.0,
shorts,euirUxWMj1o,0.2942,0.4904,5.4e-07,3856,0.0,
shorts,n2x1sBdkdME,0.2788,0.4646,4.9e-07,3857,0.0,
shorts,ewgTvaHiMos,0.2633,0.4388,4.7e-07,3858,0.0,
shorts,yfWkIPMqZ0s,0.2478,0.413,4.2e-07,3859,0.0,
shorts,U7YAXwKg5mE,0.2323,0.3872,3.9e-07,3860,0.0,
shorts,yb9gGsJxY5I,0.2168,0.3614,3.8e-07,3861,0.0,
shorts,2N1bdYyVKzo,0.2014,0.3356,3.5e-07,3862,0.0,
shorts,giLnOp1ah1o,0.1859,0.3098,3.1e-07,3863,0.0,
shorts,eayvGQoeHF8,0.1703,0.2839,3e-07,3864,0.0,
shorts,-CwTjDFmKNg,0.1549,0.2581,2.7e-07,3865,0.0,
shorts,b29DZcNQvJE,0.1394,0.2323,2.3e-07,3868,0.0,
shorts,Uvo_pSdNmwo,0.1239,0.2065,2.3e-07,3866,0.0,
shorts,MLFQ-Y26dvU,0.1084,0.1807,2.3e-07,3867,0.0,
shorts,nrYZDf0zQa8,0.0929,0.1549,2e-07,3869,0.0,
shorts,JysKJrveyEY,0.062,0.1033,1.6e-07,3871,0.0,
shorts,5nPgd1zDyP0,0.0464,0.0774,1.3e-07,3872,0.0,
shorts,SVNlmbY9nZQ,0.0155,0.0258,7e-08,3874,0.0,
