content_format,target,model_family,feature,feature_group,direction,direction_score,low_bin_prediction,high_bin_prediction,direction_method,notes
videos,future_log_views_delta_7d,random_forest_regressor,ai_semantic_score,semantic_scores,negative,-0.462826,5.10017422,4.63734821,quantile_directional_analysis,RF/tree direction via directional analysis
videos,future_log_views_delta_7d,random_forest_regressor,alpha_score,engagement_context,positive,6.31230826,1.997651,8.30995925,quantile_directional_analysis,RF/tree direction via directional analysis
videos,future_log_views_delta_7d,random_forest_regressor,channel_momentum_score,channel_context,negative,-0.60416121,5.0373578,4.43319659,quantile_directional_analysis,RF/tree direction via directional analysis
videos,future_log_views_delta_7d,random_forest_regressor,channel_relative_success_score,channel_context,positive,3.13001713,3.72819043,6.85820756,quantile_directional_analysis,RF/tree direction via directional analysis
videos,future_log_views_delta_7d,random_forest_regressor,curiosity_semantic_score,semantic_scores,negative,-0.30439001,5.47717038,5.17278037,quantile_directional_analysis,RF/tree direction via directional analysis
videos,future_log_views_delta_7d,random_forest_regressor,decision_score,model_decision,negative,-3.32624771,6.9227226,3.59647489,quantile_directional_analysis,RF/tree direction via directional analysis
videos,future_log_views_delta_7d,random_forest_regressor,description_length_chars,engagement_context,negative,-0.63226208,5.53685453,4.90459244,quantile_directional_analysis,RF/tree direction via directional analysis
videos,future_log_views_delta_7d,random_forest_regressor,description_word_count,engagement_context,negative,-0.24756588,5.17382104,4.92625516,quantile_directional_analysis,RF/tree direction via directional analysis
videos,future_log_views_delta_7d,random_forest_regressor,engagement_rate,engagement_context,negative,-1.97336332,6.1102006,4.13683728,quantile_directional_analysis,RF/tree direction via directional analysis
videos,future_log_views_delta_7d,random_forest_regressor,evergreen_score,engagement_context,negative,-0.63573,5.55683212,4.92110212,quantile_directional_analysis,RF/tree direction via directional analysis
videos,future_log_views_delta_7d,random_forest_regressor,finance_semantic_score,semantic_scores,negative,-0.69792808,5.55966404,4.86173596,quantile_directional_analysis,RF/tree direction via directional analysis
videos,future_log_views_delta_7d,random_forest_regressor,has_ai_word,engagement_context,negative,-0.29705449,5.52897758,5.2319231,quantile_directional_analysis,RF/tree direction via directional analysis
videos,future_log_views_delta_7d,random_forest_regressor,has_finance_word,engagement_context,negative,-0.69792808,5.55966404,4.86173596,quantile_directional_analysis,RF/tree direction via directional analysis
videos,future_log_views_delta_7d,random_forest_regressor,has_number,engagement_context,positive,0.38504493,5.42355054,5.80859547,quantile_directional_analysis,RF/tree direction via directional analysis
videos,future_log_views_delta_7d,random_forest_regressor,has_question,engagement_context,negative,-1.18384889,5.32468658,4.14083769,quantile_directional_analysis,RF/tree direction via directional analysis
videos,future_log_views_delta_7d,random_forest_regressor,hybrid_decision_score,model_decision,positive,3.75493017,3.61098414,7.36591431,quantile_directional_analysis,RF/tree direction via directional analysis
videos,future_log_views_delta_7d,random_forest_regressor,metadata_changed,metadata,negative,-0.43738617,5.53555015,5.09816397,quantile_directional_analysis,RF/tree direction via directional analysis
videos,future_log_views_delta_7d,random_forest_regressor,metric_confidence_score,engagement_context,negative,-2.28751336,6.162659,3.87514564,quantile_directional_analysis,RF/tree direction via directional analysis
videos,future_log_views_delta_7d,random_forest_regressor,news_semantic_score,semantic_scores,negative,-0.11458797,5.51347262,5.39888466,quantile_directional_analysis,RF/tree direction via directional analysis
videos,future_log_views_delta_7d,random_forest_regressor,opportunity_score,engagement_context,positive,4.99836104,2.55135011,7.54971115,quantile_directional_analysis,RF/tree direction via directional analysis
videos,future_log_views_delta_7d,random_forest_regressor,packaging_problem_score,engagement_context,negative,-4.204919,6.85222075,2.64730176,quantile_directional_analysis,RF/tree direction via directional analysis
videos,future_log_views_delta_7d,random_forest_regressor,productivity_semantic_score,semantic_scores,negative,-0.33291514,5.55683212,5.22391699,quantile_directional_analysis,RF/tree direction via directional analysis
videos,future_log_views_delta_7d,random_forest_regressor,promise_semantic_score,semantic_scores,negative,-0.58025828,5.56567842,4.98542014,quantile_directional_analysis,RF/tree direction via directional analysis
videos,future_log_views_delta_7d,random_forest_regressor,semantic_cluster_id,semantic_cluster,negative,-1.82718237,5.94666242,4.11948005,quantile_directional_analysis,RF/tree direction via directional analysis
videos,future_log_views_delta_7d,random_forest_regressor,title_has_currency,title_style,negative,-0.53407862,5.55683212,5.0227535,quantile_directional_analysis,RF/tree direction via directional analysis
videos,future_log_views_delta_7d,random_forest_regressor,title_has_number,title_style,positive,0.38504493,5.42355054,5.80859547,quantile_directional_analysis,RF/tree direction via directional analysis
videos,future_log_views_delta_7d,random_forest_regressor,title_has_question,title_style,negative,-1.18384889,5.32468658,4.14083769,quantile_directional_analysis,RF/tree direction via directional analysis
videos,future_log_views_delta_7d,random_forest_regressor,title_has_year,title_style,negative,-0.581684,5.55792876,4.97624476,quantile_directional_analysis,RF/tree direction via directional analysis
videos,future_log_views_delta_7d,random_forest_regressor,title_length_chars,title_style,negative,-0.63226208,5.53685453,4.90459244,quantile_directional_analysis,RF/tree direction via directional analysis
videos,future_log_views_delta_7d,random_forest_regressor,title_word_count,title_style,negative,-0.24756588,5.17382104,4.92625516,quantile_directional_analysis,RF/tree direction via directional analysis
videos,future_log_views_delta_7d,random_forest_regressor,topic_confidence,topic_metrics,negative,-0.79572153,5.14027821,4.34455668,quantile_directional_analysis,RF/tree direction via directional analysis
videos,future_log_views_delta_7d,random_forest_regressor,topic_opportunity_score,topic_metrics,negative,-0.18226084,5.27618934,5.09392851,quantile_directional_analysis,RF/tree direction via directional analysis
videos,future_log_views_delta_7d,random_forest_regressor,topic_saturation_score,topic_metrics,negative,-0.11675182,5.21068032,5.09392851,quantile_directional_analysis,RF/tree direction via directional analysis
videos,future_log_views_delta_7d,random_forest_regressor,trend_burst_score,engagement_context,negative,-0.24656786,5.47860114,5.23203328,quantile_directional_analysis,RF/tree direction via directional analysis
videos,future_log_views_delta_7d,random_forest_regressor,tutorial_semantic_score,semantic_scores,negative,-0.70840246,5.56135752,4.85295506,quantile_directional_analysis,RF/tree direction via directional analysis
videos,future_log_views_delta_7d,random_forest_regressor,urgency_semantic_score,semantic_scores,negative,-0.08761387,5.46984592,5.38223206,quantile_directional_analysis,RF/tree direction via directional analysis
videos,future_log_views_delta_7d,random_forest_regressor,views_delta,engagement_context,positive,6.89775425,1.71109803,8.60885228,quantile_directional_analysis,RF/tree direction via directional analysis
videos,future_log_views_delta_7d,random_forest_regressor,warning_semantic_score,semantic_scores,negative,-0.4032647,5.5667305,5.1634658,quantile_directional_analysis,RF/tree direction via directional analysis
videos,future_log_views_delta_7d,random_forest_regressor,hook_semantic_type__ai,title_style,negative,-0.57979548,5.09122,4.51142452,quantile_directional_analysis,RF/tree direction via directional analysis
videos,future_log_views_delta_7d,random_forest_regressor,hook_semantic_type__curiosity,title_style,negative,-0.30439001,5.47717038,5.17278037,quantile_directional_analysis,RF/tree direction via directional analysis
videos,future_log_views_delta_7d,random_forest_regressor,hook_semantic_type__finance,title_style,negative,-0.4363282,5.55683212,5.12050392,quantile_directional_analysis,RF/tree direction via directional analysis
videos,future_log_views_delta_7d,random_forest_regressor,hook_semantic_type__news,title_style,negative,-0.17435342,5.51347262,5.3391192,quantile_directional_analysis,RF/tree direction via directional analysis
videos,future_log_views_delta_7d,random_forest_regressor,hook_semantic_type__promise,title_style,negative,-0.70719707,5.56567842,4.85848135,quantile_directional_analysis,RF/tree direction via directional analysis
videos,future_log_views_delta_7d,random_forest_regressor,hook_semantic_type__tutorial,title_style,negative,-0.6354821,5.54764807,4.91216597,quantile_directional_analysis,RF/tree direction via directional analysis
videos,future_log_views_delta_7d,random_forest_regressor,hook_semantic_type__unknown,title_style,positive,0.13726141,4.89102472,5.02828613,quantile_directional_analysis,RF/tree direction via directional analysis
videos,future_log_views_delta_7d,random_forest_regressor,hook_semantic_type__warning,title_style,negative,-0.40100045,5.56928066,5.16828021,quantile_directional_analysis,RF/tree direction via directional analysis
videos,future_log_views_delta_7d,random_forest_regressor,semantic_cluster_label__de_de_mayo_mayo,semantic_cluster,negative,-0.53793665,5.55758164,5.01964499,quantile_directional_analysis,RF/tree direction via directional analysis
videos,future_log_views_delta_7d,random_forest_regressor,semantic_cluster_label__de_en_el,semantic_cluster,negative,-0.50989622,5.51899628,5.00910006,quantile_directional_analysis,RF/tree direction via directional analysis
videos,future_log_views_delta_7d,random_forest_regressor,semantic_cluster_label__in_the_xi,semantic_cluster,mixed,0.00305756,5.46417467,5.46723223,quantile_directional_analysis,RF/tree direction via directional analysis
videos,future_log_views_delta_7d,random_forest_regressor,semantic_cluster_label__la_de_de_la,semantic_cluster,negative,-1.35097443,5.56913313,4.2181587,quantile_directional_analysis,RF/tree direction via directional analysis
videos,future_log_views_delta_7d,random_forest_regressor,semantic_cluster_label__the_of_is,semantic_cluster,positive,1.26789269,4.42441836,5.69231106,quantile_directional_analysis,RF/tree direction via directional analysis
videos,future_log_views_delta_7d,random_forest_regressor,semantic_cluster_label__to_iran_trump,semantic_cluster,negative,-0.18650004,5.55683212,5.37033209,quantile_directional_analysis,RF/tree direction via directional analysis
videos,future_log_views_delta_7d,random_forest_regressor,topic_primary__ai_tools,topic_metrics,negative,-0.55924368,5.09989809,4.54065441,quantile_directional_analysis,RF/tree direction via directional analysis
videos,future_log_views_delta_7d,random_forest_regressor,topic_primary__finance_personal,topic_metrics,negative,-0.4363282,5.55683212,5.12050392,quantile_directional_analysis,RF/tree direction via directional analysis
videos,future_log_views_delta_7d,random_forest_regressor,topic_primary__news_trends,topic_metrics,negative,-0.17435342,5.51347262,5.3391192,quantile_directional_analysis,RF/tree direction via directional analysis
videos,future_log_views_delta_7d,random_forest_regressor,topic_primary__productivity,topic_metrics,negative,-0.33291514,5.55683212,5.22391699,quantile_directional_analysis,RF/tree direction via directional analysis
videos,future_log_views_delta_7d,random_forest_regressor,topic_primary__tutorial,topic_metrics,negative,-0.70840246,5.56135752,4.85295506,quantile_directional_analysis,RF/tree direction via directional analysis
videos,future_log_views_delta_7d,random_forest_regressor,topic_primary__unknown,topic_metrics,positive,0.07634782,5.01758069,5.09392851,quantile_directional_analysis,RF/tree direction via directional analysis
videos,future_log_views_delta_7d,random_forest_regressor,topic_secondary__ai_tools,topic_metrics,negative,-0.21591307,5.50050853,5.28459545,quantile_directional_analysis,RF/tree direction via directional analysis
videos,future_log_views_delta_7d,random_forest_regressor,topic_secondary__finance_personal,topic_metrics,negative,-0.59574108,5.56671975,4.97097867,quantile_directional_analysis,RF/tree direction via directional analysis
videos,future_log_views_delta_7d,random_forest_regressor,topic_secondary__news_trends,topic_metrics,negative,-0.46391297,5.55683212,5.09291915,quantile_directional_analysis,RF/tree direction via directional analysis
videos,future_log_views_delta_7d,random_forest_regressor,topic_secondary__tutorial,topic_metrics,negative,-0.53407862,5.55683212,5.0227535,quantile_directional_analysis,RF/tree direction via directional analysis
videos,future_log_views_delta_7d,random_forest_regressor,topic_secondary__unknown,topic_metrics,negative,-0.7494176,5.6407113,4.8912937,quantile_directional_analysis,RF/tree direction via directional analysis
videos,future_log_views_delta_7d,linear_regularized_regressor,ai_semantic_score,semantic_scores,negative,0.07592765,0.0,0.0,coefficient_sign,Linear direction via coefficient sign
videos,future_log_views_delta_7d,linear_regularized_regressor,alpha_score,engagement_context,positive,1.29590097,0.0,0.0,coefficient_sign,Linear direction via coefficient sign
videos,future_log_views_delta_7d,linear_regularized_regressor,channel_momentum_score,channel_context,negative,0.11496972,0.0,0.0,coefficient_sign,Linear direction via coefficient sign
videos,future_log_views_delta_7d,linear_regularized_regressor,channel_relative_success_score,channel_context,negative,0.78430521,0.0,0.0,coefficient_sign,Linear direction via coefficient sign
videos,future_log_views_delta_7d,linear_regularized_regressor,curiosity_semantic_score,semantic_scores,negative,0.06760839,0.0,0.0,coefficient_sign,Linear direction via coefficient sign
videos,future_log_views_delta_7d,linear_regularized_regressor,decision_score,model_decision,negative,1.11597992,0.0,0.0,coefficient_sign,Linear direction via coefficient sign
videos,future_log_views_delta_7d,linear_regularized_regressor,description_length_chars,engagement_context,negative,0.15352921,0.0,0.0,coefficient_sign,Linear direction via coefficient sign
videos,future_log_views_delta_7d,linear_regularized_regressor,description_word_count,engagement_context,positive,0.1297805,0.0,0.0,coefficient_sign,Linear direction via coefficient sign
videos,future_log_views_delta_7d,linear_regularized_regressor,engagement_rate,engagement_context,negative,0.14806064,0.0,0.0,coefficient_sign,Linear direction via coefficient sign
videos,future_log_views_delta_7d,linear_regularized_regressor,evergreen_score,engagement_context,positive,0.00965003,0.0,0.0,coefficient_sign,Linear direction via coefficient sign
videos,future_log_views_delta_7d,linear_regularized_regressor,finance_semantic_score,semantic_scores,negative,0.04773264,0.0,0.0,coefficient_sign,Linear direction via coefficient sign
videos,future_log_views_delta_7d,linear_regularized_regressor,has_ai_word,engagement_context,negative,0.03479597,0.0,0.0,coefficient_sign,Linear direction via coefficient sign
videos,future_log_views_delta_7d,linear_regularized_regressor,has_finance_word,engagement_context,positive,0.13870256,0.0,0.0,coefficient_sign,Linear direction via coefficient sign
videos,future_log_views_delta_7d,linear_regularized_regressor,has_number,engagement_context,negative,0.00589494,0.0,0.0,coefficient_sign,Linear direction via coefficient sign
videos,future_log_views_delta_7d,linear_regularized_regressor,has_question,engagement_context,negative,1.51772871,0.0,0.0,coefficient_sign,Linear direction via coefficient sign
videos,future_log_views_delta_7d,linear_regularized_regressor,hybrid_decision_score,model_decision,positive,0.99166813,0.0,0.0,coefficient_sign,Linear direction via coefficient sign
videos,future_log_views_delta_7d,linear_regularized_regressor,metadata_changed,metadata,positive,0.01324772,0.0,0.0,coefficient_sign,Linear direction via coefficient sign
videos,future_log_views_delta_7d,linear_regularized_regressor,metric_confidence_score,engagement_context,positive,0.30180105,0.0,0.0,coefficient_sign,Linear direction via coefficient sign
videos,future_log_views_delta_7d,linear_regularized_regressor,news_semantic_score,semantic_scores,negative,0.20673482,0.0,0.0,coefficient_sign,Linear direction via coefficient sign
videos,future_log_views_delta_7d,linear_regularized_regressor,opportunity_score,engagement_context,positive,0.4760538,0.0,0.0,coefficient_sign,Linear direction via coefficient sign
videos,future_log_views_delta_7d,linear_regularized_regressor,packaging_problem_score,engagement_context,negative,0.17228684,0.0,0.0,coefficient_sign,Linear direction via coefficient sign
videos,future_log_views_delta_7d,linear_regularized_regressor,productivity_semantic_score,semantic_scores,negative,0.35786619,0.0,0.0,coefficient_sign,Linear direction via coefficient sign
videos,future_log_views_delta_7d,linear_regularized_regressor,promise_semantic_score,semantic_scores,negative,0.01892653,0.0,0.0,coefficient_sign,Linear direction via coefficient sign
videos,future_log_views_delta_7d,linear_regularized_regressor,semantic_cluster_id,semantic_cluster,positive,0.07726925,0.0,0.0,coefficient_sign,Linear direction via coefficient sign
videos,future_log_views_delta_7d,linear_regularized_regressor,title_has_currency,title_style,negative,0.00606039,0.0,0.0,coefficient_sign,Linear direction via coefficient sign
videos,future_log_views_delta_7d,linear_regularized_regressor,title_has_number,title_style,negative,0.00589494,0.0,0.0,coefficient_sign,Linear direction via coefficient sign
videos,future_log_views_delta_7d,linear_regularized_regressor,title_has_question,title_style,positive,1.48301014,0.0,0.0,coefficient_sign,Linear direction via coefficient sign
videos,future_log_views_delta_7d,linear_regularized_regressor,title_has_year,title_style,positive,0.00103954,0.0,0.0,coefficient_sign,Linear direction via coefficient sign
videos,future_log_views_delta_7d,linear_regularized_regressor,title_length_chars,title_style,negative,0.15352921,0.0,0.0,coefficient_sign,Linear direction via coefficient sign
videos,future_log_views_delta_7d,linear_regularized_regressor,title_word_count,title_style,positive,0.1297805,0.0,0.0,coefficient_sign,Linear direction via coefficient sign
videos,future_log_views_delta_7d,linear_regularized_regressor,topic_confidence,topic_metrics,positive,0.02350039,0.0,0.0,coefficient_sign,Linear direction via coefficient sign
videos,future_log_views_delta_7d,linear_regularized_regressor,topic_opportunity_score,topic_metrics,negative,0.0771647,0.0,0.0,coefficient_sign,Linear direction via coefficient sign
videos,future_log_views_delta_7d,linear_regularized_regressor,topic_saturation_score,topic_metrics,negative,1.4739921,0.0,0.0,coefficient_sign,Linear direction via coefficient sign
videos,future_log_views_delta_7d,linear_regularized_regressor,trend_burst_score,engagement_context,negative,0.08497497,0.0,0.0,coefficient_sign,Linear direction via coefficient sign
videos,future_log_views_delta_7d,linear_regularized_regressor,tutorial_semantic_score,semantic_scores,positive,0.00181514,0.0,0.0,coefficient_sign,Linear direction via coefficient sign
videos,future_log_views_delta_7d,linear_regularized_regressor,urgency_semantic_score,semantic_scores,positive,0.00312237,0.0,0.0,coefficient_sign,Linear direction via coefficient sign
videos,future_log_views_delta_7d,linear_regularized_regressor,views_delta,engagement_context,positive,0.15429653,0.0,0.0,coefficient_sign,Linear direction via coefficient sign
videos,future_log_views_delta_7d,linear_regularized_regressor,warning_semantic_score,semantic_scores,negative,0.01396838,0.0,0.0,coefficient_sign,Linear direction via coefficient sign
videos,future_log_views_delta_7d,linear_regularized_regressor,hook_semantic_type__ai,title_style,positive,0.09450298,0.0,0.0,coefficient_sign,Linear direction via coefficient sign
videos,future_log_views_delta_7d,linear_regularized_regressor,hook_semantic_type__curiosity,title_style,positive,0.12542254,0.0,0.0,coefficient_sign,Linear direction via coefficient sign
videos,future_log_views_delta_7d,linear_regularized_regressor,hook_semantic_type__finance,title_style,positive,0.06314355,0.0,0.0,coefficient_sign,Linear direction via coefficient sign
videos,future_log_views_delta_7d,linear_regularized_regressor,hook_semantic_type__news,title_style,positive,0.14442263,0.0,0.0,coefficient_sign,Linear direction via coefficient sign
videos,future_log_views_delta_7d,linear_regularized_regressor,hook_semantic_type__promise,title_style,positive,0.05454316,0.0,0.0,coefficient_sign,Linear direction via coefficient sign
videos,future_log_views_delta_7d,linear_regularized_regressor,hook_semantic_type__tutorial,title_style,negative,0.09921455,0.0,0.0,coefficient_sign,Linear direction via coefficient sign
videos,future_log_views_delta_7d,linear_regularized_regressor,hook_semantic_type__unknown,title_style,positive,0.10076107,0.0,0.0,coefficient_sign,Linear direction via coefficient sign
videos,future_log_views_delta_7d,linear_regularized_regressor,hook_semantic_type__warning,title_style,positive,0.0225994,0.0,0.0,coefficient_sign,Linear direction via coefficient sign
videos,future_log_views_delta_7d,linear_regularized_regressor,semantic_cluster_label__de_de_mayo_mayo,semantic_cluster,mixed,0.0,0.0,0.0,coefficient_sign,Linear direction via coefficient sign
videos,future_log_views_delta_7d,linear_regularized_regressor,semantic_cluster_label__de_en_el,semantic_cluster,positive,0.07235048,0.0,0.0,coefficient_sign,Linear direction via coefficient sign
videos,future_log_views_delta_7d,linear_regularized_regressor,semantic_cluster_label__in_the_xi,semantic_cluster,negative,0.07394675,0.0,0.0,coefficient_sign,Linear direction via coefficient sign
videos,future_log_views_delta_7d,linear_regularized_regressor,semantic_cluster_label__la_de_de_la,semantic_cluster,positive,0.01385891,0.0,0.0,coefficient_sign,Linear direction via coefficient sign
videos,future_log_views_delta_7d,linear_regularized_regressor,semantic_cluster_label__the_of_is,semantic_cluster,positive,0.22048095,0.0,0.0,coefficient_sign,Linear direction via coefficient sign
videos,future_log_views_delta_7d,linear_regularized_regressor,semantic_cluster_label__to_iran_trump,semantic_cluster,positive,0.03983068,0.0,0.0,coefficient_sign,Linear direction via coefficient sign
videos,future_log_views_delta_7d,linear_regularized_regressor,topic_primary__ai_tools,topic_metrics,positive,0.14993892,0.0,0.0,coefficient_sign,Linear direction via coefficient sign
videos,future_log_views_delta_7d,linear_regularized_regressor,topic_primary__finance_personal,topic_metrics,negative,0.7390593,0.0,0.0,coefficient_sign,Linear direction via coefficient sign
videos,future_log_views_delta_7d,linear_regularized_regressor,topic_primary__news_trends,topic_metrics,negative,0.24149028,0.0,0.0,coefficient_sign,Linear direction via coefficient sign
videos,future_log_views_delta_7d,linear_regularized_regressor,topic_primary__productivity,topic_metrics,negative,0.35786619,0.0,0.0,coefficient_sign,Linear direction via coefficient sign
videos,future_log_views_delta_7d,linear_regularized_regressor,topic_primary__tutorial,topic_metrics,negative,0.23333865,0.0,0.0,coefficient_sign,Linear direction via coefficient sign
videos,future_log_views_delta_7d,linear_regularized_regressor,topic_primary__unknown,topic_metrics,positive,0.6920566,0.0,0.0,coefficient_sign,Linear direction via coefficient sign
videos,future_log_views_delta_7d,linear_regularized_regressor,topic_secondary__ai_tools,topic_metrics,positive,0.26260954,0.0,0.0,coefficient_sign,Linear direction via coefficient sign
videos,future_log_views_delta_7d,linear_regularized_regressor,topic_secondary__finance_personal,topic_metrics,positive,0.16640036,0.0,0.0,coefficient_sign,Linear direction via coefficient sign
videos,future_log_views_delta_7d,linear_regularized_regressor,topic_secondary__news_trends,topic_metrics,positive,0.10363116,0.0,0.0,coefficient_sign,Linear direction via coefficient sign
videos,future_log_views_delta_7d,linear_regularized_regressor,topic_secondary__tutorial,topic_metrics,positive,0.12301423,0.0,0.0,coefficient_sign,Linear direction via coefficient sign
videos,future_log_views_delta_7d,linear_regularized_regressor,topic_secondary__unknown,topic_metrics,positive,0.31703467,0.0,0.0,coefficient_sign,Linear direction via coefficient sign
videos,future_log_views_delta_7d,shallow_tree_regressor,ai_semantic_score,semantic_scores,negative,-0.60038703,5.12155068,4.52116364,quantile_directional_analysis,RF/tree direction via directional analysis
videos,future_log_views_delta_7d,shallow_tree_regressor,alpha_score,engagement_context,positive,6.28710186,1.95562939,8.24273125,quantile_directional_analysis,RF/tree direction via directional analysis
videos,future_log_views_delta_7d,shallow_tree_regressor,channel_momentum_score,channel_context,negative,-0.58109354,5.00017106,4.41907752,quantile_directional_analysis,RF/tree direction via directional analysis
videos,future_log_views_delta_7d,shallow_tree_regressor,channel_relative_success_score,channel_context,positive,3.19297845,3.62787271,6.82085116,quantile_directional_analysis,RF/tree direction via directional analysis
videos,future_log_views_delta_7d,shallow_tree_regressor,curiosity_semantic_score,semantic_scores,negative,-0.38947194,5.46905386,5.07958192,quantile_directional_analysis,RF/tree direction via directional analysis
videos,future_log_views_delta_7d,shallow_tree_regressor,decision_score,model_decision,negative,-3.320997,6.8941343,3.5731373,quantile_directional_analysis,RF/tree direction via directional analysis
videos,future_log_views_delta_7d,shallow_tree_regressor,description_length_chars,engagement_context,negative,-0.61407615,5.49757845,4.88350231,quantile_directional_analysis,RF/tree direction via directional analysis
videos,future_log_views_delta_7d,shallow_tree_regressor,description_word_count,engagement_context,negative,-0.25290373,5.15762045,4.90471672,quantile_directional_analysis,RF/tree direction via directional analysis
videos,future_log_views_delta_7d,shallow_tree_regressor,engagement_rate,engagement_context,negative,-1.82640151,5.99384495,4.16744344,quantile_directional_analysis,RF/tree direction via directional analysis
videos,future_log_views_delta_7d,shallow_tree_regressor,evergreen_score,engagement_context,negative,-0.67330736,5.53068143,4.85737408,quantile_directional_analysis,RF/tree direction via directional analysis
videos,future_log_views_delta_7d,shallow_tree_regressor,finance_semantic_score,semantic_scores,negative,-0.75786043,5.54076286,4.78290242,quantile_directional_analysis,RF/tree direction via directional analysis
videos,future_log_views_delta_7d,shallow_tree_regressor,has_ai_word,engagement_context,negative,-0.3673134,5.49908408,5.13177069,quantile_directional_analysis,RF/tree direction via directional analysis
videos,future_log_views_delta_7d,shallow_tree_regressor,has_finance_word,engagement_context,negative,-0.75786043,5.54076286,4.78290242,quantile_directional_analysis,RF/tree direction via directional analysis
videos,future_log_views_delta_7d,shallow_tree_regressor,has_number,engagement_context,positive,0.30315604,5.41288449,5.71604053,quantile_directional_analysis,RF/tree direction via directional analysis
videos,future_log_views_delta_7d,shallow_tree_regressor,has_question,engagement_context,negative,-1.21176166,5.30728171,4.09552005,quantile_directional_analysis,RF/tree direction via directional analysis
videos,future_log_views_delta_7d,shallow_tree_regressor,hybrid_decision_score,model_decision,positive,3.72546235,3.55846153,7.28392388,quantile_directional_analysis,RF/tree direction via directional analysis
videos,future_log_views_delta_7d,shallow_tree_regressor,metadata_changed,metadata,negative,-0.47770277,5.51248082,5.03477806,quantile_directional_analysis,RF/tree direction via directional analysis
videos,future_log_views_delta_7d,shallow_tree_regressor,metric_confidence_score,engagement_context,negative,-2.33945154,6.11018705,3.77073551,quantile_directional_analysis,RF/tree direction via directional analysis
videos,future_log_views_delta_7d,shallow_tree_regressor,news_semantic_score,semantic_scores,negative,-0.17329069,5.49937196,5.32608126,quantile_directional_analysis,RF/tree direction via directional analysis
videos,future_log_views_delta_7d,shallow_tree_regressor,opportunity_score,engagement_context,positive,5.0469514,2.45456968,7.50152109,quantile_directional_analysis,RF/tree direction via directional analysis
videos,future_log_views_delta_7d,shallow_tree_regressor,packaging_problem_score,engagement_context,negative,-3.99910843,6.7071196,2.70801117,quantile_directional_analysis,RF/tree direction via directional analysis
videos,future_log_views_delta_7d,shallow_tree_regressor,productivity_semantic_score,semantic_scores,negative,-0.37969151,5.53068143,5.15098992,quantile_directional_analysis,RF/tree direction via directional analysis
videos,future_log_views_delta_7d,shallow_tree_regressor,promise_semantic_score,semantic_scores,negative,-0.63025741,5.54607118,4.91581378,quantile_directional_analysis,RF/tree direction via directional analysis
videos,future_log_views_delta_7d,shallow_tree_regressor,semantic_cluster_id,semantic_cluster,negative,-1.8537107,5.91782274,4.06411204,quantile_directional_analysis,RF/tree direction via directional analysis
videos,future_log_views_delta_7d,shallow_tree_regressor,title_has_currency,title_style,negative,-0.56235276,5.53068143,4.96832867,quantile_directional_analysis,RF/tree direction via directional analysis
videos,future_log_views_delta_7d,shallow_tree_regressor,title_has_number,title_style,positive,0.30315604,5.41288449,5.71604053,quantile_directional_analysis,RF/tree direction via directional analysis
videos,future_log_views_delta_7d,shallow_tree_regressor,title_has_question,title_style,negative,-1.21176166,5.30728171,4.09552005,quantile_directional_analysis,RF/tree direction via directional analysis
videos,future_log_views_delta_7d,shallow_tree_regressor,title_has_year,title_style,negative,-0.64239871,5.53678161,4.8943829,quantile_directional_analysis,RF/tree direction via directional analysis
videos,future_log_views_delta_7d,shallow_tree_regressor,title_length_chars,title_style,negative,-0.61407615,5.49757845,4.88350231,quantile_directional_analysis,RF/tree direction via directional analysis
videos,future_log_views_delta_7d,shallow_tree_regressor,title_word_count,title_style,negative,-0.25290373,5.15762045,4.90471672,quantile_directional_analysis,RF/tree direction via directional analysis
videos,future_log_views_delta_7d,shallow_tree_regressor,topic_confidence,topic_metrics,negative,-0.83376343,5.14232368,4.30856024,quantile_directional_analysis,RF/tree direction via directional analysis
videos,future_log_views_delta_7d,shallow_tree_regressor,topic_opportunity_score,topic_metrics,negative,-0.28390545,5.27413888,4.99023343,quantile_directional_analysis,RF/tree direction via directional analysis
videos,future_log_views_delta_7d,shallow_tree_regressor,topic_saturation_score,topic_metrics,negative,-0.21727925,5.20751267,4.99023343,quantile_directional_analysis,RF/tree direction via directional analysis
videos,future_log_views_delta_7d,shallow_tree_regressor,trend_burst_score,engagement_context,negative,-0.28648953,5.45528356,5.16879403,quantile_directional_analysis,RF/tree direction via directional analysis
videos,future_log_views_delta_7d,shallow_tree_regressor,tutorial_semantic_score,semantic_scores,negative,-0.77682286,5.54208994,4.76526707,quantile_directional_analysis,RF/tree direction via directional analysis
videos,future_log_views_delta_7d,shallow_tree_regressor,urgency_semantic_score,semantic_scores,negative,-0.18932432,5.46129124,5.27196691,quantile_directional_analysis,RF/tree direction via directional analysis
videos,future_log_views_delta_7d,shallow_tree_regressor,views_delta,engagement_context,positive,6.84530718,1.68829179,8.53359897,quantile_directional_analysis,RF/tree direction via directional analysis
videos,future_log_views_delta_7d,shallow_tree_regressor,warning_semantic_score,semantic_scores,negative,-0.47662083,5.54655731,5.06993647,quantile_directional_analysis,RF/tree direction via directional analysis
videos,future_log_views_delta_7d,shallow_tree_regressor,hook_semantic_type__ai,title_style,negative,-0.70731354,5.07906403,4.37175049,quantile_directional_analysis,RF/tree direction via directional analysis
videos,future_log_views_delta_7d,shallow_tree_regressor,hook_semantic_type__curiosity,title_style,negative,-0.38947194,5.46905386,5.07958192,quantile_directional_analysis,RF/tree direction via directional analysis
videos,future_log_views_delta_7d,shallow_tree_regressor,hook_semantic_type__finance,title_style,negative,-0.47976307,5.53068143,5.05091837,quantile_directional_analysis,RF/tree direction via directional analysis
videos,future_log_views_delta_7d,shallow_tree_regressor,hook_semantic_type__news,title_style,negative,-0.23088883,5.49937196,5.26848313,quantile_directional_analysis,RF/tree direction via directional analysis
videos,future_log_views_delta_7d,shallow_tree_regressor,hook_semantic_type__promise,title_style,negative,-0.74008779,5.54607118,4.80598339,quantile_directional_analysis,RF/tree direction via directional analysis
videos,future_log_views_delta_7d,shallow_tree_regressor,hook_semantic_type__tutorial,title_style,negative,-0.69356875,5.52210463,4.82853588,quantile_directional_analysis,RF/tree direction via directional analysis
videos,future_log_views_delta_7d,shallow_tree_regressor,hook_semantic_type__unknown,title_style,positive,0.03963697,4.89743355,4.93707052,quantile_directional_analysis,RF/tree direction via directional analysis
videos,future_log_views_delta_7d,shallow_tree_regressor,hook_semantic_type__warning,title_style,negative,-0.47357314,5.54879735,5.07522421,quantile_directional_analysis,RF/tree direction via directional analysis
videos,future_log_views_delta_7d,shallow_tree_regressor,semantic_cluster_label__de_de_mayo_mayo,semantic_cluster,negative,-0.57192224,5.53435057,4.96242832,quantile_directional_analysis,RF/tree direction via directional analysis
videos,future_log_views_delta_7d,shallow_tree_regressor,semantic_cluster_label__de_en_el,semantic_cluster,negative,-0.57170506,5.49988939,4.92818433,quantile_directional_analysis,RF/tree direction via directional analysis
videos,future_log_views_delta_7d,shallow_tree_regressor,semantic_cluster_label__in_the_xi,semantic_cluster,negative,-0.04116673,5.44583942,5.40467269,quantile_directional_analysis,RF/tree direction via directional analysis
videos,future_log_views_delta_7d,shallow_tree_regressor,semantic_cluster_label__la_de_de_la,semantic_cluster,negative,-1.38816468,5.54811658,4.1599519,quantile_directional_analysis,RF/tree direction via directional analysis
videos,future_log_views_delta_7d,shallow_tree_regressor,semantic_cluster_label__the_of_is,semantic_cluster,positive,1.12980828,4.45047387,5.58028215,quantile_directional_analysis,RF/tree direction via directional analysis
videos,future_log_views_delta_7d,shallow_tree_regressor,semantic_cluster_label__to_iran_trump,semantic_cluster,negative,-0.23318289,5.53068143,5.29749855,quantile_directional_analysis,RF/tree direction via directional analysis
videos,future_log_views_delta_7d,shallow_tree_regressor,topic_primary__ai_tools,topic_metrics,negative,-0.67615611,5.09841414,4.42225802,quantile_directional_analysis,RF/tree direction via directional analysis
videos,future_log_views_delta_7d,shallow_tree_regressor,topic_primary__finance_personal,topic_metrics,negative,-0.47976307,5.53068143,5.05091837,quantile_directional_analysis,RF/tree direction via directional analysis
videos,future_log_views_delta_7d,shallow_tree_regressor,topic_primary__news_trends,topic_metrics,negative,-0.23088883,5.49937196,5.26848313,quantile_directional_analysis,RF/tree direction via directional analysis
videos,future_log_views_delta_7d,shallow_tree_regressor,topic_primary__productivity,topic_metrics,negative,-0.37969151,5.53068143,5.15098992,quantile_directional_analysis,RF/tree direction via directional analysis
videos,future_log_views_delta_7d,shallow_tree_regressor,topic_primary__tutorial,topic_metrics,negative,-0.77682286,5.54208994,4.76526707,quantile_directional_analysis,RF/tree direction via directional analysis
videos,future_log_views_delta_7d,shallow_tree_regressor,topic_primary__unknown,topic_metrics,mixed,-0.00973911,4.99997254,4.99023343,quantile_directional_analysis,RF/tree direction via directional analysis
videos,future_log_views_delta_7d,shallow_tree_regressor,topic_secondary__ai_tools,topic_metrics,negative,-0.30660375,5.48929144,5.18268769,quantile_directional_analysis,RF/tree direction via directional analysis
videos,future_log_views_delta_7d,shallow_tree_regressor,topic_secondary__finance_personal,topic_metrics,negative,-0.64303863,5.5466855,4.90364687,quantile_directional_analysis,RF/tree direction via directional analysis
videos,future_log_views_delta_7d,shallow_tree_regressor,topic_secondary__news_trends,topic_metrics,negative,-0.50591756,5.53068143,5.02476387,quantile_directional_analysis,RF/tree direction via directional analysis
videos,future_log_views_delta_7d,shallow_tree_regressor,topic_secondary__tutorial,topic_metrics,negative,-0.56235276,5.53068143,4.96832867,quantile_directional_analysis,RF/tree direction via directional analysis
videos,future_log_views_delta_7d,shallow_tree_regressor,topic_secondary__unknown,topic_metrics,negative,-0.80768363,5.63203592,4.8243523,quantile_directional_analysis,RF/tree direction via directional analysis
videos,future_relative_views_delta_7d,random_forest_regressor,ai_semantic_score,semantic_scores,positive,69.08920065,10.42712434,79.51632499,quantile_directional_analysis,RF/tree direction via directional analysis
videos,future_relative_views_delta_7d,random_forest_regressor,alpha_score,engagement_context,positive,94.35605363,3.38118419,97.73723781,quantile_directional_analysis,RF/tree direction via directional analysis
videos,future_relative_views_delta_7d,random_forest_regressor,channel_momentum_score,channel_context,positive,58.26354578,8.94217471,67.20572049,quantile_directional_analysis,RF/tree direction via directional analysis
videos,future_relative_views_delta_7d,random_forest_regressor,channel_relative_success_score,channel_context,positive,103.38186996,2.2744255,105.65629546,quantile_directional_analysis,RF/tree direction via directional analysis
videos,future_relative_views_delta_7d,random_forest_regressor,curiosity_semantic_score,semantic_scores,positive,55.47130279,11.57911859,67.05042138,quantile_directional_analysis,RF/tree direction via directional analysis
videos,future_relative_views_delta_7d,random_forest_regressor,decision_score,model_decision,positive,45.44053953,22.15392505,67.59446458,quantile_directional_analysis,RF/tree direction via directional analysis
videos,future_relative_views_delta_7d,random_forest_regressor,description_length_chars,engagement_context,positive,64.33368193,12.51234235,76.84602428,quantile_directional_analysis,RF/tree direction via directional analysis
videos,future_relative_views_delta_7d,random_forest_regressor,description_word_count,engagement_context,positive,66.23945777,10.79468203,77.0341398,quantile_directional_analysis,RF/tree direction via directional analysis
videos,future_relative_views_delta_7d,random_forest_regressor,engagement_rate,engagement_context,negative,-1.46546172,9.5241421,8.05868038,quantile_directional_analysis,RF/tree direction via directional analysis
videos,future_relative_views_delta_7d,random_forest_regressor,evergreen_score,engagement_context,positive,56.44981879,10.29117762,66.74099641,quantile_directional_analysis,RF/tree direction via directional analysis
videos,future_relative_views_delta_7d,random_forest_regressor,finance_semantic_score,semantic_scores,positive,56.58324397,10.10961532,66.69285929,quantile_directional_analysis,RF/tree direction via directional analysis
videos,future_relative_views_delta_7d,random_forest_regressor,has_ai_word,engagement_context,positive,6.02162994,10.46765512,16.48928506,quantile_directional_analysis,RF/tree direction via directional analysis
videos,future_relative_views_delta_7d,random_forest_regressor,has_finance_word,engagement_context,positive,56.58324397,10.10961532,66.69285929,quantile_directional_analysis,RF/tree direction via directional analysis
videos,future_relative_views_delta_7d,random_forest_regressor,has_number,engagement_context,positive,63.65870281,10.6622985,74.32100131,quantile_directional_analysis,RF/tree direction via directional analysis
videos,future_relative_views_delta_7d,random_forest_regressor,has_question,engagement_context,positive,1.63099611,7.74401008,9.37500619,quantile_directional_analysis,RF/tree direction via directional analysis
videos,future_relative_views_delta_7d,random_forest_regressor,hybrid_decision_score,model_decision,positive,77.44604942,6.44378854,83.88983795,quantile_directional_analysis,RF/tree direction via directional analysis
videos,future_relative_views_delta_7d,random_forest_regressor,metadata_changed,metadata,positive,65.7630146,10.30127049,76.0642851,quantile_directional_analysis,RF/tree direction via directional analysis
videos,future_relative_views_delta_7d,random_forest_regressor,metric_confidence_score,engagement_context,positive,62.06305474,6.73564895,68.79870369,quantile_directional_analysis,RF/tree direction via directional analysis
videos,future_relative_views_delta_7d,random_forest_regressor,news_semantic_score,semantic_scores,positive,57.02905113,10.31458869,67.34363982,quantile_directional_analysis,RF/tree direction via directional analysis
videos,future_relative_views_delta_7d,random_forest_regressor,opportunity_score,engagement_context,positive,98.05963004,3.39063311,101.45026315,quantile_directional_analysis,RF/tree direction via directional analysis
videos,future_relative_views_delta_7d,random_forest_regressor,packaging_problem_score,engagement_context,negative,-15.26129122,19.2681238,4.00683258,quantile_directional_analysis,RF/tree direction via directional analysis
videos,future_relative_views_delta_7d,random_forest_regressor,productivity_semantic_score,semantic_scores,positive,59.79344156,10.29117762,70.08461918,quantile_directional_analysis,RF/tree direction via directional analysis
videos,future_relative_views_delta_7d,random_forest_regressor,promise_semantic_score,semantic_scores,positive,59.3359829,10.10294477,69.43892767,quantile_directional_analysis,RF/tree direction via directional analysis
videos,future_relative_views_delta_7d,random_forest_regressor,semantic_cluster_id,semantic_cluster,negative,-12.53315211,21.65485332,9.12170121,quantile_directional_analysis,RF/tree direction via directional analysis
videos,future_relative_views_delta_7d,random_forest_regressor,title_has_currency,title_style,positive,64.68399483,10.29117762,74.97517245,quantile_directional_analysis,RF/tree direction via directional analysis
videos,future_relative_views_delta_7d,random_forest_regressor,title_has_number,title_style,positive,63.65870281,10.6622985,74.32100131,quantile_directional_analysis,RF/tree direction via directional analysis
videos,future_relative_views_delta_7d,random_forest_regressor,title_has_question,title_style,positive,1.63099611,7.74401008,9.37500619,quantile_directional_analysis,RF/tree direction via directional analysis
videos,future_relative_views_delta_7d,random_forest_regressor,title_has_year,title_style,positive,58.67536912,9.61900789,68.29437702,quantile_directional_analysis,RF/tree direction via directional analysis
videos,future_relative_views_delta_7d,random_forest_regressor,title_length_chars,title_style,positive,64.33368193,12.51234235,76.84602428,quantile_directional_analysis,RF/tree direction via directional analysis
videos,future_relative_views_delta_7d,random_forest_regressor,title_word_count,title_style,positive,66.23945777,10.79468203,77.0341398,quantile_directional_analysis,RF/tree direction via directional analysis
videos,future_relative_views_delta_7d,random_forest_regressor,topic_confidence,topic_metrics,positive,61.29753416,10.27077397,71.56830813,quantile_directional_analysis,RF/tree direction via directional analysis
videos,future_relative_views_delta_7d,random_forest_regressor,topic_opportunity_score,topic_metrics,positive,2.28525821,9.53302454,11.81828274,quantile_directional_analysis,RF/tree direction via directional analysis
videos,future_relative_views_delta_7d,random_forest_regressor,topic_saturation_score,topic_metrics,positive,2.90519705,8.9130857,11.81828274,quantile_directional_analysis,RF/tree direction via directional analysis
videos,future_relative_views_delta_7d,random_forest_regressor,trend_burst_score,engagement_context,positive,62.21156655,9.47870954,71.69027609,quantile_directional_analysis,RF/tree direction via directional analysis
videos,future_relative_views_delta_7d,random_forest_regressor,tutorial_semantic_score,semantic_scores,positive,56.26909759,9.99467434,66.26377193,quantile_directional_analysis,RF/tree direction via directional analysis
videos,future_relative_views_delta_7d,random_forest_regressor,urgency_semantic_score,semantic_scores,positive,58.78749809,10.28915892,69.076657,quantile_directional_analysis,RF/tree direction via directional analysis
videos,future_relative_views_delta_7d,random_forest_regressor,views_delta,engagement_context,positive,90.58898611,3.66934545,94.25833156,quantile_directional_analysis,RF/tree direction via directional analysis
videos,future_relative_views_delta_7d,random_forest_regressor,warning_semantic_score,semantic_scores,positive,58.51987521,10.26256174,68.78243695,quantile_directional_analysis,RF/tree direction via directional analysis
videos,future_relative_views_delta_7d,random_forest_regressor,hook_semantic_type__ai,title_style,positive,69.06737654,10.34067149,79.40804803,quantile_directional_analysis,RF/tree direction via directional analysis
videos,future_relative_views_delta_7d,random_forest_regressor,hook_semantic_type__curiosity,title_style,positive,55.47130279,11.57911859,67.05042138,quantile_directional_analysis,RF/tree direction via directional analysis
videos,future_relative_views_delta_7d,random_forest_regressor,hook_semantic_type__finance,title_style,positive,56.64133967,10.29117762,66.93251729,quantile_directional_analysis,RF/tree direction via directional analysis
videos,future_relative_views_delta_7d,random_forest_regressor,hook_semantic_type__news,title_style,positive,57.09416577,10.31458869,67.40875446,quantile_directional_analysis,RF/tree direction via directional analysis
videos,future_relative_views_delta_7d,random_forest_regressor,hook_semantic_type__promise,title_style,positive,56.67536051,10.10294477,66.77830529,quantile_directional_analysis,RF/tree direction via directional analysis
videos,future_relative_views_delta_7d,random_forest_regressor,hook_semantic_type__tutorial,title_style,positive,56.06918883,10.1795925,66.24878133,quantile_directional_analysis,RF/tree direction via directional analysis
videos,future_relative_views_delta_7d,random_forest_regressor,hook_semantic_type__unknown,title_style,positive,2.40210753,7.19381519,9.59592272,quantile_directional_analysis,RF/tree direction via directional analysis
videos,future_relative_views_delta_7d,random_forest_regressor,hook_semantic_type__warning,title_style,positive,58.54729101,10.27259187,68.81988288,quantile_directional_analysis,RF/tree direction via directional analysis
videos,future_relative_views_delta_7d,random_forest_regressor,semantic_cluster_label__de_de_mayo_mayo,semantic_cluster,positive,64.67243358,10.30158325,74.97401683,quantile_directional_analysis,RF/tree direction via directional analysis
videos,future_relative_views_delta_7d,random_forest_regressor,semantic_cluster_label__de_en_el,semantic_cluster,positive,61.73545966,10.42380974,72.1592694,quantile_directional_analysis,RF/tree direction via directional analysis
videos,future_relative_views_delta_7d,random_forest_regressor,semantic_cluster_label__in_the_xi,semantic_cluster,positive,56.25156063,10.30792582,66.55948645,quantile_directional_analysis,RF/tree direction via directional analysis
videos,future_relative_views_delta_7d,random_forest_regressor,semantic_cluster_label__la_de_de_la,semantic_cluster,positive,0.17593278,11.43263536,11.60856814,quantile_directional_analysis,RF/tree direction via directional analysis
videos,future_relative_views_delta_7d,random_forest_regressor,semantic_cluster_label__the_of_is,semantic_cluster,positive,11.9890846,7.50739595,19.49648055,quantile_directional_analysis,RF/tree direction via directional analysis
videos,future_relative_views_delta_7d,random_forest_regressor,semantic_cluster_label__to_iran_trump,semantic_cluster,positive,56.05492498,10.29117762,66.3461026,quantile_directional_analysis,RF/tree direction via directional analysis
videos,future_relative_views_delta_7d,random_forest_regressor,topic_primary__ai_tools,topic_metrics,positive,68.53180455,10.44287432,78.97467887,quantile_directional_analysis,RF/tree direction via directional analysis
videos,future_relative_views_delta_7d,random_forest_regressor,topic_primary__finance_personal,topic_metrics,positive,56.64133967,10.29117762,66.93251729,quantile_directional_analysis,RF/tree direction via directional analysis
videos,future_relative_views_delta_7d,random_forest_regressor,topic_primary__news_trends,topic_metrics,positive,57.09416577,10.31458869,67.40875446,quantile_directional_analysis,RF/tree direction via directional analysis
videos,future_relative_views_delta_7d,random_forest_regressor,topic_primary__productivity,topic_metrics,positive,59.79344156,10.29117762,70.08461918,quantile_directional_analysis,RF/tree direction via directional analysis
videos,future_relative_views_delta_7d,random_forest_regressor,topic_primary__tutorial,topic_metrics,positive,56.26909759,9.99467434,66.26377193,quantile_directional_analysis,RF/tree direction via directional analysis
videos,future_relative_views_delta_7d,random_forest_regressor,topic_primary__unknown,topic_metrics,negative,-5.36982233,17.18810507,11.81828274,quantile_directional_analysis,RF/tree direction via directional analysis
videos,future_relative_views_delta_7d,random_forest_regressor,topic_secondary__ai_tools,topic_metrics,positive,57.06253143,10.20964354,67.27217498,quantile_directional_analysis,RF/tree direction via directional analysis
videos,future_relative_views_delta_7d,random_forest_regressor,topic_secondary__finance_personal,topic_metrics,positive,57.20020845,10.10625946,67.3064679,quantile_directional_analysis,RF/tree direction via directional analysis
videos,future_relative_views_delta_7d,random_forest_regressor,topic_secondary__news_trends,topic_metrics,positive,64.68134979,10.29117762,74.97252741,quantile_directional_analysis,RF/tree direction via directional analysis
videos,future_relative_views_delta_7d,random_forest_regressor,topic_secondary__tutorial,topic_metrics,positive,64.68399483,10.29117762,74.97517245,quantile_directional_analysis,RF/tree direction via directional analysis
videos,future_relative_views_delta_7d,random_forest_regressor,topic_secondary__unknown,topic_metrics,negative,-52.03235361,68.14997907,16.11762546,quantile_directional_analysis,RF/tree direction via directional analysis
videos,future_relative_views_delta_7d,linear_regularized_regressor,ai_semantic_score,semantic_scores,negative,0.14055157,0.0,0.0,coefficient_sign,Linear direction via coefficient sign
videos,future_relative_views_delta_7d,linear_regularized_regressor,alpha_score,engagement_context,negative,27.47708277,0.0,0.0,coefficient_sign,Linear direction via coefficient sign
videos,future_relative_views_delta_7d,linear_regularized_regressor,channel_momentum_score,channel_context,positive,1.9226679,0.0,0.0,coefficient_sign,Linear direction via coefficient sign
videos,future_relative_views_delta_7d,linear_regularized_regressor,channel_relative_success_score,channel_context,positive,32.8987796,0.0,0.0,coefficient_sign,Linear direction via coefficient sign
videos,future_relative_views_delta_7d,linear_regularized_regressor,curiosity_semantic_score,semantic_scores,negative,18.18881565,0.0,0.0,coefficient_sign,Linear direction via coefficient sign
videos,future_relative_views_delta_7d,linear_regularized_regressor,decision_score,model_decision,negative,16.97355386,0.0,0.0,coefficient_sign,Linear direction via coefficient sign
videos,future_relative_views_delta_7d,linear_regularized_regressor,description_length_chars,engagement_context,negative,6.64808372,0.0,0.0,coefficient_sign,Linear direction via coefficient sign
videos,future_relative_views_delta_7d,linear_regularized_regressor,description_word_count,engagement_context,positive,15.52157563,0.0,0.0,coefficient_sign,Linear direction via coefficient sign
videos,future_relative_views_delta_7d,linear_regularized_regressor,engagement_rate,engagement_context,negative,4.34893448,0.0,0.0,coefficient_sign,Linear direction via coefficient sign
videos,future_relative_views_delta_7d,linear_regularized_regressor,evergreen_score,engagement_context,negative,1.88811812,0.0,0.0,coefficient_sign,Linear direction via coefficient sign
videos,future_relative_views_delta_7d,linear_regularized_regressor,finance_semantic_score,semantic_scores,positive,54.86925433,0.0,0.0,coefficient_sign,Linear direction via coefficient sign
videos,future_relative_views_delta_7d,linear_regularized_regressor,has_ai_word,engagement_context,negative,5.929869,0.0,0.0,coefficient_sign,Linear direction via coefficient sign
videos,future_relative_views_delta_7d,linear_regularized_regressor,has_finance_word,engagement_context,negative,1.82425499,0.0,0.0,coefficient_sign,Linear direction via coefficient sign
videos,future_relative_views_delta_7d,linear_regularized_regressor,has_number,engagement_context,positive,4.28325646,0.0,0.0,coefficient_sign,Linear direction via coefficient sign
videos,future_relative_views_delta_7d,linear_regularized_regressor,has_question,engagement_context,negative,78.53370315,0.0,0.0,coefficient_sign,Linear direction via coefficient sign
videos,future_relative_views_delta_7d,linear_regularized_regressor,hybrid_decision_score,model_decision,positive,15.57985772,0.0,0.0,coefficient_sign,Linear direction via coefficient sign
videos,future_relative_views_delta_7d,linear_regularized_regressor,metadata_changed,metadata,positive,2.80850085,0.0,0.0,coefficient_sign,Linear direction via coefficient sign
videos,future_relative_views_delta_7d,linear_regularized_regressor,metric_confidence_score,engagement_context,positive,16.2555509,0.0,0.0,coefficient_sign,Linear direction via coefficient sign
videos,future_relative_views_delta_7d,linear_regularized_regressor,news_semantic_score,semantic_scores,positive,12.43513325,0.0,0.0,coefficient_sign,Linear direction via coefficient sign
videos,future_relative_views_delta_7d,linear_regularized_regressor,opportunity_score,engagement_context,positive,11.39826759,0.0,0.0,coefficient_sign,Linear direction via coefficient sign
videos,future_relative_views_delta_7d,linear_regularized_regressor,packaging_problem_score,engagement_context,negative,3.15950939,0.0,0.0,coefficient_sign,Linear direction via coefficient sign
videos,future_relative_views_delta_7d,linear_regularized_regressor,productivity_semantic_score,semantic_scores,negative,11.02707015,0.0,0.0,coefficient_sign,Linear direction via coefficient sign
videos,future_relative_views_delta_7d,linear_regularized_regressor,promise_semantic_score,semantic_scores,negative,0.5783468,0.0,0.0,coefficient_sign,Linear direction via coefficient sign
videos,future_relative_views_delta_7d,linear_regularized_regressor,semantic_cluster_id,semantic_cluster,positive,12.09635384,0.0,0.0,coefficient_sign,Linear direction via coefficient sign
videos,future_relative_views_delta_7d,linear_regularized_regressor,title_has_currency,title_style,negative,2.58714552,0.0,0.0,coefficient_sign,Linear direction via coefficient sign
videos,future_relative_views_delta_7d,linear_regularized_regressor,title_has_number,title_style,positive,4.28325646,0.0,0.0,coefficient_sign,Linear direction via coefficient sign
videos,future_relative_views_delta_7d,linear_regularized_regressor,title_has_question,title_style,positive,77.36143034,0.0,0.0,coefficient_sign,Linear direction via coefficient sign
videos,future_relative_views_delta_7d,linear_regularized_regressor,title_has_year,title_style,negative,6.08119925,0.0,0.0,coefficient_sign,Linear direction via coefficient sign
videos,future_relative_views_delta_7d,linear_regularized_regressor,title_length_chars,title_style,negative,6.64808372,0.0,0.0,coefficient_sign,Linear direction via coefficient sign
videos,future_relative_views_delta_7d,linear_regularized_regressor,title_word_count,title_style,positive,15.52157563,0.0,0.0,coefficient_sign,Linear direction via coefficient sign
videos,future_relative_views_delta_7d,linear_regularized_regressor,topic_confidence,topic_metrics,negative,43.33727125,0.0,0.0,coefficient_sign,Linear direction via coefficient sign
videos,future_relative_views_delta_7d,linear_regularized_regressor,topic_opportunity_score,topic_metrics,positive,1.5803874,0.0,0.0,coefficient_sign,Linear direction via coefficient sign
videos,future_relative_views_delta_7d,linear_regularized_regressor,topic_saturation_score,topic_metrics,negative,74.60078523,0.0,0.0,coefficient_sign,Linear direction via coefficient sign
videos,future_relative_views_delta_7d,linear_regularized_regressor,trend_burst_score,engagement_context,positive,2.62046851,0.0,0.0,coefficient_sign,Linear direction via coefficient sign
videos,future_relative_views_delta_7d,linear_regularized_regressor,tutorial_semantic_score,semantic_scores,positive,104.77471373,0.0,0.0,coefficient_sign,Linear direction via coefficient sign
videos,future_relative_views_delta_7d,linear_regularized_regressor,urgency_semantic_score,semantic_scores,negative,8.01565522,0.0,0.0,coefficient_sign,Linear direction via coefficient sign
videos,future_relative_views_delta_7d,linear_regularized_regressor,views_delta,engagement_context,positive,6.83552412,0.0,0.0,coefficient_sign,Linear direction via coefficient sign
videos,future_relative_views_delta_7d,linear_regularized_regressor,warning_semantic_score,semantic_scores,positive,1.98939141,0.0,0.0,coefficient_sign,Linear direction via coefficient sign
videos,future_relative_views_delta_7d,linear_regularized_regressor,hook_semantic_type__ai,title_style,positive,24.36738613,0.0,0.0,coefficient_sign,Linear direction via coefficient sign
videos,future_relative_views_delta_7d,linear_regularized_regressor,hook_semantic_type__curiosity,title_style,positive,16.50891383,0.0,0.0,coefficient_sign,Linear direction via coefficient sign
videos,future_relative_views_delta_7d,linear_regularized_regressor,hook_semantic_type__finance,title_style,negative,1.00174628,0.0,0.0,coefficient_sign,Linear direction via coefficient sign
videos,future_relative_views_delta_7d,linear_regularized_regressor,hook_semantic_type__news,title_style,negative,10.73929751,0.0,0.0,coefficient_sign,Linear direction via coefficient sign
videos,future_relative_views_delta_7d,linear_regularized_regressor,hook_semantic_type__promise,title_style,negative,0.20744936,0.0,0.0,coefficient_sign,Linear direction via coefficient sign
videos,future_relative_views_delta_7d,linear_regularized_regressor,hook_semantic_type__tutorial,title_style,positive,19.91142419,0.0,0.0,coefficient_sign,Linear direction via coefficient sign
videos,future_relative_views_delta_7d,linear_regularized_regressor,hook_semantic_type__unknown,title_style,positive,0.39541972,0.0,0.0,coefficient_sign,Linear direction via coefficient sign
videos,future_relative_views_delta_7d,linear_regularized_regressor,hook_semantic_type__warning,title_style,positive,0.4917342,0.0,0.0,coefficient_sign,Linear direction via coefficient sign
videos,future_relative_views_delta_7d,linear_regularized_regressor,semantic_cluster_label__de_de_mayo_mayo,semantic_cluster,mixed,0.0,0.0,0.0,coefficient_sign,Linear direction via coefficient sign
videos,future_relative_views_delta_7d,linear_regularized_regressor,semantic_cluster_label__de_en_el,semantic_cluster,positive,16.41216649,0.0,0.0,coefficient_sign,Linear direction via coefficient sign
videos,future_relative_views_delta_7d,linear_regularized_regressor,semantic_cluster_label__in_the_xi,semantic_cluster,negative,0.87891032,0.0,0.0,coefficient_sign,Linear direction via coefficient sign
videos,future_relative_views_delta_7d,linear_regularized_regressor,semantic_cluster_label__la_de_de_la,semantic_cluster,positive,3.03902423,0.0,0.0,coefficient_sign,Linear direction via coefficient sign
videos,future_relative_views_delta_7d,linear_regularized_regressor,semantic_cluster_label__the_of_is,semantic_cluster,positive,17.53362303,0.0,0.0,coefficient_sign,Linear direction via coefficient sign
videos,future_relative_views_delta_7d,linear_regularized_regressor,semantic_cluster_label__to_iran_trump,semantic_cluster,negative,3.57380671,0.0,0.0,coefficient_sign,Linear direction via coefficient sign
videos,future_relative_views_delta_7d,linear_regularized_regressor,topic_primary__ai_tools,topic_metrics,positive,47.88469621,0.0,0.0,coefficient_sign,Linear direction via coefficient sign
videos,future_relative_views_delta_7d,linear_regularized_regressor,topic_primary__finance_personal,topic_metrics,negative,55.77557533,0.0,0.0,coefficient_sign,Linear direction via coefficient sign
videos,future_relative_views_delta_7d,linear_regularized_regressor,topic_primary__news_trends,topic_metrics,positive,9.84096817,0.0,0.0,coefficient_sign,Linear direction via coefficient sign
videos,future_relative_views_delta_7d,linear_regularized_regressor,topic_primary__productivity,topic_metrics,negative,11.02707015,0.0,0.0,coefficient_sign,Linear direction via coefficient sign
videos,future_relative_views_delta_7d,linear_regularized_regressor,topic_primary__tutorial,topic_metrics,negative,105.73370964,0.0,0.0,coefficient_sign,Linear direction via coefficient sign
videos,future_relative_views_delta_7d,linear_regularized_regressor,topic_primary__unknown,topic_metrics,positive,52.47986431,0.0,0.0,coefficient_sign,Linear direction via coefficient sign
videos,future_relative_views_delta_7d,linear_regularized_regressor,topic_secondary__ai_tools,topic_metrics,positive,31.58940242,0.0,0.0,coefficient_sign,Linear direction via coefficient sign
videos,future_relative_views_delta_7d,linear_regularized_regressor,topic_secondary__finance_personal,topic_metrics,positive,8.19454388,0.0,0.0,coefficient_sign,Linear direction via coefficient sign
videos,future_relative_views_delta_7d,linear_regularized_regressor,topic_secondary__news_trends,topic_metrics,positive,11.22867435,0.0,0.0,coefficient_sign,Linear direction via coefficient sign
videos,future_relative_views_delta_7d,linear_regularized_regressor,topic_secondary__tutorial,topic_metrics,negative,17.6756513,0.0,0.0,coefficient_sign,Linear direction via coefficient sign
videos,future_relative_views_delta_7d,linear_regularized_regressor,topic_secondary__unknown,topic_metrics,positive,47.70825544,0.0,0.0,coefficient_sign,Linear direction via coefficient sign
videos,future_relative_views_delta_7d,shallow_tree_regressor,ai_semantic_score,semantic_scores,positive,82.55172151,11.15164899,93.7033705,quantile_directional_analysis,RF/tree direction via directional analysis
videos,future_relative_views_delta_7d,shallow_tree_regressor,alpha_score,engagement_context,positive,91.33902311,11.44725937,102.78628248,quantile_directional_analysis,RF/tree direction via directional analysis
videos,future_relative_views_delta_7d,shallow_tree_regressor,channel_momentum_score,channel_context,positive,75.0556011,12.054467,87.1100681,quantile_directional_analysis,RF/tree direction via directional analysis
videos,future_relative_views_delta_7d,shallow_tree_regressor,channel_relative_success_score,channel_context,positive,102.87099576,5.51125989,108.38225565,quantile_directional_analysis,RF/tree direction via directional analysis
videos,future_relative_views_delta_7d,shallow_tree_regressor,curiosity_semantic_score,semantic_scores,positive,71.94062467,11.22875494,83.16937962,quantile_directional_analysis,RF/tree direction via directional analysis
videos,future_relative_views_delta_7d,shallow_tree_regressor,decision_score,model_decision,positive,62.20615591,19.94711529,82.1532712,quantile_directional_analysis,RF/tree direction via directional analysis
videos,future_relative_views_delta_7d,shallow_tree_regressor,description_length_chars,engagement_context,positive,82.33195532,11.97084722,94.30280254,quantile_directional_analysis,RF/tree direction via directional analysis
videos,future_relative_views_delta_7d,shallow_tree_regressor,description_word_count,engagement_context,positive,84.48910158,9.81370096,94.30280254,quantile_directional_analysis,RF/tree direction via directional analysis
videos,future_relative_views_delta_7d,shallow_tree_regressor,engagement_rate,engagement_context,negative,-9.66616983,16.50646661,6.84029678,quantile_directional_analysis,RF/tree direction via directional analysis
videos,future_relative_views_delta_7d,shallow_tree_regressor,evergreen_score,engagement_context,positive,72.65967343,10.50970619,83.16937962,quantile_directional_analysis,RF/tree direction via directional analysis
videos,future_relative_views_delta_7d,shallow_tree_regressor,finance_semantic_score,semantic_scores,positive,72.65967343,10.50970619,83.16937962,quantile_directional_analysis,RF/tree direction via directional analysis
videos,future_relative_views_delta_7d,shallow_tree_regressor,has_ai_word,engagement_context,positive,3.96811404,11.08494519,15.05305923,quantile_directional_analysis,RF/tree direction via directional analysis
videos,future_relative_views_delta_7d,shallow_tree_regressor,has_finance_word,engagement_context,positive,72.65967343,10.50970619,83.16937962,quantile_directional_analysis,RF/tree direction via directional analysis
videos,future_relative_views_delta_7d,shallow_tree_regressor,has_number,engagement_context,positive,77.78520129,10.94113544,88.72633673,quantile_directional_analysis,RF/tree direction via directional analysis
videos,future_relative_views_delta_7d,shallow_tree_regressor,has_question,engagement_context,positive,2.37433802,7.91739277,10.29173079,quantile_directional_analysis,RF/tree direction via directional analysis
videos,future_relative_views_delta_7d,shallow_tree_regressor,hybrid_decision_score,model_decision,positive,80.30708569,13.89202513,94.19911081,quantile_directional_analysis,RF/tree direction via directional analysis
videos,future_relative_views_delta_7d,shallow_tree_regressor,metadata_changed,metadata,positive,80.97859743,10.50970619,91.48830362,quantile_directional_analysis,RF/tree direction via directional analysis
videos,future_relative_views_delta_7d,shallow_tree_regressor,metric_confidence_score,engagement_context,positive,80.56235139,8.86779365,89.43014504,quantile_directional_analysis,RF/tree direction via directional analysis
videos,future_relative_views_delta_7d,shallow_tree_regressor,news_semantic_score,semantic_scores,positive,73.09110268,10.50970619,83.60080887,quantile_directional_analysis,RF/tree direction via directional analysis
videos,future_relative_views_delta_7d,shallow_tree_regressor,opportunity_score,engagement_context,positive,93.78378887,11.44725937,105.23104824,quantile_directional_analysis,RF/tree direction via directional analysis
videos,future_relative_views_delta_7d,shallow_tree_regressor,packaging_problem_score,engagement_context,negative,-17.72473893,23.23599882,5.51125989,quantile_directional_analysis,RF/tree direction via directional analysis
videos,future_relative_views_delta_7d,shallow_tree_regressor,productivity_semantic_score,semantic_scores,positive,76.97396594,10.50970619,87.48367214,quantile_directional_analysis,RF/tree direction via directional analysis
videos,future_relative_views_delta_7d,shallow_tree_regressor,promise_semantic_score,semantic_scores,positive,75.10443919,10.50970619,85.61414538,quantile_directional_analysis,RF/tree direction via directional analysis
videos,future_relative_views_delta_7d,shallow_tree_regressor,semantic_cluster_id,semantic_cluster,negative,-9.43462859,21.38521279,11.9505842,quantile_directional_analysis,RF/tree direction via directional analysis
videos,future_relative_views_delta_7d,shallow_tree_regressor,title_has_currency,title_style,positive,80.08147296,10.50970619,90.59117915,quantile_directional_analysis,RF/tree direction via directional analysis
videos,future_relative_views_delta_7d,shallow_tree_regressor,title_has_number,title_style,positive,77.78520129,10.94113544,88.72633673,quantile_directional_analysis,RF/tree direction via directional analysis
videos,future_relative_views_delta_7d,shallow_tree_regressor,title_has_question,title_style,positive,2.37433802,7.91739277,10.29173079,quantile_directional_analysis,RF/tree direction via directional analysis
videos,future_relative_views_delta_7d,shallow_tree_regressor,title_has_year,title_style,positive,74.09777093,10.22208669,84.31985762,quantile_directional_analysis,RF/tree direction via directional analysis
videos,future_relative_views_delta_7d,shallow_tree_regressor,title_length_chars,title_style,positive,82.33195532,11.97084722,94.30280254,quantile_directional_analysis,RF/tree direction via directional analysis
videos,future_relative_views_delta_7d,shallow_tree_regressor,title_word_count,title_style,positive,84.48910158,9.81370096,94.30280254,quantile_directional_analysis,RF/tree direction via directional analysis
videos,future_relative_views_delta_7d,shallow_tree_regressor,topic_confidence,topic_metrics,positive,75.88143284,11.15164899,87.03308183,quantile_directional_analysis,RF/tree direction via directional analysis
videos,future_relative_views_delta_7d,shallow_tree_regressor,topic_opportunity_score,topic_metrics,positive,3.14972556,10.29545473,13.44518029,quantile_directional_analysis,RF/tree direction via directional analysis
videos,future_relative_views_delta_7d,shallow_tree_regressor,topic_saturation_score,topic_metrics,positive,3.00591581,10.43926448,13.44518029,quantile_directional_analysis,RF/tree direction via directional analysis
videos,future_relative_views_delta_7d,shallow_tree_regressor,trend_burst_score,engagement_context,positive,78.00353189,9.93446719,87.93799908,quantile_directional_analysis,RF/tree direction via directional analysis
videos,future_relative_views_delta_7d,shallow_tree_regressor,tutorial_semantic_score,semantic_scores,positive,72.94729293,10.36589644,83.31318937,quantile_directional_analysis,RF/tree direction via directional analysis
videos,future_relative_views_delta_7d,shallow_tree_regressor,urgency_semantic_score,semantic_scores,positive,74.42013957,10.50970619,84.92984576,quantile_directional_analysis,RF/tree direction via directional analysis
videos,future_relative_views_delta_7d,shallow_tree_regressor,views_delta,engagement_context,positive,92.88750786,9.32725955,102.21476741,quantile_directional_analysis,RF/tree direction via directional analysis
videos,future_relative_views_delta_7d,shallow_tree_regressor,warning_semantic_score,semantic_scores,positive,75.10443919,10.50970619,85.61414538,quantile_directional_analysis,RF/tree direction via directional analysis
videos,future_relative_views_delta_7d,shallow_tree_regressor,hook_semantic_type__ai,title_style,positive,81.97648251,11.29545874,93.27194125,quantile_directional_analysis,RF/tree direction via directional analysis
videos,future_relative_views_delta_7d,shallow_tree_regressor,hook_semantic_type__curiosity,title_style,positive,71.94062467,11.22875494,83.16937962,quantile_directional_analysis,RF/tree direction via directional analysis
videos,future_relative_views_delta_7d,shallow_tree_regressor,hook_semantic_type__finance,title_style,positive,72.65967343,10.50970619,83.16937962,quantile_directional_analysis,RF/tree direction via directional analysis
videos,future_relative_views_delta_7d,shallow_tree_regressor,hook_semantic_type__news,title_style,positive,73.09110268,10.50970619,83.60080887,quantile_directional_analysis,RF/tree direction via directional analysis
videos,future_relative_views_delta_7d,shallow_tree_regressor,hook_semantic_type__promise,title_style,positive,72.65967343,10.50970619,83.16937962,quantile_directional_analysis,RF/tree direction via directional analysis
videos,future_relative_views_delta_7d,shallow_tree_regressor,hook_semantic_type__tutorial,title_style,positive,72.94729293,10.36589644,83.31318937,quantile_directional_analysis,RF/tree direction via directional analysis
videos,future_relative_views_delta_7d,shallow_tree_regressor,hook_semantic_type__unknown,title_style,positive,3.36172554,7.85068897,11.21241451,quantile_directional_analysis,RF/tree direction via directional analysis
videos,future_relative_views_delta_7d,shallow_tree_regressor,hook_semantic_type__warning,title_style,positive,75.10443919,10.50970619,85.61414538,quantile_directional_analysis,RF/tree direction via directional analysis
videos,future_relative_views_delta_7d,shallow_tree_regressor,semantic_cluster_label__de_de_mayo_mayo,semantic_cluster,positive,80.08147296,10.50970619,90.59117915,quantile_directional_analysis,RF/tree direction via directional analysis
videos,future_relative_views_delta_7d,shallow_tree_regressor,semantic_cluster_label__de_en_el,semantic_cluster,positive,76.02006478,10.4006316,86.42069638,quantile_directional_analysis,RF/tree direction via directional analysis
videos,future_relative_views_delta_7d,shallow_tree_regressor,semantic_cluster_label__in_the_xi,semantic_cluster,positive,72.65967343,10.50970619,83.16937962,quantile_directional_analysis,RF/tree direction via directional analysis
videos,future_relative_views_delta_7d,shallow_tree_regressor,semantic_cluster_label__la_de_de_la,semantic_cluster,positive,0.57801951,11.37256469,11.9505842,quantile_directional_analysis,RF/tree direction via directional analysis
videos,future_relative_views_delta_7d,shallow_tree_regressor,semantic_cluster_label__the_of_is,semantic_cluster,positive,12.29596961,8.74551611,21.04148572,quantile_directional_analysis,RF/tree direction via directional analysis
videos,future_relative_views_delta_7d,shallow_tree_regressor,semantic_cluster_label__to_iran_trump,semantic_cluster,positive,72.65967343,10.50970619,83.16937962,quantile_directional_analysis,RF/tree direction via directional analysis
videos,future_relative_views_delta_7d,shallow_tree_regressor,topic_primary__ai_tools,topic_metrics,positive,81.97648251,11.29545874,93.27194125,quantile_directional_analysis,RF/tree direction via directional analysis
videos,future_relative_views_delta_7d,shallow_tree_regressor,topic_primary__finance_personal,topic_metrics,positive,72.65967343,10.50970619,83.16937962,quantile_directional_analysis,RF/tree direction via directional analysis
videos,future_relative_views_delta_7d,shallow_tree_regressor,topic_primary__news_trends,topic_metrics,positive,73.09110268,10.50970619,83.60080887,quantile_directional_analysis,RF/tree direction via directional analysis
videos,future_relative_views_delta_7d,shallow_tree_regressor,topic_primary__productivity,topic_metrics,positive,76.97396594,10.50970619,87.48367214,quantile_directional_analysis,RF/tree direction via directional analysis
videos,future_relative_views_delta_7d,shallow_tree_regressor,topic_primary__tutorial,topic_metrics,positive,72.94729293,10.36589644,83.31318937,quantile_directional_analysis,RF/tree direction via directional analysis
videos,future_relative_views_delta_7d,shallow_tree_regressor,topic_primary__unknown,topic_metrics,negative,-3.37675336,16.82193365,13.44518029,quantile_directional_analysis,RF/tree direction via directional analysis
videos,future_relative_views_delta_7d,shallow_tree_regressor,topic_secondary__ai_tools,topic_metrics,positive,73.37872218,10.36589644,83.74461862,quantile_directional_analysis,RF/tree direction via directional analysis
videos,future_relative_views_delta_7d,shallow_tree_regressor,topic_secondary__finance_personal,topic_metrics,positive,73.23491243,10.50970619,83.74461862,quantile_directional_analysis,RF/tree direction via directional analysis
videos,future_relative_views_delta_7d,shallow_tree_regressor,topic_secondary__news_trends,topic_metrics,positive,80.08147296,10.50970619,90.59117915,quantile_directional_analysis,RF/tree direction via directional analysis
videos,future_relative_views_delta_7d,shallow_tree_regressor,topic_secondary__tutorial,topic_metrics,positive,80.08147296,10.50970619,90.59117915,quantile_directional_analysis,RF/tree direction via directional analysis
videos,future_relative_views_delta_7d,shallow_tree_regressor,topic_secondary__unknown,topic_metrics,negative,-67.97476211,84.75353835,16.77877624,quantile_directional_analysis,RF/tree direction via directional analysis
videos,future_engagement_delta_7d,random_forest_regressor,ai_semantic_score,semantic_scores,mixed,0.0,0.0,0.0,quantile_directional_analysis,RF/tree direction via directional analysis
videos,future_engagement_delta_7d,random_forest_regressor,alpha_score,engagement_context,mixed,0.0,0.0,0.0,quantile_directional_analysis,RF/tree direction via directional analysis
videos,future_engagement_delta_7d,random_forest_regressor,channel_momentum_score,channel_context,mixed,0.0,0.0,0.0,quantile_directional_analysis,RF/tree direction via directional analysis
videos,future_engagement_delta_7d,random_forest_regressor,channel_relative_success_score,channel_context,mixed,0.0,0.0,0.0,quantile_directional_analysis,RF/tree direction via directional analysis
videos,future_engagement_delta_7d,random_forest_regressor,curiosity_semantic_score,semantic_scores,mixed,0.0,0.0,0.0,quantile_directional_analysis,RF/tree direction via directional analysis
videos,future_engagement_delta_7d,random_forest_regressor,decision_score,model_decision,mixed,0.0,0.0,0.0,quantile_directional_analysis,RF/tree direction via directional analysis
videos,future_engagement_delta_7d,random_forest_regressor,description_length_chars,engagement_context,mixed,0.0,0.0,0.0,quantile_directional_analysis,RF/tree direction via directional analysis
videos,future_engagement_delta_7d,random_forest_regressor,description_word_count,engagement_context,mixed,0.0,0.0,0.0,quantile_directional_analysis,RF/tree direction via directional analysis
videos,future_engagement_delta_7d,random_forest_regressor,engagement_rate,engagement_context,mixed,0.0,0.0,0.0,quantile_directional_analysis,RF/tree direction via directional analysis
videos,future_engagement_delta_7d,random_forest_regressor,evergreen_score,engagement_context,mixed,0.0,0.0,0.0,quantile_directional_analysis,RF/tree direction via directional analysis
videos,future_engagement_delta_7d,random_forest_regressor,finance_semantic_score,semantic_scores,mixed,0.0,0.0,0.0,quantile_directional_analysis,RF/tree direction via directional analysis
videos,future_engagement_delta_7d,random_forest_regressor,has_ai_word,engagement_context,mixed,0.0,0.0,0.0,quantile_directional_analysis,RF/tree direction via directional analysis
videos,future_engagement_delta_7d,random_forest_regressor,has_finance_word,engagement_context,mixed,0.0,0.0,0.0,quantile_directional_analysis,RF/tree direction via directional analysis
videos,future_engagement_delta_7d,random_forest_regressor,has_number,engagement_context,mixed,0.0,0.0,0.0,quantile_directional_analysis,RF/tree direction via directional analysis
videos,future_engagement_delta_7d,random_forest_regressor,has_question,engagement_context,mixed,0.0,0.0,0.0,quantile_directional_analysis,RF/tree direction via directional analysis
videos,future_engagement_delta_7d,random_forest_regressor,hybrid_decision_score,model_decision,mixed,0.0,0.0,0.0,quantile_directional_analysis,RF/tree direction via directional analysis
videos,future_engagement_delta_7d,random_forest_regressor,metadata_changed,metadata,mixed,0.0,0.0,0.0,quantile_directional_analysis,RF/tree direction via directional analysis
videos,future_engagement_delta_7d,random_forest_regressor,metric_confidence_score,engagement_context,mixed,0.0,0.0,0.0,quantile_directional_analysis,RF/tree direction via directional analysis
videos,future_engagement_delta_7d,random_forest_regressor,news_semantic_score,semantic_scores,mixed,0.0,0.0,0.0,quantile_directional_analysis,RF/tree direction via directional analysis
videos,future_engagement_delta_7d,random_forest_regressor,opportunity_score,engagement_context,mixed,0.0,0.0,0.0,quantile_directional_analysis,RF/tree direction via directional analysis
videos,future_engagement_delta_7d,random_forest_regressor,packaging_problem_score,engagement_context,mixed,0.0,0.0,0.0,quantile_directional_analysis,RF/tree direction via directional analysis
videos,future_engagement_delta_7d,random_forest_regressor,productivity_semantic_score,semantic_scores,mixed,0.0,0.0,0.0,quantile_directional_analysis,RF/tree direction via directional analysis
videos,future_engagement_delta_7d,random_forest_regressor,promise_semantic_score,semantic_scores,mixed,0.0,0.0,0.0,quantile_directional_analysis,RF/tree direction via directional analysis
videos,future_engagement_delta_7d,random_forest_regressor,semantic_cluster_id,semantic_cluster,mixed,0.0,0.0,0.0,quantile_directional_analysis,RF/tree direction via directional analysis
videos,future_engagement_delta_7d,random_forest_regressor,title_has_currency,title_style,mixed,0.0,0.0,0.0,quantile_directional_analysis,RF/tree direction via directional analysis
videos,future_engagement_delta_7d,random_forest_regressor,title_has_number,title_style,mixed,0.0,0.0,0.0,quantile_directional_analysis,RF/tree direction via directional analysis
videos,future_engagement_delta_7d,random_forest_regressor,title_has_question,title_style,mixed,0.0,0.0,0.0,quantile_directional_analysis,RF/tree direction via directional analysis
videos,future_engagement_delta_7d,random_forest_regressor,title_has_year,title_style,mixed,0.0,0.0,0.0,quantile_directional_analysis,RF/tree direction via directional analysis
videos,future_engagement_delta_7d,random_forest_regressor,title_length_chars,title_style,mixed,0.0,0.0,0.0,quantile_directional_analysis,RF/tree direction via directional analysis
videos,future_engagement_delta_7d,random_forest_regressor,title_word_count,title_style,mixed,0.0,0.0,0.0,quantile_directional_analysis,RF/tree direction via directional analysis
videos,future_engagement_delta_7d,random_forest_regressor,topic_confidence,topic_metrics,mixed,0.0,0.0,0.0,quantile_directional_analysis,RF/tree direction via directional analysis
videos,future_engagement_delta_7d,random_forest_regressor,topic_opportunity_score,topic_metrics,mixed,0.0,0.0,0.0,quantile_directional_analysis,RF/tree direction via directional analysis
videos,future_engagement_delta_7d,random_forest_regressor,topic_saturation_score,topic_metrics,mixed,0.0,0.0,0.0,quantile_directional_analysis,RF/tree direction via directional analysis
videos,future_engagement_delta_7d,random_forest_regressor,trend_burst_score,engagement_context,mixed,0.0,0.0,0.0,quantile_directional_analysis,RF/tree direction via directional analysis
videos,future_engagement_delta_7d,random_forest_regressor,tutorial_semantic_score,semantic_scores,mixed,0.0,0.0,0.0,quantile_directional_analysis,RF/tree direction via directional analysis
videos,future_engagement_delta_7d,random_forest_regressor,urgency_semantic_score,semantic_scores,mixed,0.0,0.0,0.0,quantile_directional_analysis,RF/tree direction via directional analysis
videos,future_engagement_delta_7d,random_forest_regressor,views_delta,engagement_context,mixed,0.0,0.0,0.0,quantile_directional_analysis,RF/tree direction via directional analysis
videos,future_engagement_delta_7d,random_forest_regressor,warning_semantic_score,semantic_scores,mixed,0.0,0.0,0.0,quantile_directional_analysis,RF/tree direction via directional analysis
videos,future_engagement_delta_7d,random_forest_regressor,hook_semantic_type__ai,title_style,mixed,0.0,0.0,0.0,quantile_directional_analysis,RF/tree direction via directional analysis
videos,future_engagement_delta_7d,random_forest_regressor,hook_semantic_type__curiosity,title_style,mixed,0.0,0.0,0.0,quantile_directional_analysis,RF/tree direction via directional analysis
videos,future_engagement_delta_7d,random_forest_regressor,hook_semantic_type__finance,title_style,mixed,0.0,0.0,0.0,quantile_directional_analysis,RF/tree direction via directional analysis
videos,future_engagement_delta_7d,random_forest_regressor,hook_semantic_type__news,title_style,mixed,0.0,0.0,0.0,quantile_directional_analysis,RF/tree direction via directional analysis
videos,future_engagement_delta_7d,random_forest_regressor,hook_semantic_type__promise,title_style,mixed,0.0,0.0,0.0,quantile_directional_analysis,RF/tree direction via directional analysis
videos,future_engagement_delta_7d,random_forest_regressor,hook_semantic_type__tutorial,title_style,mixed,0.0,0.0,0.0,quantile_directional_analysis,RF/tree direction via directional analysis
videos,future_engagement_delta_7d,random_forest_regressor,hook_semantic_type__unknown,title_style,mixed,0.0,0.0,0.0,quantile_directional_analysis,RF/tree direction via directional analysis
videos,future_engagement_delta_7d,random_forest_regressor,hook_semantic_type__warning,title_style,mixed,0.0,0.0,0.0,quantile_directional_analysis,RF/tree direction via directional analysis
videos,future_engagement_delta_7d,random_forest_regressor,semantic_cluster_label__de_de_mayo_mayo,semantic_cluster,mixed,0.0,0.0,0.0,quantile_directional_analysis,RF/tree direction via directional analysis
videos,future_engagement_delta_7d,random_forest_regressor,semantic_cluster_label__de_en_el,semantic_cluster,mixed,0.0,0.0,0.0,quantile_directional_analysis,RF/tree direction via directional analysis
videos,future_engagement_delta_7d,random_forest_regressor,semantic_cluster_label__in_the_xi,semantic_cluster,mixed,0.0,0.0,0.0,quantile_directional_analysis,RF/tree direction via directional analysis
videos,future_engagement_delta_7d,random_forest_regressor,semantic_cluster_label__la_de_de_la,semantic_cluster,mixed,0.0,0.0,0.0,quantile_directional_analysis,RF/tree direction via directional analysis
videos,future_engagement_delta_7d,random_forest_regressor,semantic_cluster_label__the_of_is,semantic_cluster,mixed,0.0,0.0,0.0,quantile_directional_analysis,RF/tree direction via directional analysis
videos,future_engagement_delta_7d,random_forest_regressor,semantic_cluster_label__to_iran_trump,semantic_cluster,mixed,0.0,0.0,0.0,quantile_directional_analysis,RF/tree direction via directional analysis
videos,future_engagement_delta_7d,random_forest_regressor,topic_primary__ai_tools,topic_metrics,mixed,0.0,0.0,0.0,quantile_directional_analysis,RF/tree direction via directional analysis
videos,future_engagement_delta_7d,random_forest_regressor,topic_primary__finance_personal,topic_metrics,mixed,0.0,0.0,0.0,quantile_directional_analysis,RF/tree direction via directional analysis
videos,future_engagement_delta_7d,random_forest_regressor,topic_primary__news_trends,topic_metrics,mixed,0.0,0.0,0.0,quantile_directional_analysis,RF/tree direction via directional analysis
videos,future_engagement_delta_7d,random_forest_regressor,topic_primary__productivity,topic_metrics,mixed,0.0,0.0,0.0,quantile_directional_analysis,RF/tree direction via directional analysis
videos,future_engagement_delta_7d,random_forest_regressor,topic_primary__tutorial,topic_metrics,mixed,0.0,0.0,0.0,quantile_directional_analysis,RF/tree direction via directional analysis
videos,future_engagement_delta_7d,random_forest_regressor,topic_primary__unknown,topic_metrics,mixed,0.0,0.0,0.0,quantile_directional_analysis,RF/tree direction via directional analysis
videos,future_engagement_delta_7d,random_forest_regressor,topic_secondary__ai_tools,topic_metrics,mixed,0.0,0.0,0.0,quantile_directional_analysis,RF/tree direction via directional analysis
videos,future_engagement_delta_7d,random_forest_regressor,topic_secondary__finance_personal,topic_metrics,mixed,0.0,0.0,0.0,quantile_directional_analysis,RF/tree direction via directional analysis
videos,future_engagement_delta_7d,random_forest_regressor,topic_secondary__news_trends,topic_metrics,mixed,0.0,0.0,0.0,quantile_directional_analysis,RF/tree direction via directional analysis
videos,future_engagement_delta_7d,random_forest_regressor,topic_secondary__tutorial,topic_metrics,mixed,0.0,0.0,0.0,quantile_directional_analysis,RF/tree direction via directional analysis
videos,future_engagement_delta_7d,random_forest_regressor,topic_secondary__unknown,topic_metrics,mixed,0.0,0.0,0.0,quantile_directional_analysis,RF/tree direction via directional analysis
videos,future_engagement_delta_7d,linear_regularized_regressor,ai_semantic_score,semantic_scores,mixed,0.0,0.0,0.0,coefficient_sign,Linear direction via coefficient sign
videos,future_engagement_delta_7d,linear_regularized_regressor,alpha_score,engagement_context,mixed,0.0,0.0,0.0,coefficient_sign,Linear direction via coefficient sign
videos,future_engagement_delta_7d,linear_regularized_regressor,channel_momentum_score,channel_context,mixed,0.0,0.0,0.0,coefficient_sign,Linear direction via coefficient sign
videos,future_engagement_delta_7d,linear_regularized_regressor,channel_relative_success_score,channel_context,mixed,0.0,0.0,0.0,coefficient_sign,Linear direction via coefficient sign
videos,future_engagement_delta_7d,linear_regularized_regressor,curiosity_semantic_score,semantic_scores,mixed,0.0,0.0,0.0,coefficient_sign,Linear direction via coefficient sign
videos,future_engagement_delta_7d,linear_regularized_regressor,decision_score,model_decision,mixed,0.0,0.0,0.0,coefficient_sign,Linear direction via coefficient sign
videos,future_engagement_delta_7d,linear_regularized_regressor,description_length_chars,engagement_context,mixed,0.0,0.0,0.0,coefficient_sign,Linear direction via coefficient sign
videos,future_engagement_delta_7d,linear_regularized_regressor,description_word_count,engagement_context,mixed,0.0,0.0,0.0,coefficient_sign,Linear direction via coefficient sign
videos,future_engagement_delta_7d,linear_regularized_regressor,engagement_rate,engagement_context,mixed,0.0,0.0,0.0,coefficient_sign,Linear direction via coefficient sign
videos,future_engagement_delta_7d,linear_regularized_regressor,evergreen_score,engagement_context,mixed,0.0,0.0,0.0,coefficient_sign,Linear direction via coefficient sign
videos,future_engagement_delta_7d,linear_regularized_regressor,finance_semantic_score,semantic_scores,mixed,0.0,0.0,0.0,coefficient_sign,Linear direction via coefficient sign
videos,future_engagement_delta_7d,linear_regularized_regressor,has_ai_word,engagement_context,mixed,0.0,0.0,0.0,coefficient_sign,Linear direction via coefficient sign
videos,future_engagement_delta_7d,linear_regularized_regressor,has_finance_word,engagement_context,mixed,0.0,0.0,0.0,coefficient_sign,Linear direction via coefficient sign
videos,future_engagement_delta_7d,linear_regularized_regressor,has_number,engagement_context,mixed,0.0,0.0,0.0,coefficient_sign,Linear direction via coefficient sign
videos,future_engagement_delta_7d,linear_regularized_regressor,has_question,engagement_context,mixed,0.0,0.0,0.0,coefficient_sign,Linear direction via coefficient sign
videos,future_engagement_delta_7d,linear_regularized_regressor,hybrid_decision_score,model_decision,mixed,0.0,0.0,0.0,coefficient_sign,Linear direction via coefficient sign
videos,future_engagement_delta_7d,linear_regularized_regressor,metadata_changed,metadata,mixed,0.0,0.0,0.0,coefficient_sign,Linear direction via coefficient sign
videos,future_engagement_delta_7d,linear_regularized_regressor,metric_confidence_score,engagement_context,mixed,0.0,0.0,0.0,coefficient_sign,Linear direction via coefficient sign
videos,future_engagement_delta_7d,linear_regularized_regressor,news_semantic_score,semantic_scores,mixed,0.0,0.0,0.0,coefficient_sign,Linear direction via coefficient sign
videos,future_engagement_delta_7d,linear_regularized_regressor,opportunity_score,engagement_context,mixed,0.0,0.0,0.0,coefficient_sign,Linear direction via coefficient sign
videos,future_engagement_delta_7d,linear_regularized_regressor,packaging_problem_score,engagement_context,mixed,0.0,0.0,0.0,coefficient_sign,Linear direction via coefficient sign
videos,future_engagement_delta_7d,linear_regularized_regressor,productivity_semantic_score,semantic_scores,mixed,0.0,0.0,0.0,coefficient_sign,Linear direction via coefficient sign
videos,future_engagement_delta_7d,linear_regularized_regressor,promise_semantic_score,semantic_scores,mixed,0.0,0.0,0.0,coefficient_sign,Linear direction via coefficient sign
videos,future_engagement_delta_7d,linear_regularized_regressor,semantic_cluster_id,semantic_cluster,mixed,0.0,0.0,0.0,coefficient_sign,Linear direction via coefficient sign
videos,future_engagement_delta_7d,linear_regularized_regressor,title_has_currency,title_style,mixed,0.0,0.0,0.0,coefficient_sign,Linear direction via coefficient sign
videos,future_engagement_delta_7d,linear_regularized_regressor,title_has_number,title_style,mixed,0.0,0.0,0.0,coefficient_sign,Linear direction via coefficient sign
videos,future_engagement_delta_7d,linear_regularized_regressor,title_has_question,title_style,mixed,0.0,0.0,0.0,coefficient_sign,Linear direction via coefficient sign
videos,future_engagement_delta_7d,linear_regularized_regressor,title_has_year,title_style,mixed,0.0,0.0,0.0,coefficient_sign,Linear direction via coefficient sign
videos,future_engagement_delta_7d,linear_regularized_regressor,title_length_chars,title_style,mixed,0.0,0.0,0.0,coefficient_sign,Linear direction via coefficient sign
videos,future_engagement_delta_7d,linear_regularized_regressor,title_word_count,title_style,mixed,0.0,0.0,0.0,coefficient_sign,Linear direction via coefficient sign
videos,future_engagement_delta_7d,linear_regularized_regressor,topic_confidence,topic_metrics,mixed,0.0,0.0,0.0,coefficient_sign,Linear direction via coefficient sign
videos,future_engagement_delta_7d,linear_regularized_regressor,topic_opportunity_score,topic_metrics,mixed,0.0,0.0,0.0,coefficient_sign,Linear direction via coefficient sign
videos,future_engagement_delta_7d,linear_regularized_regressor,topic_saturation_score,topic_metrics,mixed,0.0,0.0,0.0,coefficient_sign,Linear direction via coefficient sign
videos,future_engagement_delta_7d,linear_regularized_regressor,trend_burst_score,engagement_context,mixed,0.0,0.0,0.0,coefficient_sign,Linear direction via coefficient sign
videos,future_engagement_delta_7d,linear_regularized_regressor,tutorial_semantic_score,semantic_scores,mixed,0.0,0.0,0.0,coefficient_sign,Linear direction via coefficient sign
videos,future_engagement_delta_7d,linear_regularized_regressor,urgency_semantic_score,semantic_scores,mixed,0.0,0.0,0.0,coefficient_sign,Linear direction via coefficient sign
videos,future_engagement_delta_7d,linear_regularized_regressor,views_delta,engagement_context,mixed,0.0,0.0,0.0,coefficient_sign,Linear direction via coefficient sign
videos,future_engagement_delta_7d,linear_regularized_regressor,warning_semantic_score,semantic_scores,mixed,0.0,0.0,0.0,coefficient_sign,Linear direction via coefficient sign
videos,future_engagement_delta_7d,linear_regularized_regressor,hook_semantic_type__ai,title_style,mixed,0.0,0.0,0.0,coefficient_sign,Linear direction via coefficient sign
videos,future_engagement_delta_7d,linear_regularized_regressor,hook_semantic_type__curiosity,title_style,mixed,0.0,0.0,0.0,coefficient_sign,Linear direction via coefficient sign
videos,future_engagement_delta_7d,linear_regularized_regressor,hook_semantic_type__finance,title_style,mixed,0.0,0.0,0.0,coefficient_sign,Linear direction via coefficient sign
videos,future_engagement_delta_7d,linear_regularized_regressor,hook_semantic_type__news,title_style,mixed,0.0,0.0,0.0,coefficient_sign,Linear direction via coefficient sign
videos,future_engagement_delta_7d,linear_regularized_regressor,hook_semantic_type__promise,title_style,mixed,0.0,0.0,0.0,coefficient_sign,Linear direction via coefficient sign
videos,future_engagement_delta_7d,linear_regularized_regressor,hook_semantic_type__tutorial,title_style,mixed,0.0,0.0,0.0,coefficient_sign,Linear direction via coefficient sign
videos,future_engagement_delta_7d,linear_regularized_regressor,hook_semantic_type__unknown,title_style,mixed,0.0,0.0,0.0,coefficient_sign,Linear direction via coefficient sign
videos,future_engagement_delta_7d,linear_regularized_regressor,hook_semantic_type__warning,title_style,mixed,0.0,0.0,0.0,coefficient_sign,Linear direction via coefficient sign
videos,future_engagement_delta_7d,linear_regularized_regressor,semantic_cluster_label__de_de_mayo_mayo,semantic_cluster,mixed,0.0,0.0,0.0,coefficient_sign,Linear direction via coefficient sign
videos,future_engagement_delta_7d,linear_regularized_regressor,semantic_cluster_label__de_en_el,semantic_cluster,mixed,0.0,0.0,0.0,coefficient_sign,Linear direction via coefficient sign
videos,future_engagement_delta_7d,linear_regularized_regressor,semantic_cluster_label__in_the_xi,semantic_cluster,mixed,0.0,0.0,0.0,coefficient_sign,Linear direction via coefficient sign
videos,future_engagement_delta_7d,linear_regularized_regressor,semantic_cluster_label__la_de_de_la,semantic_cluster,mixed,0.0,0.0,0.0,coefficient_sign,Linear direction via coefficient sign
videos,future_engagement_delta_7d,linear_regularized_regressor,semantic_cluster_label__the_of_is,semantic_cluster,mixed,0.0,0.0,0.0,coefficient_sign,Linear direction via coefficient sign
videos,future_engagement_delta_7d,linear_regularized_regressor,semantic_cluster_label__to_iran_trump,semantic_cluster,mixed,0.0,0.0,0.0,coefficient_sign,Linear direction via coefficient sign
videos,future_engagement_delta_7d,linear_regularized_regressor,topic_primary__ai_tools,topic_metrics,mixed,0.0,0.0,0.0,coefficient_sign,Linear direction via coefficient sign
videos,future_engagement_delta_7d,linear_regularized_regressor,topic_primary__finance_personal,topic_metrics,mixed,0.0,0.0,0.0,coefficient_sign,Linear direction via coefficient sign
videos,future_engagement_delta_7d,linear_regularized_regressor,topic_primary__news_trends,topic_metrics,mixed,0.0,0.0,0.0,coefficient_sign,Linear direction via coefficient sign
videos,future_engagement_delta_7d,linear_regularized_regressor,topic_primary__productivity,topic_metrics,mixed,0.0,0.0,0.0,coefficient_sign,Linear direction via coefficient sign
videos,future_engagement_delta_7d,linear_regularized_regressor,topic_primary__tutorial,topic_metrics,mixed,0.0,0.0,0.0,coefficient_sign,Linear direction via coefficient sign
videos,future_engagement_delta_7d,linear_regularized_regressor,topic_primary__unknown,topic_metrics,mixed,0.0,0.0,0.0,coefficient_sign,Linear direction via coefficient sign
videos,future_engagement_delta_7d,linear_regularized_regressor,topic_secondary__ai_tools,topic_metrics,mixed,0.0,0.0,0.0,coefficient_sign,Linear direction via coefficient sign
videos,future_engagement_delta_7d,linear_regularized_regressor,topic_secondary__finance_personal,topic_metrics,mixed,0.0,0.0,0.0,coefficient_sign,Linear direction via coefficient sign
videos,future_engagement_delta_7d,linear_regularized_regressor,topic_secondary__news_trends,topic_metrics,mixed,0.0,0.0,0.0,coefficient_sign,Linear direction via coefficient sign
videos,future_engagement_delta_7d,linear_regularized_regressor,topic_secondary__tutorial,topic_metrics,mixed,0.0,0.0,0.0,coefficient_sign,Linear direction via coefficient sign
videos,future_engagement_delta_7d,linear_regularized_regressor,topic_secondary__unknown,topic_metrics,mixed,0.0,0.0,0.0,coefficient_sign,Linear direction via coefficient sign
videos,future_engagement_delta_7d,shallow_tree_regressor,ai_semantic_score,semantic_scores,mixed,0.0,0.0,0.0,quantile_directional_analysis,RF/tree direction via directional analysis
videos,future_engagement_delta_7d,shallow_tree_regressor,alpha_score,engagement_context,mixed,0.0,0.0,0.0,quantile_directional_analysis,RF/tree direction via directional analysis
videos,future_engagement_delta_7d,shallow_tree_regressor,channel_momentum_score,channel_context,mixed,0.0,0.0,0.0,quantile_directional_analysis,RF/tree direction via directional analysis
videos,future_engagement_delta_7d,shallow_tree_regressor,channel_relative_success_score,channel_context,mixed,0.0,0.0,0.0,quantile_directional_analysis,RF/tree direction via directional analysis
videos,future_engagement_delta_7d,shallow_tree_regressor,curiosity_semantic_score,semantic_scores,mixed,0.0,0.0,0.0,quantile_directional_analysis,RF/tree direction via directional analysis
videos,future_engagement_delta_7d,shallow_tree_regressor,decision_score,model_decision,mixed,0.0,0.0,0.0,quantile_directional_analysis,RF/tree direction via directional analysis
videos,future_engagement_delta_7d,shallow_tree_regressor,description_length_chars,engagement_context,mixed,0.0,0.0,0.0,quantile_directional_analysis,RF/tree direction via directional analysis
videos,future_engagement_delta_7d,shallow_tree_regressor,description_word_count,engagement_context,mixed,0.0,0.0,0.0,quantile_directional_analysis,RF/tree direction via directional analysis
videos,future_engagement_delta_7d,shallow_tree_regressor,engagement_rate,engagement_context,mixed,0.0,0.0,0.0,quantile_directional_analysis,RF/tree direction via directional analysis
videos,future_engagement_delta_7d,shallow_tree_regressor,evergreen_score,engagement_context,mixed,0.0,0.0,0.0,quantile_directional_analysis,RF/tree direction via directional analysis
videos,future_engagement_delta_7d,shallow_tree_regressor,finance_semantic_score,semantic_scores,mixed,0.0,0.0,0.0,quantile_directional_analysis,RF/tree direction via directional analysis
videos,future_engagement_delta_7d,shallow_tree_regressor,has_ai_word,engagement_context,mixed,0.0,0.0,0.0,quantile_directional_analysis,RF/tree direction via directional analysis
videos,future_engagement_delta_7d,shallow_tree_regressor,has_finance_word,engagement_context,mixed,0.0,0.0,0.0,quantile_directional_analysis,RF/tree direction via directional analysis
videos,future_engagement_delta_7d,shallow_tree_regressor,has_number,engagement_context,mixed,0.0,0.0,0.0,quantile_directional_analysis,RF/tree direction via directional analysis
videos,future_engagement_delta_7d,shallow_tree_regressor,has_question,engagement_context,mixed,0.0,0.0,0.0,quantile_directional_analysis,RF/tree direction via directional analysis
videos,future_engagement_delta_7d,shallow_tree_regressor,hybrid_decision_score,model_decision,mixed,0.0,0.0,0.0,quantile_directional_analysis,RF/tree direction via directional analysis
videos,future_engagement_delta_7d,shallow_tree_regressor,metadata_changed,metadata,mixed,0.0,0.0,0.0,quantile_directional_analysis,RF/tree direction via directional analysis
videos,future_engagement_delta_7d,shallow_tree_regressor,metric_confidence_score,engagement_context,mixed,0.0,0.0,0.0,quantile_directional_analysis,RF/tree direction via directional analysis
videos,future_engagement_delta_7d,shallow_tree_regressor,news_semantic_score,semantic_scores,mixed,0.0,0.0,0.0,quantile_directional_analysis,RF/tree direction via directional analysis
videos,future_engagement_delta_7d,shallow_tree_regressor,opportunity_score,engagement_context,mixed,0.0,0.0,0.0,quantile_directional_analysis,RF/tree direction via directional analysis
videos,future_engagement_delta_7d,shallow_tree_regressor,packaging_problem_score,engagement_context,mixed,0.0,0.0,0.0,quantile_directional_analysis,RF/tree direction via directional analysis
videos,future_engagement_delta_7d,shallow_tree_regressor,productivity_semantic_score,semantic_scores,mixed,0.0,0.0,0.0,quantile_directional_analysis,RF/tree direction via directional analysis
videos,future_engagement_delta_7d,shallow_tree_regressor,promise_semantic_score,semantic_scores,mixed,0.0,0.0,0.0,quantile_directional_analysis,RF/tree direction via directional analysis
videos,future_engagement_delta_7d,shallow_tree_regressor,semantic_cluster_id,semantic_cluster,mixed,0.0,0.0,0.0,quantile_directional_analysis,RF/tree direction via directional analysis
videos,future_engagement_delta_7d,shallow_tree_regressor,title_has_currency,title_style,mixed,0.0,0.0,0.0,quantile_directional_analysis,RF/tree direction via directional analysis
videos,future_engagement_delta_7d,shallow_tree_regressor,title_has_number,title_style,mixed,0.0,0.0,0.0,quantile_directional_analysis,RF/tree direction via directional analysis
videos,future_engagement_delta_7d,shallow_tree_regressor,title_has_question,title_style,mixed,0.0,0.0,0.0,quantile_directional_analysis,RF/tree direction via directional analysis
videos,future_engagement_delta_7d,shallow_tree_regressor,title_has_year,title_style,mixed,0.0,0.0,0.0,quantile_directional_analysis,RF/tree direction via directional analysis
videos,future_engagement_delta_7d,shallow_tree_regressor,title_length_chars,title_style,mixed,0.0,0.0,0.0,quantile_directional_analysis,RF/tree direction via directional analysis
videos,future_engagement_delta_7d,shallow_tree_regressor,title_word_count,title_style,mixed,0.0,0.0,0.0,quantile_directional_analysis,RF/tree direction via directional analysis
videos,future_engagement_delta_7d,shallow_tree_regressor,topic_confidence,topic_metrics,mixed,0.0,0.0,0.0,quantile_directional_analysis,RF/tree direction via directional analysis
videos,future_engagement_delta_7d,shallow_tree_regressor,topic_opportunity_score,topic_metrics,mixed,0.0,0.0,0.0,quantile_directional_analysis,RF/tree direction via directional analysis
videos,future_engagement_delta_7d,shallow_tree_regressor,topic_saturation_score,topic_metrics,mixed,0.0,0.0,0.0,quantile_directional_analysis,RF/tree direction via directional analysis
videos,future_engagement_delta_7d,shallow_tree_regressor,trend_burst_score,engagement_context,mixed,0.0,0.0,0.0,quantile_directional_analysis,RF/tree direction via directional analysis
videos,future_engagement_delta_7d,shallow_tree_regressor,tutorial_semantic_score,semantic_scores,mixed,0.0,0.0,0.0,quantile_directional_analysis,RF/tree direction via directional analysis
videos,future_engagement_delta_7d,shallow_tree_regressor,urgency_semantic_score,semantic_scores,mixed,0.0,0.0,0.0,quantile_directional_analysis,RF/tree direction via directional analysis
videos,future_engagement_delta_7d,shallow_tree_regressor,views_delta,engagement_context,mixed,0.0,0.0,0.0,quantile_directional_analysis,RF/tree direction via directional analysis
videos,future_engagement_delta_7d,shallow_tree_regressor,warning_semantic_score,semantic_scores,mixed,0.0,0.0,0.0,quantile_directional_analysis,RF/tree direction via directional analysis
videos,future_engagement_delta_7d,shallow_tree_regressor,hook_semantic_type__ai,title_style,mixed,0.0,0.0,0.0,quantile_directional_analysis,RF/tree direction via directional analysis
videos,future_engagement_delta_7d,shallow_tree_regressor,hook_semantic_type__curiosity,title_style,mixed,0.0,0.0,0.0,quantile_directional_analysis,RF/tree direction via directional analysis
videos,future_engagement_delta_7d,shallow_tree_regressor,hook_semantic_type__finance,title_style,mixed,0.0,0.0,0.0,quantile_directional_analysis,RF/tree direction via directional analysis
videos,future_engagement_delta_7d,shallow_tree_regressor,hook_semantic_type__news,title_style,mixed,0.0,0.0,0.0,quantile_directional_analysis,RF/tree direction via directional analysis
videos,future_engagement_delta_7d,shallow_tree_regressor,hook_semantic_type__promise,title_style,mixed,0.0,0.0,0.0,quantile_directional_analysis,RF/tree direction via directional analysis
videos,future_engagement_delta_7d,shallow_tree_regressor,hook_semantic_type__tutorial,title_style,mixed,0.0,0.0,0.0,quantile_directional_analysis,RF/tree direction via directional analysis
videos,future_engagement_delta_7d,shallow_tree_regressor,hook_semantic_type__unknown,title_style,mixed,0.0,0.0,0.0,quantile_directional_analysis,RF/tree direction via directional analysis
videos,future_engagement_delta_7d,shallow_tree_regressor,hook_semantic_type__warning,title_style,mixed,0.0,0.0,0.0,quantile_directional_analysis,RF/tree direction via directional analysis
videos,future_engagement_delta_7d,shallow_tree_regressor,semantic_cluster_label__de_de_mayo_mayo,semantic_cluster,mixed,0.0,0.0,0.0,quantile_directional_analysis,RF/tree direction via directional analysis
videos,future_engagement_delta_7d,shallow_tree_regressor,semantic_cluster_label__de_en_el,semantic_cluster,mixed,0.0,0.0,0.0,quantile_directional_analysis,RF/tree direction via directional analysis
videos,future_engagement_delta_7d,shallow_tree_regressor,semantic_cluster_label__in_the_xi,semantic_cluster,mixed,0.0,0.0,0.0,quantile_directional_analysis,RF/tree direction via directional analysis
videos,future_engagement_delta_7d,shallow_tree_regressor,semantic_cluster_label__la_de_de_la,semantic_cluster,mixed,0.0,0.0,0.0,quantile_directional_analysis,RF/tree direction via directional analysis
videos,future_engagement_delta_7d,shallow_tree_regressor,semantic_cluster_label__the_of_is,semantic_cluster,mixed,0.0,0.0,0.0,quantile_directional_analysis,RF/tree direction via directional analysis
videos,future_engagement_delta_7d,shallow_tree_regressor,semantic_cluster_label__to_iran_trump,semantic_cluster,mixed,0.0,0.0,0.0,quantile_directional_analysis,RF/tree direction via directional analysis
videos,future_engagement_delta_7d,shallow_tree_regressor,topic_primary__ai_tools,topic_metrics,mixed,0.0,0.0,0.0,quantile_directional_analysis,RF/tree direction via directional analysis
videos,future_engagement_delta_7d,shallow_tree_regressor,topic_primary__finance_personal,topic_metrics,mixed,0.0,0.0,0.0,quantile_directional_analysis,RF/tree direction via directional analysis
videos,future_engagement_delta_7d,shallow_tree_regressor,topic_primary__news_trends,topic_metrics,mixed,0.0,0.0,0.0,quantile_directional_analysis,RF/tree direction via directional analysis
videos,future_engagement_delta_7d,shallow_tree_regressor,topic_primary__productivity,topic_metrics,mixed,0.0,0.0,0.0,quantile_directional_analysis,RF/tree direction via directional analysis
videos,future_engagement_delta_7d,shallow_tree_regressor,topic_primary__tutorial,topic_metrics,mixed,0.0,0.0,0.0,quantile_directional_analysis,RF/tree direction via directional analysis
videos,future_engagement_delta_7d,shallow_tree_regressor,topic_primary__unknown,topic_metrics,mixed,0.0,0.0,0.0,quantile_directional_analysis,RF/tree direction via directional analysis
videos,future_engagement_delta_7d,shallow_tree_regressor,topic_secondary__ai_tools,topic_metrics,mixed,0.0,0.0,0.0,quantile_directional_analysis,RF/tree direction via directional analysis
videos,future_engagement_delta_7d,shallow_tree_regressor,topic_secondary__finance_personal,topic_metrics,mixed,0.0,0.0,0.0,quantile_directional_analysis,RF/tree direction via directional analysis
videos,future_engagement_delta_7d,shallow_tree_regressor,topic_secondary__news_trends,topic_metrics,mixed,0.0,0.0,0.0,quantile_directional_analysis,RF/tree direction via directional analysis
videos,future_engagement_delta_7d,shallow_tree_regressor,topic_secondary__tutorial,topic_metrics,mixed,0.0,0.0,0.0,quantile_directional_analysis,RF/tree direction via directional analysis
videos,future_engagement_delta_7d,shallow_tree_regressor,topic_secondary__unknown,topic_metrics,mixed,0.0,0.0,0.0,quantile_directional_analysis,RF/tree direction via directional analysis
videos,content_value_score_7d,random_forest_regressor,ai_semantic_score,semantic_scores,positive,2.60075326,48.1237459,50.72449916,quantile_directional_analysis,RF/tree direction via directional analysis
videos,content_value_score_7d,random_forest_regressor,alpha_score,engagement_context,positive,23.80713329,38.73263874,62.53977203,quantile_directional_analysis,RF/tree direction via directional analysis
videos,content_value_score_7d,random_forest_regressor,channel_momentum_score,channel_context,negative,-3.83704631,49.7659694,45.92892309,quantile_directional_analysis,RF/tree direction via directional analysis
videos,content_value_score_7d,random_forest_regressor,channel_relative_success_score,channel_context,positive,34.58817833,35.43946977,70.0276481,quantile_directional_analysis,RF/tree direction via directional analysis
videos,content_value_score_7d,random_forest_regressor,curiosity_semantic_score,semantic_scores,negative,-2.72081894,51.9338956,49.21307665,quantile_directional_analysis,RF/tree direction via directional analysis
videos,content_value_score_7d,random_forest_regressor,decision_score,model_decision,negative,-0.39034413,51.99927719,51.60893306,quantile_directional_analysis,RF/tree direction via directional analysis
videos,content_value_score_7d,random_forest_regressor,description_length_chars,engagement_context,negative,-0.93204947,49.009882,48.07783253,quantile_directional_analysis,RF/tree direction via directional analysis
videos,content_value_score_7d,random_forest_regressor,description_word_count,engagement_context,positive,0.04904233,48.72720229,48.77624463,quantile_directional_analysis,RF/tree direction via directional analysis
videos,content_value_score_7d,random_forest_regressor,engagement_rate,engagement_context,positive,3.2270276,46.51484289,49.74187049,quantile_directional_analysis,RF/tree direction via directional analysis
videos,content_value_score_7d,random_forest_regressor,evergreen_score,engagement_context,negative,-3.3525301,51.7356059,48.3830758,quantile_directional_analysis,RF/tree direction via directional analysis
videos,content_value_score_7d,random_forest_regressor,finance_semantic_score,semantic_scores,negative,-3.03972186,51.59521396,48.5554921,quantile_directional_analysis,RF/tree direction via directional analysis
videos,content_value_score_7d,random_forest_regressor,has_ai_word,engagement_context,positive,2.42115581,50.32357873,52.74473454,quantile_directional_analysis,RF/tree direction via directional analysis
videos,content_value_score_7d,random_forest_regressor,has_finance_word,engagement_context,negative,-3.03972186,51.59521396,48.5554921,quantile_directional_analysis,RF/tree direction via directional analysis
videos,content_value_score_7d,random_forest_regressor,has_number,engagement_context,negative,-1.52578555,51.62289252,50.09710698,quantile_directional_analysis,RF/tree direction via directional analysis
videos,content_value_score_7d,random_forest_regressor,has_question,engagement_context,negative,-1.20618577,48.54013127,47.3339455,quantile_directional_analysis,RF/tree direction via directional analysis
videos,content_value_score_7d,random_forest_regressor,hybrid_decision_score,model_decision,positive,14.59976948,42.48774121,57.08751069,quantile_directional_analysis,RF/tree direction via directional analysis
videos,content_value_score_7d,random_forest_regressor,metadata_changed,metadata,negative,-1.75945905,51.79585838,50.03639933,quantile_directional_analysis,RF/tree direction via directional analysis
videos,content_value_score_7d,random_forest_regressor,metric_confidence_score,engagement_context,negative,-3.03466756,49.72597247,46.69130492,quantile_directional_analysis,RF/tree direction via directional analysis
videos,content_value_score_7d,random_forest_regressor,news_semantic_score,semantic_scores,negative,-3.52000483,51.94012221,48.42011739,quantile_directional_analysis,RF/tree direction via directional analysis
videos,content_value_score_7d,random_forest_regressor,opportunity_score,engagement_context,positive,30.98851779,36.24800609,67.23652389,quantile_directional_analysis,RF/tree direction via directional analysis
videos,content_value_score_7d,random_forest_regressor,packaging_problem_score,engagement_context,negative,-2.39052177,48.97287889,46.58235712,quantile_directional_analysis,RF/tree direction via directional analysis
videos,content_value_score_7d,random_forest_regressor,productivity_semantic_score,semantic_scores,negative,-1.02667561,51.7356059,50.70893029,quantile_directional_analysis,RF/tree direction via directional analysis
videos,content_value_score_7d,random_forest_regressor,promise_semantic_score,semantic_scores,negative,-0.61772473,51.55622942,50.93850469,quantile_directional_analysis,RF/tree direction via directional analysis
videos,content_value_score_7d,random_forest_regressor,semantic_cluster_id,semantic_cluster,negative,-5.8338029,52.93733802,47.10353512,quantile_directional_analysis,RF/tree direction via directional analysis
videos,content_value_score_7d,random_forest_regressor,title_has_currency,title_style,negative,-1.76137372,51.7356059,49.97423218,quantile_directional_analysis,RF/tree direction via directional analysis
videos,content_value_score_7d,random_forest_regressor,title_has_number,title_style,negative,-1.52578555,51.62289252,50.09710698,quantile_directional_analysis,RF/tree direction via directional analysis
videos,content_value_score_7d,random_forest_regressor,title_has_question,title_style,negative,-1.20618577,48.54013127,47.3339455,quantile_directional_analysis,RF/tree direction via directional analysis
videos,content_value_score_7d,random_forest_regressor,title_has_year,title_style,negative,-1.94391961,51.41392121,49.4700016,quantile_directional_analysis,RF/tree direction via directional analysis
videos,content_value_score_7d,random_forest_regressor,title_length_chars,title_style,negative,-0.93204947,49.009882,48.07783253,quantile_directional_analysis,RF/tree direction via directional analysis
videos,content_value_score_7d,random_forest_regressor,title_word_count,title_style,positive,0.04904233,48.72720229,48.77624463,quantile_directional_analysis,RF/tree direction via directional analysis
videos,content_value_score_7d,random_forest_regressor,topic_confidence,topic_metrics,positive,3.82445916,47.89210107,51.71656023,quantile_directional_analysis,RF/tree direction via directional analysis
videos,content_value_score_7d,random_forest_regressor,topic_opportunity_score,topic_metrics,negative,-3.40835304,52.1774175,48.76906446,quantile_directional_analysis,RF/tree direction via directional analysis
videos,content_value_score_7d,random_forest_regressor,topic_saturation_score,topic_metrics,negative,-2.44615648,51.21522093,48.76906446,quantile_directional_analysis,RF/tree direction via directional analysis
videos,content_value_score_7d,random_forest_regressor,trend_burst_score,engagement_context,negative,-1.06246246,51.35957454,50.29711209,quantile_directional_analysis,RF/tree direction via directional analysis
videos,content_value_score_7d,random_forest_regressor,tutorial_semantic_score,semantic_scores,negative,-4.0129876,51.53283661,47.51984901,quantile_directional_analysis,RF/tree direction via directional analysis
videos,content_value_score_7d,random_forest_regressor,urgency_semantic_score,semantic_scores,negative,-2.58530051,52.01697243,49.43167193,quantile_directional_analysis,RF/tree direction via directional analysis
videos,content_value_score_7d,random_forest_regressor,views_delta,engagement_context,positive,18.51392549,40.90500344,59.41892893,quantile_directional_analysis,RF/tree direction via directional analysis
videos,content_value_score_7d,random_forest_regressor,warning_semantic_score,semantic_scores,negative,-2.08408345,51.41727947,49.33319602,quantile_directional_analysis,RF/tree direction via directional analysis
videos,content_value_score_7d,random_forest_regressor,hook_semantic_type__ai,title_style,positive,3.51927557,47.36355976,50.88283534,quantile_directional_analysis,RF/tree direction via directional analysis
videos,content_value_score_7d,random_forest_regressor,hook_semantic_type__curiosity,title_style,negative,-2.72081894,51.9338956,49.21307665,quantile_directional_analysis,RF/tree direction via directional analysis
videos,content_value_score_7d,random_forest_regressor,hook_semantic_type__finance,title_style,negative,-2.86126266,51.7356059,48.87434324,quantile_directional_analysis,RF/tree direction via directional analysis
videos,content_value_score_7d,random_forest_regressor,hook_semantic_type__news,title_style,negative,-3.03443769,51.94012221,48.90568452,quantile_directional_analysis,RF/tree direction via directional analysis
videos,content_value_score_7d,random_forest_regressor,hook_semantic_type__promise,title_style,negative,-2.46779525,51.55622942,49.08843417,quantile_directional_analysis,RF/tree direction via directional analysis
videos,content_value_score_7d,random_forest_regressor,hook_semantic_type__tutorial,title_style,negative,-4.2477947,51.68773273,47.43993803,quantile_directional_analysis,RF/tree direction via directional analysis
videos,content_value_score_7d,random_forest_regressor,hook_semantic_type__unknown,title_style,negative,-3.40834435,50.70589029,47.29754594,quantile_directional_analysis,RF/tree direction via directional analysis
videos,content_value_score_7d,random_forest_regressor,hook_semantic_type__warning,title_style,negative,-2.14665443,51.47804595,49.33139153,quantile_directional_analysis,RF/tree direction via directional analysis
videos,content_value_score_7d,random_forest_regressor,semantic_cluster_label__de_de_mayo_mayo,semantic_cluster,negative,-2.08354206,51.9080811,49.82453903,quantile_directional_analysis,RF/tree direction via directional analysis
videos,content_value_score_7d,random_forest_regressor,semantic_cluster_label__de_en_el,semantic_cluster,negative,-0.46401898,49.53770842,49.07368943,quantile_directional_analysis,RF/tree direction via directional analysis
videos,content_value_score_7d,random_forest_regressor,semantic_cluster_label__in_the_xi,semantic_cluster,negative,-3.9164243,51.87827611,47.96185182,quantile_directional_analysis,RF/tree direction via directional analysis
videos,content_value_score_7d,random_forest_regressor,semantic_cluster_label__la_de_de_la,semantic_cluster,negative,-1.30384832,50.99921238,49.69536406,quantile_directional_analysis,RF/tree direction via directional analysis
videos,content_value_score_7d,random_forest_regressor,semantic_cluster_label__the_of_is,semantic_cluster,positive,5.17593538,48.19718278,53.37311816,quantile_directional_analysis,RF/tree direction via directional analysis
videos,content_value_score_7d,random_forest_regressor,semantic_cluster_label__to_iran_trump,semantic_cluster,negative,-3.83150237,51.7356059,47.90410353,quantile_directional_analysis,RF/tree direction via directional analysis
videos,content_value_score_7d,random_forest_regressor,topic_primary__ai_tools,topic_metrics,positive,3.51784818,47.71168372,51.2295319,quantile_directional_analysis,RF/tree direction via directional analysis
videos,content_value_score_7d,random_forest_regressor,topic_primary__finance_personal,topic_metrics,negative,-2.86126266,51.7356059,48.87434324,quantile_directional_analysis,RF/tree direction via directional analysis
videos,content_value_score_7d,random_forest_regressor,topic_primary__news_trends,topic_metrics,negative,-3.03443769,51.94012221,48.90568452,quantile_directional_analysis,RF/tree direction via directional analysis
videos,content_value_score_7d,random_forest_regressor,topic_primary__productivity,topic_metrics,negative,-1.02667561,51.7356059,50.70893029,quantile_directional_analysis,RF/tree direction via directional analysis
videos,content_value_score_7d,random_forest_regressor,topic_primary__tutorial,topic_metrics,negative,-4.0129876,51.53283661,47.51984901,quantile_directional_analysis,RF/tree direction via directional analysis
videos,content_value_score_7d,random_forest_regressor,topic_primary__unknown,topic_metrics,negative,-2.22635025,50.99541471,48.76906446,quantile_directional_analysis,RF/tree direction via directional analysis
videos,content_value_score_7d,random_forest_regressor,topic_secondary__ai_tools,topic_metrics,negative,-2.97881652,51.99014263,49.01132611,quantile_directional_analysis,RF/tree direction via directional analysis
videos,content_value_score_7d,random_forest_regressor,topic_secondary__finance_personal,topic_metrics,negative,-2.79878837,51.56701529,48.76822692,quantile_directional_analysis,RF/tree direction via directional analysis
videos,content_value_score_7d,random_forest_regressor,topic_secondary__news_trends,topic_metrics,negative,-2.61445637,51.7356059,49.12114953,quantile_directional_analysis,RF/tree direction via directional analysis
videos,content_value_score_7d,random_forest_regressor,topic_secondary__tutorial,topic_metrics,negative,-1.76137372,51.7356059,49.97423218,quantile_directional_analysis,RF/tree direction via directional analysis
videos,content_value_score_7d,random_forest_regressor,topic_secondary__unknown,topic_metrics,negative,-2.50068661,51.4286262,48.92793959,quantile_directional_analysis,RF/tree direction via directional analysis
videos,content_value_score_7d,linear_regularized_regressor,ai_semantic_score,semantic_scores,negative,4.03409439,0.0,0.0,coefficient_sign,Linear direction via coefficient sign
videos,content_value_score_7d,linear_regularized_regressor,alpha_score,engagement_context,negative,8.54547928,0.0,0.0,coefficient_sign,Linear direction via coefficient sign
videos,content_value_score_7d,linear_regularized_regressor,channel_momentum_score,channel_context,positive,1.22530262,0.0,0.0,coefficient_sign,Linear direction via coefficient sign
videos,content_value_score_7d,linear_regularized_regressor,channel_relative_success_score,channel_context,positive,7.63786829,0.0,0.0,coefficient_sign,Linear direction via coefficient sign
videos,content_value_score_7d,linear_regularized_regressor,curiosity_semantic_score,semantic_scores,positive,0.64014774,0.0,0.0,coefficient_sign,Linear direction via coefficient sign
videos,content_value_score_7d,linear_regularized_regressor,decision_score,model_decision,positive,0.78272386,0.0,0.0,coefficient_sign,Linear direction via coefficient sign
videos,content_value_score_7d,linear_regularized_regressor,description_length_chars,engagement_context,negative,2.63204776,0.0,0.0,coefficient_sign,Linear direction via coefficient sign
videos,content_value_score_7d,linear_regularized_regressor,description_word_count,engagement_context,positive,2.25090356,0.0,0.0,coefficient_sign,Linear direction via coefficient sign
videos,content_value_score_7d,linear_regularized_regressor,engagement_rate,engagement_context,negative,1.32789972,0.0,0.0,coefficient_sign,Linear direction via coefficient sign
videos,content_value_score_7d,linear_regularized_regressor,evergreen_score,engagement_context,negative,0.73298973,0.0,0.0,coefficient_sign,Linear direction via coefficient sign
videos,content_value_score_7d,linear_regularized_regressor,finance_semantic_score,semantic_scores,negative,0.37375951,0.0,0.0,coefficient_sign,Linear direction via coefficient sign
videos,content_value_score_7d,linear_regularized_regressor,has_ai_word,engagement_context,positive,0.29054306,0.0,0.0,coefficient_sign,Linear direction via coefficient sign
videos,content_value_score_7d,linear_regularized_regressor,has_finance_word,engagement_context,negative,1.94748966,0.0,0.0,coefficient_sign,Linear direction via coefficient sign
videos,content_value_score_7d,linear_regularized_regressor,has_number,engagement_context,positive,0.10226845,0.0,0.0,coefficient_sign,Linear direction via coefficient sign
videos,content_value_score_7d,linear_regularized_regressor,has_question,engagement_context,negative,16.32654938,0.0,0.0,coefficient_sign,Linear direction via coefficient sign
videos,content_value_score_7d,linear_regularized_regressor,hybrid_decision_score,model_decision,negative,0.39359212,0.0,0.0,coefficient_sign,Linear direction via coefficient sign
videos,content_value_score_7d,linear_regularized_regressor,metadata_changed,metadata,positive,0.10769271,0.0,0.0,coefficient_sign,Linear direction via coefficient sign
videos,content_value_score_7d,linear_regularized_regressor,metric_confidence_score,engagement_context,positive,0.9579539,0.0,0.0,coefficient_sign,Linear direction via coefficient sign
videos,content_value_score_7d,linear_regularized_regressor,news_semantic_score,semantic_scores,negative,2.59844505,0.0,0.0,coefficient_sign,Linear direction via coefficient sign
videos,content_value_score_7d,linear_regularized_regressor,opportunity_score,engagement_context,positive,13.617322,0.0,0.0,coefficient_sign,Linear direction via coefficient sign
videos,content_value_score_7d,linear_regularized_regressor,packaging_problem_score,engagement_context,negative,1.31054368,0.0,0.0,coefficient_sign,Linear direction via coefficient sign
videos,content_value_score_7d,linear_regularized_regressor,productivity_semantic_score,semantic_scores,negative,3.90467383,0.0,0.0,coefficient_sign,Linear direction via coefficient sign
videos,content_value_score_7d,linear_regularized_regressor,promise_semantic_score,semantic_scores,positive,0.1463791,0.0,0.0,coefficient_sign,Linear direction via coefficient sign
videos,content_value_score_7d,linear_regularized_regressor,semantic_cluster_id,semantic_cluster,positive,4.73551896,0.0,0.0,coefficient_sign,Linear direction via coefficient sign
videos,content_value_score_7d,linear_regularized_regressor,title_has_currency,title_style,positive,0.45225127,0.0,0.0,coefficient_sign,Linear direction via coefficient sign
videos,content_value_score_7d,linear_regularized_regressor,title_has_number,title_style,positive,0.10226845,0.0,0.0,coefficient_sign,Linear direction via coefficient sign
videos,content_value_score_7d,linear_regularized_regressor,title_has_question,title_style,positive,16.27116651,0.0,0.0,coefficient_sign,Linear direction via coefficient sign
videos,content_value_score_7d,linear_regularized_regressor,title_has_year,title_style,negative,0.50950902,0.0,0.0,coefficient_sign,Linear direction via coefficient sign
videos,content_value_score_7d,linear_regularized_regressor,title_length_chars,title_style,negative,2.63204776,0.0,0.0,coefficient_sign,Linear direction via coefficient sign
videos,content_value_score_7d,linear_regularized_regressor,title_word_count,title_style,positive,2.25090356,0.0,0.0,coefficient_sign,Linear direction via coefficient sign
videos,content_value_score_7d,linear_regularized_regressor,topic_confidence,topic_metrics,positive,8.49876116,0.0,0.0,coefficient_sign,Linear direction via coefficient sign
videos,content_value_score_7d,linear_regularized_regressor,topic_opportunity_score,topic_metrics,negative,3.20398757,0.0,0.0,coefficient_sign,Linear direction via coefficient sign
videos,content_value_score_7d,linear_regularized_regressor,topic_saturation_score,topic_metrics,negative,15.26798308,0.0,0.0,coefficient_sign,Linear direction via coefficient sign
videos,content_value_score_7d,linear_regularized_regressor,trend_burst_score,engagement_context,positive,0.00459095,0.0,0.0,coefficient_sign,Linear direction via coefficient sign
videos,content_value_score_7d,linear_regularized_regressor,tutorial_semantic_score,semantic_scores,positive,2.91547936,0.0,0.0,coefficient_sign,Linear direction via coefficient sign
videos,content_value_score_7d,linear_regularized_regressor,urgency_semantic_score,semantic_scores,negative,0.07025741,0.0,0.0,coefficient_sign,Linear direction via coefficient sign
videos,content_value_score_7d,linear_regularized_regressor,views_delta,engagement_context,negative,0.22200107,0.0,0.0,coefficient_sign,Linear direction via coefficient sign
videos,content_value_score_7d,linear_regularized_regressor,warning_semantic_score,semantic_scores,positive,0.07273254,0.0,0.0,coefficient_sign,Linear direction via coefficient sign
videos,content_value_score_7d,linear_regularized_regressor,hook_semantic_type__ai,title_style,positive,5.79632837,0.0,0.0,coefficient_sign,Linear direction via coefficient sign
videos,content_value_score_7d,linear_regularized_regressor,hook_semantic_type__curiosity,title_style,positive,2.1329259,0.0,0.0,coefficient_sign,Linear direction via coefficient sign
videos,content_value_score_7d,linear_regularized_regressor,hook_semantic_type__finance,title_style,positive,1.35591346,0.0,0.0,coefficient_sign,Linear direction via coefficient sign
videos,content_value_score_7d,linear_regularized_regressor,hook_semantic_type__news,title_style,positive,2.90135075,0.0,0.0,coefficient_sign,Linear direction via coefficient sign
videos,content_value_score_7d,linear_regularized_regressor,hook_semantic_type__promise,title_style,positive,1.20318699,0.0,0.0,coefficient_sign,Linear direction via coefficient sign
videos,content_value_score_7d,linear_regularized_regressor,hook_semantic_type__tutorial,title_style,positive,0.24625454,0.0,0.0,coefficient_sign,Linear direction via coefficient sign
videos,content_value_score_7d,linear_regularized_regressor,hook_semantic_type__unknown,title_style,positive,4.44142333,0.0,0.0,coefficient_sign,Linear direction via coefficient sign
videos,content_value_score_7d,linear_regularized_regressor,hook_semantic_type__warning,title_style,positive,1.26871732,0.0,0.0,coefficient_sign,Linear direction via coefficient sign
videos,content_value_score_7d,linear_regularized_regressor,semantic_cluster_label__de_de_mayo_mayo,semantic_cluster,mixed,0.0,0.0,0.0,coefficient_sign,Linear direction via coefficient sign
videos,content_value_score_7d,linear_regularized_regressor,semantic_cluster_label__de_en_el,semantic_cluster,positive,4.28169568,0.0,0.0,coefficient_sign,Linear direction via coefficient sign
videos,content_value_score_7d,linear_regularized_regressor,semantic_cluster_label__in_the_xi,semantic_cluster,negative,0.38236122,0.0,0.0,coefficient_sign,Linear direction via coefficient sign
videos,content_value_score_7d,linear_regularized_regressor,semantic_cluster_label__la_de_de_la,semantic_cluster,positive,2.03387733,0.0,0.0,coefficient_sign,Linear direction via coefficient sign
videos,content_value_score_7d,linear_regularized_regressor,semantic_cluster_label__the_of_is,semantic_cluster,positive,7.6035354,0.0,0.0,coefficient_sign,Linear direction via coefficient sign
videos,content_value_score_7d,linear_regularized_regressor,semantic_cluster_label__to_iran_trump,semantic_cluster,negative,0.14164727,0.0,0.0,coefficient_sign,Linear direction via coefficient sign
videos,content_value_score_7d,linear_regularized_regressor,topic_primary__ai_tools,topic_metrics,positive,3.48741618,0.0,0.0,coefficient_sign,Linear direction via coefficient sign
videos,content_value_score_7d,linear_regularized_regressor,topic_primary__finance_personal,topic_metrics,negative,5.26732198,0.0,0.0,coefficient_sign,Linear direction via coefficient sign
videos,content_value_score_7d,linear_regularized_regressor,topic_primary__news_trends,topic_metrics,negative,3.55999881,0.0,0.0,coefficient_sign,Linear direction via coefficient sign
videos,content_value_score_7d,linear_regularized_regressor,topic_primary__productivity,topic_metrics,negative,3.90467383,0.0,0.0,coefficient_sign,Linear direction via coefficient sign
videos,content_value_score_7d,linear_regularized_regressor,topic_primary__tutorial,topic_metrics,negative,5.97382132,0.0,0.0,coefficient_sign,Linear direction via coefficient sign
videos,content_value_score_7d,linear_regularized_regressor,topic_primary__unknown,topic_metrics,positive,16.22068542,0.0,0.0,coefficient_sign,Linear direction via coefficient sign
videos,content_value_score_7d,linear_regularized_regressor,topic_secondary__ai_tools,topic_metrics,positive,12.64834356,0.0,0.0,coefficient_sign,Linear direction via coefficient sign
videos,content_value_score_7d,linear_regularized_regressor,topic_secondary__finance_personal,topic_metrics,positive,7.88513219,0.0,0.0,coefficient_sign,Linear direction via coefficient sign
videos,content_value_score_7d,linear_regularized_regressor,topic_secondary__news_trends,topic_metrics,positive,3.25838855,0.0,0.0,coefficient_sign,Linear direction via coefficient sign
videos,content_value_score_7d,linear_regularized_regressor,topic_secondary__tutorial,topic_metrics,positive,2.51699683,0.0,0.0,coefficient_sign,Linear direction via coefficient sign
videos,content_value_score_7d,linear_regularized_regressor,topic_secondary__unknown,topic_metrics,positive,13.38205373,0.0,0.0,coefficient_sign,Linear direction via coefficient sign
videos,content_value_score_7d,shallow_tree_regressor,ai_semantic_score,semantic_scores,positive,1.87085242,47.90655162,49.77740404,quantile_directional_analysis,RF/tree direction via directional analysis
videos,content_value_score_7d,shallow_tree_regressor,alpha_score,engagement_context,positive,23.85580137,38.31224181,62.16804318,quantile_directional_analysis,RF/tree direction via directional analysis
videos,content_value_score_7d,shallow_tree_regressor,channel_momentum_score,channel_context,negative,-2.67612395,49.23758664,46.56146269,quantile_directional_analysis,RF/tree direction via directional analysis
videos,content_value_score_7d,shallow_tree_regressor,channel_relative_success_score,channel_context,positive,34.02900414,35.34354645,69.37255059,quantile_directional_analysis,RF/tree direction via directional analysis
videos,content_value_score_7d,shallow_tree_regressor,curiosity_semantic_score,semantic_scores,negative,-2.61717544,51.47034182,48.85316638,quantile_directional_analysis,RF/tree direction via directional analysis
videos,content_value_score_7d,shallow_tree_regressor,decision_score,model_decision,negative,-1.26644701,52.50295761,51.2365106,quantile_directional_analysis,RF/tree direction via directional analysis
videos,content_value_score_7d,shallow_tree_regressor,description_length_chars,engagement_context,positive,0.23687728,49.36215975,49.59903703,quantile_directional_analysis,RF/tree direction via directional analysis
videos,content_value_score_7d,shallow_tree_regressor,description_word_count,engagement_context,positive,1.59781135,48.43807785,50.0358892,quantile_directional_analysis,RF/tree direction via directional analysis
videos,content_value_score_7d,shallow_tree_regressor,engagement_rate,engagement_context,positive,0.75216732,48.15121603,48.90338335,quantile_directional_analysis,RF/tree direction via directional analysis
videos,content_value_score_7d,shallow_tree_regressor,evergreen_score,engagement_context,negative,-2.50564437,51.0751924,48.56954803,quantile_directional_analysis,RF/tree direction via directional analysis
videos,content_value_score_7d,shallow_tree_regressor,finance_semantic_score,semantic_scores,negative,-2.14088589,50.95674229,48.81585641,quantile_directional_analysis,RF/tree direction via directional analysis
videos,content_value_score_7d,shallow_tree_regressor,has_ai_word,engagement_context,positive,2.81758274,49.82643168,52.64401442,quantile_directional_analysis,RF/tree direction via directional analysis
videos,content_value_score_7d,shallow_tree_regressor,has_finance_word,engagement_context,negative,-2.14088589,50.95674229,48.81585641,quantile_directional_analysis,RF/tree direction via directional analysis
videos,content_value_score_7d,shallow_tree_regressor,has_number,engagement_context,negative,-0.42588334,50.59667703,50.17079369,quantile_directional_analysis,RF/tree direction via directional analysis
videos,content_value_score_7d,shallow_tree_regressor,has_question,engagement_context,negative,-0.7628843,47.78132276,47.01843847,quantile_directional_analysis,RF/tree direction via directional analysis
videos,content_value_score_7d,shallow_tree_regressor,hybrid_decision_score,model_decision,positive,13.97767674,42.75643508,56.73411183,quantile_directional_analysis,RF/tree direction via directional analysis
videos,content_value_score_7d,shallow_tree_regressor,metadata_changed,metadata,negative,-1.45537232,51.13288732,49.677515,quantile_directional_analysis,RF/tree direction via directional analysis
videos,content_value_score_7d,shallow_tree_regressor,metric_confidence_score,engagement_context,negative,-3.62286127,49.76957475,46.14671348,quantile_directional_analysis,RF/tree direction via directional analysis
videos,content_value_score_7d,shallow_tree_regressor,news_semantic_score,semantic_scores,negative,-2.52808727,51.19404821,48.66596095,quantile_directional_analysis,RF/tree direction via directional analysis
videos,content_value_score_7d,shallow_tree_regressor,opportunity_score,engagement_context,positive,29.71710052,36.51403703,66.23113755,quantile_directional_analysis,RF/tree direction via directional analysis
videos,content_value_score_7d,shallow_tree_regressor,packaging_problem_score,engagement_context,negative,-4.88790578,50.53650157,45.64859579,quantile_directional_analysis,RF/tree direction via directional analysis
videos,content_value_score_7d,shallow_tree_regressor,productivity_semantic_score,semantic_scores,negative,-0.64953641,51.0751924,50.42565599,quantile_directional_analysis,RF/tree direction via directional analysis
videos,content_value_score_7d,shallow_tree_regressor,promise_semantic_score,semantic_scores,negative,-0.62320415,50.94818695,50.3249828,quantile_directional_analysis,RF/tree direction via directional analysis
videos,content_value_score_7d,shallow_tree_regressor,semantic_cluster_id,semantic_cluster,negative,-6.27653363,52.86813108,46.59159745,quantile_directional_analysis,RF/tree direction via directional analysis
videos,content_value_score_7d,shallow_tree_regressor,title_has_currency,title_style,negative,-1.63280215,51.0751924,49.44239025,quantile_directional_analysis,RF/tree direction via directional analysis
videos,content_value_score_7d,shallow_tree_regressor,title_has_number,title_style,negative,-0.42588334,50.59667703,50.17079369,quantile_directional_analysis,RF/tree direction via directional analysis
videos,content_value_score_7d,shallow_tree_regressor,title_has_question,title_style,negative,-0.7628843,47.78132276,47.01843847,quantile_directional_analysis,RF/tree direction via directional analysis
videos,content_value_score_7d,shallow_tree_regressor,title_has_year,title_style,negative,-1.40683671,50.78924911,49.3824124,quantile_directional_analysis,RF/tree direction via directional analysis
videos,content_value_score_7d,shallow_tree_regressor,title_length_chars,title_style,positive,0.23687728,49.36215975,49.59903703,quantile_directional_analysis,RF/tree direction via directional analysis
videos,content_value_score_7d,shallow_tree_regressor,title_word_count,title_style,positive,1.59781135,48.43807785,50.0358892,quantile_directional_analysis,RF/tree direction via directional analysis
videos,content_value_score_7d,shallow_tree_regressor,topic_confidence,topic_metrics,positive,3.09835533,47.41029799,50.50865332,quantile_directional_analysis,RF/tree direction via directional analysis
videos,content_value_score_7d,shallow_tree_regressor,topic_opportunity_score,topic_metrics,negative,-2.31801117,51.60305062,49.28503945,quantile_directional_analysis,RF/tree direction via directional analysis
videos,content_value_score_7d,shallow_tree_regressor,topic_saturation_score,topic_metrics,negative,-1.29700611,50.58204557,49.28503945,quantile_directional_analysis,RF/tree direction via directional analysis
videos,content_value_score_7d,shallow_tree_regressor,trend_burst_score,engagement_context,negative,-0.50252321,50.68551474,50.18299154,quantile_directional_analysis,RF/tree direction via directional analysis
videos,content_value_score_7d,shallow_tree_regressor,tutorial_semantic_score,semantic_scores,negative,-3.27345285,50.8985603,47.62510745,quantile_directional_analysis,RF/tree direction via directional analysis
videos,content_value_score_7d,shallow_tree_regressor,urgency_semantic_score,semantic_scores,negative,-1.94797853,51.4132543,49.46527577,quantile_directional_analysis,RF/tree direction via directional analysis
videos,content_value_score_7d,shallow_tree_regressor,views_delta,engagement_context,positive,18.51721003,40.66082866,59.1780387,quantile_directional_analysis,RF/tree direction via directional analysis
videos,content_value_score_7d,shallow_tree_regressor,warning_semantic_score,semantic_scores,negative,-0.69115407,50.78403558,50.09288151,quantile_directional_analysis,RF/tree direction via directional analysis
videos,content_value_score_7d,shallow_tree_regressor,hook_semantic_type__ai,title_style,positive,2.87511732,47.17246774,50.04758506,quantile_directional_analysis,RF/tree direction via directional analysis
videos,content_value_score_7d,shallow_tree_regressor,hook_semantic_type__curiosity,title_style,negative,-2.61717544,51.47034182,48.85316638,quantile_directional_analysis,RF/tree direction via directional analysis
videos,content_value_score_7d,shallow_tree_regressor,hook_semantic_type__finance,title_style,negative,-1.87230302,51.0751924,49.20288938,quantile_directional_analysis,RF/tree direction via directional analysis
videos,content_value_score_7d,shallow_tree_regressor,hook_semantic_type__news,title_style,negative,-2.26930003,51.19404821,48.92474818,quantile_directional_analysis,RF/tree direction via directional analysis
videos,content_value_score_7d,shallow_tree_regressor,hook_semantic_type__promise,title_style,negative,-2.43319306,50.94818695,48.51499388,quantile_directional_analysis,RF/tree direction via directional analysis
videos,content_value_score_7d,shallow_tree_regressor,hook_semantic_type__tutorial,title_style,negative,-3.41346031,51.03398981,47.6205295,quantile_directional_analysis,RF/tree direction via directional analysis
videos,content_value_score_7d,shallow_tree_regressor,hook_semantic_type__unknown,title_style,negative,-2.28690826,49.96830769,47.68139943,quantile_directional_analysis,RF/tree direction via directional analysis
videos,content_value_score_7d,shallow_tree_regressor,hook_semantic_type__warning,title_style,negative,-0.71883077,50.83034329,50.11151251,quantile_directional_analysis,RF/tree direction via directional analysis
videos,content_value_score_7d,shallow_tree_regressor,semantic_cluster_label__de_de_mayo_mayo,semantic_cluster,negative,-1.91363133,51.23934311,49.32571178,quantile_directional_analysis,RF/tree direction via directional analysis
videos,content_value_score_7d,shallow_tree_regressor,semantic_cluster_label__de_en_el,semantic_cluster,positive,0.10256582,49.11236936,49.21493518,quantile_directional_analysis,RF/tree direction via directional analysis
videos,content_value_score_7d,shallow_tree_regressor,semantic_cluster_label__in_the_xi,semantic_cluster,negative,-2.98804895,51.17479868,48.18674973,quantile_directional_analysis,RF/tree direction via directional analysis
videos,content_value_score_7d,shallow_tree_regressor,semantic_cluster_label__la_de_de_la,semantic_cluster,negative,-1.37277139,50.53772348,49.1649521,quantile_directional_analysis,RF/tree direction via directional analysis
videos,content_value_score_7d,shallow_tree_regressor,semantic_cluster_label__the_of_is,semantic_cluster,positive,6.41171479,47.20501369,53.61672848,quantile_directional_analysis,RF/tree direction via directional analysis
videos,content_value_score_7d,shallow_tree_regressor,semantic_cluster_label__to_iran_trump,semantic_cluster,negative,-3.40658363,51.0751924,47.66860877,quantile_directional_analysis,RF/tree direction via directional analysis
videos,content_value_score_7d,shallow_tree_regressor,topic_primary__ai_tools,topic_metrics,positive,2.57658303,47.51258828,50.08917131,quantile_directional_analysis,RF/tree direction via directional analysis
videos,content_value_score_7d,shallow_tree_regressor,topic_primary__finance_personal,topic_metrics,negative,-1.87230302,51.0751924,49.20288938,quantile_directional_analysis,RF/tree direction via directional analysis
videos,content_value_score_7d,shallow_tree_regressor,topic_primary__news_trends,topic_metrics,negative,-2.26930003,51.19404821,48.92474818,quantile_directional_analysis,RF/tree direction via directional analysis
videos,content_value_score_7d,shallow_tree_regressor,topic_primary__productivity,topic_metrics,negative,-0.64953641,51.0751924,50.42565599,quantile_directional_analysis,RF/tree direction via directional analysis
videos,content_value_score_7d,shallow_tree_regressor,topic_primary__tutorial,topic_metrics,negative,-3.27345285,50.8985603,47.62510745,quantile_directional_analysis,RF/tree direction via directional analysis
videos,content_value_score_7d,shallow_tree_regressor,topic_primary__unknown,topic_metrics,negative,-1.06990369,50.35494315,49.28503945,quantile_directional_analysis,RF/tree direction via directional analysis
videos,content_value_score_7d,shallow_tree_regressor,topic_secondary__ai_tools,topic_metrics,negative,-2.40178522,51.20378383,48.80199861,quantile_directional_analysis,RF/tree direction via directional analysis
videos,content_value_score_7d,shallow_tree_regressor,topic_secondary__finance_personal,topic_metrics,negative,-2.18801063,50.93976289,48.75175226,quantile_directional_analysis,RF/tree direction via directional analysis
videos,content_value_score_7d,shallow_tree_regressor,topic_secondary__news_trends,topic_metrics,negative,-1.88863883,51.0751924,49.18655356,quantile_directional_analysis,RF/tree direction via directional analysis
videos,content_value_score_7d,shallow_tree_regressor,topic_secondary__tutorial,topic_metrics,negative,-1.63280215,51.0751924,49.44239025,quantile_directional_analysis,RF/tree direction via directional analysis
videos,content_value_score_7d,shallow_tree_regressor,topic_secondary__unknown,topic_metrics,negative,-2.54533019,51.02474173,48.47941154,quantile_directional_analysis,RF/tree direction via directional analysis
