content_format,target,model_family,feature,feature_group,importance_type,importance_value,importance_rank,direction,notes
videos,future_log_views_delta_7d,random_forest_regressor,ai_semantic_score,semantic_scores,permutation_importance_mean,-1.13e-06,47,negative,primary
videos,future_log_views_delta_7d,random_forest_regressor,ai_semantic_score,semantic_scores,permutation_importance_std,1.45e-06,47,negative,primary
videos,future_log_views_delta_7d,random_forest_regressor,ai_semantic_score,semantic_scores,impurity_importance,3.283e-05,47,negative,secondary
videos,future_log_views_delta_7d,random_forest_regressor,alpha_score,engagement_context,permutation_importance_mean,0.00039364,9,positive,primary
videos,future_log_views_delta_7d,random_forest_regressor,alpha_score,engagement_context,permutation_importance_std,5.625e-05,9,positive,primary
videos,future_log_views_delta_7d,random_forest_regressor,alpha_score,engagement_context,impurity_importance,0.00058687,9,positive,secondary
videos,future_log_views_delta_7d,random_forest_regressor,channel_momentum_score,channel_context,permutation_importance_mean,0.05849407,2,negative,primary
videos,future_log_views_delta_7d,random_forest_regressor,channel_momentum_score,channel_context,permutation_importance_std,0.00126807,2,negative,primary
videos,future_log_views_delta_7d,random_forest_regressor,channel_momentum_score,channel_context,impurity_importance,0.01639111,2,negative,secondary
videos,future_log_views_delta_7d,random_forest_regressor,channel_relative_success_score,channel_context,permutation_importance_mean,0.00471369,3,positive,primary
videos,future_log_views_delta_7d,random_forest_regressor,channel_relative_success_score,channel_context,permutation_importance_std,5.443e-05,3,positive,primary
videos,future_log_views_delta_7d,random_forest_regressor,channel_relative_success_score,channel_context,impurity_importance,0.00338252,3,positive,secondary
videos,future_log_views_delta_7d,random_forest_regressor,curiosity_semantic_score,semantic_scores,permutation_importance_mean,1e-08,58,negative,primary
videos,future_log_views_delta_7d,random_forest_regressor,curiosity_semantic_score,semantic_scores,permutation_importance_std,1.35e-06,58,negative,primary
videos,future_log_views_delta_7d,random_forest_regressor,curiosity_semantic_score,semantic_scores,impurity_importance,1.679e-05,58,negative,secondary
videos,future_log_views_delta_7d,random_forest_regressor,decision_score,model_decision,permutation_importance_mean,0.00015545,11,negative,primary
videos,future_log_views_delta_7d,random_forest_regressor,decision_score,model_decision,permutation_importance_std,1.352e-05,11,negative,primary
videos,future_log_views_delta_7d,random_forest_regressor,decision_score,model_decision,impurity_importance,0.00044695,11,negative,secondary
videos,future_log_views_delta_7d,random_forest_regressor,description_length_chars,engagement_context,permutation_importance_mean,5.244e-05,13,negative,primary
videos,future_log_views_delta_7d,random_forest_regressor,description_length_chars,engagement_context,permutation_importance_std,7.82e-06,13,negative,primary
videos,future_log_views_delta_7d,random_forest_regressor,description_length_chars,engagement_context,impurity_importance,0.00018728,13,negative,secondary
videos,future_log_views_delta_7d,random_forest_regressor,description_word_count,engagement_context,permutation_importance_mean,4.114e-05,15,negative,primary
videos,future_log_views_delta_7d,random_forest_regressor,description_word_count,engagement_context,permutation_importance_std,3.019e-05,15,negative,primary
videos,future_log_views_delta_7d,random_forest_regressor,description_word_count,engagement_context,impurity_importance,0.00021354,15,negative,secondary
videos,future_log_views_delta_7d,random_forest_regressor,engagement_rate,engagement_context,permutation_importance_mean,0.00194969,5,positive,primary
videos,future_log_views_delta_7d,random_forest_regressor,engagement_rate,engagement_context,permutation_importance_std,9.752e-05,5,positive,primary
videos,future_log_views_delta_7d,random_forest_regressor,engagement_rate,engagement_context,impurity_importance,0.00179367,5,positive,secondary
videos,future_log_views_delta_7d,random_forest_regressor,evergreen_score,engagement_context,permutation_importance_mean,0.00073936,7,negative,primary
videos,future_log_views_delta_7d,random_forest_regressor,evergreen_score,engagement_context,permutation_importance_std,0.00011335,7,negative,primary
videos,future_log_views_delta_7d,random_forest_regressor,evergreen_score,engagement_context,impurity_importance,0.00087468,7,negative,secondary
videos,future_log_views_delta_7d,random_forest_regressor,finance_semantic_score,semantic_scores,permutation_importance_mean,-5.9e-07,52,negative,primary
videos,future_log_views_delta_7d,random_forest_regressor,finance_semantic_score,semantic_scores,permutation_importance_std,1.57e-06,52,negative,primary
videos,future_log_views_delta_7d,random_forest_regressor,finance_semantic_score,semantic_scores,impurity_importance,1.02e-05,52,negative,secondary
videos,future_log_views_delta_7d,random_forest_regressor,has_ai_word,engagement_context,permutation_importance_mean,-3.85e-05,16,negative,primary
videos,future_log_views_delta_7d,random_forest_regressor,has_ai_word,engagement_context,permutation_importance_std,7.89e-06,16,negative,primary
videos,future_log_views_delta_7d,random_forest_regressor,has_ai_word,engagement_context,impurity_importance,8.856e-05,16,negative,secondary
videos,future_log_views_delta_7d,random_forest_regressor,has_finance_word,engagement_context,permutation_importance_mean,1.56e-06,42,negative,primary
videos,future_log_views_delta_7d,random_forest_regressor,has_finance_word,engagement_context,permutation_importance_std,3.7e-07,42,negative,primary
videos,future_log_views_delta_7d,random_forest_regressor,has_finance_word,engagement_context,impurity_importance,7.19e-06,42,negative,secondary
videos,future_log_views_delta_7d,random_forest_regressor,has_number,engagement_context,permutation_importance_mean,-8.5e-07,50,positive,primary
videos,future_log_views_delta_7d,random_forest_regressor,has_number,engagement_context,permutation_importance_std,1.04e-06,50,positive,primary
videos,future_log_views_delta_7d,random_forest_regressor,has_number,engagement_context,impurity_importance,1.334e-05,50,positive,secondary
videos,future_log_views_delta_7d,random_forest_regressor,has_question,engagement_context,permutation_importance_mean,-3.79e-06,39,negative,primary
videos,future_log_views_delta_7d,random_forest_regressor,has_question,engagement_context,permutation_importance_std,3.17e-06,39,negative,primary
videos,future_log_views_delta_7d,random_forest_regressor,has_question,engagement_context,impurity_importance,5.03e-05,39,negative,secondary
videos,future_log_views_delta_7d,random_forest_regressor,hybrid_decision_score,model_decision,permutation_importance_mean,0.00397101,4,positive,primary
videos,future_log_views_delta_7d,random_forest_regressor,hybrid_decision_score,model_decision,permutation_importance_std,0.0005993,4,positive,primary
videos,future_log_views_delta_7d,random_forest_regressor,hybrid_decision_score,model_decision,impurity_importance,0.00309337,4,positive,secondary
videos,future_log_views_delta_7d,random_forest_regressor,metadata_changed,metadata,permutation_importance_mean,-7.7e-07,51,negative,primary
videos,future_log_views_delta_7d,random_forest_regressor,metadata_changed,metadata,permutation_importance_std,1.54e-06,51,negative,primary
videos,future_log_views_delta_7d,random_forest_regressor,metadata_changed,metadata,impurity_importance,8.15e-06,51,negative,secondary
videos,future_log_views_delta_7d,random_forest_regressor,metric_confidence_score,engagement_context,permutation_importance_mean,0.00022347,10,negative,primary
videos,future_log_views_delta_7d,random_forest_regressor,metric_confidence_score,engagement_context,permutation_importance_std,2.164e-05,10,negative,primary
videos,future_log_views_delta_7d,random_forest_regressor,metric_confidence_score,engagement_context,impurity_importance,0.00023517,10,negative,secondary
videos,future_log_views_delta_7d,random_forest_regressor,news_semantic_score,semantic_scores,permutation_importance_mean,1.5e-07,54,negative,primary
videos,future_log_views_delta_7d,random_forest_regressor,news_semantic_score,semantic_scores,permutation_importance_std,9.5e-07,54,negative,primary
videos,future_log_views_delta_7d,random_forest_regressor,news_semantic_score,semantic_scores,impurity_importance,4.78e-06,54,negative,secondary
videos,future_log_views_delta_7d,random_forest_regressor,opportunity_score,engagement_context,permutation_importance_mean,0.00106495,6,positive,primary
videos,future_log_views_delta_7d,random_forest_regressor,opportunity_score,engagement_context,permutation_importance_std,0.00013801,6,positive,primary
videos,future_log_views_delta_7d,random_forest_regressor,opportunity_score,engagement_context,impurity_importance,0.00100796,6,positive,secondary
videos,future_log_views_delta_7d,random_forest_regressor,packaging_problem_score,engagement_context,permutation_importance_mean,0.00052516,8,negative,primary
videos,future_log_views_delta_7d,random_forest_regressor,packaging_problem_score,engagement_context,permutation_importance_std,3.044e-05,8,negative,primary
videos,future_log_views_delta_7d,random_forest_regressor,packaging_problem_score,engagement_context,impurity_importance,0.00079695,8,negative,secondary
videos,future_log_views_delta_7d,random_forest_regressor,productivity_semantic_score,semantic_scores,permutation_importance_mean,-7.94e-06,25,negative,primary
videos,future_log_views_delta_7d,random_forest_regressor,productivity_semantic_score,semantic_scores,permutation_importance_std,2.37e-06,25,negative,primary
videos,future_log_views_delta_7d,random_forest_regressor,productivity_semantic_score,semantic_scores,impurity_importance,1.763e-05,25,negative,secondary
videos,future_log_views_delta_7d,random_forest_regressor,promise_semantic_score,semantic_scores,permutation_importance_mean,-2.34e-06,40,negative,primary
videos,future_log_views_delta_7d,random_forest_regressor,promise_semantic_score,semantic_scores,permutation_importance_std,6.3e-07,40,negative,primary
videos,future_log_views_delta_7d,random_forest_regressor,promise_semantic_score,semantic_scores,impurity_importance,2.73e-06,40,negative,secondary
videos,future_log_views_delta_7d,random_forest_regressor,semantic_cluster_id,semantic_cluster,permutation_importance_mean,-1.743e-05,18,negative,primary
videos,future_log_views_delta_7d,random_forest_regressor,semantic_cluster_id,semantic_cluster,permutation_importance_std,1.124e-05,18,negative,primary
videos,future_log_views_delta_7d,random_forest_regressor,semantic_cluster_id,semantic_cluster,impurity_importance,0.00015349,18,negative,secondary
videos,future_log_views_delta_7d,random_forest_regressor,title_has_currency,title_style,permutation_importance_mean,0.0,61,negative,primary
videos,future_log_views_delta_7d,random_forest_regressor,title_has_currency,title_style,permutation_importance_std,0.0,61,negative,primary
videos,future_log_views_delta_7d,random_forest_regressor,title_has_currency,title_style,impurity_importance,2.19e-06,61,negative,secondary
videos,future_log_views_delta_7d,random_forest_regressor,title_has_number,title_style,permutation_importance_mean,-9e-07,48,positive,primary
videos,future_log_views_delta_7d,random_forest_regressor,title_has_number,title_style,permutation_importance_std,1.68e-06,48,positive,primary
videos,future_log_views_delta_7d,random_forest_regressor,title_has_number,title_style,impurity_importance,1.058e-05,48,positive,secondary
videos,future_log_views_delta_7d,random_forest_regressor,title_has_question,title_style,permutation_importance_mean,-4.3e-06,35,negative,primary
videos,future_log_views_delta_7d,random_forest_regressor,title_has_question,title_style,permutation_importance_std,1.58e-06,35,negative,primary
videos,future_log_views_delta_7d,random_forest_regressor,title_has_question,title_style,impurity_importance,3.179e-05,35,negative,secondary
videos,future_log_views_delta_7d,random_forest_regressor,title_has_year,title_style,permutation_importance_mean,-4.41e-06,34,negative,primary
videos,future_log_views_delta_7d,random_forest_regressor,title_has_year,title_style,permutation_importance_std,4.36e-06,34,negative,primary
videos,future_log_views_delta_7d,random_forest_regressor,title_has_year,title_style,impurity_importance,1.228e-05,34,negative,secondary
videos,future_log_views_delta_7d,random_forest_regressor,title_length_chars,title_style,permutation_importance_mean,6.052e-05,12,negative,primary
videos,future_log_views_delta_7d,random_forest_regressor,title_length_chars,title_style,permutation_importance_std,3.52e-06,12,negative,primary
videos,future_log_views_delta_7d,random_forest_regressor,title_length_chars,title_style,impurity_importance,0.00021301,12,negative,secondary
videos,future_log_views_delta_7d,random_forest_regressor,title_word_count,title_style,permutation_importance_mean,4.465e-05,14,negative,primary
videos,future_log_views_delta_7d,random_forest_regressor,title_word_count,title_style,permutation_importance_std,2.253e-05,14,negative,primary
videos,future_log_views_delta_7d,random_forest_regressor,title_word_count,title_style,impurity_importance,0.000216,14,negative,secondary
videos,future_log_views_delta_7d,random_forest_regressor,topic_confidence,topic_metrics,permutation_importance_mean,-8.84e-06,23,negative,primary
videos,future_log_views_delta_7d,random_forest_regressor,topic_confidence,topic_metrics,permutation_importance_std,5.82e-06,23,negative,primary
videos,future_log_views_delta_7d,random_forest_regressor,topic_confidence,topic_metrics,impurity_importance,4.366e-05,23,negative,secondary
videos,future_log_views_delta_7d,random_forest_regressor,topic_opportunity_score,topic_metrics,permutation_importance_mean,4.6e-06,32,positive,primary
videos,future_log_views_delta_7d,random_forest_regressor,topic_opportunity_score,topic_metrics,permutation_importance_std,4.33e-06,32,positive,primary
videos,future_log_views_delta_7d,random_forest_regressor,topic_opportunity_score,topic_metrics,impurity_importance,4.768e-05,32,positive,secondary
videos,future_log_views_delta_7d,random_forest_regressor,topic_saturation_score,topic_metrics,permutation_importance_mean,-6.91e-06,27,positive,primary
videos,future_log_views_delta_7d,random_forest_regressor,topic_saturation_score,topic_metrics,permutation_importance_std,6.56e-06,27,positive,primary
videos,future_log_views_delta_7d,random_forest_regressor,topic_saturation_score,topic_metrics,impurity_importance,0.00016205,27,positive,secondary
videos,future_log_views_delta_7d,random_forest_regressor,trend_burst_score,engagement_context,permutation_importance_mean,5.4e-07,53,negative,primary
videos,future_log_views_delta_7d,random_forest_regressor,trend_burst_score,engagement_context,permutation_importance_std,5.8e-07,53,negative,primary
videos,future_log_views_delta_7d,random_forest_regressor,trend_burst_score,engagement_context,impurity_importance,8.1e-07,53,negative,secondary
videos,future_log_views_delta_7d,random_forest_regressor,tutorial_semantic_score,semantic_scores,permutation_importance_mean,-1.134e-05,21,negative,primary
videos,future_log_views_delta_7d,random_forest_regressor,tutorial_semantic_score,semantic_scores,permutation_importance_std,7e-07,21,negative,primary
videos,future_log_views_delta_7d,random_forest_regressor,tutorial_semantic_score,semantic_scores,impurity_importance,1.621e-05,21,negative,secondary
videos,future_log_views_delta_7d,random_forest_regressor,urgency_semantic_score,semantic_scores,permutation_importance_mean,-1.3e-07,55,negative,primary
videos,future_log_views_delta_7d,random_forest_regressor,urgency_semantic_score,semantic_scores,permutation_importance_std,1.69e-06,55,negative,primary
videos,future_log_views_delta_7d,random_forest_regressor,urgency_semantic_score,semantic_scores,impurity_importance,8.28e-06,55,negative,secondary
videos,future_log_views_delta_7d,random_forest_regressor,views_delta,engagement_context,permutation_importance_mean,1.77616231,1,positive,primary
videos,future_log_views_delta_7d,random_forest_regressor,views_delta,engagement_context,permutation_importance_std,0.0165246,1,positive,primary
videos,future_log_views_delta_7d,random_forest_regressor,views_delta,engagement_context,impurity_importance,0.96923322,1,positive,secondary
videos,future_log_views_delta_7d,random_forest_regressor,warning_semantic_score,semantic_scores,permutation_importance_mean,1.575e-05,19,negative,primary
videos,future_log_views_delta_7d,random_forest_regressor,warning_semantic_score,semantic_scores,permutation_importance_std,1.28e-05,19,negative,primary
videos,future_log_views_delta_7d,random_forest_regressor,warning_semantic_score,semantic_scores,impurity_importance,0.00022244,19,negative,secondary
videos,future_log_views_delta_7d,random_forest_regressor,hook_semantic_type__ai,title_style,permutation_importance_mean,-1.4e-06,45,negative,primary
videos,future_log_views_delta_7d,random_forest_regressor,hook_semantic_type__ai,title_style,permutation_importance_std,2.18e-06,45,negative,primary
videos,future_log_views_delta_7d,random_forest_regressor,hook_semantic_type__ai,title_style,impurity_importance,2.067e-05,45,negative,secondary
videos,future_log_views_delta_7d,random_forest_regressor,hook_semantic_type__curiosity,title_style,permutation_importance_mean,-1.88e-06,41,negative,primary
videos,future_log_views_delta_7d,random_forest_regressor,hook_semantic_type__curiosity,title_style,permutation_importance_std,1e-06,41,negative,primary
videos,future_log_views_delta_7d,random_forest_regressor,hook_semantic_type__curiosity,title_style,impurity_importance,1.702e-05,41,negative,secondary
videos,future_log_views_delta_7d,random_forest_regressor,hook_semantic_type__finance,title_style,permutation_importance_mean,4.66e-06,31,negative,primary
videos,future_log_views_delta_7d,random_forest_regressor,hook_semantic_type__finance,title_style,permutation_importance_std,2.92e-06,31,negative,primary
videos,future_log_views_delta_7d,random_forest_regressor,hook_semantic_type__finance,title_style,impurity_importance,1.381e-05,31,negative,secondary
videos,future_log_views_delta_7d,random_forest_regressor,hook_semantic_type__news,title_style,permutation_importance_mean,8.9e-07,49,negative,primary
videos,future_log_views_delta_7d,random_forest_regressor,hook_semantic_type__news,title_style,permutation_importance_std,7.4e-07,49,negative,primary
videos,future_log_views_delta_7d,random_forest_regressor,hook_semantic_type__news,title_style,impurity_importance,6.23e-06,49,negative,secondary
videos,future_log_views_delta_7d,random_forest_regressor,hook_semantic_type__promise,title_style,permutation_importance_mean,-5e-08,57,negative,primary
videos,future_log_views_delta_7d,random_forest_regressor,hook_semantic_type__promise,title_style,permutation_importance_std,5e-08,57,negative,primary
videos,future_log_views_delta_7d,random_forest_regressor,hook_semantic_type__promise,title_style,impurity_importance,3.6e-07,57,negative,secondary
videos,future_log_views_delta_7d,random_forest_regressor,hook_semantic_type__tutorial,title_style,permutation_importance_mean,-1.17e-06,46,negative,primary
videos,future_log_views_delta_7d,random_forest_regressor,hook_semantic_type__tutorial,title_style,permutation_importance_std,1.05e-06,46,negative,primary
videos,future_log_views_delta_7d,random_forest_regressor,hook_semantic_type__tutorial,title_style,impurity_importance,1.151e-05,46,negative,secondary
videos,future_log_views_delta_7d,random_forest_regressor,hook_semantic_type__unknown,title_style,permutation_importance_mean,4.48e-06,33,positive,primary
videos,future_log_views_delta_7d,random_forest_regressor,hook_semantic_type__unknown,title_style,permutation_importance_std,6.21e-06,33,positive,primary
videos,future_log_views_delta_7d,random_forest_regressor,hook_semantic_type__unknown,title_style,impurity_importance,1.956e-05,33,positive,secondary
videos,future_log_views_delta_7d,random_forest_regressor,hook_semantic_type__warning,title_style,permutation_importance_mean,7.48e-06,26,negative,primary
videos,future_log_views_delta_7d,random_forest_regressor,hook_semantic_type__warning,title_style,permutation_importance_std,2.7e-06,26,negative,primary
videos,future_log_views_delta_7d,random_forest_regressor,hook_semantic_type__warning,title_style,impurity_importance,1.586e-05,26,negative,secondary
videos,future_log_views_delta_7d,random_forest_regressor,semantic_cluster_label__de_la_en,semantic_cluster,permutation_importance_mean,1.08e-05,22,negative,primary
videos,future_log_views_delta_7d,random_forest_regressor,semantic_cluster_label__de_la_en,semantic_cluster,permutation_importance_std,3.43e-06,22,negative,primary
videos,future_log_views_delta_7d,random_forest_regressor,semantic_cluster_label__de_la_en,semantic_cluster,impurity_importance,4.283e-05,22,negative,secondary
videos,future_log_views_delta_7d,random_forest_regressor,semantic_cluster_label__el_de_en,semantic_cluster,permutation_importance_mean,5.02e-06,30,negative,primary
videos,future_log_views_delta_7d,random_forest_regressor,semantic_cluster_label__el_de_en,semantic_cluster,permutation_importance_std,6.34e-06,30,negative,primary
videos,future_log_views_delta_7d,random_forest_regressor,semantic_cluster_label__el_de_en,semantic_cluster,impurity_importance,1.669e-05,30,negative,secondary
videos,future_log_views_delta_7d,random_forest_regressor,semantic_cluster_label__highlights_26_mlb_mlb_highlights,semantic_cluster,permutation_importance_mean,0.0,62,negative,primary
videos,future_log_views_delta_7d,random_forest_regressor,semantic_cluster_label__highlights_26_mlb_mlb_highlights,semantic_cluster,permutation_importance_std,0.0,62,negative,primary
videos,future_log_views_delta_7d,random_forest_regressor,semantic_cluster_label__highlights_26_mlb_mlb_highlights,semantic_cluster,impurity_importance,0.0,62,negative,secondary
videos,future_log_views_delta_7d,random_forest_regressor,semantic_cluster_label__sign_up_liv_on_on_youtube,semantic_cluster,permutation_importance_mean,0.0,63,negative,primary
videos,future_log_views_delta_7d,random_forest_regressor,semantic_cluster_label__sign_up_liv_on_on_youtube,semantic_cluster,permutation_importance_std,0.0,63,negative,primary
videos,future_log_views_delta_7d,random_forest_regressor,semantic_cluster_label__sign_up_liv_on_on_youtube,semantic_cluster,impurity_importance,0.0,63,negative,secondary
videos,future_log_views_delta_7d,random_forest_regressor,semantic_cluster_label__the_in_of,semantic_cluster,permutation_importance_mean,-1.5e-06,43,positive,primary
videos,future_log_views_delta_7d,random_forest_regressor,semantic_cluster_label__the_in_of,semantic_cluster,permutation_importance_std,4.5e-06,43,positive,primary
videos,future_log_views_delta_7d,random_forest_regressor,semantic_cluster_label__the_in_of,semantic_cluster,impurity_importance,1.924e-05,43,positive,secondary
videos,future_log_views_delta_7d,random_forest_regressor,semantic_cluster_label__to_may_2026,semantic_cluster,permutation_importance_mean,1.439e-05,20,negative,primary
videos,future_log_views_delta_7d,random_forest_regressor,semantic_cluster_label__to_may_2026,semantic_cluster,permutation_importance_std,5.06e-06,20,negative,primary
videos,future_log_views_delta_7d,random_forest_regressor,semantic_cluster_label__to_may_2026,semantic_cluster,impurity_importance,1.415e-05,20,negative,secondary
videos,future_log_views_delta_7d,random_forest_regressor,semantic_cluster_label__trump_on_of,semantic_cluster,permutation_importance_mean,3.84e-06,37,positive,primary
videos,future_log_views_delta_7d,random_forest_regressor,semantic_cluster_label__trump_on_of,semantic_cluster,permutation_importance_std,4.94e-06,37,positive,primary
videos,future_log_views_delta_7d,random_forest_regressor,semantic_cluster_label__trump_on_of,semantic_cluster,impurity_importance,2.396e-05,37,positive,secondary
videos,future_log_views_delta_7d,random_forest_regressor,topic_primary__ai_tools,topic_metrics,permutation_importance_mean,-3.63e-05,17,negative,primary
videos,future_log_views_delta_7d,random_forest_regressor,topic_primary__ai_tools,topic_metrics,permutation_importance_std,9.14e-06,17,negative,primary
videos,future_log_views_delta_7d,random_forest_regressor,topic_primary__ai_tools,topic_metrics,impurity_importance,6.021e-05,17,negative,secondary
videos,future_log_views_delta_7d,random_forest_regressor,topic_primary__finance_personal,topic_metrics,permutation_importance_mean,8.68e-06,24,negative,primary
videos,future_log_views_delta_7d,random_forest_regressor,topic_primary__finance_personal,topic_metrics,permutation_importance_std,2.02e-06,24,negative,primary
videos,future_log_views_delta_7d,random_forest_regressor,topic_primary__finance_personal,topic_metrics,impurity_importance,5.12e-06,24,negative,secondary
videos,future_log_views_delta_7d,random_forest_regressor,topic_primary__news_trends,topic_metrics,permutation_importance_mean,-6e-08,56,negative,primary
videos,future_log_views_delta_7d,random_forest_regressor,topic_primary__news_trends,topic_metrics,permutation_importance_std,8e-08,56,negative,primary
videos,future_log_views_delta_7d,random_forest_regressor,topic_primary__news_trends,topic_metrics,impurity_importance,8.7e-07,56,negative,secondary
videos,future_log_views_delta_7d,random_forest_regressor,topic_primary__productivity,topic_metrics,permutation_importance_mean,-6.32e-06,28,negative,primary
videos,future_log_views_delta_7d,random_forest_regressor,topic_primary__productivity,topic_metrics,permutation_importance_std,3.14e-06,28,negative,primary
videos,future_log_views_delta_7d,random_forest_regressor,topic_primary__productivity,topic_metrics,impurity_importance,2.596e-05,28,negative,secondary
videos,future_log_views_delta_7d,random_forest_regressor,topic_primary__tutorial,topic_metrics,permutation_importance_mean,-5.07e-06,29,negative,primary
videos,future_log_views_delta_7d,random_forest_regressor,topic_primary__tutorial,topic_metrics,permutation_importance_std,1.25e-06,29,negative,primary
videos,future_log_views_delta_7d,random_forest_regressor,topic_primary__tutorial,topic_metrics,impurity_importance,1.661e-05,29,negative,secondary
videos,future_log_views_delta_7d,random_forest_regressor,topic_primary__unknown,topic_metrics,permutation_importance_mean,4.26e-06,36,positive,primary
videos,future_log_views_delta_7d,random_forest_regressor,topic_primary__unknown,topic_metrics,permutation_importance_std,1e-06,36,positive,primary
videos,future_log_views_delta_7d,random_forest_regressor,topic_primary__unknown,topic_metrics,impurity_importance,1.436e-05,36,positive,secondary
videos,future_log_views_delta_7d,random_forest_regressor,topic_secondary__ai_tools,topic_metrics,permutation_importance_mean,-3.82e-06,38,negative,primary
videos,future_log_views_delta_7d,random_forest_regressor,topic_secondary__ai_tools,topic_metrics,permutation_importance_std,1.1e-07,38,negative,primary
videos,future_log_views_delta_7d,random_forest_regressor,topic_secondary__ai_tools,topic_metrics,impurity_importance,1.68e-06,38,negative,secondary
videos,future_log_views_delta_7d,random_forest_regressor,topic_secondary__finance_personal,topic_metrics,permutation_importance_mean,0.0,60,negative,primary
videos,future_log_views_delta_7d,random_forest_regressor,topic_secondary__finance_personal,topic_metrics,permutation_importance_std,1e-08,60,negative,primary
videos,future_log_views_delta_7d,random_forest_regressor,topic_secondary__finance_personal,topic_metrics,impurity_importance,1.81e-06,60,negative,secondary
videos,future_log_views_delta_7d,random_forest_regressor,topic_secondary__news_trends,topic_metrics,permutation_importance_mean,-0.0,59,negative,primary
videos,future_log_views_delta_7d,random_forest_regressor,topic_secondary__news_trends,topic_metrics,permutation_importance_std,0.0,59,negative,primary
videos,future_log_views_delta_7d,random_forest_regressor,topic_secondary__news_trends,topic_metrics,impurity_importance,1.58e-06,59,negative,secondary
videos,future_log_views_delta_7d,random_forest_regressor,topic_secondary__productivity,topic_metrics,permutation_importance_mean,0.0,64,negative,primary
videos,future_log_views_delta_7d,random_forest_regressor,topic_secondary__productivity,topic_metrics,permutation_importance_std,0.0,64,negative,primary
videos,future_log_views_delta_7d,random_forest_regressor,topic_secondary__productivity,topic_metrics,impurity_importance,0.0,64,negative,secondary
videos,future_log_views_delta_7d,random_forest_regressor,topic_secondary__tutorial,topic_metrics,permutation_importance_mean,0.0,65,negative,primary
videos,future_log_views_delta_7d,random_forest_regressor,topic_secondary__tutorial,topic_metrics,permutation_importance_std,0.0,65,negative,primary
videos,future_log_views_delta_7d,random_forest_regressor,topic_secondary__tutorial,topic_metrics,impurity_importance,0.0,65,negative,secondary
videos,future_log_views_delta_7d,random_forest_regressor,topic_secondary__unknown,topic_metrics,permutation_importance_mean,1.41e-06,44,negative,primary
videos,future_log_views_delta_7d,random_forest_regressor,topic_secondary__unknown,topic_metrics,permutation_importance_std,2.82e-06,44,negative,primary
videos,future_log_views_delta_7d,random_forest_regressor,topic_secondary__unknown,topic_metrics,impurity_importance,1.365e-05,44,negative,secondary
videos,future_log_views_delta_7d,linear_regularized_regressor,ai_semantic_score,semantic_scores,standardized_coefficient,0.05983981,45,positive,primary
videos,future_log_views_delta_7d,linear_regularized_regressor,alpha_score,engagement_context,standardized_coefficient,3.33059764,1,positive,primary
videos,future_log_views_delta_7d,linear_regularized_regressor,channel_momentum_score,channel_context,standardized_coefficient,-0.24937098,23,negative,primary
videos,future_log_views_delta_7d,linear_regularized_regressor,channel_relative_success_score,channel_context,standardized_coefficient,-0.14286346,33,negative,primary
videos,future_log_views_delta_7d,linear_regularized_regressor,curiosity_semantic_score,semantic_scores,standardized_coefficient,-0.0297388,51,negative,primary
videos,future_log_views_delta_7d,linear_regularized_regressor,decision_score,model_decision,standardized_coefficient,-0.42023477,17,negative,primary
videos,future_log_views_delta_7d,linear_regularized_regressor,description_length_chars,engagement_context,standardized_coefficient,-0.05565959,47,negative,primary
videos,future_log_views_delta_7d,linear_regularized_regressor,description_word_count,engagement_context,standardized_coefficient,0.02015653,57,positive,primary
videos,future_log_views_delta_7d,linear_regularized_regressor,engagement_rate,engagement_context,standardized_coefficient,-0.1175106,37,negative,primary
videos,future_log_views_delta_7d,linear_regularized_regressor,evergreen_score,engagement_context,standardized_coefficient,0.00288549,65,positive,primary
videos,future_log_views_delta_7d,linear_regularized_regressor,finance_semantic_score,semantic_scores,standardized_coefficient,0.02229274,54,positive,primary
videos,future_log_views_delta_7d,linear_regularized_regressor,has_ai_word,engagement_context,standardized_coefficient,-0.04158639,49,negative,primary
videos,future_log_views_delta_7d,linear_regularized_regressor,has_finance_word,engagement_context,standardized_coefficient,0.02167681,55,positive,primary
videos,future_log_views_delta_7d,linear_regularized_regressor,has_number,engagement_context,standardized_coefficient,-0.00859626,63,negative,primary
videos,future_log_views_delta_7d,linear_regularized_regressor,has_question,engagement_context,standardized_coefficient,0.66412544,8,positive,primary
videos,future_log_views_delta_7d,linear_regularized_regressor,hybrid_decision_score,model_decision,standardized_coefficient,0.5231148,14,positive,primary
videos,future_log_views_delta_7d,linear_regularized_regressor,metadata_changed,metadata,standardized_coefficient,0.01241203,61,positive,primary
videos,future_log_views_delta_7d,linear_regularized_regressor,metric_confidence_score,engagement_context,standardized_coefficient,0.06007026,44,positive,primary
videos,future_log_views_delta_7d,linear_regularized_regressor,news_semantic_score,semantic_scores,standardized_coefficient,0.08823382,39,positive,primary
videos,future_log_views_delta_7d,linear_regularized_regressor,opportunity_score,engagement_context,standardized_coefficient,-1.34801066,2,negative,primary
videos,future_log_views_delta_7d,linear_regularized_regressor,packaging_problem_score,engagement_context,standardized_coefficient,-0.32976659,19,negative,primary
videos,future_log_views_delta_7d,linear_regularized_regressor,productivity_semantic_score,semantic_scores,standardized_coefficient,0.138087,36,positive,primary
videos,future_log_views_delta_7d,linear_regularized_regressor,promise_semantic_score,semantic_scores,standardized_coefficient,0.07414848,43,positive,primary
videos,future_log_views_delta_7d,linear_regularized_regressor,semantic_cluster_id,semantic_cluster,standardized_coefficient,-0.60420245,10,negative,primary
videos,future_log_views_delta_7d,linear_regularized_regressor,title_has_currency,title_style,standardized_coefficient,0.00435297,64,positive,primary
videos,future_log_views_delta_7d,linear_regularized_regressor,title_has_number,title_style,standardized_coefficient,-0.00859626,62,negative,primary
videos,future_log_views_delta_7d,linear_regularized_regressor,title_has_question,title_style,standardized_coefficient,-0.67152634,7,negative,primary
videos,future_log_views_delta_7d,linear_regularized_regressor,title_has_year,title_style,standardized_coefficient,-0.0205708,56,negative,primary
videos,future_log_views_delta_7d,linear_regularized_regressor,title_length_chars,title_style,standardized_coefficient,-0.05565959,46,negative,primary
videos,future_log_views_delta_7d,linear_regularized_regressor,title_word_count,title_style,standardized_coefficient,0.02015653,58,positive,primary
videos,future_log_views_delta_7d,linear_regularized_regressor,topic_confidence,topic_metrics,standardized_coefficient,-0.05499291,48,negative,primary
videos,future_log_views_delta_7d,linear_regularized_regressor,topic_opportunity_score,topic_metrics,standardized_coefficient,-0.71931903,6,negative,primary
videos,future_log_views_delta_7d,linear_regularized_regressor,topic_saturation_score,topic_metrics,standardized_coefficient,0.88041753,5,positive,primary
videos,future_log_views_delta_7d,linear_regularized_regressor,trend_burst_score,engagement_context,standardized_coefficient,-0.16387386,30,negative,primary
videos,future_log_views_delta_7d,linear_regularized_regressor,tutorial_semantic_score,semantic_scores,standardized_coefficient,0.07944078,41,positive,primary
videos,future_log_views_delta_7d,linear_regularized_regressor,urgency_semantic_score,semantic_scores,standardized_coefficient,0.01690311,60,positive,primary
videos,future_log_views_delta_7d,linear_regularized_regressor,views_delta,engagement_context,standardized_coefficient,0.23876295,24,positive,primary
videos,future_log_views_delta_7d,linear_regularized_regressor,warning_semantic_score,semantic_scores,standardized_coefficient,0.0332752,50,positive,primary
videos,future_log_views_delta_7d,linear_regularized_regressor,hook_semantic_type__ai,title_style,standardized_coefficient,-0.40700518,18,negative,primary
videos,future_log_views_delta_7d,linear_regularized_regressor,hook_semantic_type__curiosity,title_style,standardized_coefficient,-0.14179251,34,negative,primary
videos,future_log_views_delta_7d,linear_regularized_regressor,hook_semantic_type__finance,title_style,standardized_coefficient,-0.08624278,40,negative,primary
videos,future_log_views_delta_7d,linear_regularized_regressor,hook_semantic_type__news,title_style,standardized_coefficient,-0.09207544,38,negative,primary
videos,future_log_views_delta_7d,linear_regularized_regressor,hook_semantic_type__promise,title_style,standardized_coefficient,-0.16839842,28,negative,primary
videos,future_log_views_delta_7d,linear_regularized_regressor,hook_semantic_type__tutorial,title_style,standardized_coefficient,-0.22024385,26,negative,primary
videos,future_log_views_delta_7d,linear_regularized_regressor,hook_semantic_type__unknown,title_style,standardized_coefficient,-0.43093847,16,negative,primary
videos,future_log_views_delta_7d,linear_regularized_regressor,hook_semantic_type__warning,title_style,standardized_coefficient,-0.16627994,29,negative,primary
videos,future_log_views_delta_7d,linear_regularized_regressor,semantic_cluster_label__de_la_en,semantic_cluster,standardized_coefficient,0.02948118,52,positive,primary
videos,future_log_views_delta_7d,linear_regularized_regressor,semantic_cluster_label__el_de_en,semantic_cluster,standardized_coefficient,-0.26547059,21,negative,primary
videos,future_log_views_delta_7d,linear_regularized_regressor,semantic_cluster_label__highlights_26_mlb_mlb_highlights,semantic_cluster,standardized_coefficient,-0.1493814,32,negative,primary
videos,future_log_views_delta_7d,linear_regularized_regressor,semantic_cluster_label__sign_up_liv_on_on_youtube,semantic_cluster,standardized_coefficient,-0.18163161,27,negative,primary
videos,future_log_views_delta_7d,linear_regularized_regressor,semantic_cluster_label__the_in_of,semantic_cluster,standardized_coefficient,-0.3032796,20,negative,primary
videos,future_log_views_delta_7d,linear_regularized_regressor,semantic_cluster_label__to_may_2026,semantic_cluster,standardized_coefficient,-0.0187353,59,negative,primary
videos,future_log_views_delta_7d,linear_regularized_regressor,semantic_cluster_label__trump_on_of,semantic_cluster,standardized_coefficient,-0.63830156,9,negative,primary
videos,future_log_views_delta_7d,linear_regularized_regressor,topic_primary__ai_tools,topic_metrics,standardized_coefficient,-0.44139238,15,negative,primary
videos,future_log_views_delta_7d,linear_regularized_regressor,topic_primary__finance_personal,topic_metrics,standardized_coefficient,0.02458364,53,positive,primary
videos,future_log_views_delta_7d,linear_regularized_regressor,topic_primary__news_trends,topic_metrics,standardized_coefficient,-0.5353807,13,negative,primary
videos,future_log_views_delta_7d,linear_regularized_regressor,topic_primary__productivity,topic_metrics,standardized_coefficient,0.14944419,31,positive,primary
videos,future_log_views_delta_7d,linear_regularized_regressor,topic_primary__tutorial,topic_metrics,standardized_coefficient,0.13835068,35,positive,primary
videos,future_log_views_delta_7d,linear_regularized_regressor,topic_primary__unknown,topic_metrics,standardized_coefficient,-0.54065144,12,negative,primary
videos,future_log_views_delta_7d,linear_regularized_regressor,topic_secondary__ai_tools,topic_metrics,standardized_coefficient,-1.11818173,4,negative,primary
videos,future_log_views_delta_7d,linear_regularized_regressor,topic_secondary__finance_personal,topic_metrics,standardized_coefficient,-0.55656237,11,negative,primary
videos,future_log_views_delta_7d,linear_regularized_regressor,topic_secondary__news_trends,topic_metrics,standardized_coefficient,-0.23611625,25,negative,primary
videos,future_log_views_delta_7d,linear_regularized_regressor,topic_secondary__productivity,topic_metrics,standardized_coefficient,-0.07866454,42,negative,primary
videos,future_log_views_delta_7d,linear_regularized_regressor,topic_secondary__tutorial,topic_metrics,standardized_coefficient,-0.25760036,22,negative,primary
videos,future_log_views_delta_7d,linear_regularized_regressor,topic_secondary__unknown,topic_metrics,standardized_coefficient,-1.22134901,3,negative,primary
videos,future_log_views_delta_7d,shallow_tree_regressor,ai_semantic_score,semantic_scores,feature_importance,0.0,3,negative,primary
videos,future_log_views_delta_7d,shallow_tree_regressor,alpha_score,engagement_context,feature_importance,0.0,4,positive,primary
videos,future_log_views_delta_7d,shallow_tree_regressor,channel_momentum_score,channel_context,feature_importance,0.01302873,2,negative,primary
videos,future_log_views_delta_7d,shallow_tree_regressor,channel_relative_success_score,channel_context,feature_importance,0.0,5,positive,primary
videos,future_log_views_delta_7d,shallow_tree_regressor,curiosity_semantic_score,semantic_scores,feature_importance,0.0,6,negative,primary
videos,future_log_views_delta_7d,shallow_tree_regressor,decision_score,model_decision,feature_importance,0.0,7,negative,primary
videos,future_log_views_delta_7d,shallow_tree_regressor,description_length_chars,engagement_context,feature_importance,0.0,8,negative,primary
videos,future_log_views_delta_7d,shallow_tree_regressor,description_word_count,engagement_context,feature_importance,0.0,9,negative,primary
videos,future_log_views_delta_7d,shallow_tree_regressor,engagement_rate,engagement_context,feature_importance,0.0,10,positive,primary
videos,future_log_views_delta_7d,shallow_tree_regressor,evergreen_score,engagement_context,feature_importance,0.0,11,negative,primary
videos,future_log_views_delta_7d,shallow_tree_regressor,finance_semantic_score,semantic_scores,feature_importance,0.0,12,negative,primary
videos,future_log_views_delta_7d,shallow_tree_regressor,has_ai_word,engagement_context,feature_importance,0.0,13,negative,primary
videos,future_log_views_delta_7d,shallow_tree_regressor,has_finance_word,engagement_context,feature_importance,0.0,14,negative,primary
videos,future_log_views_delta_7d,shallow_tree_regressor,has_number,engagement_context,feature_importance,0.0,15,positive,primary
videos,future_log_views_delta_7d,shallow_tree_regressor,has_question,engagement_context,feature_importance,0.0,16,negative,primary
videos,future_log_views_delta_7d,shallow_tree_regressor,hybrid_decision_score,model_decision,feature_importance,0.0,17,positive,primary
videos,future_log_views_delta_7d,shallow_tree_regressor,metadata_changed,metadata,feature_importance,0.0,18,negative,primary
videos,future_log_views_delta_7d,shallow_tree_regressor,metric_confidence_score,engagement_context,feature_importance,0.0,19,negative,primary
videos,future_log_views_delta_7d,shallow_tree_regressor,news_semantic_score,semantic_scores,feature_importance,0.0,20,negative,primary
videos,future_log_views_delta_7d,shallow_tree_regressor,opportunity_score,engagement_context,feature_importance,0.0,21,positive,primary
videos,future_log_views_delta_7d,shallow_tree_regressor,packaging_problem_score,engagement_context,feature_importance,0.0,22,negative,primary
videos,future_log_views_delta_7d,shallow_tree_regressor,productivity_semantic_score,semantic_scores,feature_importance,0.0,23,negative,primary
videos,future_log_views_delta_7d,shallow_tree_regressor,promise_semantic_score,semantic_scores,feature_importance,0.0,24,negative,primary
videos,future_log_views_delta_7d,shallow_tree_regressor,semantic_cluster_id,semantic_cluster,feature_importance,0.0,25,negative,primary
videos,future_log_views_delta_7d,shallow_tree_regressor,title_has_currency,title_style,feature_importance,0.0,26,negative,primary
videos,future_log_views_delta_7d,shallow_tree_regressor,title_has_number,title_style,feature_importance,0.0,27,positive,primary
videos,future_log_views_delta_7d,shallow_tree_regressor,title_has_question,title_style,feature_importance,0.0,28,negative,primary
videos,future_log_views_delta_7d,shallow_tree_regressor,title_has_year,title_style,feature_importance,0.0,29,negative,primary
videos,future_log_views_delta_7d,shallow_tree_regressor,title_length_chars,title_style,feature_importance,0.0,30,negative,primary
videos,future_log_views_delta_7d,shallow_tree_regressor,title_word_count,title_style,feature_importance,0.0,31,negative,primary
videos,future_log_views_delta_7d,shallow_tree_regressor,topic_confidence,topic_metrics,feature_importance,0.0,32,negative,primary
videos,future_log_views_delta_7d,shallow_tree_regressor,topic_opportunity_score,topic_metrics,feature_importance,0.0,33,positive,primary
videos,future_log_views_delta_7d,shallow_tree_regressor,topic_saturation_score,topic_metrics,feature_importance,0.0,34,positive,primary
videos,future_log_views_delta_7d,shallow_tree_regressor,trend_burst_score,engagement_context,feature_importance,0.0,35,negative,primary
videos,future_log_views_delta_7d,shallow_tree_regressor,tutorial_semantic_score,semantic_scores,feature_importance,0.0,36,negative,primary
videos,future_log_views_delta_7d,shallow_tree_regressor,urgency_semantic_score,semantic_scores,feature_importance,0.0,37,negative,primary
videos,future_log_views_delta_7d,shallow_tree_regressor,views_delta,engagement_context,feature_importance,0.98697127,1,positive,primary
videos,future_log_views_delta_7d,shallow_tree_regressor,warning_semantic_score,semantic_scores,feature_importance,0.0,38,negative,primary
videos,future_log_views_delta_7d,shallow_tree_regressor,hook_semantic_type__ai,title_style,feature_importance,0.0,39,negative,primary
videos,future_log_views_delta_7d,shallow_tree_regressor,hook_semantic_type__curiosity,title_style,feature_importance,0.0,40,negative,primary
videos,future_log_views_delta_7d,shallow_tree_regressor,hook_semantic_type__finance,title_style,feature_importance,0.0,41,negative,primary
videos,future_log_views_delta_7d,shallow_tree_regressor,hook_semantic_type__news,title_style,feature_importance,0.0,42,negative,primary
videos,future_log_views_delta_7d,shallow_tree_regressor,hook_semantic_type__promise,title_style,feature_importance,0.0,43,negative,primary
videos,future_log_views_delta_7d,shallow_tree_regressor,hook_semantic_type__tutorial,title_style,feature_importance,0.0,44,negative,primary
videos,future_log_views_delta_7d,shallow_tree_regressor,hook_semantic_type__unknown,title_style,feature_importance,0.0,45,positive,primary
videos,future_log_views_delta_7d,shallow_tree_regressor,hook_semantic_type__warning,title_style,feature_importance,0.0,46,negative,primary
videos,future_log_views_delta_7d,shallow_tree_regressor,semantic_cluster_label__de_la_en,semantic_cluster,feature_importance,0.0,47,negative,primary
videos,future_log_views_delta_7d,shallow_tree_regressor,semantic_cluster_label__el_de_en,semantic_cluster,feature_importance,0.0,48,negative,primary
videos,future_log_views_delta_7d,shallow_tree_regressor,semantic_cluster_label__highlights_26_mlb_mlb_highlights,semantic_cluster,feature_importance,0.0,49,negative,primary
videos,future_log_views_delta_7d,shallow_tree_regressor,semantic_cluster_label__sign_up_liv_on_on_youtube,semantic_cluster,feature_importance,0.0,50,negative,primary
videos,future_log_views_delta_7d,shallow_tree_regressor,semantic_cluster_label__the_in_of,semantic_cluster,feature_importance,0.0,51,positive,primary
videos,future_log_views_delta_7d,shallow_tree_regressor,semantic_cluster_label__to_may_2026,semantic_cluster,feature_importance,0.0,52,negative,primary
videos,future_log_views_delta_7d,shallow_tree_regressor,semantic_cluster_label__trump_on_of,semantic_cluster,feature_importance,0.0,53,positive,primary
videos,future_log_views_delta_7d,shallow_tree_regressor,topic_primary__ai_tools,topic_metrics,feature_importance,0.0,54,negative,primary
videos,future_log_views_delta_7d,shallow_tree_regressor,topic_primary__finance_personal,topic_metrics,feature_importance,0.0,55,negative,primary
videos,future_log_views_delta_7d,shallow_tree_regressor,topic_primary__news_trends,topic_metrics,feature_importance,0.0,56,negative,primary
videos,future_log_views_delta_7d,shallow_tree_regressor,topic_primary__productivity,topic_metrics,feature_importance,0.0,57,negative,primary
videos,future_log_views_delta_7d,shallow_tree_regressor,topic_primary__tutorial,topic_metrics,feature_importance,0.0,58,negative,primary
videos,future_log_views_delta_7d,shallow_tree_regressor,topic_primary__unknown,topic_metrics,feature_importance,0.0,59,positive,primary
videos,future_log_views_delta_7d,shallow_tree_regressor,topic_secondary__ai_tools,topic_metrics,feature_importance,0.0,60,negative,primary
videos,future_log_views_delta_7d,shallow_tree_regressor,topic_secondary__finance_personal,topic_metrics,feature_importance,0.0,61,negative,primary
videos,future_log_views_delta_7d,shallow_tree_regressor,topic_secondary__news_trends,topic_metrics,feature_importance,0.0,62,negative,primary
videos,future_log_views_delta_7d,shallow_tree_regressor,topic_secondary__productivity,topic_metrics,feature_importance,0.0,63,negative,primary
videos,future_log_views_delta_7d,shallow_tree_regressor,topic_secondary__tutorial,topic_metrics,feature_importance,0.0,64,negative,primary
videos,future_log_views_delta_7d,shallow_tree_regressor,topic_secondary__unknown,topic_metrics,feature_importance,0.0,65,negative,primary
videos,future_relative_views_delta_7d,random_forest_regressor,ai_semantic_score,semantic_scores,permutation_importance_mean,0.00046508,24,positive,primary
videos,future_relative_views_delta_7d,random_forest_regressor,ai_semantic_score,semantic_scores,permutation_importance_std,0.00021181,24,positive,primary
videos,future_relative_views_delta_7d,random_forest_regressor,ai_semantic_score,semantic_scores,impurity_importance,0.00042544,24,positive,secondary
videos,future_relative_views_delta_7d,random_forest_regressor,alpha_score,engagement_context,permutation_importance_mean,0.05208813,3,positive,primary
videos,future_relative_views_delta_7d,random_forest_regressor,alpha_score,engagement_context,permutation_importance_std,0.00260102,3,positive,primary
videos,future_relative_views_delta_7d,random_forest_regressor,alpha_score,engagement_context,impurity_importance,0.00549822,3,positive,secondary
videos,future_relative_views_delta_7d,random_forest_regressor,channel_momentum_score,channel_context,permutation_importance_mean,0.32597689,2,negative,primary
videos,future_relative_views_delta_7d,random_forest_regressor,channel_momentum_score,channel_context,permutation_importance_std,0.04146725,2,negative,primary
videos,future_relative_views_delta_7d,random_forest_regressor,channel_momentum_score,channel_context,impurity_importance,0.20092995,2,negative,secondary
videos,future_relative_views_delta_7d,random_forest_regressor,channel_relative_success_score,channel_context,permutation_importance_mean,1.44812406,1,positive,primary
videos,future_relative_views_delta_7d,random_forest_regressor,channel_relative_success_score,channel_context,permutation_importance_std,0.04521212,1,positive,primary
videos,future_relative_views_delta_7d,random_forest_regressor,channel_relative_success_score,channel_context,impurity_importance,0.58081561,1,positive,secondary
videos,future_relative_views_delta_7d,random_forest_regressor,curiosity_semantic_score,semantic_scores,permutation_importance_mean,-0.00015279,30,positive,primary
videos,future_relative_views_delta_7d,random_forest_regressor,curiosity_semantic_score,semantic_scores,permutation_importance_std,3.602e-05,30,positive,primary
videos,future_relative_views_delta_7d,random_forest_regressor,curiosity_semantic_score,semantic_scores,impurity_importance,0.00081584,30,positive,secondary
videos,future_relative_views_delta_7d,random_forest_regressor,decision_score,model_decision,permutation_importance_mean,-3.465e-05,38,negative,primary
videos,future_relative_views_delta_7d,random_forest_regressor,decision_score,model_decision,permutation_importance_std,6.98e-06,38,negative,primary
videos,future_relative_views_delta_7d,random_forest_regressor,decision_score,model_decision,impurity_importance,0.00416824,38,negative,secondary
videos,future_relative_views_delta_7d,random_forest_regressor,description_length_chars,engagement_context,permutation_importance_mean,0.01703665,7,positive,primary
videos,future_relative_views_delta_7d,random_forest_regressor,description_length_chars,engagement_context,permutation_importance_std,0.0040893,7,positive,primary
videos,future_relative_views_delta_7d,random_forest_regressor,description_length_chars,engagement_context,impurity_importance,0.00914575,7,positive,secondary
videos,future_relative_views_delta_7d,random_forest_regressor,description_word_count,engagement_context,permutation_importance_mean,0.00078774,20,positive,primary
videos,future_relative_views_delta_7d,random_forest_regressor,description_word_count,engagement_context,permutation_importance_std,0.00068802,20,positive,primary
videos,future_relative_views_delta_7d,random_forest_regressor,description_word_count,engagement_context,impurity_importance,0.00710214,20,positive,secondary
videos,future_relative_views_delta_7d,random_forest_regressor,engagement_rate,engagement_context,permutation_importance_mean,0.00372439,13,negative,primary
videos,future_relative_views_delta_7d,random_forest_regressor,engagement_rate,engagement_context,permutation_importance_std,0.0050573,13,negative,primary
videos,future_relative_views_delta_7d,random_forest_regressor,engagement_rate,engagement_context,impurity_importance,0.00928983,13,negative,secondary
videos,future_relative_views_delta_7d,random_forest_regressor,evergreen_score,engagement_context,permutation_importance_mean,4.398e-05,37,positive,primary
videos,future_relative_views_delta_7d,random_forest_regressor,evergreen_score,engagement_context,permutation_importance_std,5.06e-06,37,positive,primary
videos,future_relative_views_delta_7d,random_forest_regressor,evergreen_score,engagement_context,impurity_importance,8.169e-05,37,positive,secondary
videos,future_relative_views_delta_7d,random_forest_regressor,finance_semantic_score,semantic_scores,permutation_importance_mean,-3e-07,53,positive,primary
videos,future_relative_views_delta_7d,random_forest_regressor,finance_semantic_score,semantic_scores,permutation_importance_std,5.9e-07,53,positive,primary
videos,future_relative_views_delta_7d,random_forest_regressor,finance_semantic_score,semantic_scores,impurity_importance,8.215e-05,53,positive,secondary
videos,future_relative_views_delta_7d,random_forest_regressor,has_ai_word,engagement_context,permutation_importance_mean,-0.00047089,23,positive,primary
videos,future_relative_views_delta_7d,random_forest_regressor,has_ai_word,engagement_context,permutation_importance_std,6.309e-05,23,positive,primary
videos,future_relative_views_delta_7d,random_forest_regressor,has_ai_word,engagement_context,impurity_importance,0.00018037,23,positive,secondary
videos,future_relative_views_delta_7d,random_forest_regressor,has_finance_word,engagement_context,permutation_importance_mean,5.5e-07,52,positive,primary
videos,future_relative_views_delta_7d,random_forest_regressor,has_finance_word,engagement_context,permutation_importance_std,7e-07,52,positive,primary
videos,future_relative_views_delta_7d,random_forest_regressor,has_finance_word,engagement_context,impurity_importance,0.00010812,52,positive,secondary
videos,future_relative_views_delta_7d,random_forest_regressor,has_number,engagement_context,permutation_importance_mean,0.01993984,6,positive,primary
videos,future_relative_views_delta_7d,random_forest_regressor,has_number,engagement_context,permutation_importance_std,0.00314553,6,positive,primary
videos,future_relative_views_delta_7d,random_forest_regressor,has_number,engagement_context,impurity_importance,0.00967297,6,positive,secondary
videos,future_relative_views_delta_7d,random_forest_regressor,has_question,engagement_context,permutation_importance_mean,8.99e-05,34,positive,primary
videos,future_relative_views_delta_7d,random_forest_regressor,has_question,engagement_context,permutation_importance_std,0.00017656,34,positive,primary
videos,future_relative_views_delta_7d,random_forest_regressor,has_question,engagement_context,impurity_importance,0.00014987,34,positive,secondary
videos,future_relative_views_delta_7d,random_forest_regressor,hybrid_decision_score,model_decision,permutation_importance_mean,-0.00651961,11,positive,primary
videos,future_relative_views_delta_7d,random_forest_regressor,hybrid_decision_score,model_decision,permutation_importance_std,0.00207618,11,positive,primary
videos,future_relative_views_delta_7d,random_forest_regressor,hybrid_decision_score,model_decision,impurity_importance,0.01772064,11,positive,secondary
videos,future_relative_views_delta_7d,random_forest_regressor,metadata_changed,metadata,permutation_importance_mean,-1.717e-05,44,positive,primary
videos,future_relative_views_delta_7d,random_forest_regressor,metadata_changed,metadata,permutation_importance_std,4.313e-05,44,positive,primary
videos,future_relative_views_delta_7d,random_forest_regressor,metadata_changed,metadata,impurity_importance,0.0001073,44,positive,secondary
videos,future_relative_views_delta_7d,random_forest_regressor,metric_confidence_score,engagement_context,permutation_importance_mean,0.01053803,8,positive,primary
videos,future_relative_views_delta_7d,random_forest_regressor,metric_confidence_score,engagement_context,permutation_importance_std,0.00097131,8,positive,primary
videos,future_relative_views_delta_7d,random_forest_regressor,metric_confidence_score,engagement_context,impurity_importance,0.00219081,8,positive,secondary
videos,future_relative_views_delta_7d,random_forest_regressor,news_semantic_score,semantic_scores,permutation_importance_mean,1.053e-05,45,positive,primary
videos,future_relative_views_delta_7d,random_forest_regressor,news_semantic_score,semantic_scores,permutation_importance_std,7.42e-06,45,positive,primary
videos,future_relative_views_delta_7d,random_forest_regressor,news_semantic_score,semantic_scores,impurity_importance,3.885e-05,45,positive,secondary
videos,future_relative_views_delta_7d,random_forest_regressor,opportunity_score,engagement_context,permutation_importance_mean,0.00181236,16,positive,primary
videos,future_relative_views_delta_7d,random_forest_regressor,opportunity_score,engagement_context,permutation_importance_std,0.00276036,16,positive,primary
videos,future_relative_views_delta_7d,random_forest_regressor,opportunity_score,engagement_context,impurity_importance,0.00706526,16,positive,secondary
videos,future_relative_views_delta_7d,random_forest_regressor,packaging_problem_score,engagement_context,permutation_importance_mean,0.00215451,15,negative,primary
videos,future_relative_views_delta_7d,random_forest_regressor,packaging_problem_score,engagement_context,permutation_importance_std,0.00155417,15,negative,primary
videos,future_relative_views_delta_7d,random_forest_regressor,packaging_problem_score,engagement_context,impurity_importance,0.004224,15,negative,secondary
videos,future_relative_views_delta_7d,random_forest_regressor,productivity_semantic_score,semantic_scores,permutation_importance_mean,-2.024e-05,43,positive,primary
videos,future_relative_views_delta_7d,random_forest_regressor,productivity_semantic_score,semantic_scores,permutation_importance_std,6.28e-06,43,positive,primary
videos,future_relative_views_delta_7d,random_forest_regressor,productivity_semantic_score,semantic_scores,impurity_importance,7.337e-05,43,positive,secondary
videos,future_relative_views_delta_7d,random_forest_regressor,promise_semantic_score,semantic_scores,permutation_importance_mean,0.0,56,positive,primary
videos,future_relative_views_delta_7d,random_forest_regressor,promise_semantic_score,semantic_scores,permutation_importance_std,0.0,56,positive,primary
videos,future_relative_views_delta_7d,random_forest_regressor,promise_semantic_score,semantic_scores,impurity_importance,0.0,56,positive,secondary
videos,future_relative_views_delta_7d,random_forest_regressor,semantic_cluster_id,semantic_cluster,permutation_importance_mean,0.00026357,28,negative,primary
videos,future_relative_views_delta_7d,random_forest_regressor,semantic_cluster_id,semantic_cluster,permutation_importance_std,0.00128218,28,negative,primary
videos,future_relative_views_delta_7d,random_forest_regressor,semantic_cluster_id,semantic_cluster,impurity_importance,0.00165306,28,negative,secondary
videos,future_relative_views_delta_7d,random_forest_regressor,title_has_currency,title_style,permutation_importance_mean,0.0,57,positive,primary
videos,future_relative_views_delta_7d,random_forest_regressor,title_has_currency,title_style,permutation_importance_std,0.0,57,positive,primary
videos,future_relative_views_delta_7d,random_forest_regressor,title_has_currency,title_style,impurity_importance,0.0,57,positive,secondary
videos,future_relative_views_delta_7d,random_forest_regressor,title_has_number,title_style,permutation_importance_mean,0.01042027,9,positive,primary
videos,future_relative_views_delta_7d,random_forest_regressor,title_has_number,title_style,permutation_importance_std,0.00144702,9,positive,primary
videos,future_relative_views_delta_7d,random_forest_regressor,title_has_number,title_style,impurity_importance,0.00540604,9,positive,secondary
videos,future_relative_views_delta_7d,random_forest_regressor,title_has_question,title_style,permutation_importance_mean,0.00013233,31,positive,primary
videos,future_relative_views_delta_7d,random_forest_regressor,title_has_question,title_style,permutation_importance_std,8.646e-05,31,positive,primary
videos,future_relative_views_delta_7d,random_forest_regressor,title_has_question,title_style,impurity_importance,0.00022728,31,positive,secondary
videos,future_relative_views_delta_7d,random_forest_regressor,title_has_year,title_style,permutation_importance_mean,8.289e-05,35,positive,primary
videos,future_relative_views_delta_7d,random_forest_regressor,title_has_year,title_style,permutation_importance_std,4.73e-06,35,positive,primary
videos,future_relative_views_delta_7d,random_forest_regressor,title_has_year,title_style,impurity_importance,0.00023104,35,positive,secondary
videos,future_relative_views_delta_7d,random_forest_regressor,title_length_chars,title_style,permutation_importance_mean,0.00838961,10,positive,primary
videos,future_relative_views_delta_7d,random_forest_regressor,title_length_chars,title_style,permutation_importance_std,0.00181336,10,positive,primary
videos,future_relative_views_delta_7d,random_forest_regressor,title_length_chars,title_style,impurity_importance,0.00695061,10,positive,secondary
videos,future_relative_views_delta_7d,random_forest_regressor,title_word_count,title_style,permutation_importance_mean,0.00165371,17,positive,primary
videos,future_relative_views_delta_7d,random_forest_regressor,title_word_count,title_style,permutation_importance_std,0.00178418,17,positive,primary
videos,future_relative_views_delta_7d,random_forest_regressor,title_word_count,title_style,impurity_importance,0.00791008,17,positive,secondary
videos,future_relative_views_delta_7d,random_forest_regressor,topic_confidence,topic_metrics,permutation_importance_mean,0.00392152,12,positive,primary
videos,future_relative_views_delta_7d,random_forest_regressor,topic_confidence,topic_metrics,permutation_importance_std,0.00383298,12,positive,primary
videos,future_relative_views_delta_7d,random_forest_regressor,topic_confidence,topic_metrics,impurity_importance,0.00327957,12,positive,secondary
videos,future_relative_views_delta_7d,random_forest_regressor,topic_opportunity_score,topic_metrics,permutation_importance_mean,0.00075299,21,negative,primary
videos,future_relative_views_delta_7d,random_forest_regressor,topic_opportunity_score,topic_metrics,permutation_importance_std,0.00041645,21,negative,primary
videos,future_relative_views_delta_7d,random_forest_regressor,topic_opportunity_score,topic_metrics,impurity_importance,0.00075388,21,negative,secondary
videos,future_relative_views_delta_7d,random_forest_regressor,topic_saturation_score,topic_metrics,permutation_importance_mean,6.105e-05,36,negative,primary
videos,future_relative_views_delta_7d,random_forest_regressor,topic_saturation_score,topic_metrics,permutation_importance_std,0.00027505,36,negative,primary
videos,future_relative_views_delta_7d,random_forest_regressor,topic_saturation_score,topic_metrics,impurity_importance,0.00043717,36,negative,secondary
videos,future_relative_views_delta_7d,random_forest_regressor,trend_burst_score,engagement_context,permutation_importance_mean,-0.03481799,4,positive,primary
videos,future_relative_views_delta_7d,random_forest_regressor,trend_burst_score,engagement_context,permutation_importance_std,0.0001092,4,positive,primary
videos,future_relative_views_delta_7d,random_forest_regressor,trend_burst_score,engagement_context,impurity_importance,0.065689,4,positive,secondary
videos,future_relative_views_delta_7d,random_forest_regressor,tutorial_semantic_score,semantic_scores,permutation_importance_mean,7e-07,51,positive,primary
videos,future_relative_views_delta_7d,random_forest_regressor,tutorial_semantic_score,semantic_scores,permutation_importance_std,9.9e-07,51,positive,primary
videos,future_relative_views_delta_7d,random_forest_regressor,tutorial_semantic_score,semantic_scores,impurity_importance,0.00021496,51,positive,secondary
videos,future_relative_views_delta_7d,random_forest_regressor,urgency_semantic_score,semantic_scores,permutation_importance_mean,-0.00235239,14,positive,primary
videos,future_relative_views_delta_7d,random_forest_regressor,urgency_semantic_score,semantic_scores,permutation_importance_std,0.00183948,14,positive,primary
videos,future_relative_views_delta_7d,random_forest_regressor,urgency_semantic_score,semantic_scores,impurity_importance,0.00928289,14,positive,secondary
videos,future_relative_views_delta_7d,random_forest_regressor,views_delta,engagement_context,permutation_importance_mean,0.01996097,5,positive,primary
videos,future_relative_views_delta_7d,random_forest_regressor,views_delta,engagement_context,permutation_importance_std,0.00172181,5,positive,primary
videos,future_relative_views_delta_7d,random_forest_regressor,views_delta,engagement_context,impurity_importance,0.03273384,5,positive,secondary
videos,future_relative_views_delta_7d,random_forest_regressor,warning_semantic_score,semantic_scores,permutation_importance_mean,2.24e-06,50,positive,primary
videos,future_relative_views_delta_7d,random_forest_regressor,warning_semantic_score,semantic_scores,permutation_importance_std,6.4e-07,50,positive,primary
videos,future_relative_views_delta_7d,random_forest_regressor,warning_semantic_score,semantic_scores,impurity_importance,1.332e-05,50,positive,secondary
videos,future_relative_views_delta_7d,random_forest_regressor,hook_semantic_type__ai,title_style,permutation_importance_mean,0.0009493,19,positive,primary
videos,future_relative_views_delta_7d,random_forest_regressor,hook_semantic_type__ai,title_style,permutation_importance_std,0.00062328,19,positive,primary
videos,future_relative_views_delta_7d,random_forest_regressor,hook_semantic_type__ai,title_style,impurity_importance,0.0006281,19,positive,secondary
videos,future_relative_views_delta_7d,random_forest_regressor,hook_semantic_type__curiosity,title_style,permutation_importance_mean,-0.00017861,29,positive,primary
videos,future_relative_views_delta_7d,random_forest_regressor,hook_semantic_type__curiosity,title_style,permutation_importance_std,6.958e-05,29,positive,primary
videos,future_relative_views_delta_7d,random_forest_regressor,hook_semantic_type__curiosity,title_style,impurity_importance,0.00083991,29,positive,secondary
videos,future_relative_views_delta_7d,random_forest_regressor,hook_semantic_type__finance,title_style,permutation_importance_mean,0.0,58,positive,primary
videos,future_relative_views_delta_7d,random_forest_regressor,hook_semantic_type__finance,title_style,permutation_importance_std,0.0,58,positive,primary
videos,future_relative_views_delta_7d,random_forest_regressor,hook_semantic_type__finance,title_style,impurity_importance,6.1e-07,58,positive,secondary
videos,future_relative_views_delta_7d,random_forest_regressor,hook_semantic_type__news,title_style,permutation_importance_mean,4.72e-06,47,positive,primary
videos,future_relative_views_delta_7d,random_forest_regressor,hook_semantic_type__news,title_style,permutation_importance_std,4.42e-06,47,positive,primary
videos,future_relative_views_delta_7d,random_forest_regressor,hook_semantic_type__news,title_style,impurity_importance,1.898e-05,47,positive,secondary
videos,future_relative_views_delta_7d,random_forest_regressor,hook_semantic_type__promise,title_style,permutation_importance_mean,-0.0,55,positive,primary
videos,future_relative_views_delta_7d,random_forest_regressor,hook_semantic_type__promise,title_style,permutation_importance_std,1e-08,55,positive,primary
videos,future_relative_views_delta_7d,random_forest_regressor,hook_semantic_type__promise,title_style,impurity_importance,2.2e-07,55,positive,secondary
videos,future_relative_views_delta_7d,random_forest_regressor,hook_semantic_type__tutorial,title_style,permutation_importance_mean,2.979e-05,40,positive,primary
videos,future_relative_views_delta_7d,random_forest_regressor,hook_semantic_type__tutorial,title_style,permutation_importance_std,4.213e-05,40,positive,primary
videos,future_relative_views_delta_7d,random_forest_regressor,hook_semantic_type__tutorial,title_style,impurity_importance,0.00022251,40,positive,secondary
videos,future_relative_views_delta_7d,random_forest_regressor,hook_semantic_type__unknown,title_style,permutation_importance_mean,-0.00144439,18,negative,primary
videos,future_relative_views_delta_7d,random_forest_regressor,hook_semantic_type__unknown,title_style,permutation_importance_std,0.00027774,18,negative,primary
videos,future_relative_views_delta_7d,random_forest_regressor,hook_semantic_type__unknown,title_style,impurity_importance,0.00035566,18,negative,secondary
videos,future_relative_views_delta_7d,random_forest_regressor,hook_semantic_type__warning,title_style,permutation_importance_mean,0.0,59,positive,primary
videos,future_relative_views_delta_7d,random_forest_regressor,hook_semantic_type__warning,title_style,permutation_importance_std,0.0,59,positive,primary
videos,future_relative_views_delta_7d,random_forest_regressor,hook_semantic_type__warning,title_style,impurity_importance,1.6e-07,59,positive,secondary
videos,future_relative_views_delta_7d,random_forest_regressor,semantic_cluster_label__de_la_en,semantic_cluster,permutation_importance_mean,0.00043432,25,positive,primary
videos,future_relative_views_delta_7d,random_forest_regressor,semantic_cluster_label__de_la_en,semantic_cluster,permutation_importance_std,0.00137065,25,positive,primary
videos,future_relative_views_delta_7d,random_forest_regressor,semantic_cluster_label__de_la_en,semantic_cluster,impurity_importance,0.00179823,25,positive,secondary
videos,future_relative_views_delta_7d,random_forest_regressor,semantic_cluster_label__el_de_en,semantic_cluster,permutation_importance_mean,-2.45e-05,41,positive,primary
videos,future_relative_views_delta_7d,random_forest_regressor,semantic_cluster_label__el_de_en,semantic_cluster,permutation_importance_std,6.159e-05,41,positive,primary
videos,future_relative_views_delta_7d,random_forest_regressor,semantic_cluster_label__el_de_en,semantic_cluster,impurity_importance,0.00016347,41,positive,secondary
videos,future_relative_views_delta_7d,random_forest_regressor,semantic_cluster_label__highlights_26_mlb_mlb_highlights,semantic_cluster,permutation_importance_mean,0.0,60,positive,primary
videos,future_relative_views_delta_7d,random_forest_regressor,semantic_cluster_label__highlights_26_mlb_mlb_highlights,semantic_cluster,permutation_importance_std,0.0,60,positive,primary
videos,future_relative_views_delta_7d,random_forest_regressor,semantic_cluster_label__highlights_26_mlb_mlb_highlights,semantic_cluster,impurity_importance,0.0,60,positive,secondary
videos,future_relative_views_delta_7d,random_forest_regressor,semantic_cluster_label__sign_up_liv_on_on_youtube,semantic_cluster,permutation_importance_mean,0.0,61,positive,primary
videos,future_relative_views_delta_7d,random_forest_regressor,semantic_cluster_label__sign_up_liv_on_on_youtube,semantic_cluster,permutation_importance_std,0.0,61,positive,primary
videos,future_relative_views_delta_7d,random_forest_regressor,semantic_cluster_label__sign_up_liv_on_on_youtube,semantic_cluster,impurity_importance,0.0,61,positive,secondary
videos,future_relative_views_delta_7d,random_forest_regressor,semantic_cluster_label__the_in_of,semantic_cluster,permutation_importance_mean,-9.179e-05,33,positive,primary
videos,future_relative_views_delta_7d,random_forest_regressor,semantic_cluster_label__the_in_of,semantic_cluster,permutation_importance_std,1.585e-05,33,positive,primary
videos,future_relative_views_delta_7d,random_forest_regressor,semantic_cluster_label__the_in_of,semantic_cluster,impurity_importance,1.182e-05,33,positive,secondary
videos,future_relative_views_delta_7d,random_forest_regressor,semantic_cluster_label__to_may_2026,semantic_cluster,permutation_importance_mean,-3.8e-06,49,positive,primary
videos,future_relative_views_delta_7d,random_forest_regressor,semantic_cluster_label__to_may_2026,semantic_cluster,permutation_importance_std,0.00010802,49,positive,primary
videos,future_relative_views_delta_7d,random_forest_regressor,semantic_cluster_label__to_may_2026,semantic_cluster,impurity_importance,0.00013494,49,positive,secondary
videos,future_relative_views_delta_7d,random_forest_regressor,semantic_cluster_label__trump_on_of,semantic_cluster,permutation_importance_mean,-0.00065947,22,positive,primary
videos,future_relative_views_delta_7d,random_forest_regressor,semantic_cluster_label__trump_on_of,semantic_cluster,permutation_importance_std,0.00017293,22,positive,primary
videos,future_relative_views_delta_7d,random_forest_regressor,semantic_cluster_label__trump_on_of,semantic_cluster,impurity_importance,0.0001924,22,positive,secondary
videos,future_relative_views_delta_7d,random_forest_regressor,topic_primary__ai_tools,topic_metrics,permutation_importance_mean,-0.00030059,27,positive,primary
videos,future_relative_views_delta_7d,random_forest_regressor,topic_primary__ai_tools,topic_metrics,permutation_importance_std,9.79e-05,27,positive,primary
videos,future_relative_views_delta_7d,random_forest_regressor,topic_primary__ai_tools,topic_metrics,impurity_importance,0.00015106,27,positive,secondary
videos,future_relative_views_delta_7d,random_forest_regressor,topic_primary__finance_personal,topic_metrics,permutation_importance_mean,-1e-08,54,positive,primary
videos,future_relative_views_delta_7d,random_forest_regressor,topic_primary__finance_personal,topic_metrics,permutation_importance_std,0.0,54,positive,primary
videos,future_relative_views_delta_7d,random_forest_regressor,topic_primary__finance_personal,topic_metrics,impurity_importance,1.1e-07,54,positive,secondary
videos,future_relative_views_delta_7d,random_forest_regressor,topic_primary__news_trends,topic_metrics,permutation_importance_mean,7.19e-06,46,positive,primary
videos,future_relative_views_delta_7d,random_forest_regressor,topic_primary__news_trends,topic_metrics,permutation_importance_std,6.07e-06,46,positive,primary
videos,future_relative_views_delta_7d,random_forest_regressor,topic_primary__news_trends,topic_metrics,impurity_importance,2.816e-05,46,positive,secondary
videos,future_relative_views_delta_7d,random_forest_regressor,topic_primary__productivity,topic_metrics,permutation_importance_mean,-2.389e-05,42,positive,primary
videos,future_relative_views_delta_7d,random_forest_regressor,topic_primary__productivity,topic_metrics,permutation_importance_std,7.1e-06,42,positive,primary
videos,future_relative_views_delta_7d,random_forest_regressor,topic_primary__productivity,topic_metrics,impurity_importance,0.00010596,42,positive,secondary
videos,future_relative_views_delta_7d,random_forest_regressor,topic_primary__tutorial,topic_metrics,permutation_importance_mean,3.129e-05,39,positive,primary
videos,future_relative_views_delta_7d,random_forest_regressor,topic_primary__tutorial,topic_metrics,permutation_importance_std,4.289e-05,39,positive,primary
videos,future_relative_views_delta_7d,random_forest_regressor,topic_primary__tutorial,topic_metrics,impurity_importance,0.00027039,39,positive,secondary
videos,future_relative_views_delta_7d,random_forest_regressor,topic_primary__unknown,topic_metrics,permutation_importance_mean,-0.00034315,26,negative,primary
videos,future_relative_views_delta_7d,random_forest_regressor,topic_primary__unknown,topic_metrics,permutation_importance_std,5.658e-05,26,negative,primary
videos,future_relative_views_delta_7d,random_forest_regressor,topic_primary__unknown,topic_metrics,impurity_importance,0.00013138,26,negative,secondary
videos,future_relative_views_delta_7d,random_forest_regressor,topic_secondary__ai_tools,topic_metrics,permutation_importance_mean,-4.29e-06,48,positive,primary
videos,future_relative_views_delta_7d,random_forest_regressor,topic_secondary__ai_tools,topic_metrics,permutation_importance_std,2.99e-06,48,positive,primary
videos,future_relative_views_delta_7d,random_forest_regressor,topic_secondary__ai_tools,topic_metrics,impurity_importance,8.458e-05,48,positive,secondary
videos,future_relative_views_delta_7d,random_forest_regressor,topic_secondary__finance_personal,topic_metrics,permutation_importance_mean,0.0,62,positive,primary
videos,future_relative_views_delta_7d,random_forest_regressor,topic_secondary__finance_personal,topic_metrics,permutation_importance_std,0.0,62,positive,primary
videos,future_relative_views_delta_7d,random_forest_regressor,topic_secondary__finance_personal,topic_metrics,impurity_importance,3.332e-05,62,positive,secondary
videos,future_relative_views_delta_7d,random_forest_regressor,topic_secondary__news_trends,topic_metrics,permutation_importance_mean,0.0,63,positive,primary
videos,future_relative_views_delta_7d,random_forest_regressor,topic_secondary__news_trends,topic_metrics,permutation_importance_std,0.0,63,positive,primary
videos,future_relative_views_delta_7d,random_forest_regressor,topic_secondary__news_trends,topic_metrics,impurity_importance,3e-08,63,positive,secondary
videos,future_relative_views_delta_7d,random_forest_regressor,topic_secondary__productivity,topic_metrics,permutation_importance_mean,0.0,64,positive,primary
videos,future_relative_views_delta_7d,random_forest_regressor,topic_secondary__productivity,topic_metrics,permutation_importance_std,0.0,64,positive,primary
videos,future_relative_views_delta_7d,random_forest_regressor,topic_secondary__productivity,topic_metrics,impurity_importance,0.0,64,positive,secondary
videos,future_relative_views_delta_7d,random_forest_regressor,topic_secondary__tutorial,topic_metrics,permutation_importance_mean,0.0,65,positive,primary
videos,future_relative_views_delta_7d,random_forest_regressor,topic_secondary__tutorial,topic_metrics,permutation_importance_std,0.0,65,positive,primary
videos,future_relative_views_delta_7d,random_forest_regressor,topic_secondary__tutorial,topic_metrics,impurity_importance,0.0,65,positive,secondary
videos,future_relative_views_delta_7d,random_forest_regressor,topic_secondary__unknown,topic_metrics,permutation_importance_mean,9.605e-05,32,positive,primary
videos,future_relative_views_delta_7d,random_forest_regressor,topic_secondary__unknown,topic_metrics,permutation_importance_std,0.00013544,32,positive,primary
videos,future_relative_views_delta_7d,random_forest_regressor,topic_secondary__unknown,topic_metrics,impurity_importance,0.00015884,32,positive,secondary
videos,future_relative_views_delta_7d,linear_regularized_regressor,ai_semantic_score,semantic_scores,standardized_coefficient,1.8269641,59,positive,primary
videos,future_relative_views_delta_7d,linear_regularized_regressor,alpha_score,engagement_context,standardized_coefficient,-6.49126563,49,negative,primary
videos,future_relative_views_delta_7d,linear_regularized_regressor,channel_momentum_score,channel_context,standardized_coefficient,-28.65396317,21,negative,primary
videos,future_relative_views_delta_7d,linear_regularized_regressor,channel_relative_success_score,channel_context,standardized_coefficient,52.54759021,11,positive,primary
videos,future_relative_views_delta_7d,linear_regularized_regressor,curiosity_semantic_score,semantic_scores,standardized_coefficient,-15.95588735,32,negative,primary
videos,future_relative_views_delta_7d,linear_regularized_regressor,decision_score,model_decision,standardized_coefficient,-14.47650744,34,negative,primary
videos,future_relative_views_delta_7d,linear_regularized_regressor,description_length_chars,engagement_context,standardized_coefficient,9.71672803,39,positive,primary
videos,future_relative_views_delta_7d,linear_regularized_regressor,description_word_count,engagement_context,standardized_coefficient,8.50563937,45,positive,primary
videos,future_relative_views_delta_7d,linear_regularized_regressor,engagement_rate,engagement_context,standardized_coefficient,-21.15261495,29,negative,primary
videos,future_relative_views_delta_7d,linear_regularized_regressor,evergreen_score,engagement_context,standardized_coefficient,-5.68738074,52,negative,primary
videos,future_relative_views_delta_7d,linear_regularized_regressor,finance_semantic_score,semantic_scores,standardized_coefficient,23.43200522,26,positive,primary
videos,future_relative_views_delta_7d,linear_regularized_regressor,has_ai_word,engagement_context,standardized_coefficient,-4.79824705,54,negative,primary
videos,future_relative_views_delta_7d,linear_regularized_regressor,has_finance_word,engagement_context,standardized_coefficient,-1.86947057,58,negative,primary
videos,future_relative_views_delta_7d,linear_regularized_regressor,has_number,engagement_context,standardized_coefficient,9.55067181,42,positive,primary
videos,future_relative_views_delta_7d,linear_regularized_regressor,has_question,engagement_context,standardized_coefficient,-194.52580216,2,negative,primary
videos,future_relative_views_delta_7d,linear_regularized_regressor,hybrid_decision_score,model_decision,standardized_coefficient,18.26733743,31,positive,primary
videos,future_relative_views_delta_7d,linear_regularized_regressor,metadata_changed,metadata,standardized_coefficient,0.88713526,62,positive,primary
videos,future_relative_views_delta_7d,linear_regularized_regressor,metric_confidence_score,engagement_context,standardized_coefficient,35.88761093,20,positive,primary
videos,future_relative_views_delta_7d,linear_regularized_regressor,news_semantic_score,semantic_scores,standardized_coefficient,-3.43943944,56,negative,primary
videos,future_relative_views_delta_7d,linear_regularized_regressor,opportunity_score,engagement_context,standardized_coefficient,11.66247334,37,positive,primary
videos,future_relative_views_delta_7d,linear_regularized_regressor,packaging_problem_score,engagement_context,standardized_coefficient,9.17280485,43,positive,primary
videos,future_relative_views_delta_7d,linear_regularized_regressor,productivity_semantic_score,semantic_scores,standardized_coefficient,-40.15218023,18,negative,primary
videos,future_relative_views_delta_7d,linear_regularized_regressor,promise_semantic_score,semantic_scores,standardized_coefficient,0.79730495,63,positive,primary
videos,future_relative_views_delta_7d,linear_regularized_regressor,semantic_cluster_id,semantic_cluster,standardized_coefficient,59.64134684,10,positive,primary
videos,future_relative_views_delta_7d,linear_regularized_regressor,title_has_currency,title_style,standardized_coefficient,-1.69778299,61,negative,primary
videos,future_relative_views_delta_7d,linear_regularized_regressor,title_has_number,title_style,standardized_coefficient,9.55067181,41,positive,primary
videos,future_relative_views_delta_7d,linear_regularized_regressor,title_has_question,title_style,standardized_coefficient,189.33913151,3,positive,primary
videos,future_relative_views_delta_7d,linear_regularized_regressor,title_has_year,title_style,standardized_coefficient,-15.485083,33,negative,primary
videos,future_relative_views_delta_7d,linear_regularized_regressor,title_length_chars,title_style,standardized_coefficient,9.71672803,40,positive,primary
videos,future_relative_views_delta_7d,linear_regularized_regressor,title_word_count,title_style,standardized_coefficient,8.50563937,46,positive,primary
videos,future_relative_views_delta_7d,linear_regularized_regressor,topic_confidence,topic_metrics,standardized_coefficient,-26.07635135,22,negative,primary
videos,future_relative_views_delta_7d,linear_regularized_regressor,topic_opportunity_score,topic_metrics,standardized_coefficient,43.36149709,15,positive,primary
videos,future_relative_views_delta_7d,linear_regularized_regressor,topic_saturation_score,topic_metrics,standardized_coefficient,-215.68797813,1,negative,primary
videos,future_relative_views_delta_7d,linear_regularized_regressor,trend_burst_score,engagement_context,standardized_coefficient,0.44892449,64,positive,primary
videos,future_relative_views_delta_7d,linear_regularized_regressor,tutorial_semantic_score,semantic_scores,standardized_coefficient,36.4930372,19,positive,primary
videos,future_relative_views_delta_7d,linear_regularized_regressor,urgency_semantic_score,semantic_scores,standardized_coefficient,-3.98424237,55,negative,primary
videos,future_relative_views_delta_7d,linear_regularized_regressor,views_delta,engagement_context,standardized_coefficient,24.12307907,25,positive,primary
videos,future_relative_views_delta_7d,linear_regularized_regressor,warning_semantic_score,semantic_scores,standardized_coefficient,0.19722826,65,positive,primary
videos,future_relative_views_delta_7d,linear_regularized_regressor,hook_semantic_type__ai,title_style,standardized_coefficient,44.15709023,14,positive,primary
videos,future_relative_views_delta_7d,linear_regularized_regressor,hook_semantic_type__curiosity,title_style,standardized_coefficient,22.7997237,27,positive,primary
videos,future_relative_views_delta_7d,linear_regularized_regressor,hook_semantic_type__finance,title_style,standardized_coefficient,8.77286497,44,positive,primary
videos,future_relative_views_delta_7d,linear_regularized_regressor,hook_semantic_type__news,title_style,standardized_coefficient,5.76404125,51,positive,primary
videos,future_relative_views_delta_7d,linear_regularized_regressor,hook_semantic_type__promise,title_style,standardized_coefficient,5.45980855,53,positive,primary
videos,future_relative_views_delta_7d,linear_regularized_regressor,hook_semantic_type__tutorial,title_style,standardized_coefficient,19.63148033,30,positive,primary
videos,future_relative_views_delta_7d,linear_regularized_regressor,hook_semantic_type__unknown,title_style,standardized_coefficient,42.28354145,16,positive,primary
videos,future_relative_views_delta_7d,linear_regularized_regressor,hook_semantic_type__warning,title_style,standardized_coefficient,8.16940951,47,positive,primary
videos,future_relative_views_delta_7d,linear_regularized_regressor,semantic_cluster_label__de_la_en,semantic_cluster,standardized_coefficient,-1.72705935,60,negative,primary
videos,future_relative_views_delta_7d,linear_regularized_regressor,semantic_cluster_label__el_de_en,semantic_cluster,standardized_coefficient,22.42301205,28,positive,primary
videos,future_relative_views_delta_7d,linear_regularized_regressor,semantic_cluster_label__highlights_26_mlb_mlb_highlights,semantic_cluster,standardized_coefficient,7.55575268,48,positive,primary
videos,future_relative_views_delta_7d,linear_regularized_regressor,semantic_cluster_label__sign_up_liv_on_on_youtube,semantic_cluster,standardized_coefficient,13.5968618,36,positive,primary
videos,future_relative_views_delta_7d,linear_regularized_regressor,semantic_cluster_label__the_in_of,semantic_cluster,standardized_coefficient,24.59718654,23,positive,primary
videos,future_relative_views_delta_7d,linear_regularized_regressor,semantic_cluster_label__to_may_2026,semantic_cluster,standardized_coefficient,2.69009026,57,positive,primary
videos,future_relative_views_delta_7d,linear_regularized_regressor,semantic_cluster_label__trump_on_of,semantic_cluster,standardized_coefficient,69.19907435,9,positive,primary
videos,future_relative_views_delta_7d,linear_regularized_regressor,topic_primary__ai_tools,topic_metrics,standardized_coefficient,51.16087799,12,positive,primary
videos,future_relative_views_delta_7d,linear_regularized_regressor,topic_primary__finance_personal,topic_metrics,standardized_coefficient,-92.35526893,7,negative,primary
videos,future_relative_views_delta_7d,linear_regularized_regressor,topic_primary__news_trends,topic_metrics,standardized_coefficient,6.2575116,50,positive,primary
videos,future_relative_views_delta_7d,linear_regularized_regressor,topic_primary__productivity,topic_metrics,standardized_coefficient,-41.97006173,17,negative,primary
videos,future_relative_views_delta_7d,linear_regularized_regressor,topic_primary__tutorial,topic_metrics,standardized_coefficient,-91.82464774,8,negative,primary
videos,future_relative_views_delta_7d,linear_regularized_regressor,topic_primary__unknown,topic_metrics,standardized_coefficient,116.36357255,5,positive,primary
videos,future_relative_views_delta_7d,linear_regularized_regressor,topic_secondary__ai_tools,topic_metrics,standardized_coefficient,106.93367393,6,positive,primary
videos,future_relative_views_delta_7d,linear_regularized_regressor,topic_secondary__finance_personal,topic_metrics,standardized_coefficient,46.01885298,13,positive,primary
videos,future_relative_views_delta_7d,linear_regularized_regressor,topic_secondary__news_trends,topic_metrics,standardized_coefficient,24.43646657,24,positive,primary
videos,future_relative_views_delta_7d,linear_regularized_regressor,topic_secondary__productivity,topic_metrics,standardized_coefficient,11.43745778,38,positive,primary
videos,future_relative_views_delta_7d,linear_regularized_regressor,topic_secondary__tutorial,topic_metrics,standardized_coefficient,13.71821992,35,positive,primary
videos,future_relative_views_delta_7d,linear_regularized_regressor,topic_secondary__unknown,topic_metrics,standardized_coefficient,128.23778327,4,positive,primary
videos,future_relative_views_delta_7d,shallow_tree_regressor,ai_semantic_score,semantic_scores,feature_importance,0.0,7,positive,primary
videos,future_relative_views_delta_7d,shallow_tree_regressor,alpha_score,engagement_context,feature_importance,0.0,8,positive,primary
videos,future_relative_views_delta_7d,shallow_tree_regressor,channel_momentum_score,channel_context,feature_importance,0.21714099,2,negative,primary
videos,future_relative_views_delta_7d,shallow_tree_regressor,channel_relative_success_score,channel_context,feature_importance,0.61604095,1,positive,primary
videos,future_relative_views_delta_7d,shallow_tree_regressor,curiosity_semantic_score,semantic_scores,feature_importance,0.0,9,positive,primary
videos,future_relative_views_delta_7d,shallow_tree_regressor,decision_score,model_decision,feature_importance,0.0,10,negative,primary
videos,future_relative_views_delta_7d,shallow_tree_regressor,description_length_chars,engagement_context,feature_importance,4.76e-05,6,positive,primary
videos,future_relative_views_delta_7d,shallow_tree_regressor,description_word_count,engagement_context,feature_importance,0.00394672,5,positive,primary
videos,future_relative_views_delta_7d,shallow_tree_regressor,engagement_rate,engagement_context,feature_importance,0.0,11,negative,primary
videos,future_relative_views_delta_7d,shallow_tree_regressor,evergreen_score,engagement_context,feature_importance,0.0,12,positive,primary
videos,future_relative_views_delta_7d,shallow_tree_regressor,finance_semantic_score,semantic_scores,feature_importance,0.0,13,positive,primary
videos,future_relative_views_delta_7d,shallow_tree_regressor,has_ai_word,engagement_context,feature_importance,0.0,14,positive,primary
videos,future_relative_views_delta_7d,shallow_tree_regressor,has_finance_word,engagement_context,feature_importance,0.0,15,positive,primary
videos,future_relative_views_delta_7d,shallow_tree_regressor,has_number,engagement_context,feature_importance,0.0,16,positive,primary
videos,future_relative_views_delta_7d,shallow_tree_regressor,has_question,engagement_context,feature_importance,0.0,17,positive,primary
videos,future_relative_views_delta_7d,shallow_tree_regressor,hybrid_decision_score,model_decision,feature_importance,0.0,18,positive,primary
videos,future_relative_views_delta_7d,shallow_tree_regressor,metadata_changed,metadata,feature_importance,0.0,19,positive,primary
videos,future_relative_views_delta_7d,shallow_tree_regressor,metric_confidence_score,engagement_context,feature_importance,0.0,20,positive,primary
videos,future_relative_views_delta_7d,shallow_tree_regressor,news_semantic_score,semantic_scores,feature_importance,0.0,21,positive,primary
videos,future_relative_views_delta_7d,shallow_tree_regressor,opportunity_score,engagement_context,feature_importance,0.0,22,positive,primary
videos,future_relative_views_delta_7d,shallow_tree_regressor,packaging_problem_score,engagement_context,feature_importance,0.0,23,negative,primary
videos,future_relative_views_delta_7d,shallow_tree_regressor,productivity_semantic_score,semantic_scores,feature_importance,0.0,24,positive,primary
videos,future_relative_views_delta_7d,shallow_tree_regressor,promise_semantic_score,semantic_scores,feature_importance,0.0,25,positive,primary
videos,future_relative_views_delta_7d,shallow_tree_regressor,semantic_cluster_id,semantic_cluster,feature_importance,0.0,26,negative,primary
videos,future_relative_views_delta_7d,shallow_tree_regressor,title_has_currency,title_style,feature_importance,0.0,27,positive,primary
videos,future_relative_views_delta_7d,shallow_tree_regressor,title_has_number,title_style,feature_importance,0.0,28,positive,primary
videos,future_relative_views_delta_7d,shallow_tree_regressor,title_has_question,title_style,feature_importance,0.0,29,positive,primary
videos,future_relative_views_delta_7d,shallow_tree_regressor,title_has_year,title_style,feature_importance,0.0,30,positive,primary
videos,future_relative_views_delta_7d,shallow_tree_regressor,title_length_chars,title_style,feature_importance,0.0,31,positive,primary
videos,future_relative_views_delta_7d,shallow_tree_regressor,title_word_count,title_style,feature_importance,0.0118759,4,positive,primary
videos,future_relative_views_delta_7d,shallow_tree_regressor,topic_confidence,topic_metrics,feature_importance,0.0,32,positive,primary
videos,future_relative_views_delta_7d,shallow_tree_regressor,topic_opportunity_score,topic_metrics,feature_importance,0.0,33,negative,primary
videos,future_relative_views_delta_7d,shallow_tree_regressor,topic_saturation_score,topic_metrics,feature_importance,0.0,34,negative,primary
videos,future_relative_views_delta_7d,shallow_tree_regressor,trend_burst_score,engagement_context,feature_importance,0.15094784,3,positive,primary
videos,future_relative_views_delta_7d,shallow_tree_regressor,tutorial_semantic_score,semantic_scores,feature_importance,0.0,35,positive,primary
videos,future_relative_views_delta_7d,shallow_tree_regressor,urgency_semantic_score,semantic_scores,feature_importance,0.0,36,positive,primary
videos,future_relative_views_delta_7d,shallow_tree_regressor,views_delta,engagement_context,feature_importance,0.0,37,positive,primary
videos,future_relative_views_delta_7d,shallow_tree_regressor,warning_semantic_score,semantic_scores,feature_importance,0.0,38,positive,primary
videos,future_relative_views_delta_7d,shallow_tree_regressor,hook_semantic_type__ai,title_style,feature_importance,0.0,39,positive,primary
videos,future_relative_views_delta_7d,shallow_tree_regressor,hook_semantic_type__curiosity,title_style,feature_importance,0.0,40,positive,primary
videos,future_relative_views_delta_7d,shallow_tree_regressor,hook_semantic_type__finance,title_style,feature_importance,0.0,41,positive,primary
videos,future_relative_views_delta_7d,shallow_tree_regressor,hook_semantic_type__news,title_style,feature_importance,0.0,42,positive,primary
videos,future_relative_views_delta_7d,shallow_tree_regressor,hook_semantic_type__promise,title_style,feature_importance,0.0,43,positive,primary
videos,future_relative_views_delta_7d,shallow_tree_regressor,hook_semantic_type__tutorial,title_style,feature_importance,0.0,44,positive,primary
videos,future_relative_views_delta_7d,shallow_tree_regressor,hook_semantic_type__unknown,title_style,feature_importance,0.0,45,negative,primary
videos,future_relative_views_delta_7d,shallow_tree_regressor,hook_semantic_type__warning,title_style,feature_importance,0.0,46,positive,primary
videos,future_relative_views_delta_7d,shallow_tree_regressor,semantic_cluster_label__de_la_en,semantic_cluster,feature_importance,0.0,47,positive,primary
videos,future_relative_views_delta_7d,shallow_tree_regressor,semantic_cluster_label__el_de_en,semantic_cluster,feature_importance,0.0,48,positive,primary
videos,future_relative_views_delta_7d,shallow_tree_regressor,semantic_cluster_label__highlights_26_mlb_mlb_highlights,semantic_cluster,feature_importance,0.0,49,positive,primary
videos,future_relative_views_delta_7d,shallow_tree_regressor,semantic_cluster_label__sign_up_liv_on_on_youtube,semantic_cluster,feature_importance,0.0,50,positive,primary
videos,future_relative_views_delta_7d,shallow_tree_regressor,semantic_cluster_label__the_in_of,semantic_cluster,feature_importance,0.0,51,positive,primary
videos,future_relative_views_delta_7d,shallow_tree_regressor,semantic_cluster_label__to_may_2026,semantic_cluster,feature_importance,0.0,52,positive,primary
videos,future_relative_views_delta_7d,shallow_tree_regressor,semantic_cluster_label__trump_on_of,semantic_cluster,feature_importance,0.0,53,positive,primary
videos,future_relative_views_delta_7d,shallow_tree_regressor,topic_primary__ai_tools,topic_metrics,feature_importance,0.0,54,positive,primary
videos,future_relative_views_delta_7d,shallow_tree_regressor,topic_primary__finance_personal,topic_metrics,feature_importance,0.0,55,positive,primary
videos,future_relative_views_delta_7d,shallow_tree_regressor,topic_primary__news_trends,topic_metrics,feature_importance,0.0,56,positive,primary
videos,future_relative_views_delta_7d,shallow_tree_regressor,topic_primary__productivity,topic_metrics,feature_importance,0.0,57,positive,primary
videos,future_relative_views_delta_7d,shallow_tree_regressor,topic_primary__tutorial,topic_metrics,feature_importance,0.0,58,positive,primary
videos,future_relative_views_delta_7d,shallow_tree_regressor,topic_primary__unknown,topic_metrics,feature_importance,0.0,59,negative,primary
videos,future_relative_views_delta_7d,shallow_tree_regressor,topic_secondary__ai_tools,topic_metrics,feature_importance,0.0,60,positive,primary
videos,future_relative_views_delta_7d,shallow_tree_regressor,topic_secondary__finance_personal,topic_metrics,feature_importance,0.0,61,positive,primary
videos,future_relative_views_delta_7d,shallow_tree_regressor,topic_secondary__news_trends,topic_metrics,feature_importance,0.0,62,positive,primary
videos,future_relative_views_delta_7d,shallow_tree_regressor,topic_secondary__productivity,topic_metrics,feature_importance,0.0,63,positive,primary
videos,future_relative_views_delta_7d,shallow_tree_regressor,topic_secondary__tutorial,topic_metrics,feature_importance,0.0,64,positive,primary
videos,future_relative_views_delta_7d,shallow_tree_regressor,topic_secondary__unknown,topic_metrics,feature_importance,0.0,65,positive,primary
videos,future_engagement_delta_7d,random_forest_regressor,ai_semantic_score,semantic_scores,permutation_importance_mean,0.0,1,mixed,primary
videos,future_engagement_delta_7d,random_forest_regressor,ai_semantic_score,semantic_scores,permutation_importance_std,0.0,1,mixed,primary
videos,future_engagement_delta_7d,random_forest_regressor,ai_semantic_score,semantic_scores,impurity_importance,0.0,1,mixed,secondary
videos,future_engagement_delta_7d,random_forest_regressor,alpha_score,engagement_context,permutation_importance_mean,0.0,2,mixed,primary
videos,future_engagement_delta_7d,random_forest_regressor,alpha_score,engagement_context,permutation_importance_std,0.0,2,mixed,primary
videos,future_engagement_delta_7d,random_forest_regressor,alpha_score,engagement_context,impurity_importance,0.0,2,mixed,secondary
videos,future_engagement_delta_7d,random_forest_regressor,channel_momentum_score,channel_context,permutation_importance_mean,0.0,3,mixed,primary
videos,future_engagement_delta_7d,random_forest_regressor,channel_momentum_score,channel_context,permutation_importance_std,0.0,3,mixed,primary
videos,future_engagement_delta_7d,random_forest_regressor,channel_momentum_score,channel_context,impurity_importance,0.0,3,mixed,secondary
videos,future_engagement_delta_7d,random_forest_regressor,channel_relative_success_score,channel_context,permutation_importance_mean,0.0,4,mixed,primary
videos,future_engagement_delta_7d,random_forest_regressor,channel_relative_success_score,channel_context,permutation_importance_std,0.0,4,mixed,primary
videos,future_engagement_delta_7d,random_forest_regressor,channel_relative_success_score,channel_context,impurity_importance,0.0,4,mixed,secondary
videos,future_engagement_delta_7d,random_forest_regressor,curiosity_semantic_score,semantic_scores,permutation_importance_mean,0.0,5,mixed,primary
videos,future_engagement_delta_7d,random_forest_regressor,curiosity_semantic_score,semantic_scores,permutation_importance_std,0.0,5,mixed,primary
videos,future_engagement_delta_7d,random_forest_regressor,curiosity_semantic_score,semantic_scores,impurity_importance,0.0,5,mixed,secondary
videos,future_engagement_delta_7d,random_forest_regressor,decision_score,model_decision,permutation_importance_mean,0.0,6,mixed,primary
videos,future_engagement_delta_7d,random_forest_regressor,decision_score,model_decision,permutation_importance_std,0.0,6,mixed,primary
videos,future_engagement_delta_7d,random_forest_regressor,decision_score,model_decision,impurity_importance,0.0,6,mixed,secondary
videos,future_engagement_delta_7d,random_forest_regressor,description_length_chars,engagement_context,permutation_importance_mean,0.0,7,mixed,primary
videos,future_engagement_delta_7d,random_forest_regressor,description_length_chars,engagement_context,permutation_importance_std,0.0,7,mixed,primary
videos,future_engagement_delta_7d,random_forest_regressor,description_length_chars,engagement_context,impurity_importance,0.0,7,mixed,secondary
videos,future_engagement_delta_7d,random_forest_regressor,description_word_count,engagement_context,permutation_importance_mean,0.0,8,mixed,primary
videos,future_engagement_delta_7d,random_forest_regressor,description_word_count,engagement_context,permutation_importance_std,0.0,8,mixed,primary
videos,future_engagement_delta_7d,random_forest_regressor,description_word_count,engagement_context,impurity_importance,0.0,8,mixed,secondary
videos,future_engagement_delta_7d,random_forest_regressor,engagement_rate,engagement_context,permutation_importance_mean,0.0,9,mixed,primary
videos,future_engagement_delta_7d,random_forest_regressor,engagement_rate,engagement_context,permutation_importance_std,0.0,9,mixed,primary
videos,future_engagement_delta_7d,random_forest_regressor,engagement_rate,engagement_context,impurity_importance,0.0,9,mixed,secondary
videos,future_engagement_delta_7d,random_forest_regressor,evergreen_score,engagement_context,permutation_importance_mean,0.0,10,mixed,primary
videos,future_engagement_delta_7d,random_forest_regressor,evergreen_score,engagement_context,permutation_importance_std,0.0,10,mixed,primary
videos,future_engagement_delta_7d,random_forest_regressor,evergreen_score,engagement_context,impurity_importance,0.0,10,mixed,secondary
videos,future_engagement_delta_7d,random_forest_regressor,finance_semantic_score,semantic_scores,permutation_importance_mean,0.0,11,mixed,primary
videos,future_engagement_delta_7d,random_forest_regressor,finance_semantic_score,semantic_scores,permutation_importance_std,0.0,11,mixed,primary
videos,future_engagement_delta_7d,random_forest_regressor,finance_semantic_score,semantic_scores,impurity_importance,0.0,11,mixed,secondary
videos,future_engagement_delta_7d,random_forest_regressor,has_ai_word,engagement_context,permutation_importance_mean,0.0,12,mixed,primary
videos,future_engagement_delta_7d,random_forest_regressor,has_ai_word,engagement_context,permutation_importance_std,0.0,12,mixed,primary
videos,future_engagement_delta_7d,random_forest_regressor,has_ai_word,engagement_context,impurity_importance,0.0,12,mixed,secondary
videos,future_engagement_delta_7d,random_forest_regressor,has_finance_word,engagement_context,permutation_importance_mean,0.0,13,mixed,primary
videos,future_engagement_delta_7d,random_forest_regressor,has_finance_word,engagement_context,permutation_importance_std,0.0,13,mixed,primary
videos,future_engagement_delta_7d,random_forest_regressor,has_finance_word,engagement_context,impurity_importance,0.0,13,mixed,secondary
videos,future_engagement_delta_7d,random_forest_regressor,has_number,engagement_context,permutation_importance_mean,0.0,14,mixed,primary
videos,future_engagement_delta_7d,random_forest_regressor,has_number,engagement_context,permutation_importance_std,0.0,14,mixed,primary
videos,future_engagement_delta_7d,random_forest_regressor,has_number,engagement_context,impurity_importance,0.0,14,mixed,secondary
videos,future_engagement_delta_7d,random_forest_regressor,has_question,engagement_context,permutation_importance_mean,0.0,15,mixed,primary
videos,future_engagement_delta_7d,random_forest_regressor,has_question,engagement_context,permutation_importance_std,0.0,15,mixed,primary
videos,future_engagement_delta_7d,random_forest_regressor,has_question,engagement_context,impurity_importance,0.0,15,mixed,secondary
videos,future_engagement_delta_7d,random_forest_regressor,hybrid_decision_score,model_decision,permutation_importance_mean,0.0,16,mixed,primary
videos,future_engagement_delta_7d,random_forest_regressor,hybrid_decision_score,model_decision,permutation_importance_std,0.0,16,mixed,primary
videos,future_engagement_delta_7d,random_forest_regressor,hybrid_decision_score,model_decision,impurity_importance,0.0,16,mixed,secondary
videos,future_engagement_delta_7d,random_forest_regressor,metadata_changed,metadata,permutation_importance_mean,0.0,17,mixed,primary
videos,future_engagement_delta_7d,random_forest_regressor,metadata_changed,metadata,permutation_importance_std,0.0,17,mixed,primary
videos,future_engagement_delta_7d,random_forest_regressor,metadata_changed,metadata,impurity_importance,0.0,17,mixed,secondary
videos,future_engagement_delta_7d,random_forest_regressor,metric_confidence_score,engagement_context,permutation_importance_mean,0.0,18,mixed,primary
videos,future_engagement_delta_7d,random_forest_regressor,metric_confidence_score,engagement_context,permutation_importance_std,0.0,18,mixed,primary
videos,future_engagement_delta_7d,random_forest_regressor,metric_confidence_score,engagement_context,impurity_importance,0.0,18,mixed,secondary
videos,future_engagement_delta_7d,random_forest_regressor,news_semantic_score,semantic_scores,permutation_importance_mean,0.0,19,mixed,primary
videos,future_engagement_delta_7d,random_forest_regressor,news_semantic_score,semantic_scores,permutation_importance_std,0.0,19,mixed,primary
videos,future_engagement_delta_7d,random_forest_regressor,news_semantic_score,semantic_scores,impurity_importance,0.0,19,mixed,secondary
videos,future_engagement_delta_7d,random_forest_regressor,opportunity_score,engagement_context,permutation_importance_mean,0.0,20,mixed,primary
videos,future_engagement_delta_7d,random_forest_regressor,opportunity_score,engagement_context,permutation_importance_std,0.0,20,mixed,primary
videos,future_engagement_delta_7d,random_forest_regressor,opportunity_score,engagement_context,impurity_importance,0.0,20,mixed,secondary
videos,future_engagement_delta_7d,random_forest_regressor,packaging_problem_score,engagement_context,permutation_importance_mean,0.0,21,mixed,primary
videos,future_engagement_delta_7d,random_forest_regressor,packaging_problem_score,engagement_context,permutation_importance_std,0.0,21,mixed,primary
videos,future_engagement_delta_7d,random_forest_regressor,packaging_problem_score,engagement_context,impurity_importance,0.0,21,mixed,secondary
videos,future_engagement_delta_7d,random_forest_regressor,productivity_semantic_score,semantic_scores,permutation_importance_mean,0.0,22,mixed,primary
videos,future_engagement_delta_7d,random_forest_regressor,productivity_semantic_score,semantic_scores,permutation_importance_std,0.0,22,mixed,primary
videos,future_engagement_delta_7d,random_forest_regressor,productivity_semantic_score,semantic_scores,impurity_importance,0.0,22,mixed,secondary
videos,future_engagement_delta_7d,random_forest_regressor,promise_semantic_score,semantic_scores,permutation_importance_mean,0.0,23,mixed,primary
videos,future_engagement_delta_7d,random_forest_regressor,promise_semantic_score,semantic_scores,permutation_importance_std,0.0,23,mixed,primary
videos,future_engagement_delta_7d,random_forest_regressor,promise_semantic_score,semantic_scores,impurity_importance,0.0,23,mixed,secondary
videos,future_engagement_delta_7d,random_forest_regressor,semantic_cluster_id,semantic_cluster,permutation_importance_mean,0.0,24,mixed,primary
videos,future_engagement_delta_7d,random_forest_regressor,semantic_cluster_id,semantic_cluster,permutation_importance_std,0.0,24,mixed,primary
videos,future_engagement_delta_7d,random_forest_regressor,semantic_cluster_id,semantic_cluster,impurity_importance,0.0,24,mixed,secondary
videos,future_engagement_delta_7d,random_forest_regressor,title_has_currency,title_style,permutation_importance_mean,0.0,25,mixed,primary
videos,future_engagement_delta_7d,random_forest_regressor,title_has_currency,title_style,permutation_importance_std,0.0,25,mixed,primary
videos,future_engagement_delta_7d,random_forest_regressor,title_has_currency,title_style,impurity_importance,0.0,25,mixed,secondary
videos,future_engagement_delta_7d,random_forest_regressor,title_has_number,title_style,permutation_importance_mean,0.0,26,mixed,primary
videos,future_engagement_delta_7d,random_forest_regressor,title_has_number,title_style,permutation_importance_std,0.0,26,mixed,primary
videos,future_engagement_delta_7d,random_forest_regressor,title_has_number,title_style,impurity_importance,0.0,26,mixed,secondary
videos,future_engagement_delta_7d,random_forest_regressor,title_has_question,title_style,permutation_importance_mean,0.0,27,mixed,primary
videos,future_engagement_delta_7d,random_forest_regressor,title_has_question,title_style,permutation_importance_std,0.0,27,mixed,primary
videos,future_engagement_delta_7d,random_forest_regressor,title_has_question,title_style,impurity_importance,0.0,27,mixed,secondary
videos,future_engagement_delta_7d,random_forest_regressor,title_has_year,title_style,permutation_importance_mean,0.0,28,mixed,primary
videos,future_engagement_delta_7d,random_forest_regressor,title_has_year,title_style,permutation_importance_std,0.0,28,mixed,primary
videos,future_engagement_delta_7d,random_forest_regressor,title_has_year,title_style,impurity_importance,0.0,28,mixed,secondary
videos,future_engagement_delta_7d,random_forest_regressor,title_length_chars,title_style,permutation_importance_mean,0.0,29,mixed,primary
videos,future_engagement_delta_7d,random_forest_regressor,title_length_chars,title_style,permutation_importance_std,0.0,29,mixed,primary
videos,future_engagement_delta_7d,random_forest_regressor,title_length_chars,title_style,impurity_importance,0.0,29,mixed,secondary
videos,future_engagement_delta_7d,random_forest_regressor,title_word_count,title_style,permutation_importance_mean,0.0,30,mixed,primary
videos,future_engagement_delta_7d,random_forest_regressor,title_word_count,title_style,permutation_importance_std,0.0,30,mixed,primary
videos,future_engagement_delta_7d,random_forest_regressor,title_word_count,title_style,impurity_importance,0.0,30,mixed,secondary
videos,future_engagement_delta_7d,random_forest_regressor,topic_confidence,topic_metrics,permutation_importance_mean,0.0,31,mixed,primary
videos,future_engagement_delta_7d,random_forest_regressor,topic_confidence,topic_metrics,permutation_importance_std,0.0,31,mixed,primary
videos,future_engagement_delta_7d,random_forest_regressor,topic_confidence,topic_metrics,impurity_importance,0.0,31,mixed,secondary
videos,future_engagement_delta_7d,random_forest_regressor,topic_opportunity_score,topic_metrics,permutation_importance_mean,0.0,32,mixed,primary
videos,future_engagement_delta_7d,random_forest_regressor,topic_opportunity_score,topic_metrics,permutation_importance_std,0.0,32,mixed,primary
videos,future_engagement_delta_7d,random_forest_regressor,topic_opportunity_score,topic_metrics,impurity_importance,0.0,32,mixed,secondary
videos,future_engagement_delta_7d,random_forest_regressor,topic_saturation_score,topic_metrics,permutation_importance_mean,0.0,33,mixed,primary
videos,future_engagement_delta_7d,random_forest_regressor,topic_saturation_score,topic_metrics,permutation_importance_std,0.0,33,mixed,primary
videos,future_engagement_delta_7d,random_forest_regressor,topic_saturation_score,topic_metrics,impurity_importance,0.0,33,mixed,secondary
videos,future_engagement_delta_7d,random_forest_regressor,trend_burst_score,engagement_context,permutation_importance_mean,0.0,34,mixed,primary
videos,future_engagement_delta_7d,random_forest_regressor,trend_burst_score,engagement_context,permutation_importance_std,0.0,34,mixed,primary
videos,future_engagement_delta_7d,random_forest_regressor,trend_burst_score,engagement_context,impurity_importance,0.0,34,mixed,secondary
videos,future_engagement_delta_7d,random_forest_regressor,tutorial_semantic_score,semantic_scores,permutation_importance_mean,0.0,35,mixed,primary
videos,future_engagement_delta_7d,random_forest_regressor,tutorial_semantic_score,semantic_scores,permutation_importance_std,0.0,35,mixed,primary
videos,future_engagement_delta_7d,random_forest_regressor,tutorial_semantic_score,semantic_scores,impurity_importance,0.0,35,mixed,secondary
videos,future_engagement_delta_7d,random_forest_regressor,urgency_semantic_score,semantic_scores,permutation_importance_mean,0.0,36,mixed,primary
videos,future_engagement_delta_7d,random_forest_regressor,urgency_semantic_score,semantic_scores,permutation_importance_std,0.0,36,mixed,primary
videos,future_engagement_delta_7d,random_forest_regressor,urgency_semantic_score,semantic_scores,impurity_importance,0.0,36,mixed,secondary
videos,future_engagement_delta_7d,random_forest_regressor,views_delta,engagement_context,permutation_importance_mean,0.0,37,mixed,primary
videos,future_engagement_delta_7d,random_forest_regressor,views_delta,engagement_context,permutation_importance_std,0.0,37,mixed,primary
videos,future_engagement_delta_7d,random_forest_regressor,views_delta,engagement_context,impurity_importance,0.0,37,mixed,secondary
videos,future_engagement_delta_7d,random_forest_regressor,warning_semantic_score,semantic_scores,permutation_importance_mean,0.0,38,mixed,primary
videos,future_engagement_delta_7d,random_forest_regressor,warning_semantic_score,semantic_scores,permutation_importance_std,0.0,38,mixed,primary
videos,future_engagement_delta_7d,random_forest_regressor,warning_semantic_score,semantic_scores,impurity_importance,0.0,38,mixed,secondary
videos,future_engagement_delta_7d,random_forest_regressor,hook_semantic_type__ai,title_style,permutation_importance_mean,0.0,39,mixed,primary
videos,future_engagement_delta_7d,random_forest_regressor,hook_semantic_type__ai,title_style,permutation_importance_std,0.0,39,mixed,primary
videos,future_engagement_delta_7d,random_forest_regressor,hook_semantic_type__ai,title_style,impurity_importance,0.0,39,mixed,secondary
videos,future_engagement_delta_7d,random_forest_regressor,hook_semantic_type__curiosity,title_style,permutation_importance_mean,0.0,40,mixed,primary
videos,future_engagement_delta_7d,random_forest_regressor,hook_semantic_type__curiosity,title_style,permutation_importance_std,0.0,40,mixed,primary
videos,future_engagement_delta_7d,random_forest_regressor,hook_semantic_type__curiosity,title_style,impurity_importance,0.0,40,mixed,secondary
videos,future_engagement_delta_7d,random_forest_regressor,hook_semantic_type__finance,title_style,permutation_importance_mean,0.0,41,mixed,primary
videos,future_engagement_delta_7d,random_forest_regressor,hook_semantic_type__finance,title_style,permutation_importance_std,0.0,41,mixed,primary
videos,future_engagement_delta_7d,random_forest_regressor,hook_semantic_type__finance,title_style,impurity_importance,0.0,41,mixed,secondary
videos,future_engagement_delta_7d,random_forest_regressor,hook_semantic_type__news,title_style,permutation_importance_mean,0.0,42,mixed,primary
videos,future_engagement_delta_7d,random_forest_regressor,hook_semantic_type__news,title_style,permutation_importance_std,0.0,42,mixed,primary
videos,future_engagement_delta_7d,random_forest_regressor,hook_semantic_type__news,title_style,impurity_importance,0.0,42,mixed,secondary
videos,future_engagement_delta_7d,random_forest_regressor,hook_semantic_type__promise,title_style,permutation_importance_mean,0.0,43,mixed,primary
videos,future_engagement_delta_7d,random_forest_regressor,hook_semantic_type__promise,title_style,permutation_importance_std,0.0,43,mixed,primary
videos,future_engagement_delta_7d,random_forest_regressor,hook_semantic_type__promise,title_style,impurity_importance,0.0,43,mixed,secondary
videos,future_engagement_delta_7d,random_forest_regressor,hook_semantic_type__tutorial,title_style,permutation_importance_mean,0.0,44,mixed,primary
videos,future_engagement_delta_7d,random_forest_regressor,hook_semantic_type__tutorial,title_style,permutation_importance_std,0.0,44,mixed,primary
videos,future_engagement_delta_7d,random_forest_regressor,hook_semantic_type__tutorial,title_style,impurity_importance,0.0,44,mixed,secondary
videos,future_engagement_delta_7d,random_forest_regressor,hook_semantic_type__unknown,title_style,permutation_importance_mean,0.0,45,mixed,primary
videos,future_engagement_delta_7d,random_forest_regressor,hook_semantic_type__unknown,title_style,permutation_importance_std,0.0,45,mixed,primary
videos,future_engagement_delta_7d,random_forest_regressor,hook_semantic_type__unknown,title_style,impurity_importance,0.0,45,mixed,secondary
videos,future_engagement_delta_7d,random_forest_regressor,hook_semantic_type__warning,title_style,permutation_importance_mean,0.0,46,mixed,primary
videos,future_engagement_delta_7d,random_forest_regressor,hook_semantic_type__warning,title_style,permutation_importance_std,0.0,46,mixed,primary
videos,future_engagement_delta_7d,random_forest_regressor,hook_semantic_type__warning,title_style,impurity_importance,0.0,46,mixed,secondary
videos,future_engagement_delta_7d,random_forest_regressor,semantic_cluster_label__de_la_en,semantic_cluster,permutation_importance_mean,0.0,47,mixed,primary
videos,future_engagement_delta_7d,random_forest_regressor,semantic_cluster_label__de_la_en,semantic_cluster,permutation_importance_std,0.0,47,mixed,primary
videos,future_engagement_delta_7d,random_forest_regressor,semantic_cluster_label__de_la_en,semantic_cluster,impurity_importance,0.0,47,mixed,secondary
videos,future_engagement_delta_7d,random_forest_regressor,semantic_cluster_label__el_de_en,semantic_cluster,permutation_importance_mean,0.0,48,mixed,primary
videos,future_engagement_delta_7d,random_forest_regressor,semantic_cluster_label__el_de_en,semantic_cluster,permutation_importance_std,0.0,48,mixed,primary
videos,future_engagement_delta_7d,random_forest_regressor,semantic_cluster_label__el_de_en,semantic_cluster,impurity_importance,0.0,48,mixed,secondary
videos,future_engagement_delta_7d,random_forest_regressor,semantic_cluster_label__highlights_26_mlb_mlb_highlights,semantic_cluster,permutation_importance_mean,0.0,49,mixed,primary
videos,future_engagement_delta_7d,random_forest_regressor,semantic_cluster_label__highlights_26_mlb_mlb_highlights,semantic_cluster,permutation_importance_std,0.0,49,mixed,primary
videos,future_engagement_delta_7d,random_forest_regressor,semantic_cluster_label__highlights_26_mlb_mlb_highlights,semantic_cluster,impurity_importance,0.0,49,mixed,secondary
videos,future_engagement_delta_7d,random_forest_regressor,semantic_cluster_label__sign_up_liv_on_on_youtube,semantic_cluster,permutation_importance_mean,0.0,50,mixed,primary
videos,future_engagement_delta_7d,random_forest_regressor,semantic_cluster_label__sign_up_liv_on_on_youtube,semantic_cluster,permutation_importance_std,0.0,50,mixed,primary
videos,future_engagement_delta_7d,random_forest_regressor,semantic_cluster_label__sign_up_liv_on_on_youtube,semantic_cluster,impurity_importance,0.0,50,mixed,secondary
videos,future_engagement_delta_7d,random_forest_regressor,semantic_cluster_label__the_in_of,semantic_cluster,permutation_importance_mean,0.0,51,mixed,primary
videos,future_engagement_delta_7d,random_forest_regressor,semantic_cluster_label__the_in_of,semantic_cluster,permutation_importance_std,0.0,51,mixed,primary
videos,future_engagement_delta_7d,random_forest_regressor,semantic_cluster_label__the_in_of,semantic_cluster,impurity_importance,0.0,51,mixed,secondary
videos,future_engagement_delta_7d,random_forest_regressor,semantic_cluster_label__to_may_2026,semantic_cluster,permutation_importance_mean,0.0,52,mixed,primary
videos,future_engagement_delta_7d,random_forest_regressor,semantic_cluster_label__to_may_2026,semantic_cluster,permutation_importance_std,0.0,52,mixed,primary
videos,future_engagement_delta_7d,random_forest_regressor,semantic_cluster_label__to_may_2026,semantic_cluster,impurity_importance,0.0,52,mixed,secondary
videos,future_engagement_delta_7d,random_forest_regressor,semantic_cluster_label__trump_on_of,semantic_cluster,permutation_importance_mean,0.0,53,mixed,primary
videos,future_engagement_delta_7d,random_forest_regressor,semantic_cluster_label__trump_on_of,semantic_cluster,permutation_importance_std,0.0,53,mixed,primary
videos,future_engagement_delta_7d,random_forest_regressor,semantic_cluster_label__trump_on_of,semantic_cluster,impurity_importance,0.0,53,mixed,secondary
videos,future_engagement_delta_7d,random_forest_regressor,topic_primary__ai_tools,topic_metrics,permutation_importance_mean,0.0,54,mixed,primary
videos,future_engagement_delta_7d,random_forest_regressor,topic_primary__ai_tools,topic_metrics,permutation_importance_std,0.0,54,mixed,primary
videos,future_engagement_delta_7d,random_forest_regressor,topic_primary__ai_tools,topic_metrics,impurity_importance,0.0,54,mixed,secondary
videos,future_engagement_delta_7d,random_forest_regressor,topic_primary__finance_personal,topic_metrics,permutation_importance_mean,0.0,55,mixed,primary
videos,future_engagement_delta_7d,random_forest_regressor,topic_primary__finance_personal,topic_metrics,permutation_importance_std,0.0,55,mixed,primary
videos,future_engagement_delta_7d,random_forest_regressor,topic_primary__finance_personal,topic_metrics,impurity_importance,0.0,55,mixed,secondary
videos,future_engagement_delta_7d,random_forest_regressor,topic_primary__news_trends,topic_metrics,permutation_importance_mean,0.0,56,mixed,primary
videos,future_engagement_delta_7d,random_forest_regressor,topic_primary__news_trends,topic_metrics,permutation_importance_std,0.0,56,mixed,primary
videos,future_engagement_delta_7d,random_forest_regressor,topic_primary__news_trends,topic_metrics,impurity_importance,0.0,56,mixed,secondary
videos,future_engagement_delta_7d,random_forest_regressor,topic_primary__productivity,topic_metrics,permutation_importance_mean,0.0,57,mixed,primary
videos,future_engagement_delta_7d,random_forest_regressor,topic_primary__productivity,topic_metrics,permutation_importance_std,0.0,57,mixed,primary
videos,future_engagement_delta_7d,random_forest_regressor,topic_primary__productivity,topic_metrics,impurity_importance,0.0,57,mixed,secondary
videos,future_engagement_delta_7d,random_forest_regressor,topic_primary__tutorial,topic_metrics,permutation_importance_mean,0.0,58,mixed,primary
videos,future_engagement_delta_7d,random_forest_regressor,topic_primary__tutorial,topic_metrics,permutation_importance_std,0.0,58,mixed,primary
videos,future_engagement_delta_7d,random_forest_regressor,topic_primary__tutorial,topic_metrics,impurity_importance,0.0,58,mixed,secondary
videos,future_engagement_delta_7d,random_forest_regressor,topic_primary__unknown,topic_metrics,permutation_importance_mean,0.0,59,mixed,primary
videos,future_engagement_delta_7d,random_forest_regressor,topic_primary__unknown,topic_metrics,permutation_importance_std,0.0,59,mixed,primary
videos,future_engagement_delta_7d,random_forest_regressor,topic_primary__unknown,topic_metrics,impurity_importance,0.0,59,mixed,secondary
videos,future_engagement_delta_7d,random_forest_regressor,topic_secondary__ai_tools,topic_metrics,permutation_importance_mean,0.0,60,mixed,primary
videos,future_engagement_delta_7d,random_forest_regressor,topic_secondary__ai_tools,topic_metrics,permutation_importance_std,0.0,60,mixed,primary
videos,future_engagement_delta_7d,random_forest_regressor,topic_secondary__ai_tools,topic_metrics,impurity_importance,0.0,60,mixed,secondary
videos,future_engagement_delta_7d,random_forest_regressor,topic_secondary__finance_personal,topic_metrics,permutation_importance_mean,0.0,61,mixed,primary
videos,future_engagement_delta_7d,random_forest_regressor,topic_secondary__finance_personal,topic_metrics,permutation_importance_std,0.0,61,mixed,primary
videos,future_engagement_delta_7d,random_forest_regressor,topic_secondary__finance_personal,topic_metrics,impurity_importance,0.0,61,mixed,secondary
videos,future_engagement_delta_7d,random_forest_regressor,topic_secondary__news_trends,topic_metrics,permutation_importance_mean,0.0,62,mixed,primary
videos,future_engagement_delta_7d,random_forest_regressor,topic_secondary__news_trends,topic_metrics,permutation_importance_std,0.0,62,mixed,primary
videos,future_engagement_delta_7d,random_forest_regressor,topic_secondary__news_trends,topic_metrics,impurity_importance,0.0,62,mixed,secondary
videos,future_engagement_delta_7d,random_forest_regressor,topic_secondary__productivity,topic_metrics,permutation_importance_mean,0.0,63,mixed,primary
videos,future_engagement_delta_7d,random_forest_regressor,topic_secondary__productivity,topic_metrics,permutation_importance_std,0.0,63,mixed,primary
videos,future_engagement_delta_7d,random_forest_regressor,topic_secondary__productivity,topic_metrics,impurity_importance,0.0,63,mixed,secondary
videos,future_engagement_delta_7d,random_forest_regressor,topic_secondary__tutorial,topic_metrics,permutation_importance_mean,0.0,64,mixed,primary
videos,future_engagement_delta_7d,random_forest_regressor,topic_secondary__tutorial,topic_metrics,permutation_importance_std,0.0,64,mixed,primary
videos,future_engagement_delta_7d,random_forest_regressor,topic_secondary__tutorial,topic_metrics,impurity_importance,0.0,64,mixed,secondary
videos,future_engagement_delta_7d,random_forest_regressor,topic_secondary__unknown,topic_metrics,permutation_importance_mean,0.0,65,mixed,primary
videos,future_engagement_delta_7d,random_forest_regressor,topic_secondary__unknown,topic_metrics,permutation_importance_std,0.0,65,mixed,primary
videos,future_engagement_delta_7d,random_forest_regressor,topic_secondary__unknown,topic_metrics,impurity_importance,0.0,65,mixed,secondary
videos,future_engagement_delta_7d,linear_regularized_regressor,ai_semantic_score,semantic_scores,standardized_coefficient,0.0,1,mixed,primary
videos,future_engagement_delta_7d,linear_regularized_regressor,alpha_score,engagement_context,standardized_coefficient,0.0,2,mixed,primary
videos,future_engagement_delta_7d,linear_regularized_regressor,channel_momentum_score,channel_context,standardized_coefficient,0.0,3,mixed,primary
videos,future_engagement_delta_7d,linear_regularized_regressor,channel_relative_success_score,channel_context,standardized_coefficient,0.0,4,mixed,primary
videos,future_engagement_delta_7d,linear_regularized_regressor,curiosity_semantic_score,semantic_scores,standardized_coefficient,0.0,5,mixed,primary
videos,future_engagement_delta_7d,linear_regularized_regressor,decision_score,model_decision,standardized_coefficient,0.0,6,mixed,primary
videos,future_engagement_delta_7d,linear_regularized_regressor,description_length_chars,engagement_context,standardized_coefficient,0.0,7,mixed,primary
videos,future_engagement_delta_7d,linear_regularized_regressor,description_word_count,engagement_context,standardized_coefficient,0.0,8,mixed,primary
videos,future_engagement_delta_7d,linear_regularized_regressor,engagement_rate,engagement_context,standardized_coefficient,0.0,9,mixed,primary
videos,future_engagement_delta_7d,linear_regularized_regressor,evergreen_score,engagement_context,standardized_coefficient,0.0,10,mixed,primary
videos,future_engagement_delta_7d,linear_regularized_regressor,finance_semantic_score,semantic_scores,standardized_coefficient,0.0,11,mixed,primary
videos,future_engagement_delta_7d,linear_regularized_regressor,has_ai_word,engagement_context,standardized_coefficient,0.0,12,mixed,primary
videos,future_engagement_delta_7d,linear_regularized_regressor,has_finance_word,engagement_context,standardized_coefficient,0.0,13,mixed,primary
videos,future_engagement_delta_7d,linear_regularized_regressor,has_number,engagement_context,standardized_coefficient,0.0,14,mixed,primary
videos,future_engagement_delta_7d,linear_regularized_regressor,has_question,engagement_context,standardized_coefficient,0.0,15,mixed,primary
videos,future_engagement_delta_7d,linear_regularized_regressor,hybrid_decision_score,model_decision,standardized_coefficient,0.0,16,mixed,primary
videos,future_engagement_delta_7d,linear_regularized_regressor,metadata_changed,metadata,standardized_coefficient,0.0,17,mixed,primary
videos,future_engagement_delta_7d,linear_regularized_regressor,metric_confidence_score,engagement_context,standardized_coefficient,0.0,18,mixed,primary
videos,future_engagement_delta_7d,linear_regularized_regressor,news_semantic_score,semantic_scores,standardized_coefficient,0.0,19,mixed,primary
videos,future_engagement_delta_7d,linear_regularized_regressor,opportunity_score,engagement_context,standardized_coefficient,0.0,20,mixed,primary
videos,future_engagement_delta_7d,linear_regularized_regressor,packaging_problem_score,engagement_context,standardized_coefficient,0.0,21,mixed,primary
videos,future_engagement_delta_7d,linear_regularized_regressor,productivity_semantic_score,semantic_scores,standardized_coefficient,0.0,22,mixed,primary
videos,future_engagement_delta_7d,linear_regularized_regressor,promise_semantic_score,semantic_scores,standardized_coefficient,0.0,23,mixed,primary
videos,future_engagement_delta_7d,linear_regularized_regressor,semantic_cluster_id,semantic_cluster,standardized_coefficient,0.0,24,mixed,primary
videos,future_engagement_delta_7d,linear_regularized_regressor,title_has_currency,title_style,standardized_coefficient,0.0,25,mixed,primary
videos,future_engagement_delta_7d,linear_regularized_regressor,title_has_number,title_style,standardized_coefficient,0.0,26,mixed,primary
videos,future_engagement_delta_7d,linear_regularized_regressor,title_has_question,title_style,standardized_coefficient,0.0,27,mixed,primary
videos,future_engagement_delta_7d,linear_regularized_regressor,title_has_year,title_style,standardized_coefficient,0.0,28,mixed,primary
videos,future_engagement_delta_7d,linear_regularized_regressor,title_length_chars,title_style,standardized_coefficient,0.0,29,mixed,primary
videos,future_engagement_delta_7d,linear_regularized_regressor,title_word_count,title_style,standardized_coefficient,0.0,30,mixed,primary
videos,future_engagement_delta_7d,linear_regularized_regressor,topic_confidence,topic_metrics,standardized_coefficient,0.0,31,mixed,primary
videos,future_engagement_delta_7d,linear_regularized_regressor,topic_opportunity_score,topic_metrics,standardized_coefficient,0.0,32,mixed,primary
videos,future_engagement_delta_7d,linear_regularized_regressor,topic_saturation_score,topic_metrics,standardized_coefficient,0.0,33,mixed,primary
videos,future_engagement_delta_7d,linear_regularized_regressor,trend_burst_score,engagement_context,standardized_coefficient,0.0,34,mixed,primary
videos,future_engagement_delta_7d,linear_regularized_regressor,tutorial_semantic_score,semantic_scores,standardized_coefficient,0.0,35,mixed,primary
videos,future_engagement_delta_7d,linear_regularized_regressor,urgency_semantic_score,semantic_scores,standardized_coefficient,0.0,36,mixed,primary
videos,future_engagement_delta_7d,linear_regularized_regressor,views_delta,engagement_context,standardized_coefficient,0.0,37,mixed,primary
videos,future_engagement_delta_7d,linear_regularized_regressor,warning_semantic_score,semantic_scores,standardized_coefficient,0.0,38,mixed,primary
videos,future_engagement_delta_7d,linear_regularized_regressor,hook_semantic_type__ai,title_style,standardized_coefficient,0.0,39,mixed,primary
videos,future_engagement_delta_7d,linear_regularized_regressor,hook_semantic_type__curiosity,title_style,standardized_coefficient,0.0,40,mixed,primary
videos,future_engagement_delta_7d,linear_regularized_regressor,hook_semantic_type__finance,title_style,standardized_coefficient,0.0,41,mixed,primary
videos,future_engagement_delta_7d,linear_regularized_regressor,hook_semantic_type__news,title_style,standardized_coefficient,0.0,42,mixed,primary
videos,future_engagement_delta_7d,linear_regularized_regressor,hook_semantic_type__promise,title_style,standardized_coefficient,0.0,43,mixed,primary
videos,future_engagement_delta_7d,linear_regularized_regressor,hook_semantic_type__tutorial,title_style,standardized_coefficient,0.0,44,mixed,primary
videos,future_engagement_delta_7d,linear_regularized_regressor,hook_semantic_type__unknown,title_style,standardized_coefficient,0.0,45,mixed,primary
videos,future_engagement_delta_7d,linear_regularized_regressor,hook_semantic_type__warning,title_style,standardized_coefficient,0.0,46,mixed,primary
videos,future_engagement_delta_7d,linear_regularized_regressor,semantic_cluster_label__de_la_en,semantic_cluster,standardized_coefficient,0.0,47,mixed,primary
videos,future_engagement_delta_7d,linear_regularized_regressor,semantic_cluster_label__el_de_en,semantic_cluster,standardized_coefficient,0.0,48,mixed,primary
videos,future_engagement_delta_7d,linear_regularized_regressor,semantic_cluster_label__highlights_26_mlb_mlb_highlights,semantic_cluster,standardized_coefficient,0.0,49,mixed,primary
videos,future_engagement_delta_7d,linear_regularized_regressor,semantic_cluster_label__sign_up_liv_on_on_youtube,semantic_cluster,standardized_coefficient,0.0,50,mixed,primary
videos,future_engagement_delta_7d,linear_regularized_regressor,semantic_cluster_label__the_in_of,semantic_cluster,standardized_coefficient,0.0,51,mixed,primary
videos,future_engagement_delta_7d,linear_regularized_regressor,semantic_cluster_label__to_may_2026,semantic_cluster,standardized_coefficient,0.0,52,mixed,primary
videos,future_engagement_delta_7d,linear_regularized_regressor,semantic_cluster_label__trump_on_of,semantic_cluster,standardized_coefficient,0.0,53,mixed,primary
videos,future_engagement_delta_7d,linear_regularized_regressor,topic_primary__ai_tools,topic_metrics,standardized_coefficient,0.0,54,mixed,primary
videos,future_engagement_delta_7d,linear_regularized_regressor,topic_primary__finance_personal,topic_metrics,standardized_coefficient,0.0,55,mixed,primary
videos,future_engagement_delta_7d,linear_regularized_regressor,topic_primary__news_trends,topic_metrics,standardized_coefficient,0.0,56,mixed,primary
videos,future_engagement_delta_7d,linear_regularized_regressor,topic_primary__productivity,topic_metrics,standardized_coefficient,0.0,57,mixed,primary
videos,future_engagement_delta_7d,linear_regularized_regressor,topic_primary__tutorial,topic_metrics,standardized_coefficient,0.0,58,mixed,primary
videos,future_engagement_delta_7d,linear_regularized_regressor,topic_primary__unknown,topic_metrics,standardized_coefficient,0.0,59,mixed,primary
videos,future_engagement_delta_7d,linear_regularized_regressor,topic_secondary__ai_tools,topic_metrics,standardized_coefficient,0.0,60,mixed,primary
videos,future_engagement_delta_7d,linear_regularized_regressor,topic_secondary__finance_personal,topic_metrics,standardized_coefficient,0.0,61,mixed,primary
videos,future_engagement_delta_7d,linear_regularized_regressor,topic_secondary__news_trends,topic_metrics,standardized_coefficient,0.0,62,mixed,primary
videos,future_engagement_delta_7d,linear_regularized_regressor,topic_secondary__productivity,topic_metrics,standardized_coefficient,0.0,63,mixed,primary
videos,future_engagement_delta_7d,linear_regularized_regressor,topic_secondary__tutorial,topic_metrics,standardized_coefficient,0.0,64,mixed,primary
videos,future_engagement_delta_7d,linear_regularized_regressor,topic_secondary__unknown,topic_metrics,standardized_coefficient,0.0,65,mixed,primary
videos,future_engagement_delta_7d,shallow_tree_regressor,ai_semantic_score,semantic_scores,feature_importance,0.0,1,mixed,primary
videos,future_engagement_delta_7d,shallow_tree_regressor,alpha_score,engagement_context,feature_importance,0.0,2,mixed,primary
videos,future_engagement_delta_7d,shallow_tree_regressor,channel_momentum_score,channel_context,feature_importance,0.0,3,mixed,primary
videos,future_engagement_delta_7d,shallow_tree_regressor,channel_relative_success_score,channel_context,feature_importance,0.0,4,mixed,primary
videos,future_engagement_delta_7d,shallow_tree_regressor,curiosity_semantic_score,semantic_scores,feature_importance,0.0,5,mixed,primary
videos,future_engagement_delta_7d,shallow_tree_regressor,decision_score,model_decision,feature_importance,0.0,6,mixed,primary
videos,future_engagement_delta_7d,shallow_tree_regressor,description_length_chars,engagement_context,feature_importance,0.0,7,mixed,primary
videos,future_engagement_delta_7d,shallow_tree_regressor,description_word_count,engagement_context,feature_importance,0.0,8,mixed,primary
videos,future_engagement_delta_7d,shallow_tree_regressor,engagement_rate,engagement_context,feature_importance,0.0,9,mixed,primary
videos,future_engagement_delta_7d,shallow_tree_regressor,evergreen_score,engagement_context,feature_importance,0.0,10,mixed,primary
videos,future_engagement_delta_7d,shallow_tree_regressor,finance_semantic_score,semantic_scores,feature_importance,0.0,11,mixed,primary
videos,future_engagement_delta_7d,shallow_tree_regressor,has_ai_word,engagement_context,feature_importance,0.0,12,mixed,primary
videos,future_engagement_delta_7d,shallow_tree_regressor,has_finance_word,engagement_context,feature_importance,0.0,13,mixed,primary
videos,future_engagement_delta_7d,shallow_tree_regressor,has_number,engagement_context,feature_importance,0.0,14,mixed,primary
videos,future_engagement_delta_7d,shallow_tree_regressor,has_question,engagement_context,feature_importance,0.0,15,mixed,primary
videos,future_engagement_delta_7d,shallow_tree_regressor,hybrid_decision_score,model_decision,feature_importance,0.0,16,mixed,primary
videos,future_engagement_delta_7d,shallow_tree_regressor,metadata_changed,metadata,feature_importance,0.0,17,mixed,primary
videos,future_engagement_delta_7d,shallow_tree_regressor,metric_confidence_score,engagement_context,feature_importance,0.0,18,mixed,primary
videos,future_engagement_delta_7d,shallow_tree_regressor,news_semantic_score,semantic_scores,feature_importance,0.0,19,mixed,primary
videos,future_engagement_delta_7d,shallow_tree_regressor,opportunity_score,engagement_context,feature_importance,0.0,20,mixed,primary
videos,future_engagement_delta_7d,shallow_tree_regressor,packaging_problem_score,engagement_context,feature_importance,0.0,21,mixed,primary
videos,future_engagement_delta_7d,shallow_tree_regressor,productivity_semantic_score,semantic_scores,feature_importance,0.0,22,mixed,primary
videos,future_engagement_delta_7d,shallow_tree_regressor,promise_semantic_score,semantic_scores,feature_importance,0.0,23,mixed,primary
videos,future_engagement_delta_7d,shallow_tree_regressor,semantic_cluster_id,semantic_cluster,feature_importance,0.0,24,mixed,primary
videos,future_engagement_delta_7d,shallow_tree_regressor,title_has_currency,title_style,feature_importance,0.0,25,mixed,primary
videos,future_engagement_delta_7d,shallow_tree_regressor,title_has_number,title_style,feature_importance,0.0,26,mixed,primary
videos,future_engagement_delta_7d,shallow_tree_regressor,title_has_question,title_style,feature_importance,0.0,27,mixed,primary
videos,future_engagement_delta_7d,shallow_tree_regressor,title_has_year,title_style,feature_importance,0.0,28,mixed,primary
videos,future_engagement_delta_7d,shallow_tree_regressor,title_length_chars,title_style,feature_importance,0.0,29,mixed,primary
videos,future_engagement_delta_7d,shallow_tree_regressor,title_word_count,title_style,feature_importance,0.0,30,mixed,primary
videos,future_engagement_delta_7d,shallow_tree_regressor,topic_confidence,topic_metrics,feature_importance,0.0,31,mixed,primary
videos,future_engagement_delta_7d,shallow_tree_regressor,topic_opportunity_score,topic_metrics,feature_importance,0.0,32,mixed,primary
videos,future_engagement_delta_7d,shallow_tree_regressor,topic_saturation_score,topic_metrics,feature_importance,0.0,33,mixed,primary
videos,future_engagement_delta_7d,shallow_tree_regressor,trend_burst_score,engagement_context,feature_importance,0.0,34,mixed,primary
videos,future_engagement_delta_7d,shallow_tree_regressor,tutorial_semantic_score,semantic_scores,feature_importance,0.0,35,mixed,primary
videos,future_engagement_delta_7d,shallow_tree_regressor,urgency_semantic_score,semantic_scores,feature_importance,0.0,36,mixed,primary
videos,future_engagement_delta_7d,shallow_tree_regressor,views_delta,engagement_context,feature_importance,0.0,37,mixed,primary
videos,future_engagement_delta_7d,shallow_tree_regressor,warning_semantic_score,semantic_scores,feature_importance,0.0,38,mixed,primary
videos,future_engagement_delta_7d,shallow_tree_regressor,hook_semantic_type__ai,title_style,feature_importance,0.0,39,mixed,primary
videos,future_engagement_delta_7d,shallow_tree_regressor,hook_semantic_type__curiosity,title_style,feature_importance,0.0,40,mixed,primary
videos,future_engagement_delta_7d,shallow_tree_regressor,hook_semantic_type__finance,title_style,feature_importance,0.0,41,mixed,primary
videos,future_engagement_delta_7d,shallow_tree_regressor,hook_semantic_type__news,title_style,feature_importance,0.0,42,mixed,primary
videos,future_engagement_delta_7d,shallow_tree_regressor,hook_semantic_type__promise,title_style,feature_importance,0.0,43,mixed,primary
videos,future_engagement_delta_7d,shallow_tree_regressor,hook_semantic_type__tutorial,title_style,feature_importance,0.0,44,mixed,primary
videos,future_engagement_delta_7d,shallow_tree_regressor,hook_semantic_type__unknown,title_style,feature_importance,0.0,45,mixed,primary
videos,future_engagement_delta_7d,shallow_tree_regressor,hook_semantic_type__warning,title_style,feature_importance,0.0,46,mixed,primary
videos,future_engagement_delta_7d,shallow_tree_regressor,semantic_cluster_label__de_la_en,semantic_cluster,feature_importance,0.0,47,mixed,primary
videos,future_engagement_delta_7d,shallow_tree_regressor,semantic_cluster_label__el_de_en,semantic_cluster,feature_importance,0.0,48,mixed,primary
videos,future_engagement_delta_7d,shallow_tree_regressor,semantic_cluster_label__highlights_26_mlb_mlb_highlights,semantic_cluster,feature_importance,0.0,49,mixed,primary
videos,future_engagement_delta_7d,shallow_tree_regressor,semantic_cluster_label__sign_up_liv_on_on_youtube,semantic_cluster,feature_importance,0.0,50,mixed,primary
videos,future_engagement_delta_7d,shallow_tree_regressor,semantic_cluster_label__the_in_of,semantic_cluster,feature_importance,0.0,51,mixed,primary
videos,future_engagement_delta_7d,shallow_tree_regressor,semantic_cluster_label__to_may_2026,semantic_cluster,feature_importance,0.0,52,mixed,primary
videos,future_engagement_delta_7d,shallow_tree_regressor,semantic_cluster_label__trump_on_of,semantic_cluster,feature_importance,0.0,53,mixed,primary
videos,future_engagement_delta_7d,shallow_tree_regressor,topic_primary__ai_tools,topic_metrics,feature_importance,0.0,54,mixed,primary
videos,future_engagement_delta_7d,shallow_tree_regressor,topic_primary__finance_personal,topic_metrics,feature_importance,0.0,55,mixed,primary
videos,future_engagement_delta_7d,shallow_tree_regressor,topic_primary__news_trends,topic_metrics,feature_importance,0.0,56,mixed,primary
videos,future_engagement_delta_7d,shallow_tree_regressor,topic_primary__productivity,topic_metrics,feature_importance,0.0,57,mixed,primary
videos,future_engagement_delta_7d,shallow_tree_regressor,topic_primary__tutorial,topic_metrics,feature_importance,0.0,58,mixed,primary
videos,future_engagement_delta_7d,shallow_tree_regressor,topic_primary__unknown,topic_metrics,feature_importance,0.0,59,mixed,primary
videos,future_engagement_delta_7d,shallow_tree_regressor,topic_secondary__ai_tools,topic_metrics,feature_importance,0.0,60,mixed,primary
videos,future_engagement_delta_7d,shallow_tree_regressor,topic_secondary__finance_personal,topic_metrics,feature_importance,0.0,61,mixed,primary
videos,future_engagement_delta_7d,shallow_tree_regressor,topic_secondary__news_trends,topic_metrics,feature_importance,0.0,62,mixed,primary
videos,future_engagement_delta_7d,shallow_tree_regressor,topic_secondary__productivity,topic_metrics,feature_importance,0.0,63,mixed,primary
videos,future_engagement_delta_7d,shallow_tree_regressor,topic_secondary__tutorial,topic_metrics,feature_importance,0.0,64,mixed,primary
videos,future_engagement_delta_7d,shallow_tree_regressor,topic_secondary__unknown,topic_metrics,feature_importance,0.0,65,mixed,primary
videos,content_value_score_7d,random_forest_regressor,ai_semantic_score,semantic_scores,permutation_importance_mean,-0.00148535,14,positive,primary
videos,content_value_score_7d,random_forest_regressor,ai_semantic_score,semantic_scores,permutation_importance_std,9.75e-06,14,positive,primary
videos,content_value_score_7d,random_forest_regressor,ai_semantic_score,semantic_scores,impurity_importance,0.00072294,14,positive,secondary
videos,content_value_score_7d,random_forest_regressor,alpha_score,engagement_context,permutation_importance_mean,-0.00617662,8,positive,primary
videos,content_value_score_7d,random_forest_regressor,alpha_score,engagement_context,permutation_importance_std,0.00149467,8,positive,primary
videos,content_value_score_7d,random_forest_regressor,alpha_score,engagement_context,impurity_importance,0.00961322,8,positive,secondary
videos,content_value_score_7d,random_forest_regressor,channel_momentum_score,channel_context,permutation_importance_mean,0.14384835,3,negative,primary
videos,content_value_score_7d,random_forest_regressor,channel_momentum_score,channel_context,permutation_importance_std,0.00199301,3,negative,primary
videos,content_value_score_7d,random_forest_regressor,channel_momentum_score,channel_context,impurity_importance,0.0907509,3,negative,secondary
videos,content_value_score_7d,random_forest_regressor,channel_relative_success_score,channel_context,permutation_importance_mean,1.32552969,1,positive,primary
videos,content_value_score_7d,random_forest_regressor,channel_relative_success_score,channel_context,permutation_importance_std,0.01621015,1,positive,primary
videos,content_value_score_7d,random_forest_regressor,channel_relative_success_score,channel_context,impurity_importance,0.79806607,1,positive,secondary
videos,content_value_score_7d,random_forest_regressor,curiosity_semantic_score,semantic_scores,permutation_importance_mean,-5.443e-05,41,negative,primary
videos,content_value_score_7d,random_forest_regressor,curiosity_semantic_score,semantic_scores,permutation_importance_std,2.677e-05,41,negative,primary
videos,content_value_score_7d,random_forest_regressor,curiosity_semantic_score,semantic_scores,impurity_importance,0.00018037,41,negative,secondary
videos,content_value_score_7d,random_forest_regressor,decision_score,model_decision,permutation_importance_mean,-0.00937107,7,negative,primary
videos,content_value_score_7d,random_forest_regressor,decision_score,model_decision,permutation_importance_std,0.00013633,7,negative,primary
videos,content_value_score_7d,random_forest_regressor,decision_score,model_decision,impurity_importance,0.00629835,7,negative,secondary
videos,content_value_score_7d,random_forest_regressor,description_length_chars,engagement_context,permutation_importance_mean,0.00339175,11,negative,primary
videos,content_value_score_7d,random_forest_regressor,description_length_chars,engagement_context,permutation_importance_std,0.00049042,11,negative,primary
videos,content_value_score_7d,random_forest_regressor,description_length_chars,engagement_context,impurity_importance,0.00200671,11,negative,secondary
videos,content_value_score_7d,random_forest_regressor,description_word_count,engagement_context,permutation_importance_mean,-0.00119644,15,negative,primary
videos,content_value_score_7d,random_forest_regressor,description_word_count,engagement_context,permutation_importance_std,8.27e-05,15,negative,primary
videos,content_value_score_7d,random_forest_regressor,description_word_count,engagement_context,impurity_importance,0.0010616,15,negative,secondary
videos,content_value_score_7d,random_forest_regressor,engagement_rate,engagement_context,permutation_importance_mean,-0.00316452,12,positive,primary
videos,content_value_score_7d,random_forest_regressor,engagement_rate,engagement_context,permutation_importance_std,0.00033409,12,positive,primary
videos,content_value_score_7d,random_forest_regressor,engagement_rate,engagement_context,impurity_importance,0.00536676,12,positive,secondary
videos,content_value_score_7d,random_forest_regressor,evergreen_score,engagement_context,permutation_importance_mean,-0.01800378,4,negative,primary
videos,content_value_score_7d,random_forest_regressor,evergreen_score,engagement_context,permutation_importance_std,0.00186482,4,negative,primary
videos,content_value_score_7d,random_forest_regressor,evergreen_score,engagement_context,impurity_importance,0.00850781,4,negative,secondary
videos,content_value_score_7d,random_forest_regressor,finance_semantic_score,semantic_scores,permutation_importance_mean,8.657e-05,35,negative,primary
videos,content_value_score_7d,random_forest_regressor,finance_semantic_score,semantic_scores,permutation_importance_std,7.03e-06,35,negative,primary
videos,content_value_score_7d,random_forest_regressor,finance_semantic_score,semantic_scores,impurity_importance,8.854e-05,35,negative,secondary
videos,content_value_score_7d,random_forest_regressor,has_ai_word,engagement_context,permutation_importance_mean,-2.954e-05,42,positive,primary
videos,content_value_score_7d,random_forest_regressor,has_ai_word,engagement_context,permutation_importance_std,2.414e-05,42,positive,primary
videos,content_value_score_7d,random_forest_regressor,has_ai_word,engagement_context,impurity_importance,0.00013744,42,positive,secondary
videos,content_value_score_7d,random_forest_regressor,has_finance_word,engagement_context,permutation_importance_mean,-2.697e-05,45,negative,primary
videos,content_value_score_7d,random_forest_regressor,has_finance_word,engagement_context,permutation_importance_std,3.243e-05,45,negative,primary
videos,content_value_score_7d,random_forest_regressor,has_finance_word,engagement_context,impurity_importance,7.956e-05,45,negative,secondary
videos,content_value_score_7d,random_forest_regressor,has_number,engagement_context,permutation_importance_mean,0.00040428,20,positive,primary
videos,content_value_score_7d,random_forest_regressor,has_number,engagement_context,permutation_importance_std,5.044e-05,20,positive,primary
videos,content_value_score_7d,random_forest_regressor,has_number,engagement_context,impurity_importance,0.00021565,20,positive,secondary
videos,content_value_score_7d,random_forest_regressor,has_question,engagement_context,permutation_importance_mean,-0.0001408,29,positive,primary
videos,content_value_score_7d,random_forest_regressor,has_question,engagement_context,permutation_importance_std,2.141e-05,29,positive,primary
videos,content_value_score_7d,random_forest_regressor,has_question,engagement_context,impurity_importance,0.00031153,29,positive,secondary
videos,content_value_score_7d,random_forest_regressor,hybrid_decision_score,model_decision,permutation_importance_mean,-0.01125001,6,positive,primary
videos,content_value_score_7d,random_forest_regressor,hybrid_decision_score,model_decision,permutation_importance_std,0.00030766,6,positive,primary
videos,content_value_score_7d,random_forest_regressor,hybrid_decision_score,model_decision,impurity_importance,0.00954179,6,positive,secondary
videos,content_value_score_7d,random_forest_regressor,metadata_changed,metadata,permutation_importance_mean,8e-07,59,negative,primary
videos,content_value_score_7d,random_forest_regressor,metadata_changed,metadata,permutation_importance_std,1.13e-06,59,negative,primary
videos,content_value_score_7d,random_forest_regressor,metadata_changed,metadata,impurity_importance,4.2e-06,59,negative,secondary
videos,content_value_score_7d,random_forest_regressor,metric_confidence_score,engagement_context,permutation_importance_mean,-0.00014234,28,positive,primary
videos,content_value_score_7d,random_forest_regressor,metric_confidence_score,engagement_context,permutation_importance_std,0.00098832,28,positive,primary
videos,content_value_score_7d,random_forest_regressor,metric_confidence_score,engagement_context,impurity_importance,0.0078848,28,positive,secondary
videos,content_value_score_7d,random_forest_regressor,news_semantic_score,semantic_scores,permutation_importance_mean,2.859e-05,44,negative,primary
videos,content_value_score_7d,random_forest_regressor,news_semantic_score,semantic_scores,permutation_importance_std,7.79e-06,44,negative,primary
videos,content_value_score_7d,random_forest_regressor,news_semantic_score,semantic_scores,impurity_importance,2.557e-05,44,negative,secondary
videos,content_value_score_7d,random_forest_regressor,opportunity_score,engagement_context,permutation_importance_mean,-0.01199283,5,positive,primary
videos,content_value_score_7d,random_forest_regressor,opportunity_score,engagement_context,permutation_importance_std,0.00193933,5,positive,primary
videos,content_value_score_7d,random_forest_regressor,opportunity_score,engagement_context,impurity_importance,0.01201402,5,positive,secondary
videos,content_value_score_7d,random_forest_regressor,packaging_problem_score,engagement_context,permutation_importance_mean,-0.00484421,9,negative,primary
videos,content_value_score_7d,random_forest_regressor,packaging_problem_score,engagement_context,permutation_importance_std,0.00099906,9,negative,primary
videos,content_value_score_7d,random_forest_regressor,packaging_problem_score,engagement_context,impurity_importance,0.00490482,9,negative,secondary
videos,content_value_score_7d,random_forest_regressor,productivity_semantic_score,semantic_scores,permutation_importance_mean,0.0,60,negative,primary
videos,content_value_score_7d,random_forest_regressor,productivity_semantic_score,semantic_scores,permutation_importance_std,0.0,60,negative,primary
videos,content_value_score_7d,random_forest_regressor,productivity_semantic_score,semantic_scores,impurity_importance,0.0,60,negative,secondary
videos,content_value_score_7d,random_forest_regressor,promise_semantic_score,semantic_scores,permutation_importance_mean,-1.053e-05,51,negative,primary
videos,content_value_score_7d,random_forest_regressor,promise_semantic_score,semantic_scores,permutation_importance_std,1.493e-05,51,negative,primary
videos,content_value_score_7d,random_forest_regressor,promise_semantic_score,semantic_scores,impurity_importance,6.198e-05,51,negative,secondary
videos,content_value_score_7d,random_forest_regressor,semantic_cluster_id,semantic_cluster,permutation_importance_mean,-0.00056954,17,negative,primary
videos,content_value_score_7d,random_forest_regressor,semantic_cluster_id,semantic_cluster,permutation_importance_std,4.3e-05,17,negative,primary
videos,content_value_score_7d,random_forest_regressor,semantic_cluster_id,semantic_cluster,impurity_importance,0.00053475,17,negative,secondary
videos,content_value_score_7d,random_forest_regressor,title_has_currency,title_style,permutation_importance_mean,0.0,61,negative,primary
videos,content_value_score_7d,random_forest_regressor,title_has_currency,title_style,permutation_importance_std,0.0,61,negative,primary
videos,content_value_score_7d,random_forest_regressor,title_has_currency,title_style,impurity_importance,5.46e-06,61,negative,secondary
videos,content_value_score_7d,random_forest_regressor,title_has_number,title_style,permutation_importance_mean,0.00070684,16,positive,primary
videos,content_value_score_7d,random_forest_regressor,title_has_number,title_style,permutation_importance_std,4.969e-05,16,positive,primary
videos,content_value_score_7d,random_forest_regressor,title_has_number,title_style,impurity_importance,0.00027431,16,positive,secondary
videos,content_value_score_7d,random_forest_regressor,title_has_question,title_style,permutation_importance_mean,-0.00030354,23,positive,primary
videos,content_value_score_7d,random_forest_regressor,title_has_question,title_style,permutation_importance_std,6.059e-05,23,positive,primary
videos,content_value_score_7d,random_forest_regressor,title_has_question,title_style,impurity_importance,0.0004033,23,positive,secondary
videos,content_value_score_7d,random_forest_regressor,title_has_year,title_style,permutation_importance_mean,-1.896e-05,48,negative,primary
videos,content_value_score_7d,random_forest_regressor,title_has_year,title_style,permutation_importance_std,1.97e-05,48,negative,primary
videos,content_value_score_7d,random_forest_regressor,title_has_year,title_style,impurity_importance,7.861e-05,48,negative,secondary
videos,content_value_score_7d,random_forest_regressor,title_length_chars,title_style,permutation_importance_mean,0.00478267,10,negative,primary
videos,content_value_score_7d,random_forest_regressor,title_length_chars,title_style,permutation_importance_std,0.00060579,10,negative,primary
videos,content_value_score_7d,random_forest_regressor,title_length_chars,title_style,impurity_importance,0.00225075,10,negative,secondary
videos,content_value_score_7d,random_forest_regressor,title_word_count,title_style,permutation_importance_mean,-0.00159965,13,negative,primary
videos,content_value_score_7d,random_forest_regressor,title_word_count,title_style,permutation_importance_std,9.037e-05,13,negative,primary
videos,content_value_score_7d,random_forest_regressor,title_word_count,title_style,impurity_importance,0.00118737,13,negative,secondary
videos,content_value_score_7d,random_forest_regressor,topic_confidence,topic_metrics,permutation_importance_mean,0.00012576,30,positive,primary
videos,content_value_score_7d,random_forest_regressor,topic_confidence,topic_metrics,permutation_importance_std,0.00075876,30,positive,primary
videos,content_value_score_7d,random_forest_regressor,topic_confidence,topic_metrics,impurity_importance,0.00196889,30,positive,secondary
videos,content_value_score_7d,random_forest_regressor,topic_opportunity_score,topic_metrics,permutation_importance_mean,7.802e-05,37,negative,primary
videos,content_value_score_7d,random_forest_regressor,topic_opportunity_score,topic_metrics,permutation_importance_std,4.82e-05,37,negative,primary
videos,content_value_score_7d,random_forest_regressor,topic_opportunity_score,topic_metrics,impurity_importance,0.00034708,37,negative,secondary
videos,content_value_score_7d,random_forest_regressor,topic_saturation_score,topic_metrics,permutation_importance_mean,8.098e-05,36,negative,primary
videos,content_value_score_7d,random_forest_regressor,topic_saturation_score,topic_metrics,permutation_importance_std,0.00012521,36,negative,primary
videos,content_value_score_7d,random_forest_regressor,topic_saturation_score,topic_metrics,impurity_importance,0.00098892,36,negative,secondary
videos,content_value_score_7d,random_forest_regressor,trend_burst_score,engagement_context,permutation_importance_mean,0.00045077,19,positive,primary
videos,content_value_score_7d,random_forest_regressor,trend_burst_score,engagement_context,permutation_importance_std,6.093e-05,19,positive,primary
videos,content_value_score_7d,random_forest_regressor,trend_burst_score,engagement_context,impurity_importance,0.00018389,19,positive,secondary
videos,content_value_score_7d,random_forest_regressor,tutorial_semantic_score,semantic_scores,permutation_importance_mean,4.95e-06,53,negative,primary
videos,content_value_score_7d,random_forest_regressor,tutorial_semantic_score,semantic_scores,permutation_importance_std,1.58e-05,53,negative,primary
videos,content_value_score_7d,random_forest_regressor,tutorial_semantic_score,semantic_scores,impurity_importance,0.0002251,53,negative,secondary
videos,content_value_score_7d,random_forest_regressor,urgency_semantic_score,semantic_scores,permutation_importance_mean,-0.00027039,24,negative,primary
videos,content_value_score_7d,random_forest_regressor,urgency_semantic_score,semantic_scores,permutation_importance_std,7.22e-06,24,negative,primary
videos,content_value_score_7d,random_forest_regressor,urgency_semantic_score,semantic_scores,impurity_importance,0.00014191,24,negative,secondary
videos,content_value_score_7d,random_forest_regressor,views_delta,engagement_context,permutation_importance_mean,0.14679455,2,positive,primary
videos,content_value_score_7d,random_forest_regressor,views_delta,engagement_context,permutation_importance_std,0.00259861,2,positive,primary
videos,content_value_score_7d,random_forest_regressor,views_delta,engagement_context,impurity_importance,0.0310618,2,positive,secondary
videos,content_value_score_7d,random_forest_regressor,warning_semantic_score,semantic_scores,permutation_importance_mean,0.0005504,18,negative,primary
videos,content_value_score_7d,random_forest_regressor,warning_semantic_score,semantic_scores,permutation_importance_std,4.338e-05,18,negative,primary
videos,content_value_score_7d,random_forest_regressor,warning_semantic_score,semantic_scores,impurity_importance,0.00029345,18,negative,secondary
videos,content_value_score_7d,random_forest_regressor,hook_semantic_type__ai,title_style,permutation_importance_mean,-0.00033847,21,positive,primary
videos,content_value_score_7d,random_forest_regressor,hook_semantic_type__ai,title_style,permutation_importance_std,0.00011228,21,positive,primary
videos,content_value_score_7d,random_forest_regressor,hook_semantic_type__ai,title_style,impurity_importance,0.00012037,21,positive,secondary
videos,content_value_score_7d,random_forest_regressor,hook_semantic_type__curiosity,title_style,permutation_importance_mean,-9.887e-05,34,negative,primary
videos,content_value_score_7d,random_forest_regressor,hook_semantic_type__curiosity,title_style,permutation_importance_std,1.544e-05,34,negative,primary
videos,content_value_score_7d,random_forest_regressor,hook_semantic_type__curiosity,title_style,impurity_importance,0.00013035,34,negative,secondary
videos,content_value_score_7d,random_forest_regressor,hook_semantic_type__finance,title_style,permutation_importance_mean,1.97e-06,57,negative,primary
videos,content_value_score_7d,random_forest_regressor,hook_semantic_type__finance,title_style,permutation_importance_std,2.49e-06,57,negative,primary
videos,content_value_score_7d,random_forest_regressor,hook_semantic_type__finance,title_style,impurity_importance,1.689e-05,57,negative,secondary
videos,content_value_score_7d,random_forest_regressor,hook_semantic_type__news,title_style,permutation_importance_mean,-2.79e-06,55,negative,primary
videos,content_value_score_7d,random_forest_regressor,hook_semantic_type__news,title_style,permutation_importance_std,9.29e-06,55,negative,primary
videos,content_value_score_7d,random_forest_regressor,hook_semantic_type__news,title_style,impurity_importance,2.38e-05,55,negative,secondary
videos,content_value_score_7d,random_forest_regressor,hook_semantic_type__promise,title_style,permutation_importance_mean,-1.942e-05,47,negative,primary
videos,content_value_score_7d,random_forest_regressor,hook_semantic_type__promise,title_style,permutation_importance_std,6.72e-06,47,negative,primary
videos,content_value_score_7d,random_forest_regressor,hook_semantic_type__promise,title_style,impurity_importance,4.756e-05,47,negative,secondary
videos,content_value_score_7d,random_forest_regressor,hook_semantic_type__tutorial,title_style,permutation_importance_mean,2.927e-05,43,negative,primary
videos,content_value_score_7d,random_forest_regressor,hook_semantic_type__tutorial,title_style,permutation_importance_std,1.869e-05,43,negative,primary
videos,content_value_score_7d,random_forest_regressor,hook_semantic_type__tutorial,title_style,impurity_importance,0.00021036,43,negative,secondary
videos,content_value_score_7d,random_forest_regressor,hook_semantic_type__unknown,title_style,permutation_importance_mean,-0.0003062,22,negative,primary
videos,content_value_score_7d,random_forest_regressor,hook_semantic_type__unknown,title_style,permutation_importance_std,3.409e-05,22,negative,primary
videos,content_value_score_7d,random_forest_regressor,hook_semantic_type__unknown,title_style,impurity_importance,0.00018229,22,negative,secondary
videos,content_value_score_7d,random_forest_regressor,hook_semantic_type__warning,title_style,permutation_importance_mean,-2.167e-05,46,negative,primary
videos,content_value_score_7d,random_forest_regressor,hook_semantic_type__warning,title_style,permutation_importance_std,4.386e-05,46,negative,primary
videos,content_value_score_7d,random_forest_regressor,hook_semantic_type__warning,title_style,impurity_importance,7.706e-05,46,negative,secondary
videos,content_value_score_7d,random_forest_regressor,semantic_cluster_label__de_la_en,semantic_cluster,permutation_importance_mean,-7.61e-05,38,negative,primary
videos,content_value_score_7d,random_forest_regressor,semantic_cluster_label__de_la_en,semantic_cluster,permutation_importance_std,2.727e-05,38,negative,primary
videos,content_value_score_7d,random_forest_regressor,semantic_cluster_label__de_la_en,semantic_cluster,impurity_importance,0.00017475,38,negative,secondary
videos,content_value_score_7d,random_forest_regressor,semantic_cluster_label__el_de_en,semantic_cluster,permutation_importance_mean,1.679e-05,49,positive,primary
videos,content_value_score_7d,random_forest_regressor,semantic_cluster_label__el_de_en,semantic_cluster,permutation_importance_std,3.007e-05,49,positive,primary
videos,content_value_score_7d,random_forest_regressor,semantic_cluster_label__el_de_en,semantic_cluster,impurity_importance,0.00017952,49,positive,secondary
videos,content_value_score_7d,random_forest_regressor,semantic_cluster_label__highlights_26_mlb_mlb_highlights,semantic_cluster,permutation_importance_mean,0.0,62,negative,primary
videos,content_value_score_7d,random_forest_regressor,semantic_cluster_label__highlights_26_mlb_mlb_highlights,semantic_cluster,permutation_importance_std,0.0,62,negative,primary
videos,content_value_score_7d,random_forest_regressor,semantic_cluster_label__highlights_26_mlb_mlb_highlights,semantic_cluster,impurity_importance,0.0,62,negative,secondary
videos,content_value_score_7d,random_forest_regressor,semantic_cluster_label__sign_up_liv_on_on_youtube,semantic_cluster,permutation_importance_mean,-0.00010975,33,negative,primary
videos,content_value_score_7d,random_forest_regressor,semantic_cluster_label__sign_up_liv_on_on_youtube,semantic_cluster,permutation_importance_std,1.73e-06,33,negative,primary
videos,content_value_score_7d,random_forest_regressor,semantic_cluster_label__sign_up_liv_on_on_youtube,semantic_cluster,impurity_importance,9.16e-06,33,negative,secondary
videos,content_value_score_7d,random_forest_regressor,semantic_cluster_label__the_in_of,semantic_cluster,permutation_importance_mean,0.00019074,26,negative,primary
videos,content_value_score_7d,random_forest_regressor,semantic_cluster_label__the_in_of,semantic_cluster,permutation_importance_std,6.231e-05,26,negative,primary
videos,content_value_score_7d,random_forest_regressor,semantic_cluster_label__the_in_of,semantic_cluster,impurity_importance,0.00016093,26,negative,secondary
videos,content_value_score_7d,random_forest_regressor,semantic_cluster_label__to_may_2026,semantic_cluster,permutation_importance_mean,-0.0001206,31,negative,primary
videos,content_value_score_7d,random_forest_regressor,semantic_cluster_label__to_may_2026,semantic_cluster,permutation_importance_std,3.09e-06,31,negative,primary
videos,content_value_score_7d,random_forest_regressor,semantic_cluster_label__to_may_2026,semantic_cluster,impurity_importance,0.0001089,31,negative,secondary
videos,content_value_score_7d,random_forest_regressor,semantic_cluster_label__trump_on_of,semantic_cluster,permutation_importance_mean,-4.91e-06,54,positive,primary
videos,content_value_score_7d,random_forest_regressor,semantic_cluster_label__trump_on_of,semantic_cluster,permutation_importance_std,3.863e-05,54,positive,primary
videos,content_value_score_7d,random_forest_regressor,semantic_cluster_label__trump_on_of,semantic_cluster,impurity_importance,0.00012929,54,positive,secondary
videos,content_value_score_7d,random_forest_regressor,topic_primary__ai_tools,topic_metrics,permutation_importance_mean,-0.00011078,32,positive,primary
videos,content_value_score_7d,random_forest_regressor,topic_primary__ai_tools,topic_metrics,permutation_importance_std,1.054e-05,32,positive,primary
videos,content_value_score_7d,random_forest_regressor,topic_primary__ai_tools,topic_metrics,impurity_importance,6.292e-05,32,positive,secondary
videos,content_value_score_7d,random_forest_regressor,topic_primary__finance_personal,topic_metrics,permutation_importance_mean,8.41e-06,52,negative,primary
videos,content_value_score_7d,random_forest_regressor,topic_primary__finance_personal,topic_metrics,permutation_importance_std,1.11e-06,52,negative,primary
videos,content_value_score_7d,random_forest_regressor,topic_primary__finance_personal,topic_metrics,impurity_importance,1.098e-05,52,negative,secondary
videos,content_value_score_7d,random_forest_regressor,topic_primary__news_trends,topic_metrics,permutation_importance_mean,1.3e-06,58,negative,primary
videos,content_value_score_7d,random_forest_regressor,topic_primary__news_trends,topic_metrics,permutation_importance_std,2.64e-06,58,negative,primary
videos,content_value_score_7d,random_forest_regressor,topic_primary__news_trends,topic_metrics,impurity_importance,2.552e-05,58,negative,secondary
videos,content_value_score_7d,random_forest_regressor,topic_primary__productivity,topic_metrics,permutation_importance_mean,0.0,63,negative,primary
videos,content_value_score_7d,random_forest_regressor,topic_primary__productivity,topic_metrics,permutation_importance_std,0.0,63,negative,primary
videos,content_value_score_7d,random_forest_regressor,topic_primary__productivity,topic_metrics,impurity_importance,4.91e-06,63,negative,secondary
videos,content_value_score_7d,random_forest_regressor,topic_primary__tutorial,topic_metrics,permutation_importance_mean,6.279e-05,40,negative,primary
videos,content_value_score_7d,random_forest_regressor,topic_primary__tutorial,topic_metrics,permutation_importance_std,2.583e-05,40,negative,primary
videos,content_value_score_7d,random_forest_regressor,topic_primary__tutorial,topic_metrics,impurity_importance,0.00020675,40,negative,secondary
videos,content_value_score_7d,random_forest_regressor,topic_primary__unknown,topic_metrics,permutation_importance_mean,-0.00020707,25,negative,primary
videos,content_value_score_7d,random_forest_regressor,topic_primary__unknown,topic_metrics,permutation_importance_std,6.11e-06,25,negative,primary
videos,content_value_score_7d,random_forest_regressor,topic_primary__unknown,topic_metrics,impurity_importance,8.901e-05,25,negative,secondary
videos,content_value_score_7d,random_forest_regressor,topic_secondary__ai_tools,topic_metrics,permutation_importance_mean,0.00014551,27,negative,primary
videos,content_value_score_7d,random_forest_regressor,topic_secondary__ai_tools,topic_metrics,permutation_importance_std,6.246e-05,27,negative,primary
videos,content_value_score_7d,random_forest_regressor,topic_secondary__ai_tools,topic_metrics,impurity_importance,7.442e-05,27,negative,secondary
videos,content_value_score_7d,random_forest_regressor,topic_secondary__finance_personal,topic_metrics,permutation_importance_mean,1.678e-05,50,negative,primary
videos,content_value_score_7d,random_forest_regressor,topic_secondary__finance_personal,topic_metrics,permutation_importance_std,2.578e-05,50,negative,primary
videos,content_value_score_7d,random_forest_regressor,topic_secondary__finance_personal,topic_metrics,impurity_importance,0.00010923,50,negative,secondary
videos,content_value_score_7d,random_forest_regressor,topic_secondary__news_trends,topic_metrics,permutation_importance_mean,0.0,64,negative,primary
videos,content_value_score_7d,random_forest_regressor,topic_secondary__news_trends,topic_metrics,permutation_importance_std,0.0,64,negative,primary
videos,content_value_score_7d,random_forest_regressor,topic_secondary__news_trends,topic_metrics,impurity_importance,0.0,64,negative,secondary
videos,content_value_score_7d,random_forest_regressor,topic_secondary__productivity,topic_metrics,permutation_importance_mean,-2.64e-06,56,negative,primary
videos,content_value_score_7d,random_forest_regressor,topic_secondary__productivity,topic_metrics,permutation_importance_std,0.0,56,negative,primary
videos,content_value_score_7d,random_forest_regressor,topic_secondary__productivity,topic_metrics,impurity_importance,3.3e-07,56,negative,secondary
videos,content_value_score_7d,random_forest_regressor,topic_secondary__tutorial,topic_metrics,permutation_importance_mean,0.0,65,negative,primary
videos,content_value_score_7d,random_forest_regressor,topic_secondary__tutorial,topic_metrics,permutation_importance_std,0.0,65,negative,primary
videos,content_value_score_7d,random_forest_regressor,topic_secondary__tutorial,topic_metrics,impurity_importance,1.626e-05,65,negative,secondary
videos,content_value_score_7d,random_forest_regressor,topic_secondary__unknown,topic_metrics,permutation_importance_mean,-6.424e-05,39,negative,primary
videos,content_value_score_7d,random_forest_regressor,topic_secondary__unknown,topic_metrics,permutation_importance_std,1.898e-05,39,negative,primary
videos,content_value_score_7d,random_forest_regressor,topic_secondary__unknown,topic_metrics,impurity_importance,3.82e-05,39,negative,secondary
videos,content_value_score_7d,linear_regularized_regressor,ai_semantic_score,semantic_scores,standardized_coefficient,-1.41757429,41,negative,primary
videos,content_value_score_7d,linear_regularized_regressor,alpha_score,engagement_context,standardized_coefficient,-4.9522207,21,negative,primary
videos,content_value_score_7d,linear_regularized_regressor,channel_momentum_score,channel_context,standardized_coefficient,-2.55840099,29,negative,primary
videos,content_value_score_7d,linear_regularized_regressor,channel_relative_success_score,channel_context,standardized_coefficient,10.49518743,8,positive,primary
videos,content_value_score_7d,linear_regularized_regressor,curiosity_semantic_score,semantic_scores,standardized_coefficient,0.09827956,62,positive,primary
videos,content_value_score_7d,linear_regularized_regressor,decision_score,model_decision,standardized_coefficient,-1.28920447,42,negative,primary
videos,content_value_score_7d,linear_regularized_regressor,description_length_chars,engagement_context,standardized_coefficient,-1.16294862,44,negative,primary
videos,content_value_score_7d,linear_regularized_regressor,description_word_count,engagement_context,standardized_coefficient,1.0558243,45,positive,primary
videos,content_value_score_7d,linear_regularized_regressor,engagement_rate,engagement_context,standardized_coefficient,-1.47226786,40,negative,primary
videos,content_value_score_7d,linear_regularized_regressor,evergreen_score,engagement_context,standardized_coefficient,-0.64785046,50,negative,primary
videos,content_value_score_7d,linear_regularized_regressor,finance_semantic_score,semantic_scores,standardized_coefficient,-0.01214084,65,negative,primary
videos,content_value_score_7d,linear_regularized_regressor,has_ai_word,engagement_context,standardized_coefficient,0.40070751,55,positive,primary
videos,content_value_score_7d,linear_regularized_regressor,has_finance_word,engagement_context,standardized_coefficient,-0.55856084,51,negative,primary
videos,content_value_score_7d,linear_regularized_regressor,has_number,engagement_context,standardized_coefficient,-0.28272181,59,negative,primary
videos,content_value_score_7d,linear_regularized_regressor,has_question,engagement_context,standardized_coefficient,-22.34597951,2,negative,primary
videos,content_value_score_7d,linear_regularized_regressor,hybrid_decision_score,model_decision,standardized_coefficient,1.81130014,35,positive,primary
videos,content_value_score_7d,linear_regularized_regressor,metadata_changed,metadata,standardized_coefficient,0.01990905,64,positive,primary
videos,content_value_score_7d,linear_regularized_regressor,metric_confidence_score,engagement_context,standardized_coefficient,2.61504266,28,positive,primary
videos,content_value_score_7d,linear_regularized_regressor,news_semantic_score,semantic_scores,standardized_coefficient,2.27266094,33,positive,primary
videos,content_value_score_7d,linear_regularized_regressor,opportunity_score,engagement_context,standardized_coefficient,9.01714452,12,positive,primary
videos,content_value_score_7d,linear_regularized_regressor,packaging_problem_score,engagement_context,standardized_coefficient,-0.24539558,60,negative,primary
videos,content_value_score_7d,linear_regularized_regressor,productivity_semantic_score,semantic_scores,standardized_coefficient,-5.49860541,20,negative,primary
videos,content_value_score_7d,linear_regularized_regressor,promise_semantic_score,semantic_scores,standardized_coefficient,0.12247039,61,positive,primary
videos,content_value_score_7d,linear_regularized_regressor,semantic_cluster_id,semantic_cluster,standardized_coefficient,10.49287367,9,positive,primary
videos,content_value_score_7d,linear_regularized_regressor,title_has_currency,title_style,standardized_coefficient,0.37136569,57,positive,primary
videos,content_value_score_7d,linear_regularized_regressor,title_has_number,title_style,standardized_coefficient,-0.28272181,58,negative,primary
videos,content_value_score_7d,linear_regularized_regressor,title_has_question,title_style,standardized_coefficient,22.07504229,3,positive,primary
videos,content_value_score_7d,linear_regularized_regressor,title_has_year,title_style,standardized_coefficient,-0.40688944,54,negative,primary
videos,content_value_score_7d,linear_regularized_regressor,title_length_chars,title_style,standardized_coefficient,-1.16294862,43,negative,primary
videos,content_value_score_7d,linear_regularized_regressor,title_word_count,title_style,standardized_coefficient,1.0558243,46,positive,primary
videos,content_value_score_7d,linear_regularized_regressor,topic_confidence,topic_metrics,standardized_coefficient,3.1582771,25,positive,primary
videos,content_value_score_7d,linear_regularized_regressor,topic_opportunity_score,topic_metrics,standardized_coefficient,2.49877021,30,positive,primary
videos,content_value_score_7d,linear_regularized_regressor,topic_saturation_score,topic_metrics,standardized_coefficient,-28.20635517,1,negative,primary
videos,content_value_score_7d,linear_regularized_regressor,trend_burst_score,engagement_context,standardized_coefficient,0.38175748,56,positive,primary
videos,content_value_score_7d,linear_regularized_regressor,tutorial_semantic_score,semantic_scores,standardized_coefficient,1.61165577,36,positive,primary
videos,content_value_score_7d,linear_regularized_regressor,urgency_semantic_score,semantic_scores,standardized_coefficient,0.09669793,63,positive,primary
videos,content_value_score_7d,linear_regularized_regressor,views_delta,engagement_context,standardized_coefficient,-0.45725228,53,negative,primary
videos,content_value_score_7d,linear_regularized_regressor,warning_semantic_score,semantic_scores,standardized_coefficient,0.4877018,52,positive,primary
videos,content_value_score_7d,linear_regularized_regressor,hook_semantic_type__ai,title_style,standardized_coefficient,7.06119087,16,positive,primary
videos,content_value_score_7d,linear_regularized_regressor,hook_semantic_type__curiosity,title_style,standardized_coefficient,2.77678469,27,positive,primary
videos,content_value_score_7d,linear_regularized_regressor,hook_semantic_type__finance,title_style,standardized_coefficient,2.15383453,34,positive,primary
videos,content_value_score_7d,linear_regularized_regressor,hook_semantic_type__news,title_style,standardized_coefficient,3.07973879,26,positive,primary
videos,content_value_score_7d,linear_regularized_regressor,hook_semantic_type__promise,title_style,standardized_coefficient,1.54554508,38,positive,primary
videos,content_value_score_7d,linear_regularized_regressor,hook_semantic_type__tutorial,title_style,standardized_coefficient,0.90124908,48,positive,primary
videos,content_value_score_7d,linear_regularized_regressor,hook_semantic_type__unknown,title_style,standardized_coefficient,8.58619052,13,positive,primary
videos,content_value_score_7d,linear_regularized_regressor,hook_semantic_type__warning,title_style,standardized_coefficient,1.47696701,39,positive,primary
videos,content_value_score_7d,linear_regularized_regressor,semantic_cluster_label__de_la_en,semantic_cluster,standardized_coefficient,-0.9055026,47,negative,primary
videos,content_value_score_7d,linear_regularized_regressor,semantic_cluster_label__el_de_en,semantic_cluster,standardized_coefficient,4.074009,23,positive,primary
videos,content_value_score_7d,linear_regularized_regressor,semantic_cluster_label__highlights_26_mlb_mlb_highlights,semantic_cluster,standardized_coefficient,2.29838478,32,positive,primary
videos,content_value_score_7d,linear_regularized_regressor,semantic_cluster_label__sign_up_liv_on_on_youtube,semantic_cluster,standardized_coefficient,2.47798873,31,positive,primary
videos,content_value_score_7d,linear_regularized_regressor,semantic_cluster_label__the_in_of,semantic_cluster,standardized_coefficient,5.69988785,19,positive,primary
videos,content_value_score_7d,linear_regularized_regressor,semantic_cluster_label__to_may_2026,semantic_cluster,standardized_coefficient,0.89458625,49,positive,primary
videos,content_value_score_7d,linear_regularized_regressor,semantic_cluster_label__trump_on_of,semantic_cluster,standardized_coefficient,11.63470588,7,positive,primary
videos,content_value_score_7d,linear_regularized_regressor,topic_primary__ai_tools,topic_metrics,standardized_coefficient,7.95477656,14,positive,primary
videos,content_value_score_7d,linear_regularized_regressor,topic_primary__finance_personal,topic_metrics,standardized_coefficient,-10.1301543,10,negative,primary
videos,content_value_score_7d,linear_regularized_regressor,topic_primary__news_trends,topic_metrics,standardized_coefficient,-6.10699136,17,negative,primary
videos,content_value_score_7d,linear_regularized_regressor,topic_primary__productivity,topic_metrics,standardized_coefficient,-5.74967039,18,negative,primary
videos,content_value_score_7d,linear_regularized_regressor,topic_primary__tutorial,topic_metrics,standardized_coefficient,-7.69504258,15,negative,primary
videos,content_value_score_7d,linear_regularized_regressor,topic_primary__unknown,topic_metrics,standardized_coefficient,19.82880619,5,positive,primary
videos,content_value_score_7d,linear_regularized_regressor,topic_secondary__ai_tools,topic_metrics,standardized_coefficient,19.67565688,6,positive,primary
videos,content_value_score_7d,linear_regularized_regressor,topic_secondary__finance_personal,topic_metrics,standardized_coefficient,9.43235229,11,positive,primary
videos,content_value_score_7d,linear_regularized_regressor,topic_secondary__news_trends,topic_metrics,standardized_coefficient,3.38891037,24,positive,primary
videos,content_value_score_7d,linear_regularized_regressor,topic_secondary__productivity,topic_metrics,standardized_coefficient,1.58259982,37,positive,primary
videos,content_value_score_7d,linear_regularized_regressor,topic_secondary__tutorial,topic_metrics,standardized_coefficient,4.17568765,22,positive,primary
videos,content_value_score_7d,linear_regularized_regressor,topic_secondary__unknown,topic_metrics,standardized_coefficient,21.90878448,4,positive,primary
videos,content_value_score_7d,shallow_tree_regressor,ai_semantic_score,semantic_scores,feature_importance,0.0,5,positive,primary
videos,content_value_score_7d,shallow_tree_regressor,alpha_score,engagement_context,feature_importance,0.0,6,positive,primary
videos,content_value_score_7d,shallow_tree_regressor,channel_momentum_score,channel_context,feature_importance,0.09409819,2,negative,primary
videos,content_value_score_7d,shallow_tree_regressor,channel_relative_success_score,channel_context,feature_importance,0.87858157,1,positive,primary
videos,content_value_score_7d,shallow_tree_regressor,curiosity_semantic_score,semantic_scores,feature_importance,0.0,7,positive,primary
videos,content_value_score_7d,shallow_tree_regressor,decision_score,model_decision,feature_importance,0.0,8,negative,primary
videos,content_value_score_7d,shallow_tree_regressor,description_length_chars,engagement_context,feature_importance,0.0,9,negative,primary
videos,content_value_score_7d,shallow_tree_regressor,description_word_count,engagement_context,feature_importance,0.0,10,negative,primary
videos,content_value_score_7d,shallow_tree_regressor,engagement_rate,engagement_context,feature_importance,0.0,11,positive,primary
videos,content_value_score_7d,shallow_tree_regressor,evergreen_score,engagement_context,feature_importance,0.0,12,negative,primary
videos,content_value_score_7d,shallow_tree_regressor,finance_semantic_score,semantic_scores,feature_importance,0.0,13,negative,primary
videos,content_value_score_7d,shallow_tree_regressor,has_ai_word,engagement_context,feature_importance,0.0,14,positive,primary
videos,content_value_score_7d,shallow_tree_regressor,has_finance_word,engagement_context,feature_importance,0.0,15,negative,primary
videos,content_value_score_7d,shallow_tree_regressor,has_number,engagement_context,feature_importance,0.0,16,positive,primary
videos,content_value_score_7d,shallow_tree_regressor,has_question,engagement_context,feature_importance,0.0,17,positive,primary
videos,content_value_score_7d,shallow_tree_regressor,hybrid_decision_score,model_decision,feature_importance,0.0,18,positive,primary
videos,content_value_score_7d,shallow_tree_regressor,metadata_changed,metadata,feature_importance,0.0,19,negative,primary
videos,content_value_score_7d,shallow_tree_regressor,metric_confidence_score,engagement_context,feature_importance,0.00407152,4,negative,primary
videos,content_value_score_7d,shallow_tree_regressor,news_semantic_score,semantic_scores,feature_importance,0.0,20,negative,primary
videos,content_value_score_7d,shallow_tree_regressor,opportunity_score,engagement_context,feature_importance,0.0,21,positive,primary
videos,content_value_score_7d,shallow_tree_regressor,packaging_problem_score,engagement_context,feature_importance,0.0,22,negative,primary
videos,content_value_score_7d,shallow_tree_regressor,productivity_semantic_score,semantic_scores,feature_importance,0.0,23,negative,primary
videos,content_value_score_7d,shallow_tree_regressor,promise_semantic_score,semantic_scores,feature_importance,0.0,24,negative,primary
videos,content_value_score_7d,shallow_tree_regressor,semantic_cluster_id,semantic_cluster,feature_importance,0.0,25,negative,primary
videos,content_value_score_7d,shallow_tree_regressor,title_has_currency,title_style,feature_importance,0.0,26,negative,primary
videos,content_value_score_7d,shallow_tree_regressor,title_has_number,title_style,feature_importance,0.0,27,positive,primary
videos,content_value_score_7d,shallow_tree_regressor,title_has_question,title_style,feature_importance,0.0,28,positive,primary
videos,content_value_score_7d,shallow_tree_regressor,title_has_year,title_style,feature_importance,0.0,29,negative,primary
videos,content_value_score_7d,shallow_tree_regressor,title_length_chars,title_style,feature_importance,0.0,30,negative,primary
videos,content_value_score_7d,shallow_tree_regressor,title_word_count,title_style,feature_importance,0.0,31,negative,primary
videos,content_value_score_7d,shallow_tree_regressor,topic_confidence,topic_metrics,feature_importance,0.0,32,positive,primary
videos,content_value_score_7d,shallow_tree_regressor,topic_opportunity_score,topic_metrics,feature_importance,0.0,33,negative,primary
videos,content_value_score_7d,shallow_tree_regressor,topic_saturation_score,topic_metrics,feature_importance,0.0,34,negative,primary
videos,content_value_score_7d,shallow_tree_regressor,trend_burst_score,engagement_context,feature_importance,0.0,35,positive,primary
videos,content_value_score_7d,shallow_tree_regressor,tutorial_semantic_score,semantic_scores,feature_importance,0.0,36,negative,primary
videos,content_value_score_7d,shallow_tree_regressor,urgency_semantic_score,semantic_scores,feature_importance,0.0,37,positive,primary
videos,content_value_score_7d,shallow_tree_regressor,views_delta,engagement_context,feature_importance,0.02324872,3,positive,primary
videos,content_value_score_7d,shallow_tree_regressor,warning_semantic_score,semantic_scores,feature_importance,0.0,38,negative,primary
videos,content_value_score_7d,shallow_tree_regressor,hook_semantic_type__ai,title_style,feature_importance,0.0,39,positive,primary
videos,content_value_score_7d,shallow_tree_regressor,hook_semantic_type__curiosity,title_style,feature_importance,0.0,40,positive,primary
videos,content_value_score_7d,shallow_tree_regressor,hook_semantic_type__finance,title_style,feature_importance,0.0,41,negative,primary
videos,content_value_score_7d,shallow_tree_regressor,hook_semantic_type__news,title_style,feature_importance,0.0,42,negative,primary
videos,content_value_score_7d,shallow_tree_regressor,hook_semantic_type__promise,title_style,feature_importance,0.0,43,negative,primary
videos,content_value_score_7d,shallow_tree_regressor,hook_semantic_type__tutorial,title_style,feature_importance,0.0,44,negative,primary
videos,content_value_score_7d,shallow_tree_regressor,hook_semantic_type__unknown,title_style,feature_importance,0.0,45,negative,primary
videos,content_value_score_7d,shallow_tree_regressor,hook_semantic_type__warning,title_style,feature_importance,0.0,46,negative,primary
videos,content_value_score_7d,shallow_tree_regressor,semantic_cluster_label__de_la_en,semantic_cluster,feature_importance,0.0,47,negative,primary
videos,content_value_score_7d,shallow_tree_regressor,semantic_cluster_label__el_de_en,semantic_cluster,feature_importance,0.0,48,positive,primary
videos,content_value_score_7d,shallow_tree_regressor,semantic_cluster_label__highlights_26_mlb_mlb_highlights,semantic_cluster,feature_importance,0.0,49,negative,primary
videos,content_value_score_7d,shallow_tree_regressor,semantic_cluster_label__sign_up_liv_on_on_youtube,semantic_cluster,feature_importance,0.0,50,negative,primary
videos,content_value_score_7d,shallow_tree_regressor,semantic_cluster_label__the_in_of,semantic_cluster,feature_importance,0.0,51,negative,primary
videos,content_value_score_7d,shallow_tree_regressor,semantic_cluster_label__to_may_2026,semantic_cluster,feature_importance,0.0,52,negative,primary
videos,content_value_score_7d,shallow_tree_regressor,semantic_cluster_label__trump_on_of,semantic_cluster,feature_importance,0.0,53,positive,primary
videos,content_value_score_7d,shallow_tree_regressor,topic_primary__ai_tools,topic_metrics,feature_importance,0.0,54,positive,primary
videos,content_value_score_7d,shallow_tree_regressor,topic_primary__finance_personal,topic_metrics,feature_importance,0.0,55,negative,primary
videos,content_value_score_7d,shallow_tree_regressor,topic_primary__news_trends,topic_metrics,feature_importance,0.0,56,negative,primary
videos,content_value_score_7d,shallow_tree_regressor,topic_primary__productivity,topic_metrics,feature_importance,0.0,57,negative,primary
videos,content_value_score_7d,shallow_tree_regressor,topic_primary__tutorial,topic_metrics,feature_importance,0.0,58,negative,primary
videos,content_value_score_7d,shallow_tree_regressor,topic_primary__unknown,topic_metrics,feature_importance,0.0,59,negative,primary
videos,content_value_score_7d,shallow_tree_regressor,topic_secondary__ai_tools,topic_metrics,feature_importance,0.0,60,negative,primary
videos,content_value_score_7d,shallow_tree_regressor,topic_secondary__finance_personal,topic_metrics,feature_importance,0.0,61,negative,primary
videos,content_value_score_7d,shallow_tree_regressor,topic_secondary__news_trends,topic_metrics,feature_importance,0.0,62,negative,primary
videos,content_value_score_7d,shallow_tree_regressor,topic_secondary__productivity,topic_metrics,feature_importance,0.0,63,negative,primary
videos,content_value_score_7d,shallow_tree_regressor,topic_secondary__tutorial,topic_metrics,feature_importance,0.0,64,negative,primary
videos,content_value_score_7d,shallow_tree_regressor,topic_secondary__unknown,topic_metrics,feature_importance,0.0,65,negative,primary
