execution_date,video_id,views_delta,likes_delta,comments_delta,previous_views,current_views,previous_likes,current_likes,previous_comments,current_comments,is_new_video,title_changed,description_changed,tags_changed
2026-05-16T10:40:00.917855+00:00,3W1KfxQnQiU,65,4,0,14091,14156,833,837,39,39,False,False,False,False
2026-05-16T10:40:00.917855+00:00,VKaslzzv1QM,313,3,1,105494,105807,3515,3518,210,211,False,False,False,False
2026-05-16T10:40:00.917855+00:00,E6IrH04B8wg,10,0,0,6501,6511,93,93,9,9,False,False,False,False
2026-05-16T10:40:00.917855+00:00,SYdW3cZKdmY,2,0,0,13032,13034,303,303,10,10,False,False,False,False
2026-05-16T10:40:00.917855+00:00,TSAh8dzN0cw,0,0,0,10828,10828,246,246,3,3,False,False,False,False
2026-05-16T10:40:00.917855+00:00,DHk0gFHyHeE,149,3,0,153131,153280,4682,4685,368,368,False,False,False,False
2026-05-16T10:40:00.917855+00:00,QSe13hyv68o,0,0,0,33890,33890,510,510,18,18,False,False,False,False
2026-05-16T10:40:00.917855+00:00,PZ2yduZysf0,0,0,0,5983,5983,169,169,7,7,False,False,False,False
2026-05-16T10:40:00.917855+00:00,Rdfd1KAX6NU,0,0,0,7593,7593,262,262,5,5,False,False,False,False
2026-05-16T10:40:00.917855+00:00,uAOfsghz2NY,5,0,0,28490,28495,231,231,12,12,False,False,False,False
2026-05-16T10:40:00.917855+00:00,qCFEWA_Nu3k,0,0,0,25274,25274,481,481,9,9,False,False,False,False
2026-05-16T10:40:00.917855+00:00,aNfOwttNQcg,0,0,0,4502,4502,115,115,2,2,False,False,False,False
2026-05-16T10:40:00.917855+00:00,Xq-4lUaLIp8,0,0,0,7695,7695,186,186,4,4,False,False,False,False
2026-05-16T10:40:00.917855+00:00,ZB9IMq0ee0k,33,0,0,66796,66829,2921,2921,178,178,False,False,False,False
2026-05-16T10:40:00.917855+00:00,Lw3RJgDjXh0,0,0,0,7323,7323,171,171,1,1,False,False,False,False
2026-05-16T10:40:00.917855+00:00,PiKd0maLI6o,5,0,0,10506,10511,613,613,8,8,False,False,False,False
2026-05-16T10:40:00.917855+00:00,mTqDtRTKvqE,2,0,0,6440,6442,221,221,17,17,False,False,False,False
2026-05-16T10:40:00.917855+00:00,BwIlVEvq7mU,0,0,0,6970,6970,143,143,8,8,False,False,False,False
2026-05-16T10:40:00.917855+00:00,lrl7lslhv2s,1,0,0,8702,8703,300,300,3,3,False,False,False,False
2026-05-16T10:40:00.917855+00:00,BPt0fwBCDbQ,53,1,0,379557,379610,4477,4478,112,112,False,False,False,False
2026-05-16T10:40:00.917855+00:00,EvauKuWaNmk,163,2,0,64431,64594,2927,2929,283,283,False,False,False,False
2026-05-16T10:40:00.917855+00:00,zEUstENVghI,7,0,0,12854,12861,428,428,34,34,False,False,False,False
2026-05-16T10:40:00.917855+00:00,Enic64S66_s,3,0,0,6105,6108,168,168,3,3,False,False,False,False
2026-05-16T10:40:00.917855+00:00,YldxYShWvGE,0,0,0,7198,7198,148,148,2,2,False,False,False,False
2026-05-16T10:40:00.917855+00:00,QeK4l-iH51Y,0,0,0,4423,4423,152,152,4,4,False,False,False,False
2026-05-16T10:40:00.917855+00:00,tqD_yn5Y_zQ,0,0,0,4069,4069,67,67,1,1,False,False,False,False
2026-05-16T10:40:00.917855+00:00,VjqsnOrW3AM,1554,38,4,145351,146905,3528,3566,134,138,False,False,False,False
2026-05-16T10:40:00.917855+00:00,sjbKZ4CY1Ow,1389,22,0,164493,165882,2551,2573,128,128,False,False,False,False
2026-05-16T10:40:00.917855+00:00,iaYdIU5n6vw,1544,35,2,711287,712831,13664,13699,2110,2112,False,False,False,False
2026-05-16T10:40:00.917855+00:00,Fy8H9I2kJkI,706,8,0,333612,334318,5143,5151,288,288,False,False,False,False
2026-05-16T10:40:00.917855+00:00,AVyYMXc_t9s,27,1,0,8927,8954,479,480,36,36,False,False,False,False
2026-05-16T10:40:00.917855+00:00,HOwVuamQvTc,0,0,0,6688,6688,367,367,11,11,False,False,False,False
2026-05-16T10:40:00.917855+00:00,k0ZYVWoVWAc,13,0,0,20701,20714,890,890,200,200,False,False,False,False
2026-05-16T10:40:00.917855+00:00,ra8QknbAJs4,1,0,0,5387,5388,184,184,6,6,False,False,False,False
2026-05-16T10:40:00.917855+00:00,TpncXdKNLTQ,1,0,0,5165,5166,149,149,4,4,False,False,False,False
2026-05-16T10:40:00.917855+00:00,7m9uIc31Egw,5,0,0,7143,7148,263,263,7,7,False,False,False,False
2026-05-16T10:40:00.917855+00:00,q__FKs64J28,2,0,0,3474,3476,172,172,2,2,False,False,False,False
2026-05-16T10:40:00.917855+00:00,C9V8L2emj9M,0,0,0,3933,3933,197,197,0,0,False,False,False,False
2026-05-16T10:40:00.917855+00:00,EZLeWRbCEbA,577,13,6,45319,45896,1713,1726,94,100,False,False,False,False
2026-05-16T10:40:00.917855+00:00,QduEFho6dLg,20,2,0,9663,9683,553,555,30,30,False,False,False,False
2026-05-16T10:40:00.917855+00:00,ZhRgnBzcYHQ,332,12,1,56163,56495,3461,3473,102,103,False,False,False,False
2026-05-16T10:40:00.917855+00:00,6WqWhSmCbXk,2739,102,6,139827,142566,5115,5217,259,265,False,False,False,False
2026-05-16T10:40:00.917855+00:00,pdNaIhcp3z4,38,1,0,29958,29996,1338,1339,89,89,False,False,False,False
2026-05-16T10:40:00.917855+00:00,_BHe9R7pYNw,30,3,1,8515,8545,587,590,39,40,False,False,False,False
2026-05-16T10:40:00.917855+00:00,5Z4z2oEoxw8,93,4,0,30000,30093,1624,1628,80,80,False,False,False,False
2026-05-16T10:40:00.917855+00:00,0O8CF6F7CVs,0,0,0,0,0,0,0,0,0,False,False,False,False
2026-05-16T10:40:00.917855+00:00,7Ocx3WwDK_c,10,0,0,4496,4506,193,193,7,7,False,False,False,False
2026-05-16T10:40:00.917855+00:00,Cp3DxMyEBIM,2330,30,1,178070,180400,3990,4020,316,317,False,False,False,False
2026-05-16T10:40:00.917855+00:00,M_FKC2NTb24,33,0,0,27770,27803,546,546,9,9,False,False,False,False
2026-05-16T10:40:00.917855+00:00,5zwotvZ1rl0,56,-1,0,13804,13860,315,314,35,35,False,False,False,False
2026-05-16T10:40:00.917855+00:00,F1D4G7VTBnY,2,0,0,4042,4044,173,173,1,1,False,False,False,False
2026-05-16T10:40:00.917855+00:00,kp1dLUox9_Y,5,0,0,21926,21931,930,930,31,31,False,False,False,False
2026-05-16T10:40:00.917855+00:00,FR04V2DkErI,2,0,0,2375,2377,110,110,0,0,False,False,False,False
2026-05-16T10:40:00.917855+00:00,raie7EtagZk,0,0,0,10733,10733,948,948,9,9,False,False,False,False
2026-05-16T10:40:00.917855+00:00,2Z1aJVGA1-M,4,1,0,7401,7405,302,303,8,8,False,False,False,False
2026-05-16T10:40:00.917855+00:00,6cUe6qrXxJU,3,0,0,15200,15203,510,510,11,11,False,False,False,False
2026-05-16T10:40:00.917855+00:00,5DilrEUdYnY,1,0,0,4759,4760,356,356,4,4,False,False,False,False
2026-05-16T10:40:00.917855+00:00,Nq-c06vj5PM,166,4,0,27955,28121,800,804,122,122,False,False,False,False
2026-05-16T10:40:00.917855+00:00,7u0DJM1SNPs,2,0,0,21155,21157,358,358,8,8,False,False,False,False
2026-05-16T10:40:00.917855+00:00,FAerQflosns,3,0,0,7970,7973,291,291,12,12,False,False,False,False
2026-05-16T10:40:00.917855+00:00,l8F9Omk197E,5,0,0,9080,9085,285,285,5,5,False,False,False,False
2026-05-16T10:40:00.917855+00:00,IwjPma4PPTM,431,20,0,87213,87644,4764,4784,110,110,False,False,False,False
2026-05-16T10:40:00.917855+00:00,XXZ2wOom1l0,1274,47,1,124109,125383,5519,5566,144,145,False,False,False,False
2026-05-16T10:40:00.917855+00:00,Lqq78q17jDY,6268,276,19,567544,573812,29199,29475,1570,1589,False,False,False,False
2026-05-16T10:40:00.917855+00:00,sKME5er1OKc,1587,63,3,232934,234521,11981,12044,570,573,False,False,False,False
2026-05-16T10:40:00.917855+00:00,r6AB_e8Rk1I,43,0,0,158461,158504,5629,5629,190,190,False,False,False,False
2026-05-16T10:40:00.917855+00:00,OkuWh46I4m4,320,14,1,22698,23018,1259,1273,40,41,False,False,False,False
2026-05-16T10:40:00.917855+00:00,THMW7bXTog4,226,11,0,202251,202477,15433,15444,174,174,False,False,False,False
2026-05-16T10:40:00.917855+00:00,uvfU2B8b4G4,35,1,0,50595,50630,2422,2423,25,25,False,False,False,False
2026-05-16T10:40:00.917855+00:00,G9L3zK57X6Y,112,4,0,91110,91222,4815,4819,86,86,False,False,False,False
2026-05-16T10:40:00.917855+00:00,TeheJAFWwYs,93,0,0,9517,9610,548,548,61,61,False,False,False,False
2026-05-16T10:40:00.917855+00:00,uSjcVPbJayU,748,41,4,347651,348399,18543,18584,1064,1068,False,False,False,False
2026-05-16T10:40:00.917855+00:00,au_CNv7ZBS4,14,0,0,16417,16431,1016,1016,31,31,False,False,False,False
2026-05-16T10:40:00.917855+00:00,UszcZZ1QZho,58,2,0,25930,25988,863,865,26,26,False,False,False,False
2026-05-16T10:40:00.917855+00:00,UN6X2Jj-qrQ,30,2,0,10284,10314,808,810,4,4,False,False,False,False
2026-05-16T10:40:00.917855+00:00,9361MUAmA24,32,0,0,16324,16356,1175,1175,13,13,False,False,False,False
2026-05-16T10:40:00.917855+00:00,sQoa8y7eN-8,31,1,0,9288,9319,751,752,6,6,False,False,False,False
2026-05-16T10:40:00.917855+00:00,UacKz43AiDQ,2,0,0,2273,2275,63,63,1,1,False,False,False,False
2026-05-16T10:40:00.917855+00:00,9T90MfOpaZY,1,0,0,2149,2150,74,74,10,10,False,False,False,False
2026-05-16T10:40:00.917855+00:00,5qoKwHygsy8,5,0,0,3576,3581,155,155,6,6,False,False,False,False
2026-05-16T10:40:00.917855+00:00,0IGNbK4bbXA,24,1,0,17326,17350,1078,1079,77,77,False,False,False,False
2026-05-16T10:40:00.917855+00:00,ppy-SwlSnEo,4,0,0,2471,2475,85,85,2,2,False,False,False,False
2026-05-16T10:40:00.917855+00:00,-bFkzPRxH4w,10,0,0,15406,15416,275,275,403,403,False,False,False,False
2026-05-16T10:40:00.917855+00:00,87jnYKGVetM,12,1,0,31825,31837,1206,1207,12,12,False,False,False,False
2026-05-16T10:40:00.917855+00:00,zyJ1yZwX_tE,37,0,0,47404,47441,1055,1055,5,5,False,False,False,False
2026-05-16T10:40:00.917855+00:00,IJJbQTVdAtE,990,18,0,92778,93768,2798,2816,15,15,False,False,False,False
2026-05-16T10:40:00.917855+00:00,rhVEOqNhjKo,10,0,0,34171,34181,1006,1006,16,16,False,False,False,False
2026-05-16T10:40:00.917855+00:00,myMj_ZfZ_xI,14,0,0,46859,46873,1053,1053,9,9,False,False,False,False
2026-05-16T10:40:00.917855+00:00,wd_xh6gSSOs,173,4,0,73112,73285,3292,3296,60,60,False,False,False,False
2026-05-16T10:40:00.917855+00:00,p5zWy46yWxU,551,8,0,74756,75307,1362,1370,16,16,False,False,False,False
2026-05-16T10:40:00.917855+00:00,IQZiAOokKXo,10,1,0,30581,30591,769,770,3,3,False,False,False,False
2026-05-16T10:40:00.917855+00:00,x3P8Zqux4A4,12,0,0,59610,59622,2325,2325,16,16,False,False,False,False
2026-05-16T10:40:00.917855+00:00,7vdW8a6jEfw,14,0,0,38771,38785,1228,1228,10,10,False,False,False,False
2026-05-16T10:40:00.917855+00:00,wJwQm_aqC8U,9,-1,0,26926,26935,1171,1170,8,8,False,False,False,False
2026-05-16T10:40:00.917855+00:00,I-rogofBX8c,9,-1,0,26100,26109,959,958,7,7,False,False,False,False
2026-05-16T10:40:00.917855+00:00,HEW0VJx9iw0,17,0,0,56561,56578,2053,2053,15,15,False,False,False,False
2026-05-16T10:40:00.917855+00:00,GMXWOLJHnJc,23,-1,0,69952,69975,3054,3053,29,29,False,False,False,False
2026-05-16T10:40:00.917855+00:00,gtdao7DVsBo,17,0,0,29292,29309,850,850,7,7,False,False,False,False
2026-05-16T10:40:00.917855+00:00,tveRHTJJyy8,10,1,0,22427,22437,805,806,5,5,False,False,False,False
2026-05-16T10:40:00.917855+00:00,DB1fSfulSJQ,12,-1,0,62230,62242,2423,2422,17,17,False,False,False,False
2026-05-16T10:40:00.917855+00:00,FpwEaued1Hc,11,-1,0,46667,46678,2308,2307,29,29,False,False,False,False
2026-05-16T10:40:00.917855+00:00,0EqJD2o-Mnk,1128,21,1,54329,55457,1181,1202,59,60,False,False,False,False
2026-05-16T10:40:00.917855+00:00,Y9HJ_U3TdXk,3739,84,0,258490,262229,8372,8456,42,42,False,False,False,False
2026-05-16T10:40:00.917855+00:00,f7fbvRa4eJE,5,0,0,27322,27327,776,776,11,11,False,False,False,False
2026-05-16T10:40:00.917855+00:00,01NMf5-J_P4,18,-2,0,57826,57844,2487,2485,19,19,False,False,False,False
2026-05-16T10:40:00.917855+00:00,OuOIrxBXB0M,33,-1,0,135880,135913,2927,2926,20,20,False,False,False,False
2026-05-16T10:40:00.917855+00:00,wR8P970sqH8,18,1,0,26118,26136,1007,1008,9,9,False,False,False,False
2026-05-16T10:40:00.917855+00:00,664cs6FZEZo,12,0,0,70776,70788,2001,2001,36,36,False,False,False,False
2026-05-16T10:40:00.917855+00:00,ABoKfabPQyY,6176,95,3,315993,322169,6017,6112,59,62,False,False,False,False
2026-05-16T10:40:00.917855+00:00,UQXupr6-Wmg,113,3,0,68330,68443,2138,2141,20,20,False,False,False,False
2026-05-16T10:40:00.917855+00:00,s47EWzAbZL4,11,0,0,46999,47010,1167,1167,9,9,False,False,False,False
2026-05-16T10:40:00.917855+00:00,Wj8owIKaQKQ,8,0,0,32955,32963,1679,1679,15,15,False,False,False,False
2026-05-16T10:40:00.917855+00:00,0moz0GJcIHg,19,-1,0,28535,28554,1032,1031,12,12,False,False,False,False
2026-05-16T10:40:00.917855+00:00,5tW7CPAVii0,2313,68,0,287446,289759,7785,7853,160,160,False,False,False,False
2026-05-16T10:40:00.917855+00:00,vrW0swCG3Kg,20,1,0,31858,31878,1672,1673,26,26,False,False,False,False
2026-05-16T10:40:00.917855+00:00,yIUDe9YH0ac,3509,100,0,262684,266193,7032,7132,116,116,False,False,False,False
2026-05-16T10:40:00.917855+00:00,Z0uWs_W9S1A,12,0,0,15359,15371,439,439,12,12,False,False,False,False
2026-05-16T10:40:00.917855+00:00,uWOLkr7S47A,23,0,0,76470,76493,1774,1774,5,5,False,False,False,False
2026-05-16T10:40:00.917855+00:00,E7PxcFm-Xs8,20,0,0,30373,30393,1387,1387,6,6,False,False,False,False
2026-05-16T10:40:00.917855+00:00,FfMFahO2VE4,22,0,0,31445,31467,1626,1626,13,13,False,False,False,False
2026-05-16T10:40:00.917855+00:00,jq7ocNZXg_s,38,5,0,25718,25756,2624,2629,46,46,False,False,False,False
2026-05-16T10:40:00.917855+00:00,fHes8kAGJHs,36,0,0,39641,39677,1629,1629,12,12,False,False,False,False
2026-05-16T10:40:00.917855+00:00,fr78adfAnuA,1949,32,2,177748,179697,5282,5314,197,199,False,False,False,False
2026-05-16T10:40:00.917855+00:00,HnafDG2aj1I,19,0,0,29779,29798,930,930,6,6,False,False,False,False
2026-05-16T10:40:00.917855+00:00,nJ0oh5u6YbM,5797,204,0,147551,153348,4941,5145,35,35,False,False,False,False
2026-05-16T10:40:00.917855+00:00,07T7V-Szcx0,9938,309,2,678060,687998,18191,18500,271,273,False,False,False,False
2026-05-16T10:40:00.917855+00:00,gS87TtB9nk4,425,5,0,111535,111960,2322,2327,22,22,False,False,False,False
2026-05-16T10:40:00.917855+00:00,mPbb2Gk3fr4,27,0,0,54064,54091,1514,1514,6,6,False,False,False,False
2026-05-16T10:40:00.917855+00:00,CZtseHx5dAM,17,1,0,33421,33438,1109,1110,12,12,False,False,False,False
2026-05-16T10:40:00.917855+00:00,DykSRxbFZZo,12,1,0,29540,29552,1151,1152,16,16,False,False,False,False
2026-05-16T10:40:00.917855+00:00,g47pe7T6-KE,9,0,-1,25757,25766,1381,1381,11,10,False,False,False,False
2026-05-16T10:40:00.917855+00:00,0Z1lChyi2W4,1589,26,0,665729,667318,17385,17411,583,583,False,False,False,False
2026-05-16T10:40:00.917855+00:00,v_1Dhh8G84c,8788,131,2,2000007,2008795,53016,53147,749,751,False,False,False,False
2026-05-16T10:40:00.917855+00:00,pcAJLeGAtwc,8025,141,1,1081256,1089281,27252,27393,498,499,False,False,False,False
2026-05-16T10:40:00.917855+00:00,roUppNywDks,4393,59,38,993629,998022,16420,16479,7009,7047,False,False,False,False
2026-05-16T10:40:00.917855+00:00,Bcag49Fk3zA,5073,141,3,1476361,1481434,43946,44087,451,454,False,False,False,False
2026-05-16T10:40:00.917855+00:00,0HSNPIttevk,3139,45,1,1097496,1100635,25220,25265,818,819,False,False,False,False
2026-05-16T10:40:00.917855+00:00,IMM5cm6xrXQ,3160,36,4,1701622,1704782,35370,35406,887,891,False,False,False,False
2026-05-16T10:40:00.917855+00:00,0t118SCf-2w,2050,20,1,1993965,1996015,34325,34345,606,607,False,False,False,False
2026-05-16T10:40:00.917855+00:00,_WrHMsTYlOU,6575,106,3,1089594,1096169,27364,27470,1570,1573,False,False,False,False
2026-05-16T10:40:00.917855+00:00,-uSQcEfnKp0,1703,44,0,675599,677302,23398,23442,705,705,False,False,False,False
2026-05-16T10:40:00.917855+00:00,S0WQP5GeTZs,6749,91,-1,998113,1004862,24718,24809,767,766,False,False,False,False
2026-05-16T10:40:00.917855+00:00,OwbaFLtBpkQ,5182,64,0,727463,732645,14941,15005,274,274,False,False,False,False
2026-05-16T10:40:00.917855+00:00,UncqiOQc4rI,25955,419,3,4150437,4176392,114099,114518,1467,1470,False,False,False,False
2026-05-16T10:40:00.917855+00:00,8u7HqZJQHDM,16045,197,55,1139950,1155995,17154,17351,6031,6086,False,False,False,False
2026-05-16T10:40:00.917855+00:00,K9S3YgFZN9Y,3641,62,-1,692764,696405,15558,15620,276,275,False,False,False,False
2026-05-16T10:40:00.917855+00:00,WeliLUboy3M,5457,77,0,1293674,1299131,20292,20369,567,567,False,False,False,False
2026-05-16T10:40:00.917855+00:00,Czf68kDF_7Y,27459,449,12,2632752,2660211,61725,62174,1075,1087,False,False,False,False
2026-05-16T10:40:00.917855+00:00,kTlm_3HwRFg,8443,123,2,384904,393347,8803,8926,95,97,False,False,False,False
2026-05-16T10:40:00.917855+00:00,ucN2hf0CgI8,10758,124,2,1661518,1672276,39510,39634,370,372,False,False,False,False
2026-05-16T10:40:00.917855+00:00,up__2flbXw4,4887,52,2,1008961,1013848,19979,20031,468,470,False,False,False,False
2026-05-16T10:40:00.917855+00:00,msYTFQ4OIu8,7254,102,37,1124904,1132158,16325,16427,7219,7256,False,False,False,False
2026-05-16T10:40:00.917855+00:00,9LsgBjswQZY,496,7,0,145742,146238,2883,2890,33,33,False,False,False,False
2026-05-16T10:40:00.917855+00:00,HRxULulg_hM,6256,106,0,1054083,1060339,31802,31908,386,386,False,False,False,False
2026-05-16T10:40:00.917855+00:00,5wuHYQMnYhA,36958,1480,16,1081234,1118192,41205,42685,797,813,False,False,False,False
2026-05-16T10:40:00.917855+00:00,D4fkiQfzw_I,2409,95,4,168635,171044,7273,7368,331,335,False,False,False,False
2026-05-16T10:40:00.917855+00:00,XAQ275WwWnw,44,0,0,17064,17108,480,480,8,8,False,False,False,False
2026-05-16T10:40:00.917855+00:00,VREVC0wXPfs,72,0,0,27359,27431,741,741,3,3,False,False,False,False
2026-05-16T10:40:00.917855+00:00,MSl5mD3E7PE,106,2,0,22868,22974,1995,1997,106,106,False,False,False,False
2026-05-16T10:40:00.917855+00:00,J9p4GMskefU,303,27,2,34934,35237,3165,3192,99,101,False,False,False,False
2026-05-16T10:40:00.917855+00:00,MX1a5garnwc,55,6,2,10016,10071,644,650,97,99,False,False,False,False
2026-05-16T10:40:00.917855+00:00,v8z-clVwRxM,42,2,0,34337,34379,1061,1063,101,101,False,False,False,False
2026-05-16T10:40:00.917855+00:00,e7IyFScAa-Q,398,9,0,23308,23706,785,794,57,57,False,False,False,False
2026-05-16T10:40:00.917855+00:00,1gyuiKoSc-w,113,3,1,8977,9090,315,318,17,18,False,False,False,False
2026-05-16T10:40:00.917855+00:00,-tzJJPnAenI,4,0,0,3235,3239,150,150,0,0,False,False,False,False
2026-05-16T10:40:00.917855+00:00,vaEGXlhFrJQ,1,0,0,178,179,7,7,1,1,False,False,False,False
2026-05-16T10:40:00.917855+00:00,BYv6i1MhiRA,0,0,0,2698,2698,21,21,0,0,False,False,False,False
2026-05-16T10:40:00.917855+00:00,lYpHv3Tg0Vg,13,0,0,15569,15582,362,362,3,3,False,False,False,False
2026-05-16T10:40:00.917855+00:00,kFVzax1iFW8,0,0,0,223,223,11,11,0,0,False,False,False,False
2026-05-16T10:40:00.917855+00:00,u03PlL13QDw,0,0,0,3416,3416,50,50,0,0,False,False,False,False
2026-05-16T10:40:00.917855+00:00,bjFyP8D_XvM,0,0,0,1905,1905,134,134,0,0,False,False,False,False
2026-05-16T10:40:00.917855+00:00,dUo1R8tp6zQ,0,0,0,283,283,15,15,0,0,False,False,False,False
2026-05-16T10:40:00.917855+00:00,YPM2Fep2P3A,0,0,0,1814,1814,89,89,2,2,False,False,False,False
2026-05-16T10:40:00.917855+00:00,uJzhn5czGL4,1,0,0,1626,1627,112,112,2,2,False,False,False,False
2026-05-16T10:40:00.917855+00:00,V4tlvp9IP_8,0,0,0,190,190,21,21,3,3,False,False,False,False
2026-05-16T10:40:00.917855+00:00,dCJJcNtrNjo,0,0,0,1141,1141,74,74,0,0,False,False,False,False
2026-05-16T10:40:00.917855+00:00,WVEngsk1RuQ,0,0,0,1751,1751,80,80,0,0,False,False,False,False
2026-05-16T10:40:00.917855+00:00,IkNEALHWXUo,6,0,0,756,762,28,28,1,1,False,False,False,False
2026-05-16T10:40:00.917855+00:00,8XfsycyMf48,0,0,0,4595,4595,216,216,1,1,False,False,False,False
2026-05-16T10:40:00.917855+00:00,Tx6waClZSYM,0,0,0,2964,2964,137,137,1,1,False,False,False,False
2026-05-16T10:40:00.917855+00:00,4NHnN9EmDk0,1,0,0,374,375,27,27,2,2,False,False,False,False
2026-05-16T10:40:00.917855+00:00,UkbeRKmr5kM,2,0,0,56354,56356,678,678,14,14,False,False,False,False
2026-05-16T10:40:00.917855+00:00,vd8fb3noIgY,0,0,0,17032,17032,1358,1358,16,16,False,False,False,False
2026-05-16T10:40:00.917855+00:00,nZlhHf8vSbU,1,1,0,9237,9238,930,931,8,8,False,False,False,False
2026-05-16T10:40:00.917855+00:00,qsJSGpOs5q4,1,0,0,14631,14632,864,864,7,7,False,False,False,False
2026-05-16T10:40:00.917855+00:00,Mxv60XerzG4,3,0,0,7434,7437,515,515,16,16,False,False,False,False
2026-05-16T10:40:00.917855+00:00,pVXm6lt1F7w,0,0,0,21303,21303,2095,2095,18,18,False,False,False,False
2026-05-16T10:40:00.917855+00:00,jIj6PuMrDGA,13,0,0,44744,44757,3175,3175,36,36,False,False,False,False
2026-05-16T10:40:00.917855+00:00,XzkJ2WrHR2c,2,0,0,19432,19434,1151,1151,39,39,False,False,False,False
2026-05-16T10:40:00.917855+00:00,PMX-urJB7uw,0,0,0,2771,2771,238,238,6,6,False,False,False,False
2026-05-16T10:40:00.917855+00:00,MdYM6kw372Q,2,0,0,17426,17428,1100,1100,19,19,False,False,False,False
2026-05-16T10:40:00.917855+00:00,3QRWlCFdzyE,2,0,0,20846,20848,970,970,20,20,False,False,False,False
2026-05-16T10:40:00.917855+00:00,rXs8JlFIS-U,0,0,0,17985,17985,925,925,15,15,False,False,False,False
2026-05-16T10:40:00.917855+00:00,SK8tkpErsm8,0,0,0,22306,22306,1238,1238,16,16,False,False,False,False
2026-05-16T10:40:00.917855+00:00,RBz3O-4xBYE,1,0,0,14988,14989,1260,1260,34,34,False,False,False,False
2026-05-16T10:40:00.917855+00:00,03uRM4Uz5t8,0,0,0,20001,20001,1408,1408,39,39,False,False,False,False
2026-05-16T10:40:00.917855+00:00,rzqgWnJPamU,2,0,0,3000,3002,160,160,4,4,False,False,False,False
2026-05-16T10:40:00.917855+00:00,nLlqkXdlNsM,8,0,0,23676,23684,1064,1064,13,13,False,False,False,False
2026-05-16T10:40:00.917855+00:00,fIZkXHaOuvY,0,0,0,2568,2568,123,123,4,4,False,False,False,False
2026-05-16T10:40:00.917855+00:00,t3oZncJYgwE,0,0,0,3912,3912,358,358,5,5,False,False,False,False
2026-05-16T10:40:00.917855+00:00,h5Snd8uqih8,0,0,0,2817,2817,119,119,3,3,False,False,False,False
2026-05-16T10:40:00.917855+00:00,Z-xAO96GQtU,2,1,0,10334,10336,1132,1133,6,6,False,False,False,False
2026-05-16T10:40:00.917855+00:00,TlwFNKM1OyA,0,0,0,6291,6291,402,402,7,7,False,False,False,False
2026-05-16T10:40:00.917855+00:00,kLZUfQUWNNw,0,0,0,2301,2301,151,151,7,7,False,False,False,False
2026-05-16T10:40:00.917855+00:00,uOGqRV25LOc,0,0,0,2010,2010,99,99,2,2,False,False,False,False
2026-05-16T10:40:00.917855+00:00,FOyH5MIRyD4,0,0,0,18688,18688,1041,1041,10,10,False,False,False,False
2026-05-16T10:40:00.917855+00:00,X5MyBjZ8Jgw,1,0,0,24204,24205,1320,1320,11,11,False,False,False,False
2026-05-16T10:40:00.917855+00:00,Ux-bi7bqrUU,5,0,0,6500,6505,543,543,5,5,False,False,False,False
2026-05-16T10:40:00.917855+00:00,0xTKuxdSrRI,2,0,0,26823,26825,1044,1044,13,13,False,False,False,False
2026-05-16T10:40:00.917855+00:00,uHx1N_qFfTw,0,0,0,2931,2931,240,240,3,3,False,False,False,False
2026-05-16T10:40:00.917855+00:00,SrN39dykl7A,0,0,0,3872,3872,251,251,3,3,False,False,False,False
2026-05-16T10:40:00.917855+00:00,YY3pLnSX1W4,0,0,0,3940,3940,297,297,2,2,False,False,False,False
2026-05-16T10:40:00.917855+00:00,qO9602XOIfY,0,-1,0,16394,16394,916,915,15,15,False,False,False,False
2026-05-16T10:40:00.917855+00:00,WBBOTxvDook,0,0,0,3689,3689,245,245,4,4,False,False,False,False
2026-05-16T10:40:00.917855+00:00,weyrpnOTB-A,0,0,0,3819,3819,451,451,1,1,False,False,False,False
2026-05-16T10:40:00.917855+00:00,Jlw306k4Sv0,0,0,0,2235,2235,110,110,4,4,False,False,False,False
2026-05-16T10:40:00.917855+00:00,PfdNPN9Jv6s,2,0,0,19299,19301,1515,1515,19,19,False,False,False,False
2026-05-16T10:40:00.917855+00:00,jKwIvjb9kgM,0,0,0,8300,8300,668,668,6,6,False,False,False,False
2026-05-16T10:40:00.917855+00:00,kyojR7HQsVs,0,0,0,4581,4581,273,273,7,7,False,False,False,False
2026-05-16T10:40:00.917855+00:00,8ImVuaOhTf4,1,0,0,12687,12688,971,971,15,15,False,False,False,False
2026-05-16T10:40:00.917855+00:00,dINRvKoLQ-c,5,0,0,33128,33133,1790,1790,36,36,False,False,False,False
2026-05-16T10:40:00.917855+00:00,SxYWhC51qFo,0,0,0,8211,8211,480,480,4,4,False,False,False,False
2026-05-16T10:40:00.917855+00:00,ymxpml7CipE,0,0,0,5251,5251,336,336,3,3,False,False,False,False
2026-05-16T10:40:00.917855+00:00,LikC_lxkVEg,1,0,0,6120,6121,549,549,7,7,False,False,False,False
2026-05-16T10:40:00.917855+00:00,TCGbMJYgaYA,0,0,0,4772,4772,297,297,3,3,False,False,False,False
2026-05-16T10:40:00.917855+00:00,xSS2WTAglww,0,0,0,3025,3025,226,226,7,7,False,False,False,False
2026-05-16T10:40:00.917855+00:00,tysrC1PivVE,0,0,0,3765,3765,331,331,7,7,False,False,False,False
2026-05-16T10:40:00.917855+00:00,2Ylfj8r_-V8,2,0,0,9365,9367,598,598,12,12,False,False,False,False
2026-05-16T10:40:00.917855+00:00,3wJvtiigDcg,0,0,0,2651,2651,223,223,3,3,False,False,False,False
2026-05-16T10:40:00.917855+00:00,1lx0bttCAbs,405,25,0,47274,47679,2475,2500,45,45,False,False,False,False
2026-05-16T10:40:00.917855+00:00,AWWSm291p7c,0,0,0,4818,4818,396,396,6,6,False,False,False,False
2026-05-16T10:40:00.917855+00:00,GQtuLY1Qs1Q,0,0,0,3700,3700,126,126,4,4,False,False,False,False
2026-05-16T10:40:00.917855+00:00,izQP0WI1i9A,0,0,0,4382,4382,128,128,1,1,False,False,False,False
2026-05-16T10:40:00.917855+00:00,hx45I5QyAFw,1,0,0,7324,7325,586,586,11,11,False,False,False,False
2026-05-16T10:40:00.917855+00:00,cRKwXRLqKQM,0,0,0,3387,3387,94,94,2,2,False,False,False,False
2026-05-16T10:40:00.917855+00:00,VsjETURd7No,0,0,0,1800,1800,78,78,3,3,False,False,False,False
2026-05-16T10:40:00.917855+00:00,EJfh57hfc_E,3,0,0,20968,20971,1287,1287,25,25,False,False,False,False
2026-05-16T10:40:00.917855+00:00,vyUuhcDRcf4,0,0,0,10134,10134,401,401,8,8,False,False,False,False
2026-05-16T10:40:00.917855+00:00,9Ke8dmefEqo,1,0,0,8567,8568,580,580,7,7,False,False,False,False
2026-05-16T10:40:00.917855+00:00,50Esq3fgXzA,0,0,0,4055,4055,322,322,7,7,False,False,False,False
2026-05-16T10:40:00.917855+00:00,-rDMPyp2tvQ,1,0,0,5615,5616,415,415,5,5,False,False,False,False
2026-05-16T10:40:00.917855+00:00,tQCVAU-fZPA,124,2,0,307971,308095,14147,14149,166,166,False,False,False,False
2026-05-16T10:40:00.917855+00:00,vW1rzDI4KhM,0,0,0,3322,3322,146,146,5,5,False,False,False,False
2026-05-16T10:40:00.917855+00:00,SZLTZDoVcfA,0,0,0,3500,3500,311,311,3,3,False,False,False,False
2026-05-16T10:40:00.917855+00:00,5aR4agCS1OM,0,0,0,6398,6398,356,356,7,7,False,False,False,False
2026-05-16T10:40:00.917855+00:00,aFvAFWzCwF8,3,1,0,23217,23220,1498,1499,41,41,False,False,False,False
2026-05-16T10:40:00.917855+00:00,m8mdQGF-Pmw,0,0,0,23107,23107,1366,1366,26,26,False,False,False,False
2026-05-16T10:40:00.917855+00:00,wm1qu3D9-ho,0,0,0,4135,4135,274,274,2,2,False,False,False,False
2026-05-16T10:40:00.917855+00:00,eoXIFY2GZTw,4,0,0,21691,21695,1562,1562,17,17,False,False,False,False
2026-05-16T10:40:00.917855+00:00,crrTHKN_R58,983,46,2,134614,135597,9388,9434,623,625,False,False,False,False
2026-05-16T10:40:00.917855+00:00,La4ogJrxI0g,91,3,0,52435,52526,3612,3615,191,191,False,False,False,False
2026-05-16T10:40:00.917855+00:00,OEqMxMEBQQY,210,4,0,48047,48257,1668,1672,77,77,False,False,False,False
2026-05-16T10:40:00.917855+00:00,0ShXZN7aHqA,26,0,0,7727,7753,552,552,4,4,False,False,False,False
2026-05-16T10:40:00.917855+00:00,DQiQ30VepbU,103,2,0,29847,29950,1322,1324,100,100,False,False,False,False
2026-05-16T10:40:00.917855+00:00,lvw8Fe5wcBo,19,0,0,13564,13583,484,484,28,28,False,False,False,False
2026-05-16T10:40:00.917855+00:00,-txFIHA4ez8,1505,62,1,77881,79386,3482,3544,115,116,False,False,False,False
2026-05-16T10:40:00.917855+00:00,eEfZlpKPAIU,15,-1,0,18780,18795,761,760,17,17,False,False,False,False
2026-05-16T10:40:00.917855+00:00,l1-D1s67YU4,44,1,0,54062,54106,2358,2359,180,180,False,False,False,False
2026-05-16T10:40:00.917855+00:00,RtCDqPRlu48,14,-1,0,18103,18117,765,764,18,18,False,False,False,False
2026-05-16T10:40:00.917855+00:00,5jOtf3OIgHg,10,0,0,9444,9454,433,433,5,5,False,False,False,False
2026-05-16T10:40:00.917855+00:00,VszurX3VCPE,6,-1,0,13656,13662,530,529,21,21,False,False,False,False
2026-05-16T10:40:00.917855+00:00,w9LJSjmwufQ,6,-1,0,9514,9520,539,538,4,4,False,False,False,False
2026-05-16T10:40:00.917855+00:00,gGvkfd-LiKA,20,1,0,12499,12519,515,516,40,40,False,False,False,False
2026-05-16T10:40:00.917855+00:00,oYu0ZgihU8Q,8,0,0,3941,3949,138,138,8,8,False,False,False,False
2026-05-16T10:40:00.917855+00:00,5Tsi4Beca6g,9,0,0,9880,9889,429,429,21,21,False,False,False,False
2026-05-16T10:40:00.917855+00:00,AxHTi--S-sU,35,0,0,37691,37726,1965,1965,204,204,False,False,False,False
2026-05-16T10:40:00.917855+00:00,9R7IaubJFhA,9,2,0,10894,10903,583,585,30,30,False,False,False,False
2026-05-16T10:40:00.917855+00:00,ZrTIAjdcBGM,9,0,0,13571,13580,554,554,51,51,False,False,False,False
2026-05-16T10:40:00.917855+00:00,lkM12v2VZyE,49,2,0,48216,48265,1527,1529,36,36,False,False,False,False
2026-05-16T10:40:00.917855+00:00,QCcQpkBhOvI,57,2,0,13587,13644,616,618,15,15,False,False,False,False
2026-05-16T10:40:00.917855+00:00,R6VQrYkJf74,26,-1,0,20288,20314,706,705,34,34,False,False,False,False
2026-05-16T10:40:00.917855+00:00,6Np0FPnWdMs,26,3,0,20212,20238,798,801,16,16,False,False,False,False
2026-05-16T10:40:00.917855+00:00,sa3zzPEnz_4,117,4,0,35867,35984,1320,1324,79,79,False,False,False,False
2026-05-16T10:40:00.917855+00:00,pgFxsauDXjc,1,0,0,7977,7978,314,314,11,11,False,False,False,False
2026-05-16T10:40:00.917855+00:00,G-i7hiu_yPU,5,0,0,8439,8444,760,760,92,92,False,False,False,False
2026-05-16T10:40:00.917855+00:00,6UPfq3KETg4,91,2,0,167490,167581,5955,5957,125,125,False,False,False,False
2026-05-16T10:40:00.917855+00:00,-wkZoxeFIpM,66,2,0,6587,6653,382,384,11,11,False,False,False,False
2026-05-16T10:40:00.917855+00:00,6-PunI-5Ts4,63,0,0,30734,30797,2950,2950,90,90,False,False,False,False
2026-05-16T10:40:00.917855+00:00,QDZUOBnmf4Q,55,2,0,43544,43599,3672,3674,127,127,False,False,False,False
2026-05-16T10:40:00.917855+00:00,TekYNY3eGC0,387,14,0,132721,133108,7616,7630,225,225,False,False,False,False
2026-05-16T10:40:00.917855+00:00,OWkM5YoEhgM,347,20,0,81154,81501,5920,5940,108,108,False,False,False,False
2026-05-16T10:40:00.917855+00:00,DgX6SMZaC_8,138,5,0,58100,58238,4395,4400,75,75,False,False,False,False
2026-05-16T10:40:00.917855+00:00,OPDzJP8iWLo,85,3,0,32859,32944,3167,3170,60,60,False,False,False,False
2026-05-16T10:40:00.917855+00:00,shkHigLwBnM,473,5,0,331125,331598,10628,10633,385,385,False,False,False,False
2026-05-16T10:40:00.917855+00:00,BOmc_wliaRg,2859,39,10,857411,860270,34649,34688,4786,4796,False,False,False,False
2026-05-16T10:40:00.917855+00:00,94PJFiyaSrs,475,7,0,40302,40777,2176,2183,140,140,False,False,False,False
2026-05-16T10:40:00.917855+00:00,rfnB9MhBI44,513,29,0,183988,184501,12804,12833,248,248,False,False,False,False
2026-05-16T10:40:00.917855+00:00,g_7mUw6Xt2E,276,24,0,147730,148006,7469,7493,735,735,False,False,False,False
2026-05-16T10:40:00.917855+00:00,a8LrJMGoVL4,111,6,0,133966,134077,10054,10060,510,510,False,False,False,False
2026-05-16T10:40:00.917855+00:00,u_f8bJkfg68,5027,71,-1,4324018,4329045,109763,109834,951,950,False,False,False,False
2026-05-16T10:40:00.917855+00:00,WgcdDVIUXcI,16319,253,-1,6903449,6919768,120330,120583,351,350,False,False,False,False
2026-05-16T10:40:00.917855+00:00,UEBpQgCIFTk,436,13,0,593867,594303,25274,25287,210,210,False,False,False,False
2026-05-16T10:40:00.917855+00:00,GmTuhpMe1oM,1341,58,0,186764,188105,11244,11302,85,85,False,False,False,False
2026-05-16T10:40:00.917855+00:00,0kHJZFOuMWc,2528,118,0,992553,995081,50775,50893,251,251,False,False,False,False
2026-05-16T10:40:00.917855+00:00,KXpgCNB6Dcs,2813,212,0,507466,510279,38302,38514,213,213,False,False,False,False
2026-05-16T10:40:00.917855+00:00,gPmmDEGCQLg,2312,133,2,309606,311918,26787,26920,474,476,False,False,False,False
2026-05-16T10:40:00.917855+00:00,hXPy19kPego,1032,39,2,150483,151515,10935,10974,836,838,False,False,False,False
2026-05-16T10:40:00.917855+00:00,yaBzATxyEYs,91,6,0,43741,43832,3289,3295,122,122,False,False,False,False
2026-05-16T10:40:00.917855+00:00,SY53rwqE2i0,58,4,0,28514,28572,1448,1452,70,70,False,False,False,False
2026-05-16T10:40:00.917855+00:00,LPTQADIf6Xk,881,34,1,142011,142892,8885,8919,538,539,False,False,False,False
2026-05-16T10:40:00.917855+00:00,Ycdklm6W1_o,537,26,-2,389859,390396,26517,26543,728,726,False,False,False,False
2026-05-16T10:40:00.917855+00:00,iRach9lpIlg,4478,75,1,1067547,1072025,21036,21111,543,544,False,False,False,False
2026-05-16T10:40:00.917855+00:00,MVFd0qFB9TE,26751,1002,7,4474249,4501000,138093,139095,1686,1693,False,False,False,False
2026-05-16T10:40:00.917855+00:00,EFhMcL3Kf1c,831,25,1,344230,345061,14284,14309,751,752,False,False,False,False
2026-05-16T10:40:00.917855+00:00,bouvNyq8xCY,283,9,0,36010,36293,2245,2254,67,67,False,False,False,False
2026-05-16T10:40:00.917855+00:00,4ZK7Ms4IZ7g,198,1,0,30569,30767,213,214,7,7,False,False,False,False
2026-05-16T10:40:00.917855+00:00,XV4eV0wnx-c,35,-1,0,21511,21546,783,782,9,9,False,False,False,False
2026-05-16T10:40:00.917855+00:00,B2ag364pRgQ,118,3,0,68131,68249,2309,2312,414,414,False,False,False,False
2026-05-16T10:40:00.917855+00:00,1a5xOhqvm-I,40,1,0,13812,13852,420,421,13,13,False,False,False,False
2026-05-16T10:40:00.917855+00:00,bfENsVP77VQ,2420,68,1,202300,204720,4568,4636,419,420,False,False,False,False
2026-05-16T10:40:00.917855+00:00,f1rK6WfCjCQ,51,-1,0,37854,37905,1039,1038,18,18,False,False,False,False
2026-05-16T10:40:00.917855+00:00,yemarhfhVA0,598,34,2,122267,122865,9804,9838,609,611,False,False,False,False
2026-05-16T10:40:00.917855+00:00,TET8fTKH1e8,2529,56,1,655933,658462,24559,24615,691,692,False,False,False,False
2026-05-16T10:40:00.917855+00:00,n16KlvFN28c,36,0,0,23393,23429,1103,1103,10,10,False,False,False,False
2026-05-16T10:40:00.917855+00:00,MK-6-YuFzC4,50,1,0,16192,16242,840,841,86,86,False,False,False,False
2026-05-16T10:40:00.917855+00:00,Xf_v62TQOx4,59,0,0,70183,70242,3227,3227,345,345,False,False,False,False
2026-05-16T10:40:00.917855+00:00,40kncAedwjs,12,0,0,2862,2874,207,207,17,17,False,False,False,False
2026-05-16T10:40:00.917855+00:00,rbbMgCB90fk,4,1,0,1823,1827,115,116,6,6,False,False,False,False
2026-05-16T10:40:00.917855+00:00,Bv4wqAVZ6Ps,11,1,0,2635,2646,171,172,12,12,False,False,False,False
2026-05-16T10:40:00.917855+00:00,N14hiQw7Wdk,22,1,1,3041,3063,98,99,31,32,False,False,False,False
2026-05-16T10:40:00.917855+00:00,tLlucpJbi5E,2,0,0,886,888,23,23,2,2,False,False,False,False
2026-05-16T10:40:00.917855+00:00,saLXbA_OCkE,0,0,0,443,443,14,14,0,0,False,False,False,False
2026-05-16T10:40:00.917855+00:00,MCnA_GAeAfg,0,0,0,571,571,13,13,0,0,False,False,False,False
2026-05-16T10:40:00.917855+00:00,kLhNERKdwd4,0,0,0,948,948,24,24,1,1,False,False,False,False
2026-05-16T10:40:00.917855+00:00,YNW_D7b60I4,0,0,0,765,765,20,20,0,0,False,False,False,False
2026-05-16T10:40:00.917855+00:00,MOpYEt-XfaU,2,0,0,873,875,15,15,2,2,False,False,False,False
2026-05-16T10:40:00.917855+00:00,G1xuyxMOUNM,1,0,0,1456,1457,20,20,1,1,False,False,False,False
2026-05-16T10:40:00.917855+00:00,dA8XrnlFY5w,4,0,0,2782,2786,94,94,17,17,False,False,False,False
2026-05-16T10:40:00.917855+00:00,sZoT8IoDJTU,0,0,0,701,701,17,17,0,0,False,False,False,False
2026-05-16T10:40:00.917855+00:00,wlOrP9Q1akA,0,0,0,760,760,15,15,0,0,False,False,False,False
2026-05-16T10:40:00.917855+00:00,Mm2C9CRyDxY,0,0,0,653,653,18,18,0,0,False,False,False,False
2026-05-16T10:40:00.917855+00:00,wvJLjIR3nRI,1,0,0,690,691,23,23,0,0,False,False,False,False
2026-05-16T10:40:00.917855+00:00,nIrSjC_gsk8,0,0,0,631,631,14,14,0,0,False,False,False,False
2026-05-16T10:40:00.917855+00:00,IaUn-c8Lxss,0,0,0,582,582,17,17,0,0,False,False,False,False
2026-05-16T10:40:00.917855+00:00,fQK8Lx-oRIU,3,1,0,17170,17173,747,748,32,32,False,False,False,False
2026-05-16T10:40:00.917855+00:00,h9kh7KssnMc,170,1,0,120810,120980,2721,2722,65,65,False,False,False,False
2026-05-16T10:40:00.917855+00:00,XyFrfcsbDGY,0,0,0,57803,57803,2439,2439,75,75,False,False,False,False
2026-05-16T10:40:00.917855+00:00,zxQJIBt9CBI,2134,60,6,224273,226407,9969,10029,431,437,False,False,False,False
2026-05-16T10:40:00.917855+00:00,Xy09nfcwZ3E,12,0,0,34899,34911,1319,1319,5,5,False,False,False,False
2026-05-16T10:40:00.917855+00:00,-APimd6TUro,9,1,0,37867,37876,771,772,4,4,False,False,False,False
2026-05-16T10:40:00.917855+00:00,rzHYdFYDjcQ,6,0,0,3065,3071,94,94,2,2,False,False,False,False
2026-05-16T10:40:00.917855+00:00,-5kkpHpexIA,3,0,0,34654,34657,690,690,4,4,False,False,False,False
2026-05-16T10:40:00.917855+00:00,-JTeDTLElVg,11,0,0,21478,21489,656,656,4,4,False,False,False,False
2026-05-16T10:40:00.917855+00:00,u7sbQBw3X3g,2,0,0,22778,22780,498,498,0,0,False,False,False,False
2026-05-16T10:40:00.917855+00:00,QIKiQjEMUjY,1424,32,3,260793,262217,8032,8064,777,780,False,False,False,False
2026-05-16T10:40:00.917855+00:00,_EHKT75Ir0g,6,0,0,3058,3064,179,179,2,2,False,False,False,False
2026-05-16T10:40:00.917855+00:00,wB2Kb0MiyAc,9,0,0,36280,36289,651,651,6,6,False,False,False,False
2026-05-16T10:40:00.917855+00:00,bGis_LtFRRo,4,0,0,1380,1384,41,41,0,0,False,False,False,False
2026-05-16T10:40:00.917855+00:00,UgfrzicHc80,1191,26,1,225388,226579,6969,6995,724,725,False,False,False,False
2026-05-16T10:40:00.917855+00:00,2F50vE7VUIw,3,0,0,4719,4722,440,440,4,4,False,False,False,False
2026-05-16T10:40:00.917855+00:00,qC_5K9u8nY4,7,0,0,5908,5915,182,182,1,1,False,False,False,False
2026-05-16T10:40:00.917855+00:00,WSSQ8mtQicE,1,0,0,4052,4053,125,125,0,0,False,False,False,False
2026-05-16T10:40:00.917855+00:00,jdrW-vJOD1w,6,0,0,20461,20467,806,806,34,34,False,False,False,False
2026-05-16T10:40:00.917855+00:00,6AKlPLtjBR8,2,0,0,16408,16410,849,849,28,28,False,False,False,False
2026-05-16T10:40:00.917855+00:00,ZjtJALByo70,10,0,0,11510,11520,592,592,9,9,False,False,False,False
2026-05-16T10:40:00.917855+00:00,0VjrLsr61pk,418,6,0,163596,164014,5564,5570,349,349,False,False,False,False
2026-05-16T10:40:00.917855+00:00,uay_qpfTJOE,35,1,0,5317,5352,93,94,3,3,False,False,False,False
2026-05-16T10:40:00.917855+00:00,AXvou3mSGQA,7,0,0,39775,39782,1102,1102,44,44,False,False,False,False
2026-05-16T10:40:00.917855+00:00,Zu3g28TTetU,33,4,1,50152,50185,2454,2458,181,182,False,False,False,False
2026-05-16T10:40:00.917855+00:00,MbX7gs6huVE,1,0,0,15598,15599,603,603,14,14,False,False,False,False
2026-05-16T10:40:00.917855+00:00,ckyeC880OPA,15,0,0,62219,62234,1697,1697,42,42,False,False,False,False
2026-05-16T10:40:00.917855+00:00,AzNb2nQrM7U,1268,19,0,79282,80550,3126,3145,348,348,False,False,False,False
2026-05-16T10:40:00.917855+00:00,q1l42BPzbIk,474,29,5,125119,125593,10581,10610,1412,1417,False,False,False,False
2026-05-16T10:40:00.917855+00:00,3LnNwS6rqk8,2187,87,3,490163,492350,27740,27827,767,770,False,False,False,False
2026-05-16T10:40:00.917855+00:00,AxM96v9ZCzI,702,25,0,70269,70971,1827,1852,11,11,False,False,False,False
2026-05-16T10:40:00.917855+00:00,4vHF2qU89Jo,455,27,2,77957,78412,7595,7622,466,468,False,False,False,False
2026-05-16T10:40:00.917855+00:00,-Ap6qWvqk0I,399,48,0,28699,29098,3734,3782,183,183,False,False,False,False
2026-05-16T10:40:00.917855+00:00,na5Enw8P18A,1263,54,1,194349,195612,10955,11009,321,322,False,False,False,False
2026-05-16T10:40:00.917855+00:00,UM9dcnJXX0k,7694,221,23,475657,483351,18496,18717,3748,3771,False,False,False,False
2026-05-16T10:40:00.917855+00:00,4IeYytwcpuQ,945,16,0,118552,119497,6578,6594,206,206,False,False,False,False
2026-05-16T10:40:00.917855+00:00,xO5diVmgE8Y,413,7,2,57593,58006,3479,3486,388,390,False,False,False,False
2026-05-16T10:40:00.917855+00:00,_twN29IEQlc,404,27,1,40291,40695,3606,3633,303,304,False,False,False,False
2026-05-16T10:40:00.917855+00:00,PN8bHAr0f1M,319,3,0,176128,176447,4407,4410,63,63,False,False,False,False
2026-05-16T10:40:00.917855+00:00,iq599kyAjVA,45,0,0,148667,148712,3905,3905,80,80,False,False,False,False
2026-05-16T10:40:00.917855+00:00,48hHo2WcAQI,1759,152,19,493897,495656,40302,40454,3961,3980,False,False,False,False
2026-05-16T10:40:00.917855+00:00,NlW_R21cBXs,684,37,1,220115,220799,16828,16865,805,806,False,False,False,False
2026-05-16T10:40:00.917855+00:00,Cs1nC8kqS5k,50,4,0,51631,51681,3362,3366,284,284,False,False,False,False
2026-05-16T10:40:00.917855+00:00,XX7hskkX1AA,69,1,0,92582,92651,4138,4139,128,128,False,False,False,False
2026-05-16T10:40:00.917855+00:00,vTXoE7BLv9s,1847,143,4,305160,307007,26804,26947,824,828,False,False,False,False
2026-05-16T10:40:00.917855+00:00,8Uk97zU2GCg,247,4,3,257417,257664,13038,13042,1582,1585,False,False,False,False
2026-05-16T10:40:00.917855+00:00,tg0LuGGeOPA,30,2,0,119559,119589,7146,7148,214,214,False,False,False,False
2026-05-16T10:40:00.917855+00:00,SZ8r5VKtGes,12130,868,56,437726,449856,30693,31561,2077,2133,False,False,False,False
2026-05-16T10:40:00.917855+00:00,PCAPjDDY-h4,28,2,0,65630,65658,4887,4889,556,556,False,False,False,False
2026-05-16T10:40:00.917855+00:00,nHH771Vtkxw,3750,332,3,419300,423050,34287,34619,862,865,False,False,False,False
2026-05-16T10:40:00.917855+00:00,GybLbhXj2Nw,260,7,1,168204,168464,11920,11927,1565,1566,False,False,False,False
2026-05-16T10:40:00.917855+00:00,x2r3FTy9HHE,1415,53,4,293205,294620,17930,17983,1188,1192,False,False,False,False
2026-05-16T10:40:00.917855+00:00,AHyZdLVYJfc,305,6,0,225218,225523,18731,18737,2491,2491,False,False,False,False
2026-05-16T10:40:00.917855+00:00,x0HFad-M2iE,7,1,0,23705,23712,2250,2251,33,33,False,False,False,False
2026-05-16T10:40:00.917855+00:00,y3HkZSayX2s,8,0,0,16228,16236,859,859,18,18,False,False,False,False
2026-05-16T10:40:00.917855+00:00,pqIZk9qrBEM,14,0,0,20449,20463,1429,1429,65,65,False,False,False,False
2026-05-16T10:40:00.917855+00:00,Q9qmcTjw89Q,7,0,0,24942,24949,847,847,11,11,False,False,False,False
2026-05-16T10:40:00.917855+00:00,h_G5spN1nJk,3,0,0,18802,18805,1181,1181,22,22,False,False,False,False
2026-05-16T10:40:00.917855+00:00,MqpQhyjFZQU,1889,43,3,286737,288626,11143,11186,609,612,False,False,False,False
2026-05-16T10:40:00.917855+00:00,NM-bwZZoX80,193,8,0,88460,88653,4375,4383,245,245,False,False,False,False
2026-05-16T10:40:00.917855+00:00,vm8Yn0BN-TQ,8,0,0,6335,6343,305,305,26,26,False,False,False,False
2026-05-16T10:40:00.917855+00:00,6q8iEtd0IGE,7,1,0,2661,2668,164,165,10,10,False,False,False,False
2026-05-16T10:40:00.917855+00:00,SHPKe7pGqMk,20,0,0,6904,6924,324,324,12,12,False,False,False,False
2026-05-16T10:40:00.917855+00:00,-0FsgHxwxgQ,147,8,0,84281,84428,3104,3112,119,119,False,False,False,False
2026-05-16T10:40:00.917855+00:00,krqt6eg3UoI,690,18,0,73569,74259,2859,2877,145,145,False,False,False,False
2026-05-16T10:40:00.917855+00:00,HyTkdC8bhCg,11,0,0,6008,6019,270,270,15,15,False,False,False,False
2026-05-16T10:40:00.917855+00:00,FjxyqtLuh_M,5,0,0,7585,7590,340,340,20,20,False,False,False,False
2026-05-16T10:40:00.917855+00:00,sPHe-L95K0o,0,0,0,1799,1799,29,29,10,10,False,False,False,False
2026-05-16T10:40:00.917855+00:00,KW2YQ1C0ECs,2,0,0,721,723,69,69,21,21,False,False,False,False
2026-05-16T10:40:00.917855+00:00,2q62qBqugJE,2,0,0,918,920,90,90,62,62,False,False,False,False
2026-05-16T10:40:00.917855+00:00,wFTojQEC2eE,4,1,0,1270,1274,105,106,31,31,False,False,False,False
2026-05-16T10:40:00.917855+00:00,zj0BKLv9r8Y,258,8,5,109949,110207,4378,4386,621,626,False,False,False,False
2026-05-16T10:40:00.917855+00:00,kijJaXVri7Q,6521,267,0,859744,866265,54819,55086,1516,1516,False,False,False,False
2026-05-16T10:40:00.917855+00:00,UUzxEVhRQgQ,2383,174,0,766186,768569,65481,65655,2419,2419,False,False,False,False
2026-05-16T10:40:00.917855+00:00,tbvteFr4SPQ,4733,218,10,1493585,1498318,89210,89428,7567,7577,False,False,False,False
2026-05-16T10:40:00.917855+00:00,_9bYQ2tvc_s,1115,66,1,255509,256624,18792,18858,596,597,False,False,False,False
2026-05-16T10:40:00.917855+00:00,3skIuC1lP00,37,5,0,14314,14351,726,731,19,19,False,False,False,False
2026-05-16T10:40:00.917855+00:00,L8_m7pOI2-A,327,4,0,90874,91201,4189,4193,456,456,False,False,False,False
2026-05-16T10:40:00.917855+00:00,-6t20SnbOyc,129,7,1,77668,77797,4414,4421,228,229,False,False,False,False
2026-05-16T10:40:00.917855+00:00,9dIy1d0jmXw,40,3,0,12530,12570,479,482,60,60,False,False,False,False
2026-05-16T10:40:00.917855+00:00,TfojYStTlZE,2806,190,10,148518,151324,14643,14833,737,747,False,False,False,False
2026-05-16T10:40:00.917855+00:00,EnLpF9i3I4I,26,0,0,6907,6933,469,469,4,4,False,False,False,False
2026-05-16T10:40:00.917855+00:00,0YCyZKuGPmA,15,2,0,8794,8809,590,592,9,9,False,False,False,False
2026-05-16T10:40:00.917855+00:00,7y8W9bita7o,13,1,0,4706,4719,370,371,7,7,False,False,False,False
2026-05-16T10:40:00.917855+00:00,5cynqLNd1gA,6,1,0,5233,5239,488,489,10,10,False,False,False,False
2026-05-16T10:40:00.917855+00:00,5ov8sBSV-pc,46,1,0,6587,6633,468,469,22,22,False,False,False,False
2026-05-16T10:40:00.917855+00:00,rg1PhRvmFXk,21,0,0,4275,4296,469,469,17,17,False,False,False,False
2026-05-16T10:40:00.917855+00:00,TUSbI3pqiCM,195,12,0,24768,24963,1627,1639,28,28,False,False,False,False
2026-05-16T10:40:00.917855+00:00,kf9ghd5-VII,603,14,0,269845,270448,19260,19274,898,898,False,False,False,False
2026-05-16T10:40:00.917855+00:00,dVb9vyCwM2s,115,8,0,194074,194189,12065,12073,502,502,False,False,False,False
2026-05-16T10:40:00.917855+00:00,ZOPXzlpBVoM,114,6,0,121503,121617,7630,7636,604,604,False,False,False,False
2026-05-16T10:40:00.917855+00:00,dYJM9jmLBzY,59,5,0,164989,165048,17067,17072,801,801,False,False,False,False
2026-05-16T10:40:00.917855+00:00,CZe8DucT3qA,98,3,0,247153,247251,17604,17607,1008,1008,False,False,False,False
2026-05-16T10:40:00.917855+00:00,H3lUaL6-XQQ,302,7,0,210545,210847,12005,12012,677,677,False,False,False,False
2026-05-16T10:40:00.917855+00:00,X9fGa-F_ars,164,5,0,162456,162620,11002,11007,453,453,False,False,False,False
2026-05-16T10:40:00.917855+00:00,5ymn2oV1Zls,41,1,0,306430,306471,20725,20726,1133,1133,False,False,False,False
2026-05-16T10:40:00.917855+00:00,39czcByvq7c,6575,63,4,822278,828853,16575,16638,1644,1648,False,False,False,False
2026-05-16T10:40:00.917855+00:00,EGTF9mGda4U,2450,82,0,598802,601252,31979,32061,384,384,False,False,False,False
2026-05-16T10:40:00.917855+00:00,vNXFk8iGHk8,5917,156,0,664367,670284,31793,31949,319,319,False,False,False,False
2026-05-16T10:40:00.917855+00:00,wEb6ULf3TzU,2323,103,0,603649,605972,38503,38606,446,446,False,False,False,False
2026-05-16T10:40:00.917855+00:00,wy3a_xJI3so,4369,157,2,957945,962314,53697,53854,647,649,False,False,False,False
2026-05-16T10:40:00.917855+00:00,DYkyYUjOZTk,22879,733,0,1828831,1851710,94693,95426,516,516,False,False,False,False
2026-05-16T10:40:00.917855+00:00,gdjCR9h1yGc,10462,272,4,2750365,2760827,146053,146325,2325,2329,False,False,False,False
2026-05-16T10:40:00.917855+00:00,W41XcEogOB0,10786,194,1,3924041,3934827,173242,173436,1499,1500,False,False,False,False
2026-05-16T10:40:00.917855+00:00,dhbt8y_LXQY,1428,30,0,540647,542075,25862,25892,339,339,False,False,False,False
2026-05-16T10:40:00.917855+00:00,aZVcAlzBIp4,8838,91,-1,869901,878739,16290,16381,1331,1330,False,False,False,False
2026-05-16T10:40:00.917855+00:00,Hk-ARbCTKzM,44556,954,2,5952918,5997474,252370,253324,1343,1345,False,False,False,False
2026-05-16T10:40:00.917855+00:00,KGeCwEOLPGE,11785,402,1,2096679,2108464,120000,120402,646,647,False,False,False,False
2026-05-16T10:40:00.917855+00:00,eBbqRceO2qY,5498,135,2,1474625,1480123,76253,76388,1155,1157,False,False,False,False
2026-05-16T10:40:00.917855+00:00,UPbaPjDGQIE,14450,457,2,2532122,2546572,128682,129139,1212,1214,False,False,False,False
2026-05-16T10:40:00.917855+00:00,fpmYvXCzO1c,6109,180,3,1282685,1288794,67213,67393,1009,1012,False,False,False,False
2026-05-16T10:40:00.917855+00:00,XfY_L8MLOsU,811,23,-1,416380,417191,17949,17972,247,246,False,False,False,False
2026-05-16T10:40:00.917855+00:00,rk2b7fH_Gcc,1223,32,0,59794,61017,4278,4310,200,200,False,False,False,False
2026-05-16T10:40:00.917855+00:00,31t_CBePs34,4521,172,1,1253467,1257988,49035,49207,720,721,False,False,False,False
2026-05-16T10:40:00.917855+00:00,ktkpd9A8MD8,13381,306,18,621656,635037,32387,32693,1840,1858,False,False,False,False
2026-05-16T10:40:00.917855+00:00,vmRbevilfpU,91111,1757,20,8861654,8952765,272313,274070,1885,1905,False,False,False,False
2026-05-16T10:40:00.917855+00:00,NLrfMQ0dqpQ,5,0,0,3399,3404,239,239,115,115,False,False,False,False
2026-05-16T10:40:00.917855+00:00,W1js1spTUPs,0,0,0,2861,2861,62,62,1,1,False,False,False,False
2026-05-16T10:40:00.917855+00:00,ZVnXmeZZDw0,0,0,0,4346,4346,96,96,3,3,False,False,False,False
2026-05-16T10:40:00.917855+00:00,OHGtOI47r4M,2,0,0,5525,5527,160,160,2,2,False,False,False,False
2026-05-16T10:40:00.917855+00:00,NkWtrW-9GDY,56,2,0,7543,7599,441,443,21,21,False,False,False,False
2026-05-16T10:40:00.917855+00:00,uZ6Nbwp8GtU,66,2,0,11836,11902,557,559,13,13,False,False,False,False
2026-05-16T10:40:00.917855+00:00,jjSaUeqJi4s,55,1,0,18923,18978,506,507,39,39,False,False,False,False
2026-05-16T10:40:00.917855+00:00,K38w2QlgHPQ,27,2,0,13225,13252,725,727,26,26,False,False,False,False
2026-05-16T10:40:00.917855+00:00,U14_qm5y38o,40,3,0,124818,124858,5765,5768,259,259,False,False,False,False
2026-05-16T10:40:00.917855+00:00,T34ygnCahZc,49,1,0,43065,43114,1478,1479,118,118,False,False,False,False
2026-05-16T10:40:00.917855+00:00,S3JuEF7RQ5k,35,0,0,66611,66646,1871,1871,47,47,False,False,False,False
2026-05-16T10:40:00.917855+00:00,xUWqMdypNsM,21,1,0,14436,14457,804,805,29,29,False,False,False,False
2026-05-16T10:40:00.917855+00:00,pe_HkAV9yJM,16,1,0,14601,14617,694,695,18,18,False,False,False,False
2026-05-16T10:40:00.917855+00:00,qGa8y4tPUkc,26,1,0,4385,4411,468,469,44,44,False,False,False,False
2026-05-16T10:40:00.917855+00:00,wnoSOSgBNHk,78,1,0,43105,43183,1549,1550,44,44,False,False,False,False
2026-05-16T10:40:00.917855+00:00,IiPyKNs5dtg,1,0,0,3564,3565,145,145,13,13,False,False,False,False
2026-05-16T10:40:00.917855+00:00,1WQetpMA8-k,15,0,0,6967,6982,299,299,13,13,False,False,False,False
2026-05-16T10:40:00.917855+00:00,bFO0uAMPx1g,152,2,3,66539,66691,1646,1648,268,271,False,False,False,False
2026-05-16T10:40:00.917855+00:00,evVs-Jtor50,13,0,0,59939,59952,1739,1739,305,305,False,False,False,False
2026-05-16T10:40:00.917855+00:00,g8NWmUdMh_E,12,0,0,20812,20824,313,313,28,28,False,False,False,False
2026-05-16T10:40:00.917855+00:00,ITT9xWeicWM,19,0,0,54351,54370,1407,1407,199,199,False,False,False,False
2026-05-16T10:40:00.917855+00:00,i6WQdQsE0kc,-1,0,0,10508,10507,216,216,20,20,False,False,False,False
2026-05-16T10:40:00.917855+00:00,hrIY-clbdg8,12,0,0,82793,82805,1897,1897,362,362,False,False,False,False
2026-05-16T10:40:00.917855+00:00,95KqKaDsIAM,887,21,0,54665,55552,2229,2250,119,119,False,False,False,False
2026-05-16T10:40:00.917855+00:00,F4ZxeuNDoUw,1,0,0,12145,12146,521,521,22,22,False,False,False,False
2026-05-16T10:40:00.917855+00:00,oeymdn1d4qg,6,0,0,7485,7491,599,599,31,31,False,False,False,False
2026-05-16T10:40:00.917855+00:00,5BbGrGFI2gQ,5,0,0,14432,14437,2421,2421,34,34,False,False,False,False
2026-05-16T10:40:00.917855+00:00,ERxzxl6fXbw,3,0,0,15181,15184,965,965,20,20,False,False,False,False
2026-05-16T10:40:00.917855+00:00,nxCFXdIgxmw,2,0,0,9692,9694,452,452,37,37,False,False,False,False
2026-05-16T10:40:00.917855+00:00,8MhnMHlXk7Q,3,1,0,5329,5332,361,362,34,34,False,False,False,False
2026-05-16T10:40:00.917855+00:00,OkVrrVAG9yg,16,0,0,33732,33748,2623,2623,491,491,False,False,False,False
2026-05-16T10:40:00.917855+00:00,nOR-IY0SnEY,7,0,0,42084,42091,2637,2637,170,170,False,False,False,False
2026-05-16T10:40:00.917855+00:00,seu69-hMmGw,9,1,4,12898,12907,1156,1157,108,112,False,False,False,False
2026-05-16T10:40:00.917855+00:00,oXKkhajzwgE,5,0,0,15997,16002,1299,1299,125,125,False,False,False,False
2026-05-16T10:40:00.917855+00:00,rWwPAnF8Qeo,3,0,0,8883,8886,582,582,98,98,False,False,False,False
2026-05-16T10:40:00.917855+00:00,XvLttG6zZck,1,0,0,15907,15908,725,725,92,92,False,False,False,False
2026-05-16T10:40:00.917855+00:00,6_o0OElprPo,17,0,0,2362,2379,102,102,29,29,False,False,False,False
2026-05-16T10:40:00.917855+00:00,d4AaggbJACU,0,0,0,1111,1111,103,103,2,2,False,False,False,False
2026-05-16T10:40:00.917855+00:00,jr8lgZvzA34,4,1,0,8046,8050,203,204,51,51,False,False,False,False
2026-05-16T10:40:00.917855+00:00,yqwGsf5XVkI,8,0,0,6141,6149,253,253,67,67,False,False,False,False
2026-05-16T10:40:00.917855+00:00,_O6ICkmg1Zg,9,0,0,11807,11816,307,307,10,10,False,False,False,False
2026-05-16T10:40:00.917855+00:00,Zqmsoqo2fJs,6,0,0,5128,5134,245,245,5,5,False,False,False,False
2026-05-16T10:40:00.917855+00:00,2FdfXwODkr4,3,0,0,26828,26831,622,622,11,11,False,False,False,False
2026-05-16T10:40:00.917855+00:00,HgD5P0gQxOk,7,0,0,12448,12455,286,286,5,5,False,False,False,False
2026-05-16T10:40:00.917855+00:00,woNfdYrmVGw,1,0,0,10955,10956,352,352,3,3,False,False,False,False
2026-05-16T10:40:00.917855+00:00,sujVZ7316qo,4,0,0,17639,17643,470,470,7,7,False,False,False,False
2026-05-16T10:40:00.917855+00:00,vcL1MMmXeO8,4,0,0,10656,10660,231,231,6,6,False,False,False,False
2026-05-16T10:40:00.917855+00:00,T7_l896OH20,1936,105,15,335029,336965,33356,33461,4666,4681,False,False,False,False
2026-05-16T10:40:00.917855+00:00,0SSctcuOy0o,50,4,0,24879,24929,1863,1867,86,86,False,False,False,False
2026-05-16T10:40:00.917855+00:00,-IhdnUzV64Y,1139,47,-1,181566,182705,12366,12413,932,931,False,False,False,False
2026-05-16T10:40:00.917855+00:00,4RmcHqjzw-A,15,0,0,12409,12424,1089,1089,307,307,False,False,False,False
2026-05-16T10:40:00.917855+00:00,er7v-GJj_V0,5420,220,10,628264,633684,38743,38963,2065,2075,False,False,False,False
2026-05-16T10:40:00.917855+00:00,-pNi4dh7VFo,822,47,0,408100,408922,23900,23947,411,411,False,False,False,False
2026-05-16T10:40:00.917855+00:00,EXOQ7vN2NXk,197,12,0,28040,28237,1235,1247,104,104,False,False,False,False
2026-05-16T10:40:00.917855+00:00,L7fVqlOzegQ,50,0,0,62516,62566,2979,2979,159,159,False,False,False,False
2026-05-16T10:40:00.917855+00:00,DWt3zfqtI6g,45,3,0,15352,15397,473,476,11,11,False,False,False,False
2026-05-16T10:40:00.917855+00:00,pVwkpXd5PCA,42,1,0,18211,18253,467,468,10,10,False,False,False,False
2026-05-16T10:40:00.917855+00:00,LLK879SXq_w,2297,32,7,300965,303262,4734,4766,867,874,False,False,False,False
2026-05-16T10:40:00.917855+00:00,VvBy9AkhR2w,6,0,0,5658,5664,194,194,3,3,False,False,False,False
2026-05-16T10:40:00.917855+00:00,ax0ogeQpq3E,7,0,0,17997,18004,808,808,21,21,False,False,False,False
2026-05-16T10:40:00.917855+00:00,H1fy1Brpa3Q,6,0,0,9356,9362,486,486,18,18,False,False,False,False
2026-05-16T10:40:00.917855+00:00,erf6YdpSakA,5,0,0,12222,12227,405,405,5,5,False,False,False,False
2026-05-16T10:40:00.917855+00:00,RNi5EAKHQ_I,3,0,0,4545,4548,129,129,4,4,False,False,False,False
2026-05-16T10:40:00.917855+00:00,oqoBSeL5GIU,379,8,-2,309446,309825,11608,11616,636,634,False,False,False,False
2026-05-16T10:40:00.917855+00:00,PnpHwhTWw0c,21062,179,0,1856931,1877993,34973,35152,2962,2962,False,False,False,False
2026-05-16T10:40:00.917855+00:00,tUmd3tWCDKs,1387,29,1,169512,170899,3946,3975,184,185,False,False,False,False
2026-05-16T10:40:00.917855+00:00,8hN5PF2oXGs,241,5,0,197005,197246,5284,5289,84,84,False,False,False,False
2026-05-16T10:40:00.917855+00:00,3OUrr_2UCYs,939,28,0,974373,975312,24512,24540,713,713,False,False,False,False
2026-05-16T10:40:00.917855+00:00,m-nnyNZ0TQ0,27005,327,15,2392944,2419949,47067,47394,2950,2965,False,False,False,False
2026-05-16T10:40:00.917855+00:00,cdOcjUyQr8A,333,5,0,200621,200954,8406,8411,179,179,False,False,False,False
2026-05-16T10:40:00.917855+00:00,XsY6iChNzf0,33970,560,6,1464047,1498017,39344,39904,313,319,False,False,False,False
2026-05-16T10:40:00.917855+00:00,VsLOWe6VuyQ,608,5,0,752007,752615,20316,20321,1172,1172,False,False,False,False
2026-05-16T10:40:00.917855+00:00,3era1_feC3U,10528,146,2,1137515,1148043,30719,30865,237,239,False,False,False,False
2026-05-16T10:40:00.917855+00:00,XFpBgNMBNNI,463,8,0,349446,349909,14674,14682,804,804,False,False,False,False
2026-05-16T10:40:00.917855+00:00,BdUzhVM5w1U,13551,118,3,2684937,2698488,70241,70359,637,640,False,False,False,False
2026-05-16T10:40:00.917855+00:00,ERWIJPTNZVM,15243,349,7,1333118,1348361,43896,44245,1670,1677,False,False,False,False
2026-05-16T10:40:00.917855+00:00,PoHZWjU54jY,27041,562,6,2642007,2669048,89324,89886,640,646,False,False,False,False
2026-05-16T10:40:00.917855+00:00,DSRfs1qKWR0,2508,47,8,489318,491826,14598,14645,957,965,False,False,False,False
2026-05-16T10:40:00.917855+00:00,GXeBi91SkIw,6800,215,9,743992,750792,30177,30392,1861,1870,False,False,False,False
2026-05-16T10:40:00.917855+00:00,YPboGQjMxNY,2543,32,0,351162,353705,7854,7886,148,148,False,False,False,False
2026-05-16T10:40:00.917855+00:00,F1gM7N-WXdU,2339,43,3,416503,418842,14108,14151,954,957,False,False,False,False
2026-05-16T10:40:00.917855+00:00,8QsAx7s9PmQ,8087,97,2,1448659,1456746,34739,34836,468,470,False,False,False,False
2026-05-16T10:40:00.917855+00:00,9QKOkpu78CQ,295,21,0,101332,101627,8023,8044,135,135,False,False,False,False
2026-05-16T10:40:00.917855+00:00,rc-xQnupse0,2329,19,0,531846,534175,14420,14439,659,659,False,False,False,False
2026-05-16T10:40:00.917855+00:00,z-7AhJ55htQ,186,4,0,413653,413839,13441,13445,868,868,False,False,False,False
2026-05-16T10:40:00.917855+00:00,B18aH00d8oE,308,5,0,285057,285365,12358,12363,767,767,False,False,False,False
2026-05-16T10:40:00.917855+00:00,2JhSWzxzLXA,1486,11,4,218560,220046,8240,8251,628,632,False,False,False,False
2026-05-16T10:40:00.917855+00:00,z7Qp9Q_Br88,22092,1012,12,891102,913194,46405,47417,1064,1076,False,False,False,False
2026-05-16T10:40:00.917855+00:00,FZbMPtLRr00,3221,85,2,625194,628415,23283,23368,899,901,False,False,False,False
2026-05-16T10:40:00.917855+00:00,dl0-TveDDGA,17064,497,14,2085507,2102571,96785,97282,3563,3577,False,False,False,False
2026-05-16T10:40:00.917855+00:00,FYMdllTCrc0,5806,180,22,957173,962979,31330,31510,1043,1065,False,False,False,False
2026-05-16T10:40:00.917855+00:00,Su0aCV35IFM,143921,3704,14,6483069,6626990,239301,243005,2046,2060,False,False,False,False
2026-05-16T10:40:00.917855+00:00,pUlUgkaTQZg,89752,2947,23,2411233,2500985,110248,113195,1153,1176,False,False,False,False
2026-05-16T10:40:00.917855+00:00,dNNyCZwEa6k,37603,1441,10,2755184,2792787,176729,178170,1988,1998,False,False,False,False
2026-05-16T10:40:00.917855+00:00,vgwG6e9TFcw,34813,1398,16,1891894,1926707,94057,95455,1421,1437,False,False,False,False
2026-05-16T10:40:00.917855+00:00,Cr7oGnSzmb4,90516,2215,13,2761851,2852367,125155,127370,668,681,False,False,False,False
2026-05-16T10:40:00.917855+00:00,XeN7wKfDOPk,150,1,1,164370,164520,9450,9451,1590,1591,False,False,False,False
2026-05-16T10:40:00.917855+00:00,Ff0AYRWrnGY,175,7,11,195903,196078,12323,12330,2714,2725,False,False,False,False
2026-05-16T10:40:00.917855+00:00,U4gpio58908,349,4,0,241867,242216,12369,12373,1437,1437,False,False,False,False
2026-05-16T10:40:00.917855+00:00,WEnvorobhEE,415,12,3,705955,706370,33953,33965,8214,8217,False,False,False,False
2026-05-16T10:40:00.917855+00:00,kH_bSvf7EVA,4449,133,12,552198,556647,24262,24395,3324,3336,False,False,False,False
2026-05-16T10:40:00.917855+00:00,QfUb5MEAOXA,1782,21,2,664241,666023,20285,20306,1493,1495,False,False,False,False
2026-05-16T10:40:00.917855+00:00,J7ieKmP96Hc,4148,84,2,952889,957037,30080,30164,1123,1125,False,False,False,False
2026-05-16T10:40:00.917855+00:00,NuoEsHIW5JA,198,5,0,93216,93414,3471,3476,138,138,False,False,False,False
2026-05-16T10:40:00.917855+00:00,Cd5EHfRerGI,928,50,8,228243,229171,16684,16734,2112,2120,False,False,False,False
2026-05-16T10:40:00.917855+00:00,IBBboS2nK3c,0,0,0,3945,3945,122,122,3,3,False,False,False,False
2026-05-16T10:40:00.917855+00:00,iS1jGgfO9Z0,3,0,0,6311,6314,418,418,5,5,False,False,False,False
2026-05-16T10:40:00.917855+00:00,0dwlHNDdn2s,4,0,0,14758,14762,732,732,4,4,False,False,False,False
2026-05-16T10:40:00.917855+00:00,if955Z_s4Ts,2828,32,1,392229,395057,8106,8138,74,75,False,False,False,False
2026-05-16T10:40:00.917855+00:00,1VSBgPn28zA,990,49,0,141823,142813,6802,6851,41,41,False,False,False,False
2026-05-16T10:40:00.917855+00:00,_dASAu79K0s,12,0,0,35983,35995,2248,2248,19,19,False,False,False,False
2026-05-16T10:40:00.917855+00:00,Hs6RxFMX1i4,11,0,0,23500,23511,949,949,15,15,False,False,False,False
2026-05-16T10:40:00.917855+00:00,cnCEUFzWspI,11,-1,0,46550,46561,1349,1348,6,6,False,False,False,False
2026-05-16T10:40:00.917855+00:00,kLJNcHqVmJA,147,2,0,15129,15276,737,739,26,26,False,False,False,False
2026-05-16T10:40:00.917855+00:00,UWRxdKxuOb8,1,0,0,15759,15760,1041,1041,18,18,False,False,False,False
2026-05-16T10:40:00.917855+00:00,kXenRXelpKs,65,-2,0,55454,55519,2820,2818,29,29,False,False,False,False
2026-05-16T10:40:00.917855+00:00,VVfMO6SJZLw,223,6,0,43012,43235,2003,2009,195,195,False,False,False,False
2026-05-16T10:40:00.917855+00:00,ieJE93iObcI,40,0,0,3963,4003,215,215,13,13,False,False,False,False
2026-05-16T10:40:00.917855+00:00,YhNUPGphSM8,2254,87,2,151324,153578,8807,8894,358,360,False,False,False,False
2026-05-16T10:40:00.917855+00:00,CF4oRpaLSqw,35,0,0,7309,7344,295,295,9,9,False,False,False,False
2026-05-16T10:40:00.917855+00:00,RVu1kgj-miw,1,0,0,10401,10402,667,667,46,46,False,False,False,False
2026-05-16T10:40:00.917855+00:00,_QHAqfILwPk,9,0,0,3941,3950,90,90,1,1,False,False,False,False
2026-05-16T10:40:00.917855+00:00,o8YcWD2ri9U,623,18,12,79305,79928,4929,4947,563,575,False,True,False,False
2026-05-16T10:40:00.917855+00:00,sncgYGQt1T8,2,0,0,9738,9740,394,394,12,12,False,False,False,False
2026-05-16T10:40:00.917855+00:00,67JREKwyixk,1,0,0,9024,9025,258,258,2,2,False,False,False,False
2026-05-16T10:40:00.917855+00:00,D3h2gmgCBFg,2,0,0,2276,2278,84,84,1,1,False,False,False,False
2026-05-16T10:40:00.917855+00:00,Um1DSnUqmko,1,0,0,11670,11671,304,304,1,1,False,False,False,False
2026-05-16T10:40:00.917855+00:00,HVPhcOmSMtM,85,2,0,21126,21211,568,570,62,62,False,False,False,False
2026-05-16T10:40:00.917855+00:00,TAJkbsNrZuM,0,0,0,976,976,52,52,0,0,False,False,False,False
2026-05-16T10:40:00.917855+00:00,GfSGy5C1OIA,4,0,0,18332,18336,843,843,8,8,False,False,False,False
2026-05-16T10:40:00.917855+00:00,9oVPXnEkegY,1801,38,8,68112,69913,2299,2337,260,268,False,False,False,False
2026-05-16T10:40:00.917855+00:00,51dULrDA8E8,30,0,0,18619,18649,1438,1438,19,19,False,False,False,False
2026-05-16T10:40:00.917855+00:00,AYIqxqyY-es,4,0,0,5281,5285,449,449,87,87,False,False,False,False
2026-05-16T10:40:00.917855+00:00,qey62i2fvg0,845,9,0,79395,80240,1993,2002,34,34,False,False,False,False
2026-05-16T10:40:00.917855+00:00,5fKeNMp7F6s,22,0,0,27855,27877,671,671,5,5,False,False,False,False
2026-05-16T10:40:00.917855+00:00,a9T6IRpz31E,22259,784,22,1143453,1165712,40574,41358,1395,1417,False,False,False,False
2026-05-16T10:40:00.917855+00:00,ZAmCJoz4c4w,1788,20,0,538924,540712,11803,11823,229,229,False,False,False,False
2026-05-16T10:40:00.917855+00:00,s6XPoPYDn-Y,15991,379,4,1496584,1512575,44393,44772,459,463,False,False,False,False
2026-05-16T10:40:00.917855+00:00,PQOKPfU-zIs,0,0,0,3904,3904,225,225,4,4,False,False,False,False
2026-05-16T10:40:00.917855+00:00,7A5KHuRU8BE,0,0,0,3432,3432,180,180,7,7,False,False,False,False
2026-05-16T10:40:00.917855+00:00,AMpe2jD0lZw,0,0,0,5826,5826,393,393,3,3,False,False,False,False
2026-05-16T10:40:00.917855+00:00,yawQxLw0K08,2,0,0,7220,7222,666,666,4,4,False,False,False,False
2026-05-16T10:40:00.917855+00:00,mT-7tbs7rVw,2,0,0,17761,17763,1023,1023,20,20,False,False,False,False
2026-05-16T10:40:00.917855+00:00,8mnzaIML2AM,0,0,0,2714,2714,206,206,4,4,False,False,False,False
2026-05-16T10:40:00.917855+00:00,XoY4BiK1WW8,0,0,0,5066,5066,211,211,3,3,False,False,False,False
2026-05-16T10:40:00.917855+00:00,_SdzVNht_nU,282,20,0,15622,15904,1006,1026,40,40,False,False,False,False
2026-05-16T10:40:00.917855+00:00,1t2Yd_bmg_k,0,0,0,9410,9410,561,561,5,5,False,False,False,False
2026-05-16T10:40:00.917855+00:00,MlSS4ZqvJuA,5,0,0,29430,29435,1706,1706,39,39,False,False,False,False
2026-05-16T10:40:00.917855+00:00,BnAKfe0qGbE,16,0,0,13354,13370,932,932,6,6,False,False,False,False
2026-05-16T10:40:00.917855+00:00,TLdMXZSABH8,21,0,0,11771,11792,462,462,25,25,False,False,False,False
2026-05-16T10:40:00.917855+00:00,R1iBWKeX42I,12,0,0,5403,5415,417,417,6,6,False,False,False,False
2026-05-16T10:40:00.917855+00:00,v3JV42WbomE,59,5,0,31506,31565,1432,1437,76,76,False,False,False,False
2026-05-16T10:40:00.917855+00:00,sqXsMACtso0,68,1,0,28660,28728,2659,2660,44,44,False,False,False,False
2026-05-16T10:40:00.917855+00:00,RWGr8LwG3TY,400,32,0,146309,146709,10046,10078,833,833,False,False,False,False
2026-05-16T10:40:00.917855+00:00,_jxLMMcKmRQ,935,46,0,392879,393814,23728,23774,94,94,False,False,False,False
2026-05-16T10:40:00.917855+00:00,yzajLZXh9JU,84,1,0,44176,44260,2467,2468,207,207,False,False,False,False
2026-05-16T10:40:00.917855+00:00,FdFgh2vQp8I,1,0,0,909,910,27,27,0,0,False,False,False,False
2026-05-16T10:40:00.917855+00:00,Jr9Xm5f44NQ,4,0,0,15565,15569,841,841,17,17,False,False,False,False
2026-05-16T10:40:00.917855+00:00,Ju0usucry_g,49,0,0,23071,23120,383,383,17,17,False,False,False,False
2026-05-16T10:40:00.917855+00:00,kkQDCTCcgC0,5,1,0,4719,4724,329,330,5,5,False,False,False,False
2026-05-16T10:40:00.917855+00:00,61fk5yAs7Jw,6,1,0,4925,4931,278,279,0,0,False,False,False,False
2026-05-16T10:40:00.917855+00:00,ys1zQyiLrMc,2,0,0,7416,7418,371,371,3,3,False,False,False,False
2026-05-16T10:40:00.917855+00:00,rYKQ0Ukxe6k,12,1,0,21069,21081,854,855,36,36,False,False,False,False
2026-05-16T10:40:00.917855+00:00,fKtG9uPeMCc,846,50,3,55699,56545,4161,4211,405,408,False,False,False,False
2026-05-16T10:40:00.917855+00:00,yy_J5fdELm0,1368,55,9,154495,155863,9731,9786,2385,2394,False,False,False,False
2026-05-16T10:40:00.917855+00:00,nnKkk3CpLes,380,11,4,81205,81585,3798,3809,376,380,False,False,False,False
2026-05-16T10:40:00.917855+00:00,oOLYgK6RqS4,14,1,0,4589,4603,527,528,116,116,False,False,False,False
2026-05-16T10:40:00.917855+00:00,5YKhtb3DNNo,5643,353,22,857725,863368,67987,68340,6591,6613,False,False,False,False
2026-05-16T10:40:00.917855+00:00,MWrMtRjLhjk,299,16,-1,207423,207722,13440,13456,1227,1226,False,False,False,False
2026-05-16T10:40:00.917855+00:00,ndkH5fZSIvs,4684,138,0,1069674,1074358,60140,60278,398,398,False,False,False,False
2026-05-16T10:40:00.917855+00:00,8fIRAhGGRgA,1924,80,1,305363,307287,14202,14282,278,279,False,False,False,False
2026-05-16T10:40:00.917855+00:00,pS5AOr4B7hg,0,0,0,3487,3487,175,175,3,3,False,False,False,False
2026-05-16T10:40:00.917855+00:00,6XxQMeqG1P4,58,1,1,34444,34502,1323,1324,216,217,False,False,False,False
2026-05-16T10:40:00.917855+00:00,n1G2FQ0UEqc,43,1,0,75763,75806,2043,2044,103,103,False,False,False,False
2026-05-16T10:40:00.917855+00:00,NAooB35YkHA,7,1,0,5830,5837,236,237,10,10,False,False,False,False
2026-05-16T10:40:00.917855+00:00,CzIJ566XexE,9,1,0,12578,12587,450,451,3,3,False,False,False,False
2026-05-16T10:40:00.917855+00:00,eOI7WQIEX1Y,6076,274,12,1902067,1908143,98302,98576,8308,8320,False,False,False,False
2026-05-16T10:40:00.917855+00:00,Rvy2kXZpBtM,798,12,0,59109,59907,1289,1301,20,20,False,False,False,False
2026-05-16T10:40:00.917855+00:00,oOCN30ulVyo,3166,76,6,261820,264986,9334,9410,469,475,False,False,False,False
2026-05-16T10:40:00.917855+00:00,SvLaz6y-mhs,17,0,0,25294,25311,634,634,7,7,False,False,False,False
2026-05-16T10:40:00.917855+00:00,dU5sDKcwN9E,6039,238,5,534707,540746,25584,25822,327,332,False,False,False,False
2026-05-16T10:40:00.917855+00:00,4at2bVIhLgc,10243,174,7,834620,844863,24911,25085,964,971,False,False,False,False
2026-05-16T10:40:00.917855+00:00,iBpxQpktHN4,20796,254,0,2370591,2391387,60807,61061,369,369,False,False,False,False
2026-05-16T10:40:00.917855+00:00,mbGPgjXCx24,439,5,0,296925,297364,11395,11400,772,772,False,False,False,False
2026-05-16T10:40:00.917855+00:00,-uUlnDjQxhg,631,13,0,398871,399502,14501,14514,964,964,False,False,False,False
2026-05-16T10:40:00.917855+00:00,sj1y9FDJKCM,319,10,1,69892,70211,3744,3754,189,190,False,False,False,False
2026-05-16T10:40:00.917855+00:00,ND9eyW5Fw0s,122,10,1,43118,43240,4244,4254,895,896,False,False,False,False
2026-05-16T10:40:00.917855+00:00,JWOErbTL9N4,5474,257,12,635000,640474,26617,26874,1487,1499,False,False,False,False
2026-05-16T10:40:00.917855+00:00,HyWpbCUdCr8,2,0,0,6262,6264,270,270,5,5,False,False,False,False
2026-05-16T10:40:00.917855+00:00,IldLswg2yAM,1286,35,6,56587,57873,1408,1443,95,101,False,False,False,False
2026-05-16T10:40:00.917855+00:00,siKdeoxrxIA,9,0,0,18605,18614,851,851,24,24,False,False,False,False
2026-05-16T10:40:00.917855+00:00,shgZ8WYcC6k,11,0,0,25248,25259,1640,1640,10,10,False,False,False,False
2026-05-16T10:40:00.917855+00:00,9VyCOVdFpL8,25,1,0,140647,140672,3787,3788,22,22,False,False,False,False
2026-05-16T10:40:00.917855+00:00,uHXjo7DUAAM,15,0,0,14974,14989,698,698,7,7,False,False,False,False
2026-05-16T10:40:00.917855+00:00,lE7rIBv-nV8,11,0,0,18527,18538,606,606,4,4,False,False,False,False
2026-05-16T10:40:00.917855+00:00,Lnhy0tZ8SUI,23,0,0,61090,61113,2293,2293,7,7,False,False,False,False
2026-05-16T10:40:00.917855+00:00,lWQY5zccbQs,13,0,0,25964,25977,906,906,38,38,False,False,False,False
2026-05-16T10:40:00.917855+00:00,hCNT8hK1T98,0,0,0,1228,1228,52,52,0,0,False,False,False,False
2026-05-16T10:40:00.917855+00:00,I66LDF9iWts,0,0,0,117,117,11,11,0,0,False,False,False,False
2026-05-16T10:40:00.917855+00:00,xAJcbx5h6wE,0,0,0,2893,2893,74,74,0,0,False,False,False,False
2026-05-16T10:40:00.917855+00:00,96k8OXI58Ko,0,0,0,2062,2062,184,184,4,4,False,False,False,False
2026-05-16T10:40:00.917855+00:00,FHeTJmwxo5s,2,0,0,1622,1624,153,153,2,2,False,False,False,False
2026-05-16T10:40:00.917855+00:00,Vd3Pkc0YGrM,0,0,0,9101,9101,354,354,1,1,False,False,False,False
2026-05-16T10:40:00.917855+00:00,_BhjwaNE8mc,0,0,0,7638,7638,862,862,17,17,False,False,False,False
2026-05-16T10:40:00.917855+00:00,Qyf99inRvDE,6,0,0,3393,3399,180,180,1,1,False,False,False,False
2026-05-16T10:40:00.917855+00:00,XjAeQOmdNFU,65,2,0,23534,23599,746,748,32,32,False,False,False,False
2026-05-16T10:40:00.917855+00:00,UPYFbiBv8H4,5,1,0,1515,1520,109,110,3,3,False,False,False,False
2026-05-16T10:40:00.917855+00:00,_XyunBBcVXY,1,0,0,553,554,21,21,10,10,False,False,False,False
2026-05-16T10:40:00.917855+00:00,pGGJHrxn1VU,7,1,0,22366,22373,790,791,0,0,False,False,False,False
2026-05-16T10:40:00.917855+00:00,fwUWAoSeg2g,7728,138,11,368059,375787,9661,9799,860,871,False,False,False,False
2026-05-16T10:40:00.917855+00:00,Xbang1Y_jbA,21,1,0,21694,21715,572,573,5,5,False,False,False,False
2026-05-16T10:40:00.917855+00:00,bM3ojc2bhdA,26,6,0,2907,2933,393,399,36,36,False,False,False,False
2026-05-16T10:40:00.917855+00:00,2gFNJ6_ogzg,694,10,2,89915,90609,4061,4071,248,250,False,False,False,False
2026-05-16T10:40:00.917855+00:00,jcfifYFAdpM,9,1,0,8812,8821,1090,1091,38,38,False,False,False,False
2026-05-16T10:40:00.917855+00:00,6q2ptE-BXIc,9,1,0,2406,2415,234,235,15,15,False,False,False,False
2026-05-16T10:40:00.917855+00:00,aqIgIWIc3uw,38,2,0,21543,21581,1113,1115,62,62,False,False,False,False
2026-05-16T10:40:00.917855+00:00,wJOakc64crg,287,4,7,84584,84871,4463,4467,968,975,False,False,False,False
2026-05-16T10:40:00.917855+00:00,j584RpaMrDg,1,0,0,4533,4534,132,132,4,4,False,False,False,False
2026-05-16T10:40:00.917855+00:00,Cql6TAdpPDU,978,9,0,106811,107789,3650,3659,191,191,False,False,False,False
2026-05-16T10:40:00.917855+00:00,H_i8nh8uBco,2,0,0,8635,8637,232,232,6,6,False,False,False,False
2026-05-16T10:40:00.917855+00:00,stk7f11pyr8,6,0,0,8744,8750,82,82,11,11,False,False,False,False
2026-05-16T10:40:00.917855+00:00,A83vXatD6sY,1,0,0,11041,11042,232,232,6,6,False,False,False,False
2026-05-16T10:40:00.917855+00:00,qGDMB-PryIU,65,0,0,37163,37228,683,683,40,40,False,False,False,False
2026-05-16T10:40:00.917855+00:00,Q4zggacUY6E,0,0,0,4045,4045,89,89,1,1,False,False,False,False
2026-05-16T10:40:00.917855+00:00,YfEz4a39qS0,0,0,0,1474,1474,47,47,0,0,False,False,False,False
2026-05-16T10:40:00.917855+00:00,xL5gZGVPjnQ,12,0,0,1481,1493,153,153,44,44,False,False,False,False
2026-05-16T10:40:00.917855+00:00,oj3-hWAf1uQ,159,7,0,51989,52148,2655,2662,24,24,False,False,False,False
2026-05-16T10:40:00.917855+00:00,1HWpBvWbexU,3,0,0,2085,2088,59,59,1,1,False,False,False,False
2026-05-16T10:40:00.917855+00:00,sbzsqNJuZvg,73,0,0,71040,71113,1515,1515,17,17,False,False,False,False
2026-05-16T10:40:00.917855+00:00,xhCLLakHBa8,23,1,0,63307,63330,2162,2163,42,42,False,False,False,False
2026-05-16T10:40:00.917855+00:00,JrGlAw_Q7ow,538,20,0,176092,176630,5696,5716,89,89,False,False,False,False
2026-05-16T10:40:00.917855+00:00,LkRVMOzUypo,25,1,0,13297,13322,521,522,9,9,False,False,False,False
2026-05-16T10:40:00.917855+00:00,lWj_3TE2UsE,19,0,0,14422,14441,608,608,10,10,False,False,False,False
2026-05-16T10:40:00.917855+00:00,nbHMeopNtDg,20,0,0,21879,21899,684,684,12,12,False,False,False,False
2026-05-16T10:40:00.917855+00:00,HeY4a7uDlkg,34,0,0,62105,62139,2198,2198,19,19,False,False,False,False
2026-05-16T10:40:00.917855+00:00,0DB_Qj43O6Q,1853,78,0,100152,102005,4961,5039,35,35,False,False,False,False
2026-05-16T10:40:00.917855+00:00,xjcVnFd-4YA,5361,69,8,1637062,1642423,42781,42850,2227,2235,False,False,False,False
2026-05-16T10:40:00.917855+00:00,7Y7Iv5XAXwI,4516,53,2,2359025,2363541,42383,42436,815,817,False,False,False,False
2026-05-16T10:40:00.917855+00:00,0y8vRPcSvbw,26962,438,2,2567745,2594707,61296,61734,1152,1154,False,False,False,False
2026-05-16T10:40:00.917855+00:00,tkLxg6h07aE,8450,69,23,1168825,1177275,15651,15720,3698,3721,False,False,False,False
2026-05-16T10:40:00.917855+00:00,wN3O2GSvoWE,39,0,0,14750,14789,314,314,15,15,False,False,False,False
2026-05-16T10:40:00.917855+00:00,dG7UGA71QJU,0,0,0,1759,1759,71,71,0,0,False,False,False,False
2026-05-16T10:40:00.917855+00:00,xpf49h0tGvI,0,0,0,149,149,16,16,0,0,False,False,False,False
2026-05-16T10:40:00.917855+00:00,-OmU9HqUNZ0,0,0,0,1506,1506,60,60,0,0,False,False,False,False
2026-05-16T10:40:00.917855+00:00,KppJdbUvqp8,2,1,0,6339,6341,726,727,8,8,False,False,False,False
2026-05-16T10:40:00.917855+00:00,MnlZeYcfowk,0,0,0,3867,3867,402,402,2,2,False,False,False,False
2026-05-16T10:40:00.917855+00:00,LQd65ctML6o,0,0,0,5255,5255,583,583,5,5,False,False,False,False
2026-05-16T10:40:00.917855+00:00,QLnHGjCD-Vw,0,0,0,5244,5244,400,400,12,12,False,False,False,False
2026-05-16T10:40:00.917855+00:00,TOKUlItJpY4,0,0,0,7990,7990,219,219,5,5,False,False,False,False
2026-05-16T10:40:00.917855+00:00,DBWMP58IOcw,1,0,0,11856,11857,936,936,24,24,False,False,False,False
2026-05-16T10:40:00.917855+00:00,Qf1PdYlk_9A,0,0,0,2903,2903,188,188,9,9,False,False,False,False
2026-05-16T10:40:00.917855+00:00,1c8cpHNlIb8,0,0,0,3849,3849,406,406,5,5,False,False,False,False
2026-05-16T10:40:00.917855+00:00,-ZL_mpjxaUo,0,0,0,5111,5111,492,492,4,4,False,False,False,False
2026-05-16T10:40:00.917855+00:00,zzsUsCRoGcI,4,0,0,2688,2692,336,336,4,4,False,False,False,False
2026-05-16T10:40:00.917855+00:00,DerWppSGkmE,7,0,1,10493,10500,737,737,21,22,False,False,False,False
2026-05-16T10:40:00.917855+00:00,lk7HWLeXjS4,292,9,2,67445,67737,2506,2515,178,180,False,False,False,False
2026-05-16T10:40:00.917855+00:00,7PY7jbupwSg,7,0,0,9338,9345,408,408,9,9,False,False,False,False
2026-05-16T10:40:00.917855+00:00,nWfp_X31vqk,110,0,0,18472,18582,861,861,40,40,False,False,False,False
2026-05-16T10:40:00.917855+00:00,WwEyLRmGU9g,1416,65,0,76805,78221,5316,5381,179,179,False,False,False,False
2026-05-16T10:40:00.917855+00:00,nVHr2D6tnA4,1171,55,0,192749,193920,13436,13491,164,164,False,False,False,False
2026-05-16T10:40:00.917855+00:00,UDiJI3q9wFQ,144,4,0,37044,37188,1628,1632,59,59,False,False,False,False
2026-05-16T10:40:00.917855+00:00,ksn5yrsC3Wg,223940,4150,225,5814186,6038126,172999,177149,10115,10340,False,False,False,False
2026-05-16T10:40:00.917855+00:00,jytAQWCc_TI,770,25,1,315049,315819,17015,17040,1152,1153,False,False,False,False
2026-05-16T10:40:00.917855+00:00,-1Fhry-Mqks,3005,103,3,296050,299055,14995,15098,756,759,False,False,False,False
2026-05-16T10:40:00.917855+00:00,eRD2C7w9r6Y,3959,237,7,302638,306597,22486,22723,947,954,False,False,False,False
2026-05-16T10:40:00.917855+00:00,X8ekpP_cQa8,0,0,0,817,817,26,26,0,0,False,False,False,False
2026-05-16T10:40:00.917855+00:00,i7eGzJCQ1Yg,0,0,0,828,828,24,24,2,2,False,False,False,False
2026-05-16T10:40:00.917855+00:00,GZ9itUCDrac,0,0,0,328,328,10,10,1,1,False,False,False,False
2026-05-16T10:40:00.917855+00:00,WB1bBLedJQ4,44,0,0,25003,25047,529,529,2,2,False,False,False,False
2026-05-16T10:40:00.917855+00:00,f2fDaAMvlV4,11,0,0,12467,12478,430,430,2,2,False,False,False,False
2026-05-16T10:40:00.917855+00:00,KztyymfW3Dg,21,1,0,29977,29998,996,997,10,10,False,False,False,False
2026-05-16T10:40:00.917855+00:00,KKq5yX8mrw0,78,0,0,13697,13775,306,306,3,3,False,False,False,False
2026-05-16T10:40:00.917855+00:00,4uRgDr5maYo,24,1,0,16102,16126,690,691,20,20,False,False,False,False
2026-05-16T10:40:00.917855+00:00,NDF3VSFbxAU,5,0,0,11160,11165,266,266,5,5,False,False,False,False
2026-05-16T10:40:00.917855+00:00,oixqYBAPwXA,402,10,0,32021,32423,1316,1326,31,31,False,False,False,False
2026-05-16T10:40:00.917855+00:00,KKwxanUOAd4,354,23,0,72220,72574,5136,5159,470,470,False,False,False,False
2026-05-16T10:40:00.917855+00:00,LKxIrZFhONI,1350,51,2,101181,102531,5954,6005,276,278,False,False,False,False
2026-05-16T10:40:00.917855+00:00,mDh52QTqR0o,807,18,0,294936,295743,14127,14145,729,729,False,False,False,False
2026-05-16T10:40:00.917855+00:00,IrGd4xIhTN0,4995,170,58,658343,663338,36395,36565,9962,10020,False,False,False,False
2026-05-16T10:40:00.917855+00:00,M_iusAv-K8Y,0,0,0,1667,1667,23,23,14,14,False,False,False,False
2026-05-16T10:40:00.917855+00:00,CE6tiT3Q6c4,260,11,0,59863,60123,3155,3166,544,544,False,False,False,False
2026-05-16T10:40:00.917855+00:00,iaT6-gjxQbo,28,0,0,2749,2777,278,278,4,4,False,False,False,False
2026-05-16T10:40:00.917855+00:00,TRVnxUYQAmI,245,21,-3,217959,218204,17246,17267,995,992,False,False,False,False
2026-05-16T10:40:00.917855+00:00,oRVJREzko-M,2926,134,2,648756,651682,38469,38603,458,460,False,False,False,False
2026-05-16T10:40:00.917855+00:00,ExlWYbISs6I,3670,117,0,695294,698964,30903,31020,392,392,False,False,False,False
2026-05-16T10:40:00.917855+00:00,yXl7MRLoxrM,9,1,0,9123,9132,411,412,35,35,False,False,False,False
2026-05-16T10:40:00.917855+00:00,WOTUpoI2LQA,123710,3787,57,4077354,4201064,180824,184611,3486,3543,False,False,False,False
2026-05-16T10:40:00.917855+00:00,YR-4vFbwe18,792,19,0,45544,46336,1942,1961,95,95,False,False,False,False
2026-05-16T10:40:00.917855+00:00,fpkC4nn2D60,1,0,0,6644,6645,481,481,43,43,False,False,False,False
2026-05-16T10:40:00.917855+00:00,AU6gGMDF7ts,2,0,0,8116,8118,797,797,60,60,False,False,False,False
2026-05-16T10:40:00.917855+00:00,2FFoc89SAj0,23,0,0,4144,4167,162,162,12,12,False,False,False,False
2026-05-16T10:40:00.917855+00:00,iTOXHp4c1YE,58,3,0,142538,142596,3492,3495,27,27,False,False,False,False
2026-05-16T10:40:00.917855+00:00,gEUMAljLr78,1260,77,0,136628,137888,9846,9923,810,810,False,False,False,False
2026-05-16T10:40:00.917855+00:00,t9_dqoKfqLo,7,0,0,21033,21040,634,634,17,17,False,False,False,False
2026-05-16T10:40:00.917855+00:00,eGmGoahyI-U,138,4,1,19927,20065,958,962,58,59,False,False,False,False
2026-05-16T10:40:00.917855+00:00,YD2iT-SCJb0,10,0,0,6986,6996,135,135,6,6,False,False,False,False
2026-05-16T10:40:00.917855+00:00,jLFG_FZKbks,24976,346,66,1642765,1667741,28515,28861,2917,2983,False,False,False,False
2026-05-16T10:40:00.917855+00:00,6r-qlEX6hGY,522,4,0,185809,186331,4068,4072,458,458,False,False,False,False
2026-05-16T10:40:00.917855+00:00,jKTNMlUEdgU,8114,115,0,1465299,1473413,30726,30841,235,235,False,False,False,False
2026-05-16T10:40:00.917855+00:00,tVpky2riji0,1399,8,0,362014,363413,12326,12334,325,325,False,False,False,False
2026-05-16T10:40:00.917855+00:00,jAaw0vn7eLs,3367,281,4,326357,329724,27716,27997,471,475,False,False,False,False
2026-05-16T10:40:00.917855+00:00,pG99B0ui06s,12906,380,-2,2084316,2097222,94833,95213,557,555,False,False,False,False
2026-05-16T10:40:00.917855+00:00,k30WHO9_ppU,4,0,0,7867,7871,283,283,5,5,False,False,False,False
2026-05-16T10:40:00.917855+00:00,sGEEHGc7eyo,2,1,0,6952,6954,231,232,6,6,False,False,False,False
2026-05-16T10:40:00.917855+00:00,gzjXoJoWgjs,2742,40,-4,157118,159860,2741,2781,721,717,False,False,False,False
2026-05-16T10:40:00.917855+00:00,fgasMQ6UWPY,0,0,0,5020,5020,224,224,12,12,False,False,False,False
2026-05-16T10:40:00.917855+00:00,Tu8OUN2WuyU,0,0,-1,1518,1518,27,27,16,15,False,False,False,False
2026-05-16T10:40:00.917855+00:00,5-ASQ44GpNI,2991,92,4,139702,142693,5460,5552,272,276,False,False,False,False
2026-05-16T10:40:00.917855+00:00,MmtdaRSSUZA,316,18,0,11065,11381,661,679,46,46,False,False,False,False
2026-05-16T10:40:00.917855+00:00,0elkAIACdFE,63,1,0,23196,23259,983,984,18,18,False,False,False,False
2026-05-16T10:40:00.917855+00:00,dqOmDZPkIF4,387,11,0,39664,40051,1457,1468,23,23,False,False,False,False
2026-05-16T10:40:00.917855+00:00,LkaaMQx9uZ0,95,5,0,80350,80445,4074,4079,74,74,False,False,False,False
2026-05-16T10:40:00.917855+00:00,DYhg0nWZ1UQ,466,35,7,17127,17593,1638,1673,232,239,False,False,False,False
2026-05-16T10:40:00.917855+00:00,tXgFifuwvno,7,0,0,2090,2097,149,149,11,11,False,False,False,False
2026-05-16T10:40:00.917855+00:00,MlcUa5-3G68,426,14,16,28220,28646,1102,1116,79,95,False,False,False,False
2026-05-16T10:40:00.917855+00:00,9opMZrn2-zg,49,0,0,26679,26728,1159,1159,5,5,False,False,False,False
2026-05-16T10:40:00.917855+00:00,Aa1qfpfSaVY,41,1,0,25796,25837,1118,1119,9,9,False,False,False,False
2026-05-16T10:40:00.917855+00:00,98ShZgIhSbk,124,1,0,108417,108541,3511,3512,17,17,False,False,False,False
2026-05-16T10:40:00.917855+00:00,31WQ21L6kE8,33,1,0,18127,18160,974,975,12,12,False,False,False,False
2026-05-16T10:40:00.917855+00:00,s9TcINJc2pw,31,-1,0,60385,60416,2811,2810,26,26,False,False,False,False
2026-05-16T10:40:00.917855+00:00,LK1OJ-izQfQ,33,0,0,25191,25224,1004,1004,10,10,False,False,False,False
2026-05-16T10:40:00.917855+00:00,2mOqRPcWgMM,1737,28,0,96182,97919,1587,1615,25,25,False,False,False,False
2026-05-16T10:40:00.917855+00:00,GDex3WIPF7c,3358,103,6,1712201,1715559,56696,56799,2068,2074,False,False,False,False
2026-05-16T10:40:00.917855+00:00,yE8fJOgv7Pc,2276,34,4,1018381,1020657,24524,24558,868,872,False,False,False,False
2026-05-16T10:40:00.917855+00:00,Y254oB1QNOE,2764,62,9,394603,397367,11384,11446,1042,1051,False,False,False,False
2026-05-16T10:40:00.917855+00:00,FzdGk0ceLCA,0,0,0,1254,1254,60,60,0,0,False,False,False,False
2026-05-16T10:40:00.917855+00:00,0GmokuFXa_o,0,0,0,1785,1785,103,103,0,0,False,False,False,False
2026-05-16T10:40:00.917855+00:00,yA-SufBCL7g,0,0,0,13339,13339,779,779,8,8,False,False,False,False
2026-05-16T10:40:00.917855+00:00,Wz8CxWdCHC0,0,0,0,9359,9359,578,578,10,10,False,False,False,False
2026-05-16T10:40:00.917855+00:00,Nz7vsR3_W3I,1,1,0,13888,13889,910,911,18,18,False,False,False,False
2026-05-16T10:40:00.917855+00:00,JTtyJPD0ZOw,0,0,0,14008,14008,985,985,38,38,False,False,False,False
2026-05-16T10:40:00.917855+00:00,SK7yqZdN3Dg,9,0,0,24489,24498,1453,1453,41,41,False,False,False,False
2026-05-16T10:40:00.917855+00:00,eYZUzUEUsjo,0,0,0,2236,2236,144,144,3,3,False,False,False,False
2026-05-16T10:40:00.917855+00:00,zSPnVUpVwj8,0,0,0,1665,1665,147,147,3,3,False,False,False,False
2026-05-16T10:40:00.917855+00:00,8TvJvfKz8Fo,3678,188,-2,366209,369887,28762,28950,1698,1696,False,False,False,False
2026-05-16T10:40:00.917855+00:00,KdmRWazuBRU,1571,37,3,116264,117835,4838,4875,312,315,False,False,False,False
2026-05-16T10:40:00.917855+00:00,nH8YRX4Stfs,22,0,0,21570,21592,929,929,135,135,False,False,False,False
2026-05-16T10:40:00.917855+00:00,MK3Lz4fAvZo,134,4,5,43962,44096,3465,3469,98,103,False,False,False,False
2026-05-16T10:40:00.917855+00:00,1PIbKMyFMAY,2269,90,5,207097,209366,12473,12563,369,374,False,False,False,False
2026-05-16T10:40:00.917855+00:00,wgADj9n8XMs,2823,118,0,847807,850630,38231,38349,302,302,False,False,False,False
2026-05-16T10:40:00.917855+00:00,u5HPVyEpyNI,3015,110,9,232164,235179,14763,14873,1410,1419,False,False,False,False
2026-05-16T10:40:00.917855+00:00,-CB2CwSPtAQ,195,2,0,44711,44906,1480,1482,109,109,False,False,False,False
2026-05-16T10:40:00.917855+00:00,FMdrD_jcYgE,11196,387,20,1033524,1044720,54428,54815,4890,4910,False,False,False,False
2026-05-16T10:40:00.917855+00:00,OgbLx7K5jKI,99,0,0,30378,30477,522,522,10,10,False,False,False,False
2026-05-16T10:40:00.917855+00:00,9rRvmcDpWwA,674,24,2,55445,56119,1766,1790,183,185,False,False,False,False
2026-05-16T10:40:00.917855+00:00,UxUmboIvArE,19,2,0,3188,3207,164,166,17,17,False,False,False,False
2026-05-16T10:40:00.917855+00:00,YY99Gla0v4E,7,1,0,2291,2298,144,145,7,7,False,False,False,False
2026-05-16T10:40:00.917855+00:00,-8Xee3Y4Yeg,5,0,0,646,651,53,53,8,8,False,False,False,False
2026-05-16T10:40:00.917855+00:00,ZgcrZ8qm0-w,0,0,0,853,853,17,17,2,2,False,False,False,False
2026-05-16T10:40:00.917855+00:00,cxBZkkzJcpw,0,0,0,270,270,9,9,0,0,False,False,False,False
2026-05-16T10:40:00.917855+00:00,NoXtR658c_k,316,14,0,42735,43051,1344,1358,54,54,False,False,False,False
2026-05-16T10:40:00.917855+00:00,FBq_mtNPweg,63,2,0,30631,30694,901,903,4,4,False,False,False,False
2026-05-16T10:40:00.917855+00:00,4Zi41MRVP0g,1300,37,5,170025,171325,4669,4706,534,539,False,False,False,False
2026-05-16T10:40:00.917855+00:00,KfaPxlvQx1M,17,1,0,13455,13472,1088,1089,13,13,False,False,False,False
2026-05-16T10:40:00.917855+00:00,enQeP-ztP5A,22,2,0,13036,13058,1357,1359,20,20,False,False,False,False
2026-05-16T10:40:00.917855+00:00,k7aOM--Ycts,1569,47,0,120850,122419,6939,6986,721,721,False,False,False,False
2026-05-16T10:40:00.917855+00:00,eYDQWSBQ47s,260,17,0,31289,31549,1899,1916,150,150,False,False,False,False
2026-05-16T10:40:00.917855+00:00,2ZV29QhLfjw,3507,245,9,899212,902719,41682,41927,1194,1203,False,False,False,False
2026-05-16T10:40:00.917855+00:00,HyO6rMqRXw0,422,14,0,34267,34689,1106,1120,42,42,False,False,False,False
2026-05-16T10:40:00.917855+00:00,P9MkPdQc74o,124,3,0,107971,108095,4554,4557,489,489,False,False,False,False
2026-05-16T10:40:00.917855+00:00,mbtA5CBh5qk,0,0,0,182,182,11,11,10,10,False,False,False,False
2026-05-16T10:40:00.917855+00:00,N-zjDtQOwxc,9394,374,8,1087279,1096673,69004,69378,3893,3901,False,False,False,False
2026-05-16T10:40:00.917855+00:00,POn6IRgP5-A,401,17,0,101820,102221,4839,4856,295,295,False,False,False,False
2026-05-16T10:40:00.917855+00:00,GAf7J_t1o8U,615,37,1,30463,31078,3586,3623,232,233,False,False,False,False
2026-05-16T10:40:00.917855+00:00,oIr5NyY01EQ,60,1,0,3967,4027,359,360,29,29,False,False,False,False
2026-05-16T10:40:00.917855+00:00,mQR17nCXUSA,78,0,0,116706,116784,9123,9123,659,659,False,False,False,False
2026-05-16T10:40:00.917855+00:00,W65cfPslnzo,9306,139,3,859530,868836,18239,18378,1388,1391,False,False,False,False
2026-05-16T10:40:00.917855+00:00,VgH5rhALEfU,4301,234,1,719356,723657,36321,36555,648,649,False,False,False,False
2026-05-16T10:40:00.917855+00:00,QPWScf-86po,101642,1503,27,7606170,7707812,219812,221315,2987,3014,False,False,False,False
2026-05-16T10:40:00.917855+00:00,7IL0scdhgJA,15,-1,0,7815,7830,381,380,26,26,False,False,False,False
2026-05-16T10:40:00.917855+00:00,s2NSwy8xraQ,19,3,0,11730,11749,715,718,15,15,False,False,False,False
2026-05-16T10:40:00.917855+00:00,8erUsIGULKc,86,7,0,7918,8004,394,401,38,38,False,False,False,False
2026-05-16T10:40:00.917855+00:00,s23TO2BQBcU,16,0,0,26527,26543,862,862,60,60,False,False,False,False
2026-05-16T10:40:00.917855+00:00,rfRFwXnk660,5744,228,20,371511,377255,21401,21629,1230,1250,False,False,False,False
2026-05-16T10:40:00.917855+00:00,ByJAH8vTgfw,240,5,0,40935,41175,1246,1251,31,31,False,False,False,False
2026-05-16T10:40:00.917855+00:00,W4BkgA1P27o,7,0,0,11651,11658,580,580,25,25,False,False,False,False
2026-05-16T10:40:00.917855+00:00,quCJwkDAx0g,36,0,0,41008,41044,1170,1170,362,362,False,False,False,False
2026-05-16T10:40:00.917855+00:00,iQxwDGnuByc,595,14,0,54170,54765,2589,2603,127,127,False,False,False,False
2026-05-16T10:40:00.917855+00:00,waOGddip3Wk,4,0,0,5447,5451,457,457,29,29,False,False,False,False
2026-05-16T10:40:00.917855+00:00,xfMhpaP8QSg,3,0,0,8684,8687,729,729,80,80,False,False,False,False
2026-05-16T10:40:00.917855+00:00,iGaMJCi8mAk,16,1,0,12317,12333,326,327,4,4,False,False,False,False
2026-05-16T10:40:00.917855+00:00,kmKuk_TCEvU,68,2,0,37121,37189,1143,1145,38,38,False,False,False,False
2026-05-16T10:40:00.917855+00:00,yGC0oT995TM,70,2,0,16541,16611,493,495,10,10,False,False,False,False
2026-05-16T10:40:00.917855+00:00,lB_XJmoBLjw,14,0,0,10237,10251,534,534,13,13,False,False,False,False
2026-05-16T10:40:00.917855+00:00,t6GzhyGTKCo,1214,28,0,108097,109311,3080,3108,200,200,False,False,False,False
2026-05-16T10:40:00.917855+00:00,qgzwtKsXCMo,85018,871,11,3970318,4055336,72759,73630,773,784,False,False,False,False
2026-05-16T10:40:00.917855+00:00,0D14LJGiBkg,2946,125,6,381915,384861,17430,17555,1228,1234,False,False,False,False
2026-05-16T10:40:00.917855+00:00,mpZK1dqX6aA,9082,146,0,1157793,1166875,33588,33734,224,224,False,False,False,False
2026-05-16T10:40:00.917855+00:00,RniYUmKs93U,6061,271,3,484632,490693,26028,26299,489,492,False,False,False,False
2026-05-16T10:40:00.917855+00:00,IEJALLQFmDs,94669,1671,10,4976948,5071617,110953,112624,797,807,False,False,False,False
2026-05-16T10:40:00.917855+00:00,dqazxW8R5BY,50646,1403,23,2730810,2781456,119079,120482,2447,2470,False,False,False,False
2026-05-16T10:40:00.917855+00:00,UsS6bOYnnOI,903,30,2,371979,372882,18279,18309,3853,3855,False,False,False,False
2026-05-16T10:40:00.917855+00:00,nGakcu0V0ZM,82,-1,0,20387,20469,440,439,29,29,False,False,False,False
2026-05-16T10:40:00.917855+00:00,8CpQzf_RYb4,36,2,0,5833,5869,378,380,5,5,False,False,False,False
2026-05-16T10:40:00.917855+00:00,OrI86PV-aPg,13129,406,7,1891152,1904281,77478,77884,1932,1939,False,False,False,False
2026-05-16T10:40:00.917855+00:00,2A0dbP8LJoA,110,6,0,8584,8694,673,679,29,29,False,False,False,False
2026-05-16T10:40:00.917855+00:00,5W2lIWDyXjI,99,2,0,70734,70833,1707,1709,29,29,False,False,False,False
2026-05-16T10:40:00.917855+00:00,o1LnQHf3b6I,45,0,0,21115,21160,909,909,6,6,False,False,False,False
2026-05-16T10:40:00.917855+00:00,2pao0845DQQ,2438,65,0,346423,348861,9038,9103,65,65,False,False,False,False
2026-05-16T10:40:00.917855+00:00,WPOhGVSPOyM,164,1,0,92079,92243,1443,1444,9,9,False,False,False,False
2026-05-16T10:40:00.917855+00:00,7FYFhOiiMIU,28,0,0,16057,16085,586,586,6,6,False,False,False,False
2026-05-16T10:40:00.917855+00:00,aRLwX_dN8AQ,1067,15,0,99911,100978,1877,1892,10,10,False,False,False,False
2026-05-16T10:40:00.917855+00:00,CPJhzRv9y_8,738,6,0,97624,98362,1696,1702,12,12,False,False,False,False
2026-05-16T10:40:00.917855+00:00,Q5rmW96IGqA,111,0,0,38221,38332,1189,1189,10,10,False,False,False,False
2026-05-16T10:40:00.917855+00:00,reCJ5EuvukI,10796,483,9,1195313,1206109,42281,42764,870,879,False,False,False,False
2026-05-16T10:40:00.917855+00:00,io_Ysi-LFWE,4733,61,2,614936,619669,17741,17802,377,379,False,False,False,False
2026-05-16T10:40:00.917855+00:00,snM0UfZxakc,1383,28,6,868937,870320,18967,18995,1333,1339,False,False,False,False
2026-05-16T10:40:00.917855+00:00,TmkbUF0V0hM,11692,134,24,956969,968661,14595,14729,5149,5173,False,False,False,False
2026-05-16T10:40:00.917855+00:00,_88DyxJqY-4,29,0,0,2927,2956,212,212,24,24,False,False,False,False
2026-05-16T10:40:00.917855+00:00,Dic-fJdWqhY,0,0,0,430,430,17,17,0,0,False,False,False,False
2026-05-16T10:40:00.917855+00:00,HZ2uROlnuEg,0,0,0,177,177,7,7,0,0,False,False,False,False
2026-05-16T10:40:00.917855+00:00,H5KmfCor3mc,0,0,0,275,275,11,11,1,1,False,False,False,False
2026-05-16T10:40:00.917855+00:00,gaOZZ1TYILU,0,0,0,123,123,12,12,0,0,False,False,False,False
2026-05-16T10:40:00.917855+00:00,rQmlUxDeTxE,0,0,0,10549,10549,878,878,12,12,False,False,False,False
2026-05-16T10:40:00.917855+00:00,6dfxL42fP0c,0,0,0,1856,1856,162,162,4,4,False,False,False,False
2026-05-16T10:40:00.917855+00:00,hE1O48iNhBw,0,0,0,3696,3696,251,251,2,2,False,False,False,False
2026-05-16T10:40:00.917855+00:00,LDXkrlIxj8U,75,2,0,24297,24372,1593,1595,13,13,False,False,False,False
2026-05-16T10:40:00.917855+00:00,Xcmg2noBQOw,0,0,0,2981,2981,327,327,4,4,False,False,False,False
2026-05-16T10:40:00.917855+00:00,RGWm_UCIWnc,3,1,0,13898,13901,958,959,14,14,False,False,False,False
2026-05-16T10:40:00.917855+00:00,Rax-kdRVG74,0,0,0,14635,14635,693,693,15,15,False,False,False,False
2026-05-16T10:40:00.917855+00:00,tA9L9aV6gXY,1,0,0,2902,2903,186,186,9,9,False,False,False,False
2026-05-16T10:40:00.917855+00:00,o8Z1Q8UPSOU,2,1,0,16690,16692,1634,1635,24,24,False,False,False,False
2026-05-16T10:40:00.917855+00:00,_FP4gbF0KWY,13,1,0,9575,9588,614,615,19,19,False,False,False,False
2026-05-16T10:40:00.917855+00:00,FbRnMwKmmTA,9,1,0,9297,9306,624,625,38,38,False,False,False,False
2026-05-16T10:40:00.917855+00:00,ehizptRtYzM,110,3,0,37147,37257,2865,2868,102,102,False,False,False,False
2026-05-16T10:40:00.917855+00:00,kB_PJC80JhY,8049,283,0,1378752,1386801,58861,59144,316,316,False,False,False,False
2026-05-16T10:40:00.917855+00:00,wdCDxH9KBss,1051,54,3,77798,78849,3972,4026,89,92,False,False,False,False
2026-05-16T10:40:00.917855+00:00,4iXwPD-VHyg,322,11,0,81676,81998,2018,2029,20,20,False,False,False,False
2026-05-16T10:40:00.917855+00:00,rVixyOY_Xr4,318,14,0,38585,38903,1668,1682,136,136,False,False,False,False
2026-05-16T10:40:00.917855+00:00,d0VoQtmw9Eg,31,0,0,18888,18919,765,765,7,7,False,False,False,False
2026-05-16T10:40:00.917855+00:00,QzZ4VwDHAT4,353,4,-1,42517,42870,2048,2052,143,142,False,False,False,False
2026-05-16T10:40:00.917855+00:00,JjwHFerSu4M,7031,251,13,275690,282721,12683,12934,657,670,False,False,False,False
2026-05-16T10:40:00.917855+00:00,RNUjufFVGXs,33,4,1,6710,6743,581,585,42,43,False,False,False,False
2026-05-16T10:40:00.917855+00:00,uoRmXpQseH8,0,0,0,0,0,3,3,0,0,False,False,False,False
2026-05-16T10:40:00.917855+00:00,-lSM97fApgQ,0,0,0,0,0,4,4,0,0,False,False,False,False
2026-05-16T10:40:00.917855+00:00,1sofoaFEV58,0,62,0,0,0,127,189,0,0,False,False,False,False
2026-05-16T10:40:00.917855+00:00,FJNk3OGtmbk,131,5,0,23611,23742,531,536,3,3,False,False,False,False
2026-05-16T10:40:00.917855+00:00,RCl-cN1Hf-Q,130,3,0,18845,18975,538,541,2,2,False,False,False,False
2026-05-16T10:40:00.917855+00:00,1d3wR5LJ4-4,28,0,0,41067,41095,1464,1464,26,26,False,False,False,False
2026-05-16T10:40:00.917855+00:00,69AWec8qjjo,1421,15,0,193544,194965,5879,5894,162,162,False,False,False,False
2026-05-16T10:40:00.917855+00:00,YUwjueXzffE,351,3,0,371501,371852,8094,8097,63,63,False,False,False,False
2026-05-16T10:40:00.917855+00:00,oNjLzGpMCuw,137,0,0,107863,108000,4934,4934,268,268,False,False,False,False
2026-05-16T10:40:00.917855+00:00,ftk4VdOcaj8,17,0,0,17599,17616,1928,1928,46,46,False,False,False,False
2026-05-16T10:40:00.917855+00:00,pra3fiwosjU,5,0,0,4260,4265,139,139,6,6,False,False,False,False
2026-05-16T10:40:00.917855+00:00,Hf6NC8AzAKo,83,2,0,10231,10314,771,773,61,61,False,False,False,False
2026-05-16T10:40:00.917855+00:00,aYH-DvGfEVU,0,0,0,988,988,132,132,9,9,False,False,False,False
2026-05-16T10:40:00.917855+00:00,wZBBnciTACo,1,0,0,1587,1588,182,182,53,53,False,False,False,False
2026-05-16T10:40:00.917855+00:00,w_Z0cdu9c9I,36,2,0,8555,8591,664,666,17,17,False,False,False,False
2026-05-16T10:40:00.917855+00:00,9rHaUzPlJws,189,5,-1,195152,195341,13474,13479,686,685,False,False,False,False
2026-05-16T10:40:00.917855+00:00,pXI3xinu4bc,3270,90,0,1222382,1225652,58636,58726,602,602,False,False,False,False
2026-05-16T10:40:00.917855+00:00,3PZ3d4eNWrc,4273,97,0,935851,940124,48004,48101,295,295,False,False,False,False
2026-05-16T10:40:00.917855+00:00,1X8BPKi1kP8,27,1,0,12158,12185,470,471,46,46,False,False,False,False
2026-05-16T10:40:00.917855+00:00,RPePcFJDNds,28,2,0,2707,2735,194,196,46,46,False,False,False,False
2026-05-16T10:40:00.917855+00:00,GEXxx3JQmdw,92,1,0,10272,10364,657,658,16,16,False,False,False,False
2026-05-16T10:40:00.917855+00:00,NRELko2BoRk,678,21,4,33799,34477,1591,1612,109,113,False,False,False,False
2026-05-16T10:40:00.917855+00:00,CdlFyd3WHbg,14,0,0,12639,12653,733,733,8,8,False,False,False,False
2026-05-16T10:40:00.917855+00:00,N8Bc_M2Ew2E,37,1,0,10464,10501,620,621,9,9,False,False,False,False
2026-05-16T10:40:00.917855+00:00,LDQnGP6iSH4,15,0,0,11081,11096,543,543,28,28,False,False,False,False
2026-05-16T10:40:00.917855+00:00,LMJb-_uL6lQ,73,2,1,63553,63626,1510,1512,420,421,False,False,False,False
2026-05-16T10:40:00.917855+00:00,-X2P40t70LM,1,0,0,8327,8328,655,655,21,21,False,False,False,False
2026-05-16T10:40:00.917855+00:00,21UbB1_pq3o,4,0,0,9968,9972,655,655,54,54,False,False,False,False
2026-05-16T10:40:00.917855+00:00,ZUpr3u1inlg,50,0,2,19633,19683,1553,1553,306,308,False,False,False,False
2026-05-16T10:40:00.917855+00:00,Hk20QLW6nEc,22,1,0,81360,81382,1514,1515,7,7,False,False,False,False
2026-05-16T10:40:00.917855+00:00,U0f47Nt9g-Q,1734,77,1,456851,458585,21074,21151,502,503,False,False,False,False
2026-05-16T10:40:00.917855+00:00,3GUtClCifjw,17,1,0,12866,12883,371,372,7,7,False,False,False,False
2026-05-16T10:40:00.917855+00:00,yk8ziJow5dw,580,9,0,90554,91134,2393,2402,149,149,False,False,False,False
2026-05-16T10:40:00.917855+00:00,XGAhqBxEV78,557,7,3,493765,494322,15116,15123,1183,1186,False,False,False,False
2026-05-16T10:40:00.917855+00:00,t9PF8V132Y4,2635,36,3,312339,314974,9134,9170,1140,1143,False,False,False,False
2026-05-16T10:40:00.917855+00:00,Gr6qcQdzDfw,41,0,1,11792,11833,515,515,182,183,False,False,False,False
2026-05-16T10:40:00.917855+00:00,2AOH5hgKzpU,19,0,0,2455,2474,91,91,2,2,False,False,False,False
2026-05-16T10:40:00.917855+00:00,IAn3Wu2BdyY,581,14,0,132347,132928,6167,6181,101,101,False,False,False,False
2026-05-16T10:40:00.917855+00:00,i6wL2IzuW7s,76,6,0,12415,12491,1004,1010,10,10,False,False,False,False
2026-05-16T10:40:00.917855+00:00,sXV44nHGfAA,40,0,0,31349,31389,1762,1762,9,9,False,False,False,False
2026-05-16T10:40:00.917855+00:00,OEtIq4tR1rA,7275,499,6,341404,348679,25828,26327,209,215,False,False,False,False
2026-05-16T10:40:00.917855+00:00,MpPS5I1pJD8,115,0,0,59841,59956,1111,1111,13,13,False,False,False,False
2026-05-16T10:40:00.917855+00:00,7NeECqsR_u4,537,9,0,132320,132857,3051,3060,20,20,False,False,False,False
2026-05-16T10:40:00.917855+00:00,JuRjZqzpP0g,108,0,0,56197,56305,2665,2665,22,22,False,False,False,False
2026-05-16T10:40:00.917855+00:00,4yDM3ZFcQm4,23425,587,3,1386489,1409914,30519,31106,326,329,False,False,False,False
2026-05-16T10:40:00.917855+00:00,3fsJFUvA6Ts,2901,66,0,165972,168873,5263,5329,141,141,False,False,False,False
2026-05-16T10:40:00.917855+00:00,XNDiFY5vIk0,38,-1,0,18138,18176,731,730,7,7,False,False,False,False
2026-05-16T10:40:00.917855+00:00,iK6HT02LYX4,351,10,0,88927,89278,2537,2547,18,18,False,False,False,False
2026-05-16T10:40:00.917855+00:00,A2O_CSDImRs,9250,202,11,1006236,1015486,31394,31596,1383,1394,False,False,False,False
2026-05-16T10:40:00.917855+00:00,n2T6AOoUkOM,5302,58,0,2908431,2913733,59700,59758,860,860,False,False,False,False
2026-05-16T10:40:00.917855+00:00,MOrBFf1DVvs,1979,31,0,1123301,1125280,25219,25250,429,429,False,False,False,False
2026-05-16T10:40:00.917855+00:00,WFOEVVlOH8s,0,0,0,434,434,20,20,0,0,False,False,False,False
2026-05-16T10:40:00.917855+00:00,IrefshwOoX8,0,0,0,455,455,21,21,1,1,False,False,False,False
2026-05-16T10:40:00.917855+00:00,Cyfs-ngasus,0,0,0,783,783,37,37,0,0,False,False,False,False
2026-05-16T10:40:00.917855+00:00,dIwCndpKuSE,0,0,0,4553,4553,455,455,2,2,False,False,False,False
2026-05-16T10:40:00.917855+00:00,f0ukpT07u2c,0,0,0,14795,14795,1339,1339,15,15,False,False,False,False
2026-05-16T10:40:00.917855+00:00,e5jQUYrRPRk,1,0,0,11741,11742,451,451,6,6,False,False,False,False
2026-05-16T10:40:00.917855+00:00,Xshu2lM5PZE,0,0,0,5890,5890,677,677,8,8,False,False,False,False
2026-05-16T10:40:00.917855+00:00,WynveK8qJx4,0,0,0,3075,3075,166,166,2,2,False,False,False,False
2026-05-16T10:40:00.917855+00:00,iPg5fXvAqqo,0,0,0,9057,9057,250,250,5,5,False,False,False,False
2026-05-16T10:40:00.917855+00:00,N9drBPpPZFI,0,0,0,4808,4808,351,351,7,7,False,False,False,False
2026-05-16T10:40:00.917855+00:00,rr8ZpzHcZJc,2,1,0,9760,9762,903,904,17,17,False,False,False,False
2026-05-16T10:40:00.917855+00:00,nrIEhoSCOg8,86,4,0,35032,35118,1700,1704,32,32,False,False,False,False
2026-05-16T10:40:00.917855+00:00,b-NJDpglmeM,1,0,0,19770,19771,1525,1525,24,24,False,False,False,False
2026-05-16T10:40:00.917855+00:00,V2d9YyBmeUk,0,0,0,6630,6630,473,473,9,9,False,False,False,False
2026-05-16T10:40:00.917855+00:00,qf_JlCrcPy0,11,0,0,13262,13273,690,690,32,32,False,False,False,False
2026-05-16T10:40:00.917855+00:00,DB302vKJ2Go,7,-1,0,16912,16919,1277,1276,130,130,False,False,False,False
2026-05-16T10:40:00.917855+00:00,f9AFrDB-73g,288,16,0,54773,55061,3913,3929,59,59,False,False,False,False
2026-05-16T10:40:00.917855+00:00,mK3xENFCGnI,2492,185,1,601299,603791,46593,46778,578,579,False,False,False,False
2026-05-16T10:40:00.917855+00:00,4s9LuOSR3Q4,6942,122,2,1544726,1551668,35202,35324,1102,1104,False,False,False,False
2026-05-16T10:40:00.917855+00:00,1baBzd1XPkU,2792,69,7,289977,292769,9959,10028,1119,1126,False,False,False,False
2026-05-16T10:40:00.917855+00:00,jCyhEO3h-Ik,326,10,0,51516,51842,2340,2350,41,41,False,False,False,False
2026-05-16T10:40:00.917855+00:00,UtXLbVdM7wk,71,2,0,23706,23777,866,868,13,13,False,False,False,False
2026-05-16T10:40:00.917855+00:00,0lt4j7GTtGU,14,0,0,3057,3071,219,219,7,7,False,False,False,False
2026-05-16T10:40:00.917855+00:00,40-68Uco_u0,594,19,1,21656,22250,902,921,29,30,False,False,False,False
2026-05-16T10:40:00.917855+00:00,o39vHtwxPRg,9,1,0,11357,11366,384,385,3,3,False,False,False,False
2026-05-16T10:40:00.917855+00:00,WeAhvFYojh0,11,0,0,2655,2666,160,160,11,11,False,False,False,False
2026-05-16T10:40:00.917855+00:00,ywEV7NQlO1Y,516,22,0,208146,208662,6545,6567,114,114,False,False,False,False
2026-05-16T10:40:00.917855+00:00,2r0m4TsyIxs,11061,124,48,402525,413586,9865,9989,3928,3976,False,False,False,False
2026-05-16T10:40:00.917855+00:00,zuzydZz-cmo,207,9,1,69431,69638,3929,3938,494,495,False,False,False,False
2026-05-16T10:40:00.917855+00:00,C4OiZ15VTxw,40,2,0,11412,11452,994,996,213,213,False,False,False,False
2026-05-16T10:40:00.917855+00:00,VITWpByrMdw,4,0,0,3722,3726,239,239,11,11,False,False,False,False
2026-05-16T10:40:00.917855+00:00,tpay1lEGZ7g,5615,361,3,582333,587948,43028,43389,1097,1100,False,False,False,False
2026-05-16T10:40:00.917855+00:00,Gmfpq60LbVQ,234,13,-10,242463,242697,17522,17535,1050,1040,False,False,False,False
2026-05-16T10:40:00.917855+00:00,R-klQGp_308,3934,78,0,548062,551996,21400,21478,257,257,False,False,False,False
2026-05-16T10:40:00.917855+00:00,8--Bq5oEsZ8,2564,81,0,445276,447840,19196,19277,237,237,False,False,False,False
2026-05-16T10:40:00.917855+00:00,fuxYQrqkfns,9902,496,1,885586,895488,60074,60570,1304,1305,False,False,False,False
2026-05-16T10:40:00.917855+00:00,MYHiaHDLDB8,52,0,0,6196,6248,350,350,13,13,False,False,False,False
2026-05-16T10:40:00.917855+00:00,g-7nUex4nVg,325,6,0,36976,37301,1292,1298,33,33,False,False,False,False
2026-05-16T10:40:00.917855+00:00,tPuup43tbgA,17,1,0,10466,10483,231,232,2,2,False,False,False,False
2026-05-16T10:40:00.917855+00:00,vMnp3ptycik,23,0,0,8662,8685,589,589,4,4,False,False,False,False
2026-05-16T10:40:00.917855+00:00,81RBVN6P9cM,1391,29,1,413094,414485,13125,13154,984,985,False,False,False,False
2026-05-16T10:40:00.917855+00:00,P1DSZNhApJA,91169,865,2,4365437,4456606,77782,78647,492,494,False,False,False,False
2026-05-16T10:40:00.917855+00:00,5LJ1cxjQhyE,40734,1126,0,3077861,3118595,151216,152342,682,682,False,False,False,False
2026-05-16T10:40:00.917855+00:00,qxj4Sr5Cm24,181,6,4,72620,72801,4797,4803,710,714,False,False,False,False
2026-05-16T10:40:00.917855+00:00,daa-UCIuoY8,298,20,0,20422,20720,1180,1200,39,39,False,False,False,False
2026-05-16T10:40:00.917855+00:00,VVLYJf2t88c,318,2,0,87152,87470,3330,3332,250,250,False,False,False,False
2026-05-16T10:40:00.917855+00:00,q_ynGwBIxLk,2,0,0,8725,8727,250,250,3,3,False,False,False,False
2026-05-16T10:40:00.917855+00:00,tFD4653hJYE,13,0,0,8716,8729,232,232,8,8,False,False,False,False
2026-05-16T10:40:00.917855+00:00,p4zPmpXfGyY,457,12,0,54025,54482,1021,1033,39,39,False,False,False,False
2026-05-16T10:40:00.917855+00:00,IZNeoCSdcfY,0,0,0,2233,2233,121,121,1,1,False,False,False,False
2026-05-16T10:40:00.917855+00:00,Jnc7hVslXdk,83,0,0,6303,6386,449,449,26,26,False,False,False,False
2026-05-16T10:40:00.917855+00:00,8nwaOxXIj0g,1118,54,1,57610,58728,4265,4319,135,136,False,False,False,False
2026-05-16T10:40:00.917855+00:00,Xk3cJMA7UhE,39,1,0,5091,5130,392,393,13,13,False,False,False,False
2026-05-16T10:40:00.917855+00:00,XoDfpxBy8Ag,706,15,1,61896,62602,1727,1742,192,193,False,False,False,False
2026-05-16T10:40:00.917855+00:00,JRHTVNoJjb0,76,3,0,18313,18389,803,806,15,15,False,False,False,False
2026-05-16T10:40:00.917855+00:00,uWa0odbimaU,139,3,0,168525,168664,6881,6884,206,206,False,False,False,False
2026-05-16T10:40:00.917855+00:00,RnT_izvRznQ,262,10,0,10901,11163,696,706,12,12,False,False,False,False
2026-05-16T10:40:00.917855+00:00,1pglkwgsu1I,90,5,0,42445,42535,2773,2778,33,33,False,False,False,False
2026-05-16T10:40:00.917855+00:00,V6VQ54eTok0,10641,241,3,794229,804870,19806,20047,156,159,False,False,False,False
2026-05-16T10:40:00.917855+00:00,3REHDZgXE1k,68,2,0,24568,24636,1275,1277,12,12,False,False,False,False
2026-05-16T10:40:00.917855+00:00,z_XHk-DZ1nY,31,0,0,20490,20521,692,692,10,10,False,False,False,False
2026-05-16T10:40:00.917855+00:00,-CTY5XDxt8E,1702,34,0,154701,156403,4327,4361,21,21,False,False,False,False
2026-05-16T10:40:00.917855+00:00,nN9QYJdEcw0,596,8,0,72125,72721,1950,1958,19,19,False,False,False,False
2026-05-16T10:40:00.917855+00:00,WKBwkE4dn-k,36,0,0,19303,19339,631,631,2,2,False,False,False,False
2026-05-16T10:40:00.917855+00:00,suqYhItddAc,4051,125,0,325171,329222,10368,10493,115,115,False,False,False,False
2026-05-16T10:40:00.917855+00:00,ydRguU_cH8Y,2768,20,0,396532,399300,6007,6027,62,62,False,False,False,False
2026-05-16T10:40:00.917855+00:00,P9yleRV8tto,78,0,0,51381,51459,1481,1481,19,19,False,False,False,False
2026-05-16T10:40:00.917855+00:00,_UFmkJrpc3Q,80,1,0,96865,96945,3410,3411,31,31,False,False,False,False
2026-05-16T10:40:00.917855+00:00,lDyiY5vjqaw,3127,100,8,1262970,1266097,46064,46164,1683,1691,False,False,False,False
2026-05-16T10:40:00.917855+00:00,T_LWKGJDKgo,120397,3107,580,2585730,2706127,55866,58973,14257,14837,False,False,False,False
2026-05-16T10:40:00.917855+00:00,MjWI_rWQL68,107085,1700,12,7589202,7696287,225842,227542,3155,3167,False,False,False,False
2026-05-16T10:40:00.917855+00:00,9iKWeo8sWh4,25376,483,0,3559347,3584723,81774,82257,702,702,False,False,False,False
2026-05-16T10:40:00.917855+00:00,4m_M1Wpnr2Q,118178,2210,58,6299724,6417902,159543,161753,4007,4065,False,False,False,False
2026-05-16T10:40:00.917855+00:00,JxM9FGa1xjw,1,0,0,821,822,57,57,0,0,False,False,False,False
2026-05-16T10:40:00.917855+00:00,e5ory4NWVaQ,1,0,0,118,119,5,5,0,0,False,False,False,False
2026-05-16T10:40:00.917855+00:00,AnhXe6C7RcY,0,0,0,858,858,56,56,0,0,False,False,False,False
2026-05-16T10:40:00.917855+00:00,q8AEtTOo2ZU,2,0,0,5339,5341,421,421,4,4,False,False,False,False
2026-05-16T10:40:00.917855+00:00,Qy_YMLKX8bQ,137,6,0,25201,25338,1982,1988,76,76,False,False,False,False
2026-05-16T10:40:00.917855+00:00,Cit2bKRejmc,20,1,0,17780,17800,1076,1077,27,27,False,False,False,False
2026-05-16T10:40:00.917855+00:00,PDQ3laPc--4,6,0,0,10850,10856,1203,1203,13,13,False,False,False,False
2026-05-16T10:40:00.917855+00:00,v2SVwN2WLHA,1,0,0,9846,9847,658,658,14,14,False,False,False,False
2026-05-16T10:40:00.917855+00:00,sebAi3RkL4o,1,0,0,6644,6645,669,669,10,10,False,False,False,False
2026-05-16T10:40:00.917855+00:00,2NMgx26Y-Bk,0,0,0,3545,3545,377,377,8,8,False,False,False,False
2026-05-16T10:40:00.917855+00:00,X5_Q7FZ0Sik,0,0,0,3019,3019,196,196,4,4,False,False,False,False
2026-05-16T10:40:00.917855+00:00,8Cc0marf_vs,0,0,0,5832,5832,357,357,7,7,False,False,False,False
2026-05-16T10:40:00.917855+00:00,9u4d0EDxCkY,0,0,0,1980,1980,56,56,1,1,False,False,False,False
2026-05-16T10:40:00.917855+00:00,GKCz_gBPkvI,0,0,0,4406,4406,318,318,4,4,False,False,False,False
2026-05-16T10:40:00.917855+00:00,toJGQUZbdqc,1,1,0,12628,12629,1093,1094,16,16,False,False,False,False
2026-05-16T10:40:00.917855+00:00,q4PUKnyy3QQ,0,0,0,6653,6653,545,545,9,9,False,False,False,False
2026-05-16T10:40:00.917855+00:00,Hpl10gpuOGw,49,1,0,29829,29878,1449,1450,26,26,False,False,False,False
2026-05-16T10:40:00.917855+00:00,CbDN7o5Ed_M,76,0,0,12120,12196,548,548,10,10,False,False,False,False
2026-05-16T10:40:00.917855+00:00,ZrvvBKldeo0,11,0,0,12283,12294,546,546,36,36,False,False,False,False
2026-05-16T10:40:00.917855+00:00,mMLOG0bsjRQ,309,14,1,45601,45910,1913,1927,99,100,False,False,False,False
2026-05-16T10:40:00.917855+00:00,5z8hOrxhApI,562,29,0,64489,65051,4376,4405,54,54,False,False,False,False
2026-05-16T10:40:00.917855+00:00,vN0MwkPIOF8,121,0,0,4909,5030,394,394,16,16,False,False,False,False
2026-05-16T10:40:00.917855+00:00,jFZPpkVszCg,2806,100,0,91801,94607,5993,6093,90,90,False,False,False,False
2026-05-16T10:40:00.917855+00:00,1_H80JEZ2ko,26302,465,39,1026234,1052536,30820,31285,2572,2611,False,False,False,False
2026-05-16T10:40:00.917855+00:00,6jI9H3lyil4,4933,355,1,66489,71422,3899,4254,76,77,False,False,False,False
2026-05-16T10:40:00.917855+00:00,SVTPv4sI_Jc,31182,705,32,2020067,2051249,64047,64752,5037,5069,False,True,False,False
2026-05-16T10:40:00.917855+00:00,SAtFZPtbMpI,3601,69,2,201166,204767,6644,6713,619,621,False,False,False,False
2026-05-16T10:40:00.917855+00:00,d7qfcHa4LTY,76,1,0,21673,21749,471,472,14,14,False,False,False,False
2026-05-16T10:40:00.917855+00:00,a1aFhMw2wQE,1004,27,0,147744,148748,4953,4980,98,98,False,False,False,False
2026-05-16T10:40:00.917855+00:00,eCw33snvoNI,482,16,1,53591,54073,2423,2439,178,179,False,False,False,False
2026-05-16T10:40:00.917855+00:00,dq9VW4kn19w,12,0,0,10855,10867,133,133,21,21,False,False,False,False
2026-05-16T10:40:00.917855+00:00,39rirHnSBZ4,1,0,0,414,415,10,10,0,0,False,False,False,False
2026-05-16T10:40:00.917855+00:00,bbv1p_j1P8Y,0,0,0,883,883,21,21,1,1,False,False,False,False
2026-05-16T10:40:00.917855+00:00,yveo9j8JZts,4,0,0,815,819,25,25,0,0,False,False,False,False
2026-05-16T10:40:00.917855+00:00,rRw7sYwfSVI,644,25,1,61139,61783,3714,3739,191,192,False,False,False,False
2026-05-16T10:40:00.917855+00:00,4xed6CNu0j8,13,1,0,4799,4812,149,150,0,0,False,False,False,False
2026-05-16T10:40:00.917855+00:00,iR6FvFoW0F4,47,0,0,19541,19588,854,854,11,11,False,False,False,False
2026-05-16T10:40:00.917855+00:00,t4S8XOHv1jg,10,0,0,25035,25045,880,880,18,18,False,False,False,False
2026-05-16T10:40:00.917855+00:00,DfeXyiagVDE,8,2,0,3751,3759,204,206,4,4,False,False,False,False
2026-05-16T10:40:00.917855+00:00,QUBjCcBXy3o,2301,38,0,157398,159699,7645,7683,233,233,False,False,False,False
2026-05-16T10:40:00.917855+00:00,KUvWaj4IFZg,650,19,0,143458,144108,5478,5497,177,177,False,False,False,False
2026-05-16T10:40:00.917855+00:00,fRjAMALJ0r0,8384,522,7,1301129,1309513,65079,65601,1483,1490,False,False,False,False
2026-05-16T10:40:00.917855+00:00,QNHEqcXa3Zg,1203,90,1,151667,152870,11786,11876,314,315,False,False,False,False
2026-05-16T10:40:00.917855+00:00,a4jo0YM7WRg,362,5,0,17768,18130,725,730,15,15,False,False,False,False
2026-05-16T10:40:00.917855+00:00,LNKCHWOW7aI,1747,125,12,222421,224168,17433,17558,1440,1452,False,False,False,False
2026-05-16T10:40:00.917855+00:00,aQi987cz1nk,321,18,1,17597,17918,1423,1441,166,167,False,False,False,False
2026-05-16T10:40:00.917855+00:00,DmcKWMeNWaQ,1194,29,2,60852,62046,1832,1861,143,145,False,False,False,False
2026-05-16T10:40:00.917855+00:00,vg9owOLbmvA,28,2,0,2178,2206,238,240,70,70,False,False,False,False
2026-05-16T10:40:00.917855+00:00,PGBt4pOj4Vc,9262,516,8,753409,762671,51875,52391,1880,1888,False,False,False,False
2026-05-16T10:40:00.917855+00:00,7h3nazBbFCc,223,12,0,20193,20416,1445,1457,60,60,False,False,False,False
2026-05-16T10:40:00.917855+00:00,OCGgYu3vku4,311,8,2,133723,134034,10525,10533,636,638,False,False,False,False
2026-05-16T10:40:00.917855+00:00,Rij6WQMuxcw,3281,71,0,407841,411122,17105,17176,306,306,False,False,False,False
2026-05-16T10:40:00.917855+00:00,AtSQBfBK6HE,13946,291,2,1286058,1300004,55950,56241,926,928,False,False,False,False
2026-05-16T10:40:00.917855+00:00,98VQpHj17Ws,2254,52,1,282618,284872,15393,15445,282,283,False,False,False,False
2026-05-16T10:40:00.917855+00:00,bbhBRpDlFHE,13,0,0,4313,4326,258,258,13,13,False,False,False,False
2026-05-16T10:40:00.917855+00:00,GlgzzZEePXo,169,10,2,25377,25546,1742,1752,475,477,False,False,False,False
2026-05-16T10:40:00.917855+00:00,SoTjeq4cQZw,54,4,0,4173,4227,165,169,3,3,False,False,False,False
2026-05-16T10:40:00.917855+00:00,L8qTgJOhpPg,3,0,0,3279,3282,156,156,13,13,False,False,False,False
2026-05-16T10:40:00.917855+00:00,Gl_2LVRaM8U,199,9,0,17831,18030,1095,1104,62,62,False,False,False,False
2026-05-16T10:40:00.917855+00:00,JbjnuF8OiZc,17,0,0,14002,14019,723,723,6,6,False,False,False,False
2026-05-16T10:40:00.917855+00:00,dZftIemBYVE,102,2,0,31805,31907,1586,1588,73,73,False,False,False,False
2026-05-16T10:40:00.917855+00:00,6hNY0K71Ewo,558,21,0,24292,24850,1302,1323,51,51,False,False,False,False
2026-05-16T10:40:00.917855+00:00,B8E4azaZ13k,43,2,0,7604,7647,334,336,21,21,False,False,False,False
2026-05-16T10:40:00.917855+00:00,3Ip-TJvpjLQ,34,1,0,26826,26860,1289,1290,80,80,False,False,False,False
2026-05-16T10:40:00.917855+00:00,rJgtb2s7Oz8,1957,56,6,64202,66159,2242,2298,123,129,False,False,False,False
2026-05-16T10:40:00.917855+00:00,lEhOg8oVpjU,2764,72,2,76191,78955,2628,2700,156,158,False,False,False,False
2026-05-16T10:40:00.917855+00:00,U5l0Z8T4tCk,7644,322,0,863416,871060,51801,52123,390,390,False,False,False,False
2026-05-16T10:40:00.917855+00:00,9pPCy9wqxuk,61,6,0,62007,62068,4071,4077,207,207,False,False,False,False
2026-05-16T10:40:00.917855+00:00,Duk_kOhIimU,7,1,0,12171,12178,311,312,7,7,False,False,False,False
2026-05-16T10:40:00.917855+00:00,eAwkhxinCOc,6,1,0,20863,20869,473,474,3,3,False,False,False,False
2026-05-16T10:40:00.917855+00:00,66gMxbNKaYA,9635,161,0,569324,578959,18884,19045,416,416,False,False,False,False
2026-05-16T10:40:00.917855+00:00,8OjVlmrtW4M,1344,102,2,64129,65473,5600,5702,159,161,False,False,False,False
2026-05-16T10:40:00.917855+00:00,az3VKD9_H7Y,8,0,0,8855,8863,326,326,7,7,False,False,False,False
2026-05-16T10:40:00.917855+00:00,2y_3sFy4R1A,27,0,0,10437,10464,804,804,48,48,False,False,False,False
2026-05-16T10:40:00.917855+00:00,465Vc9I4fvc,190,3,0,32467,32657,396,399,13,13,False,False,False,False
2026-05-16T10:40:00.917855+00:00,kBctc9rV__4,2718,41,9,115392,118110,2272,2313,320,329,False,False,False,False
2026-05-16T10:40:00.917855+00:00,33HT7CnI79k,1029,18,0,137550,138579,2849,2867,176,176,False,False,False,False
2026-05-16T10:40:00.917855+00:00,NdU6UdUKaYc,40123,676,88,2348244,2388367,49192,49868,7082,7170,False,False,False,False
2026-05-16T10:40:00.917855+00:00,k8j-6Xvw_G4,141459,2931,11,5205941,5347400,190114,193045,620,631,False,False,False,False
2026-05-16T10:40:00.917855+00:00,bRy54zQmixQ,506,9,2,291188,291694,8675,8684,766,768,False,False,False,False
2026-05-16T10:40:00.917855+00:00,B9ocddyGfo8,57863,1397,10,3493101,3550964,126607,128004,789,799,False,False,False,False
2026-05-16T10:40:00.917855+00:00,nnUFM61waQU,12,0,0,5973,5985,178,178,0,0,False,False,False,False
2026-05-16T10:40:00.917855+00:00,6dt3fd17_d0,4032,137,26,312493,316525,12779,12916,1385,1411,False,False,False,False
2026-05-16T10:40:00.917855+00:00,_dxtH2u5aAk,77,6,0,29574,29651,1096,1102,18,18,False,False,False,False
2026-05-16T10:40:00.917855+00:00,wmeUOPjA_qc,16105,303,-2,2885979,2902084,73650,73953,2428,2426,False,False,False,False
2026-05-16T10:40:00.917855+00:00,TG39Ow5fepA,3109,34,0,1000347,1003456,24977,25011,474,474,False,False,False,False
2026-05-16T10:40:00.917855+00:00,fxb9BMISN54,1,0,0,3573,3574,394,394,4,4,False,False,False,False
2026-05-16T10:40:00.917855+00:00,rn0fCmYeDaI,0,0,0,4125,4125,498,498,8,8,False,False,False,False
2026-05-16T10:40:00.917855+00:00,ZjnjH_SaHyo,0,0,0,885,885,37,37,1,1,False,False,False,False
2026-05-16T10:40:00.917855+00:00,gZ3EniqK8Qc,0,0,0,4578,4578,393,393,2,2,False,False,False,False
2026-05-16T10:40:00.917855+00:00,7jg0cSWJpCA,0,0,0,2955,2955,229,229,5,5,False,False,False,False
2026-05-16T10:40:00.917855+00:00,oCsFEpxTxlI,1359,102,24,56250,57609,6764,6866,1508,1532,False,False,False,False
2026-05-16T10:40:00.917855+00:00,FCaTFLdtsco,31379,1317,8,1403271,1434650,57510,58827,675,683,False,False,False,False
2026-05-16T10:40:00.917855+00:00,Z50QkVZcP1k,989,57,0,130698,131687,9857,9914,326,326,False,False,False,False
2026-05-16T10:40:00.917855+00:00,rbSEOholMxI,354,25,9,14270,14624,1042,1067,229,238,False,False,False,False
2026-05-16T10:40:00.917855+00:00,OTt76d3wPiQ,2400,56,4,270374,272774,13961,14017,643,647,False,False,False,False
2026-05-16T10:40:00.917855+00:00,em-cVkkWtZo,23,0,0,2461,2484,155,155,8,8,False,False,False,False
2026-05-16T10:40:00.917855+00:00,BflRX7z7SHs,715,42,3,70422,71137,5405,5447,573,576,False,False,False,False
2026-05-16T10:40:00.917855+00:00,gpfhjHmbmIE,2390,138,3,312587,314977,23497,23635,1150,1153,False,False,False,False
2026-05-16T10:40:00.917855+00:00,BAORYfrrBzc,3801,109,4,617219,621020,35931,36040,673,677,False,False,False,False
2026-05-16T10:40:00.917855+00:00,5EWqr_Y2uH0,1397,35,0,560325,561722,15369,15404,1105,1105,False,False,False,False
2026-05-16T10:40:00.917855+00:00,KPjUKzX4bo8,0,0,0,2156,2156,104,104,3,3,False,False,False,False
2026-05-16T10:40:00.917855+00:00,UcgjSqz0CZs,0,0,0,2157,2157,46,46,18,18,False,False,False,False
2026-05-16T10:40:00.917855+00:00,L5HQ_jx0HX8,58,3,0,23459,23517,711,714,15,15,False,False,False,False
2026-05-16T10:40:00.917855+00:00,l4wOStt70KU,107,3,0,4523,4630,141,144,6,6,False,False,False,False
2026-05-16T10:40:00.917855+00:00,JQ8OpyAeTxw,164,2,0,28567,28731,1013,1015,33,33,False,False,False,False
2026-05-16T10:40:00.917855+00:00,Rpw1_eKZCEA,0,0,0,1961,1961,28,28,6,6,False,False,False,False
2026-05-16T10:40:00.917855+00:00,0idqiLonGYI,122353,2588,176,4142507,4264860,104276,106864,8454,8630,False,False,False,False
2026-05-16T10:40:00.917855+00:00,k3wiE1KtSW4,939,47,0,76243,77182,5267,5314,316,316,False,False,False,False
2026-05-16T10:40:00.917855+00:00,ttdfIEKLVks,134,0,0,13487,13621,466,466,5,5,False,False,False,False
2026-05-16T10:40:00.917855+00:00,aqvgY-woRYk,724,28,2,26851,27575,1242,1270,106,108,False,False,False,False
2026-05-16T10:40:00.917855+00:00,rHDw0XcyZ1I,4547,241,7,200090,204637,17273,17514,424,431,False,False,False,False
2026-05-16T10:40:00.917855+00:00,SzDnUAJkenI,108,7,0,49179,49287,2458,2465,21,21,False,False,False,False
2026-05-16T10:40:00.917855+00:00,qx6ZbgO8vtU,62,4,-1,19461,19523,544,548,17,16,False,False,False,False
2026-05-16T10:40:00.917855+00:00,u5XWNSVJajg,199,4,0,47820,48019,676,680,5,5,False,False,False,False
2026-05-16T10:40:00.917855+00:00,z2Y4_cDvEYc,110,5,0,83790,83900,1757,1762,22,22,False,False,False,False
2026-05-16T10:40:00.917855+00:00,ve_y3EI_VeA,92,2,0,13486,13578,516,518,10,10,False,False,False,False
2026-05-16T10:40:00.917855+00:00,5-0m5LUhiCc,42,2,0,3345,3387,209,211,9,9,False,False,False,False
2026-05-16T10:40:00.917855+00:00,iP-y1c7euSI,107,1,0,12773,12880,347,348,3,3,False,False,False,False
2026-05-16T10:40:00.917855+00:00,r2choiRm7k8,32,0,1,5122,5154,276,276,13,14,False,False,False,False
2026-05-16T10:40:00.917855+00:00,F2VZtrSncAg,13,1,0,8613,8626,557,558,26,26,False,False,False,False
2026-05-16T10:40:00.917855+00:00,ZtF5VFbAs6M,33,1,0,9953,9986,192,193,2,2,False,False,False,False
2026-05-16T10:40:00.917855+00:00,PbH29W90aw4,2,0,0,3478,3480,107,107,5,5,False,False,False,False
2026-05-16T10:40:00.917855+00:00,lVBnEL1fWnw,9,1,0,5709,5718,333,334,7,7,False,False,False,False
2026-05-16T10:40:00.917855+00:00,6CyjL4X8e7g,215,12,0,75173,75388,5262,5274,66,66,False,False,False,False
2026-05-16T10:40:00.917855+00:00,EM5vv6_MQLY,2981,151,3,30614,33595,1883,2034,61,64,False,False,False,False
2026-05-16T10:40:00.917855+00:00,qluuZfYE02A,127,2,0,12065,12192,887,889,4,4,False,False,False,False
2026-05-16T10:40:00.917855+00:00,zRD_VJMMaPI,68,3,0,32523,32591,1026,1029,11,11,False,False,False,False
2026-05-16T10:40:00.917855+00:00,RRDqtyH9sZc,77,3,0,29383,29460,1256,1259,7,7,False,False,False,False
2026-05-16T10:40:00.917855+00:00,Fz9FjKAZ1uw,2623,47,1,807906,810529,22874,22921,654,655,False,False,False,False
2026-05-16T10:40:00.917855+00:00,qNEB_w5ECeI,160,5,0,27409,27569,717,722,12,12,False,False,False,False
2026-05-16T10:40:00.917855+00:00,lxRJpsidN4U,232,16,0,23889,24121,2193,2209,30,30,False,False,False,False
2026-05-16T10:40:00.917855+00:00,jRLXiOUYpqE,6884,387,0,504686,511570,28622,29009,353,353,False,False,False,False
2026-05-16T10:40:00.917855+00:00,SWyHoj5CRqs,1608,75,3,72251,73859,5567,5642,276,279,False,False,False,False
2026-05-16T10:40:00.917855+00:00,uTBQ0E07n88,6433,160,4,147419,153852,5525,5685,132,136,False,False,False,False
2026-05-16T10:40:00.917855+00:00,YGwqvGyl9f8,2323,58,0,116708,119031,4999,5057,114,114,False,False,False,False
2026-05-16T10:40:00.917855+00:00,m8nU1oWeHAI,59,3,0,9284,9343,583,586,3,3,False,False,False,False
2026-05-16T10:40:00.917855+00:00,5XkSf-AWb_Y,81,2,0,25785,25866,572,574,8,8,False,False,False,False
2026-05-16T10:40:00.917855+00:00,mJsIzeo1Onw,78,6,0,14703,14781,1159,1165,110,110,False,False,False,False
2026-05-16T10:40:00.917855+00:00,Scg5AwFfs-w,50,4,0,9299,9349,420,424,4,4,False,False,False,False
2026-05-16T10:40:00.917855+00:00,wng1spgJCoU,1239,41,1,318019,319258,8799,8840,450,451,False,False,False,False
2026-05-16T10:40:00.917855+00:00,N5iBaZ5gnfE,23747,469,2,1593318,1617065,49269,49738,503,505,False,False,False,False
2026-05-16T10:40:00.917855+00:00,n-gYFcVx-8Y,40008,1400,212,3902449,3942457,194452,195852,29676,29888,False,False,False,False
2026-05-16T10:40:00.917855+00:00,0xt5-FTpASM,1816,44,-1,243389,245205,13379,13423,1657,1656,False,False,False,False
2026-05-16T10:40:00.917855+00:00,fKuIJ_z2Y6A,13380,246,10,857521,870901,27556,27802,1580,1590,False,False,False,False
2026-05-16T10:40:00.917855+00:00,n8bdMyQzV0U,1082,15,3,181194,182276,6252,6267,842,845,False,False,False,False
2026-05-16T10:40:00.917855+00:00,x-SEoMFBPQQ,2321,63,4,36920,39241,1596,1659,181,185,False,False,False,False
2026-05-16T10:40:00.917855+00:00,mYxbmWCkImc,2,0,0,3937,3939,161,161,5,5,False,False,False,False
2026-05-16T10:40:00.917855+00:00,3lUxnG8nKC0,33,1,0,3380,3413,256,257,95,95,False,False,False,False
2026-05-16T10:40:00.917855+00:00,YFc40YFhMvk,1050,37,0,142581,143631,5323,5360,28,28,False,False,False,False
2026-05-16T10:40:00.917855+00:00,SzG_O-In1vg,17532,636,11,1129320,1146852,40901,41537,1036,1047,False,False,False,False
2026-05-16T10:40:00.917855+00:00,1djBIY7HO0k,40737,616,4,2970218,3010955,90047,90663,788,792,False,False,False,False
2026-05-16T10:40:00.917855+00:00,VRLM4RDuurc,151,7,1,7371,7522,407,414,19,20,False,False,False,False
2026-05-16T10:40:00.917855+00:00,em_K85l2WNY,0,0,0,5026,5026,529,529,10,10,False,False,False,False
2026-05-16T10:40:00.917855+00:00,xIE99iYdH_o,0,0,0,2909,2909,229,229,4,4,False,False,False,False
2026-05-16T10:40:00.917855+00:00,VjcXNeQ8A_0,1093,58,2,21716,22809,1596,1654,16,18,False,False,False,False
2026-05-16T10:40:00.917855+00:00,Z1Ac2v8mULM,7,0,0,13381,13388,1058,1058,26,26,False,False,False,False
2026-05-16T10:40:00.917855+00:00,Q3JZcugU5zw,0,0,0,4994,4994,441,441,1,1,False,False,False,False
2026-05-16T10:40:00.917855+00:00,-lDwUYFl7Iw,2,0,0,6982,6984,708,708,9,9,False,False,False,False
2026-05-16T10:40:00.917855+00:00,WfDXOW1dNo4,10,1,0,12560,12570,874,875,13,13,False,False,False,False
2026-05-16T10:40:00.917855+00:00,yRy6KDl2xWo,1,0,0,2961,2962,75,75,3,3,False,False,False,False
2026-05-16T10:40:00.917855+00:00,BHCpoVaQyyw,15,1,0,8531,8546,656,657,3,3,False,False,False,False
2026-05-16T10:40:00.917855+00:00,Gs0INaKmzzQ,5,0,0,9164,9169,574,574,9,9,False,False,False,False
2026-05-16T10:40:00.917855+00:00,NUQcYZADgLw,911,39,3,41358,42269,1747,1786,44,47,False,False,False,False
2026-05-16T10:40:00.917855+00:00,kY7n4gNtHXA,16,0,0,7816,7832,399,399,22,22,False,False,False,False
2026-05-16T10:40:00.917855+00:00,3yj9rCGNqjU,2356,73,0,87509,89865,2714,2787,64,64,False,False,False,False
2026-05-16T10:40:00.917855+00:00,-fWUTi8u0_k,730,9,0,78695,79425,2297,2306,144,144,False,False,False,False
2026-05-16T10:40:00.917855+00:00,GlOQIsLX2rA,3394,199,1,589450,592844,38044,38243,615,616,False,False,False,False
2026-05-16T10:40:00.917855+00:00,0AheTRgTBzU,655,24,0,46700,47355,2668,2692,61,61,False,False,False,False
2026-05-16T10:40:00.917855+00:00,MKL0tk-3UM8,384,3,1,54710,55094,1603,1606,268,269,False,False,False,False
2026-05-16T10:40:00.917855+00:00,dk-pvsityfs,119,4,0,13461,13580,539,543,9,9,False,False,False,False
2026-05-16T10:40:00.917855+00:00,wAi4zvgGy4w,9,2,0,19333,19342,1014,1016,35,35,False,False,False,False
2026-05-16T10:40:00.917855+00:00,rPAGWO3mtuE,50,0,0,9903,9953,404,404,7,7,False,False,False,False
2026-05-16T10:40:00.917855+00:00,SnqFU1SppX8,11,1,0,2196,2207,122,123,1,1,False,False,False,False
2026-05-16T10:40:00.917855+00:00,fPnt0Q0vl-Y,13,0,0,4131,4144,173,173,1,1,False,False,False,False
2026-05-16T10:40:00.917855+00:00,KLYwFWIhPWI,873,28,2,157430,158303,9284,9312,442,444,False,False,False,False
2026-05-16T10:40:00.917855+00:00,Lc4kaEMcYPQ,26,2,0,13787,13813,1656,1658,40,40,False,False,False,False
2026-05-16T10:40:00.917855+00:00,fbStigxrqsk,79,4,2,5104,5183,475,479,221,223,False,False,False,False
2026-05-16T10:40:00.917855+00:00,FGFaysGrKng,1392,38,1,220389,221781,14255,14293,1593,1594,False,False,False,False
2026-05-16T10:40:00.917855+00:00,wDUtigax8Lg,4865,180,3,1407625,1412490,56100,56280,512,515,False,False,False,False
2026-05-16T10:40:00.917855+00:00,XiPhamWTPcU,3748,98,-1,387493,391241,20978,21076,263,262,False,False,False,False
2026-05-16T10:40:00.917855+00:00,wgtGulLPwE8,633,61,7,28971,29604,4577,4638,366,373,False,False,False,False
2026-05-16T10:40:00.917855+00:00,NOv3U3ZUiro,224,12,0,98949,99173,4085,4097,157,157,False,False,False,False
2026-05-16T10:40:00.917855+00:00,fvtE4TCiMa0,18,0,0,6077,6095,288,288,49,49,False,False,False,False
2026-05-16T10:40:00.917855+00:00,YpOBx8xUEn8,30,0,0,7697,7727,394,394,9,9,False,False,False,False
2026-05-16T10:40:00.917855+00:00,9ZkFpNoq8-g,9067,253,12,591137,600204,22132,22385,1655,1667,False,False,False,False
2026-05-16T10:40:00.917855+00:00,GREaEG_0Xcw,13088,218,14,824914,838002,24672,24890,2568,2582,False,False,False,False
2026-05-16T10:40:00.917855+00:00,Ehoi-h7_rgM,215,11,1,35304,35519,3376,3387,374,375,False,False,False,False
2026-05-16T10:40:00.917855+00:00,Q47YOagFwk8,9,0,0,6621,6630,109,109,4,4,False,False,False,False
2026-05-16T10:40:00.917855+00:00,u3RceRwvVaw,0,0,0,2454,2454,152,152,5,5,False,False,False,False
2026-05-16T10:40:00.917855+00:00,75QtulYanTE,1077,35,0,204997,206074,6087,6122,108,108,False,False,False,False
2026-05-16T10:40:00.917855+00:00,qobWiBK3PPY,137,1,0,20484,20621,435,436,11,11,False,False,False,False
2026-05-16T10:40:00.917855+00:00,_jqAr4E6dGs,0,0,0,1670,1670,90,90,1,1,False,False,False,False
2026-05-16T10:40:00.917855+00:00,r79B-_e2v-s,2840,68,7,148345,151185,5044,5112,671,678,False,False,False,False
2026-05-16T10:40:00.917855+00:00,CWCrgNlU4UY,11,0,0,1355,1366,69,69,1,1,False,False,False,False
2026-05-16T10:40:00.917855+00:00,_OGwq1_pxCE,945,25,2,69381,70326,3242,3267,132,134,False,False,False,False
2026-05-16T10:40:00.917855+00:00,7tilLI0Vifk,120,3,0,32456,32576,2242,2245,154,154,False,False,False,False
2026-05-16T10:40:00.917855+00:00,yhuivB5l4dQ,12,0,0,6519,6531,51,51,1,1,False,False,False,False
2026-05-16T10:40:00.917855+00:00,dyy-YNiS0U4,66,4,0,2985,3051,232,236,4,4,False,False,False,False
2026-05-16T10:40:00.917855+00:00,rzVhPTSNWnE,91,1,0,62758,62849,1741,1742,576,576,False,False,False,False
2026-05-16T10:40:00.917855+00:00,0GrbT_3jyoc,474,31,0,217477,217951,10906,10937,128,128,False,False,False,False
2026-05-16T10:40:00.917855+00:00,jLqibx29wgs,37,1,0,5910,5947,215,216,2,2,False,False,False,False
2026-05-16T10:40:00.917855+00:00,7eJtgn-ZUCw,0,0,0,1320,1320,56,56,0,0,False,False,False,False
2026-05-16T10:40:00.917855+00:00,aa_n-rMfKHE,1,0,0,129,130,9,9,1,1,False,False,False,False
2026-05-16T10:40:00.917855+00:00,MPsK-Z5jIuc,225,9,1,20575,20800,797,806,188,189,False,False,False,False
2026-05-16T10:40:00.917855+00:00,_7wkQHhLLaU,327,1,0,75158,75485,1742,1743,10,10,False,False,False,False
2026-05-16T10:40:00.917855+00:00,daPR3ZqGbag,32,0,0,8438,8470,374,374,15,15,False,False,False,False
2026-05-16T10:40:00.917855+00:00,_O-il5eIVDo,332,9,2,41418,41750,1902,1911,126,128,False,False,False,False
2026-05-16T10:40:00.917855+00:00,J7L9ZfugS1M,34,3,0,2874,2908,176,179,9,9,False,False,False,False
2026-05-16T10:40:00.917855+00:00,M0HtojL-OXQ,2,0,0,6217,6219,146,146,1,1,False,False,False,False
2026-05-16T10:40:00.917855+00:00,5V-qwSnDOJs,18254,391,32,510299,528553,13322,13713,1199,1231,False,False,False,False
2026-05-16T10:40:00.917855+00:00,ubtx51mzCbo,194,23,0,39708,39902,2976,2999,36,36,False,False,False,False
2026-05-16T10:40:00.917855+00:00,PJQhN8D12Vk,106,6,0,32410,32516,1505,1511,22,22,False,False,False,False
2026-05-16T10:40:00.917855+00:00,IaBf1jTYaIw,566,5,0,46177,46743,808,813,21,21,False,False,False,False
2026-05-16T10:40:00.917855+00:00,z1aIT-fzbhY,554,14,0,42910,43464,1327,1341,22,22,False,False,False,False
2026-05-16T10:40:00.917855+00:00,1-zrnj9Z6FA,1,0,0,1586,1587,65,65,1,1,False,False,False,False
2026-05-16T10:40:00.917855+00:00,Or6yvefovGU,98,-1,0,17955,18053,718,717,13,13,False,False,False,False
2026-05-16T10:40:00.917855+00:00,gIuPUj-p2Q4,17,2,0,7295,7312,69,71,3,3,False,False,False,False
2026-05-16T10:40:00.917855+00:00,6sARbvvnHxw,461,16,6,42696,43157,2132,2148,151,157,False,False,False,False
2026-05-16T10:40:00.917855+00:00,rXhoGMAeoS8,2,0,0,3510,3512,107,107,2,2,False,False,False,False
2026-05-16T10:40:00.917855+00:00,YIozys8ZjPs,2,0,0,4202,4204,121,121,2,2,False,False,False,False
2026-05-16T10:40:00.917855+00:00,mCc1oPC5f-8,3427,28,1,303842,307269,4120,4148,227,228,False,False,False,False
2026-05-16T10:40:00.917855+00:00,iSGdQjtChUk,1,0,0,1529,1530,96,96,1,1,False,False,False,False
2026-05-16T10:40:00.917855+00:00,5qdSXAozae4,1,0,0,1390,1391,78,78,0,0,False,False,False,False
2026-05-16T10:40:00.917855+00:00,1buIx1jeQXg,1,0,0,3072,3073,190,190,8,8,False,False,False,False
2026-05-16T10:40:00.917855+00:00,YK5lvBU6yLs,0,0,0,937,937,39,39,0,0,False,False,False,False
2026-05-16T10:40:00.917855+00:00,3c9Oq8VyMpg,0,0,-2,2386,2386,112,112,30,28,False,False,False,False
2026-05-16T10:40:00.917855+00:00,7JMlkwMz58I,1541,54,1,209897,211438,7922,7976,167,168,False,False,False,False
2026-05-16T10:40:00.917855+00:00,Tqg-qojfcqA,123,5,0,12855,12978,929,934,9,9,False,False,False,False
2026-05-16T10:40:00.917855+00:00,nm0rAOWyGtE,1279,19,1,97692,98971,2203,2222,17,18,False,False,False,False
2026-05-16T10:40:00.917855+00:00,R1Vs8Rnl1iY,80,1,0,18402,18482,655,656,13,13,False,False,False,False
2026-05-16T10:40:00.917855+00:00,JDPom9Tnjc4,4065,56,3,1845652,1849717,47196,47252,1085,1088,False,False,False,False
2026-05-16T10:40:00.917855+00:00,vp4XgAoKrUQ,3001,40,-1,469879,472880,13480,13520,199,198,False,False,False,False
2026-05-16T10:40:00.917855+00:00,KIL81oKLZTc,2198,52,0,126195,128393,4408,4460,213,213,False,False,False,False
2026-05-16T10:40:00.917855+00:00,mPHNIsDsJio,9988,154,37,990320,1000308,15861,16015,6013,6050,False,False,False,False
2026-05-16T10:40:00.917855+00:00,kIyN_WRhXJw,0,0,0,108,108,10,10,1,1,False,False,False,False
2026-05-16T10:40:00.917855+00:00,WMUsoJWxKVU,0,0,0,1559,1559,105,105,1,1,False,False,False,False
2026-05-16T10:40:00.917855+00:00,jv13-whpdgI,6,1,0,4699,4705,320,321,7,7,False,False,False,False
2026-05-16T10:40:00.917855+00:00,RtMUcQbG1_o,2,1,0,5062,5064,601,602,7,7,False,False,False,False
2026-05-16T10:40:00.917855+00:00,qPikXaHU-jY,26,3,0,9674,9700,1040,1043,21,21,False,False,False,False
2026-05-16T10:40:00.917855+00:00,XAtcOrOAaIk,1,1,0,4092,4093,442,443,5,5,False,False,False,False
2026-05-16T10:40:00.917855+00:00,iuo88mIjzbk,4,0,0,5735,5739,700,700,9,9,False,False,False,False
2026-05-16T10:40:00.917855+00:00,MANsPvLwJs0,142,5,0,13524,13666,1083,1088,24,24,False,False,False,False
2026-05-16T10:40:00.917855+00:00,1THq9IwaDm0,0,0,0,6438,6438,430,430,10,10,False,False,False,False
2026-05-16T10:40:00.917855+00:00,wvdEIXEsnNg,1,0,0,3848,3849,337,337,7,7,False,False,False,False
2026-05-16T10:40:00.917855+00:00,eQzS6CUt7kU,292,11,2,14524,14816,1054,1065,31,33,False,False,False,False
2026-05-16T10:40:00.917855+00:00,oJI4o2LgAzY,624,37,0,57462,58086,2897,2934,73,73,False,False,False,False
2026-05-16T10:40:00.917855+00:00,j_dyQn_4l44,71,0,0,20428,20499,832,832,101,101,False,False,False,False
2026-05-16T10:40:00.917855+00:00,_AqBNvs7ko8,107,5,0,12487,12594,818,823,9,9,False,False,False,False
2026-05-16T10:40:00.917855+00:00,CBxCE4fVpt4,196,3,0,41310,41506,2214,2217,100,100,False,False,False,False
2026-05-16T10:40:00.917855+00:00,Z-XHhcFemnk,477,40,0,84069,84546,5724,5764,146,146,False,False,False,False
2026-05-16T10:40:00.917855+00:00,VCFDGjCcWZs,3370,133,0,256985,260355,13826,13959,108,108,False,False,False,False
2026-05-16T10:40:00.917855+00:00,Kx0v4IeR-1s,36,2,0,5047,5083,335,337,6,6,False,False,False,False
2026-05-16T10:40:00.917855+00:00,p7K3xfViWCE,1246,26,-6,174735,175981,8476,8502,628,622,False,False,False,False
2026-05-16T10:40:00.917855+00:00,dp2_5avL0dM,3,0,0,726,729,26,26,0,0,False,False,False,False
2026-05-16T10:40:00.917855+00:00,DDUq10BCIHc,0,0,0,501,501,19,19,2,2,False,False,False,False
2026-05-16T10:40:00.917855+00:00,2dTKyxqxca0,1,0,0,637,638,11,11,0,0,False,False,False,False
2026-05-16T10:40:00.917855+00:00,xLEEiMWgp-E,24,-1,0,12897,12921,838,837,13,13,False,False,False,False
2026-05-16T10:40:00.917855+00:00,GIGLcNgNOP4,4282,194,6,239122,243404,16468,16662,665,671,False,False,False,False
2026-05-16T10:40:00.917855+00:00,neH5XN_YzW0,12,2,0,1818,1830,120,122,8,8,False,False,False,False
2026-05-16T10:40:00.917855+00:00,9Gr2QjvSQ-I,15911,438,23,1151065,1166976,62058,62496,3597,3620,False,False,False,False
2026-05-16T10:40:00.917855+00:00,YAA0iXJ9gCQ,3396,128,4,778523,781919,43319,43447,676,680,False,False,False,False
2026-05-16T10:40:00.917855+00:00,TyGoMtXLLBU,1228,46,16,45725,46953,2772,2818,705,721,False,False,False,False
2026-05-16T10:40:00.917855+00:00,NlFAfAqX1zE,23384,1515,40,1221782,1245166,77721,79236,2832,2872,False,False,False,False
2026-05-16T10:40:00.917855+00:00,54IzxU24YT0,2530,113,0,308634,311164,19768,19881,1283,1283,False,False,False,False
2026-05-16T10:40:00.917855+00:00,vQnUaLtBmBE,70,6,0,16738,16808,2822,2828,27,27,False,False,False,False
2026-05-16T10:40:00.917855+00:00,J6Tn0FgJ768,429,8,2,86429,86858,3043,3051,271,273,False,False,False,False
2026-05-16T10:40:00.917855+00:00,ifa-F8OY0KY,27913,1079,16,1013364,1041277,60338,61417,1632,1648,False,False,False,False
2026-05-16T10:40:00.917855+00:00,oYl0cu8wos0,3275,206,10,122337,125612,11301,11507,656,666,False,False,False,False
2026-05-16T10:40:00.917855+00:00,Mjq7A18Y7VY,517,24,3,9663,10180,574,598,40,43,False,False,False,False
2026-05-16T10:40:00.917855+00:00,dbAz9kzA7yU,499,22,2,220047,220546,15449,15471,681,683,False,False,False,False
2026-05-16T10:40:00.917855+00:00,IM4NXjEW8vA,10244,501,3,1491180,1501424,72256,72757,527,530,False,False,False,False
2026-05-16T10:40:00.917855+00:00,-0tv5_bKAaQ,44572,1229,9,2456250,2500822,120749,121978,1288,1297,False,False,False,False
2026-05-16T10:40:00.917855+00:00,WhjPhyarsFI,953,23,3,48841,49794,2052,2075,339,342,False,False,False,False
2026-05-16T10:40:00.917855+00:00,97bQ7zx1ObY,49,2,0,11150,11199,503,505,25,25,False,False,False,False
2026-05-16T10:40:00.917855+00:00,0QQ_jxbZbv0,22217,1054,11,1475689,1497906,99724,100778,1326,1337,False,False,False,False
2026-05-16T10:40:00.917855+00:00,cBokxkj8Kc0,7,0,0,7456,7463,328,328,5,5,False,False,False,False
2026-05-16T10:40:00.917855+00:00,xhbplPX4QKI,47,0,0,35485,35532,1518,1518,118,118,False,False,False,False
2026-05-16T10:40:00.917855+00:00,W-9lPpj_ILQ,5,0,0,5899,5904,598,598,22,22,False,False,False,False
2026-05-16T10:40:00.917855+00:00,wHsJWwtQpyo,33,0,0,16903,16936,549,549,5,5,False,False,False,False
2026-05-16T10:40:00.917855+00:00,_J_4Mjav6iI,30,0,0,8664,8694,375,375,5,5,False,False,False,False
2026-05-16T10:40:00.917855+00:00,_Amk2MbBD_U,18,0,0,2682,2700,82,82,4,4,False,False,False,False
2026-05-16T10:40:00.917855+00:00,1uxvXO8XY9M,1277,26,0,107156,108433,3031,3057,114,114,False,False,False,False
2026-05-16T10:40:00.917855+00:00,fGOSfk8mfPY,2339,55,4,357275,359614,11009,11064,937,941,False,False,False,False
2026-05-16T10:40:00.917855+00:00,etURVlpA5mA,21183,339,4,1486017,1507200,42067,42406,500,504,False,False,False,False
2026-05-16T10:40:00.917855+00:00,dlGfZ3KjzwI,541,15,-2,206297,206838,8808,8823,911,909,False,False,False,False
2026-05-16T10:40:00.917855+00:00,TIqrd6dCa8o,159139,7118,93,4772020,4931159,234814,241932,3039,3132,False,False,False,False
2026-05-16T10:40:00.917855+00:00,bMzRXbjLUAs,6,0,0,5796,5802,150,150,1,1,False,False,False,False
2026-05-16T10:40:00.917855+00:00,SW0_HZ3B144,138,4,0,27333,27471,800,804,16,16,False,False,False,False
2026-05-16T10:40:00.917855+00:00,AZXgFlX_bTU,273,11,0,58522,58795,2943,2954,21,21,False,False,False,False
2026-05-16T10:40:00.917855+00:00,Vrl9eQ78bk8,2106,55,0,93174,95280,2745,2800,33,33,False,False,False,False
2026-05-16T10:40:00.917855+00:00,pFxIhhK4rUE,127,4,0,25475,25602,1241,1245,13,13,False,False,False,False
2026-05-16T10:40:00.917855+00:00,wL08vOQaK70,126,2,0,32908,33034,1890,1892,27,27,False,False,False,False
2026-05-16T10:40:00.917855+00:00,OQNLi8O-Eu0,0,0,0,1234,1234,57,57,0,0,False,False,False,False
2026-05-16T10:40:00.917855+00:00,HP4DI0WEiFw,1335,57,0,71943,73278,4801,4858,275,275,False,False,False,False
2026-05-16T10:40:00.917855+00:00,hR4tPe4rwuo,37,1,0,2920,2957,177,178,6,6,False,False,False,False
2026-05-16T10:40:00.917855+00:00,FIEGmya_S3Y,1,0,0,601,602,27,27,1,1,False,False,False,False
2026-05-16T10:40:00.917855+00:00,INj5n4ISAi0,800,77,5,21701,22501,2419,2496,149,154,False,False,False,False
2026-05-16T10:40:00.917855+00:00,8Vq_Vm8Pe9Y,4205,303,4,464821,469026,38038,38341,1120,1124,False,False,False,False
2026-05-16T10:40:00.917855+00:00,wzwlfPp8vuI,32,0,0,5918,5950,264,264,7,7,False,False,False,False
2026-05-16T10:40:00.917855+00:00,2sjya33qZWM,141,4,0,13878,14019,652,656,26,26,False,False,False,False
2026-05-16T10:40:00.917855+00:00,B_BjBZE0aU0,307,17,2,53863,54170,3309,3326,232,234,False,False,False,False
2026-05-16T10:40:00.917855+00:00,vqBSNTZeLsg,143,1,0,28632,28775,601,602,247,247,False,False,False,False
2026-05-16T10:40:00.917855+00:00,heBK7ADuRKM,11,-1,0,4867,4878,413,412,23,23,False,False,False,False
2026-05-16T10:40:00.917855+00:00,8J6XLe0H6Ro,308,17,0,25095,25403,1292,1309,45,45,False,False,False,False
2026-05-16T10:40:00.917855+00:00,ZyLxuteCMXo,186,2,0,24542,24728,1371,1373,110,110,False,False,False,False
2026-05-16T10:40:00.917855+00:00,8_dh-IB9jZ8,46650,1619,86,1343052,1389702,38279,39898,2377,2463,False,False,False,False
2026-05-16T10:40:00.917855+00:00,BTJGr78-zyw,324946,8165,955,8220908,8545854,241235,249400,35799,36754,False,False,False,False
2026-05-16T10:40:00.917855+00:00,QhCO1k8MGjE,9,0,0,6173,6182,262,262,9,9,False,False,False,False
2026-05-16T10:40:00.917855+00:00,TbKxcL_CH3Y,1651,19,1,85214,86865,2685,2704,338,339,False,False,False,False
2026-05-16T10:40:00.917855+00:00,IXYVjF7zckU,24,1,0,8615,8639,156,157,4,4,False,False,False,False
2026-05-16T10:40:00.917855+00:00,2G1BiZp3MmU,20,0,0,4851,4871,110,110,3,3,False,False,False,False
2026-05-16T10:40:00.917855+00:00,S3vzcn9ZhrA,9,0,0,4363,4372,106,106,3,3,False,False,False,False
2026-05-16T10:40:00.917855+00:00,rIi3YI0zmNI,6280,114,34,86892,93172,1769,1883,337,371,False,False,False,False
2026-05-16T10:40:00.917855+00:00,BvPzeHSVsEw,406,7,0,7302,7708,283,290,18,18,False,False,False,False
2026-05-16T10:40:00.917855+00:00,Y5aoOsl-r00,5,0,0,2322,2327,118,118,0,0,False,False,False,False
2026-05-16T10:40:00.917855+00:00,v5HxYeboDIg,25,1,0,6714,6739,424,425,2,2,False,False,False,False
2026-05-16T10:40:00.917855+00:00,etSVXPZ5Wjg,109,4,1,10308,10417,272,276,15,16,False,False,False,False
2026-05-16T10:40:00.917855+00:00,pTWhfAY5kSk,1,0,0,5091,5092,300,300,37,37,False,False,False,False
2026-05-16T10:40:00.917855+00:00,PeFJWx_WIXA,1315,36,1,45463,46778,2008,2044,108,109,False,False,False,False
2026-05-16T10:40:00.917855+00:00,oZdFmKbycx8,1199,42,3,14102,15301,619,661,38,41,False,False,False,False
2026-05-16T10:40:00.917855+00:00,cxLWeagGWUE,125,3,0,7004,7129,273,276,1,1,False,False,False,False
2026-05-16T10:40:00.917855+00:00,2NTkOeH_p0o,21,0,0,1801,1822,106,106,1,1,False,False,False,False
2026-05-16T10:40:00.917855+00:00,imAjmQy8p8c,10148,536,6,132059,142207,8688,9224,227,233,False,False,False,False
2026-05-16T10:40:00.917855+00:00,IKQKPQP0HNE,1108,39,2,116578,117686,6357,6396,165,167,False,False,False,False
2026-05-16T10:40:00.917855+00:00,lzoLWTtj5ho,206,15,0,12902,13108,1179,1194,12,12,False,False,False,False
2026-05-16T10:40:00.917855+00:00,RPZ16oRnnhM,166,10,1,6139,6305,289,299,12,13,False,False,False,False
2026-05-16T10:40:00.917855+00:00,22Rlq7eMvaE,328,4,0,29437,29765,1150,1154,14,14,False,False,False,False
2026-05-16T10:40:00.917855+00:00,IIuM6BxBhdI,231,13,0,29843,30074,1344,1357,16,16,False,False,False,False
2026-05-16T10:40:00.917855+00:00,mKRwWZlOQlk,689,6,1,43016,43705,841,847,16,17,False,False,False,False
2026-05-16T10:40:00.917855+00:00,4t3ID7mJo-8,7314,138,0,332827,340141,6333,6471,96,96,False,False,False,False
2026-05-16T10:40:00.917855+00:00,9uEU6bWB6_4,27009,693,19,585136,612145,17357,18050,131,150,False,False,False,False
2026-05-16T10:40:00.917855+00:00,bw5wSyyH-bg,279,8,0,94721,95000,3939,3947,53,53,False,False,False,False
2026-05-16T10:40:00.917855+00:00,Pf8xz9q12Cs,4807,125,-3,413564,418371,9714,9839,179,176,False,False,False,False
2026-05-16T10:40:00.917855+00:00,Vsa4DmH9_6c,149834,2127,17,3675023,3824857,87427,89554,998,1015,False,False,False,False
2026-05-16T10:40:00.917855+00:00,c6EqXrf-yqk,5791,82,7,970027,975818,26693,26775,666,673,False,False,False,False
2026-05-16T10:40:00.917855+00:00,TNiqq4Uy7aY,45518,1350,4,3651268,3696786,120141,121491,821,825,False,False,False,False
2026-05-16T10:40:00.917855+00:00,toRXiIgtUig,123,8,6,5885,6008,383,391,65,71,False,True,False,False
2026-05-16T10:40:00.917855+00:00,c7jDKJkIuZ8,2,0,0,1463,1465,60,60,0,0,False,False,False,False
2026-05-16T10:40:00.917855+00:00,jMRgMiRCw8c,1,0,0,145,146,10,10,1,1,False,False,False,False
2026-05-16T10:40:00.917855+00:00,L9S9BoEzO_o,0,0,0,1047,1047,32,32,0,0,False,False,False,False
2026-05-16T10:40:00.917855+00:00,TrPGiDGAr8M,121,2,0,4278,4399,231,233,6,6,False,False,False,False
2026-05-16T10:40:00.917855+00:00,cH_ZScbZVEA,687,35,0,26461,27148,2122,2157,25,25,False,False,False,False
2026-05-16T10:40:00.917855+00:00,HBezrmK2eEY,167,13,0,9645,9812,1034,1047,21,21,False,False,False,False
2026-05-16T10:40:00.917855+00:00,H57K_ZTfLK4,7,-1,0,4254,4261,522,521,8,8,False,False,False,False
2026-05-16T10:40:00.917855+00:00,nvzrL7MZ6FQ,160,10,0,28367,28527,1569,1579,17,17,False,False,False,False
2026-05-16T10:40:00.917855+00:00,tLBMAUtATsY,4,0,0,1611,1615,93,93,3,3,False,False,False,False
2026-05-16T10:40:00.917855+00:00,1_D2legkGnM,4,0,0,2189,2193,177,177,2,2,False,False,False,False
2026-05-16T10:40:00.917855+00:00,8MYi3eXH9Hs,2,0,0,1662,1664,80,80,2,2,False,False,False,False
2026-05-16T10:40:00.917855+00:00,zBNTi3oggvA,3,0,0,1837,1840,186,186,5,5,False,False,False,False
2026-05-16T10:40:00.917855+00:00,oUZ9Cxp_tkg,4,1,0,7194,7198,648,649,20,20,False,False,False,False
2026-05-16T10:40:00.917855+00:00,HWAFdvN-agY,93,6,0,5854,5947,531,537,6,6,False,False,False,False
2026-05-16T10:40:00.917855+00:00,iNuSrPJlZjU,44,3,0,11095,11139,805,808,7,7,False,False,False,False
2026-05-16T10:40:00.917855+00:00,cYDhCKATCbU,549,21,-2,7709,8258,513,534,23,21,False,False,False,False
2026-05-16T10:40:00.917855+00:00,BVN4zHHF5-Q,16,1,0,6961,6977,683,684,10,10,False,False,False,False
2026-05-16T10:40:00.917855+00:00,YdG8-82WJyI,15,0,0,6981,6996,754,754,9,9,False,False,False,False
2026-05-16T10:40:00.917855+00:00,36QCg3pkoXs,37,1,0,8134,8171,369,370,18,18,False,False,False,False
2026-05-16T10:40:00.917855+00:00,IXKysHFKvrk,319,12,0,36412,36731,1742,1754,54,54,False,False,False,False
2026-05-16T10:40:00.917855+00:00,EsohGEXp5RA,72,2,0,14638,14710,609,611,17,17,False,False,False,False
2026-05-16T10:40:00.917855+00:00,0nyr8P7hgfU,60,2,0,21129,21189,1401,1403,125,125,False,False,False,False
2026-05-16T10:40:00.917855+00:00,qtz20vF8OR0,275,20,0,33060,33335,3140,3160,43,43,False,False,False,False
2026-05-16T10:40:00.917855+00:00,EJBfmLrc-iw,353,7,0,81146,81499,3156,3163,116,116,False,False,False,False
2026-05-16T10:40:00.917855+00:00,kWIBe2hzd4M,2052,109,0,258258,260310,14543,14652,84,84,False,False,False,False
2026-05-16T10:40:00.917855+00:00,KGHb_XF0Z8M,6015,315,14,292812,298827,17450,17765,1306,1320,False,False,False,False
2026-05-16T10:40:00.917855+00:00,rm46SdVfB4I,550,32,0,22642,23192,1517,1549,23,23,False,False,False,False
2026-05-16T10:40:00.917855+00:00,GYBVh5zlV50,150,7,0,21748,21898,626,633,13,13,False,False,False,False
2026-05-16T10:40:00.917855+00:00,CFBEih785-I,885,19,0,45844,46729,1330,1349,158,158,False,False,False,False
2026-05-16T10:40:00.917855+00:00,m97VrsutW-s,5,0,0,8993,8998,28,28,7,7,False,False,False,False
2026-05-16T10:40:00.917855+00:00,0ynBLEz-2Wk,25,-1,0,24834,24859,1233,1232,81,81,False,False,False,False
2026-05-16T10:40:00.917855+00:00,2aKsRFcgkNk,34,0,0,7618,7652,226,226,2,2,False,False,False,False
2026-05-16T10:40:00.917855+00:00,ayCQvz-p7Sc,4059,72,6,168802,172861,4288,4360,462,468,False,False,False,False
2026-05-16T10:40:00.917855+00:00,TEB02AXYfmw,13,1,0,1488,1501,68,69,3,3,False,False,False,False
2026-05-16T10:40:00.917855+00:00,un0mMDfpPEc,13,0,0,11020,11033,345,345,22,22,False,False,False,False
2026-05-16T10:40:00.917855+00:00,4LJ6dmvKxc8,23,3,0,1548,1571,62,65,0,0,False,False,False,False
2026-05-16T10:40:00.917855+00:00,opuHyONlqjY,347,5,0,150701,151048,4170,4175,95,95,False,False,False,False
2026-05-16T10:40:00.917855+00:00,cL8lb0QX3QU,1128,60,6,57900,59028,4017,4077,325,331,False,False,False,False
2026-05-16T10:40:00.917855+00:00,4UVhim1TnMY,603,19,3,42001,42604,2621,2640,239,242,False,False,False,False
2026-05-16T10:40:00.917855+00:00,5UewQixXxSY,52,1,0,9901,9953,410,411,43,43,False,False,False,False
2026-05-16T10:40:00.917855+00:00,_2djt63K6Lg,1182,55,1,61759,62941,2949,3004,178,179,False,False,False,False
2026-05-16T10:40:00.917855+00:00,DYjyeCKIEU0,29,0,0,2460,2489,274,274,52,52,False,False,False,False
2026-05-16T10:40:00.917855+00:00,ASMDfvp7HM4,12,1,0,1880,1892,186,187,60,60,False,False,False,False
2026-05-16T10:40:00.917855+00:00,rJx6qKcbxrs,1620,60,4,76867,78487,4390,4450,507,511,False,False,False,False
2026-05-16T10:40:00.917855+00:00,dgLkCZqY25k,0,0,0,0,0,1,1,0,0,False,False,False,False
2026-05-16T10:40:00.917855+00:00,9shE5GdYp68,72,4,0,3225,3297,294,298,2,2,False,False,False,False
2026-05-16T10:40:00.917855+00:00,yHYYyV2Pdmk,1785,81,2,248939,250724,17042,17123,518,520,False,False,False,False
2026-05-16T10:40:00.917855+00:00,TkDWgKCjdtU,60777,1360,131,1739988,1800765,46796,48156,5490,5621,False,False,False,False
2026-05-16T10:40:00.917855+00:00,KcA4MloW4PA,25770,755,3,1894625,1920395,77633,78388,1062,1065,False,False,False,False
2026-05-16T10:40:00.917855+00:00,BVCcjqYlfXg,5954,135,1,471846,477800,18498,18633,189,190,False,False,False,False
2026-05-16T10:40:00.917855+00:00,KXZAIigKofE,36,1,0,8184,8220,452,453,26,26,False,False,False,False
2026-05-16T10:40:00.917855+00:00,0QtQXR__SpY,958,51,2,44874,45832,4212,4263,213,215,False,False,False,False
2026-05-16T10:40:00.917855+00:00,mDsCuRpgikc,125,1,0,8291,8416,377,378,24,24,False,False,False,False
2026-05-16T10:40:00.917855+00:00,gVBwX14zOak,114,5,0,15963,16077,1325,1330,8,8,False,False,False,False
2026-05-16T10:40:00.917855+00:00,PBJZdZSTGlE,103,9,0,14061,14164,978,987,11,11,False,False,False,False
2026-05-16T10:40:00.917855+00:00,jOTjNdjtiBw,22,1,0,9605,9627,428,429,23,23,False,False,False,False
2026-05-16T10:40:00.917855+00:00,fabe7nYQa1Q,75,1,0,24108,24183,631,632,188,188,False,False,False,False
2026-05-16T10:40:00.917855+00:00,BqtCN12mmu4,1190,33,0,74846,76036,3084,3117,85,85,False,False,False,False
2026-05-16T10:40:00.917855+00:00,0Pz4RIvTg_Y,3,0,0,1263,1266,54,54,9,9,False,False,False,False
2026-05-16T10:40:00.917855+00:00,KOAhANin5CE,34,1,0,27664,27698,589,590,3,3,False,False,False,False
2026-05-16T10:40:00.917855+00:00,UEYBrtzl3wg,4118,265,6,177153,181271,15134,15399,692,698,False,False,False,False
2026-05-16T10:40:00.917855+00:00,Ocx5uE7vjIw,164,2,0,12174,12338,391,393,17,17,False,False,False,False
2026-05-16T10:40:00.917855+00:00,Fo1L69HFO0c,550,14,0,26599,27149,647,661,37,37,False,False,False,False
2026-05-16T10:40:00.917855+00:00,_hze_rJ4xr0,59,3,0,17614,17673,1370,1373,11,11,False,False,False,False
2026-05-16T10:40:00.917855+00:00,GBAXKF4myuk,45776,895,4,2192635,2238411,78427,79322,331,335,False,False,False,False
2026-05-16T10:40:00.917855+00:00,gsRLocZ2QYg,3797,79,4,502730,506527,16907,16986,1061,1065,False,False,False,False
2026-05-16T10:40:00.917855+00:00,qI1r3TGu5s8,29454,595,4,1791714,1821168,59103,59698,830,834,False,False,False,False
2026-05-16T10:40:00.917855+00:00,ZD538bXPQ50,1448,155,9,47406,48854,6208,6363,413,422,False,False,False,False
2026-05-16T10:40:00.917855+00:00,4xGGV_ExIyM,827,22,4,268007,268834,9192,9214,416,420,False,False,False,False
2026-05-16T10:40:00.917855+00:00,f5QmO_3rK00,94123,2635,9,3178583,3272706,145165,147800,694,703,False,False,False,False
2026-05-16T10:40:00.917855+00:00,m1ddx427bHI,1412,40,3,250453,251865,12612,12652,1401,1404,False,False,False,False
2026-05-16T10:40:00.917855+00:00,Re9uBHP_Aqo,1061,31,0,54312,55373,2017,2048,54,54,False,False,False,False
2026-05-16T10:40:00.917855+00:00,ZkmmXa5JVNg,22,0,0,3704,3726,83,83,1,1,False,False,False,False
2026-05-16T10:40:00.917855+00:00,57VIVNJZywU,9,0,0,2447,2456,71,71,0,0,False,False,False,False
2026-05-16T10:40:00.917855+00:00,ihQnnrWal1k,9,0,0,2910,2919,80,80,2,2,False,False,False,False
2026-05-16T10:40:00.917855+00:00,P4qGwxx9dnI,8,1,0,2635,2643,124,125,7,7,False,False,False,False
2026-05-16T10:40:00.917855+00:00,iad41oFviv8,488,5,1,42851,43339,845,850,50,51,False,False,False,False
2026-05-16T10:40:00.917855+00:00,FzAYUea4vE8,7,0,0,1999,2006,92,92,3,3,False,False,False,False
2026-05-16T10:40:00.917855+00:00,KKUB9Q0Ldi8,13,0,0,2827,2840,167,167,23,23,False,False,False,False
2026-05-16T10:40:00.917855+00:00,aevzxcKkLfc,28,0,0,8158,8186,170,170,29,29,False,False,False,False
2026-05-16T10:40:00.917855+00:00,GJXhgjQeChE,13,0,0,2908,2921,106,106,26,26,False,False,False,False
2026-05-16T10:40:00.917855+00:00,lgaBRLInhYo,3,0,0,3251,3254,186,186,17,17,False,False,False,False
2026-05-16T10:40:00.917855+00:00,WpOXR1f8rKQ,345,9,0,7798,8143,285,294,3,3,False,False,False,False
2026-05-16T10:40:00.917855+00:00,764wuV71sO0,513,19,0,96380,96893,3933,3952,49,49,False,False,False,False
2026-05-16T10:40:00.917855+00:00,GIpW82nODbE,7672,265,1,167126,174798,6019,6284,24,25,False,False,False,False
2026-05-16T10:40:00.917855+00:00,_LRfzYRul0Y,11933,184,5,276044,287977,5368,5552,119,124,False,False,False,False
2026-05-16T10:40:00.917855+00:00,wWNSkQKqie8,8901,220,3,290202,299103,8628,8848,43,46,False,False,False,False
2026-05-16T10:40:00.917855+00:00,OQf2Ba-Lp_4,6873,127,3,83661,90534,2402,2529,103,106,False,False,False,False
2026-05-16T10:40:00.917855+00:00,9g8Bz0ugi1I,32473,951,14,596623,629096,20837,21788,245,259,False,False,False,False
2026-05-16T10:40:00.917855+00:00,iowRMNUU9QQ,274,4,1,24707,24981,521,525,6,7,False,False,False,False
2026-05-16T10:40:00.917855+00:00,Or4oXjKPXrE,670,11,0,75690,76360,1522,1533,26,26,False,False,False,False
2026-05-16T10:40:00.917855+00:00,SFvm5X9E9hI,36460,746,39,1093133,1129593,27768,28514,2637,2676,False,False,False,False
2026-05-16T10:40:00.917855+00:00,uZo3hzCUNsM,14935,328,0,1659325,1674260,45385,45713,743,743,False,False,False,False
2026-05-16T10:40:00.917855+00:00,BYGtKMpJGpg,97506,1885,35,823223,920729,29430,31315,697,732,False,False,False,False
2026-05-16T10:40:00.917855+00:00,owFZVWRoRTM,12620,153,33,842294,854914,13592,13745,4304,4337,False,False,False,False
2026-05-16T10:40:00.917855+00:00,-XlB3RebSW4,144,8,0,4315,4459,243,251,0,0,False,False,False,False
2026-05-16T10:40:00.917855+00:00,3u17S5IHq14,0,0,0,1673,1673,49,49,0,0,False,False,False,False
2026-05-16T10:40:00.917855+00:00,R_SOXyvBPuA,2,0,0,124,126,7,7,1,1,False,False,False,False
2026-05-16T10:40:00.917855+00:00,7YTMLEzOyD0,6,0,0,2604,2610,71,71,1,1,False,False,False,False
2026-05-16T10:40:00.917855+00:00,rMiiE5QmEb0,4,0,0,5422,5426,352,352,5,5,False,False,False,False
2026-05-16T10:40:00.917855+00:00,YfK3LI27YcU,3,0,0,2681,2684,206,206,2,2,False,False,False,False
2026-05-16T10:40:00.917855+00:00,CthF-LloGYM,5,0,0,3587,3592,234,234,2,2,False,False,False,False
2026-05-16T10:40:00.917855+00:00,WIPMzBbfEbk,5,0,0,5071,5076,342,342,4,4,False,False,False,False
2026-05-16T10:40:00.917855+00:00,cQtG3e89OlU,4,0,0,2793,2797,218,218,3,3,False,False,False,False
2026-05-16T10:40:00.917855+00:00,RSQwihpACgQ,2,0,0,2160,2162,245,245,5,5,False,False,False,False
2026-05-16T10:40:00.917855+00:00,xVBsBrmoXa8,5,0,0,3640,3645,290,290,5,5,False,False,False,False
2026-05-16T10:40:00.917855+00:00,DNOr88umKsw,159,3,0,22089,22248,753,756,39,39,False,False,False,False
2026-05-16T10:40:00.917855+00:00,mZ64zRivrJw,471,14,0,50680,51151,1912,1926,216,216,False,False,False,False
2026-05-16T10:40:00.917855+00:00,m2QTVLiXizo,785,43,0,24430,25215,2348,2391,19,19,False,False,False,False
2026-05-16T10:40:00.917855+00:00,OS1R8XpI7b4,8104,213,1,705077,713181,34306,34519,186,187,False,False,False,False
2026-05-16T10:40:00.917855+00:00,_WaudpvolTs,555,25,1,109695,110250,11268,11293,682,683,False,False,False,False
2026-05-16T10:40:00.917855+00:00,ZzrrUfFTu_8,3144,80,0,159486,162630,4782,4862,132,132,False,False,False,False
2026-05-16T10:40:00.917855+00:00,j8jE4UhhMuo,712,12,1,22191,22903,546,558,13,14,False,False,False,False
2026-05-16T10:40:00.917855+00:00,4nQnhjimB4Y,597,16,1,61507,62104,2043,2059,171,172,False,False,False,False
2026-05-16T10:40:00.917855+00:00,mY8qW0pAy_o,72,0,0,2391,2463,166,166,8,8,False,False,False,False
2026-05-16T10:40:00.917855+00:00,3eAU7XU51vw,567,6,0,19847,20414,465,471,6,6,False,False,False,False
2026-05-16T10:40:00.917855+00:00,5eSIhYuzDcU,31,0,0,4542,4573,137,137,0,0,False,False,False,False
2026-05-16T10:40:00.917855+00:00,TeA1JMxe-Cg,23,1,0,9931,9954,278,279,5,5,False,False,False,False
2026-05-16T10:40:00.917855+00:00,BVXJqZenDxU,54,0,0,4675,4729,76,76,4,4,False,False,False,False
2026-05-16T10:40:00.917855+00:00,ncHb_w6UeI8,123,0,0,13209,13332,280,280,25,25,False,False,False,False
2026-05-16T10:40:00.917855+00:00,jwD3VeaU_ng,18,2,0,1676,1694,59,61,1,1,False,False,False,False
2026-05-16T10:40:00.917855+00:00,PDLLR1NwC2o,7535,305,17,183304,190839,10810,11115,683,700,False,False,False,False
2026-05-16T10:40:00.917855+00:00,rSJp2QXBRZE,93,1,0,15735,15828,1830,1831,27,27,False,False,False,False
2026-05-16T10:40:00.917855+00:00,yCIVUZmGyZ8,1466,57,3,47583,49049,2306,2363,118,121,False,False,False,False
2026-05-16T10:40:00.917855+00:00,X84NGQIvwr4,6,0,0,909,915,99,99,0,0,False,False,False,False
2026-05-16T10:40:00.917855+00:00,xaN83gVwJ60,19638,998,9,691911,711549,47696,48694,1851,1860,False,False,False,False
2026-05-16T10:40:00.917855+00:00,1mHrzCe7Gkc,18498,1349,77,153581,172079,17621,18970,1305,1382,False,False,False,False
2026-05-16T10:40:00.917855+00:00,hOQ3M6jdE8Y,95,7,0,4033,4128,479,486,21,21,False,False,False,False
2026-05-16T10:40:00.917855+00:00,mtAmAX-y2vI,1397,53,1,30592,31989,1830,1883,46,47,False,False,False,False
2026-05-16T10:40:00.917855+00:00,bsqWl-u1aQQ,702,67,1,184946,185648,17915,17982,1452,1453,False,False,False,False
2026-05-16T10:40:00.917855+00:00,Yikyh4ymps0,15935,572,6,1848682,1864617,94482,95054,565,571,False,False,False,False
2026-05-16T10:40:00.917855+00:00,B3hwrASGkpY,35819,1394,9,2426759,2462578,110113,111507,1328,1337,False,False,False,False
2026-05-16T10:40:00.917855+00:00,5gvtrtQdrkI,47241,1484,14,2467564,2514805,115514,116998,1593,1607,False,False,False,False
2026-05-16T10:40:00.917855+00:00,aDvEt1rIAyM,102,5,0,6770,6872,458,463,16,16,False,False,False,False
2026-05-16T10:40:00.917855+00:00,2qJtxDjGURI,36,1,0,6477,6513,342,343,6,6,False,False,False,False
2026-05-16T10:40:00.917855+00:00,ExJhkzR21ls,93,7,0,16957,17050,654,661,26,26,False,False,False,False
2026-05-16T10:40:00.917855+00:00,j97gEY_DkBc,505,16,0,16992,17497,770,786,59,59,False,False,False,False
2026-05-16T10:40:00.917855+00:00,UOef-z5X3SU,57,7,0,4049,4106,357,364,22,22,False,False,False,False
2026-05-16T10:40:00.917855+00:00,rWjQ27r4akc,83,3,0,18213,18296,999,1002,31,31,False,False,False,False
2026-05-16T10:40:00.917855+00:00,XmME99qXdmM,214,7,1,118200,118414,4685,4692,130,131,False,False,False,False
2026-05-16T10:40:00.917855+00:00,LAjjk7ivtFM,82,1,0,21024,21106,1090,1091,21,21,False,False,False,False
2026-05-16T10:40:00.917855+00:00,QLPK0g7s3lg,14,-1,0,9180,9194,992,991,56,56,False,False,False,False
2026-05-16T10:40:00.917855+00:00,utvh4HJcx14,12,0,0,636,648,52,52,0,0,False,False,False,False
2026-05-16T10:40:00.917855+00:00,tXRno9MAa-I,3424,111,0,179285,182709,5068,5179,44,44,False,False,False,False
2026-05-16T10:40:00.917855+00:00,SRq2k75uLVo,8806,350,8,929251,938057,40789,41139,2190,2198,False,False,False,False
2026-05-16T10:40:00.917855+00:00,objQF8D-t3Q,75,2,0,7786,7861,515,517,6,6,False,False,False,False
2026-05-16T10:40:00.917855+00:00,MQmVuZls-MA,258,3,0,4940,5198,200,203,4,4,False,False,False,False
2026-05-16T10:40:00.917855+00:00,XmTywJQA2fs,4632,134,0,176456,181088,7418,7552,132,132,False,False,False,False
2026-05-16T10:40:00.917855+00:00,8NoYT5bpGOI,7692,197,5,345969,353661,12232,12429,971,976,False,False,False,False
2026-05-16T10:40:00.917855+00:00,MK36lyttVLU,12794,500,7,560285,573079,29211,29711,581,588,False,False,False,False
2026-05-16T10:40:00.917855+00:00,B_hpiBpMQoI,25531,835,7,1773208,1798739,86363,87198,660,667,False,False,False,False
2026-05-16T10:40:00.917855+00:00,p6Ejmhwb8Sc,3732,199,22,154451,158183,11465,11664,2293,2315,False,False,False,False
2026-05-16T10:40:00.917855+00:00,UXjB6q1dTRE,270,3,0,23875,24145,691,694,6,6,False,False,False,False
2026-05-16T10:40:00.917855+00:00,arQ-cU7yqCI,294,6,0,22388,22682,789,795,14,14,False,False,False,False
2026-05-16T10:40:00.917855+00:00,0rTo8XSNApA,8,1,0,2187,2195,273,274,7,7,False,False,False,False
2026-05-16T10:40:00.917855+00:00,g7ANmC6IYog,41,2,0,13600,13641,1460,1462,12,12,False,False,False,False
2026-05-16T10:40:00.917855+00:00,SsMdZMkYKO4,1359,65,0,15595,16954,1111,1176,11,11,False,False,False,False
2026-05-16T10:40:00.917855+00:00,jZRQQbanCx8,262,4,0,18670,18932,688,692,19,19,False,False,False,False
2026-05-16T10:40:00.917855+00:00,Nn2eXwch-K0,953,11,3,102436,103389,2889,2900,722,725,False,False,False,False
2026-05-16T10:40:00.917855+00:00,iLMYNLHll1E,532,15,0,26985,27517,1173,1188,22,22,False,False,False,False
2026-05-16T10:40:00.917855+00:00,Qqa-Y5pzMy4,22,0,0,4362,4384,287,287,2,2,False,False,False,False
2026-05-16T10:40:00.917855+00:00,8i_FS3tarec,95,2,0,2670,2765,134,136,1,1,False,False,False,False
2026-05-16T10:40:00.917855+00:00,_4CeefIlOBM,7,0,0,2320,2327,185,185,2,2,False,False,False,False
2026-05-16T10:40:00.917855+00:00,1JlcRuBAtZ4,20,3,0,2924,2944,237,240,3,3,False,False,False,False
2026-05-16T10:40:00.917855+00:00,0JYl95vG5hs,304,5,0,11328,11632,499,504,45,45,False,False,False,False
2026-05-16T10:40:00.917855+00:00,B_yUECWfVFg,1606,34,0,31501,33107,754,788,48,48,False,False,False,False
2026-05-16T10:40:00.917855+00:00,VozHMHyKtG8,25509,1539,13,190389,215898,15045,16584,178,191,False,False,False,False
2026-05-16T10:40:00.917855+00:00,e1sm34QQ5Q0,608,33,0,44102,44710,3745,3778,41,41,False,False,False,False
2026-05-16T10:40:00.917855+00:00,gpnRn3UuFOc,2312,112,21,42147,44459,2659,2771,80,101,False,False,False,False
2026-05-16T10:40:00.917855+00:00,r8avNn7cKuY,4041,60,0,136784,140825,2661,2721,29,29,False,False,False,False
2026-05-16T10:40:00.917855+00:00,e-fi6z80CoA,3269,67,1,220821,224090,5366,5433,48,49,False,False,False,False
2026-05-16T10:40:00.917855+00:00,G-2pLhMxPMU,4861,134,0,163921,168782,5281,5415,45,45,False,False,False,False
2026-05-16T10:40:00.917855+00:00,DGL86zYmHBc,294,9,0,30705,30999,2321,2330,7,7,False,False,False,False
2026-05-16T10:40:00.917855+00:00,RdybN9A5CH8,255,9,0,34818,35073,1259,1268,11,11,False,False,False,False
2026-05-16T10:40:00.917855+00:00,g3qdSCk9TNw,32249,918,9,404465,436714,10720,11638,103,112,False,False,False,False
2026-05-16T10:40:00.917855+00:00,oZteZj3IPCs,66792,2507,33,597112,663904,24079,26586,343,376,False,False,False,False
2026-05-16T10:40:00.917855+00:00,Mjin58WQTUI,646,6,0,31152,31798,634,640,5,5,False,False,False,False
2026-05-16T10:40:00.917855+00:00,HI5_RnjEGNg,37915,622,3,1283109,1321024,30691,31313,585,588,False,False,False,False
2026-05-16T10:40:00.917855+00:00,N0Inna0vbM0,24777,454,1,942488,967265,20965,21419,287,288,False,False,False,False
2026-05-16T10:40:00.917855+00:00,WfDMkPf1JQs,53445,1144,4,929615,983060,30818,31962,604,608,False,False,False,False
2026-05-16T10:40:00.917855+00:00,bpakYz183lw,260,6,0,18497,18757,382,388,5,5,False,False,False,False
2026-05-16T10:40:00.917855+00:00,r68HyQzJ6N0,109,6,1,6184,6293,371,377,13,14,False,False,False,False
2026-05-16T10:40:00.917855+00:00,qOnJdoXR8c4,7,0,0,4196,4203,113,113,0,0,False,False,False,False
2026-05-16T10:40:00.917855+00:00,nx-wJiabIZ8,2,0,0,164,166,16,16,3,3,False,False,False,False
2026-05-16T10:40:00.917855+00:00,i7p23_flIAA,9,0,0,3293,3302,57,57,0,0,False,False,False,False
2026-05-16T10:40:00.917855+00:00,9ERKnW5WgOk,5,0,0,3675,3680,260,260,3,3,False,False,False,False
2026-05-16T10:40:00.917855+00:00,eeMXmcWUVjE,23,0,0,5638,5661,410,410,9,9,False,False,False,False
2026-05-16T10:40:00.917855+00:00,GyBPytpEBpk,62,2,0,8947,9009,628,630,6,6,False,False,False,False
2026-05-16T10:40:00.917855+00:00,WnFI_2Fg4dI,5,0,0,4058,4063,341,341,4,4,False,False,False,False
2026-05-16T10:40:00.917855+00:00,6tpnQGLgPwo,6,1,0,4826,4832,388,389,4,4,False,False,False,False
2026-05-16T10:40:00.917855+00:00,mFiFFP7x_RQ,4,1,0,4287,4291,382,383,3,3,False,False,False,False
2026-05-16T10:40:00.917855+00:00,O26UmdpBMbo,7,0,0,4419,4426,369,369,3,3,False,False,False,False
2026-05-16T10:40:00.917855+00:00,IG4Sqs3G1fA,1352,67,3,92239,93591,6226,6293,111,114,False,False,False,False
2026-05-16T10:40:00.917855+00:00,U2bFd4gAJ4w,1020,10,0,37204,38224,1428,1438,67,67,False,False,False,False
2026-05-16T10:40:00.917855+00:00,N9GiuDJVJuc,12451,586,4,748032,760483,36905,37491,326,330,False,False,False,False
2026-05-16T10:40:00.917855+00:00,Z_JYEX2bgb0,3420,166,15,321179,324599,22240,22406,1710,1725,False,False,False,False
2026-05-16T10:40:00.917855+00:00,SSs7i4DW19g,749,26,0,33521,34270,1206,1232,16,16,False,False,False,False
2026-05-16T10:40:00.917855+00:00,g6Cq3m3gq1g,8714,605,21,72013,80727,5768,6373,483,504,False,False,False,False
2026-05-16T10:40:00.917855+00:00,9OkSBuY8kGU,256,4,0,9359,9615,278,282,4,4,False,False,False,False
2026-05-16T10:40:00.917855+00:00,1P3QPUUL_DQ,46,2,0,4924,4970,131,133,1,1,False,False,False,False
2026-05-16T10:40:00.917855+00:00,SSaZRt10A1s,43,1,0,4063,4106,88,89,4,4,False,False,False,False
2026-05-16T10:40:00.917855+00:00,4bXNYw_dTeY,6117,155,4,156600,162717,6280,6435,364,368,False,False,False,False
2026-05-16T10:40:00.917855+00:00,_X5aIvzO9Fw,16,0,0,2719,2735,56,56,0,0,False,False,False,False
2026-05-16T10:40:00.917855+00:00,ylIZ2D5Td4I,28,1,0,1616,1644,62,63,0,0,False,False,False,False
2026-05-16T10:40:00.917855+00:00,vKG-QwpcF3k,20713,469,66,289733,310446,13747,14216,3011,3077,False,False,False,False
2026-05-16T10:40:00.917855+00:00,7w_UJew1aDs,4262,215,26,208655,212917,15118,15333,2549,2575,False,False,False,False
2026-05-16T10:40:00.917855+00:00,zkmezdV88JA,2448,173,2,247956,250404,20328,20501,1666,1668,False,False,False,False
2026-05-16T10:40:00.917855+00:00,-peAopWmtxU,2617,143,2,361383,364000,31787,31930,1886,1888,False,False,False,False
2026-05-16T10:40:00.917855+00:00,Xq7pk4z4rlk,191798,7543,108,3599058,3790856,172068,179611,1499,1607,False,False,False,False
2026-05-16T10:40:00.917855+00:00,OGQFzTqTT6o,7136,275,1,336515,343651,16415,16690,219,220,False,False,False,False
2026-05-16T10:40:00.917855+00:00,2MInIAO3bFA,64,1,0,6028,6092,351,352,13,13,False,False,False,False
2026-05-16T10:40:00.917855+00:00,gztlPinApRE,19935,936,30,720089,740024,47736,48672,1383,1413,False,False,False,False
2026-05-16T10:40:00.917855+00:00,A9-HCSNX4Gs,117,3,0,6145,6262,330,333,8,8,False,False,False,False
2026-05-16T10:40:00.917855+00:00,MxwVuQTGUbg,517,45,0,7353,7870,440,485,13,13,False,False,False,False
2026-05-16T10:40:00.917855+00:00,Vg3RMRPQ0RA,105,4,0,9987,10092,500,504,3,3,False,False,False,False
2026-05-16T10:40:00.917855+00:00,Yo4aGwiAUBk,6350,205,8,68482,74832,2351,2556,78,86,False,False,False,False
2026-05-16T10:40:00.917855+00:00,SiQ3bMsRXHs,895,65,0,111284,112179,5228,5293,93,93,False,False,False,False
2026-05-16T10:40:00.917855+00:00,5a0Ickv5Rjo,239,8,1,16135,16374,1021,1029,34,35,False,False,False,False
2026-05-16T10:40:00.917855+00:00,-7R_yASwE4w,1090,40,5,41801,42891,2026,2066,149,154,False,False,False,False
2026-05-16T10:40:00.917855+00:00,pwcrn5bdr9c,9671,449,2,346512,356183,9992,10441,115,117,False,False,False,False
2026-05-16T10:40:00.917855+00:00,vxjrgy16ljc,7146,152,8,69964,77110,3946,4098,267,275,False,False,False,False
2026-05-16T10:40:00.917855+00:00,YVgdX2fTKWg,4426,72,0,548954,553380,12855,12927,1330,1330,False,False,False,False
2026-05-16T10:40:00.917855+00:00,AvxFr8lBnVI,26187,396,2,1119909,1146096,23303,23699,184,186,False,False,False,False
2026-05-16T10:40:00.917855+00:00,XfGEMCb6BQU,625836,9297,572,2963695,3589531,116308,125605,4359,4931,False,False,False,False
2026-05-16T10:40:00.917855+00:00,WsK8Ht_a9J4,648,25,0,8197,8845,515,540,23,23,False,False,False,False
2026-05-16T10:40:00.917855+00:00,zrAFzVialPQ,27,3,0,2325,2352,69,72,2,2,False,False,False,False
2026-05-16T10:40:00.917855+00:00,lBNfY9ImDZY,104,3,0,7611,7715,180,183,10,10,False,False,False,False
2026-05-16T10:40:00.917855+00:00,DOiDmnYb1G0,18,1,0,3248,3266,191,192,1,1,False,False,False,False
2026-05-16T10:40:00.917855+00:00,dqqbLS57ZWk,585,19,1,5771,6356,352,371,19,20,False,False,False,False
2026-05-16T10:40:00.917855+00:00,AUwv_8qoPeY,21,1,0,3127,3148,131,132,3,3,False,False,False,False
2026-05-16T10:40:00.917855+00:00,5rTrRNntFTA,4796,319,21,51102,55898,4468,4787,387,408,False,False,False,False
2026-05-16T10:40:00.917855+00:00,iYwycjbhync,109,7,2,4150,4259,328,335,28,30,False,False,False,False
2026-05-16T10:40:00.917855+00:00,giDzcuRAg6g,422,9,0,13208,13630,339,348,24,24,False,False,False,False
2026-05-16T10:40:00.917855+00:00,LFgVx1UUrOg,565,8,2,16565,17130,656,664,9,11,False,False,False,False
2026-05-16T10:40:00.917855+00:00,fhaODAC3PBk,5533,182,1,85288,90821,3897,4079,46,47,False,False,False,False
2026-05-16T10:40:00.917855+00:00,E_48pLQK2C8,203,12,0,7263,7466,650,662,9,9,False,False,False,False
2026-05-16T10:40:00.917855+00:00,N7UtnNPSYYI,2256,64,-1,51951,54207,2003,2067,22,21,False,False,False,False
2026-05-16T10:40:00.917855+00:00,df8m5VhKqhM,4114,83,-1,92010,96124,2156,2239,53,52,False,False,False,False
2026-05-16T10:40:00.917855+00:00,dFFcJBHuRcQ,715,19,-2,37202,37917,1365,1384,20,18,False,False,False,False
2026-05-16T10:40:00.917855+00:00,1-B-IJh_fsU,1991,37,-1,34432,36423,875,912,16,15,False,False,False,False
2026-05-16T10:40:00.917855+00:00,8wjPN6Bvi-k,547,22,0,45963,46510,2099,2121,26,26,False,False,False,False
2026-05-16T10:40:00.917855+00:00,__4yBF4LLLU,440,10,0,21949,22389,816,826,15,15,False,False,False,False
2026-05-16T10:40:00.917855+00:00,WpQ0qbUFLXc,3879,119,0,95083,98962,2883,3002,24,24,False,False,False,False
2026-05-16T10:40:00.917855+00:00,0pPuQw4fQaI,1910,29,1,109249,111159,2256,2285,40,41,False,False,False,False
2026-05-16T10:40:00.917855+00:00,nByAk8IonBk,565,13,-1,40336,40901,1344,1357,22,21,False,False,False,False
2026-05-16T10:40:00.917855+00:00,OjbxCNnJcEU,11326,187,0,967775,979101,30981,31168,1197,1197,False,False,False,False
2026-05-16T10:40:00.917855+00:00,r4R_Hlw7sbo,16319,288,6,78796,95115,2316,2604,104,110,False,False,False,False
2026-05-16T10:40:00.917855+00:00,ImmxcdpyBUE,885,97,1,5043,5928,402,499,0,1,False,False,False,False
2026-05-16T10:40:00.917855+00:00,9n-Tiy4cfQI,10,0,0,2575,2585,117,117,1,1,False,False,False,False
2026-05-16T10:40:00.917855+00:00,8t5AQRV_tHo,7,1,0,145,152,7,8,0,0,False,False,False,False
2026-05-16T10:40:00.917855+00:00,fy74y8e7nAw,1,0,0,1079,1080,48,48,0,0,False,False,False,False
2026-05-16T10:40:00.917855+00:00,uZBIzw2OhBc,50,7,0,6169,6219,701,708,5,5,False,False,False,False
2026-05-16T10:40:00.917855+00:00,nOrpKnX0B9A,215,17,0,13422,13637,1023,1040,20,20,False,False,False,False
2026-05-16T10:40:00.917855+00:00,4Y94xhZcF0U,4437,231,8,22604,27041,1945,2176,45,53,False,False,False,False
2026-05-16T10:40:00.917855+00:00,8CMkyTJpB2c,10,1,0,1647,1657,126,127,2,2,False,False,False,False
2026-05-16T10:40:00.917855+00:00,LEOFfZXOkUY,22,3,0,5361,5383,592,595,3,3,False,False,False,False
2026-05-16T10:40:00.917855+00:00,yQn0PrcaxWQ,28,4,0,8811,8839,964,968,13,13,False,False,False,False
2026-05-16T10:40:00.917855+00:00,m_Pt_uzlEgg,55,4,0,7433,7488,524,528,6,6,False,False,False,False
2026-05-16T10:40:00.917855+00:00,ktyLuwrmNr4,16,0,0,3702,3718,395,395,2,2,False,False,False,False
2026-05-16T10:40:00.917855+00:00,Y_FN-dx8J2M,256,22,0,13986,14242,1363,1385,33,33,False,False,False,False
2026-05-16T10:40:00.917855+00:00,ogGjzOIl5lQ,5,0,0,2498,2503,240,240,4,4,False,False,False,False
2026-05-16T10:40:00.917855+00:00,qscktzcDfPM,9561,495,30,161188,170749,11248,11743,1093,1123,False,False,False,False
2026-05-16T10:40:00.917855+00:00,fBDskjffnZ0,35,4,0,4397,4432,382,386,23,23,False,False,False,False
2026-05-16T10:40:00.917855+00:00,HgfDVxIHlv8,1362,79,0,47815,49177,3958,4037,73,73,False,False,False,False
2026-05-16T10:40:00.917855+00:00,VH1-eMZk-Ms,916,17,0,78739,79655,2260,2277,242,242,False,False,False,False
2026-05-16T10:40:00.917855+00:00,c5Jej6WbEpM,29282,761,100,768351,797633,27321,28082,4492,4592,False,False,False,False
2026-05-16T10:40:00.917855+00:00,3SFlwYVEubU,55581,4460,11,1108119,1163700,75358,79818,395,406,False,False,False,False
2026-05-16T10:40:00.917855+00:00,zfNPPFcYi-A,1790,102,10,123243,125033,10648,10750,721,731,False,False,False,False
2026-05-16T10:40:00.917855+00:00,7F4pY8Td9QQ,44152,1012,15,872719,916871,21297,22309,279,294,False,False,False,False
2026-05-16T10:40:00.917855+00:00,wJl8aMWZp3A,419,0,-2,15722,16141,215,215,31,29,False,False,False,False
2026-05-16T10:40:00.917855+00:00,UtgUs9B2pmU,400,17,0,13929,14329,587,604,17,17,False,False,False,False
2026-05-16T10:40:00.917855+00:00,pcnkzTIQXPU,819,36,1,23218,24037,1224,1260,29,30,False,False,False,False
2026-05-16T10:40:00.917855+00:00,Ts018QeD34k,71,1,0,3103,3174,184,185,6,6,False,False,False,False
2026-05-16T10:40:00.917855+00:00,OHuPtXHcJYM,2497,112,1,39665,42162,2574,2686,89,90,False,False,False,False
2026-05-16T10:40:00.917855+00:00,yxg9URl5wuI,80,2,0,4031,4111,130,132,1,1,False,False,False,False
2026-05-16T10:40:00.917855+00:00,o7XIt6ldHWo,83,2,0,3952,4035,78,80,0,0,False,False,False,False
2026-05-16T10:40:00.917855+00:00,fVVh3C8hFdY,30,1,0,2106,2136,43,44,2,2,False,False,False,False
2026-05-16T10:40:00.917855+00:00,5LBnQ2OhJCQ,30757,499,101,92167,122924,2793,3292,629,730,False,False,False,False
2026-05-16T10:40:00.917855+00:00,dMdxruMF21Y,756,32,0,13102,13858,645,677,17,17,False,False,False,False
2026-05-16T10:40:00.917855+00:00,gd3iHglylrY,6501,227,9,177377,183878,11608,11835,506,515,False,False,False,False
2026-05-16T10:40:00.917855+00:00,WSi_IaIn9wE,2586,158,0,47666,50252,3094,3252,51,51,False,False,False,False
2026-05-16T10:40:00.917855+00:00,ArA_8v8LTfY,6198,336,14,291815,298013,20440,20776,687,701,False,False,False,False
2026-05-16T10:40:00.917855+00:00,5OPXXtUC3x0,674,77,4,12202,12876,1316,1393,78,82,False,False,False,False
2026-05-16T10:40:00.917855+00:00,HB20PBw3C-0,4473,202,7,44024,48497,2572,2774,88,95,False,True,False,False
2026-05-16T10:40:00.917855+00:00,cnM2xdHMqDU,30,1,0,1211,1241,113,114,61,61,False,False,False,False
2026-05-16T10:40:00.917855+00:00,2woILE2Fhgc,37807,1623,26,990159,1027966,55188,56811,2476,2502,False,False,False,False
2026-05-16T10:40:00.917855+00:00,cZWh4DCZsQg,1277,64,2,51233,52510,2515,2579,222,224,False,False,False,False
2026-05-16T10:40:00.917855+00:00,yipK0StLn9k,16036,839,10,464754,480790,32544,33383,1793,1803,False,False,False,False
2026-05-16T10:40:00.917855+00:00,X3kCgMfoCDY,43436,1561,24,1105170,1148606,61283,62844,1123,1147,False,False,False,False
2026-05-16T10:40:00.917855+00:00,Aen53ytTYqc,50093,1465,1,1403099,1453192,63370,64835,480,481,False,False,False,False
2026-05-16T10:40:00.917855+00:00,vCMOT7RkU5Q,2245,87,1,56927,59172,4571,4658,241,242,False,False,False,False
2026-05-16T10:40:00.917855+00:00,2_ByTkLuYNM,115,7,2,8768,8883,517,524,203,205,False,False,False,False
2026-05-16T10:40:00.917855+00:00,uAFufHQ706o,445,19,1,13643,14088,785,804,45,46,False,False,False,False
2026-05-16T10:40:00.917855+00:00,T32B8W5B3XY,8205,221,3,147913,156118,3968,4189,130,133,False,False,False,False
2026-05-16T10:40:00.917855+00:00,Hw7PE5a3DGo,924,17,0,53571,54495,2313,2330,566,566,False,False,False,False
2026-05-16T10:40:00.917855+00:00,AJsAV4ZqwTc,6297,129,9,95950,102247,3828,3957,196,205,False,False,False,False
2026-05-16T10:40:00.917855+00:00,rvVGTI7PFUQ,154779,2597,173,1583421,1738200,52025,54622,3702,3875,False,False,False,False
2026-05-16T10:40:00.917855+00:00,EPBKIT19kg0,40101,1030,36,432657,472758,21344,22374,1097,1133,False,False,False,False
2026-05-16T10:40:00.917855+00:00,daTs4wtAbmM,8065,238,6,743705,751770,29692,29930,831,837,False,False,False,False
2026-05-16T10:40:00.917855+00:00,uGwDuvSqgYI,6902,171,3,72075,78977,2981,3152,134,137,False,False,False,False
2026-05-16T10:40:00.917855+00:00,kwEtOyaFhCA,66132,1500,210,1415883,1482015,39419,40919,8706,8916,False,False,False,False
2026-05-16T10:40:00.917855+00:00,Vj0kvWvBGxg,2260,38,-1,113883,116143,2579,2617,66,65,False,False,False,False
2026-05-16T10:40:00.917855+00:00,YeLi2cRhXSU,20674,518,11,638308,658982,23219,23737,1094,1105,False,False,False,False
2026-05-16T10:40:00.917855+00:00,Qc11sIp3nR8,14147,310,1,641922,656069,21436,21746,178,179,False,False,False,False
2026-05-16T10:40:00.917855+00:00,w88x3_HNPxg,5117,113,40,211332,216449,11359,11472,1632,1672,False,False,False,False
2026-05-16T10:40:00.917855+00:00,ZVzRMrLmQCc,13894,352,18,347729,361623,15437,15789,1277,1295,False,False,False,False
2026-05-16T10:40:00.917855+00:00,bWihh-tcMoY,65,0,0,3105,3170,93,93,10,10,False,False,False,False
2026-05-16T10:40:00.917855+00:00,UusDINSii00,18,0,0,2143,2161,59,59,1,1,False,False,False,False
2026-05-16T10:40:00.917855+00:00,4xS5ctymXBs,1325,34,2,70548,71873,2835,2869,256,258,False,False,False,False
2026-05-16T10:40:00.917855+00:00,JBN7zfWpRJE,128,3,0,6723,6851,108,111,3,3,False,False,False,False
2026-05-16T10:40:00.917855+00:00,EEuxUlCj10Q,26,1,0,2407,2433,65,66,1,1,False,False,False,False
2026-05-16T10:40:00.917855+00:00,Y1Q2le4JrAI,3712,13,-1,8053,11765,210,223,28,27,False,False,False,False
2026-05-16T10:40:00.917855+00:00,ap_xXwAakaw,131,12,-2,4725,4856,325,337,30,28,False,False,False,False
2026-05-16T10:40:00.917855+00:00,QIRrwtfpUo8,27,2,-5,1007,1034,59,61,22,17,False,False,False,False
2026-05-16T10:40:00.917855+00:00,QHwSRnIfbuU,14,0,0,1591,1605,93,93,0,0,False,False,False,False
2026-05-16T10:40:00.917855+00:00,ioMFcAvfkO4,2876,71,1,28698,31574,1306,1377,16,17,False,False,False,False
2026-05-16T10:40:00.917855+00:00,lSFO6ygKqoM,15512,208,8,101422,116934,1700,1908,58,66,False,False,False,False
2026-05-16T10:40:00.917855+00:00,Omkh1QFFiBM,5344,259,2,37372,42716,2334,2593,39,41,False,False,False,False
2026-05-16T10:40:00.917855+00:00,-6TqZHP3NIc,85,5,0,3427,3512,238,243,83,83,False,False,False,False
2026-05-16T10:40:00.917855+00:00,3fh7-hAq5xM,12111,149,-1,119042,131153,1859,2008,32,31,False,False,False,False
2026-05-16T10:40:00.917855+00:00,4UhvmwlxRLM,663,24,0,15716,16379,466,490,8,8,False,False,False,False
2026-05-16T10:40:00.917855+00:00,LLj-ledF9PI,999,48,1,30038,31037,1935,1983,24,25,False,False,False,False
2026-05-16T10:40:00.917855+00:00,vEllJ_ltr18,4521,95,1,45825,50346,1089,1184,9,10,False,False,False,False
2026-05-16T10:40:00.917855+00:00,DJFZGH0vKho,1399,33,-1,32585,33984,878,911,10,9,False,False,False,False
2026-05-16T10:40:00.917855+00:00,ja_XWS1tBOc,1376,36,-4,43195,44571,1002,1038,46,42,False,False,False,False
2026-05-16T10:40:00.917855+00:00,PSi75u9Lvek,14815,387,5,217129,231944,6377,6764,64,69,False,False,False,False
2026-05-16T10:40:00.917855+00:00,B68QDB2YfZY,15155,764,6,21623,36778,1168,1932,15,21,False,False,False,False
2026-05-16T10:40:00.917855+00:00,jwkXWZKLpFk,10007,284,-1,249043,259050,7134,7418,87,86,False,False,False,False
2026-05-16T10:40:00.917855+00:00,8WaOsUdfi6c,42657,902,21,1442915,1485572,39668,40570,1268,1289,False,False,False,False
2026-05-16T10:40:00.917855+00:00,qrmEmu7nDFc,9787,192,4,254040,263827,8221,8413,149,153,False,False,False,False
2026-05-16T10:40:00.917855+00:00,uIcth4jt5yQ,62007,1151,10,1990931,2052938,69253,70404,880,890,False,False,False,False
2026-05-16T10:40:00.917855+00:00,tT-5AciMHc8,6918,153,-1,635273,642191,20238,20391,313,312,False,False,False,False
2026-05-16T10:40:00.917855+00:00,PQZ2-kl18nY,49159,935,155,1107119,1156278,23133,24068,6916,7071,False,False,False,False
2026-05-16T10:40:00.917855+00:00,lXVyuiseTsQ,4236,121,3,15033,19269,532,653,23,26,False,False,False,False
2026-05-16T10:40:00.917855+00:00,l0ajkWIuraE,110,6,0,4547,4657,491,497,6,6,False,False,False,False
2026-05-16T10:40:00.917855+00:00,BJ6ybiIMdbY,183,12,0,6630,6813,742,754,12,12,False,False,False,False
2026-05-16T10:40:00.917855+00:00,SiElz1faChE,48,3,0,1634,1682,127,130,5,5,False,False,False,False
2026-05-16T10:40:00.917855+00:00,7ZU_n58hY5Y,25,-1,0,636,661,69,68,4,4,False,False,False,False
2026-05-16T10:40:00.917855+00:00,zPidbS_3R94,29,0,0,3017,3046,333,333,5,5,False,False,False,False
2026-05-16T10:40:00.917855+00:00,TybtF_UnwHI,30,1,0,1161,1191,139,140,15,15,False,False,False,False
2026-05-16T10:40:00.917855+00:00,z4h2OSxmQr8,1079,56,0,11992,13071,1023,1079,22,22,False,False,False,False
2026-05-16T10:40:00.917855+00:00,S9qeKnsIUJM,128,4,0,6203,6331,594,598,10,10,False,False,False,False
2026-05-16T10:40:00.917855+00:00,1VvLw6sQMcI,10,0,0,2767,2777,191,191,6,6,False,False,False,False
2026-05-16T10:40:00.917855+00:00,MLlYc5sy4X0,53,4,0,3936,3989,522,526,7,7,False,False,False,False
2026-05-16T10:40:00.917855+00:00,wIfSyH9wFjs,10603,550,12,140464,151067,5809,6359,134,146,False,False,False,False
2026-05-16T10:40:00.917855+00:00,HCctOxW-iWQ,417,23,3,15792,16209,820,843,16,19,False,False,False,False
2026-05-16T10:40:00.917855+00:00,l-6x9PLzHkw,748,58,0,26184,26932,2808,2866,44,44,False,False,False,False
2026-05-16T10:40:00.917855+00:00,J9FHkmw-l9w,91918,2651,15,200015,291933,8629,11280,249,264,False,False,False,False
2026-05-16T10:40:00.917855+00:00,jwbb2gBJv80,,-2,-1,,,3741,3739,602,601,False,False,False,False
2026-05-16T10:40:00.917855+00:00,lGbrQJO3E_4,8780,232,16,176503,185283,7738,7970,610,626,False,False,False,False
2026-05-16T10:40:00.917855+00:00,wTZfT81oTrs,1028,28,0,20807,21835,1059,1087,8,8,False,False,False,False
2026-05-16T10:40:00.917855+00:00,0X0pDsglgno,27517,919,24,364217,391734,18553,19472,520,544,False,False,False,False
2026-05-16T10:40:00.917855+00:00,ENkAEIMcDis,2166,74,9,62450,64616,2239,2313,189,198,False,False,False,False
2026-05-16T10:40:00.917855+00:00,-f4f9HVbOzw,1973,79,3,43914,45887,1766,1845,63,66,False,False,False,False
2026-05-16T10:40:00.917855+00:00,nKjkNG951j0,3925,198,1,74127,78052,5746,5944,245,246,False,False,False,False
2026-05-16T10:40:00.917855+00:00,U2Dte2isigQ,24,0,0,8390,8414,29,29,5,5,False,False,False,False
2026-05-16T10:40:00.917855+00:00,2_kyhUXyOlQ,1814,6,0,45978,47792,618,624,8,8,False,False,False,False
2026-05-16T10:40:00.917855+00:00,nP9uFj-_dgA,516,5,0,38321,38837,226,231,7,7,False,False,False,False
2026-05-16T10:40:00.917855+00:00,gV-VoaHsy-c,5138,346,11,31992,37130,2045,2391,48,59,False,False,False,False
2026-05-16T10:40:00.917855+00:00,p0dwtWXK_js,30,0,0,1269,1299,54,54,3,3,False,False,False,False
2026-05-16T10:40:00.917855+00:00,GwXyadIbJ_A,1226,62,2,25504,26730,1422,1484,29,31,False,False,False,False
2026-05-16T10:40:00.917855+00:00,Bj6MqL4pkXo,14137,780,9,159175,173312,13690,14470,395,404,False,False,False,False
2026-05-16T10:40:00.917855+00:00,ZyC3GRY5e1M,3489,78,0,164967,168456,4424,4502,43,43,False,False,False,False
2026-05-16T10:40:00.917855+00:00,RvCT57c2Fdc,2632,115,5,65471,68103,3561,3676,146,151,False,False,False,False
2026-05-16T10:40:00.917855+00:00,4LFP-oTXUN8,11161,903,24,372722,383883,29606,30509,1019,1043,False,False,False,False
2026-05-16T10:40:00.917855+00:00,QHE2QO8peRA,8903,507,51,171871,180774,15781,16288,1263,1314,False,False,False,False
2026-05-16T10:40:00.917855+00:00,N-zh9aImMwA,104,5,0,10508,10612,433,438,18,18,False,False,False,False
2026-05-16T10:40:00.917855+00:00,l4v4m3CgwSQ,6537,162,24,129619,136156,5313,5475,505,529,False,False,False,False
2026-05-16T10:40:00.917855+00:00,pG247FlW_7s,116,2,0,3361,3477,75,77,1,1,False,False,False,False
2026-05-16T10:40:00.917855+00:00,d1vE6c0Rzp4,533,16,0,3139,3672,208,224,23,23,False,False,False,False
2026-05-16T10:40:00.917855+00:00,XkooOral3ms,222,9,0,2693,2915,318,327,10,10,False,False,False,False
2026-05-16T10:40:00.917855+00:00,zoWYkJ4RTN0,677,48,1,235198,235875,15131,15179,945,946,False,False,False,False
2026-05-16T10:40:00.917855+00:00,7S3LvDMxrxQ,36928,657,18,708605,745533,18092,18749,1565,1583,False,False,False,False
2026-05-16T10:40:00.917855+00:00,ImG1BgHsqHk,159392,6285,19,1269560,1428952,66347,72632,398,417,False,False,False,False
2026-05-16T10:40:00.917855+00:00,BkKfKRzpwxg,9253,339,-8,274070,283323,13772,14111,193,185,False,False,False,False
2026-05-16T10:40:00.917855+00:00,vy9hFJDZxxc,40,3,0,4268,4308,220,223,5,5,False,False,False,False
2026-05-16T10:40:00.917855+00:00,zvBx0ylgPOE,1173,58,2,27203,28376,1742,1800,31,33,False,False,False,False
2026-05-16T10:40:00.917855+00:00,aI1my7tsEnI,351,6,1,18032,18383,586,592,55,56,False,False,False,False
2026-05-16T10:40:00.917855+00:00,kKkiGPUnIds,11901,583,12,439444,451345,27684,28267,549,561,False,False,False,False
2026-05-16T10:40:00.917855+00:00,QBLH2Q3K_aE,4933,230,12,39675,44608,2545,2775,190,202,False,False,False,False
2026-05-16T10:40:00.917855+00:00,0dlCWrqFoeM,351,22,0,12815,13166,597,619,12,12,False,False,False,False
2026-05-16T10:40:00.917855+00:00,kWGf0-rTVUo,112,1,0,2579,2691,34,35,0,0,False,False,False,False
2026-05-16T10:40:00.917855+00:00,jSoonxA5JkE,100,0,0,3829,3929,119,119,2,2,False,False,False,False
2026-05-16T10:40:00.917855+00:00,8spOcDezHrw,4820,95,6,35591,40411,830,925,80,86,False,False,False,False
2026-05-16T10:40:00.917855+00:00,t5VenR2zC2o,3755,56,9,98564,102319,3024,3080,613,622,False,False,False,False
2026-05-16T10:40:00.917855+00:00,tJH_gXK_WBM,122132,3930,15,1381253,1503385,48156,52086,389,404,False,False,False,False
2026-05-16T10:40:00.917855+00:00,P4ggqnvOO5c,7585,181,7,519355,526940,18844,19025,1403,1410,False,False,False,False
2026-05-16T10:40:00.917855+00:00,hkTEFNz-CeU,37618,721,9,1090153,1127771,25188,25909,308,317,False,False,False,False
2026-05-16T10:40:00.917855+00:00,yIZSL7ZtlYs,5786,224,36,191776,197562,8364,8588,1656,1692,False,False,False,False
2026-05-16T10:40:00.917855+00:00,dl4Dw-RlPv4,25176,1427,15,351076,376252,21333,22760,372,387,False,False,False,False
2026-05-16T10:40:00.917855+00:00,g4Gb6viwsnQ,4951,147,46,150670,155621,7969,8116,1000,1046,False,False,False,False
2026-05-16T10:40:00.917855+00:00,ufd2-4stl2c,454,9,0,3362,3816,93,102,4,4,False,False,False,False
2026-05-16T10:40:00.917855+00:00,uHxqeL7QELA,433,7,0,8385,8818,211,218,11,11,False,False,False,False
2026-05-16T10:40:00.917855+00:00,faI4p5bLrHI,88,2,0,2820,2908,94,96,3,3,False,False,False,False
2026-05-16T10:40:00.917855+00:00,h97_Js_1xxM,48,0,0,1441,1489,41,41,1,1,False,False,False,False
2026-05-16T10:40:00.917855+00:00,G_DfQGPlzSk,73,3,0,1815,1888,48,51,0,0,False,False,False,False
2026-05-16T10:40:00.917855+00:00,RUDBhauy7d4,2020,47,3,48531,50551,2037,2084,89,92,False,False,True,False
2026-05-16T10:40:00.917855+00:00,oK_5j-Sg2gY,45,0,0,1874,1919,75,75,8,8,False,False,False,False
2026-05-16T10:40:00.917855+00:00,drXSzAz-Y5k,36,2,0,2495,2531,71,73,4,4,False,False,False,False
2026-05-16T10:40:00.917855+00:00,bnMCnUrqfnI,34,1,0,2835,2869,91,92,3,3,False,False,False,False
2026-05-16T10:40:00.917855+00:00,8Uc38P74EPA,11131,162,8,37827,48958,1024,1186,40,48,False,False,False,False
2026-05-16T10:40:00.917855+00:00,YhK61esLuvA,155,13,-10,2340,2495,141,154,33,23,False,False,False,False
2026-05-16T10:40:00.917855+00:00,X9LVL35yvio,5908,500,126,11997,17905,1285,1785,315,441,False,False,False,False
2026-05-16T10:40:00.917855+00:00,kOACms0v5iw,139,12,1,2066,2205,156,168,6,7,False,False,False,False
2026-05-16T10:40:00.917855+00:00,pZpTd45UHtw,344,17,0,4837,5181,281,298,14,14,False,False,False,False
2026-05-16T10:40:00.917855+00:00,nuFQ3CJ7Mo8,296,5,0,3754,4050,94,99,25,25,False,False,False,False
2026-05-16T10:40:00.917855+00:00,DY2SaD5AMcg,3963,119,9,27892,31855,1497,1616,109,118,False,False,False,False
2026-05-16T10:40:00.917855+00:00,7hCnpK4ZuFI,25,0,0,3769,3794,262,262,10,10,False,False,False,False
2026-05-16T10:40:00.917855+00:00,rhlNOFjmu_Q,36,2,0,1735,1771,91,93,15,15,False,False,False,False
2026-05-16T10:40:00.917855+00:00,VKyRU-ciTwM,79,4,-1,4091,4170,231,235,17,16,False,False,False,False
2026-05-16T10:40:00.917855+00:00,DqU3d7vvfjU,13895,375,12,26208,40103,1337,1712,68,80,False,False,False,False
2026-05-16T10:40:00.917855+00:00,1jJqsOIsUC4,3359,173,7,9915,13274,534,707,20,27,False,False,False,False
2026-05-16T10:40:00.917855+00:00,Zt_XxHuDRm4,17599,320,15,67097,84696,1649,1969,107,122,False,False,False,False
2026-05-16T10:40:00.917855+00:00,V4I_Vd1iKvM,616,28,0,4041,4657,161,189,1,1,False,False,False,False
2026-05-16T10:40:00.917855+00:00,nM4RVn1Anlk,4229,138,2,41216,45445,2070,2208,61,63,False,False,False,False
2026-05-16T10:40:00.917855+00:00,9zUupCK_Gww,5364,294,5,12342,17706,777,1071,36,41,False,False,False,False
2026-05-16T10:40:00.917855+00:00,i9qbn42hBN4,1425,73,0,13692,15117,872,945,7,7,False,False,False,False
2026-05-16T10:40:00.917855+00:00,W6CJZVdLZ3E,18968,784,13,180046,199014,10068,10852,291,304,False,False,False,False
2026-05-16T10:40:00.917855+00:00,p94v32ElnGE,2505,90,-9,16247,18752,869,959,26,17,False,False,False,False
2026-05-16T10:40:00.917855+00:00,un72e60njpM,3443,78,-2,20380,23823,635,713,20,18,False,False,False,False
2026-05-16T10:40:00.917855+00:00,Lylktn1iaMM,20313,390,13,77750,98063,1722,2112,44,57,False,False,False,False
2026-05-16T10:40:00.917855+00:00,0i21SiP8FHU,14590,353,-3,46658,61248,1319,1672,28,25,False,False,False,False
2026-05-16T10:40:00.917855+00:00,jMsdKHRkRks,44171,761,10,95732,139903,1762,2523,29,39,False,False,False,False
2026-05-16T10:40:00.917855+00:00,TqozFe8wuy0,3533,74,1,44170,47703,1150,1224,19,20,False,False,False,False
2026-05-16T10:40:00.917855+00:00,cus3mgC9njg,14888,337,7,29739,44627,1205,1542,6,13,False,False,False,False
2026-05-16T10:40:00.917855+00:00,w3ZwcuKWjkI,1507,39,1,14814,16321,470,509,0,1,False,False,False,False
2026-05-16T10:40:00.917855+00:00,_C0WxnxzhcI,13600,420,-4,177627,191227,5888,6308,52,48,False,False,False,False
2026-05-16T10:40:00.917855+00:00,E-pO8-QCiys,2315,68,-4,26408,28723,932,1000,18,14,False,False,False,False
2026-05-16T10:40:00.917855+00:00,dQzMnJm6nqk,4961,106,-4,34278,39239,791,897,24,20,False,False,False,False
2026-05-16T10:40:00.917855+00:00,YJ82p6Cyt2Q,859,25,-2,21825,22684,1173,1198,32,30,False,False,False,False
2026-05-16T10:40:00.917855+00:00,gZ6AWVVfIxA,4496,79,-3,52060,56556,1294,1373,10,7,False,False,False,False
2026-05-16T10:40:00.917855+00:00,kkA3TvIJ_qg,1251,30,-2,26813,28064,969,999,54,52,False,False,False,False
2026-05-16T10:40:00.917855+00:00,fWwaug6HgPg,1423,43,-6,34643,36066,1076,1119,41,35,False,False,False,False
2026-05-16T10:40:00.917855+00:00,UJfMavodseE,26987,562,2,157135,184122,4014,4576,75,77,False,False,False,False
2026-05-16T10:40:00.917855+00:00,L8BkLkDtThU,707685,25454,349,1956163,2663848,87017,112471,1525,1874,False,False,False,False
2026-05-16T10:40:00.917855+00:00,DK3bBB4Oqhg,18157,337,16,201986,220143,5627,5964,266,282,False,False,False,False
2026-05-16T10:40:00.917855+00:00,lzYROnZibYQ,21161,373,12,368722,389883,10146,10519,335,347,False,False,False,False
2026-05-16T10:40:00.917855+00:00,rgWcXRkBgxk,71252,754,217,709782,781034,12549,13303,4309,4526,False,False,False,False
2026-05-16T10:40:00.917855+00:00,mkYeITacS2A,336053,8370,240,1589626,1925679,51404,59774,1810,2050,False,False,False,False
2026-05-16T10:40:00.917855+00:00,LtrB3VNpa1I,44195,937,17,390475,434670,13251,14188,373,390,False,False,False,False
2026-05-16T10:40:00.917855+00:00,tZjLTRwSGig,49592,1068,34,973543,1023135,26222,27290,841,875,False,False,False,False
2026-05-16T10:40:00.917855+00:00,KGW-0oKDoIg,84886,2525,28,1380784,1465670,46710,49235,932,960,False,False,False,False
2026-05-16T10:40:00.917855+00:00,RDmi1NGbabw,241,10,4,1377,1618,108,118,8,12,False,True,False,False
2026-05-16T10:40:00.917855+00:00,AfKocKW4sVQ,14,0,0,181,195,14,14,0,0,False,False,False,False
2026-05-16T10:40:00.917855+00:00,tvfr7A4PXHQ,235,25,0,910,1145,68,93,0,0,False,False,False,False
2026-05-16T10:40:00.917855+00:00,CKwMrLpJgzo,373,27,0,1688,2061,113,140,0,0,False,False,False,False
2026-05-16T10:40:00.917855+00:00,_HwmJxfbOKw,194,14,0,2546,2740,109,123,2,2,False,False,False,False
2026-05-16T10:40:00.917855+00:00,DJjQxnhPWuE,20,1,0,265,285,21,22,0,0,False,False,False,False
2026-05-16T10:40:00.917855+00:00,tIwgvfwSVy4,218,27,0,1737,1955,158,185,1,1,False,False,False,False
2026-05-16T10:40:00.917855+00:00,5oiGIdNcA6c,411,44,0,3219,3630,370,414,6,6,False,False,False,False
2026-05-16T10:40:00.917855+00:00,389lMg_SC8Y,2310,244,6,9389,11699,1009,1253,13,19,False,False,False,False
2026-05-16T10:40:00.917855+00:00,hSvx5iHui3Y,1008,64,2,8688,9696,819,883,10,12,False,False,False,False
2026-05-16T10:40:00.917855+00:00,ucFT7L44RFI,237,25,0,3255,3492,279,304,2,2,False,False,False,False
2026-05-16T10:40:00.917855+00:00,jTUFeCH5qMM,4244,239,5,8457,12701,642,881,16,21,False,False,False,False
2026-05-16T10:40:00.917855+00:00,HMtqoPU7V1g,5759,276,2,13359,19118,891,1167,11,13,False,False,False,False
2026-05-16T10:40:00.917855+00:00,mXHhu_wVKNI,317,29,0,3045,3362,304,333,6,6,False,False,False,False
2026-05-16T10:40:00.917855+00:00,HVXQO0-h1yQ,169,15,2,2485,2654,262,277,2,4,False,False,False,False
2026-05-16T10:40:00.917855+00:00,NCXLk1BmHmU,3868,248,5,17506,21374,1451,1699,24,29,False,False,False,False
2026-05-16T10:40:00.917855+00:00,dSRkaKvgOZc,3994,214,5,8406,12400,747,961,9,14,False,False,False,False
2026-05-16T10:40:00.917855+00:00,cITiLn9jwJk,113,8,0,1960,2073,157,165,5,5,False,False,False,False
2026-05-16T10:40:00.917855+00:00,bLe86iJJ2mg,1825,66,0,14401,16226,742,808,12,12,False,False,False,False
2026-05-16T10:40:00.917855+00:00,Jn0vNECfMfc,890,19,0,15627,16517,732,751,16,16,False,False,False,False
2026-05-16T10:40:00.917855+00:00,kGGyPqVkXzw,16359,637,26,86415,102774,5032,5669,247,273,False,False,False,False
2026-05-16T10:40:00.917855+00:00,341jHTzTi1w,150,18,0,4507,4657,381,399,5,5,False,False,False,False
2026-05-16T10:40:00.917855+00:00,MSsyzGjPaJs,1816,114,1,14381,16197,1335,1449,13,14,False,False,False,False
2026-05-16T10:40:00.917855+00:00,QzAlB9Cjo9M,374,25,0,9146,9520,586,611,8,8,False,False,False,False
2026-05-16T10:40:00.917855+00:00,DC-XJAOZH64,135,4,0,1932,2067,98,102,2,2,False,False,False,False
2026-05-16T10:40:00.917855+00:00,YUKCYDmWzyY,35,5,0,1016,1051,88,93,4,4,False,False,False,False
2026-05-16T10:40:00.917855+00:00,rWebzjsjH-Y,3244,115,1,46896,50140,2357,2472,38,39,False,False,False,False
2026-05-16T10:40:00.917855+00:00,uRK8hWFkhWY,2290,78,9,29757,32047,1608,1686,118,127,False,False,False,False
2026-05-16T10:40:00.917855+00:00,SodAkxI7kf4,10290,238,8,40326,50616,1742,1980,47,55,False,False,False,False
2026-05-16T10:40:00.917855+00:00,7YL8TyF9Gm8,747,40,0,12192,12939,634,674,69,69,False,False,False,False
2026-05-16T10:40:00.917855+00:00,VJCNVbL92GE,98,1,0,8645,8743,364,365,10,10,False,False,False,False
2026-05-16T10:40:00.917855+00:00,szYJSm5P0YE,6486,199,5,104289,110775,4541,4740,67,72,False,False,False,False
2026-05-16T10:40:00.917855+00:00,ZtUmn-37tgI,766,30,1,15990,16756,756,786,25,26,False,False,False,False
2026-05-16T10:40:00.917855+00:00,ryP7Az156VQ,329,15,2,3456,3785,267,282,38,40,False,False,False,False
2026-05-16T10:40:00.917855+00:00,dkbiqaRT9fo,1480,75,0,25320,26800,1389,1464,26,26,False,False,False,False
2026-05-16T10:40:00.917855+00:00,iSyI8IqeQ6Q,8772,502,6,65664,74436,4116,4618,118,124,False,False,False,False
2026-05-16T10:40:00.917855+00:00,bh0fWjqUW1g,3296,209,1,37039,40335,2900,3109,43,44,False,False,False,False
2026-05-16T10:40:00.917855+00:00,nZ4JI34_Q_g,14837,327,14,132217,147054,2603,2930,167,181,False,False,False,False
2026-05-16T10:40:00.917855+00:00,5_9VyUcGJaY,12802,407,12,117940,130742,5150,5557,359,371,False,False,False,False
2026-05-16T10:40:00.917855+00:00,QFZsM759PFg,37818,1597,9,422216,460034,18746,20343,126,135,False,False,False,False
2026-05-16T10:40:00.917855+00:00,3duWdYNv3yY,20211,1268,11,563284,583495,34042,35310,235,246,False,False,False,False
2026-05-16T10:40:00.917855+00:00,jCLvDqQtq18,70129,3659,405,194723,264852,14094,17753,1900,2305,False,False,False,False
2026-05-16T10:40:00.917855+00:00,iuAFGhkzyLY,3049,145,5,63760,66809,3524,3669,156,161,False,False,False,False
2026-05-16T10:40:00.917855+00:00,qyd0eQ2ems4,5882,291,7,81653,87535,3671,3962,61,68,False,False,False,False
2026-05-16T10:40:00.917855+00:00,PTO0s8YQ49o,11507,443,35,158105,169612,9944,10387,647,682,False,False,False,False
2026-05-16T10:40:00.917855+00:00,mb4qfjuX0Lo,3624,199,5,37268,40892,2473,2672,165,170,False,False,False,False
2026-05-16T10:40:00.917855+00:00,UiX4CFIiegM,15161,427,20,148029,163190,7298,7725,427,447,False,False,False,False
2026-05-16T10:40:00.917855+00:00,1ONRHbMRVqk,2315,95,-1,18316,20631,1000,1095,18,17,False,False,False,False
2026-05-16T10:40:00.917855+00:00,hM1TlSzno5g,3046,120,2,21039,24085,979,1099,12,14,False,False,False,False
2026-05-16T10:40:00.917855+00:00,4wC8hnQawiA,3411,65,4,38564,41975,1562,1627,103,107,False,False,False,False
2026-05-16T10:40:00.917855+00:00,jkxaSI5YJa8,333,8,1,2848,3181,244,252,7,8,False,False,False,False
2026-05-16T10:40:00.917855+00:00,qtHqUcX4Xec,21,2,0,908,929,33,35,1,1,False,False,False,False
2026-05-16T10:40:00.917855+00:00,r9R3Z05qJyY,866,8,0,9564,10430,236,244,0,0,False,False,False,False
2026-05-16T10:40:00.917855+00:00,Evw6OFxt9ZI,20851,512,40,151368,172219,5242,5754,636,676,False,False,False,False
2026-05-16T10:40:00.917855+00:00,Gw-84th-tfQ,124,7,0,3022,3146,117,124,1,1,False,False,False,False
2026-05-16T10:40:00.917855+00:00,37lCHGgjFKA,120,5,0,2195,2315,110,115,2,2,False,False,False,False
2026-05-16T10:40:00.917855+00:00,NCoRe8kbrLQ,111,8,0,1927,2038,89,97,4,4,False,False,False,False
2026-05-16T10:40:00.917855+00:00,WZ1AGTxFHgU,1624,12,0,5332,6956,93,105,6,6,False,False,False,False
2026-05-16T10:40:00.917855+00:00,YCwNCVftOvg,3513,8,0,12144,15657,318,326,8,8,False,False,False,False
2026-05-16T10:40:00.917855+00:00,3iSnHZjdvCk,109,4,1,338,447,39,43,3,4,False,False,False,False
2026-05-16T10:40:00.917855+00:00,RXWVqSItkzs,9107,163,5,58268,67375,1592,1755,74,79,False,False,False,False
2026-05-16T10:40:00.917855+00:00,b6uQTR7E9qg,39134,1749,97,446418,485552,34678,36427,2382,2479,False,False,False,False
2026-05-16T10:40:00.917855+00:00,8OTZLY0a_zc,1319,102,0,14413,15732,1216,1318,22,22,False,False,False,False
2026-05-16T10:40:00.917855+00:00,jJM9I0KUT-I,1605,43,1,49197,50802,1504,1547,51,52,False,False,False,False
2026-05-16T10:40:00.917855+00:00,7daapzkUrqg,10481,431,12,129108,139589,7588,8019,412,424,False,False,False,False
2026-05-16T10:40:00.917855+00:00,ZLBr473Lq9Q,5291,170,4,216930,222221,11950,12120,399,403,False,False,False,False
2026-05-16T10:40:00.917855+00:00,KUu4fahAg7M,10773,341,80,56656,67429,1915,2256,348,428,False,False,False,False
2026-05-16T10:40:00.917855+00:00,HUSPFNHI6PY,6229,88,-1,112694,118923,2881,2969,105,104,False,False,False,False
2026-05-16T10:40:00.917855+00:00,cCVbcKZErso,3272,122,5,21759,25031,1247,1369,58,63,False,False,False,False
2026-05-16T10:40:00.917855+00:00,zuv69Sqw0oA,19176,1583,92,279324,298500,25657,27240,901,993,False,False,False,False
2026-05-16T10:40:00.917855+00:00,QouigspVqvw,32750,1826,83,194786,227536,17702,19528,902,985,False,False,False,False
2026-05-16T10:40:00.917855+00:00,ZarVnhg7P24,3075,410,6,3984,7059,505,915,48,54,False,False,False,False
2026-05-16T10:40:00.917855+00:00,hKQTJWAusQ8,10908,322,14,88698,99606,3590,3912,190,204,False,False,False,False
2026-05-16T10:40:00.917855+00:00,13R3sJ3Qrcs,203,8,0,6677,6880,321,329,18,18,False,False,False,False
2026-05-16T10:40:00.917855+00:00,Ysl1eHH9nVw,1228,77,1,4422,5650,232,309,1,2,False,False,False,False
2026-05-16T10:40:00.917855+00:00,-L8Sen4mJkw,175,8,1,2392,2567,60,68,2,3,False,False,False,False
2026-05-16T10:40:00.917855+00:00,1hmXxJX9UM4,891,12,1,7964,8855,135,147,2,3,False,False,False,False
2026-05-16T10:40:00.917855+00:00,o2Lv9nkeAAQ,204,13,0,7924,8128,292,305,0,0,False,False,False,False
2026-05-16T10:40:00.917855+00:00,IuqkorRCn5c,18,0,0,1437,1455,48,48,0,0,False,False,False,False
2026-05-16T10:40:00.917855+00:00,L6xVq6zm3sU,231,14,0,6876,7107,251,265,2,2,False,False,False,False
2026-05-16T10:40:00.917855+00:00,cuAwxJwfm7Y,40,3,0,1053,1093,109,112,34,34,False,False,False,False
2026-05-16T10:40:00.917855+00:00,MuIBo4XYlX4,63038,3541,115,764260,827298,60252,63793,3805,3920,False,False,False,False
2026-05-16T10:40:00.917855+00:00,iW-xD8UiTZQ,25997,1633,23,119172,145169,10413,12046,432,455,False,False,False,False
2026-05-16T10:40:00.917855+00:00,6RnQRo9kEx4,3649,129,16,11532,15181,572,701,32,48,False,False,False,False
2026-05-16T10:40:00.917855+00:00,T04hQqUcbKg,9067,373,71,43051,52118,2624,2997,350,421,False,False,False,False
2026-05-16T10:40:00.917855+00:00,wDqlHnCwvQU,461,21,1,14565,15026,696,717,68,69,False,False,False,False
2026-05-16T10:40:00.917855+00:00,2OlWcZcMnQQ,10818,630,26,137535,148353,10735,11365,773,799,False,False,False,False
2026-05-16T10:40:00.917855+00:00,QDrszY7ggCo,14331,1069,15,357789,372120,29810,30879,1530,1545,False,False,False,False
2026-05-16T10:40:00.917855+00:00,iG9W1q7Gu8Y,120424,6886,25,583239,703663,31244,38130,395,420,False,False,False,False
2026-05-16T10:40:00.917855+00:00,rPLW9JpioKo,67721,4143,57,762538,830259,45914,50057,896,953,False,False,False,False
2026-05-16T10:40:00.917855+00:00,vrGTLn9WHbs,72370,3035,35,965566,1037936,48476,51511,772,807,False,False,False,False
2026-05-16T10:40:00.917855+00:00,g_aMEWuWE3A,27448,1149,23,1303288,1330736,65160,66309,1157,1180,False,False,False,False
2026-05-16T10:40:00.917855+00:00,XxiYa7WM0fU,136645,7938,46,1448110,1584755,92947,100885,807,853,False,False,False,False
2026-05-16T10:40:00.917855+00:00,vtjFXdFGkBc,2079,76,1,14334,16413,548,624,23,24,False,False,False,False
2026-05-16T10:40:00.917855+00:00,Yv5t9wp5KlE,243,17,1,3232,3475,165,182,3,4,False,False,False,False
2026-05-16T10:40:00.917855+00:00,tEFXfFkOkGA,30782,3,0,6730,37512,64,67,0,0,False,False,False,False
2026-05-16T10:40:00.917855+00:00,KYOufxxsibI,1651,31,0,9941,11592,340,371,19,19,False,False,False,False
2026-05-16T10:40:00.917855+00:00,sXtMWq-yVhI,1441,99,1,10159,11600,708,807,12,13,False,False,False,False
2026-05-16T10:40:00.917855+00:00,VEAic3PrzHM,4487,185,5,23904,28391,1467,1652,24,29,False,False,False,False
2026-05-16T10:40:00.917855+00:00,asWGRO9GOIs,206,10,2,5357,5563,274,284,17,19,False,False,False,False
2026-05-16T10:40:00.917855+00:00,Y8VyhsHH9Y8,1985,58,1,27885,29870,917,975,29,30,False,False,False,False
2026-05-16T10:40:00.917855+00:00,DRPeef8okJY,50152,993,28,24027,74179,1256,2249,42,70,False,False,False,False
2026-05-16T10:40:00.917855+00:00,4I04-adrE2A,3728,156,12,7584,11312,530,686,78,90,False,False,False,False
2026-05-16T10:40:00.917855+00:00,_k4ruB1hXFk,675,63,-5,4835,5510,587,650,33,28,False,False,False,False
2026-05-16T10:40:00.917855+00:00,p2ZuYKMaXVQ,3736,169,9,10075,13811,673,842,20,29,False,False,False,False
2026-05-16T10:40:00.917855+00:00,f74EJAib6TU,6776,376,23,56683,63459,4229,4605,355,378,False,False,False,False
2026-05-16T10:40:00.917855+00:00,cLjA8IVlxao,58,0,0,491,549,32,32,7,7,False,False,False,False
2026-05-16T10:40:00.917855+00:00,6xUmuh2YDDI,66577,2643,138,412400,478977,21836,24479,1339,1477,False,False,False,False
2026-05-16T10:40:00.917855+00:00,WZnTgLjhSJg,5342,315,6,154717,160059,9742,10057,164,170,False,False,False,False
2026-05-16T10:40:00.917855+00:00,NZNz-Q1hXKQ,1567,51,8,9572,11139,508,559,41,49,False,False,False,False
2026-05-16T10:40:00.917855+00:00,q9g63Fg0C0s,1205,37,0,6143,7348,182,219,1,1,False,False,False,False
2026-05-16T10:40:00.917855+00:00,sHXJob_Yxmw,377,16,0,4826,5203,146,162,2,2,False,False,False,False
2026-05-16T10:40:00.917855+00:00,V-z0k5xu1hM,677540,19465,3240,1458560,2136100,47567,67032,11307,14547,False,False,False,False
2026-05-16T10:40:00.917855+00:00,o6V2_tvL-CE,90166,2188,46,409865,500031,12833,15021,388,434,False,False,False,False
2026-05-16T10:40:00.917855+00:00,1r6GTP4PWYs,71079,2084,69,452146,523225,20110,22194,1407,1476,False,False,False,False
2026-05-16T10:40:00.917855+00:00,d5e6YIVxGfU,174850,4488,43,2527575,2702425,55397,59885,885,928,False,False,False,False
2026-05-16T10:40:00.917855+00:00,Uikp3Md43ac,15262,522,16,398589,413851,16566,17088,1310,1326,False,False,False,False
2026-05-16T10:40:00.917855+00:00,UP62NcsmyGo,15912,532,16,142119,158031,6168,6700,279,295,False,False,False,False
2026-05-16T10:40:00.917855+00:00,Ww6kDGTIF0g,352,9,1,5673,6025,288,297,4,5,False,False,False,False
2026-05-16T10:40:00.917855+00:00,45GqOfk996I,10382,267,12,205265,215647,8171,8438,519,531,False,False,False,False
2026-05-16T10:40:00.917855+00:00,9IYRd5TnC5M,109559,10508,106,105217,214776,6313,16821,160,266,False,False,False,False
2026-05-16T10:40:00.917855+00:00,pag8Ncc7AwQ,1305848,38946,140,2380430,3686278,107355,146301,602,742,False,False,False,False
2026-05-16T10:40:00.917855+00:00,Gab74WWEIZQ,422463,16299,143,2287957,2710420,107634,123933,988,1131,False,False,False,False
2026-05-16T10:40:00.917855+00:00,d96WHYOHoU8,30681,1158,89,137027,167708,9305,10463,955,1044,False,False,False,False
2026-05-16T10:40:00.917855+00:00,XA84pSrPHS0,5746,230,24,187265,193011,9680,9910,1820,1844,False,False,False,False
2026-05-16T10:40:00.917855+00:00,-ellvM_GPWI,21225,800,35,192160,213385,11706,12506,442,477,False,False,False,False
2026-05-16T10:40:00.917855+00:00,dGjYPrNNjyM,2402,87,3,41954,44356,1806,1893,104,107,False,False,False,False
2026-05-16T10:40:00.917855+00:00,PZhy5CDKhIE,1459,36,0,448,1907,19,55,1,1,False,False,False,False
2026-05-16T10:40:00.917855+00:00,1xPBSztGnhg,785,37,1,890,1675,34,71,0,1,False,False,False,False
2026-05-16T10:40:00.917855+00:00,03t_G_bCxzQ,9539,266,44,14098,23637,555,821,81,125,False,False,False,False
2026-05-16T10:40:00.917855+00:00,bgMZKwQfrfM,2758,68,3,4081,6839,145,213,6,9,False,False,False,False
2026-05-16T10:40:00.917855+00:00,HkpLee_NxUM,393,7,0,2007,2400,63,70,3,3,False,False,False,False
2026-05-16T10:40:00.917855+00:00,6UmOUR7Uwpw,124,-1,0,1528,1652,44,43,3,3,False,False,False,False
2026-05-16T10:40:00.917855+00:00,5caU6wQeT1s,18701,644,194,32140,50841,1197,1841,364,558,False,False,False,False
2026-05-16T10:40:00.917855+00:00,zWdb-UpS_b8,737,48,40,876,1613,66,114,20,60,False,False,False,False
2026-05-16T10:40:00.917855+00:00,Kj78oDDqIAs,4636,320,61,3949,8585,287,607,44,105,False,False,False,False
2026-05-16T10:40:00.917855+00:00,WnA7HQhVPwk,858,43,-3,1627,2485,104,147,12,9,False,False,False,False
2026-05-16T10:40:00.917855+00:00,I8UanrwBjGc,639,23,-7,1149,1788,58,81,31,24,False,False,False,False
2026-05-16T10:40:00.917855+00:00,WXGXZlZQ8Ek,660,50,-8,1927,2587,128,178,23,15,False,False,False,False
2026-05-16T10:40:00.917855+00:00,lYXtLjxH1dE,5691,306,7,6757,12448,534,840,14,21,False,False,False,False
2026-05-16T10:40:00.917855+00:00,S7hNU7UVKMY,1309,90,6,2461,3770,208,298,10,16,False,False,False,False
2026-05-16T10:40:00.917855+00:00,MyIJYM4kByU,1068,46,0,1209,2277,61,107,0,0,False,False,False,False
2026-05-16T10:40:00.917855+00:00,9oVfhupb77w,10619,773,19,14575,25194,1618,2391,49,68,False,False,False,False
2026-05-16T10:40:00.917855+00:00,OPpPB7Uy8r4,36898,1044,17,38158,75056,1966,3010,26,43,False,False,False,False
2026-05-16T10:40:00.917855+00:00,eupIlEl4_aE,768,64,2,477,1245,40,104,0,2,False,True,True,True
2026-05-16T10:40:00.917855+00:00,vHbmVcAtcRI,19563,1192,10,1180,20743,70,1262,0,10,False,False,False,False
2026-05-16T10:40:00.917855+00:00,-1mOJpOZiwo,16931,711,7,3044,19975,267,978,6,13,False,False,False,False
2026-05-16T10:40:00.917855+00:00,fgLPmOTi5Us,119478,3882,70,15043,134521,1091,4973,23,93,False,False,False,False
2026-05-16T10:40:00.917855+00:00,BHhsGElSTTY,11723,386,3,4755,16478,251,637,22,25,False,False,False,False
2026-05-16T10:40:00.917855+00:00,AtLsDKA-DN4,4230,130,8,6128,10358,313,443,15,23,False,False,False,False
2026-05-16T10:40:00.917855+00:00,Ye9X6KPDCu8,3400,75,1,5270,8670,179,254,18,19,False,False,False,False
2026-05-16T10:40:00.917855+00:00,cx3jW5uMxBQ,7683,298,2,18116,25799,820,1118,8,10,False,False,False,False
2026-05-16T10:40:00.917855+00:00,wrcPtCeM4pQ,3026,64,-1,14546,17572,353,417,14,13,False,False,False,False
2026-05-16T10:40:00.917855+00:00,nzqWGOmyEIo,255238,4622,98,377781,633019,8903,13525,259,357,False,False,False,False
2026-05-16T10:40:00.917855+00:00,w9zDCGB8Gx4,149039,3088,64,446528,595567,10460,13548,169,233,False,False,False,False
2026-05-16T10:40:00.917855+00:00,6DiYldLKhc8,138125,5213,131,464751,602876,15212,20425,799,930,False,False,False,False
2026-05-16T10:40:00.917855+00:00,6s8PT3K4N7M,359,16,0,287,646,8,24,0,0,False,False,False,False
2026-05-16T10:40:00.917855+00:00,iS7q7XwomZE,64,2,1,72,136,10,12,0,1,False,False,False,False
2026-05-16T10:40:00.917855+00:00,R9yWTOc6JR8,262,30,0,345,607,16,46,0,0,False,False,False,False
2026-05-16T10:40:00.917855+00:00,e5ygohJrN0k,4505,222,4,6370,10875,407,629,2,6,False,False,False,False
2026-05-16T10:40:00.917855+00:00,DlByoJis7U8,1224,157,0,3335,4559,335,492,2,2,False,False,False,False
2026-05-16T10:40:00.917855+00:00,8CKNtpMK9Ho,808,92,0,2265,3073,199,291,2,2,False,False,False,False
2026-05-16T10:40:00.917855+00:00,Jxda0-S7snU,280,10,1,1468,1748,79,89,2,3,False,False,False,False
2026-05-16T10:40:00.917855+00:00,U8xIBA9WVCs,2651,195,2,3656,6307,269,464,1,3,False,False,False,False
2026-05-16T10:40:00.917855+00:00,U8na35ltZMI,1146,171,3,1244,2390,95,266,3,6,False,False,False,False
2026-05-16T10:40:00.917855+00:00,R-KTUF8DChM,6806,526,6,5033,11839,587,1113,12,18,False,False,False,False
2026-05-16T10:40:00.917855+00:00,VhGLa0s_5MI,10148,1077,36,3970,14118,480,1557,13,49,False,False,False,False
2026-05-16T10:40:00.917855+00:00,aMMwWUNM4-o,2073,150,3,4944,7017,347,497,11,14,False,False,False,False
2026-05-16T10:40:00.917855+00:00,GXc6DVm1SR0,3281,227,4,5134,8415,487,714,13,17,False,False,False,False
2026-05-16T10:40:00.917855+00:00,jiC3ETBVMgY,26208,2066,95,11515,37723,1247,3313,121,216,False,False,True,False
2026-05-16T10:40:00.917855+00:00,mLEKmwFm_tk,8082,397,22,5265,13347,333,730,14,36,False,False,False,False
2026-05-16T10:40:00.917855+00:00,kVOMGFVC_rk,1181,42,5,4093,5274,242,284,1,6,False,False,False,False
2026-05-16T10:40:00.917855+00:00,akxK-iEPS80,2473,149,2,2839,5312,156,305,3,5,False,False,False,False
2026-05-16T10:40:00.917855+00:00,9MX0VCiz6Hs,4450,150,4,7878,12328,407,557,17,21,False,False,False,False
2026-05-16T10:40:00.917855+00:00,pazDWrWCNKQ,8672,540,6,19572,28244,1673,2213,37,43,False,False,False,False
2026-05-16T10:40:00.917855+00:00,8r0sZ0AXPgM,124623,1233,105,263057,387680,4243,5476,359,464,False,False,False,False
2026-05-16T10:40:00.917855+00:00,nY9pYrZL70E,68150,3692,148,113828,181978,8798,12490,432,580,False,False,False,False
2026-05-16T10:40:00.917855+00:00,R1PQ1W9-oM0,104628,5870,29,229565,334193,16687,22557,121,150,False,False,False,False
2026-05-16T10:40:00.917855+00:00,jQvv7CskMuo,3986,222,0,9867,13853,890,1112,13,13,False,False,False,False
2026-05-16T10:40:00.917855+00:00,duDgVfn1lCk,49121,1641,30,1849,50970,116,1757,4,34,False,False,False,False
2026-05-16T10:40:00.917855+00:00,6tmBB5GcOLU,13480,517,30,20467,33947,963,1480,97,127,False,True,False,False
2026-05-16T10:40:00.917855+00:00,p57YXg-qMdM,1437,91,9,674,2111,42,133,3,12,False,False,False,False
2026-05-16T10:40:00.917855+00:00,qoGZdxzERJs,969,53,3,564,1533,79,132,3,6,False,False,False,False
2026-05-16T10:40:00.917855+00:00,DqhWAGkXR3E,313,11,1,1625,1938,92,103,26,27,False,False,False,False
2026-05-16T10:40:00.917855+00:00,uwTfHVEx5Go,799,28,0,1192,1991,39,67,0,0,False,False,False,False
2026-05-16T10:40:00.917855+00:00,Wz5d79TNC4w,46176,1452,169,21618,67794,1039,2491,85,254,False,False,False,False
2026-05-16T10:40:00.917855+00:00,5bVpBEnbqMQ,232,11,0,974,1206,39,50,0,0,False,False,False,False
2026-05-16T10:40:00.917855+00:00,s0gMxQPY9_k,267,13,0,1023,1290,51,64,0,0,False,False,False,False
2026-05-16T10:40:00.917855+00:00,Ai2ZnwC5ZZM,212,11,0,1272,1484,75,86,1,1,False,False,False,False
2026-05-16T10:40:00.917855+00:00,YV809R2NV7s,170956,4949,22,390459,561415,13025,17974,82,104,False,False,False,False
2026-05-16T10:40:00.917855+00:00,AjQXucne2GA,6498,481,16,10507,17005,1194,1675,69,85,False,True,False,False
2026-05-16T10:40:00.917855+00:00,XeWtb0vpHvU,3157,157,1,16432,19589,954,1111,27,28,False,False,False,False
2026-05-16T10:40:00.917855+00:00,bGD4yjN3z3I,4705,539,80,2816,7521,423,962,76,156,False,True,False,False
2026-05-16T10:40:00.917855+00:00,d1s3127JNoA,20117,1241,56,46524,66641,4976,6217,412,468,False,False,False,False
2026-05-16T10:40:00.917855+00:00,qwaFC40gNFs,11842,895,104,18272,30114,1749,2644,114,218,False,False,False,False
2026-05-16T10:40:00.917855+00:00,sZShxatkcw8,103153,8427,221,307224,410377,27919,36346,683,904,False,False,False,False
2026-05-16T10:40:00.917855+00:00,cflDU1jPZFM,1787,69,3,4145,5932,229,298,2,5,False,False,False,False
2026-05-16T10:40:00.917855+00:00,u5JxIt3XMqk,3183,110,2,2900,6083,61,171,2,4,False,False,False,False
2026-05-16T10:40:00.917855+00:00,AJysZCG46Vw,2832,150,0,2592,5424,89,239,1,1,False,False,False,False
2026-05-16T10:40:00.917855+00:00,8lUGwV9HzMw,933,63,0,2144,3077,107,170,2,2,False,False,False,False
2026-05-16T10:40:00.917855+00:00,aCFye-1HIhU,874,32,0,2212,3086,91,123,0,0,False,False,False,False
2026-05-16T10:40:00.917855+00:00,lK_YLHiIqdc,466,24,0,2473,2939,94,118,2,2,False,False,False,False
2026-05-16T10:40:00.917855+00:00,B7WrGHSFlb8,235,21,21,561,796,51,72,17,38,False,False,False,False
2026-05-16T10:40:00.917855+00:00,R-dn3cfmBuU,519780,28269,1773,829345,1349125,72038,100307,6821,8594,False,False,False,False
2026-05-16T10:40:00.917855+00:00,GopIYjCLL-w,797,37,3,2145,2942,148,185,4,7,False,False,False,False
2026-05-16T10:40:00.917855+00:00,vdVZamczBJ0,1312,123,2,868,2180,113,236,6,8,False,False,False,False
2026-05-16T10:40:00.917855+00:00,KZjUFZEjyJA,64886,3459,117,226987,291873,16558,20017,709,826,False,False,False,False
2026-05-16T10:40:00.917855+00:00,ece6BgCjZkc,204564,4229,103,287915,492479,8044,12273,1048,1151,False,False,False,False
2026-05-16T10:40:00.917855+00:00,mywrcD69vMw,130470,6628,178,253678,384148,16336,22964,476,654,False,False,False,False
2026-05-16T10:40:00.917855+00:00,YwRtlXsoe-o,161134,5934,53,430410,591544,18181,24115,255,308,False,False,False,False
2026-05-16T10:40:00.917855+00:00,z7zvWNd47X0,12155,1024,87,17856,30011,1987,3011,214,301,False,False,False,False
2026-05-16T10:40:00.917855+00:00,LIUl9ATkUZM,921,83,5,1577,2498,65,148,7,12,False,False,False,False
2026-05-16T10:40:00.917855+00:00,SXHQO1yK-60,4932,394,1,4932,9864,386,780,5,6,False,False,False,False
2026-05-16T10:40:00.917855+00:00,45NS2aG-p1U,2625,116,12,5577,8202,384,500,34,46,False,False,False,False
2026-05-16T10:40:00.917855+00:00,w8y1_GB7wLM,2639,131,3,6825,9464,485,616,8,11,False,False,False,False
2026-05-16T10:40:00.917855+00:00,sRnMuiBopSQ,1725,108,9,5449,7174,283,391,32,41,False,False,False,False
2026-05-16T10:40:00.917855+00:00,a8EfFGeY9S8,33692,874,160,25636,59328,1082,1956,216,376,False,False,False,False
2026-05-16T10:40:00.917855+00:00,zYNrRi2r5CM,794,12,-3,4717,5511,121,133,49,46,False,False,False,False
2026-05-16T10:40:00.917855+00:00,c4Q1EYH75tw,12632,430,20,23303,35935,1188,1618,45,65,False,False,False,False
2026-05-16T10:40:00.917855+00:00,vy35SCkxlNo,9450,664,225,10746,20196,882,1546,292,517,False,False,False,False
2026-05-16T10:40:00.917855+00:00,Xknz4LiogTQ,48253,3590,214,21187,69440,2075,5665,163,377,False,True,False,False
2026-05-16T10:40:00.917855+00:00,mau7mYCkWKE,183270,4845,199,359322,542592,14248,19093,895,1094,False,False,False,False
2026-05-16T10:40:00.917855+00:00,Bmt8-KsdMkA,428701,10114,69,1273233,1701934,36438,46552,291,360,False,False,False,False
2026-05-16T10:40:00.917855+00:00,6Dj5ufzrZ78,274575,10961,176,602490,877065,33540,44501,736,912,False,False,False,False
2026-05-16T10:40:00.917855+00:00,NnvIwG0S8WE,3287736,45367,22,7045230,10332966,144485,189852,237,259,False,False,False,False
2026-05-16T10:40:00.917855+00:00,XllQPr8FtPE,93068,3231,403,217205,310273,11934,15165,1503,1906,False,False,False,False
2026-05-16T10:40:00.917855+00:00,n12l2I75llQ,,,,,3642,,112,,9,True,False,False,False
2026-05-16T10:40:00.917855+00:00,oIwNpzOJzjQ,,,,,1071,,24,,2,True,False,False,False
2026-05-16T10:40:00.917855+00:00,1CiyMxMbkRA,,,,,1577,,41,,0,True,False,False,False
2026-05-16T10:40:00.917855+00:00,YIpzIncVwv4,,,,,4395,,96,,5,True,False,False,False
2026-05-16T10:40:00.917855+00:00,JVfYgIG-Bow,,,,,15031,,349,,74,True,False,False,False
2026-05-16T10:40:00.917855+00:00,dUh10JqaYfI,,,,,4725,,318,,10,True,False,False,False
2026-05-16T10:40:00.917855+00:00,15SjQL4UvUE,,,,,1208,,17,,0,True,False,False,False
2026-05-16T10:40:00.917855+00:00,38xA_7ePYr8,,,,,2174,,126,,5,True,False,False,False
2026-05-16T10:40:00.917855+00:00,WuOBndKKLkQ,,,,,517,,26,,40,True,False,False,False
2026-05-16T10:40:00.917855+00:00,fzbHD-YSuls,,,,,1343,,69,,37,True,False,False,False
2026-05-16T10:40:00.917855+00:00,irGF0_FStdA,,,,,5161,,393,,19,True,False,False,False
2026-05-16T10:40:00.917855+00:00,3C9oEkSK1t8,,,,,3866,,148,,8,True,False,False,False
2026-05-16T10:40:00.917855+00:00,s58Bp2l1CUE,,,,,83845,,5606,,176,True,False,False,False
2026-05-16T10:40:00.917855+00:00,sE63KJS4XvA,,,,,1822,,125,,4,True,False,False,False
2026-05-16T10:40:00.917855+00:00,bMNNXwLGM04,,,,,3871,,215,,2,True,False,False,False
2026-05-16T10:40:00.917855+00:00,jUIYDU8peJI,,,,,8423,,527,,6,True,False,False,False
2026-05-16T10:40:00.917855+00:00,Wr5ZSDzcMgs,,,,,19772,,510,,8,True,False,False,False
2026-05-16T10:40:00.917855+00:00,v4LLsrjzaZY,,,,,104941,,4225,,88,True,False,False,False
2026-05-16T10:40:00.917855+00:00,YtrgECrqP0E,,,,,8831,,400,,5,True,False,False,False
2026-05-16T10:40:00.917855+00:00,VDZQY9OnEIU,,,,,13186,,358,,18,True,False,False,False
2026-05-16T10:40:00.917855+00:00,xI4K2AjMPS8,,,,,13961,,325,,17,True,False,False,False
2026-05-16T10:40:00.917855+00:00,SZlLDTBLy1I,,,,,15056,,590,,32,True,False,False,False
2026-05-16T10:40:00.917855+00:00,oGTO67JoZDQ,,,,,113379,,5927,,112,True,False,False,False
2026-05-16T10:40:00.917855+00:00,n-3QQEiJKpg,,,,,655762,,24779,,487,True,False,False,False
2026-05-16T10:40:00.917855+00:00,NMXRP3a-TGA,,,,,43264,,1320,,93,True,False,False,False
2026-05-16T10:40:00.917855+00:00,qKxaVy1cbTA,,,,,457566,,10588,,4163,True,False,False,False
2026-05-16T10:40:00.917855+00:00,KmkqB7f4O2Q,,,,,1715,,145,,14,True,False,False,False
2026-05-16T10:40:00.917855+00:00,wKudx3bziJg,,,,,494,,20,,0,True,False,False,False
2026-05-16T10:40:00.917855+00:00,6xN7_BPX_M8,,,,,75,,4,,0,True,False,False,False
2026-05-16T10:40:00.917855+00:00,_edI0840r_A,,,,,638,,37,,0,True,False,False,False
2026-05-16T10:40:00.917855+00:00,PbP0BM-UJYQ,,,,,3005,,340,,3,True,False,False,False
2026-05-16T10:40:00.917855+00:00,odz3SZh8SW0,,,,,2887,,283,,4,True,False,False,False
2026-05-16T10:40:00.917855+00:00,DitWY_dIRLU,,,,,9318,,963,,12,True,False,False,False
2026-05-16T10:40:00.917855+00:00,Zq5SUS1hngk,,,,,3583,,292,,3,True,False,False,False
2026-05-16T10:40:00.917855+00:00,ZwVNe0pB6Ys,,,,,3121,,326,,4,True,False,False,False
2026-05-16T10:40:00.917855+00:00,BJS9ydN30-4,,,,,4595,,474,,5,True,False,False,False
2026-05-16T10:40:00.917855+00:00,AiCdeZpXB9o,,,,,6162,,662,,12,True,False,False,False
2026-05-16T10:40:00.917855+00:00,60OJasIPxo8,,,,,3910,,560,,7,True,False,False,False
2026-05-16T10:40:00.917855+00:00,TGfj4Bz4MQs,,,,,4013,,408,,6,True,False,False,False
2026-05-16T10:40:00.917855+00:00,kvTrRpeWW9s,,,,,6408,,960,,13,True,False,False,False
2026-05-16T10:40:00.917855+00:00,cM9zl9_dG94,,,,,3046,,161,,15,True,False,False,False
2026-05-16T10:40:00.917855+00:00,11B_HGzz0fE,,,,,6506,,444,,7,True,False,False,False
2026-05-16T10:40:00.917855+00:00,n_LhTlzYotI,,,,,10185,,554,,22,True,False,False,False
2026-05-16T10:40:00.917855+00:00,zLr3j3F_6zw,,,,,126686,,7469,,432,True,False,False,False
2026-05-16T10:40:00.917855+00:00,8sRUCgivzAY,,,,,5891,,838,,8,True,False,False,False
2026-05-16T10:40:00.917855+00:00,FUWx-9KF3M8,,,,,152106,,10381,,155,True,False,False,False
2026-05-16T10:40:00.917855+00:00,ejSs5hNQVJU,,,,,35596,,1808,,66,True,False,False,False
2026-05-16T10:40:00.917855+00:00,zXvygWE3Ess,,,,,881307,,32921,,510,True,False,False,False
2026-05-16T10:40:00.917855+00:00,_Pq6s4A5a0E,,,,,1022,,74,,1,True,False,False,False
2026-05-16T10:40:00.917855+00:00,Xx6cUnU0WEE,,,,,13255,,888,,13,True,False,False,False
2026-05-16T10:40:00.917855+00:00,ZsKszAkq0jI,,,,,91321,,5248,,623,True,False,False,False
2026-05-16T10:40:00.917855+00:00,iY0N2tAyDGU,,,,,1842,,42,,0,True,False,False,False
2026-05-16T10:40:00.917855+00:00,mhcISXt3Fq8,,,,,0,,2,,0,True,False,False,False
2026-05-16T10:40:00.917855+00:00,m2K-5U1BRbs,,,,,33651,,1630,,96,True,False,False,False
2026-05-16T10:40:00.917855+00:00,0CSk6Cj0Vkw,,,,,4557,,1523,,267,True,False,False,False
2026-05-16T10:40:00.917855+00:00,ODGG9DFu1Y4,,,,,36519,,1283,,37,True,False,False,False
2026-05-16T10:40:00.917855+00:00,KS53Z_21WTU,,,,,186447,,7073,,343,True,False,False,False
2026-05-16T10:40:00.917855+00:00,7830S4NkFe8,,,,,66566,,2459,,30,True,False,False,False
2026-05-16T10:40:00.917855+00:00,p-C13Dm51mc,,,,,39320,,2160,,264,True,False,False,False
2026-05-16T10:40:00.917855+00:00,ZRfS6_DfNGQ,,,,,815,,9,,0,True,False,False,False
2026-05-16T10:40:00.917855+00:00,2cg5fjvpn6E,,,,,1438,,36,,0,True,False,False,False
2026-05-16T10:40:00.917855+00:00,Yjrhxkf9QcQ,,,,,1385,,34,,0,True,False,False,False
2026-05-16T10:40:00.917855+00:00,0Meksbf29P8,,,,,741,,95,,4,True,False,False,False
2026-05-16T10:40:00.917855+00:00,uSKuiR6kccA,,,,,11670,,1709,,200,True,False,False,False
2026-05-16T10:40:00.917855+00:00,Izw3-5_orEc,,,,,130797,,8969,,818,True,False,False,False
2026-05-16T10:40:00.917855+00:00,-wOQ2QVol0U,,,,,979812,,42039,,916,True,False,False,False
2026-05-16T10:40:00.917855+00:00,gNwzZxHjEOs,,,,,2446707,,121505,,1266,True,False,False,False
2026-05-16T10:40:00.917855+00:00,dnwtVWuLBL0,,,,,740409,,59953,,575,True,False,False,False
2026-05-16T10:40:00.917855+00:00,za3OH3SqdhA,,,,,2015,,150,,86,True,False,False,False
2026-05-16T10:40:00.917855+00:00,qaFjCmmMKcA,,,,,5808,,430,,8,True,False,False,False
2026-05-16T10:40:00.917855+00:00,eBXAckGnX0A,,,,,3236,,120,,1,True,False,False,False
2026-05-16T10:40:00.917855+00:00,OtbHrLODinY,,,,,22496,,1963,,122,True,False,False,False
2026-05-16T10:40:00.917855+00:00,IGCKBKoplVE,,,,,88670,,1809,,71,True,False,False,False
2026-05-16T10:40:00.917855+00:00,RTa6Z0BJ_WY,,,,,2321,,106,,21,True,False,False,False
2026-05-16T10:40:00.917855+00:00,o4iwJieWtQk,,,,,8680,,662,,11,True,False,False,False
2026-05-16T10:40:00.917855+00:00,KrQQ-tlIhyc,,,,,399,,50,,1,True,False,False,False
2026-05-16T10:40:00.917855+00:00,swsjPsze8kA,,,,,2627,,82,,6,True,False,False,False
2026-05-16T10:40:00.917855+00:00,19DUtko6ngs,,,,,27395,,2094,,218,True,False,False,False
2026-05-16T10:40:00.917855+00:00,ZdIreEJnRHA,,,,,0,,167,,31,True,False,False,False
2026-05-16T10:40:00.917855+00:00,e-3EXt4zv0k,,,,,5310,,303,,7,True,False,False,False
2026-05-16T10:40:00.917855+00:00,XCs9UO44RmA,,,,,4063,,105,,1,True,False,False,False
2026-05-16T10:40:00.917855+00:00,6PpbUsx7Ldc,,,,,41617,,1380,,231,True,False,False,False
2026-05-16T10:40:00.917855+00:00,dkbwe9h5ncE,,,,,253500,,9034,,1286,True,False,False,False
2026-05-16T10:40:00.917855+00:00,n5KzxmECXf4,,,,,367612,,12672,,233,True,False,False,False
2026-05-16T10:40:00.917855+00:00,pm5T5nKfZQM,,,,,165419,,9205,,410,True,False,False,False
2026-05-16T10:40:00.917855+00:00,Qqwn4rzZ-Dk,,,,,2357414,,100213,,907,True,False,False,False
2026-05-16T10:40:00.917855+00:00,j5rwokGEPLU,,,,,134410,,7125,,809,True,False,False,False
