execution_date,video_id,views_delta,likes_delta,comments_delta,previous_views,current_views,previous_likes,current_likes,previous_comments,current_comments,is_new_video,title_changed,description_changed,tags_changed
2026-05-05T10:56:54.483576+00:00,3W1KfxQnQiU,217,11,0,11067,11284,690,701,32,32,False,False,False,False
2026-05-05T10:56:54.483576+00:00,VKaslzzv1QM,510,7,0,97036,97546,3392,3399,206,206,False,False,False,False
2026-05-05T10:56:54.483576+00:00,E6IrH04B8wg,2,0,0,6388,6390,94,94,9,9,False,False,False,False
2026-05-05T10:56:54.483576+00:00,SYdW3cZKdmY,2,1,0,12937,12939,301,302,10,10,False,False,False,False
2026-05-05T10:56:54.483576+00:00,TSAh8dzN0cw,1,0,0,10788,10789,246,246,3,3,False,False,False,False
2026-05-05T10:56:54.483576+00:00,DHk0gFHyHeE,105,3,0,150438,150543,4638,4641,363,363,False,False,False,False
2026-05-05T10:56:54.483576+00:00,QSe13hyv68o,26,0,0,33443,33469,501,501,18,18,False,False,False,False
2026-05-05T10:56:54.483576+00:00,PZ2yduZysf0,1,0,0,5948,5949,168,168,7,7,False,False,False,False
2026-05-05T10:56:54.483576+00:00,Rdfd1KAX6NU,0,0,0,7554,7554,261,261,5,5,False,False,False,False
2026-05-05T10:56:54.483576+00:00,uAOfsghz2NY,2,0,0,28329,28331,231,231,12,12,False,False,False,False
2026-05-05T10:56:54.483576+00:00,qCFEWA_Nu3k,13,0,0,25026,25039,478,478,9,9,False,False,False,False
2026-05-05T10:56:54.483576+00:00,aNfOwttNQcg,1,0,0,4473,4474,115,115,2,2,False,False,False,False
2026-05-05T10:56:54.483576+00:00,Xq-4lUaLIp8,0,0,0,7671,7671,186,186,4,4,False,False,False,False
2026-05-05T10:56:54.483576+00:00,ZB9IMq0ee0k,18,0,0,66144,66162,2911,2911,177,177,False,False,False,False
2026-05-05T10:56:54.483576+00:00,Lw3RJgDjXh0,1,0,0,7298,7299,170,170,1,1,False,False,False,False
2026-05-05T10:56:54.483576+00:00,PiKd0maLI6o,2,0,0,10457,10459,611,611,8,8,False,False,False,False
2026-05-05T10:56:54.483576+00:00,mTqDtRTKvqE,1,0,0,6403,6404,221,221,18,18,False,False,False,False
2026-05-05T10:56:54.483576+00:00,BwIlVEvq7mU,4,0,0,6937,6941,142,142,8,8,False,False,False,False
2026-05-05T10:56:54.483576+00:00,lrl7lslhv2s,1,0,0,8675,8676,300,300,3,3,False,False,False,False
2026-05-05T10:56:54.483576+00:00,BPt0fwBCDbQ,395,2,0,372257,372652,4417,4419,112,112,False,False,False,False
2026-05-05T10:56:54.483576+00:00,EvauKuWaNmk,51,1,0,61071,61122,2823,2824,269,269,False,False,False,False
2026-05-05T10:56:54.483576+00:00,zEUstENVghI,47,3,0,12497,12544,418,421,34,34,False,False,False,False
2026-05-05T10:56:54.483576+00:00,Enic64S66_s,2,0,0,6086,6088,168,168,3,3,False,False,False,False
2026-05-05T10:56:54.483576+00:00,YldxYShWvGE,0,0,0,7182,7182,148,148,2,2,False,False,False,False
2026-05-05T10:56:54.483576+00:00,QeK4l-iH51Y,1,0,0,4403,4404,152,152,4,4,False,False,False,False
2026-05-05T10:56:54.483576+00:00,tqD_yn5Y_zQ,2,0,0,4051,4053,67,67,1,1,False,False,False,False
2026-05-05T10:56:54.483576+00:00,VjqsnOrW3AM,1289,20,3,118658,119947,2938,2958,107,110,False,False,False,False
2026-05-05T10:56:54.483576+00:00,sjbKZ4CY1Ow,639,5,0,142981,143620,2200,2205,124,124,False,False,False,False
2026-05-05T10:56:54.483576+00:00,iaYdIU5n6vw,1190,26,0,675775,676965,12924,12950,2074,2074,False,False,False,False
2026-05-05T10:56:54.483576+00:00,Fy8H9I2kJkI,384,3,0,322146,322530,4999,5002,285,285,False,False,False,False
2026-05-05T10:56:54.483576+00:00,AVyYMXc_t9s,87,0,0,7939,8026,449,449,36,36,False,False,False,False
2026-05-05T10:56:54.483576+00:00,HOwVuamQvTc,20,0,0,6494,6514,357,357,10,10,False,False,False,False
2026-05-05T10:56:54.483576+00:00,k0ZYVWoVWAc,28,0,0,20057,20085,879,879,200,200,False,False,False,False
2026-05-05T10:56:54.483576+00:00,ra8QknbAJs4,21,1,0,5217,5238,177,178,6,6,False,False,False,False
2026-05-05T10:56:54.483576+00:00,TpncXdKNLTQ,39,0,0,4765,4804,144,144,4,4,False,False,False,False
2026-05-05T10:56:54.483576+00:00,7m9uIc31Egw,34,0,0,6840,6874,257,257,7,7,False,False,False,False
2026-05-05T10:56:54.483576+00:00,q__FKs64J28,19,0,0,3359,3378,171,171,2,2,False,False,False,False
2026-05-05T10:56:54.483576+00:00,C9V8L2emj9M,14,1,0,3859,3873,195,196,0,0,False,False,False,False
2026-05-05T10:56:54.483576+00:00,EZLeWRbCEbA,230,2,0,39153,39383,1548,1550,90,90,False,False,False,False
2026-05-05T10:56:54.483576+00:00,QduEFho6dLg,28,1,0,9221,9249,536,537,30,30,False,False,False,False
2026-05-05T10:56:54.483576+00:00,ZhRgnBzcYHQ,443,18,0,45680,46123,2994,3012,96,96,False,False,False,False
2026-05-05T10:56:54.483576+00:00,6WqWhSmCbXk,1284,33,1,109906,111190,4178,4211,210,211,False,False,False,False
2026-05-05T10:56:54.483576+00:00,pdNaIhcp3z4,164,7,0,27251,27415,1249,1256,82,82,False,False,False,False
2026-05-05T10:56:54.483576+00:00,_BHe9R7pYNw,22,2,0,8094,8116,569,571,34,34,False,False,False,False
2026-05-05T10:56:54.483576+00:00,5Z4z2oEoxw8,43,2,0,29092,29135,1593,1595,79,79,False,False,False,False
2026-05-05T10:56:54.483576+00:00,0O8CF6F7CVs,0,0,0,0,0,0,0,0,0,False,False,False,False
2026-05-05T10:56:54.483576+00:00,7Ocx3WwDK_c,9,1,0,4374,4383,188,189,6,6,False,False,False,False
2026-05-05T10:56:54.483576+00:00,Cp3DxMyEBIM,1413,23,0,144997,146410,3396,3419,281,281,False,False,False,False
2026-05-05T10:56:54.483576+00:00,M_FKC2NTb24,197,2,0,26114,26311,522,524,9,9,False,False,False,False
2026-05-05T10:56:54.483576+00:00,5zwotvZ1rl0,57,0,0,12463,12520,297,297,35,35,False,False,False,False
2026-05-05T10:56:54.483576+00:00,F1D4G7VTBnY,5,0,0,3951,3956,172,172,1,1,False,False,False,False
2026-05-05T10:56:54.483576+00:00,kp1dLUox9_Y,35,1,0,21634,21669,917,918,31,31,False,False,False,False
2026-05-05T10:56:54.483576+00:00,FR04V2DkErI,1,0,0,2315,2316,109,109,0,0,False,False,False,False
2026-05-05T10:56:54.483576+00:00,raie7EtagZk,3,0,0,10662,10665,945,945,9,9,False,False,False,False
2026-05-05T10:56:54.483576+00:00,2Z1aJVGA1-M,2,0,0,7330,7332,301,301,8,8,False,False,False,False
2026-05-05T10:56:54.483576+00:00,6cUe6qrXxJU,3,0,0,15106,15109,508,508,10,10,False,False,False,False
2026-05-05T10:56:54.483576+00:00,5DilrEUdYnY,0,0,0,4710,4710,356,356,4,4,False,False,False,False
2026-05-05T10:56:54.483576+00:00,Nq-c06vj5PM,148,1,0,24981,25129,750,751,115,115,False,False,False,False
2026-05-05T10:56:54.483576+00:00,7u0DJM1SNPs,4,0,0,20969,20973,356,356,8,8,False,False,False,False
2026-05-05T10:56:54.483576+00:00,FAerQflosns,1,0,0,7907,7908,290,290,12,12,False,False,False,False
2026-05-05T10:56:54.483576+00:00,l8F9Omk197E,3,0,0,9020,9023,284,284,5,5,False,False,False,False
2026-05-05T10:56:54.483576+00:00,IwjPma4PPTM,547,32,3,77009,77556,4306,4338,102,105,False,False,False,False
2026-05-05T10:56:54.483576+00:00,XXZ2wOom1l0,1329,56,1,98419,99748,4661,4717,133,134,False,False,False,False
2026-05-05T10:56:54.483576+00:00,Lqq78q17jDY,10311,508,12,406373,416684,21539,22047,1240,1252,False,False,False,False
2026-05-05T10:56:54.483576+00:00,sKME5er1OKc,2924,130,4,183380,186304,9574,9704,457,461,False,False,False,False
2026-05-05T10:56:54.483576+00:00,r6AB_e8Rk1I,782,16,0,153140,153922,5443,5459,187,187,False,False,False,False
2026-05-05T10:56:54.483576+00:00,OkuWh46I4m4,181,7,0,18056,18237,1066,1073,35,35,False,False,False,False
2026-05-05T10:56:54.483576+00:00,THMW7bXTog4,1042,44,0,187199,188241,14397,14441,165,165,False,False,False,False
2026-05-05T10:56:54.483576+00:00,uvfU2B8b4G4,160,10,0,48507,48667,2309,2319,23,23,False,False,False,False
2026-05-05T10:56:54.483576+00:00,G9L3zK57X6Y,108,2,0,89662,89770,4744,4746,85,85,False,False,False,False
2026-05-05T10:56:54.483576+00:00,TeheJAFWwYs,89,1,0,8383,8472,514,515,58,58,False,False,False,False
2026-05-05T10:56:54.483576+00:00,uSjcVPbJayU,1780,78,2,326575,328355,17510,17588,1018,1020,False,False,False,False
2026-05-05T10:56:54.483576+00:00,au_CNv7ZBS4,60,1,0,16042,16102,1006,1007,31,31,False,False,False,False
2026-05-05T10:56:54.483576+00:00,UszcZZ1QZho,136,1,0,23998,24134,817,818,26,26,False,False,False,False
2026-05-05T10:56:54.483576+00:00,UN6X2Jj-qrQ,29,-1,0,9623,9652,775,774,3,3,False,False,False,False
2026-05-05T10:56:54.483576+00:00,9361MUAmA24,38,1,0,15301,15339,1119,1120,13,13,False,False,False,False
2026-05-05T10:56:54.483576+00:00,sQoa8y7eN-8,36,1,0,8733,8769,720,721,6,6,False,False,False,False
2026-05-05T10:56:54.483576+00:00,UacKz43AiDQ,7,1,0,2219,2226,62,63,1,1,False,False,False,False
2026-05-05T10:56:54.483576+00:00,9T90MfOpaZY,1,0,0,2101,2102,73,73,10,10,False,False,False,False
2026-05-05T10:56:54.483576+00:00,5qoKwHygsy8,4,0,0,3516,3520,152,152,6,6,False,False,False,False
2026-05-05T10:56:54.483576+00:00,0IGNbK4bbXA,102,4,0,15702,15804,995,999,66,66,False,False,False,False
2026-05-05T10:56:54.483576+00:00,ppy-SwlSnEo,0,0,0,2439,2439,85,85,2,2,False,False,False,False
2026-05-05T10:56:54.483576+00:00,-bFkzPRxH4w,3,0,0,15243,15246,267,267,399,399,False,False,False,False
2026-05-05T10:56:54.483576+00:00,87jnYKGVetM,69,4,0,31073,31142,1195,1199,12,12,False,False,False,False
2026-05-05T10:56:54.483576+00:00,zyJ1yZwX_tE,190,2,0,44036,44226,1013,1015,5,5,False,False,False,False
2026-05-05T10:56:54.483576+00:00,IJJbQTVdAtE,648,10,0,79384,80032,2547,2557,15,15,False,False,False,False
2026-05-05T10:56:54.483576+00:00,rhVEOqNhjKo,100,0,0,32612,32712,990,990,16,16,False,False,False,False
2026-05-05T10:56:54.483576+00:00,myMj_ZfZ_xI,286,2,0,45266,45552,1038,1040,9,9,False,False,False,False
2026-05-05T10:56:54.483576+00:00,wd_xh6gSSOs,370,17,0,62595,62965,2846,2863,53,53,False,False,False,False
2026-05-05T10:56:54.483576+00:00,p5zWy46yWxU,338,2,0,62467,62805,1241,1243,15,15,False,False,False,False
2026-05-05T10:56:54.483576+00:00,IQZiAOokKXo,54,0,0,29587,29641,748,748,3,3,False,False,False,False
2026-05-05T10:56:54.483576+00:00,x3P8Zqux4A4,93,6,0,58102,58195,2288,2294,16,16,False,False,False,False
2026-05-05T10:56:54.483576+00:00,7vdW8a6jEfw,50,1,0,37994,38044,1213,1214,10,10,False,False,False,False
2026-05-05T10:56:54.483576+00:00,wJwQm_aqC8U,42,0,0,26441,26483,1163,1163,8,8,False,False,False,False
2026-05-05T10:56:54.483576+00:00,I-rogofBX8c,44,1,0,25526,25570,949,950,7,7,False,False,False,False
2026-05-05T10:56:54.483576+00:00,HEW0VJx9iw0,128,1,0,55742,55870,2043,2044,15,15,False,False,False,False
2026-05-05T10:56:54.483576+00:00,GMXWOLJHnJc,50,1,0,69241,69291,3031,3032,29,29,False,False,False,False
2026-05-05T10:56:54.483576+00:00,gtdao7DVsBo,105,2,0,28309,28414,835,837,7,7,False,False,False,False
2026-05-05T10:56:54.483576+00:00,tveRHTJJyy8,34,1,0,22020,22054,801,802,5,5,False,False,False,False
2026-05-05T10:56:54.483576+00:00,DB1fSfulSJQ,-52,2,0,61883,61831,2407,2409,17,17,False,False,False,False
2026-05-05T10:56:54.483576+00:00,FpwEaued1Hc,43,2,0,46250,46293,2295,2297,29,29,False,False,False,False
2026-05-05T10:56:54.483576+00:00,0EqJD2o-Mnk,351,7,8,42708,43059,987,994,60,68,False,False,False,False
2026-05-05T10:56:54.483576+00:00,Y9HJ_U3TdXk,2296,59,1,168437,170733,6181,6240,29,30,False,False,False,False
2026-05-05T10:56:54.483576+00:00,f7fbvRa4eJE,20,0,0,27022,27042,774,774,11,11,False,False,False,False
2026-05-05T10:56:54.483576+00:00,01NMf5-J_P4,36,2,1,57288,57324,2472,2474,18,19,False,False,False,False
2026-05-05T10:56:54.483576+00:00,OuOIrxBXB0M,460,12,0,131203,131663,2856,2868,20,20,False,False,False,False
2026-05-05T10:56:54.483576+00:00,wR8P970sqH8,28,0,0,25774,25802,1002,1002,9,9,False,False,False,False
2026-05-05T10:56:54.483576+00:00,664cs6FZEZo,51,2,0,69969,70020,1987,1989,35,35,False,False,False,False
2026-05-05T10:56:54.483576+00:00,ABoKfabPQyY,1062,18,0,230925,231987,4822,4840,45,45,False,False,False,False
2026-05-05T10:56:54.483576+00:00,UQXupr6-Wmg,112,0,0,66563,66675,2103,2103,20,20,False,False,False,False
2026-05-05T10:56:54.483576+00:00,s47EWzAbZL4,49,0,0,46626,46675,1164,1164,9,9,False,False,False,False
2026-05-05T10:56:54.483576+00:00,Wj8owIKaQKQ,14,1,0,32665,32679,1676,1677,15,15,False,False,False,False
2026-05-05T10:56:54.483576+00:00,0moz0GJcIHg,14,0,0,28253,28267,1033,1033,14,14,False,False,False,False
2026-05-05T10:56:54.483576+00:00,5tW7CPAVii0,1618,37,1,250619,252237,7005,7042,145,146,False,False,False,False
2026-05-05T10:56:54.483576+00:00,vrW0swCG3Kg,17,0,0,31513,31530,1669,1669,26,26,False,False,False,False
2026-05-05T10:56:54.483576+00:00,yIUDe9YH0ac,1634,30,0,214236,215870,5873,5903,99,99,False,False,False,False
2026-05-05T10:56:54.483576+00:00,Z0uWs_W9S1A,16,0,0,15115,15131,440,440,12,12,False,False,False,False
2026-05-05T10:56:54.483576+00:00,uWOLkr7S47A,60,0,0,75599,75659,1765,1765,5,5,False,False,False,False
2026-05-05T10:56:54.483576+00:00,E7PxcFm-Xs8,11,0,0,30073,30084,1385,1385,6,6,False,False,False,False
2026-05-05T10:56:54.483576+00:00,FfMFahO2VE4,18,0,0,31175,31193,1626,1626,13,13,False,False,False,False
2026-05-05T10:56:54.483576+00:00,jq7ocNZXg_s,21,1,0,25319,25340,2596,2597,43,43,False,False,False,False
2026-05-05T10:56:54.483576+00:00,fHes8kAGJHs,15,0,0,39354,39369,1627,1627,12,12,False,False,False,False
2026-05-05T10:56:54.483576+00:00,fr78adfAnuA,840,13,78,155547,156387,4849,4862,177,255,False,False,False,False
2026-05-05T10:56:54.483576+00:00,HnafDG2aj1I,12,0,0,29597,29609,928,928,6,6,False,False,False,False
2026-05-05T10:56:54.483576+00:00,nJ0oh5u6YbM,829,22,0,118491,119320,4115,4137,28,28,False,False,False,False
2026-05-05T10:56:54.483576+00:00,07T7V-Szcx0,6292,129,3,448453,454745,13349,13478,215,218,False,False,False,False
2026-05-05T10:56:54.483576+00:00,gS87TtB9nk4,38,0,0,109228,109266,2282,2282,22,22,False,False,False,False
2026-05-05T10:56:54.483576+00:00,mPbb2Gk3fr4,10,0,0,53565,53575,1509,1509,6,6,False,False,False,False
2026-05-05T10:56:54.483576+00:00,CZtseHx5dAM,6,0,0,33165,33171,1101,1101,11,11,False,False,False,False
2026-05-05T10:56:54.483576+00:00,DykSRxbFZZo,14,0,0,29324,29338,1148,1148,16,16,False,False,False,False
2026-05-05T10:56:54.483576+00:00,g47pe7T6-KE,7,0,0,25577,25584,1380,1380,11,11,False,False,False,False
2026-05-05T10:56:54.483576+00:00,0Z1lChyi2W4,1159,30,1,629309,630468,16784,16814,572,573,False,False,False,False
2026-05-05T10:56:54.483576+00:00,v_1Dhh8G84c,6047,83,0,1722156,1728203,48233,48316,723,723,False,False,False,False
2026-05-05T10:56:54.483576+00:00,pcAJLeGAtwc,6046,83,0,994431,1000477,25850,25933,489,489,False,False,False,False
2026-05-05T10:56:54.483576+00:00,roUppNywDks,4582,44,14,879283,883865,14979,15023,6429,6443,False,False,False,False
2026-05-05T10:56:54.483576+00:00,Bcag49Fk3zA,4061,89,1,1390847,1394908,41981,42070,433,434,False,False,False,False
2026-05-05T10:56:54.483576+00:00,0HSNPIttevk,14721,137,0,972000,986721,23593,23730,762,762,False,False,False,False
2026-05-05T10:56:54.483576+00:00,IMM5cm6xrXQ,5457,43,-1,1548072,1553529,33141,33184,854,853,False,False,False,False
2026-05-05T10:56:54.483576+00:00,0t118SCf-2w,8203,97,8,1927128,1935331,33630,33727,594,602,False,False,False,False
2026-05-05T10:56:54.483576+00:00,_WrHMsTYlOU,3620,72,6,955578,959198,25064,25136,1250,1256,False,False,False,False
2026-05-05T10:56:54.483576+00:00,-uSQcEfnKp0,1222,32,-1,647122,648344,22579,22611,693,692,False,False,False,False
2026-05-05T10:56:54.483576+00:00,S0WQP5GeTZs,1840,19,1,942517,944357,23757,23776,724,725,False,False,False,False
2026-05-05T10:56:54.483576+00:00,OwbaFLtBpkQ,3106,31,0,672181,675287,14270,14301,267,267,False,False,False,False
2026-05-05T10:56:54.483576+00:00,UncqiOQc4rI,49009,1000,19,3556852,3605861,101512,102512,1332,1351,False,False,False,False
2026-05-05T10:56:54.483576+00:00,8u7HqZJQHDM,3951,48,7,983592,987543,15189,15237,5614,5621,False,False,False,False
2026-05-05T10:56:54.483576+00:00,K9S3YgFZN9Y,1759,15,0,646466,648225,14868,14883,269,269,False,False,False,False
2026-05-05T10:56:54.483576+00:00,WeliLUboy3M,3466,38,0,1196012,1199478,18868,18906,541,541,False,False,False,False
2026-05-05T10:56:54.483576+00:00,Czf68kDF_7Y,35334,745,9,2309596,2344930,54944,55689,1015,1024,False,False,False,False
2026-05-05T10:56:54.483576+00:00,kTlm_3HwRFg,1035,18,0,340601,341636,8079,8097,89,89,False,False,False,False
2026-05-05T10:56:54.483576+00:00,ucN2hf0CgI8,11720,123,1,1474709,1486429,36769,36892,347,348,False,False,False,False
2026-05-05T10:56:54.483576+00:00,up__2flbXw4,2863,12,0,935250,938113,19040,19052,448,448,False,False,False,False
2026-05-05T10:56:54.483576+00:00,msYTFQ4OIu8,2487,20,3,997004,999491,14695,14715,6789,6792,False,False,False,False
2026-05-05T10:56:54.483576+00:00,9LsgBjswQZY,494,3,0,135553,136047,2742,2745,33,33,False,False,False,False
2026-05-05T10:56:54.483576+00:00,HRxULulg_hM,4498,81,0,953427,957925,29220,29301,372,372,False,False,False,False
2026-05-05T10:56:54.483576+00:00,5wuHYQMnYhA,8198,273,0,897475,905673,33882,34155,699,699,False,False,False,False
2026-05-05T10:56:54.483576+00:00,D4fkiQfzw_I,2051,78,2,122947,124998,5630,5708,281,283,False,False,False,False
2026-05-05T10:56:54.483576+00:00,XAQ275WwWnw,33,2,0,15995,16028,459,461,6,6,False,False,False,False
2026-05-05T10:56:54.483576+00:00,VREVC0wXPfs,59,2,0,25820,25879,693,695,3,3,False,False,False,False
2026-05-05T10:56:54.483576+00:00,MSl5mD3E7PE,124,11,1,20968,21092,1867,1878,99,100,False,False,False,False
2026-05-05T10:56:54.483576+00:00,J9p4GMskefU,121,12,0,30946,31067,2819,2831,86,86,False,False,False,False
2026-05-05T10:56:54.483576+00:00,MX1a5garnwc,87,3,0,8790,8877,588,591,93,93,False,False,False,False
2026-05-05T10:56:54.483576+00:00,v8z-clVwRxM,122,2,0,32993,33115,1037,1039,100,100,False,False,False,False
2026-05-05T10:56:54.483576+00:00,e7IyFScAa-Q,404,7,1,17383,17787,679,686,50,51,False,False,False,False
2026-05-05T10:56:54.483576+00:00,1gyuiKoSc-w,215,5,0,6099,6314,241,246,13,13,False,False,False,False
2026-05-05T10:56:54.483576+00:00,-tzJJPnAenI,4,0,0,3096,3100,146,146,0,0,False,False,False,False
2026-05-05T10:56:54.483576+00:00,vaEGXlhFrJQ,0,0,0,168,168,6,6,1,1,False,False,False,False
2026-05-05T10:56:54.483576+00:00,BYv6i1MhiRA,0,0,0,2691,2691,20,20,0,0,False,False,False,False
2026-05-05T10:56:54.483576+00:00,lYpHv3Tg0Vg,7,1,0,15403,15410,353,354,3,3,False,False,False,False
2026-05-05T10:56:54.483576+00:00,kFVzax1iFW8,0,0,0,211,211,11,11,0,0,False,False,False,False
2026-05-05T10:56:54.483576+00:00,u03PlL13QDw,0,0,0,3412,3412,49,49,0,0,False,False,False,False
2026-05-05T10:56:54.483576+00:00,bjFyP8D_XvM,0,0,0,1902,1902,134,134,0,0,False,False,False,False
2026-05-05T10:56:54.483576+00:00,dUo1R8tp6zQ,0,0,0,278,278,15,15,0,0,False,False,False,False
2026-05-05T10:56:54.483576+00:00,YPM2Fep2P3A,0,0,0,1810,1810,88,88,2,2,False,False,False,False
2026-05-05T10:56:54.483576+00:00,uJzhn5czGL4,0,0,0,1624,1624,111,111,2,2,False,False,False,False
2026-05-05T10:56:54.483576+00:00,V4tlvp9IP_8,0,0,0,184,184,21,21,3,3,False,False,False,False
2026-05-05T10:56:54.483576+00:00,dCJJcNtrNjo,0,0,0,1140,1140,73,73,0,0,False,False,False,False
2026-05-05T10:56:54.483576+00:00,WVEngsk1RuQ,0,0,0,1745,1745,80,80,0,0,False,False,False,False
2026-05-05T10:56:54.483576+00:00,IkNEALHWXUo,4,0,0,651,655,24,24,1,1,False,False,False,False
2026-05-05T10:56:54.483576+00:00,8XfsycyMf48,3,0,0,4563,4566,213,213,1,1,False,False,False,False
2026-05-05T10:56:54.483576+00:00,Tx6waClZSYM,0,0,0,2953,2953,136,136,1,1,False,False,False,False
2026-05-05T10:56:54.483576+00:00,4NHnN9EmDk0,0,0,0,366,366,27,27,2,2,False,False,False,False
2026-05-05T10:56:54.483576+00:00,UkbeRKmr5kM,25,0,0,56152,56177,675,675,13,13,False,False,False,False
2026-05-05T10:56:54.483576+00:00,vd8fb3noIgY,4,0,0,16978,16982,1359,1359,16,16,False,False,False,False
2026-05-05T10:56:54.483576+00:00,nZlhHf8vSbU,4,0,0,9165,9169,926,926,8,8,False,False,False,False
2026-05-05T10:56:54.483576+00:00,qsJSGpOs5q4,6,0,0,14566,14572,863,863,7,7,False,False,False,False
2026-05-05T10:56:54.483576+00:00,Mxv60XerzG4,5,0,0,7355,7360,513,513,16,16,False,False,False,False
2026-05-05T10:56:54.483576+00:00,pVXm6lt1F7w,17,1,0,21010,21027,2076,2077,18,18,False,False,False,False
2026-05-05T10:56:54.483576+00:00,jIj6PuMrDGA,118,8,0,42033,42151,2962,2970,34,34,False,False,False,False
2026-05-05T10:56:54.483576+00:00,XzkJ2WrHR2c,9,1,0,19242,19251,1145,1146,39,39,False,False,False,False
2026-05-05T10:56:54.483576+00:00,PMX-urJB7uw,1,0,0,2750,2751,236,236,6,6,False,False,False,False
2026-05-05T10:56:54.483576+00:00,MdYM6kw372Q,11,0,0,17203,17214,1092,1092,19,19,False,False,False,False
2026-05-05T10:56:54.483576+00:00,3QRWlCFdzyE,57,2,0,20394,20451,956,958,20,20,False,False,False,False
2026-05-05T10:56:54.483576+00:00,rXs8JlFIS-U,5,0,0,17912,17917,925,925,15,15,False,False,False,False
2026-05-05T10:56:54.483576+00:00,SK8tkpErsm8,11,0,0,22166,22177,1233,1233,16,16,False,False,False,False
2026-05-05T10:56:54.483576+00:00,RBz3O-4xBYE,7,1,0,14902,14909,1254,1255,34,34,False,False,False,False
2026-05-05T10:56:54.483576+00:00,03uRM4Uz5t8,4,0,2,19948,19952,1407,1407,37,39,False,False,False,False
2026-05-05T10:56:54.483576+00:00,rzqgWnJPamU,2,0,0,2984,2986,160,160,4,4,False,False,False,False
2026-05-05T10:56:54.483576+00:00,nLlqkXdlNsM,14,2,0,23627,23641,1062,1064,13,13,False,False,False,False
2026-05-05T10:56:54.483576+00:00,fIZkXHaOuvY,1,0,0,2552,2553,123,123,4,4,False,False,False,False
2026-05-05T10:56:54.483576+00:00,t3oZncJYgwE,3,0,0,3898,3901,358,358,5,5,False,False,False,False
2026-05-05T10:56:54.483576+00:00,h5Snd8uqih8,1,0,0,2803,2804,118,118,3,3,False,False,False,False
2026-05-05T10:56:54.483576+00:00,Z-xAO96GQtU,7,0,0,10271,10278,1127,1127,6,6,False,False,False,False
2026-05-05T10:56:54.483576+00:00,TlwFNKM1OyA,0,0,0,6268,6268,403,403,7,7,False,False,False,False
2026-05-05T10:56:54.483576+00:00,kLZUfQUWNNw,1,0,0,2285,2286,150,150,7,7,False,False,False,False
2026-05-05T10:56:54.483576+00:00,uOGqRV25LOc,1,0,0,1998,1999,99,99,2,2,False,False,False,False
2026-05-05T10:56:54.483576+00:00,FOyH5MIRyD4,10,0,0,18630,18640,1039,1039,10,10,False,False,False,False
2026-05-05T10:56:54.483576+00:00,X5MyBjZ8Jgw,7,0,0,24177,24184,1320,1320,11,11,False,False,False,False
2026-05-05T10:56:54.483576+00:00,Ux-bi7bqrUU,7,0,0,6476,6483,543,543,5,5,False,False,False,False
2026-05-05T10:56:54.483576+00:00,0xTKuxdSrRI,3,0,0,26783,26786,1045,1045,13,13,False,False,False,False
2026-05-05T10:56:54.483576+00:00,uHx1N_qFfTw,2,0,0,2921,2923,240,240,3,3,False,False,False,False
2026-05-05T10:56:54.483576+00:00,SrN39dykl7A,1,0,0,3863,3864,250,250,3,3,False,False,False,False
2026-05-05T10:56:54.483576+00:00,YY3pLnSX1W4,2,0,0,3928,3930,296,296,2,2,False,False,False,False
2026-05-05T10:56:54.483576+00:00,qO9602XOIfY,4,0,0,16370,16374,915,915,15,15,False,False,False,False
2026-05-05T10:56:54.483576+00:00,WBBOTxvDook,1,0,0,3682,3683,245,245,4,4,False,False,False,False
2026-05-05T10:56:54.483576+00:00,weyrpnOTB-A,2,0,0,3805,3807,451,451,1,1,False,False,False,False
2026-05-05T10:56:54.483576+00:00,Jlw306k4Sv0,1,0,0,2226,2227,110,110,4,4,False,False,False,False
2026-05-05T10:56:54.483576+00:00,PfdNPN9Jv6s,5,0,0,19267,19272,1515,1515,19,19,False,False,False,False
2026-05-05T10:56:54.483576+00:00,jKwIvjb9kgM,1,0,0,8279,8280,669,669,6,6,False,False,False,False
2026-05-05T10:56:54.483576+00:00,kyojR7HQsVs,1,0,0,4574,4575,273,273,7,7,False,False,False,False
2026-05-05T10:56:54.483576+00:00,8ImVuaOhTf4,5,0,0,12651,12656,969,969,15,15,False,False,False,False
2026-05-05T10:56:54.483576+00:00,dINRvKoLQ-c,4,0,0,32922,32926,1778,1778,35,35,False,False,False,False
2026-05-05T10:56:54.483576+00:00,SxYWhC51qFo,2,0,0,8198,8200,479,479,4,4,False,False,False,False
2026-05-05T10:56:54.483576+00:00,ymxpml7CipE,3,0,0,5238,5241,335,335,3,3,False,False,False,False
2026-05-05T10:56:54.483576+00:00,LikC_lxkVEg,4,0,0,6098,6102,549,549,7,7,False,False,False,False
2026-05-05T10:56:54.483576+00:00,TCGbMJYgaYA,1,0,0,4766,4767,297,297,3,3,False,False,False,False
2026-05-05T10:56:54.483576+00:00,xSS2WTAglww,1,0,0,3017,3018,226,226,7,7,False,False,False,False
2026-05-05T10:56:54.483576+00:00,tysrC1PivVE,5,0,0,3738,3743,331,331,7,7,False,False,False,False
2026-05-05T10:56:54.483576+00:00,2Ylfj8r_-V8,4,0,0,9343,9347,598,598,12,12,False,False,False,False
2026-05-05T10:56:54.483576+00:00,3wJvtiigDcg,1,0,0,2645,2646,224,224,3,3,False,False,False,False
2026-05-05T10:56:54.483576+00:00,1lx0bttCAbs,155,5,0,39432,39587,1993,1998,38,38,False,False,False,False
2026-05-05T10:56:54.483576+00:00,AWWSm291p7c,5,0,0,4802,4807,395,395,6,6,False,False,False,False
2026-05-05T10:56:54.483576+00:00,GQtuLY1Qs1Q,4,0,0,3683,3687,125,125,4,4,False,False,False,False
2026-05-05T10:56:54.483576+00:00,izQP0WI1i9A,1,0,0,4364,4365,127,127,1,1,False,False,False,False
2026-05-05T10:56:54.483576+00:00,hx45I5QyAFw,1,0,0,7295,7296,584,584,11,11,False,False,False,False
2026-05-05T10:56:54.483576+00:00,cRKwXRLqKQM,1,0,0,3370,3371,93,93,2,2,False,False,False,False
2026-05-05T10:56:54.483576+00:00,VsjETURd7No,1,0,0,1788,1789,77,77,3,3,False,False,False,False
2026-05-05T10:56:54.483576+00:00,EJfh57hfc_E,6,1,0,20888,20894,1281,1282,24,24,False,False,False,False
2026-05-05T10:56:54.483576+00:00,vyUuhcDRcf4,5,1,0,10113,10118,400,401,8,8,False,False,False,False
2026-05-05T10:56:54.483576+00:00,9Ke8dmefEqo,4,0,0,8533,8537,578,578,7,7,False,False,False,False
2026-05-05T10:56:54.483576+00:00,50Esq3fgXzA,2,0,0,4040,4042,322,322,7,7,False,False,False,False
2026-05-05T10:56:54.483576+00:00,-rDMPyp2tvQ,3,0,0,5593,5596,414,414,5,5,False,False,False,False
2026-05-05T10:56:54.483576+00:00,tQCVAU-fZPA,124,9,0,302444,302568,13782,13791,159,159,False,False,False,False
2026-05-05T10:56:54.483576+00:00,vW1rzDI4KhM,1,0,0,3314,3315,146,146,5,5,False,False,False,False
2026-05-05T10:56:54.483576+00:00,SZLTZDoVcfA,1,0,0,3490,3491,312,312,3,3,False,False,False,False
2026-05-05T10:56:54.483576+00:00,5aR4agCS1OM,4,0,0,6383,6387,356,356,7,7,False,False,False,False
2026-05-05T10:56:54.483576+00:00,aFvAFWzCwF8,21,1,0,22999,23020,1481,1482,41,41,False,False,False,False
2026-05-05T10:56:54.483576+00:00,m8mdQGF-Pmw,1,0,0,23075,23076,1364,1364,26,26,False,False,False,False
2026-05-05T10:56:54.483576+00:00,wm1qu3D9-ho,1,0,0,4127,4128,274,274,2,2,False,False,False,False
2026-05-05T10:56:54.483576+00:00,eoXIFY2GZTw,1,0,0,21563,21564,1557,1557,17,17,False,False,False,False
2026-05-05T10:56:54.483576+00:00,crrTHKN_R58,859,28,1,116845,117704,8474,8502,591,592,False,False,False,False
2026-05-05T10:56:54.483576+00:00,La4ogJrxI0g,231,10,0,49169,49400,3465,3475,189,189,False,False,False,False
2026-05-05T10:56:54.483576+00:00,OEqMxMEBQQY,348,4,0,43297,43645,1584,1588,77,77,False,False,False,False
2026-05-05T10:56:54.483576+00:00,0ShXZN7aHqA,33,1,0,7185,7218,533,534,4,4,False,False,False,False
2026-05-05T10:56:54.483576+00:00,DQiQ30VepbU,497,23,1,24359,24856,1076,1099,85,86,False,False,False,False
2026-05-05T10:56:54.483576+00:00,lvw8Fe5wcBo,28,1,0,12953,12981,462,463,28,28,False,False,False,False
2026-05-05T10:56:54.483576+00:00,-txFIHA4ez8,489,27,0,62652,63141,2799,2826,102,102,False,False,False,False
2026-05-05T10:56:54.483576+00:00,eEfZlpKPAIU,50,1,0,18531,18581,755,756,17,17,False,False,False,False
2026-05-05T10:56:54.483576+00:00,l1-D1s67YU4,88,2,0,52650,52738,2316,2318,177,177,False,False,False,False
2026-05-05T10:56:54.483576+00:00,RtCDqPRlu48,15,0,0,17920,17935,762,762,17,17,False,False,False,False
2026-05-05T10:56:54.483576+00:00,5jOtf3OIgHg,12,0,0,9337,9349,432,432,5,5,False,False,False,False
2026-05-05T10:56:54.483576+00:00,VszurX3VCPE,8,0,0,13531,13539,530,530,21,21,False,False,False,False
2026-05-05T10:56:54.483576+00:00,w9LJSjmwufQ,6,0,0,9449,9455,538,538,4,4,False,False,False,False
2026-05-05T10:56:54.483576+00:00,gGvkfd-LiKA,26,0,0,12017,12043,502,502,42,42,False,False,False,False
2026-05-05T10:56:54.483576+00:00,oYu0ZgihU8Q,16,-1,0,3726,3742,134,133,8,8,False,False,False,False
2026-05-05T10:56:54.483576+00:00,5Tsi4Beca6g,9,0,0,9771,9780,422,422,21,21,False,False,False,False
2026-05-05T10:56:54.483576+00:00,AxHTi--S-sU,32,0,0,37085,37117,1950,1950,202,202,False,False,False,False
2026-05-05T10:56:54.483576+00:00,9R7IaubJFhA,9,0,0,10669,10678,576,576,30,30,False,False,False,False
2026-05-05T10:56:54.483576+00:00,ZrTIAjdcBGM,7,0,0,13470,13477,552,552,51,51,False,False,False,False
2026-05-05T10:56:54.483576+00:00,lkM12v2VZyE,109,2,0,46936,47045,1493,1495,35,35,False,False,False,False
2026-05-05T10:56:54.483576+00:00,QCcQpkBhOvI,42,0,0,12636,12678,590,590,15,15,False,False,False,False
2026-05-05T10:56:54.483576+00:00,R6VQrYkJf74,23,0,0,19967,19990,699,699,33,33,False,False,False,False
2026-05-05T10:56:54.483576+00:00,6Np0FPnWdMs,20,0,0,19840,19860,788,788,16,16,False,False,False,False
2026-05-05T10:56:54.483576+00:00,sa3zzPEnz_4,37,0,0,34764,34801,1295,1295,78,78,False,False,False,False
2026-05-05T10:56:54.483576+00:00,pgFxsauDXjc,0,0,0,7946,7946,314,314,11,11,False,False,False,False
2026-05-05T10:56:54.483576+00:00,G-i7hiu_yPU,14,0,0,8196,8210,742,742,87,87,False,False,False,False
2026-05-05T10:56:54.483576+00:00,6UPfq3KETg4,196,9,0,162431,162627,5705,5714,125,125,False,False,False,False
2026-05-05T10:56:54.483576+00:00,-wkZoxeFIpM,105,0,0,5321,5426,367,367,11,11,False,False,False,False
2026-05-05T10:56:54.483576+00:00,6-PunI-5Ts4,105,7,1,29374,29479,2859,2866,88,89,False,False,False,False
2026-05-05T10:56:54.483576+00:00,QDZUOBnmf4Q,237,2,0,40260,40497,3505,3507,116,116,False,False,False,False
2026-05-05T10:56:54.483576+00:00,TekYNY3eGC0,941,32,1,115243,116184,6719,6751,211,212,False,False,False,False
2026-05-05T10:56:54.483576+00:00,OWkM5YoEhgM,463,22,0,72084,72547,5436,5458,99,99,False,False,False,False
2026-05-05T10:56:54.483576+00:00,DgX6SMZaC_8,546,20,0,50490,51036,3990,4010,69,69,False,False,False,False
2026-05-05T10:56:54.483576+00:00,OPDzJP8iWLo,67,1,0,31265,31332,3062,3063,59,59,False,False,False,False
2026-05-05T10:56:54.483576+00:00,shkHigLwBnM,146,1,0,328353,328499,10573,10574,381,381,False,False,False,False
2026-05-05T10:56:54.483576+00:00,BOmc_wliaRg,4010,59,7,797242,801252,33457,33516,4685,4692,False,False,False,False
2026-05-05T10:56:54.483576+00:00,94PJFiyaSrs,31,1,-1,37480,37511,2084,2085,139,138,False,False,False,False
2026-05-05T10:56:54.483576+00:00,rfnB9MhBI44,402,23,0,171881,172283,11962,11985,240,240,False,False,False,False
2026-05-05T10:56:54.483576+00:00,g_7mUw6Xt2E,168,12,-7,139173,139341,6947,6959,694,687,False,False,False,False
2026-05-05T10:56:54.483576+00:00,a8LrJMGoVL4,342,32,1,128260,128602,9566,9598,478,479,False,False,False,False
2026-05-05T10:56:54.483576+00:00,u_f8bJkfg68,10161,119,1,3976888,3987049,104849,104968,924,925,False,False,False,False
2026-05-05T10:56:54.483576+00:00,WgcdDVIUXcI,8526,128,0,6609951,6618477,114695,114823,344,344,False,False,False,False
2026-05-05T10:56:54.483576+00:00,UEBpQgCIFTk,202,1,0,584355,584557,24971,24972,207,207,False,False,False,False
2026-05-05T10:56:54.483576+00:00,GmTuhpMe1oM,526,18,0,172746,173272,10664,10682,83,83,False,False,False,False
2026-05-05T10:56:54.483576+00:00,0kHJZFOuMWc,6948,269,1,919414,926362,47692,47961,245,246,False,False,False,False
2026-05-05T10:56:54.483576+00:00,KXpgCNB6Dcs,1047,45,0,474221,475268,36377,36422,209,209,False,False,False,False
2026-05-05T10:56:54.483576+00:00,gPmmDEGCQLg,372,25,0,287908,288280,25376,25401,462,462,False,False,False,False
2026-05-05T10:56:54.483576+00:00,hXPy19kPego,1426,75,3,130795,132221,9935,10010,782,785,False,False,False,False
2026-05-05T10:56:54.483576+00:00,yaBzATxyEYs,101,4,1,41205,41306,3107,3111,118,119,False,False,False,False
2026-05-05T10:56:54.483576+00:00,SY53rwqE2i0,92,2,0,27136,27228,1391,1393,70,70,False,False,False,False
2026-05-05T10:56:54.483576+00:00,LPTQADIf6Xk,720,27,1,127855,128575,8383,8410,518,519,False,False,False,False
2026-05-05T10:56:54.483576+00:00,Ycdklm6W1_o,1800,65,2,354965,356765,25026,25091,693,695,False,False,False,False
2026-05-05T10:56:54.483576+00:00,iRach9lpIlg,2190,28,0,1021525,1023715,20427,20455,532,532,False,False,False,False
2026-05-05T10:56:54.483576+00:00,MVFd0qFB9TE,8567,181,9,4138859,4147426,127390,127571,1589,1598,False,False,False,False
2026-05-05T10:56:54.483576+00:00,EFhMcL3Kf1c,1005,40,0,324380,325385,13630,13670,734,734,False,False,False,False
2026-05-05T10:56:54.483576+00:00,bouvNyq8xCY,168,8,0,31345,31513,2073,2081,66,66,False,False,False,False
2026-05-05T10:56:54.483576+00:00,4ZK7Ms4IZ7g,162,0,0,27535,27697,204,204,7,7,False,False,False,False
2026-05-05T10:56:54.483576+00:00,XV4eV0wnx-c,65,2,0,20656,20721,757,759,9,9,False,False,False,False
2026-05-05T10:56:54.483576+00:00,B2ag364pRgQ,119,1,0,66073,66192,2247,2248,401,401,False,False,False,False
2026-05-05T10:56:54.483576+00:00,1a5xOhqvm-I,30,0,0,13281,13311,409,409,13,13,False,False,False,False
2026-05-05T10:56:54.483576+00:00,bfENsVP77VQ,1044,36,0,171704,172748,3813,3849,343,343,False,False,False,False
2026-05-05T10:56:54.483576+00:00,f1rK6WfCjCQ,30,2,0,37135,37165,1000,1002,17,17,False,False,False,False
2026-05-05T10:56:54.483576+00:00,yemarhfhVA0,401,20,2,114164,114565,9367,9387,578,580,False,False,False,False
2026-05-05T10:56:54.483576+00:00,TET8fTKH1e8,4612,75,4,579195,583807,22951,23026,657,661,False,False,False,False
2026-05-05T10:56:54.483576+00:00,n16KlvFN28c,123,3,0,22504,22627,1073,1076,10,10,False,False,False,False
2026-05-05T10:56:54.483576+00:00,MK-6-YuFzC4,88,4,0,15209,15297,810,814,84,84,False,False,False,False
2026-05-05T10:56:54.483576+00:00,Xf_v62TQOx4,65,0,0,68978,69043,3193,3193,340,340,False,False,False,False
2026-05-05T10:56:54.483576+00:00,40kncAedwjs,12,0,0,2656,2668,201,201,17,17,False,False,False,False
2026-05-05T10:56:54.483576+00:00,rbbMgCB90fk,0,0,0,1741,1741,114,114,5,5,False,False,False,False
2026-05-05T10:56:54.483576+00:00,Bv4wqAVZ6Ps,5,0,0,2475,2480,164,164,11,11,False,False,False,False
2026-05-05T10:56:54.483576+00:00,N14hiQw7Wdk,41,1,0,2662,2703,87,88,30,30,False,False,False,False
2026-05-05T10:56:54.483576+00:00,tLlucpJbi5E,1,0,0,870,871,23,23,2,2,False,False,False,False
2026-05-05T10:56:54.483576+00:00,saLXbA_OCkE,0,0,0,441,441,14,14,0,0,False,False,False,False
2026-05-05T10:56:54.483576+00:00,MCnA_GAeAfg,0,0,0,567,567,13,13,0,0,False,False,False,False
2026-05-05T10:56:54.483576+00:00,kLhNERKdwd4,3,0,0,904,907,22,22,1,1,False,False,False,False
2026-05-05T10:56:54.483576+00:00,YNW_D7b60I4,0,0,0,761,761,20,20,0,0,False,False,False,False
2026-05-05T10:56:54.483576+00:00,MOpYEt-XfaU,3,0,0,850,853,14,14,2,2,False,False,False,False
2026-05-05T10:56:54.483576+00:00,G1xuyxMOUNM,0,0,0,1448,1448,20,20,1,1,False,False,False,False
2026-05-05T10:56:54.483576+00:00,dA8XrnlFY5w,18,0,0,2711,2729,92,92,15,15,False,False,False,False
2026-05-05T10:56:54.483576+00:00,sZoT8IoDJTU,1,0,0,698,699,17,17,0,0,False,False,False,False
2026-05-05T10:56:54.483576+00:00,wlOrP9Q1akA,0,0,0,759,759,15,15,0,0,False,False,False,False
2026-05-05T10:56:54.483576+00:00,Mm2C9CRyDxY,0,0,0,652,652,18,18,0,0,False,False,False,False
2026-05-05T10:56:54.483576+00:00,wvJLjIR3nRI,0,0,0,688,688,23,23,0,0,False,False,False,False
2026-05-05T10:56:54.483576+00:00,nIrSjC_gsk8,0,0,0,629,629,14,14,0,0,False,False,False,False
2026-05-05T10:56:54.483576+00:00,IaUn-c8Lxss,0,0,0,579,579,16,16,0,0,False,False,False,False
2026-05-05T10:56:54.483576+00:00,fQK8Lx-oRIU,107,4,1,16155,16262,712,716,31,32,False,False,False,False
2026-05-05T10:56:54.483576+00:00,h9kh7KssnMc,323,12,0,114847,115170,2569,2581,63,63,False,False,False,False
2026-05-05T10:56:54.483576+00:00,XyFrfcsbDGY,32,1,0,57382,57414,2419,2420,75,75,False,False,False,False
2026-05-05T10:56:54.483576+00:00,zxQJIBt9CBI,1547,45,2,173449,174996,8418,8463,350,352,False,False,False,False
2026-05-05T10:56:54.483576+00:00,Xy09nfcwZ3E,47,0,0,34383,34430,1312,1312,5,5,False,False,False,False
2026-05-05T10:56:54.483576+00:00,-APimd6TUro,397,2,0,34123,34520,736,738,4,4,False,False,False,False
2026-05-05T10:56:54.483576+00:00,rzHYdFYDjcQ,12,0,0,2941,2953,92,92,2,2,False,False,False,False
2026-05-05T10:56:54.483576+00:00,-5kkpHpexIA,236,4,0,33517,33753,675,679,4,4,False,False,False,False
2026-05-05T10:56:54.483576+00:00,-JTeDTLElVg,182,1,0,18548,18730,621,622,3,3,False,False,False,False
2026-05-05T10:56:54.483576+00:00,u7sbQBw3X3g,13,0,0,22642,22655,496,496,0,0,False,False,False,False
2026-05-05T10:56:54.483576+00:00,QIKiQjEMUjY,1582,39,0,235037,236619,7446,7485,753,753,False,False,False,False
2026-05-05T10:56:54.483576+00:00,_EHKT75Ir0g,8,0,0,2979,2987,176,176,2,2,False,False,False,False
2026-05-05T10:56:54.483576+00:00,wB2Kb0MiyAc,200,1,0,34392,34592,629,630,6,6,False,False,False,False
2026-05-05T10:56:54.483576+00:00,bGis_LtFRRo,6,0,0,1341,1347,40,40,0,0,False,False,False,False
2026-05-05T10:56:54.483576+00:00,UgfrzicHc80,1242,23,0,200910,202152,6330,6353,684,684,False,False,False,False
2026-05-05T10:56:54.483576+00:00,2F50vE7VUIw,3,0,0,4676,4679,440,440,4,4,False,False,False,False
2026-05-05T10:56:54.483576+00:00,qC_5K9u8nY4,4,0,0,5862,5866,181,181,1,1,False,False,False,False
2026-05-05T10:56:54.483576+00:00,WSSQ8mtQicE,3,0,0,4022,4025,125,125,0,0,False,False,False,False
2026-05-05T10:56:54.483576+00:00,jdrW-vJOD1w,150,0,0,16514,16664,798,798,33,33,False,False,False,False
2026-05-05T10:56:54.483576+00:00,6AKlPLtjBR8,39,0,0,16006,16045,833,833,26,26,False,False,False,False
2026-05-05T10:56:54.483576+00:00,ZjtJALByo70,62,0,0,10705,10767,591,591,9,9,False,False,False,False
2026-05-05T10:56:54.483576+00:00,0VjrLsr61pk,639,11,1,151244,151883,5379,5390,340,341,False,False,False,False
2026-05-05T10:56:54.483576+00:00,uay_qpfTJOE,37,0,0,4466,4503,92,92,3,3,False,False,False,False
2026-05-05T10:56:54.483576+00:00,AXvou3mSGQA,149,0,0,35849,35998,1097,1097,44,44,False,False,False,False
2026-05-05T10:56:54.483576+00:00,Zu3g28TTetU,63,3,0,49401,49464,2426,2429,181,181,False,False,False,False
2026-05-05T10:56:54.483576+00:00,MbX7gs6huVE,75,0,0,14121,14196,603,603,14,14,False,False,False,False
2026-05-05T10:56:54.483576+00:00,ckyeC880OPA,272,3,1,52897,53169,1677,1680,38,39,False,False,False,False
2026-05-05T10:56:54.483576+00:00,AzNb2nQrM7U,466,8,1,62703,63169,2804,2812,325,326,False,False,False,False
2026-05-05T10:56:54.483576+00:00,q1l42BPzbIk,616,39,2,114135,114751,9867,9906,1349,1351,False,False,False,False
2026-05-05T10:56:54.483576+00:00,3LnNwS6rqk8,3235,82,2,439836,443071,25640,25722,732,734,False,False,False,False
2026-05-05T10:56:54.483576+00:00,AxM96v9ZCzI,164,2,0,67495,67659,1762,1764,12,12,False,False,False,False
2026-05-05T10:56:54.483576+00:00,4vHF2qU89Jo,492,22,0,69964,70456,7094,7116,447,447,False,False,False,False
2026-05-05T10:56:54.483576+00:00,-Ap6qWvqk0I,255,17,1,21365,21620,2935,2952,153,154,False,False,False,False
2026-05-05T10:56:54.483576+00:00,na5Enw8P18A,354,14,0,175084,175438,10139,10153,309,309,False,False,False,False
2026-05-05T10:56:54.483576+00:00,UM9dcnJXX0k,3982,81,9,377983,381965,15631,15712,3477,3486,False,False,False,False
2026-05-05T10:56:54.483576+00:00,4IeYytwcpuQ,228,5,1,106106,106334,6256,6261,199,200,False,False,False,False
2026-05-05T10:56:54.483576+00:00,xO5diVmgE8Y,122,4,0,51394,51516,3294,3298,362,362,False,False,False,False
2026-05-05T10:56:54.483576+00:00,_twN29IEQlc,270,19,3,34453,34723,3215,3234,281,284,False,False,False,False
2026-05-05T10:56:54.483576+00:00,PN8bHAr0f1M,136,3,0,171947,172083,4354,4357,63,63,False,False,False,False
2026-05-05T10:56:54.483576+00:00,iq599kyAjVA,65,0,0,147652,147717,3893,3893,80,80,False,False,False,False
2026-05-05T10:56:54.483576+00:00,48hHo2WcAQI,1371,85,11,468158,469529,38323,38408,3835,3846,False,False,False,False
2026-05-05T10:56:54.483576+00:00,NlW_R21cBXs,471,35,1,204802,205273,15752,15787,762,763,False,False,False,False
2026-05-05T10:56:54.483576+00:00,Cs1nC8kqS5k,128,7,1,50034,50162,3296,3303,281,282,False,False,False,False
2026-05-05T10:56:54.483576+00:00,XX7hskkX1AA,56,1,0,90930,90986,4090,4091,127,127,False,False,False,False
2026-05-05T10:56:54.483576+00:00,vTXoE7BLv9s,709,42,3,272369,273078,24179,24221,760,763,False,False,False,False
2026-05-05T10:56:54.483576+00:00,8Uk97zU2GCg,294,10,1,246674,246968,12698,12708,1532,1533,False,False,False,False
2026-05-05T10:56:54.483576+00:00,tg0LuGGeOPA,33,1,0,118831,118864,7126,7127,214,214,False,False,False,False
2026-05-05T10:56:54.483576+00:00,SZ8r5VKtGes,1375,65,4,379659,381034,26968,27033,1883,1887,False,False,False,False
2026-05-05T10:56:54.483576+00:00,PCAPjDDY-h4,18,0,0,65304,65322,4876,4876,532,532,False,False,False,False
2026-05-05T10:56:54.483576+00:00,nHH771Vtkxw,928,70,2,361673,362601,29316,29386,759,761,False,False,False,False
2026-05-05T10:56:54.483576+00:00,GybLbhXj2Nw,368,14,2,159981,160349,11587,11601,1539,1541,False,False,False,False
2026-05-05T10:56:54.483576+00:00,x2r3FTy9HHE,1133,44,1,268915,270048,16964,17008,1123,1124,False,False,False,False
2026-05-05T10:56:54.483576+00:00,AHyZdLVYJfc,584,28,1,193715,194299,17082,17110,2276,2277,False,False,False,False
2026-05-05T10:56:54.483576+00:00,x0HFad-M2iE,15,1,0,23439,23454,2240,2241,35,35,False,False,False,False
2026-05-05T10:56:54.483576+00:00,y3HkZSayX2s,13,0,0,15949,15962,846,846,18,18,False,False,False,False
2026-05-05T10:56:54.483576+00:00,pqIZk9qrBEM,13,0,0,20267,20280,1418,1418,64,64,False,False,False,False
2026-05-05T10:56:54.483576+00:00,Q9qmcTjw89Q,2,0,0,24848,24850,842,842,11,11,False,False,False,False
2026-05-05T10:56:54.483576+00:00,h_G5spN1nJk,6,0,0,18681,18687,1176,1176,22,22,False,False,False,False
2026-05-05T10:56:54.483576+00:00,MqpQhyjFZQU,2587,84,3,239145,241732,9721,9805,543,546,False,False,False,False
2026-05-05T10:56:54.483576+00:00,NM-bwZZoX80,259,7,0,83548,83807,4172,4179,241,241,False,False,False,False
2026-05-05T10:56:54.483576+00:00,vm8Yn0BN-TQ,10,0,0,6159,6169,295,295,25,25,False,False,False,False
2026-05-05T10:56:54.483576+00:00,6q8iEtd0IGE,44,2,0,2312,2356,150,152,10,10,False,False,False,False
2026-05-05T10:56:54.483576+00:00,SHPKe7pGqMk,14,0,0,6540,6554,320,320,12,12,False,False,False,False
2026-05-05T10:56:54.483576+00:00,-0FsgHxwxgQ,275,12,0,80595,80870,2986,2998,118,118,False,False,False,False
2026-05-05T10:56:54.483576+00:00,krqt6eg3UoI,479,16,0,64569,65048,2626,2642,141,141,False,False,False,False
2026-05-05T10:56:54.483576+00:00,HyTkdC8bhCg,11,0,0,5706,5717,270,270,15,15,False,False,False,False
2026-05-05T10:56:54.483576+00:00,FjxyqtLuh_M,7,0,0,7407,7414,337,337,20,20,False,False,False,False
2026-05-05T10:56:54.483576+00:00,sPHe-L95K0o,8,0,0,1758,1766,29,29,10,10,False,False,False,False
2026-05-05T10:56:54.483576+00:00,KW2YQ1C0ECs,5,0,0,687,692,68,68,21,21,False,False,False,False
2026-05-05T10:56:54.483576+00:00,2q62qBqugJE,0,0,0,912,912,90,90,64,64,False,False,False,False
2026-05-05T10:56:54.483576+00:00,wFTojQEC2eE,3,1,1,1230,1233,100,101,30,31,False,False,False,False
2026-05-05T10:56:54.483576+00:00,zj0BKLv9r8Y,467,10,4,100312,100779,4091,4101,595,599,False,False,False,False
2026-05-05T10:56:54.483576+00:00,kijJaXVri7Q,6162,181,3,758894,765056,50552,50733,1468,1471,False,False,False,False
2026-05-05T10:56:54.483576+00:00,UUzxEVhRQgQ,2293,125,3,726965,729258,62735,62860,2368,2371,False,False,False,False
2026-05-05T10:56:54.483576+00:00,tbvteFr4SPQ,4221,150,1,1411497,1415718,85596,85746,7438,7439,False,False,False,False
2026-05-05T10:56:54.483576+00:00,_9bYQ2tvc_s,1028,33,0,237669,238697,17715,17748,579,579,False,False,False,False
2026-05-05T10:56:54.483576+00:00,3skIuC1lP00,23,1,0,13878,13901,711,712,19,19,False,False,False,False
2026-05-05T10:56:54.483576+00:00,L8_m7pOI2-A,190,2,1,86494,86684,4064,4066,438,439,False,False,False,False
2026-05-05T10:56:54.483576+00:00,-6t20SnbOyc,154,8,0,74934,75088,4266,4274,221,221,False,False,False,False
2026-05-05T10:56:54.483576+00:00,9dIy1d0jmXw,16,1,1,11988,12004,462,463,58,59,False,False,False,False
2026-05-05T10:56:54.483576+00:00,TfojYStTlZE,2254,157,3,110110,112364,11734,11891,662,665,False,False,False,False
2026-05-05T10:56:54.483576+00:00,EnLpF9i3I4I,21,1,0,6398,6419,436,437,4,4,False,False,False,False
2026-05-05T10:56:54.483576+00:00,0YCyZKuGPmA,20,0,0,8431,8451,572,572,9,9,False,False,False,False
2026-05-05T10:56:54.483576+00:00,7y8W9bita7o,9,0,0,4468,4477,354,354,7,7,False,False,False,False
2026-05-05T10:56:54.483576+00:00,5cynqLNd1gA,4,1,0,5089,5093,476,477,10,10,False,False,False,False
2026-05-05T10:56:54.483576+00:00,5ov8sBSV-pc,116,6,1,5075,5191,375,381,14,15,False,False,False,False
2026-05-05T10:56:54.483576+00:00,rg1PhRvmFXk,17,2,0,3920,3937,450,452,17,17,False,False,False,False
2026-05-05T10:56:54.483576+00:00,TUSbI3pqiCM,174,5,0,20373,20547,1436,1441,27,27,False,False,False,False
2026-05-05T10:56:54.483576+00:00,kf9ghd5-VII,518,18,1,258654,259172,18839,18857,893,894,False,False,False,False
2026-05-05T10:56:54.483576+00:00,dVb9vyCwM2s,158,3,0,191465,191623,11947,11950,503,503,False,False,False,False
2026-05-05T10:56:54.483576+00:00,ZOPXzlpBVoM,162,6,0,117963,118125,7512,7518,601,601,False,False,False,False
2026-05-05T10:56:54.483576+00:00,dYJM9jmLBzY,89,6,0,163445,163534,16943,16949,799,799,False,False,False,False
2026-05-05T10:56:54.483576+00:00,CZe8DucT3qA,99,3,0,245207,245306,17527,17530,1006,1006,False,False,False,False
2026-05-05T10:56:54.483576+00:00,H3lUaL6-XQQ,253,10,0,199295,199548,11670,11680,658,658,False,False,False,False
2026-05-05T10:56:54.483576+00:00,X9fGa-F_ars,107,5,0,158935,159042,10877,10882,453,453,False,False,False,False
2026-05-05T10:56:54.483576+00:00,5ymn2oV1Zls,51,0,0,305558,305609,20687,20687,1131,1131,False,False,False,False
2026-05-05T10:56:54.483576+00:00,39czcByvq7c,4078,38,7,696571,700649,14980,15018,1559,1566,False,False,False,False
2026-05-05T10:56:54.483576+00:00,EGTF9mGda4U,1160,36,0,566029,567189,30869,30905,400,400,False,False,False,False
2026-05-05T10:56:54.483576+00:00,vNXFk8iGHk8,4187,86,0,598596,602783,30058,30144,328,328,False,False,False,False
2026-05-05T10:56:54.483576+00:00,wEb6ULf3TzU,1128,36,1,576970,578098,37635,37671,471,472,False,False,False,False
2026-05-05T10:56:54.483576+00:00,wy3a_xJI3so,4023,133,2,886540,890563,51166,51299,648,650,False,False,False,False
2026-05-05T10:56:54.483576+00:00,DYkyYUjOZTk,3762,104,0,1638324,1642086,88643,88747,548,548,False,False,False,False
2026-05-05T10:56:54.483576+00:00,gdjCR9h1yGc,12835,296,6,2516028,2528863,138425,138721,2348,2354,False,False,False,False
2026-05-05T10:56:54.483576+00:00,W41XcEogOB0,15969,410,4,3657933,3673902,166004,166414,1463,1467,False,False,False,False
2026-05-05T10:56:54.483576+00:00,dhbt8y_LXQY,1208,30,3,514152,515360,25166,25196,333,336,False,False,False,False
2026-05-05T10:56:54.483576+00:00,aZVcAlzBIp4,4019,33,0,773294,777313,15085,15118,1332,1332,False,False,False,False
2026-05-05T10:56:54.483576+00:00,Hk-ARbCTKzM,27951,787,2,5473586,5501537,239781,240568,1326,1328,False,False,False,False
2026-05-05T10:56:54.483576+00:00,KGeCwEOLPGE,8539,309,0,2008970,2017509,117033,117342,658,658,False,False,False,False
2026-05-05T10:56:54.483576+00:00,eBbqRceO2qY,3890,111,0,1370067,1373957,73232,73343,1144,1144,False,False,False,False
2026-05-05T10:56:54.483576+00:00,UPbaPjDGQIE,14947,637,3,2356240,2371187,122280,122917,1198,1201,False,False,False,False
2026-05-05T10:56:54.483576+00:00,fpmYvXCzO1c,2624,59,0,1214026,1216650,65308,65367,991,991,False,False,False,False
2026-05-05T10:56:54.483576+00:00,XfY_L8MLOsU,917,30,0,397808,398725,17507,17537,241,241,False,False,False,False
2026-05-05T10:56:54.483576+00:00,rk2b7fH_Gcc,801,23,0,47888,48689,3894,3917,192,192,False,False,False,False
2026-05-05T10:56:54.483576+00:00,31t_CBePs34,4900,74,1,1161237,1166137,46333,46407,670,671,False,False,False,False
2026-05-05T10:56:54.483576+00:00,ktkpd9A8MD8,6663,137,7,493677,500340,28592,28729,1630,1637,False,False,False,False
2026-05-05T10:56:54.483576+00:00,vmRbevilfpU,41311,457,2,7362822,7404133,243136,243593,1671,1673,False,False,False,False
2026-05-05T10:56:54.483576+00:00,NLrfMQ0dqpQ,5,0,0,3312,3317,234,234,110,110,False,False,False,False
2026-05-05T10:56:54.483576+00:00,W1js1spTUPs,3,0,0,2720,2723,61,61,1,1,False,False,False,False
2026-05-05T10:56:54.483576+00:00,ZVnXmeZZDw0,1,0,0,4247,4248,95,95,3,3,False,False,False,False
2026-05-05T10:56:54.483576+00:00,OHGtOI47r4M,1,0,0,5475,5476,159,159,2,2,False,False,False,False
2026-05-05T10:56:54.483576+00:00,NkWtrW-9GDY,59,4,0,6379,6438,398,402,19,19,False,False,False,False
2026-05-05T10:56:54.483576+00:00,uZ6Nbwp8GtU,25,2,0,11080,11105,539,541,15,15,False,False,False,False
2026-05-05T10:56:54.483576+00:00,jjSaUeqJi4s,50,0,0,17632,17682,489,489,33,33,False,False,False,False
2026-05-05T10:56:54.483576+00:00,K38w2QlgHPQ,40,0,1,12652,12692,710,710,25,26,False,False,False,False
2026-05-05T10:56:54.483576+00:00,U14_qm5y38o,227,13,0,119794,120021,5520,5533,253,253,False,False,False,False
2026-05-05T10:56:54.483576+00:00,T34ygnCahZc,83,4,0,40912,40995,1399,1403,113,113,False,False,False,False
2026-05-05T10:56:54.483576+00:00,S3JuEF7RQ5k,154,1,1,64162,64316,1782,1783,46,47,False,False,False,False
2026-05-05T10:56:54.483576+00:00,xUWqMdypNsM,23,0,0,13998,14021,788,788,29,29,False,False,False,False
2026-05-05T10:56:54.483576+00:00,pe_HkAV9yJM,34,0,0,14244,14278,683,683,18,18,False,False,False,False
2026-05-05T10:56:54.483576+00:00,qGa8y4tPUkc,28,1,0,4075,4103,458,459,44,44,False,False,False,False
2026-05-05T10:56:54.483576+00:00,wnoSOSgBNHk,319,3,0,39513,39832,1467,1470,43,43,False,False,False,False
2026-05-05T10:56:54.483576+00:00,IiPyKNs5dtg,5,0,0,3508,3513,144,144,13,13,False,False,False,False
2026-05-05T10:56:54.483576+00:00,1WQetpMA8-k,12,1,0,6736,6748,291,292,13,13,False,False,False,False
2026-05-05T10:56:54.483576+00:00,bFO0uAMPx1g,228,4,0,63221,63449,1597,1601,259,259,False,False,False,False
2026-05-05T10:56:54.483576+00:00,evVs-Jtor50,25,2,1,59551,59576,1734,1736,302,303,False,False,False,False
2026-05-05T10:56:54.483576+00:00,g8NWmUdMh_E,6,0,0,20670,20676,312,312,27,27,False,False,False,False
2026-05-05T10:56:54.483576+00:00,ITT9xWeicWM,17,0,0,54093,54110,1408,1408,199,199,False,False,False,False
2026-05-05T10:56:54.483576+00:00,i6WQdQsE0kc,0,1,0,10472,10472,216,217,20,20,False,False,False,False
2026-05-05T10:56:54.483576+00:00,hrIY-clbdg8,12,0,0,82630,82642,1898,1898,362,362,False,False,False,False
2026-05-05T10:56:54.483576+00:00,95KqKaDsIAM,503,12,0,44577,45080,1966,1978,108,108,False,False,False,False
2026-05-05T10:56:54.483576+00:00,F4ZxeuNDoUw,1,0,0,12097,12098,520,520,22,22,False,False,False,False
2026-05-05T10:56:54.483576+00:00,oeymdn1d4qg,6,0,0,7442,7448,599,599,30,30,False,False,False,False
2026-05-05T10:56:54.483576+00:00,5BbGrGFI2gQ,8,1,0,14242,14250,2408,2409,34,34,False,False,False,False
2026-05-05T10:56:54.483576+00:00,ERxzxl6fXbw,43,0,0,14827,14870,953,953,19,19,False,False,False,False
2026-05-05T10:56:54.483576+00:00,nxCFXdIgxmw,2,0,0,9658,9660,451,451,37,37,False,False,False,False
2026-05-05T10:56:54.483576+00:00,8MhnMHlXk7Q,0,0,0,5317,5317,360,360,34,34,False,False,False,False
2026-05-05T10:56:54.483576+00:00,OkVrrVAG9yg,95,4,1,32776,32871,2580,2584,486,487,False,False,False,False
2026-05-05T10:56:54.483576+00:00,nOR-IY0SnEY,59,4,0,41162,41221,2533,2537,167,167,False,False,False,False
2026-05-05T10:56:54.483576+00:00,seu69-hMmGw,23,0,0,12607,12630,1128,1128,106,106,False,False,False,False
2026-05-05T10:56:54.483576+00:00,oXKkhajzwgE,85,3,1,15365,15450,1241,1244,123,124,False,False,False,False
2026-05-05T10:56:54.483576+00:00,rWwPAnF8Qeo,1,0,0,8859,8860,582,582,98,98,False,False,False,False
2026-05-05T10:56:54.483576+00:00,XvLttG6zZck,3,0,0,15892,15895,725,725,92,92,False,False,False,False
2026-05-05T10:56:54.483576+00:00,6_o0OElprPo,1,0,0,2258,2259,99,99,28,28,False,False,False,False
2026-05-05T10:56:54.483576+00:00,d4AaggbJACU,0,0,0,1107,1107,103,103,2,2,False,False,False,False
2026-05-05T10:56:54.483576+00:00,jr8lgZvzA34,2,0,0,8013,8015,203,203,51,51,False,False,False,False
2026-05-05T10:56:54.483576+00:00,yqwGsf5XVkI,4,0,0,6068,6072,250,250,67,67,False,False,False,False
2026-05-05T10:56:54.483576+00:00,_O6ICkmg1Zg,49,0,0,11283,11332,299,299,9,9,False,False,False,False
2026-05-05T10:56:54.483576+00:00,Zqmsoqo2fJs,18,0,0,4844,4862,236,236,5,5,False,False,False,False
2026-05-05T10:56:54.483576+00:00,2FdfXwODkr4,31,0,0,26372,26403,610,610,11,11,False,False,False,False
2026-05-05T10:56:54.483576+00:00,HgD5P0gQxOk,19,0,0,12182,12201,282,282,5,5,False,False,False,False
2026-05-05T10:56:54.483576+00:00,woNfdYrmVGw,17,3,0,10718,10735,347,350,3,3,False,False,False,False
2026-05-05T10:56:54.483576+00:00,sujVZ7316qo,20,0,0,17350,17370,468,468,6,6,False,False,False,False
2026-05-05T10:56:54.483576+00:00,vcL1MMmXeO8,14,0,0,10448,10462,229,229,6,6,False,False,False,False
2026-05-05T10:56:54.483576+00:00,T7_l896OH20,1474,65,6,306915,308389,31509,31574,4435,4441,False,False,False,False
2026-05-05T10:56:54.483576+00:00,0SSctcuOy0o,90,5,0,23901,23991,1806,1811,81,81,False,False,False,False
2026-05-05T10:56:54.483576+00:00,-IhdnUzV64Y,394,15,0,173525,173919,11927,11942,910,910,False,False,False,False
2026-05-05T10:56:54.483576+00:00,4RmcHqjzw-A,17,0,0,12097,12114,1074,1074,306,306,False,False,False,False
2026-05-05T10:56:54.483576+00:00,er7v-GJj_V0,4615,192,3,537529,542144,34923,35115,1936,1939,False,False,False,False
2026-05-05T10:56:54.483576+00:00,-pNi4dh7VFo,721,24,1,390601,391322,23028,23052,399,400,False,False,False,False
2026-05-05T10:56:54.483576+00:00,EXOQ7vN2NXk,250,8,0,23754,24004,1087,1095,98,98,False,False,False,False
2026-05-05T10:56:54.483576+00:00,L7fVqlOzegQ,138,2,0,61364,61502,2944,2946,158,158,False,False,False,False
2026-05-05T10:56:54.483576+00:00,DWt3zfqtI6g,55,2,0,14434,14489,446,448,9,9,False,False,False,False
2026-05-05T10:56:54.483576+00:00,pVwkpXd5PCA,40,3,0,17480,17520,445,448,9,9,False,False,False,False
2026-05-05T10:56:54.483576+00:00,LLK879SXq_w,4507,35,9,228022,232529,3962,3997,738,747,False,False,False,False
2026-05-05T10:56:54.483576+00:00,VvBy9AkhR2w,14,0,0,5548,5562,193,193,3,3,False,False,False,False
2026-05-05T10:56:54.483576+00:00,ax0ogeQpq3E,25,1,0,17821,17846,809,810,21,21,False,False,False,False
2026-05-05T10:56:54.483576+00:00,H1fy1Brpa3Q,13,0,0,9278,9291,486,486,18,18,False,False,False,False
2026-05-05T10:56:54.483576+00:00,erf6YdpSakA,2,0,0,12149,12151,403,403,5,5,False,False,False,False
2026-05-05T10:56:54.483576+00:00,RNi5EAKHQ_I,3,0,0,4491,4494,128,128,4,4,False,False,False,False
2026-05-05T10:56:54.483576+00:00,oqoBSeL5GIU,1212,43,2,299095,300307,11416,11459,627,629,False,False,False,False
2026-05-05T10:56:54.483576+00:00,PnpHwhTWw0c,18747,286,14,1470195,1488942,29722,30008,2667,2681,False,False,False,False
2026-05-05T10:56:54.483576+00:00,tUmd3tWCDKs,534,12,0,155667,156201,3674,3686,179,179,False,False,False,False
2026-05-05T10:56:54.483576+00:00,8hN5PF2oXGs,263,6,0,191245,191508,5175,5181,83,83,False,False,False,False
2026-05-05T10:56:54.483576+00:00,3OUrr_2UCYs,580,25,0,960384,960964,24125,24150,706,706,False,False,False,False
2026-05-05T10:56:54.483576+00:00,m-nnyNZ0TQ0,13505,197,8,2063135,2076640,42119,42316,2734,2742,False,False,False,False
2026-05-05T10:56:54.483576+00:00,cdOcjUyQr8A,189,4,1,194579,194768,8222,8226,173,174,False,False,False,False
2026-05-05T10:56:54.483576+00:00,XsY6iChNzf0,6169,115,0,1085750,1091919,33014,33129,290,290,False,False,False,False
2026-05-05T10:56:54.483576+00:00,VsLOWe6VuyQ,691,9,0,739729,740420,20098,20107,1185,1185,False,False,False,False
2026-05-05T10:56:54.483576+00:00,3era1_feC3U,4446,60,0,1027185,1031631,29058,29118,223,223,False,False,False,False
2026-05-05T10:56:54.483576+00:00,XFpBgNMBNNI,538,23,0,340138,340676,14373,14396,800,800,False,False,False,False
2026-05-05T10:56:54.483576+00:00,BdUzhVM5w1U,6361,107,3,2524259,2530620,68045,68152,630,633,False,False,False,False
2026-05-05T10:56:54.483576+00:00,ERWIJPTNZVM,8162,186,5,1111385,1119547,38492,38678,1537,1542,False,False,False,False
2026-05-05T10:56:54.483576+00:00,PoHZWjU54jY,18882,539,3,2136414,2155296,76541,77080,580,583,False,False,False,False
2026-05-05T10:56:54.483576+00:00,DSRfs1qKWR0,1355,32,2,452156,453511,13830,13862,917,919,False,False,False,False
2026-05-05T10:56:54.483576+00:00,GXeBi91SkIw,3560,106,3,648060,651620,26983,27089,1772,1775,False,False,False,False
2026-05-05T10:56:54.483576+00:00,YPboGQjMxNY,1666,27,0,307709,309375,7176,7203,144,144,False,False,False,False
2026-05-05T10:56:54.483576+00:00,F1gM7N-WXdU,1343,30,-1,383521,384864,13433,13463,943,942,False,False,False,False
2026-05-05T10:56:54.483576+00:00,8QsAx7s9PmQ,4634,56,2,1344888,1349522,33448,33504,451,453,False,False,False,False
2026-05-05T10:56:54.483576+00:00,9QKOkpu78CQ,86,7,1,97683,97769,7760,7767,131,132,False,False,False,False
2026-05-05T10:56:54.483576+00:00,rc-xQnupse0,2914,32,5,483383,486297,13890,13922,626,631,False,False,False,False
2026-05-05T10:56:54.483576+00:00,z-7AhJ55htQ,310,4,0,409122,409432,13368,13372,869,869,False,False,False,False
2026-05-05T10:56:54.483576+00:00,B18aH00d8oE,185,3,0,280347,280532,12268,12271,765,765,False,False,False,False
2026-05-05T10:56:54.483576+00:00,2JhSWzxzLXA,293,4,0,207902,208195,8097,8101,596,596,False,False,False,False
2026-05-05T10:56:54.483576+00:00,z7Qp9Q_Br88,5426,240,4,658567,663993,35338,35578,881,885,False,False,False,False
2026-05-05T10:56:54.483576+00:00,FZbMPtLRr00,1379,27,0,575978,577357,21898,21925,870,870,False,False,False,False
2026-05-05T10:56:54.483576+00:00,dl0-TveDDGA,11428,318,10,1829487,1840915,88420,88738,3340,3350,False,False,False,False
2026-05-05T10:56:54.483576+00:00,FYMdllTCrc0,6457,113,4,834416,840873,28465,28578,976,980,False,False,False,False
2026-05-05T10:56:54.483576+00:00,Su0aCV35IFM,35887,835,6,5426685,5462572,214693,215528,1827,1833,False,False,False,False
2026-05-05T10:56:54.483576+00:00,pUlUgkaTQZg,15750,530,5,1745072,1760822,88325,88855,951,956,False,False,False,False
2026-05-05T10:56:54.483576+00:00,dNNyCZwEa6k,10185,532,10,2453640,2463825,163539,164071,1866,1876,False,False,False,False
2026-05-05T10:56:54.483576+00:00,vgwG6e9TFcw,9110,378,5,1559606,1568716,80220,80598,1299,1304,False,False,False,False
2026-05-05T10:56:54.483576+00:00,Cr7oGnSzmb4,5784,203,1,2018119,2023903,100452,100655,579,580,False,False,False,False
2026-05-05T10:56:54.483576+00:00,XeN7wKfDOPk,532,16,1,157192,157724,9227,9243,1582,1583,False,False,False,False
2026-05-05T10:56:54.483576+00:00,Ff0AYRWrnGY,320,11,0,191593,191913,12120,12131,2678,2678,False,False,False,False
2026-05-05T10:56:54.483576+00:00,U4gpio58908,324,7,-1,237614,237938,12237,12244,1436,1435,False,False,False,False
2026-05-05T10:56:54.483576+00:00,WEnvorobhEE,399,18,-1,696382,696781,33663,33681,8184,8183,False,False,False,False
2026-05-05T10:56:54.483576+00:00,kH_bSvf7EVA,3605,123,10,486963,490568,22158,22281,3144,3154,False,False,False,False
2026-05-05T10:56:54.483576+00:00,QfUb5MEAOXA,5389,89,8,605645,611034,19192,19281,1414,1422,False,False,False,False
2026-05-05T10:56:54.483576+00:00,J7ieKmP96Hc,2178,54,0,909518,911696,29049,29103,1100,1100,False,False,False,False
2026-05-05T10:56:54.483576+00:00,NuoEsHIW5JA,154,4,0,89787,89941,3367,3371,135,135,False,False,False,False
2026-05-05T10:56:54.483576+00:00,Cd5EHfRerGI,430,28,1,219370,219800,16235,16263,2101,2102,False,False,False,False
2026-05-05T10:56:54.483576+00:00,IBBboS2nK3c,16,0,0,3805,3821,121,121,3,3,False,False,False,False
2026-05-05T10:56:54.483576+00:00,iS1jGgfO9Z0,18,2,0,6192,6210,414,416,5,5,False,False,False,False
2026-05-05T10:56:54.483576+00:00,0dwlHNDdn2s,14,1,0,14472,14486,725,726,4,4,False,False,False,False
2026-05-05T10:56:54.483576+00:00,if955Z_s4Ts,12419,203,0,292789,305208,6489,6692,62,62,False,False,False,False
2026-05-05T10:56:54.483576+00:00,1VSBgPn28zA,1498,52,0,124868,126366,6121,6173,40,40,False,False,False,False
2026-05-05T10:56:54.483576+00:00,_dASAu79K0s,126,3,0,34358,34484,2159,2162,19,19,False,False,False,False
2026-05-05T10:56:54.483576+00:00,Hs6RxFMX1i4,128,4,0,22580,22708,928,932,15,15,False,False,False,False
2026-05-05T10:56:54.483576+00:00,cnCEUFzWspI,200,3,0,44604,44804,1325,1328,6,6,False,False,False,False
2026-05-05T10:56:54.483576+00:00,kLJNcHqVmJA,132,7,0,11900,12032,612,619,24,24,False,False,False,False
2026-05-05T10:56:54.483576+00:00,UWRxdKxuOb8,14,0,0,15583,15597,1039,1039,18,18,False,False,False,False
2026-05-05T10:56:54.483576+00:00,kXenRXelpKs,536,29,0,48675,49211,2492,2521,41,41,False,False,False,False
2026-05-05T10:56:54.483576+00:00,VVfMO6SJZLw,773,9,2,36735,37508,1816,1825,177,179,False,False,False,False
2026-05-05T10:56:54.483576+00:00,ieJE93iObcI,46,0,0,3392,3438,202,202,13,13,False,False,False,False
2026-05-05T10:56:54.483576+00:00,YhNUPGphSM8,2165,53,0,112438,114603,7503,7556,323,323,False,False,False,False
2026-05-05T10:56:54.483576+00:00,CF4oRpaLSqw,19,0,0,6737,6756,287,287,9,9,False,False,False,False
2026-05-05T10:56:54.483576+00:00,RVu1kgj-miw,50,2,0,10301,10351,665,667,45,45,False,False,False,False
2026-05-05T10:56:54.483576+00:00,_QHAqfILwPk,10,0,0,3817,3827,90,90,1,1,False,False,False,False
2026-05-05T10:56:54.483576+00:00,o8YcWD2ri9U,496,20,0,69346,69842,4563,4583,528,528,False,False,False,False
2026-05-05T10:56:54.483576+00:00,sncgYGQt1T8,32,2,0,9467,9499,388,390,12,12,False,False,False,False
2026-05-05T10:56:54.483576+00:00,67JREKwyixk,34,1,0,8681,8715,255,256,2,2,False,False,False,False
2026-05-05T10:56:54.483576+00:00,D3h2gmgCBFg,6,0,0,2185,2191,81,81,1,1,False,False,False,False
2026-05-05T10:56:54.483576+00:00,Um1DSnUqmko,36,3,0,11317,11353,299,302,1,1,False,False,False,False
2026-05-05T10:56:54.483576+00:00,HVPhcOmSMtM,321,2,1,16734,17055,476,478,49,50,False,False,False,False
2026-05-05T10:56:54.483576+00:00,TAJkbsNrZuM,0,0,0,967,967,52,52,0,0,False,False,False,False
2026-05-05T10:56:54.483576+00:00,GfSGy5C1OIA,115,6,0,17465,17580,823,829,8,8,False,False,False,False
2026-05-05T10:56:54.483576+00:00,9oVPXnEkegY,1378,27,2,43410,44788,1699,1726,228,230,False,False,False,False
2026-05-05T10:56:54.483576+00:00,51dULrDA8E8,188,11,0,17106,17294,1338,1349,19,19,False,False,False,False
2026-05-05T10:56:54.483576+00:00,AYIqxqyY-es,20,3,0,5076,5096,436,439,87,87,False,False,False,False
2026-05-05T10:56:54.483576+00:00,qey62i2fvg0,240,4,0,66733,66973,1799,1803,33,33,False,False,False,False
2026-05-05T10:56:54.483576+00:00,5fKeNMp7F6s,197,3,0,26364,26561,653,656,5,5,False,False,False,False
2026-05-05T10:56:54.483576+00:00,a9T6IRpz31E,10831,269,5,888231,899062,31853,32122,1171,1176,False,False,False,False
2026-05-05T10:56:54.483576+00:00,ZAmCJoz4c4w,1781,37,0,495623,497404,11113,11150,220,220,False,False,False,False
2026-05-05T10:56:54.483576+00:00,s6XPoPYDn-Y,16146,382,1,1280526,1296672,38743,39125,399,400,False,False,False,False
2026-05-05T10:56:54.483576+00:00,PQOKPfU-zIs,1,0,0,3875,3876,223,223,4,4,False,False,False,False
2026-05-05T10:56:54.483576+00:00,7A5KHuRU8BE,0,0,0,3413,3413,179,179,7,7,False,False,False,False
2026-05-05T10:56:54.483576+00:00,AMpe2jD0lZw,3,0,0,5796,5799,393,393,3,3,False,False,False,False
2026-05-05T10:56:54.483576+00:00,yawQxLw0K08,3,0,0,7174,7177,666,666,4,4,False,False,False,False
2026-05-05T10:56:54.483576+00:00,mT-7tbs7rVw,13,0,0,17678,17691,1019,1019,20,20,False,False,False,False
2026-05-05T10:56:54.483576+00:00,8mnzaIML2AM,2,0,0,2698,2700,206,206,4,4,False,False,False,False
2026-05-05T10:56:54.483576+00:00,XoY4BiK1WW8,2,0,0,5054,5056,211,211,3,3,False,False,False,False
2026-05-05T10:56:54.483576+00:00,_SdzVNht_nU,313,11,0,10448,10761,710,721,22,22,False,False,False,False
2026-05-05T10:56:54.483576+00:00,1t2Yd_bmg_k,12,2,0,9321,9333,558,560,5,5,False,False,False,False
2026-05-05T10:56:54.483576+00:00,MlSS4ZqvJuA,34,1,0,28834,28868,1682,1683,36,36,False,False,False,False
2026-05-05T10:56:54.483576+00:00,BnAKfe0qGbE,57,2,0,12788,12845,905,907,6,6,False,False,False,False
2026-05-05T10:56:54.483576+00:00,TLdMXZSABH8,93,4,0,10582,10675,447,451,24,24,False,False,False,False
2026-05-05T10:56:54.483576+00:00,R1iBWKeX42I,30,0,0,5149,5179,411,411,6,6,False,False,False,False
2026-05-05T10:56:54.483576+00:00,v3JV42WbomE,389,14,0,26522,26911,1184,1198,67,67,False,False,False,False
2026-05-05T10:56:54.483576+00:00,sqXsMACtso0,165,13,0,26835,27000,2582,2595,42,42,False,False,False,False
2026-05-05T10:56:54.483576+00:00,RWGr8LwG3TY,2059,141,9,114741,116800,8199,8340,668,677,False,False,False,False
2026-05-05T10:56:54.483576+00:00,_jxLMMcKmRQ,586,21,1,376717,377303,23125,23146,92,93,False,False,False,False
2026-05-05T10:56:54.483576+00:00,yzajLZXh9JU,132,6,0,41667,41799,2382,2388,203,203,False,False,False,False
2026-05-05T10:56:54.483576+00:00,FdFgh2vQp8I,2,0,0,899,901,27,27,0,0,False,False,False,False
2026-05-05T10:56:54.483576+00:00,Jr9Xm5f44NQ,197,5,0,13767,13964,787,792,16,16,False,False,False,False
2026-05-05T10:56:54.483576+00:00,Ju0usucry_g,67,0,0,21272,21339,361,361,14,14,False,False,False,False
2026-05-05T10:56:54.483576+00:00,kkQDCTCcgC0,6,0,0,4626,4632,325,325,5,5,False,False,False,False
2026-05-05T10:56:54.483576+00:00,61fk5yAs7Jw,10,0,0,4846,4856,275,275,0,0,False,False,False,False
2026-05-05T10:56:54.483576+00:00,ys1zQyiLrMc,33,1,0,7252,7285,366,367,3,3,False,False,False,False
2026-05-05T10:56:54.483576+00:00,rYKQ0Ukxe6k,167,3,0,19702,19869,816,819,36,36,False,False,False,False
2026-05-05T10:56:54.483576+00:00,fKtG9uPeMCc,1119,37,3,44078,45197,3387,3424,295,298,False,False,False,False
2026-05-05T10:56:54.483576+00:00,yy_J5fdELm0,754,33,8,119596,120350,8051,8084,1964,1972,False,False,False,False
2026-05-05T10:56:54.483576+00:00,nnKkk3CpLes,563,20,1,74667,75230,3590,3610,362,363,False,False,False,False
2026-05-05T10:56:54.483576+00:00,oOLYgK6RqS4,25,1,0,4156,4181,492,493,103,103,False,False,False,False
2026-05-05T10:56:54.483576+00:00,5YKhtb3DNNo,6768,268,26,757765,764533,62266,62534,6251,6277,False,False,False,False
2026-05-05T10:56:54.483576+00:00,MWrMtRjLhjk,959,33,0,201274,202233,13164,13197,1225,1225,False,False,False,False
2026-05-05T10:56:54.483576+00:00,ndkH5fZSIvs,8593,273,0,997994,1006587,57787,58060,403,403,False,False,False,False
2026-05-05T10:56:54.483576+00:00,8fIRAhGGRgA,1384,38,1,272069,273453,13180,13218,280,281,False,False,False,False
2026-05-05T10:56:54.483576+00:00,pS5AOr4B7hg,17,0,0,3305,3322,168,168,3,3,False,False,False,False
2026-05-05T10:56:54.483576+00:00,6XxQMeqG1P4,168,6,0,32010,32178,1256,1262,209,209,False,False,False,False
2026-05-05T10:56:54.483576+00:00,n1G2FQ0UEqc,420,0,0,70114,70534,1913,1913,95,95,False,False,False,False
2026-05-05T10:56:54.483576+00:00,NAooB35YkHA,36,0,0,5508,5544,226,226,10,10,False,False,False,False
2026-05-05T10:56:54.483576+00:00,CzIJ566XexE,83,7,0,11911,11994,430,437,3,3,False,False,False,False
2026-05-05T10:56:54.483576+00:00,eOI7WQIEX1Y,22764,707,38,1595918,1618682,87024,87731,7610,7648,False,False,False,False
2026-05-05T10:56:54.483576+00:00,Rvy2kXZpBtM,939,3,0,33639,34578,904,907,13,13,False,False,False,False
2026-05-05T10:56:54.483576+00:00,oOCN30ulVyo,5313,149,6,185999,191312,7228,7377,380,386,False,False,False,False
2026-05-05T10:56:54.483576+00:00,SvLaz6y-mhs,49,0,0,24992,25041,628,628,7,7,False,False,False,False
2026-05-05T10:56:54.483576+00:00,dU5sDKcwN9E,10768,474,3,407222,417990,19947,20421,269,272,False,False,False,False
2026-05-05T10:56:54.483576+00:00,4at2bVIhLgc,6359,108,4,675531,681890,21540,21648,889,893,False,False,False,False
2026-05-05T10:56:54.483576+00:00,iBpxQpktHN4,23471,481,0,1977320,2000791,55199,55680,346,346,False,False,False,False
2026-05-05T10:56:54.483576+00:00,mbGPgjXCx24,772,15,2,288894,289666,11244,11259,766,768,False,False,False,False
2026-05-05T10:56:54.483576+00:00,-uUlnDjQxhg,2048,38,3,378109,380157,14095,14133,963,966,False,False,False,False
2026-05-05T10:56:54.483576+00:00,sj1y9FDJKCM,604,21,0,62156,62760,3421,3442,180,180,False,False,False,False
2026-05-05T10:56:54.483576+00:00,ND9eyW5Fw0s,402,35,7,39059,39461,3960,3995,851,858,False,False,False,False
2026-05-05T10:56:54.483576+00:00,JWOErbTL9N4,15014,312,8,519513,534527,23146,23458,1338,1346,False,False,False,False
2026-05-05T10:56:54.483576+00:00,HyWpbCUdCr8,34,0,0,6087,6121,264,264,5,5,False,False,False,False
2026-05-05T10:56:54.483576+00:00,IldLswg2yAM,1850,43,2,22361,24211,642,685,47,49,False,False,False,False
2026-05-05T10:56:54.483576+00:00,siKdeoxrxIA,61,3,0,17975,18036,827,830,24,24,False,False,False,False
2026-05-05T10:56:54.483576+00:00,shgZ8WYcC6k,94,2,0,24239,24333,1620,1622,10,10,False,False,False,False
2026-05-05T10:56:54.483576+00:00,9VyCOVdFpL8,814,12,0,135792,136606,3695,3707,22,22,False,False,False,False
2026-05-05T10:56:54.483576+00:00,uHXjo7DUAAM,159,8,0,13889,14048,674,682,6,6,False,False,False,False
2026-05-05T10:56:54.483576+00:00,lE7rIBv-nV8,67,0,0,17586,17653,589,589,4,4,False,False,False,False
2026-05-05T10:56:54.483576+00:00,Lnhy0tZ8SUI,209,2,0,58874,59083,2255,2257,7,7,False,False,False,False
2026-05-05T10:56:54.483576+00:00,lWQY5zccbQs,107,0,0,25076,25183,892,892,38,38,False,False,False,False
2026-05-05T10:56:54.483576+00:00,hCNT8hK1T98,4,0,0,1218,1222,51,51,0,0,False,False,False,False
2026-05-05T10:56:54.483576+00:00,I66LDF9iWts,2,0,0,112,114,11,11,0,0,False,False,False,False
2026-05-05T10:56:54.483576+00:00,xAJcbx5h6wE,4,0,0,2832,2836,74,74,0,0,False,False,False,False
2026-05-05T10:56:54.483576+00:00,96k8OXI58Ko,2,0,0,2042,2044,184,184,4,4,False,False,False,False
2026-05-05T10:56:54.483576+00:00,FHeTJmwxo5s,4,0,0,1601,1605,154,154,2,2,False,False,False,False
2026-05-05T10:56:54.483576+00:00,Vd3Pkc0YGrM,5,0,0,9052,9057,352,352,1,1,False,False,False,False
2026-05-05T10:56:54.483576+00:00,_BhjwaNE8mc,13,1,0,7498,7511,848,849,17,17,False,False,False,False
2026-05-05T10:56:54.483576+00:00,Qyf99inRvDE,16,0,0,3244,3260,178,178,1,1,False,False,False,False
2026-05-05T10:56:54.483576+00:00,XjAeQOmdNFU,167,4,0,21918,22085,712,716,31,31,False,False,False,False
2026-05-05T10:56:54.483576+00:00,UPYFbiBv8H4,15,1,0,1326,1341,102,103,3,3,False,False,False,False
2026-05-05T10:56:54.483576+00:00,_XyunBBcVXY,6,0,0,530,536,21,21,10,10,False,False,False,False
2026-05-05T10:56:54.483576+00:00,pGGJHrxn1VU,73,0,0,22045,22118,785,785,0,0,False,False,False,False
2026-05-05T10:56:54.483576+00:00,fwUWAoSeg2g,6916,107,14,268377,275293,7643,7750,745,759,False,False,False,False
2026-05-05T10:56:54.483576+00:00,Xbang1Y_jbA,339,7,0,19979,20318,542,549,5,5,False,False,False,False
2026-05-05T10:56:54.483576+00:00,bM3ojc2bhdA,32,1,0,2339,2371,331,332,35,35,False,False,False,False
2026-05-05T10:56:54.483576+00:00,2gFNJ6_ogzg,987,25,0,76697,77684,3648,3673,229,229,False,False,False,False
2026-05-05T10:56:54.483576+00:00,jcfifYFAdpM,41,1,0,8488,8529,1069,1070,37,37,False,False,False,False
2026-05-05T10:56:54.483576+00:00,6q2ptE-BXIc,12,0,0,2182,2194,216,216,14,14,False,False,False,False
2026-05-05T10:56:54.483576+00:00,aqIgIWIc3uw,236,6,0,19529,19765,1047,1053,59,59,False,False,False,False
2026-05-05T10:56:54.483576+00:00,wJOakc64crg,1262,34,5,72225,73487,4126,4160,897,902,False,False,False,False
2026-05-05T10:56:54.483576+00:00,j584RpaMrDg,23,0,0,4357,4380,130,130,4,4,False,False,False,False
2026-05-05T10:56:54.483576+00:00,Cql6TAdpPDU,841,13,0,90820,91661,3317,3330,178,178,False,False,False,False
2026-05-05T10:56:54.483576+00:00,H_i8nh8uBco,36,0,0,8406,8442,231,231,5,5,False,False,False,False
2026-05-05T10:56:54.483576+00:00,stk7f11pyr8,77,0,0,8070,8147,76,76,11,11,False,False,False,False
2026-05-05T10:56:54.483576+00:00,A83vXatD6sY,25,1,0,10656,10681,222,223,6,6,False,False,False,False
2026-05-05T10:56:54.483576+00:00,qGDMB-PryIU,179,2,-1,35165,35344,649,651,41,40,False,False,False,False
2026-05-05T10:56:54.483576+00:00,Q4zggacUY6E,41,0,0,3948,3989,84,84,1,1,False,False,False,False
2026-05-05T10:56:54.483576+00:00,YfEz4a39qS0,28,1,0,1395,1423,43,44,0,0,False,False,False,False
2026-05-05T10:56:54.483576+00:00,xL5gZGVPjnQ,13,2,0,1272,1285,136,138,41,41,False,False,False,False
2026-05-05T10:56:54.483576+00:00,oj3-hWAf1uQ,507,25,0,41412,41919,2136,2161,18,18,False,False,False,False
2026-05-05T10:56:54.483576+00:00,1HWpBvWbexU,4,0,0,1971,1975,56,56,1,1,False,False,False,False
2026-05-05T10:56:54.483576+00:00,sbzsqNJuZvg,777,13,0,60693,61470,1347,1360,14,14,False,False,False,False
2026-05-05T10:56:54.483576+00:00,xhCLLakHBa8,338,7,0,57937,58275,2023,2030,41,41,False,False,False,False
2026-05-05T10:56:54.483576+00:00,JrGlAw_Q7ow,3253,80,1,137725,140978,4743,4823,71,72,False,False,False,False
2026-05-05T10:56:54.483576+00:00,LkRVMOzUypo,123,2,0,12211,12334,509,511,3,3,False,False,False,False
2026-05-05T10:56:54.483576+00:00,lWj_3TE2UsE,124,3,0,13232,13356,587,590,6,6,False,False,False,False
2026-05-05T10:56:54.483576+00:00,nbHMeopNtDg,177,1,0,20670,20847,672,673,11,11,False,False,False,False
2026-05-05T10:56:54.483576+00:00,HeY4a7uDlkg,540,6,0,57693,58233,2107,2113,18,18,False,False,False,False
2026-05-05T10:56:54.483576+00:00,0DB_Qj43O6Q,1144,63,1,68585,69729,3701,3764,30,31,False,False,False,False
2026-05-05T10:56:54.483576+00:00,xjcVnFd-4YA,23695,404,10,1458111,1481806,39266,39670,2131,2141,False,False,False,False
2026-05-05T10:56:54.483576+00:00,7Y7Iv5XAXwI,56782,407,6,1858711,1915493,36464,36871,737,743,False,False,False,False
2026-05-05T10:56:54.483576+00:00,0y8vRPcSvbw,52457,997,15,2143443,2195900,53382,54379,1071,1086,False,False,False,False
2026-05-05T10:56:54.483576+00:00,tkLxg6h07aE,10902,90,1,956040,966942,13291,13381,3409,3410,False,False,False,False
2026-05-05T10:56:54.483576+00:00,wN3O2GSvoWE,93,5,0,13714,13807,269,274,15,15,False,False,False,False
2026-05-05T10:56:54.483576+00:00,dG7UGA71QJU,0,0,0,1751,1751,71,71,0,0,False,False,False,False
2026-05-05T10:56:54.483576+00:00,xpf49h0tGvI,1,0,0,142,143,16,16,0,0,False,False,False,False
2026-05-05T10:56:54.483576+00:00,-OmU9HqUNZ0,0,0,0,1500,1500,60,60,0,0,False,False,False,False
2026-05-05T10:56:54.483576+00:00,KppJdbUvqp8,7,0,0,6220,6227,721,721,7,7,False,False,False,False
2026-05-05T10:56:54.483576+00:00,MnlZeYcfowk,5,1,0,3804,3809,399,400,2,2,False,False,False,False
2026-05-05T10:56:54.483576+00:00,LQd65ctML6o,16,2,0,5162,5178,578,580,5,5,False,False,False,False
2026-05-05T10:56:54.483576+00:00,QLnHGjCD-Vw,8,0,0,5144,5152,400,400,12,12,False,False,False,False
2026-05-05T10:56:54.483576+00:00,TOKUlItJpY4,10,0,0,7937,7947,220,220,5,5,False,False,False,False
2026-05-05T10:56:54.483576+00:00,DBWMP58IOcw,20,0,0,11684,11704,932,932,24,24,False,False,False,False
2026-05-05T10:56:54.483576+00:00,Qf1PdYlk_9A,7,0,0,2848,2855,186,186,9,9,False,False,False,False
2026-05-05T10:56:54.483576+00:00,1c8cpHNlIb8,8,0,0,3805,3813,405,405,5,5,False,False,False,False
2026-05-05T10:56:54.483576+00:00,-ZL_mpjxaUo,5,0,0,5047,5052,488,488,4,4,False,False,False,False
2026-05-05T10:56:54.483576+00:00,zzsUsCRoGcI,3,0,0,2665,2668,336,336,4,4,False,False,False,False
2026-05-05T10:56:54.483576+00:00,DerWppSGkmE,41,4,0,10038,10079,721,725,21,21,False,False,False,False
2026-05-05T10:56:54.483576+00:00,lk7HWLeXjS4,450,16,1,61432,61882,2238,2254,167,168,False,False,False,False
2026-05-05T10:56:54.483576+00:00,7PY7jbupwSg,55,3,0,8844,8899,389,392,10,10,False,False,False,False
2026-05-05T10:56:54.483576+00:00,nWfp_X31vqk,192,3,0,16201,16393,815,818,37,37,False,False,False,False
2026-05-05T10:56:54.483576+00:00,WwEyLRmGU9g,1226,57,1,61521,62747,4464,4521,160,161,False,False,False,False
2026-05-05T10:56:54.483576+00:00,nVHr2D6tnA4,814,29,0,173646,174460,12458,12487,159,159,False,False,False,False
2026-05-05T10:56:54.483576+00:00,UDiJI3q9wFQ,303,11,0,33205,33508,1500,1511,57,57,False,False,False,False
2026-05-05T10:56:54.483576+00:00,ksn5yrsC3Wg,56635,1442,37,4036514,4093149,139218,140660,8161,8198,False,False,False,False
2026-05-05T10:56:54.483576+00:00,jytAQWCc_TI,3595,242,10,257407,261002,14494,14736,1032,1042,False,False,False,False
2026-05-05T10:56:54.483576+00:00,-1Fhry-Mqks,5110,224,5,213849,218959,11670,11894,595,600,False,False,False,False
2026-05-05T10:56:54.483576+00:00,eRD2C7w9r6Y,7410,293,12,208019,215429,16789,17082,743,755,False,False,False,False
2026-05-05T10:56:54.483576+00:00,X8ekpP_cQa8,13,0,0,793,806,26,26,0,0,False,False,False,False
2026-05-05T10:56:54.483576+00:00,i7eGzJCQ1Yg,1,0,0,794,795,24,24,2,2,False,False,False,False
2026-05-05T10:56:54.483576+00:00,GZ9itUCDrac,2,0,0,316,318,10,10,0,0,False,False,False,False
2026-05-05T10:56:54.483576+00:00,WB1bBLedJQ4,531,8,0,20290,20821,471,479,2,2,False,False,False,False
2026-05-05T10:56:54.483576+00:00,f2fDaAMvlV4,96,4,0,11620,11716,417,421,2,2,False,False,False,False
2026-05-05T10:56:54.483576+00:00,KztyymfW3Dg,569,6,0,25605,26174,916,922,9,9,False,False,False,False
2026-05-05T10:56:54.483576+00:00,KKq5yX8mrw0,36,0,0,12572,12608,295,295,3,3,False,False,False,False
2026-05-05T10:56:54.483576+00:00,4uRgDr5maYo,117,1,0,14528,14645,661,662,21,21,False,False,False,False
2026-05-05T10:56:54.483576+00:00,NDF3VSFbxAU,159,0,0,6692,6851,260,260,5,5,False,False,False,False
2026-05-05T10:56:54.483576+00:00,oixqYBAPwXA,382,4,0,28405,28787,1209,1213,30,30,False,False,False,False
2026-05-05T10:56:54.483576+00:00,KKwxanUOAd4,526,12,1,63697,64223,4657,4669,434,435,False,False,False,False
2026-05-05T10:56:54.483576+00:00,LKxIrZFhONI,507,21,0,81400,81907,5173,5194,251,251,False,False,False,False
2026-05-05T10:56:54.483576+00:00,mDh52QTqR0o,1405,23,1,272132,273537,13506,13529,681,682,False,False,False,False
2026-05-05T10:56:54.483576+00:00,IrGd4xIhTN0,7035,320,69,507838,514873,30269,30589,8289,8358,False,False,False,False
2026-05-05T10:56:54.483576+00:00,M_iusAv-K8Y,3,0,0,1619,1622,23,23,14,14,False,False,False,False
2026-05-05T10:56:54.483576+00:00,CE6tiT3Q6c4,636,15,2,52950,53586,2897,2912,513,515,False,False,False,False
2026-05-05T10:56:54.483576+00:00,iaT6-gjxQbo,36,1,0,2281,2317,240,241,4,4,False,False,False,False
2026-05-05T10:56:54.483576+00:00,TRVnxUYQAmI,772,34,1,208866,209638,16741,16775,993,994,False,False,False,False
2026-05-05T10:56:54.483576+00:00,oRVJREzko-M,2915,222,3,603055,605970,36519,36741,448,451,False,False,False,False
2026-05-05T10:56:54.483576+00:00,ExlWYbISs6I,9809,474,1,567867,577676,25636,26110,365,366,False,False,False,False
2026-05-05T10:56:54.483576+00:00,yXl7MRLoxrM,51,2,0,8524,8575,392,394,35,35,False,False,False,False
2026-05-05T10:56:54.483576+00:00,WOTUpoI2LQA,75112,1659,51,3094216,3169328,152476,154135,2820,2871,False,False,False,False
2026-05-05T10:56:54.483576+00:00,YR-4vFbwe18,585,20,1,35641,36226,1649,1669,85,86,False,False,False,False
2026-05-05T10:56:54.483576+00:00,fpkC4nn2D60,36,1,0,6477,6513,472,473,42,42,False,False,False,False
2026-05-05T10:56:54.483576+00:00,AU6gGMDF7ts,31,0,0,7983,8014,789,789,60,60,False,False,False,False
2026-05-05T10:56:54.483576+00:00,2FFoc89SAj0,9,0,0,4017,4026,156,156,11,11,False,False,False,False
2026-05-05T10:56:54.483576+00:00,iTOXHp4c1YE,1154,11,0,135919,137073,3353,3364,27,27,False,False,False,False
2026-05-05T10:56:54.483576+00:00,gEUMAljLr78,2386,113,4,100677,103063,7939,8052,708,712,False,False,False,False
2026-05-05T10:56:54.483576+00:00,t9_dqoKfqLo,252,6,0,19644,19896,594,600,15,15,False,False,False,False
2026-05-05T10:56:54.483576+00:00,eGmGoahyI-U,299,7,0,14586,14885,736,743,49,49,False,False,False,False
2026-05-05T10:56:54.483576+00:00,YD2iT-SCJb0,45,0,0,6740,6785,134,134,6,6,False,False,False,False
2026-05-05T10:56:54.483576+00:00,jLFG_FZKbks,28703,475,37,1141761,1170464,21080,21555,2315,2352,False,False,False,False
2026-05-05T10:56:54.483576+00:00,6r-qlEX6hGY,2933,89,4,164039,166972,3676,3765,437,441,False,False,False,False
2026-05-05T10:56:54.483576+00:00,jKTNMlUEdgU,28079,571,1,1220986,1249065,26936,27507,225,226,False,False,False,False
2026-05-05T10:56:54.483576+00:00,tVpky2riji0,2512,48,0,324858,327370,11806,11854,303,303,False,False,False,False
2026-05-05T10:56:54.483576+00:00,jAaw0vn7eLs,6145,601,9,216836,222981,17696,18297,355,364,False,False,False,False
2026-05-05T10:56:54.483576+00:00,pG99B0ui06s,17804,807,5,1790179,1807983,82635,83442,511,516,False,False,False,False
2026-05-05T10:56:54.483576+00:00,k30WHO9_ppU,36,0,0,7498,7534,277,277,5,5,False,False,False,False
2026-05-05T10:56:54.483576+00:00,sGEEHGc7eyo,59,0,0,6519,6578,223,223,5,5,False,False,False,False
2026-05-05T10:56:54.483576+00:00,gzjXoJoWgjs,6155,69,20,103513,109668,2055,2124,567,587,False,False,False,False
2026-05-05T10:56:54.483576+00:00,fgasMQ6UWPY,61,0,-1,4856,4917,217,217,15,14,False,False,False,False
2026-05-05T10:56:54.483576+00:00,Tu8OUN2WuyU,17,0,0,1440,1457,24,24,17,17,False,False,False,False
2026-05-05T10:56:54.483576+00:00,5-ASQ44GpNI,3704,111,3,77161,80865,3464,3575,178,181,False,False,False,False
2026-05-05T10:56:54.483576+00:00,MmtdaRSSUZA,177,8,0,7039,7216,477,485,39,39,False,False,False,False
2026-05-05T10:56:54.483576+00:00,0elkAIACdFE,154,6,0,21422,21576,917,923,14,14,False,False,False,False
2026-05-05T10:56:54.483576+00:00,dqOmDZPkIF4,1005,33,1,25922,26927,1073,1106,19,20,False,False,False,False
2026-05-05T10:56:54.483576+00:00,LkaaMQx9uZ0,862,33,1,71239,72101,3564,3597,69,70,False,False,False,False
2026-05-05T10:56:54.483576+00:00,DYhg0nWZ1UQ,891,59,7,5711,6602,591,650,81,88,False,False,False,False
2026-05-05T10:56:54.483576+00:00,tXgFifuwvno,56,2,0,1621,1677,130,132,6,6,False,False,False,False
2026-05-05T10:56:54.483576+00:00,MlcUa5-3G68,614,27,1,20732,21346,813,840,57,58,False,False,False,False
2026-05-05T10:56:54.483576+00:00,9opMZrn2-zg,346,14,0,24116,24462,1077,1091,5,5,False,False,False,False
2026-05-05T10:56:54.483576+00:00,Aa1qfpfSaVY,413,20,0,23392,23805,1045,1065,9,9,False,False,False,False
2026-05-05T10:56:54.483576+00:00,98ShZgIhSbk,1521,33,0,90404,91925,3088,3121,16,16,False,False,False,False
2026-05-05T10:56:54.483576+00:00,31WQ21L6kE8,240,4,0,16352,16592,944,948,11,11,False,False,False,False
2026-05-05T10:56:54.483576+00:00,s9TcINJc2pw,543,29,0,56883,57426,2680,2709,24,24,False,False,False,False
2026-05-05T10:56:54.483576+00:00,LK1OJ-izQfQ,259,4,0,23434,23693,973,977,10,10,False,False,False,False
2026-05-05T10:56:54.483576+00:00,2mOqRPcWgMM,956,22,0,60884,61840,1102,1124,20,20,False,False,False,False
2026-05-05T10:56:54.483576+00:00,GDex3WIPF7c,48952,1057,25,1440461,1489413,49933,50990,1825,1850,False,False,False,False
2026-05-05T10:56:54.483576+00:00,yE8fJOgv7Pc,12440,140,0,932317,944757,23160,23300,829,829,False,False,False,False
2026-05-05T10:56:54.483576+00:00,Y254oB1QNOE,3418,78,13,336394,339812,9987,10065,849,862,False,False,False,False
2026-05-05T10:56:54.483576+00:00,FzdGk0ceLCA,11,0,0,1230,1241,59,59,0,0,False,False,False,False
2026-05-05T10:56:54.483576+00:00,0GmokuFXa_o,16,0,0,1754,1770,101,101,0,0,False,False,False,False
2026-05-05T10:56:54.483576+00:00,yA-SufBCL7g,136,6,0,12956,13092,763,769,8,8,False,False,False,False
2026-05-05T10:56:54.483576+00:00,Wz8CxWdCHC0,7,1,0,9221,9228,570,571,10,10,False,False,False,False
2026-05-05T10:56:54.483576+00:00,Nz7vsR3_W3I,67,9,0,13393,13460,867,876,18,18,False,False,False,False
2026-05-05T10:56:54.483576+00:00,JTtyJPD0ZOw,179,12,0,11704,11883,832,844,33,33,False,False,False,False
2026-05-05T10:56:54.483576+00:00,SK7yqZdN3Dg,291,16,0,22872,23163,1366,1382,40,40,False,False,False,False
2026-05-05T10:56:54.483576+00:00,eYZUzUEUsjo,1,0,0,2208,2209,145,145,3,3,False,False,False,False
2026-05-05T10:56:54.483576+00:00,zSPnVUpVwj8,5,0,0,1619,1624,145,145,3,3,False,False,False,False
2026-05-05T10:56:54.483576+00:00,8TvJvfKz8Fo,8537,483,25,258006,266543,21804,22287,1392,1417,False,False,False,False
2026-05-05T10:56:54.483576+00:00,KdmRWazuBRU,2224,62,-1,83769,85993,3758,3820,265,264,False,False,False,False
2026-05-05T10:56:54.483576+00:00,nH8YRX4Stfs,70,1,2,20705,20775,889,890,131,133,False,False,False,False
2026-05-05T10:56:54.483576+00:00,MK3Lz4fAvZo,366,21,0,37091,37457,3072,3093,89,89,False,False,False,False
2026-05-05T10:56:54.483576+00:00,1PIbKMyFMAY,4506,182,9,162085,166591,10387,10569,325,334,False,False,False,False
2026-05-05T10:56:54.483576+00:00,wgADj9n8XMs,3481,136,0,793453,796934,35540,35676,285,285,False,False,False,False
2026-05-05T10:56:54.483576+00:00,u5HPVyEpyNI,5522,198,16,171982,177504,12090,12288,1177,1193,False,False,False,False
2026-05-05T10:56:54.483576+00:00,-CB2CwSPtAQ,354,6,1,38055,38409,1283,1289,102,103,False,False,False,False
2026-05-05T10:56:54.483576+00:00,FMdrD_jcYgE,39378,1163,60,724683,764061,43757,44920,4150,4210,False,False,False,False
2026-05-05T10:56:54.483576+00:00,OgbLx7K5jKI,340,6,0,26262,26602,469,475,10,10,False,False,False,False
2026-05-05T10:56:54.483576+00:00,9rRvmcDpWwA,1549,54,7,36438,37987,1293,1347,141,148,False,False,False,False
2026-05-05T10:56:54.483576+00:00,UxUmboIvArE,35,2,0,2768,2803,144,146,13,13,False,False,False,False
2026-05-05T10:56:54.483576+00:00,YY99Gla0v4E,22,1,0,1961,1983,126,127,7,7,False,False,False,False
2026-05-05T10:56:54.483576+00:00,-8Xee3Y4Yeg,6,1,0,549,555,43,44,8,8,False,False,False,False
2026-05-05T10:56:54.483576+00:00,ZgcrZ8qm0-w,13,0,0,829,842,15,15,2,2,False,False,False,False
2026-05-05T10:56:54.483576+00:00,cxBZkkzJcpw,6,0,0,229,235,8,8,0,0,False,False,False,False
2026-05-05T10:56:54.483576+00:00,NoXtR658c_k,337,11,0,37021,37358,1220,1231,48,48,False,False,False,False
2026-05-05T10:56:54.483576+00:00,FBq_mtNPweg,318,5,0,27198,27516,862,867,4,4,False,False,False,False
2026-05-05T10:56:54.483576+00:00,4Zi41MRVP0g,5417,98,5,111933,117350,3421,3519,450,455,False,False,False,False
2026-05-05T10:56:54.483576+00:00,KfaPxlvQx1M,127,1,0,13081,13208,1082,1083,12,12,False,False,False,False
2026-05-05T10:56:54.483576+00:00,enQeP-ztP5A,1435,-7,0,11140,12575,1320,1313,18,18,False,False,False,False
2026-05-05T10:56:54.483576+00:00,k7aOM--Ycts,714,30,2,96595,97309,6077,6107,662,664,False,False,False,False
2026-05-05T10:56:54.483576+00:00,eYDQWSBQ47s,825,29,2,23817,24642,1567,1596,138,140,False,False,False,False
2026-05-05T10:56:54.483576+00:00,2ZV29QhLfjw,24095,482,8,719356,743451,35563,36045,1074,1082,False,False,False,False
2026-05-05T10:56:54.483576+00:00,HyO6rMqRXw0,532,8,0,26448,26980,920,928,38,38,False,False,False,False
2026-05-05T10:56:54.483576+00:00,P9MkPdQc74o,401,12,1,103341,103742,4416,4428,476,477,False,False,False,False
2026-05-05T10:56:54.483576+00:00,mbtA5CBh5qk,8,1,0,129,137,10,11,10,10,False,False,False,False
2026-05-05T10:56:54.483576+00:00,N-zjDtQOwxc,16401,661,20,818940,835341,58080,58741,3509,3529,False,False,False,False
2026-05-05T10:56:54.483576+00:00,POn6IRgP5-A,1639,53,2,85057,86696,4260,4313,269,271,False,False,False,False
2026-05-05T10:56:54.483576+00:00,GAf7J_t1o8U,803,63,4,20752,21555,2731,2794,198,202,False,False,False,False
2026-05-05T10:56:54.483576+00:00,oIr5NyY01EQ,68,4,0,2166,2234,244,248,21,21,False,False,False,False
2026-05-05T10:56:54.483576+00:00,mQR17nCXUSA,344,16,1,112977,113321,8907,8923,652,653,False,False,False,False
2026-05-05T10:56:54.483576+00:00,W65cfPslnzo,13307,193,9,575983,589290,13864,14057,1128,1137,False,False,False,False
2026-05-05T10:56:54.483576+00:00,VgH5rhALEfU,3243,115,9,657113,660356,33311,33426,615,624,False,False,False,False
2026-05-05T10:56:54.483576+00:00,QPWScf-86po,99310,2051,23,5973378,6072688,191642,193693,2655,2678,False,False,False,False
2026-05-05T10:56:54.483576+00:00,7IL0scdhgJA,44,4,0,7163,7207,354,358,24,24,False,False,False,False
2026-05-05T10:56:54.483576+00:00,s2NSwy8xraQ,119,6,0,10614,10733,651,657,13,13,False,False,False,False
2026-05-05T10:56:54.483576+00:00,8erUsIGULKc,50,1,0,6832,6882,350,351,34,34,False,False,False,False
2026-05-05T10:56:54.483576+00:00,s23TO2BQBcU,211,6,0,23608,23819,800,806,54,54,False,False,False,False
2026-05-05T10:56:54.483576+00:00,rfRFwXnk660,6629,236,18,236249,242878,14435,14671,915,933,False,False,False,False
2026-05-05T10:56:54.483576+00:00,ByJAH8vTgfw,1381,30,1,32173,33554,1024,1054,29,30,False,False,False,False
2026-05-05T10:56:54.483576+00:00,W4BkgA1P27o,141,7,0,10620,10761,547,554,23,23,False,False,False,False
2026-05-05T10:56:54.483576+00:00,quCJwkDAx0g,294,7,1,39137,39431,1127,1134,354,355,False,False,False,False
2026-05-05T10:56:54.483576+00:00,iQxwDGnuByc,1106,58,0,38986,40092,2068,2126,111,111,False,False,False,False
2026-05-05T10:56:54.483576+00:00,waOGddip3Wk,168,9,0,4943,5111,433,442,31,31,False,False,False,False
2026-05-05T10:56:54.483576+00:00,xfMhpaP8QSg,877,36,4,7443,8320,678,714,72,76,False,False,False,False
2026-05-05T10:56:54.483576+00:00,iGaMJCi8mAk,149,2,0,11233,11382,299,301,3,3,False,False,False,False
2026-05-05T10:56:54.483576+00:00,kmKuk_TCEvU,964,19,2,32659,33623,994,1013,29,31,False,False,False,False
2026-05-05T10:56:54.483576+00:00,yGC0oT995TM,203,12,0,14359,14562,430,442,9,9,False,False,False,False
2026-05-05T10:56:54.483576+00:00,lB_XJmoBLjw,52,1,0,9832,9884,523,524,12,12,False,False,False,False
2026-05-05T10:56:54.483576+00:00,t6GzhyGTKCo,2336,73,2,80231,82567,2455,2528,171,173,False,False,False,False
2026-05-05T10:56:54.483576+00:00,qgzwtKsXCMo,84150,1459,16,2745436,2829586,54279,55738,587,603,False,False,False,False
2026-05-05T10:56:54.483576+00:00,0D14LJGiBkg,3442,114,2,328849,332291,15284,15398,1151,1153,False,False,False,False
2026-05-05T10:56:54.483576+00:00,mpZK1dqX6aA,22755,803,2,848621,871376,26171,26974,199,201,False,False,False,False
2026-05-05T10:56:54.483576+00:00,RniYUmKs93U,4467,179,3,391846,396313,22457,22636,439,442,False,False,False,False
2026-05-05T10:56:54.483576+00:00,IEJALLQFmDs,63605,1230,7,4048121,4111726,94283,95513,674,681,False,False,False,False
2026-05-05T10:56:54.483576+00:00,dqazxW8R5BY,36535,1703,31,2095797,2132332,96659,98362,2080,2111,False,False,False,False
2026-05-05T10:56:54.483576+00:00,UsS6bOYnnOI,4810,114,14,313639,318449,16604,16718,3567,3581,False,False,False,False
2026-05-05T10:56:54.483576+00:00,nGakcu0V0ZM,241,2,0,17621,17862,396,398,25,25,False,False,False,False
2026-05-05T10:56:54.483576+00:00,8CpQzf_RYb4,369,36,1,4688,5057,323,359,3,4,False,False,False,False
2026-05-05T10:56:54.483576+00:00,OrI86PV-aPg,103497,2601,39,1382591,1486088,61825,64426,1550,1589,False,False,False,False
2026-05-05T10:56:54.483576+00:00,2A0dbP8LJoA,158,5,0,6836,6994,593,598,29,29,False,False,False,False
2026-05-05T10:56:54.483576+00:00,5W2lIWDyXjI,2524,41,0,59923,62447,1509,1550,25,25,False,False,False,False
2026-05-05T10:56:54.483576+00:00,o1LnQHf3b6I,459,15,0,17998,18457,824,839,6,6,False,False,False,False
2026-05-05T10:56:54.483576+00:00,2pao0845DQQ,5622,126,1,193499,199121,5490,5616,45,46,False,False,False,False
2026-05-05T10:56:54.483576+00:00,WPOhGVSPOyM,1725,28,0,81398,83123,1287,1315,8,8,False,False,False,False
2026-05-05T10:56:54.483576+00:00,7FYFhOiiMIU,271,4,0,13942,14213,542,546,4,4,False,False,False,False
2026-05-05T10:56:54.483576+00:00,aRLwX_dN8AQ,2801,31,0,61750,64551,1327,1358,7,7,False,False,False,False
2026-05-05T10:56:54.483576+00:00,CPJhzRv9y_8,1043,19,1,61955,62998,1228,1247,8,9,False,False,False,False
2026-05-05T10:56:54.483576+00:00,Q5rmW96IGqA,1261,32,0,22376,23637,846,878,6,6,False,False,False,False
2026-05-05T10:56:54.483576+00:00,reCJ5EuvukI,37883,948,17,859229,897112,31589,32537,637,654,False,False,False,False
2026-05-05T10:56:54.483576+00:00,io_Ysi-LFWE,5983,109,4,547340,553323,16460,16569,346,350,False,False,False,False
2026-05-05T10:56:54.483576+00:00,snM0UfZxakc,20724,320,9,711252,731976,15884,16204,1171,1180,False,False,False,False
2026-05-05T10:56:54.483576+00:00,TmkbUF0V0hM,12893,143,33,688103,700996,11414,11557,4344,4377,False,False,False,False
2026-05-05T10:56:54.483576+00:00,_88DyxJqY-4,59,0,0,2373,2432,186,186,20,20,False,False,False,False
2026-05-05T10:56:54.483576+00:00,Dic-fJdWqhY,6,0,0,356,362,11,11,0,0,False,False,False,False
2026-05-05T10:56:54.483576+00:00,HZ2uROlnuEg,7,2,0,155,162,5,7,0,0,False,False,False,False
2026-05-05T10:56:54.483576+00:00,H5KmfCor3mc,0,0,0,259,259,10,10,1,1,False,False,False,False
2026-05-05T10:56:54.483576+00:00,gaOZZ1TYILU,5,0,0,96,101,9,9,0,0,False,False,False,False
2026-05-05T10:56:54.483576+00:00,rQmlUxDeTxE,133,15,0,10254,10387,854,869,12,12,False,False,False,False
2026-05-05T10:56:54.483576+00:00,6dfxL42fP0c,9,0,0,1802,1811,160,160,4,4,False,False,False,False
2026-05-05T10:56:54.483576+00:00,hE1O48iNhBw,5,1,0,3627,3632,247,248,2,2,False,False,False,False
2026-05-05T10:56:54.483576+00:00,LDXkrlIxj8U,108,4,0,22837,22945,1510,1514,13,13,False,False,False,False
2026-05-05T10:56:54.483576+00:00,Xcmg2noBQOw,25,1,0,2889,2914,320,321,4,4,False,False,False,False
2026-05-05T10:56:54.483576+00:00,RGWm_UCIWnc,236,11,0,12955,13191,910,921,14,14,False,False,False,False
2026-05-05T10:56:54.483576+00:00,Rax-kdRVG74,156,6,0,13686,13842,664,670,15,15,False,False,False,False
2026-05-05T10:56:54.483576+00:00,tA9L9aV6gXY,35,0,0,2635,2670,173,173,8,8,False,False,False,False
2026-05-05T10:56:54.483576+00:00,o8Z1Q8UPSOU,320,20,0,14223,14543,1472,1492,21,21,False,False,False,False
2026-05-05T10:56:54.483576+00:00,_FP4gbF0KWY,114,6,0,8008,8122,537,543,17,17,False,False,False,False
2026-05-05T10:56:54.483576+00:00,FbRnMwKmmTA,128,7,0,8268,8396,572,579,34,34,False,False,False,False
2026-05-05T10:56:54.483576+00:00,ehizptRtYzM,640,29,0,30014,30654,2451,2480,96,96,False,False,False,False
2026-05-05T10:56:54.483576+00:00,kB_PJC80JhY,10679,355,1,1138957,1149636,50402,50757,277,278,False,False,False,False
2026-05-05T10:56:54.483576+00:00,wdCDxH9KBss,1459,65,1,57562,59021,2953,3018,74,75,False,False,False,False
2026-05-05T10:56:54.483576+00:00,4iXwPD-VHyg,1849,46,0,68105,69954,1735,1781,21,21,False,False,False,False
2026-05-05T10:56:54.483576+00:00,rVixyOY_Xr4,1825,53,6,20641,22466,1071,1124,76,82,False,False,False,False
2026-05-05T10:56:54.483576+00:00,d0VoQtmw9Eg,770,22,0,15505,16275,649,671,6,6,False,False,False,False
2026-05-05T10:56:54.483576+00:00,QzZ4VwDHAT4,661,22,1,33991,34652,1756,1778,132,133,False,False,False,False
2026-05-05T10:56:54.483576+00:00,JjwHFerSu4M,10335,266,7,157856,168191,8704,8970,467,474,False,False,False,False
2026-05-05T10:56:54.483576+00:00,RNUjufFVGXs,154,13,1,5387,5541,513,526,37,38,False,False,False,False
2026-05-05T10:56:54.483576+00:00,uoRmXpQseH8,0,0,0,0,0,1,1,0,0,False,False,False,False
2026-05-05T10:56:54.483576+00:00,-lSM97fApgQ,0,0,0,0,0,3,3,0,0,False,False,False,False
2026-05-05T10:56:54.483576+00:00,1sofoaFEV58,0,4,0,0,0,4,8,0,0,False,False,False,False
2026-05-05T10:56:54.483576+00:00,FJNk3OGtmbk,458,6,0,16642,17100,430,436,2,2,False,False,False,False
2026-05-05T10:56:54.483576+00:00,RCl-cN1Hf-Q,832,30,0,15123,15955,471,501,2,2,False,False,False,False
2026-05-05T10:56:54.483576+00:00,1d3wR5LJ4-4,1676,18,0,31967,33643,1288,1306,21,21,False,False,False,False
2026-05-05T10:56:54.483576+00:00,69AWec8qjjo,4509,55,1,153235,157744,5200,5255,146,147,False,False,False,False
2026-05-05T10:56:54.483576+00:00,YUwjueXzffE,6424,130,0,245486,251910,5417,5547,46,46,False,False,False,False
2026-05-05T10:56:54.483576+00:00,oNjLzGpMCuw,1587,30,2,96331,97918,4605,4635,249,251,False,False,False,False
2026-05-05T10:56:54.483576+00:00,ftk4VdOcaj8,990,38,2,15570,16560,1852,1890,44,46,False,False,False,False
2026-05-05T10:56:54.483576+00:00,pra3fiwosjU,48,2,0,3796,3844,115,117,5,5,False,False,False,False
2026-05-05T10:56:54.483576+00:00,Hf6NC8AzAKo,416,19,2,5464,5880,488,507,32,34,False,False,False,False
2026-05-05T10:56:54.483576+00:00,aYH-DvGfEVU,1,0,0,936,937,129,129,7,7,False,False,False,False
2026-05-05T10:56:54.483576+00:00,wZBBnciTACo,20,0,0,1499,1519,179,179,51,51,False,False,False,False
2026-05-05T10:56:54.483576+00:00,w_Z0cdu9c9I,150,5,0,7309,7459,585,590,15,15,False,False,False,False
2026-05-05T10:56:54.483576+00:00,9rHaUzPlJws,1613,45,2,182549,184162,12945,12990,667,669,False,False,False,False
2026-05-05T10:56:54.483576+00:00,pXI3xinu4bc,17931,581,-21,1064448,1082379,53416,53997,583,562,False,False,False,False
2026-05-05T10:56:54.483576+00:00,3PZ3d4eNWrc,19662,889,-9,826333,845995,43722,44611,292,283,False,False,False,False
2026-05-05T10:56:54.483576+00:00,1X8BPKi1kP8,272,2,0,9804,10076,398,400,37,37,False,False,False,False
2026-05-05T10:56:54.483576+00:00,RPePcFJDNds,79,4,0,1951,2030,141,145,39,39,False,False,False,False
2026-05-05T10:56:54.483576+00:00,GEXxx3JQmdw,71,1,0,7670,7741,498,499,14,14,False,False,False,False
2026-05-05T10:56:54.483576+00:00,NRELko2BoRk,890,34,0,22317,23207,1208,1242,93,93,False,False,False,False
2026-05-05T10:56:54.483576+00:00,CdlFyd3WHbg,458,30,0,10585,11043,627,657,6,6,False,False,False,False
2026-05-05T10:56:54.483576+00:00,N8Bc_M2Ew2E,115,3,0,9088,9203,555,558,9,9,False,False,False,False
2026-05-05T10:56:54.483576+00:00,LDQnGP6iSH4,141,12,0,9958,10099,492,504,28,28,False,False,False,False
2026-05-05T10:56:54.483576+00:00,LMJb-_uL6lQ,1001,11,2,56891,57892,1443,1454,403,405,False,False,False,False
2026-05-05T10:56:54.483576+00:00,-X2P40t70LM,323,24,1,7313,7636,578,602,19,20,False,False,False,False
2026-05-05T10:56:54.483576+00:00,21UbB1_pq3o,376,18,1,8485,8861,581,599,52,53,False,False,False,False
2026-05-05T10:56:54.483576+00:00,ZUpr3u1inlg,298,11,15,17202,17500,1434,1445,270,285,False,False,False,False
2026-05-05T10:56:54.483576+00:00,Hk20QLW6nEc,2416,25,0,74178,76594,1400,1425,6,6,False,False,False,False
2026-05-05T10:56:54.483576+00:00,U0f47Nt9g-Q,7084,215,5,288678,295762,16181,16396,420,425,False,False,False,False
2026-05-05T10:56:54.483576+00:00,3GUtClCifjw,204,3,0,11286,11490,329,332,7,7,False,False,False,False
2026-05-05T10:56:54.483576+00:00,yk8ziJow5dw,1269,23,1,71845,73114,2089,2112,133,134,False,False,False,False
2026-05-05T10:56:54.483576+00:00,XGAhqBxEV78,2936,46,2,471535,474471,14730,14776,1164,1166,False,False,False,False
2026-05-05T10:56:54.483576+00:00,t9PF8V132Y4,7707,156,13,225946,233653,7402,7558,970,983,False,False,False,False
2026-05-05T10:56:54.483576+00:00,Gr6qcQdzDfw,213,4,2,9832,10045,445,449,152,154,False,False,False,False
2026-05-05T10:56:54.483576+00:00,IAn3Wu2BdyY,4375,143,2,103508,107883,4895,5038,79,81,False,False,False,False
2026-05-05T10:56:54.483576+00:00,i6wL2IzuW7s,344,19,0,9051,9395,795,814,9,9,False,False,False,False
2026-05-05T10:56:54.483576+00:00,sXV44nHGfAA,832,31,0,24262,25094,1423,1454,8,8,False,False,False,False
2026-05-05T10:56:54.483576+00:00,OEtIq4tR1rA,15322,1133,4,112081,127403,8607,9740,88,92,False,False,False,False
2026-05-05T10:56:54.483576+00:00,MpPS5I1pJD8,1698,28,0,45099,46797,890,918,11,11,False,False,False,False
2026-05-05T10:56:54.483576+00:00,7NeECqsR_u4,5595,93,0,102918,108513,2494,2587,19,19,False,False,False,False
2026-05-05T10:56:54.483576+00:00,JuRjZqzpP0g,3962,129,1,32947,36909,1807,1936,12,13,False,False,False,False
2026-05-05T10:56:54.483576+00:00,4yDM3ZFcQm4,74789,1267,11,512221,587010,13369,14636,137,148,False,False,False,False
2026-05-05T10:56:54.483576+00:00,3fsJFUvA6Ts,5097,130,13,98322,103419,3703,3833,164,177,False,False,False,False
2026-05-05T10:56:54.483576+00:00,XNDiFY5vIk0,424,19,0,14344,14768,619,638,6,6,False,False,False,False
2026-05-05T10:56:54.483576+00:00,iK6HT02LYX4,2161,45,0,51300,53461,1595,1640,16,16,False,False,False,False
2026-05-05T10:56:54.483576+00:00,A2O_CSDImRs,19141,476,8,697372,716513,22938,23414,900,908,False,False,False,False
2026-05-05T10:56:54.483576+00:00,n2T6AOoUkOM,122228,1623,18,1896121,2018349,44265,45888,657,675,False,False,False,False
2026-05-05T10:56:54.483576+00:00,MOrBFf1DVvs,33592,483,9,970554,1004146,23122,23605,396,405,False,False,False,False
2026-05-05T10:56:54.483576+00:00,WFOEVVlOH8s,13,0,0,387,400,18,18,0,0,False,False,False,False
2026-05-05T10:56:54.483576+00:00,IrefshwOoX8,83,1,-19,284,367,19,20,19,0,False,False,False,False
2026-05-05T10:56:54.483576+00:00,Cyfs-ngasus,33,1,0,640,673,25,26,0,0,False,False,False,False
2026-05-05T10:56:54.483576+00:00,dIwCndpKuSE,65,3,0,4153,4218,397,400,1,1,False,False,False,False
2026-05-05T10:56:54.483576+00:00,f0ukpT07u2c,273,13,0,13082,13355,1216,1229,13,13,False,False,False,False
2026-05-05T10:56:54.483576+00:00,e5jQUYrRPRk,1643,10,1,9612,11255,436,446,5,6,False,False,False,False
2026-05-05T10:56:54.483576+00:00,Xshu2lM5PZE,225,23,0,5180,5405,606,629,6,6,False,False,False,False
2026-05-05T10:56:54.483576+00:00,WynveK8qJx4,29,7,0,2938,2967,155,162,2,2,False,False,False,False
2026-05-05T10:56:54.483576+00:00,iPg5fXvAqqo,189,3,0,8508,8697,237,240,5,5,False,False,False,False
2026-05-05T10:56:54.483576+00:00,N9drBPpPZFI,122,10,0,4287,4409,289,299,7,7,False,False,False,False
2026-05-05T10:56:54.483576+00:00,rr8ZpzHcZJc,600,62,0,6663,7263,669,731,13,13,False,False,False,False
2026-05-05T10:56:54.483576+00:00,nrIEhoSCOg8,319,14,0,33730,34049,1634,1648,32,32,False,False,False,False
2026-05-05T10:56:54.483576+00:00,b-NJDpglmeM,709,40,1,16695,17404,1342,1382,21,22,False,False,False,False
2026-05-05T10:56:54.483576+00:00,V2d9YyBmeUk,362,27,0,5196,5558,383,410,8,8,False,False,False,False
2026-05-05T10:56:54.483576+00:00,qf_JlCrcPy0,210,5,0,10778,10988,571,576,27,27,False,False,False,False
2026-05-05T10:56:54.483576+00:00,DB302vKJ2Go,338,21,5,11829,12167,938,959,93,98,False,False,False,False
2026-05-05T10:56:54.483576+00:00,f9AFrDB-73g,1869,108,0,38931,40800,2988,3096,50,50,False,False,False,False
2026-05-05T10:56:54.483576+00:00,mK3xENFCGnI,15242,744,14,493554,508796,39686,40430,482,496,False,False,False,False
2026-05-05T10:56:54.483576+00:00,4s9LuOSR3Q4,98429,1616,43,1022682,1121111,25317,26933,867,910,False,False,False,False
2026-05-05T10:56:54.483576+00:00,1baBzd1XPkU,8472,199,14,213528,222000,8073,8272,950,964,False,False,False,False
2026-05-05T10:56:54.483576+00:00,jCyhEO3h-Ik,1903,112,1,33267,35170,1547,1659,32,33,False,False,False,False
2026-05-05T10:56:54.483576+00:00,UtXLbVdM7wk,1275,36,0,15851,17126,657,693,11,11,False,False,False,False
2026-05-05T10:56:54.483576+00:00,0lt4j7GTtGU,134,6,0,2125,2259,172,178,3,3,False,False,False,False
2026-05-05T10:56:54.483576+00:00,40-68Uco_u0,721,21,0,16459,17180,741,762,25,25,False,False,False,False
2026-05-05T10:56:54.483576+00:00,o39vHtwxPRg,368,5,0,7693,8061,272,277,3,3,False,False,False,False
2026-05-05T10:56:54.483576+00:00,WeAhvFYojh0,100,6,0,2300,2400,133,139,7,7,False,False,False,False
2026-05-05T10:56:54.483576+00:00,ywEV7NQlO1Y,4823,99,1,173653,178476,5720,5819,106,107,False,False,False,False
2026-05-05T10:56:54.483576+00:00,2r0m4TsyIxs,14950,182,52,214266,229216,6964,7146,2929,2981,False,False,False,False
2026-05-05T10:56:54.483576+00:00,zuzydZz-cmo,1073,40,0,57937,59010,3497,3537,432,432,False,False,False,False
2026-05-05T10:56:54.483576+00:00,C4OiZ15VTxw,149,4,0,8840,8989,808,812,173,173,False,False,False,False
2026-05-05T10:56:54.483576+00:00,VITWpByrMdw,303,13,0,2809,3112,176,189,4,4,False,False,False,False
2026-05-05T10:56:54.483576+00:00,tpay1lEGZ7g,12789,673,9,419309,432098,33383,34056,990,999,False,False,False,False
2026-05-05T10:56:54.483576+00:00,Gmfpq60LbVQ,2613,103,7,230734,233347,16881,16984,1027,1034,False,False,False,False
2026-05-05T10:56:54.483576+00:00,R-klQGp_308,8112,334,6,458500,466612,18346,18680,255,261,False,False,False,False
2026-05-05T10:56:54.483576+00:00,8--Bq5oEsZ8,11321,427,5,359684,371005,15871,16298,251,256,False,False,False,False
2026-05-05T10:56:54.483576+00:00,fuxYQrqkfns,15398,572,17,684578,699976,49555,50127,1101,1118,False,False,False,False
2026-05-05T10:56:54.483576+00:00,MYHiaHDLDB8,110,2,0,5297,5407,330,332,7,7,False,False,False,False
2026-05-05T10:56:54.483576+00:00,g-7nUex4nVg,1875,41,2,21226,23101,865,906,20,22,False,False,False,False
2026-05-05T10:56:54.483576+00:00,tPuup43tbgA,249,2,0,8604,8853,191,193,2,2,False,False,False,False
2026-05-05T10:56:54.483576+00:00,vMnp3ptycik,468,40,0,4280,4748,277,317,2,2,False,False,False,False
2026-05-05T10:56:54.483576+00:00,81RBVN6P9cM,4684,109,7,369924,374608,12173,12282,955,962,False,False,False,False
2026-05-05T10:56:54.483576+00:00,P1DSZNhApJA,104217,1866,18,2900071,3004288,58989,60855,366,384,False,False,False,False
2026-05-05T10:56:54.483576+00:00,5LJ1cxjQhyE,70819,3146,11,2017716,2088535,107936,111082,537,548,False,False,False,False
2026-05-05T10:56:54.483576+00:00,qxj4Sr5Cm24,1803,54,42,62920,64723,4328,4382,585,627,False,False,False,False
2026-05-05T10:56:54.483576+00:00,daa-UCIuoY8,1713,66,0,6821,8534,490,556,12,12,False,False,False,False
2026-05-05T10:56:54.483576+00:00,VVLYJf2t88c,14129,445,25,32583,46712,1771,2216,141,166,False,False,False,False
2026-05-05T10:56:54.483576+00:00,q_ynGwBIxLk,490,10,0,2777,3267,80,90,2,2,False,False,False,False
2026-05-05T10:56:54.483576+00:00,tFD4653hJYE,619,13,0,3886,4505,126,139,3,3,False,False,False,False
2026-05-05T10:56:54.483576+00:00,p4zPmpXfGyY,8033,108,2,21409,29442,481,589,16,18,False,False,False,False
2026-05-05T10:56:54.483576+00:00,IZNeoCSdcfY,451,19,0,1054,1505,63,82,1,1,False,False,False,False
2026-05-05T10:56:54.483576+00:00,Jnc7hVslXdk,804,38,-15,823,1627,150,188,23,8,False,False,False,False
2026-05-05T10:56:54.483576+00:00,8nwaOxXIj0g,5362,295,8,9102,14464,1071,1366,49,57,False,False,False,False
2026-05-05T10:56:54.483576+00:00,Xk3cJMA7UhE,163,8,0,3851,4014,320,328,13,13,False,False,False,False
2026-05-05T10:56:54.483576+00:00,XoDfpxBy8Ag,5798,111,10,19290,25088,686,797,97,107,False,False,False,False
2026-05-05T10:56:54.483576+00:00,JRHTVNoJjb0,994,27,0,13290,14284,651,678,13,13,False,False,False,False
2026-05-05T10:56:54.483576+00:00,uWa0odbimaU,13421,379,15,105739,119160,4671,5050,135,150,False,False,False,False
2026-05-05T10:56:54.483576+00:00,RnT_izvRznQ,1380,60,0,3613,4993,351,411,9,9,False,False,False,False
2026-05-05T10:56:54.483576+00:00,1pglkwgsu1I,1758,82,0,16150,17908,1400,1482,14,14,False,False,False,False
2026-05-05T10:56:54.483576+00:00,V6VQ54eTok0,87247,2009,36,130095,217342,4235,6244,48,84,False,False,False,False
2026-05-05T10:56:54.483576+00:00,3REHDZgXE1k,1837,55,0,16545,18382,1018,1073,10,10,False,False,False,False
2026-05-05T10:56:54.483576+00:00,z_XHk-DZ1nY,1656,53,2,12426,14082,492,545,6,8,False,False,False,False
2026-05-05T10:56:54.483576+00:00,-CTY5XDxt8E,14359,333,0,45472,59831,1615,1948,5,5,False,False,False,False
2026-05-05T10:56:54.483576+00:00,nN9QYJdEcw0,4088,73,1,35562,39650,967,1040,10,11,False,False,False,False
2026-05-05T10:56:54.483576+00:00,WKBwkE4dn-k,1160,30,0,12810,13970,465,495,2,2,False,False,False,False
2026-05-05T10:56:54.483576+00:00,suqYhItddAc,17641,520,2,110524,128165,3885,4405,59,61,False,False,False,False
2026-05-05T10:56:54.483576+00:00,ydRguU_cH8Y,28069,337,1,193432,221501,3341,3678,40,41,False,False,False,False
2026-05-05T10:56:54.483576+00:00,P9yleRV8tto,2187,57,1,34253,36440,1086,1143,15,16,False,False,False,False
2026-05-05T10:56:54.483576+00:00,_UFmkJrpc3Q,5808,181,3,65529,71337,2300,2481,23,26,False,False,False,False
2026-05-05T10:56:54.483576+00:00,lDyiY5vjqaw,196383,6823,261,479213,675596,19654,26477,809,1070,False,False,False,False
2026-05-05T10:56:54.483576+00:00,T_LWKGJDKgo,200979,3229,726,425196,626175,13299,16528,5145,5871,False,False,False,False
2026-05-05T10:56:54.483576+00:00,MjWI_rWQL68,450347,9804,93,4392950,4843297,144936,154740,2126,2219,False,False,False,False
2026-05-05T10:56:54.483576+00:00,9iKWeo8sWh4,167908,3260,8,2290794,2458702,58661,61921,547,555,False,False,False,False
2026-05-05T10:56:54.483576+00:00,4m_M1Wpnr2Q,174600,3446,71,2402109,2576709,71525,74971,1879,1950,False,False,False,False
2026-05-05T10:56:54.483576+00:00,JxM9FGa1xjw,40,1,0,518,558,32,33,0,0,False,False,False,False
2026-05-05T10:56:54.483576+00:00,e5ory4NWVaQ,15,0,0,74,89,3,3,0,0,False,False,False,False
2026-05-05T10:56:54.483576+00:00,AnhXe6C7RcY,122,4,0,501,623,24,28,0,0,False,False,False,False
2026-05-05T10:56:54.483576+00:00,q8AEtTOo2ZU,906,75,1,2031,2937,118,193,1,2,False,False,False,False
2026-05-05T10:56:54.483576+00:00,Qy_YMLKX8bQ,3111,209,4,3322,6433,409,618,23,27,False,False,False,False
2026-05-05T10:56:54.483576+00:00,Cit2bKRejmc,1926,130,1,2631,4557,210,340,5,6,False,False,False,False
2026-05-05T10:56:54.483576+00:00,PDQ3laPc--4,1486,159,0,2975,4461,330,489,2,2,False,False,False,False
2026-05-05T10:56:54.483576+00:00,v2SVwN2WLHA,1204,101,1,3433,4637,250,351,6,7,False,False,False,False
2026-05-05T10:56:54.483576+00:00,sebAi3RkL4o,549,52,0,5184,5733,521,573,10,10,False,False,False,False
2026-05-05T10:56:54.483576+00:00,2NMgx26Y-Bk,123,7,0,2758,2881,305,312,8,8,False,False,False,False
2026-05-05T10:56:54.483576+00:00,X5_Q7FZ0Sik,48,3,0,2814,2862,190,193,4,4,False,False,False,False
2026-05-05T10:56:54.483576+00:00,8Cc0marf_vs,136,7,0,5416,5552,336,343,7,7,False,False,False,False
2026-05-05T10:56:54.483576+00:00,9u4d0EDxCkY,16,3,0,1806,1822,44,47,1,1,False,False,False,False
2026-05-05T10:56:54.483576+00:00,GKCz_gBPkvI,62,2,0,3993,4055,288,290,3,3,False,False,False,False
2026-05-05T10:56:54.483576+00:00,toJGQUZbdqc,602,55,0,9611,10213,857,912,15,15,False,False,False,False
2026-05-05T10:56:54.483576+00:00,q4PUKnyy3QQ,471,21,0,5199,5670,452,473,6,6,False,False,False,False
2026-05-05T10:56:54.483576+00:00,Hpl10gpuOGw,2093,34,0,22710,24803,1267,1301,24,24,False,False,False,False
2026-05-05T10:56:54.483576+00:00,CbDN7o5Ed_M,2274,74,0,3907,6181,248,322,9,9,False,False,False,False
2026-05-05T10:56:54.483576+00:00,ZrvvBKldeo0,559,10,1,9377,9936,434,444,31,32,False,False,False,False
2026-05-05T10:56:54.483576+00:00,mMLOG0bsjRQ,2472,52,1,30811,33283,1393,1445,85,86,False,False,False,False
2026-05-05T10:56:54.483576+00:00,5z8hOrxhApI,9356,647,8,18188,27544,1743,2390,30,38,False,False,False,False
2026-05-05T10:56:54.483576+00:00,vN0MwkPIOF8,130,6,0,2975,3105,335,341,10,10,False,False,False,False
2026-05-05T10:56:54.483576+00:00,jFZPpkVszCg,5931,275,1,52414,58345,3831,4106,74,75,False,False,False,False
2026-05-05T10:56:54.483576+00:00,1_H80JEZ2ko,73530,1599,134,359360,432890,15567,17166,1391,1525,False,False,False,False
2026-05-05T10:56:54.483576+00:00,6jI9H3lyil4,2280,79,1,39044,41324,2603,2682,65,66,False,False,False,False
2026-05-05T10:56:54.483576+00:00,SVTPv4sI_Jc,107335,2876,170,1136048,1243383,42553,45429,3933,4103,False,False,True,False
2026-05-05T10:56:54.483576+00:00,SAtFZPtbMpI,23449,671,70,64819,88268,3144,3815,316,386,False,False,False,False
2026-05-05T10:56:54.483576+00:00,d7qfcHa4LTY,2097,56,4,11370,13467,294,350,8,12,False,False,False,False
2026-05-05T10:56:54.483576+00:00,a1aFhMw2wQE,13867,280,3,97392,111259,3679,3959,79,82,False,False,False,False
2026-05-05T10:56:54.483576+00:00,eCw33snvoNI,2066,64,1,36677,38743,1911,1975,140,141,False,False,False,False
2026-05-05T10:56:54.483576+00:00,dq9VW4kn19w,279,12,2,509,788,64,76,10,12,False,False,False,False
2026-05-05T10:56:54.483576+00:00,39rirHnSBZ4,22,0,0,277,299,7,7,0,0,False,False,False,False
2026-05-05T10:56:54.483576+00:00,bbv1p_j1P8Y,36,0,0,774,810,20,20,1,1,False,False,False,False
2026-05-05T10:56:54.483576+00:00,yveo9j8JZts,25,0,0,528,553,17,17,0,0,False,False,False,False
2026-05-05T10:56:54.483576+00:00,rRw7sYwfSVI,2146,137,4,32195,34341,2227,2364,113,117,False,False,False,False
2026-05-05T10:56:54.483576+00:00,4xed6CNu0j8,325,17,0,2418,2743,79,96,0,0,False,False,False,False
2026-05-05T10:56:54.483576+00:00,iR6FvFoW0F4,2052,83,1,8526,10578,291,374,4,5,False,False,False,False
2026-05-05T10:56:54.483576+00:00,t4S8XOHv1jg,534,17,0,21316,21850,772,789,13,13,False,False,False,False
2026-05-05T10:56:54.483576+00:00,DfeXyiagVDE,465,13,0,2772,3237,154,167,2,2,False,False,False,False
2026-05-05T10:56:54.483576+00:00,QUBjCcBXy3o,3033,149,6,98934,101967,5380,5529,186,192,False,False,False,False
2026-05-05T10:56:54.483576+00:00,KUvWaj4IFZg,24626,622,30,37143,61769,2307,2929,85,115,False,False,False,False
2026-05-05T10:56:54.483576+00:00,fRjAMALJ0r0,108775,5384,110,148777,257552,15318,20702,459,569,False,False,False,False
2026-05-05T10:56:54.483576+00:00,QNHEqcXa3Zg,7024,287,9,101552,108576,8577,8864,239,248,False,False,False,False
2026-05-05T10:56:54.483576+00:00,a4jo0YM7WRg,594,11,0,9586,10180,546,557,11,11,False,False,False,False
2026-05-05T10:56:54.483576+00:00,LNKCHWOW7aI,12056,689,51,148559,160615,13420,14109,1140,1191,False,False,False,False
2026-05-05T10:56:54.483576+00:00,aQi987cz1nk,1113,44,4,8395,9508,899,943,120,124,False,False,False,False
2026-05-05T10:56:54.483576+00:00,DmcKWMeNWaQ,4258,77,5,18275,22533,815,892,60,65,False,False,False,False
2026-05-05T10:56:54.483576+00:00,vg9owOLbmvA,124,3,14,1456,1580,181,184,51,65,False,False,False,False
2026-05-05T10:56:54.483576+00:00,PGBt4pOj4Vc,110101,5524,167,237910,348011,23392,28916,1145,1312,False,False,False,False
2026-05-05T10:56:54.483576+00:00,7h3nazBbFCc,8290,862,22,0,8290,4,866,0,22,False,True,False,False
2026-05-05T10:56:54.483576+00:00,OCGgYu3vku4,4877,222,5,104716,109593,8884,9106,574,579,False,False,False,False
2026-05-05T10:56:54.483576+00:00,Rij6WQMuxcw,67208,2375,38,168971,236179,8488,10863,238,276,False,False,False,False
2026-05-05T10:56:54.483576+00:00,AtSQBfBK6HE,28767,1334,25,673962,702729,32729,34063,626,651,False,False,False,False
2026-05-05T10:56:54.483576+00:00,98VQpHj17Ws,5702,197,3,207420,213122,12089,12286,253,256,False,False,False,False
2026-05-05T10:56:54.483576+00:00,bbhBRpDlFHE,570,17,1,2115,2685,155,172,9,10,False,False,False,False
2026-05-05T10:56:54.483576+00:00,GlgzzZEePXo,1810,106,20,12299,14109,1010,1116,288,308,False,False,False,False
2026-05-05T10:56:54.483576+00:00,SoTjeq4cQZw,278,8,0,2732,3010,106,114,2,2,False,False,False,False
2026-05-05T10:56:54.483576+00:00,L8qTgJOhpPg,153,12,0,2516,2669,108,120,11,11,False,False,False,False
2026-05-05T10:56:54.483576+00:00,Gl_2LVRaM8U,1271,40,2,9553,10824,708,748,38,40,False,False,False,False
2026-05-05T10:56:54.483576+00:00,JbjnuF8OiZc,1704,81,2,8853,10557,495,576,4,6,False,False,False,False
2026-05-05T10:56:54.483576+00:00,dZftIemBYVE,1833,58,1,21694,23527,1182,1240,58,59,False,False,False,False
2026-05-05T10:56:54.483576+00:00,6hNY0K71Ewo,3822,143,2,7085,10907,569,712,25,27,False,False,False,False
2026-05-05T10:56:54.483576+00:00,B8E4azaZ13k,363,12,0,5229,5592,252,264,14,14,False,False,False,False
2026-05-05T10:56:54.483576+00:00,3Ip-TJvpjLQ,1935,179,6,3012,4947,276,455,16,22,False,False,False,False
2026-05-05T10:56:54.483576+00:00,rJgtb2s7Oz8,3077,198,13,4227,7304,337,535,14,27,False,False,False,False
2026-05-05T10:56:54.483576+00:00,lEhOg8oVpjU,3560,137,2,27144,30704,1327,1464,103,105,False,False,False,False
2026-05-05T10:56:54.483576+00:00,U5l0Z8T4tCk,39758,1694,18,112107,151865,9407,11101,82,100,False,False,False,False
2026-05-05T10:56:54.483576+00:00,9pPCy9wqxuk,16597,742,26,20695,37292,1892,2634,121,147,False,False,False,False
2026-05-05T10:56:54.483576+00:00,Duk_kOhIimU,2311,47,3,5094,7405,151,198,3,6,False,False,False,False
2026-05-05T10:56:54.483576+00:00,eAwkhxinCOc,480,7,0,17435,17915,412,419,3,3,False,False,False,False
2026-05-05T10:56:54.483576+00:00,66gMxbNKaYA,29040,501,6,289958,318998,13050,13551,317,323,False,False,False,False
2026-05-05T10:56:54.483576+00:00,8OjVlmrtW4M,8724,565,13,19502,28226,2361,2926,71,84,False,False,False,False
2026-05-05T10:56:54.483576+00:00,az3VKD9_H7Y,643,15,0,5700,6343,219,234,1,1,False,False,False,False
2026-05-05T10:56:54.483576+00:00,2y_3sFy4R1A,1412,72,1,5921,7333,542,614,33,34,False,False,False,False
2026-05-05T10:56:54.483576+00:00,465Vc9I4fvc,3526,39,2,12543,16069,186,225,5,7,False,False,False,False
2026-05-05T10:56:54.483576+00:00,kBctc9rV__4,3806,49,6,6572,10378,215,264,29,35,False,False,False,False
2026-05-05T10:56:54.483576+00:00,33HT7CnI79k,19484,286,46,45416,64900,1319,1605,89,135,False,False,False,False
2026-05-05T10:56:54.483576+00:00,NdU6UdUKaYc,206539,3749,621,656766,863305,17934,21683,2828,3449,False,False,False,False
2026-05-05T10:56:54.483576+00:00,k8j-6Xvw_G4,467978,20189,78,1102618,1570596,52352,72541,259,337,False,False,False,False
2026-05-05T10:56:54.483576+00:00,bRy54zQmixQ,5239,117,3,258440,263679,7951,8068,742,745,False,False,False,False
2026-05-05T10:56:54.483576+00:00,B9ocddyGfo8,623091,22392,118,906739,1529830,44876,67268,388,506,False,False,False,False
2026-05-05T10:56:54.483576+00:00,nnUFM61waQU,799,12,0,1315,2114,35,47,0,0,False,False,False,False
2026-05-05T10:56:54.483576+00:00,6dt3fd17_d0,103918,3033,254,37214,141132,3496,6529,388,642,False,False,False,False
2026-05-05T10:56:54.483576+00:00,_dxtH2u5aAk,7869,207,14,10058,17927,541,748,12,26,False,False,False,False
2026-05-05T10:56:54.483576+00:00,wmeUOPjA_qc,708643,14550,371,397052,1105695,18724,33274,672,1043,False,False,False,False
2026-05-05T10:56:54.483576+00:00,TG39Ow5fepA,276845,5833,93,393971,670816,11622,17455,231,324,False,False,False,False
2026-05-05T10:56:54.483576+00:00,fxb9BMISN54,644,51,0,940,1584,91,142,2,2,False,False,False,False
2026-05-05T10:56:54.483576+00:00,rn0fCmYeDaI,922,108,1,1424,2346,153,261,2,3,False,False,False,False
2026-05-05T10:56:54.483576+00:00,ZjnjH_SaHyo,120,6,0,220,340,13,19,0,0,False,False,False,False
2026-05-05T10:56:54.483576+00:00,gZ3EniqK8Qc,939,78,0,1759,2698,136,214,0,0,False,False,False,False
2026-05-05T10:56:54.483576+00:00,7jg0cSWJpCA,408,43,0,1543,1951,81,124,4,4,False,False,False,False
2026-05-05T10:56:54.483576+00:00,oCsFEpxTxlI,9584,823,156,13687,23271,2361,3184,605,761,False,False,False,False
2026-05-05T10:56:54.483576+00:00,FCaTFLdtsco,40683,1240,23,25458,66141,1451,2691,56,79,False,False,False,False
2026-05-05T10:56:54.483576+00:00,Z50QkVZcP1k,21746,1231,46,31471,53217,4161,5392,187,233,False,False,False,False
2026-05-05T10:56:54.483576+00:00,rbSEOholMxI,1537,82,23,2392,3929,279,361,80,103,False,False,False,False
2026-05-05T10:56:54.483576+00:00,OTt76d3wPiQ,56068,2565,102,55384,111452,5426,7991,196,298,False,False,False,False
2026-05-05T10:56:54.483576+00:00,em-cVkkWtZo,802,27,3,513,1315,66,93,4,7,False,False,False,False
2026-05-05T10:56:54.483576+00:00,BflRX7z7SHs,2419,165,26,3372,5791,415,580,45,71,False,False,False,False
2026-05-05T10:56:54.483576+00:00,gpfhjHmbmIE,57686,2649,103,102756,160442,11129,13778,654,757,False,False,False,False
2026-05-05T10:56:54.483576+00:00,BAORYfrrBzc,130332,5626,91,150849,281181,11196,16822,276,367,False,False,False,False
2026-05-05T10:56:54.483576+00:00,5EWqr_Y2uH0,127384,3088,203,179344,306728,7226,10314,644,847,False,False,False,False
2026-05-05T10:56:54.483576+00:00,KPjUKzX4bo8,693,14,0,555,1248,50,64,2,2,False,False,False,False
2026-05-05T10:56:54.483576+00:00,UcgjSqz0CZs,598,0,1,675,1273,27,27,1,2,False,False,False,False
2026-05-05T10:56:54.483576+00:00,L5HQ_jx0HX8,7190,222,9,4876,12066,235,457,5,14,False,False,False,False
2026-05-05T10:56:54.483576+00:00,l4wOStt70KU,207,12,1,73,280,13,25,0,1,False,False,False,False
2026-05-05T10:56:54.483576+00:00,JQ8OpyAeTxw,8289,303,14,2876,11165,230,533,5,19,False,False,False,False
2026-05-05T10:56:54.483576+00:00,Rpw1_eKZCEA,492,7,0,479,971,7,14,1,1,False,False,False,False
2026-05-05T10:56:54.483576+00:00,0idqiLonGYI,237528,7729,625,115562,353090,7352,15081,1208,1833,False,False,False,False
2026-05-05T10:56:54.483576+00:00,k3wiE1KtSW4,10252,616,38,8456,18708,1482,2098,122,160,False,False,False,False
2026-05-05T10:56:54.483576+00:00,ttdfIEKLVks,2625,95,3,911,3536,42,137,0,3,False,False,False,False
2026-05-05T10:56:54.483576+00:00,aqvgY-woRYk,4789,258,24,1101,5890,148,406,23,47,False,False,False,False
2026-05-05T10:56:54.483576+00:00,rHDw0XcyZ1I,19458,3098,74,2088,21546,450,3548,13,87,False,False,False,False
2026-05-05T10:56:54.483576+00:00,SzDnUAJkenI,,,,,3138,,290,,1,True,False,False,False
2026-05-05T10:56:54.483576+00:00,qx6ZbgO8vtU,,,,,3187,,148,,24,True,False,False,False
2026-05-05T10:56:54.483576+00:00,u5XWNSVJajg,,,,,8377,,181,,5,True,False,False,False
2026-05-05T10:56:54.483576+00:00,z2Y4_cDvEYc,,,,,22054,,668,,21,True,False,False,False
2026-05-05T10:56:54.483576+00:00,ve_y3EI_VeA,,,,,934,,82,,2,True,False,False,False
2026-05-05T10:56:54.483576+00:00,5-0m5LUhiCc,,,,,611,,77,,4,True,False,False,False
2026-05-05T10:56:54.483576+00:00,iP-y1c7euSI,,,,,2416,,80,,1,True,False,False,False
2026-05-05T10:56:54.483576+00:00,r2choiRm7k8,,,,,2888,,180,,4,True,False,False,False
2026-05-05T10:56:54.483576+00:00,F2VZtrSncAg,,,,,978,,88,,6,True,False,False,False
