content_format,target,model_family,feature,feature_group,importance_type,importance_value,importance_rank,direction,notes
shorts,future_log_views_delta_7d,random_forest_regressor,ai_semantic_score,semantic_scores,permutation_importance_mean,-1.545e-05,32,negative,primary
shorts,future_log_views_delta_7d,random_forest_regressor,ai_semantic_score,semantic_scores,permutation_importance_std,1.327e-05,32,negative,primary
shorts,future_log_views_delta_7d,random_forest_regressor,ai_semantic_score,semantic_scores,impurity_importance,0.00011614,32,negative,secondary
shorts,future_log_views_delta_7d,random_forest_regressor,alpha_score,engagement_context,permutation_importance_mean,8.866e-05,18,positive,primary
shorts,future_log_views_delta_7d,random_forest_regressor,alpha_score,engagement_context,permutation_importance_std,0.00021607,18,positive,primary
shorts,future_log_views_delta_7d,random_forest_regressor,alpha_score,engagement_context,impurity_importance,0.00115834,18,positive,secondary
shorts,future_log_views_delta_7d,random_forest_regressor,channel_momentum_score,channel_context,permutation_importance_mean,0.00069775,7,positive,primary
shorts,future_log_views_delta_7d,random_forest_regressor,channel_momentum_score,channel_context,permutation_importance_std,8.085e-05,7,positive,primary
shorts,future_log_views_delta_7d,random_forest_regressor,channel_momentum_score,channel_context,impurity_importance,0.00081887,7,positive,secondary
shorts,future_log_views_delta_7d,random_forest_regressor,channel_relative_success_score,channel_context,permutation_importance_mean,0.0045269,3,positive,primary
shorts,future_log_views_delta_7d,random_forest_regressor,channel_relative_success_score,channel_context,permutation_importance_std,0.0007356,3,positive,primary
shorts,future_log_views_delta_7d,random_forest_regressor,channel_relative_success_score,channel_context,impurity_importance,0.00284999,3,positive,secondary
shorts,future_log_views_delta_7d,random_forest_regressor,curiosity_semantic_score,semantic_scores,permutation_importance_mean,-0.00013564,15,positive,primary
shorts,future_log_views_delta_7d,random_forest_regressor,curiosity_semantic_score,semantic_scores,permutation_importance_std,1.394e-05,15,positive,primary
shorts,future_log_views_delta_7d,random_forest_regressor,curiosity_semantic_score,semantic_scores,impurity_importance,2.781e-05,15,positive,secondary
shorts,future_log_views_delta_7d,random_forest_regressor,decision_score,model_decision,permutation_importance_mean,0.00106007,5,negative,primary
shorts,future_log_views_delta_7d,random_forest_regressor,decision_score,model_decision,permutation_importance_std,0.00022023,5,negative,primary
shorts,future_log_views_delta_7d,random_forest_regressor,decision_score,model_decision,impurity_importance,0.00132349,5,negative,secondary
shorts,future_log_views_delta_7d,random_forest_regressor,description_length_chars,engagement_context,permutation_importance_mean,-0.00034662,10,negative,primary
shorts,future_log_views_delta_7d,random_forest_regressor,description_length_chars,engagement_context,permutation_importance_std,0.0001519,10,negative,primary
shorts,future_log_views_delta_7d,random_forest_regressor,description_length_chars,engagement_context,impurity_importance,0.00066558,10,negative,secondary
shorts,future_log_views_delta_7d,random_forest_regressor,description_word_count,engagement_context,permutation_importance_mean,0.00033588,11,negative,primary
shorts,future_log_views_delta_7d,random_forest_regressor,description_word_count,engagement_context,permutation_importance_std,4.551e-05,11,negative,primary
shorts,future_log_views_delta_7d,random_forest_regressor,description_word_count,engagement_context,impurity_importance,0.00030373,11,negative,secondary
shorts,future_log_views_delta_7d,random_forest_regressor,engagement_rate,engagement_context,permutation_importance_mean,0.00122183,4,negative,primary
shorts,future_log_views_delta_7d,random_forest_regressor,engagement_rate,engagement_context,permutation_importance_std,8.043e-05,4,negative,primary
shorts,future_log_views_delta_7d,random_forest_regressor,engagement_rate,engagement_context,impurity_importance,0.00117784,4,negative,secondary
shorts,future_log_views_delta_7d,random_forest_regressor,evergreen_score,engagement_context,permutation_importance_mean,8.545e-05,19,positive,primary
shorts,future_log_views_delta_7d,random_forest_regressor,evergreen_score,engagement_context,permutation_importance_std,5.89e-06,19,positive,primary
shorts,future_log_views_delta_7d,random_forest_regressor,evergreen_score,engagement_context,impurity_importance,0.0003427,19,positive,secondary
shorts,future_log_views_delta_7d,random_forest_regressor,finance_semantic_score,semantic_scores,permutation_importance_mean,1.38e-06,46,negative,primary
shorts,future_log_views_delta_7d,random_forest_regressor,finance_semantic_score,semantic_scores,permutation_importance_std,5.2e-06,46,negative,primary
shorts,future_log_views_delta_7d,random_forest_regressor,finance_semantic_score,semantic_scores,impurity_importance,1.843e-05,46,negative,secondary
shorts,future_log_views_delta_7d,random_forest_regressor,has_ai_word,engagement_context,permutation_importance_mean,1.003e-05,39,negative,primary
shorts,future_log_views_delta_7d,random_forest_regressor,has_ai_word,engagement_context,permutation_importance_std,8.1e-06,39,negative,primary
shorts,future_log_views_delta_7d,random_forest_regressor,has_ai_word,engagement_context,impurity_importance,3.66e-05,39,negative,secondary
shorts,future_log_views_delta_7d,random_forest_regressor,has_finance_word,engagement_context,permutation_importance_mean,1.25e-06,49,negative,primary
shorts,future_log_views_delta_7d,random_forest_regressor,has_finance_word,engagement_context,permutation_importance_std,1.91e-06,49,negative,primary
shorts,future_log_views_delta_7d,random_forest_regressor,has_finance_word,engagement_context,impurity_importance,8.52e-06,49,negative,secondary
shorts,future_log_views_delta_7d,random_forest_regressor,has_number,engagement_context,permutation_importance_mean,-5.122e-05,23,positive,primary
shorts,future_log_views_delta_7d,random_forest_regressor,has_number,engagement_context,permutation_importance_std,5.73e-06,23,positive,primary
shorts,future_log_views_delta_7d,random_forest_regressor,has_number,engagement_context,impurity_importance,5.709e-05,23,positive,secondary
shorts,future_log_views_delta_7d,random_forest_regressor,has_question,engagement_context,permutation_importance_mean,3.449e-05,29,positive,primary
shorts,future_log_views_delta_7d,random_forest_regressor,has_question,engagement_context,permutation_importance_std,1.369e-05,29,positive,primary
shorts,future_log_views_delta_7d,random_forest_regressor,has_question,engagement_context,impurity_importance,6.179e-05,29,positive,secondary
shorts,future_log_views_delta_7d,random_forest_regressor,hybrid_decision_score,model_decision,permutation_importance_mean,0.01203033,2,positive,primary
shorts,future_log_views_delta_7d,random_forest_regressor,hybrid_decision_score,model_decision,permutation_importance_std,0.00147699,2,positive,primary
shorts,future_log_views_delta_7d,random_forest_regressor,hybrid_decision_score,model_decision,impurity_importance,0.00637417,2,positive,secondary
shorts,future_log_views_delta_7d,random_forest_regressor,metadata_changed,metadata,permutation_importance_mean,0.0,53,positive,primary
shorts,future_log_views_delta_7d,random_forest_regressor,metadata_changed,metadata,permutation_importance_std,0.0,53,positive,primary
shorts,future_log_views_delta_7d,random_forest_regressor,metadata_changed,metadata,impurity_importance,0.0,53,positive,secondary
shorts,future_log_views_delta_7d,random_forest_regressor,metric_confidence_score,engagement_context,permutation_importance_mean,0.00105971,6,negative,primary
shorts,future_log_views_delta_7d,random_forest_regressor,metric_confidence_score,engagement_context,permutation_importance_std,7.064e-05,6,negative,primary
shorts,future_log_views_delta_7d,random_forest_regressor,metric_confidence_score,engagement_context,impurity_importance,0.0009478,6,negative,secondary
shorts,future_log_views_delta_7d,random_forest_regressor,news_semantic_score,semantic_scores,permutation_importance_mean,0.0,54,mixed,primary
shorts,future_log_views_delta_7d,random_forest_regressor,news_semantic_score,semantic_scores,permutation_importance_std,0.0,54,mixed,primary
shorts,future_log_views_delta_7d,random_forest_regressor,news_semantic_score,semantic_scores,impurity_importance,0.0,54,mixed,secondary
shorts,future_log_views_delta_7d,random_forest_regressor,opportunity_score,engagement_context,permutation_importance_mean,0.00063798,8,positive,primary
shorts,future_log_views_delta_7d,random_forest_regressor,opportunity_score,engagement_context,permutation_importance_std,0.00032298,8,positive,primary
shorts,future_log_views_delta_7d,random_forest_regressor,opportunity_score,engagement_context,impurity_importance,0.00160191,8,positive,secondary
shorts,future_log_views_delta_7d,random_forest_regressor,packaging_problem_score,engagement_context,permutation_importance_mean,0.00041652,9,negative,primary
shorts,future_log_views_delta_7d,random_forest_regressor,packaging_problem_score,engagement_context,permutation_importance_std,0.00037853,9,negative,primary
shorts,future_log_views_delta_7d,random_forest_regressor,packaging_problem_score,engagement_context,impurity_importance,0.00206011,9,negative,secondary
shorts,future_log_views_delta_7d,random_forest_regressor,productivity_semantic_score,semantic_scores,permutation_importance_mean,0.0,55,positive,primary
shorts,future_log_views_delta_7d,random_forest_regressor,productivity_semantic_score,semantic_scores,permutation_importance_std,0.0,55,positive,primary
shorts,future_log_views_delta_7d,random_forest_regressor,productivity_semantic_score,semantic_scores,impurity_importance,1.4e-05,55,positive,secondary
shorts,future_log_views_delta_7d,random_forest_regressor,promise_semantic_score,semantic_scores,permutation_importance_mean,6.7e-07,50,positive,primary
shorts,future_log_views_delta_7d,random_forest_regressor,promise_semantic_score,semantic_scores,permutation_importance_std,3.44e-06,50,positive,primary
shorts,future_log_views_delta_7d,random_forest_regressor,promise_semantic_score,semantic_scores,impurity_importance,2.16e-05,50,positive,secondary
shorts,future_log_views_delta_7d,random_forest_regressor,semantic_cluster_id,semantic_cluster,permutation_importance_mean,-2.96e-06,43,negative,primary
shorts,future_log_views_delta_7d,random_forest_regressor,semantic_cluster_id,semantic_cluster,permutation_importance_std,1.763e-05,43,negative,primary
shorts,future_log_views_delta_7d,random_forest_regressor,semantic_cluster_id,semantic_cluster,impurity_importance,0.0001271,43,negative,secondary
shorts,future_log_views_delta_7d,random_forest_regressor,title_has_currency,title_style,permutation_importance_mean,0.0,56,positive,primary
shorts,future_log_views_delta_7d,random_forest_regressor,title_has_currency,title_style,permutation_importance_std,0.0,56,positive,primary
shorts,future_log_views_delta_7d,random_forest_regressor,title_has_currency,title_style,impurity_importance,0.0,56,positive,secondary
shorts,future_log_views_delta_7d,random_forest_regressor,title_has_number,title_style,permutation_importance_mean,-4.25e-05,27,positive,primary
shorts,future_log_views_delta_7d,random_forest_regressor,title_has_number,title_style,permutation_importance_std,5.8e-06,27,positive,primary
shorts,future_log_views_delta_7d,random_forest_regressor,title_has_number,title_style,impurity_importance,7.27e-05,27,positive,secondary
shorts,future_log_views_delta_7d,random_forest_regressor,title_has_question,title_style,permutation_importance_mean,4.917e-05,24,positive,primary
shorts,future_log_views_delta_7d,random_forest_regressor,title_has_question,title_style,permutation_importance_std,2.039e-05,24,positive,primary
shorts,future_log_views_delta_7d,random_forest_regressor,title_has_question,title_style,impurity_importance,6.663e-05,24,positive,secondary
shorts,future_log_views_delta_7d,random_forest_regressor,title_has_year,title_style,permutation_importance_mean,1.3e-07,52,positive,primary
shorts,future_log_views_delta_7d,random_forest_regressor,title_has_year,title_style,permutation_importance_std,9e-08,52,positive,primary
shorts,future_log_views_delta_7d,random_forest_regressor,title_has_year,title_style,impurity_importance,2.4e-07,52,positive,secondary
shorts,future_log_views_delta_7d,random_forest_regressor,title_length_chars,title_style,permutation_importance_mean,-0.00027883,13,negative,primary
shorts,future_log_views_delta_7d,random_forest_regressor,title_length_chars,title_style,permutation_importance_std,8.583e-05,13,negative,primary
shorts,future_log_views_delta_7d,random_forest_regressor,title_length_chars,title_style,impurity_importance,0.00059857,13,negative,secondary
shorts,future_log_views_delta_7d,random_forest_regressor,title_word_count,title_style,permutation_importance_mean,0.00028062,12,negative,primary
shorts,future_log_views_delta_7d,random_forest_regressor,title_word_count,title_style,permutation_importance_std,3.308e-05,12,negative,primary
shorts,future_log_views_delta_7d,random_forest_regressor,title_word_count,title_style,impurity_importance,0.00032397,12,negative,secondary
shorts,future_log_views_delta_7d,random_forest_regressor,topic_confidence,topic_metrics,permutation_importance_mean,-8.251e-05,21,negative,primary
shorts,future_log_views_delta_7d,random_forest_regressor,topic_confidence,topic_metrics,permutation_importance_std,4.189e-05,21,negative,primary
shorts,future_log_views_delta_7d,random_forest_regressor,topic_confidence,topic_metrics,impurity_importance,0.00013319,21,negative,secondary
shorts,future_log_views_delta_7d,random_forest_regressor,topic_opportunity_score,topic_metrics,permutation_importance_mean,1.35e-06,47,positive,primary
shorts,future_log_views_delta_7d,random_forest_regressor,topic_opportunity_score,topic_metrics,permutation_importance_std,1.511e-05,47,positive,primary
shorts,future_log_views_delta_7d,random_forest_regressor,topic_opportunity_score,topic_metrics,impurity_importance,5.662e-05,47,positive,secondary
shorts,future_log_views_delta_7d,random_forest_regressor,topic_saturation_score,topic_metrics,permutation_importance_mean,-1.486e-05,34,positive,primary
shorts,future_log_views_delta_7d,random_forest_regressor,topic_saturation_score,topic_metrics,permutation_importance_std,2.04e-05,34,positive,primary
shorts,future_log_views_delta_7d,random_forest_regressor,topic_saturation_score,topic_metrics,impurity_importance,0.00014301,34,positive,secondary
shorts,future_log_views_delta_7d,random_forest_regressor,trend_burst_score,engagement_context,permutation_importance_mean,1.8e-07,51,positive,primary
shorts,future_log_views_delta_7d,random_forest_regressor,trend_burst_score,engagement_context,permutation_importance_std,2.6e-07,51,positive,primary
shorts,future_log_views_delta_7d,random_forest_regressor,trend_burst_score,engagement_context,impurity_importance,2.372e-05,51,positive,secondary
shorts,future_log_views_delta_7d,random_forest_regressor,tutorial_semantic_score,semantic_scores,permutation_importance_mean,1.079e-05,38,negative,primary
shorts,future_log_views_delta_7d,random_forest_regressor,tutorial_semantic_score,semantic_scores,permutation_importance_std,1.842e-05,38,negative,primary
shorts,future_log_views_delta_7d,random_forest_regressor,tutorial_semantic_score,semantic_scores,impurity_importance,6.632e-05,38,negative,secondary
shorts,future_log_views_delta_7d,random_forest_regressor,urgency_semantic_score,semantic_scores,permutation_importance_mean,1.302e-05,37,negative,primary
shorts,future_log_views_delta_7d,random_forest_regressor,urgency_semantic_score,semantic_scores,permutation_importance_std,4.215e-05,37,negative,primary
shorts,future_log_views_delta_7d,random_forest_regressor,urgency_semantic_score,semantic_scores,impurity_importance,8.945e-05,37,negative,secondary
shorts,future_log_views_delta_7d,random_forest_regressor,views_delta,engagement_context,permutation_importance_mean,1.60806504,1,positive,primary
shorts,future_log_views_delta_7d,random_forest_regressor,views_delta,engagement_context,permutation_importance_std,0.01878631,1,positive,primary
shorts,future_log_views_delta_7d,random_forest_regressor,views_delta,engagement_context,impurity_importance,0.97721123,1,positive,secondary
shorts,future_log_views_delta_7d,random_forest_regressor,warning_semantic_score,semantic_scores,permutation_importance_mean,-1.54e-05,33,negative,primary
shorts,future_log_views_delta_7d,random_forest_regressor,warning_semantic_score,semantic_scores,permutation_importance_std,4.43e-06,33,negative,primary
shorts,future_log_views_delta_7d,random_forest_regressor,warning_semantic_score,semantic_scores,impurity_importance,5.629e-05,33,negative,secondary
shorts,future_log_views_delta_7d,random_forest_regressor,hook_semantic_type__ai,title_style,permutation_importance_mean,-0.0001371,14,negative,primary
shorts,future_log_views_delta_7d,random_forest_regressor,hook_semantic_type__ai,title_style,permutation_importance_std,2.336e-05,14,negative,primary
shorts,future_log_views_delta_7d,random_forest_regressor,hook_semantic_type__ai,title_style,impurity_importance,8.139e-05,14,negative,secondary
shorts,future_log_views_delta_7d,random_forest_regressor,hook_semantic_type__curiosity,title_style,permutation_importance_mean,-0.00010333,16,positive,primary
shorts,future_log_views_delta_7d,random_forest_regressor,hook_semantic_type__curiosity,title_style,permutation_importance_std,9.8e-06,16,positive,primary
shorts,future_log_views_delta_7d,random_forest_regressor,hook_semantic_type__curiosity,title_style,impurity_importance,2.897e-05,16,positive,secondary
shorts,future_log_views_delta_7d,random_forest_regressor,hook_semantic_type__finance,title_style,permutation_importance_mean,-1.29e-06,48,mixed,primary
shorts,future_log_views_delta_7d,random_forest_regressor,hook_semantic_type__finance,title_style,permutation_importance_std,1.68e-06,48,mixed,primary
shorts,future_log_views_delta_7d,random_forest_regressor,hook_semantic_type__finance,title_style,impurity_importance,1.073e-05,48,mixed,secondary
shorts,future_log_views_delta_7d,random_forest_regressor,hook_semantic_type__news,title_style,permutation_importance_mean,0.0,57,mixed,primary
shorts,future_log_views_delta_7d,random_forest_regressor,hook_semantic_type__news,title_style,permutation_importance_std,0.0,57,mixed,primary
shorts,future_log_views_delta_7d,random_forest_regressor,hook_semantic_type__news,title_style,impurity_importance,0.0,57,mixed,secondary
shorts,future_log_views_delta_7d,random_forest_regressor,hook_semantic_type__promise,title_style,permutation_importance_mean,1.72e-06,45,positive,primary
shorts,future_log_views_delta_7d,random_forest_regressor,hook_semantic_type__promise,title_style,permutation_importance_std,4.08e-06,45,positive,primary
shorts,future_log_views_delta_7d,random_forest_regressor,hook_semantic_type__promise,title_style,impurity_importance,1.426e-05,45,positive,secondary
shorts,future_log_views_delta_7d,random_forest_regressor,hook_semantic_type__tutorial,title_style,permutation_importance_mean,1.95e-06,44,negative,primary
shorts,future_log_views_delta_7d,random_forest_regressor,hook_semantic_type__tutorial,title_style,permutation_importance_std,2.647e-05,44,negative,primary
shorts,future_log_views_delta_7d,random_forest_regressor,hook_semantic_type__tutorial,title_style,impurity_importance,7.277e-05,44,negative,secondary
shorts,future_log_views_delta_7d,random_forest_regressor,hook_semantic_type__unknown,title_style,permutation_importance_mean,5.56e-06,42,positive,primary
shorts,future_log_views_delta_7d,random_forest_regressor,hook_semantic_type__unknown,title_style,permutation_importance_std,2.384e-05,42,positive,primary
shorts,future_log_views_delta_7d,random_forest_regressor,hook_semantic_type__unknown,title_style,impurity_importance,0.00012199,42,positive,secondary
shorts,future_log_views_delta_7d,random_forest_regressor,hook_semantic_type__warning,title_style,permutation_importance_mean,-2.126e-05,31,negative,primary
shorts,future_log_views_delta_7d,random_forest_regressor,hook_semantic_type__warning,title_style,permutation_importance_std,1.526e-05,31,negative,primary
shorts,future_log_views_delta_7d,random_forest_regressor,hook_semantic_type__warning,title_style,impurity_importance,7.209e-05,31,negative,secondary
shorts,future_log_views_delta_7d,random_forest_regressor,semantic_cluster_label__de_de_mayo_mayo,semantic_cluster,permutation_importance_mean,0.0,58,positive,primary
shorts,future_log_views_delta_7d,random_forest_regressor,semantic_cluster_label__de_de_mayo_mayo,semantic_cluster,permutation_importance_std,0.0,58,positive,primary
shorts,future_log_views_delta_7d,random_forest_regressor,semantic_cluster_label__de_de_mayo_mayo,semantic_cluster,impurity_importance,2e-08,58,positive,secondary
shorts,future_log_views_delta_7d,random_forest_regressor,semantic_cluster_label__de_en_el,semantic_cluster,permutation_importance_mean,4.878e-05,25,negative,primary
shorts,future_log_views_delta_7d,random_forest_regressor,semantic_cluster_label__de_en_el,semantic_cluster,permutation_importance_std,5.507e-05,25,negative,primary
shorts,future_log_views_delta_7d,random_forest_regressor,semantic_cluster_label__de_en_el,semantic_cluster,impurity_importance,0.00014933,25,negative,secondary
shorts,future_log_views_delta_7d,random_forest_regressor,semantic_cluster_label__in_the_xi,semantic_cluster,permutation_importance_mean,3.649e-05,28,positive,primary
shorts,future_log_views_delta_7d,random_forest_regressor,semantic_cluster_label__in_the_xi,semantic_cluster,permutation_importance_std,1.243e-05,28,positive,primary
shorts,future_log_views_delta_7d,random_forest_regressor,semantic_cluster_label__in_the_xi,semantic_cluster,impurity_importance,6.025e-05,28,positive,secondary
shorts,future_log_views_delta_7d,random_forest_regressor,semantic_cluster_label__la_de_de_la,semantic_cluster,permutation_importance_mean,-4.779e-05,26,negative,primary
shorts,future_log_views_delta_7d,random_forest_regressor,semantic_cluster_label__la_de_de_la,semantic_cluster,permutation_importance_std,1.119e-05,26,negative,primary
shorts,future_log_views_delta_7d,random_forest_regressor,semantic_cluster_label__la_de_de_la,semantic_cluster,impurity_importance,5.378e-05,26,negative,secondary
shorts,future_log_views_delta_7d,random_forest_regressor,semantic_cluster_label__the_of_is,semantic_cluster,permutation_importance_mean,-3.077e-05,30,positive,primary
shorts,future_log_views_delta_7d,random_forest_regressor,semantic_cluster_label__the_of_is,semantic_cluster,permutation_importance_std,2.226e-05,30,positive,primary
shorts,future_log_views_delta_7d,random_forest_regressor,semantic_cluster_label__the_of_is,semantic_cluster,impurity_importance,5.028e-05,30,positive,secondary
shorts,future_log_views_delta_7d,random_forest_regressor,semantic_cluster_label__to_iran_trump,semantic_cluster,permutation_importance_mean,6.22e-06,41,positive,primary
shorts,future_log_views_delta_7d,random_forest_regressor,semantic_cluster_label__to_iran_trump,semantic_cluster,permutation_importance_std,2.21e-06,41,positive,primary
shorts,future_log_views_delta_7d,random_forest_regressor,semantic_cluster_label__to_iran_trump,semantic_cluster,impurity_importance,1.061e-05,41,positive,secondary
shorts,future_log_views_delta_7d,random_forest_regressor,topic_primary__ai_tools,topic_metrics,permutation_importance_mean,-8.352e-05,20,negative,primary
shorts,future_log_views_delta_7d,random_forest_regressor,topic_primary__ai_tools,topic_metrics,permutation_importance_std,2.921e-05,20,negative,primary
shorts,future_log_views_delta_7d,random_forest_regressor,topic_primary__ai_tools,topic_metrics,impurity_importance,8.85e-05,20,negative,secondary
shorts,future_log_views_delta_7d,random_forest_regressor,topic_primary__finance_personal,topic_metrics,permutation_importance_mean,-8.39e-06,40,negative,primary
shorts,future_log_views_delta_7d,random_forest_regressor,topic_primary__finance_personal,topic_metrics,permutation_importance_std,2.1e-06,40,negative,primary
shorts,future_log_views_delta_7d,random_forest_regressor,topic_primary__finance_personal,topic_metrics,impurity_importance,9.98e-06,40,negative,secondary
shorts,future_log_views_delta_7d,random_forest_regressor,topic_primary__news_trends,topic_metrics,permutation_importance_mean,0.0,59,positive,primary
shorts,future_log_views_delta_7d,random_forest_regressor,topic_primary__news_trends,topic_metrics,permutation_importance_std,0.0,59,positive,primary
shorts,future_log_views_delta_7d,random_forest_regressor,topic_primary__news_trends,topic_metrics,impurity_importance,0.0,59,positive,secondary
shorts,future_log_views_delta_7d,random_forest_regressor,topic_primary__productivity,topic_metrics,permutation_importance_mean,0.0,60,positive,primary
shorts,future_log_views_delta_7d,random_forest_regressor,topic_primary__productivity,topic_metrics,permutation_importance_std,0.0,60,positive,primary
shorts,future_log_views_delta_7d,random_forest_regressor,topic_primary__productivity,topic_metrics,impurity_importance,1.485e-05,60,positive,secondary
shorts,future_log_views_delta_7d,random_forest_regressor,topic_primary__tutorial,topic_metrics,permutation_importance_mean,1.333e-05,36,negative,primary
shorts,future_log_views_delta_7d,random_forest_regressor,topic_primary__tutorial,topic_metrics,permutation_importance_std,4.279e-05,36,negative,primary
shorts,future_log_views_delta_7d,random_forest_regressor,topic_primary__tutorial,topic_metrics,impurity_importance,0.00010531,36,negative,secondary
shorts,future_log_views_delta_7d,random_forest_regressor,topic_primary__unknown,topic_metrics,permutation_importance_mean,-6.402e-05,22,positive,primary
shorts,future_log_views_delta_7d,random_forest_regressor,topic_primary__unknown,topic_metrics,permutation_importance_std,9.61e-06,22,positive,primary
shorts,future_log_views_delta_7d,random_forest_regressor,topic_primary__unknown,topic_metrics,impurity_importance,3.912e-05,22,positive,secondary
shorts,future_log_views_delta_7d,random_forest_regressor,topic_secondary__ai_tools,topic_metrics,permutation_importance_mean,1.417e-05,35,negative,primary
shorts,future_log_views_delta_7d,random_forest_regressor,topic_secondary__ai_tools,topic_metrics,permutation_importance_std,4.95e-06,35,negative,primary
shorts,future_log_views_delta_7d,random_forest_regressor,topic_secondary__ai_tools,topic_metrics,impurity_importance,1.434e-05,35,negative,secondary
shorts,future_log_views_delta_7d,random_forest_regressor,topic_secondary__finance_personal,topic_metrics,permutation_importance_mean,0.0,61,positive,primary
shorts,future_log_views_delta_7d,random_forest_regressor,topic_secondary__finance_personal,topic_metrics,permutation_importance_std,0.0,61,positive,primary
shorts,future_log_views_delta_7d,random_forest_regressor,topic_secondary__finance_personal,topic_metrics,impurity_importance,3e-08,61,positive,secondary
shorts,future_log_views_delta_7d,random_forest_regressor,topic_secondary__news_trends,topic_metrics,permutation_importance_mean,0.0,62,mixed,primary
shorts,future_log_views_delta_7d,random_forest_regressor,topic_secondary__news_trends,topic_metrics,permutation_importance_std,0.0,62,mixed,primary
shorts,future_log_views_delta_7d,random_forest_regressor,topic_secondary__news_trends,topic_metrics,impurity_importance,0.0,62,mixed,secondary
shorts,future_log_views_delta_7d,random_forest_regressor,topic_secondary__productivity,topic_metrics,permutation_importance_mean,0.0,63,positive,primary
shorts,future_log_views_delta_7d,random_forest_regressor,topic_secondary__productivity,topic_metrics,permutation_importance_std,0.0,63,positive,primary
shorts,future_log_views_delta_7d,random_forest_regressor,topic_secondary__productivity,topic_metrics,impurity_importance,0.0,63,positive,secondary
shorts,future_log_views_delta_7d,random_forest_regressor,topic_secondary__tutorial,topic_metrics,permutation_importance_mean,0.0,64,positive,primary
shorts,future_log_views_delta_7d,random_forest_regressor,topic_secondary__tutorial,topic_metrics,permutation_importance_std,0.0,64,positive,primary
shorts,future_log_views_delta_7d,random_forest_regressor,topic_secondary__tutorial,topic_metrics,impurity_importance,0.0,64,positive,secondary
shorts,future_log_views_delta_7d,random_forest_regressor,topic_secondary__unknown,topic_metrics,permutation_importance_mean,8.912e-05,17,positive,primary
shorts,future_log_views_delta_7d,random_forest_regressor,topic_secondary__unknown,topic_metrics,permutation_importance_std,1.509e-05,17,positive,primary
shorts,future_log_views_delta_7d,random_forest_regressor,topic_secondary__unknown,topic_metrics,impurity_importance,4.585e-05,17,positive,secondary
shorts,future_log_views_delta_7d,linear_regularized_regressor,ai_semantic_score,semantic_scores,standardized_coefficient,0.05013035,32,positive,primary
shorts,future_log_views_delta_7d,linear_regularized_regressor,alpha_score,engagement_context,standardized_coefficient,2.4003928,1,positive,primary
shorts,future_log_views_delta_7d,linear_regularized_regressor,channel_momentum_score,channel_context,standardized_coefficient,-0.25578283,6,negative,primary
shorts,future_log_views_delta_7d,linear_regularized_regressor,channel_relative_success_score,channel_context,standardized_coefficient,-0.57059724,3,negative,primary
shorts,future_log_views_delta_7d,linear_regularized_regressor,curiosity_semantic_score,semantic_scores,standardized_coefficient,0.01933872,47,positive,primary
shorts,future_log_views_delta_7d,linear_regularized_regressor,decision_score,model_decision,standardized_coefficient,-0.54210073,4,negative,primary
shorts,future_log_views_delta_7d,linear_regularized_regressor,description_length_chars,engagement_context,standardized_coefficient,-0.05607602,28,negative,primary
shorts,future_log_views_delta_7d,linear_regularized_regressor,description_word_count,engagement_context,standardized_coefficient,0.04053984,40,positive,primary
shorts,future_log_views_delta_7d,linear_regularized_regressor,engagement_rate,engagement_context,standardized_coefficient,-0.15946587,10,negative,primary
shorts,future_log_views_delta_7d,linear_regularized_regressor,evergreen_score,engagement_context,standardized_coefficient,-0.08910834,18,negative,primary
shorts,future_log_views_delta_7d,linear_regularized_regressor,finance_semantic_score,semantic_scores,standardized_coefficient,-0.18671752,9,negative,primary
shorts,future_log_views_delta_7d,linear_regularized_regressor,has_ai_word,engagement_context,standardized_coefficient,-0.05111027,31,negative,primary
shorts,future_log_views_delta_7d,linear_regularized_regressor,has_finance_word,engagement_context,standardized_coefficient,0.06899707,23,positive,primary
shorts,future_log_views_delta_7d,linear_regularized_regressor,has_number,engagement_context,standardized_coefficient,-0.01596,48,negative,primary
shorts,future_log_views_delta_7d,linear_regularized_regressor,has_question,engagement_context,standardized_coefficient,0.0030766,56,positive,primary
shorts,future_log_views_delta_7d,linear_regularized_regressor,hybrid_decision_score,model_decision,standardized_coefficient,0.52260853,5,positive,primary
shorts,future_log_views_delta_7d,linear_regularized_regressor,metadata_changed,metadata,standardized_coefficient,0.0028963,57,positive,primary
shorts,future_log_views_delta_7d,linear_regularized_regressor,metric_confidence_score,engagement_context,standardized_coefficient,-0.07646238,21,negative,primary
shorts,future_log_views_delta_7d,linear_regularized_regressor,news_semantic_score,semantic_scores,standardized_coefficient,-0.00183613,60,negative,primary
shorts,future_log_views_delta_7d,linear_regularized_regressor,opportunity_score,engagement_context,standardized_coefficient,-0.19263172,7,negative,primary
shorts,future_log_views_delta_7d,linear_regularized_regressor,packaging_problem_score,engagement_context,standardized_coefficient,-0.59138563,2,negative,primary
shorts,future_log_views_delta_7d,linear_regularized_regressor,productivity_semantic_score,semantic_scores,standardized_coefficient,0.01585221,50,positive,primary
shorts,future_log_views_delta_7d,linear_regularized_regressor,promise_semantic_score,semantic_scores,standardized_coefficient,0.1398902,14,positive,primary
shorts,future_log_views_delta_7d,linear_regularized_regressor,semantic_cluster_id,semantic_cluster,standardized_coefficient,-0.0215383,44,negative,primary
shorts,future_log_views_delta_7d,linear_regularized_regressor,title_has_currency,title_style,standardized_coefficient,0.0,62,mixed,primary
shorts,future_log_views_delta_7d,linear_regularized_regressor,title_has_number,title_style,standardized_coefficient,-0.01596,49,negative,primary
shorts,future_log_views_delta_7d,linear_regularized_regressor,title_has_question,title_style,standardized_coefficient,0.0030766,55,positive,primary
shorts,future_log_views_delta_7d,linear_regularized_regressor,title_has_year,title_style,standardized_coefficient,0.00147011,61,positive,primary
shorts,future_log_views_delta_7d,linear_regularized_regressor,title_length_chars,title_style,standardized_coefficient,-0.05607602,29,negative,primary
shorts,future_log_views_delta_7d,linear_regularized_regressor,title_word_count,title_style,standardized_coefficient,0.04053984,39,positive,primary
shorts,future_log_views_delta_7d,linear_regularized_regressor,topic_confidence,topic_metrics,standardized_coefficient,0.1332529,15,positive,primary
shorts,future_log_views_delta_7d,linear_regularized_regressor,topic_opportunity_score,topic_metrics,standardized_coefficient,0.06011253,26,positive,primary
shorts,future_log_views_delta_7d,linear_regularized_regressor,topic_saturation_score,topic_metrics,standardized_coefficient,0.04947768,33,positive,primary
shorts,future_log_views_delta_7d,linear_regularized_regressor,trend_burst_score,engagement_context,standardized_coefficient,-0.15131885,12,negative,primary
shorts,future_log_views_delta_7d,linear_regularized_regressor,tutorial_semantic_score,semantic_scores,standardized_coefficient,-0.01282969,51,negative,primary
shorts,future_log_views_delta_7d,linear_regularized_regressor,urgency_semantic_score,semantic_scores,standardized_coefficient,0.04804964,34,positive,primary
shorts,future_log_views_delta_7d,linear_regularized_regressor,views_delta,engagement_context,standardized_coefficient,0.15720433,11,positive,primary
shorts,future_log_views_delta_7d,linear_regularized_regressor,warning_semantic_score,semantic_scores,standardized_coefficient,-0.14437269,13,negative,primary
shorts,future_log_views_delta_7d,linear_regularized_regressor,hook_semantic_type__ai,title_style,standardized_coefficient,0.01989594,45,positive,primary
shorts,future_log_views_delta_7d,linear_regularized_regressor,hook_semantic_type__curiosity,title_style,standardized_coefficient,0.01933872,46,positive,primary
shorts,future_log_views_delta_7d,linear_regularized_regressor,hook_semantic_type__finance,title_style,standardized_coefficient,0.18865344,8,positive,primary
shorts,future_log_views_delta_7d,linear_regularized_regressor,hook_semantic_type__news,title_style,standardized_coefficient,-0.00183613,59,negative,primary
shorts,future_log_views_delta_7d,linear_regularized_regressor,hook_semantic_type__promise,title_style,standardized_coefficient,-0.12908616,17,negative,primary
shorts,future_log_views_delta_7d,linear_regularized_regressor,hook_semantic_type__tutorial,title_style,standardized_coefficient,-0.01282969,52,negative,primary
shorts,future_log_views_delta_7d,linear_regularized_regressor,hook_semantic_type__unknown,title_style,standardized_coefficient,-0.08163803,19,negative,primary
shorts,future_log_views_delta_7d,linear_regularized_regressor,hook_semantic_type__warning,title_style,standardized_coefficient,0.12983258,16,positive,primary
shorts,future_log_views_delta_7d,linear_regularized_regressor,semantic_cluster_label__de_de_mayo_mayo,semantic_cluster,standardized_coefficient,-0.04100694,38,negative,primary
shorts,future_log_views_delta_7d,linear_regularized_regressor,semantic_cluster_label__de_en_el,semantic_cluster,standardized_coefficient,-0.05247958,30,negative,primary
shorts,future_log_views_delta_7d,linear_regularized_regressor,semantic_cluster_label__in_the_xi,semantic_cluster,standardized_coefficient,0.06289292,25,positive,primary
shorts,future_log_views_delta_7d,linear_regularized_regressor,semantic_cluster_label__la_de_de_la,semantic_cluster,standardized_coefficient,-0.0585117,27,negative,primary
shorts,future_log_views_delta_7d,linear_regularized_regressor,semantic_cluster_label__the_of_is,semantic_cluster,standardized_coefficient,0.0479299,35,positive,primary
shorts,future_log_views_delta_7d,linear_regularized_regressor,semantic_cluster_label__to_iran_trump,semantic_cluster,standardized_coefficient,0.07092745,22,positive,primary
shorts,future_log_views_delta_7d,linear_regularized_regressor,topic_primary__ai_tools,topic_metrics,standardized_coefficient,-0.06633427,24,negative,primary
shorts,future_log_views_delta_7d,linear_regularized_regressor,topic_primary__finance_personal,topic_metrics,standardized_coefficient,-0.03891806,42,negative,primary
shorts,future_log_views_delta_7d,linear_regularized_regressor,topic_primary__news_trends,topic_metrics,standardized_coefficient,-0.00183613,58,negative,primary
shorts,future_log_views_delta_7d,linear_regularized_regressor,topic_primary__productivity,topic_metrics,standardized_coefficient,-0.00575438,54,negative,primary
shorts,future_log_views_delta_7d,linear_regularized_regressor,topic_primary__tutorial,topic_metrics,standardized_coefficient,-0.01282969,53,negative,primary
shorts,future_log_views_delta_7d,linear_regularized_regressor,topic_primary__unknown,topic_metrics,standardized_coefficient,0.07903223,20,positive,primary
shorts,future_log_views_delta_7d,linear_regularized_regressor,topic_secondary__ai_tools,topic_metrics,standardized_coefficient,0.0294192,43,positive,primary
shorts,future_log_views_delta_7d,linear_regularized_regressor,topic_secondary__finance_personal,topic_metrics,standardized_coefficient,0.03960638,41,positive,primary
shorts,future_log_views_delta_7d,linear_regularized_regressor,topic_secondary__news_trends,topic_metrics,standardized_coefficient,0.0,63,mixed,primary
shorts,future_log_views_delta_7d,linear_regularized_regressor,topic_secondary__productivity,topic_metrics,standardized_coefficient,0.0424616,37,positive,primary
shorts,future_log_views_delta_7d,linear_regularized_regressor,topic_secondary__tutorial,topic_metrics,standardized_coefficient,0.0,64,mixed,primary
shorts,future_log_views_delta_7d,linear_regularized_regressor,topic_secondary__unknown,topic_metrics,standardized_coefficient,-0.04469883,36,negative,primary
shorts,future_log_views_delta_7d,shallow_tree_regressor,ai_semantic_score,semantic_scores,feature_importance,0.0,3,negative,primary
shorts,future_log_views_delta_7d,shallow_tree_regressor,alpha_score,engagement_context,feature_importance,0.0,4,positive,primary
shorts,future_log_views_delta_7d,shallow_tree_regressor,channel_momentum_score,channel_context,feature_importance,0.0,5,positive,primary
shorts,future_log_views_delta_7d,shallow_tree_regressor,channel_relative_success_score,channel_context,feature_importance,0.0,6,positive,primary
shorts,future_log_views_delta_7d,shallow_tree_regressor,curiosity_semantic_score,semantic_scores,feature_importance,0.0,7,positive,primary
shorts,future_log_views_delta_7d,shallow_tree_regressor,decision_score,model_decision,feature_importance,0.0,8,negative,primary
shorts,future_log_views_delta_7d,shallow_tree_regressor,description_length_chars,engagement_context,feature_importance,0.0,9,negative,primary
shorts,future_log_views_delta_7d,shallow_tree_regressor,description_word_count,engagement_context,feature_importance,0.0,10,negative,primary
shorts,future_log_views_delta_7d,shallow_tree_regressor,engagement_rate,engagement_context,feature_importance,0.0,11,negative,primary
shorts,future_log_views_delta_7d,shallow_tree_regressor,evergreen_score,engagement_context,feature_importance,0.0,12,positive,primary
shorts,future_log_views_delta_7d,shallow_tree_regressor,finance_semantic_score,semantic_scores,feature_importance,0.0,13,negative,primary
shorts,future_log_views_delta_7d,shallow_tree_regressor,has_ai_word,engagement_context,feature_importance,0.0,14,negative,primary
shorts,future_log_views_delta_7d,shallow_tree_regressor,has_finance_word,engagement_context,feature_importance,0.0,15,negative,primary
shorts,future_log_views_delta_7d,shallow_tree_regressor,has_number,engagement_context,feature_importance,0.0,16,positive,primary
shorts,future_log_views_delta_7d,shallow_tree_regressor,has_question,engagement_context,feature_importance,0.0,17,positive,primary
shorts,future_log_views_delta_7d,shallow_tree_regressor,hybrid_decision_score,model_decision,feature_importance,0.0015788,2,positive,primary
shorts,future_log_views_delta_7d,shallow_tree_regressor,metadata_changed,metadata,feature_importance,0.0,18,positive,primary
shorts,future_log_views_delta_7d,shallow_tree_regressor,metric_confidence_score,engagement_context,feature_importance,0.0,19,negative,primary
shorts,future_log_views_delta_7d,shallow_tree_regressor,news_semantic_score,semantic_scores,feature_importance,0.0,20,negative,primary
shorts,future_log_views_delta_7d,shallow_tree_regressor,opportunity_score,engagement_context,feature_importance,0.0,21,positive,primary
shorts,future_log_views_delta_7d,shallow_tree_regressor,packaging_problem_score,engagement_context,feature_importance,0.0,22,negative,primary
shorts,future_log_views_delta_7d,shallow_tree_regressor,productivity_semantic_score,semantic_scores,feature_importance,0.0,23,positive,primary
shorts,future_log_views_delta_7d,shallow_tree_regressor,promise_semantic_score,semantic_scores,feature_importance,0.0,24,positive,primary
shorts,future_log_views_delta_7d,shallow_tree_regressor,semantic_cluster_id,semantic_cluster,feature_importance,0.0,25,negative,primary
shorts,future_log_views_delta_7d,shallow_tree_regressor,title_has_currency,title_style,feature_importance,0.0,26,positive,primary
shorts,future_log_views_delta_7d,shallow_tree_regressor,title_has_number,title_style,feature_importance,0.0,27,positive,primary
shorts,future_log_views_delta_7d,shallow_tree_regressor,title_has_question,title_style,feature_importance,0.0,28,positive,primary
shorts,future_log_views_delta_7d,shallow_tree_regressor,title_has_year,title_style,feature_importance,0.0,29,positive,primary
shorts,future_log_views_delta_7d,shallow_tree_regressor,title_length_chars,title_style,feature_importance,0.0,30,negative,primary
shorts,future_log_views_delta_7d,shallow_tree_regressor,title_word_count,title_style,feature_importance,0.0,31,negative,primary
shorts,future_log_views_delta_7d,shallow_tree_regressor,topic_confidence,topic_metrics,feature_importance,0.0,32,negative,primary
shorts,future_log_views_delta_7d,shallow_tree_regressor,topic_opportunity_score,topic_metrics,feature_importance,0.0,33,positive,primary
shorts,future_log_views_delta_7d,shallow_tree_regressor,topic_saturation_score,topic_metrics,feature_importance,0.0,34,positive,primary
shorts,future_log_views_delta_7d,shallow_tree_regressor,trend_burst_score,engagement_context,feature_importance,0.0,35,positive,primary
shorts,future_log_views_delta_7d,shallow_tree_regressor,tutorial_semantic_score,semantic_scores,feature_importance,0.0,36,negative,primary
shorts,future_log_views_delta_7d,shallow_tree_regressor,urgency_semantic_score,semantic_scores,feature_importance,0.0,37,negative,primary
shorts,future_log_views_delta_7d,shallow_tree_regressor,views_delta,engagement_context,feature_importance,0.9984212,1,positive,primary
shorts,future_log_views_delta_7d,shallow_tree_regressor,warning_semantic_score,semantic_scores,feature_importance,0.0,38,negative,primary
shorts,future_log_views_delta_7d,shallow_tree_regressor,hook_semantic_type__ai,title_style,feature_importance,0.0,39,negative,primary
shorts,future_log_views_delta_7d,shallow_tree_regressor,hook_semantic_type__curiosity,title_style,feature_importance,0.0,40,positive,primary
shorts,future_log_views_delta_7d,shallow_tree_regressor,hook_semantic_type__finance,title_style,feature_importance,0.0,41,mixed,primary
shorts,future_log_views_delta_7d,shallow_tree_regressor,hook_semantic_type__news,title_style,feature_importance,0.0,42,negative,primary
shorts,future_log_views_delta_7d,shallow_tree_regressor,hook_semantic_type__promise,title_style,feature_importance,0.0,43,positive,primary
shorts,future_log_views_delta_7d,shallow_tree_regressor,hook_semantic_type__tutorial,title_style,feature_importance,0.0,44,negative,primary
shorts,future_log_views_delta_7d,shallow_tree_regressor,hook_semantic_type__unknown,title_style,feature_importance,0.0,45,positive,primary
shorts,future_log_views_delta_7d,shallow_tree_regressor,hook_semantic_type__warning,title_style,feature_importance,0.0,46,negative,primary
shorts,future_log_views_delta_7d,shallow_tree_regressor,semantic_cluster_label__de_de_mayo_mayo,semantic_cluster,feature_importance,0.0,47,positive,primary
shorts,future_log_views_delta_7d,shallow_tree_regressor,semantic_cluster_label__de_en_el,semantic_cluster,feature_importance,0.0,48,negative,primary
shorts,future_log_views_delta_7d,shallow_tree_regressor,semantic_cluster_label__in_the_xi,semantic_cluster,feature_importance,0.0,49,positive,primary
shorts,future_log_views_delta_7d,shallow_tree_regressor,semantic_cluster_label__la_de_de_la,semantic_cluster,feature_importance,0.0,50,negative,primary
shorts,future_log_views_delta_7d,shallow_tree_regressor,semantic_cluster_label__the_of_is,semantic_cluster,feature_importance,0.0,51,positive,primary
shorts,future_log_views_delta_7d,shallow_tree_regressor,semantic_cluster_label__to_iran_trump,semantic_cluster,feature_importance,0.0,52,positive,primary
shorts,future_log_views_delta_7d,shallow_tree_regressor,topic_primary__ai_tools,topic_metrics,feature_importance,0.0,53,negative,primary
shorts,future_log_views_delta_7d,shallow_tree_regressor,topic_primary__finance_personal,topic_metrics,feature_importance,0.0,54,negative,primary
shorts,future_log_views_delta_7d,shallow_tree_regressor,topic_primary__news_trends,topic_metrics,feature_importance,0.0,55,positive,primary
shorts,future_log_views_delta_7d,shallow_tree_regressor,topic_primary__productivity,topic_metrics,feature_importance,0.0,56,positive,primary
shorts,future_log_views_delta_7d,shallow_tree_regressor,topic_primary__tutorial,topic_metrics,feature_importance,0.0,57,negative,primary
shorts,future_log_views_delta_7d,shallow_tree_regressor,topic_primary__unknown,topic_metrics,feature_importance,0.0,58,positive,primary
shorts,future_log_views_delta_7d,shallow_tree_regressor,topic_secondary__ai_tools,topic_metrics,feature_importance,0.0,59,negative,primary
shorts,future_log_views_delta_7d,shallow_tree_regressor,topic_secondary__finance_personal,topic_metrics,feature_importance,0.0,60,positive,primary
shorts,future_log_views_delta_7d,shallow_tree_regressor,topic_secondary__news_trends,topic_metrics,feature_importance,0.0,61,negative,primary
shorts,future_log_views_delta_7d,shallow_tree_regressor,topic_secondary__productivity,topic_metrics,feature_importance,0.0,62,positive,primary
shorts,future_log_views_delta_7d,shallow_tree_regressor,topic_secondary__tutorial,topic_metrics,feature_importance,0.0,63,positive,primary
shorts,future_log_views_delta_7d,shallow_tree_regressor,topic_secondary__unknown,topic_metrics,feature_importance,0.0,64,positive,primary
shorts,future_relative_views_delta_7d,random_forest_regressor,ai_semantic_score,semantic_scores,permutation_importance_mean,-0.00270585,10,negative,primary
shorts,future_relative_views_delta_7d,random_forest_regressor,ai_semantic_score,semantic_scores,permutation_importance_std,0.00658445,10,negative,primary
shorts,future_relative_views_delta_7d,random_forest_regressor,ai_semantic_score,semantic_scores,impurity_importance,0.00501758,10,negative,secondary
shorts,future_relative_views_delta_7d,random_forest_regressor,alpha_score,engagement_context,permutation_importance_mean,-0.00091261,15,positive,primary
shorts,future_relative_views_delta_7d,random_forest_regressor,alpha_score,engagement_context,permutation_importance_std,0.0003623,15,positive,primary
shorts,future_relative_views_delta_7d,random_forest_regressor,alpha_score,engagement_context,impurity_importance,0.16553066,15,positive,secondary
shorts,future_relative_views_delta_7d,random_forest_regressor,channel_momentum_score,channel_context,permutation_importance_mean,0.00159515,12,negative,primary
shorts,future_relative_views_delta_7d,random_forest_regressor,channel_momentum_score,channel_context,permutation_importance_std,0.00026974,12,negative,primary
shorts,future_relative_views_delta_7d,random_forest_regressor,channel_momentum_score,channel_context,impurity_importance,0.00099669,12,negative,secondary
shorts,future_relative_views_delta_7d,random_forest_regressor,channel_relative_success_score,channel_context,permutation_importance_mean,1.11204768,1,positive,primary
shorts,future_relative_views_delta_7d,random_forest_regressor,channel_relative_success_score,channel_context,permutation_importance_std,0.0364741,1,positive,primary
shorts,future_relative_views_delta_7d,random_forest_regressor,channel_relative_success_score,channel_context,impurity_importance,0.42029175,1,positive,secondary
shorts,future_relative_views_delta_7d,random_forest_regressor,curiosity_semantic_score,semantic_scores,permutation_importance_mean,-1.926e-05,39,positive,primary
shorts,future_relative_views_delta_7d,random_forest_regressor,curiosity_semantic_score,semantic_scores,permutation_importance_std,2.272e-05,39,positive,primary
shorts,future_relative_views_delta_7d,random_forest_regressor,curiosity_semantic_score,semantic_scores,impurity_importance,2.695e-05,39,positive,secondary
shorts,future_relative_views_delta_7d,random_forest_regressor,decision_score,model_decision,permutation_importance_mean,-0.00184448,11,negative,primary
shorts,future_relative_views_delta_7d,random_forest_regressor,decision_score,model_decision,permutation_importance_std,0.00075756,11,negative,primary
shorts,future_relative_views_delta_7d,random_forest_regressor,decision_score,model_decision,impurity_importance,0.00198207,11,negative,secondary
shorts,future_relative_views_delta_7d,random_forest_regressor,description_length_chars,engagement_context,permutation_importance_mean,-0.0059786,6,negative,primary
shorts,future_relative_views_delta_7d,random_forest_regressor,description_length_chars,engagement_context,permutation_importance_std,0.0007269,6,negative,primary
shorts,future_relative_views_delta_7d,random_forest_regressor,description_length_chars,engagement_context,impurity_importance,0.00132459,6,negative,secondary
shorts,future_relative_views_delta_7d,random_forest_regressor,description_word_count,engagement_context,permutation_importance_mean,-0.00365507,8,negative,primary
shorts,future_relative_views_delta_7d,random_forest_regressor,description_word_count,engagement_context,permutation_importance_std,0.00154828,8,negative,primary
shorts,future_relative_views_delta_7d,random_forest_regressor,description_word_count,engagement_context,impurity_importance,0.0007384,8,negative,secondary
shorts,future_relative_views_delta_7d,random_forest_regressor,engagement_rate,engagement_context,permutation_importance_mean,-0.00647861,4,negative,primary
shorts,future_relative_views_delta_7d,random_forest_regressor,engagement_rate,engagement_context,permutation_importance_std,0.00783876,4,negative,primary
shorts,future_relative_views_delta_7d,random_forest_regressor,engagement_rate,engagement_context,impurity_importance,0.00784627,4,negative,secondary
shorts,future_relative_views_delta_7d,random_forest_regressor,evergreen_score,engagement_context,permutation_importance_mean,0.0,49,negative,primary
shorts,future_relative_views_delta_7d,random_forest_regressor,evergreen_score,engagement_context,permutation_importance_std,0.0,49,negative,primary
shorts,future_relative_views_delta_7d,random_forest_regressor,evergreen_score,engagement_context,impurity_importance,7.256e-05,49,negative,secondary
shorts,future_relative_views_delta_7d,random_forest_regressor,finance_semantic_score,semantic_scores,permutation_importance_mean,-6.55e-06,44,negative,primary
shorts,future_relative_views_delta_7d,random_forest_regressor,finance_semantic_score,semantic_scores,permutation_importance_std,1.76e-06,44,negative,primary
shorts,future_relative_views_delta_7d,random_forest_regressor,finance_semantic_score,semantic_scores,impurity_importance,8.082e-05,44,negative,secondary
shorts,future_relative_views_delta_7d,random_forest_regressor,has_ai_word,engagement_context,permutation_importance_mean,-3.309e-05,36,positive,primary
shorts,future_relative_views_delta_7d,random_forest_regressor,has_ai_word,engagement_context,permutation_importance_std,4.559e-05,36,positive,primary
shorts,future_relative_views_delta_7d,random_forest_regressor,has_ai_word,engagement_context,impurity_importance,0.00018657,36,positive,secondary
shorts,future_relative_views_delta_7d,random_forest_regressor,has_finance_word,engagement_context,permutation_importance_mean,-1.179e-05,42,negative,primary
shorts,future_relative_views_delta_7d,random_forest_regressor,has_finance_word,engagement_context,permutation_importance_std,6.94e-06,42,negative,primary
shorts,future_relative_views_delta_7d,random_forest_regressor,has_finance_word,engagement_context,impurity_importance,0.00012206,42,negative,secondary
shorts,future_relative_views_delta_7d,random_forest_regressor,has_number,engagement_context,permutation_importance_mean,6.294e-05,31,negative,primary
shorts,future_relative_views_delta_7d,random_forest_regressor,has_number,engagement_context,permutation_importance_std,0.00015943,31,negative,primary
shorts,future_relative_views_delta_7d,random_forest_regressor,has_number,engagement_context,impurity_importance,0.00023381,31,negative,secondary
shorts,future_relative_views_delta_7d,random_forest_regressor,has_question,engagement_context,permutation_importance_mean,7.996e-05,27,negative,primary
shorts,future_relative_views_delta_7d,random_forest_regressor,has_question,engagement_context,permutation_importance_std,2.45e-05,27,negative,primary
shorts,future_relative_views_delta_7d,random_forest_regressor,has_question,engagement_context,impurity_importance,0.00013919,27,negative,secondary
shorts,future_relative_views_delta_7d,random_forest_regressor,hybrid_decision_score,model_decision,permutation_importance_mean,0.00105973,13,positive,primary
shorts,future_relative_views_delta_7d,random_forest_regressor,hybrid_decision_score,model_decision,permutation_importance_std,0.01138593,13,positive,primary
shorts,future_relative_views_delta_7d,random_forest_regressor,hybrid_decision_score,model_decision,impurity_importance,0.0161395,13,positive,secondary
shorts,future_relative_views_delta_7d,random_forest_regressor,metadata_changed,metadata,permutation_importance_mean,0.0,50,negative,primary
shorts,future_relative_views_delta_7d,random_forest_regressor,metadata_changed,metadata,permutation_importance_std,0.0,50,negative,primary
shorts,future_relative_views_delta_7d,random_forest_regressor,metadata_changed,metadata,impurity_importance,0.0,50,negative,secondary
shorts,future_relative_views_delta_7d,random_forest_regressor,metric_confidence_score,engagement_context,permutation_importance_mean,0.00021883,23,negative,primary
shorts,future_relative_views_delta_7d,random_forest_regressor,metric_confidence_score,engagement_context,permutation_importance_std,2.681e-05,23,negative,primary
shorts,future_relative_views_delta_7d,random_forest_regressor,metric_confidence_score,engagement_context,impurity_importance,0.0007947,23,negative,secondary
shorts,future_relative_views_delta_7d,random_forest_regressor,news_semantic_score,semantic_scores,permutation_importance_mean,0.0,51,negative,primary
shorts,future_relative_views_delta_7d,random_forest_regressor,news_semantic_score,semantic_scores,permutation_importance_std,0.0,51,negative,primary
shorts,future_relative_views_delta_7d,random_forest_regressor,news_semantic_score,semantic_scores,impurity_importance,0.0,51,negative,secondary
shorts,future_relative_views_delta_7d,random_forest_regressor,opportunity_score,engagement_context,permutation_importance_mean,0.00086424,17,positive,primary
shorts,future_relative_views_delta_7d,random_forest_regressor,opportunity_score,engagement_context,permutation_importance_std,0.00014391,17,positive,primary
shorts,future_relative_views_delta_7d,random_forest_regressor,opportunity_score,engagement_context,impurity_importance,0.34423532,17,positive,secondary
shorts,future_relative_views_delta_7d,random_forest_regressor,packaging_problem_score,engagement_context,permutation_importance_mean,-0.00602433,5,negative,primary
shorts,future_relative_views_delta_7d,random_forest_regressor,packaging_problem_score,engagement_context,permutation_importance_std,0.00246358,5,negative,primary
shorts,future_relative_views_delta_7d,random_forest_regressor,packaging_problem_score,engagement_context,impurity_importance,0.00180008,5,negative,secondary
shorts,future_relative_views_delta_7d,random_forest_regressor,productivity_semantic_score,semantic_scores,permutation_importance_mean,0.0,52,negative,primary
shorts,future_relative_views_delta_7d,random_forest_regressor,productivity_semantic_score,semantic_scores,permutation_importance_std,0.0,52,negative,primary
shorts,future_relative_views_delta_7d,random_forest_regressor,productivity_semantic_score,semantic_scores,impurity_importance,0.0,52,negative,secondary
shorts,future_relative_views_delta_7d,random_forest_regressor,promise_semantic_score,semantic_scores,permutation_importance_mean,0.0,53,negative,primary
shorts,future_relative_views_delta_7d,random_forest_regressor,promise_semantic_score,semantic_scores,permutation_importance_std,0.0,53,negative,primary
shorts,future_relative_views_delta_7d,random_forest_regressor,promise_semantic_score,semantic_scores,impurity_importance,0.0,53,negative,secondary
shorts,future_relative_views_delta_7d,random_forest_regressor,semantic_cluster_id,semantic_cluster,permutation_importance_mean,-0.00044398,20,positive,primary
shorts,future_relative_views_delta_7d,random_forest_regressor,semantic_cluster_id,semantic_cluster,permutation_importance_std,0.0002997,20,positive,primary
shorts,future_relative_views_delta_7d,random_forest_regressor,semantic_cluster_id,semantic_cluster,impurity_importance,0.00263772,20,positive,secondary
shorts,future_relative_views_delta_7d,random_forest_regressor,title_has_currency,title_style,permutation_importance_mean,0.0,54,negative,primary
shorts,future_relative_views_delta_7d,random_forest_regressor,title_has_currency,title_style,permutation_importance_std,0.0,54,negative,primary
shorts,future_relative_views_delta_7d,random_forest_regressor,title_has_currency,title_style,impurity_importance,0.0,54,negative,secondary
shorts,future_relative_views_delta_7d,random_forest_regressor,title_has_number,title_style,permutation_importance_mean,4.668e-05,33,negative,primary
shorts,future_relative_views_delta_7d,random_forest_regressor,title_has_number,title_style,permutation_importance_std,0.00023578,33,negative,primary
shorts,future_relative_views_delta_7d,random_forest_regressor,title_has_number,title_style,impurity_importance,0.00030519,33,negative,secondary
shorts,future_relative_views_delta_7d,random_forest_regressor,title_has_question,title_style,permutation_importance_mean,2.798e-05,37,negative,primary
shorts,future_relative_views_delta_7d,random_forest_regressor,title_has_question,title_style,permutation_importance_std,4.027e-05,37,negative,primary
shorts,future_relative_views_delta_7d,random_forest_regressor,title_has_question,title_style,impurity_importance,4.774e-05,37,negative,secondary
shorts,future_relative_views_delta_7d,random_forest_regressor,title_has_year,title_style,permutation_importance_mean,0.0,55,negative,primary
shorts,future_relative_views_delta_7d,random_forest_regressor,title_has_year,title_style,permutation_importance_std,0.0,55,negative,primary
shorts,future_relative_views_delta_7d,random_forest_regressor,title_has_year,title_style,impurity_importance,0.00042849,55,negative,secondary
shorts,future_relative_views_delta_7d,random_forest_regressor,title_length_chars,title_style,permutation_importance_mean,-0.00906948,3,negative,primary
shorts,future_relative_views_delta_7d,random_forest_regressor,title_length_chars,title_style,permutation_importance_std,0.00032457,3,negative,primary
shorts,future_relative_views_delta_7d,random_forest_regressor,title_length_chars,title_style,impurity_importance,0.00180026,3,negative,secondary
shorts,future_relative_views_delta_7d,random_forest_regressor,title_word_count,title_style,permutation_importance_mean,-0.00302917,9,negative,primary
shorts,future_relative_views_delta_7d,random_forest_regressor,title_word_count,title_style,permutation_importance_std,0.00113726,9,negative,primary
shorts,future_relative_views_delta_7d,random_forest_regressor,title_word_count,title_style,impurity_importance,0.00097147,9,negative,secondary
shorts,future_relative_views_delta_7d,random_forest_regressor,topic_confidence,topic_metrics,permutation_importance_mean,-0.00477967,7,negative,primary
shorts,future_relative_views_delta_7d,random_forest_regressor,topic_confidence,topic_metrics,permutation_importance_std,0.00738799,7,negative,primary
shorts,future_relative_views_delta_7d,random_forest_regressor,topic_confidence,topic_metrics,impurity_importance,0.00476559,7,negative,secondary
shorts,future_relative_views_delta_7d,random_forest_regressor,topic_opportunity_score,topic_metrics,permutation_importance_mean,-0.00018717,24,positive,primary
shorts,future_relative_views_delta_7d,random_forest_regressor,topic_opportunity_score,topic_metrics,permutation_importance_std,0.00015785,24,positive,primary
shorts,future_relative_views_delta_7d,random_forest_regressor,topic_opportunity_score,topic_metrics,impurity_importance,0.00044357,24,positive,secondary
shorts,future_relative_views_delta_7d,random_forest_regressor,topic_saturation_score,topic_metrics,permutation_importance_mean,9.786e-05,26,positive,primary
shorts,future_relative_views_delta_7d,random_forest_regressor,topic_saturation_score,topic_metrics,permutation_importance_std,0.00010774,26,positive,primary
shorts,future_relative_views_delta_7d,random_forest_regressor,topic_saturation_score,topic_metrics,impurity_importance,0.00017961,26,positive,secondary
shorts,future_relative_views_delta_7d,random_forest_regressor,trend_burst_score,engagement_context,permutation_importance_mean,4.2e-07,48,negative,primary
shorts,future_relative_views_delta_7d,random_forest_regressor,trend_burst_score,engagement_context,permutation_importance_std,2.6e-07,48,negative,primary
shorts,future_relative_views_delta_7d,random_forest_regressor,trend_burst_score,engagement_context,impurity_importance,0.0015727,48,negative,secondary
shorts,future_relative_views_delta_7d,random_forest_regressor,tutorial_semantic_score,semantic_scores,permutation_importance_mean,1.762e-05,40,positive,primary
shorts,future_relative_views_delta_7d,random_forest_regressor,tutorial_semantic_score,semantic_scores,permutation_importance_std,5.281e-05,40,positive,primary
shorts,future_relative_views_delta_7d,random_forest_regressor,tutorial_semantic_score,semantic_scores,impurity_importance,0.00015163,40,positive,secondary
shorts,future_relative_views_delta_7d,random_forest_regressor,urgency_semantic_score,semantic_scores,permutation_importance_mean,2.165e-05,38,negative,primary
shorts,future_relative_views_delta_7d,random_forest_regressor,urgency_semantic_score,semantic_scores,permutation_importance_std,5.02e-06,38,negative,primary
shorts,future_relative_views_delta_7d,random_forest_regressor,urgency_semantic_score,semantic_scores,impurity_importance,0.00010882,38,negative,secondary
shorts,future_relative_views_delta_7d,random_forest_regressor,views_delta,engagement_context,permutation_importance_mean,0.0358379,2,positive,primary
shorts,future_relative_views_delta_7d,random_forest_regressor,views_delta,engagement_context,permutation_importance_std,0.00662229,2,positive,primary
shorts,future_relative_views_delta_7d,random_forest_regressor,views_delta,engagement_context,impurity_importance,0.01382168,2,positive,secondary
shorts,future_relative_views_delta_7d,random_forest_regressor,warning_semantic_score,semantic_scores,permutation_importance_mean,6.403e-05,30,positive,primary
shorts,future_relative_views_delta_7d,random_forest_regressor,warning_semantic_score,semantic_scores,permutation_importance_std,1.601e-05,30,positive,primary
shorts,future_relative_views_delta_7d,random_forest_regressor,warning_semantic_score,semantic_scores,impurity_importance,7.079e-05,30,positive,secondary
shorts,future_relative_views_delta_7d,random_forest_regressor,hook_semantic_type__ai,title_style,permutation_importance_mean,0.00104225,14,negative,primary
shorts,future_relative_views_delta_7d,random_forest_regressor,hook_semantic_type__ai,title_style,permutation_importance_std,6.332e-05,14,negative,primary
shorts,future_relative_views_delta_7d,random_forest_regressor,hook_semantic_type__ai,title_style,impurity_importance,0.00016608,14,negative,secondary
shorts,future_relative_views_delta_7d,random_forest_regressor,hook_semantic_type__curiosity,title_style,permutation_importance_mean,4.544e-05,35,positive,primary
shorts,future_relative_views_delta_7d,random_forest_regressor,hook_semantic_type__curiosity,title_style,permutation_importance_std,3.9e-05,35,positive,primary
shorts,future_relative_views_delta_7d,random_forest_regressor,hook_semantic_type__curiosity,title_style,impurity_importance,3.69e-05,35,positive,secondary
shorts,future_relative_views_delta_7d,random_forest_regressor,hook_semantic_type__finance,title_style,permutation_importance_mean,5.17e-06,45,negative,primary
shorts,future_relative_views_delta_7d,random_forest_regressor,hook_semantic_type__finance,title_style,permutation_importance_std,6.14e-06,45,negative,primary
shorts,future_relative_views_delta_7d,random_forest_regressor,hook_semantic_type__finance,title_style,impurity_importance,0.0003066,45,negative,secondary
shorts,future_relative_views_delta_7d,random_forest_regressor,hook_semantic_type__news,title_style,permutation_importance_mean,0.0,56,negative,primary
shorts,future_relative_views_delta_7d,random_forest_regressor,hook_semantic_type__news,title_style,permutation_importance_std,0.0,56,negative,primary
shorts,future_relative_views_delta_7d,random_forest_regressor,hook_semantic_type__news,title_style,impurity_importance,0.0,56,negative,secondary
shorts,future_relative_views_delta_7d,random_forest_regressor,hook_semantic_type__promise,title_style,permutation_importance_mean,0.0,57,negative,primary
shorts,future_relative_views_delta_7d,random_forest_regressor,hook_semantic_type__promise,title_style,permutation_importance_std,0.0,57,negative,primary
shorts,future_relative_views_delta_7d,random_forest_regressor,hook_semantic_type__promise,title_style,impurity_importance,0.0,57,negative,secondary
shorts,future_relative_views_delta_7d,random_forest_regressor,hook_semantic_type__tutorial,title_style,permutation_importance_mean,1.429e-05,41,positive,primary
shorts,future_relative_views_delta_7d,random_forest_regressor,hook_semantic_type__tutorial,title_style,permutation_importance_std,6.257e-05,41,positive,primary
shorts,future_relative_views_delta_7d,random_forest_regressor,hook_semantic_type__tutorial,title_style,impurity_importance,0.00016905,41,positive,secondary
shorts,future_relative_views_delta_7d,random_forest_regressor,hook_semantic_type__unknown,title_style,permutation_importance_mean,0.00010394,25,negative,primary
shorts,future_relative_views_delta_7d,random_forest_regressor,hook_semantic_type__unknown,title_style,permutation_importance_std,3.204e-05,25,negative,primary
shorts,future_relative_views_delta_7d,random_forest_regressor,hook_semantic_type__unknown,title_style,impurity_importance,0.00010941,25,negative,secondary
shorts,future_relative_views_delta_7d,random_forest_regressor,hook_semantic_type__warning,title_style,permutation_importance_mean,4.664e-05,34,positive,primary
shorts,future_relative_views_delta_7d,random_forest_regressor,hook_semantic_type__warning,title_style,permutation_importance_std,1.393e-05,34,positive,primary
shorts,future_relative_views_delta_7d,random_forest_regressor,hook_semantic_type__warning,title_style,impurity_importance,5.505e-05,34,positive,secondary
shorts,future_relative_views_delta_7d,random_forest_regressor,semantic_cluster_label__de_de_mayo_mayo,semantic_cluster,permutation_importance_mean,0.0,58,negative,primary
shorts,future_relative_views_delta_7d,random_forest_regressor,semantic_cluster_label__de_de_mayo_mayo,semantic_cluster,permutation_importance_std,0.0,58,negative,primary
shorts,future_relative_views_delta_7d,random_forest_regressor,semantic_cluster_label__de_de_mayo_mayo,semantic_cluster,impurity_importance,7.3e-07,58,negative,secondary
shorts,future_relative_views_delta_7d,random_forest_regressor,semantic_cluster_label__de_en_el,semantic_cluster,permutation_importance_mean,0.00088131,16,positive,primary
shorts,future_relative_views_delta_7d,random_forest_regressor,semantic_cluster_label__de_en_el,semantic_cluster,permutation_importance_std,0.00043959,16,positive,primary
shorts,future_relative_views_delta_7d,random_forest_regressor,semantic_cluster_label__de_en_el,semantic_cluster,impurity_importance,0.00177737,16,positive,secondary
shorts,future_relative_views_delta_7d,random_forest_regressor,semantic_cluster_label__in_the_xi,semantic_cluster,permutation_importance_mean,-1.18e-06,47,negative,primary
shorts,future_relative_views_delta_7d,random_forest_regressor,semantic_cluster_label__in_the_xi,semantic_cluster,permutation_importance_std,1.13e-06,47,negative,primary
shorts,future_relative_views_delta_7d,random_forest_regressor,semantic_cluster_label__in_the_xi,semantic_cluster,impurity_importance,3.2e-07,47,negative,secondary
shorts,future_relative_views_delta_7d,random_forest_regressor,semantic_cluster_label__la_de_de_la,semantic_cluster,permutation_importance_mean,-0.00039346,21,positive,primary
shorts,future_relative_views_delta_7d,random_forest_regressor,semantic_cluster_label__la_de_de_la,semantic_cluster,permutation_importance_std,5.004e-05,21,positive,primary
shorts,future_relative_views_delta_7d,random_forest_regressor,semantic_cluster_label__la_de_de_la,semantic_cluster,impurity_importance,0.00142205,21,positive,secondary
shorts,future_relative_views_delta_7d,random_forest_regressor,semantic_cluster_label__the_of_is,semantic_cluster,permutation_importance_mean,6.577e-05,29,negative,primary
shorts,future_relative_views_delta_7d,random_forest_regressor,semantic_cluster_label__the_of_is,semantic_cluster,permutation_importance_std,2.267e-05,29,negative,primary
shorts,future_relative_views_delta_7d,random_forest_regressor,semantic_cluster_label__the_of_is,semantic_cluster,impurity_importance,1.134e-05,29,negative,secondary
shorts,future_relative_views_delta_7d,random_forest_regressor,semantic_cluster_label__to_iran_trump,semantic_cluster,permutation_importance_mean,2.61e-06,46,negative,primary
shorts,future_relative_views_delta_7d,random_forest_regressor,semantic_cluster_label__to_iran_trump,semantic_cluster,permutation_importance_std,4.07e-06,46,negative,primary
shorts,future_relative_views_delta_7d,random_forest_regressor,semantic_cluster_label__to_iran_trump,semantic_cluster,impurity_importance,8.5e-07,46,negative,secondary
shorts,future_relative_views_delta_7d,random_forest_regressor,topic_primary__ai_tools,topic_metrics,permutation_importance_mean,0.00077696,19,negative,primary
shorts,future_relative_views_delta_7d,random_forest_regressor,topic_primary__ai_tools,topic_metrics,permutation_importance_std,2.688e-05,19,negative,primary
shorts,future_relative_views_delta_7d,random_forest_regressor,topic_primary__ai_tools,topic_metrics,impurity_importance,0.00023859,19,negative,secondary
shorts,future_relative_views_delta_7d,random_forest_regressor,topic_primary__finance_personal,topic_metrics,permutation_importance_mean,-6.98e-06,43,negative,primary
shorts,future_relative_views_delta_7d,random_forest_regressor,topic_primary__finance_personal,topic_metrics,permutation_importance_std,1.51e-06,43,negative,primary
shorts,future_relative_views_delta_7d,random_forest_regressor,topic_primary__finance_personal,topic_metrics,impurity_importance,0.00018942,43,negative,secondary
shorts,future_relative_views_delta_7d,random_forest_regressor,topic_primary__news_trends,topic_metrics,permutation_importance_mean,0.0,59,negative,primary
shorts,future_relative_views_delta_7d,random_forest_regressor,topic_primary__news_trends,topic_metrics,permutation_importance_std,0.0,59,negative,primary
shorts,future_relative_views_delta_7d,random_forest_regressor,topic_primary__news_trends,topic_metrics,impurity_importance,0.0,59,negative,secondary
shorts,future_relative_views_delta_7d,random_forest_regressor,topic_primary__productivity,topic_metrics,permutation_importance_mean,0.0,60,negative,primary
shorts,future_relative_views_delta_7d,random_forest_regressor,topic_primary__productivity,topic_metrics,permutation_importance_std,0.0,60,negative,primary
shorts,future_relative_views_delta_7d,random_forest_regressor,topic_primary__productivity,topic_metrics,impurity_importance,0.0,60,negative,secondary
shorts,future_relative_views_delta_7d,random_forest_regressor,topic_primary__tutorial,topic_metrics,permutation_importance_mean,-6.221e-05,32,positive,primary
shorts,future_relative_views_delta_7d,random_forest_regressor,topic_primary__tutorial,topic_metrics,permutation_importance_std,6.95e-06,32,positive,primary
shorts,future_relative_views_delta_7d,random_forest_regressor,topic_primary__tutorial,topic_metrics,impurity_importance,0.00027139,32,positive,secondary
shorts,future_relative_views_delta_7d,random_forest_regressor,topic_primary__unknown,topic_metrics,permutation_importance_mean,0.00024638,22,positive,primary
shorts,future_relative_views_delta_7d,random_forest_regressor,topic_primary__unknown,topic_metrics,permutation_importance_std,2.655e-05,22,positive,primary
shorts,future_relative_views_delta_7d,random_forest_regressor,topic_primary__unknown,topic_metrics,impurity_importance,0.00024037,22,positive,secondary
shorts,future_relative_views_delta_7d,random_forest_regressor,topic_secondary__ai_tools,topic_metrics,permutation_importance_mean,0.00080356,18,positive,primary
shorts,future_relative_views_delta_7d,random_forest_regressor,topic_secondary__ai_tools,topic_metrics,permutation_importance_std,0.00024977,18,positive,primary
shorts,future_relative_views_delta_7d,random_forest_regressor,topic_secondary__ai_tools,topic_metrics,impurity_importance,0.00011652,18,positive,secondary
shorts,future_relative_views_delta_7d,random_forest_regressor,topic_secondary__finance_personal,topic_metrics,permutation_importance_mean,0.0,61,negative,primary
shorts,future_relative_views_delta_7d,random_forest_regressor,topic_secondary__finance_personal,topic_metrics,permutation_importance_std,0.0,61,negative,primary
shorts,future_relative_views_delta_7d,random_forest_regressor,topic_secondary__finance_personal,topic_metrics,impurity_importance,0.0,61,negative,secondary
shorts,future_relative_views_delta_7d,random_forest_regressor,topic_secondary__news_trends,topic_metrics,permutation_importance_mean,0.0,62,negative,primary
shorts,future_relative_views_delta_7d,random_forest_regressor,topic_secondary__news_trends,topic_metrics,permutation_importance_std,0.0,62,negative,primary
shorts,future_relative_views_delta_7d,random_forest_regressor,topic_secondary__news_trends,topic_metrics,impurity_importance,0.0,62,negative,secondary
shorts,future_relative_views_delta_7d,random_forest_regressor,topic_secondary__productivity,topic_metrics,permutation_importance_mean,0.0,63,negative,primary
shorts,future_relative_views_delta_7d,random_forest_regressor,topic_secondary__productivity,topic_metrics,permutation_importance_std,0.0,63,negative,primary
shorts,future_relative_views_delta_7d,random_forest_regressor,topic_secondary__productivity,topic_metrics,impurity_importance,0.0,63,negative,secondary
shorts,future_relative_views_delta_7d,random_forest_regressor,topic_secondary__tutorial,topic_metrics,permutation_importance_mean,0.0,64,negative,primary
shorts,future_relative_views_delta_7d,random_forest_regressor,topic_secondary__tutorial,topic_metrics,permutation_importance_std,0.0,64,negative,primary
shorts,future_relative_views_delta_7d,random_forest_regressor,topic_secondary__tutorial,topic_metrics,impurity_importance,0.0,64,negative,secondary
shorts,future_relative_views_delta_7d,random_forest_regressor,topic_secondary__unknown,topic_metrics,permutation_importance_mean,7.018e-05,28,negative,primary
shorts,future_relative_views_delta_7d,random_forest_regressor,topic_secondary__unknown,topic_metrics,permutation_importance_std,2.493e-05,28,negative,primary
shorts,future_relative_views_delta_7d,random_forest_regressor,topic_secondary__unknown,topic_metrics,impurity_importance,2.315e-05,28,negative,secondary
shorts,future_relative_views_delta_7d,linear_regularized_regressor,ai_semantic_score,semantic_scores,standardized_coefficient,2.25140341,20,positive,primary
shorts,future_relative_views_delta_7d,linear_regularized_regressor,alpha_score,engagement_context,standardized_coefficient,67.308796,1,positive,primary
shorts,future_relative_views_delta_7d,linear_regularized_regressor,channel_momentum_score,channel_context,standardized_coefficient,8.46519054,8,positive,primary
shorts,future_relative_views_delta_7d,linear_regularized_regressor,channel_relative_success_score,channel_context,standardized_coefficient,18.03062364,6,positive,primary
shorts,future_relative_views_delta_7d,linear_regularized_regressor,curiosity_semantic_score,semantic_scores,standardized_coefficient,0.06621356,57,positive,primary
shorts,future_relative_views_delta_7d,linear_regularized_regressor,decision_score,model_decision,standardized_coefficient,25.31877152,4,positive,primary
shorts,future_relative_views_delta_7d,linear_regularized_regressor,description_length_chars,engagement_context,standardized_coefficient,-0.40848438,46,negative,primary
shorts,future_relative_views_delta_7d,linear_regularized_regressor,description_word_count,engagement_context,standardized_coefficient,0.68041011,41,positive,primary
shorts,future_relative_views_delta_7d,linear_regularized_regressor,engagement_rate,engagement_context,standardized_coefficient,-9.53307983,7,negative,primary
shorts,future_relative_views_delta_7d,linear_regularized_regressor,evergreen_score,engagement_context,standardized_coefficient,-0.39137206,47,negative,primary
shorts,future_relative_views_delta_7d,linear_regularized_regressor,finance_semantic_score,semantic_scores,standardized_coefficient,-3.55824533,14,negative,primary
shorts,future_relative_views_delta_7d,linear_regularized_regressor,has_ai_word,engagement_context,standardized_coefficient,2.77373591,16,positive,primary
shorts,future_relative_views_delta_7d,linear_regularized_regressor,has_finance_word,engagement_context,standardized_coefficient,-2.33513131,18,negative,primary
shorts,future_relative_views_delta_7d,linear_regularized_regressor,has_number,engagement_context,standardized_coefficient,-0.15831983,55,negative,primary
shorts,future_relative_views_delta_7d,linear_regularized_regressor,has_question,engagement_context,standardized_coefficient,1.09007777,30,positive,primary
shorts,future_relative_views_delta_7d,linear_regularized_regressor,hybrid_decision_score,model_decision,standardized_coefficient,-42.95920813,2,negative,primary
shorts,future_relative_views_delta_7d,linear_regularized_regressor,metadata_changed,metadata,standardized_coefficient,0.26250698,50,positive,primary
shorts,future_relative_views_delta_7d,linear_regularized_regressor,metric_confidence_score,engagement_context,standardized_coefficient,6.48861701,10,positive,primary
shorts,future_relative_views_delta_7d,linear_regularized_regressor,news_semantic_score,semantic_scores,standardized_coefficient,0.68441627,39,positive,primary
shorts,future_relative_views_delta_7d,linear_regularized_regressor,opportunity_score,engagement_context,standardized_coefficient,-19.71156133,5,negative,primary
shorts,future_relative_views_delta_7d,linear_regularized_regressor,packaging_problem_score,engagement_context,standardized_coefficient,1.31750303,28,positive,primary
shorts,future_relative_views_delta_7d,linear_regularized_regressor,productivity_semantic_score,semantic_scores,standardized_coefficient,-0.29765116,49,negative,primary
shorts,future_relative_views_delta_7d,linear_regularized_regressor,promise_semantic_score,semantic_scores,standardized_coefficient,1.72742147,24,positive,primary
shorts,future_relative_views_delta_7d,linear_regularized_regressor,semantic_cluster_id,semantic_cluster,standardized_coefficient,1.12782036,29,positive,primary
shorts,future_relative_views_delta_7d,linear_regularized_regressor,title_has_currency,title_style,standardized_coefficient,0.0,62,mixed,primary
shorts,future_relative_views_delta_7d,linear_regularized_regressor,title_has_number,title_style,standardized_coefficient,-0.15831983,54,negative,primary
shorts,future_relative_views_delta_7d,linear_regularized_regressor,title_has_question,title_style,standardized_coefficient,1.09007777,31,positive,primary
shorts,future_relative_views_delta_7d,linear_regularized_regressor,title_has_year,title_style,standardized_coefficient,3.09520582,15,positive,primary
shorts,future_relative_views_delta_7d,linear_regularized_regressor,title_length_chars,title_style,standardized_coefficient,-0.40848438,45,negative,primary
shorts,future_relative_views_delta_7d,linear_regularized_regressor,title_word_count,title_style,standardized_coefficient,0.68041011,40,positive,primary
shorts,future_relative_views_delta_7d,linear_regularized_regressor,topic_confidence,topic_metrics,standardized_coefficient,1.40944115,27,positive,primary
shorts,future_relative_views_delta_7d,linear_regularized_regressor,topic_opportunity_score,topic_metrics,standardized_coefficient,-0.5751789,42,negative,primary
shorts,future_relative_views_delta_7d,linear_regularized_regressor,topic_saturation_score,topic_metrics,standardized_coefficient,0.02434947,60,positive,primary
shorts,future_relative_views_delta_7d,linear_regularized_regressor,trend_burst_score,engagement_context,standardized_coefficient,29.62059411,3,positive,primary
shorts,future_relative_views_delta_7d,linear_regularized_regressor,tutorial_semantic_score,semantic_scores,standardized_coefficient,-0.17664729,53,negative,primary
shorts,future_relative_views_delta_7d,linear_regularized_regressor,urgency_semantic_score,semantic_scores,standardized_coefficient,-0.0843181,56,negative,primary
shorts,future_relative_views_delta_7d,linear_regularized_regressor,views_delta,engagement_context,standardized_coefficient,-8.38319799,9,negative,primary
shorts,future_relative_views_delta_7d,linear_regularized_regressor,warning_semantic_score,semantic_scores,standardized_coefficient,-0.00149927,61,negative,primary
shorts,future_relative_views_delta_7d,linear_regularized_regressor,hook_semantic_type__ai,title_style,standardized_coefficient,-1.02649672,32,negative,primary
shorts,future_relative_views_delta_7d,linear_regularized_regressor,hook_semantic_type__curiosity,title_style,standardized_coefficient,0.06621356,58,positive,primary
shorts,future_relative_views_delta_7d,linear_regularized_regressor,hook_semantic_type__finance,title_style,standardized_coefficient,4.09307787,12,positive,primary
shorts,future_relative_views_delta_7d,linear_regularized_regressor,hook_semantic_type__news,title_style,standardized_coefficient,0.68441627,38,positive,primary
shorts,future_relative_views_delta_7d,linear_regularized_regressor,hook_semantic_type__promise,title_style,standardized_coefficient,-4.06712429,13,negative,primary
shorts,future_relative_views_delta_7d,linear_regularized_regressor,hook_semantic_type__tutorial,title_style,standardized_coefficient,-0.17664729,52,negative,primary
shorts,future_relative_views_delta_7d,linear_regularized_regressor,hook_semantic_type__unknown,title_style,standardized_coefficient,0.4111975,44,positive,primary
shorts,future_relative_views_delta_7d,linear_regularized_regressor,hook_semantic_type__warning,title_style,standardized_coefficient,0.42935522,43,positive,primary
shorts,future_relative_views_delta_7d,linear_regularized_regressor,semantic_cluster_label__de_de_mayo_mayo,semantic_cluster,standardized_coefficient,-4.83351098,11,negative,primary
shorts,future_relative_views_delta_7d,linear_regularized_regressor,semantic_cluster_label__de_en_el,semantic_cluster,standardized_coefficient,2.3256214,19,positive,primary
shorts,future_relative_views_delta_7d,linear_regularized_regressor,semantic_cluster_label__in_the_xi,semantic_cluster,standardized_coefficient,-2.10366708,23,negative,primary
shorts,future_relative_views_delta_7d,linear_regularized_regressor,semantic_cluster_label__la_de_de_la,semantic_cluster,standardized_coefficient,2.24310713,21,positive,primary
shorts,future_relative_views_delta_7d,linear_regularized_regressor,semantic_cluster_label__the_of_is,semantic_cluster,standardized_coefficient,-1.72457035,25,negative,primary
shorts,future_relative_views_delta_7d,linear_regularized_regressor,semantic_cluster_label__to_iran_trump,semantic_cluster,standardized_coefficient,-2.47567644,17,negative,primary
shorts,future_relative_views_delta_7d,linear_regularized_regressor,topic_primary__ai_tools,topic_metrics,standardized_coefficient,2.19697024,22,positive,primary
shorts,future_relative_views_delta_7d,linear_regularized_regressor,topic_primary__finance_personal,topic_metrics,standardized_coefficient,-0.70641758,36,negative,primary
shorts,future_relative_views_delta_7d,linear_regularized_regressor,topic_primary__news_trends,topic_metrics,standardized_coefficient,0.68441627,37,positive,primary
shorts,future_relative_views_delta_7d,linear_regularized_regressor,topic_primary__productivity,topic_metrics,standardized_coefficient,-0.32605548,48,negative,primary
shorts,future_relative_views_delta_7d,linear_regularized_regressor,topic_primary__tutorial,topic_metrics,standardized_coefficient,-0.17664729,51,negative,primary
shorts,future_relative_views_delta_7d,linear_regularized_regressor,topic_primary__unknown,topic_metrics,standardized_coefficient,-1.5984379,26,negative,primary
shorts,future_relative_views_delta_7d,linear_regularized_regressor,topic_secondary__ai_tools,topic_metrics,standardized_coefficient,-0.86179528,35,negative,primary
shorts,future_relative_views_delta_7d,linear_regularized_regressor,topic_secondary__finance_personal,topic_metrics,standardized_coefficient,-0.88155149,34,negative,primary
shorts,future_relative_views_delta_7d,linear_regularized_regressor,topic_secondary__news_trends,topic_metrics,standardized_coefficient,0.0,63,mixed,primary
shorts,future_relative_views_delta_7d,linear_regularized_regressor,topic_secondary__productivity,topic_metrics,standardized_coefficient,-0.02662645,59,negative,primary
shorts,future_relative_views_delta_7d,linear_regularized_regressor,topic_secondary__tutorial,topic_metrics,standardized_coefficient,0.0,64,mixed,primary
shorts,future_relative_views_delta_7d,linear_regularized_regressor,topic_secondary__unknown,topic_metrics,standardized_coefficient,1.01638127,33,positive,primary
shorts,future_relative_views_delta_7d,shallow_tree_regressor,ai_semantic_score,semantic_scores,feature_importance,0.01101298,2,negative,primary
shorts,future_relative_views_delta_7d,shallow_tree_regressor,alpha_score,engagement_context,feature_importance,0.0,5,positive,primary
shorts,future_relative_views_delta_7d,shallow_tree_regressor,channel_momentum_score,channel_context,feature_importance,0.0,6,positive,primary
shorts,future_relative_views_delta_7d,shallow_tree_regressor,channel_relative_success_score,channel_context,feature_importance,0.98045757,1,positive,primary
shorts,future_relative_views_delta_7d,shallow_tree_regressor,curiosity_semantic_score,semantic_scores,feature_importance,0.0,7,negative,primary
shorts,future_relative_views_delta_7d,shallow_tree_regressor,decision_score,model_decision,feature_importance,0.00245576,4,negative,primary
shorts,future_relative_views_delta_7d,shallow_tree_regressor,description_length_chars,engagement_context,feature_importance,0.0,8,negative,primary
shorts,future_relative_views_delta_7d,shallow_tree_regressor,description_word_count,engagement_context,feature_importance,0.0,9,negative,primary
shorts,future_relative_views_delta_7d,shallow_tree_regressor,engagement_rate,engagement_context,feature_importance,0.0,10,negative,primary
shorts,future_relative_views_delta_7d,shallow_tree_regressor,evergreen_score,engagement_context,feature_importance,0.0,11,negative,primary
shorts,future_relative_views_delta_7d,shallow_tree_regressor,finance_semantic_score,semantic_scores,feature_importance,0.0,12,negative,primary
shorts,future_relative_views_delta_7d,shallow_tree_regressor,has_ai_word,engagement_context,feature_importance,0.0,13,negative,primary
shorts,future_relative_views_delta_7d,shallow_tree_regressor,has_finance_word,engagement_context,feature_importance,0.0,14,negative,primary
shorts,future_relative_views_delta_7d,shallow_tree_regressor,has_number,engagement_context,feature_importance,0.0,15,negative,primary
shorts,future_relative_views_delta_7d,shallow_tree_regressor,has_question,engagement_context,feature_importance,0.0,16,negative,primary
shorts,future_relative_views_delta_7d,shallow_tree_regressor,hybrid_decision_score,model_decision,feature_importance,0.0,17,positive,primary
shorts,future_relative_views_delta_7d,shallow_tree_regressor,metadata_changed,metadata,feature_importance,0.0,18,negative,primary
shorts,future_relative_views_delta_7d,shallow_tree_regressor,metric_confidence_score,engagement_context,feature_importance,0.0,19,negative,primary
shorts,future_relative_views_delta_7d,shallow_tree_regressor,news_semantic_score,semantic_scores,feature_importance,0.0,20,negative,primary
shorts,future_relative_views_delta_7d,shallow_tree_regressor,opportunity_score,engagement_context,feature_importance,0.0,21,positive,primary
shorts,future_relative_views_delta_7d,shallow_tree_regressor,packaging_problem_score,engagement_context,feature_importance,0.0,22,negative,primary
shorts,future_relative_views_delta_7d,shallow_tree_regressor,productivity_semantic_score,semantic_scores,feature_importance,0.0,23,negative,primary
shorts,future_relative_views_delta_7d,shallow_tree_regressor,promise_semantic_score,semantic_scores,feature_importance,0.0,24,negative,primary
shorts,future_relative_views_delta_7d,shallow_tree_regressor,semantic_cluster_id,semantic_cluster,feature_importance,0.0,25,positive,primary
shorts,future_relative_views_delta_7d,shallow_tree_regressor,title_has_currency,title_style,feature_importance,0.0,26,negative,primary
shorts,future_relative_views_delta_7d,shallow_tree_regressor,title_has_number,title_style,feature_importance,0.0,27,negative,primary
shorts,future_relative_views_delta_7d,shallow_tree_regressor,title_has_question,title_style,feature_importance,0.0,28,negative,primary
shorts,future_relative_views_delta_7d,shallow_tree_regressor,title_has_year,title_style,feature_importance,0.0,29,negative,primary
shorts,future_relative_views_delta_7d,shallow_tree_regressor,title_length_chars,title_style,feature_importance,0.0,30,negative,primary
shorts,future_relative_views_delta_7d,shallow_tree_regressor,title_word_count,title_style,feature_importance,0.0,31,negative,primary
shorts,future_relative_views_delta_7d,shallow_tree_regressor,topic_confidence,topic_metrics,feature_importance,0.0,32,negative,primary
shorts,future_relative_views_delta_7d,shallow_tree_regressor,topic_opportunity_score,topic_metrics,feature_importance,0.0,33,positive,primary
shorts,future_relative_views_delta_7d,shallow_tree_regressor,topic_saturation_score,topic_metrics,feature_importance,0.0,34,positive,primary
shorts,future_relative_views_delta_7d,shallow_tree_regressor,trend_burst_score,engagement_context,feature_importance,0.0,35,negative,primary
shorts,future_relative_views_delta_7d,shallow_tree_regressor,tutorial_semantic_score,semantic_scores,feature_importance,0.0,36,negative,primary
shorts,future_relative_views_delta_7d,shallow_tree_regressor,urgency_semantic_score,semantic_scores,feature_importance,0.0,37,negative,primary
shorts,future_relative_views_delta_7d,shallow_tree_regressor,views_delta,engagement_context,feature_importance,0.00607369,3,positive,primary
shorts,future_relative_views_delta_7d,shallow_tree_regressor,warning_semantic_score,semantic_scores,feature_importance,0.0,38,positive,primary
shorts,future_relative_views_delta_7d,shallow_tree_regressor,hook_semantic_type__ai,title_style,feature_importance,0.0,39,negative,primary
shorts,future_relative_views_delta_7d,shallow_tree_regressor,hook_semantic_type__curiosity,title_style,feature_importance,0.0,40,negative,primary
shorts,future_relative_views_delta_7d,shallow_tree_regressor,hook_semantic_type__finance,title_style,feature_importance,0.0,41,negative,primary
shorts,future_relative_views_delta_7d,shallow_tree_regressor,hook_semantic_type__news,title_style,feature_importance,0.0,42,negative,primary
shorts,future_relative_views_delta_7d,shallow_tree_regressor,hook_semantic_type__promise,title_style,feature_importance,0.0,43,negative,primary
shorts,future_relative_views_delta_7d,shallow_tree_regressor,hook_semantic_type__tutorial,title_style,feature_importance,0.0,44,negative,primary
shorts,future_relative_views_delta_7d,shallow_tree_regressor,hook_semantic_type__unknown,title_style,feature_importance,0.0,45,negative,primary
shorts,future_relative_views_delta_7d,shallow_tree_regressor,hook_semantic_type__warning,title_style,feature_importance,0.0,46,positive,primary
shorts,future_relative_views_delta_7d,shallow_tree_regressor,semantic_cluster_label__de_de_mayo_mayo,semantic_cluster,feature_importance,0.0,47,negative,primary
shorts,future_relative_views_delta_7d,shallow_tree_regressor,semantic_cluster_label__de_en_el,semantic_cluster,feature_importance,0.0,48,negative,primary
shorts,future_relative_views_delta_7d,shallow_tree_regressor,semantic_cluster_label__in_the_xi,semantic_cluster,feature_importance,0.0,49,negative,primary
shorts,future_relative_views_delta_7d,shallow_tree_regressor,semantic_cluster_label__la_de_de_la,semantic_cluster,feature_importance,0.0,50,negative,primary
shorts,future_relative_views_delta_7d,shallow_tree_regressor,semantic_cluster_label__the_of_is,semantic_cluster,feature_importance,0.0,51,negative,primary
shorts,future_relative_views_delta_7d,shallow_tree_regressor,semantic_cluster_label__to_iran_trump,semantic_cluster,feature_importance,0.0,52,negative,primary
shorts,future_relative_views_delta_7d,shallow_tree_regressor,topic_primary__ai_tools,topic_metrics,feature_importance,0.0,53,negative,primary
shorts,future_relative_views_delta_7d,shallow_tree_regressor,topic_primary__finance_personal,topic_metrics,feature_importance,0.0,54,negative,primary
shorts,future_relative_views_delta_7d,shallow_tree_regressor,topic_primary__news_trends,topic_metrics,feature_importance,0.0,55,negative,primary
shorts,future_relative_views_delta_7d,shallow_tree_regressor,topic_primary__productivity,topic_metrics,feature_importance,0.0,56,negative,primary
shorts,future_relative_views_delta_7d,shallow_tree_regressor,topic_primary__tutorial,topic_metrics,feature_importance,0.0,57,negative,primary
shorts,future_relative_views_delta_7d,shallow_tree_regressor,topic_primary__unknown,topic_metrics,feature_importance,0.0,58,positive,primary
shorts,future_relative_views_delta_7d,shallow_tree_regressor,topic_secondary__ai_tools,topic_metrics,feature_importance,0.0,59,negative,primary
shorts,future_relative_views_delta_7d,shallow_tree_regressor,topic_secondary__finance_personal,topic_metrics,feature_importance,0.0,60,negative,primary
shorts,future_relative_views_delta_7d,shallow_tree_regressor,topic_secondary__news_trends,topic_metrics,feature_importance,0.0,61,negative,primary
shorts,future_relative_views_delta_7d,shallow_tree_regressor,topic_secondary__productivity,topic_metrics,feature_importance,0.0,62,negative,primary
shorts,future_relative_views_delta_7d,shallow_tree_regressor,topic_secondary__tutorial,topic_metrics,feature_importance,0.0,63,negative,primary
shorts,future_relative_views_delta_7d,shallow_tree_regressor,topic_secondary__unknown,topic_metrics,feature_importance,0.0,64,negative,primary
shorts,future_engagement_delta_7d,random_forest_regressor,ai_semantic_score,semantic_scores,permutation_importance_mean,0.0,1,mixed,primary
shorts,future_engagement_delta_7d,random_forest_regressor,ai_semantic_score,semantic_scores,permutation_importance_std,0.0,1,mixed,primary
shorts,future_engagement_delta_7d,random_forest_regressor,ai_semantic_score,semantic_scores,impurity_importance,0.0,1,mixed,secondary
shorts,future_engagement_delta_7d,random_forest_regressor,alpha_score,engagement_context,permutation_importance_mean,0.0,2,mixed,primary
shorts,future_engagement_delta_7d,random_forest_regressor,alpha_score,engagement_context,permutation_importance_std,0.0,2,mixed,primary
shorts,future_engagement_delta_7d,random_forest_regressor,alpha_score,engagement_context,impurity_importance,0.0,2,mixed,secondary
shorts,future_engagement_delta_7d,random_forest_regressor,channel_momentum_score,channel_context,permutation_importance_mean,0.0,3,mixed,primary
shorts,future_engagement_delta_7d,random_forest_regressor,channel_momentum_score,channel_context,permutation_importance_std,0.0,3,mixed,primary
shorts,future_engagement_delta_7d,random_forest_regressor,channel_momentum_score,channel_context,impurity_importance,0.0,3,mixed,secondary
shorts,future_engagement_delta_7d,random_forest_regressor,channel_relative_success_score,channel_context,permutation_importance_mean,0.0,4,mixed,primary
shorts,future_engagement_delta_7d,random_forest_regressor,channel_relative_success_score,channel_context,permutation_importance_std,0.0,4,mixed,primary
shorts,future_engagement_delta_7d,random_forest_regressor,channel_relative_success_score,channel_context,impurity_importance,0.0,4,mixed,secondary
shorts,future_engagement_delta_7d,random_forest_regressor,curiosity_semantic_score,semantic_scores,permutation_importance_mean,0.0,5,mixed,primary
shorts,future_engagement_delta_7d,random_forest_regressor,curiosity_semantic_score,semantic_scores,permutation_importance_std,0.0,5,mixed,primary
shorts,future_engagement_delta_7d,random_forest_regressor,curiosity_semantic_score,semantic_scores,impurity_importance,0.0,5,mixed,secondary
shorts,future_engagement_delta_7d,random_forest_regressor,decision_score,model_decision,permutation_importance_mean,0.0,6,mixed,primary
shorts,future_engagement_delta_7d,random_forest_regressor,decision_score,model_decision,permutation_importance_std,0.0,6,mixed,primary
shorts,future_engagement_delta_7d,random_forest_regressor,decision_score,model_decision,impurity_importance,0.0,6,mixed,secondary
shorts,future_engagement_delta_7d,random_forest_regressor,description_length_chars,engagement_context,permutation_importance_mean,0.0,7,mixed,primary
shorts,future_engagement_delta_7d,random_forest_regressor,description_length_chars,engagement_context,permutation_importance_std,0.0,7,mixed,primary
shorts,future_engagement_delta_7d,random_forest_regressor,description_length_chars,engagement_context,impurity_importance,0.0,7,mixed,secondary
shorts,future_engagement_delta_7d,random_forest_regressor,description_word_count,engagement_context,permutation_importance_mean,0.0,8,mixed,primary
shorts,future_engagement_delta_7d,random_forest_regressor,description_word_count,engagement_context,permutation_importance_std,0.0,8,mixed,primary
shorts,future_engagement_delta_7d,random_forest_regressor,description_word_count,engagement_context,impurity_importance,0.0,8,mixed,secondary
shorts,future_engagement_delta_7d,random_forest_regressor,engagement_rate,engagement_context,permutation_importance_mean,0.0,9,mixed,primary
shorts,future_engagement_delta_7d,random_forest_regressor,engagement_rate,engagement_context,permutation_importance_std,0.0,9,mixed,primary
shorts,future_engagement_delta_7d,random_forest_regressor,engagement_rate,engagement_context,impurity_importance,0.0,9,mixed,secondary
shorts,future_engagement_delta_7d,random_forest_regressor,evergreen_score,engagement_context,permutation_importance_mean,0.0,10,mixed,primary
shorts,future_engagement_delta_7d,random_forest_regressor,evergreen_score,engagement_context,permutation_importance_std,0.0,10,mixed,primary
shorts,future_engagement_delta_7d,random_forest_regressor,evergreen_score,engagement_context,impurity_importance,0.0,10,mixed,secondary
shorts,future_engagement_delta_7d,random_forest_regressor,finance_semantic_score,semantic_scores,permutation_importance_mean,0.0,11,mixed,primary
shorts,future_engagement_delta_7d,random_forest_regressor,finance_semantic_score,semantic_scores,permutation_importance_std,0.0,11,mixed,primary
shorts,future_engagement_delta_7d,random_forest_regressor,finance_semantic_score,semantic_scores,impurity_importance,0.0,11,mixed,secondary
shorts,future_engagement_delta_7d,random_forest_regressor,has_ai_word,engagement_context,permutation_importance_mean,0.0,12,mixed,primary
shorts,future_engagement_delta_7d,random_forest_regressor,has_ai_word,engagement_context,permutation_importance_std,0.0,12,mixed,primary
shorts,future_engagement_delta_7d,random_forest_regressor,has_ai_word,engagement_context,impurity_importance,0.0,12,mixed,secondary
shorts,future_engagement_delta_7d,random_forest_regressor,has_finance_word,engagement_context,permutation_importance_mean,0.0,13,mixed,primary
shorts,future_engagement_delta_7d,random_forest_regressor,has_finance_word,engagement_context,permutation_importance_std,0.0,13,mixed,primary
shorts,future_engagement_delta_7d,random_forest_regressor,has_finance_word,engagement_context,impurity_importance,0.0,13,mixed,secondary
shorts,future_engagement_delta_7d,random_forest_regressor,has_number,engagement_context,permutation_importance_mean,0.0,14,mixed,primary
shorts,future_engagement_delta_7d,random_forest_regressor,has_number,engagement_context,permutation_importance_std,0.0,14,mixed,primary
shorts,future_engagement_delta_7d,random_forest_regressor,has_number,engagement_context,impurity_importance,0.0,14,mixed,secondary
shorts,future_engagement_delta_7d,random_forest_regressor,has_question,engagement_context,permutation_importance_mean,0.0,15,mixed,primary
shorts,future_engagement_delta_7d,random_forest_regressor,has_question,engagement_context,permutation_importance_std,0.0,15,mixed,primary
shorts,future_engagement_delta_7d,random_forest_regressor,has_question,engagement_context,impurity_importance,0.0,15,mixed,secondary
shorts,future_engagement_delta_7d,random_forest_regressor,hybrid_decision_score,model_decision,permutation_importance_mean,0.0,16,mixed,primary
shorts,future_engagement_delta_7d,random_forest_regressor,hybrid_decision_score,model_decision,permutation_importance_std,0.0,16,mixed,primary
shorts,future_engagement_delta_7d,random_forest_regressor,hybrid_decision_score,model_decision,impurity_importance,0.0,16,mixed,secondary
shorts,future_engagement_delta_7d,random_forest_regressor,metadata_changed,metadata,permutation_importance_mean,0.0,17,mixed,primary
shorts,future_engagement_delta_7d,random_forest_regressor,metadata_changed,metadata,permutation_importance_std,0.0,17,mixed,primary
shorts,future_engagement_delta_7d,random_forest_regressor,metadata_changed,metadata,impurity_importance,0.0,17,mixed,secondary
shorts,future_engagement_delta_7d,random_forest_regressor,metric_confidence_score,engagement_context,permutation_importance_mean,0.0,18,mixed,primary
shorts,future_engagement_delta_7d,random_forest_regressor,metric_confidence_score,engagement_context,permutation_importance_std,0.0,18,mixed,primary
shorts,future_engagement_delta_7d,random_forest_regressor,metric_confidence_score,engagement_context,impurity_importance,0.0,18,mixed,secondary
shorts,future_engagement_delta_7d,random_forest_regressor,news_semantic_score,semantic_scores,permutation_importance_mean,0.0,19,mixed,primary
shorts,future_engagement_delta_7d,random_forest_regressor,news_semantic_score,semantic_scores,permutation_importance_std,0.0,19,mixed,primary
shorts,future_engagement_delta_7d,random_forest_regressor,news_semantic_score,semantic_scores,impurity_importance,0.0,19,mixed,secondary
shorts,future_engagement_delta_7d,random_forest_regressor,opportunity_score,engagement_context,permutation_importance_mean,0.0,20,mixed,primary
shorts,future_engagement_delta_7d,random_forest_regressor,opportunity_score,engagement_context,permutation_importance_std,0.0,20,mixed,primary
shorts,future_engagement_delta_7d,random_forest_regressor,opportunity_score,engagement_context,impurity_importance,0.0,20,mixed,secondary
shorts,future_engagement_delta_7d,random_forest_regressor,packaging_problem_score,engagement_context,permutation_importance_mean,0.0,21,mixed,primary
shorts,future_engagement_delta_7d,random_forest_regressor,packaging_problem_score,engagement_context,permutation_importance_std,0.0,21,mixed,primary
shorts,future_engagement_delta_7d,random_forest_regressor,packaging_problem_score,engagement_context,impurity_importance,0.0,21,mixed,secondary
shorts,future_engagement_delta_7d,random_forest_regressor,productivity_semantic_score,semantic_scores,permutation_importance_mean,0.0,22,mixed,primary
shorts,future_engagement_delta_7d,random_forest_regressor,productivity_semantic_score,semantic_scores,permutation_importance_std,0.0,22,mixed,primary
shorts,future_engagement_delta_7d,random_forest_regressor,productivity_semantic_score,semantic_scores,impurity_importance,0.0,22,mixed,secondary
shorts,future_engagement_delta_7d,random_forest_regressor,promise_semantic_score,semantic_scores,permutation_importance_mean,0.0,23,mixed,primary
shorts,future_engagement_delta_7d,random_forest_regressor,promise_semantic_score,semantic_scores,permutation_importance_std,0.0,23,mixed,primary
shorts,future_engagement_delta_7d,random_forest_regressor,promise_semantic_score,semantic_scores,impurity_importance,0.0,23,mixed,secondary
shorts,future_engagement_delta_7d,random_forest_regressor,semantic_cluster_id,semantic_cluster,permutation_importance_mean,0.0,24,mixed,primary
shorts,future_engagement_delta_7d,random_forest_regressor,semantic_cluster_id,semantic_cluster,permutation_importance_std,0.0,24,mixed,primary
shorts,future_engagement_delta_7d,random_forest_regressor,semantic_cluster_id,semantic_cluster,impurity_importance,0.0,24,mixed,secondary
shorts,future_engagement_delta_7d,random_forest_regressor,title_has_currency,title_style,permutation_importance_mean,0.0,25,mixed,primary
shorts,future_engagement_delta_7d,random_forest_regressor,title_has_currency,title_style,permutation_importance_std,0.0,25,mixed,primary
shorts,future_engagement_delta_7d,random_forest_regressor,title_has_currency,title_style,impurity_importance,0.0,25,mixed,secondary
shorts,future_engagement_delta_7d,random_forest_regressor,title_has_number,title_style,permutation_importance_mean,0.0,26,mixed,primary
shorts,future_engagement_delta_7d,random_forest_regressor,title_has_number,title_style,permutation_importance_std,0.0,26,mixed,primary
shorts,future_engagement_delta_7d,random_forest_regressor,title_has_number,title_style,impurity_importance,0.0,26,mixed,secondary
shorts,future_engagement_delta_7d,random_forest_regressor,title_has_question,title_style,permutation_importance_mean,0.0,27,mixed,primary
shorts,future_engagement_delta_7d,random_forest_regressor,title_has_question,title_style,permutation_importance_std,0.0,27,mixed,primary
shorts,future_engagement_delta_7d,random_forest_regressor,title_has_question,title_style,impurity_importance,0.0,27,mixed,secondary
shorts,future_engagement_delta_7d,random_forest_regressor,title_has_year,title_style,permutation_importance_mean,0.0,28,mixed,primary
shorts,future_engagement_delta_7d,random_forest_regressor,title_has_year,title_style,permutation_importance_std,0.0,28,mixed,primary
shorts,future_engagement_delta_7d,random_forest_regressor,title_has_year,title_style,impurity_importance,0.0,28,mixed,secondary
shorts,future_engagement_delta_7d,random_forest_regressor,title_length_chars,title_style,permutation_importance_mean,0.0,29,mixed,primary
shorts,future_engagement_delta_7d,random_forest_regressor,title_length_chars,title_style,permutation_importance_std,0.0,29,mixed,primary
shorts,future_engagement_delta_7d,random_forest_regressor,title_length_chars,title_style,impurity_importance,0.0,29,mixed,secondary
shorts,future_engagement_delta_7d,random_forest_regressor,title_word_count,title_style,permutation_importance_mean,0.0,30,mixed,primary
shorts,future_engagement_delta_7d,random_forest_regressor,title_word_count,title_style,permutation_importance_std,0.0,30,mixed,primary
shorts,future_engagement_delta_7d,random_forest_regressor,title_word_count,title_style,impurity_importance,0.0,30,mixed,secondary
shorts,future_engagement_delta_7d,random_forest_regressor,topic_confidence,topic_metrics,permutation_importance_mean,0.0,31,mixed,primary
shorts,future_engagement_delta_7d,random_forest_regressor,topic_confidence,topic_metrics,permutation_importance_std,0.0,31,mixed,primary
shorts,future_engagement_delta_7d,random_forest_regressor,topic_confidence,topic_metrics,impurity_importance,0.0,31,mixed,secondary
shorts,future_engagement_delta_7d,random_forest_regressor,topic_opportunity_score,topic_metrics,permutation_importance_mean,0.0,32,mixed,primary
shorts,future_engagement_delta_7d,random_forest_regressor,topic_opportunity_score,topic_metrics,permutation_importance_std,0.0,32,mixed,primary
shorts,future_engagement_delta_7d,random_forest_regressor,topic_opportunity_score,topic_metrics,impurity_importance,0.0,32,mixed,secondary
shorts,future_engagement_delta_7d,random_forest_regressor,topic_saturation_score,topic_metrics,permutation_importance_mean,0.0,33,mixed,primary
shorts,future_engagement_delta_7d,random_forest_regressor,topic_saturation_score,topic_metrics,permutation_importance_std,0.0,33,mixed,primary
shorts,future_engagement_delta_7d,random_forest_regressor,topic_saturation_score,topic_metrics,impurity_importance,0.0,33,mixed,secondary
shorts,future_engagement_delta_7d,random_forest_regressor,trend_burst_score,engagement_context,permutation_importance_mean,0.0,34,mixed,primary
shorts,future_engagement_delta_7d,random_forest_regressor,trend_burst_score,engagement_context,permutation_importance_std,0.0,34,mixed,primary
shorts,future_engagement_delta_7d,random_forest_regressor,trend_burst_score,engagement_context,impurity_importance,0.0,34,mixed,secondary
shorts,future_engagement_delta_7d,random_forest_regressor,tutorial_semantic_score,semantic_scores,permutation_importance_mean,0.0,35,mixed,primary
shorts,future_engagement_delta_7d,random_forest_regressor,tutorial_semantic_score,semantic_scores,permutation_importance_std,0.0,35,mixed,primary
shorts,future_engagement_delta_7d,random_forest_regressor,tutorial_semantic_score,semantic_scores,impurity_importance,0.0,35,mixed,secondary
shorts,future_engagement_delta_7d,random_forest_regressor,urgency_semantic_score,semantic_scores,permutation_importance_mean,0.0,36,mixed,primary
shorts,future_engagement_delta_7d,random_forest_regressor,urgency_semantic_score,semantic_scores,permutation_importance_std,0.0,36,mixed,primary
shorts,future_engagement_delta_7d,random_forest_regressor,urgency_semantic_score,semantic_scores,impurity_importance,0.0,36,mixed,secondary
shorts,future_engagement_delta_7d,random_forest_regressor,views_delta,engagement_context,permutation_importance_mean,0.0,37,mixed,primary
shorts,future_engagement_delta_7d,random_forest_regressor,views_delta,engagement_context,permutation_importance_std,0.0,37,mixed,primary
shorts,future_engagement_delta_7d,random_forest_regressor,views_delta,engagement_context,impurity_importance,0.0,37,mixed,secondary
shorts,future_engagement_delta_7d,random_forest_regressor,warning_semantic_score,semantic_scores,permutation_importance_mean,0.0,38,mixed,primary
shorts,future_engagement_delta_7d,random_forest_regressor,warning_semantic_score,semantic_scores,permutation_importance_std,0.0,38,mixed,primary
shorts,future_engagement_delta_7d,random_forest_regressor,warning_semantic_score,semantic_scores,impurity_importance,0.0,38,mixed,secondary
shorts,future_engagement_delta_7d,random_forest_regressor,hook_semantic_type__ai,title_style,permutation_importance_mean,0.0,39,mixed,primary
shorts,future_engagement_delta_7d,random_forest_regressor,hook_semantic_type__ai,title_style,permutation_importance_std,0.0,39,mixed,primary
shorts,future_engagement_delta_7d,random_forest_regressor,hook_semantic_type__ai,title_style,impurity_importance,0.0,39,mixed,secondary
shorts,future_engagement_delta_7d,random_forest_regressor,hook_semantic_type__curiosity,title_style,permutation_importance_mean,0.0,40,mixed,primary
shorts,future_engagement_delta_7d,random_forest_regressor,hook_semantic_type__curiosity,title_style,permutation_importance_std,0.0,40,mixed,primary
shorts,future_engagement_delta_7d,random_forest_regressor,hook_semantic_type__curiosity,title_style,impurity_importance,0.0,40,mixed,secondary
shorts,future_engagement_delta_7d,random_forest_regressor,hook_semantic_type__finance,title_style,permutation_importance_mean,0.0,41,mixed,primary
shorts,future_engagement_delta_7d,random_forest_regressor,hook_semantic_type__finance,title_style,permutation_importance_std,0.0,41,mixed,primary
shorts,future_engagement_delta_7d,random_forest_regressor,hook_semantic_type__finance,title_style,impurity_importance,0.0,41,mixed,secondary
shorts,future_engagement_delta_7d,random_forest_regressor,hook_semantic_type__news,title_style,permutation_importance_mean,0.0,42,mixed,primary
shorts,future_engagement_delta_7d,random_forest_regressor,hook_semantic_type__news,title_style,permutation_importance_std,0.0,42,mixed,primary
shorts,future_engagement_delta_7d,random_forest_regressor,hook_semantic_type__news,title_style,impurity_importance,0.0,42,mixed,secondary
shorts,future_engagement_delta_7d,random_forest_regressor,hook_semantic_type__promise,title_style,permutation_importance_mean,0.0,43,mixed,primary
shorts,future_engagement_delta_7d,random_forest_regressor,hook_semantic_type__promise,title_style,permutation_importance_std,0.0,43,mixed,primary
shorts,future_engagement_delta_7d,random_forest_regressor,hook_semantic_type__promise,title_style,impurity_importance,0.0,43,mixed,secondary
shorts,future_engagement_delta_7d,random_forest_regressor,hook_semantic_type__tutorial,title_style,permutation_importance_mean,0.0,44,mixed,primary
shorts,future_engagement_delta_7d,random_forest_regressor,hook_semantic_type__tutorial,title_style,permutation_importance_std,0.0,44,mixed,primary
shorts,future_engagement_delta_7d,random_forest_regressor,hook_semantic_type__tutorial,title_style,impurity_importance,0.0,44,mixed,secondary
shorts,future_engagement_delta_7d,random_forest_regressor,hook_semantic_type__unknown,title_style,permutation_importance_mean,0.0,45,mixed,primary
shorts,future_engagement_delta_7d,random_forest_regressor,hook_semantic_type__unknown,title_style,permutation_importance_std,0.0,45,mixed,primary
shorts,future_engagement_delta_7d,random_forest_regressor,hook_semantic_type__unknown,title_style,impurity_importance,0.0,45,mixed,secondary
shorts,future_engagement_delta_7d,random_forest_regressor,hook_semantic_type__warning,title_style,permutation_importance_mean,0.0,46,mixed,primary
shorts,future_engagement_delta_7d,random_forest_regressor,hook_semantic_type__warning,title_style,permutation_importance_std,0.0,46,mixed,primary
shorts,future_engagement_delta_7d,random_forest_regressor,hook_semantic_type__warning,title_style,impurity_importance,0.0,46,mixed,secondary
shorts,future_engagement_delta_7d,random_forest_regressor,semantic_cluster_label__de_de_mayo_mayo,semantic_cluster,permutation_importance_mean,0.0,47,mixed,primary
shorts,future_engagement_delta_7d,random_forest_regressor,semantic_cluster_label__de_de_mayo_mayo,semantic_cluster,permutation_importance_std,0.0,47,mixed,primary
shorts,future_engagement_delta_7d,random_forest_regressor,semantic_cluster_label__de_de_mayo_mayo,semantic_cluster,impurity_importance,0.0,47,mixed,secondary
shorts,future_engagement_delta_7d,random_forest_regressor,semantic_cluster_label__de_en_el,semantic_cluster,permutation_importance_mean,0.0,48,mixed,primary
shorts,future_engagement_delta_7d,random_forest_regressor,semantic_cluster_label__de_en_el,semantic_cluster,permutation_importance_std,0.0,48,mixed,primary
shorts,future_engagement_delta_7d,random_forest_regressor,semantic_cluster_label__de_en_el,semantic_cluster,impurity_importance,0.0,48,mixed,secondary
shorts,future_engagement_delta_7d,random_forest_regressor,semantic_cluster_label__in_the_xi,semantic_cluster,permutation_importance_mean,0.0,49,mixed,primary
shorts,future_engagement_delta_7d,random_forest_regressor,semantic_cluster_label__in_the_xi,semantic_cluster,permutation_importance_std,0.0,49,mixed,primary
shorts,future_engagement_delta_7d,random_forest_regressor,semantic_cluster_label__in_the_xi,semantic_cluster,impurity_importance,0.0,49,mixed,secondary
shorts,future_engagement_delta_7d,random_forest_regressor,semantic_cluster_label__la_de_de_la,semantic_cluster,permutation_importance_mean,0.0,50,mixed,primary
shorts,future_engagement_delta_7d,random_forest_regressor,semantic_cluster_label__la_de_de_la,semantic_cluster,permutation_importance_std,0.0,50,mixed,primary
shorts,future_engagement_delta_7d,random_forest_regressor,semantic_cluster_label__la_de_de_la,semantic_cluster,impurity_importance,0.0,50,mixed,secondary
shorts,future_engagement_delta_7d,random_forest_regressor,semantic_cluster_label__the_of_is,semantic_cluster,permutation_importance_mean,0.0,51,mixed,primary
shorts,future_engagement_delta_7d,random_forest_regressor,semantic_cluster_label__the_of_is,semantic_cluster,permutation_importance_std,0.0,51,mixed,primary
shorts,future_engagement_delta_7d,random_forest_regressor,semantic_cluster_label__the_of_is,semantic_cluster,impurity_importance,0.0,51,mixed,secondary
shorts,future_engagement_delta_7d,random_forest_regressor,semantic_cluster_label__to_iran_trump,semantic_cluster,permutation_importance_mean,0.0,52,mixed,primary
shorts,future_engagement_delta_7d,random_forest_regressor,semantic_cluster_label__to_iran_trump,semantic_cluster,permutation_importance_std,0.0,52,mixed,primary
shorts,future_engagement_delta_7d,random_forest_regressor,semantic_cluster_label__to_iran_trump,semantic_cluster,impurity_importance,0.0,52,mixed,secondary
shorts,future_engagement_delta_7d,random_forest_regressor,topic_primary__ai_tools,topic_metrics,permutation_importance_mean,0.0,53,mixed,primary
shorts,future_engagement_delta_7d,random_forest_regressor,topic_primary__ai_tools,topic_metrics,permutation_importance_std,0.0,53,mixed,primary
shorts,future_engagement_delta_7d,random_forest_regressor,topic_primary__ai_tools,topic_metrics,impurity_importance,0.0,53,mixed,secondary
shorts,future_engagement_delta_7d,random_forest_regressor,topic_primary__finance_personal,topic_metrics,permutation_importance_mean,0.0,54,mixed,primary
shorts,future_engagement_delta_7d,random_forest_regressor,topic_primary__finance_personal,topic_metrics,permutation_importance_std,0.0,54,mixed,primary
shorts,future_engagement_delta_7d,random_forest_regressor,topic_primary__finance_personal,topic_metrics,impurity_importance,0.0,54,mixed,secondary
shorts,future_engagement_delta_7d,random_forest_regressor,topic_primary__news_trends,topic_metrics,permutation_importance_mean,0.0,55,mixed,primary
shorts,future_engagement_delta_7d,random_forest_regressor,topic_primary__news_trends,topic_metrics,permutation_importance_std,0.0,55,mixed,primary
shorts,future_engagement_delta_7d,random_forest_regressor,topic_primary__news_trends,topic_metrics,impurity_importance,0.0,55,mixed,secondary
shorts,future_engagement_delta_7d,random_forest_regressor,topic_primary__productivity,topic_metrics,permutation_importance_mean,0.0,56,mixed,primary
shorts,future_engagement_delta_7d,random_forest_regressor,topic_primary__productivity,topic_metrics,permutation_importance_std,0.0,56,mixed,primary
shorts,future_engagement_delta_7d,random_forest_regressor,topic_primary__productivity,topic_metrics,impurity_importance,0.0,56,mixed,secondary
shorts,future_engagement_delta_7d,random_forest_regressor,topic_primary__tutorial,topic_metrics,permutation_importance_mean,0.0,57,mixed,primary
shorts,future_engagement_delta_7d,random_forest_regressor,topic_primary__tutorial,topic_metrics,permutation_importance_std,0.0,57,mixed,primary
shorts,future_engagement_delta_7d,random_forest_regressor,topic_primary__tutorial,topic_metrics,impurity_importance,0.0,57,mixed,secondary
shorts,future_engagement_delta_7d,random_forest_regressor,topic_primary__unknown,topic_metrics,permutation_importance_mean,0.0,58,mixed,primary
shorts,future_engagement_delta_7d,random_forest_regressor,topic_primary__unknown,topic_metrics,permutation_importance_std,0.0,58,mixed,primary
shorts,future_engagement_delta_7d,random_forest_regressor,topic_primary__unknown,topic_metrics,impurity_importance,0.0,58,mixed,secondary
shorts,future_engagement_delta_7d,random_forest_regressor,topic_secondary__ai_tools,topic_metrics,permutation_importance_mean,0.0,59,mixed,primary
shorts,future_engagement_delta_7d,random_forest_regressor,topic_secondary__ai_tools,topic_metrics,permutation_importance_std,0.0,59,mixed,primary
shorts,future_engagement_delta_7d,random_forest_regressor,topic_secondary__ai_tools,topic_metrics,impurity_importance,0.0,59,mixed,secondary
shorts,future_engagement_delta_7d,random_forest_regressor,topic_secondary__finance_personal,topic_metrics,permutation_importance_mean,0.0,60,mixed,primary
shorts,future_engagement_delta_7d,random_forest_regressor,topic_secondary__finance_personal,topic_metrics,permutation_importance_std,0.0,60,mixed,primary
shorts,future_engagement_delta_7d,random_forest_regressor,topic_secondary__finance_personal,topic_metrics,impurity_importance,0.0,60,mixed,secondary
shorts,future_engagement_delta_7d,random_forest_regressor,topic_secondary__news_trends,topic_metrics,permutation_importance_mean,0.0,61,mixed,primary
shorts,future_engagement_delta_7d,random_forest_regressor,topic_secondary__news_trends,topic_metrics,permutation_importance_std,0.0,61,mixed,primary
shorts,future_engagement_delta_7d,random_forest_regressor,topic_secondary__news_trends,topic_metrics,impurity_importance,0.0,61,mixed,secondary
shorts,future_engagement_delta_7d,random_forest_regressor,topic_secondary__productivity,topic_metrics,permutation_importance_mean,0.0,62,mixed,primary
shorts,future_engagement_delta_7d,random_forest_regressor,topic_secondary__productivity,topic_metrics,permutation_importance_std,0.0,62,mixed,primary
shorts,future_engagement_delta_7d,random_forest_regressor,topic_secondary__productivity,topic_metrics,impurity_importance,0.0,62,mixed,secondary
shorts,future_engagement_delta_7d,random_forest_regressor,topic_secondary__tutorial,topic_metrics,permutation_importance_mean,0.0,63,mixed,primary
shorts,future_engagement_delta_7d,random_forest_regressor,topic_secondary__tutorial,topic_metrics,permutation_importance_std,0.0,63,mixed,primary
shorts,future_engagement_delta_7d,random_forest_regressor,topic_secondary__tutorial,topic_metrics,impurity_importance,0.0,63,mixed,secondary
shorts,future_engagement_delta_7d,random_forest_regressor,topic_secondary__unknown,topic_metrics,permutation_importance_mean,0.0,64,mixed,primary
shorts,future_engagement_delta_7d,random_forest_regressor,topic_secondary__unknown,topic_metrics,permutation_importance_std,0.0,64,mixed,primary
shorts,future_engagement_delta_7d,random_forest_regressor,topic_secondary__unknown,topic_metrics,impurity_importance,0.0,64,mixed,secondary
shorts,future_engagement_delta_7d,linear_regularized_regressor,ai_semantic_score,semantic_scores,standardized_coefficient,0.0,1,mixed,primary
shorts,future_engagement_delta_7d,linear_regularized_regressor,alpha_score,engagement_context,standardized_coefficient,0.0,2,mixed,primary
shorts,future_engagement_delta_7d,linear_regularized_regressor,channel_momentum_score,channel_context,standardized_coefficient,0.0,3,mixed,primary
shorts,future_engagement_delta_7d,linear_regularized_regressor,channel_relative_success_score,channel_context,standardized_coefficient,0.0,4,mixed,primary
shorts,future_engagement_delta_7d,linear_regularized_regressor,curiosity_semantic_score,semantic_scores,standardized_coefficient,0.0,5,mixed,primary
shorts,future_engagement_delta_7d,linear_regularized_regressor,decision_score,model_decision,standardized_coefficient,0.0,6,mixed,primary
shorts,future_engagement_delta_7d,linear_regularized_regressor,description_length_chars,engagement_context,standardized_coefficient,0.0,7,mixed,primary
shorts,future_engagement_delta_7d,linear_regularized_regressor,description_word_count,engagement_context,standardized_coefficient,0.0,8,mixed,primary
shorts,future_engagement_delta_7d,linear_regularized_regressor,engagement_rate,engagement_context,standardized_coefficient,0.0,9,mixed,primary
shorts,future_engagement_delta_7d,linear_regularized_regressor,evergreen_score,engagement_context,standardized_coefficient,0.0,10,mixed,primary
shorts,future_engagement_delta_7d,linear_regularized_regressor,finance_semantic_score,semantic_scores,standardized_coefficient,0.0,11,mixed,primary
shorts,future_engagement_delta_7d,linear_regularized_regressor,has_ai_word,engagement_context,standardized_coefficient,0.0,12,mixed,primary
shorts,future_engagement_delta_7d,linear_regularized_regressor,has_finance_word,engagement_context,standardized_coefficient,0.0,13,mixed,primary
shorts,future_engagement_delta_7d,linear_regularized_regressor,has_number,engagement_context,standardized_coefficient,0.0,14,mixed,primary
shorts,future_engagement_delta_7d,linear_regularized_regressor,has_question,engagement_context,standardized_coefficient,0.0,15,mixed,primary
shorts,future_engagement_delta_7d,linear_regularized_regressor,hybrid_decision_score,model_decision,standardized_coefficient,0.0,16,mixed,primary
shorts,future_engagement_delta_7d,linear_regularized_regressor,metadata_changed,metadata,standardized_coefficient,0.0,17,mixed,primary
shorts,future_engagement_delta_7d,linear_regularized_regressor,metric_confidence_score,engagement_context,standardized_coefficient,0.0,18,mixed,primary
shorts,future_engagement_delta_7d,linear_regularized_regressor,news_semantic_score,semantic_scores,standardized_coefficient,0.0,19,mixed,primary
shorts,future_engagement_delta_7d,linear_regularized_regressor,opportunity_score,engagement_context,standardized_coefficient,0.0,20,mixed,primary
shorts,future_engagement_delta_7d,linear_regularized_regressor,packaging_problem_score,engagement_context,standardized_coefficient,0.0,21,mixed,primary
shorts,future_engagement_delta_7d,linear_regularized_regressor,productivity_semantic_score,semantic_scores,standardized_coefficient,0.0,22,mixed,primary
shorts,future_engagement_delta_7d,linear_regularized_regressor,promise_semantic_score,semantic_scores,standardized_coefficient,0.0,23,mixed,primary
shorts,future_engagement_delta_7d,linear_regularized_regressor,semantic_cluster_id,semantic_cluster,standardized_coefficient,0.0,24,mixed,primary
shorts,future_engagement_delta_7d,linear_regularized_regressor,title_has_currency,title_style,standardized_coefficient,0.0,25,mixed,primary
shorts,future_engagement_delta_7d,linear_regularized_regressor,title_has_number,title_style,standardized_coefficient,0.0,26,mixed,primary
shorts,future_engagement_delta_7d,linear_regularized_regressor,title_has_question,title_style,standardized_coefficient,0.0,27,mixed,primary
shorts,future_engagement_delta_7d,linear_regularized_regressor,title_has_year,title_style,standardized_coefficient,0.0,28,mixed,primary
shorts,future_engagement_delta_7d,linear_regularized_regressor,title_length_chars,title_style,standardized_coefficient,0.0,29,mixed,primary
shorts,future_engagement_delta_7d,linear_regularized_regressor,title_word_count,title_style,standardized_coefficient,0.0,30,mixed,primary
shorts,future_engagement_delta_7d,linear_regularized_regressor,topic_confidence,topic_metrics,standardized_coefficient,0.0,31,mixed,primary
shorts,future_engagement_delta_7d,linear_regularized_regressor,topic_opportunity_score,topic_metrics,standardized_coefficient,0.0,32,mixed,primary
shorts,future_engagement_delta_7d,linear_regularized_regressor,topic_saturation_score,topic_metrics,standardized_coefficient,0.0,33,mixed,primary
shorts,future_engagement_delta_7d,linear_regularized_regressor,trend_burst_score,engagement_context,standardized_coefficient,0.0,34,mixed,primary
shorts,future_engagement_delta_7d,linear_regularized_regressor,tutorial_semantic_score,semantic_scores,standardized_coefficient,0.0,35,mixed,primary
shorts,future_engagement_delta_7d,linear_regularized_regressor,urgency_semantic_score,semantic_scores,standardized_coefficient,0.0,36,mixed,primary
shorts,future_engagement_delta_7d,linear_regularized_regressor,views_delta,engagement_context,standardized_coefficient,0.0,37,mixed,primary
shorts,future_engagement_delta_7d,linear_regularized_regressor,warning_semantic_score,semantic_scores,standardized_coefficient,0.0,38,mixed,primary
shorts,future_engagement_delta_7d,linear_regularized_regressor,hook_semantic_type__ai,title_style,standardized_coefficient,0.0,39,mixed,primary
shorts,future_engagement_delta_7d,linear_regularized_regressor,hook_semantic_type__curiosity,title_style,standardized_coefficient,0.0,40,mixed,primary
shorts,future_engagement_delta_7d,linear_regularized_regressor,hook_semantic_type__finance,title_style,standardized_coefficient,0.0,41,mixed,primary
shorts,future_engagement_delta_7d,linear_regularized_regressor,hook_semantic_type__news,title_style,standardized_coefficient,0.0,42,mixed,primary
shorts,future_engagement_delta_7d,linear_regularized_regressor,hook_semantic_type__promise,title_style,standardized_coefficient,0.0,43,mixed,primary
shorts,future_engagement_delta_7d,linear_regularized_regressor,hook_semantic_type__tutorial,title_style,standardized_coefficient,0.0,44,mixed,primary
shorts,future_engagement_delta_7d,linear_regularized_regressor,hook_semantic_type__unknown,title_style,standardized_coefficient,0.0,45,mixed,primary
shorts,future_engagement_delta_7d,linear_regularized_regressor,hook_semantic_type__warning,title_style,standardized_coefficient,0.0,46,mixed,primary
shorts,future_engagement_delta_7d,linear_regularized_regressor,semantic_cluster_label__de_de_mayo_mayo,semantic_cluster,standardized_coefficient,0.0,47,mixed,primary
shorts,future_engagement_delta_7d,linear_regularized_regressor,semantic_cluster_label__de_en_el,semantic_cluster,standardized_coefficient,0.0,48,mixed,primary
shorts,future_engagement_delta_7d,linear_regularized_regressor,semantic_cluster_label__in_the_xi,semantic_cluster,standardized_coefficient,0.0,49,mixed,primary
shorts,future_engagement_delta_7d,linear_regularized_regressor,semantic_cluster_label__la_de_de_la,semantic_cluster,standardized_coefficient,0.0,50,mixed,primary
shorts,future_engagement_delta_7d,linear_regularized_regressor,semantic_cluster_label__the_of_is,semantic_cluster,standardized_coefficient,0.0,51,mixed,primary
shorts,future_engagement_delta_7d,linear_regularized_regressor,semantic_cluster_label__to_iran_trump,semantic_cluster,standardized_coefficient,0.0,52,mixed,primary
shorts,future_engagement_delta_7d,linear_regularized_regressor,topic_primary__ai_tools,topic_metrics,standardized_coefficient,0.0,53,mixed,primary
shorts,future_engagement_delta_7d,linear_regularized_regressor,topic_primary__finance_personal,topic_metrics,standardized_coefficient,0.0,54,mixed,primary
shorts,future_engagement_delta_7d,linear_regularized_regressor,topic_primary__news_trends,topic_metrics,standardized_coefficient,0.0,55,mixed,primary
shorts,future_engagement_delta_7d,linear_regularized_regressor,topic_primary__productivity,topic_metrics,standardized_coefficient,0.0,56,mixed,primary
shorts,future_engagement_delta_7d,linear_regularized_regressor,topic_primary__tutorial,topic_metrics,standardized_coefficient,0.0,57,mixed,primary
shorts,future_engagement_delta_7d,linear_regularized_regressor,topic_primary__unknown,topic_metrics,standardized_coefficient,0.0,58,mixed,primary
shorts,future_engagement_delta_7d,linear_regularized_regressor,topic_secondary__ai_tools,topic_metrics,standardized_coefficient,0.0,59,mixed,primary
shorts,future_engagement_delta_7d,linear_regularized_regressor,topic_secondary__finance_personal,topic_metrics,standardized_coefficient,0.0,60,mixed,primary
shorts,future_engagement_delta_7d,linear_regularized_regressor,topic_secondary__news_trends,topic_metrics,standardized_coefficient,0.0,61,mixed,primary
shorts,future_engagement_delta_7d,linear_regularized_regressor,topic_secondary__productivity,topic_metrics,standardized_coefficient,0.0,62,mixed,primary
shorts,future_engagement_delta_7d,linear_regularized_regressor,topic_secondary__tutorial,topic_metrics,standardized_coefficient,0.0,63,mixed,primary
shorts,future_engagement_delta_7d,linear_regularized_regressor,topic_secondary__unknown,topic_metrics,standardized_coefficient,0.0,64,mixed,primary
shorts,future_engagement_delta_7d,shallow_tree_regressor,ai_semantic_score,semantic_scores,feature_importance,0.0,1,mixed,primary
shorts,future_engagement_delta_7d,shallow_tree_regressor,alpha_score,engagement_context,feature_importance,0.0,2,mixed,primary
shorts,future_engagement_delta_7d,shallow_tree_regressor,channel_momentum_score,channel_context,feature_importance,0.0,3,mixed,primary
shorts,future_engagement_delta_7d,shallow_tree_regressor,channel_relative_success_score,channel_context,feature_importance,0.0,4,mixed,primary
shorts,future_engagement_delta_7d,shallow_tree_regressor,curiosity_semantic_score,semantic_scores,feature_importance,0.0,5,mixed,primary
shorts,future_engagement_delta_7d,shallow_tree_regressor,decision_score,model_decision,feature_importance,0.0,6,mixed,primary
shorts,future_engagement_delta_7d,shallow_tree_regressor,description_length_chars,engagement_context,feature_importance,0.0,7,mixed,primary
shorts,future_engagement_delta_7d,shallow_tree_regressor,description_word_count,engagement_context,feature_importance,0.0,8,mixed,primary
shorts,future_engagement_delta_7d,shallow_tree_regressor,engagement_rate,engagement_context,feature_importance,0.0,9,mixed,primary
shorts,future_engagement_delta_7d,shallow_tree_regressor,evergreen_score,engagement_context,feature_importance,0.0,10,mixed,primary
shorts,future_engagement_delta_7d,shallow_tree_regressor,finance_semantic_score,semantic_scores,feature_importance,0.0,11,mixed,primary
shorts,future_engagement_delta_7d,shallow_tree_regressor,has_ai_word,engagement_context,feature_importance,0.0,12,mixed,primary
shorts,future_engagement_delta_7d,shallow_tree_regressor,has_finance_word,engagement_context,feature_importance,0.0,13,mixed,primary
shorts,future_engagement_delta_7d,shallow_tree_regressor,has_number,engagement_context,feature_importance,0.0,14,mixed,primary
shorts,future_engagement_delta_7d,shallow_tree_regressor,has_question,engagement_context,feature_importance,0.0,15,mixed,primary
shorts,future_engagement_delta_7d,shallow_tree_regressor,hybrid_decision_score,model_decision,feature_importance,0.0,16,mixed,primary
shorts,future_engagement_delta_7d,shallow_tree_regressor,metadata_changed,metadata,feature_importance,0.0,17,mixed,primary
shorts,future_engagement_delta_7d,shallow_tree_regressor,metric_confidence_score,engagement_context,feature_importance,0.0,18,mixed,primary
shorts,future_engagement_delta_7d,shallow_tree_regressor,news_semantic_score,semantic_scores,feature_importance,0.0,19,mixed,primary
shorts,future_engagement_delta_7d,shallow_tree_regressor,opportunity_score,engagement_context,feature_importance,0.0,20,mixed,primary
shorts,future_engagement_delta_7d,shallow_tree_regressor,packaging_problem_score,engagement_context,feature_importance,0.0,21,mixed,primary
shorts,future_engagement_delta_7d,shallow_tree_regressor,productivity_semantic_score,semantic_scores,feature_importance,0.0,22,mixed,primary
shorts,future_engagement_delta_7d,shallow_tree_regressor,promise_semantic_score,semantic_scores,feature_importance,0.0,23,mixed,primary
shorts,future_engagement_delta_7d,shallow_tree_regressor,semantic_cluster_id,semantic_cluster,feature_importance,0.0,24,mixed,primary
shorts,future_engagement_delta_7d,shallow_tree_regressor,title_has_currency,title_style,feature_importance,0.0,25,mixed,primary
shorts,future_engagement_delta_7d,shallow_tree_regressor,title_has_number,title_style,feature_importance,0.0,26,mixed,primary
shorts,future_engagement_delta_7d,shallow_tree_regressor,title_has_question,title_style,feature_importance,0.0,27,mixed,primary
shorts,future_engagement_delta_7d,shallow_tree_regressor,title_has_year,title_style,feature_importance,0.0,28,mixed,primary
shorts,future_engagement_delta_7d,shallow_tree_regressor,title_length_chars,title_style,feature_importance,0.0,29,mixed,primary
shorts,future_engagement_delta_7d,shallow_tree_regressor,title_word_count,title_style,feature_importance,0.0,30,mixed,primary
shorts,future_engagement_delta_7d,shallow_tree_regressor,topic_confidence,topic_metrics,feature_importance,0.0,31,mixed,primary
shorts,future_engagement_delta_7d,shallow_tree_regressor,topic_opportunity_score,topic_metrics,feature_importance,0.0,32,mixed,primary
shorts,future_engagement_delta_7d,shallow_tree_regressor,topic_saturation_score,topic_metrics,feature_importance,0.0,33,mixed,primary
shorts,future_engagement_delta_7d,shallow_tree_regressor,trend_burst_score,engagement_context,feature_importance,0.0,34,mixed,primary
shorts,future_engagement_delta_7d,shallow_tree_regressor,tutorial_semantic_score,semantic_scores,feature_importance,0.0,35,mixed,primary
shorts,future_engagement_delta_7d,shallow_tree_regressor,urgency_semantic_score,semantic_scores,feature_importance,0.0,36,mixed,primary
shorts,future_engagement_delta_7d,shallow_tree_regressor,views_delta,engagement_context,feature_importance,0.0,37,mixed,primary
shorts,future_engagement_delta_7d,shallow_tree_regressor,warning_semantic_score,semantic_scores,feature_importance,0.0,38,mixed,primary
shorts,future_engagement_delta_7d,shallow_tree_regressor,hook_semantic_type__ai,title_style,feature_importance,0.0,39,mixed,primary
shorts,future_engagement_delta_7d,shallow_tree_regressor,hook_semantic_type__curiosity,title_style,feature_importance,0.0,40,mixed,primary
shorts,future_engagement_delta_7d,shallow_tree_regressor,hook_semantic_type__finance,title_style,feature_importance,0.0,41,mixed,primary
shorts,future_engagement_delta_7d,shallow_tree_regressor,hook_semantic_type__news,title_style,feature_importance,0.0,42,mixed,primary
shorts,future_engagement_delta_7d,shallow_tree_regressor,hook_semantic_type__promise,title_style,feature_importance,0.0,43,mixed,primary
shorts,future_engagement_delta_7d,shallow_tree_regressor,hook_semantic_type__tutorial,title_style,feature_importance,0.0,44,mixed,primary
shorts,future_engagement_delta_7d,shallow_tree_regressor,hook_semantic_type__unknown,title_style,feature_importance,0.0,45,mixed,primary
shorts,future_engagement_delta_7d,shallow_tree_regressor,hook_semantic_type__warning,title_style,feature_importance,0.0,46,mixed,primary
shorts,future_engagement_delta_7d,shallow_tree_regressor,semantic_cluster_label__de_de_mayo_mayo,semantic_cluster,feature_importance,0.0,47,mixed,primary
shorts,future_engagement_delta_7d,shallow_tree_regressor,semantic_cluster_label__de_en_el,semantic_cluster,feature_importance,0.0,48,mixed,primary
shorts,future_engagement_delta_7d,shallow_tree_regressor,semantic_cluster_label__in_the_xi,semantic_cluster,feature_importance,0.0,49,mixed,primary
shorts,future_engagement_delta_7d,shallow_tree_regressor,semantic_cluster_label__la_de_de_la,semantic_cluster,feature_importance,0.0,50,mixed,primary
shorts,future_engagement_delta_7d,shallow_tree_regressor,semantic_cluster_label__the_of_is,semantic_cluster,feature_importance,0.0,51,mixed,primary
shorts,future_engagement_delta_7d,shallow_tree_regressor,semantic_cluster_label__to_iran_trump,semantic_cluster,feature_importance,0.0,52,mixed,primary
shorts,future_engagement_delta_7d,shallow_tree_regressor,topic_primary__ai_tools,topic_metrics,feature_importance,0.0,53,mixed,primary
shorts,future_engagement_delta_7d,shallow_tree_regressor,topic_primary__finance_personal,topic_metrics,feature_importance,0.0,54,mixed,primary
shorts,future_engagement_delta_7d,shallow_tree_regressor,topic_primary__news_trends,topic_metrics,feature_importance,0.0,55,mixed,primary
shorts,future_engagement_delta_7d,shallow_tree_regressor,topic_primary__productivity,topic_metrics,feature_importance,0.0,56,mixed,primary
shorts,future_engagement_delta_7d,shallow_tree_regressor,topic_primary__tutorial,topic_metrics,feature_importance,0.0,57,mixed,primary
shorts,future_engagement_delta_7d,shallow_tree_regressor,topic_primary__unknown,topic_metrics,feature_importance,0.0,58,mixed,primary
shorts,future_engagement_delta_7d,shallow_tree_regressor,topic_secondary__ai_tools,topic_metrics,feature_importance,0.0,59,mixed,primary
shorts,future_engagement_delta_7d,shallow_tree_regressor,topic_secondary__finance_personal,topic_metrics,feature_importance,0.0,60,mixed,primary
shorts,future_engagement_delta_7d,shallow_tree_regressor,topic_secondary__news_trends,topic_metrics,feature_importance,0.0,61,mixed,primary
shorts,future_engagement_delta_7d,shallow_tree_regressor,topic_secondary__productivity,topic_metrics,feature_importance,0.0,62,mixed,primary
shorts,future_engagement_delta_7d,shallow_tree_regressor,topic_secondary__tutorial,topic_metrics,feature_importance,0.0,63,mixed,primary
shorts,future_engagement_delta_7d,shallow_tree_regressor,topic_secondary__unknown,topic_metrics,feature_importance,0.0,64,mixed,primary
shorts,content_value_score_7d,random_forest_regressor,ai_semantic_score,semantic_scores,permutation_importance_mean,0.00052967,31,negative,primary
shorts,content_value_score_7d,random_forest_regressor,ai_semantic_score,semantic_scores,permutation_importance_std,0.00018001,31,negative,primary
shorts,content_value_score_7d,random_forest_regressor,ai_semantic_score,semantic_scores,impurity_importance,0.00082089,31,negative,secondary
shorts,content_value_score_7d,random_forest_regressor,alpha_score,engagement_context,permutation_importance_mean,-0.0122503,7,positive,primary
shorts,content_value_score_7d,random_forest_regressor,alpha_score,engagement_context,permutation_importance_std,0.00427216,7,positive,primary
shorts,content_value_score_7d,random_forest_regressor,alpha_score,engagement_context,impurity_importance,0.06232102,7,positive,secondary
shorts,content_value_score_7d,random_forest_regressor,channel_momentum_score,channel_context,permutation_importance_mean,-0.06716852,2,positive,primary
shorts,content_value_score_7d,random_forest_regressor,channel_momentum_score,channel_context,permutation_importance_std,0.0021106,2,positive,primary
shorts,content_value_score_7d,random_forest_regressor,channel_momentum_score,channel_context,impurity_importance,0.06086656,2,positive,secondary
shorts,content_value_score_7d,random_forest_regressor,channel_relative_success_score,channel_context,permutation_importance_mean,0.56984751,1,positive,primary
shorts,content_value_score_7d,random_forest_regressor,channel_relative_success_score,channel_context,permutation_importance_std,0.02557084,1,positive,primary
shorts,content_value_score_7d,random_forest_regressor,channel_relative_success_score,channel_context,impurity_importance,0.57241489,1,positive,secondary
shorts,content_value_score_7d,random_forest_regressor,curiosity_semantic_score,semantic_scores,permutation_importance_mean,0.00012898,40,negative,primary
shorts,content_value_score_7d,random_forest_regressor,curiosity_semantic_score,semantic_scores,permutation_importance_std,3.212e-05,40,negative,primary
shorts,content_value_score_7d,random_forest_regressor,curiosity_semantic_score,semantic_scores,impurity_importance,0.00018889,40,negative,secondary
shorts,content_value_score_7d,random_forest_regressor,decision_score,model_decision,permutation_importance_mean,0.01946388,6,positive,primary
shorts,content_value_score_7d,random_forest_regressor,decision_score,model_decision,permutation_importance_std,0.00117552,6,positive,primary
shorts,content_value_score_7d,random_forest_regressor,decision_score,model_decision,impurity_importance,0.01766678,6,positive,secondary
shorts,content_value_score_7d,random_forest_regressor,description_length_chars,engagement_context,permutation_importance_mean,-0.00031364,35,negative,primary
shorts,content_value_score_7d,random_forest_regressor,description_length_chars,engagement_context,permutation_importance_std,0.00042614,35,negative,primary
shorts,content_value_score_7d,random_forest_regressor,description_length_chars,engagement_context,impurity_importance,0.01303344,35,negative,secondary
shorts,content_value_score_7d,random_forest_regressor,description_word_count,engagement_context,permutation_importance_mean,0.00123863,21,negative,primary
shorts,content_value_score_7d,random_forest_regressor,description_word_count,engagement_context,permutation_importance_std,0.00037318,21,negative,primary
shorts,content_value_score_7d,random_forest_regressor,description_word_count,engagement_context,impurity_importance,0.0055786,21,negative,secondary
shorts,content_value_score_7d,random_forest_regressor,engagement_rate,engagement_context,permutation_importance_mean,0.06637144,3,positive,primary
shorts,content_value_score_7d,random_forest_regressor,engagement_rate,engagement_context,permutation_importance_std,0.00528798,3,positive,primary
shorts,content_value_score_7d,random_forest_regressor,engagement_rate,engagement_context,impurity_importance,0.03114346,3,positive,secondary
shorts,content_value_score_7d,random_forest_regressor,evergreen_score,engagement_context,permutation_importance_mean,2.989e-05,48,negative,primary
shorts,content_value_score_7d,random_forest_regressor,evergreen_score,engagement_context,permutation_importance_std,2.514e-05,48,negative,primary
shorts,content_value_score_7d,random_forest_regressor,evergreen_score,engagement_context,impurity_importance,0.00027701,48,negative,secondary
shorts,content_value_score_7d,random_forest_regressor,finance_semantic_score,semantic_scores,permutation_importance_mean,6.78e-06,50,negative,primary
shorts,content_value_score_7d,random_forest_regressor,finance_semantic_score,semantic_scores,permutation_importance_std,0.00013382,50,negative,primary
shorts,content_value_score_7d,random_forest_regressor,finance_semantic_score,semantic_scores,impurity_importance,0.00118447,50,negative,secondary
shorts,content_value_score_7d,random_forest_regressor,has_ai_word,engagement_context,permutation_importance_mean,0.00166365,17,positive,primary
shorts,content_value_score_7d,random_forest_regressor,has_ai_word,engagement_context,permutation_importance_std,0.00014015,17,positive,primary
shorts,content_value_score_7d,random_forest_regressor,has_ai_word,engagement_context,impurity_importance,0.00208404,17,positive,secondary
shorts,content_value_score_7d,random_forest_regressor,has_finance_word,engagement_context,permutation_importance_mean,2.95e-06,51,negative,primary
shorts,content_value_score_7d,random_forest_regressor,has_finance_word,engagement_context,permutation_importance_std,8.2e-06,51,negative,primary
shorts,content_value_score_7d,random_forest_regressor,has_finance_word,engagement_context,impurity_importance,0.00021379,51,negative,secondary
shorts,content_value_score_7d,random_forest_regressor,has_number,engagement_context,permutation_importance_mean,-0.00449808,12,negative,primary
shorts,content_value_score_7d,random_forest_regressor,has_number,engagement_context,permutation_importance_std,0.00090482,12,negative,primary
shorts,content_value_score_7d,random_forest_regressor,has_number,engagement_context,impurity_importance,0.00146588,12,negative,secondary
shorts,content_value_score_7d,random_forest_regressor,has_question,engagement_context,permutation_importance_mean,0.00074198,24,negative,primary
shorts,content_value_score_7d,random_forest_regressor,has_question,engagement_context,permutation_importance_std,0.00011623,24,negative,primary
shorts,content_value_score_7d,random_forest_regressor,has_question,engagement_context,impurity_importance,0.00048897,24,negative,secondary
shorts,content_value_score_7d,random_forest_regressor,hybrid_decision_score,model_decision,permutation_importance_mean,0.04536696,4,positive,primary
shorts,content_value_score_7d,random_forest_regressor,hybrid_decision_score,model_decision,permutation_importance_std,0.01062952,4,positive,primary
shorts,content_value_score_7d,random_forest_regressor,hybrid_decision_score,model_decision,impurity_importance,0.07634788,4,positive,secondary
shorts,content_value_score_7d,random_forest_regressor,metadata_changed,metadata,permutation_importance_mean,0.0,54,negative,primary
shorts,content_value_score_7d,random_forest_regressor,metadata_changed,metadata,permutation_importance_std,0.0,54,negative,primary
shorts,content_value_score_7d,random_forest_regressor,metadata_changed,metadata,impurity_importance,0.0,54,negative,secondary
shorts,content_value_score_7d,random_forest_regressor,metric_confidence_score,engagement_context,permutation_importance_mean,-0.00184714,16,negative,primary
shorts,content_value_score_7d,random_forest_regressor,metric_confidence_score,engagement_context,permutation_importance_std,0.00109676,16,negative,primary
shorts,content_value_score_7d,random_forest_regressor,metric_confidence_score,engagement_context,impurity_importance,0.01868297,16,negative,secondary
shorts,content_value_score_7d,random_forest_regressor,news_semantic_score,semantic_scores,permutation_importance_mean,-8.1e-07,52,negative,primary
shorts,content_value_score_7d,random_forest_regressor,news_semantic_score,semantic_scores,permutation_importance_std,6e-07,52,negative,primary
shorts,content_value_score_7d,random_forest_regressor,news_semantic_score,semantic_scores,impurity_importance,9.72e-06,52,negative,secondary
shorts,content_value_score_7d,random_forest_regressor,opportunity_score,engagement_context,permutation_importance_mean,-0.02377154,5,positive,primary
shorts,content_value_score_7d,random_forest_regressor,opportunity_score,engagement_context,permutation_importance_std,0.00234234,5,positive,primary
shorts,content_value_score_7d,random_forest_regressor,opportunity_score,engagement_context,impurity_importance,0.02873051,5,positive,secondary
shorts,content_value_score_7d,random_forest_regressor,packaging_problem_score,engagement_context,permutation_importance_mean,-0.00733715,10,negative,primary
shorts,content_value_score_7d,random_forest_regressor,packaging_problem_score,engagement_context,permutation_importance_std,0.0036991,10,negative,primary
shorts,content_value_score_7d,random_forest_regressor,packaging_problem_score,engagement_context,impurity_importance,0.01999195,10,negative,secondary
shorts,content_value_score_7d,random_forest_regressor,productivity_semantic_score,semantic_scores,permutation_importance_mean,0.0,55,negative,primary
shorts,content_value_score_7d,random_forest_regressor,productivity_semantic_score,semantic_scores,permutation_importance_std,0.0,55,negative,primary
shorts,content_value_score_7d,random_forest_regressor,productivity_semantic_score,semantic_scores,impurity_importance,0.00156701,55,negative,secondary
shorts,content_value_score_7d,random_forest_regressor,promise_semantic_score,semantic_scores,permutation_importance_mean,-0.00102996,22,negative,primary
shorts,content_value_score_7d,random_forest_regressor,promise_semantic_score,semantic_scores,permutation_importance_std,0.00043467,22,negative,primary
shorts,content_value_score_7d,random_forest_regressor,promise_semantic_score,semantic_scores,impurity_importance,0.00086392,22,negative,secondary
shorts,content_value_score_7d,random_forest_regressor,semantic_cluster_id,semantic_cluster,permutation_importance_mean,-0.00951537,8,positive,primary
shorts,content_value_score_7d,random_forest_regressor,semantic_cluster_id,semantic_cluster,permutation_importance_std,0.00046519,8,positive,primary
shorts,content_value_score_7d,random_forest_regressor,semantic_cluster_id,semantic_cluster,impurity_importance,0.00346928,8,positive,secondary
shorts,content_value_score_7d,random_forest_regressor,title_has_currency,title_style,permutation_importance_mean,0.0,56,negative,primary
shorts,content_value_score_7d,random_forest_regressor,title_has_currency,title_style,permutation_importance_std,0.0,56,negative,primary
shorts,content_value_score_7d,random_forest_regressor,title_has_currency,title_style,impurity_importance,0.0,56,negative,secondary
shorts,content_value_score_7d,random_forest_regressor,title_has_number,title_style,permutation_importance_mean,-0.00363787,13,negative,primary
shorts,content_value_score_7d,random_forest_regressor,title_has_number,title_style,permutation_importance_std,0.00053084,13,negative,primary
shorts,content_value_score_7d,random_forest_regressor,title_has_number,title_style,impurity_importance,0.00121478,13,negative,secondary
shorts,content_value_score_7d,random_forest_regressor,title_has_question,title_style,permutation_importance_mean,0.00131965,20,negative,primary
shorts,content_value_score_7d,random_forest_regressor,title_has_question,title_style,permutation_importance_std,0.00028825,20,negative,primary
shorts,content_value_score_7d,random_forest_regressor,title_has_question,title_style,impurity_importance,0.00072347,20,negative,secondary
shorts,content_value_score_7d,random_forest_regressor,title_has_year,title_style,permutation_importance_mean,0.0,57,negative,primary
shorts,content_value_score_7d,random_forest_regressor,title_has_year,title_style,permutation_importance_std,0.0,57,negative,primary
shorts,content_value_score_7d,random_forest_regressor,title_has_year,title_style,impurity_importance,7.95e-06,57,negative,secondary
shorts,content_value_score_7d,random_forest_regressor,title_length_chars,title_style,permutation_importance_mean,-0.0028512,14,negative,primary
shorts,content_value_score_7d,random_forest_regressor,title_length_chars,title_style,permutation_importance_std,0.00037089,14,negative,primary
shorts,content_value_score_7d,random_forest_regressor,title_length_chars,title_style,impurity_importance,0.01285047,14,negative,secondary
shorts,content_value_score_7d,random_forest_regressor,title_word_count,title_style,permutation_importance_mean,0.00040755,33,negative,primary
shorts,content_value_score_7d,random_forest_regressor,title_word_count,title_style,permutation_importance_std,0.00038237,33,negative,primary
shorts,content_value_score_7d,random_forest_regressor,title_word_count,title_style,impurity_importance,0.00601075,33,negative,secondary
shorts,content_value_score_7d,random_forest_regressor,topic_confidence,topic_metrics,permutation_importance_mean,-0.00062287,28,negative,primary
shorts,content_value_score_7d,random_forest_regressor,topic_confidence,topic_metrics,permutation_importance_std,0.00070213,28,negative,primary
shorts,content_value_score_7d,random_forest_regressor,topic_confidence,topic_metrics,impurity_importance,0.00191668,28,negative,secondary
shorts,content_value_score_7d,random_forest_regressor,topic_opportunity_score,topic_metrics,permutation_importance_mean,0.00143902,19,negative,primary
shorts,content_value_score_7d,random_forest_regressor,topic_opportunity_score,topic_metrics,permutation_importance_std,0.00034469,19,negative,primary
shorts,content_value_score_7d,random_forest_regressor,topic_opportunity_score,topic_metrics,impurity_importance,0.00140667,19,negative,secondary
shorts,content_value_score_7d,random_forest_regressor,topic_saturation_score,topic_metrics,permutation_importance_mean,0.00205028,15,negative,primary
shorts,content_value_score_7d,random_forest_regressor,topic_saturation_score,topic_metrics,permutation_importance_std,0.00043362,15,negative,primary
shorts,content_value_score_7d,random_forest_regressor,topic_saturation_score,topic_metrics,impurity_importance,0.00435891,15,negative,secondary
shorts,content_value_score_7d,random_forest_regressor,trend_burst_score,engagement_context,permutation_importance_mean,-8.633e-05,44,negative,primary
shorts,content_value_score_7d,random_forest_regressor,trend_burst_score,engagement_context,permutation_importance_std,1.846e-05,44,negative,primary
shorts,content_value_score_7d,random_forest_regressor,trend_burst_score,engagement_context,impurity_importance,0.00017442,44,negative,secondary
shorts,content_value_score_7d,random_forest_regressor,tutorial_semantic_score,semantic_scores,permutation_importance_mean,0.00071252,25,positive,primary
shorts,content_value_score_7d,random_forest_regressor,tutorial_semantic_score,semantic_scores,permutation_importance_std,0.00021119,25,positive,primary
shorts,content_value_score_7d,random_forest_regressor,tutorial_semantic_score,semantic_scores,impurity_importance,0.00046091,25,positive,secondary
shorts,content_value_score_7d,random_forest_regressor,urgency_semantic_score,semantic_scores,permutation_importance_mean,0.00011665,42,negative,primary
shorts,content_value_score_7d,random_forest_regressor,urgency_semantic_score,semantic_scores,permutation_importance_std,3.068e-05,42,negative,primary
shorts,content_value_score_7d,random_forest_regressor,urgency_semantic_score,semantic_scores,impurity_importance,0.00022974,42,negative,secondary
shorts,content_value_score_7d,random_forest_regressor,views_delta,engagement_context,permutation_importance_mean,-0.00568353,11,positive,primary
shorts,content_value_score_7d,random_forest_regressor,views_delta,engagement_context,permutation_importance_std,0.00419189,11,positive,primary
shorts,content_value_score_7d,random_forest_regressor,views_delta,engagement_context,impurity_importance,0.04009097,11,positive,secondary
shorts,content_value_score_7d,random_forest_regressor,warning_semantic_score,semantic_scores,permutation_importance_mean,-8.721e-05,43,negative,primary
shorts,content_value_score_7d,random_forest_regressor,warning_semantic_score,semantic_scores,permutation_importance_std,1.714e-05,43,negative,primary
shorts,content_value_score_7d,random_forest_regressor,warning_semantic_score,semantic_scores,impurity_importance,0.0004746,43,negative,secondary
shorts,content_value_score_7d,random_forest_regressor,hook_semantic_type__ai,title_style,permutation_importance_mean,0.00055411,30,negative,primary
shorts,content_value_score_7d,random_forest_regressor,hook_semantic_type__ai,title_style,permutation_importance_std,0.00012778,30,negative,primary
shorts,content_value_score_7d,random_forest_regressor,hook_semantic_type__ai,title_style,impurity_importance,0.00037057,30,negative,secondary
shorts,content_value_score_7d,random_forest_regressor,hook_semantic_type__curiosity,title_style,permutation_importance_mean,0.00012114,41,negative,primary
shorts,content_value_score_7d,random_forest_regressor,hook_semantic_type__curiosity,title_style,permutation_importance_std,1.601e-05,41,negative,primary
shorts,content_value_score_7d,random_forest_regressor,hook_semantic_type__curiosity,title_style,impurity_importance,0.00016825,41,negative,secondary
shorts,content_value_score_7d,random_forest_regressor,hook_semantic_type__finance,title_style,permutation_importance_mean,0.00047585,32,negative,primary
shorts,content_value_score_7d,random_forest_regressor,hook_semantic_type__finance,title_style,permutation_importance_std,6.863e-05,32,negative,primary
shorts,content_value_score_7d,random_forest_regressor,hook_semantic_type__finance,title_style,impurity_importance,0.00031637,32,negative,secondary
shorts,content_value_score_7d,random_forest_regressor,hook_semantic_type__news,title_style,permutation_importance_mean,-4.3e-07,53,negative,primary
shorts,content_value_score_7d,random_forest_regressor,hook_semantic_type__news,title_style,permutation_importance_std,6.1e-07,53,negative,primary
shorts,content_value_score_7d,random_forest_regressor,hook_semantic_type__news,title_style,impurity_importance,3.71e-06,53,negative,secondary
shorts,content_value_score_7d,random_forest_regressor,hook_semantic_type__promise,title_style,permutation_importance_mean,-0.00027175,38,negative,primary
shorts,content_value_score_7d,random_forest_regressor,hook_semantic_type__promise,title_style,permutation_importance_std,8.525e-05,38,negative,primary
shorts,content_value_score_7d,random_forest_regressor,hook_semantic_type__promise,title_style,impurity_importance,6.822e-05,38,negative,secondary
shorts,content_value_score_7d,random_forest_regressor,hook_semantic_type__tutorial,title_style,permutation_importance_mean,0.00064477,27,positive,primary
shorts,content_value_score_7d,random_forest_regressor,hook_semantic_type__tutorial,title_style,permutation_importance_std,9.905e-05,27,positive,primary
shorts,content_value_score_7d,random_forest_regressor,hook_semantic_type__tutorial,title_style,impurity_importance,0.00036336,27,positive,secondary
shorts,content_value_score_7d,random_forest_regressor,hook_semantic_type__unknown,title_style,permutation_importance_mean,-0.00024927,39,negative,primary
shorts,content_value_score_7d,random_forest_regressor,hook_semantic_type__unknown,title_style,permutation_importance_std,0.00013729,39,negative,primary
shorts,content_value_score_7d,random_forest_regressor,hook_semantic_type__unknown,title_style,impurity_importance,0.0008733,39,negative,secondary
shorts,content_value_score_7d,random_forest_regressor,hook_semantic_type__warning,title_style,permutation_importance_mean,-8.569e-05,45,negative,primary
shorts,content_value_score_7d,random_forest_regressor,hook_semantic_type__warning,title_style,permutation_importance_std,1.243e-05,45,negative,primary
shorts,content_value_score_7d,random_forest_regressor,hook_semantic_type__warning,title_style,impurity_importance,0.0004109,45,negative,secondary
shorts,content_value_score_7d,random_forest_regressor,semantic_cluster_label__de_de_mayo_mayo,semantic_cluster,permutation_importance_mean,0.0,58,negative,primary
shorts,content_value_score_7d,random_forest_regressor,semantic_cluster_label__de_de_mayo_mayo,semantic_cluster,permutation_importance_std,0.0,58,negative,primary
shorts,content_value_score_7d,random_forest_regressor,semantic_cluster_label__de_de_mayo_mayo,semantic_cluster,impurity_importance,1e-08,58,negative,secondary
shorts,content_value_score_7d,random_forest_regressor,semantic_cluster_label__de_en_el,semantic_cluster,permutation_importance_mean,-0.00087128,23,negative,primary
shorts,content_value_score_7d,random_forest_regressor,semantic_cluster_label__de_en_el,semantic_cluster,permutation_importance_std,0.00047616,23,negative,primary
shorts,content_value_score_7d,random_forest_regressor,semantic_cluster_label__de_en_el,semantic_cluster,impurity_importance,0.00171487,23,negative,secondary
shorts,content_value_score_7d,random_forest_regressor,semantic_cluster_label__in_the_xi,semantic_cluster,permutation_importance_mean,7.081e-05,47,negative,primary
shorts,content_value_score_7d,random_forest_regressor,semantic_cluster_label__in_the_xi,semantic_cluster,permutation_importance_std,4.88e-06,47,negative,primary
shorts,content_value_score_7d,random_forest_regressor,semantic_cluster_label__in_the_xi,semantic_cluster,impurity_importance,0.00019188,47,negative,secondary
shorts,content_value_score_7d,random_forest_regressor,semantic_cluster_label__la_de_de_la,semantic_cluster,permutation_importance_mean,0.00059826,29,positive,primary
shorts,content_value_score_7d,random_forest_regressor,semantic_cluster_label__la_de_de_la,semantic_cluster,permutation_importance_std,0.00028798,29,positive,primary
shorts,content_value_score_7d,random_forest_regressor,semantic_cluster_label__la_de_de_la,semantic_cluster,impurity_importance,0.00124209,29,positive,secondary
shorts,content_value_score_7d,random_forest_regressor,semantic_cluster_label__the_of_is,semantic_cluster,permutation_importance_mean,-0.00735714,9,negative,primary
shorts,content_value_score_7d,random_forest_regressor,semantic_cluster_label__the_of_is,semantic_cluster,permutation_importance_std,0.00018227,9,negative,primary
shorts,content_value_score_7d,random_forest_regressor,semantic_cluster_label__the_of_is,semantic_cluster,impurity_importance,0.00149394,9,negative,secondary
shorts,content_value_score_7d,random_forest_regressor,semantic_cluster_label__to_iran_trump,semantic_cluster,permutation_importance_mean,0.00070814,26,negative,primary
shorts,content_value_score_7d,random_forest_regressor,semantic_cluster_label__to_iran_trump,semantic_cluster,permutation_importance_std,4.07e-05,26,negative,primary
shorts,content_value_score_7d,random_forest_regressor,semantic_cluster_label__to_iran_trump,semantic_cluster,impurity_importance,0.0002103,26,negative,secondary
shorts,content_value_score_7d,random_forest_regressor,topic_primary__ai_tools,topic_metrics,permutation_importance_mean,0.00156178,18,negative,primary
shorts,content_value_score_7d,random_forest_regressor,topic_primary__ai_tools,topic_metrics,permutation_importance_std,0.00024636,18,negative,primary
shorts,content_value_score_7d,random_forest_regressor,topic_primary__ai_tools,topic_metrics,impurity_importance,0.00070116,18,negative,secondary
shorts,content_value_score_7d,random_forest_regressor,topic_primary__finance_personal,topic_metrics,permutation_importance_mean,2.072e-05,49,negative,primary
shorts,content_value_score_7d,random_forest_regressor,topic_primary__finance_personal,topic_metrics,permutation_importance_std,2.019e-05,49,negative,primary
shorts,content_value_score_7d,random_forest_regressor,topic_primary__finance_personal,topic_metrics,impurity_importance,6.735e-05,49,negative,secondary
shorts,content_value_score_7d,random_forest_regressor,topic_primary__news_trends,topic_metrics,permutation_importance_mean,0.0,59,negative,primary
shorts,content_value_score_7d,random_forest_regressor,topic_primary__news_trends,topic_metrics,permutation_importance_std,0.0,59,negative,primary
shorts,content_value_score_7d,random_forest_regressor,topic_primary__news_trends,topic_metrics,impurity_importance,8.7e-06,59,negative,secondary
shorts,content_value_score_7d,random_forest_regressor,topic_primary__productivity,topic_metrics,permutation_importance_mean,0.0,60,negative,primary
shorts,content_value_score_7d,random_forest_regressor,topic_primary__productivity,topic_metrics,permutation_importance_std,0.0,60,negative,primary
shorts,content_value_score_7d,random_forest_regressor,topic_primary__productivity,topic_metrics,impurity_importance,0.0012609,60,negative,secondary
shorts,content_value_score_7d,random_forest_regressor,topic_primary__tutorial,topic_metrics,permutation_importance_mean,0.00028528,37,positive,primary
shorts,content_value_score_7d,random_forest_regressor,topic_primary__tutorial,topic_metrics,permutation_importance_std,7.185e-05,37,positive,primary
shorts,content_value_score_7d,random_forest_regressor,topic_primary__tutorial,topic_metrics,impurity_importance,0.00031185,37,positive,secondary
shorts,content_value_score_7d,random_forest_regressor,topic_primary__unknown,topic_metrics,permutation_importance_mean,0.00035319,34,negative,primary
shorts,content_value_score_7d,random_forest_regressor,topic_primary__unknown,topic_metrics,permutation_importance_std,7.094e-05,34,negative,primary
shorts,content_value_score_7d,random_forest_regressor,topic_primary__unknown,topic_metrics,impurity_importance,0.00030662,34,negative,secondary
shorts,content_value_score_7d,random_forest_regressor,topic_secondary__ai_tools,topic_metrics,permutation_importance_mean,0.00029822,36,positive,primary
shorts,content_value_score_7d,random_forest_regressor,topic_secondary__ai_tools,topic_metrics,permutation_importance_std,7.474e-05,36,positive,primary
shorts,content_value_score_7d,random_forest_regressor,topic_secondary__ai_tools,topic_metrics,impurity_importance,0.00032556,36,positive,secondary
shorts,content_value_score_7d,random_forest_regressor,topic_secondary__finance_personal,topic_metrics,permutation_importance_mean,0.0,61,negative,primary
shorts,content_value_score_7d,random_forest_regressor,topic_secondary__finance_personal,topic_metrics,permutation_importance_std,0.0,61,negative,primary
shorts,content_value_score_7d,random_forest_regressor,topic_secondary__finance_personal,topic_metrics,impurity_importance,7.64e-06,61,negative,secondary
shorts,content_value_score_7d,random_forest_regressor,topic_secondary__news_trends,topic_metrics,permutation_importance_mean,0.0,62,negative,primary
shorts,content_value_score_7d,random_forest_regressor,topic_secondary__news_trends,topic_metrics,permutation_importance_std,0.0,62,negative,primary
shorts,content_value_score_7d,random_forest_regressor,topic_secondary__news_trends,topic_metrics,impurity_importance,0.0,62,negative,secondary
shorts,content_value_score_7d,random_forest_regressor,topic_secondary__productivity,topic_metrics,permutation_importance_mean,0.0,63,negative,primary
shorts,content_value_score_7d,random_forest_regressor,topic_secondary__productivity,topic_metrics,permutation_importance_std,0.0,63,negative,primary
shorts,content_value_score_7d,random_forest_regressor,topic_secondary__productivity,topic_metrics,impurity_importance,0.0,63,negative,secondary
shorts,content_value_score_7d,random_forest_regressor,topic_secondary__tutorial,topic_metrics,permutation_importance_mean,0.0,64,negative,primary
shorts,content_value_score_7d,random_forest_regressor,topic_secondary__tutorial,topic_metrics,permutation_importance_std,0.0,64,negative,primary
shorts,content_value_score_7d,random_forest_regressor,topic_secondary__tutorial,topic_metrics,impurity_importance,0.0,64,negative,secondary
shorts,content_value_score_7d,random_forest_regressor,topic_secondary__unknown,topic_metrics,permutation_importance_mean,7.259e-05,46,negative,primary
shorts,content_value_score_7d,random_forest_regressor,topic_secondary__unknown,topic_metrics,permutation_importance_std,6.465e-05,46,negative,primary
shorts,content_value_score_7d,random_forest_regressor,topic_secondary__unknown,topic_metrics,impurity_importance,0.00025024,46,negative,secondary
shorts,content_value_score_7d,linear_regularized_regressor,ai_semantic_score,semantic_scores,standardized_coefficient,0.06632541,57,positive,primary
shorts,content_value_score_7d,linear_regularized_regressor,alpha_score,engagement_context,standardized_coefficient,-25.57211223,2,negative,primary
shorts,content_value_score_7d,linear_regularized_regressor,channel_momentum_score,channel_context,standardized_coefficient,0.82504636,20,positive,primary
shorts,content_value_score_7d,linear_regularized_regressor,channel_relative_success_score,channel_context,standardized_coefficient,-0.1516949,50,negative,primary
shorts,content_value_score_7d,linear_regularized_regressor,curiosity_semantic_score,semantic_scores,standardized_coefficient,0.34834455,37,positive,primary
shorts,content_value_score_7d,linear_regularized_regressor,decision_score,model_decision,standardized_coefficient,-3.77055122,4,negative,primary
shorts,content_value_score_7d,linear_regularized_regressor,description_length_chars,engagement_context,standardized_coefficient,0.29666338,40,positive,primary
shorts,content_value_score_7d,linear_regularized_regressor,description_word_count,engagement_context,standardized_coefficient,-1.27596239,13,negative,primary
shorts,content_value_score_7d,linear_regularized_regressor,engagement_rate,engagement_context,standardized_coefficient,-1.46132009,11,negative,primary
shorts,content_value_score_7d,linear_regularized_regressor,evergreen_score,engagement_context,standardized_coefficient,-0.31825734,39,negative,primary
shorts,content_value_score_7d,linear_regularized_regressor,finance_semantic_score,semantic_scores,standardized_coefficient,2.04434007,8,positive,primary
shorts,content_value_score_7d,linear_regularized_regressor,has_ai_word,engagement_context,standardized_coefficient,2.86223896,7,positive,primary
shorts,content_value_score_7d,linear_regularized_regressor,has_finance_word,engagement_context,standardized_coefficient,0.9720581,19,positive,primary
shorts,content_value_score_7d,linear_regularized_regressor,has_number,engagement_context,standardized_coefficient,-0.63318386,24,negative,primary
shorts,content_value_score_7d,linear_regularized_regressor,has_question,engagement_context,standardized_coefficient,0.11713514,56,positive,primary
shorts,content_value_score_7d,linear_regularized_regressor,hybrid_decision_score,model_decision,standardized_coefficient,1.61081145,10,positive,primary
shorts,content_value_score_7d,linear_regularized_regressor,metadata_changed,metadata,standardized_coefficient,-0.06543664,58,negative,primary
shorts,content_value_score_7d,linear_regularized_regressor,metric_confidence_score,engagement_context,standardized_coefficient,1.20152637,15,positive,primary
shorts,content_value_score_7d,linear_regularized_regressor,news_semantic_score,semantic_scores,standardized_coefficient,0.14153234,53,positive,primary
shorts,content_value_score_7d,linear_regularized_regressor,opportunity_score,engagement_context,standardized_coefficient,31.93366017,1,positive,primary
shorts,content_value_score_7d,linear_regularized_regressor,packaging_problem_score,engagement_context,standardized_coefficient,-4.08744969,3,negative,primary
shorts,content_value_score_7d,linear_regularized_regressor,productivity_semantic_score,semantic_scores,standardized_coefficient,-0.01219647,61,negative,primary
shorts,content_value_score_7d,linear_regularized_regressor,promise_semantic_score,semantic_scores,standardized_coefficient,1.06357083,16,positive,primary
shorts,content_value_score_7d,linear_regularized_regressor,semantic_cluster_id,semantic_cluster,standardized_coefficient,0.51161109,27,positive,primary
shorts,content_value_score_7d,linear_regularized_regressor,title_has_currency,title_style,standardized_coefficient,0.0,62,mixed,primary
shorts,content_value_score_7d,linear_regularized_regressor,title_has_number,title_style,standardized_coefficient,-0.63318386,23,negative,primary
shorts,content_value_score_7d,linear_regularized_regressor,title_has_question,title_style,standardized_coefficient,0.11713514,55,positive,primary
shorts,content_value_score_7d,linear_regularized_regressor,title_has_year,title_style,standardized_coefficient,0.26281824,43,positive,primary
shorts,content_value_score_7d,linear_regularized_regressor,title_length_chars,title_style,standardized_coefficient,0.29666338,41,positive,primary
shorts,content_value_score_7d,linear_regularized_regressor,title_word_count,title_style,standardized_coefficient,-1.27596239,12,negative,primary
shorts,content_value_score_7d,linear_regularized_regressor,topic_confidence,topic_metrics,standardized_coefficient,-0.44498134,29,negative,primary
shorts,content_value_score_7d,linear_regularized_regressor,topic_opportunity_score,topic_metrics,standardized_coefficient,0.33238017,38,positive,primary
shorts,content_value_score_7d,linear_regularized_regressor,topic_saturation_score,topic_metrics,standardized_coefficient,0.39438779,31,positive,primary
shorts,content_value_score_7d,linear_regularized_regressor,trend_burst_score,engagement_context,standardized_coefficient,-0.25489545,44,negative,primary
shorts,content_value_score_7d,linear_regularized_regressor,tutorial_semantic_score,semantic_scores,standardized_coefficient,0.39183546,32,positive,primary
shorts,content_value_score_7d,linear_regularized_regressor,urgency_semantic_score,semantic_scores,standardized_coefficient,-0.13789062,54,negative,primary
shorts,content_value_score_7d,linear_regularized_regressor,views_delta,engagement_context,standardized_coefficient,0.45644627,28,positive,primary
shorts,content_value_score_7d,linear_regularized_regressor,warning_semantic_score,semantic_scores,standardized_coefficient,-3.05817947,6,negative,primary
shorts,content_value_score_7d,linear_regularized_regressor,hook_semantic_type__ai,title_style,standardized_coefficient,-0.23601139,46,negative,primary
shorts,content_value_score_7d,linear_regularized_regressor,hook_semantic_type__curiosity,title_style,standardized_coefficient,0.34834455,36,positive,primary
shorts,content_value_score_7d,linear_regularized_regressor,hook_semantic_type__finance,title_style,standardized_coefficient,0.53443547,26,positive,primary
shorts,content_value_score_7d,linear_regularized_regressor,hook_semantic_type__news,title_style,standardized_coefficient,0.14153234,51,positive,primary
shorts,content_value_score_7d,linear_regularized_regressor,hook_semantic_type__promise,title_style,standardized_coefficient,-0.98171815,18,negative,primary
shorts,content_value_score_7d,linear_regularized_regressor,hook_semantic_type__tutorial,title_style,standardized_coefficient,0.39183546,34,positive,primary
shorts,content_value_score_7d,linear_regularized_regressor,hook_semantic_type__unknown,title_style,standardized_coefficient,-1.03736655,17,negative,primary
shorts,content_value_score_7d,linear_regularized_regressor,hook_semantic_type__warning,title_style,standardized_coefficient,3.13912741,5,positive,primary
shorts,content_value_score_7d,linear_regularized_regressor,semantic_cluster_label__de_de_mayo_mayo,semantic_cluster,standardized_coefficient,0.01229624,60,positive,primary
shorts,content_value_score_7d,linear_regularized_regressor,semantic_cluster_label__de_en_el,semantic_cluster,standardized_coefficient,-0.26926788,42,negative,primary
shorts,content_value_score_7d,linear_regularized_regressor,semantic_cluster_label__in_the_xi,semantic_cluster,standardized_coefficient,-0.39022543,35,negative,primary
shorts,content_value_score_7d,linear_regularized_regressor,semantic_cluster_label__la_de_de_la,semantic_cluster,standardized_coefficient,0.4394724,30,positive,primary
shorts,content_value_score_7d,linear_regularized_regressor,semantic_cluster_label__the_of_is,semantic_cluster,standardized_coefficient,-0.23764293,45,negative,primary
shorts,content_value_score_7d,linear_regularized_regressor,semantic_cluster_label__to_iran_trump,semantic_cluster,standardized_coefficient,0.63857363,22,positive,primary
shorts,content_value_score_7d,linear_regularized_regressor,topic_primary__ai_tools,topic_metrics,standardized_coefficient,0.03871737,59,positive,primary
shorts,content_value_score_7d,linear_regularized_regressor,topic_primary__finance_personal,topic_metrics,standardized_coefficient,-1.7122345,9,negative,primary
shorts,content_value_score_7d,linear_regularized_regressor,topic_primary__news_trends,topic_metrics,standardized_coefficient,0.14153234,52,positive,primary
shorts,content_value_score_7d,linear_regularized_regressor,topic_primary__productivity,topic_metrics,standardized_coefficient,0.69114255,21,positive,primary
shorts,content_value_score_7d,linear_regularized_regressor,topic_primary__tutorial,topic_metrics,standardized_coefficient,0.39183546,33,positive,primary
shorts,content_value_score_7d,linear_regularized_regressor,topic_primary__unknown,topic_metrics,standardized_coefficient,0.19454879,48,positive,primary
shorts,content_value_score_7d,linear_regularized_regressor,topic_secondary__ai_tools,topic_metrics,standardized_coefficient,0.21903307,47,positive,primary
shorts,content_value_score_7d,linear_regularized_regressor,topic_secondary__finance_personal,topic_metrics,standardized_coefficient,-0.5941506,25,negative,primary
shorts,content_value_score_7d,linear_regularized_regressor,topic_secondary__news_trends,topic_metrics,standardized_coefficient,0.0,63,mixed,primary
shorts,content_value_score_7d,linear_regularized_regressor,topic_secondary__productivity,topic_metrics,standardized_coefficient,-1.25178848,14,negative,primary
shorts,content_value_score_7d,linear_regularized_regressor,topic_secondary__tutorial,topic_metrics,standardized_coefficient,0.0,64,mixed,primary
shorts,content_value_score_7d,linear_regularized_regressor,topic_secondary__unknown,topic_metrics,standardized_coefficient,0.15298006,49,positive,primary
shorts,content_value_score_7d,shallow_tree_regressor,ai_semantic_score,semantic_scores,feature_importance,0.0,8,negative,primary
shorts,content_value_score_7d,shallow_tree_regressor,alpha_score,engagement_context,feature_importance,0.09182608,2,positive,primary
shorts,content_value_score_7d,shallow_tree_regressor,channel_momentum_score,channel_context,feature_importance,0.04114095,4,positive,primary
shorts,content_value_score_7d,shallow_tree_regressor,channel_relative_success_score,channel_context,feature_importance,0.78014393,1,positive,primary
shorts,content_value_score_7d,shallow_tree_regressor,curiosity_semantic_score,semantic_scores,feature_importance,0.0,9,negative,primary
shorts,content_value_score_7d,shallow_tree_regressor,decision_score,model_decision,feature_importance,0.0,10,positive,primary
shorts,content_value_score_7d,shallow_tree_regressor,description_length_chars,engagement_context,feature_importance,0.0,11,negative,primary
shorts,content_value_score_7d,shallow_tree_regressor,description_word_count,engagement_context,feature_importance,0.0,12,negative,primary
shorts,content_value_score_7d,shallow_tree_regressor,engagement_rate,engagement_context,feature_importance,0.02206408,5,positive,primary
shorts,content_value_score_7d,shallow_tree_regressor,evergreen_score,engagement_context,feature_importance,0.0,13,negative,primary
shorts,content_value_score_7d,shallow_tree_regressor,finance_semantic_score,semantic_scores,feature_importance,0.0,14,negative,primary
shorts,content_value_score_7d,shallow_tree_regressor,has_ai_word,engagement_context,feature_importance,0.0,15,negative,primary
shorts,content_value_score_7d,shallow_tree_regressor,has_finance_word,engagement_context,feature_importance,0.0,16,negative,primary
shorts,content_value_score_7d,shallow_tree_regressor,has_number,engagement_context,feature_importance,0.0,17,negative,primary
shorts,content_value_score_7d,shallow_tree_regressor,has_question,engagement_context,feature_importance,0.0,18,negative,primary
shorts,content_value_score_7d,shallow_tree_regressor,hybrid_decision_score,model_decision,feature_importance,0.04670323,3,positive,primary
shorts,content_value_score_7d,shallow_tree_regressor,metadata_changed,metadata,feature_importance,0.0,19,negative,primary
shorts,content_value_score_7d,shallow_tree_regressor,metric_confidence_score,engagement_context,feature_importance,0.0,20,negative,primary
shorts,content_value_score_7d,shallow_tree_regressor,news_semantic_score,semantic_scores,feature_importance,0.0,21,negative,primary
shorts,content_value_score_7d,shallow_tree_regressor,opportunity_score,engagement_context,feature_importance,0.0,22,positive,primary
shorts,content_value_score_7d,shallow_tree_regressor,packaging_problem_score,engagement_context,feature_importance,0.0,23,negative,primary
shorts,content_value_score_7d,shallow_tree_regressor,productivity_semantic_score,semantic_scores,feature_importance,0.0,24,negative,primary
shorts,content_value_score_7d,shallow_tree_regressor,promise_semantic_score,semantic_scores,feature_importance,0.0,25,negative,primary
shorts,content_value_score_7d,shallow_tree_regressor,semantic_cluster_id,semantic_cluster,feature_importance,0.0,26,positive,primary
shorts,content_value_score_7d,shallow_tree_regressor,title_has_currency,title_style,feature_importance,0.0,27,negative,primary
shorts,content_value_score_7d,shallow_tree_regressor,title_has_number,title_style,feature_importance,0.0,28,negative,primary
shorts,content_value_score_7d,shallow_tree_regressor,title_has_question,title_style,feature_importance,0.0,29,negative,primary
shorts,content_value_score_7d,shallow_tree_regressor,title_has_year,title_style,feature_importance,0.0,30,negative,primary
shorts,content_value_score_7d,shallow_tree_regressor,title_length_chars,title_style,feature_importance,0.0,31,negative,primary
shorts,content_value_score_7d,shallow_tree_regressor,title_word_count,title_style,feature_importance,0.0024104,7,negative,primary
shorts,content_value_score_7d,shallow_tree_regressor,topic_confidence,topic_metrics,feature_importance,0.0,32,negative,primary
shorts,content_value_score_7d,shallow_tree_regressor,topic_opportunity_score,topic_metrics,feature_importance,0.0,33,negative,primary
shorts,content_value_score_7d,shallow_tree_regressor,topic_saturation_score,topic_metrics,feature_importance,0.0,34,negative,primary
shorts,content_value_score_7d,shallow_tree_regressor,trend_burst_score,engagement_context,feature_importance,0.0,35,negative,primary
shorts,content_value_score_7d,shallow_tree_regressor,tutorial_semantic_score,semantic_scores,feature_importance,0.0,36,negative,primary
shorts,content_value_score_7d,shallow_tree_regressor,urgency_semantic_score,semantic_scores,feature_importance,0.0,37,negative,primary
shorts,content_value_score_7d,shallow_tree_regressor,views_delta,engagement_context,feature_importance,0.01571132,6,positive,primary
shorts,content_value_score_7d,shallow_tree_regressor,warning_semantic_score,semantic_scores,feature_importance,0.0,38,negative,primary
shorts,content_value_score_7d,shallow_tree_regressor,hook_semantic_type__ai,title_style,feature_importance,0.0,39,negative,primary
shorts,content_value_score_7d,shallow_tree_regressor,hook_semantic_type__curiosity,title_style,feature_importance,0.0,40,negative,primary
shorts,content_value_score_7d,shallow_tree_regressor,hook_semantic_type__finance,title_style,feature_importance,0.0,41,negative,primary
shorts,content_value_score_7d,shallow_tree_regressor,hook_semantic_type__news,title_style,feature_importance,0.0,42,negative,primary
shorts,content_value_score_7d,shallow_tree_regressor,hook_semantic_type__promise,title_style,feature_importance,0.0,43,negative,primary
shorts,content_value_score_7d,shallow_tree_regressor,hook_semantic_type__tutorial,title_style,feature_importance,0.0,44,negative,primary
shorts,content_value_score_7d,shallow_tree_regressor,hook_semantic_type__unknown,title_style,feature_importance,0.0,45,positive,primary
shorts,content_value_score_7d,shallow_tree_regressor,hook_semantic_type__warning,title_style,feature_importance,0.0,46,negative,primary
shorts,content_value_score_7d,shallow_tree_regressor,semantic_cluster_label__de_de_mayo_mayo,semantic_cluster,feature_importance,0.0,47,negative,primary
shorts,content_value_score_7d,shallow_tree_regressor,semantic_cluster_label__de_en_el,semantic_cluster,feature_importance,0.0,48,negative,primary
shorts,content_value_score_7d,shallow_tree_regressor,semantic_cluster_label__in_the_xi,semantic_cluster,feature_importance,0.0,49,negative,primary
shorts,content_value_score_7d,shallow_tree_regressor,semantic_cluster_label__la_de_de_la,semantic_cluster,feature_importance,0.0,50,positive,primary
shorts,content_value_score_7d,shallow_tree_regressor,semantic_cluster_label__the_of_is,semantic_cluster,feature_importance,0.0,51,positive,primary
shorts,content_value_score_7d,shallow_tree_regressor,semantic_cluster_label__to_iran_trump,semantic_cluster,feature_importance,0.0,52,negative,primary
shorts,content_value_score_7d,shallow_tree_regressor,topic_primary__ai_tools,topic_metrics,feature_importance,0.0,53,negative,primary
shorts,content_value_score_7d,shallow_tree_regressor,topic_primary__finance_personal,topic_metrics,feature_importance,0.0,54,negative,primary
shorts,content_value_score_7d,shallow_tree_regressor,topic_primary__news_trends,topic_metrics,feature_importance,0.0,55,negative,primary
shorts,content_value_score_7d,shallow_tree_regressor,topic_primary__productivity,topic_metrics,feature_importance,0.0,56,negative,primary
shorts,content_value_score_7d,shallow_tree_regressor,topic_primary__tutorial,topic_metrics,feature_importance,0.0,57,negative,primary
shorts,content_value_score_7d,shallow_tree_regressor,topic_primary__unknown,topic_metrics,feature_importance,0.0,58,positive,primary
shorts,content_value_score_7d,shallow_tree_regressor,topic_secondary__ai_tools,topic_metrics,feature_importance,0.0,59,negative,primary
shorts,content_value_score_7d,shallow_tree_regressor,topic_secondary__finance_personal,topic_metrics,feature_importance,0.0,60,negative,primary
shorts,content_value_score_7d,shallow_tree_regressor,topic_secondary__news_trends,topic_metrics,feature_importance,0.0,61,negative,primary
shorts,content_value_score_7d,shallow_tree_regressor,topic_secondary__productivity,topic_metrics,feature_importance,0.0,62,negative,primary
shorts,content_value_score_7d,shallow_tree_regressor,topic_secondary__tutorial,topic_metrics,feature_importance,0.0,63,negative,primary
shorts,content_value_score_7d,shallow_tree_regressor,topic_secondary__unknown,topic_metrics,feature_importance,0.0,64,negative,primary
