content_format,video_id,hybrid_decision_score,model_score_percentile,model_score,prediction_rank,decision_score,confidence_level
videos,liiU_V9S_R8,91.8678,99.6126,0.99999935,48,80.2507,high
videos,DZ9lpup4VZ0,90.9919,99.9918,1.0,2,77.4921,high
videos,tTi2uZQsmlo,90.9881,99.9341,1.0,8,77.569,high
videos,a93podeBS3E,90.7377,98.3927,0.99900792,196,79.2551,high
videos,noatJVfA22U,90.4873,98.2278,0.99866416,216,78.8766,high
videos,LWKyIgsU1AI,90.3461,97.9641,0.99794071,248,78.9192,high
videos,lyLP0cEQonw,90.3111,98.335,0.9988463,203,78.2753,high
videos,E45J_yOyUcA,90.1926,98.574,0.99936545,174,77.6205,high
videos,IpoA_eMcXy0,90.1449,99.3323,0.99997561,82,76.3637,high
videos,9HJ0cYeRsRs,90.0784,99.2252,0.99994749,95,76.3583,high
videos,ur61kzXjvN8,90.0636,97.1645,0.99560034,345,79.4123,high
videos,cTg5e1XSAFo,89.908,98.5163,0.99930531,181,76.9956,high
videos,6FmjZcrbrzA,89.7692,99.5549,0.99999869,54,75.0907,high
videos,ctsPX0Cw4Is,89.6094,97.3871,0.99646421,318,77.9428,high
videos,uWdfkn_ZBzk,89.5729,97.5767,0.99685254,295,77.5673,high
videos,1-qftFmbIMA,89.2505,97.8981,0.99782003,256,76.279,high
videos,C4UPsBBFHHc,89.2268,97.4118,0.99653546,315,76.9494,high
videos,9XLnBIEwQq0,89.143,97.4036,0.99649705,316,76.7522,high
videos,qK0FW9ydzSY,89.0972,97.3541,0.9962267,322,76.7119,high
videos,aqmpZocmR8o,88.926,98.2031,0.99860227,219,75.0104,high
videos,May87SVpcwQ,88.8246,99.0109,0.99979432,121,73.5451,high
videos,SQc6pWejxkE,88.8234,94.7412,0.98034099,639,79.9466,high
videos,-jmMryO25Xc,88.8222,96.2331,0.99103146,458,77.7058,high
videos,yeq1yUi9q3Y,88.7854,96.6205,0.9927383,411,77.0328,high
videos,6OR4h0-HvvU,88.745,97.2634,0.99595405,333,75.9673,high
videos,mqxDY92KQMw,88.6937,98.6977,0.99952104,159,73.6877,high
videos,Tp1AhBaKzDU,88.4924,98.7636,0.99960723,151,73.0857,high
videos,EnOqiNSnQ6g,88.4731,98.7224,0.99955128,156,73.0991,high
videos,pb90cbTtr90,88.4279,96.3897,0.99204076,439,76.4853,high
videos,xImYFVUt0A4,88.3808,95.4171,0.98592034,557,77.8263,high
videos,40RbnVGqcgY,88.3748,95.8539,0.988532,504,77.1561,high
videos,agQTvqWOcT4,88.2808,97.42,0.9965368,314,74.5719,high
videos,kCM5z2mcUI0,88.1749,93.4471,0.97019461,796,80.2665,high
videos,rjYnQL3PVYA,88.0628,96.2001,0.99087755,462,75.8569,high
videos,DaWVGg_3-Fw,87.9624,95.0214,0.98316636,605,77.374,high
videos,yLkP7-vuK1w,87.8646,96.3238,0.99176258,447,75.1759,high
videos,JNSZkgU7SfQ,87.7439,98.9779,0.99978379,125,70.8928,high
videos,eKwYVSvxcqA,87.7378,93.6614,0.97306334,770,78.8525,high
videos,vxmL7yk-L1M,87.6327,98.5823,0.99939781,173,71.2083,high
videos,bDFfvTmo7ks,87.5164,99.0521,0.99982582,116,70.2128,high
videos,N81YPi3sa08,87.0581,93.9169,0.97478507,739,76.77,high
videos,CZLI0TUCzmM,87.019,99.3818,0.99998251,76,68.4748,high
videos,2FtW7AdMIR4,86.9952,92.6311,0.96099729,895,78.5413,high
videos,C1m9xRnFYBA,86.9936,95.9364,0.9892872,494,73.5794,high
videos,1GEqDZ3hQSo,86.9831,90.9083,0.93922082,1104,81.0952,high
videos,ehD0l4mcCdw,86.818,98.2526,0.99871781,213,69.666,high
videos,I7DnCW6aKiI,86.7836,91.9716,0.95360652,975,79.0016,high
videos,j25SiS1Dsn8,86.748,91.7161,0.95060099,1006,79.2958,high
videos,75-c7694BWI,86.7376,99.1757,0.99992604,101,68.0804,high
videos,9u38GV8P7Uo,86.5555,92.9608,0.96457484,855,76.9476,high
videos,Vnq8Nn3U0j8,86.4747,96.1672,0.99069369,466,71.9359,high
videos,uDwScAqw8EE,86.4504,91.7326,0.95091352,1004,78.527,high
videos,rVDyluU8B_w,86.386,92.3178,0.95742885,933,77.4883,high
videos,U9zG1AhmgK4,86.3497,98.5658,0.9993654,175,68.0255,high
videos,uth-6rYywdc,86.3174,94.2136,0.97762708,703,74.4731,high
videos,mau7mYCkWKE,86.0095,92.7877,0.96286656,876,75.8423,high
videos,CZwqZWYILe8,85.8784,97.8652,0.99768096,260,67.8983,high
videos,pGzjHs3I3sE,85.7295,91.032,0.94105506,1089,77.7758,high
videos,lyQVTDWLmGc,85.714,92.5898,0.96061086,900,75.4002,high
videos,7FWnR7NzYIo,85.6109,98.8048,0.99964562,146,65.8201,high
videos,iMydqVkmyRM,85.5948,98.3432,0.99888025,202,66.4722,high
videos,8J2xeXIHSII,85.5662,96.5051,0.99234153,425,69.1579,high
videos,fvR0akMHbJ0,85.5436,97.1728,0.99568917,344,68.0999,high
videos,-9ZgpUo3E7U,85.5213,99.1263,0.99989031,107,65.1139,high
videos,IaSv64dC44g,85.516,99.3736,0.99998217,77,64.7295,high
videos,FWmvINEJuQY,85.4648,93.3317,0.9688806,810,73.6645,high
videos,aSY_vFFmkW0,85.4607,95.6561,0.98719121,528,70.1676,high
videos,nkEBZ_Irvek,85.3504,99.9588,1.0,6,63.4378,high
videos,qqVnq__r6gs,85.2625,95.2852,0.98484814,573,70.2285,high
videos,k0FtvUILqr8,84.9393,95.9941,0.98943536,487,68.3571,high
videos,0ZGfbyD1YlY,84.7567,89.367,0.91313554,1291,77.8412,high
videos,5T67MEj7ur4,84.6763,96.5793,0.99258736,416,66.8218,high
videos,1r6GTP4PWYs,84.5821,90.2407,0.92837486,1185,76.0941,high
videos,QVlTJcHxQnU,84.5696,93.3399,0.96890242,809,71.4142,high
videos,VGd0aW-CTjo,84.4968,88.5674,0.9000923,1388,78.3908,high
videos,TlDyLPsTh2M,84.4479,94.2219,0.97766511,702,69.787,high
videos,rlIyxDJgkFg,84.339,89.7132,0.91950338,1249,76.2776,high
videos,qg6EEfAl5Ss,84.2759,92.4827,0.9594369,913,71.9656,high
videos,yjv_lbTA2fs,84.1725,93.208,0.9678453,825,70.6193,high
videos,5CvlKCBrPHI,84.1008,88.724,0.90241352,1369,77.1661,high
videos,muwmQa0XJUE,84.038,87.026,0.86783647,1575,79.5559,high
videos,07T7V-Szcx0,83.9615,92.9031,0.96376006,862,70.5492,high
videos,e1210ekk1jI,83.8884,89.7379,0.91970053,1246,75.1142,high
videos,JJe8vTg5od4,83.735,94.6917,0.98019711,645,67.2999,high
videos,AeNVZ22HacI,83.5107,93.1586,0.967327,831,69.0389,high
videos,7X5UV0fX84U,83.4597,86.4491,0.85377373,1645,78.9756,high
videos,ksLuUg6vJrU,83.3777,88.8559,0.90521254,1353,75.1604,high
videos,IfN-MOM0_D4,82.9399,89.4164,0.9139201,1285,73.2251,high
videos,YM6kfe6jkjs,82.8716,92.2601,0.95654509,940,68.7889,high
videos,5EdDWSHg0jk,82.7247,86.3831,0.8521269,1653,77.2371,high
videos,BCZmkQCnuXY,82.6742,92.0953,0.95470446,960,68.5425,high
videos,gSCo1cy3FCc,82.5389,84.7181,0.80308777,1855,79.27,high
videos,-d2imWvkCwU,82.3585,90.8671,0.93854712,1109,69.5956,high
videos,zETLNMEkIu0,82.234,84.3966,0.79374346,1894,78.99,high
videos,45Z_eYO-TS0,82.1853,98.2361,0.99866621,215,58.1091,medium
videos,_V_wkba_kyI,82.1759,99.7857,1.0,22,55.7612,medium
videos,Sd1HRo5EAKk,82.1237,94.7082,0.98025519,643,63.2469,high
videos,5z4xkuULPGY,81.9214,88.4108,0.89690829,1407,72.1874,high
videos,LtuHWk_UdRw,81.6961,97.3459,0.99620687,323,58.2215,high
videos,iSyI8IqeQ6Q,81.4964,81.8249,0.70562589,2206,81.0036,high
videos,dl0-TveDDGA,81.4634,94.3455,0.97811788,687,62.1403,high
videos,YCwNCVftOvg,81.3738,80.9265,0.66304951,2315,82.0447,high
videos,QBzCkis5_z0,81.3552,87.5124,0.87967814,1516,72.1195,high
videos,oY_UqL8Ua40,81.2649,88.3861,0.89668348,1410,70.5832,high
videos,aGet4eW1giU,81.2005,95.0626,0.9833765,600,60.4074,high
videos,hbYZESPpgPs,81.1732,83.7784,0.77417621,1969,77.2654,high
videos,2i_ZQiIhT0E,81.1682,86.3996,0.85239377,1651,73.3212,high
videos,jJTVu8jxki8,81.0687,90.0016,0.9241333,1214,67.6694,high
videos,QtnjboNiAGs,81.0534,83.8032,0.77468082,1966,76.9286,high
videos,J7ieKmP96Hc,81.003,94.7906,0.98096862,633,60.3215,high
videos,VR7MgmY1msU,80.9819,82.0722,0.71626097,2176,79.3464,high
videos,F3oIEafFQB0,80.3657,84.4379,0.79496912,1889,74.2574,high
videos,Uikp3Md43ac,80.1994,84.5368,0.79773855,1877,73.6934,high
videos,0toNj6rLLvY,79.8806,81.9156,0.70970757,2195,76.8281,high
videos,ERWIJPTNZVM,79.8718,89.8698,0.92180196,1230,64.8747,high
videos,SZ8r5VKtGes,79.8611,85.0725,0.81482521,1812,72.0441,high
videos,wjrGx5yai18,79.6826,84.1164,0.78347337,1928,73.0318,high
videos,mb4qfjuX0Lo,79.6591,84.2895,0.79167645,1907,72.7135,high
videos,9dCDr4GooUw,79.6463,87.8915,0.88859159,1470,67.2786,high
videos,Xms9sQy3dvo,79.5608,82.2288,0.72216078,2157,75.5589,high
videos,Wo6VcQNG050,79.4842,78.3877,0.5566488,2623,81.129,high
videos,U7XA7VHwrxg,79.4362,94.5763,0.97940326,659,56.726,high
videos,YeLi2cRhXSU,79.2714,83.1108,0.75513145,2050,73.5122,high
videos,9_iPEqxoKxY,78.9175,80.5061,0.64549755,2366,76.5345,high
videos,9p43lgooFUM,78.8464,78.8493,0.57742679,2567,78.8421,high
videos,c0E46LUbHwc,78.8349,85.8226,0.83465179,1721,68.3533,high
videos,zncixG4Gj4E,78.8075,81.1902,0.6770324,2283,75.2334,high
videos,4YxbcXu0pwU,78.667,83.935,0.77947966,1950,70.7651,high
videos,-66TPVwQirw,78.5507,79.2944,0.59210006,2513,77.4352,high
videos,eOLfOhNFq6Y,78.4654,82.2618,0.72340384,2153,72.7707,high
videos,ujOtQvWoKjc,78.4413,84.5532,0.79793267,1875,69.2735,high
videos,GTG8sYtSifM,78.3211,86.9354,0.86580944,1586,65.3996,high
videos,iiYwigMRzmE,78.2664,85.2868,0.82318796,1786,67.7359,high
videos,5Yfy2N4E-AI,78.1743,80.1929,0.63126016,2404,75.1465,high
videos,efl8rY-tqaM,78.1701,79.7148,0.61182529,2462,75.8531,high
videos,11hLt-kO69U,78.0201,87.636,0.8821394,1501,63.5962,high
videos,qYy14J1l1gk,77.6001,89.606,0.91724051,1262,59.5913,high
videos,W3Lnbmw0Z1w,77.5924,83.0036,0.75163961,2063,69.4756,high
videos,aVzjJnPw0Vs,77.4154,83.1767,0.75758871,2042,68.7735,high
videos,9KwdOIKybw4,77.3362,81.759,0.70441508,2214,70.7021,high
videos,EVYo5mKZWG0,77.3241,89.6307,0.91783274,1259,58.8642,high
videos,m66O3tqNVNM,77.287,86.8859,0.86455746,1592,62.8887,high
videos,wkXFL-NtVbE,76.9956,76.3271,0.46218174,2873,77.9984,high
videos,Rdwsx31082s,76.2408,87.7926,0.88718448,1482,58.9132,high
videos,fpz8IPxeiNc,76.1928,88.7982,0.90385577,1360,57.2847,high
videos,dkbwe9h5ncE,76.175,80.7616,0.65792934,2335,69.2951,high
videos,6sxtKsq6dMw,76.1271,78.5608,0.56347172,2602,72.4766,high
videos,RZtZISqYJcU,76.1203,83.6136,0.77039026,1989,64.8804,high
videos,x-o6A3QIHts,76.0452,78.1405,0.54460916,2653,72.9023,high
videos,TOeMzfOD25s,75.8406,89.6472,0.91802634,1257,55.1307,high
videos,3L29v48Daag,75.7807,82.9707,0.75056481,2067,64.9956,high
videos,GXeBi91SkIw,75.6441,84.2071,0.78857703,1917,62.7996,high
videos,dY-jHJFCR0Y,75.5287,78.396,0.55737735,2622,71.2277,high
videos,p6EBMG8OEBI,75.5122,92.8783,0.96359648,865,49.4631,high
videos,Bo3AYSf6Bc4,75.3277,84.0504,0.78217676,1936,62.2436,high
videos,o1G3lfHUYHg,75.2511,80.9594,0.66521367,2311,66.6886,high
videos,JMSaPk0AYeo,75.198,81.726,0.70339511,2218,65.406,high
videos,mivZzHvVO1s,75.1788,75.8985,0.44737208,2925,74.0993,high
videos,T_a3wM4ZXNE,74.9086,79.5335,0.60203781,2484,67.9713,high
videos,nK_Cjldh5Vc,74.8858,83.7372,0.7738398,1974,61.6087,high
videos,vlaZCHNE5HE,74.7262,83.457,0.76511316,2008,61.6299,high
videos,rHOcak_dXEE,74.6935,88.7323,0.90250483,1368,53.6352,high
videos,N26ZtbiKlUQ,74.6528,83.7455,0.7739511,1973,61.0138,high
videos,P4ggqnvOO5c,74.6284,76.632,0.4754584,2836,71.623,high
videos,4f2RgPWLweI,74.6244,72.725,0.31244801,3310,77.4734,high
videos,nHH771Vtkxw,74.4865,79.7643,0.61600823,2456,66.5699,high
videos,DSa5dnvLBmA,74.4062,86.2183,0.84629578,1673,56.6881,high
videos,zUUi-J4c6_Y,74.2748,73.9944,0.36204446,3156,74.6953,high
videos,gV-VoaHsy-c,74.0999,72.2305,0.29311511,3370,76.9039,high
videos,gqBMMojSvgI,73.8497,83.3251,0.76135086,2024,59.6367,high
videos,9qWGchmM7dY,73.7696,79.6324,0.60672854,2472,64.9754,high
videos,W1J8mHtoJqY,73.7159,79.8384,0.61787251,2447,64.5321,high
videos,KwOoHqOqsmU,73.5966,72.7085,0.31192662,3312,74.9288,high
videos,5x5OYJvx_Ws,73.5352,80.0775,0.62883065,2418,63.7218,high
videos,pGJ5RKs2PB8,73.5069,80.1022,0.6295557,2415,63.6139,high
videos,va9hE07C0OI,73.4631,74.4313,0.38040893,3103,72.0109,high
videos,_ir8y3bAqKs,73.1928,76.3106,0.46188917,2875,68.5161,high
videos,H0ymuKNn4GQ,73.1396,79.4593,0.59813255,2493,63.6601,high
videos,M9o3pFN769k,73.1232,80.4402,0.64223737,2374,62.1477,high
videos,4GSDdZlnP9k,73.1076,75.7666,0.44168426,2941,69.119,high
videos,0z2nddujab4,73.078,74.489,0.38290814,3096,70.9616,high
videos,d8CiBhEcRKs,73.0547,84.9159,0.81071198,1831,55.2629,high
videos,O-bfttWN0y0,72.9863,77.7943,0.52881814,2695,65.7744,high
videos,TofLQn46FmA,72.8718,72.3459,0.29749889,3356,73.6606,high
videos,hEpTsG-61YU,72.8595,75.3792,0.42569562,2988,69.0799,high
videos,Q7IYof9wLHk,72.8374,76.1869,0.45800338,2890,67.8131,high
videos,W0hEdb8VMzs,72.803,70.9858,0.25052087,3521,75.5289,high
videos,0riwRSyHcy4,72.7052,71.5463,0.26999288,3453,74.4436,high
videos,rgsQrDnbTkw,72.446,83.5394,0.7684994,1998,55.806,high
videos,21SfYQjDKdA,72.418,74.1098,0.36475785,3142,69.8804,high
videos,BhexBLCOIE8,72.37,72.6426,0.31008371,3320,71.9611,high
videos,ZgdW3YjmUQU,72.2623,81.4787,0.69201215,2248,58.4376,high
videos,KbIBnQBdp_o,72.2247,78.3548,0.55612022,2627,63.0296,high
videos,YwbmcIo6igU,72.2145,88.4026,0.89684581,1408,47.9324,high
videos,Wu6dtqlL3eU,72.1862,78.3136,0.55177815,2632,62.9951,high
videos,eqpXQ2xfQv0,72.1252,71.1012,0.25480469,3507,73.6611,high
videos,6Ll0fpH4ack,72.0932,69.3703,0.20351963,3717,76.1776,high
videos,eG1DLYzzt3Y,72.0207,77.9097,0.53337832,2681,63.1872,high
videos,502_MHOOFWI,71.9962,77.5305,0.51809656,2727,63.6947,high
videos,T4lCxFdzSz0,71.8314,80.9182,0.66249759,2316,58.2012,high
videos,-huRdOuDvAE,71.6263,70.7056,0.24126288,3555,73.0073,high
videos,oW3HN1R-Aq4,71.6166,75.0989,0.41144232,3022,66.3931,high
videos,yN4w0nBEUQc,71.5859,75.1401,0.4128785,3017,66.2546,high
videos,3PVbUKHP3qY,71.5275,73.0877,0.32760935,3266,69.1871,high
videos,gRKmoRy703A,71.3602,78.4454,0.55852483,2616,60.7325,high
videos,5DfR-LZyJzs,71.3217,83.6301,0.77066482,1987,52.8592,high
videos,LKA-fEZ7gls,71.2467,69.7165,0.21472917,3675,73.5421,high
videos,WY-Bpd6PfG0,71.2001,75.9314,0.44912575,2921,64.1032,high
videos,HM9kRaDqYq4,71.1741,76.2117,0.45852049,2887,63.6177,high
videos,3v-KSBrqQ1U,71.1213,77.9921,0.53642552,2671,60.8152,high
videos,ePSsamrBBoo,71.105,70.4748,0.23452667,3583,72.0503,high
videos,0CSk6Cj0Vkw,71.0495,83.3663,0.76201744,2019,52.5742,high
videos,bueWJrxetoI,71.0374,80.6627,0.64936467,2347,56.5995,high
videos,ZlT7vyFF5cY,70.8944,68.8922,0.19213648,3775,73.8978,high
videos,kkianNVGpEM,70.843,73.2113,0.33200388,3251,67.2905,high
videos,0r7uyUxO1lQ,70.755,78.602,0.56579484,2597,58.9845,high
videos,G_3Qc-e8izM,70.7002,73.0135,0.32335892,3275,67.2303,high
videos,0FgLRb-16Nc,70.6991,70.8539,0.24562201,3537,70.4669,high
videos,LshIhQfp2x8,70.672,79.2202,0.5891367,2522,57.8497,high
videos,fqAtYD05PEg,70.6523,76.2694,0.46049151,2880,62.2267,high
videos,3U8uwYpSaWw,70.4979,76.9205,0.4898209,2801,60.864,high
videos,NJ5Xm2HauEw,70.4851,74.2664,0.37328973,3123,64.8132,high
videos,S9bpKZxkGjw,70.473,68.579,0.18483099,3813,73.314,high
videos,tEFXfFkOkGA,70.4646,73.5823,0.35015472,3206,65.788,high
videos,ig5FsXHLYmI,70.3468,82.0063,0.71159768,2184,52.8575,high
videos,ZarVnhg7P24,70.2359,72.3623,0.29779892,3354,67.0463,high
videos,PwMKhypdRB4,70.2077,79.9456,0.62364088,2434,55.6008,high
videos,MfWWeCgJCjk,70.1978,69.3785,0.20360082,3716,71.4268,high
videos,tHOYDet9mMw,70.1245,74.1592,0.36844134,3136,64.0724,high
videos,wuoLa-K81bg,70.1181,76.8381,0.48612999,2811,60.0382,high
videos,PWC7pN1bF7U,70.1035,66.9552,0.14321893,4010,74.8259,high
videos,aSdqU-lUYZU,70.0179,80.8193,0.65904707,2328,53.8157,high
videos,9J7Kk-SY7mc,69.9968,73.64,0.35181691,3199,64.5319,high
videos,L2iq_gX7_TQ,69.9718,67.425,0.15383563,3953,73.792,high
videos,UGP6XlLadIA,69.8876,76.5991,0.4730429,2840,59.8204,high
videos,sYdytOWAyeQ,69.8187,73.8543,0.3570263,3173,63.7654,high
videos,skIhMkpQ00Q,69.8057,79.9291,0.62297916,2436,54.6205,high
videos,uGJP3yzynRw,69.7858,68.7438,0.18791138,3793,71.3489,high
videos,gOhgxxL7xxQ,69.7279,77.3821,0.51047014,2745,58.2465,high
videos,dqqbLS57ZWk,69.6794,61.8777,0.06541632,4626,81.3819,high
videos,dkVRy8HpIuE,69.6278,74.0026,0.36238021,3155,63.0655,high
videos,jOGAGqAqf-A,69.5362,71.06,0.25253584,3512,67.2504,high
videos,hg7GuE9FTa8,69.5312,79.179,0.58774426,2527,55.0595,high
videos,AhMeK-JQ9UQ,69.5166,76.5496,0.47213448,2846,58.9671,high
videos,QM4EMpOf3EQ,69.4811,66.0155,0.1235968,4124,74.6794,high
videos,lYXtLjxH1dE,69.454,79.1708,0.58713621,2528,54.8789,high
videos,aBCEdnwRhDY,69.1971,66.4688,0.13358287,4069,73.2896,high
videos,rfWSUmLgtrQ,69.1644,70.483,0.23454077,3582,67.1866,high
videos,2uZc5sRrxwI,69.0855,68.3564,0.1799909,3840,70.1792,high
videos,pxEpbOyJkJU,69.0812,67.4332,0.15393682,3952,71.5533,high
videos,wgtGulLPwE8,69.0248,74.0109,0.36254864,3154,61.5456,high
videos,twcP4SS2Ou4,68.8603,74.3983,0.37862937,3107,60.5533,high
videos,FJOG6B8rruQ,68.7665,64.0125,0.09274115,4367,75.8976,high
videos,AeIWwnOe9zk,68.7195,66.0814,0.12591556,4116,72.6766,high
videos,J78T2BDWbMA,68.7111,69.0323,0.19485308,3758,68.2293,high
videos,sVJ1W2dUs1E,68.7017,70.9281,0.24879186,3528,65.3621,high
videos,Vwu0xUDtF3M,68.6763,74.0686,0.36381647,3147,60.5878,high
videos,_TxLC6nNmBg,68.5249,63.9383,0.09199899,4376,75.4047,high
videos,lMjXVQ8cmvs,68.3802,74.6208,0.39038336,3080,59.0193,high
videos,CxzeLOW_Xow,68.3725,65.9578,0.12209794,4131,71.9946,high
videos,S26E0o8fnMk,68.275,64.4576,0.0995739,4313,74.0012,high
videos,_jBV8waeKQ4,68.2508,71.5134,0.26899122,3457,63.3568,high
videos,BLFBCybRVx0,68.2334,72.9393,0.32011306,3284,61.1745,high
videos,lbJj3abhF8s,68.1979,72.9228,0.31899409,3286,61.1106,high
videos,0idPs_qS9kM,68.1531,68.3399,0.17926884,3842,67.873,high
videos,lMQkF17uU9g,68.125,66.7985,0.14029578,4029,70.1148,high
videos,uXfCH7KjPoo,68.0784,69.329,0.20176238,3722,66.2026,high
videos,8IdTkhQXCeY,68.0747,75.8572,0.44497667,2930,56.401,high
videos,FlFT9rK7btk,67.944,70.755,0.24337069,3549,63.7275,high
videos,TOl_Qbn9Heg,67.8141,71.9832,0.28485632,3400,61.5604,high
videos,qQsoqDj6Z1o,67.8079,77.3079,0.5057764,2754,53.558,high
videos,PaRVcb30dXw,67.599,65.6034,0.11666232,4174,70.5925,high
videos,AQ9wCc3jxsc,67.5874,70.6973,0.24076733,3556,62.9225,high
videos,HLlmXmErlHo,67.5684,66.5595,0.13552973,4058,69.0817,high
videos,hcEyNm8klJw,67.5558,73.7306,0.35455427,3188,58.2937,high
videos,TlzF_SEA87M,67.5558,70.45,0.23348703,3586,63.2146,high
videos,mafkO99N0c4,67.5507,65.0099,0.10720921,4246,71.3618,high
videos,W6Yo2HbuH88,67.5245,70.0956,0.22680886,3629,63.6678,high
videos,1jJqsOIsUC4,67.5154,68.5378,0.1833508,3818,65.9818,high
videos,QyEwTpPnw7k,67.4381,69.7082,0.21429937,3676,64.0329,high
videos,AnZEG9jMA1E,67.4339,66.6914,0.13814173,4042,68.5477,high
videos,3GuYyGPlfAU,67.3775,73.4339,0.34137044,3224,58.2929,high
videos,OQG6VZ6HOJ4,67.3668,68.7026,0.18743526,3798,65.3632,high
videos,O6oP8zPkkTA,67.3263,62.7267,0.07289924,4523,74.2257,high
videos,k9RuhXk6FUM,67.3211,64.573,0.10106849,4299,71.4433,high
videos,MmIUnuInvrM,67.3168,74.0356,0.36270821,3151,57.2385,high
videos,FdEL4xYXKak,67.241,74.1015,0.36469984,3143,56.9503,high
videos,LDAkREaYxiY,67.2381,74.2994,0.37423393,3119,56.6461,high
videos,P9bDusivF84,67.1939,72.453,0.30347284,3343,59.3053,high
videos,CweTB5n7UUY,67.192,62.4794,0.07080903,4553,74.2608,high
videos,EoUhowHMSgQ,67.1855,74.0768,0.36460787,3146,56.8486,high
videos,u2lHA2pBuf4,67.1112,71.8018,0.27873879,3422,60.0754,high
videos,ehpMVve_fvc,67.0815,68.8757,0.19201544,3777,64.3901,high
videos,qkWyVomku6M,67.0751,71.8595,0.28064092,3415,59.8984,high
videos,I1DfddotRKc,66.7634,71.9172,0.28193506,3408,59.0328,high
videos,b9t0dfMVPxQ,66.7561,73.6235,0.35139443,3201,56.4551,high
videos,akXRjsyo6tY,66.6566,66.0567,0.12471966,4119,67.5564,high
videos,zKVTf33NjTQ,66.5953,62.8091,0.07349581,4513,72.2745,high
videos,_4NVaC4LcC4,66.556,65.6858,0.11749577,4164,67.8612,high
videos,wKnayVcnI8w,66.5257,64.8863,0.1055373,4261,68.9849,high
videos,9oEsshkxdJ0,66.4961,64.0373,0.09294129,4364,70.1842,high
videos,QZXJEdX5nI8,66.4629,71.5051,0.26886836,3458,58.8996,high
videos,SDjrrOUCaR4,66.3954,70.4088,0.23269591,3591,60.3752,high
videos,x1LgXfU2ETE,66.3041,73.6977,0.35365671,3192,55.2137,high
videos,QrrAv6Iog6M,66.2351,62.1497,0.06821299,4593,72.3633,high
videos,-fNEY-HBumo,66.1588,71.1095,0.25511951,3506,58.7328,high
videos,YTn95jb4dYU,66.138,72.0162,0.28607005,3396,57.3206,high
videos,RRz5xxj0gxs,66.0874,69.2136,0.19866364,3736,61.3982,high
videos,3RDhA7NzQXc,66.0096,62.636,0.07219925,4534,71.0701,high
videos,O2u7iK09X_E,65.9588,73.0465,0.32500844,3271,55.3273,high
videos,RYjIPb_b-gU,65.9354,63.8806,0.09097993,4383,69.0176,high
videos,mBoJTBbeZdg,65.9006,65.1747,0.11104203,4226,66.9895,high
videos,39BvveajCCk,65.8722,61.8694,0.06525342,4627,71.8764,high
videos,nxpn3-KIG6c,65.8394,66.1062,0.12621489,4113,65.4391,high
videos,qaFjCmmMKcA,65.7242,68.2163,0.17478518,3857,61.9861,high
videos,loAJajEAQ0M,65.6388,66.9716,0.14328076,4008,63.6396,high
videos,IfFdDLOfMlU,65.5847,62.2651,0.069019,4579,70.5642,high
videos,GsWK59tphSE,65.4949,71.7771,0.27751398,3425,56.0715,high
videos,1hTY_Q80_h0,65.4842,70.6314,0.23967492,3564,57.7634,high
videos,vn44Ku2ItZg,65.4824,63.6416,0.08749035,4412,68.2436,high
videos,RpQGQj81x7M,65.4683,65.9496,0.12199604,4132,64.7464,high
videos,dVuujCqJw4Q,65.4442,70.7633,0.24344484,3548,57.4655,high
videos,BdbrQ4nOupo,65.4382,69.7412,0.21556103,3672,58.9838,high
videos,Bd-SWHYF3TQ,65.4171,67.8289,0.16321821,3904,61.7993,high
videos,3YHIPPx2jZc,65.3308,63.3037,0.08066807,4453,68.3715,high
videos,NOv3U3ZUiro,65.3286,68.1503,0.17314426,3865,61.0961,high
videos,N9fdSHMWq_0,65.2813,60.9957,0.05673185,4733,71.7098,high
videos,sVpKonYJ4D4,65.2612,69.0983,0.19610143,3750,59.5055,high
videos,K16VIwBZFCs,65.1757,68.0597,0.17049503,3876,60.8497,high
videos,NHXe5klt0NM,65.1579,62.8256,0.07374978,4511,68.6563,high
videos,YYB-r06Pnig,65.1578,73.5987,0.35054187,3204,52.4965,high
videos,f_7vuk6ZBlU,65.0438,67.4167,0.15363431,3954,61.4844,high
videos,S7hNU7UVKMY,65.0401,66.3617,0.13147353,4082,63.0577,high
videos,FsuUPpGTJt8,65.0364,65.8919,0.12133275,4139,63.7532,high
videos,5gfc978c_2g,64.9555,75.7501,0.4415732,2943,48.7636,high
videos,fp57xWasdFo,64.91,60.4599,0.05154325,4798,71.5851,high
videos,q_Z4qlmV41g,64.8706,60.4929,0.05181425,4794,71.4371,high
videos,xz9OhXldkw4,64.8424,64.1032,0.09431666,4356,65.9512,high
videos,jJI_f4oSwe0,64.8147,59.0917,0.04137994,4964,73.3992,high
videos,I1u-uVoQIe8,64.7855,74.7033,0.39509675,3070,49.9087,medium
videos,hkLtkgQdI2U,64.7645,61.9601,0.06670412,4616,68.9711,high
videos,GiZjZs1SXLY,64.7273,66.1803,0.12798961,4104,62.5479,high
videos,Ym6Z9dZPA8k,64.6985,65.2984,0.11199543,4211,63.7986,high
videos,M7glXs_KQY8,64.6938,63.5427,0.08495431,4424,66.4204,high
videos,-D74V-eVYdc,64.6788,64.911,0.10583304,4258,64.3306,high
videos,eupIlEl4_aE,64.6745,62.364,0.07020865,4567,68.1403,high
videos,eP-Qz55s2Ko,64.6344,61.515,0.06153057,4670,69.3134,high
videos,8ivmaIKxEag,64.6212,62.1662,0.0682827,4591,68.3038,high
videos,vOHavzyfB3Y,64.5312,59.0752,0.04122079,4966,72.7153,high
videos,V6B1lpCqr_4,64.4846,63.996,0.09264665,4369,65.2174,high
videos,vknn0wwmhAo,64.466,67.697,0.15932097,3920,59.6194,high
videos,eiq5tPJNHDw,64.39,69.3538,0.20269347,3719,56.9444,high
videos,lJEygNrvp6w,64.3643,63.7817,0.08940224,4395,65.2383,high
videos,CWqzwu6fUo0,64.2515,66.4276,0.13287384,4074,60.9873,high
videos,4S76mZOhe2s,64.0951,70.8869,0.24707274,3533,53.9074,high
videos,11B_HGzz0fE,63.8967,63.1635,0.07859395,4470,64.9965,high
videos,FH1P9sP6OD4,63.8385,59.2977,0.04278453,4939,70.6498,high
videos,cihPU8FDx7c,63.7611,59.0422,0.04104124,4970,70.8395,high
videos,qkapMOntVAw,63.7549,57.2041,0.03040182,5193,73.5811,high
videos,ASyE8UFgA18,63.6911,61.1111,0.05778291,4719,67.5611,high
videos,QzUn4Gd3AP4,63.6856,56.2562,0.02602293,5308,74.8298,high
videos,NLCvrtQ5Seg,63.6817,60.2951,0.05001662,4818,68.7616,high
videos,qZU_f28ZPik,63.6255,63.3201,0.08076063,4451,64.0836,high
videos,kV9eu07H-AU,63.5725,60.2621,0.0497609,4822,68.5382,high
videos,_sFCRgowneQ,63.5528,67.3343,0.15206782,3964,57.8805,high
videos,xkTQ0En-BxU,63.5187,68.0679,0.17076056,3875,56.695,high
videos,bTBXTtyQ_YM,63.5051,65.7847,0.11976134,4152,60.0856,high
videos,N_R-Jb_deT0,63.4824,66.6996,0.13823316,4041,58.6567,high
videos,NoXtR658c_k,63.3993,67.5981,0.15751486,3932,57.1011,high
videos,EkzfaHKkKyg,63.3947,67.2107,0.14775591,3979,57.6707,high
videos,aiMm_P1-JeQ,63.382,66.4936,0.13460004,4066,58.7146,high
videos,txHrASFDHnk,63.3664,60.7072,0.0545259,4768,67.3552,high
videos,rm73uf5_uSY,63.347,66.4853,0.1340278,4067,58.6395,high
videos,IW_8e4-mZAM,63.3462,66.5678,0.13584258,4057,58.5139,high
videos,J6Tn0FgJ768,63.2099,68.6861,0.18723167,3800,54.9955,high
videos,l1uSatWPOKY,63.1757,65.694,0.11773235,4163,59.3982,high
videos,v-Lo4wLcQrU,63.0592,67.6311,0.15822028,3928,56.2014,high
videos,82-kD1TguCA,63.0515,64.7461,0.10364062,4278,60.5097,high
videos,4AButAF0HPg,63.0082,58.6878,0.03875881,5013,69.4889,high
videos,g4lVxtrKqSo,62.9229,58.3498,0.03686278,5054,69.7825,high
videos,e1ryHj4y2p8,62.8199,60.2127,0.04954288,4828,66.7307,high
videos,l2XL-AO02to,62.7994,70.277,0.23127022,3607,51.583,high
videos,e1LpMlNTUxE,62.7936,67.2849,0.1497393,3970,56.0566,high
videos,uNI_nkjZql0,62.7856,63.518,0.0846646,4427,61.6869,high
videos,ToLpkMJpZks,62.7731,65.6281,0.11687244,4171,58.4906,high
videos,vAlxPhiNLZY,62.743,66.7244,0.13882045,4038,56.7708,high
videos,V3pDrvyRSEM,62.7124,62.4712,0.07079455,4554,63.0742,high
videos,yVMtF1h_6r8,62.6469,63.0399,0.07705009,4485,62.0573,high
videos,KhkSGzrlDWA,62.6134,56.3469,0.02649141,5297,72.0132,high
videos,tzYoVprzTwk,62.6032,56.5035,0.02710877,5278,71.7528,high
videos,y243pylg3Xg,62.5536,69.3455,0.20216345,3720,52.3658,high
videos,KkoAyDxFkw4,62.5107,64.3258,0.09721519,4329,59.788,high
videos,FZKHlluOOS4,62.457,65.9166,0.12173164,4136,57.2676,high
videos,n3zIosAN1cc,62.3455,58.0613,0.0349663,5089,68.7718,high
videos,k7Bo8cJq0YQ,62.3439,55.877,0.02434512,5354,72.0443,high
videos,6g9EGxyGmBY,62.3438,67.1118,0.14655224,3991,55.1918,high
videos,u_cHTsG2GOI,62.3189,58.6301,0.03845353,5020,67.852,high
videos,e_2rx7gJ0Nw,62.282,62.4464,0.07064783,4557,62.0353,high
videos,UiP3D4MqaNs,62.2769,62.5041,0.07089518,4550,61.9361,high
videos,_WaudpvolTs,62.2674,66.2793,0.13016543,4092,56.2495,high
videos,XvN5u19yPr4,62.2339,56.1325,0.0253109,5323,71.3861,high
videos,Y_7zNvY4n5s,62.0069,65.2901,0.11194329,4212,57.0822,high
videos,RZKHHbEo9sY,61.9879,61.7211,0.06316768,4645,62.388,high
videos,AlYfnD62v8c,61.9788,66.337,0.13093031,4085,55.4414,high
videos,UXS8KUSCXvI,61.9748,64.9934,0.10693825,4248,57.4468,high
videos,Qys2_Zz1zEs,61.9518,63.9631,0.0922691,4373,58.9348,high
videos,LhgVMCswYDE,61.9382,63.757,0.08904175,4398,59.2101,high
videos,jhDG6SxA1IY,61.9162,63.9796,0.09236405,4371,58.821,high
videos,NbStiOZpuHI,61.9013,60.8638,0.05602373,4749,63.4576,high
videos,TBRKnGACWEs,61.8995,62.3393,0.06970492,4570,61.2397,high
videos,2Uv2rlN7mW0,61.8212,65.3478,0.11217127,4205,56.5313,high
videos,_BW3Frga8wQ,61.8099,63.0317,0.07701436,4486,59.9773,high
videos,99U1Wz4NnMY,61.7809,64.0537,0.09317742,4362,58.3716,high
videos,ARTDqrMnKxU,61.7708,61.9354,0.06651256,4619,61.5238,high
videos,urYPrI1chMM,61.7493,65.9083,0.12138773,4137,55.5108,high
videos,7uuqPIr5PQQ,61.7129,58.4899,0.03725056,5037,66.5475,high
videos,aGJ0wZujCDg,61.6916,65.0511,0.10805384,4241,56.6524,high
videos,LtX_Y2qZ5Cw,61.6913,54.2944,0.01813595,5546,72.7866,high
videos,pPfR9yquVbQ,61.6863,62.0837,0.06752448,4601,61.0902,high
videos,i0qEwPy4dmc,61.6665,66.1391,0.12670888,4109,54.9577,high
videos,ajtalQLr2So,61.657,64.2186,0.09583602,4342,57.8145,high
videos,GYCIrzH9n2o,61.6415,61.0699,0.05735516,4724,62.4989,high
videos,A50lGKATPEI,61.6338,60.5753,0.05268871,4784,63.2216,high
videos,wSNm-fEM7qE,61.6299,62.7761,0.07323048,4517,59.9107,high
videos,5jMioqhztYQ,61.6049,62.5948,0.0715931,4539,60.1201,high
videos,BDcc2MnE68g,61.6032,61.7128,0.06314709,4646,61.4387,high
videos,hduJOUzM-5Q,61.5692,64.8121,0.10485743,4270,56.7048,high
videos,XkooOral3ms,61.5401,61.6469,0.06260606,4654,61.38,high
videos,oCsFEpxTxlI,61.5151,62.7019,0.07273087,4526,59.7349,high
videos,UNNODys02wY,61.487,67.5404,0.15567019,3939,52.4069,high
videos,oGLi9fuEnKs,61.4679,62.4217,0.0705568,4560,60.0371,high
videos,d-_jvH_3wVQ,61.4114,62.3063,0.06944914,4574,60.0691,high
videos,G7FPwU1rA4o,61.4005,53.1405,0.01490563,5686,73.7904,high
videos,1LZUKxNf1A4,61.3507,67.5074,0.15467825,3943,52.1157,high
videos,mNAo3U9anvQ,61.3437,64.7544,0.10377236,4277,56.2277,high
videos,764wuV71sO0,61.3014,63.0069,0.07674052,4489,58.7431,high
videos,mSYbYCsBV84,61.2995,60.666,0.05378509,4773,62.2498,high
videos,6iL0ybVKqfQ,61.2458,64.9439,0.10602658,4254,55.6986,high
videos,RXeCVAFwtcY,61.2438,58.3828,0.03690743,5050,65.5352,high
videos,Np_Mui2atyw,61.1324,60.1055,0.04846985,4841,62.6728,high
videos,dLwP6pow-mQ,61.1312,57.4761,0.03177061,5160,66.6139,high
videos,oFtCUgrGz2c,61.1056,58.8197,0.03979585,4997,64.5344,high
videos,0L1-8FGXTVg,61.089,55.9759,0.02477075,5342,68.7587,high
videos,FzJOlizrO08,61.0782,55.1269,0.02115066,5445,70.0051,high
videos,imqCD6o6jyE,61.0614,63.6499,0.08749469,4411,57.1787,high
videos,vLwicmE2dAM,61.0374,64.029,0.09290673,4365,56.5501,high
videos,BbE_LDs2WYQ,61.0338,62.9163,0.07559619,4500,58.21,high
videos,nrGJCqq8-uY,61.0052,57.608,0.03245698,5144,66.1011,high
videos,z1pfrKslKOw,60.9879,63.4685,0.08343296,4433,57.2671,high
videos,uRK8hWFkhWY,60.9643,57.4514,0.03169597,5163,66.2336,high
videos,6nb3jHrFwm8,60.9564,57.9954,0.03474357,5097,65.398,high
videos,yzwi7LI0jII,60.8525,55.9677,0.0247649,5343,68.1797,high
videos,G7nULIecaCs,60.84,65.8094,0.11995187,4149,53.3859,high
videos,Z9CcMnG4YLc,60.8322,63.2624,0.07972059,4458,57.1868,high
videos,OdkFCm1RX9c,60.7986,65.8012,0.11995127,4150,53.2947,high
videos,wvhYfBu_v4I,60.7752,56.9074,0.02894277,5229,66.5769,high
videos,5TPBvJtYVmU,60.7182,64.4247,0.09901763,4317,55.1585,high
videos,ysw9FcPSjH8,60.6963,61.4573,0.06089417,4677,59.5549,high
videos,d1O7kySONIU,60.6107,61.5397,0.06176171,4667,59.2172,high
videos,y7EpeDMyk7I,60.5381,59.512,0.04429877,4913,62.0772,high
videos,txN9Sr0C33c,60.5192,59.6027,0.04487529,4902,61.8939,high
videos,jffDd5nDPB8,60.5131,63.0729,0.07731257,4481,56.6735,high
videos,8oPgv7B9KrY,60.4107,57.4184,0.03147154,5167,64.8992,high
videos,p57YXg-qMdM,60.3793,60.5671,0.05264225,4785,60.0977,high
videos,RDmi1NGbabw,60.3687,58.9103,0.04009649,4986,62.5563,high
videos,gM7ZQaxQLls,60.3528,64.1939,0.09571756,4345,54.5911,high
videos,U4I3VwlkWUM,60.3325,67.5486,0.15590398,3938,49.5084,high
videos,HR-mm_H1Oj0,60.3011,56.5529,0.02736007,5272,65.9235,high
videos,LtxMDHq4pys,60.3001,60.122,0.0485487,4839,60.5673,high
videos,eCsS5R7CEkw,60.2823,61.6304,0.06246972,4656,58.2601,high
videos,Vyh2gBZCu2s,60.275,55.6792,0.02350875,5378,67.1688,high
videos,4_6h06wBwjA,60.2551,65.5127,0.11506382,4185,52.3687,high
videos,QGpSnohy3iA,60.2398,61.3501,0.06002469,4690,58.5743,high
videos,XqYCT5ugnVA,60.2394,64.5071,0.10009053,4307,53.8379,high
videos,ZUfbpj4sjqA,60.197,63.2212,0.07926132,4463,55.6606,high
videos,CQksuZj_Nfo,60.1857,55.4237,0.02218988,5409,67.3286,high
videos,tVAg3NMSZCo,60.169,60.5176,0.05216236,4791,59.646,high
videos,lUaBd2lRKbU,60.1596,60.5094,0.05205047,4792,59.635,high
videos,w8y1_GB7wLM,60.1591,57.2783,0.03072395,5184,64.4802,high
videos,wh3hctpZdS0,60.1579,57.2618,0.03065146,5186,64.5021,high
videos,40-68Uco_u0,60.0934,60.3445,0.05082105,4812,59.7168,high
videos,aQi987cz1nk,60.0708,56.0419,0.02506999,5334,66.1142,high
videos,tfx2CjqtCUI,60.0,100.0,1.0,1,0.0,
videos,4ju9XgVWlPs,59.9943,51.8381,0.01190806,5844,72.2285,high
videos,AaMdXZMvT3w,59.9901,99.9835,1.0,3,0.0,
videos,Zg2MDj-I1vc,59.9852,99.9753,1.0,4,0.0,
videos,1jKnI_ib8c8,59.9802,99.967,1.0,5,0.0,
videos,KnKYJMe1G-c,59.9703,99.9505,1.0,7,0.0,
videos,SD4yRDY9mek,59.9654,99.9423,1.0,9,0.0,
videos,P9MkPdQc74o,59.964,62.5453,0.07112367,4545,56.0921,high
videos,YhUqxWR4mnE,59.9555,99.9258,1.0,10,0.0,
videos,eLP3ag0YpyA,59.9506,99.9176,1.0,12,0.0,
videos,c8TwGH1B5wA,59.9456,99.9093,1.0,13,0.0,
videos,QW29Ly55Kvs,59.9407,99.9011,1.0,15,0.0,
videos,onb8tshn6x8,59.9404,61.21,0.05893192,4707,58.0359,high
videos,JffHTWti1es,59.9357,99.8928,1.0,16,0.0,
videos,tiKgdh4Csj8,59.9308,99.8846,1.0,14,0.0,
videos,FWx3IFnvoas,59.9258,99.8764,1.0,11,0.0,
videos,ipOSrQNrp1U,59.9209,99.8681,1.0,21,0.0,
videos,bpD-JVy2zV4,59.9159,99.8599,1.0,20,0.0,
videos,Dl3Vg9N4Bn0,59.911,99.8516,1.0,18,0.0,
videos,VtVzC2_f3nY,59.906,99.8434,1.0,26,0.0,
videos,e5aVb5d-JMk,59.9023,56.8579,0.02870167,5235,64.469,high
videos,TYhNHX372ek,59.9011,99.8351,1.0,23,0.0,
videos,uUwzOU2FwXo,59.8961,99.8269,1.0,19,0.0,
videos,5Es-WhgMM1o,59.8912,99.8187,1.0,27,0.0,
videos,-QGmiO4myiA,59.8862,99.8104,1.0,17,0.0,
videos,mtcKMbltrRA,59.8813,99.8022,1.0,28,0.0,
videos,a7DYAjL5bGg,59.8786,57.9459,0.0342664,5103,62.7777,high
videos,-WUlOSHMao8,59.8763,99.7939,1.0,24,0.0,
videos,qc7iiJE027o,59.8664,99.7774,1.0,25,0.0,
videos,0ensVjWoq1Y,59.8615,99.7692,1.0,29,0.0,
videos,z9Kfeoms8Uo,59.8566,99.761,0.99999999,30,0.0,
videos,LFXpmx75kBY,59.8516,99.7527,0.99999998,31,0.0,
videos,MoR47PedfaU,59.8467,99.7445,0.99999997,34,0.0,
videos,hqW6BcMGo4Q,59.8465,60.3116,0.05005066,4816,59.1488,high
videos,wzgrVJLzLSE,59.8417,99.7362,0.99999997,33,0.0,
videos,o2xDANfO8mQ,59.8368,99.728,0.99999997,32,0.0,
videos,X9CsK_nuqdE,59.8318,99.7197,0.99999996,35,0.0,
videos,iAibPDM61gc,59.8269,99.7115,0.99999988,36,0.0,
videos,BTJGr78-zyw,59.822,99.7033,0.99999985,38,0.0,
videos,Ie6jJRBmnMY,59.8208,57.4843,0.03178573,5159,63.3256,high
videos,trmHzMhOQkA,59.817,99.695,0.99999985,37,0.0,
videos,dZftIemBYVE,59.8155,57.3689,0.03135697,5173,63.4855,high
videos,4Sn36Pwmn1Q,59.8121,99.6868,0.99999984,39,0.0,
videos,k0Iwvdbowmg,59.8071,99.6785,0.99999981,40,0.0,
videos,iTJSbJtS8MU,59.8022,99.6703,0.99999981,41,0.0,
videos,MN_u8Jv807U,59.7973,99.6621,0.99999969,42,0.0,
videos,h_VUejXaNCM,59.7923,99.6538,0.99999964,43,0.0,
videos,SCK22vLTKaI,59.7874,99.6456,0.99999957,44,0.0,
videos,BwnLh55BLso,59.7824,99.6373,0.99999949,45,0.0,
videos,zdo2XQAknsY,59.7775,99.6291,0.99999942,46,0.0,
videos,H8htGyXfeRA,59.7725,99.6208,0.99999938,47,0.0,
videos,tnxgS4yCtwo,59.765,53.8823,0.01689437,5596,68.5891,high
videos,9Qpe2qlERWY,59.7626,99.6044,0.99999925,49,0.0,
videos,ESRCdJHbvnU,59.7577,99.5961,0.99999918,50,0.0,
videos,P__7xXeDdKA,59.7527,99.5879,0.99999911,51,0.0,
videos,0rDrr0ydsw8,59.7478,99.5796,0.999999,52,0.0,
videos,fhaKSaOEDnU,59.7474,62.1167,0.06790908,4597,56.1934,high
videos,SPo7iHJzCuQ,59.7441,61.4985,0.06125451,4672,57.1124,high
videos,KLa8NenZeVc,59.7428,99.5714,0.99999883,53,0.0,
videos,oaKlwpBf8yE,59.741,64.2104,0.09580301,4343,53.0368,high
videos,f8Q_7IaMJ2Y,59.7379,99.5631,0.99999869,55,0.0,
videos,-bpfGqAwFlw,59.728,99.5467,0.99999863,56,0.0,
videos,zXvygWE3Ess,59.723,99.5384,0.9999986,57,0.0,
videos,Z8wKeg_nRVI,59.7181,99.5302,0.99999848,58,0.0,
videos,ofI7CPSvk60,59.7131,99.5219,0.99999794,59,0.0,
videos,oZteZj3IPCs,59.7082,99.5137,0.9999974,60,0.0,
videos,q-nu_kxG4pU,59.7032,99.5054,0.99999725,61,0.0,
videos,nl7rByhC5MA,59.7,64.6472,0.10183426,4290,52.2791,high
videos,KiSf_72ty8Q,59.6991,62.669,0.07240223,4530,55.2442,high
videos,MeTbv6Wqfgg,59.6983,99.4972,0.99999696,62,0.0,
videos,QmdjmIDPWwQ,59.6934,99.489,0.99999657,63,0.0,
videos,rBwg2uASTzs,59.6884,99.4807,0.99999492,64,0.0,
videos,RUfAlqSAr9E,59.6835,99.4725,0.99999468,65,0.0,
videos,2ANJOZIAMoE,59.6785,99.4642,0.99999427,66,0.0,
videos,cHocYnA_JVY,59.6736,99.456,0.99999289,67,0.0,
videos,SJ73cJXbPhE,59.6686,99.4477,0.99999168,68,0.0,
videos,bMsBMOkn39Y,59.6637,99.4395,0.99999082,69,0.0,
videos,tKnZG9iOasY,59.6594,55.7039,0.02361837,5375,65.5927,high
videos,2NJe6AyyXo0,59.6591,62.8998,0.07535423,4502,54.7981,high
videos,nCElUD0jvgo,59.6588,99.4313,0.99999079,70,0.0,
videos,7eZZYdK2VW0,59.6538,99.423,0.99998959,71,0.0,
videos,kVOMGFVC_rk,59.6512,55.8523,0.02422717,5357,65.3495,high
videos,kVG90mYrPSI,59.6489,99.4148,0.99998927,72,0.0,
videos,5gHzi6r5TbE,59.6439,99.4065,0.99998675,73,0.0,
videos,XdumyvpHPZM,59.639,99.3983,0.9999856,74,0.0,
videos,oAlWcmQ4fNc,59.634,99.39,0.99998376,75,0.0,
videos,FkZsL3pQxE0,59.6192,99.3653,0.99998156,78,0.0,
videos,6Ycn9qZK09I,59.6143,99.3571,0.99998103,79,0.0,
videos,YTGEfVNo8DE,59.6093,99.3488,0.99997768,80,0.0,
videos,GWLvp-918Mw,59.6044,99.3406,0.99997647,81,0.0,
videos,ksn5yrsC3Wg,59.5945,99.3241,0.99997384,83,0.0,
videos,rThDEqJsRtk,59.5895,99.3159,0.99997107,84,0.0,
videos,4mROydqA2zg,59.5846,99.3076,0.99996716,85,0.0,
videos,MmK3f6q1a2c,59.5796,99.2994,0.99996698,86,0.0,
videos,3-jY1JrtqeY,59.5747,99.2911,0.9999664,87,0.0,
videos,fPmrzygqO8U,59.5697,99.2829,0.99996322,88,0.0,
videos,zc8Nh4TMB1s,59.5648,99.2746,0.99996033,89,0.0,
videos,5pFpsbf4cYg,59.5598,99.2664,0.99995837,90,0.0,
videos,iai3ACGHd5s,59.5549,99.2582,0.99995542,91,0.0,
videos,XfGEMCb6BQU,59.5499,99.2499,0.99995494,92,0.0,
videos,d-LArPe1Rk0,59.545,99.2417,0.9999504,93,0.0,
videos,sAs1EWt6eLk,59.54,99.2334,0.99994792,94,0.0,
videos,aVs5g2TKpxQ,59.5301,99.2169,0.99994671,96,0.0,
videos,WIaYpCdwJ-Y,59.5252,99.2087,0.999941,97,0.0,
videos,aH2hpp0RZaw,59.5218,60.427,0.05143059,4802,58.164,high
videos,Mj30PRb3r3I,59.5203,99.2005,0.99993363,98,0.0,
videos,L_5MGHJ8MM8,59.5153,99.1922,0.99993127,99,0.0,
videos,dPDYBJBN_mk,59.5104,99.184,0.99992983,100,0.0,
videos,3futzHneo8s,59.5005,99.1675,0.99992545,102,0.0,
videos,fFVId5BvPeI,59.4955,99.1592,0.99990886,103,0.0,
videos,qiP0I1z1BwY,59.4938,52.0112,0.01242918,5823,70.7178,high
videos,WGWm6rQXyB8,59.4906,99.151,0.99990683,104,0.0,
videos,yxB720xLFmw,59.4857,99.1428,0.99990146,105,0.0,
videos,y07CnP4iODU,59.4807,99.1345,0.9998924,106,0.0,
videos,RMZSRKiGjIQ,59.4708,99.118,0.99988857,108,0.0,
videos,rxwr8HmkeOA,59.4659,99.1098,0.99988107,109,0.0,
videos,zsp96OnAehM,59.4609,99.1015,0.9998734,110,0.0,
videos,LPgLQU31_bw,59.456,99.0933,0.9998639,111,0.0,
videos,sYWD68Tve2M,59.4511,99.0851,0.9998585,112,0.0,
videos,ijjBdmZbIhc,59.4461,99.0768,0.99984867,113,0.0,
videos,Km2A-9DwzeM,59.4412,99.0686,0.99984567,114,0.0,
videos,YJZWGGk0qvs,59.4362,99.0603,0.99983196,115,0.0,
videos,hUlEDRTRuSs,59.4263,99.0439,0.99982534,117,0.0,
videos,-xoeCRWKcNw,59.4214,99.0356,0.99981349,118,0.0,
videos,_vzBiTAiBAk,59.4164,99.0274,0.99980562,119,0.0,
videos,U5Xpd8ja9bk,59.4115,99.0191,0.99980345,120,0.0,
videos,6qYmKq-WZcE,59.4069,57.8717,0.03377052,5112,61.7096,high
videos,llW5jcbPczU,59.4043,55.4731,0.02260293,5403,65.3011,high
videos,V_z3CplpRFI,59.4036,58.2262,0.0360305,5069,61.1698,high
videos,Nq5bP2RdZ6A,59.4016,99.0026,0.99978971,122,0.0,
videos,Jvnaqd0kIlc,59.3966,98.9944,0.99978817,123,0.0,
videos,rgdP7NZdQB4,59.3962,62.2239,0.06871489,4584,55.1546,high
videos,GpLpI5pNXuI,59.3918,57.7069,0.03293651,5132,61.9191,high
videos,ffqFlTgFZLM,59.3917,98.9862,0.99978745,124,0.0,
videos,QhzCpjDQqfI,59.3818,98.9697,0.99976746,126,0.0,
videos,x_z4n-TSVV8,59.3768,98.9614,0.99976651,127,0.0,
videos,77uoRieSk8s,59.3719,98.9532,0.99975957,128,0.0,
videos,CxQTpqkcz9A,59.3675,59.1246,0.04184574,4960,59.7319,high
videos,V46Y8xQtmgo,59.3669,98.9449,0.9997529,129,0.0,
videos,5OPXXtUC3x0,59.3663,54.3851,0.01837852,5535,66.8382,high
videos,A4m2Xa6WK-4,59.362,98.9367,0.99975132,130,0.0,
videos,ngOsOjsHfsY,59.3571,98.9285,0.99974943,131,0.0,
videos,U1D4ZhSHHd0,59.3563,60.8721,0.05605206,4748,57.0827,high
videos,WDl-V_9WOXE,59.3521,98.9202,0.99973663,132,0.0,
videos,ZJ27r6Mk2O0,59.3472,98.912,0.9997348,133,0.0,
videos,2RDvGoRfLIw,59.3422,98.9037,0.99973062,134,0.0,
videos,xp3Byh75HGQ,59.3373,98.8955,0.99972507,135,0.0,
videos,e3Td8oVfhjs,59.3323,98.8872,0.9997194,136,0.0,
videos,8msljf_aMDs,59.3274,98.879,0.99971678,137,0.0,
videos,aC1CFGTFAso,59.3225,98.8708,0.99971524,138,0.0,
videos,mAp9n2Od8cg,59.3175,98.8625,0.99970969,139,0.0,
videos,mxmvZZRV8gU,59.3126,98.8543,0.9997025,140,0.0,
videos,_tlMz8sTFMs,59.3076,98.846,0.99969461,141,0.0,
videos,MWXaoQ_XdE8,59.3027,98.8378,0.99967618,142,0.0,
videos,hvFmihQEeMc,59.2977,98.8295,0.99964875,143,0.0,
videos,v4rhn2-1Q48,59.2928,98.8213,0.99964815,144,0.0,
videos,G1lgZ9VUDe8,59.2879,98.8131,0.99964666,145,0.0,
videos,cWEx5okDpsA,59.278,98.7966,0.99963754,147,0.0,
videos,Dlvn-E1GiN0,59.273,98.7883,0.99962089,148,0.0,
videos,wYSncx9zLIU,59.2681,98.7801,0.99961663,149,0.0,
videos,-CvJe1iOzhs,59.2636,56.6353,0.02784241,5262,63.206,high
videos,61v00N3P5KY,59.2631,98.7718,0.99961371,150,0.0,
videos,o4iwJieWtQk,59.2622,53.7916,0.01669489,5607,67.4681,high
videos,TTb_cjCo7Nc,59.2532,98.7554,0.9995998,152,0.0,
videos,p-lkZJDGI9c,59.2483,98.7471,0.99958542,153,0.0,
videos,z7K4J7_IHns,59.2433,98.7389,0.99958511,154,0.0,
videos,xiWN82A2LaU,59.2384,98.7306,0.99957166,155,0.0,
videos,Z7oAIXxdgVg,59.2285,98.7141,0.99953786,157,0.0,
videos,FyeEw1HP7fw,59.2235,98.7059,0.9995282,158,0.0,
videos,eFeDpUVEy48,59.2136,98.6894,0.99951704,160,0.0,
videos,DWLcmq_DiaA,59.2087,98.6812,0.99950764,161,0.0,
videos,wLZ1AEgwxzQ,59.2037,98.6729,0.99949292,162,0.0,
videos,9t8x0ivZfL4,59.2037,58.3663,0.03688507,5052,60.4599,high
videos,TIqrd6dCa8o,59.1988,98.6647,0.9994887,163,0.0,
videos,RkYbneoi6pU,59.1938,98.6564,0.99947104,164,0.0,
videos,MueqhhDiBBI,59.1889,98.6482,0.99944763,165,0.0,
videos,MkDAeGqjj1c,59.184,98.64,0.9994378,166,0.0,
videos,-IonBz5c3go,59.179,98.6317,0.99941683,167,0.0,
videos,coX4duwUCpw,59.1741,98.6235,0.99941029,168,0.0,
videos,Fsyg_HDRw9o,59.1691,98.6152,0.99940968,169,0.0,
videos,-uRzkHFEuaM,59.1642,98.607,0.99940233,170,0.0,
videos,1V02vVE64FQ,59.1592,98.5987,0.99939941,171,0.0,
videos,CZW8sKCWNcE,59.1543,98.5905,0.99939823,172,0.0,
videos,-o3ew96Vt5E,59.1345,98.5575,0.99935233,176,0.0,
videos,CaYXmraXdmM,59.1313,64.1444,0.09517418,4351,51.6116,high
videos,YRZ-JIKIIzM,59.1296,98.5493,0.99934019,177,0.0,
videos,NdoOZ0Uy7v4,59.1246,98.541,0.99932571,178,0.0,
videos,hXKouymqZ1Q,59.1197,98.5328,0.99932512,179,0.0,
videos,IUMs6334kkI,59.1148,98.5246,0.9993114,180,0.0,
videos,CtbM_iVo6jc,59.1049,98.5081,0.99929623,182,0.0,
videos,jB1MeBfQm1Q,59.0999,98.4998,0.99927549,183,0.0,
videos,zLu9ZgoDxBg,59.095,98.4916,0.99927504,184,0.0,
videos,vpnVxrsVv6M,59.09,98.4833,0.99925541,185,0.0,
videos,_UQinNxna70,59.0851,98.4751,0.99924382,186,0.0,
videos,y-m90x8cTEs,59.0826,57.4102,0.0314421,5168,61.5912,high
videos,4UTSKaNoubk,59.0801,98.4669,0.99924027,187,0.0,
videos,sxmyBEKJvYY,59.0752,98.4586,0.99923505,188,0.0,
videos,YmWr5bcBA3Q,59.0702,98.4504,0.99919912,189,0.0,
videos,qey96t_SorQ,59.0653,98.4421,0.99915862,190,0.0,
videos,i6-pSl9SKaU,59.0603,98.4339,0.99914602,191,0.0,
videos,5j3NRd7W1Og,59.0576,57.8223,0.03357342,5118,60.9106,high
videos,X1uxQzU3yLk,59.0554,98.4257,0.9991356,192,0.0,
videos,JpVtso3S9rM,59.0504,98.4174,0.99907573,193,0.0,
videos,uAYftxx446k,59.0455,98.4092,0.99904279,194,0.0,
videos,SXHQO1yK-60,59.043,54.1955,0.01787784,5558,66.3143,high
videos,sKBKXrp8EF8,59.0405,98.4009,0.99903596,195,0.0,
videos,TU2VUYAGXaU,59.0306,98.3844,0.9989993,197,0.0,
videos,ZyLxuteCMXo,59.0288,60.0478,0.04794527,4848,57.5004,high
videos,yBwL_An2mDw,59.0257,98.3762,0.99894336,198,0.0,
videos,N2MtGR7ko1I,59.0215,58.3251,0.03672674,5057,60.0661,high
videos,qDiGc4lJqmk,59.0208,98.368,0.99891215,199,0.0,
videos,qhwino3_t_Y,59.0158,98.3597,0.99890725,200,0.0,
videos,bvJzOZJOXBk,59.0109,98.3515,0.99890205,201,0.0,
videos,US9mmmLnh9I,58.996,98.3267,0.99883146,204,0.0,
videos,Aqi9zT9WVgk,58.9911,98.3185,0.99882972,205,0.0,
videos,hrm9A-2zO2s,58.9862,98.3103,0.99882289,206,0.0,
videos,a0B7cFhSPcU,58.9812,98.302,0.99880473,207,0.0,
videos,4xspo5__I4c,58.9763,98.2938,0.99877561,208,0.0,
videos,qmoZIVwi3JU,58.9713,98.2855,0.99876195,209,0.0,
videos,BdfrUdm56_M,58.9664,98.2773,0.99876161,210,0.0,
videos,yNHYpCLBffw,58.9614,98.269,0.99874802,211,0.0,
videos,UEseLvpl9ss,58.9565,98.2608,0.99873987,212,0.0,
videos,0ZeGkq6HW2U,58.9546,51.6815,0.01159124,5863,69.8642,high
videos,soZJOfaY914,58.9466,98.2443,0.99869513,214,0.0,
videos,_cplDdCbD6E,58.9456,57.6904,0.03291685,5134,60.8284,high
videos,f3z4UBigGAI,58.9318,98.2196,0.99864027,217,0.0,
videos,3xMUjn4F0Aw,58.9268,98.2113,0.99863822,218,0.0,
videos,m6TJ8vY2rU0,58.9194,51.0633,0.01058381,5938,70.7036,high
videos,XegTKicUEhA,58.9169,98.1949,0.99857314,220,0.0,
videos,HKzxjt2P_fg,58.9153,54.5747,0.01891622,5512,65.4263,high
videos,vw73r_xaeX0,58.912,98.1866,0.99856895,221,0.0,
videos,j7BnXEU6ptk,58.9077,58.5147,0.03745609,5034,59.4972,high
videos,1zlLw7tQTk0,58.907,98.1784,0.99855984,222,0.0,
videos,1pglkwgsu1I,58.906,56.5364,0.02733406,5274,62.4603,high
videos,9_R9sQHrzLY,58.9021,98.1701,0.99854207,223,0.0,
videos,z_Oxx39OYwM,58.8971,98.1619,0.99850099,224,0.0,
videos,MjzrJ6S5t4E,58.8922,98.1536,0.99848119,225,0.0,
videos,fg9GNnjgVtk,58.8921,52.1925,0.01278632,5801,68.9415,high
videos,rvVGTI7PFUQ,58.8872,98.1454,0.99843971,226,0.0,
videos,9g8Bz0ugi1I,58.8823,98.1372,0.99842712,227,0.0,
videos,sRnMuiBopSQ,58.8775,54.3933,0.01839942,5534,65.6037,high
videos,U7KVgAZPlds,58.8773,98.1289,0.99842348,228,0.0,
videos,XcqHbAVjV3Y,58.8724,98.1207,0.99842324,229,0.0,
videos,F6pH7dmIf7w,58.8692,60.8968,0.05630358,4745,55.8278,high
videos,RjCnWr2dDoI,58.8674,98.1124,0.99841249,230,0.0,
videos,x9YpXkvoLUg,58.8625,98.1042,0.99839952,231,0.0,
videos,guF76Sm11cQ,58.8575,98.0959,0.99838838,232,0.0,
videos,-xII8xc5ty4,58.8575,53.1487,0.01490743,5685,67.4206,high
videos,UqQ_fwnpgfs,58.8526,98.0877,0.99829365,233,0.0,
videos,FZ-3BjbfNlI,58.8477,98.0795,0.99829242,234,0.0,
videos,2f9aXBL16Bw,58.8427,98.0712,0.99826802,235,0.0,
videos,u5RQYDdil1w,58.8378,98.063,0.99826586,236,0.0,
videos,ZLiNygZBKeo,58.8328,98.0547,0.99821979,237,0.0,
videos,T32B8W5B3XY,58.8279,98.0465,0.99818752,238,0.0,
videos,Zr-39ocK654,58.8229,98.0382,0.99817624,239,0.0,
videos,YLZwT_LIXVU,58.818,98.03,0.99811082,240,0.0,
videos,EeEwcQGs-Lw,58.8131,98.0218,0.99809245,241,0.0,
videos,B3SmsSCvoss,58.8081,98.0135,0.99807845,242,0.0,
videos,zOjbiEEBjKs,58.8032,98.0053,0.99807121,243,0.0,
videos,53KqVqZ39eg,58.801,66.6255,0.13673438,4050,47.0643,medium
videos,I9KX3ZpK56w,58.7995,51.0056,0.01049673,5945,70.4904,high
videos,wOgNe9tj4EU,58.7982,97.997,0.99805873,244,0.0,
videos,1u7XjPDhQqg,58.7933,97.9888,0.99805498,245,0.0,
videos,6mK7FF5vbfs,58.7883,97.9805,0.99802282,246,0.0,
videos,deCW40EK2vs,58.7834,97.9723,0.99796698,247,0.0,
videos,DAzaMagKNrY,58.7739,56.6518,0.02789603,5260,61.9571,high
videos,daZQXxqTuqw,58.7735,97.9558,0.99792667,249,0.0,
videos,uP1DjcO53Fw,58.7686,97.9476,0.9979125,250,0.0,
videos,QPjskMnFluQ,58.7636,97.9393,0.99789799,251,0.0,
videos,W8hZkXkh2EA,58.7587,97.9311,0.99786588,252,0.0,
videos,8LCDrisCe3Y,58.7537,97.9228,0.99786017,253,0.0,
videos,v4LLsrjzaZY,58.7488,97.9146,0.99785434,254,0.0,
videos,Le1pfvQP94A,58.7438,97.9064,0.99783787,255,0.0,
videos,t3SJSsMbCYE,58.7339,97.8899,0.99779975,257,0.0,
videos,P4bYKMXp2t0,58.729,97.8816,0.99774412,258,0.0,
videos,WyrIWMFZ38A,58.724,97.8734,0.99772214,259,0.0,
videos,9dUgp9ZC9mo,58.7141,97.8569,0.99766326,261,0.0,
videos,xM5X7ot9MOI,58.7092,97.8487,0.99762386,262,0.0,
videos,WgkDmUNh5RA,58.706,58.0201,0.03483633,5094,59.7348,high
videos,CGpu9f7FVZQ,58.7042,97.8404,0.99762376,263,0.0,
videos,3tbB2dffx0s,58.6993,97.8322,0.99757143,264,0.0,
videos,7inaKyLrsm8,58.6943,97.8239,0.9975701,265,0.0,
videos,ir_ZMRiuGjk,58.6894,97.8157,0.99757007,266,0.0,
videos,mdxgDvkMZCc,58.6845,97.8075,0.99754859,267,0.0,
videos,g3qdSCk9TNw,58.6795,97.7992,0.99753681,268,0.0,
videos,itdKZS0QWX4,58.6759,54.6653,0.01918241,5501,64.6917,high
videos,EYQhrAGdsTo,58.6746,97.791,0.99752247,269,0.0,
videos,DfB2qYJqAkA,58.6696,97.7827,0.99751262,270,0.0,
videos,2GKdRhoyINE,58.6647,97.7745,0.99749137,271,0.0,
videos,kCEg-LGz1K4,58.6597,97.7662,0.99741228,272,0.0,
videos,Al4VK7YFUc4,58.6548,97.758,0.99739859,273,0.0,
videos,JCnqI9A2XOI,58.6499,97.7498,0.99736588,274,0.0,
videos,vPREGzzvHKU,58.6451,56.0748,0.02514526,5330,62.5006,high
videos,TF_Xk_dyPa8,58.6449,97.7415,0.99726018,275,0.0,
videos,onKenaJyo-g,58.64,97.7333,0.99723962,276,0.0,
videos,eaddriKmMlo,58.635,97.725,0.99723482,277,0.0,
videos,PxyS-LsmxjQ,58.6301,97.7168,0.9972305,278,0.0,
videos,IeUqSXHpeYg,58.6251,97.7085,0.99722166,279,0.0,
videos,pXPHezTuI8E,58.6202,97.7003,0.99720054,280,0.0,
videos,ybs7eBhYnH4,58.6153,97.6921,0.99717528,281,0.0,
videos,i9qbn42hBN4,58.6124,56.759,0.02837757,5247,61.3925,high
videos,f-1LPfsTVxQ,58.6103,97.6838,0.99717309,282,0.0,
videos,Kia1yhYyG_U,58.6054,97.6756,0.99713616,283,0.0,
videos,_6PYoAwwQ60,58.6042,60.4517,0.05153978,4799,55.8329,high
videos,Nl4f1md_mYk,58.6004,97.6673,0.99710752,284,0.0,
videos,s93kZOppXkg,58.5955,97.6591,0.99709147,285,0.0,
videos,ZcGIsiBdlH0,58.5905,97.6508,0.99706607,286,0.0,
videos,y09xbZfsdQU,58.5856,97.6426,0.99702274,287,0.0,
videos,WAMGGT7uK64,58.5806,97.6344,0.99701711,288,0.0,
videos,RjxC0l7mZIM,58.5757,97.6261,0.99701287,289,0.0,
videos,eAkPGerZatE,58.5707,97.6179,0.9969814,290,0.0,
videos,g3LNpKqC9sk,58.5658,97.6096,0.99693821,291,0.0,
videos,MwsU5c1zgI4,58.5608,97.6014,0.9969276,292,0.0,
videos,DZc1RF_F7f4,58.5573,58.2097,0.03595686,5071,59.0788,high
videos,wd5ZZV8if54,58.5559,97.5931,0.99687764,293,0.0,
videos,mts47e2NoEk,58.5509,97.5849,0.99685743,294,0.0,
videos,A05UEJ8-1ws,58.541,97.5684,0.99684808,296,0.0,
videos,RHp8X7tPm_0,58.5361,97.5602,0.99681772,297,0.0,
videos,G8I9ILBaNYU,58.5311,97.5519,0.99681348,298,0.0,
videos,UFuWPxyOf3s,58.5262,97.5437,0.99680787,299,0.0,
videos,yhO3xKpgo7s,58.5212,97.5354,0.99679737,300,0.0,
videos,ztn7B3SGJsI,58.5163,97.5272,0.99679635,301,0.0,
videos,_BngA7hLTv4,58.5114,97.519,0.99678327,302,0.0,
videos,hPGHKIYbR_k,58.5064,97.5107,0.99676559,303,0.0,
videos,6Dj5ufzrZ78,58.5015,97.5025,0.99676193,304,0.0,
videos,v3mWddinPNs,58.4965,97.4942,0.99675758,305,0.0,
videos,0Fv3DhrMmxA,58.4916,97.486,0.99674525,306,0.0,
videos,QAzdmTENfRc,58.4866,97.4777,0.99667317,307,0.0,
videos,WAQ5Yt24Tco,58.4817,97.4695,0.99666973,308,0.0,
videos,C9GetclfPOg,58.4768,97.4613,0.99665765,309,0.0,
videos,tRCGE8JUsgI,58.4718,97.453,0.99665608,310,0.0,
videos,dUh10JqaYfI,58.4713,53.0745,0.01478961,5694,66.5665,high
videos,rH1a9liVb0w,58.4669,97.4448,0.99659445,311,0.0,
videos,X4A1RW2MUig,58.4619,97.4365,0.99658905,312,0.0,
videos,2No977oucIU,58.457,97.4283,0.99653893,313,0.0,
videos,SYDPh5AIetE,58.4562,55.9182,0.02464718,5349,62.2632,high
videos,TERsJnGoPVo,58.4372,97.3953,0.99648644,317,0.0,
videos,FAJsZP3a9yI,58.4273,97.3788,0.9963982,319,0.0,
videos,GDn7FGrVVs4,58.4224,97.3706,0.99633342,320,0.0,
videos,5Q7jV8TpMXA,58.4174,97.3623,0.9962825,321,0.0,
videos,QqOnX1zFoNg,58.4159,59.784,0.04610316,4880,56.3637,high
videos,hiw70dlXua0,58.4128,53.8988,0.01694706,5594,65.1839,high
videos,QnTwBAVnn-0,58.4026,97.3376,0.99615084,324,0.0,
videos,tTszI3wNzxQ,58.3981,53.973,0.01743116,5585,65.0358,high
videos,5rHFKRWSnIg,58.3976,97.3294,0.99611181,325,0.0,
videos,XKGlNSEb0mc,58.393,59.578,0.04477876,4905,56.6156,high
videos,VLW8Cum-cAk,58.3927,97.3211,0.99610969,326,0.0,
videos,98ho9OGk7kg,58.3877,97.3129,0.99610482,327,0.0,
videos,8ZyHojcnKl8,58.3828,97.3046,0.99609311,328,0.0,
videos,MLt8AfeGsKI,58.3798,57.031,0.02959146,5214,60.403,high
videos,-ThdHWENQGU,58.3778,97.2964,0.99608199,329,0.0,
videos,otU0Ndy0MOA,58.3729,97.2882,0.99607379,330,0.0,
videos,j8rLY97c9a4,58.3679,97.2799,0.99606177,331,0.0,
videos,ZWV7h--aY-I,58.363,97.2717,0.99604955,332,0.0,
videos,R57p0sTAgOg,58.3531,97.2552,0.99592292,334,0.0,
videos,SjehpVr7PA0,58.3482,97.247,0.99592194,335,0.0,
videos,vwwwpZI487w,58.3432,97.2387,0.99587472,336,0.0,
videos,rSJp2QXBRZE,58.3387,48.7554,0.00704384,6218,72.7137,high
videos,MVFd0qFB9TE,58.3383,97.2305,0.99583332,337,0.0,
videos,yaP1Hww5eO0,58.3333,97.2222,0.99582718,338,0.0,
videos,awuagiuiOnU,58.332,48.3103,0.0065383,6272,73.3646,high
videos,V3zWKBs_39Y,58.331,56.5941,0.02752969,5267,60.9364,high
videos,d-debb_abfY,58.3284,97.214,0.99581172,339,0.0,
videos,lNcaz_R6nWQ,58.3234,97.2057,0.9958085,340,0.0,
videos,IHd3BU_UCSU,58.3185,97.1975,0.99575791,341,0.0,
videos,I8M-3APaQuI,58.3136,97.1893,0.99574812,342,0.0,
videos,4DYaWU57jR8,58.3086,97.181,0.9956932,343,0.0,
videos,hY3hPPltLcw,58.2938,97.1563,0.99552952,346,0.0,
videos,slvWL5fwsAM,58.2888,97.148,0.99551989,347,0.0,
videos,Iede7-kYQbs,58.2839,97.1398,0.99550081,348,0.0,
videos,LeofP3zKODs,58.279,97.1316,0.9954362,349,0.0,
videos,pE1n3G6TRB4,58.274,97.1233,0.99539319,350,0.0,
videos,keLX1fmugSc,58.2691,97.1151,0.99537772,351,0.0,
videos,-EPAbCFexBk,58.2641,97.1068,0.99534976,352,0.0,
videos,lYrozHs3ifQ,58.2592,97.0986,0.99529092,353,0.0,
videos,hKoPzY43iBc,58.2542,97.0903,0.99528554,354,0.0,
videos,fWZdbNsDiPM,58.2493,97.0821,0.99523339,355,0.0,
videos,RsGa4DhmiAQ,58.2443,97.0739,0.99509147,356,0.0,
videos,7rkaZ7wbzbs,58.2426,58.9515,0.04037966,4981,57.1793,high
videos,3MiMibrG79Y,58.2394,97.0656,0.99508325,357,0.0,
videos,LOMhryKMIJc,58.2344,97.0574,0.99502894,358,0.0,
videos,swsjPsze8kA,58.2335,56.7178,0.02814703,5252,60.507,high
videos,exh1vwGlrSo,58.2295,97.0491,0.99502892,359,0.0,
videos,RFWIjioobRk,58.2245,97.0409,0.99495145,360,0.0,
videos,SSVT8bLjguY,58.2196,97.0326,0.99492281,361,0.0,
videos,6F9wx2w-3_c,58.2146,97.0244,0.99491872,362,0.0,
videos,5FlrieGvoAk,58.2097,97.0162,0.99476552,363,0.0,
videos,T_LWKGJDKgo,58.2047,97.0079,0.99475542,364,0.0,
videos,8lj8WlfnGx4,58.1998,96.9997,0.99475058,365,0.0,
videos,B1vQ7OsH4Kc,58.1948,96.9914,0.99468117,366,0.0,
videos,UUMD2yW-Jqs,58.1928,54.1625,0.01775635,5562,64.2382,high
videos,8d8EojYVtCs,58.1899,96.9832,0.99467994,367,0.0,
videos,7yOyYfBDy38,58.1849,96.9749,0.99463291,368,0.0,
videos,UYFT0eC-g7E,58.18,96.9667,0.9946183,369,0.0,
videos,1U0dwqMBJJM,58.1774,53.2806,0.01524778,5669,65.5227,high
videos,2rXcq6fXpiM,58.1751,96.9585,0.9946162,370,0.0,
videos,0idqiLonGYI,58.1701,96.9502,0.99461149,371,0.0,
videos,3COF7VcbRbE,58.1652,96.942,0.99457763,372,0.0,
videos,r8kpOGuCXe4,58.1602,96.9337,0.99455538,373,0.0,
videos,vcg1WMzr9xw,58.1553,96.9255,0.99451574,374,0.0,
videos,9IYRd5TnC5M,58.1503,96.9172,0.99448014,375,0.0,
videos,7maiBkIm2oU,58.1454,96.909,0.99446574,376,0.0,
videos,1rbPmRvm67k,58.1444,60.0396,0.04786268,4849,55.3017,high
videos,BFBCXVZwTqI,58.1405,96.9008,0.99444543,377,0.0,
videos,qjZRGnwkTlI,58.1355,96.8925,0.99438225,378,0.0,
videos,d8sm9LsXtv0,58.1306,96.8843,0.99436493,379,0.0,
videos,lRmMQyDxjO0,58.1256,96.876,0.99435922,380,0.0,
videos,7gU5PXWL4Lw,58.1236,54.8055,0.01966192,5484,63.1008,high
videos,8Kk_os70v2I,58.1207,96.8678,0.99432833,381,0.0,
videos,EsdCFplZdZo,58.1157,96.8595,0.99431278,382,0.0,
videos,yLJ8C8Xg5EQ,58.1108,96.8513,0.99431201,383,0.0,
videos,0ZZqPtrU1WA,58.1103,59.7923,0.04626203,4879,55.5872,high
videos,YuYDi5dh_70,58.1059,96.8431,0.9942201,384,0.0,
videos,ZdIreEJnRHA,58.1009,96.8348,0.99405844,385,0.0,
videos,uCI13vEkn24,58.096,96.8266,0.99401405,386,0.0,
videos,7LYzvA0Rf0w,58.091,96.8183,0.99399916,387,0.0,
videos,Jm2RWBmrW1M,58.0861,96.8101,0.9939943,388,0.0,
videos,lmyKpdfOBRs,58.0811,96.8018,0.99399104,389,0.0,
videos,kc7AXAi56vM,58.0762,96.7936,0.99374493,390,0.0,
videos,pjFpW2da_g4,58.0712,96.7854,0.99371774,391,0.0,
videos,8SNk9wVb4Ds,58.0666,57.7234,0.03299282,5130,58.5815,high
videos,6xUmuh2YDDI,58.0663,96.7771,0.99367961,392,0.0,
videos,QD0hGj-ioFU,58.0613,96.7689,0.99366077,393,0.0,
videos,thx1_qS3i6g,58.0564,96.7606,0.99344953,394,0.0,
videos,Gry-zVYVpgA,58.0553,55.7287,0.02365178,5372,61.5453,high
videos,_mX2PLGPg4U,58.0518,56.4128,0.0267131,5289,60.5103,high
videos,BLQNNuH6pG8,58.0514,96.7524,0.99337909,395,0.0,
videos,IM1vgMfNFS8,58.0465,96.7441,0.99332477,396,0.0,
videos,E3k-qYMaSbM,58.0415,96.7359,0.99326816,397,0.0,
videos,Cnuj24PjWrQ,58.0366,96.7277,0.99323195,398,0.0,
videos,Khxy1ayUEEQ,58.0317,55.0363,0.02061395,5456,62.5249,high
videos,05vM0OQTc3I,58.0316,96.7194,0.99320471,399,0.0,
videos,9-9-D0lnDyI,58.0267,96.7112,0.99317421,400,0.0,
videos,Ihwi8vE7neM,58.0217,96.7029,0.99314709,401,0.0,
videos,JQ8OpyAeTxw,58.0189,55.0692,0.0207899,5452,62.4435,high
videos,_ZukdYNtcHI,58.0168,96.6947,0.99311765,402,0.0,
videos,s6PPu0Mphws,58.0118,96.6864,0.99305173,403,0.0,
videos,d6hRhPxXB6Q,58.0069,96.6782,0.99304093,404,0.0,
videos,C3lpBi4kNxM,58.002,96.67,0.99303095,405,0.0,
videos,EbswiQsFB4I,57.997,96.6617,0.99296137,406,0.0,
videos,AkAoF8gwPRI,57.9921,96.6535,0.99289815,407,0.0,
videos,WWg03oo07o8,57.9875,56.0501,0.02507135,5333,60.8937,high
videos,ece6BgCjZkc,57.9871,96.6452,0.992829,408,0.0,
videos,HcLdTujpQJc,57.9822,96.637,0.9927704,409,0.0,
videos,-frVp4LMMNk,57.9773,96.6288,0.99275186,410,0.0,
videos,GJ0p9hfdcVE,57.9674,96.6123,0.99268848,412,0.0,
videos,90TUo76CbOc,57.9624,96.604,0.99267202,413,0.0,
videos,nvr5nM2ejJs,57.9575,96.5958,0.99264674,414,0.0,
videos,onPq0st9EJ0,57.9525,96.5875,0.99262711,415,0.0,
videos,WiSFPNHrf3A,57.9427,96.5711,0.99256635,417,0.0,
videos,dGaQNl1sTC0,57.9377,96.5628,0.99251043,418,0.0,
videos,mvJvKwwGeIY,57.9328,96.5546,0.99247852,419,0.0,
videos,DDWHloNlnJ8,57.9278,96.5463,0.99245158,420,0.0,
videos,WufGmAWN-7o,57.9229,96.5381,0.99244871,421,0.0,
videos,Dx9Hk43CE0I,57.9179,96.5298,0.99243603,422,0.0,
videos,lOUjOsbzf4Q,57.9144,54.8714,0.01996001,5476,62.4788,high
videos,b7EIlhXgm0E,57.913,96.5216,0.99237097,423,0.0,
videos,QLl_KZrFquA,57.908,96.5134,0.99234856,424,0.0,
videos,lAGZBpQuvIE,57.904,60.971,0.05660027,4736,53.3036,high
videos,l1mn-ljt8Bc,57.8981,96.4969,0.99234134,426,0.0,
videos,h8bxzXmwEKQ,57.8932,96.4886,0.99229827,427,0.0,
videos,7S3LvDMxrxQ,57.8882,96.4804,0.99226772,428,0.0,
videos,xXOPsSOcyAw,57.8833,96.4721,0.99226469,429,0.0,
videos,Z0o_EvZGg0A,57.882,59.9242,0.04698455,4863,54.8186,high
videos,MNOw15El9SI,57.8783,96.4639,0.99226018,430,0.0,
videos,Tqg-qojfcqA,57.8748,54.2038,0.01787815,5557,63.3812,high
videos,fPTkA3BB5VE,57.8734,96.4557,0.99223267,431,0.0,
videos,9uEU6bWB6_4,57.8684,96.4474,0.99220676,432,0.0,
videos,6Fdcg9KFSMg,57.8665,57.913,0.03413848,5107,57.7967,high
videos,kZi2Gt90N-M,57.8635,96.4392,0.9921889,433,0.0,
videos,ECxbs40xMAY,57.8585,96.4309,0.99218236,434,0.0,
videos,Ks5zMlpofLY,57.8536,96.4227,0.99214819,435,0.0,
videos,MOc03-gktwU,57.8486,96.4144,0.99208427,436,0.0,
videos,pz3av2ZsatA,57.8437,96.4062,0.9920828,437,0.0,
videos,mN3Gt29ygtY,57.8388,96.398,0.99205746,438,0.0,
videos,nSTLx9Pm3yY,57.8289,96.3815,0.99203849,440,0.0,
videos,1F-2xXq0xrA,57.8257,57.1299,0.03022228,5202,58.8693,high
videos,ZyEOv4rbLW4,57.8239,96.3732,0.99201942,441,0.0,
videos,MwJUN0a3IJg,57.819,96.365,0.99197803,442,0.0,
videos,xyfpcVFlDzM,57.814,96.3567,0.99197204,443,0.0,
videos,QyskQwnbP-M,57.8091,96.3485,0.99197072,444,0.0,
videos,c7_alY5CCX0,57.8042,96.3403,0.99191336,445,0.0,
videos,OK5qilCFsYM,57.8037,53.9482,0.0172517,5588,63.587,high
videos,vbyA7ecW52M,57.7994,54.8384,0.01974224,5480,62.2409,high
videos,l7zn7S_oalE,57.7992,96.332,0.9918025,446,0.0,
videos,CBTDOQuxnT4,57.7893,96.3155,0.99167051,448,0.0,
videos,MCFU8G3daJM,57.7844,96.3073,0.99166743,449,0.0,
videos,s4Lav_gsMPo,57.7794,96.299,0.99162258,450,0.0,
videos,68DgpdnjBEg,57.7745,96.2908,0.99144446,451,0.0,
videos,1LaYvhJGuLI,57.7696,96.2826,0.99130382,452,0.0,
videos,6xRg9Vtpc18,57.7646,96.2743,0.99115337,453,0.0,
videos,90-nxjzYt9g,57.7597,96.2661,0.9911525,454,0.0,
videos,PeRtf1walXw,57.7547,96.2578,0.99106478,455,0.0,
videos,pPsXxTDzO5w,57.7498,96.2496,0.99105469,456,0.0,
videos,Q2hOryHdgAk,57.7448,96.2413,0.99104582,457,0.0,
videos,r_eDa6_KhdY,57.7408,52.8437,0.0141633,5722,65.0865,high
videos,MmJ0e6QaR3o,57.7349,96.2249,0.99095489,459,0.0,
videos,Grc8n0suMGU,57.73,96.2166,0.9909138,460,0.0,
videos,O3crcS6M8Iw,57.725,96.2084,0.99087884,461,0.0,
videos,qsBAz_r68CM,57.723,56.5447,0.02733836,5273,59.4905,high
videos,U5OoScl1Opc,57.7151,96.1919,0.99084437,463,0.0,
videos,XZuqbY2jg58,57.7102,96.1836,0.99076102,464,0.0,
videos,Fa26XmvLsko,57.7052,96.1754,0.99073332,465,0.0,
videos,ocA08JMF3Ng,57.6953,96.1589,0.9904948,467,0.0,
videos,d1EP1B_Fq5Q,57.6904,96.1507,0.99042784,468,0.0,
videos,V-z0k5xu1hM,57.6854,96.1424,0.99036915,469,0.0,
videos,KPYtmPz5pbU,57.6805,96.1342,0.99035292,470,0.0,
videos,R_tg2M16LeM,57.6761,54.2615,0.01807146,5550,62.798,high
videos,DmIFXV5N9D4,57.6755,96.1259,0.99034252,471,0.0,
videos,UngVdAsQEiU,57.6706,96.1177,0.99029453,472,0.0,
videos,Zf9v9dwNbSE,57.6667,50.0165,0.00882482,6065,69.142,high
videos,Q7HX2xDAruM,57.6657,96.1095,0.99026094,473,0.0,
videos,6XQJBcO6Sfg,57.6607,96.1012,0.99024297,474,0.0,
videos,vjihRiYeOMc,57.6584,53.1157,0.01487276,5689,64.4724,high
videos,U2RPRLIf2ec,57.6558,96.093,0.99023754,475,0.0,
videos,cD9Hch2jvMc,57.655,60.4187,0.05131622,4803,53.5095,high
videos,Gmv-x9FyRHs,57.6508,96.0847,0.99021132,476,0.0,
videos,1tD0HvmeMu0,57.6459,96.0765,0.99017742,477,0.0,
videos,9RsKWfQdKG0,57.6422,61.4738,0.06096898,4675,51.8949,high
videos,LtrKT17VXLE,57.6409,96.0682,0.98984023,478,0.0,
videos,ZC9kAYtNPkw,57.638,52.1596,0.01270345,5805,65.8556,high
videos,-L1-TKDYU5g,57.636,96.06,0.98981354,479,0.0,
videos,28efaOFeWwI,57.6311,96.0518,0.98971314,480,0.0,
videos,D72Od8a95lg,57.6261,96.0435,0.98956863,481,0.0,
videos,5fBPnLdwH2Y,57.6212,96.0353,0.98955942,482,0.0,
videos,o6V2_tvL-CE,57.6162,96.027,0.98955781,483,0.0,
videos,ubggyGIPk8o,57.6113,96.0188,0.98948457,484,0.0,
videos,opcMaSalWz8,57.6064,96.0106,0.98948029,485,0.0,
videos,FZMKEasVKw8,57.6014,96.0023,0.98947308,486,0.0,
videos,08Vi0Sr7DUw,57.5936,52.852,0.0141928,5721,64.7059,high
videos,wRKh0-BoyTA,57.5915,95.9858,0.98942853,488,0.0,
videos,n9N3OProsOc,57.5866,95.9776,0.98937777,489,0.0,
videos,gdrPkpXuNks,57.5816,95.9693,0.98937598,490,0.0,
videos,6tmBB5GcOLU,57.5767,95.9611,0.98936871,491,0.0,
videos,fn6Jo2uT0_4,57.5717,95.9529,0.98935178,492,0.0,
videos,qRs20TeOPuo,57.5668,95.9446,0.9893457,493,0.0,
videos,t2rwS77T6OQ,57.5659,51.5743,0.01141317,5876,66.5533,high
videos,WAZGSI9bZiw,57.5569,53.9812,0.01744321,5584,62.9204,high
videos,AKtNZ_j7f2c,57.5569,95.9281,0.98910457,495,0.0,
videos,u3T_0HmNbHM,57.5519,95.9199,0.98906351,496,0.0,
videos,wW_QMy1BS48,57.547,95.9116,0.98901019,497,0.0,
videos,JbHpeN8vN1Q,57.542,95.9034,0.98896767,498,0.0,
videos,OPQJEG2wYuE,57.5371,95.8952,0.9889338,499,0.0,
videos,e344a2ZZr0s,57.5343,59.1906,0.04217881,4952,55.0498,high
videos,C9GVgbf87Dg,57.5321,95.8869,0.98884025,500,0.0,
videos,EonibwnAEME,57.5272,95.8787,0.98883473,501,0.0,
videos,KYQx4XFAc5M,57.5222,95.8704,0.98862316,502,0.0,
videos,i8IWCJEAxu0,57.5173,95.8622,0.98859918,503,0.0,
videos,IYM9zSk4yas,57.5156,51.3848,0.01100807,5899,66.7119,high
videos,rquN_pzs9Ko,57.5074,95.8457,0.98848218,505,0.0,
videos,-ZkKZACg2JA,57.5025,95.8375,0.98847471,506,0.0,
videos,Gr6qcQdzDfw,57.5011,50.2638,0.00911343,6035,68.3571,high
videos,KYOufxxsibI,57.4977,55.7451,0.02371042,5370,60.1267,high
videos,sEteCJUMVn4,57.4975,95.8292,0.98838402,507,0.0,
videos,7wgjuKalbFw,57.4926,95.821,0.98837755,508,0.0,
videos,tse51CSdjvo,57.4876,95.8127,0.98827218,509,0.0,
videos,2bL2P1qC9CY,57.4827,95.8045,0.98826439,510,0.0,
videos,4JzMlsQlqrU,57.4777,95.7962,0.98821691,511,0.0,
videos,DkLunrWgrRI,57.4728,95.788,0.98820948,512,0.0,
videos,0X0pDsglgno,57.4679,95.7798,0.9881144,513,0.0,
videos,rVEWr0fnclA,57.4629,95.7715,0.98807787,514,0.0,
videos,awXszFCFJoI,57.458,95.7633,0.98805024,515,0.0,
videos,kLaeuEdSQ7E,57.453,95.755,0.98795359,516,0.0,
videos,DznU9CCW9b0,57.4481,95.7468,0.98791143,517,0.0,
videos,4yDM3ZFcQm4,57.4431,95.7385,0.98786248,518,0.0,
videos,4NtYJNO8Qes,57.4382,95.7303,0.9878622,519,0.0,
videos,gwTQLZSIlsU,57.4333,95.7221,0.98763094,520,0.0,
videos,TkDWgKCjdtU,57.4283,95.7138,0.98741859,521,0.0,
videos,GREaEG_0Xcw,57.4234,95.7056,0.98731858,522,0.0,
videos,d2D4wC6YnhA,57.4184,95.6973,0.98729813,523,0.0,
videos,R-dn3cfmBuU,57.4135,95.6891,0.98726851,524,0.0,
videos,8_dh-IB9jZ8,57.4085,95.6808,0.98721721,525,0.0,
videos,n90l18jZc0E,57.4036,95.6726,0.98721712,526,0.0,
videos,XtgpApX2_zQ,57.3989,56.9156,0.02899852,5228,58.1238,high
videos,KX7RMdmWgBw,57.3986,95.6644,0.98721592,527,0.0,
videos,i92AhtqvPJg,57.3942,53.0992,0.014852,5691,63.8368,high
videos,KRmW3VF0d00,57.3887,95.6479,0.98710801,529,0.0,
videos,D5vtrM22kuw,57.3838,95.6396,0.98706685,530,0.0,
videos,zQKV77UNnLU,57.3788,95.6314,0.98702256,531,0.0,
videos,M6mBDa9AIQs,57.3743,53.2229,0.01508593,5676,63.6014,high
videos,ZVzRMrLmQCc,57.3739,95.6231,0.98701915,532,0.0,
videos,Zp1cicFWSQE,57.3705,60.5836,0.05271439,4783,52.5509,high
videos,g2f0rgeaBuE,57.3689,95.6149,0.98696991,533,0.0,
videos,8_BsLIq51Ag,57.364,95.6067,0.98695257,534,0.0,
videos,83F1GSUsmzo,57.359,95.5984,0.98694939,535,0.0,
videos,Tl7Eo0dO4c4,57.3576,53.907,0.01696686,5593,62.5336,high
videos,a9T6IRpz31E,57.3541,95.5902,0.9869029,536,0.0,
videos,QJG07ANWYAs,57.3511,50.6264,0.0098125,5991,67.4381,high
videos,Y5DAyNm3KvU,57.3491,95.5819,0.98685803,537,0.0,
videos,YQvN9A24Bxw,57.3442,95.5737,0.98684902,538,0.0,
videos,IqU9onfl5eA,57.3392,95.5654,0.98681588,539,0.0,
videos,_FgO55IiynI,57.339,52.6706,0.01376776,5743,64.3416,high
videos,kMAzft6mghQ,57.3343,95.5572,0.98677338,540,0.0,
videos,n7JYdhtR5Hg,57.3294,95.549,0.98677014,541,0.0,
videos,8DbOHvhg6kY,57.3244,95.5407,0.98663693,542,0.0,
videos,Y0pAP6cfwM0,57.3218,55.333,0.02194269,5420,60.3049,high
videos,q-ngjXAozww,57.3195,95.5325,0.98663602,543,0.0,
videos,iFYF_e1GSGI,57.3145,95.5242,0.98663317,544,0.0,
videos,l9ST7fEqVhI,57.3096,95.516,0.98651575,545,0.0,
videos,N-oko05O1tQ,57.3046,95.5077,0.98649065,546,0.0,
videos,lBEGn_Zjl8g,57.2997,95.4995,0.98646046,547,0.0,
videos,vFBfrECTPoM,57.2948,95.4913,0.98645702,548,0.0,
videos,cf11w2n9_oA,57.2898,95.483,0.98643927,549,0.0,
videos,jSGFIQfspFU,57.2849,95.4748,0.98641601,550,0.0,
videos,1idLNnnolqw,57.2799,95.4665,0.98640871,551,0.0,
videos,5AS3xXOTjlY,57.275,95.4583,0.98635978,552,0.0,
videos,e0l38ZGEsLk,57.2722,59.4379,0.04378219,4922,54.0236,high
videos,ZTy5GYXNaOQ,57.27,95.45,0.98631327,553,0.0,
videos,J_j723ARmEw,57.2651,95.4418,0.98628105,554,0.0,
videos,xpdkvvsodo0,57.2602,95.4336,0.98615929,555,0.0,
videos,IKQeSCJZ9z0,57.2588,54.0719,0.01758529,5573,62.0391,high
videos,kOlLkboe31M,57.2552,95.4253,0.98598509,556,0.0,
videos,pnjcjYyE9sQ,57.2453,95.4088,0.98590724,558,0.0,
videos,JKfyvLk31cI,57.2404,95.4006,0.98588418,559,0.0,
videos,_cIXOwAHpFA,57.2354,95.3924,0.98569362,560,0.0,
videos,VZceaA_pdqw,57.2305,95.3841,0.98562452,561,0.0,
videos,WiMngrrtCf4,57.2255,95.3759,0.98559434,562,0.0,
videos,mpJShg_UbDA,57.2206,95.3676,0.98548984,563,0.0,
videos,pwNa-5JWtAU,57.2156,95.3594,0.98547872,564,0.0,
videos,Po2ayF5OWSI,57.2107,95.3511,0.98544554,565,0.0,
videos,eXkKkOiuyhc,57.2057,95.3429,0.98542365,566,0.0,
videos,4lTePA79PYE,57.2021,58.3745,0.03688799,5051,55.4435,high
videos,BUa3pYi1x4A,57.2008,95.3347,0.98539489,567,0.0,
videos,FJNk3OGtmbk,57.2002,51.8216,0.01187734,5846,65.2682,high
videos,P-vJ3Qwbs64,57.1958,95.3264,0.98521226,568,0.0,
videos,FCaTFLdtsco,57.1909,95.3182,0.98515271,569,0.0,
videos,gw0KbO5FKz4,57.1859,95.3099,0.98511636,570,0.0,
videos,vqNSfDTL3Po,57.181,95.3017,0.98504267,571,0.0,
videos,H8pwKFW7-Dc,57.176,95.2934,0.98494109,572,0.0,
videos,MPsK-Z5jIuc,57.1754,52.0195,0.0124421,5822,64.9093,high
videos,MKyFV6gBlGU,57.171,54.179,0.01782597,5560,61.659,high
videos,JpAxdTWQJxM,57.1702,59.7346,0.04572213,4886,53.3237,high
videos,cWi8VwMfEz4,57.1662,95.277,0.98479342,574,0.0,
videos,a5nmR7JV0XA,57.1612,95.2687,0.98473494,575,0.0,
videos,Pfdi4-myiQY,57.1563,95.2605,0.98470546,576,0.0,
videos,djEZVT-5jz0,57.1513,95.2522,0.9845482,577,0.0,
videos,yH_UuZdEjh4,57.1464,95.244,0.98452418,578,0.0,
videos,pepnNWJoDYg,57.1414,95.2357,0.98442225,579,0.0,
videos,x-SEoMFBPQQ,57.1365,95.2275,0.98440709,580,0.0,
videos,JwCO6Ic_2SY,57.1316,95.2193,0.98433805,581,0.0,
videos,44qB0eQGQDU,57.1266,95.211,0.98429705,582,0.0,
videos,wjavgk_oSAY,57.1217,95.2028,0.9842485,583,0.0,
videos,wUI5Vhf2MZQ,57.1167,95.1945,0.98423112,584,0.0,
videos,1mHrzCe7Gkc,57.1118,95.1863,0.98416689,585,0.0,
videos,qKxaVy1cbTA,57.1068,95.178,0.98407555,586,0.0,
videos,fiwhsIAjBuI,57.1019,95.1698,0.98407536,587,0.0,
videos,0jicy-qs2Vw,57.097,95.1616,0.98401,588,0.0,
videos,UJ10LnArqoY,57.092,95.1533,0.98398348,589,0.0,
videos,fzVwe3dPCyM,57.0918,58.7784,0.03945827,5002,54.5618,high
videos,mrNGT6d7GKo,57.0911,57.9542,0.03428112,5102,55.7964,high
videos,kB-dxNzu2OM,57.0879,54.3769,0.01835806,5536,61.1543,high
videos,QjsgO8cYGKU,57.0871,95.1451,0.9839457,590,0.0,
videos,oknvJ99DQjQ,57.0821,95.1368,0.98393762,591,0.0,
videos,fpFgsfhXoSM,57.0772,95.1286,0.98390004,592,0.0,
videos,in0VNHdCeJA,57.0722,95.1203,0.98386749,593,0.0,
videos,E2wM79jXqLM,57.0673,95.1121,0.98379224,594,0.0,
videos,3v3DaWeueyg,57.0623,95.1039,0.9837859,595,0.0,
videos,bXj7Cg0oAPI,57.0574,95.0956,0.98364972,596,0.0,
videos,5fde0G1xb4g,57.0524,95.0874,0.98364122,597,0.0,
videos,vN6W1Z8eRMc,57.0475,95.0791,0.98346311,598,0.0,
videos,4V5G3wtrmhg,57.0425,95.0709,0.98345315,599,0.0,
videos,KZIXcfHXNK0,57.0326,95.0544,0.98333667,601,0.0,
videos,ZNU-s7vbruw,57.0277,95.0462,0.98332261,602,0.0,
videos,BTuNlJ1gMeY,57.0264,53.33,0.01541013,5663,62.5709,high
videos,b1rGYkXx_3M,57.0227,95.0379,0.98326991,603,0.0,
videos,Aniuxvmrc-k,57.0178,95.0297,0.98325642,604,0.0,
videos,MqGHCJN4tyI,57.0079,95.0132,0.98296758,606,0.0,
videos,nkBXhCu74AM,57.0029,95.0049,0.98285755,607,0.0,
videos,0PWrY1bi1SY,56.998,94.9967,0.98284415,608,0.0,
videos,1IsTxglzl58,56.9931,94.9885,0.98282257,609,0.0,
videos,-oPyY4m9V0M,56.9881,94.9802,0.98260748,610,0.0,
videos,40SLrSw0tvw,56.9832,94.972,0.9825894,611,0.0,
videos,8r0sZ0AXPgM,56.9782,94.9637,0.98255369,612,0.0,
videos,3Qe_PQFBRVQ,56.9733,94.9555,0.98241929,613,0.0,
videos,n-gYFcVx-8Y,56.9683,94.9472,0.98230539,614,0.0,
videos,WSjeyXC8pJU,56.9672,57.1958,0.03032824,5194,56.6243,high
videos,jkxaSI5YJa8,56.9659,50.3132,0.00915211,6029,66.945,high
videos,NyHmseXR4r4,56.9634,94.939,0.98218142,615,0.0,
videos,g4G1KaPu0K4,56.9585,94.9308,0.98214764,616,0.0,
videos,Cp0s0E_WV2w,56.9579,54.1213,0.01768641,5567,61.2129,high
videos,LDp17tpN8Qw,56.9535,94.9225,0.98213014,617,0.0,
videos,FPAlWfGNB38,56.9486,94.9143,0.98210115,618,0.0,
videos,DqU3d7vvfjU,56.9436,94.906,0.98207432,619,0.0,
videos,x-MEd989qVw,56.9387,94.8978,0.98204647,620,0.0,
videos,EvIerQ6hWzM,56.9337,94.8895,0.98203535,621,0.0,
videos,m0qxvtMaKEQ,56.9288,94.8813,0.98201815,622,0.0,
videos,FMdrD_jcYgE,56.9239,94.8731,0.98198242,623,0.0,
videos,Rpyb2I5KyxM,56.9189,94.8648,0.98191407,624,0.0,
videos,g3x1799jA5U,56.914,94.8566,0.98186097,625,0.0,
videos,o1cBreq0CIk,56.909,94.8483,0.98162551,626,0.0,
videos,ZH1Gpz9qibI,56.9041,94.8401,0.98160715,627,0.0,
videos,Mww3arniyt0,56.8991,94.8318,0.98116004,628,0.0,
videos,zI1yXpSA-HM,56.8942,94.8236,0.98109734,629,0.0,
videos,XT52Q308GBU,56.8892,94.8154,0.98108563,630,0.0,
videos,1gyuiKoSc-w,56.8869,50.9149,0.01034319,5956,65.8449,high
videos,Lj8rVerEwoA,56.8843,94.8071,0.98107218,631,0.0,
videos,vnuooeX5LH4,56.8793,94.7989,0.98097227,632,0.0,
videos,PdoVfBbT1a4,56.8694,94.7824,0.98073558,634,0.0,
videos,_pHwjDzO6bE,56.8645,94.7742,0.98066217,635,0.0,
videos,UMmuSDB97Eo,56.8595,94.7659,0.98063401,636,0.0,
videos,vg8ytBb7rK4,56.8585,55.4814,0.02260784,5402,58.9241,high
videos,iRJAjA_RPF8,56.8546,94.7577,0.9805295,637,0.0,
videos,ToAsua7igds,56.8496,94.7494,0.98034241,638,0.0,
videos,WYvJIpZFTls,56.8397,94.7329,0.98033897,640,0.0,
videos,QxC-hM0fZRQ,56.8348,94.7247,0.98033744,641,0.0,
videos,Nk5GqSmYiNc,56.8324,52.9426,0.01439651,5710,62.667,high
videos,gCGuySh9Vv8,56.8299,94.7165,0.98025602,642,0.0,
videos,9V9VS7X4eoE,56.82,94.7,0.98023884,644,0.0,
videos,4i1Fm0uSTyU,56.8127,54.2532,0.01804595,5551,60.652,high
videos,BMBmGUBGenE,56.8101,94.6835,0.9801701,646,0.0,
videos,QkkV9dvmsj0,56.8051,94.6752,0.98016513,647,0.0,
videos,0BWwReD2z10,56.8002,94.667,0.98008622,648,0.0,
videos,V6VQ54eTok0,56.7953,94.6588,0.98007135,649,0.0,
videos,iKHdF9lPPqE,56.7924,52.3162,0.01312578,5786,63.5068,high
videos,cn8OmuELoHs,56.7903,94.6505,0.98001857,650,0.0,
videos,VCp_wP_YRrs,56.7854,94.6423,0.97998453,651,0.0,
videos,Q3t61ZJhWf0,56.7828,54.2285,0.01796022,5554,60.6143,high
videos,cXbpdUi1coc,56.7804,94.634,0.97995142,652,0.0,
videos,xwWaoyIy5e8,56.7755,94.6258,0.97979365,653,0.0,
videos,SsE9v8qoldM,56.7705,94.6175,0.9795532,654,0.0,
videos,32vqaJa90kw,56.7656,94.6093,0.979522,655,0.0,
videos,4I04-adrE2A,56.7623,49.9341,0.00873311,6075,67.0047,high
videos,7F4pY8Td9QQ,56.7607,94.6011,0.97948428,656,0.0,
videos,GF98pMdwWR0,56.7557,94.5928,0.97947443,657,0.0,
videos,2ZV29QhLfjw,56.7508,94.5846,0.97946544,658,0.0,
videos,-qyWtC944Ng,56.7409,94.5681,0.97939784,660,0.0,
videos,kNbMEsKLjX8,56.7359,94.5598,0.97931672,661,0.0,
videos,9G4ra_-6PGE,56.731,94.5516,0.97924243,662,0.0,
videos,2BlL8bmPr20,56.726,94.5434,0.97922977,663,0.0,
videos,LQSGTvsM7aU,56.7211,94.5351,0.97918545,664,0.0,
videos,o48BwZ4WOkI,56.7161,94.5269,0.9791173,665,0.0,
videos,wb0D9uH0K9U,56.7153,49.9835,0.00879006,6069,66.8129,high
videos,kTUCKIU65n0,56.7127,57.1464,0.03027681,5200,56.0621,high
videos,ZLSd-3InLqo,56.7112,94.5186,0.97910376,666,0.0,
videos,dFV2UPXHO-Q,56.7062,94.5104,0.97910231,667,0.0,
videos,hjgs3SZ4b4c,56.7013,94.5021,0.97906616,668,0.0,
videos,2-ZqK1GVQ5U,56.6963,94.4939,0.97904669,669,0.0,
videos,4t3ID7mJo-8,56.6914,94.4857,0.97902605,670,0.0,
videos,bUky7c7cM1k,56.6865,48.8048,0.00708615,6212,68.5091,high
videos,lvo4OWZ9Gyk,56.6864,94.4774,0.9789963,671,0.0,
videos,Zi_m8INn3G4,56.6815,94.4692,0.97895304,672,0.0,
videos,WhUu5Go4-bU,56.6765,94.4609,0.9789186,673,0.0,
videos,rJx6qKcbxrs,56.6716,94.4527,0.97891441,674,0.0,
videos,010h_fwL7Aw,56.6666,94.4444,0.97891053,675,0.0,
videos,g3M3WaixeOw,56.6617,94.4362,0.97887749,676,0.0,
videos,uZz6C7Pru68,56.6568,94.428,0.97885954,677,0.0,
videos,rId69udDbwM,56.6518,94.4197,0.97871039,678,0.0,
videos,4YxomMtYDm8,56.6469,94.4115,0.97865732,679,0.0,
videos,PV3iPRVADxU,56.6419,94.4032,0.97854434,680,0.0,
videos,yAkdi07egzc,56.637,94.395,0.97850918,681,0.0,
videos,cycDCq-vQFA,56.632,94.3867,0.97846659,682,0.0,
videos,Olf6aKkxBaQ,56.6271,94.3785,0.97844497,683,0.0,
videos,J4TEsiaMujk,56.6222,94.3703,0.97831522,684,0.0,
videos,-ellvM_GPWI,56.6172,94.362,0.97827219,685,0.0,
videos,JG1893LMYFY,56.6123,94.3538,0.97815247,686,0.0,
videos,RbURCrrhbOs,56.6032,56.5199,0.02720955,5276,56.7281,high
videos,8DAtfU4MQqE,56.6024,94.3373,0.97802674,688,0.0,
videos,7h3nazBbFCc,56.6018,53.0003,0.01454927,5703,62.0041,high
videos,0TQk-X7d9GM,56.5974,94.329,0.97802509,689,0.0,
videos,4H2QJNAhsAI,56.5925,94.3208,0.97799535,690,0.0,
videos,GqV7jFnc_wQ,56.5876,94.3126,0.97799282,691,0.0,
videos,WU1fUPHARrs,56.5826,52.3244,0.01314238,5785,62.9698,high
videos,01bUU6EFaes,56.5826,94.3043,0.97790418,692,0.0,
videos,UAA29dAdkbs,56.5777,94.2961,0.97786225,693,0.0,
videos,w2OFjniozgo,56.5727,94.2878,0.97783621,694,0.0,
videos,itsPixXtLJg,56.5698,55.1105,0.02108804,5447,58.7588,high
videos,KjnZVHma3tg,56.5678,94.2796,0.97781548,695,0.0,
videos,ljfCNTBDnko,56.5628,94.2713,0.97780687,696,0.0,
videos,mhfDWHx0zQw,56.5579,94.2631,0.97778563,697,0.0,
videos,MaXbK4B8wHM,56.5529,94.2549,0.97777405,698,0.0,
videos,JkmQOrEYir8,56.548,94.2466,0.97771497,699,0.0,
videos,MR6Ux7zDe7I,56.543,94.2384,0.97769465,700,0.0,
videos,xsfjPgO-TSA,56.5381,94.2301,0.97767335,701,0.0,
videos,6DeeM8AHclc,56.5232,94.2054,0.97760869,704,0.0,
videos,qLsM8D_1TO0,56.5183,94.1972,0.97760254,705,0.0,
videos,0cRzg5aR3Jc,56.5133,94.1889,0.97758905,706,0.0,
videos,fbStigxrqsk,56.5116,45.8622,0.00444348,6569,72.4858,high
videos,NdU6UdUKaYc,56.5084,94.1807,0.97758243,707,0.0,
videos,KBwC9UweH-g,56.5034,94.1724,0.97754403,708,0.0,
videos,F-hSKTNpI0Q,56.4985,94.1642,0.97745287,709,0.0,
videos,WhMPs7O1f1M,56.4936,94.156,0.97744367,710,0.0,
videos,zI8LrQ20L6o,56.4886,94.1477,0.9774074,711,0.0,
videos,rML2W0o0ays,56.4837,94.1395,0.97718805,712,0.0,
videos,MSl5mD3E7PE,56.482,57.7563,0.03314962,5126,54.5705,high
videos,0TM_yvDDSq0,56.4797,54.1378,0.01771537,5565,59.9925,high
videos,Ou7na99kBNA,56.4787,94.1312,0.97715676,713,0.0,
videos,QvEG2aemtY4,56.4738,94.123,0.97701865,714,0.0,
videos,kaCcevHAu78,56.4688,94.1147,0.97676554,715,0.0,
videos,sEyBusTgE08,56.4639,94.1065,0.97673945,716,0.0,
videos,IGW7yvqg9qU,56.459,94.0983,0.97660577,717,0.0,
videos,9WEDLJmWQCk,56.454,94.09,0.97660061,718,0.0,
videos,KawuAKIX4VY,56.4522,56.2067,0.02572639,5314,56.8205,high
videos,Be5TgeBVE8w,56.4491,94.0818,0.97652816,719,0.0,
videos,aqVlKwihWlo,56.4441,94.0735,0.97647316,720,0.0,
videos,cnXuLJiO1MU,56.4434,55.0857,0.02091097,5450,58.48,high
videos,4zMQlA2xCxQ,56.4392,94.0653,0.97640581,721,0.0,
videos,d5p7ejYBdHY,56.4342,94.057,0.97639655,722,0.0,
videos,ktkpd9A8MD8,56.4293,94.0488,0.97636836,723,0.0,
videos,fZB8-sq90PU,56.4275,56.0171,0.02504956,5337,57.043,high
videos,j06SsxyLOMg,56.4244,94.0406,0.97633192,724,0.0,
videos,bSft-6ttulo,56.4194,94.0323,0.97630359,725,0.0,
videos,Gx3CwWFR5Lk,56.4145,94.0241,0.97618265,726,0.0,
videos,lGbrQJO3E_4,56.4095,94.0158,0.97614489,727,0.0,
videos,NQAr6xJ0BfQ,56.4046,94.0076,0.97605003,728,0.0,
videos,oXP_5YR1p3A,56.3996,93.9993,0.97587571,729,0.0,
videos,VfUxmi7fzN8,56.3947,93.9911,0.97555015,730,0.0,
videos,sHzIrx3m5jw,56.3897,93.9829,0.97553135,731,0.0,
videos,iPwBN16nuxY,56.3848,93.9746,0.97540531,732,0.0,
videos,ffpdi9Nh0X0,56.3798,93.9664,0.97524774,733,0.0,
videos,XllQPr8FtPE,56.3749,93.9581,0.97522184,734,0.0,
videos,7RVlMlNOI7c,56.3699,93.9499,0.97518814,735,0.0,
videos,aeHtKV9POgk,56.365,93.9416,0.97512091,736,0.0,
videos,S1bAdRkXhdk,56.36,93.9334,0.97497581,737,0.0,
videos,EQwOmZWMEGI,56.3551,93.9252,0.97484375,738,0.0,
videos,gVk__104bbM,56.3452,93.9087,0.97475658,740,0.0,
videos,q8oc8ehzE_w,56.3402,93.9004,0.97469167,741,0.0,
videos,LFgVx1UUrOg,56.3382,51.6568,0.01154261,5866,63.3602,high
videos,MoaMdcwYNNU,56.3353,93.8922,0.97467165,742,0.0,
videos,aStqMei1oWM,56.3303,93.8839,0.97464513,743,0.0,
videos,OkuWh46I4m4,56.3282,53.363,0.01545296,5659,60.7761,high
videos,6B4ax1smSnQ,56.3265,48.7718,0.0070473,6216,67.6586,high
videos,4GWkPzna_IQ,56.3254,93.8757,0.97461854,744,0.0,
videos,XH1yv2MGidU,56.3205,93.8675,0.97456696,745,0.0,
videos,TjitktSA5Ig,56.3155,93.8592,0.97447524,746,0.0,
videos,cxPhEHOZ_Q8,56.3106,93.851,0.97444891,747,0.0,
videos,Bu6KBVFESLs,56.3056,93.8427,0.97442696,748,0.0,
videos,XRWHU45Zxbo,56.3007,93.8345,0.97440549,749,0.0,
videos,z3A4SJCLx1E,56.2957,93.8262,0.97436961,750,0.0,
videos,vxjrgy16ljc,56.2908,93.818,0.97434702,751,0.0,
videos,kA8KZeDMqyg,56.2859,93.8098,0.97433033,752,0.0,
videos,4WYS1xvln_Q,56.2809,93.8015,0.9741276,753,0.0,
videos,JoXL5Lj9azM,56.276,93.7933,0.97407519,754,0.0,
videos,_rkJT7ntUl4,56.271,93.785,0.97396752,755,0.0,
videos,1LD5X-3YjSY,56.2661,93.7768,0.97389043,756,0.0,
videos,_IGkTN4JrkM,56.2611,93.7685,0.97387341,757,0.0,
videos,-XMJjqukMWk,56.2562,93.7603,0.9738709,758,0.0,
videos,GRyFK_KBjuw,56.2522,52.0277,0.01246452,5821,62.589,high
videos,ZsKszAkq0jI,56.2513,93.7521,0.97384291,759,0.0,
videos,5y63XcBbaXI,56.2463,93.7438,0.97376809,760,0.0,
videos,4Rq765irWEo,56.2414,93.7356,0.97361273,761,0.0,
videos,JWOErbTL9N4,56.2364,93.7273,0.97333555,762,0.0,
videos,DjLipDwRWJo,56.2315,93.7191,0.97332079,763,0.0,
videos,jLFG_FZKbks,56.2265,93.7108,0.97328986,764,0.0,
videos,e89rVf4Pf0k,56.2216,93.7026,0.97328506,765,0.0,
videos,nAlCB3fB6W4,56.2166,93.6944,0.97328445,766,0.0,
videos,ggDz6Nmh-7A,56.2117,93.6861,0.97307809,767,0.0,
videos,htPUMU6uga4,56.2067,93.6779,0.97306899,768,0.0,
videos,k1Sf3xMVCBQ,56.2033,51.0303,0.01051896,5942,63.9628,high
videos,A9ad17VZvs8,56.2018,93.6696,0.97306465,769,0.0,
videos,dBvcg3YQsY4,56.1985,51.4754,0.01118872,5888,63.2832,high
videos,VYtdjTdE8uQ,56.1919,93.6531,0.97268246,771,0.0,
videos,Ey_r7OU4z3k,56.1882,53.0086,0.01456595,5702,60.9576,high
videos,5HNhoNgqkT4,56.1875,53.5031,0.01586294,5642,60.2142,high
videos,gOUwoU7WddM,56.1869,93.6449,0.97260422,772,0.0,
videos,XsbDue9Fep8,56.182,93.6367,0.97258797,773,0.0,
videos,qFa8Fr2fx5Q,56.177,93.6284,0.97250584,774,0.0,
videos,m3K6ZtLbXso,56.1766,52.0772,0.01253425,5815,62.3258,high
videos,cUabj8WS_JU,56.1721,93.6202,0.97228766,775,0.0,
videos,tWBqe2B6H4Q,56.1671,93.6119,0.97211175,776,0.0,
videos,7ZL7Mvun3n0,56.1664,48.541,0.00679906,6244,67.6045,high
videos,c6xgAQHnOXQ,56.1622,93.6037,0.97201077,777,0.0,
videos,zZSG0Nr49z8,56.1573,93.5955,0.97193632,778,0.0,
videos,P2ZVrwB2GZY,56.1523,93.5872,0.97185363,779,0.0,
videos,11rconh51Cs,56.1474,93.579,0.97183691,780,0.0,
videos,_OosacYF9YA,56.1424,93.5707,0.97166604,781,0.0,
videos,eMK36QZCpLY,56.1375,93.5625,0.97146114,782,0.0,
videos,P5WEWcODL3s,56.1347,53.4537,0.01560704,5648,60.1562,high
videos,r5_0dXUtnNQ,56.1325,93.5542,0.97142196,783,0.0,
videos,tlr0yyb-meg,56.1276,93.546,0.97138454,784,0.0,
videos,zWzYaNtPqyU,56.1227,93.5378,0.97130937,785,0.0,
videos,nkuVvZfNHuQ,56.122,49.3241,0.00791731,6149,66.3189,high
videos,2woILE2Fhgc,56.1177,93.5295,0.9712367,786,0.0,
videos,ebKHsZQMidE,56.1148,53.3383,0.01541353,5662,60.2796,high
videos,wpgzs7Rl64A,56.1128,93.5213,0.97123423,787,0.0,
videos,csxix7U6-f4,56.1109,51.5661,0.01139738,5877,62.9282,high
videos,mLt8ArIfJIw,56.1078,93.513,0.97118296,788,0.0,
videos,3p4VWK0MP1U,56.1029,93.5048,0.9711113,789,0.0,
videos,r4R_Hlw7sbo,56.0979,93.4965,0.97108607,790,0.0,
videos,ulrGaFGiZMc,56.093,93.4883,0.97098222,791,0.0,
videos,hIogHlD8KkA,56.0881,93.4801,0.9709216,792,0.0,
videos,5LBnQ2OhJCQ,56.0831,93.4718,0.97075484,793,0.0,
videos,ifa-F8OY0KY,56.0782,93.4636,0.97044484,794,0.0,
videos,LgZX3dIoC9c,56.0732,93.4553,0.9703375,795,0.0,
videos,X_UJocgmUCA,56.0646,53.0168,0.01457324,5701,60.6363,high
videos,jv82byNQsNI,56.0633,93.4388,0.97009595,797,0.0,
videos,gwM8ow0aa64,56.0625,55.7616,0.02386791,5368,56.5139,high
videos,iVp7_v0gATU,56.0584,93.4306,0.97009116,798,0.0,
videos,v2qvaHXaCdo,56.0534,93.4224,0.97009085,799,0.0,
videos,86_RSr4_6cI,56.0485,93.4141,0.97004835,800,0.0,
videos,kaygsrAhOrQ,56.0435,93.4059,0.96971682,801,0.0,
videos,9cy6G_gcK90,56.0398,56.0336,0.02505689,5335,56.0491,high
videos,tq7tt-Z1m9k,56.0386,93.3976,0.96966055,802,0.0,
videos,e7IyFScAa-Q,56.0368,54.822,0.0196917,5482,57.8591,high
videos,ZGLhuo3ILqQ,56.0355,52.481,0.01342483,5766,61.3673,high
videos,DptoBK_JiKs,56.0336,93.3894,0.96949722,803,0.0,
videos,bWskXUruc2Y,56.0287,93.3811,0.96940348,804,0.0,
videos,lSFO6ygKqoM,56.0237,93.3729,0.96934386,805,0.0,
videos,uGwDuvSqgYI,56.0188,93.3647,0.96918035,806,0.0,
videos,2aESToGuj3U,56.0181,58.8691,0.03992227,4991,51.7415,high
videos,KvzXetkUMgY,56.0138,93.3564,0.96905143,807,0.0,
videos,kwEtOyaFhCA,56.0089,93.3482,0.96895414,808,0.0,
videos,FtMOkKWBcEs,55.994,93.3234,0.96875076,811,0.0,
videos,2cS0iiDKtjw,55.9905,54.2862,0.01813313,5547,58.547,high
videos,QZrMmuvwiII,55.9891,93.3152,0.96874305,812,0.0,
videos,HslSAmmm-20,55.9842,93.307,0.96872669,813,0.0,
videos,GWyCSwPs5qw,55.9792,93.2987,0.9686882,814,0.0,
videos,o5snuLE5xTI,55.9743,93.2905,0.96868567,815,0.0,
videos,-okodVFi1Ek,55.9693,93.2822,0.96853984,816,0.0,
videos,8Sa2HlQSesc,55.9644,93.274,0.96834782,817,0.0,
videos,PnpHwhTWw0c,55.9594,93.2657,0.96834242,818,0.0,
videos,dQi3MX7ato8,55.9545,93.2575,0.96826098,819,0.0,
videos,loivTyG2JVw,55.9496,93.2493,0.96825318,820,0.0,
videos,51C1_EzTueA,55.9446,93.241,0.96822366,821,0.0,
videos,f1SqJnpGQJ0,55.9397,93.2328,0.96800166,822,0.0,
videos,DGVGguVTqoY,55.9347,93.2245,0.96796438,823,0.0,
videos,26MtyE-PH9o,55.9298,93.2163,0.96793311,824,0.0,
videos,SwyxaW1UKlo,55.9199,93.1998,0.96780642,826,0.0,
videos,zl_cXRAYIzk,55.915,93.1916,0.96776544,827,0.0,
videos,Z3HSgSHbR2M,55.91,93.1833,0.96764427,828,0.0,
videos,v7Ss53Ku8wE,55.9051,93.1751,0.96749834,829,0.0,
videos,Tu-GvdS1vY0,55.9001,93.1668,0.96741513,830,0.0,
videos,4yYCgFQyW4E,55.8921,53.4207,0.01552055,5652,59.5991,high
videos,snfflY-ztHk,55.8902,93.1503,0.96706682,832,0.0,
videos,DYFoun7w0VA,55.8853,93.1421,0.96694087,833,0.0,
videos,LdCQynL-ibI,55.8803,93.1339,0.96692851,834,0.0,
videos,0n-LHYXAagg,55.8754,93.1256,0.96681991,835,0.0,
videos,GsSj8zfGSeM,55.8753,52.9838,0.0145444,5705,60.2126,high
videos,uTBQ0E07n88,55.8704,93.1174,0.96677146,836,0.0,
videos,60Pv_RwtNPM,55.8655,93.1091,0.96674562,837,0.0,
videos,rgWcXRkBgxk,55.8605,93.1009,0.96672293,838,0.0,
videos,0kh-_gx6GGQ,55.8556,93.0926,0.96659844,839,0.0,
videos,-YwzCOVeLEE,55.8506,93.0844,0.96655932,840,0.0,
videos,0oO_3SEiSTs,55.8504,55.4649,0.02246381,5404,56.4286,high
videos,mWkCktgy36Q,55.8491,52.5305,0.01353067,5760,60.8271,high
videos,ZxSpK81Tm6I,55.8457,93.0762,0.96621637,841,0.0,
videos,eZMS0M5hGvQ,55.8428,49.6208,0.00828747,6113,65.1757,high
videos,5ymwi7BziPE,55.8427,53.0828,0.01480657,5693,59.9826,high
videos,Y1Q2le4JrAI,55.8407,93.0679,0.96618555,842,0.0,
videos,MzR2PUO2ufI,55.8358,93.0597,0.96569929,843,0.0,
videos,POSqILR3bAg,55.8308,93.0514,0.96561205,844,0.0,
videos,XGyeuGRQBto,55.829,54.484,0.01869971,5523,57.8464,high
videos,AOCmqA4-vEE,55.8259,93.0432,0.96559923,845,0.0,
videos,2gHBm87vABY,55.8209,93.0349,0.96548668,846,0.0,
videos,pIlenSk7Nrg,55.816,93.0267,0.96546846,847,0.0,
videos,td-g3oS-avc,55.8111,93.0185,0.96536564,848,0.0,
videos,wDqlHnCwvQU,55.8083,52.7448,0.0139575,5734,60.4035,high
videos,OhPDLaaV5t8,55.8061,93.0102,0.96533217,849,0.0,
videos,C-iouo2Yad0,55.8012,93.002,0.9652324,850,0.0,
videos,1nvx-aMYTsI,55.7962,92.9937,0.96520072,851,0.0,
videos,nquyYRp6I5o,55.7953,51.698,0.01163262,5861,61.9413,high
videos,hhOvVT-a9rc,55.7913,92.9855,0.96518672,852,0.0,
videos,Gv9D5vYjEY8,55.7864,92.9773,0.96505644,853,0.0,
videos,ery6fEpcVSk,55.7837,50.3709,0.00924724,6022,63.903,high
videos,0jBWpzmnpnQ,55.7814,92.969,0.96489997,854,0.0,
videos,SVTPv4sI_Jc,55.7715,92.9525,0.96432308,856,0.0,
videos,Fk0tPhFG854,55.7691,46.1589,0.00464611,6533,70.1843,high
videos,HcbPtWTn8y4,55.7666,92.9443,0.96413614,857,0.0,
videos,LQ-lbUTkiSA,55.7616,92.936,0.96412951,858,0.0,
videos,PQZ2-kl18nY,55.7567,92.9278,0.96406806,859,0.0,
videos,1VK80cV5FfE,55.7518,92.9196,0.96398386,860,0.0,
videos,QIpZ1pad73w,55.7468,92.9113,0.96389084,861,0.0,
videos,ziAsR1VmiL8,55.7369,92.8948,0.96375322,863,0.0,
videos,Y8kDluhzBew,55.7346,50.3544,0.00920362,6024,63.8048,high
videos,j6XlaI99VHM,55.7338,48.1619,0.00645203,6290,67.0917,high
videos,7C8YOE-s4QU,55.732,92.8866,0.96361569,864,0.0,
videos,VozHMHyKtG8,55.7221,92.8701,0.96357806,866,0.0,
videos,4kDEC02_JMU,55.7171,92.8619,0.96345484,867,0.0,
videos,swLKdFNzt4I,55.713,48.9614,0.00726579,6193,65.8403,high
videos,TET8fTKH1e8,55.7122,92.8536,0.96342223,868,0.0,
videos,V87-ltSEW10,55.7072,92.8454,0.96308092,869,0.0,
videos,qSw3xjd5EVU,55.7023,92.8371,0.96305657,870,0.0,
videos,gnapaNsLRCQ,55.6973,92.8289,0.96304606,871,0.0,
videos,ZpkOPdWqGds,55.6924,92.8206,0.96304587,872,0.0,
videos,Ts018QeD34k,55.6885,49.2005,0.00761988,6164,65.4205,high
videos,LkZxzRgdmAc,55.6874,92.8124,0.9629575,873,0.0,
videos,qUYRcMYAnxI,55.6825,92.8042,0.96293696,874,0.0,
videos,JUKsX8_F2PQ,55.6775,92.7959,0.96289779,875,0.0,
videos,ELVXwYu0sPk,55.6771,48.0465,0.00630612,6304,67.1231,high
videos,0Pq0ZyJDSgw,55.671,48.302,0.00653475,6273,66.7246,high
videos,U0S6FiiMAew,55.6676,92.7794,0.96284148,877,0.0,
videos,D0Sptq9OEY4,55.6627,92.7712,0.96284146,878,0.0,
videos,p_xEkAOzCks,55.6577,92.7629,0.96274116,879,0.0,
videos,rN8tLvn2thA,55.6575,55.1352,0.02122968,5444,56.4409,high
videos,f7bCGYRkQy4,55.6528,92.7547,0.96249778,880,0.0,
videos,I99cRJqDsHw,55.6479,92.7465,0.96242418,881,0.0,
videos,uwz14VDuLWE,55.6429,92.7382,0.96213041,882,0.0,
videos,6338tRGQF5I,55.638,92.73,0.96212398,883,0.0,
videos,ND9eyW5Fw0s,55.6361,53.4619,0.01567255,5647,58.8974,high
videos,KnSD2Kn1fKw,55.635,56.1985,0.02557096,5315,54.7898,high
videos,0f2tT5d8nTM,55.6335,51.6897,0.01162768,5862,61.5492,high
videos,MuIBo4XYlX4,55.633,92.7217,0.9619924,884,0.0,
videos,t9DOvOC7oMI,55.6321,52.9921,0.01454571,5704,59.592,high
videos,DjoOezLIjg8,55.6281,92.7135,0.96196481,885,0.0,
videos,yC-1C0OjcbI,55.6231,92.7052,0.96195148,886,0.0,
videos,vA7qHfuwci8,55.6182,92.697,0.96184165,887,0.0,
videos,cjiBelnHPbA,55.6133,92.6888,0.96160665,888,0.0,
videos,8OgTQ-cVnyE,55.6083,92.6805,0.96133528,889,0.0,
videos,7PqPBn2XL4Q,55.6034,92.6723,0.96120326,890,0.0,
videos,Xknz4LiogTQ,55.5984,92.664,0.96119746,891,0.0,
videos,dtC21IUeoEA,55.597,54.5664,0.01890879,5513,57.143,high
videos,G3ozF2WTQkI,55.5935,92.6558,0.96110587,892,0.0,
videos,aQNgVBowGzs,55.5885,92.6475,0.96106599,893,0.0,
videos,zvtnVNmDLPk,55.5836,92.6393,0.96105412,894,0.0,
videos,vQhjZsd-veo,55.5737,92.6228,0.96097841,896,0.0,
videos,56MTSMMyMS8,55.5688,92.6146,0.96085519,897,0.0,
videos,WhRyYdW-mbk,55.5638,92.6063,0.96079937,898,0.0,
videos,TX6yr-OR5jo,55.5594,51.1128,0.01071749,5932,62.2292,high
videos,cqPevwWTwrA,55.5589,92.5981,0.96064503,899,0.0,
videos,wlTvu9CEsaA,55.5499,53.3218,0.01540016,5664,58.892,high
videos,CIZbIgJ9L2s,55.549,92.5816,0.96048947,901,0.0,
videos,YJ3y0Oh22KM,55.544,92.5734,0.96038147,902,0.0,
videos,lPYFsDHFvBQ,55.5403,46.6123,0.00502986,6478,68.9324,high
videos,sExXLYJ-nJQ,55.5391,92.5651,0.96019434,903,0.0,
videos,w0-RlHoTO5w,55.5341,92.5569,0.96019007,904,0.0,
videos,XMgpIVuVlnQ,55.5292,92.5486,0.96015502,905,0.0,
videos,f9bupMyWhZk,55.5242,92.5404,0.96010405,906,0.0,
videos,W3cDo_bSoro,55.521,59.2235,0.04229151,4948,49.9672,high
videos,0A3NEBPKj7E,55.5193,92.5321,0.95994247,907,0.0,
videos,NCG6Tkzpl2w,55.5143,92.5239,0.95988398,908,0.0,
videos,grnYw_5gum0,55.5094,92.5157,0.95974758,909,0.0,
videos,1zSaR_nI-io,55.5069,45.7056,0.00426843,6588,70.2088,high
videos,sKNuc5_7z1E,55.5044,92.5074,0.95971347,910,0.0,
videos,lvPXp_897wE,55.4995,92.4992,0.95967114,911,0.0,
videos,iW-xD8UiTZQ,55.4945,92.4909,0.95966636,912,0.0,
videos,MpHBKg3jmdY,55.4866,48.6235,0.00687321,6234,65.7813,high
videos,EPBKIT19kg0,55.4846,92.4744,0.95936985,914,0.0,
videos,6KlwcpNYngY,55.4797,92.4662,0.95933918,915,0.0,
videos,rV5K0QPdgSE,55.4748,92.458,0.95932893,916,0.0,
videos,A0Z8dXc5-Bk,55.4698,92.4497,0.95922186,917,0.0,
videos,DN-R0GvHKRU,55.4649,92.4415,0.95909879,918,0.0,
videos,jRLXiOUYpqE,55.4599,92.4332,0.95899602,919,0.0,
videos,4aN8uwgtQdc,55.455,92.425,0.95879299,920,0.0,
videos,E9IBxLVz8LY,55.4503,57.2453,0.03056785,5188,52.7577,high
videos,lUbSQjok3B4,55.45,92.4167,0.95858956,921,0.0,
videos,88uImapN1Kc,55.4451,92.4085,0.95853905,922,0.0,
videos,NlFAfAqX1zE,55.4402,92.4003,0.95846828,923,0.0,
videos,nSmpSdYH7jA,55.4352,92.392,0.95826751,924,0.0,
videos,FKaQ2FKBQZ0,55.4303,92.3838,0.9581641,925,0.0,
videos,KcgNSwZRXkk,55.4253,92.3755,0.95807493,926,0.0,
videos,PKjlcO5gnxE,55.4204,92.3673,0.95806832,927,0.0,
videos,NFyVh8O2nOM,55.4155,92.3591,0.95806534,928,0.0,
videos,HZLuzVfByEs,55.4105,92.3508,0.95780147,929,0.0,
videos,s9h9L1kUiDs,55.4056,92.3426,0.95779861,930,0.0,
videos,MVn33xN9dF4,55.4006,92.3343,0.95768814,931,0.0,
videos,F0Rx-GLE9lg,55.3957,92.3261,0.95766152,932,0.0,
videos,-anV1kvJ9nU,55.3897,55.3825,0.0220887,5414,55.4006,high
videos,IvwtHO4ChNA,55.3858,92.3096,0.95727875,934,0.0,
videos,qg3-DaGZ_Kg,55.3808,92.3014,0.95706492,935,0.0,
videos,fHIV0Nfqzc8,55.3759,92.2931,0.95702644,936,0.0,
videos,0bj8gwQ25ZM,55.3709,92.2849,0.95690045,937,0.0,
videos,O4r8bp3O1bU,55.366,92.2766,0.95685081,938,0.0,
videos,w8sMd_8FGOg,55.361,92.2684,0.95671777,939,0.0,
videos,mizTSzWMOO4,55.3511,92.2519,0.95654004,941,0.0,
videos,Rw4QITN1U3M,55.3462,92.2437,0.95648056,942,0.0,
videos,dTwBSFOnDes,55.3412,92.2354,0.95647292,943,0.0,
videos,ZyC3GRY5e1M,55.3363,92.2272,0.95644495,944,0.0,
videos,P-R8-UzqWv4,55.3313,92.2189,0.95641461,945,0.0,
videos,imAjmQy8p8c,55.3264,92.2107,0.95637744,946,0.0,
videos,5P-7lIqn1lI,55.3214,92.2024,0.95633322,947,0.0,
videos,qPrDJunJUaE,55.3165,92.1942,0.95602411,948,0.0,
videos,cBwusE4Aa_s,55.3116,92.186,0.9559933,949,0.0,
videos,GZpS3SyTIwM,55.3066,92.1777,0.95597653,950,0.0,
videos,B2bEqoacwn4,55.3051,50.4698,0.00937517,6010,62.5581,high
videos,mZrDRH10rQU,55.3017,92.1695,0.95582094,951,0.0,
videos,MhW79Yhdccc,55.2967,92.1612,0.95577128,952,0.0,
videos,P7UBZpuKdLE,55.2946,56.8661,0.02871761,5234,52.9373,high
videos,Rt4YbaxcXsc,55.2921,56.9815,0.02921222,5220,52.7579,high
videos,m-nnyNZ0TQ0,55.2918,92.153,0.95570594,953,0.0,
videos,t8dmDNf7Whc,55.2868,92.1447,0.95557008,954,0.0,
videos,wQktnMWZa4I,55.2819,92.1365,0.95551034,955,0.0,
videos,vtD2aBjPZAY,55.277,92.1283,0.95540326,956,0.0,
videos,-5AH816R3oY,55.272,92.12,0.95495623,957,0.0,
videos,bYuzxH4r3_U,55.2691,59.1988,0.04220535,4951,49.3745,high
videos,9Gr2QjvSQ-I,55.2671,92.1118,0.95472887,958,0.0,
videos,4GpyQViB8hU,55.2621,92.1035,0.95470902,959,0.0,
videos,w8qwwWyCtFU,55.2562,50.9974,0.01048826,5946,61.6445,high
videos,Y-NaBznjSMI,55.2537,47.6014,0.00586399,6358,66.7322,high
videos,vKG-QwpcF3k,55.2522,92.087,0.95454879,961,0.0,
videos,fWF0ZwzGoho,55.2473,92.0788,0.95453523,962,0.0,
videos,q5vLpIm73Kk,55.2424,92.0706,0.95450538,963,0.0,
videos,4qE8og6P9u8,55.2374,92.0623,0.95447571,964,0.0,
videos,i1ytXwV1Go4,55.2325,92.0541,0.95446665,965,0.0,
videos,ZhS0Eukv2OY,55.2275,92.0458,0.95415834,966,0.0,
videos,akxK-iEPS80,55.2273,47.9888,0.00627048,6311,66.0851,high
videos,Aggnq1TbG00,55.2226,92.0376,0.95415409,967,0.0,
videos,ONSW0a6ihKI,55.2176,92.0293,0.95407911,968,0.0,
videos,YxbCHHIZaLg,55.2127,92.0211,0.95404433,969,0.0,
videos,JPPS17nTivw,55.2077,92.0129,0.95401099,970,0.0,
videos,OAAutr4GN3Q,55.2028,92.0046,0.95391439,971,0.0,
videos,GopIYjCLL-w,55.2009,51.632,0.01149054,5869,60.5542,high
videos,L1D1Gf8-Wrc,55.2005,46.3732,0.00482275,6507,68.4414,high
videos,VGMSTboKYaE,55.1978,91.9964,0.95382581,972,0.0,
videos,hcAMiZLj9jM,55.1929,91.9881,0.95372338,973,0.0,
videos,Wvjo61RItug,55.1879,91.9799,0.95370049,974,0.0,
videos,hsK0euZg6g0,55.1859,53.7174,0.01647482,5616,57.3886,high
videos,4HJzP1zPa6s,55.178,91.9634,0.95360444,976,0.0,
videos,XCs9UO44RmA,55.1731,91.9552,0.95359189,977,0.0,
videos,5V-qwSnDOJs,55.1681,91.9469,0.95357024,978,0.0,
videos,aVBHSTUKiUU,55.1632,91.9387,0.95355333,979,0.0,
videos,1_H80JEZ2ko,55.1582,91.9304,0.95346423,980,0.0,
videos,XgNfnznQoEc,55.1533,91.9222,0.95343416,981,0.0,
videos,kVVYrnMIq3I,55.1483,91.9139,0.95306805,982,0.0,
videos,0E_RHqt5q38,55.1434,91.9057,0.95288516,983,0.0,
videos,znizBmK97jE,55.1385,91.8975,0.95284242,984,0.0,
videos,B5tNY0N-7AY,55.1335,91.8892,0.95283559,985,0.0,
videos,b6uQTR7E9qg,55.1286,91.881,0.95279008,986,0.0,
videos,WSEjAKfLvXM,55.1236,91.8727,0.95265568,987,0.0,
videos,URglt7XDuB8,55.1187,91.8645,0.95264849,988,0.0,
videos,H3bq2oN-oJU,55.1137,91.8562,0.95260393,989,0.0,
videos,PmCClwbg_n8,55.1088,91.848,0.95254203,990,0.0,
videos,-ujrqxvgb1M,55.1039,91.8398,0.9523071,991,0.0,
videos,LAjjk7ivtFM,55.1026,47.1975,0.00554083,6407,66.9603,high
videos,q-Xtwe54QtE,55.0989,91.8315,0.95214249,992,0.0,
videos,YvZOTiQqZa0,55.094,91.8233,0.95212933,993,0.0,
videos,J9WIS9brrsM,55.089,91.815,0.95196493,994,0.0,
videos,NL7izhdQ7vk,55.0841,91.8068,0.95192742,995,0.0,
videos,vW4QBVC3LEk,55.0791,91.7985,0.95171369,996,0.0,
videos,_DpXmrTsGRw,55.0742,91.7903,0.95169136,997,0.0,
videos,dW6pvUx4_jc,55.0693,91.7821,0.95168604,998,0.0,
videos,e99k78Dmv8g,55.0643,91.7738,0.95167123,999,0.0,
videos,dlS4HlD2HDQ,55.0594,91.7656,0.9515113,1000,0.0,
videos,Sa1fv_V8aNU,55.0544,91.7573,0.95141937,1001,0.0,
videos,u-VTwuooyXs,55.0495,91.7491,0.95118899,1002,0.0,
videos,OMdvblyXiAc,55.0445,91.7409,0.95096001,1003,0.0,
videos,fblsOPu6BKQ,55.0346,91.7244,0.95064817,1005,0.0,
videos,vQgYID2pJu8,55.0247,91.7079,0.95058363,1007,0.0,
videos,GVhVa4uW7js,55.0204,53.1569,0.01490745,5684,57.8156,high
videos,nY9pYrZL70E,55.0198,91.6996,0.95041876,1008,0.0,
videos,7ssCwVDVWC0,55.0148,91.6914,0.9503739,1009,0.0,
videos,n_Th8KzNK4c,55.0099,91.6832,0.95035951,1010,0.0,
videos,DY2SaD5AMcg,55.0049,91.6749,0.95021941,1011,0.0,
videos,nVics4Pvrvg,55.0002,56.8497,0.02867748,5236,52.2259,high
videos,7DzOEn1jM6M,55.0,91.6667,0.95021853,1012,0.0,
videos,5tw-eDJaizM,54.9968,45.6644,0.00421633,6593,68.9953,high
videos,qWrbsxrbbcs,54.995,91.6584,0.95018354,1013,0.0,
videos,JjwHFerSu4M,54.9901,91.6502,0.95001363,1014,0.0,
videos,Qa1ksZ7qBhE,54.9876,45.3347,0.00396902,6633,69.467,high
videos,XVuzjdicSbA,54.9851,91.6419,0.94984543,1015,0.0,
videos,ItR3b6_Fmp0,54.9802,91.6337,0.94984434,1016,0.0,
videos,4wxw5XHWzAE,54.9753,91.6255,0.94964088,1017,0.0,
videos,BvvxNP2Egl8,54.9742,52.1431,0.01269059,5807,59.2208,high
videos,dkTFyDzDUoE,54.9703,91.6172,0.94963941,1018,0.0,
videos,xKEjbwUJeVU,54.9671,51.7887,0.01184858,5850,59.7347,high
videos,yKKBpDda9a0,54.9667,51.2859,0.01088926,5911,60.488,high
videos,mgS32ioB1Gk,54.9654,91.609,0.94939989,1019,0.0,
videos,OAOctomWTtA,54.9604,91.6007,0.94937614,1020,0.0,
videos,5T0yRNmNRi4,54.9555,91.5925,0.94916472,1021,0.0,
videos,7rXSi0DSGYQ,54.9505,91.5842,0.94904644,1022,0.0,
videos,6qmEF-qvED4,54.9456,91.576,0.94902968,1023,0.0,
videos,PqxACuUo444,54.9407,91.5678,0.94886976,1024,0.0,
videos,6pWZAQCAgpA,54.939,53.2641,0.01521648,5671,57.4514,high
videos,-HH1OGU1Hw4,54.9357,91.5595,0.94879805,1025,0.0,
videos,CV8FneoTPSc,54.9308,91.5513,0.94868056,1026,0.0,
videos,hrJ8bbiE5yw,54.9258,91.543,0.94859699,1027,0.0,
videos,T0E0dNXxrOM,54.9209,91.5348,0.94844634,1028,0.0,
videos,_o00kcuGACc,54.9159,91.5265,0.94839026,1029,0.0,
videos,_qWItNk5a9Q,54.911,91.5183,0.94767384,1030,0.0,
videos,W65cfPslnzo,54.9061,91.5101,0.94766633,1031,0.0,
videos,AAW_KyREWMs,54.9015,52.3079,0.01312093,5787,58.7919,high
videos,cYJVhwB3v9Y,54.9011,91.5018,0.94759297,1032,0.0,
videos,n2Fs_J5iCIc,54.8962,91.4936,0.94751768,1033,0.0,
videos,dwJiahiyrV0,54.8912,91.4853,0.94736299,1034,0.0,
videos,oBm5IdNU3qk,54.8863,91.4771,0.94732891,1035,0.0,
videos,BsMRxNnBE_g,54.8813,91.4688,0.94727133,1036,0.0,
videos,WIPC4eZRARs,54.8764,91.4606,0.94721067,1037,0.0,
videos,eNvnqvGAcjU,54.8718,51.9041,0.01206402,5836,59.3234,high
videos,uaWetguxPe0,54.8714,91.4524,0.94694055,1038,0.0,
videos,_9US2kwkGEA,54.8665,91.4441,0.9467048,1039,0.0,
videos,g8Chxr0xbFA,54.8615,91.4359,0.94667799,1040,0.0,
videos,fYWK0fBWvLw,54.8566,91.4276,0.94667632,1041,0.0,
videos,ZHWRIJkwEt4,54.8516,91.4194,0.94657085,1042,0.0,
videos,NeHGTMGnZlA,54.8497,53.9235,0.01705981,5591,56.2389,high
videos,AwyUdSbT0zM,54.8467,91.4111,0.94654283,1043,0.0,
videos,JybIRb8fvfs,54.8417,91.4029,0.94647171,1044,0.0,
videos,VCqUW26hR20,54.8368,91.3947,0.94614423,1045,0.0,
videos,h-GXaxB62H0,54.8318,91.3864,0.94595062,1046,0.0,
videos,EdxQH3YU6UE,54.8303,48.4998,0.00677692,6249,64.3261,high
videos,V5BCVl4nqh4,54.8269,91.3782,0.94567171,1047,0.0,
videos,xd817yhhAmI,54.8219,91.3699,0.9455748,1048,0.0,
videos,Yqpm35l5DeE,54.8216,55.6297,0.02324344,5384,53.6094,high
videos,SG5rxjd892o,54.8191,46.3403,0.00478589,6511,67.5372,high
videos,tjSR4v7d_-c,54.817,91.3617,0.94555744,1049,0.0,
videos,ydIKRkJMQc0,54.812,91.3534,0.94552483,1050,0.0,
videos,jnsepEnQ2yU,54.8101,52.8767,0.01422107,5718,57.7103,high
videos,eOwM64UVaGM,54.8071,91.3452,0.94549598,1051,0.0,
videos,UHrPvibGPaU,54.8022,91.337,0.94545057,1052,0.0,
videos,Iigehy2CSSo,54.7972,91.3287,0.94544464,1053,0.0,
videos,hiICC1XkiO0,54.7923,91.3205,0.94543213,1054,0.0,
videos,Xc4fkF2Bn7c,54.7873,91.3122,0.94531652,1055,0.0,
videos,DHk0gFHyHeE,54.7856,48.4092,0.00668631,6260,64.3502,high
videos,C0Em8voLxXs,54.7824,91.304,0.94518076,1056,0.0,
videos,Mg7GBu429xw,54.7774,91.2957,0.94509779,1057,0.0,
videos,gjYnbUaXuw4,54.7725,91.2875,0.94505924,1058,0.0,
videos,jCLvDqQtq18,54.7676,91.2793,0.94496133,1059,0.0,
videos,PlPKQxJXSts,54.7626,91.271,0.94495846,1060,0.0,
videos,GdjjaMAmihA,54.7581,53.2311,0.01511302,5675,57.0485,high
videos,F5FnftPemxs,54.7577,91.2628,0.94484152,1061,0.0,
videos,BGirlsGchvk,54.7527,91.2545,0.94471517,1062,0.0,
videos,Se-ZKzz1Tsg,54.7478,91.2463,0.94467789,1063,0.0,
videos,7XqkL3Lke4s,54.7428,91.238,0.94453186,1064,0.0,
videos,b6ap4aHztvY,54.7379,91.2298,0.94417098,1065,0.0,
videos,kab3N92sTZ8,54.733,91.2216,0.94400952,1066,0.0,
videos,KcJX1rvrCE0,54.728,91.2133,0.94399875,1067,0.0,
videos,DYhg0nWZ1UQ,54.7279,49.0933,0.00744387,6177,63.1798,high
videos,Jnc7hVslXdk,54.7247,44.8483,0.00365523,6692,69.5392,high
videos,6hPXApotJgQ,54.7231,91.2051,0.94384682,1068,0.0,
videos,KUu4fahAg7M,54.7181,91.1968,0.94349674,1069,0.0,
videos,QIYRPXm7wd8,54.7132,91.1886,0.94334779,1070,0.0,
videos,lpRqfctwfAE,54.7082,91.1803,0.94304864,1071,0.0,
videos,ZTl9OM5l1JA,54.7033,91.1721,0.9429961,1072,0.0,
videos,ymp_yKkYf0s,54.6983,91.1639,0.94284938,1073,0.0,
videos,K90US-yNXdw,54.6934,91.1556,0.94273562,1074,0.0,
videos,oD2NtjOVozo,54.6884,91.1474,0.94270108,1075,0.0,
videos,C_18vuAlAl8,54.6835,91.1391,0.94265449,1076,0.0,
videos,2kIAUFKSc38,54.6785,91.1309,0.94263324,1077,0.0,
videos,P1P7kXkpLGw,54.6736,91.1227,0.94260881,1078,0.0,
videos,sZShxatkcw8,54.6686,91.1144,0.94233585,1079,0.0,
videos,XlHV697ZHIg,54.6637,91.1062,0.94221144,1080,0.0,
videos,cT7mXEE8n_A,54.6587,91.0979,0.94198968,1081,0.0,
videos,X0SvRn5cwkc,54.6538,91.0897,0.94189477,1082,0.0,
videos,LV0jhHW5wGM,54.6488,91.0814,0.94186567,1083,0.0,
videos,7zZGt8V5Cy0,54.6439,91.0732,0.94167332,1084,0.0,
videos,pcsXkFEdgIo,54.639,91.065,0.94160653,1085,0.0,
videos,eJwCv0EQE7Y,54.634,91.0567,0.94154757,1086,0.0,
videos,W2enmnQwxGU,54.6291,91.0485,0.94133957,1087,0.0,
videos,sfnQHM0o_g4,54.6241,91.0402,0.94113348,1088,0.0,
videos,L-OXPCDpBGk,54.6223,51.1292,0.01072294,5930,59.862,high
videos,LXsWrXcTlSY,54.6165,48.4421,0.00670593,6256,63.8782,high
videos,xTVpithcPvI,54.6142,91.0237,0.94099808,1090,0.0,
videos,fuxYQrqkfns,54.6093,91.0155,0.94088603,1091,0.0,
videos,zlhYZirQyJQ,54.6044,91.0073,0.94057448,1092,0.0,
videos,JlOi96f_JoM,54.6001,44.8978,0.00372283,6686,69.1535,high
videos,66gMxbNKaYA,54.5994,90.999,0.94041741,1093,0.0,
videos,5ql4HoLHaH8,54.5945,90.9908,0.94028723,1094,0.0,
videos,FYMdllTCrc0,54.5895,90.9825,0.94023942,1095,0.0,
videos,ptKBiCWzOjI,54.5846,90.9743,0.94016027,1096,0.0,
videos,gmua6U4ni88,54.5822,43.3399,0.00278125,6875,71.4456,high
videos,9oDmRjW-9Ko,54.5796,90.966,0.94002694,1097,0.0,
videos,iYwycjbhync,54.5795,48.5823,0.00683601,6239,63.5753,high
videos,AAIwX7SfY8Y,54.5766,53.7751,0.01664429,5609,55.7789,high
videos,_QQOSHWmnIA,54.5747,90.9578,0.94001956,1098,0.0,
videos,TomUy8yRsa8,54.5698,90.9496,0.93994418,1099,0.0,
videos,M9Kx8meYOlQ,54.5648,90.9413,0.93960105,1100,0.0,
videos,6RdlEm1Mv98,54.5599,90.9331,0.93957798,1101,0.0,
videos,RTxpPYB5Vuc,54.5556,42.8866,0.00258122,6930,72.0592,high
videos,ftc4PZQlSdw,54.5549,90.9248,0.93944093,1102,0.0,
videos,b1aA5ADuWuM,54.5516,49.7033,0.0084149,6103,61.8241,high
videos,FrH8oexT750,54.55,90.9166,0.93922511,1103,0.0,
videos,-lIORf71EZY,54.5401,90.9001,0.93894643,1105,0.0,
videos,6UMounb2UQA,54.5351,90.8919,0.93884022,1106,0.0,
videos,UEYBrtzl3wg,54.5302,90.8836,0.93876664,1107,0.0,
videos,YNlwPxTn4-0,54.5252,90.8754,0.93870173,1108,0.0,
videos,JQ9BwOCi3tU,54.5158,42.8536,0.00256508,6934,72.009,high
videos,MtC3I8P216U,54.5153,90.8589,0.93854322,1110,0.0,
videos,taYlltzogvY,54.5104,90.8506,0.93851664,1111,0.0,
videos,9t9x_HOSNzE,54.5054,90.8424,0.93830368,1112,0.0,
videos,PHdQBnaXbdE,54.505,50.544,0.00956486,6001,60.4465,high
videos,vP_9Z5CYq_Y,54.5005,90.8342,0.93825463,1113,0.0,
videos,Zt_XxHuDRm4,54.4955,90.8259,0.93824762,1114,0.0,
videos,mCU7baY3JwE,54.4906,90.8177,0.93821175,1115,0.0,
videos,IDOk7NApJZ8,54.4856,90.8094,0.93819647,1116,0.0,
videos,JebMDudIEK8,54.4807,90.8012,0.93819444,1117,0.0,
videos,2r0m4TsyIxs,54.4757,90.7929,0.93797865,1118,0.0,
videos,ce9IiVqTaj8,54.4724,51.5084,0.01129569,5884,58.9184,high
videos,NY47osjbirI,54.4708,90.7847,0.93787569,1119,0.0,
videos,6XT2xMCld9s,54.4659,90.7765,0.93784048,1120,0.0,
videos,aibXVjr4Nf0,54.4609,90.7682,0.93763735,1121,0.0,
videos,YSF6l1JDTTo,54.456,90.76,0.93762829,1122,0.0,
videos,p_9BXtP3rUg,54.4536,53.2476,0.01518419,5673,56.2625,high
videos,AlTxzs6LNww,54.4529,55.4319,0.02223208,5408,52.9845,high
videos,pvwz6Z9yuBE,54.451,90.7517,0.93750984,1123,0.0,
videos,ipDsSL-JgeI,54.4461,90.7435,0.9374563,1124,0.0,
videos,Be29dHONuZ4,54.4411,90.7352,0.93739684,1125,0.0,
videos,luq8nC6Nn6g,54.4362,90.727,0.93718706,1126,0.0,
videos,nThsHXjrpvc,54.4313,90.7188,0.93702633,1127,0.0,
videos,S2-44Ojpb7o,54.4263,90.7105,0.93683568,1128,0.0,
videos,e376v-H_xOU,54.4214,90.7023,0.93678663,1129,0.0,
videos,QIQn9CvVjJw,54.4208,38.147,0.00114305,7506,78.8314,high
videos,oFs9aU_T794,54.4192,51.2611,0.01085919,5914,59.1564,high
videos,iTfxIbmX8Xk,54.4164,90.694,0.9367366,1130,0.0,
videos,0k3YUL3iQds,54.4115,90.6858,0.93667705,1131,0.0,
videos,EP0coZtR6Go,54.4065,90.6775,0.93658188,1132,0.0,
videos,EvauKuWaNmk,54.4037,45.5819,0.00414248,6603,67.6365,high
videos,gFIrGCEej0k,54.4016,90.6693,0.93644913,1133,0.0,
videos,IHvyem5Z5Ws,54.3967,90.6611,0.93642041,1134,0.0,
videos,za3OH3SqdhA,54.3938,48.5246,0.00679195,6246,63.1977,high
videos,uvUT0vUya9E,54.3917,90.6528,0.93593514,1135,0.0,
videos,h4_WdOous5w,54.3909,55.8028,0.02403403,5363,52.273,high
videos,M1hhcUxq_o0,54.3868,90.6446,0.93567605,1136,0.0,
videos,CBxCE4fVpt4,54.3832,46.5711,0.00500067,6483,66.1013,high
videos,n_LUGNfA2ew,54.3818,90.6363,0.93531627,1137,0.0,
videos,qtxwhWDUpzE,54.3804,58.119,0.03533995,5082,48.7725,high
videos,m-GZ1ES8gCo,54.3769,90.6281,0.93522996,1138,0.0,
videos,bzUYte7oKDU,54.3719,90.6198,0.93520386,1139,0.0,
videos,cKXZysISV4w,54.367,90.6116,0.93519983,1140,0.0,
videos,hBTmYMs3nPk,54.3625,52.6871,0.0138142,5741,56.8755,high
videos,t8aAUKiVcec,54.362,90.6034,0.93513182,1141,0.0,
videos,MP0q6AItb3o,54.3571,90.5951,0.93497778,1142,0.0,
videos,4Yj1sSSnXnk,54.3521,90.5869,0.9348434,1143,0.0,
videos,TuI9PjChCMY,54.3488,54.0224,0.01751531,5579,54.8384,high
videos,pm5T5nKfZQM,54.3472,90.5786,0.9345472,1144,0.0,
videos,iitr0tMLf9k,54.3427,50.8655,0.01023957,5962,59.5584,high
videos,o2q6nv7ggI0,54.3422,47.453,0.00572951,6376,64.6759,high
videos,S2hkexeu3_8,54.3422,90.5704,0.93436788,1145,0.0,
videos,8EvIfu20R00,54.3373,90.5621,0.93415916,1146,0.0,
videos,6M8Y-hPLw7g,54.3323,90.5539,0.93382407,1147,0.0,
videos,wS_sf1raRFo,54.329,51.5167,0.0113047,5883,58.5474,high
videos,_xba3UTtgrA,54.3274,90.5457,0.93381822,1148,0.0,
videos,7LUrT1Xwxbk,54.3224,90.5374,0.93349253,1149,0.0,
videos,rmPkmPGlJMA,54.3175,90.5292,0.93340069,1150,0.0,
videos,h7W2Zl8LckE,54.3125,90.5209,0.9331865,1151,0.0,
videos,jDT5-CzlJ0c,54.3076,90.5127,0.93307353,1152,0.0,
videos,l-n72CYHG4g,54.3027,90.5045,0.93305348,1153,0.0,
videos,mOM8wWpNxrc,54.2977,90.4962,0.93301258,1154,0.0,
videos,R069fHfq1Ns,54.2967,48.063,0.00631286,6302,63.6473,high
videos,7jzSxovEGMk,54.2928,90.488,0.93295131,1155,0.0,
videos,UiX4CFIiegM,54.2878,90.4797,0.93286486,1156,0.0,
videos,okRioS42RkA,54.2829,90.4715,0.93263327,1157,0.0,
videos,2Zg59YKE6mk,54.2779,90.4632,0.93258822,1158,0.0,
videos,8t6HvnHBTRw,54.273,90.455,0.93258,1159,0.0,
videos,tbaGSwk0GUE,54.2681,90.4468,0.93254284,1160,0.0,
videos,aZVcAlzBIp4,54.2631,90.4385,0.93238473,1161,0.0,
videos,WUUm9BUxJww,54.2582,90.4303,0.93235123,1162,0.0,
videos,GLqAtZTX6ks,54.2532,90.422,0.93231034,1163,0.0,
videos,IZekbJWXs1Y,54.2483,90.4138,0.93221545,1164,0.0,
videos,wnoSOSgBNHk,54.2447,49.0768,0.00742464,6179,61.9966,high
videos,M5qI-AhSCO4,54.2434,51.088,0.01069985,5935,58.9764,high
videos,JetP-W5azNA,54.2433,90.4055,0.93194003,1165,0.0,
videos,d0gahnDWw7M,54.2384,90.3973,0.93181741,1166,0.0,
videos,1X2kOEdV3dw,54.2335,90.3891,0.93161775,1167,0.0,
videos,sLrI-HYCb7A,54.2285,90.3808,0.93150903,1168,0.0,
videos,O0YwsJ-Fy7U,54.2236,90.3726,0.93138493,1169,0.0,
videos,zfPQIeH2NMY,54.2219,46.5216,0.0049414,6489,65.7724,high
videos,Nrac8eZT6MM,54.2205,51.9947,0.01237723,5825,57.5591,high
videos,OPDK0ndnJl4,54.2186,90.3643,0.93134346,1170,0.0,
videos,_hze_rJ4xr0,54.218,44.4032,0.00339346,6746,68.9401,high
videos,W1vRgk_NkhQ,54.2137,90.3561,0.93119603,1171,0.0,
videos,80VdmWDio5k,54.2087,90.3478,0.93110725,1172,0.0,
videos,_DIYqViWBFs,54.2038,90.3396,0.93062007,1173,0.0,
videos,b3wbpPCl6Gw,54.1988,90.3314,0.93058502,1174,0.0,
videos,em9cOQDwgKw,54.1959,54.8961,0.0200558,5473,53.1456,high
videos,AwMr5AzgLq8,54.1939,90.3231,0.93047203,1175,0.0,
videos,5bLdD0dmDVc,54.1913,48.8131,0.00709095,6211,62.2587,high
videos,eiGW-jebme0,54.1889,90.3149,0.9299211,1176,0.0,
videos,4cAbK2PHNTU,54.184,90.3066,0.92937595,1177,0.0,
videos,eHr3dZFMtvA,54.179,90.2984,0.92918222,1178,0.0,
videos,WKi_PdVoJEw,54.1772,50.6512,0.00984395,5988,59.4663,high
videos,PWiAYeJue1o,54.1741,90.2901,0.92903545,1179,0.0,
videos,CZrMwi_9zMo,54.1691,90.2819,0.92894185,1180,0.0,
videos,vRff0tfhXDg,54.1642,90.2737,0.92892486,1181,0.0,
videos,v7PL1PSnI_0,54.1639,48.1784,0.00646012,6288,63.1421,high
videos,kHD2e-_lAgc,54.1636,43.1586,0.00266224,6897,70.6711,high
videos,bJozfziR4qg,54.1592,90.2654,0.92882363,1182,0.0,
videos,oDS5_wQLSrA,54.1543,90.2572,0.92856982,1183,0.0,
videos,FIVCwJnoR84,54.1493,90.2489,0.92851094,1184,0.0,
videos,P2Ib5cQtNj0,54.1453,51.0715,0.01063447,5937,58.7561,high
videos,eHDl-gryBJM,54.1394,90.2324,0.92827932,1186,0.0,
videos,zIaLFUxNdOs,54.1345,90.2242,0.92819019,1187,0.0,
videos,Evw6OFxt9ZI,54.1296,90.216,0.92817459,1188,0.0,
videos,pnmaV68L1BM,54.1246,90.2077,0.92803724,1189,0.0,
videos,gN4t3IErKyk,54.1197,90.1995,0.92794872,1190,0.0,
videos,39czcByvq7c,54.1147,90.1912,0.92780961,1191,0.0,
videos,fTltSulVbs8,54.1098,90.183,0.92763893,1192,0.0,
videos,0CWb9CVPShM,54.1048,90.1747,0.92736295,1193,0.0,
videos,K8km6zZ7lvM,54.0999,90.1665,0.92709376,1194,0.0,
videos,k4lMn_fRuzc,54.0973,49.2169,0.00765588,6162,61.418,high
videos,-gWoE8lHcdo,54.095,90.1583,0.92693984,1195,0.0,
videos,u8Y7IGPUXgc,54.09,90.15,0.92691186,1196,0.0,
videos,xaN83gVwJ60,54.0851,90.1418,0.92673336,1197,0.0,
videos,YOVGDDBFowY,54.0801,90.1335,0.92666002,1198,0.0,
videos,fJ-HvjiY1mk,54.0752,90.1253,0.92655538,1199,0.0,
videos,mJsIzeo1Onw,54.0724,49.2334,0.00766005,6160,61.3308,high
videos,5oFVk5LPq8U,54.0708,45.6561,0.00421059,6594,66.6929,high
videos,XRCdihoKUPQ,54.0702,90.117,0.92646305,1200,0.0,
videos,6M2x8HeogsI,54.0653,90.1088,0.92645364,1201,0.0,
videos,NcSCEJ490MU,54.0604,90.1006,0.92643895,1202,0.0,
videos,mnzPuVCyhpU,54.0554,90.0923,0.92624354,1203,0.0,
videos,RPZ16oRnnhM,54.0553,46.3238,0.00476585,6513,65.6526,high
videos,6mElF7dC6gA,54.0505,90.0841,0.92593019,1204,0.0,
videos,BHFPCwfzG7Q,54.0455,90.0758,0.92576029,1205,0.0,
videos,HCgHjGFPDek,54.0406,90.0676,0.92571206,1206,0.0,
videos,4LRCzQfNv0M,54.0356,90.0593,0.92560671,1207,0.0,
videos,6aTjmzBQSAs,54.0345,48.5987,0.00685417,6237,62.1881,high
videos,vfL1PYO-oW8,54.0307,90.0511,0.92512332,1208,0.0,
videos,ItFp2jw7IRo,54.0257,90.0429,0.92510928,1209,0.0,
videos,Xk0xilPs17M,54.0211,55.1929,0.02138116,5437,52.2633,high
videos,0m-aG3y-R58,54.0208,90.0346,0.92479199,1210,0.0,
videos,znUXeqM3ZPo,54.0196,48.4669,0.00673267,6253,62.3487,high
videos,qoGZdxzERJs,54.0172,45.3182,0.00396081,6635,67.0656,high
videos,UVDruEDYXIA,54.0158,90.0264,0.92476525,1211,0.0,
videos,G2Y_rmZKvTo,54.0109,90.0181,0.92470123,1212,0.0,
videos,SqxFYSsQCls,54.0094,55.9512,0.02473916,5345,51.0966,high
videos,JuOrqGt05g0,54.0059,90.0099,0.92454096,1213,0.0,
videos,1f5HImwc6gc,53.996,89.9934,0.92403666,1215,0.0,
videos,E2VWR2_5noc,53.9911,89.9852,0.92380512,1216,0.0,
videos,gh2_PhgZGsM,53.9861,89.9769,0.92357907,1217,0.0,
videos,GFe1cqzob24,53.9812,89.9687,0.92343049,1218,0.0,
videos,Ot_ECpbg9dM,53.9762,89.9604,0.92334907,1219,0.0,
videos,AMHMpkYypsA,53.9713,89.9522,0.9231423,1220,0.0,
videos,GlgzzZEePXo,53.9699,47.2634,0.00559554,6399,64.0297,high
videos,ruxCgGIUn20,53.9685,53.9647,0.01737479,5586,53.9741,high
videos,XhYd9PI_g7I,53.9663,89.9439,0.9229969,1221,0.0,
videos,K6A3MhIQ5kI,53.9652,48.3927,0.00664167,6262,62.3239,high
videos,bG8i4Vh_6G8,53.9635,44.7742,0.00360257,6701,67.7475,high
videos,ejm0QMHoeJo,53.9614,89.9357,0.9228015,1222,0.0,
videos,oR9Nej3f1ZA,53.9565,89.9275,0.9225604,1223,0.0,
videos,SVvs3b4c2iI,53.955,54.4181,0.01847194,5531,53.2604,high
videos,GmoHJpYAPgQ,53.9515,89.9192,0.92242026,1224,0.0,
videos,Dg0RmKlRYgs,53.9489,47.5767,0.00585768,6361,63.5071,high
videos,00GV6CTC47E,53.9466,89.911,0.9223355,1225,0.0,
videos,HCctOxW-iWQ,53.9436,46.1754,0.00467671,6531,65.5959,high
videos,eEGLxLDG2jw,53.9435,52.1678,0.01270833,5804,56.607,high
videos,opvNBwywq_4,53.9416,89.9027,0.9222128,1226,0.0,
videos,dPhynnX01G4,53.9367,89.8945,0.92220856,1227,0.0,
videos,WuOBndKKLkQ,53.9362,47.181,0.00553485,6409,64.0691,high
videos,IYD05ocRhM8,53.9341,52.4975,0.01344309,5764,56.0891,high
videos,Ji92MlKdNvE,53.9318,89.8863,0.92209676,1228,0.0,
videos,oBoSNLSynng,53.9268,89.878,0.92190588,1229,0.0,
videos,Hen0547usrY,53.9224,49.489,0.00814499,6129,60.5724,high
videos,BedAaB1RKgE,53.9169,89.8615,0.92159359,1231,0.0,
videos,zaxKGFJRv4U,53.9148,47.214,0.00556491,6405,63.9661,high
videos,ONm64uayCQw,53.912,89.8533,0.92153668,1232,0.0,
videos,54IzxU24YT0,53.907,89.845,0.92138998,1233,0.0,
videos,eXH4V5QEO94,53.9021,89.8368,0.92124673,1234,0.0,
videos,Gd0_anFu5E0,53.8972,89.8286,0.92107363,1235,0.0,
videos,j2KGDvQqQuM,53.8954,54.5994,0.01901415,5509,52.8395,high
videos,GzpSiFaj8zU,53.8922,89.8203,0.92104004,1236,0.0,
videos,E-QWXT4HnkA,53.8902,44.4444,0.00340398,6741,68.059,high
videos,ScIxPF47k30,53.8873,89.8121,0.92077145,1237,0.0,
videos,DQcE9L_FOzQ,53.8823,89.8038,0.92067711,1238,0.0,
videos,pfwSz0lRwQ8,53.8792,52.2585,0.01293449,5793,56.3102,high
videos,GI1IMdXaa3w,53.8774,89.7956,0.92067128,1239,0.0,
videos,0XXl680maR0,53.8724,89.7873,0.92056669,1240,0.0,
videos,OD1bJHDL7Yc,53.8675,89.7791,0.92040836,1241,0.0,
videos,9MX0VCiz6Hs,53.8669,46.7277,0.00513646,6464,64.5758,high
videos,gjXczf-hSwg,53.8625,89.7709,0.92018998,1242,0.0,
videos,eyaEcht4aoM,53.8576,89.7626,0.92009731,1243,0.0,
videos,SewGVP4_euc,53.8568,45.6149,0.00415639,6599,66.2196,high
videos,2503mIVBKIs,53.8526,89.7544,0.92009085,1244,0.0,
videos,_93oyUQmRjI,53.8525,50.5605,0.00958353,5999,58.7906,high
videos,AYYRI6TZsz8,53.8477,89.7461,0.9199231,1245,0.0,
videos,3W1KfxQnQiU,53.8451,53.2971,0.01529832,5667,54.6671,high
videos,eVcTqbn4daE,53.8381,52.4481,0.01334571,5770,55.9232,high
videos,omLcCrnwCb0,53.8378,89.7296,0.91963521,1247,0.0,
videos,0krRMS_ObCU,53.8328,89.7214,0.91958607,1248,0.0,
videos,yyxAhInQ4hM,53.8229,89.7049,0.91940681,1250,0.0,
videos,cnKFvWH8A6k,53.818,89.6967,0.91933335,1251,0.0,
videos,TmkbUF0V0hM,53.813,89.6884,0.91882646,1252,0.0,
videos,w4uVOfC_eUY,53.8081,89.6802,0.91880163,1253,0.0,
videos,m9tld7neTTc,53.8031,89.6719,0.91853855,1254,0.0,
videos,a9BK7d1X5tQ,53.803,44.2136,0.00329517,6769,68.187,high
videos,rrH_DbrhfME,53.7982,89.6637,0.91849421,1255,0.0,
videos,bCzogeSRQpk,53.7933,89.6555,0.91839269,1256,0.0,
videos,MIatOEkAqC0,53.7834,89.639,0.91799687,1258,0.0,
videos,SHKbCp1oq40,53.7735,89.6225,0.91774149,1260,0.0,
videos,e-MX4VoLOVU,53.7685,89.6142,0.91756932,1261,0.0,
videos,BuctAVOIGQw,53.7618,44.395,0.00339327,6747,67.8119,high
videos,-1Fhry-Mqks,53.7587,89.5978,0.91718059,1263,0.0,
videos,pBjGvtIClxA,53.7537,89.5895,0.91697587,1264,0.0,
videos,a3z4Zt0tIus,53.7507,53.7339,0.01650014,5614,53.7758,high
videos,IksKDro4ED0,53.7488,89.5813,0.91688451,1265,0.0,
videos,JCGpuDTSizc,53.7438,89.573,0.91663656,1266,0.0,
videos,ryP7Az156VQ,53.7425,48.6977,0.00696166,6225,61.3098,high
videos,dAb9k7aI1rM,53.7389,89.5648,0.91662643,1267,0.0,
videos,c5Jej6WbEpM,53.7339,89.5565,0.91593023,1268,0.0,
videos,4u6iiNqPo38,53.7298,47.7415,0.00600804,6341,62.7122,high
videos,bAjqWj8DiR4,53.729,89.5483,0.91589974,1269,0.0,
videos,LXGZ8mB8tc8,53.7241,89.5401,0.91585859,1270,0.0,
videos,OrI86PV-aPg,53.7191,89.5318,0.91583078,1271,0.0,
videos,2eI4YClhkT0,53.7142,89.5236,0.91579895,1272,0.0,
videos,30nqwtapNg0,53.7092,89.5153,0.91537036,1273,0.0,
videos,3era1_feC3U,53.7043,89.5071,0.91533595,1274,0.0,
videos,gsdbZXF0z00,53.6993,89.4988,0.91521711,1275,0.0,
videos,vFRhryb0PoQ,53.6944,89.4906,0.9151131,1276,0.0,
videos,Mrp3DRL7io0,53.6932,49.4395,0.00802037,6135,60.0738,high
videos,3xEUFdBjZa0,53.6894,89.4824,0.91496957,1277,0.0,
videos,0z9efkTfuck,53.6845,89.4741,0.91490671,1278,0.0,
videos,aDvEt1rIAyM,53.6808,46.8513,0.00525198,6449,63.9251,high
videos,NcOwTceSbH4,53.6795,89.4659,0.91487664,1279,0.0,
videos,reU8lZiWW2o,53.6746,89.4576,0.91475222,1280,0.0,
videos,zbrsASaQHN8,53.6696,89.4494,0.91469252,1281,0.0,
videos,U5iVEGKMdr8,53.6647,89.4411,0.91411712,1282,0.0,
videos,NyNCTROP8r0,53.6597,89.4329,0.91411375,1283,0.0,
videos,8u7HqZJQHDM,53.6548,89.4247,0.91403776,1284,0.0,
videos,a4sq1CKPl0E,53.6449,89.4082,0.91356244,1286,0.0,
videos,ugtd9CFxv_Y,53.6399,89.3999,0.91354144,1287,0.0,
videos,uhEyvEA4mUg,53.635,89.3917,0.9134428,1288,0.0,
videos,_AqBNvs7ko8,53.635,44.7494,0.00360083,6704,66.9633,high
videos,b-U97tnAQko,53.63,89.3834,0.91336737,1289,0.0,
videos,f_ash4E1fj4,53.6251,89.3752,0.91336455,1290,0.0,
videos,z7Qp9Q_Br88,53.6152,89.3587,0.91313182,1292,0.0,
videos,BRgmhNwAZyw,53.6103,89.3505,0.91285839,1293,0.0,
videos,FsaNS0s1KQI,53.6053,89.3422,0.91283198,1294,0.0,
videos,rboyJq0dbRQ,53.6004,89.334,0.91277746,1295,0.0,
videos,4mnp2FTn4rI,53.5955,89.3258,0.91242212,1296,0.0,
videos,pFzXlGstqEs,53.5905,89.3175,0.91227419,1297,0.0,
videos,BCify1HrPG4,53.5904,48.4009,0.00664273,6261,61.3747,high
videos,1zDlWzjFpi8,53.5856,89.3093,0.91220932,1298,0.0,
videos,-23EC7x0YF0,53.5806,89.301,0.91215529,1299,0.0,
videos,B7SirW0yK48,53.5757,89.2928,0.91210007,1300,0.0,
videos,qGa8y4tPUkc,53.5731,49.1015,0.00744692,6176,60.2805,high
videos,mg4TffLl9Y0,53.5707,89.2845,0.91200792,1301,0.0,
videos,240uZkew3Ig,53.5658,89.2763,0.91195579,1302,0.0,
videos,Dx5dqMrDW7Q,53.5609,89.2681,0.91176955,1303,0.0,
videos,2tdkujDHBcQ,53.5559,89.2598,0.9116837,1304,0.0,
videos,4at2bVIhLgc,53.551,89.2516,0.91166559,1305,0.0,
videos,DE9MXxy2REs,53.546,89.2433,0.9116084,1306,0.0,
videos,bHf4_uqg39U,53.5411,89.2351,0.91160036,1307,0.0,
videos,bUWaO9pSvAY,53.5393,47.8734,0.0061124,6325,62.0381,high
videos,lb5L68MSzrw,53.5361,89.2268,0.91153618,1308,0.0,
videos,TaQN07sJDW0,53.5312,89.2186,0.91143799,1309,0.0,
videos,g4Gb6viwsnQ,53.5262,89.2104,0.91141728,1310,0.0,
videos,39-z063W1WY,53.5213,89.2021,0.91108015,1311,0.0,
videos,TKqGHZl4qCk,53.5163,89.1939,0.91095917,1312,0.0,
videos,HF6Y-R_08Fs,53.5114,89.1856,0.91076912,1313,0.0,
videos,U14_qm5y38o,53.5111,47.7662,0.00601607,6338,62.1285,high
videos,Ni9JUdFUJZA,53.5075,45.0791,0.00383645,6664,66.1501,high
videos,hxMnbgcn2ck,53.5064,89.1774,0.9107385,1314,0.0,
videos,fZFk7VzFbcs,53.5046,46.7689,0.0051817,6459,63.6082,high
videos,UM9dcnJXX0k,53.5015,89.1691,0.91070894,1315,0.0,
videos,vXspHzhkMm8,53.4979,52.7778,0.01403668,5730,54.5781,high
videos,qscktzcDfPM,53.4965,89.1609,0.91070716,1316,0.0,
videos,uY9WvL5qxHc,53.4916,89.1527,0.91070336,1317,0.0,
videos,c7wrhp5JSCA,53.4913,48.0877,0.00633788,6299,61.5968,high
videos,pABdjew0B_U,53.4866,89.1444,0.91043131,1318,0.0,
videos,t6cadh7LPZE,53.4817,89.1362,0.9103672,1319,0.0,
videos,OnGmNFUnXdo,53.4767,89.1279,0.91018105,1320,0.0,
videos,6UbyAkJQir0,53.4718,89.1197,0.91002041,1321,0.0,
videos,AMFaRcuKIAg,53.469,47.6673,0.00592575,6350,62.1715,high
videos,GnWF-Oxfzak,53.4668,89.1114,0.90994437,1322,0.0,
videos,cAd5sV2fq6M,53.4619,89.1032,0.90973485,1323,0.0,
videos,dw61XIaZ9Y4,53.457,89.095,0.90950788,1324,0.0,
videos,wMDjdej7a_0,53.452,89.0867,0.9089514,1325,0.0,
videos,eRD2C7w9r6Y,53.4471,89.0785,0.90891636,1326,0.0,
videos,D-Zh2e3vjug,53.4421,89.0702,0.90880859,1327,0.0,
videos,MmtdaRSSUZA,53.44,51.1045,0.01071125,5933,56.9432,high
videos,UJfMavodseE,53.4372,89.062,0.90870487,1328,0.0,
videos,IAn3Wu2BdyY,53.4344,49.2994,0.00788826,6152,59.6369,high
videos,xC_PFZV5Foc,53.4322,89.0537,0.90838809,1329,0.0,
videos,0IGNbK4bbXA,53.43,44.156,0.00325939,6776,67.341,high
videos,9-DrfuvJFLA,53.4273,89.0455,0.90836997,1330,0.0,
videos,FDmzMloLpG4,53.4268,52.4151,0.01333092,5774,54.9443,high
videos,kGhN9yFjlsE,53.4224,89.0373,0.90820684,1331,0.0,
videos,DxaFB7yBmgc,53.4174,89.029,0.90794257,1332,0.0,
videos,owQb9AJcqGI,53.4151,51.4507,0.01113925,5891,56.3616,high
videos,lI3Kicj7b-8,53.4125,89.0208,0.90753146,1333,0.0,
videos,YrgPX95FYxA,53.4075,89.0125,0.90719643,1334,0.0,
videos,FXMNI8qbY_I,53.4026,89.0043,0.90703471,1335,0.0,
videos,RfU7tsX69eE,53.3976,88.996,0.90702286,1336,0.0,
videos,PWI0Ct47Hcw,53.393,46.9502,0.00531153,6437,63.0571,high
videos,eOI7WQIEX1Y,53.3927,88.9878,0.90696899,1337,0.0,
videos,_iEb54geLMk,53.3894,43.7521,0.00301398,6825,67.8453,high
videos,vOFmHTW8Fw8,53.3878,88.9796,0.90690175,1338,0.0,
videos,qwyAF94rqNQ,53.3878,49.4148,0.00799823,6138,59.3474,high
videos,3qB_UqL1KJ8,53.3828,88.9713,0.90672815,1339,0.0,
videos,OmYlbucR-EQ,53.3807,42.5074,0.00238317,6976,69.6906,high
videos,Pf8xz9q12Cs,53.3779,88.9631,0.90669615,1340,0.0,
videos,FwRB_0XPICs,53.3729,88.9548,0.90668488,1341,0.0,
videos,WlILjkEWWms,53.368,88.9466,0.90636262,1342,0.0,
videos,E3Owpzn46Tk,53.3669,46.876,0.00526267,6446,63.1033,high
videos,Ui6lUqMOEZQ,53.3653,41.6996,0.0020905,7074,70.8639,high
videos,K4f0GMHO1dw,53.363,88.9383,0.90635287,1343,0.0,
videos,QCZb0wlWpkE,53.3593,50.2143,0.00905694,6041,58.0769,high
videos,nKv6KGDVnSY,53.3581,88.9301,0.90629548,1344,0.0,
videos,t8kJCmx0-dg,53.3531,88.9219,0.90620129,1345,0.0,
videos,ASn01QmE-J8,53.3482,88.9136,0.90619946,1346,0.0,
videos,PTO0s8YQ49o,53.3432,88.9054,0.90610521,1347,0.0,
videos,p2ZuYKMaXVQ,53.3429,43.5707,0.00293012,6847,68.0012,high
videos,bTFMew8KaBA,53.3383,88.8971,0.90600901,1348,0.0,
videos,qnpdg1p0Yno,53.3333,88.8889,0.90574594,1349,0.0,
videos,T6VXCvK9NR4,53.3284,88.8806,0.90572678,1350,0.0,
videos,fRjAMALJ0r0,53.3234,88.8724,0.90559892,1351,0.0,
videos,916vhhUsmgE,53.3185,88.8642,0.90548934,1352,0.0,
videos,Wz5d79TNC4w,53.3086,88.8477,0.90519469,1354,0.0,
videos,vVXG_8sE4sQ,53.3056,51.5826,0.01142399,5875,55.8902,high
videos,rvUKb-y8QMM,53.3036,88.8394,0.90492129,1355,0.0,
videos,3NDtv8Mi8KI,53.2987,88.8312,0.90472577,1356,0.0,
videos,suqYhItddAc,53.2937,88.8229,0.90431557,1357,0.0,
videos,vJgnzL3Pe6c,53.2888,88.8147,0.90417355,1358,0.0,
videos,W2Rs8Vasj2Q,53.2839,88.8065,0.90385813,1359,0.0,
videos,m2K-5U1BRbs,53.274,88.79,0.90356821,1361,0.0,
videos,KGHb_XF0Z8M,53.269,88.7817,0.90350708,1362,0.0,
videos,MrIgPoCqos0,53.2641,88.7735,0.90341256,1363,0.0,
videos,0EyJUjHgIgI,53.2591,88.7652,0.9030029,1364,0.0,
videos,hfAfLnCzzyQ,53.2542,88.757,0.90294192,1365,0.0,
videos,C78WOC99350,53.2493,88.7488,0.90263374,1366,0.0,
videos,9r9FVs67sw0,53.2451,47.9393,0.00619619,6317,61.2038,high
videos,NdQ8RAfItX0,53.2443,88.7405,0.9025123,1367,0.0,
videos,5hkvukpSA2U,53.2295,88.7158,0.90213568,1370,0.0,
videos,g8Pbfvcv0-o,53.2246,88.7076,0.90199436,1371,0.0,
videos,wjqV8kO8c5g,53.2196,88.6993,0.9019074,1372,0.0,
videos,jkzxfQSqS-M,53.2195,41.7079,0.00209083,7073,70.4868,high
videos,_b5-fds5IZM,53.2147,88.6911,0.90190385,1373,0.0,
videos,cMgtlSm3a84,53.2098,48.4751,0.00673478,6252,60.3118,high
videos,ujLrGrI8lIk,53.2097,88.6828,0.90172035,1374,0.0,
videos,kcI8VNUj-GQ,53.2048,88.6746,0.90159359,1375,0.0,
videos,rIi3YI0zmNI,53.1998,88.6663,0.90140886,1376,0.0,
videos,f-peJ7iuvXk,53.1949,88.6581,0.90132923,1377,0.0,
videos,JXX8nx3eQGI,53.1904,46.4804,0.00490745,6494,63.2554,high
videos,RqRZ8zpfBFw,53.1899,88.6499,0.90132187,1378,0.0,
videos,MK36lyttVLU,53.185,88.6416,0.90128259,1379,0.0,
videos,Hf9EX1Gu1f0,53.18,88.6334,0.90125274,1380,0.0,
videos,lBC6MWsGQ94,53.1751,88.6251,0.90124899,1381,0.0,
videos,UYhZmkYUo_s,53.1701,88.6169,0.90115149,1382,0.0,
videos,9qgR6v024Ww,53.1652,88.6086,0.90114316,1383,0.0,
videos,-6TqZHP3NIc,53.1614,42.8371,0.0025618,6936,68.6478,high
videos,5aTJve5bPzE,53.1602,88.6004,0.90091246,1384,0.0,
videos,l2hZj9OWH3o,53.1553,88.5922,0.90044349,1385,0.0,
videos,K1iunQoGPX8,53.1512,50.033,0.00883037,6063,57.8284,high
videos,Le5XG8WkMGI,53.1503,88.5839,0.90027876,1386,0.0,
videos,ioMFcAvfkO4,53.1469,45.6479,0.00420774,6595,64.3955,high
videos,TI53wSUuqsM,53.1454,88.5757,0.90010623,1387,0.0,
videos,dX9aj2mhYmU,53.1355,88.5592,0.89984886,1389,0.0,
videos,CGRuhWbd4LU,53.1305,88.5509,0.89970181,1390,0.0,
videos,aSulJgvyM5E,53.1256,88.5427,0.89959515,1391,0.0,
videos,owFZVWRoRTM,53.1207,88.5345,0.89953079,1392,0.0,
videos,pYpq2nr5q9g,53.1157,88.5262,0.89933553,1393,0.0,
videos,hssQ7TLJ9dc,53.1108,88.518,0.8992949,1394,0.0,
videos,_FYWEXMolC4,53.1058,88.5097,0.89922091,1395,0.0,
videos,9QKOkpu78CQ,53.1009,88.5015,0.89918892,1396,0.0,
videos,M5D0fG_WUMU,53.0959,88.4932,0.89896603,1397,0.0,
videos,ofn4UFR9cAI,53.091,88.485,0.89851538,1398,0.0,
videos,WUZ_FGV36C0,53.0861,88.4768,0.89807165,1399,0.0,
videos,FVd8tyq9veU,53.0855,49.39,0.00796378,6141,58.6288,high
videos,AY51bh6MX3U,53.0811,88.4685,0.89802156,1400,0.0,
videos,S-KSEZaCevM,53.0762,88.4603,0.89798983,1401,0.0,
videos,Jb9vjKqaGKY,53.0746,44.906,0.00372836,6685,65.3276,high
videos,bIzTJqcQZ7w,53.0731,48.2773,0.00652661,6276,60.2669,high
videos,zvsfwptBu8w,53.0715,38.9466,0.00132591,7408,74.2589,high
videos,J_cMk5zEThI,53.0712,88.452,0.89777141,1402,0.0,
videos,9Wm0LrscueU,53.0663,88.4438,0.89757502,1403,0.0,
videos,AlYz8W0KmSk,53.0613,88.4355,0.89720519,1404,0.0,
videos,HlxgakUeSss,53.0564,88.4273,0.89713852,1405,0.0,
videos,XnTYFrDMy6w,53.0515,88.4191,0.89712238,1406,0.0,
videos,UogA9KueVHA,53.0502,49.5714,0.00821954,6119,58.2684,high
videos,VRLM4RDuurc,53.0475,47.7992,0.00604421,6334,60.92,high
videos,PYtJH8EFyo4,53.0366,88.3943,0.89672038,1409,0.0,
videos,JRViXLdrLEc,53.0276,50.7748,0.0100956,5973,56.4067,high
videos,86clFwODKOY,53.0267,88.3778,0.89648898,1411,0.0,
videos,FlsQkJdHkKI,53.0218,88.3696,0.89637048,1412,0.0,
videos,1woSCRlAFjw,53.0214,47.5272,0.00583183,6367,61.2628,high
videos,telw6PMnMUo,53.0168,88.3614,0.89591255,1413,0.0,
videos,d8C_rLcy-Js,53.013,48.1866,0.006463,6287,60.2525,high
videos,tcMCPdUedrk,53.0119,88.3531,0.89589701,1414,0.0,
videos,ttdfIEKLVks,53.0087,47.2057,0.00554641,6406,61.7131,high
videos,KrttEPsGEDc,53.0069,88.3449,0.89571333,1415,0.0,
videos,R7AOWNowuN8,53.002,88.3366,0.89554981,1416,0.0,
videos,OMBF1cR2IO4,52.9983,51.0551,0.01056295,5939,55.9131,high
videos,-_oRUrwOb4c,52.997,88.3284,0.89532558,1417,0.0,
videos,cflDU1jPZFM,52.9951,45.9611,0.00451989,6557,63.5461,high
videos,tfxZ-AtQRlA,52.9921,88.3201,0.89528425,1418,0.0,
videos,_q_HXpyyS6c,52.9871,88.3119,0.89503455,1419,0.0,
videos,gpxvVHSUtNE,52.9822,88.3037,0.89492398,1420,0.0,
videos,8xmeYNAaOxc,52.9772,88.2954,0.89480201,1421,0.0,
videos,NM-bwZZoX80,52.9764,45.2193,0.00391241,6647,64.6121,high
videos,zuzydZz-cmo,52.9734,48.4504,0.00671786,6255,59.758,high
videos,Axd7vczioiY,52.9723,88.2872,0.89461862,1422,0.0,
videos,L1s3LDJtc5Q,52.9673,88.2789,0.89461525,1423,0.0,
videos,XPGWDtB665E,52.9624,88.2707,0.89455858,1424,0.0,
videos,GgXmI1bLQLg,52.9574,88.2624,0.89449455,1425,0.0,
videos,1ZAbip29GbI,52.9561,56.5859,0.02748398,5268,47.5115,high
videos,IrGd4xIhTN0,52.9525,88.2542,0.89441913,1426,0.0,
videos,qKEC4HfoGrw,52.9476,88.246,0.8942959,1427,0.0,
videos,11M7U4DvMoc,52.9426,88.2377,0.89422977,1428,0.0,
videos,YtgMwH2c14s,52.9377,88.2295,0.89404251,1429,0.0,
videos,UP62NcsmyGo,52.9327,88.2212,0.8940023,1430,0.0,
videos,dl4Dw-RlPv4,52.9278,88.213,0.89387053,1431,0.0,
videos,2DFN9t1cUJg,52.9274,53.5526,0.0160149,5636,51.9895,high
videos,mtevRTXHxNw,52.9237,49.9093,0.00872654,6078,57.4452,high
videos,OOsucjPGXUM,52.9228,88.2047,0.89366984,1432,0.0,
videos,eKq2TKuGF8I,52.9179,88.1965,0.89348029,1433,0.0,
videos,4tcG7fXBQ-g,52.913,88.1883,0.89330651,1434,0.0,
videos,byRZrLYIuyo,52.908,88.18,0.89326102,1435,0.0,
videos,-9w9_Pkvyj0,52.9031,88.1718,0.89316317,1436,0.0,
videos,ZDDlC4h9lQI,52.8981,88.1635,0.89299065,1437,0.0,
videos,GCGT00geqwM,52.8932,88.1553,0.89293168,1438,0.0,
videos,BSItX-WvGQ8,52.8882,88.147,0.89292881,1439,0.0,
videos,dw-MSUbPBao,52.8833,88.1388,0.89281967,1440,0.0,
videos,VOnUQK3wlgE,52.8784,88.1306,0.89245853,1441,0.0,
videos,hdG09-QwbF8,52.8734,88.1223,0.89232585,1442,0.0,
videos,2QY6odYy3zY,52.8685,88.1141,0.89214253,1443,0.0,
videos,oOCN30ulVyo,52.8635,88.1058,0.8918604,1444,0.0,
videos,OQf2Ba-Lp_4,52.8586,88.0976,0.89184468,1445,0.0,
videos,_UtkU6w4esc,52.8536,88.0894,0.89178885,1446,0.0,
videos,wAIWzA6GbPQ,52.8487,88.0811,0.89176881,1447,0.0,
videos,xjOYsyFjvtc,52.8437,88.0729,0.8917406,1448,0.0,
videos,KsXfdnQuumo,52.8388,88.0646,0.89170753,1449,0.0,
videos,A9-HCSNX4Gs,52.8354,47.3623,0.00566276,6387,61.0451,high
videos,qEUtQSXH6J8,52.8338,88.0564,0.89157723,1450,0.0,
videos,MDCWGxK58w4,52.8289,88.0481,0.89157279,1451,0.0,
videos,6SNPjD1lZHs,52.8239,88.0399,0.89121561,1452,0.0,
videos,cmEwajgbNvo,52.819,88.0317,0.89109518,1453,0.0,
videos,H1QmJwTtkO4,52.814,88.0234,0.89106989,1454,0.0,
videos,xXdXuWmK5lI,52.8091,88.0152,0.89100772,1455,0.0,
videos,Q7MP44Eabp4,52.8041,88.0069,0.89081472,1456,0.0,
videos,K2riVtF8ynE,52.7992,87.9987,0.8907337,1457,0.0,
videos,sUJX7dMbsJk,52.7942,87.9904,0.89067818,1458,0.0,
videos,hoZW8rYk69w,52.7893,87.9822,0.89050924,1459,0.0,
videos,AtV39gzSOmU,52.789,50.3956,0.00929845,6019,56.379,high
videos,tTdyzf3_Ex8,52.7853,53.7257,0.01648456,5615,51.3748,high
videos,bfoGvCLhuuE,52.7844,87.974,0.89046327,1460,0.0,
videos,MiK98PjPy7g,52.7844,47.8239,0.00605192,6331,60.2252,high
videos,7YL8TyF9Gm8,52.7832,44.2384,0.00329989,6766,65.6004,high
videos,tTrsRGaWnIU,52.7794,87.9657,0.8903721,1461,0.0,
videos,62g24X1TCIs,52.7745,87.9575,0.89011433,1462,0.0,
videos,cAz9O2abNj0,52.7695,87.9492,0.89010732,1463,0.0,
videos,3o2rUryu45E,52.7646,87.941,0.88951835,1464,0.0,
videos,YspbqcWtcaY,52.7596,87.9327,0.88936544,1465,0.0,
videos,mL9wWsQ2AoE,52.7574,42.8948,0.0025847,6929,67.5513,high
videos,QouigspVqvw,52.7547,87.9245,0.88930778,1466,0.0,
videos,oNjLzGpMCuw,52.75,49.0439,0.00736359,6183,58.3092,high
videos,lXIS5z6wcZ8,52.7498,87.9163,0.88905089,1467,0.0,
videos,NxiS0QNW2rg,52.7448,87.908,0.88870352,1468,0.0,
videos,fjaKdjnopJ4,52.7399,87.8998,0.8886764,1469,0.0,
videos,HQksmqO2QIg,52.73,87.8833,0.88807697,1471,0.0,
videos,dkPt6Qmj96Q,52.725,87.875,0.88790073,1472,0.0,
videos,nVmLoLKfINc,52.7201,87.8668,0.88784512,1473,0.0,
videos,zRm9Ww6IaN8,52.7174,46.9997,0.00533984,6431,61.294,high
videos,4oBScjJRuds,52.7152,87.8586,0.88778572,1474,0.0,
videos,OLXDCezI3a0,52.7151,49.6373,0.00831809,6111,57.3318,high
videos,qXPYNeqtmXU,52.7102,87.8503,0.88774882,1475,0.0,
videos,zSSpB6XbYP4,52.7053,87.8421,0.88772977,1476,0.0,
videos,fKuIJ_z2Y6A,52.7003,87.8338,0.88771122,1477,0.0,
videos,VqzxJtrl1D4,52.6954,45.0132,0.00380418,6672,64.2188,high
videos,DFEeseWsX8U,52.6954,87.8256,0.88762093,1478,0.0,
videos,g6Cq3m3gq1g,52.6904,87.8173,0.88754967,1479,0.0,
videos,njtYwzFAB5s,52.6855,87.8091,0.88739921,1480,0.0,
videos,VZ41_urpsew,52.6842,48.6482,0.00689696,6231,58.7382,high
videos,l2FJ9CDeXlQ,52.6805,87.8009,0.88724533,1481,0.0,
videos,8cEGEiZFP4o,52.6737,53.1075,0.01486184,5690,52.0229,medium
videos,2ScdI3osIrA,52.6706,87.7844,0.88646992,1483,0.0,
videos,hU8mysZaPts,52.6657,87.7761,0.88621956,1484,0.0,
videos,5YQzp5p8zas,52.6607,87.7679,0.88588135,1485,0.0,
videos,rztCa1Zhn8Y,52.6558,87.7596,0.88587886,1486,0.0,
videos,d4V7XDAZHeQ,52.6508,87.7514,0.88542786,1487,0.0,
videos,VWR9dZVTRUA,52.6459,87.7432,0.885194,1488,0.0,
videos,5d7-COeInUM,52.6409,87.7349,0.88503836,1489,0.0,
videos,cMzUdMf9QvQ,52.636,87.7267,0.88489209,1490,0.0,
videos,VQW-LgS5NK0,52.631,87.7184,0.88485985,1491,0.0,
videos,wIfSyH9wFjs,52.6261,87.7102,0.88422021,1492,0.0,
videos,_r8GxQf1OVE,52.6211,87.7019,0.88413242,1493,0.0,
videos,frCzljGpJBo,52.6162,87.6937,0.88409431,1494,0.0,
videos,G9_2A8ahrKE,52.6113,87.6855,0.88403293,1495,0.0,
videos,4Nc9IBN_1Jo,52.6063,87.6772,0.88395582,1496,0.0,
videos,OQeT7OBFcgo,52.6014,87.669,0.88362157,1497,0.0,
videos,Ujasr34tnEw,52.5964,87.6607,0.88307386,1498,0.0,
videos,95cskZsYaZ4,52.5915,87.6525,0.88252716,1499,0.0,
videos,sFn2cl6XwRU,52.5898,50.3297,0.00916102,6027,55.98,high
videos,hbuk2sjACRo,52.5865,87.6442,0.88237674,1500,0.0,
videos,sNrLL27d210,52.5784,41.2051,0.00190267,7134,69.6383,high
videos,GIGLcNgNOP4,52.5767,87.6278,0.88208664,1502,0.0,
videos,TbWCvQaLh_o,52.5717,87.6195,0.88182692,1503,0.0,
videos,IduIHpum4MY,52.5668,87.6113,0.88181279,1504,0.0,
videos,mY8qW0pAy_o,52.5662,43.6614,0.00298663,6836,65.9233,high
videos,lqotTdGi-Io,52.5618,87.603,0.88179178,1505,0.0,
videos,Nrx96JWGnBU,52.5569,87.5948,0.88159564,1506,0.0,
videos,wgbjAmsAGQw,52.5519,87.5865,0.8815593,1507,0.0,
videos,5TVwjYBLfb0,52.547,87.5783,0.88103751,1508,0.0,
videos,yipK0StLn9k,52.5421,87.5701,0.88078085,1509,0.0,
videos,Gw-84th-tfQ,52.5418,44.7329,0.0035883,6706,64.2552,high
videos,unJ-OZkA3Mw,52.5371,87.5618,0.88075886,1510,0.0,
videos,2A0dbP8LJoA,52.5358,45.5242,0.00411622,6610,63.0531,high
videos,lm3qgdQJAXE,52.5322,87.5536,0.88071661,1511,0.0,
videos,U2bFd4gAJ4w,52.5279,49.5879,0.0082455,6117,56.9378,high
videos,4YZ-xFL8miU,52.5272,87.5453,0.88068007,1512,0.0,
videos,tkLxg6h07aE,52.5223,87.5371,0.88046688,1513,0.0,
videos,8TvJvfKz8Fo,52.5173,87.5288,0.88024452,1514,0.0,
videos,TKC0PW6f62E,52.5124,87.5206,0.88009219,1515,0.0,
videos,e6bv4yEIIus,52.5025,87.5041,0.87961334,1517,0.0,
videos,aKm-tQ6v3x0,52.4975,87.4959,0.87957807,1518,0.0,
videos,JZXHI1e2DvY,52.4926,87.4876,0.87949403,1519,0.0,
videos,bM3ojc2bhdA,52.4881,43.0679,0.00263557,6908,66.6184,high
videos,fHG4ws99ZR4,52.4876,87.4794,0.87948253,1520,0.0,
videos,m1AevBzM6cw,52.4827,87.4712,0.87941482,1521,0.0,
videos,CK1Y3BLADVg,52.4795,43.4553,0.00288635,6861,66.0157,high
videos,zvUZSlfvyrI,52.4777,87.4629,0.87914211,1522,0.0,
videos,fU_SLqzu6u4,52.4728,87.4547,0.87908574,1523,0.0,
videos,_I-J0ZjR3zM,52.4678,87.4464,0.87906031,1524,0.0,
videos,x0GVWUxX9ow,52.4629,45.755,0.00434043,6582,62.5247,high
videos,KyXx32GvvwU,52.4629,87.4382,0.87897509,1525,0.0,
videos,fB2ZemafpUw,52.4579,87.4299,0.87892361,1526,0.0,
videos,LcSfbWayZpo,52.453,87.4217,0.87869152,1527,0.0,
videos,fDDhRuhbQHU,52.4481,87.4135,0.87861766,1528,0.0,
videos,Doa3x3G_psg,52.4431,87.4052,0.87857074,1529,0.0,
videos,er7v-GJj_V0,52.4382,87.397,0.87851825,1530,0.0,
videos,LAEl077HYXo,52.4332,87.3887,0.87768939,1531,0.0,
videos,wjRroQ_0It0,52.4283,87.3805,0.87736054,1532,0.0,
videos,J0KGPR7q_xc,52.4233,87.3722,0.87735655,1533,0.0,
videos,wopyt6Z2GFs,52.4184,87.364,0.87718447,1534,0.0,
videos,q30vh9nZ4Do,52.4149,50.2803,0.00912772,6033,55.6168,high
videos,rA2QTU_47Yc,52.4135,87.3558,0.87680418,1535,0.0,
videos,ulz8JdR4F5Y,52.4085,87.3475,0.8765449,1536,0.0,
videos,bTsHK-a5ilg,52.407,50.816,0.01013019,5968,54.7936,high
videos,cSWhU_YgSXU,52.4067,50.1072,0.00891417,6054,55.856,high
videos,QK02VOGWEv0,52.4036,87.3393,0.8762863,1537,0.0,
videos,TfojYStTlZE,52.3986,87.331,0.87620396,1538,0.0,
videos,5ov8sBSV-pc,52.3985,47.1398,0.00547524,6414,60.2865,high
videos,SAtFZPtbMpI,52.3937,87.3228,0.87605368,1539,0.0,
videos,RD10h-Luf0M,52.3903,47.0491,0.00536697,6425,60.4021,high
videos,KeUPU5Lrd68,52.3887,87.3145,0.87589939,1540,0.0,
videos,UJQFxVSiNMs,52.3838,87.3063,0.8755205,1541,0.0,
videos,NqRC2EGe2sQ,52.3789,87.2981,0.87550398,1542,0.0,
videos,vZMl26qjTQk,52.3782,50.3462,0.00919752,6025,55.4263,high
videos,broPM7QnxKE,52.3739,87.2898,0.8746322,1543,0.0,
videos,Rm1yXy33wcc,52.369,87.2816,0.87422229,1544,0.0,
videos,y5idAO5SQqU,52.364,87.2733,0.873646,1545,0.0,
videos,Acg_6U4R0PY,52.3591,87.2651,0.87342506,1546,0.0,
videos,B21BbUs8AV8,52.3574,51.4095,0.01110424,5896,53.7792,high
videos,3NEzesduYHw,52.3541,87.2568,0.87321431,1547,0.0,
videos,qey62i2fvg0,52.3492,87.2486,0.87314873,1548,0.0,
videos,OEtIq4tR1rA,52.3442,87.2404,0.87264868,1549,0.0,
videos,v1uhOc2Ov3M,52.3393,87.2321,0.87246755,1550,0.0,
videos,z2zwvNG7r-Q,52.3343,87.2239,0.87224679,1551,0.0,
videos,hQ7kG3WiU1s,52.3294,87.2156,0.8719645,1552,0.0,
videos,e23-s9jMw74,52.3244,87.2074,0.8718315,1553,0.0,
videos,mNud45PsvwQ,52.3195,87.1991,0.87168143,1554,0.0,
videos,jxsMB_z2mis,52.3147,49.5384,0.00817637,6123,56.4791,high
videos,z7gzP6s6jIg,52.3145,87.1909,0.87133714,1555,0.0,
videos,XhfVr_h4lfk,52.3096,87.1827,0.8712863,1556,0.0,
videos,VasToNWucu4,52.3046,87.1744,0.87118523,1557,0.0,
videos,sMaAaBsST34,52.2997,87.1662,0.87116759,1558,0.0,
videos,Xrbbhuif9Xs,52.2947,87.1579,0.87115434,1559,0.0,
videos,7tilLI0Vifk,52.2933,41.4194,0.00198109,7108,68.6041,high
videos,mwM48AFaEFA,52.2898,87.1497,0.87102246,1560,0.0,
videos,fKCCTcWliG8,52.2888,45.3841,0.00402107,6627,62.6459,high
videos,D4fkiQfzw_I,52.2848,87.1414,0.87084589,1561,0.0,
videos,uhLGzdx0A6k,52.2799,87.1332,0.87049627,1562,0.0,
videos,cxLWeagGWUE,52.2795,45.3017,0.00395353,6637,62.7463,high
videos,5tMbCZ_o4Zk,52.2769,50.0412,0.00884876,6062,55.6305,high
videos,dM2ot3Qf_bA,52.275,87.125,0.87040036,1563,0.0,
videos,Or6yvefovGU,52.271,47.4118,0.00570312,6381,59.5597,high
videos,6aeV9l0-__s,52.27,87.1167,0.87027649,1564,0.0,
videos,a2WtLIl8mj4,52.2651,87.1085,0.87009329,1565,0.0,
videos,o2gOCpYTqXs,52.2601,87.1002,0.8699462,1566,0.0,
videos,TwzQGWv64u0,52.2552,87.092,0.86924145,1567,0.0,
videos,ydAzkZuc6sY,52.2502,87.0837,0.86918277,1568,0.0,
videos,huygLmrdLoQ,52.2453,87.0755,0.86882344,1569,0.0,
videos,AJsAV4ZqwTc,52.2404,87.0673,0.86871455,1570,0.0,
videos,EvOfpBHhqWE,52.2354,87.059,0.86863751,1571,0.0,
videos,mQAGfvOE2EM,52.2305,87.0508,0.86853921,1572,0.0,
videos,WMdkOd557tw,52.2255,87.0425,0.86844057,1573,0.0,
videos,ybAhgJKyaKc,52.2206,87.0343,0.86836307,1574,0.0,
videos,WjFgpJ9_f_A,52.2193,41.6502,0.0020669,7080,68.0729,high
videos,zMBj_vIUod0,52.2107,87.0178,0.86758783,1576,0.0,
videos,2sjya33qZWM,52.2073,47.0821,0.00541476,6421,59.895,high
videos,HkQV6s9ubcw,52.2062,49.7857,0.00852652,6093,55.837,high
videos,n9alyFhXWiE,52.2058,87.0096,0.86741222,1577,0.0,
videos,XphYIEBQAYU,52.2055,47.8569,0.00610353,6327,58.7283,high
videos,L5iRAlkeTxg,52.2036,46.4062,0.00484167,6503,60.8998,high
videos,Dilw-GBAz2E,52.2008,87.0013,0.86729172,1578,0.0,
videos,FAI0RSXrfvY,52.1959,86.9931,0.86727938,1579,0.0,
videos,zxQJIBt9CBI,52.1909,86.9848,0.86723535,1580,0.0,
videos,t9PF8V132Y4,52.186,86.9766,0.86677706,1581,0.0,
videos,qvyUh-kEL6k,52.181,86.9683,0.86658869,1582,0.0,
videos,T2Hgi-wfj5Y,52.1761,86.9601,0.86596195,1583,0.0,
videos,PBJZdZSTGlE,52.1741,43.8427,0.00305387,6814,64.6711,high
videos,ENqOqXoDn8k,52.1711,86.9519,0.86594547,1584,0.0,
videos,a7W_S4ivVkI,52.1705,44.0158,0.0031296,6793,64.4025,high
videos,9oVfhupb77w,52.1662,86.9436,0.86591747,1585,0.0,
videos,lTjn6u-EJLk,52.1563,86.9271,0.86555787,1587,0.0,
videos,6R0TOxpbaFQ,52.1513,86.9189,0.86554502,1588,0.0,
videos,lT0Sq-9cvh4,52.1464,86.9106,0.86543997,1589,0.0,
videos,7HKot-brXFE,52.1414,86.9024,0.86485507,1590,0.0,
videos,44aZ1behYw4,52.1384,47.519,0.00581152,6368,59.0674,high
videos,2sVL1af3YRQ,52.1365,86.8942,0.86463492,1591,0.0,
videos,Jvem13bofU8,52.1309,48.3762,0.00658293,6264,57.763,high
videos,R1S54XFsciw,52.1266,86.8777,0.86392915,1593,0.0,
videos,ayH-QSUZjoI,52.1216,86.8694,0.86389204,1594,0.0,
videos,gtXFBpJ0mnY,52.1195,44.9143,0.00374199,6684,62.9272,high
videos,x2mMs6nwlrQ,52.1167,86.8612,0.86378896,1595,0.0,
videos,y0CMVDsAyMU,52.1118,86.853,0.86369144,1596,0.0,
videos,ci4vyd6PsNg,52.1068,86.8447,0.86355947,1597,0.0,
videos,NMDUjzY7xvk,52.1019,86.8365,0.86343542,1598,0.0,
videos,SRk4mAvR5-U,52.0969,86.8282,0.86293919,1599,0.0,
videos,sRRr_ydxEkU,52.092,86.82,0.86283317,1600,0.0,
videos,FyKERMKypV4,52.087,86.8117,0.86250482,1601,0.0,
videos,bk_1Slm38CM,52.0821,86.8035,0.86229806,1602,0.0,
videos,q1Yk7GrVw8c,52.0772,86.7953,0.86212406,1603,0.0,
videos,603EHR6fhZ4,52.0738,50.1649,0.00902948,6047,54.9371,high
videos,7830S4NkFe8,52.0722,86.787,0.86210869,1604,0.0,
videos,j8oWW1K2TQ8,52.0673,86.7788,0.86207047,1605,0.0,
videos,gLfw04ihr6c,52.0623,86.7705,0.86177219,1606,0.0,
videos,Ypq4JTTgqV4,52.0574,86.7623,0.861337,1607,0.0,
videos,fh0XgiXNsPU,52.0524,86.754,0.86128851,1608,0.0,
videos,vO1NCPyaxGQ,52.0475,86.7458,0.86080042,1609,0.0,
videos,ubtx51mzCbo,52.0443,43.7685,0.00302734,6823,64.4579,high
videos,SiNS5LZs1x8,52.0426,86.7376,0.86033288,1610,0.0,
videos,mPHNIsDsJio,52.0376,86.7293,0.86027135,1611,0.0,
videos,Hf6NC8AzAKo,52.0356,39.7709,0.00153495,7308,70.4327,high
videos,5-ASQ44GpNI,52.0327,86.7211,0.86020162,1612,0.0,
videos,oGVvMqR081k,52.0323,49.8599,0.00864685,6084,55.2909,high
videos,qP5r1s9cBDg,52.0277,86.7128,0.86002969,1613,0.0,
videos,RniYUmKs93U,52.0228,86.7046,0.86001457,1614,0.0,
videos,2qDOXbnIiIM,52.0178,86.6963,0.85942012,1615,0.0,
videos,mJcz2tsPtrY,52.0129,86.6881,0.85922671,1616,0.0,
videos,1dm7NvKJYeg,52.0079,86.6799,0.85918021,1617,0.0,
videos,mBHCawXj3U0,52.0031,50.8737,0.01028654,5961,53.6972,high
videos,zuv69Sqw0oA,52.003,86.6716,0.85895077,1618,0.0,
videos,p6Ejmhwb8Sc,51.998,86.6634,0.85879311,1619,0.0,
videos,di9asHNmhIM,51.9946,43.7603,0.00301937,6824,64.3461,high
videos,xMHXQOscdAw,51.9931,86.6551,0.85869803,1620,0.0,
videos,e90hhp_8ENI,51.9881,86.6469,0.85868698,1621,0.0,
videos,U4tmG1NxjOA,51.9832,86.6386,0.85865817,1622,0.0,
videos,HdR7vEz3m_g,51.9782,86.6304,0.85847732,1623,0.0,
videos,CLF8RdaEZw8,51.9733,86.6222,0.85773165,1624,0.0,
videos,PGgYKn7MqS4,51.9683,86.6139,0.85769275,1625,0.0,
videos,py4RzM_CBJY,51.9634,86.6057,0.85761731,1626,0.0,
videos,BpJkRWrYm30,51.9584,86.5974,0.85750682,1627,0.0,
videos,FPpcU-r4HCw,51.9535,86.5892,0.85732223,1628,0.0,
videos,oIr5NyY01EQ,51.9503,46.0518,0.00458156,6546,60.7981,high
videos,qeIllUB7XWI,51.9485,86.5809,0.85719456,1629,0.0,
videos,YKBvGrC27ko,51.9436,86.5727,0.85706785,1630,0.0,
videos,GZUSvkRaPHc,51.9387,86.5645,0.85696261,1631,0.0,
videos,ca6sy6y8d6I,51.9337,86.5562,0.85695911,1632,0.0,
videos,dntgYmyV73o,51.9288,86.548,0.85689457,1633,0.0,
videos,k51UQxj7BvE,51.9264,44.329,0.00335804,6755,63.3225,high
videos,9c9dui2VUDY,51.9238,86.5397,0.85664092,1634,0.0,
videos,Rf22N_kqUzM,51.9189,86.5315,0.85616835,1635,0.0,
videos,X0RZF0DjtSA,51.9139,86.5232,0.8558836,1636,0.0,
videos,0hgMhGbOSv8,51.909,86.515,0.85504139,1637,0.0,
videos,bXZYjuU5QoU,51.9041,86.5068,0.85440877,1638,0.0,
videos,7StiLL99KYg,51.8991,86.4985,0.85431193,1639,0.0,
videos,cte98BWKIkc,51.8979,48.2361,0.00649048,6281,57.3906,high
videos,0lMfdjQHOs4,51.8942,86.4903,0.85419756,1640,0.0,
videos,dJr34k6_XDw,51.8908,45.1945,0.00389022,6650,61.9352,high
videos,erZ83PboKfk,51.8892,86.482,0.8541377,1641,0.0,
videos,HfUfA4dDvG4,51.8887,45.0379,0.00381181,6669,62.1648,high
videos,HUSPFNHI6PY,51.8843,86.4738,0.85408353,1642,0.0,
videos,etfgfz-EvGM,51.8793,86.4655,0.85391336,1643,0.0,
videos,BKaSQxMwQkg,51.8788,42.9278,0.00259101,6925,65.3054,high
videos,kdRJ16kv6GI,51.8744,86.4573,0.85386003,1644,0.0,
videos,ap97S2et-50,51.8645,86.4408,0.85375359,1646,0.0,
videos,TwF3lnDjv_s,51.8596,86.4326,0.853696,1647,0.0,
videos,AErmZH0Sl9g,51.8546,86.4243,0.85355348,1648,0.0,
videos,zsKQguMjkxk,51.8518,45.4088,0.00402966,6624,61.5164,high
videos,Xv2zESjUclQ,51.8497,86.4161,0.85296761,1649,0.0,
videos,kTCVxfM4VIM,51.8458,45.1451,0.00386974,6656,61.8969,high
videos,tT7IxUOrVEQ,51.8447,86.4078,0.85270679,1650,0.0,
videos,kt3hxhIMfX4,51.8348,86.3914,0.85215155,1652,0.0,
videos,J3MSM2RnMHk,51.8342,42.4167,0.00233092,6987,65.9604,high
videos,NyMq8fwDALY,51.831,49.6703,0.00837898,6107,55.0721,high
videos,iwQOr4SWYDk,51.8249,86.3749,0.85179811,1654,0.0,
videos,qmiPJlei9bk,51.82,86.3666,0.85170026,1655,0.0,
videos,7Beh7FJpYpY,51.815,86.3584,0.85142504,1656,0.0,
videos,-mNk1GpfwSM,51.8101,86.3501,0.85115469,1657,0.0,
videos,fRCoteJT2vE,51.8051,86.3419,0.85114067,1658,0.0,
videos,j4Wvz4aIWaM,51.801,46.6288,0.00504564,6476,59.5594,high
videos,rp7zGtJElmM,51.8002,86.3337,0.85088518,1659,0.0,
videos,Z8OKOE2XMd0,51.7952,86.3254,0.85016952,1660,0.0,
videos,eRMwv3mbrRQ,51.7924,50.9314,0.01036832,5954,53.0839,high
videos,lCTU8YJys2M,51.7903,86.3172,0.8497133,1661,0.0,
videos,ChA3mQX8BXA,51.7882,47.8322,0.00607451,6330,57.7223,high
videos,bIRw-fxHB8s,51.7853,86.3089,0.84966256,1662,0.0,
videos,YuVaoeC-zow,51.7825,48.7306,0.00701499,6221,56.3603,high
videos,94PJFiyaSrs,51.7807,42.6311,0.0024283,6961,65.5051,high
videos,62Lc-5Irt-Y,51.7804,86.3007,0.84926768,1663,0.0,
videos,Rm0_2WgFZmI,51.7754,86.2924,0.84913276,1664,0.0,
videos,NCoRe8kbrLQ,51.772,38.3449,0.00119318,7481,71.9127,high
videos,vW2QlEs8hME,51.7705,86.2842,0.84881408,1665,0.0,
videos,S4U8IxrSfMo,51.7656,86.276,0.84870027,1666,0.0,
videos,lRm-AqA_wTA,51.7606,86.2677,0.84862701,1667,0.0,
videos,JdCRjAwIe08,51.7557,86.2595,0.84826767,1668,0.0,
videos,2sSE8zrkxyY,51.7507,86.2512,0.84812347,1669,0.0,
videos,3_mjSEcybzw,51.7458,86.243,0.84756592,1670,0.0,
videos,rMqHfFudtN0,51.7409,86.2348,0.84741386,1671,0.0,
videos,XA6TopJVquA,51.7365,46.6205,0.00504444,6477,59.4104,high
videos,5odzqpLMWPs,51.7359,86.2265,0.84714407,1672,0.0,
videos,G4j3WWZrQWw,51.7324,41.0567,0.00185534,7152,67.7459,high
videos,s0gMxQPY9_k,51.728,39.6802,0.00151162,7319,69.7996,high
videos,fBDskjffnZ0,51.7266,44.9967,0.00378437,6674,61.8214,high
videos,01lkkisbWNY,51.726,86.21,0.84624233,1674,0.0,
videos,9ou1ycMnneQ,51.7211,86.2018,0.84619374,1675,0.0,
videos,zLUWQ6Uf9e4,51.7189,46.7441,0.00516268,6462,59.1811,high
videos,S8SPt6IlaLY,51.7161,86.1935,0.84618994,1676,0.0,
videos,jAaw0vn7eLs,51.7112,86.1853,0.8457751,1677,0.0,
videos,157yAIulUhw,51.7063,86.1771,0.84563567,1678,0.0,
videos,vaZlbFZS1_o,51.7013,86.1688,0.84556414,1679,0.0,
videos,yYy-ecp1OpM,51.6964,86.1606,0.84519577,1680,0.0,
videos,JQ0_f_zyUM4,51.6914,86.1523,0.84489988,1681,0.0,
videos,Q_zRMwPRVhk,51.6865,86.1441,0.84465514,1682,0.0,
videos,C4OiZ15VTxw,51.6864,38.5839,0.00123737,7452,71.3402,high
videos,dHu11--WZFE,51.6815,86.1358,0.8446048,1683,0.0,
videos,RmrpOQQygvE,51.6766,86.1276,0.84457811,1684,0.0,
videos,7OWNnfNHF0Y,51.6716,86.1194,0.84444199,1685,0.0,
videos,EZj5mTTibWg,51.6667,86.1111,0.84406711,1686,0.0,
videos,U_6iJElziCo,51.6617,86.1029,0.84368042,1687,0.0,
videos,tMUZoBLz1QI,51.6597,46.2166,0.00470187,6526,59.8243,high
videos,F7cUqoQzXEo,51.6568,86.0946,0.84333822,1688,0.0,
videos,udOVU67CVUI,51.6518,86.0864,0.84332457,1689,0.0,
videos,4zytfjwzhXg,51.6469,86.0781,0.84291565,1690,0.0,
videos,IBsjRyfIcAk,51.644,49.6126,0.00827229,6114,54.6912,high
videos,-uN9cldtQJU,51.6419,86.0699,0.84250603,1691,0.0,
videos,f304BSHuw3A,51.6405,46.4227,0.00485968,6501,59.4672,high
videos,GMOSBZEJtqw,51.637,86.0617,0.84241932,1692,0.0,
videos,lFVKYyKwNvk,51.635,43.6696,0.00298681,6835,63.5832,high
videos,Vm9wPxD8h2k,51.632,86.0534,0.84222292,1693,0.0,
videos,_VDVraNoce0,51.6311,41.6007,0.00205661,7086,66.6766,high
videos,bvh8QoW4O2A,51.6277,45.6973,0.00425806,6589,60.5234,high
videos,q-dnq2Fsq2Y,51.6271,86.0452,0.84210966,1694,0.0,
videos,C-joxbtnocs,51.6221,86.0369,0.84207121,1695,0.0,
videos,1_C9bng7VcU,51.6172,86.0287,0.84177204,1696,0.0,
videos,GzWK3L6rrp8,51.6122,86.0204,0.84157664,1697,0.0,
videos,mNX_RkAZ--E,51.6073,86.0122,0.84148348,1698,0.0,
videos,7whPaAomkYY,51.6024,86.004,0.84140875,1699,0.0,
videos,yPLrcBJ2FTM,51.6015,49.6868,0.00840152,6105,54.4736,high
videos,Nb32hxW0MXI,51.5974,85.9957,0.8411029,1700,0.0,
videos,RzFiLKDef80,51.5961,46.5958,0.00502521,6480,59.0965,high
videos,vPlDPaZeQ60,51.5925,85.9875,0.84095311,1701,0.0,
videos,ZtUmn-37tgI,51.5881,42.7877,0.00252172,6942,64.7887,high
videos,xsl0U3f5oyY,51.5875,85.9792,0.84086736,1702,0.0,
videos,9NNmkgynqUk,51.5826,85.971,0.84073332,1703,0.0,
videos,uqKVe1Wyerk,51.579,48.9037,0.00716001,6200,55.592,high
videos,TrED2KidJT4,51.5776,85.9627,0.8400094,1704,0.0,
videos,v8z-clVwRxM,51.5731,48.1207,0.00637177,6295,56.7517,high
videos,Ga7lcgogqkw,51.5727,85.9545,0.83996007,1705,0.0,
videos,ZApF5QWAz6M,51.5678,85.9463,0.83961046,1706,0.0,
videos,hFHP7aBbGmg,51.5628,85.938,0.83877337,1707,0.0,
videos,fWmyMkHFs6I,51.5579,85.9298,0.83858941,1708,0.0,
videos,mHwAlJGCzpc,51.5549,50.4369,0.00933722,6014,53.2318,high
videos,XCkzNTwf5UI,51.5529,85.9215,0.83820514,1709,0.0,
videos,DNOr88umKsw,51.549,44.4609,0.00342343,6739,62.1812,high
videos,Emr7ck0_bxE,51.548,85.9133,0.83784856,1710,0.0,
videos,utvh4HJcx14,51.5444,41.9057,0.00213927,7049,66.0025,high
videos,JQg_G9dv738,51.543,85.905,0.83780952,1711,0.0,
videos,v5G1F6xVDy0,51.5381,85.8968,0.83779975,1712,0.0,
videos,S1Pm0GFPdTM,51.5332,85.8886,0.83680096,1713,0.0,
videos,cjnmnFP8S_c,51.5282,85.8803,0.83676645,1714,0.0,
videos,Xt3k-5zpVUw,51.5233,85.8721,0.83649032,1715,0.0,
videos,PO2pRh_Rfuk,51.5183,85.8638,0.83602103,1716,0.0,
videos,MCB-5PvgW3o,51.5134,85.8556,0.83581362,1717,0.0,
videos,q-InbB0x44U,51.5084,85.8473,0.83515204,1718,0.0,
videos,yM4JgR_QSMM,51.5035,85.8391,0.83496068,1719,0.0,
videos,SWyHoj5CRqs,51.4985,85.8309,0.8347014,1720,0.0,
videos,rfRFwXnk660,51.4886,85.8144,0.83457945,1722,0.0,
videos,2_ByTkLuYNM,51.4881,43.5295,0.0029111,6852,63.4259,high
videos,f2VwYkNWmS0,51.4837,85.8061,0.83410748,1723,0.0,
videos,OtbHrLODinY,51.4787,85.7979,0.83390781,1724,0.0,
videos,aDGaUWkioqk,51.4738,85.7896,0.83387493,1725,0.0,
videos,hl-j2bkVclE,51.4688,85.7814,0.83363213,1726,0.0,
videos,w-ulA5n4zNQ,51.4639,85.7732,0.83338328,1727,0.0,
videos,3I4yc9Ie4pw,51.4589,85.7649,0.83336023,1728,0.0,
videos,T6iCHcKGoKU,51.454,85.7567,0.83318418,1729,0.0,
videos,nTcoCzRSqJM,51.4493,44.8813,0.00368176,6688,61.3013,high
videos,EXsOL1Gs5Ec,51.449,85.7484,0.83257038,1730,0.0,
videos,UbE8i7gyvDY,51.4441,85.7402,0.83233443,1731,0.0,
videos,ZOPXzlpBVoM,51.4428,44.6175,0.00354217,6720,61.6808,high
videos,Nxk-NONjh2I,51.4391,85.7319,0.83198156,1732,0.0,
videos,OfoIq6Jr7Hs,51.4342,85.7237,0.83187201,1733,0.0,
videos,oRZK7fcBQIg,51.4308,52.514,0.01352165,5762,49.806,high
videos,ea3donTAEx4,51.4293,85.7155,0.83162525,1734,0.0,
videos,-Qi_XvB2ZTM,51.4243,85.7072,0.83140211,1735,0.0,
videos,caBXiUVLHvo,51.4194,85.699,0.83110212,1736,0.0,
videos,T8CeHlhQVho,51.4144,85.6907,0.83091936,1737,0.0,
videos,gOjswHQwkDE,51.4142,47.42,0.00570786,6380,57.4056,high
videos,8spOcDezHrw,51.4095,85.6825,0.8308622,1738,0.0,
videos,TieHPF1WtaE,51.4045,85.6742,0.83047031,1739,0.0,
videos,1xfzHTfy904,51.4006,44.5928,0.00352804,6723,61.6124,high
videos,wDAY1NNFtTg,51.3996,85.666,0.83006754,1740,0.0,
videos,wdaO-NV1Tj4,51.3947,85.6578,0.82993094,1741,0.0,
videos,-MkZOO_8kmM,51.3915,42.3673,0.00230505,6993,64.9277,high
videos,cYDhCKATCbU,51.3897,85.6495,0.82974781,1742,0.0,
videos,vc0p7rZKWyo,51.3882,47.2964,0.00562035,6395,57.5258,high
videos,Fakf0mK20To,51.3871,47.2882,0.00560987,6396,57.5354,high
videos,MwELEgFNy2o,51.3848,85.6413,0.82974075,1743,0.0,
videos,h518YUuTqcs,51.3798,85.633,0.82971214,1744,0.0,
videos,RQK3QujccS8,51.3749,85.6248,0.82966653,1745,0.0,
videos,4hRPenwRqtA,51.37,85.6166,0.82933261,1746,0.0,
videos,J6H62G2bw-M,51.369,47.8899,0.0061266,6323,56.5877,high
videos,eNP1VHaG70w,51.365,85.6083,0.82926437,1747,0.0,
videos,nDBXjUatV0U,51.3601,85.6001,0.82916588,1748,0.0,
videos,v_Xvh5lQQyo,51.3565,41.848,0.00212103,7056,65.6193,high
videos,Vuwa2Q2pSK0,51.3551,85.5918,0.82893593,1749,0.0,
videos,gIH4eT3sHNQ,51.3502,85.5836,0.82886575,1750,0.0,
videos,PD0tljwfTZA,51.3452,85.5753,0.82885998,1751,0.0,
videos,plX4uNLRUOI,51.3403,85.5671,0.82880446,1752,0.0,
videos,tlBuTn8LxFs,51.3353,85.5589,0.82879401,1753,0.0,
videos,BCUy5taranc,51.3304,85.5506,0.82879151,1754,0.0,
videos,w9fXRYWdbXA,51.3254,85.5424,0.82868186,1755,0.0,
videos,cqqltcRo-FA,51.3205,85.5341,0.82865027,1756,0.0,
videos,D2gW0T85bEY,51.3168,43.0432,0.00263353,6911,63.7271,high
videos,DEhFmUu44CQ,51.3155,85.5259,0.82854346,1757,0.0,
videos,6XxQMeqG1P4,51.3111,43.8757,0.00307713,6810,62.4641,high
videos,GqmsVbvj5Q0,51.3106,85.5176,0.82852923,1758,0.0,
videos,Q4eNCkYEkVg,51.3056,85.5094,0.82809548,1759,0.0,
videos,kVwMKButD7k,51.3013,44.1889,0.00327785,6772,61.97,high
videos,oX7HS-s014k,51.3007,85.5012,0.82807727,1760,0.0,
videos,nolyqPZ5a2c,51.2957,85.4929,0.82804068,1761,0.0,
videos,OjQnMiNRpW4,51.2908,85.4847,0.82795859,1762,0.0,
videos,15_OtcmBVBk,51.2864,39.2351,0.0014008,7373,69.3634,high
videos,QjsfFvJ_630,51.2858,85.4764,0.82794887,1763,0.0,
videos,lEhOg8oVpjU,51.2809,85.4682,0.82777087,1764,0.0,
videos,I2kRxgEoWyc,51.2759,85.4599,0.82756564,1765,0.0,
videos,Pang-t16vNw,51.271,85.4517,0.82755482,1766,0.0,
videos,tmf8vflF_MA,51.2661,85.4435,0.82742622,1767,0.0,
videos,QDrszY7ggCo,51.2611,85.4352,0.82731454,1768,0.0,
videos,Cf9MJpiyYhI,51.2562,85.427,0.82724089,1769,0.0,
videos,GuS4LQP-X2I,51.2512,85.4187,0.82668519,1770,0.0,
videos,qu5mbc6Upkg,51.2463,85.4105,0.82663175,1771,0.0,
videos,13R3sJ3Qrcs,51.2459,42.9855,0.00261028,6918,63.6365,high
videos,OAQTkoGyZlY,51.2413,85.4022,0.82656179,1772,0.0,
videos,qbLhzFg22w4,51.2364,85.394,0.8264917,1773,0.0,
videos,J7RlmIfSLn0,51.2315,85.3858,0.826043,1774,0.0,
videos,rdpEwvtTsbA,51.2265,85.3775,0.82586824,1775,0.0,
videos,bLRQu4qkDng,51.2216,85.3693,0.8256909,1776,0.0,
videos,mfkm0zF1hmU,51.2166,85.361,0.82567883,1777,0.0,
videos,NGEk8AfqxmA,51.2117,85.3528,0.82564351,1778,0.0,
videos,NTSsgasUQ-0,51.2104,45.8539,0.00443763,6570,59.2452,high
videos,bfENsVP77VQ,51.2067,85.3445,0.82519731,1779,0.0,
videos,s58Bp2l1CUE,51.2018,85.3363,0.8251673,1780,0.0,
videos,QuDBUfUoSnI,51.1969,85.3281,0.82465148,1781,0.0,
videos,h5evTjU-6lY,51.1929,40.5127,0.00171795,7218,67.2131,high
videos,09aETbFbkSI,51.1923,41.1474,0.00188241,7141,66.2596,high
videos,gPmmDEGCQLg,51.1919,85.3198,0.82438102,1782,0.0,
videos,6MqJ-ZAwNPU,51.1904,44.4197,0.00340125,6744,61.3464,high
videos,h8wkz36zCug,51.187,85.3116,0.82427111,1783,0.0,
videos,0j-s5ccvZBQ,51.182,85.3033,0.82416604,1784,0.0,
videos,j3UEJrz9Hqs,51.1771,85.2951,0.82356598,1785,0.0,
videos,aOVHFavyN2s,51.1672,85.2786,0.82307221,1787,0.0,
videos,918SzSa7MKM,51.1622,85.2704,0.82293782,1788,0.0,
videos,9ZkFpNoq8-g,51.1573,85.2621,0.82238979,1789,0.0,
videos,BPPEmKCQ3yc,51.1523,85.2539,0.82211982,1790,0.0,
videos,1uVpWlQpf54,51.1474,85.2456,0.82169032,1791,0.0,
videos,wdzkZXvRods,51.1467,45.6231,0.00417111,6598,59.4321,high
videos,ve_y3EI_VeA,51.1446,45.8704,0.00446081,6568,59.0559,high
videos,n6CnTEVt0zE,51.1424,85.2374,0.82156001,1792,0.0,
videos,8lAACFyEGNE,51.1384,44.362,0.00336411,6751,61.3029,high
videos,wHPXbLV70nY,51.1375,85.2291,0.82142915,1793,0.0,
videos,QtzGFI2LgRg,51.1325,85.2209,0.82131987,1794,0.0,
videos,ua86F6yiQo0,51.1276,85.2127,0.8207357,1795,0.0,
videos,WsHIujzB0Ig,51.1226,85.2044,0.82064799,1796,0.0,
videos,37d4JpFJAr0,51.1177,85.1962,0.8203954,1797,0.0,
videos,t3gGS_47K4g,51.1127,85.1879,0.81987284,1798,0.0,
videos,yO82UNe11p0,51.1078,85.1797,0.81963194,1799,0.0,
videos,sxoFIKUr9PM,51.1061,43.8345,0.00304483,6815,62.0135,high
videos,uSKuiR6kccA,51.1028,85.1714,0.8189703,1800,0.0,
videos,aaqk53UyUQc,51.0979,85.1632,0.81821972,1801,0.0,
videos,UtK6KCw0B8M,51.093,85.155,0.81812277,1802,0.0,
videos,W6CJZVdLZ3E,51.088,85.1467,0.81809719,1803,0.0,
videos,3058rohI4aE,51.0831,85.1385,0.81744383,1804,0.0,
videos,JEmqQR_aOaI,51.0781,85.1302,0.81735059,1805,0.0,
videos,93JwVrImrX4,51.0732,85.122,0.8172553,1806,0.0,
videos,TDFYK314ZrA,51.0682,85.1137,0.81688718,1807,0.0,
videos,DwHABNEIybQ,51.0633,85.1055,0.81682509,1808,0.0,
videos,9361MUAmA24,51.0593,43.6119,0.00296619,6842,62.2305,high
videos,NMlqjd2e6dA,51.0584,85.0973,0.81655803,1809,0.0,
videos,dInd__foKo0,51.0534,85.089,0.81600449,1810,0.0,
videos,EE8VzQR4Gno,51.0485,85.0808,0.81578158,1811,0.0,
videos,6WqWhSmCbXk,51.0386,85.0643,0.8147907,1813,0.0,
videos,R-uVWxj-xVQ,51.0337,85.0561,0.81469577,1814,0.0,
videos,vy9hFJDZxxc,51.0336,40.9496,0.00182531,7165,66.1597,high
videos,7OW_PwPbZnQ,51.0287,85.0478,0.81464553,1815,0.0,
videos,BVxXiVyVQ5I,51.0238,85.0396,0.81430458,1816,0.0,
videos,IunfWIOSzmU,51.0188,85.0313,0.81419511,1817,0.0,
videos,xzsW-ah1nsY,51.0139,85.0231,0.81411422,1818,0.0,
videos,AjQXucne2GA,51.0089,85.0148,0.81391079,1819,0.0,
videos,TDN_moMSWjc,51.004,85.0066,0.8136551,1820,0.0,
videos,j_Mu2ErVriQ,50.999,84.9984,0.8135942,1821,0.0,
videos,BqBxaFn_xt0,50.9941,84.9901,0.8135163,1822,0.0,
videos,uoy5sgsuP7o,50.9891,84.9819,0.81340108,1823,0.0,
videos,sXtMWq-yVhI,50.989,41.8068,0.00211093,7061,64.7622,high
videos,D9B38Z1s99E,50.9861,46.398,0.00483448,6504,57.8683,high
videos,WWBDMpPKSOw,50.9842,84.9736,0.8126523,1824,0.0,
videos,yyPk7Ghi_bc,50.9792,84.9654,0.81239731,1825,0.0,
videos,alSayCqA-AE,50.9743,84.9571,0.81229558,1826,0.0,
videos,QxOp9DU8S38,50.9693,84.9489,0.81190306,1827,0.0,
videos,UdyX8z6Kpu8,50.9644,84.9407,0.8112159,1828,0.0,
videos,IJJbQTVdAtE,50.9594,84.9324,0.81097527,1829,0.0,
videos,8LfuHUnPfJM,50.9545,84.9242,0.81071884,1830,0.0,
videos,SOMpUhybFtU,50.9446,84.9077,0.81044064,1832,0.0,
videos,xJsnnsHitlY,50.9438,43.4224,0.00283866,6865,62.2259,high
videos,41UQKTzwa9s,50.9396,84.8994,0.81027727,1833,0.0,
videos,_6KVOYCbu8s,50.9347,84.8912,0.81024158,1834,0.0,
videos,WS696TMbOho,50.9298,84.883,0.8100687,1835,0.0,
videos,5bVpBEnbqMQ,50.9276,42.1447,0.00221859,7020,64.1019,high
videos,MQcsDBxoQ_s,50.9273,41.5513,0.00203127,7092,64.9912,high
videos,Lqq78q17jDY,50.9248,84.8747,0.80997101,1836,0.0,
videos,cDsuTRJE5JA,50.9199,84.8665,0.80926145,1837,0.0,
videos,jiw9ybLSoDw,50.9149,84.8582,0.8087323,1838,0.0,
videos,yaBzATxyEYs,50.9118,43.9169,0.00309464,6805,61.4042,high
videos,7HnQCArWoKg,50.91,84.85,0.80717644,1839,0.0,
videos,nWfWBqyO7zk,50.905,84.8417,0.80706795,1840,0.0,
videos,9efkiYqqmP0,50.9001,84.8335,0.80664278,1841,0.0,
videos,pAVw4oZ6orY,50.8952,84.8253,0.8059721,1842,0.0,
videos,2HEpAePeM-4,50.8902,84.817,0.80594655,1843,0.0,
videos,PGBt4pOj4Vc,50.8853,84.8088,0.80583175,1844,0.0,
videos,rzVhPTSNWnE,50.8845,44.0653,0.00321069,6787,61.1134,high
videos,wVorm-1Vp84,50.8839,44.2878,0.00332061,6760,60.7781,high
videos,GYNtZ7v5X_M,50.881,46.5298,0.00494555,6488,57.4077,high
videos,OHuPtXHcJYM,50.8803,84.8005,0.80582068,1845,0.0,
videos,N-zh9aImMwA,50.8799,43.1421,0.00266166,6899,62.4865,high
videos,ogNMUSnLeLM,50.8754,84.7923,0.80545481,1846,0.0,
videos,LNKCHWOW7aI,50.8704,84.784,0.80515563,1847,0.0,
videos,-Z_DSaemqtU,50.8665,46.1919,0.00468309,6529,57.8785,high
videos,tzRLHIjK1Ls,50.8655,84.7758,0.80431878,1848,0.0,
videos,5DZ1C4Wfd-o,50.8606,84.7676,0.80390437,1849,0.0,
videos,8DlMT7Ygn0g,50.8556,84.7593,0.80389622,1850,0.0,
videos,4GQBmI3tHuU,50.8537,47.8487,0.00608093,6328,55.3613,high
videos,4m7VDYg4q7U,50.8507,84.7511,0.80353934,1851,0.0,
videos,5GsYREgBIGs,50.8457,84.7428,0.80336267,1852,0.0,
videos,9pPCy9wqxuk,50.8415,39.3175,0.00142289,7363,68.1274,high
videos,0lHGDUTMJpM,50.8412,41.4359,0.00198929,7106,64.9491,high
videos,meHmPpcLdKs,50.8408,84.7346,0.80325472,1853,0.0,
videos,ofmi10BxOhk,50.8358,84.7263,0.80317993,1854,0.0,
videos,La4ogJrxI0g,50.8275,47.4613,0.00573548,6375,55.8769,high
videos,nKjkNG951j0,50.8259,84.7099,0.80299634,1856,0.0,
videos,_KWS3U-HuZU,50.821,84.7016,0.80280512,1857,0.0,
videos,oDNnt5iPeuU,50.816,84.6934,0.80170131,1858,0.0,
videos,O4gZI7epRLk,50.8111,84.6851,0.80168633,1859,0.0,
videos,AdttndYVY2I,50.8108,48.03,0.00630155,6306,54.982,high
videos,UhhcHnEsFL4,50.8061,84.6769,0.80158979,1860,0.0,
videos,WxXsDw7cdwk,50.8012,84.6686,0.80102434,1861,0.0,
videos,w3CTCjqRI8U,50.7962,84.6604,0.80075962,1862,0.0,
videos,N-zjDtQOwxc,50.7913,84.6522,0.80065146,1863,0.0,
videos,d96WHYOHoU8,50.7863,84.6439,0.80041861,1864,0.0,
videos,sNmf7a3FXqQ,50.7814,84.6357,0.8004072,1865,0.0,
videos,kQTQJ3Y1RBc,50.7764,84.6274,0.79968907,1866,0.0,
videos,XVF7PMZaOhU,50.7715,84.6192,0.79914785,1867,0.0,
videos,UuhR1b_Lacc,50.7665,84.6109,0.79903686,1868,0.0,
videos,u5HPVyEpyNI,50.7616,84.6027,0.79893679,1869,0.0,
videos,YDHFAGINF8o,50.7567,84.5945,0.79886011,1870,0.0,
videos,9ddgtH_XKFo,50.7517,84.5862,0.7987788,1871,0.0,
videos,KXZAIigKofE,50.7501,40.455,0.00170019,7225,66.1927,high
videos,cwEnpCUGDGs,50.7468,84.578,0.79820693,1872,0.0,
videos,psPsOxAPyo8,50.7418,84.5697,0.79814263,1873,0.0,
videos,YhNUPGphSM8,50.7369,84.5615,0.79799114,1874,0.0,
videos,63iE47KtMJc,50.727,84.545,0.79784506,1876,0.0,
videos,z1pFJYMaAOQ,50.7195,48.0959,0.0063406,6298,54.6549,high
videos,WrIFaPsSncw,50.7171,84.5285,0.79772386,1878,0.0,
videos,4T-kwecNbSM,50.7122,84.5203,0.79750392,1879,0.0,
videos,g7L1sMEZxNc,50.7072,84.512,0.79736613,1880,0.0,
videos,fPXFVjEOZIM,50.7023,84.5038,0.79688266,1881,0.0,
videos,_u5HbvCfBck,50.6973,84.4955,0.7965857,1882,0.0,
videos,69e7zapLqb4,50.6937,46.8595,0.00525709,6448,56.4449,high
videos,OgughFaffZM,50.6924,84.4873,0.79655623,1883,0.0,
videos,yL9_qSyphIM,50.6906,46.6535,0.00504931,6473,56.7462,high
videos,6Et5Ya7Ywoo,50.6875,84.4791,0.7963902,1884,0.0,
videos,t-muE1ckn_s,50.6825,84.4708,0.79635933,1885,0.0,
videos,5yxUMmbpBFk,50.6776,84.4626,0.79635865,1886,0.0,
videos,oqCPp2rJZ2Q,50.6761,40.3643,0.0016743,7236,66.1438,high
videos,toRXiIgtUig,50.6748,42.6146,0.00242593,6963,62.7652,high
videos,x8xWwTR9ALI,50.6726,84.4543,0.7957548,1887,0.0,
videos,Y-7S7tkSyG4,50.6677,84.4461,0.79546944,1888,0.0,
videos,sG1vUQyzeaE,50.6578,84.4296,0.79496575,1890,0.0,
videos,p-C13Dm51mc,50.6528,84.4214,0.79483878,1891,0.0,
videos,uva6o1siWmw,50.6485,45.1863,0.0038851,6651,58.8418,high
videos,cbnadNxii0A,50.6479,84.4131,0.79423463,1892,0.0,
videos,zjIxw-Rcy9E,50.6472,44.1724,0.0032688,6774,60.3594,high
videos,lF1yVOk3jVU,50.6429,84.4049,0.79403455,1893,0.0,
videos,3lUxnG8nKC0,50.636,39.0208,0.00133992,7399,68.0589,high
videos,Af_2qN6ljEU,50.6357,48.7966,0.00707805,6213,53.3943,high
videos,tfO1IgPq7Zs,50.633,84.3884,0.79368082,1895,0.0,
videos,bPfdAqGzQ4g,50.6281,84.3802,0.79357925,1896,0.0,
videos,2qJtxDjGURI,50.6259,39.8863,0.00156899,7294,66.7354,high
videos,zOFFdfmzl7I,50.6244,48.1042,0.00634354,6297,54.4046,high
videos,oKj46DSU1Zs,50.6231,84.3719,0.79282826,1897,0.0,
videos,6USyzW6yTkM,50.6182,84.3637,0.79272157,1898,0.0,
videos,ecck87ND4iE,50.6132,84.3554,0.79249842,1899,0.0,
videos,A0jz-2MzlY0,50.6119,43.4141,0.00283256,6867,61.4086,high
videos,jBVzjW_NTu4,50.6083,40.7105,0.00177021,7194,65.4549,high
videos,irGF0_FStdA,50.6083,84.3472,0.79235363,1900,0.0,
videos,xxia61s9uCQ,50.6033,84.3389,0.79234693,1901,0.0,
videos,wPfLAwvGyvE,50.5984,84.3307,0.79220356,1902,0.0,
videos,u2MFautDjuM,50.5935,84.3225,0.79203369,1903,0.0,
videos,GJqo_GxKuY0,50.5885,84.3142,0.79199491,1904,0.0,
videos,3Ip-TJvpjLQ,50.5847,41.1062,0.00187436,7146,64.8024,high
videos,E4LdGwi-_mI,50.5836,84.306,0.79195004,1905,0.0,
videos,Omf9l1sQWpU,50.5786,84.2977,0.79179887,1906,0.0,
videos,jNp7_7dpIMo,50.5705,45.3924,0.00402279,6626,58.3376,high
videos,yQZJo2uMX1o,50.5687,84.2812,0.79111692,1908,0.0,
videos,8b7ub5T4fYk,50.5638,84.273,0.79039806,1909,0.0,
videos,w8Ha3MKSytk,50.5589,84.2648,0.7903398,1910,0.0,
videos,E9-eg4TgeqU,50.5556,47.2799,0.00560664,6397,55.4692,high
videos,o5iu2Z-KmvM,50.5539,84.2565,0.79021076,1911,0.0,
videos,USCequpK5yk,50.5526,41.3205,0.00194821,7120,64.4008,high
videos,QfUb5MEAOXA,50.549,84.2483,0.79000197,1912,0.0,
videos,msYTFQ4OIu8,50.544,84.24,0.78988663,1913,0.0,
videos,llkBdA8aVUY,50.5391,84.2318,0.7897422,1914,0.0,
videos,jX_w_h0DRc4,50.5384,39.6225,0.00149792,7326,66.9122,high
videos,rKmS8i8tyWQ,50.5341,84.2235,0.78965367,1915,0.0,
videos,plS8HzcihW4,50.5292,84.2153,0.78917061,1916,0.0,
videos,u-ZcNwrPQsQ,50.5221,44.9308,0.00374808,6682,58.9091,high
videos,am_0Yh67UJA,50.5201,40.2489,0.0016528,7250,65.927,high
videos,hKQTJWAusQ8,50.5193,84.1988,0.78849107,1918,0.0,
videos,f74EJAib6TU,50.5144,84.1906,0.78828708,1919,0.0,
videos,RnsDek_H2ZA,50.5094,84.1823,0.78796651,1920,0.0,
videos,Kgd-8RdmHiI,50.5045,84.1741,0.78761602,1921,0.0,
videos,86Zz0gkGZD8,50.4995,84.1658,0.78693446,1922,0.0,
videos,7FIXS5ZqFWU,50.4946,84.1576,0.78641084,1923,0.0,
videos,xb6I6zfAQac,50.4936,49.456,0.00810408,6133,52.05,high
videos,AqiJfag2Dg8,50.4911,43.274,0.00271333,6883,61.3168,high
videos,G8inZDZBFFc,50.4896,84.1494,0.78640546,1924,0.0,
videos,hpOV6Y2TbF4,50.4847,84.1411,0.78475925,1925,0.0,
videos,DHqPVyQVr-A,50.4797,84.1329,0.78463422,1926,0.0,
videos,y8YVWd0TtYA,50.4748,84.1246,0.78403973,1927,0.0,
videos,LSA1Hf2ETs0,50.4649,84.1081,0.78347232,1929,0.0,
videos,9VsFD5DZJg4,50.4599,84.0999,0.78325181,1930,0.0,
videos,AsHLQhKqYnE,50.4557,42.9196,0.0025905,6926,61.7599,high
videos,CFgEYkgiztU,50.455,84.0917,0.7831904,1931,0.0,
videos,25qOaBvmiD4,50.45,84.0834,0.78314954,1932,0.0,
videos,cq-fRv-RDBk,50.4468,43.9829,0.00312377,6797,60.1427,high
videos,qphMW8JLhPQ,50.4451,84.0752,0.78277896,1933,0.0,
videos,dMoldR0iec8,50.4401,84.0669,0.78248934,1934,0.0,
videos,lBbbSmA266w,50.4352,84.0587,0.78220459,1935,0.0,
videos,SwosSFc6URk,50.4253,84.0422,0.78213336,1937,0.0,
videos,mDsCuRpgikc,50.4215,42.2024,0.00224329,7013,62.7502,high
videos,bh0fWjqUW1g,50.4204,84.034,0.78174841,1938,0.0,
videos,HNbb1YSDfl0,50.4154,84.0257,0.78169938,1939,0.0,
videos,fgLPmOTi5Us,50.4105,84.0175,0.781453,1940,0.0,
videos,ocVxVaHtTck,50.4055,84.0092,0.78137797,1941,0.0,
videos,tnPnwsfyYnA,50.4006,84.001,0.78130007,1942,0.0,
videos,qPWxulC8VKU,50.3956,83.9927,0.780896,1943,0.0,
videos,bPZICZCnbfs,50.3907,83.9845,0.780807,1944,0.0,
videos,lNdn50qUTzg,50.3881,43.513,0.00290353,6854,60.7007,high
videos,cRNFaf3-37E,50.3858,83.9763,0.78045593,1945,0.0,
videos,HwL5_xxNgjw,50.3808,83.968,0.78032758,1946,0.0,
videos,cuAwxJwfm7Y,50.3773,35.5176,0.00073386,7824,72.6668,high
videos,gKpBHKIZLh0,50.3759,83.9598,0.78010427,1947,0.0,
videos,w-ikwu88QX4,50.3738,40.0264,0.00161001,7277,65.895,high
videos,kH_bSvf7EVA,50.3709,83.9515,0.77973793,1948,0.0,
videos,KjhwXVszB1Y,50.366,83.9433,0.77948899,1949,0.0,
videos,2Ft8GGjsNdk,50.3654,51.5579,0.01139217,5878,48.5766,high
videos,DGKjIxb-ZwU,50.3561,83.9268,0.77877995,1951,0.0,
videos,jxPZx7GI4OI,50.3512,83.9186,0.77872244,1952,0.0,
videos,gRd-uMNMXSs,50.3462,83.9103,0.77869322,1953,0.0,
videos,dGPbk4kgNgc,50.3458,41.7244,0.00209363,7071,63.2779,high
videos,kGtfPOaCz48,50.3413,83.9021,0.77801111,1954,0.0,
videos,kaq1W8pUw0E,50.3387,40.9248,0.00181949,7168,64.4595,high
videos,S2EtFjMn1Cs,50.3363,83.8938,0.77798768,1955,0.0,
videos,ZoWvHOoUfok,50.3345,43.6944,0.00299132,6832,60.2946,high
videos,jiC3ETBVMgY,50.3314,83.8856,0.7777027,1956,0.0,
videos,cuuLR4VuUHY,50.3264,83.8773,0.77765078,1957,0.0,
videos,pRSzYO5l0j4,50.3215,83.8691,0.77750184,1958,0.0,
videos,90U4Jmow8-Y,50.3165,83.8609,0.77724079,1959,0.0,
videos,K36GMoEapDs,50.3116,83.8526,0.77708012,1960,0.0,
videos,hY7tave-hyA,50.3066,42.2931,0.00227343,7002,62.3268,high
videos,dvtwHxRhqJQ,50.3066,83.8444,0.7765136,1961,0.0,
videos,_mNsQsVRp9s,50.3017,83.8361,0.77641638,1962,0.0,
videos,YkdtZ2wxYcs,50.2973,41.2957,0.00193767,7123,63.7996,high
videos,ljenh9DoOfU,50.2967,83.8279,0.77585412,1963,0.0,
videos,5UIpx2udGfY,50.2918,83.8197,0.7751957,1964,0.0,
videos,fvoQAPgejf8,50.2868,83.8114,0.77468556,1965,0.0,
videos,Li7gIIe22fc,50.2814,45.1616,0.00387776,6654,57.9611,high
videos,oj3-hWAf1uQ,50.2775,43.579,0.00294187,6846,60.3253,high
videos,4PkF5uXpdQk,50.2769,83.7949,0.77456648,1967,0.0,
videos,jKg_9IKjbMs,50.272,83.7867,0.77447656,1968,0.0,
videos,mQkjl51MvyQ,50.2621,83.7702,0.77409967,1970,0.0,
videos,R5dZm6Ycd-k,50.2572,83.762,0.77404254,1971,0.0,
videos,darg_8C8FaU,50.2549,38.0234,0.0011223,7520,68.6021,high
videos,T04hQqUcbKg,50.2522,83.7537,0.7740018,1972,0.0,
videos,7_jvQ_l_R0M,50.2468,50.1401,0.00901241,6050,50.4068,high
videos,FgNMSg6BuG4,50.2456,43.8262,0.00304454,6816,59.8747,high
videos,nMYNq92yE4E,50.2374,83.729,0.77379578,1975,0.0,
videos,MApzan3TBj8,50.2324,83.7207,0.77338529,1976,0.0,
videos,fwUWAoSeg2g,50.2275,83.7125,0.77305018,1977,0.0,
videos,jpvjl5IGpCw,50.2226,83.7043,0.77259498,1978,0.0,
videos,lYNCF8tjUrU,50.2176,83.696,0.7722491,1979,0.0,
videos,ftJksGaQSJk,50.2127,83.6878,0.7721628,1980,0.0,
videos,fGPnsiOoOiA,50.2077,83.6795,0.77215364,1981,0.0,
videos,fym2wkEE2MU,50.2028,83.6713,0.77157923,1982,0.0,
videos,6VCFV4kVdcA,50.1978,83.663,0.77140106,1983,0.0,
videos,Ed2AeCL-SAI,50.1956,45.6891,0.00424145,6590,56.9554,high
videos,6EBfNAjJpc8,50.1929,83.6548,0.77138282,1984,0.0,
videos,-wkZoxeFIpM,50.1888,42.4085,0.00232916,6988,61.8593,high
videos,8NoYT5bpGOI,50.188,83.6466,0.77097186,1985,0.0,
videos,AK49XaL2gXA,50.1864,46.4639,0.00489093,6496,55.7702,high
videos,BaAjt4fVS94,50.1851,44.6093,0.00353108,6721,58.5487,high
videos,u0HTdgKi8q4,50.183,83.6383,0.77071745,1986,0.0,
videos,ybAOewTuE_Q,50.1731,83.6218,0.77047702,1988,0.0,
videos,rhWjOqI7uPE,50.1696,42.8042,0.00253799,6940,61.2177,high
videos,zVPk8Xr9Dl4,50.1632,83.6053,0.76988469,1990,0.0,
videos,HT8wmRPpaWs,50.1583,83.5971,0.76985086,1991,0.0,
videos,OfaIea110l8,50.1567,47.6096,0.00588704,6357,53.9774,high
videos,Cd5EHfRerGI,50.1533,83.5889,0.76949936,1992,0.0,
videos,3nCwAZEdcqg,50.1484,83.5806,0.76909093,1993,0.0,
videos,sGE60iIFqOI,50.148,44.6752,0.00356993,6713,58.3572,high
videos,HfCS8bx6krY,50.1447,40.5457,0.00172649,7214,64.5433,high
videos,Q4Gix8idor8,50.1434,83.5724,0.76896168,1994,0.0,
videos,vQnUaLtBmBE,50.1431,39.4411,0.00145215,7348,66.1962,high
videos,5Kb19pHhsSU,50.14,47.0903,0.00541731,6420,54.7145,high
videos,5AqRW2rTPaw,50.1385,83.5641,0.76892284,1995,0.0,
videos,xylf0IH4ge4,50.1335,83.5559,0.76869871,1996,0.0,
videos,Np95Dk-1H0s,50.1286,83.5476,0.76865269,1997,0.0,
videos,R9HbjKl6tog,50.1187,83.5312,0.7682317,1999,0.0,
videos,St-TqIaZ14U,50.1137,83.5229,0.76726528,2000,0.0,
videos,3JA8Yp9yhBM,50.1088,83.5147,0.76627444,2001,0.0,
videos,eJGAczl6yFA,50.1038,83.5064,0.76586991,2002,0.0,
videos,WM1AX5guZ4E,50.0989,83.4982,0.76582837,2003,0.0,
videos,RKT2tGtYR8U,50.0964,44.8318,0.00365314,6694,57.9933,high
videos,LLmU74sh3-I,50.0939,83.4899,0.76578484,2004,0.0,
videos,Ufz3_3mlFoc,50.089,83.4817,0.76577283,2005,0.0,
videos,fjQE8VW2OZ4,50.0875,45.8869,0.00446867,6566,56.3885,high
videos,7NNeJgl6E0k,50.0841,83.4735,0.76555242,2006,0.0,
videos,Pvoo_EG0uc4,50.0791,83.4652,0.76520788,2007,0.0,
videos,I9DX5gbd8-A,50.079,41.4029,0.00197945,7110,63.0931,high
videos,VUvQWEYgocg,50.0692,83.4487,0.76406651,2009,0.0,
videos,03dFww_g0Xg,50.0643,83.4405,0.76363835,2010,0.0,
videos,pCofTQfMpdo,50.0593,83.4322,0.7635179,2011,0.0,
videos,DbiarYMBndY,50.058,43.9746,0.00312132,6798,59.183,high
videos,8Vq_Vm8Pe9Y,50.0544,83.424,0.76346659,2012,0.0,
videos,jAgCZCR2dXY,50.0495,83.4158,0.76321058,2013,0.0,
videos,ZhZ9KudK66Y,50.0471,43.9416,0.00310688,6802,59.2053,high
videos,RmhoYzItoLQ,50.0445,83.4075,0.76284355,2014,0.0,
videos,aLEdaGyZ3to,50.0396,83.3993,0.7626265,2015,0.0,
videos,1faPzSr61j0,50.0346,83.391,0.76245773,2016,0.0,
videos,rVMD4xcaJ5I,50.0297,83.3828,0.76234398,2017,0.0,
videos,i-emk-MA78g,50.0295,42.0623,0.00219061,7030,61.9803,high
videos,cXnC3Jioep8,50.0282,46.5381,0.00495427,6487,55.2634,high
videos,FxyPLOTbrtY,50.0247,83.3745,0.76202677,2018,0.0,
videos,0NhXTr9mv64,50.0214,39.6142,0.00149785,7327,65.6321,high
videos,lfOEUUsimgw,50.0149,83.3581,0.76195555,2020,0.0,
videos,9rHaUzPlJws,50.0144,41.9964,0.00216653,7038,62.0414,high
videos,NZCiQWiySDs,50.0099,83.3498,0.76168141,2021,0.0,
videos,QCcQpkBhOvI,50.0095,40.3891,0.00167965,7233,64.44,high
videos,mlkqASeemHI,50.005,83.3416,0.76159718,2022,0.0,
videos,17mrk_r3LJM,50.0,83.3333,0.76144613,2023,0.0,
videos,a6ppQyhDrAI,49.9901,83.3168,0.76123043,2025,0.0,
videos,8Hf4D2kS75s,49.9852,83.3086,0.76120974,2026,0.0,
videos,xj7VKMTMoFA,49.9802,83.3004,0.7610507,2027,0.0,
videos,YWHuOnAlCX4,49.9753,83.2921,0.76100251,2028,0.0,
videos,7JCU5_72oNo,49.9746,47.4942,0.00577817,6371,53.6951,high
videos,YFHdUGyZKAo,49.9703,83.2839,0.76071745,2029,0.0,
videos,ohRELD0o4FM,49.9674,37.3228,0.0010172,7605,68.9344,high
videos,MFhGIdHLlSA,49.9654,83.2756,0.76070298,2030,0.0,
videos,HrTgu0C4krA,49.9604,83.2674,0.76046969,2031,0.0,
videos,uZyvweq6pHA,49.9555,83.2591,0.76025376,2032,0.0,
videos,7bDqiR5XEng,49.9505,83.2509,0.75947202,2033,0.0,
videos,5Z4z2oEoxw8,49.9494,42.4332,0.00234463,6985,61.2236,high
videos,uEJxv_vMHIE,49.9456,83.2427,0.75932506,2034,0.0,
videos,__TcrdK9mps,49.9406,83.2344,0.75912978,2035,0.0,
videos,QQSsMr4MUy8,49.9357,83.2262,0.75904709,2036,0.0,
videos,fnHlGx8uVR8,49.9307,83.2179,0.75889787,2037,0.0,
videos,H1Uemq7eLQ8,49.9273,40.7188,0.00177542,7193,63.7401,high
videos,s3Z-Pn9T5R8,49.9258,41.9304,0.00214414,7046,61.919,high
videos,QI7pmevUSd0,49.9258,83.2097,0.75868906,2038,0.0,
videos,TANyBQmWGxo,49.9209,83.2015,0.75843344,2039,0.0,
videos,Hpzx0WEXKmA,49.9159,83.1932,0.75824768,2040,0.0,
videos,IvAHsXUsH6E,49.9153,43.1091,0.00264765,6903,60.1246,high
videos,ulJsHDo0oKs,49.911,83.185,0.75810187,2041,0.0,
videos,-37lKXR9PZ8,49.9011,83.1685,0.75704826,2043,0.0,
videos,5rTrRNntFTA,49.8961,83.1602,0.7564265,2044,0.0,
videos,xcYZ5OIMIRc,49.8912,83.152,0.75619603,2045,0.0,
videos,ABoKfabPQyY,49.8863,83.1438,0.75557119,2046,0.0,
videos,xUg3dmtY-70,49.8813,83.1355,0.7554891,2047,0.0,
videos,rODxIAM1TQY,49.8787,45.2605,0.00393271,6642,56.806,high
videos,Z7I94HA3eNM,49.8764,83.1273,0.75542944,2048,0.0,
videos,L1RWGa_l5I8,49.8714,83.119,0.75516838,2049,0.0,
videos,78W85TTA8Gk,49.8675,37.1332,0.00099026,7628,68.969,high
videos,7K9oF4fYDZ8,49.8635,46.7194,0.00513305,6465,54.5796,high
videos,ydl73LUiJgw,49.8615,83.1025,0.75425706,2051,0.0,
videos,ctSTLgDBcvs,49.8566,83.0943,0.75403817,2052,0.0,
videos,DqWXEp39oqE,49.8517,83.0861,0.75373795,2053,0.0,
videos,gYyplVwNhQM,49.8467,83.0778,0.75291839,2054,0.0,
videos,W9zGsfWsmKU,49.8418,83.0696,0.75286009,2055,0.0,
videos,V3XxXm7tWLw,49.8368,83.0613,0.75251426,2056,0.0,
videos,FDfcDA3J_FM,49.8319,83.0531,0.75246614,2057,0.0,
videos,fec9HOB8Smk,49.8269,83.0448,0.75216815,2058,0.0,
videos,yyuu5IZpL7E,49.822,83.0366,0.75214509,2059,0.0,
videos,MX0X0EaDnsc,49.817,83.0284,0.7520632,2060,0.0,
videos,_ArwvSx4chQ,49.8126,45.0214,0.00380641,6671,56.9993,high
videos,Lp1O8qH3WMc,49.8121,83.0201,0.75187603,2061,0.0,
videos,UszcZZ1QZho,49.8073,44.7824,0.00360543,6700,57.3447,high
videos,w88x3_HNPxg,49.8071,83.0119,0.75165307,2062,0.0,
videos,JIU1BWnDWAU,49.7972,82.9954,0.75139195,2064,0.0,
videos,J_ZDva3nwLI,49.7923,82.9871,0.75104168,2065,0.0,
videos,wPhAN_ZFSHQ,49.7901,45.4665,0.00408159,6617,56.2755,high
videos,5tW7CPAVii0,49.7873,82.9789,0.75068286,2066,0.0,
videos,kijJaXVri7Q,49.7774,82.9624,0.75054867,2068,0.0,
videos,W7qvHH3_NYY,49.7725,82.9542,0.75040303,2069,0.0,
videos,YXbCQVhKb-Q,49.7675,82.9459,0.7500323,2070,0.0,
videos,l4v4m3CgwSQ,49.7626,82.9377,0.74955226,2071,0.0,
videos,X3iF848pTYg,49.7576,82.9294,0.74924092,2072,0.0,
videos,3SSLuqdJL0s,49.7527,82.9212,0.74899375,2073,0.0,
videos,PuHFOng-aqA,49.7478,82.913,0.74869713,2074,0.0,
videos,vKzQXFl37tE,49.743,38.9219,0.00131415,7411,65.9746,high
videos,O0d9IBwkIkw,49.7428,82.9047,0.7483912,2075,0.0,
videos,2Md0cXsmfqk,49.7379,82.8965,0.74770781,2076,0.0,
videos,2AZntopLN3o,49.7329,82.8882,0.74722205,2077,0.0,
videos,bennZfQizeY,49.728,82.88,0.74706569,2078,0.0,
videos,1mGiMq0JFFo,49.7267,44.3126,0.00333373,6757,57.8479,high
videos,mHVK7T4G-Gc,49.723,82.8717,0.74679039,2079,0.0,
videos,ldBzJeS1lT8,49.7181,82.8635,0.7466423,2080,0.0,
videos,RNUjufFVGXs,49.7181,41.8233,0.00211347,7059,61.5602,high
videos,T6yTIrBXByQ,49.7132,82.8553,0.7462733,2081,0.0,
videos,3etkt4IvJ1U,49.7082,82.847,0.74578838,2082,0.0,
videos,WpOXR1f8rKQ,49.7077,41.5265,0.00202795,7095,61.9794,high
videos,PS1M59Q3ZAo,49.7034,37.2239,0.00100242,7617,68.4226,high
videos,12SVURCqW3I,49.7033,82.8388,0.74556426,2083,0.0,
videos,svdku2NcRmg,49.7029,39.2681,0.00141357,7369,65.3552,high
videos,jeN8T7Tfy50,49.6997,46.0106,0.00456136,6551,55.2333,high
videos,GIDlOkJZmlc,49.6983,82.8305,0.74554223,2084,0.0,
videos,_wZabsNNo4o,49.6934,82.8223,0.7453224,2085,0.0,
videos,_ciRYTXEeYM,49.69,46.0847,0.00460615,6542,55.098,high
videos,cdiUynK248o,49.6897,42.9443,0.00259327,6923,59.8079,high
videos,-VencH89fAU,49.6884,82.814,0.74528563,2086,0.0,
videos,pr2RG3G4XUM,49.6835,82.8058,0.74512055,2087,0.0,
videos,CiaQ9URmjzw,49.6794,45.4913,0.00409463,6614,55.9615,high
videos,FK715ZljSuI,49.6786,82.7976,0.74508221,2088,0.0,
videos,3PvjNmFIqUs,49.6767,43.1339,0.00266086,6900,59.4908,high
videos,-P7mB0stgyk,49.675,46.942,0.00530786,6438,53.7746,high
videos,APaj_XE7Uuk,49.6736,82.7893,0.74498846,2089,0.0,
videos,o5jvpNEznZ4,49.6687,82.7811,0.74495802,2090,0.0,
videos,FZbMPtLRr00,49.6637,82.7728,0.74452986,2091,0.0,
videos,3FMoB3rF0wI,49.6625,42.6475,0.00243354,6959,60.1851,high
videos,ILZgJy45RRY,49.6588,82.7646,0.74425534,2092,0.0,
videos,1d8H0CbsmKs,49.6538,82.7563,0.74390724,2093,0.0,
videos,9XcjmNAZPyE,49.6489,82.7481,0.74354927,2094,0.0,
videos,LLK879SXq_w,49.6439,82.7399,0.74250359,2095,0.0,
videos,rWjQ27r4akc,49.6421,37.8091,0.00109516,7546,67.3915,high
videos,L61-4b46qGo,49.6421,40.4715,0.00170752,7223,63.398,high
videos,lF3cBP0N1qo,49.639,82.7316,0.74246314,2096,0.0,
videos,xljRdEPHHU0,49.634,82.7234,0.74173187,2097,0.0,
videos,hdkffAIUJrA,49.6291,82.7151,0.74084077,2098,0.0,
videos,HLUTxHIs7fs,49.6241,82.7069,0.73944728,2099,0.0,
videos,XjAeQOmdNFU,49.6197,44.2631,0.00330574,6763,57.6545,high
videos,-Y4tz0NVa0U,49.6192,82.6986,0.73866928,2100,0.0,
videos,Ojvmk3bWbnw,49.6182,41.6255,0.00206401,7083,61.6072,high
videos,45GqOfk996I,49.6142,82.6904,0.73855646,2101,0.0,
videos,6q14Go9HBKQ,49.6093,82.6822,0.73845233,2102,0.0,
videos,j56QqLCsaU8,49.6043,82.6739,0.73827607,2103,0.0,
videos,y1orjLuJ0Q0,49.5994,82.6657,0.7381766,2104,0.0,
videos,W8OUBizvy7Q,49.5944,82.6574,0.73799814,2105,0.0,
videos,YI9mriqd5EI,49.5895,82.6492,0.73792593,2106,0.0,
videos,U5Yy-w0T-tc,49.5845,82.6409,0.73786618,2107,0.0,
videos,ubFtuNAFqes,49.5796,82.6327,0.73742168,2108,0.0,
videos,oMCmTVa8nhU,49.5782,39.8286,0.00154851,7301,64.2026,high
videos,ttfs30Li0Ms,49.5747,82.6245,0.73722039,2109,0.0,
videos,aUrILg2_VoE,49.5715,41.5678,0.00203671,7090,61.5771,high
videos,4Ba-OKPbqJU,49.5697,82.6162,0.73720288,2110,0.0,
videos,JGLZkr9WcOE,49.566,41.609,0.00205819,7085,61.5016,high
videos,mXntKxeegMU,49.5648,82.608,0.73670919,2111,0.0,
videos,V30i0r_6acw,49.5598,82.5997,0.73640989,2112,0.0,
videos,Rb7ylWJuIrs,49.559,38.2954,0.00118468,7487,66.4543,high
videos,MEjtZY9FLPo,49.5549,82.5915,0.73609218,2113,0.0,
videos,GqQRqdy5H5A,49.55,82.5833,0.73583474,2114,0.0,
videos,Ob0kXWHuJFY,49.545,82.575,0.73569932,2115,0.0,
videos,wWNSkQKqie8,49.5401,82.5668,0.7353074,2116,0.0,
videos,FdFw019cXso,49.5383,39.7626,0.00153435,7309,64.2018,high
videos,J8H43sYyRnA,49.5351,82.5585,0.73464693,2117,0.0,
videos,jpgFif67smk,49.5302,82.5503,0.73334103,2118,0.0,
videos,NJXUUuqHRAw,49.5252,82.542,0.73281352,2119,0.0,
videos,Y9HJ_U3TdXk,49.5203,82.5338,0.73259567,2120,0.0,
videos,AY6FsgDJU0U,49.5185,42.0458,0.00219028,7032,60.7275,high
videos,_vhDblAOLnY,49.5154,82.5256,0.73206203,2121,0.0,
videos,3LnNwS6rqk8,49.5104,82.5173,0.73190848,2122,0.0,
videos,WnA7HQhVPwk,49.51,37.4547,0.00103997,7589,67.5929,high
videos,Aqoxp9WZ9XU,49.5055,82.5091,0.73135691,2123,0.0,
videos,c_rUerjxcZw,49.5005,82.5008,0.73130712,2124,0.0,
videos,3BCy0i0Cr7I,49.4956,82.4926,0.73099793,2125,0.0,
videos,asWGRO9GOIs,49.4933,38.1883,0.00115907,7500,66.4507,high
videos,ENkAEIMcDis,49.4906,82.4843,0.73042782,2126,0.0,
videos,j5rwokGEPLU,49.4857,82.4761,0.73039114,2127,0.0,
videos,dyNDQ2YdIxI,49.4807,82.4679,0.73028203,2128,0.0,
videos,1K0lusMjk7M,49.4795,39.4164,0.00144405,7351,64.5742,high
videos,FdTr7Fme7kE,49.4758,82.4596,0.73021623,2129,0.0,
videos,hqWnT5rk_UI,49.4708,82.4514,0.72904383,2130,0.0,
videos,NeIzHJBmDEg,49.4659,82.4431,0.72869317,2131,0.0,
videos,d80mlaHGHvY,49.4609,82.4349,0.72773558,2132,0.0,
videos,GCsWu1cItdc,49.4601,42.2107,0.00224465,7011,60.3341,high
videos,T5_vlKy3bao,49.456,82.4266,0.72753712,2133,0.0,
videos,GVzrz-Msmtk,49.451,82.4184,0.72733977,2134,0.0,
videos,MUZRi5f4UKY,49.4461,82.4102,0.72726181,2135,0.0,
videos,v13uH4vr7sU,49.4411,82.4019,0.72724361,2136,0.0,
videos,UmxIxX1i4Y0,49.4362,82.3937,0.72714952,2137,0.0,
videos,rwCFUa65us4,49.4312,82.3854,0.72709102,2138,0.0,
videos,OKRVSq9LbKU,49.4263,82.3772,0.72674165,2139,0.0,
videos,GcKWjCJQNTg,49.4213,82.3689,0.72665016,2140,0.0,
videos,A2MBGeLot-U,49.4212,40.5374,0.00172488,7215,62.7469,high
videos,GGpbU8NGatY,49.4209,37.5041,0.00104702,7583,67.2961,high
videos,bP-SyoSL3As,49.4164,82.3607,0.72625379,2141,0.0,
videos,nIOxA3vtSGc,49.4115,82.3525,0.72615943,2142,0.0,
videos,sKME5er1OKc,49.4065,82.3442,0.72613717,2143,0.0,
videos,Jtjv7vl6Cc0,49.4016,82.336,0.72563691,2144,0.0,
videos,iPRooj0QeRs,49.3966,82.3277,0.72539727,2145,0.0,
videos,TbUQxVbM1v4,49.3917,82.3195,0.72510478,2146,0.0,
videos,cwQvO53Odgs,49.3903,40.694,0.00176162,7196,62.4348,high
videos,nqrfl-wP2os,49.3867,82.3112,0.72455176,2147,0.0,
videos,7ffLR9aVEgY,49.3848,42.8289,0.00254959,6937,59.2186,high
videos,jCiAtlRAQSE,49.3818,82.303,0.72439022,2148,0.0,
videos,VAvciGhs-HA,49.3769,82.2948,0.72433426,2149,0.0,
videos,0QWPjcytTrQ,49.3719,82.2865,0.72415502,2150,0.0,
videos,8imom8FehBQ,49.3695,43.2657,0.00271313,6884,58.5251,high
videos,L2hyG5nLT7E,49.367,82.2783,0.7238948,2151,0.0,
videos,DmJDoZ_BTlE,49.362,82.27,0.72373519,2152,0.0,
videos,SqKwk0toOP0,49.3616,40.9413,0.00182478,7166,61.9921,high
videos,uDtoJtrpI10,49.3533,44.7906,0.00361129,6699,56.1974,high
videos,H_lS8URPDng,49.3528,41.7326,0.00209622,7070,60.7832,high
videos,w4nryYMhDGA,49.3521,82.2535,0.72323555,2154,0.0,
videos,KmkqB7f4O2Q,49.3472,82.2453,0.72322794,2155,0.0,
videos,8pRxt1WOZM4,49.3465,46.3155,0.00476487,6514,53.893,high
videos,RF8EV9FpwzI,49.3423,82.2371,0.72276471,2156,0.0,
videos,0MZcrM_WTsY,49.3384,42.5157,0.00238474,6975,59.5724,high
videos,beI5seRyGN4,49.3324,82.2206,0.72166504,2158,0.0,
videos,2tQBfC5GYfw,49.331,42.664,0.00246064,6957,59.3315,high
videos,rAr2YunqcKM,49.3274,82.2123,0.72126257,2159,0.0,
videos,jf0FJAREUAE,49.3225,82.2041,0.72058181,2160,0.0,
videos,roUppNywDks,49.3175,82.1958,0.72032106,2161,0.0,
videos,S5ul4P-aJcg,49.3126,82.1876,0.72022196,2162,0.0,
videos,3vlzQ4KstLA,49.3076,82.1794,0.71980286,2163,0.0,
videos,X_7hj0t48aU,49.3027,82.1711,0.71968195,2164,0.0,
videos,w3MgAw52o1s,49.2977,82.1629,0.71893214,2165,0.0,
videos,SZSLezrZs3U,49.2928,82.1546,0.71841573,2166,0.0,
videos,YoUhzFn2Bus,49.2878,82.1464,0.71835666,2167,0.0,
videos,Isk-cFfH0sA,49.2829,82.1381,0.7182815,2168,0.0,
videos,ZjvWsHiyGm4,49.2782,38.4108,0.00120193,7473,65.5794,high
videos,HB20PBw3C-0,49.2779,82.1299,0.71769647,2169,0.0,
videos,D9wE01j7klM,49.273,82.1217,0.7174967,2170,0.0,
videos,kXenRXelpKs,49.2706,40.9578,0.00182705,7164,61.7399,high
videos,dj1E-fbisFA,49.268,82.1134,0.71730644,2171,0.0,
videos,RS-OSLm2ZvM,49.2631,82.1052,0.71683519,2172,0.0,
videos,AfrNr1cEOGc,49.2581,82.0969,0.7167963,2173,0.0,
videos,z7zvWNd47X0,49.2532,82.0887,0.71663014,2174,0.0,
videos,ny5fnKiZMJM,49.2482,82.0804,0.71644963,2175,0.0,
videos,YkxmTxlUFJI,49.2384,82.064,0.71595983,2177,0.0,
videos,cEZ6cfbkl88,49.2334,82.0557,0.71566262,2178,0.0,
videos,4bXNYw_dTeY,49.2285,82.0475,0.71521515,2179,0.0,
videos,ywEV7NQlO1Y,49.2235,82.0392,0.71393325,2180,0.0,
videos,ACGfBW6l2Sw,49.2186,82.031,0.71391857,2181,0.0,
videos,JdYyX5ZxPZ0,49.2153,36.3666,0.00086635,7721,68.4883,high
videos,t8WtfTR4X4g,49.2136,82.0227,0.71344575,2182,0.0,
videos,jIGIAJ8VEoM,49.2087,82.0145,0.71306946,2183,0.0,
videos,nWP0wkYkiis,49.1988,81.998,0.71139167,2185,0.0,
videos,hWulcKZZc_w,49.1958,41.5595,0.00203269,7091,60.6503,high
videos,uQ-LuttboMY,49.1939,81.9898,0.7112633,2186,0.0,
videos,p93Jdc6687k,49.1889,81.9815,0.71096581,2187,0.0,
videos,M9dnAMUTJPc,49.184,81.9733,0.71088543,2188,0.0,
videos,sTFGMZJQGnw,49.1817,45.6314,0.00418174,6597,54.5071,high
videos,oYl0cu8wos0,49.1791,81.9651,0.71086294,2189,0.0,
videos,deBOTKCqnqk,49.1741,81.9568,0.71070909,2190,0.0,
videos,HCSdlHU7TZ8,49.1692,81.9486,0.71053957,2191,0.0,
videos,15fU4x15Fl8,49.1642,81.9403,0.71044367,2192,0.0,
videos,QP7YdkIxVUU,49.1593,81.9321,0.70985676,2193,0.0,
videos,ZO79OijPb1Q,49.1543,81.9238,0.70983649,2194,0.0,
videos,XkQEZgXbZ50,49.1444,81.9074,0.70956093,2196,0.0,
videos,wgK54tbtbs8,49.1395,81.8991,0.70937948,2197,0.0,
videos,R-3qCsJzHaI,49.1357,38.7982,0.0012926,7426,64.642,high
videos,PMSYeu3s1eg,49.1345,81.8909,0.70904426,2198,0.0,
videos,ahJbx3kUCa8,49.1296,81.8826,0.70891741,2199,0.0,
videos,SleCLnEzycw,49.1249,42.4827,0.00237524,6979,59.0881,high
videos,Ahbjiv0OJbo,49.1246,81.8744,0.70811877,2200,0.0,
videos,dVb9vyCwM2s,49.1217,40.9083,0.00181156,7170,61.4417,high
videos,OM-DPrYhIC8,49.1197,81.8661,0.70768893,2201,0.0,
videos,5OYGWqzEhcU,49.1188,39.606,0.00149742,7328,63.388,high
videos,49c7nDOIR_Q,49.116,42.8783,0.00257462,6931,58.4725,high
videos,r3DF68nqx2w,49.1147,81.8579,0.70738858,2202,0.0,
videos,NP_DfxktdhA,49.1098,81.8497,0.70723018,2203,0.0,
videos,1Hp02QoYzN4,49.1048,81.8414,0.70709004,2204,0.0,
videos,juCdEt7_0PQ,49.0999,81.8332,0.7061129,2205,0.0,
videos,9ooQbASb_38,49.0938,35.5671,0.00073677,7818,69.3838,high
videos,_4TbDKQlzNw,49.09,81.8167,0.70562299,2207,0.0,
videos,-k-WSuTSXcM,49.085,81.8084,0.70527605,2208,0.0,
videos,MEypC1d924Q,49.0801,81.8002,0.70525645,2209,0.0,
videos,ZI-TrztUVw4,49.0752,81.792,0.70524796,2210,0.0,
videos,TO1vIk2Ao18,49.0702,81.7837,0.70519529,2211,0.0,
videos,8t5AQRV_tHo,49.0661,37.0178,0.00096451,7642,67.1385,high
videos,xJif1TXJgU0,49.0653,81.7755,0.70457432,2212,0.0,
videos,AidXpX4NBp4,49.0603,81.7672,0.70455465,2213,0.0,
videos,ZCEVdfLau8Y,49.0504,81.7507,0.70436396,2215,0.0,
videos,4JbwgCLiBc0,49.0455,81.7425,0.7041025,2216,0.0,
videos,WzpaU_lx9CI,49.0406,81.7343,0.70356106,2217,0.0,
videos,-9Jyr_3_AeI,49.0307,81.7178,0.70299048,2219,0.0,
videos,gYaPFFrJLIg,49.0257,81.7095,0.70277519,2220,0.0,
videos,ULVc8XJI2LA,49.0208,81.7013,0.70265907,2221,0.0,
videos,fk1Rvk0h47E,49.0158,81.693,0.70264418,2222,0.0,
videos,1yMQfzQrMGU,49.0109,81.6848,0.7016348,2223,0.0,
videos,islRCIp49zQ,49.006,81.6766,0.70155131,2224,0.0,
videos,GxGfQHyY_8c,49.001,81.6683,0.70083665,2225,0.0,
videos,CMhlOWOarkY,48.9997,44.2549,0.00330453,6764,56.117,high
videos,BbCEQkP1x7U,48.9961,81.6601,0.70045841,2226,0.0,
videos,9K2H58dpLZo,48.9911,81.6518,0.7004243,2227,0.0,
videos,73it2VMb43I,48.9899,42.2354,0.00224932,7009,59.1216,high
videos,5S0B5G8V-No,48.9887,40.8012,0.00179027,7183,61.27,high
videos,ptQdAhKelZs,48.9862,81.6436,0.69991564,2228,0.0,
videos,Z1TnoyJxEtA,48.9812,81.6353,0.69846711,2229,0.0,
videos,vldMsho8DDU,48.9763,81.6271,0.69843525,2230,0.0,
videos,mwlAp2mN_Tw,48.9713,81.6189,0.6982954,2231,0.0,
videos,gXN5H4F582s,48.9664,81.6106,0.69724045,2232,0.0,
videos,PYGqilVF6DE,48.9631,42.3508,0.00229172,6995,58.8815,high
videos,zhTj6eJaotk,48.9614,81.6024,0.69715645,2233,0.0,
videos,YHDd5mCtdLo,48.9605,38.0481,0.00112924,7517,65.3292,high
videos,OPDzJP8iWLo,48.9599,38.9548,0.00132777,7407,63.9676,high
videos,FTOWVF_1A6U,48.9565,81.5941,0.69702709,2234,0.0,
videos,JzeZLvpsolc,48.9515,81.5859,0.69648047,2235,0.0,
videos,L6V9Bf43uWU,48.9483,37.6937,0.00108437,7560,65.8301,high
videos,iBnK02zJmuc,48.9466,81.5776,0.69647614,2236,0.0,
videos,LrJLtdiA_4E,48.9416,81.5694,0.69582482,2237,0.0,
videos,Z5KEmtSIWoY,48.9367,81.5612,0.69536948,2238,0.0,
videos,U4RRJtA0rqM,48.9317,81.5529,0.69497705,2239,0.0,
videos,deMcGLAJrjY,48.9268,81.5447,0.69444924,2240,0.0,
videos,Ss6h7nuS_D0,48.9246,42.9113,0.00258963,6927,57.9445,high
videos,2vHH23tb2ek,48.9218,81.5364,0.69339062,2241,0.0,
videos,JlOyyE1C5Oo,48.9169,81.5282,0.69309006,2242,0.0,
videos,lP0UyTa_oUA,48.9119,81.5199,0.69295072,2243,0.0,
videos,rP2FZL3qlMY,48.907,81.5117,0.69265503,2244,0.0,
videos,miUP2Jh0Jp0,48.9021,81.5035,0.69263975,2245,0.0,
videos,5i_-KtncS0E,48.8971,81.4952,0.69238341,2246,0.0,
videos,gz4NYIr45MI,48.8922,81.487,0.69210806,2247,0.0,
videos,prw-fBhng6I,48.8823,81.4705,0.69152617,2249,0.0,
videos,rOQRc8pFUIs,48.878,43.1998,0.00268258,6892,57.3952,high
videos,kg9G-BT4E2Q,48.8773,81.4622,0.69079405,2250,0.0,
videos,ypddGObTjVc,48.8724,81.454,0.69071028,2251,0.0,
videos,Ww6kDGTIF0g,48.8709,43.1833,0.00267286,6894,57.4023,high
videos,zyOcbbIu_Sg,48.8699,37.7184,0.00108854,7557,65.5971,high
videos,lK0h-5-EQE0,48.8675,81.4458,0.69066235,2252,0.0,
videos,u5ge0jw85zQ,48.8625,81.4375,0.69042555,2253,0.0,
videos,L7fVqlOzegQ,48.8588,43.5542,0.00292493,6849,56.8157,high
videos,5ViG8Xo8pwk,48.8576,81.4293,0.69014271,2254,0.0,
videos,TI37FHJulp0,48.8526,81.421,0.69001305,2255,0.0,
videos,wW4rQt8nphY,48.8477,81.4128,0.68951241,2256,0.0,
videos,pLy28chVZ9E,48.8427,81.4045,0.68825782,2257,0.0,
videos,XiokY6aSEuY,48.8378,81.3963,0.6882464,2258,0.0,
videos,AecITbpVwGs,48.8363,42.7547,0.00250795,6946,57.9588,high
videos,p9JoNKG9zvg,48.8329,81.3881,0.68759841,2259,0.0,
videos,tsQB0n0YV3k,48.8279,81.3798,0.68732594,2260,0.0,
videos,rHDw0XcyZ1I,48.823,81.3716,0.68715009,2261,0.0,
videos,AVyYMXc_t9s,48.8205,30.3577,0.0002979,8450,76.5147,high
videos,DvM1Mwh7NCc,48.818,81.3633,0.68703355,2262,0.0,
videos,iMRCJVUL8ns,48.8131,81.3551,0.68597924,2263,0.0,
videos,kCXzKj63mpo,48.8081,81.3469,0.68583564,2264,0.0,
videos,dzBV0UQJWXk,48.8032,81.3386,0.68582754,2265,0.0,
videos,VGepzELYjkU,48.7982,81.3304,0.68577365,2266,0.0,
videos,lqe-RS6HeMU,48.7933,81.3221,0.68575983,2267,0.0,
videos,uZ6Nbwp8GtU,48.7931,39.7544,0.00153356,7310,62.3512,high
videos,zd3s7u8_d6M,48.7883,81.3139,0.68512058,2268,0.0,
videos,dO4iRJ3123U,48.7855,42.1365,0.00221702,7021,58.759,high
videos,gNH2ps_wEC8,48.7843,41.4441,0.00199963,7105,59.7947,high
videos,H-gfgsXPeQ8,48.7834,81.3056,0.68506691,2269,0.0,
videos,ZWFIF1cCces,48.7784,81.2974,0.68490108,2270,0.0,
videos,KPxxQqn_Lhs,48.7735,81.2892,0.68483576,2271,0.0,
videos,gfMAF39aCOw,48.7685,81.2809,0.68483049,2272,0.0,
videos,G87MP4zCkVs,48.7636,81.2727,0.68449379,2273,0.0,
videos,lkM12v2VZyE,48.763,40.76,0.00178288,7188,60.7674,high
videos,w9wQl4CViXI,48.7586,81.2644,0.68403621,2274,0.0,
videos,tyfpFIB4v1s,48.7537,81.2562,0.68399432,2275,0.0,
videos,5TIis6q1sF0,48.7514,45.4418,0.00407362,6620,53.7157,high
videos,pAZx6pDstaE,48.7487,81.2479,0.68386112,2276,0.0,
videos,--hvu38U4zI,48.7438,81.2397,0.68153132,2277,0.0,
videos,djxKQKV3dnI,48.7389,81.2315,0.68002998,2278,0.0,
videos,VAjfLt_gtEs,48.7368,41.6419,0.00206464,7081,59.3792,high
videos,OwqbmFi-HsA,48.7339,81.2232,0.6793627,2279,0.0,
videos,V7NHZ1w8Ie0,48.729,81.215,0.67898972,2280,0.0,
videos,cN775obXfGA,48.724,81.2067,0.67840051,2281,0.0,
videos,v05-oxgvTXE,48.7231,36.4903,0.00088058,7706,67.0722,high
videos,ZJ8v3OpBTnQ,48.7191,81.1985,0.67763453,2282,0.0,
videos,tOqrOiIYInI,48.7186,41.6749,0.00207098,7077,59.2841,high
videos,heAOE-8crdQ,48.7136,35.5424,0.00073633,7821,68.4704,high
videos,rrylSizvnSg,48.7092,81.182,0.67664049,2284,0.0,
videos,yjHSaTAX1PA,48.7043,81.1738,0.67633416,2285,0.0,
videos,xgQbwU35FMQ,48.704,42.2272,0.00224858,7010,58.4192,high
videos,B9XI2uR_a-k,48.7015,36.3584,0.00086534,7722,67.2162,high
videos,xfQxNhtGJIs,48.6993,81.1655,0.67612076,2286,0.0,
videos,r9XiLCu2MRs,48.6944,81.1573,0.67606096,2287,0.0,
videos,GcVDwxDE63g,48.6894,81.149,0.6749645,2288,0.0,
videos,wRZbvSALjQY,48.6845,41.2875,0.00193747,7124,59.7801,high
videos,GXdT7VWXu2E,48.6845,81.1408,0.67447154,2289,0.0,
videos,Uc2IBJWZ7AQ,48.6795,81.1325,0.67432203,2290,0.0,
videos,Nq-c06vj5PM,48.6795,40.1665,0.00163248,7260,61.449,high
videos,kTGWe_1U07E,48.6776,38.213,0.00116429,7497,64.3745,high
videos,weZGXoTMeDw,48.6746,81.1243,0.6740691,2291,0.0,
videos,o4kip6V9yFY,48.6697,81.1161,0.67295875,2292,0.0,
videos,a01WRTPJI7g,48.6647,81.1078,0.6727928,2293,0.0,
videos,-MEvPV9Ppcg,48.6636,38.757,0.00127994,7431,63.5235,high
videos,tU3gwLT017o,48.6598,81.0996,0.6725664,2294,0.0,
videos,ck-g_MYrYmw,48.6556,41.0732,0.00185991,7149,60.0291,high
videos,yzajLZXh9JU,48.6548,42.392,0.00231165,6990,58.0489,high
videos,mtAmAX-y2vI,48.6548,81.0913,0.67204942,2295,0.0,
videos,tbvteFr4SPQ,48.6499,81.0831,0.67148951,2296,0.0,
videos,XKVzTmVtqeg,48.6449,81.0748,0.6713557,2297,0.0,
videos,J4hf65lkRYU,48.64,81.0666,0.67050854,2298,0.0,
videos,BvhXhtF8Rgg,48.635,81.0584,0.67043135,2299,0.0,
videos,LCpySvaW_2Q,48.6301,81.0501,0.67034354,2300,0.0,
videos,snMUGQpTfSk,48.6251,81.0419,0.67006486,2301,0.0,
videos,KQp7or9D2gg,48.6202,81.0336,0.66995245,2302,0.0,
videos,OTt76d3wPiQ,48.6152,81.0254,0.66886847,2303,0.0,
videos,MzsIZ6wbNV4,48.6103,81.0171,0.66869099,2304,0.0,
videos,0Meksbf29P8,48.6086,34.6522,0.00062818,7929,69.5431,high
videos,F0XA4zDJuPg,48.608,40.9743,0.00183818,7162,60.0586,high
videos,6WqH6cbY8LI,48.6053,81.0089,0.66864217,2305,0.0,
videos,vSMKIGXQw8U,48.6004,81.0007,0.6681369,2306,0.0,
videos,VoY3Gs_kt4k,48.5982,42.5569,0.00239388,6970,57.6601,high
videos,aHNiApjtFmI,48.5954,80.9924,0.66807006,2307,0.0,
videos,_dxtH2u5aAk,48.5928,41.1144,0.00187515,7145,59.8103,high
videos,3fEGTbwEgn4,48.5905,80.9842,0.66801436,2308,0.0,
videos,ynTQbfhJUDk,48.5855,80.9759,0.66759614,2309,0.0,
videos,ayCQvz-p7Sc,48.5806,80.9677,0.66633916,2310,0.0,
videos,dYuFrYxG7S4,48.5707,80.9512,0.66434048,2312,0.0,
videos,LKTexFQZmig,48.5658,80.943,0.66423438,2313,0.0,
videos,4uiRpiwRD78,48.5638,39.7956,0.00154121,7305,61.7162,high
videos,RQNyHRoLikI,48.5608,80.9347,0.66319571,2314,0.0,
videos,ydUBYFlwhyk,48.5594,46.4886,0.00492272,6493,51.6656,high
videos,MK3Lz4fAvZo,48.5495,38.6746,0.00126299,7441,63.3619,high
videos,XiRySicRvD4,48.5472,42.0376,0.00218926,7033,58.3116,high
videos,zNum131Xpho,48.546,80.91,0.66227566,2317,0.0,
videos,LV2Gpqz0h9E,48.541,80.9017,0.66224456,2318,0.0,
videos,kQh3eydQH6U,48.5361,80.8935,0.66205918,2319,0.0,
videos,hR4tPe4rwuo,48.5342,37.4382,0.00103912,7591,65.1782,high
videos,x7u2c0DhWEU,48.5312,80.8853,0.66189914,2320,0.0,
videos,cOpgJSf6G-A,48.5262,80.877,0.66151421,2321,0.0,
videos,h2xUNrmCrjE,48.5213,80.8688,0.66133608,2322,0.0,
videos,ypgJ_CvYXic,48.5188,39.2268,0.00140044,7374,62.4567,high
videos,fjWVQ38c_sA,48.5163,80.8605,0.66132373,2323,0.0,
videos,UAQr96Xr5y0,48.5114,80.8523,0.66107323,2324,0.0,
videos,lwUB4IhWM0M,48.5064,80.844,0.66044989,2325,0.0,
videos,GdlN1FOBa6Q,48.5015,80.8358,0.66022913,2326,0.0,
videos,UN6X2Jj-qrQ,48.4967,39.1197,0.00137719,7387,62.5622,high
videos,tTJ1T2-tI2Q,48.4966,80.8276,0.66015882,2327,0.0,
videos,cncaqhQfNzc,48.4923,38.3531,0.0011939,7480,63.7012,high
videos,CIP_6GZn7IE,48.4867,80.8111,0.65889189,2329,0.0,
videos,fPl9HhLNmEQ,48.4817,80.8028,0.65843443,2330,0.0,
videos,UqYNFO1oMGQ,48.4768,80.7946,0.65840048,2331,0.0,
videos,3bIRhHY3XtU,48.4718,80.7864,0.65831399,2332,0.0,
videos,43dZHuhUs9g,48.4669,80.7781,0.65814252,2333,0.0,
videos,ehizptRtYzM,48.4634,38.4932,0.00122303,7463,63.4186,high
videos,4gJDsCoNxrs,48.4619,80.7699,0.65793722,2334,0.0,
videos,GVBdu_Er4kA,48.4603,44.5681,0.0035241,6726,54.2987,high
videos,QP_SOBNos6E,48.4592,38.3284,0.00119047,7483,63.6553,high
videos,KiMKE_y-r3U,48.4536,45.7798,0.00434938,6579,52.4644,high
videos,NelkSbMEc8s,48.452,80.7534,0.65738513,2336,0.0,
videos,zj-vtCiQABI,48.4499,41.5925,0.00205374,7087,58.7359,high
videos,oEUc2cFuuH8,48.4471,80.7451,0.6563506,2337,0.0,
videos,WwEyLRmGU9g,48.4421,80.7369,0.65602543,2338,0.0,
videos,8VY-5aU0JGY,48.4372,80.7287,0.65596519,2339,0.0,
videos,FMqtemwYBiM,48.4322,80.7204,0.65591249,2340,0.0,
videos,ExJhkzR21ls,48.4307,39.6967,0.00151639,7317,61.5317,high
videos,tpay1lEGZ7g,48.4273,80.7122,0.65571435,2341,0.0,
videos,7fOG8j_ncWY,48.4223,80.7039,0.65555199,2342,0.0,
videos,MwrENBSQYKY,48.4213,36.2512,0.00085411,7735,66.6765,high
videos,3DAsJJJEcLI,48.42,41.0814,0.00185991,7150,59.4279,high
videos,yIZSL7ZtlYs,48.4174,80.6957,0.65370322,2343,0.0,
videos,eXesbkvWf7M,48.4139,40.8836,0.00180456,7173,59.7093,high
videos,-XpwN8h_Vn8,48.4124,80.6874,0.65338302,2344,0.0,
videos,xnzeC15HEOw,48.4075,80.6792,0.65257177,2345,0.0,
videos,_RTxWQ5YnwU,48.4026,80.671,0.65010183,2346,0.0,
videos,hcHDJZ32Y40,48.3981,35.4682,0.00072624,7830,67.793,high
videos,WG-au3B2tHc,48.3927,80.6545,0.64926325,2348,0.0,
videos,-fl8ZMVRKck,48.3877,80.6462,0.64910105,2349,0.0,
videos,HMvwGK4anVc,48.3828,80.638,0.64903998,2350,0.0,
videos,uNOwyu-FRvg,48.3778,80.6297,0.64897628,2351,0.0,
videos,YtF-_VlvFEc,48.3729,80.6215,0.64892873,2352,0.0,
videos,VofNo9QmMAc,48.368,80.6133,0.64890836,2353,0.0,
videos,8cE7u5c8kRU,48.363,80.605,0.64838346,2354,0.0,
videos,AnxMeMZvgsY,48.3581,80.5968,0.64837842,2355,0.0,
videos,zLr3j3F_6zw,48.3531,80.5885,0.6481366,2356,0.0,
videos,8J6XLe0H6Ro,48.3511,36.1111,0.00083379,7752,66.7111,high
videos,qov8e-aOtfA,48.349,42.5651,0.0023964,6969,57.0249,high
videos,a0c8wTakoYQ,48.3482,80.5803,0.64799776,2357,0.0,
videos,kPAP4Tpy3RE,48.3432,80.572,0.64792005,2358,0.0,
videos,dbPwEehyub0,48.3383,80.5638,0.6475514,2359,0.0,
videos,mfzzQRPpt8c,48.3334,80.5556,0.64746589,2360,0.0,
videos,MvDGVb6OcQ4,48.3284,80.5473,0.64675392,2361,0.0,
videos,C5rIbTq9txY,48.3235,80.5391,0.64663397,2362,0.0,
videos,bD7H8dpqL-8,48.3185,80.5308,0.64654766,2363,0.0,
videos,TQNjQUtR75A,48.3136,80.5226,0.64643226,2364,0.0,
videos,kw2_xM_b6dQ,48.3086,80.5143,0.64616135,2365,0.0,
videos,HySC9GGm0b0,48.2987,80.4979,0.64540461,2367,0.0,
videos,wviWZFTeK-o,48.2984,35.6742,0.00074632,7805,67.2346,high
videos,ze2GDHW_q_Q,48.2938,80.4896,0.6452568,2368,0.0,
videos,fLaAW74tFgM,48.2901,40.9825,0.00183904,7161,59.2515,high
videos,lJ-cMHu6Ioo,48.2888,40.0593,0.00161235,7273,60.633,high
videos,YAA0iXJ9gCQ,48.2888,80.4814,0.64492981,2369,0.0,
videos,WrxGN4u1k90,48.2839,80.4731,0.64471031,2370,0.0,
videos,B1HKAxU95Vk,48.2791,39.3752,0.00143182,7356,61.6349,high
videos,zOYmm2IZz7k,48.2789,80.4649,0.64344949,2371,0.0,
videos,dIy_imO3j5Q,48.2774,42.0293,0.00217524,7034,57.6495,high
videos,L5ZxjJTp2h0,48.274,80.4566,0.64341764,2372,0.0,
videos,vxarExCabB8,48.269,80.4484,0.64236806,2373,0.0,
videos,1jd2eklNCbI,48.2591,80.4319,0.64199552,2375,0.0,
videos,dU5sDKcwN9E,48.2542,80.4237,0.64181805,2376,0.0,
videos,gpfhjHmbmIE,48.2492,80.4154,0.64165349,2377,0.0,
videos,iAFQ6_sd50Q,48.2443,80.4072,0.64145079,2378,0.0,
videos,4wC8hnQawiA,48.2393,80.3989,0.64049201,2379,0.0,
videos,qz6ULxf2XFE,48.2385,42.4909,0.00237739,6978,56.8599,high
videos,nMmmiiZQMiQ,48.2344,80.3907,0.64017629,2380,0.0,
videos,N5256fy_Yto,48.2295,80.3825,0.64008248,2381,0.0,
videos,amOoqTPFkv8,48.2245,80.3742,0.63974912,2382,0.0,
videos,asAzxXQ6sgE,48.2196,80.366,0.63974449,2383,0.0,
videos,V-mb9qYYjME,48.2149,43.0102,0.00261656,6915,56.022,high
videos,jK1KgRxm8fo,48.2146,80.3577,0.63925765,2384,0.0,
videos,786aG4384ik,48.2097,80.3495,0.63912489,2385,0.0,
videos,oyuFtTyTMB4,48.2047,80.3412,0.63894708,2386,0.0,
videos,Izw3-5_orEc,48.1998,80.333,0.6387493,2387,0.0,
videos,I9jl6ynUAFI,48.1949,80.3248,0.63867876,2388,0.0,
videos,4Pb4EFInR7Q,48.1899,80.3165,0.63849248,2389,0.0,
videos,V4I_Vd1iKvM,48.1875,38.452,0.0012149,7468,62.7907,high
videos,rlYCsqbLAAI,48.185,80.3083,0.6384083,2390,0.0,
videos,DtYMMpyMzzU,48.18,80.3,0.637995,2391,0.0,
videos,RQe_YBIIwsw,48.1751,80.2918,0.63790094,2392,0.0,
videos,ieJE93iObcI,48.1735,36.8365,0.00093649,7664,65.1789,high
videos,YiqGOc0JVjI,48.1701,80.2835,0.63617908,2393,0.0,
videos,fF0f-YO4-Sk,48.1658,40.422,0.00169592,7229,59.7815,high
videos,AZ4ukqiiXNc,48.1652,80.2753,0.63615688,2394,0.0,
videos,eCM3q61Wz-4,48.1603,80.2671,0.63583221,2395,0.0,
videos,zfhurYa_XCk,48.1553,80.2588,0.63569056,2396,0.0,
videos,r79B-_e2v-s,48.1504,80.2506,0.63505496,2397,0.0,
videos,wgkwpnmJh5U,48.1459,42.2437,0.00225153,7008,56.9993,high
videos,5YKhtb3DNNo,48.1454,80.2423,0.63492713,2398,0.0,
videos,jMw8Nw6ny2A,48.1405,80.2341,0.63439506,2399,0.0,
videos,3iSnHZjdvCk,48.1375,34.2153,0.00057874,7982,69.0209,high
videos,8_svbhHBxik,48.1355,80.2258,0.63260233,2400,0.0,
videos,44xvW6QoL84,48.1354,39.7791,0.00153824,7307,60.6699,high
videos,kAvyih-TSqE,48.1314,41.5183,0.0020268,7096,58.051,high
videos,c0vAOREkKGI,48.1306,80.2176,0.63253739,2401,0.0,
videos,KTQp5cT01lo,48.1256,80.2094,0.63160689,2402,0.0,
videos,6-7czz8IByc,48.1207,80.2011,0.631452,2403,0.0,
videos,5YP9qxzNHWw,48.1139,41.4853,0.00200576,7100,58.0567,high
videos,JjWuL4WRtx0,48.1135,42.936,0.00259178,6924,55.8797,high
videos,wQssPiH6etE,48.1108,80.1846,0.63113212,2405,0.0,
videos,ps0zlsDFuwM,48.1058,80.1764,0.63101319,2406,0.0,
videos,3fsJFUvA6Ts,48.1009,80.1682,0.63082016,2407,0.0,
videos,sIBs_HyN9nI,48.0959,80.1599,0.63074493,2408,0.0,
videos,db6Dj__L17s,48.0957,44.7165,0.00358584,6708,53.1645,high
videos,8ip_RM4c83Q,48.091,80.1517,0.6304766,2409,0.0,
videos,MqpQhyjFZQU,48.086,80.1434,0.63040713,2410,0.0,
videos,7TWdj0YE1-M,48.0811,80.1352,0.63014874,2411,0.0,
videos,LYJSB9ud89E,48.0805,39.9769,0.00159581,7283,60.236,high
videos,kN4Hm0azqH0,48.0761,80.1269,0.62986004,2412,0.0,
videos,daPR3ZqGbag,48.0745,38.2872,0.00118446,7488,62.7554,high
videos,l3y86B5pwck,48.0721,40.6693,0.0017555,7199,59.1763,high
videos,0JYl95vG5hs,48.0712,80.1187,0.62979688,2413,0.0,
videos,An-dLWkDHlk,48.0663,80.1105,0.62973183,2414,0.0,
videos,Ff0AYRWrnGY,48.0572,43.2245,0.0026876,6889,55.3063,high
videos,0MHkepHN4uM,48.0564,80.094,0.62925959,2416,0.0,
videos,FuAQcaq3pOI,48.0527,35.699,0.00075648,7802,66.5833,high
videos,bc3LJdAl_Rk,48.0514,80.0857,0.62883855,2417,0.0,
videos,MX1a5garnwc,48.0442,40.8506,0.00179942,7177,58.8346,high
videos,6F0QQCwib1c,48.0415,80.0692,0.62825297,2419,0.0,
videos,eYawqDzlsC4,48.0366,80.061,0.62723993,2420,0.0,
videos,GyjesU2vDHE,48.0317,80.0528,0.62718167,2421,0.0,
videos,FJmPVn48YTo,48.0267,80.0445,0.62685948,2422,0.0,
videos,1zgkIZVq7o0,48.0218,80.0363,0.62651218,2423,0.0,
videos,CdZZlIeJxcQ,48.0183,37.4794,0.00104386,7586,63.8267,high
videos,nSj3C9TqEMQ,48.0168,80.028,0.62641339,2424,0.0,
videos,snsqgwpboUQ,48.0127,36.4161,0.00087246,7715,65.4075,high
videos,1pJnuI7JJWc,48.0119,80.0198,0.6258659,2425,0.0,
videos,EBbL-pc7bAI,48.0111,40.5704,0.00172985,7211,59.1722,high
videos,ogHn_l8f-0k,48.0069,80.0115,0.62567079,2426,0.0,
videos,dKq02JWtddo,48.002,80.0033,0.62554039,2427,0.0,
videos,R35i3YGh160,47.9971,79.9951,0.62527899,2428,0.0,
videos,rCISKrfF0ZY,47.9921,79.9868,0.62503962,2429,0.0,
videos,XmTywJQA2fs,47.9872,79.9786,0.62424146,2430,0.0,
videos,9smOlmLOBXI,47.9822,79.9703,0.62405661,2431,0.0,
videos,eiHhn5gmN5o,47.9773,79.9621,0.62382013,2432,0.0,
videos,WF0asxGBTPg,47.9723,79.9538,0.6237359,2433,0.0,
videos,lsDbmOVDH0s,47.9624,79.9374,0.62303656,2435,0.0,
videos,vN0MwkPIOF8,47.9587,37.7514,0.0010913,7553,63.2696,high
videos,m_mJ1dlLQQA,47.9525,79.9209,0.62281086,2437,0.0,
videos,JuRjZqzpP0g,47.9518,39.0702,0.00134739,7393,61.2743,high
videos,jNiHG5r5p2s,47.9476,79.9126,0.62266553,2438,0.0,
videos,sA-OYvumJpE,47.9426,79.9044,0.62255132,2439,0.0,
videos,YVgdX2fTKWg,47.9377,79.8961,0.62239259,2440,0.0,
videos,g5YTRiUrrVc,47.9342,36.5727,0.00088576,7696,64.9764,high
videos,slJ_T4ODZt4,47.9327,79.8879,0.62209321,2441,0.0,
videos,A-W-_QxOmNQ,47.9278,79.8797,0.6209389,2442,0.0,
videos,CE_y88xTu3A,47.9228,79.8714,0.62035328,2443,0.0,
videos,JFV00ICK4HA,47.9199,36.2018,0.00084821,7741,65.497,high
videos,HYqjltlbiEs,47.9179,79.8632,0.62004799,2444,0.0,
videos,DRW6xGvWwNs,47.9136,41.7573,0.00210159,7067,57.148,high
videos,UcUoez64Jl0,47.9129,79.8549,0.61938677,2445,0.0,
videos,d-3kmb7is7Y,47.9105,41.8727,0.00213047,7053,56.9672,high
videos,5PN054Siiuw,47.908,79.8467,0.61913383,2446,0.0,
videos,WfDMkPf1JQs,47.8981,79.8302,0.61787179,2448,0.0,
videos,JrCIj033RGg,47.8932,79.822,0.61780346,2449,0.0,
videos,otpZNiF4cuQ,47.8882,79.8137,0.61778153,2450,0.0,
videos,lk7HWLeXjS4,47.8837,38.3696,0.0011966,7478,62.1548,high
videos,2hGhWTSe6XY,47.8833,79.8055,0.61764833,2451,0.0,
videos,PDLLR1NwC2o,47.8783,79.7972,0.61705665,2452,0.0,
videos,vKD80aXvGeY,47.8734,79.789,0.61673998,2453,0.0,
videos,QuLd4bKacvY,47.8725,40.5209,0.00171823,7217,58.9,high
videos,zTbEIW52PqE,47.8684,79.7807,0.61655064,2454,0.0,
videos,5X9LXbJQbt8,47.8635,79.7725,0.61648484,2455,0.0,
videos,98VOkESh_Eg,47.8536,79.756,0.6158072,2457,0.0,
videos,7JMlkwMz58I,47.8487,79.7478,0.61545622,2458,0.0,
videos,WYcdSacW_yM,47.8437,79.7395,0.61506356,2459,0.0,
videos,NDnMxF3xd5w,47.8388,79.7313,0.61504178,2460,0.0,
videos,jvrGQDzkDiw,47.8338,79.723,0.61475705,2461,0.0,
videos,Il-vin1bG90,47.8249,36.0369,0.00081555,7761,65.5068,high
videos,bKXhaBDgB9Q,47.824,79.7066,0.61172181,2463,0.0,
videos,jKTnylXAGvs,47.819,79.6983,0.61160016,2464,0.0,
videos,gIuPUj-p2Q4,47.8154,37.5288,0.00105204,7580,63.2453,high
videos,VKkHl298cXI,47.8141,79.6901,0.61045258,2465,0.0,
videos,_MAMpPdzABM,47.8091,79.6818,0.61001708,2466,0.0,
videos,EYBfmhxUlRA,47.8078,40.216,0.00164537,7254,59.1955,high
videos,ilQTUCrIQ3A,47.8047,40.4632,0.0017048,7224,58.817,high
videos,Jgt5R3RfxYw,47.8042,40.999,0.00184839,7159,58.0119,high
videos,4jahosiYWFs,47.8042,79.6736,0.60868131,2467,0.0,
videos,1ghT9EFg06Q,47.7992,79.6653,0.60742864,2468,0.0,
videos,-qS6ED5Oavs,47.7943,79.6571,0.60725552,2469,0.0,
videos,DN1M85w0D7o,47.7893,79.6489,0.60722009,2470,0.0,
videos,vqOmXhWjQWE,47.7844,79.6406,0.60700025,2471,0.0,
videos,rrwXOU2K3YY,47.7748,36.5068,0.00088095,7704,64.6768,high
videos,6dt3fd17_d0,47.7745,79.6241,0.60657054,2473,0.0,
videos,0lt4j7GTtGU,47.773,35.5918,0.00073872,7815,66.0448,high
videos,1ZuWSgIM5Eo,47.7695,79.6159,0.60649455,2474,0.0,
videos,i6wL2IzuW7s,47.7694,37.7596,0.00109189,7552,62.7841,high
videos,DbPqGk4qPBU,47.7665,38.8724,0.00130483,7417,61.1076,high
videos,stbDrBk6Wt0,47.7646,79.6076,0.60602552,2475,0.0,
videos,JahBXEUx-wk,47.7596,79.5994,0.60564873,2476,0.0,
videos,c4Q1EYH75tw,47.7547,79.5912,0.60517641,2477,0.0,
videos,OUFx4WtTczg,47.7497,79.5829,0.60493718,2478,0.0,
videos,lFdHDD5CM20,47.7448,79.5747,0.60486351,2479,0.0,
videos,hT0K7XRRL7Q,47.7398,79.5664,0.60468386,2480,0.0,
videos,5p3ZLsT04a0,47.7349,79.5582,0.60454524,2481,0.0,
videos,us--c3n6IvE,47.73,79.55,0.60338901,2482,0.0,
videos,_dVzZ9NAePI,47.725,79.5417,0.60275575,2483,0.0,
videos,s-Uz-ZPQi8U,47.7151,79.5252,0.60168016,2485,0.0,
videos,TGs0lnwBHQg,47.7102,79.517,0.60072413,2486,0.0,
videos,A4ux7Hobq_4,47.7052,79.5087,0.60052397,2487,0.0,
videos,bvk85hYaUgY,47.7003,79.5005,0.6004516,2488,0.0,
videos,7PdJ2qUeZzo,47.6954,79.4923,0.59944469,2489,0.0,
videos,md2Olnc3xv8,47.6904,79.484,0.59897568,2490,0.0,
videos,YjTgE0v686I,47.6855,79.4758,0.59864572,2491,0.0,
videos,TMD1dhXDZ1U,47.6805,79.4675,0.59826167,2492,0.0,
videos,-3KtEmXOAkc,47.6706,79.451,0.59794509,2494,0.0,
videos,moglDsyjcwM,47.6698,42.7712,0.00251813,6944,55.0176,high
videos,tUJ7X7wOKto,47.6657,79.4428,0.59747391,2495,0.0,
videos,Dye2xK1fA4U,47.6608,79.4346,0.59724917,2496,0.0,
videos,N6QMXEOyb7k,47.6558,79.4263,0.59704927,2497,0.0,
videos,Q--2CdM--dA,47.6509,79.4181,0.5965405,2498,0.0,
videos,-snZDxrdAo8,47.6508,38.8806,0.00130964,7416,60.8061,high
videos,ohu35-D-MGw,47.6459,79.4098,0.59650053,2499,0.0,
videos,PAheLIlMZyg,47.641,79.4016,0.59627005,2500,0.0,
videos,3tSCwvZN-xw,47.636,79.3933,0.59612892,2501,0.0,
videos,a8EfFGeY9S8,47.6311,79.3851,0.59557217,2502,0.0,
videos,9hHjmU8GhsE,47.6303,38.79,0.00128851,7427,60.8908,high
videos,_l3_pb_FCL8,47.6261,79.3769,0.59553371,2503,0.0,
videos,Au-QYkwfiL8,47.6212,79.3686,0.59514929,2504,0.0,
videos,RrzlczO6Gso,47.6163,43.1009,0.00264602,6904,54.3894,high
videos,GFlFABWeqDc,47.6162,79.3604,0.59463824,2505,0.0,
videos,szYJSm5P0YE,47.6113,79.3521,0.59463316,2506,0.0,
videos,0X-hbmaZpJ0,47.6063,79.3439,0.59459448,2507,0.0,
videos,hVaiJCEw-fY,47.6014,79.3356,0.59433183,2508,0.0,
videos,YpOBx8xUEn8,47.6014,34.9654,0.00066457,7891,66.5553,high
videos,8IV57LdtmPw,47.5964,79.3274,0.59312652,2509,0.0,
videos,T0tju35dMpE,47.5915,79.3192,0.59285205,2510,0.0,
videos,GMzFwruVB1I,47.5865,79.3109,0.59258126,2511,0.0,
videos,cEq2N24mumA,47.5826,41.337,0.00195254,7118,56.9511,high
videos,AvQkqGIZgNA,47.5816,79.3027,0.59228041,2512,0.0,
videos,nj4Sab7uev8,47.5717,79.2862,0.59194014,2514,0.0,
videos,OvsuQcQseyY,47.5667,79.2779,0.59140677,2515,0.0,
videos,T7zkkWFVO_g,47.5656,41.8975,0.00213482,7050,56.0678,high
videos,EFv0fgGu8ws,47.5618,79.2697,0.59130665,2516,0.0,
videos,x84AuC_O734,47.5569,79.2615,0.59103124,2517,0.0,
videos,x0hjV9IcoEA,47.5519,79.2532,0.59061686,2518,0.0,
videos,krx15_X0p3U,47.547,79.245,0.59021389,2519,0.0,
videos,A8mTvjSW9vw,47.5433,40.2324,0.00164721,7252,58.5096,high
videos,ufOyCxmrRsw,47.542,79.2367,0.58976606,2520,0.0,
videos,Fmhm1lVFWDs,47.5371,79.2285,0.58943394,2521,0.0,
videos,mU0-tahee0o,47.5272,79.212,0.58841541,2523,0.0,
videos,ix7zi1s2uD0,47.5223,79.2038,0.58837766,2524,0.0,
videos,8_H9AcZnh3Y,47.5173,79.1955,0.58805198,2525,0.0,
videos,tESCPaZL2Ms,47.5147,41.3864,0.00197663,7112,56.7072,high
videos,cGbWTGwuUGA,47.5124,79.1873,0.58783521,2526,0.0,
videos,1iVB8LPzlWg,47.5081,39.1114,0.00137251,7388,60.1031,high
videos,tAMKHc2vYxE,47.4975,79.1625,0.58662892,2529,0.0,
videos,3p45o_c2WYY,47.4926,79.1543,0.58609644,2530,0.0,
videos,1baBzd1XPkU,47.4877,79.1461,0.58598087,2531,0.0,
videos,CWTArr3txPA,47.4827,79.1378,0.58590602,2532,0.0,
videos,O586xzaBhDA,47.4778,79.1296,0.58545264,2533,0.0,
videos,IX3BclbFTbw,47.4728,79.1213,0.5852888,2534,0.0,
videos,m-dWVnZaNjY,47.4679,79.1131,0.58526947,2535,0.0,
videos,ohpQ8F3MdKI,47.4629,79.1048,0.58515188,2536,0.0,
videos,t_eE0tsF_ZA,47.458,79.0966,0.58459369,2537,0.0,
videos,4geGZSM6kZ4,47.453,79.0884,0.58431806,2538,0.0,
videos,Yv5t9wp5KlE,47.4481,34.9324,0.00066116,7895,66.2217,high
videos,BOmc_wliaRg,47.4481,79.0801,0.58409274,2539,0.0,
videos,g_vrtMjtyb8,47.4468,41.5842,0.00204565,7088,56.2407,high
videos,VkEx1SPkYHI,47.4431,79.0719,0.58375798,2540,0.0,
videos,4zIesveigJU,47.4382,79.0636,0.58315039,2541,0.0,
videos,VjX9YbxYBMw,47.4351,37.8586,0.00110259,7540,61.7998,high
videos,JCxVkNzpQQc,47.4332,79.0554,0.58312946,2542,0.0,
videos,L4UTnaytM8o,47.4283,79.0471,0.58310877,2543,0.0,
videos,1c7jbaVeggA,47.4282,37.2486,0.00100726,7614,62.6976,high
videos,1PIbKMyFMAY,47.4233,79.0389,0.58300567,2544,0.0,
videos,cKS827ygK-o,47.4184,79.0307,0.58232747,2545,0.0,
videos,cnM2xdHMqDU,47.4174,30.6462,0.00031028,8415,72.5743,high
videos,s8y3194FQLg,47.4167,38.4355,0.00121339,7470,60.8886,high
videos,d3hBFmmJIxQ,47.4164,38.5592,0.0012313,7455,60.7023,high
videos,pOpPXg-uX64,47.4134,79.0224,0.58220159,2546,0.0,
videos,SA7c_6a-tj0,47.4085,79.0142,0.58178372,2547,0.0,
videos,MYHiaHDLDB8,47.4067,38.0729,0.00113393,7514,61.4074,high
videos,YlefWQlib8I,47.4035,79.0059,0.58104637,2548,0.0,
videos,stN8knAV66o,47.3986,78.9977,0.58099127,2549,0.0,
videos,TXGlCdG0Rww,47.3936,78.9894,0.58090586,2550,0.0,
videos,W1MdT50j3w0,47.3907,37.5783,0.00105847,7574,62.1093,high
videos,Mgi5djakpus,47.3887,78.9812,0.58088402,2551,0.0,
videos,Xr7JuNajX1E,47.3838,78.973,0.58074743,2552,0.0,
videos,MeshWcsTC-g,47.3788,78.9647,0.58043994,2553,0.0,
videos,ItA_q-wCkQM,47.3739,78.9565,0.58042436,2554,0.0,
videos,mCc1oPC5f-8,47.3689,78.9482,0.58018747,2555,0.0,
videos,eACPFk8m594,47.364,78.94,0.58008423,2556,0.0,
videos,49out-fEnjU,47.3591,78.9318,0.58000552,2557,0.0,
videos,1orz7gMycxY,47.3541,78.9235,0.5798969,2558,0.0,
videos,KVFrBtkLg4I,47.3492,78.9153,0.57981594,2559,0.0,
videos,z3tFS1icGjM,47.3442,78.907,0.57968528,2560,0.0,
videos,pYnAGdEo7P8,47.3432,42.8454,0.00256444,6935,54.0899,high
videos,VaEHb3Bxpdw,47.3393,78.8988,0.57967723,2561,0.0,
videos,vGLwvt0YVWE,47.3343,78.8905,0.57964659,2562,0.0,
videos,NZNz-Q1hXKQ,47.3294,78.8823,0.57964186,2563,0.0,
videos,vg9owOLbmvA,47.3266,30.5638,0.00030664,8425,72.4709,high
videos,zQpo7aC-2KQ,47.326,40.3726,0.00167483,7235,57.756,high
videos,ZRLXOx8RSok,47.3245,78.8741,0.57922398,2564,0.0,
videos,0MjngPFBYn4,47.3195,78.8658,0.578167,2565,0.0,
videos,CbDN7o5Ed_M,47.315,36.1853,0.00084631,7743,64.0095,high
videos,jbm9i7D8ues,47.3146,78.8576,0.5779065,2566,0.0,
videos,8Uc38P74EPA,47.3047,78.8411,0.57736826,2568,0.0,
videos,uzXoIp928W4,47.2997,78.8328,0.57722012,2569,0.0,
videos,6UPfq3KETg4,47.2982,39.8368,0.00155207,7300,58.4902,high
videos,sYb7oV8kc-4,47.2948,78.8246,0.57716104,2570,0.0,
videos,YjBp3Kvjvmo,47.2898,78.8164,0.57653907,2571,0.0,
videos,jq13xKXOkhM,47.2849,78.8081,0.5761458,2572,0.0,
videos,dhI4djOVEmI,47.2799,78.7999,0.57565267,2573,0.0,
videos,qnp-TzvWlD0,47.275,78.7916,0.57558802,2574,0.0,
videos,9zUupCK_Gww,47.27,78.7834,0.57507325,2575,0.0,
videos,WcfzxtW0rE0,47.2693,39.2104,0.00139504,7376,59.3577,high
videos,H2W4SX6eZfo,47.2651,78.7751,0.57446809,2576,0.0,
videos,QQ8qnzmOE8c,47.2632,40.7517,0.00178259,7189,57.0304,high
videos,03t_G_bCxzQ,47.2601,78.7669,0.57430218,2577,0.0,
videos,16CW_F8gesg,47.2552,78.7587,0.57394856,2578,0.0,
videos,hn6SJPFZy_E,47.2502,78.7504,0.5738522,2579,0.0,
videos,ckyeC880OPA,47.2485,33.9763,0.00055701,8011,67.1569,high
videos,3jf0LaFAy_M,47.2453,78.7422,0.57322193,2580,0.0,
videos,LcdlKkauUZA,47.2403,78.7339,0.57273502,2581,0.0,
videos,UOef-z5X3SU,47.2357,32.9624,0.00045773,8134,68.6457,high
videos,aF-76AIWXJE,47.2354,78.7257,0.57128386,2582,0.0,
videos,nM4RVn1Anlk,47.2304,78.7174,0.57099792,2583,0.0,
videos,bsmlkq6V7jE,47.2255,78.7092,0.57077657,2584,0.0,
videos,KRVteichGgA,47.2206,78.701,0.56995523,2585,0.0,
videos,Ak3qsWGQUjo,47.2161,42.3096,0.00227923,7000,54.5759,high
videos,4-ITWxIi1cg,47.2156,78.6927,0.56904557,2586,0.0,
videos,5A2JsHpxnaw,47.2107,78.6845,0.5687253,2587,0.0,
videos,-iy0orMD6VM,47.2057,78.6762,0.56821765,2588,0.0,
videos,bw8cQiix-EQ,47.2008,78.668,0.56805603,2589,0.0,
videos,7n8fMSS_Kn4,47.1958,78.6597,0.56762547,2590,0.0,
videos,ulRH0rx4jgA,47.1938,36.7623,0.00091631,7673,62.8411,high
videos,1d-_RuGB_QY,47.1909,78.6515,0.56754726,2591,0.0,
videos,NXaPeWSAkOQ,47.186,78.6433,0.5674132,2592,0.0,
videos,mSEEpJYlhng,47.1839,40.8259,0.00179483,7180,56.7208,high
videos,g4SONuLCLLY,47.181,78.635,0.56662391,2593,0.0,
videos,1d8_WL_NGaA,47.1761,78.6268,0.56613586,2594,0.0,
videos,TEkng3dOlsU,47.1716,41.4524,0.00200112,7104,55.7504,high
videos,atx_IO8e76g,47.1711,78.6185,0.56602816,2595,0.0,
videos,N8Bc_M2Ew2E,47.1682,36.3172,0.00086224,7727,63.4446,high
videos,XTE_EQTXW2g,47.1662,78.6103,0.56599808,2596,0.0,
videos,Xf_v62TQOx4,47.1602,40.7435,0.00178227,7190,56.7853,high
videos,xb0TTK73kZI,47.1563,78.5938,0.56542492,2598,0.0,
videos,GCNe8wLCPco,47.1514,78.5856,0.56501894,2599,0.0,
videos,19DUtko6ngs,47.1464,78.5773,0.56360477,2600,0.0,
videos,Dezy4j2dP2Q,47.1415,78.5691,0.56353735,2601,0.0,
videos,EAXUtRZbK4U,47.1316,78.5526,0.56345933,2603,0.0,
videos,NSIKf3dFjUc,47.1266,78.5443,0.56303131,2604,0.0,
videos,GAdh7t0-6-c,47.1217,78.5361,0.56299578,2605,0.0,
videos,XHtF470nG-Q,47.1167,78.5279,0.56294258,2606,0.0,
videos,al9cgQd-8ns,47.112,39.3422,0.00142687,7360,58.7668,high
videos,I6B-2cpew4o,47.1118,78.5196,0.56291262,2607,0.0,
videos,53cfZgDxEWY,47.1068,78.5114,0.56175171,2608,0.0,
videos,DItiJZNLxAA,47.1025,38.8477,0.00130073,7420,59.4848,high
videos,LZ0q60FFO9s,47.1019,78.5031,0.56175036,2609,0.0,
videos,PeFJWx_WIXA,47.0969,78.4949,0.56159896,2610,0.0,
videos,rS53fN0Dozg,47.0949,38.7405,0.00127753,7433,59.6265,high
videos,dPWwCurKAI8,47.0939,39.4247,0.00144724,7350,58.5976,high
videos,ePk4qia2JCw,47.092,78.4866,0.56030754,2611,0.0,
videos,lXVyuiseTsQ,47.087,78.4784,0.56000502,2612,0.0,
videos,tnhwFHKwlF8,47.0821,78.4702,0.55998235,2613,0.0,
videos,X84NGQIvwr4,47.0777,32.7811,0.00044302,8156,68.5227,high
videos,ghdmiKicoP4,47.0771,78.4619,0.55889384,2614,0.0,
videos,37lCHGgjFKA,47.0743,34.0504,0.00056669,8002,66.6101,high
videos,0BmQZNuRRd0,47.0722,78.4537,0.55855774,2615,0.0,
videos,aYrajsC3aXc,47.0623,78.4372,0.55841334,2617,0.0,
videos,knjiJaCp5Cg,47.0573,78.4289,0.5583938,2618,0.0,
videos,hN8JVPGMZ_Q,47.0524,78.4207,0.55832933,2619,0.0,
videos,DmcKWMeNWaQ,47.0475,78.4125,0.55828969,2620,0.0,
videos,75QtulYanTE,47.0425,78.4042,0.55775302,2621,0.0,
videos,udziTdQ0BmA,47.0409,36.243,0.00085398,7736,63.2378,high
videos,yRPNgh9PtrM,47.0277,78.3795,0.55660715,2624,0.0,
videos,E1hEb_ibUtM,47.0227,78.3712,0.5563734,2625,0.0,
videos,J5Kyd3ZPhAM,47.0178,78.363,0.55636153,2626,0.0,
videos,O1I7LNaiVhY,47.0079,78.3465,0.55549618,2628,0.0,
videos,tzfMNYni1lg,47.003,78.3383,0.55366154,2629,0.0,
videos,VBq-JPSyAzg,46.998,78.33,0.55200415,2630,0.0,
videos,yBa5zEVyoOI,46.9931,78.3218,0.55183372,2631,0.0,
videos,Xpb3DKCRL2c,46.993,40.3973,0.00168109,7232,56.8866,high
videos,PB8bvayZcqs,46.9836,42.7052,0.00248195,6952,53.4012,high
videos,ulc92p9URRA,46.9832,78.3053,0.55174527,2633,0.0,
videos,enQeP-ztP5A,46.9792,40.2654,0.0016583,7248,57.0498,high
videos,_czFiCqg6pc,46.9783,78.2971,0.55159245,2634,0.0,
videos,GyYyEgyTkUk,46.9753,34.0669,0.00056975,8000,66.3379,high
videos,qQ7YUgA4-4U,46.9733,78.2888,0.55123788,2635,0.0,
videos,qiKA7NePGmA,46.9692,40.4138,0.00169102,7230,56.8023,high
videos,KhY2AwCCdyc,46.9684,78.2806,0.55116832,2636,0.0,
videos,zkmezdV88JA,46.9634,78.2723,0.550807,2637,0.0,
videos,T34ygnCahZc,46.9607,38.0317,0.00112631,7519,60.3541,high
videos,9YcNyD7Nqdk,46.9585,78.2641,0.55065324,2638,0.0,
videos,Vs0jspGPKNk,46.9535,78.2559,0.550645,2639,0.0,
videos,sk9Qh9i2pwE,46.9486,78.2476,0.55037082,2640,0.0,
videos,gqeZsqzrCts,46.9475,37.5618,0.00105725,7576,61.026,high
videos,gpnRn3UuFOc,46.9436,78.2394,0.55032538,2641,0.0,
videos,txL-eAZUbbc,46.9387,78.2311,0.54991863,2642,0.0,
videos,PBSfVYCik18,46.9337,78.2229,0.54973667,2643,0.0,
videos,IeMoovJ9gTA,46.9303,38.2212,0.00116432,7496,59.9939,high
videos,mLEKmwFm_tk,46.9288,78.2146,0.54958098,2644,0.0,
videos,BzKf9haIml0,46.9238,78.2064,0.54954746,2645,0.0,
videos,yemarhfhVA0,46.9189,78.1982,0.54816817,2646,0.0,
videos,mTUcuzVV1Qs,46.9139,78.1899,0.54800681,2647,0.0,
videos,YN1Yz2y3XXY,46.909,78.1817,0.54799841,2648,0.0,
videos,IG7JOEPFxuM,46.9079,37.5371,0.00105274,7579,60.964,high
videos,v5HxYeboDIg,46.9046,32.2041,0.00040585,8226,68.9554,high
videos,ZgwnaomNhhw,46.904,78.1734,0.54758673,2649,0.0,
videos,HmtQLhc0A9o,46.902,42.4415,0.00234526,6984,53.5928,high
videos,AAMMw72WbFo,46.8991,78.1652,0.546803,2650,0.0,
videos,3bfYUq4e3jo,46.8941,78.1569,0.54581238,2651,0.0,
videos,UqZySDrwmRs,46.8908,37.2074,0.00100156,7619,61.4159,high
videos,PiTPaVJO2OM,46.8892,78.1487,0.54545438,2652,0.0,
videos,shkHigLwBnM,46.8835,41.2463,0.00191462,7129,55.3394,high
videos,e11XiB0ZgH0,46.8793,78.1322,0.54454542,2654,0.0,
videos,vNXlUiQ29Ns,46.8744,78.124,0.54316009,2655,0.0,
videos,Y-TdXvlZYRI,46.8694,78.1157,0.54264716,2656,0.0,
videos,kBctc9rV__4,46.8645,78.1075,0.54130584,2657,0.0,
videos,tbjFcUnrT0k,46.8595,78.0992,0.54108955,2658,0.0,
videos,sUlt_4iBrtM,46.8546,78.091,0.54056814,2659,0.0,
videos,LZAc3Y53IvM,46.8497,78.0828,0.5403647,2660,0.0,
videos,Ip5c3fscv88,46.8447,78.0745,0.53999169,2661,0.0,
videos,EyaTmgqAAM8,46.8398,78.0663,0.53991167,2662,0.0,
videos,kHCCrOequqU,46.8348,78.058,0.53938131,2663,0.0,
videos,55Dp3MCUYF0,46.8305,41.3287,0.00195091,7119,55.0832,high
videos,6PpbUsx7Ldc,46.8299,78.0498,0.53876339,2664,0.0,
videos,ijj-qB6xl3U,46.8249,78.0415,0.53874519,2665,0.0,
videos,P3s6TvDcZ0E,46.8235,37.3063,0.0010129,7607,61.0992,high
videos,D_FCYsshMI4,46.82,78.0333,0.53812711,2666,0.0,
videos,8NzHdmT66J0,46.8151,78.0251,0.53807022,2667,0.0,
videos,sdmfFBn2wxc,46.8101,78.0168,0.53778407,2668,0.0,
videos,yl5KGwzgpDQ,46.8052,78.0086,0.53697996,2669,0.0,
videos,5pbJSJHeyzI,46.8002,78.0003,0.53664388,2670,0.0,
videos,cz2r6s0uBaQ,46.7903,77.9838,0.53636024,2672,0.0,
videos,OLfpKOk43g0,46.7854,77.9756,0.53609345,2673,0.0,
videos,I774Y05mMVQ,46.7804,77.9674,0.53537778,2674,0.0,
videos,Wwb_o1M78qk,46.7782,37.1744,0.00099423,7623,61.1838,high
videos,2JhSWzxzLXA,46.7755,77.9591,0.5352826,2675,0.0,
videos,rg1PhRvmFXk,46.7749,37.4876,0.00104644,7585,60.7058,high
videos,D9h0t2oDJtc,46.7705,77.9509,0.53506984,2676,0.0,
videos,kvcX6Ff5qfw,46.7656,77.9426,0.53496132,2677,0.0,
videos,Ai2ZnwC5ZZM,46.7628,32.3772,0.00041796,8205,68.3412,high
videos,my-cDezCrBg,46.7606,77.9344,0.53463795,2678,0.0,
videos,0EqJD2o-Mnk,46.7557,77.9261,0.53381333,2679,0.0,
videos,UCK-jSwj_dM,46.7517,41.9799,0.00215583,7040,53.9094,high
videos,DWrSevVqSAo,46.7507,77.9179,0.53357932,2680,0.0,
videos,nG2ITQsMDs8,46.7408,77.9014,0.53314211,2682,0.0,
videos,IwVtjzoJH0k,46.7359,77.8932,0.5331381,2683,0.0,
videos,vC9ACBOtCkw,46.7342,35.122,0.00067929,7872,64.1524,high
videos,iE-kxbceoKg,46.7309,77.8849,0.53239935,2684,0.0,
videos,yhuivB5l4dQ,46.7289,35.6166,0.00074081,7812,63.3973,high
videos,REqO01HPz44,46.726,77.8767,0.53214808,2685,0.0,
videos,SbrEk_tXZaE,46.721,77.8684,0.53214432,2686,0.0,
videos,QP_SkPJHOCg,46.7179,41.0979,0.00187257,7147,55.148,high
videos,6SyXEBE2WiQ,46.7161,77.8602,0.53174945,2687,0.0,
videos,--FeLbR4WnM,46.7112,77.852,0.53151416,2688,0.0,
videos,1V5DsMna8bE,46.7062,77.8437,0.53059513,2689,0.0,
videos,prgDsfbU_10,46.7013,77.8355,0.53059354,2690,0.0,
videos,aqTmyo1YZ8s,46.6963,77.8272,0.53008738,2691,0.0,
videos,Ttqm-9rG0rs,46.6914,77.819,0.53002519,2692,0.0,
videos,3Q5bbwYgmMY,46.6899,38.996,0.00133511,7402,58.2307,high
videos,pFzQQNeNsfc,46.6886,38.4438,0.00121426,7469,59.0557,high
videos,4BDfHwFifUU,46.6864,77.8107,0.52943632,2693,0.0,
videos,k3wiE1KtSW4,46.6815,77.8025,0.52918023,2694,0.0,
videos,yxrvpTSXORY,46.6716,77.786,0.52870222,2696,0.0,
videos,0nJCa9ucGPY,46.6667,77.7778,0.52856586,2697,0.0,
videos,h-7wiCu_yh0,46.6617,77.7695,0.5285426,2698,0.0,
videos,ZB9IMq0ee0k,46.6572,32.6409,0.00043501,8173,67.6817,high
videos,vCMOT7RkU5Q,46.6568,77.7613,0.52847062,2699,0.0,
videos,mBFOBJiVLrM,46.6518,77.753,0.52831419,2700,0.0,
videos,Ff3IDXMNAWc,46.6489,37.3722,0.00102607,7599,60.5639,high
videos,sIrtpVcFJ9c,46.6469,77.7448,0.52809274,2701,0.0,
videos,JMWu0LBKfQc,46.642,77.7366,0.52801768,2702,0.0,
videos,gEqtBuQyp34,46.6409,40.3314,0.00166824,7240,56.1052,high
videos,pvRKgRw_CRc,46.6395,38.8971,0.00131085,7414,58.2532,high
videos,0xdUwVBTd4A,46.637,77.7283,0.52797409,2703,0.0,
videos,jTKlkrRwlLY,46.6321,77.7201,0.52700048,2704,0.0,
videos,IPp_3imIIOg,46.6271,77.7118,0.52657315,2705,0.0,
videos,Vzj1OG0NlJk,46.6222,77.7036,0.52649811,2706,0.0,
videos,x9tIIhtNVIw,46.6172,77.6954,0.52616047,2707,0.0,
videos,hCUX1PF8Mvw,46.6123,77.6871,0.52561748,2708,0.0,
videos,H0iDCysr6fg,46.6073,77.6789,0.52559167,2709,0.0,
videos,RvCT57c2Fdc,46.6024,77.6706,0.52552976,2710,0.0,
videos,jIH18_Sl6go,46.5974,77.6624,0.52546385,2711,0.0,
videos,eiHzG5zvkb4,46.5925,77.6541,0.52393999,2712,0.0,
videos,tU-kiO78NJU,46.5879,38.2295,0.00116563,7495,59.1254,high
videos,-GDqk_AKCt8,46.5875,77.6459,0.52286206,2713,0.0,
videos,nHcRyeZvVjo,46.5844,36.0946,0.00082659,7754,62.319,high
videos,TyGoMtXLLBU,46.5826,77.6377,0.52246111,2714,0.0,
videos,DA8KegRNvGU,46.5776,77.6294,0.52232148,2715,0.0,
videos,q8XkUS4Qo9I,46.5757,38.1306,0.00114265,7507,59.2433,high
videos,oOLYgK6RqS4,46.5741,29.3439,0.00025857,8573,72.4193,high
videos,WtCW2Zj-KNw,46.5727,77.6212,0.52158929,2716,0.0,
videos,l5F9zhSY2fk,46.5677,77.6129,0.52153366,2717,0.0,
videos,W4BkgA1P27o,46.5674,35.361,0.00071176,7843,63.377,high
videos,olPzERd1vlQ,46.5628,77.6047,0.5214328,2718,0.0,
videos,cgEjh02Imyc,46.5621,42.0046,0.00216762,7037,53.3984,high
videos,YT9sICsBz_8,46.5578,77.5964,0.52115119,2719,0.0,
videos,t_zH_sEoFC0,46.5529,77.5882,0.52059076,2720,0.0,
videos,VJ9b4raXaNA,46.548,77.58,0.52051111,2721,0.0,
videos,dfIH-j2OVxE,46.543,77.5717,0.51964419,2722,0.0,
videos,gceQUyPpIPo,46.5381,77.5635,0.51957629,2723,0.0,
videos,XXZ2wOom1l0,46.5331,77.5552,0.51927206,2724,0.0,
videos,oVE7ZdxUsnI,46.5282,77.547,0.51926632,2725,0.0,
videos,sGXGy37AKcE,46.5232,77.5387,0.51903524,2726,0.0,
videos,jMqPo59wJfA,46.5226,38.9136,0.00131367,7412,57.9362,high
videos,pdNaIhcp3z4,46.5205,40.8094,0.00179158,7182,55.0871,high
videos,2gDqAfnjLi0,46.5134,77.5223,0.51757668,2728,0.0,
videos,1X8BPKi1kP8,46.5108,37.2568,0.00100731,7613,60.3919,high
videos,d762QuynWP0,46.5084,77.514,0.51753764,2729,0.0,
videos,fDMlK242ed8,46.5035,77.5058,0.5174038,2730,0.0,
videos,ZpyT24wMd4g,46.4985,77.4975,0.51733931,2731,0.0,
videos,1xPBSztGnhg,46.4962,33.5476,0.00050698,8063,65.919,high
videos,INj5n4ISAi0,46.4936,77.4893,0.51675739,2732,0.0,
videos,t3Jk3IeBqwU,46.4886,77.481,0.51659231,2733,0.0,
videos,fr78adfAnuA,46.4837,77.4728,0.51657447,2734,0.0,
videos,ugJqzLXXnMM,46.4829,39.5153,0.00146942,7339,56.9343,high
videos,mqjs_l9qh3E,46.4788,77.4646,0.51645617,2735,0.0,
videos,aX6S_BxxvIU,46.4738,77.4563,0.5162464,2736,0.0,
videos,24uiblL74Tc,46.4689,77.4481,0.51592636,2737,0.0,
videos,r6AB_e8Rk1I,46.4649,38.8229,0.00129719,7423,57.9278,high
videos,PIN5yz8JrRA,46.4639,77.4398,0.51477078,2738,0.0,
videos,DKwT_n2t7_s,46.459,77.4316,0.51475648,2739,0.0,
videos,xnf6PpalDz8,46.4554,36.2842,0.00085847,7731,61.7122,high
videos,0Z99XJ8lpUU,46.454,77.4233,0.51441634,2740,0.0,
videos,riV3nYQKPGU,46.4532,37.2816,0.00101173,7610,60.2105,high
videos,b9hYiMq9hnY,46.4491,77.4151,0.51398175,2741,0.0,
videos,Xxhgze_7iEE,46.4441,77.4069,0.51193688,2742,0.0,
videos,jQvv7CskMuo,46.4392,77.3986,0.51149015,2743,0.0,
videos,8nwaOxXIj0g,46.4342,77.3904,0.51086936,2744,0.0,
videos,yGWy5zJbbhg,46.4243,77.3739,0.5103458,2746,0.0,
videos,qGoVxKQq5T8,46.4194,77.3656,0.5090157,2747,0.0,
videos,VETzcgrypjU,46.4175,39.029,0.00134357,7398,57.5002,high
videos,JZSXOH5jm6A,46.4159,36.4491,0.00087774,7711,61.3662,high
videos,Cp3DxMyEBIM,46.4144,77.3574,0.50877393,2748,0.0,
videos,m3kbI11qeY8,46.413,37.5865,0.00106193,7573,59.6528,high
videos,fabe7nYQa1Q,46.4124,37.6442,0.00107249,7566,59.5646,high
videos,VTgZ1owPRLU,46.4095,77.3492,0.50790216,2749,0.0,
videos,0xt5-FTpASM,46.4045,77.3409,0.50759572,2750,0.0,
videos,TujEg1se4rM,46.3996,77.3327,0.50726128,2751,0.0,
videos,1hXlmtWpVR8,46.3946,77.3244,0.50673848,2752,0.0,
videos,07b3ZG7F7Mw,46.3897,77.3162,0.50599848,2753,0.0,
videos,KTBH4VEORyE,46.3798,77.2997,0.50577457,2755,0.0,
videos,QP_q1wRdTbA,46.3749,77.2915,0.50557545,2756,0.0,
videos,L60f8pNQjts,46.3737,38.5922,0.00123775,7451,58.0459,high
videos,Fw4LS0cvgYA,46.3699,77.2832,0.50555836,2757,0.0,
videos,LxF0rj98s5w,46.365,77.275,0.50526751,2758,0.0,
videos,RoDiW4NM19c,46.36,77.2667,0.5047142,2759,0.0,
videos,Ra4MCf0OW4g,46.3552,36.8117,0.00093198,7667,60.6704,high
videos,tVpky2riji0,46.3551,77.2585,0.50457558,2760,0.0,
videos,dYJM9jmLBzY,46.3528,31.182,0.00034082,8350,69.1089,high
videos,IYIyagBdheE,46.3501,77.2502,0.5042107,2761,0.0,
videos,VqkXjiEOJyg,46.3452,77.242,0.50347652,2762,0.0,
videos,7IL0scdhgJA,46.3424,32.0392,0.00039554,8246,67.7972,high
videos,v6dXMcuUa9A,46.3403,77.2338,0.50319722,2763,0.0,
videos,o-x8pPo4gJY,46.3353,36.7293,0.00091094,7677,60.7442,high
videos,YfxcaroWAAw,46.3353,77.2255,0.50306373,2764,0.0,
videos,pOHootdDBwY,46.3304,77.2173,0.5030362,2765,0.0,
videos,EByy5c7TY9Q,46.3254,77.209,0.50302046,2766,0.0,
videos,TGqdUZhZ8gQ,46.3205,77.2008,0.50290053,2767,0.0,
videos,ck6PEhm-KZc,46.3155,77.1925,0.50216415,2768,0.0,
videos,EFhMcL3Kf1c,46.3106,77.1843,0.50108718,2769,0.0,
videos,dunw8eexbQs,46.3057,77.1761,0.49994933,2770,0.0,
videos,6SOwrXUFfL0,46.3007,77.1678,0.49983585,2771,0.0,
videos,dxtueGZWjzk,46.2958,77.1596,0.4997881,2772,0.0,
videos,1BsPEXdSQwU,46.2908,77.1513,0.4997189,2773,0.0,
videos,oTTaZz8PJsI,46.2859,77.1431,0.49941405,2774,0.0,
videos,TZKW_UB1Obw,46.2809,77.1348,0.49936263,2775,0.0,
videos,_7ImG2rFnsY,46.276,77.1266,0.49905086,2776,0.0,
videos,TWofLfVmeBw,46.271,77.1184,0.49887547,2777,0.0,
videos,76jUBTqsDnM,46.2661,77.1101,0.49793505,2778,0.0,
videos,UsiLjWbpQ08,46.2611,77.1019,0.49785246,2779,0.0,
videos,VJCNVbL92GE,46.2603,34.9736,0.00066488,7890,63.1903,high
videos,8TvXfc1pnaE,46.2562,77.0936,0.49750776,2780,0.0,
videos,plj8T_XVxqI,46.2512,77.0854,0.49747067,2781,0.0,
videos,BqtCN12mmu4,46.2463,77.0772,0.4965494,2782,0.0,
videos,YQVP2Tx6h3U,46.2413,77.0689,0.49575028,2783,0.0,
videos,L_0nPnYHr5Q,46.2364,77.0607,0.49563143,2784,0.0,
videos,okJZ9BzSZr0,46.2314,77.0524,0.49529425,2785,0.0,
videos,O2XIx9kJDiw,46.2265,77.0442,0.49517911,2786,0.0,
videos,SdJlnXMaO8k,46.2215,77.0359,0.49498672,2787,0.0,
videos,2ZYA3Gmnf2M,46.2166,77.0277,0.49497914,2788,0.0,
videos,DLP9CagE3dU,46.2117,77.0195,0.49495509,2789,0.0,
videos,Adk9P3j9y_c,46.2067,77.0112,0.49480401,2790,0.0,
videos,8QXVD09EVlE,46.2018,77.003,0.49454179,2791,0.0,
videos,5a0Ickv5Rjo,46.1987,31.8579,0.00038295,8268,67.7098,high
videos,8q17rm4k3J0,46.1975,37.3805,0.00102634,7598,59.4231,high
videos,UzMz60Wsznc,46.1968,76.9947,0.49349505,2792,0.0,
videos,gsRLocZ2QYg,46.1919,76.9865,0.49289085,2793,0.0,
videos,Igzy68urzPw,46.189,33.7455,0.00053705,8039,64.8542,high
videos,jjnKT4sdlqU,46.1869,76.9782,0.49284588,2794,0.0,
videos,1Lj4UCuGnxM,46.182,76.97,0.49250215,2795,0.0,
videos,qPHdimo3N04,46.1771,76.9618,0.49111127,2796,0.0,
videos,le_sH481FtQ,46.1758,32.847,0.0004483,8148,66.1691,high
videos,SdMVuawZC2Y,46.1721,76.9535,0.49098176,2797,0.0,
videos,XnOCp1FgXmg,46.1672,76.9453,0.49077901,2798,0.0,
videos,PJuNbrSDgIo,46.1622,76.937,0.49064124,2799,0.0,
videos,vwn3TQALsL8,46.1573,76.9288,0.48984625,2800,0.0,
videos,liNXVGOB3PI,46.1568,38.5674,0.00123304,7454,57.5408,high
videos,LIFBbuJUYjA,46.1474,76.9123,0.48943384,2802,0.0,
videos,OtMyChFjtd4,46.1449,32.27,0.00041047,8218,66.9572,high
videos,nwhE3URMIA0,46.1446,35.2374,0.00069289,7858,62.5054,high
videos,tQjJ4kieJVg,46.1441,30.4319,0.00030167,8441,69.7125,high
videos,FkKrHI4Wn40,46.1425,76.9041,0.48916205,2803,0.0,
videos,MW2sTuhjUuc,46.1375,76.8958,0.48908066,2804,0.0,
videos,uzcOVUjKjNE,46.1326,76.8876,0.48871033,2805,0.0,
videos,Xquf7QPrH14,46.1277,36.0204,0.00081082,7763,61.2886,high
videos,Q6MtyDNXGA0,46.1276,76.8793,0.4886063,2806,0.0,
videos,8OjVlmrtW4M,46.1227,76.8711,0.48816879,2807,0.0,
videos,I_TjWdIzq_w,46.1213,39.9357,0.00158127,7288,55.3996,high
videos,KN9l4NayAGQ,46.1177,76.8628,0.48724759,2808,0.0,
videos,0fYKy5_0GPU,46.1128,76.8546,0.48702301,2809,0.0,
videos,ZIA81UKEMJA,46.1078,76.8464,0.48670926,2810,0.0,
videos,NkWtrW-9GDY,46.1018,34.273,0.00058419,7975,63.8449,high
videos,5HRVV5b1tNA,46.0979,76.8299,0.48603409,2812,0.0,
videos,0BmAZJHBsnw,46.0964,40.0429,0.0016107,7275,55.1766,high
videos,RFKoI4uqUeU,46.093,38.6416,0.00124592,7445,57.2702,high
videos,G6gzPX4bOwQ,46.093,76.8216,0.48516904,2813,0.0,
videos,kqo7-uNP3yU,46.0897,36.5232,0.00088154,7702,60.4394,high
videos,-04kPrguhYs,46.088,76.8134,0.48505931,2814,0.0,
videos,Q34_PsJaKqg,46.0831,76.8051,0.48477196,2815,0.0,
videos,hVZcYYLrm-s,46.0781,76.7969,0.48465711,2816,0.0,
videos,1vKSqDPsqwU,46.0753,34.1164,0.00057225,7994,64.0137,high
videos,jPNGoAbuv0o,46.0732,76.7887,0.48461078,2817,0.0,
videos,JwAJ5WCGY3g,46.0684,40.3561,0.0016732,7237,54.6368,high
videos,HsXxXpLQuLc,46.0682,76.7804,0.48444648,2818,0.0,
videos,vLivBWUZWO8,46.0633,76.7722,0.48406058,2819,0.0,
videos,_9bYQ2tvc_s,46.0583,76.7639,0.48290142,2820,0.0,
videos,M68fjT4He-0,46.0534,76.7557,0.48183985,2821,0.0,
videos,lw0cZsbeilg,46.0513,35.0973,0.00067625,7875,62.4824,high
videos,g1tZ8FGq5Ts,46.0484,76.7474,0.48163183,2822,0.0,
videos,arK03SGsllk,46.0435,76.7392,0.48133205,2823,0.0,
videos,GXe8xhgzDiY,46.0386,76.731,0.48129669,2824,0.0,
videos,3t7K34QRrQA,46.0336,76.7227,0.4802562,2825,0.0,
videos,c76LN_Ef3vE,46.0287,76.7145,0.48010949,2826,0.0,
videos,cVCb797AnZU,46.0245,39.0043,0.00133521,7401,56.5548,high
videos,cnbXB4rSLI8,46.0237,76.7062,0.47999752,2827,0.0,
videos,tSXoVcI1mK4,46.0188,76.698,0.47962825,2828,0.0,
videos,31Wxj0w7r7I,46.0184,33.391,0.00049339,8082,64.9596,high
videos,D37Ijn2o5U0,46.0138,76.6897,0.47887612,2829,0.0,
videos,RHGl4z7pF3g,46.0089,76.6815,0.47879675,2830,0.0,
videos,uwu6MoOumt4,46.0054,39.845,0.00155214,7299,55.246,high
videos,dz6RWwWsIzI,46.004,76.6733,0.47801801,2831,0.0,
videos,w7TDYgHlRzI,46.0031,39.3093,0.00141958,7364,56.0437,high
videos,13BEs4qBjyA,45.999,76.665,0.47693145,2832,0.0,
videos,bmFKBiEKM9g,45.9941,76.6568,0.47652318,2833,0.0,
videos,tpCG-QcXQOc,45.9891,76.6485,0.47623334,2834,0.0,
videos,F1gM7N-WXdU,45.9842,76.6403,0.47549107,2835,0.0,
videos,B7WrGHSFlb8,45.976,28.4702,0.00022812,8679,72.2346,high
videos,maN9QYhEtrk,45.9743,76.6238,0.47401817,2837,0.0,
videos,NvG61LZ0-Yg,45.9694,76.6156,0.47378164,2838,0.0,
videos,2FFoc89SAj0,45.9659,35.1467,0.00068045,7869,62.1946,high
videos,Ce01vLSZ6Is,45.9644,76.6073,0.47337584,2839,0.0,
videos,EKhrdU9bVZA,45.9545,76.5908,0.47290118,2841,0.0,
videos,sKmKejbeUYo,45.9539,37.0425,0.00097182,7639,59.3209,high
videos,T7_l896OH20,45.9496,76.5826,0.47255526,2842,0.0,
videos,Dj31uCMD2Kc,45.9446,76.5743,0.4725199,2843,0.0,
videos,5eSIhYuzDcU,45.9445,32.0475,0.00039629,8245,66.7899,high
videos,QBLH2Q3K_aE,45.9397,76.5661,0.47220906,2844,0.0,
videos,GA-f63wcO_M,45.9347,76.5579,0.47218762,2845,0.0,
videos,7U1AUkVOWtQ,45.9319,37.4217,0.00103473,7593,58.6973,high
videos,B8-RXz9W5SY,45.9277,34.9077,0.00065995,7898,62.4577,high
videos,IVJ3ZTdvYX8,45.9248,76.5414,0.47210827,2847,0.0,
videos,EXP0HIEdDTs,45.9199,76.5331,0.47181525,2848,0.0,
videos,EThlU0gzsXE,45.9149,76.5249,0.47056471,2849,0.0,
videos,8-bG9H8rLKE,45.91,76.5167,0.47039695,2850,0.0,
videos,WfOdKUQUXDQ,45.9056,34.8912,0.00065421,7900,62.4273,high
videos,KO9rFZY5vcE,45.905,76.5084,0.47031191,2851,0.0,
videos,mUjWC22JmWM,45.9001,76.5002,0.4696593,2852,0.0,
videos,mlCP7hiHPQk,45.8951,76.4919,0.46911038,2853,0.0,
videos,za-_137bVi8,45.8902,76.4837,0.46901574,2854,0.0,
videos,IuOgDMluIrg,45.8852,76.4754,0.46893649,2855,0.0,
videos,rf_3a-C7uGE,45.8803,76.4672,0.46849927,2856,0.0,
videos,88wl0Xdjdx4,45.8754,76.459,0.46730077,2857,0.0,
videos,x1-kAJ1n-XU,45.8753,40.2901,0.00166259,7245,54.2532,high
videos,X715ZTZDWVM,45.8704,76.4507,0.46687189,2858,0.0,
videos,kvBVzcC8tj8,45.8676,37.6113,0.00106477,7570,58.252,high
videos,ltKbsTflZCU,45.8671,40.5621,0.00172781,7212,53.8246,high
videos,Rvy2kXZpBtM,45.8655,76.4425,0.4666996,2859,0.0,
videos,N14hiQw7Wdk,45.8639,30.1682,0.00029041,8473,69.4074,high
videos,ql6DJBYNKXM,45.8605,76.4342,0.46660218,2860,0.0,
videos,ME8qPBAIDBA,45.8559,35.8721,0.00078806,7781,60.8316,high
videos,Z-3BpUrkKfg,45.8556,76.426,0.46654184,2861,0.0,
videos,gmBvblsCC2s,45.854,36.8694,0.00094379,7660,59.3308,high
videos,X1X4BJzJ0aQ,45.8506,76.4177,0.4662544,2862,0.0,
videos,p3H4VtxPNo4,45.8457,76.4095,0.46625208,2863,0.0,
videos,1fQWFO8KqxI,45.8432,37.4052,0.00103276,7595,58.5002,high
videos,Zu2Cu7SY4Po,45.8408,76.4013,0.4660238,2864,0.0,
videos,e7pyS6wca0s,45.8358,76.393,0.46580383,2865,0.0,
videos,ZJzm50d9Rns,45.8309,76.3848,0.46560239,2866,0.0,
videos,mOcbOEbc-44,45.8259,76.3765,0.46554005,2867,0.0,
videos,3YG8SQG2R4I,45.821,76.3683,0.46551345,2868,0.0,
videos,g4OnKPqnwrE,45.816,38.724,0.0012755,7435,56.4541,high
videos,BJfCCJES_dQ,45.816,76.36,0.46458096,2869,0.0,
videos,amwijO4u3yo,45.8111,76.3518,0.46405558,2870,0.0,
videos,ZawJ-KULtjw,45.8062,76.3436,0.46344478,2871,0.0,
videos,UMweRmmqMFg,45.8053,36.5315,0.00088218,7701,59.716,high
videos,ZhTugt9r5tA,45.8012,76.3353,0.46290226,2872,0.0,
videos,aeDkK5plJLs,45.7913,76.3188,0.46214701,2874,0.0,
videos,mQR17nCXUSA,45.784,34.7263,0.00063538,7920,62.3705,high
videos,VBA8jLe2EuU,45.7814,76.3023,0.46175955,2876,0.0,
videos,xljIGqtOGEE,45.7802,39.2186,0.00139876,7375,55.6227,high
videos,CTENohVgxSA,45.7765,76.2941,0.46167625,2877,0.0,
videos,76RH7lhULJ8,45.7715,76.2859,0.46136705,2878,0.0,
videos,qwaFC40gNFs,45.7666,76.2776,0.46095886,2879,0.0,
videos,oOYcBjAYb7E,45.7567,76.2611,0.46043317,2881,0.0,
videos,Jalxbh61RCE,45.7517,76.2529,0.46041836,2882,0.0,
videos,-rSfdBZkGy4,45.7468,76.2446,0.46032174,2883,0.0,
videos,-EyztyLPpDw,45.7418,76.2364,0.46006949,2884,0.0,
videos,VjqsnOrW3AM,45.7369,76.2282,0.46001649,2885,0.0,
videos,0-8VdjgC8-I,45.7319,76.2199,0.45860843,2886,0.0,
videos,FI_bEu8JvFA,45.722,76.2034,0.45832138,2888,0.0,
videos,MSi2k82DDGk,45.7171,76.1952,0.45827285,2889,0.0,
videos,AxHTi--S-sU,45.7085,32.7069,0.0004384,8165,65.211,high
videos,J-sxncIbqOs,45.7072,76.1787,0.45786991,2891,0.0,
videos,bzfZfi62peQ,45.7023,76.1705,0.45747302,2892,0.0,
videos,8pKxAdByqlk,45.6973,76.1622,0.45744709,2893,0.0,
videos,578pfcQogLs,45.697,40.727,0.0017757,7192,53.1521,high
videos,Uco9nJ92hEc,45.6924,76.154,0.45724028,2894,0.0,
videos,dL8TcJLR_ek,45.6874,76.1457,0.45710884,2895,0.0,
videos,cN3OQwt7vhY,45.6865,39.878,0.00156474,7295,54.3992,high
videos,qN7Yy7UbAiQ,45.6825,76.1375,0.45693159,2896,0.0,
videos,IldLswg2yAM,45.6775,76.1292,0.45680053,2897,0.0,
videos,3SJx689S7go,45.6727,32.6986,0.00043624,8166,65.1339,high
videos,VEgEiMqIvDI,45.6726,76.121,0.4564456,2898,0.0,
videos,vVkuYO9M3No,45.6677,76.1128,0.45628581,2899,0.0,
videos,XUBHmP0aEgw,45.6627,76.1045,0.45560548,2900,0.0,
videos,Kj78oDDqIAs,45.6578,76.0963,0.45492829,2901,0.0,
videos,D6_VzrXZcBI,45.6528,76.088,0.45436942,2902,0.0,
videos,yLPcc1QRnbk,45.6479,76.0798,0.45392706,2903,0.0,
videos,qKEeSRP8SPs,45.6429,76.0715,0.45345129,2904,0.0,
videos,v7-Mtc__l6A,45.638,76.0633,0.45324091,2905,0.0,
videos,0aDOxqV-rRA,45.6331,76.0551,0.45313016,2906,0.0,
videos,POG_LjCXLlI,45.6281,76.0468,0.45300754,2907,0.0,
videos,6YRdakTM64M,45.6271,39.4329,0.00145087,7349,54.9184,high
videos,ZBcnDPA9mU0,45.6232,76.0386,0.45297197,2908,0.0,
videos,RnC-1W1LyuM,45.6182,76.0303,0.45291798,2909,0.0,
videos,VLxEWJ0WeQo,45.6133,76.0221,0.4526644,2910,0.0,
videos,ZOlItZe_gaU,45.6083,76.0138,0.45245874,2911,0.0,
videos,ta6IgnUCUm0,45.6034,76.0056,0.45241562,2912,0.0,
videos,xLKaXws6-cg,45.5984,75.9974,0.451715,2913,0.0,
videos,X9LVL35yvio,45.5935,75.9891,0.45165607,2914,0.0,
videos,OI-_1XQeI8w,45.5885,75.9809,0.4507797,2915,0.0,
videos,3Mya5wPp88Q,45.5836,75.9726,0.45062027,2916,0.0,
videos,AF-yLgeEff4,45.5786,75.9644,0.45053573,2917,0.0,
videos,2dDJJ7oL46s,45.5737,75.9561,0.44974389,2918,0.0,
videos,H8cY-q_g4Is,45.5721,37.0013,0.00096153,7644,58.4282,high
videos,AI8-LnSStyA,45.5698,39.6555,0.00150515,7322,54.4413,high
videos,gDP0wcZLP9w,45.5687,75.9479,0.44969945,2919,0.0,
videos,WSi_IaIn9wE,45.5638,75.9397,0.44923362,2920,0.0,
videos,pSHl5D8WZOs,45.5539,75.9232,0.44819273,2922,0.0,
videos,FNoHEr0lyLk,45.5489,75.9149,0.44818641,2923,0.0,
videos,RHAbRFM6xF8,45.544,75.9067,0.44742582,2924,0.0,
videos,bJ91mBGQ-7I,45.5388,36.4243,0.00087533,7714,59.2105,high
videos,690cw8Ll_-o,45.5373,35.5341,0.00073625,7822,60.542,high
videos,2Aq8dIX7t1Q,45.5341,75.8902,0.44731467,2926,0.0,
videos,Q_QbGc5qmuo,45.5315,35.3281,0.00070698,7847,60.8367,high
videos,HgfDVxIHlv8,45.5292,75.882,0.44669865,2927,0.0,
videos,x6FqkgosmqQ,45.5242,75.8737,0.44543911,2928,0.0,
videos,WhjPhyarsFI,45.5193,75.8655,0.44516183,2929,0.0,
videos,XA84pSrPHS0,45.5094,75.849,0.44450165,2931,0.0,
videos,-CJ6aMIOHsQ,45.5045,75.8408,0.44439639,2932,0.0,
videos,EXcUBlePiIk,45.4995,75.8325,0.44405613,2933,0.0,
videos,-d2Otmm1TDA,45.4946,75.8243,0.44381195,2934,0.0,
videos,6muy6lP0yic,45.4896,75.816,0.44291036,2935,0.0,
videos,G4OlT_G_Y-Y,45.4847,75.8078,0.44277284,2936,0.0,
videos,Dy8vUN5kiFc,45.4797,75.7995,0.44261825,2937,0.0,
videos,CBusQdah6dM,45.4748,75.7913,0.44255622,2938,0.0,
videos,JrUKXzv8a6c,45.4699,75.7831,0.44234981,2939,0.0,
videos,fGOSfk8mfPY,45.4649,75.7748,0.44193973,2940,0.0,
videos,N05G2XTtLU8,45.4621,32.5008,0.00042639,8190,64.9041,high
videos,k0ZYVWoVWAc,45.4555,30.5391,0.00030585,8428,67.8302,high
videos,7XRdsOUGDFk,45.455,75.7583,0.44158251,2942,0.0,
videos,8zVnYNBSK1c,45.4544,39.1691,0.00138586,7381,54.8824,high
videos,IvXTl3yj-4Y,45.4451,75.7418,0.44118065,2944,0.0,
videos,xvugBG3ZtLM,45.4402,75.7336,0.44103379,2945,0.0,
videos,t4a2dP1xZN4,45.4352,75.7254,0.44097134,2946,0.0,
videos,skZ_L9IMues,45.4303,75.7171,0.44091642,2947,0.0,
videos,UyVzxqJ27Wk,45.4303,33.424,0.00049833,8078,63.4398,high
videos,zKX_svVJ6k8,45.4281,36.82,0.00093346,7666,58.3402,high
videos,LR3u3K8MrwM,45.4281,37.1991,0.00099699,7620,57.7716,high
videos,MtuNI6D1plI,45.4253,75.7089,0.44085237,2948,0.0,
videos,CZe8DucT3qA,45.4224,34.3802,0.00059412,7962,61.9856,high
videos,Bs4w3tH4-Qo,45.4204,75.7006,0.44072434,2949,0.0,
videos,RHKV0gv1Bvc,45.4154,75.6924,0.44068984,2950,0.0,
videos,S1DOBw-2cQA,45.4105,75.6841,0.43866888,2951,0.0,
videos,a9JgpzYrmdc,45.4055,75.6759,0.438571,2952,0.0,
videos,gzjXoJoWgjs,45.4006,75.6677,0.43850741,2953,0.0,
videos,MaHHof7WgV0,45.4,36.004,0.00080926,7765,59.494,high
videos,kfHPg4gUsvI,45.3956,75.6594,0.43846292,2954,0.0,
videos,qV5D6h3QsBI,45.3907,35.6825,0.00074765,7804,59.9531,high
videos,jSkfkX7NXpA,45.3907,75.6512,0.43823717,2955,0.0,
videos,i5wyNbhgIgU,45.3857,75.6429,0.43663196,2956,0.0,
videos,EfymhQVHTRc,45.382,37.1497,0.00099124,7626,57.7305,high
videos,v7FCLBlK7WY,45.3808,75.6347,0.43621878,2957,0.0,
videos,DlA26bzjNkE,45.3791,33.2509,0.00048377,8099,63.5715,high
videos,4RmcHqjzw-A,45.3767,35.5506,0.00073636,7820,60.1159,high
videos,U8HQDhiO-Xo,45.3758,75.6264,0.43569764,2958,0.0,
videos,PL2frnaJzdg,45.3709,75.6182,0.43568486,2959,0.0,
videos,trP6LLLUEYg,45.366,75.61,0.43555696,2960,0.0,
videos,sWr6HAStNZ4,45.361,75.6017,0.43490551,2961,0.0,
videos,Cmos40MwB8w,45.3561,75.5935,0.43462516,2962,0.0,
videos,G4TgYB-Qozc,45.3533,33.9186,0.00055074,8018,62.5054,high
videos,7M1hIWezUyQ,45.3511,75.5852,0.43448824,2963,0.0,
videos,8kqKonfqcCk,45.3462,75.577,0.43421102,2964,0.0,
videos,88yXcmBp6io,45.3412,75.5687,0.43315377,2965,0.0,
videos,oA73vjglZsA,45.3363,75.5605,0.43222625,2966,0.0,
videos,gLdj9ZPJL1I,45.3314,75.5523,0.43208009,2967,0.0,
videos,6ZwzR18This,45.3264,75.544,0.43150665,2968,0.0,
videos,1SvY_mmYXc4,45.3215,75.5358,0.43131357,2969,0.0,
videos,4oiOCW7BKBo,45.3165,75.5275,0.43108957,2970,0.0,
videos,1rdfh74eg_M,45.3116,75.5193,0.43057152,2971,0.0,
videos,Cs1nC8kqS5k,45.3097,35.1797,0.00068694,7865,60.5047,high
videos,lsmBuiVqP4k,45.3066,75.511,0.43054186,2972,0.0,
videos,rtb2lroYns4,45.3017,75.5028,0.4302221,2973,0.0,
videos,4VXj6aGHsE0,45.2968,75.4946,0.43017798,2974,0.0,
videos,_N6BfWeRBnE,45.292,36.0122,0.00081048,7764,59.2116,high
videos,iaORYkhItsA,45.2918,75.4863,0.42987585,2975,0.0,
videos,-B2LvsYyXUA,45.2916,36.853,0.00094051,7662,57.9496,high
videos,MyNjXqWu9u0,45.2905,41.5101,0.00202641,7097,50.9612,high
videos,r3OBHJRHv7o,45.2869,75.4781,0.42962184,2976,0.0,
videos,QdBcxA1z2Tc,45.2819,75.4698,0.42916727,2977,0.0,
videos,ZI_EJroTf9Y,45.277,75.4616,0.42897221,2978,0.0,
videos,6PVPj54VVzE,45.272,75.4533,0.42888118,2979,0.0,
videos,ZD538bXPQ50,45.2671,75.4451,0.42811721,2980,0.0,
videos,fagCvmcSSoY,45.2621,75.4369,0.42760712,2981,0.0,
videos,Dc-LTv-GYso,45.2572,75.4286,0.42753646,2982,0.0,
videos,sjbKZ4CY1Ow,45.2522,75.4204,0.42717205,2983,0.0,
videos,gXnLt2jwUpk,45.2473,75.4121,0.42704686,2984,0.0,
videos,3iXs80vUpOo,45.2436,35.8144,0.000773,7788,59.3873,high
videos,Zp4_psqaDNU,45.2423,75.4039,0.42667423,2985,0.0,
videos,QkUPwUjpN04,45.2374,75.3956,0.4265737,2986,0.0,
videos,MWQpJV8hnDg,45.2324,75.3874,0.42578019,2987,0.0,
videos,RPePcFJDNds,45.2312,34.0092,0.0005609,8007,62.0643,high
videos,v3JV42WbomE,45.2284,33.3251,0.0004872,8090,63.0834,high
videos,JRHTVNoJjb0,45.2283,33.4405,0.00049881,8076,62.9099,high
videos,95KqKaDsIAM,45.2225,75.3709,0.42522812,2989,0.0,
videos,t0wRNx4D68o,45.2214,35.7979,0.0007721,7790,59.3567,high
videos,k5y8jUPOPo4,45.2176,75.3627,0.42473902,2990,0.0,
videos,8XH7ON9Izug,45.2126,75.3544,0.42471431,2991,0.0,
videos,njoZpLQeB6M,45.2077,75.3462,0.42441479,2992,0.0,
videos,O7xuaQvMzP4,45.2027,75.3379,0.42436121,2993,0.0,
videos,3CqnOt68rlQ,45.1978,75.3297,0.42410629,2994,0.0,
videos,UuGDNpyzzr0,45.1944,35.6578,0.00074353,7807,59.4992,high
videos,Y12BzGzYXcg,45.1929,75.3215,0.42385698,2995,0.0,
videos,MulyE2A1bgU,45.1918,38.5262,0.00122513,7459,55.1901,high
videos,nukDGHQr5_Y,45.1881,32.3525,0.00041642,8208,64.4414,high
videos,CPgaio8wJCE,45.1879,75.3132,0.42358313,2996,0.0,
videos,WB1bBLedJQ4,45.1848,32.1876,0.00040553,8228,64.6806,high
videos,RWLoudRGzbo,45.183,75.305,0.42262794,2997,0.0,
videos,EF20sHbuftY,45.1798,33.7702,0.00053782,8036,62.2941,high
videos,3rl0xFjv9ds,45.178,75.2967,0.42242544,2998,0.0,
videos,Y4DyS62Qnl8,45.1731,75.2885,0.42214792,2999,0.0,
videos,gaAHhs2PLl8,45.1702,35.2044,0.00068909,7862,60.1189,high
videos,V9ClMBVY2o4,45.1682,75.2803,0.42093973,3000,0.0,
videos,vVmjVL9ktlI,45.164,36.3254,0.00086268,7726,58.4218,high
videos,zNB1EdAF0Ms,45.1632,75.272,0.42075807,3001,0.0,
videos,Cql6TAdpPDU,45.1583,75.2638,0.42044066,3002,0.0,
videos,26gbdj8v8qQ,45.1533,75.2555,0.4203932,3003,0.0,
videos,776RN-kwrkw,45.1484,75.2473,0.41980781,3004,0.0,
videos,NAxzNrTebOo,45.1464,36.5397,0.00088271,7700,58.0564,high
videos,s3mOkh_k-Vw,45.1434,75.239,0.41977933,3005,0.0,
videos,fEfO0hEWoi4,45.1434,39.5648,0.00148202,7333,53.5112,high
videos,GOTXvT9mDVA,45.1385,75.2308,0.41749421,3006,0.0,
videos,xfxcjIuk-EM,45.1336,75.2226,0.41734961,3007,0.0,
videos,VUYepA704rg,45.1286,75.2143,0.41693136,3008,0.0,
videos,L2jwq73Aiug,45.1237,75.2061,0.4160679,3009,0.0,
videos,ChRuN6IUT-E,45.1224,36.1276,0.00083448,7750,58.6147,high
videos,vQF7sBBpr6g,45.1187,75.1978,0.41554386,3010,0.0,
videos,OlwHAgj7S1E,45.1138,75.1896,0.41550191,3011,0.0,
videos,2dNmPZYm6vA,45.1088,75.1813,0.41445079,3012,0.0,
videos,7j3zYquwpZ0,45.1039,75.1731,0.4141716,3013,0.0,
videos,IuVAntYb_fA,45.0989,75.1649,0.41415975,3014,0.0,
videos,a6NElHlcXGs,45.094,75.1566,0.41406117,3015,0.0,
videos,Iojl8bBRuKU,45.089,75.1484,0.41368058,3016,0.0,
videos,Lu6gostjoXY,45.0862,35.8968,0.00078892,7778,58.8704,high
videos,j61WbZ5ptjM,45.0841,32.0969,0.00039867,8239,64.5648,high
videos,Jrmc9T0yAvE,45.0791,75.1319,0.41249222,3018,0.0,
videos,GwKjEqfaDxQ,45.0742,75.1236,0.41155556,3019,0.0,
videos,iaYdIU5n6vw,45.0692,75.1154,0.41153906,3020,0.0,
videos,4LFP-oTXUN8,45.0643,75.1072,0.41152589,3021,0.0,
videos,cWFkKFLUEdo,45.0575,38.1718,0.00115758,7502,55.3861,high
videos,UupXsg-OkUE,45.0544,75.0907,0.4113738,3023,0.0,
videos,TGwq7BnbYnw,45.0494,75.0824,0.41115135,3024,0.0,
videos,jN0SOax_cus,45.0445,75.0742,0.41078503,3025,0.0,
videos,KNKe3uE3NvU,45.0395,75.0659,0.41017778,3026,0.0,
videos,R8_uTmpqafE,45.0346,75.0577,0.40867004,3027,0.0,
videos,gEUMAljLr78,45.0297,75.0495,0.40863382,3028,0.0,
videos,q1l42BPzbIk,45.0247,75.0412,0.40830058,3029,0.0,
videos,eiD_2wYVmpA,45.0198,75.033,0.40768893,3030,0.0,
videos,E3mlohqL5s4,45.0148,75.0247,0.40744757,3031,0.0,
videos,bGD4yjN3z3I,45.0099,75.0165,0.40631849,3032,0.0,
videos,tpvOAgdNUsI,45.0049,75.0082,0.40624358,3033,0.0,
videos,n_LhTlzYotI,45.0,75.0,0.40588786,3034,0.0,
videos,4Xp8EZYWOy0,44.9951,74.9918,0.40568649,3035,0.0,
videos,1YH15oGL_iU,44.9901,74.9835,0.40536826,3036,0.0,
videos,X2hnuUgFFeo,44.9852,74.9753,0.40524239,3037,0.0,
videos,UJcGcBRl0BU,44.9802,74.967,0.40479482,3038,0.0,
videos,g8NWmUdMh_E,44.976,34.306,0.00058676,7971,60.9811,high
videos,s5JIjgATOPg,44.9753,74.9588,0.40470283,3039,0.0,
videos,ZLh-qXKcbi8,44.974,33.8856,0.00054728,8022,61.6065,high
videos,9oVPXnEkegY,44.9703,74.9505,0.40382236,3040,0.0,
videos,vvAYDIClyZ0,44.9654,74.9423,0.40379724,3041,0.0,
videos,uQcUX92fmM8,44.9629,35.9627,0.00079706,7770,58.4633,high
videos,1G5VKg_m0qE,44.9605,74.9341,0.40337859,3042,0.0,
videos,oURTU_BIrY0,44.9555,74.9258,0.4025141,3043,0.0,
videos,HY7BnWaX6z0,44.9506,74.9176,0.4021605,3044,0.0,
videos,_k4ruB1hXFk,44.9492,29.6571,0.00026872,8535,67.8873,high
videos,vMnp3ptycik,44.9457,30.0033,0.00028323,8493,67.3592,high
videos,I5_Ir8bxlG8,44.9456,74.9093,0.40212242,3045,0.0,
videos,fZJeXb2x3J8,44.9407,74.9011,0.40136091,3046,0.0,
videos,rcpIPNhNi8M,44.9391,37.8173,0.00109532,7545,55.6219,high
videos,Xk3cJMA7UhE,44.939,32.4926,0.00042447,8191,63.6086,high
videos,82Gtlk3eCKI,44.9357,74.8928,0.40093296,3047,0.0,
videos,_Pq6s4A5a0E,44.9308,74.8846,0.40052262,3048,0.0,
videos,RWGr8LwG3TY,44.9258,74.8764,0.39996767,3049,0.0,
videos,ez21sGpEqgA,44.9221,35.9215,0.00079422,7775,58.4231,high
videos,GcqKSPFShCE,44.9209,74.8681,0.39977957,3050,0.0,
videos,7wdz-I8BtHU,44.9159,74.8599,0.39965007,3051,0.0,
videos,lyvkr_TiYVk,44.911,74.8516,0.39949605,3052,0.0,
videos,lqChoFV-Rhg,44.906,74.8434,0.39942582,3053,0.0,
videos,wRWv3P5mwes,44.9011,74.8351,0.39941822,3054,0.0,
videos,unWFNRTOzDo,44.9006,36.6057,0.00089139,7692,57.343,high
videos,xhkPfwSZx-k,44.8961,74.8269,0.39932222,3055,0.0,
videos,3CHVk43mBPE,44.8912,74.8187,0.39931619,3056,0.0,
videos,fPnt0Q0vl-Y,44.8891,29.9374,0.00027773,8501,67.3167,high
videos,RNplRKey4vE,44.8862,74.8104,0.39923797,3057,0.0,
videos,j_dyQn_4l44,44.8814,32.1958,0.00040559,8227,63.9098,high
videos,Jmh-mC2CXfY,44.8813,74.8022,0.39916947,3058,0.0,
videos,WGekAP-u2Mg,44.8763,74.7939,0.39872048,3059,0.0,
videos,NcCBaepAjYs,44.8737,28.5773,0.00023203,8666,69.3184,high
videos,CFBEih785-I,44.8714,74.7857,0.39846083,3060,0.0,
videos,YpEkZSEQ-Ec,44.8664,74.7774,0.39822325,3061,0.0,
videos,Pk04erkFfkM,44.8627,36.4655,0.00087966,7709,57.4584,high
videos,e3u62TTSQFc,44.8615,74.7692,0.39788889,3062,0.0,
videos,LMZcpudLrFw,44.8566,74.761,0.39775194,3063,0.0,
videos,Z83qGVKY2Qw,44.8548,36.3996,0.00087113,7717,57.5377,high
videos,y8FDogLgNPg,44.8516,74.7527,0.3976609,3064,0.0,
videos,RfskYVdrgPs,44.8481,35.6495,0.00074272,7808,58.6459,high
videos,7IwNi47KCxY,44.8467,74.7445,0.39758181,3065,0.0,
videos,uOFdLC2Bkno,44.8417,74.7362,0.39703599,3066,0.0,
videos,7HRQ3zW7TSQ,44.8368,74.728,0.39690373,3067,0.0,
videos,hNelNWTblmg,44.8318,74.7197,0.39680254,3068,0.0,
videos,eEJQ_9jtJy4,44.8301,33.3004,0.00048555,8093,62.1246,high
videos,pZNzfQLgGsA,44.8269,74.7115,0.39615227,3069,0.0,
videos,5qoKwHygsy8,44.818,33.0284,0.0004642,8126,62.5025,high
videos,EM5vv6_MQLY,44.817,74.695,0.39453533,3071,0.0,
videos,EfMDmPHzCDk,44.8121,74.6868,0.39429406,3072,0.0,
videos,dzGK_wkXkYA,44.81,35.8638,0.00078666,7782,58.2294,high
videos,A2HY-n-F10Q,44.8071,74.6785,0.39391302,3073,0.0,
videos,zLa-dRExCYU,44.8052,36.1935,0.0008479,7742,57.7228,high
videos,HeY4a7uDlkg,44.8049,35.427,0.0007162,7835,58.8718,high
videos,j-FWwcnDC9k,44.8022,74.6703,0.39357677,3074,0.0,
videos,ScnTW2-gMPw,44.7994,35.2868,0.00070176,7852,59.0684,high
videos,M4EU4JQzxO0,44.7977,32.88,0.00045066,8144,62.6743,high
videos,0_EBfsBx2GE,44.7973,74.6621,0.39321072,3075,0.0,
videos,Fje3t4bSN5o,44.7923,74.6538,0.3924738,3076,0.0,
videos,MiK1LG1_NNI,44.7874,74.6456,0.39199379,3077,0.0,
videos,ujISSSrGvJ0,44.7824,74.6373,0.39130153,3078,0.0,
videos,NcO_PEuhQq8,44.7775,74.6291,0.39112412,3079,0.0,
videos,Pbyn08kfhXY,44.7676,74.6126,0.39019284,3081,0.0,
videos,owaF8mEwudo,44.7666,32.3854,0.00041822,8204,63.3383,high
videos,EBoN_mdQzCU,44.7626,74.6044,0.38982614,3082,0.0,
videos,0tvK7YBOAaQ,44.7577,74.5961,0.38979347,3083,0.0,
videos,cT1sxyT_PEc,44.7529,37.908,0.00110481,7534,55.0202,high
videos,-d-awc6Feyc,44.7527,74.5879,0.38901286,3084,0.0,
videos,fmXleStB-HI,44.7478,74.5796,0.38841381,3085,0.0,
videos,ZHHCj6vJLB4,44.7428,74.5714,0.38828873,3086,0.0,
videos,jDsIKTsHCbQ,44.7394,35.9463,0.00079509,7772,57.9291,high
videos,PrNNyiErMaM,44.7379,74.5631,0.3881332,3087,0.0,
videos,i9rz7q-t4JM,44.7329,74.5549,0.38748784,3088,0.0,
videos,kOQ-BL8-pXo,44.728,74.5467,0.38565243,3089,0.0,
videos,WMPv6KMp1Y4,44.723,74.5384,0.38511498,3090,0.0,
videos,Y10jCxY8n_w,44.7181,74.5302,0.38477427,3091,0.0,
videos,4G2CA4siAzw,44.7131,74.5219,0.38476773,3092,0.0,
videos,aSEW1jagpGE,44.7082,74.5137,0.38448285,3093,0.0,
videos,Cc6ZVzas2rc,44.7032,74.5054,0.38373988,3094,0.0,
videos,cCdr54L2TeI,44.6994,36.3831,0.00086695,7719,57.1739,high
videos,OSX1sBakYSI,44.6983,74.4972,0.38297441,3095,0.0,
videos,gd3iHglylrY,44.6884,74.4807,0.38275569,3097,0.0,
videos,ydafTOQSFDU,44.6835,74.4725,0.38209504,3098,0.0,
videos,rfnB9MhBI44,44.6785,74.4642,0.38163888,3099,0.0,
videos,2mzVYHOI36s,44.6736,74.456,0.38150836,3100,0.0,
videos,j47ZVSE81lw,44.6686,74.4477,0.38088667,3101,0.0,
videos,ResD0dK7JHo,44.6669,37.3558,0.00102216,7601,55.6336,high
videos,GenkyzBE5nI,44.6637,74.4395,0.38044769,3102,0.0,
videos,cUq3NQbhlU8,44.6582,34.4791,0.00060887,7950,59.9268,high
videos,yPVn6NN3a9g,44.6538,74.423,0.38023942,3104,0.0,
videos,F-EASz2ifsE,44.6489,74.4148,0.38015317,3105,0.0,
videos,2rVRj87JyuQ,44.6439,74.4065,0.37920133,3106,0.0,
videos,_nMCuMFzY4g,44.6398,33.5806,0.00051302,8059,61.2285,high
videos,G1udgK8t_Dw,44.634,74.39,0.37860253,3108,0.0,
videos,sClxdzvkGJw,44.6291,74.3818,0.3776812,3109,0.0,
videos,ofy3XHAdZKg,44.6242,74.3736,0.37753967,3110,0.0,
videos,nH8YRX4Stfs,44.6217,35.8309,0.00078379,7786,57.808,high
videos,HxA29GLl1B0,44.6192,74.3653,0.37700281,3111,0.0,
videos,8rklChcl0xY,44.6162,36.2348,0.0008538,7737,57.1883,high
videos,y-xxnowgDGs,44.6143,74.3571,0.37665935,3112,0.0,
videos,9DX5Ji_892w,44.6093,74.3488,0.37655075,3113,0.0,
videos,OQcZqQO_vMs,44.6079,36.4326,0.00087667,7713,56.8709,high
videos,40X0isVh6-I,44.6044,74.3406,0.37640427,3114,0.0,
videos,7VMpAi8VXsU,44.5994,74.3323,0.37608455,3115,0.0,
videos,18V4pA7X7l8,44.5945,74.3241,0.37559392,3116,0.0,
videos,xUYzmP-SOwk,44.5895,74.3159,0.37475048,3117,0.0,
videos,_XHDQwKve0g,44.5846,74.3076,0.37437604,3118,0.0,
videos,Ycdklm6W1_o,44.5747,74.2911,0.37393995,3120,0.0,
videos,gbR2He3vuGc,44.5697,74.2829,0.37355386,3121,0.0,
videos,eDgmzd2j48k,44.5648,74.2746,0.37335691,3122,0.0,
videos,KrQQ-tlIhyc,44.5557,30.7451,0.00031583,8403,65.2717,high
videos,47ZEgT-N9lw,44.5549,74.2582,0.37306081,3124,0.0,
videos,mx7gLvCbxdM,44.5499,74.2499,0.37200043,3125,0.0,
videos,04NAUfanQMc,44.545,74.2417,0.37193219,3126,0.0,
videos,1NkPzDMf4sU,44.54,74.2334,0.37179881,3127,0.0,
videos,QDZUOBnmf4Q,44.5363,31.8167,0.00038156,8273,63.6158,high
videos,lAumq3UQkh4,44.5351,74.2252,0.37117553,3128,0.0,
videos,ac8qkFsK2xE,44.5301,74.2169,0.37094584,3129,0.0,
videos,5gDwol6aPmM,44.5252,74.2087,0.37063132,3130,0.0,
videos,JXwSa6mliUo,44.5203,74.2005,0.36958057,3131,0.0,
videos,jq7ocNZXg_s,44.5196,31.1902,0.00034116,8349,64.5138,high
videos,UhPDzTtQHjU,44.5153,74.1922,0.36947158,3132,0.0,
videos,ys6vh62hRTo,44.5104,74.184,0.36927,3133,0.0,
videos,Nr3naK1l4bo,44.5054,74.1757,0.36897867,3134,0.0,
videos,_4HpeuN117s,44.5005,74.1675,0.36851227,3135,0.0,
videos,FNSyCt_E9TM,44.4906,74.151,0.36805844,3137,0.0,
videos,3F97aykeu1o,44.4857,74.1428,0.36785028,3138,0.0,
videos,WcX0Rjrsm6s,44.4807,74.1345,0.36781574,3139,0.0,
videos,M54HmmrjksA,44.48,31.2562,0.00034494,8341,64.3157,high
videos,xrfHzYHuv6A,44.4758,74.1263,0.36656527,3140,0.0,
videos,eypSVgkEYHI,44.4708,74.118,0.3657858,3141,0.0,
videos,krPqPg2hE-k,44.456,74.0933,0.36468912,3144,0.0,
videos,SawZV4hxCgk,44.4527,36.4738,0.00087995,7708,56.421,high
videos,lCkILyk9H0E,44.4511,74.0851,0.36462195,3145,0.0,
videos,68mv8asH-eE,44.4366,36.6634,0.00089896,7685,56.0965,high
videos,p3R_TMWsMSM,44.4362,74.0603,0.36310249,3148,0.0,
videos,3BSw7tmGoEQ,44.4313,74.0521,0.36275679,3149,0.0,
videos,LEGNBlWSmI8,44.4263,74.0439,0.36272935,3150,0.0,
videos,J5gl20TurcY,44.4164,74.0274,0.36270315,3152,0.0,
videos,LV8M7CVsoVE,44.4115,74.0191,0.36267261,3153,0.0,
videos,48mFPK_5B5o,44.4038,31.0748,0.00033207,8363,64.3974,high
videos,R5YLS2skVgg,44.4017,36.7046,0.00090508,7680,55.9473,high
videos,AXsBIINd9z0,44.3977,31.4787,0.00035388,8314,63.7762,high
videos,avPCkrbIXFM,44.3917,73.9862,0.36190385,3157,0.0,
videos,3k-eOWJCoCA,44.3867,73.9779,0.36165591,3158,0.0,
videos,uBFsy3inrPI,44.3866,31.8909,0.00038589,8264,63.1302,high
videos,0nyr8P7hgfU,44.3858,30.028,0.00028407,8490,65.9225,high
videos,6U2PHmPUZPA,44.3819,38.0646,0.00113213,7515,53.8578,high
videos,HAI3N7l4Mns,44.3818,73.9697,0.36157991,3159,0.0,
videos,30yg0TbRX5s,44.3796,35.9957,0.00080368,7766,56.9554,high
videos,21u6CqAabnI,44.3793,34.2977,0.00058572,7972,59.5016,high
videos,VFjwwo0S-AQ,44.3768,73.9614,0.36154632,3160,0.0,
videos,uUXwrHX7_WM,44.3719,73.9532,0.35926179,3161,0.0,
videos,DMN0_gVQRr8,44.3669,73.9449,0.35918587,3162,0.0,
videos,I9J7QmE0CqQ,44.362,73.9367,0.35911183,3163,0.0,
videos,wnM-6D2LGdg,44.3571,73.9285,0.35898266,3164,0.0,
videos,POn6IRgP5-A,44.3521,73.9202,0.35880519,3165,0.0,
videos,KdmRWazuBRU,44.3472,73.912,0.35880358,3166,0.0,
videos,56Lsk6yLyNk,44.3471,34.1741,0.00057531,7987,59.6067,high
videos,tnMvGnJzaVQ,44.3422,73.9037,0.35845909,3167,0.0,
videos,gOEKUUjwhfc,44.3376,36.7376,0.00091161,7676,55.7375,high
videos,jQT5E1vrAgQ,44.3373,73.8955,0.35822957,3168,0.0,
videos,1ZUADgaXi3M,44.3349,35.3198,0.0007066,7848,57.8575,high
videos,chI-4vEuvko,44.3323,73.8872,0.35787121,3169,0.0,
videos,DTKzTXoqtO8,44.3275,30.1599,0.00029035,8474,65.5788,high
videos,fa62X03iCOQ,44.3274,73.879,0.357475,3170,0.0,
videos,1PpFySFDW4U,44.3259,31.0171,0.00032937,8370,64.289,high
videos,lcddJ4g7aqI,44.3225,73.8708,0.35709548,3171,0.0,
videos,eKsp20mbTiQ,44.3175,73.8625,0.35705039,3172,0.0,
videos,J72eRaPFUvs,44.3117,36.4985,0.00088094,7705,56.0315,high
videos,b7y2k76xfOY,44.3076,73.846,0.3567269,3174,0.0,
videos,sD3CGk0tFdE,44.3027,73.8378,0.35651651,3175,0.0,
videos,qdCswEAk-38,44.2977,73.8295,0.35645312,3176,0.0,
videos,FHygEg3d3nM,44.2928,73.8213,0.35644746,3177,0.0,
videos,NV1x2jiGbCU,44.2918,36.548,0.00088284,7699,55.9074,high
videos,4CqeMLj8qx8,44.2879,73.8131,0.35623538,3178,0.0,
videos,4Yjzl6rfHwI,44.2829,73.8048,0.35618607,3179,0.0,
videos,UZTpbHtsbYQ,44.278,73.7966,0.35585699,3180,0.0,
videos,w1RNHEEcSFk,44.2777,34.2895,0.0005847,7973,59.2599,high
videos,rAeCCQV5iqs,44.2766,33.0119,0.00046116,8128,61.1736,high
videos,Qg2m2AwfIgk,44.273,73.7883,0.35569172,3181,0.0,
videos,vSadv5VgtFo,44.2681,73.7801,0.35560707,3182,0.0,
videos,82jwNRbW7B0,44.2631,73.7718,0.35520799,3183,0.0,
videos,tdmgwjkV9gw,44.2582,36.6222,0.00089373,7690,55.7121,high
videos,eyVV3YOIuJ0,44.2582,73.7636,0.35516443,3184,0.0,
videos,jA3l5jK3bjo,44.2532,73.7554,0.35503764,3185,0.0,
videos,gXBIMOf5m0I,44.2483,73.7471,0.35481864,3186,0.0,
videos,ArSJyCvprSQ,44.2433,73.7389,0.35479701,3187,0.0,
videos,JD5HKC-So8M,44.2417,34.8417,0.00065075,7906,58.3418,high
videos,C-j0TUuwDyY,44.2345,36.5562,0.00088313,7698,55.7519,high
videos,9ez5i0C1yhY,44.2334,73.7224,0.35433704,3189,0.0,
videos,A4y2Wp2nmsw,44.2285,73.7141,0.35418443,3190,0.0,
videos,C2_Hpes3Rac,44.2255,35.2127,0.00068942,7861,57.7446,high
videos,87c8i5WqPaw,44.2246,35.9133,0.00079278,7776,56.6916,high
videos,N4UX0KwSiEk,44.2235,73.7059,0.3541472,3191,0.0,
videos,QjsRKFOsKGI,44.2192,32.4184,0.00042115,8200,61.9205,high
videos,4Zi41MRVP0g,44.2136,73.6894,0.35339721,3193,0.0,
videos,-70R-ihwGbA,44.2087,73.6812,0.35310163,3194,0.0,
videos,rk2b7fH_Gcc,44.2037,73.6729,0.35294737,3195,0.0,
videos,J5WMqCEjSyI,44.1988,73.6647,0.35285128,3196,0.0,
videos,fzbHD-YSuls,44.1943,29.6983,0.00026981,8530,65.9382,high
videos,36XXWWqMEn0,44.1938,73.6564,0.35264668,3197,0.0,
videos,Nb6e5WqatLI,44.1895,37.7267,0.00108889,7556,53.8837,high
videos,RH37CqoIlnA,44.1889,73.6482,0.35211719,3198,0.0,
videos,ITT9xWeicWM,44.1888,31.1738,0.00033936,8351,63.7112,high
videos,oFRcHabpDRM,44.179,73.6317,0.35154288,3200,0.0,
videos,frgagzFO9Nc,44.179,34.6027,0.00062533,7935,58.5435,high
videos,vX7pu3op1TI,44.1691,73.6152,0.35113211,3202,0.0,
videos,xuPYL3xNmLs,44.167,34.7428,0.00063733,7918,58.3033,high
videos,5EWqr_Y2uH0,44.1642,73.607,0.35058118,3203,0.0,
videos,9mwduiAILP8,44.1543,73.5905,0.35042856,3205,0.0,
videos,ASF1fooNhxA,44.1444,73.574,0.3498154,3207,0.0,
videos,n1HcCXJAczE,44.1395,73.5658,0.34962944,3208,0.0,
videos,EmsPA9nwrEc,44.1393,37.9492,0.00111055,7529,53.4244,high
videos,qGjY9YIBOyc,44.1345,73.5575,0.34926129,3209,0.0,
videos,QNHEqcXa3Zg,44.1296,73.5493,0.34918252,3210,0.0,
videos,FBATN1sUd_c,44.1246,73.541,0.34812517,3211,0.0,
videos,OPpPB7Uy8r4,44.1197,73.5328,0.34730995,3212,0.0,
videos,d6AG34SEx8w,44.1148,73.5246,0.34730378,3213,0.0,
videos,5kgxmA5aLk4,44.1137,33.1602,0.00047358,8110,60.5439,high
videos,UYEnhY14PW4,44.1098,73.5163,0.34662764,3214,0.0,
videos,oixqYBAPwXA,44.1049,73.5081,0.34647092,3215,0.0,
videos,3C9oEkSK1t8,44.0999,73.4998,0.34597053,3216,0.0,
videos,ElPw6njHXpo,44.095,73.4916,0.34483201,3217,0.0,
videos,pagTNiJhulY,44.0948,33.5971,0.00051375,8057,59.8414,high
videos,MAq7FaThzz8,44.0914,35.1055,0.00067699,7874,57.5703,high
videos,z-N3Prqzrr8,44.09,73.4833,0.34441049,3218,0.0,
videos,quCJwkDAx0g,44.0877,28.4207,0.00022681,8685,67.5881,high
videos,w2cUMnoLdJ4,44.0851,73.4751,0.34417631,3219,0.0,
videos,tk9qrk5G4RQ,44.0801,73.4669,0.34345316,3220,0.0,
videos,3-FBGSABsEY,44.0752,73.4586,0.34296163,3221,0.0,
videos,5ymn2oV1Zls,44.0745,32.2535,0.00040897,8220,61.806,high
videos,TKfUxWO_7xU,44.0702,73.4504,0.34158326,3222,0.0,
videos,HUHpEBG8PXI,44.0653,73.4421,0.34156323,3223,0.0,
videos,_LEHzuYYmRo,44.0559,32.9459,0.00045704,8136,60.721,high
videos,tsqNirWC3RY,44.0554,73.4257,0.34125303,3225,0.0,
videos,N-PfAIcupsc,44.0504,73.4174,0.34109427,3226,0.0,
videos,_BHe9R7pYNw,44.0501,31.9403,0.00039098,8258,62.2149,high
videos,XX7hskkX1AA,44.0498,34.6192,0.00062671,7933,58.1956,high
videos,ThxWVV-rM_g,44.0455,73.4092,0.34093108,3227,0.0,
videos,XZx6ZA92XaE,44.0405,73.4009,0.34070495,3228,0.0,
videos,ip_0Re3j4nk,44.0356,73.3927,0.34065624,3229,0.0,
videos,yYHNWLH0CGo,44.0332,35.6413,0.00074241,7809,56.621,high
videos,Q-Ur4m6NV-E,44.0306,73.3844,0.34046142,3230,0.0,
videos,SO8YkT7NfWs,44.0257,73.3762,0.34027945,3231,0.0,
videos,h_AEhXaqn58,44.0208,73.368,0.34022104,3232,0.0,
videos,ts3UWQWZ0lo,44.0185,31.0831,0.00033327,8362,63.4216,high
videos,Oc2PDPA6UHo,44.0158,73.3597,0.34019022,3233,0.0,
videos,Vg3RMRPQ0RA,44.0116,31.2809,0.0003459,8338,63.1077,high
videos,PM8uy-QAcSc,44.0109,73.3515,0.34018459,3234,0.0,
videos,sqXsMACtso0,44.0106,30.8193,0.00031923,8394,63.7976,high
videos,TJZOJY6Ac4k,44.0075,34.5285,0.00061615,7944,58.2261,high
videos,E-6bxwmQRQY,44.0059,73.3432,0.33900926,3235,0.0,
videos,LgC8aiv_pRg,44.001,73.335,0.33867776,3236,0.0,
videos,nIpcMOzlw90,44.0005,35.4847,0.00073013,7828,56.7742,high
videos,dTz4EpSHZtQ,43.9989,33.3581,0.00049031,8086,59.9601,high
videos,vtKI7fzonpM,43.996,73.3267,0.33854151,3237,0.0,
videos,LEsL6OO0XsY,43.9911,73.3185,0.33852952,3238,0.0,
videos,2L0iypwfRx0,43.9862,73.3103,0.33839279,3239,0.0,
videos,4Fhhmv86IaY,43.9812,73.302,0.33796558,3240,0.0,
videos,XhDgKjl4tsQ,43.9763,73.2938,0.33736757,3241,0.0,
videos,pbU2sH9RUwY,43.9749,32.1299,0.00040043,8235,61.7425,high
videos,Ls9ZTQ8uhgo,43.9713,73.2855,0.33697674,3242,0.0,
videos,CtyF0n-VKQ8,43.9664,73.2773,0.33652064,3243,0.0,
videos,Z1mWmEe_Lkw,43.9614,73.269,0.33606692,3244,0.0,
videos,vugIGOeF6hs,43.9565,73.2608,0.33581748,3245,0.0,
videos,NUQcYZADgLw,43.9516,73.2526,0.33553348,3246,0.0,
videos,UAttwyLQTDA,43.9466,73.2443,0.33415947,3247,0.0,
videos,ZUpr3u1inlg,43.9436,27.5882,0.00020191,8786,68.4767,high
videos,xPWz3XgJ584,43.9417,73.2361,0.33410525,3248,0.0,
videos,CoK7er0NR-w,43.9393,36.0781,0.00082396,7756,55.7311,high
videos,S-z4Yo2LlDk,43.9367,73.2278,0.33302697,3249,0.0,
videos,7T-hhEpwf1I,43.9318,73.2196,0.33295879,3250,0.0,
videos,tg0LuGGeOPA,43.9243,32.3277,0.00041583,8211,61.3192,high
videos,_cH4pr-4XAQ,43.9219,73.2031,0.33171569,3252,0.0,
videos,9wXTGSgkgls,43.9169,73.1949,0.33118199,3253,0.0,
videos,J9FHkmw-l9w,43.912,73.1866,0.33084539,3254,0.0,
videos,EzAa4VgUH4w,43.907,73.1784,0.33072884,3255,0.0,
videos,H92TKplN0a4,43.9039,32.7481,0.00044172,8160,60.6376,high
videos,kafo4B9N_PM,43.9021,73.1701,0.33032265,3256,0.0,
videos,doBkiImIIH0,43.8971,73.1619,0.32974745,3257,0.0,
videos,0Wfd5T_lnDE,43.8952,33.119,0.00047074,8115,60.0594,high
videos,3NQNpyjTYyk,43.8922,73.1536,0.32970967,3258,0.0,
videos,Vxq6tPVp9no,43.8905,31.759,0.0003752,8280,62.0878,high
videos,NWftPTFX1TA,43.8887,32.6492,0.00043534,8172,60.748,high
videos,33SIWIYPcKI,43.8872,73.1454,0.32918833,3259,0.0,
videos,I_cTsdaH1hk,43.8856,29.1708,0.00025193,8594,65.9578,high
videos,Jys3uS_NYLU,43.8823,73.1372,0.32918757,3260,0.0,
videos,aqhwNBCGog0,43.8773,73.1289,0.32916447,3261,0.0,
videos,IpMXix6fncI,43.8772,30.6215,0.00031001,8418,63.7607,high
videos,rOPEVbBfEPo,43.8768,37.9987,0.00111777,7523,52.6939,high
videos,LaYxs36vTlQ,43.8724,73.1207,0.32851243,3262,0.0,
videos,vzFGVbm5O4U,43.8694,37.6278,0.00106894,7568,53.2317,high
videos,Vj0kvWvBGxg,43.8674,73.1124,0.32847176,3263,0.0,
videos,l9PfYssqxrc,43.8625,73.1042,0.3283464,3264,0.0,
videos,bQGsos85-3Y,43.8575,73.0959,0.327706,3265,0.0,
videos,mEc0e1pIsmg,43.8477,73.0795,0.32704205,3267,0.0,
videos,AuRgcc0N5Ag,43.8427,73.0712,0.32689354,3268,0.0,
videos,7SmUwTjkz-M,43.8378,73.063,0.32629517,3269,0.0,
videos,33vP7V8Q-Hg,43.8328,73.0547,0.32601857,3270,0.0,
videos,mCTB-7zFmyc,43.825,39.7132,0.00152346,7315,49.9926,high
videos,Ymlx0oXZjck,43.8229,73.0382,0.32440126,3272,0.0,
videos,xCf8XrJ8A9A,43.818,73.03,0.32420787,3273,0.0,
videos,UUzxEVhRQgQ,43.8131,73.0218,0.32395096,3274,0.0,
videos,1GAjG8BwCp4,43.8032,73.0053,0.32316767,3276,0.0,
videos,BvPzeHSVsEw,43.7999,29.4098,0.00026071,8565,65.3851,high
videos,pd5F4sMMFAI,43.7982,72.997,0.32291771,3277,0.0,
videos,-DgWd-NKdTs,43.7961,29.5087,0.00026362,8553,65.2271,high
videos,lreSxAEwKMc,43.7933,72.9888,0.3228856,3278,0.0,
videos,5caU6wQeT1s,43.7883,72.9805,0.32237992,3279,0.0,
videos,fFt3XHZvFT8,43.7834,72.9723,0.32205895,3280,0.0,
videos,5ztmGJ7el1g,43.7785,72.9641,0.32128345,3281,0.0,
videos,JREsYuWAgD4,43.7784,35.7155,0.00076268,7800,55.8727,high
videos,uTFS-Cp8sBA,43.7735,72.9558,0.32103543,3282,0.0,
videos,oeK8KHoLvaw,43.7735,33.3993,0.00049595,8081,59.3348,high
videos,1keqboaw9iU,43.7686,72.9476,0.32012628,3283,0.0,
videos,Nwo2OXOUspk,43.7651,32.6739,0.00043578,8169,60.4019,high
videos,Fy8H9I2kJkI,43.7587,72.9311,0.31986835,3285,0.0,
videos,lgrZrY2dEak,43.7507,32.8058,0.00044574,8153,60.168,high
videos,olq9q-HeUc0,43.7488,72.9146,0.31885347,3287,0.0,
videos,i7wmuh7L6AQ,43.7454,33.7043,0.00053247,8044,58.8071,high
videos,DYjyeCKIEU0,43.7439,25.6429,0.0001527,9022,70.8953,high
videos,VbpK0hCwvrM,43.7438,72.9064,0.31874719,3288,0.0,
videos,qsFZshaFeIY,43.7389,72.8981,0.31858483,3289,0.0,
videos,WsK8Ht_a9J4,43.7339,72.8899,0.31820851,3290,0.0,
videos,ZlWr9ARybTU,43.729,72.8816,0.31809672,3291,0.0,
videos,x9mR5uJmTaY,43.724,72.8734,0.31803057,3292,0.0,
videos,WXGXZlZQ8Ek,43.722,27.2338,0.00019038,8829,68.4542,high
videos,aqvgY-woRYk,43.7191,72.8652,0.3172166,3293,0.0,
videos,inMoGFMXem0,43.7141,72.8569,0.31705443,3294,0.0,
videos,G-dMYIPzmpA,43.7141,32.1794,0.00040511,8229,61.0162,high
videos,KikWEFSb0iA,43.7139,31.5529,0.00035618,8305,61.9555,high
videos,CF4oRpaLSqw,43.7129,31.6189,0.00036007,8297,61.8538,high
videos,e_ZmhmUzM84,43.7127,37.1662,0.00099304,7624,53.5324,high
videos,rm46SdVfB4I,43.7092,72.8487,0.31673817,3295,0.0,
videos,6zgXdwBWg8s,43.7045,33.7949,0.00053927,8033,58.5689,high
videos,oEA5fUXgGa8,43.7042,72.8404,0.31628514,3296,0.0,
videos,skgOD_gzVpo,43.7002,34.3307,0.0005887,7968,57.7544,high
videos,QqzDyCAHV38,43.6993,72.8322,0.31596984,3297,0.0,
videos,Ptd4HyJOtik,43.6943,72.8239,0.31525063,3298,0.0,
videos,jcR19Ey3y7A,43.6894,72.8157,0.31508671,3299,0.0,
videos,nJoeVhwMnkw,43.6865,28.6185,0.00023305,8661,66.2886,high
videos,0nOBUfJLUY8,43.6845,72.8075,0.3150103,3300,0.0,
videos,xxfYJBfdGXk,43.6795,72.7992,0.31457908,3301,0.0,
videos,rfZn47IqZEU,43.6746,72.791,0.31409147,3302,0.0,
videos,YrFapOFnCgI,43.6696,72.7827,0.3139684,3303,0.0,
videos,jtuih_stAjM,43.6647,72.7745,0.31395329,3304,0.0,
videos,V1hlLkwDNDQ,43.6597,72.7662,0.31392468,3305,0.0,
videos,6Np0FPnWdMs,43.655,31.0501,0.00033101,8367,62.5623,high
videos,BiMAHzplPM0,43.6548,72.758,0.31379198,3306,0.0,
videos,e06fo1mt6mI,43.6499,72.7498,0.31280883,3307,0.0,
videos,0QtQXR__SpY,43.6449,72.7415,0.31278826,3308,0.0,
videos,GOM5GWnuNvk,43.64,72.7333,0.31269995,3309,0.0,
videos,8KZobnGqj3k,43.6377,33.5394,0.00050642,8064,58.7852,high
videos,mh_h62o--FU,43.6301,72.7168,0.31210386,3311,0.0,
videos,rpJwYrQoEHk,43.6202,72.7003,0.31190325,3313,0.0,
videos,9hIxSzg_TPE,43.619,34.0257,0.00056407,8005,58.009,high
videos,BmXvb1UOhgY,43.6153,72.6921,0.3118448,3314,0.0,
videos,p7K3xfViWCE,43.6103,72.6838,0.31179116,3315,0.0,
videos,QIKiQjEMUjY,43.6054,72.6756,0.31150467,3316,0.0,
videos,-ih935w8WTY,43.6041,32.1464,0.00040231,8233,60.7906,high
videos,XN-Kh5QDFII,43.6004,72.6673,0.31126184,3317,0.0,
videos,20jS2jUA2qA,43.5997,32.0145,0.0003943,8249,60.9775,high
videos,Wc185Cr3_3w,43.5955,72.6591,0.31105859,3318,0.0,
videos,L-1iPLVwon0,43.5905,72.6508,0.31017674,3319,0.0,
videos,3QLkDi3e9j4,43.5806,72.6344,0.309261,3321,0.0,
videos,c25-ZfC1-pg,43.5802,31.3633,0.00034816,8328,61.9055,high
videos,GvvGXMS3nyU,43.5757,72.6261,0.30878386,3322,0.0,
videos,vzoDK0TikEk,43.5707,72.6179,0.30815221,3323,0.0,
videos,_SdzVNht_nU,43.5658,72.6096,0.30792701,3324,0.0,
videos,nfkNWVZ62IY,43.5608,72.6014,0.30789425,3325,0.0,
videos,29Qz7r9f0mk,43.5559,72.5931,0.30782153,3326,0.0,
videos,7AsTU4NwvWA,43.5509,72.5849,0.30780568,3327,0.0,
videos,4FkKsyGHy9o,43.546,72.5767,0.30779144,3328,0.0,
videos,mhDGfZ5zDE8,43.541,72.5684,0.30728051,3329,0.0,
videos,zdvmAbDNL0I,43.5361,72.5602,0.30690839,3330,0.0,
videos,9R7IaubJFhA,43.5336,29.2202,0.00025318,8588,65.0036,high
videos,TbKxcL_CH3Y,43.5311,72.5519,0.30664036,3331,0.0,
videos,07d-e8gR6Kw,43.5298,36.4408,0.00087717,7712,54.1634,high
videos,-gzovKK1adM,43.5262,72.5437,0.30636418,3332,0.0,
videos,ZA_MS2Pg_D4,43.5212,72.5354,0.30585857,3333,0.0,
videos,wHLzETtIusw,43.5163,72.5272,0.30584345,3334,0.0,
videos,dfFeHTbnRTU,43.5114,72.519,0.3057643,3335,0.0,
videos,7EVrVha6NCI,43.5064,72.5107,0.30537907,3336,0.0,
videos,f8SDpJYyzXY,43.5027,31.7837,0.00037975,8277,61.0811,high
videos,UgfrzicHc80,43.5015,72.5025,0.3053294,3337,0.0,
videos,rTXnK_BG9S4,43.4965,72.4942,0.30459796,3338,0.0,
videos,ijvJXViPe18,43.4918,37.636,0.0010693,7567,52.2756,high
videos,Nofhv5fgiDk,43.4916,72.486,0.30431775,3339,0.0,
videos,m8NHIuMul6g,43.4895,32.913,0.00045239,8140,59.3542,high
videos,lULsxQbO6eM,43.4866,72.4777,0.30406809,3340,0.0,
videos,9cII30PaRP8,43.4817,72.4695,0.30379905,3341,0.0,
videos,jytAQWCc_TI,43.4768,72.4613,0.30371643,3342,0.0,
videos,pdD1NkW0J1U,43.4669,72.4448,0.3032792,3344,0.0,
videos,IAdxSE3tCyw,43.4619,72.4365,0.30294138,3345,0.0,
videos,pB6ajjFtMoc,43.4605,33.9268,0.00055102,8017,57.761,high
videos,0ISsSIIOoaM,43.457,72.4283,0.30146641,3346,0.0,
videos,4LBulCSHzrY,43.452,72.42,0.30128351,3347,0.0,
videos,RN4KTYm8_u4,43.4471,72.4118,0.30121408,3348,0.0,
videos,2Rr4fs0D2hM,43.4422,72.4036,0.3010075,3349,0.0,
videos,Nrv6jBHdpXM,43.4372,72.3953,0.29959796,3350,0.0,
videos,EVNL3AJ7i2I,43.4323,72.3871,0.29916189,3351,0.0,
videos,mJJJGD5YlYw,43.4273,72.3788,0.29893012,3352,0.0,
videos,_towbSn7lhE,43.4224,72.3706,0.2986009,3353,0.0,
videos,SnqFU1SppX8,43.4186,26.0221,0.0001624,8977,69.5134,high
videos,5Id4fQS6Zhg,43.4138,35.6001,0.00073964,7814,55.1344,high
videos,62L5FN7DHx8,43.4125,72.3541,0.29758088,3355,0.0,
videos,av78Kvg6FqQ,43.4104,31.2974,0.00034629,8336,61.5798,high
videos,lNETcTUSOiI,43.4026,72.3376,0.29744721,3357,0.0,
videos,i5Yxi7VPCQE,43.3976,72.3294,0.29728798,3358,0.0,
videos,bFskHviPiOM,43.3927,72.3211,0.29725739,3359,0.0,
videos,7jpcO5pM4eM,43.3877,72.3129,0.29705563,3360,0.0,
videos,mOEHUwvPgQI,43.3828,72.3046,0.29605093,3361,0.0,
videos,iqNn09Knctw,43.3819,35.1879,0.00068858,7864,55.6729,high
videos,ikWymfqNHrM,43.3778,72.2964,0.29582014,3362,0.0,
videos,eLxQpreILwA,43.3729,72.2882,0.29517457,3363,0.0,
videos,_m6Npcjsjks,43.3679,72.2799,0.29483529,3364,0.0,
videos,EIVVkk19WKw,43.363,72.2717,0.29455324,3365,0.0,
videos,cJCBvh3vVc4,43.3622,35.2786,0.00070175,7853,55.4877,high
videos,PdrT8rgCkGI,43.3591,37.6195,0.00106747,7569,51.9686,high
videos,oJuDg9MTIgo,43.3585,36.1606,0.00084041,7746,54.1553,high
videos,TzP5eGwmx-M,43.358,72.2634,0.29433862,3366,0.0,
videos,I0C18yzJC_c,43.3531,72.2552,0.29364707,3367,0.0,
videos,LnGJIiFKSxw,43.3482,72.247,0.29321157,3368,0.0,
videos,qXJ3gKgHcbE,43.3471,33.1025,0.00046946,8117,58.7139,high
videos,Baq-gbEuLWY,43.3442,33.7125,0.00053312,8043,57.7918,high
videos,Np-PfHMFkkA,43.3432,72.2387,0.29312423,3369,0.0,
videos,866yDVLLaeg,43.3349,31.3881,0.000349,8325,61.2551,high
videos,RsQN4uYxbkw,43.3333,72.2222,0.29274469,3371,0.0,
videos,RCl-cN1Hf-Q,43.3308,28.7834,0.00023812,8641,65.1519,high
videos,Uc_B28Xe3L4,43.3284,72.214,0.29273375,3372,0.0,
videos,oeCSd-HhbhA,43.3269,34.6769,0.00062968,7926,56.302,high
videos,pooLjKakcB4,43.3234,72.2057,0.29247813,3373,0.0,
videos,mWxP6ul8N-k,43.3185,72.1975,0.29242418,3374,0.0,
videos,o2QTbHKtTUA,43.3136,72.1893,0.29207908,3375,0.0,
videos,QZ-DlDapup8,43.3086,72.181,0.29185008,3376,0.0,
videos,KZjUFZEjyJA,43.3037,72.1728,0.29099166,3377,0.0,
videos,JOgCZTTBLGQ,43.2987,72.1645,0.29077889,3378,0.0,
videos,QSKXvauVjeU,43.2938,72.1563,0.29011654,3379,0.0,
videos,TXXwXY5opDU,43.2888,72.148,0.28999925,3380,0.0,
videos,UkXiZlKY_58,43.2839,72.1398,0.28995993,3381,0.0,
videos,e6fTgcw2nHM,43.279,72.1316,0.28989468,3382,0.0,
videos,Jr7Ko8T9CMc,43.274,72.1233,0.28978639,3383,0.0,
videos,_wSKlKUx_d0,43.2691,72.1151,0.28962458,3384,0.0,
videos,umpIvOp-s6Q,43.2641,72.1068,0.2896095,3385,0.0,
videos,HRrbi_VdG0U,43.2611,36.3007,0.00086092,7729,53.7018,high
videos,mZjAHynYUAo,43.2592,72.0986,0.28949958,3386,0.0,
videos,0j69EdYyeyA,43.2542,72.0903,0.28915856,3387,0.0,
videos,AzNb2nQrM7U,43.2493,72.0821,0.28889811,3388,0.0,
videos,xdFr92KeDio,43.2443,72.0739,0.28798128,3389,0.0,
videos,yjJGgy0PK8Y,43.2394,72.0656,0.28764289,3390,0.0,
videos,Ix-AdSUCEjk,43.236,36.7458,0.00091177,7675,52.9712,high
videos,pMDLgRn2bbo,43.2344,72.0574,0.28760547,3391,0.0,
videos,-eSgJV58gUg,43.2295,72.0491,0.28758596,3392,0.0,
videos,EjknIMXC_Qw,43.2265,35.6248,0.00074094,7811,54.629,high
videos,0mQAIx4bst8,43.2245,72.0409,0.28727076,3393,0.0,
videos,2OG74U1mhQY,43.2196,72.0326,0.28637236,3394,0.0,
videos,P27DDRGq5N8,43.2146,72.0244,0.28637115,3395,0.0,
videos,3OUrr_2UCYs,43.2047,72.0079,0.28522248,3397,0.0,
videos,Vwa9hZegThE,43.1998,71.9997,0.28505244,3398,0.0,
videos,mOGp6O1Tu3Y,43.1948,71.9914,0.2849372,3399,0.0,
videos,TLFLecNUqJ8,43.1881,35.3775,0.00071261,7841,54.9041,high
videos,D5jEfoV-J_s,43.1849,71.9749,0.28466038,3401,0.0,
videos,JHpveyj1jGw,43.1821,33.6301,0.00051676,8053,57.5102,high
videos,YOyIclInsdM,43.18,71.9667,0.28435211,3402,0.0,
videos,XTQTJoSfeMg,43.1751,71.9585,0.28362228,3403,0.0,
videos,B_yUECWfVFg,43.1701,71.9502,0.28302919,3404,0.0,
videos,6s8PT3K4N7M,43.1677,27.0689,0.0001841,8849,67.3158,high
videos,k90ot-joqIA,43.1652,71.942,0.28285739,3405,0.0,
videos,wng1spgJCoU,43.1602,71.9337,0.28266665,3406,0.0,
videos,QAHi5Pu18Nc,43.1553,71.9255,0.28208975,3407,0.0,
videos,6-PunI-5Ts4,43.1524,29.3109,0.00025715,8577,63.9147,high
videos,-Pb6RmkvyE0,43.1454,71.909,0.28141313,3409,0.0,
videos,yCIVUZmGyZ8,43.1405,71.9008,0.28140424,3410,0.0,
videos,nm0rAOWyGtE,43.1355,71.8925,0.28123852,3411,0.0,
videos,-vRP3TjkABw,43.1306,71.8843,0.28121761,3412,0.0,
videos,MYWxuj4qBKE,43.1294,35.394,0.0007132,7839,54.7325,high
videos,hYXGxY_YPyI,43.1256,71.876,0.28118872,3413,0.0,
videos,n8bdMyQzV0U,43.1207,71.8678,0.28113945,3414,0.0,
videos,mQkm1v1BU_I,43.1179,30.0775,0.00028731,8484,62.6786,high
videos,BU5jszqRtBk,43.1108,71.8513,0.28043953,3416,0.0,
videos,D27Q8Ernk40,43.1059,71.8431,0.28023552,3417,0.0,
videos,4O3SxGQHa6g,43.1009,71.8348,0.27974062,3418,0.0,
videos,MA8bnryeox4,43.1,35.3363,0.00071083,7846,54.7456,high
videos,gdxNe4WKzGI,43.0973,30.6133,0.00030942,8419,61.8232,high
videos,QuN9YvQRYVs,43.096,71.8266,0.27930659,3419,0.0,
videos,QkP_i5KVk1A,43.091,71.8183,0.27898821,3420,0.0,
videos,JqC6MpZQda0,43.0861,71.8101,0.27883348,3421,0.0,
videos,K4--LaOufY0,43.0785,32.5173,0.00042764,8188,58.9204,high
videos,6VUUv2vgXY8,43.077,36.787,0.00092049,7670,52.5121,high
videos,E9ubsSeXnuI,43.0762,71.7936,0.27851035,3423,0.0,
videos,nMnZYHmgJZE,43.0712,71.7854,0.27768172,3424,0.0,
videos,4nQnhjimB4Y,43.0613,71.7689,0.27751274,3426,0.0,
videos,ETr4stHFYzo,43.0564,71.7606,0.27642085,3427,0.0,
videos,QJsPlYf51aU,43.0514,71.7524,0.2764073,3428,0.0,
videos,k6WqXWeO-SA,43.0465,71.7441,0.27592833,3429,0.0,
videos,BxkoDFsWOco,43.0447,30.0363,0.00028507,8489,62.5573,high
videos,tTOc4FK2Fi0,43.0415,71.7359,0.27589449,3430,0.0,
videos,WDbgwAjAzYk,43.0366,71.7277,0.27544874,3431,0.0,
videos,grQJFGn_ur4,43.0316,71.7194,0.27535181,3432,0.0,
videos,5UewQixXxSY,43.0288,29.7807,0.0002732,8520,62.901,high
videos,r2choiRm7k8,43.0275,29.2779,0.00025669,8581,63.6518,high
videos,MKP_f3vF8fs,43.0267,71.7112,0.27498062,3433,0.0,
videos,P9td9TNN2ag,43.0217,71.7029,0.2747349,3434,0.0,
videos,56adwfXj5xw,43.0168,71.6947,0.27450277,3435,0.0,
videos,pS5AOr4B7hg,43.0127,28.8905,0.00024203,8628,64.1961,high
videos,HyLfRR7CxFo,43.0118,71.6864,0.27428701,3436,0.0,
videos,Q-RY4GqOIt4,43.0069,71.6782,0.27380963,3437,0.0,
videos,_F1iivekPBU,43.002,71.67,0.2736755,3438,0.0,
videos,hrsTjXJOfWs,42.997,71.6617,0.2733744,3439,0.0,
videos,8o4uB7vwR2g,42.9921,71.6535,0.27324689,3440,0.0,
videos,_HwmJxfbOKw,42.9907,26.0056,0.00016239,8978,68.4684,high
videos,UQfGIOfHUaM,42.9906,31.5364,0.0003558,8307,60.172,high
videos,dgyXnukt2ws,42.9871,71.6452,0.27254847,3441,0.0,
videos,VZs3Xe72_qs,42.9822,71.637,0.27239017,3442,0.0,
videos,IbC2a8GvNMA,42.9773,71.6288,0.27235222,3443,0.0,
videos,CYiWn-VDj6M,42.9723,71.6205,0.27226615,3444,0.0,
videos,HByR7-qjHOw,42.9674,71.6123,0.27208382,3445,0.0,
videos,TMtM84wk2VM,42.9624,71.604,0.2716936,3446,0.0,
videos,eoRyx0_HUXI,42.9575,71.5958,0.27152432,3447,0.0,
videos,D0fhi9_ImvA,42.9533,35.0561,0.00067393,7880,54.799,high
videos,TmbVTOOQ6sc,42.9525,71.5875,0.27140397,3448,0.0,
videos,LPTQADIf6Xk,42.9476,71.5793,0.27108074,3449,0.0,
videos,0GrbT_3jyoc,42.9427,71.5711,0.27094927,3450,0.0,
videos,qOMcW9C8ufo,42.9377,71.5628,0.2702183,3451,0.0,
videos,0CHEg4pk9RQ,42.9328,71.5546,0.27001509,3452,0.0,
videos,6xG7QDTKgds,42.9229,71.5381,0.26951208,3454,0.0,
videos,LhMd0QwT_h8,42.9179,71.5298,0.26934578,3455,0.0,
videos,vppnrTfVlY0,42.913,71.5216,0.26916864,3456,0.0,
videos,KMRY17OHd4c,42.8981,71.4969,0.26878789,3459,0.0,
videos,uclJggmYRQA,42.8932,71.4886,0.26848785,3460,0.0,
videos,-9KHpfJzpUM,42.8882,71.4804,0.26829426,3461,0.0,
videos,bBRcCJL5QB0,42.8833,71.4721,0.26801094,3462,0.0,
videos,yPp-9qbE6Bo,42.8783,71.4639,0.26781759,3463,0.0,
videos,Xbang1Y_jbA,42.8773,26.9865,0.00018219,8859,66.7134,high
videos,4BREXGA839E,42.8734,71.4557,0.26775888,3464,0.0,
videos,i2lZ4tQz77U,42.8684,71.4474,0.26769945,3465,0.0,
videos,4mipcyilN3o,42.8635,71.4392,0.26759698,3466,0.0,
videos,Z50QkVZcP1k,42.8585,71.4309,0.26742303,3467,0.0,
videos,daa-UCIuoY8,42.8536,71.4227,0.26722055,3468,0.0,
videos,powFBQKNA2A,42.8486,71.4144,0.26689231,3469,0.0,
videos,5coUk0ifrZM,42.8437,71.4062,0.26676913,3470,0.0,
videos,pxL087uwv7E,42.8388,71.398,0.26628501,3471,0.0,
videos,FP7DSxBykBk,42.8338,71.3897,0.26617459,3472,0.0,
videos,1kLmkhUwAO8,42.8289,71.3815,0.26589406,3473,0.0,
videos,mNd54X5ASXw,42.8239,71.3732,0.26554161,3474,0.0,
videos,8rgaIC6DRPs,42.819,71.365,0.26546842,3475,0.0,
videos,VFd75fxQUBI,42.814,71.3567,0.26488572,3476,0.0,
videos,zwJKre6L6jk,42.8091,71.3485,0.26465866,3477,0.0,
videos,3h-3ROQ2Ji0,42.8042,71.3403,0.26459147,3478,0.0,
videos,z2AZ4eAe1WE,42.7992,71.332,0.26416806,3479,0.0,
videos,uELilWKrwgc,42.7943,71.3238,0.26413249,3480,0.0,
videos,Y4_oCkjRC1I,42.7893,71.3155,0.26408585,3481,0.0,
videos,BflRX7z7SHs,42.7844,71.3073,0.26362241,3482,0.0,
videos,lXvUp7fNE0E,42.7837,32.5503,0.00042897,8184,58.1337,high
videos,0r52qhlcVEA,42.7829,31.2644,0.00034513,8340,60.0607,high
videos,cL8lb0QX3QU,42.7794,71.299,0.26341383,3483,0.0,
videos,v_zzbpnjqTA,42.7745,71.2908,0.26333252,3484,0.0,
videos,3Sz5lkZ4rpw,42.7701,30.2671,0.00029501,8461,61.5246,high
videos,vJcTE-5rFhQ,42.7696,71.2826,0.26326087,3485,0.0,
videos,dq9VW4kn19w,42.7663,25.6017,0.0001518,9027,68.5133,high
videos,CaBXLZyaJYU,42.7646,71.2743,0.26270897,3486,0.0,
videos,gc2N4EKZgVA,42.7597,71.2661,0.26246053,3487,0.0,
videos,bbhBRpDlFHE,42.7557,29.1543,0.00025138,8596,63.1578,high
videos,mNiDU-wC-jA,42.7547,71.2578,0.26241401,3488,0.0,
videos,5-0m5LUhiCc,42.7499,28.4949,0.00022945,8676,64.1323,high
videos,znD-27o34ZU,42.7498,71.2496,0.26235762,3489,0.0,
videos,OErOCS-qOi0,42.7448,71.2413,0.26219438,3490,0.0,
videos,Uwk0vDJoF5Q,42.7399,71.2331,0.26116013,3491,0.0,
videos,lneLe6oPT0c,42.7349,71.2249,0.26110028,3492,0.0,
videos,02A3yvAAMRc,42.73,71.2166,0.26099712,3493,0.0,
videos,PfwqQKjuHak,42.7294,27.2915,0.00019169,8822,65.8863,high
videos,T3jF7mSfAbw,42.725,71.2084,0.25968261,3494,0.0,
videos,bVh7759ucBE,42.7233,33.1932,0.00047926,8106,57.0185,high
videos,00Lila3kG4I,42.7201,71.2001,0.25923411,3495,0.0,
videos,StGq5vsMDZ8,42.7191,31.7343,0.00037316,8283,59.1963,high
videos,8xHbRU8k7bI,42.7151,71.1919,0.25917379,3496,0.0,
videos,q1l9px_0fOY,42.7146,29.0966,0.00024847,8603,63.1416,high
videos,FaskhktHSO8,42.7102,71.1836,0.2591702,3497,0.0,
videos,x9bAP46ouEw,42.7052,71.1754,0.25905895,3498,0.0,
videos,aK_ZN4Uj5I4,42.7003,71.1672,0.25873173,3499,0.0,
videos,BfQr21RSJrY,42.6953,71.1589,0.25800127,3500,0.0,
videos,6cpjPXnQ_QM,42.6904,71.1507,0.25757862,3501,0.0,
videos,bw5YsL6k5CI,42.6854,71.1424,0.25748897,3502,0.0,
videos,mCnIA26sJX4,42.6805,71.1342,0.25607582,3503,0.0,
videos,f0dvTV5bYN8,42.6755,71.1259,0.25582488,3504,0.0,
videos,oiW4t3vTHEI,42.6706,71.1177,0.25571057,3505,0.0,
videos,DqhWAGkXR3E,42.6681,22.9311,0.00010278,9353,72.2736,high
videos,YDXUiDX-n8Q,42.6638,35.8391,0.00078475,7785,52.9009,high
videos,wzwlfPp8vuI,42.6627,29.4346,0.0002625,8562,62.5048,high
videos,9RRg_fD2WNU,42.6576,32.4514,0.00042213,8196,57.967,high
videos,x77u_98U4PE,42.6558,71.093,0.25473151,3508,0.0,
videos,ZyVyi-dT_ac,42.6508,71.0847,0.25286587,3509,0.0,
videos,CNAf9dGH3nQ,42.6479,27.6294,0.00020253,8781,65.1757,high
videos,rPGmucpP_4g,42.6459,71.0765,0.25276266,3510,0.0,
videos,3StqLHs3rJc,42.6409,71.0682,0.25256903,3511,0.0,
videos,dyxQEsy4aMc,42.6311,71.0518,0.25224398,3513,0.0,
videos,4Xg0XI8bnz4,42.6269,34.6686,0.00062954,7927,54.5643,high
videos,M2fZHSrYk5g,42.6261,71.0435,0.25170051,3514,0.0,
videos,G-i7hiu_yPU,42.6254,30.8935,0.00032166,8385,60.2232,high
videos,0U3sL-FHYZM,42.6212,71.0353,0.25166534,3515,0.0,
videos,Z_JYEX2bgb0,42.6162,71.027,0.2514868,3516,0.0,
videos,HIoxqBrvxO4,42.6131,34.24,0.0005795,7979,55.1728,high
videos,30P2c_W8lvQ,42.6113,71.0188,0.25136453,3517,0.0,
videos,l_oMfFLDraY,42.6064,71.0106,0.25121797,3518,0.0,
videos,2AOH5hgKzpU,42.6063,25.9891,0.00016177,8980,67.532,high
videos,A8wtni2UGr0,42.6014,71.0023,0.25067767,3519,0.0,
videos,KWoBFxgmwuw,42.5965,70.9941,0.25065212,3520,0.0,
videos,5dMXxMvXViw,42.5866,70.9776,0.25032499,3522,0.0,
videos,HbKYaweBeOU,42.5816,70.9693,0.24987135,3523,0.0,
videos,2u87JMsChlU,42.5778,33.4158,0.00049812,8079,56.3207,high
videos,3ee5kPJdF9U,42.5767,70.9611,0.24953715,3524,0.0,
videos,TWq7RwJbu4E,42.5752,32.9871,0.00045927,8131,56.9573,high
videos,RWPbOq3ZEhY,42.5717,70.9529,0.24953015,3525,0.0,
videos,X1h46BkMpmQ,42.5668,70.9446,0.2492791,3526,0.0,
videos,UPYFbiBv8H4,42.5627,27.6789,0.00020428,8775,64.8884,high
videos,PfEyROhamjU,42.562,34.1081,0.0005713,7995,55.2428,high
videos,u9SoZ-kQpBc,42.5618,70.9364,0.24907747,3527,0.0,
videos,THbGDml1Ahg,42.5519,70.9199,0.24858007,3529,0.0,
videos,QkcSl0KS07o,42.547,70.9116,0.24731241,3530,0.0,
videos,3fNfZ9upRRY,42.542,70.9034,0.24725416,3531,0.0,
videos,YeagvVM-DSQ,42.5412,33.3416,0.00048885,8088,56.3406,high
videos,m-kyITllZXo,42.5371,70.8952,0.24722106,3532,0.0,
videos,k276mLcdS8w,42.5349,31.2479,0.00034392,8342,59.4655,high
videos,qTVja8sJnvI,42.5272,70.8787,0.24641043,3534,0.0,
videos,HDhw2czIhf4,42.5222,70.8704,0.24632911,3535,0.0,
videos,EfRkpl7f1NQ,42.5209,32.2783,0.00041068,8217,57.8847,high
videos,Vsu7BfsjG2I,42.5173,70.8622,0.24605425,3536,0.0,
videos,feAaaa-9ZGA,42.5136,27.1348,0.0001864,8841,65.5817,high
videos,gsjVx3kPY0I,42.5074,70.8457,0.24558673,3538,0.0,
videos,0oE0uS2Wah8,42.5025,70.8375,0.24551082,3539,0.0,
videos,Sfmlro5vVNA,42.4975,70.8292,0.2454595,3540,0.0,
videos,OvZ5EeRVzjs,42.4926,70.821,0.24443845,3541,0.0,
videos,Th933APygKQ,42.4925,34.1906,0.0005765,7986,54.9454,high
videos,PNah49HTY5E,42.4901,32.6657,0.00043562,8170,57.2267,high
videos,ZXF03rp-PGU,42.4876,70.8127,0.2438173,3542,0.0,
videos,BFIiq1iuzBE,42.4827,70.8045,0.24380882,3543,0.0,
videos,iQTmxAt7TIQ,42.4777,70.7962,0.24370522,3544,0.0,
videos,waPW3nxrLGM,42.4728,70.788,0.24368546,3545,0.0,
videos,F9HAV2bhEVQ,42.4679,70.7798,0.24356956,3546,0.0,
videos,v7NlB2xlijQ,42.4629,70.7715,0.24350263,3547,0.0,
videos,KUvWaj4IFZg,42.4481,70.7468,0.24225994,3550,0.0,
videos,ieIuxWVvTQQ,42.448,24.9918,0.00013905,9101,68.6324,high
videos,xENGUBJxiE0,42.4431,70.7385,0.2420386,3551,0.0,
videos,vOn1gM5fv2o,42.4382,70.7303,0.2420075,3552,0.0,
videos,oFRjcweaDOw,42.4333,70.7221,0.24158086,3553,0.0,
videos,3lGXxeRd4oI,42.4283,70.7138,0.24150752,3554,0.0,
videos,bK8_rltksCw,42.4135,70.6891,0.24075785,3557,0.0,
videos,_2djt63K6Lg,42.4085,70.6808,0.24069205,3558,0.0,
videos,31stkDXWjAQ,42.4036,70.6726,0.24036718,3559,0.0,
videos,69AWec8qjjo,42.3986,70.6644,0.2403311,3560,0.0,
videos,pZ6S-7G6FJo,42.3937,70.6561,0.24031101,3561,0.0,
videos,O-47KjLxasA,42.3887,70.6479,0.2400525,3562,0.0,
videos,eGnR2REYIvI,42.3838,70.6396,0.23972416,3563,0.0,
videos,d64iPYp05WY,42.3739,70.6231,0.23941032,3565,0.0,
videos,e-3EXt4zv0k,42.3689,70.6149,0.23918696,3566,0.0,
videos,gBxQHAr4K4U,42.364,70.6067,0.23917288,3567,0.0,
videos,SdGF83pt4k8,42.359,70.5984,0.23914384,3568,0.0,
videos,5YfgELYials,42.3549,32.0887,0.00039812,8240,57.7543,high
videos,iq-pdAv2K1g,42.3541,70.5902,0.23873308,3569,0.0,
videos,xVIjICU7NK8,42.3506,27.1019,0.0001849,8845,65.2237,high
videos,pjQ9N-16dS8,42.3491,70.5819,0.23862983,3570,0.0,
videos,cisv11g1vh4,42.3442,70.5737,0.23835559,3571,0.0,
videos,_88DyxJqY-4,42.3437,29.1873,0.00025229,8592,62.0784,high
videos,QMAzjO3p0TA,42.3399,33.1438,0.00047185,8112,56.134,high
videos,sj1y9FDJKCM,42.3392,70.5654,0.23815108,3572,0.0,
videos,70zjSjl3m00,42.3343,70.5572,0.23786513,3573,0.0,
videos,gKw_mFgJyaw,42.3294,70.549,0.23750036,3574,0.0,
videos,_z5WhilJ5NU,42.3244,70.5407,0.23719923,3575,0.0,
videos,e79wLIs7e08,42.3195,70.5325,0.23658326,3576,0.0,
videos,S5bj-CwBoRI,42.3145,70.5242,0.23655628,3577,0.0,
videos,nai-2S2YguY,42.3096,70.516,0.23601786,3578,0.0,
videos,LvCyyUYF1ng,42.3046,70.5077,0.23599283,3579,0.0,
videos,KKX96u12_Bw,42.2997,70.4995,0.23556209,3580,0.0,
videos,IzPvvQvSK5I,42.2948,70.4913,0.23553847,3581,0.0,
videos,Wb9FD7WfwyY,42.2825,33.3828,0.00049234,8083,55.6321,high
videos,R6tTb7au21I,42.2799,70.4665,0.2341457,3584,0.0,
videos,98tj9owJIQw,42.2785,32.4679,0.00042292,8194,56.9945,high
videos,_pVADxjfkZs,42.275,70.4583,0.23378164,3585,0.0,
videos,2fBlSVmJ130,42.2682,27.7118,0.00020558,8771,64.1029,high
videos,wiwWGfq4M7k,42.2651,70.4418,0.23327439,3587,0.0,
videos,iTZSf2kO5kQ,42.2604,31.3716,0.00034833,8327,58.5936,high
videos,Hw7PE5a3DGo,42.2602,70.4336,0.23289071,3588,0.0,
videos,eQhofdXj5ik,42.2552,70.4253,0.23288034,3589,0.0,
videos,IkNEALHWXUo,42.2522,25.7501,0.00015492,9009,67.0053,high
videos,hKu1kiGpjp4,42.2503,70.4171,0.23285196,3590,0.0,
videos,dp2_5avL0dM,42.2434,27.4646,0.0001958,8801,64.4115,high
videos,SvLaz6y-mhs,42.2425,28.3877,0.00022617,8689,63.0247,high
videos,uGHgxh5bRwo,42.2404,70.4006,0.23246577,3592,0.0,
videos,l26-oDWEQO4,42.2354,70.3924,0.23241171,3593,0.0,
videos,20qRbGT4j2w,42.2305,70.3841,0.23239364,3594,0.0,
videos,9Qce8Y5QSts,42.2255,70.3759,0.23227136,3595,0.0,
videos,aMQTVZV6Kpw,42.2206,70.3676,0.23220326,3596,0.0,
videos,3QzGC_iENYg,42.2156,70.3594,0.23204841,3597,0.0,
videos,X8v8t2dFn2U,42.2107,70.3511,0.23201503,3598,0.0,
videos,fCDgUwVRYqk,42.2057,70.3429,0.23189463,3599,0.0,
videos,ECCUhYY-Ohk,42.2008,70.3347,0.23174011,3600,0.0,
videos,1n1JlKS3UAM,42.1965,31.7755,0.00037755,8278,57.8281,high
videos,AkMNhObOCPc,42.1958,70.3264,0.23172144,3601,0.0,
videos,m1ddx427bHI,42.1909,70.3182,0.2314772,3602,0.0,
videos,1ONRHbMRVqk,42.1859,70.3099,0.23147215,3603,0.0,
videos,crrTHKN_R58,42.181,70.3017,0.2314678,3604,0.0,
videos,K38w2QlgHPQ,42.181,28.2394,0.00022224,8707,63.0933,high
videos,2y_3sFy4R1A,42.1809,31.1408,0.00033547,8355,58.7411,high
videos,q6gl47-ZZcA,42.176,70.2934,0.23143676,3605,0.0,
videos,BjnxoEkFF1M,42.1721,31.4375,0.00035117,8319,58.2739,high
videos,3uEL_TSxv8k,42.1711,70.2852,0.23128583,3606,0.0,
videos,l1-D1s67YU4,42.1696,27.275,0.00019163,8824,64.5114,high
videos,adWGnfQA-NM,42.1612,70.2687,0.23112075,3608,0.0,
videos,FNEoDIV_NLk,42.1563,70.2605,0.23112074,3609,0.0,
videos,KLYwFWIhPWI,42.1513,70.2522,0.23077136,3610,0.0,
videos,YGsN_XoR_o8,42.1464,70.244,0.23025174,3611,0.0,
videos,xpz_nU-WvDg,42.1452,32.7976,0.00044526,8154,56.1666,high
videos,og1FlwKn_Jk,42.1414,70.2357,0.2297916,3612,0.0,
videos,evOd0lPI7-Y,42.1398,29.9538,0.00028085,8499,60.4187,high
videos,kL_L3qnlTSI,42.1365,70.2275,0.22913807,3613,0.0,
videos,2XbKtkf-pzQ,42.1316,70.2193,0.22887794,3614,0.0,
videos,FeUPAAzpFiQ,42.1266,70.211,0.22859128,3615,0.0,
videos,LJ-ys6VKXZ4,42.1217,70.2028,0.22857691,3616,0.0,
videos,0pPuQw4fQaI,42.1167,70.1945,0.22852111,3617,0.0,
videos,7m9uIc31Egw,42.1157,27.0607,0.00018393,8850,64.6981,high
videos,fXTJ1v7lmfc,42.1141,27.3574,0.00019307,8814,64.2491,high
videos,bMm8x-8Nf_Y,42.1118,70.1863,0.22838753,3618,0.0,
videos,HVWOJjoe8vE,42.1068,70.178,0.22799027,3619,0.0,
videos,HnsMvE9djM0,42.1045,29.4758,0.00026331,8557,61.0476,high
videos,SodAkxI7kf4,42.1019,70.1698,0.22794524,3620,0.0,
videos,wd_xh6gSSOs,42.097,70.1616,0.22756616,3621,0.0,
videos,s64zujIvR3M,42.0965,31.7507,0.00037504,8281,57.6153,high
videos,m9zxw38UPaI,42.092,70.1533,0.22748059,3622,0.0,
videos,mXJu9HclHg8,42.0871,70.1451,0.22746349,3623,0.0,
videos,s8zBnylO-UI,42.0835,33.0861,0.00046902,8119,55.5795,high
videos,B82v-4uh_ho,42.0821,70.1368,0.22732769,3624,0.0,
videos,TlcrJHD2iMQ,42.0772,70.1286,0.22717282,3625,0.0,
videos,yFR27_prrbE,42.0722,70.1203,0.22715339,3626,0.0,
videos,uXNIs1WJiuI,42.0719,31.5117,0.00035463,8310,57.9123,high
videos,HnYdDL_RJ0g,42.0673,70.1121,0.22689695,3627,0.0,
videos,JbjnuF8OiZc,42.0639,28.2888,0.00022378,8701,62.7266,high
videos,EpKI7laJfU8,42.0623,70.1039,0.22686419,3628,0.0,
videos,9plSVZP3Zx8,42.0524,70.0874,0.2266305,3630,0.0,
videos,R3hiFM2I6MY,42.0475,70.0791,0.22657151,3631,0.0,
videos,4QFlP5LhJMM,42.0445,30.5226,0.00030516,8430,59.3274,high
videos,2xpGOxGuv-o,42.0425,70.0709,0.22584719,3632,0.0,
videos,bfySy6ERmeg,42.039,33.2262,0.00048158,8102,55.2582,high
videos,JbM7O1DBWqY,42.0376,70.0626,0.22553632,3633,0.0,
videos,SDpqy_i-D1E,42.0374,31.8744,0.00038472,8266,57.2819,high
videos,eXgggGYIlis,42.0326,70.0544,0.22404338,3634,0.0,
videos,q9vYUco1gXE,42.0282,31.5776,0.00035781,8302,57.7041,high
videos,kp6S-1PxdFk,42.0277,70.0462,0.22379437,3635,0.0,
videos,LoJdpIqOScY,42.0227,70.0379,0.22364611,3636,0.0,
videos,0D14LJGiBkg,42.0178,70.0297,0.22351716,3637,0.0,
videos,SI4wtASYzn8,42.0128,70.0214,0.22297693,3638,0.0,
videos,rdpmwWDFcDI,42.0079,70.0132,0.22282766,3639,0.0,
videos,KKwxanUOAd4,42.0029,70.0049,0.22278566,3640,0.0,
videos,HMLybmFKrRM,41.998,69.9967,0.22222459,3641,0.0,
videos,EJ8m6ulrG5M,41.9931,69.9885,0.2221332,3642,0.0,
videos,g7UOR7tLZ40,41.9881,69.9802,0.22201904,3643,0.0,
videos,l9XmHhiKOf8,41.9832,69.972,0.22196972,3644,0.0,
videos,EHBJot6l4L8,41.9782,69.9637,0.22150187,3645,0.0,
videos,LwA_XIM1IXA,41.977,29.5994,0.00026649,8542,60.5434,high
videos,rjz2JfarxRE,41.9733,69.9555,0.22147837,3646,0.0,
videos,rc-xQnupse0,41.9683,69.9472,0.22080605,3647,0.0,
videos,zeBSDa20RAg,41.9673,35.5259,0.00073618,7823,51.6293,high
videos,4b43AUsdls4,41.9658,30.7534,0.00031787,8401,58.7845,high
videos,qCacfOKR0W0,41.9634,69.939,0.22041185,3648,0.0,
videos,lB_XJmoBLjw,41.9613,25.9149,0.00015997,8989,66.031,high
videos,RTa6Z0BJ_WY,41.9585,69.9308,0.2201662,3649,0.0,
videos,Miqyc3_sdhE,41.9535,69.9225,0.21978399,3650,0.0,
videos,QLizvA-JpR0,41.9486,69.9143,0.21978102,3651,0.0,
videos,yHYYyV2Pdmk,41.9436,69.906,0.21978025,3652,0.0,
videos,o8YcWD2ri9U,41.9387,69.8978,0.21976363,3653,0.0,
videos,nkaL9vCooOI,41.9337,69.8895,0.21962394,3654,0.0,
videos,qyS1hVhCb6M,41.9323,32.3195,0.00041512,8212,56.3516,high
videos,HyO6rMqRXw0,41.9288,69.8813,0.21909796,3655,0.0,
videos,D5iUDJL3vh4,41.9239,69.8731,0.21873032,3656,0.0,
videos,mO7VBVHv2Ic,41.922,34.5697,0.00062051,7939,52.9505,high
videos,81RBVN6P9cM,41.9189,69.8648,0.2186836,3657,0.0,
videos,35Q6zgTEGkM,41.914,69.8566,0.21847127,3658,0.0,
videos,uwekR9ffTMU,41.909,69.8483,0.21822678,3659,0.0,
videos,kk8I63tizLM,41.9041,69.8401,0.21785423,3660,0.0,
videos,ojJMHZMmlio,41.9029,32.9377,0.00045598,8137,55.3507,high
videos,UTEBV-fQE1Q,41.8991,69.8318,0.21773348,3661,0.0,
videos,xXVA34x7Y30,41.8942,69.8236,0.21762167,3662,0.0,
videos,vTXoE7BLv9s,41.8892,69.8154,0.21751638,3663,0.0,
videos,m3Aqoh8lXJI,41.8843,69.8071,0.21707212,3664,0.0,
videos,Ez0AaV2e6qs,41.8827,31.9898,0.00039342,8252,56.722,high
videos,AqZPweXLrfI,41.8793,69.7989,0.21702545,3665,0.0,
videos,W0MdM2XoyWw,41.877,29.9044,0.00027692,8505,59.8358,high
videos,YBmzhTELH1U,41.8744,69.7906,0.21692451,3666,0.0,
videos,h2dB_T-rCx8,41.8712,33.4982,0.00050337,8069,54.4307,high
videos,TbNK5V8PVL0,41.8695,34.2812,0.00058451,7974,53.2519,high
videos,5qHMe4iclnY,41.8694,69.7824,0.21599848,3667,0.0,
videos,w7wd-xCnrfQ,41.8645,69.7742,0.21583834,3668,0.0,
videos,fr3zSDDUz0c,41.8624,32.0804,0.00039808,8241,56.5353,high
videos,Na8TvXjz5Wo,41.8615,33.7867,0.00053832,8034,53.9736,high
videos,eLCnB8dG_BA,41.8595,69.7659,0.21577843,3669,0.0,
videos,XAevUV2q8io,41.8546,69.7577,0.21575714,3670,0.0,
videos,eQPkxC_gz10,41.8514,28.8246,0.00023983,8636,61.3917,high
videos,vPq7Iy8_Itg,41.8504,29.6901,0.00026965,8531,60.0908,high
videos,Gph7X1N71gQ,41.8496,69.7494,0.21562744,3671,0.0,
videos,XoDfpxBy8Ag,41.8397,69.7329,0.21495949,3673,0.0,
videos,taTBJAG6Ouk,41.8348,69.7247,0.21487391,3674,0.0,
videos,rJHXwkc6v0A,41.8318,32.8635,0.00045033,8146,55.2842,high
videos,oeYwDbEwy5E,41.8258,31.1078,0.00033455,8359,57.9029,high
videos,QS9lXV5avt0,41.8258,32.1217,0.00039959,8236,56.3819,high
videos,4xGGV_ExIyM,41.82,69.7,0.21368446,3677,0.0,
videos,KfaPxlvQx1M,41.8198,24.3818,0.00012854,9175,67.9767,high
videos,qtHqUcX4Xec,41.8156,26.1705,0.00016566,8958,65.2832,high
videos,k7txhFWzDIM,41.815,69.6917,0.21320523,3678,0.0,
videos,cO1kZg1Bmw8,41.8101,69.6835,0.21277234,3679,0.0,
videos,HfGcwb8pbbA,41.8051,69.6752,0.21273807,3680,0.0,
videos,yUYK-uYCv0M,41.8002,69.667,0.21257463,3681,0.0,
videos,WW8yvzsBCko,41.7953,69.6588,0.21238571,3682,0.0,
videos,6R_vrfRdDlA,41.7903,69.6505,0.21138014,3683,0.0,
videos,Bv4wqAVZ6Ps,41.7879,26.121,0.00016464,8964,65.2882,high
videos,NyQkq4WDQcc,41.7854,69.6423,0.21064634,3684,0.0,
videos,safz3ntDa_U,41.7804,69.634,0.21049069,3685,0.0,
videos,-IhdnUzV64Y,41.7755,69.6258,0.21036481,3686,0.0,
videos,5iGGH6bHA8Q,41.7705,69.6175,0.20989471,3687,0.0,
videos,JJQOkc36Epg,41.7673,28.0663,0.00021824,8728,62.3189,high
videos,4Fo9eqPdFow,41.7656,69.6093,0.20987307,3688,0.0,
videos,c4rxp42FJ3M,41.7607,69.6011,0.20980609,3689,0.0,
videos,xEzTb7iIYtQ,41.7571,29.9456,0.00028068,8500,59.4744,high
videos,0PH9nn4laRQ,41.7557,69.5928,0.20960354,3690,0.0,
videos,0vJJsIZzRdU,41.7548,30.9182,0.00032364,8382,58.0097,high
videos,vbUE9ZMGDsI,41.7508,69.5846,0.20956577,3691,0.0,
videos,tF0zSeruRnk,41.7458,69.5763,0.20935763,3692,0.0,
videos,6E_4kI6QOac,41.7458,34.3966,0.00059524,7960,52.7696,high
videos,nZ3BpZg_sgg,41.7409,69.5681,0.2093155,3693,0.0,
videos,uvfU2B8b4G4,41.7374,29.5252,0.00026396,8551,60.0558,high
videos,Fcd6VOIBCOg,41.7359,69.5598,0.20916538,3694,0.0,
videos,-5kkpHpexIA,41.7335,28.124,0.00021969,8721,62.1478,high
videos,rRw7sYwfSVI,41.731,69.5516,0.209085,3695,0.0,
videos,pkiP_d_clpk,41.726,69.5434,0.20893725,3696,0.0,
videos,q8oBi2M9WEA,41.7211,69.5351,0.20864543,3697,0.0,
videos,cLqxpl7kYZY,41.7161,69.5269,0.20859301,3698,0.0,
videos,bjl9xPc-X4Q,41.7112,69.5186,0.20829216,3699,0.0,
videos,FzZFC_u3lbg,41.7062,69.5104,0.20807096,3700,0.0,
videos,zWdb-UpS_b8,41.7028,24.2746,0.00012717,9188,67.845,high
videos,vF7ZeyRU7WU,41.7013,31.6271,0.00036009,8296,56.8127,high
videos,XDCXTdnf2jU,41.7013,69.5021,0.20768924,3701,0.0,
videos,opUr9K0bHWs,41.6963,69.4939,0.20630554,3702,0.0,
videos,-7WgRQ7I550,41.6914,69.4857,0.20600579,3703,0.0,
videos,TBn0Gn9-nP4,41.6864,69.4774,0.20575585,3704,0.0,
videos,TmdFl-4gqx4,41.6815,69.4692,0.20570944,3705,0.0,
videos,O1LMyzGsMqg,41.6765,69.4609,0.20557482,3706,0.0,
videos,Hm8p1uWuWCg,41.6716,69.4527,0.20526131,3707,0.0,
videos,Agh9Iku-DhQ,41.667,30.605,0.00030812,8420,58.26,high
videos,eai7wjoDklw,41.6666,69.4444,0.2051788,3708,0.0,
videos,oe4vpwWCuuA,41.6617,69.4362,0.20480622,3709,0.0,
videos,NPqOirA3ql0,41.6568,69.428,0.2042861,3710,0.0,
videos,CWCrgNlU4UY,41.6543,24.7774,0.00013574,9127,66.9696,high
videos,wLeYT8GPrPg,41.6518,69.4197,0.2042313,3711,0.0,
videos,ZkiqcsRNyWs,41.6469,69.4115,0.20404419,3712,0.0,
videos,x1hJj8kINo0,41.6421,33.4735,0.00050212,8072,53.8951,high
videos,qGS9Ghnq1RU,41.6419,69.4032,0.20399426,3713,0.0,
videos,FBq_mtNPweg,41.6385,24.9753,0.00013901,9103,66.6332,high
videos,krqt6eg3UoI,41.637,69.395,0.20380706,3714,0.0,
videos,TIxhsZTlGZc,41.632,69.3867,0.20377465,3715,0.0,
videos,EE8lQouNvBs,41.631,31.2315,0.00034365,8344,57.2302,high
videos,8DGEQP_1cgg,41.6172,69.362,0.20346584,3718,0.0,
videos,yMuI-HCa6zU,41.6024,69.3373,0.20180615,3721,0.0,
videos,a00Q4oYMifk,41.5925,69.3208,0.20169592,3723,0.0,
videos,Sa3FI80wDHU,41.5876,69.3126,0.20165905,3724,0.0,
videos,vA4qZIi_My0,41.5833,30.8688,0.00032072,8388,57.6551,high
videos,hXPy19kPego,41.5826,69.3043,0.20152251,3725,0.0,
videos,4_25vtYwExo,41.5777,69.2961,0.20116208,3726,0.0,
videos,uLKXaS9MEpo,41.5762,31.4293,0.00035106,8320,56.7965,high
videos,7qK6IJMDDGQ,41.5727,69.2878,0.201054,3727,0.0,
videos,uWLjQkwG7_4,41.5678,69.2796,0.20093521,3728,0.0,
videos,YTWZ7pkb7O0,41.5634,29.1378,0.00024923,8598,60.2017,high
videos,X3sGeCvEV70,41.5628,69.2713,0.20067848,3729,0.0,
videos,h-E4ta7BUVw,41.5579,69.2631,0.20042307,3730,0.0,
videos,fgHWE33Hp6E,41.5536,31.5447,0.00035612,8306,56.5669,high
videos,9rRvmcDpWwA,41.5529,69.2549,0.20017255,3731,0.0,
videos,BnAKfe0qGbE,41.5517,25.3874,0.00014645,9053,65.7981,high
videos,gBnyVFgKf6U,41.5492,32.1134,0.00039889,8237,55.7028,high
videos,Pg8oe1WxeD8,41.548,69.2466,0.19984407,3732,0.0,
videos,IKQKPQP0HNE,41.543,69.2384,0.19918241,3733,0.0,
videos,-Sor91FaTR0,41.5381,69.2301,0.19915287,3734,0.0,
videos,uPqDHGOARSo,41.5331,69.2219,0.19867557,3735,0.0,
videos,FZ-yDGP2rP8,41.5309,34.7181,0.00063516,7921,51.7502,high
videos,HP4DI0WEiFw,41.5232,69.2054,0.19866138,3737,0.0,
videos,eU10zPAlfZM,41.5186,28.7916,0.00023893,8640,60.609,high
videos,zZ4TUJdklP0,41.5183,69.1972,0.19858668,3738,0.0,
videos,4q1EkbuO_8o,41.5133,69.1889,0.19858593,3739,0.0,
videos,Osc4HNqLcIA,41.5084,69.1807,0.19823688,3740,0.0,
videos,X6SpKBQr-KE,41.5079,28.0251,0.00021696,8733,61.732,high
videos,3Nend064OzI,41.5034,69.1724,0.19746929,3741,0.0,
videos,qWEEwniy0LE,41.4985,69.1642,0.19743784,3742,0.0,
videos,3yj9rCGNqjU,41.4936,69.156,0.19723829,3743,0.0,
videos,vKyCWofmYVs,41.4886,69.1477,0.19709464,3744,0.0,
videos,GAf7J_t1o8U,41.4837,69.1395,0.19701045,3745,0.0,
videos,i5zXqv4rwsU,41.4808,32.1381,0.00040209,8234,55.4949,high
videos,trTdYKrzQqI,41.4806,32.3607,0.00041692,8207,55.1605,high
videos,DljJBGUgEn8,41.4787,69.1312,0.19668446,3746,0.0,
videos,a5IAECZ4hl0,41.4738,69.123,0.19654323,3747,0.0,
videos,uApOtSIouUA,41.4688,69.1147,0.19625553,3748,0.0,
videos,S1MCQaQkTOE,41.4639,69.1065,0.19621319,3749,0.0,
videos,Bm0PNOrsBX0,41.4594,25.544,0.00015021,9034,65.3324,high
videos,t5VenR2zC2o,41.454,69.09,0.1959532,3751,0.0,
videos,VGORRAofmv0,41.4493,31.998,0.00039353,8251,55.6262,high
videos,53jhaPA-qWg,41.4491,69.0818,0.19552479,3752,0.0,
videos,sbR5GN7ula8,41.4441,69.0735,0.19546531,3753,0.0,
videos,lbq7X385OD8,41.4392,69.0653,0.1954527,3754,0.0,
videos,GOJCoMuvtaQ,41.438,30.5968,0.00030737,8421,57.6998,high
videos,8yc7IbXluKU,41.4342,69.057,0.19545207,3755,0.0,
videos,y3zcX2zUM_4,41.4293,69.0488,0.19527064,3756,0.0,
videos,7hCnpK4ZuFI,41.4274,23.5575,0.00011317,9275,68.2322,high
videos,9S-dGJLIySo,41.4244,69.0406,0.19498291,3757,0.0,
videos,mZ3uLZo9Ndk,41.4145,69.0241,0.19457011,3759,0.0,
videos,YY99Gla0v4E,41.4138,26.1045,0.0001645,8966,64.3777,high
videos,ZmMULvKNLsc,41.4095,69.0158,0.19436943,3760,0.0,
videos,jj6Tzh7Ip1U,41.4071,32.4266,0.00042148,8199,54.8778,high
videos,yGmp03o8E2k,41.405,28.8164,0.00023927,8637,60.288,high
videos,UsS6bOYnnOI,41.4046,69.0076,0.1941651,3761,0.0,
videos,uLRt9m0BCZo,41.4022,29.8302,0.00027416,8514,58.7601,high
videos,ASMDfvp7HM4,41.4015,20.6891,7.786e-05,9623,72.47,high
videos,C5AwGdV1QM4,41.3996,68.9993,0.19401559,3762,0.0,
videos,SUXJdwAlZQE,41.3947,68.9911,0.19400743,3763,0.0,
videos,QBbUdT3CbvY,41.3932,31.7425,0.00037382,8282,55.8692,high
videos,nK1T7ZuC18g,41.392,32.2371,0.00040782,8222,55.1244,high
videos,pyqcDgpIPpM,41.3897,68.9829,0.19377604,3764,0.0,
videos,lKJMJsl76_E,41.3848,68.9746,0.19367358,3765,0.0,
videos,ZffQ_ZkPC1U,41.3798,68.9664,0.19366685,3766,0.0,
videos,DKZ5p1otto4,41.3749,68.9581,0.19349253,3767,0.0,
videos,cLjA8IVlxao,41.372,26.9618,0.00018125,8862,62.9873,high
videos,51dULrDA8E8,41.371,26.8711,0.00017928,8873,63.1209,high
videos,33HT7CnI79k,41.3699,68.9499,0.19313285,3768,0.0,
videos,eba1kynnP_4,41.365,68.9416,0.19274796,3769,0.0,
videos,0PehQikYTcM,41.36,68.9334,0.19271009,3770,0.0,
videos,F13rokoWric,41.3551,68.9252,0.19259584,3771,0.0,
videos,ymSq5zSZWhM,41.3501,68.9169,0.19257475,3772,0.0,
videos,X-EsMDGUQhI,41.3452,68.9087,0.19249967,3773,0.0,
videos,kYUVZigtceM,41.3402,68.9004,0.19236277,3774,0.0,
videos,eESZNaJT2qI,41.3303,68.8839,0.1921183,3776,0.0,
videos,3zo7bv7hYhY,41.3246,34.9159,0.0006609,7897,50.9377,high
videos,khU9XJ5vIKA,41.3205,68.8675,0.19121484,3778,0.0,
videos,9_AhSPL4r04,41.3155,68.8592,0.19120831,3779,0.0,
videos,2iOIREL7tPk,41.3106,68.851,0.19095274,3780,0.0,
videos,VKyRU-ciTwM,41.3095,23.1207,0.00010601,9328,68.5926,high
videos,f2fDaAMvlV4,41.3061,24.2829,0.00012718,9187,66.8408,high
videos,c29WpDUzlhI,41.3056,68.8427,0.19067262,3781,0.0,
videos,e2_tZU42J_E,41.3007,68.8345,0.19051615,3782,0.0,
videos,rAekVTfpkoY,41.2957,68.8262,0.19030327,3783,0.0,
videos,e_H_tkpCAK4,41.2908,68.818,0.19028067,3784,0.0,
videos,Iq9xzR0CXJs,41.2859,68.8098,0.1900431,3785,0.0,
videos,zxqowTdDbiM,41.2817,29.1048,0.00024871,8602,59.5471,high
videos,VsLOWe6VuyQ,41.2809,68.8015,0.18993995,3786,0.0,
videos,rtL-9M6iStQ,41.276,68.7933,0.18938977,3787,0.0,
videos,yvsj3bc9sSM,41.2746,29.3521,0.00025862,8572,59.1584,high
videos,kbw3zg2gb2o,41.271,68.785,0.18880781,3788,0.0,
videos,Oou5Rtb9ELU,41.2678,34.8335,0.00064767,7907,50.9192,high
videos,uYdVBltkZmo,41.2661,68.7768,0.18863915,3789,0.0,
videos,4ugCU_q5Ndo,41.2611,68.7685,0.18848857,3790,0.0,
videos,YwmEnuh87To,41.2562,68.7603,0.18848699,3791,0.0,
videos,bzV2EwDyxpk,41.2513,68.7521,0.1882187,3792,0.0,
videos,_qLy2MR2TWM,41.2477,29.1461,0.00024933,8597,59.4001,high
videos,GkWvMcwfa4s,41.2446,33.457,0.00050069,8074,52.926,high
videos,QyeHjsrlmD8,41.2414,68.7356,0.18787797,3794,0.0,
videos,EroI04swqss,41.2364,68.7273,0.18783151,3795,0.0,
videos,3RkwM1rn3pQ,41.2315,68.7191,0.18783058,3796,0.0,
videos,klu2c6NOLTo,41.2265,68.7108,0.18781361,3797,0.0,
videos,AYIqxqyY-es,41.2228,24.5796,0.00013286,9151,66.1877,high
videos,4eUKeABMiRc,41.2166,68.6944,0.18724435,3799,0.0,
videos,wYpCr24Wy4o,41.2067,68.6779,0.18706452,3801,0.0,
videos,o39vHtwxPRg,41.2023,25.6759,0.00015364,9018,64.492,high
videos,_E5H11ZoFu4,41.2018,68.6696,0.1868668,3802,0.0,
videos,qb3iP6kVIXQ,41.1968,68.6614,0.18672071,3803,0.0,
videos,4Q1HBUDEFus,41.1919,68.6531,0.18644723,3804,0.0,
videos,TUkuKBjKyBY,41.1869,68.6449,0.1863998,3805,0.0,
videos,S77H1MkSnj8,41.1861,28.5279,0.00022988,8672,60.1735,high
videos,7IZou_JgJNU,41.186,27.4151,0.00019515,8807,61.8423,high
videos,VS9mUv2TdZs,41.182,68.6367,0.18615262,3806,0.0,
videos,y31ed242g-g,41.177,68.6284,0.18586184,3807,0.0,
videos,NvzPX8cJrMo,41.1721,68.6202,0.18562695,3808,0.0,
videos,WlH-63QFMJM,41.1713,29.0554,0.00024678,8608,59.3452,high
videos,nCCRWnN4eGI,41.1671,68.6119,0.18547526,3809,0.0,
videos,vlhHSfJ8NcA,41.1622,68.6037,0.18545621,3810,0.0,
videos,g_7mUw6Xt2E,41.1573,68.5955,0.18537669,3811,0.0,
videos,leweAlWpRfg,41.1551,25.816,0.00015565,9001,64.1637,high
videos,Vxp4g-vL_SA,41.1523,68.5872,0.18483972,3812,0.0,
videos,PCI3yjKaZSY,41.1424,68.5707,0.18465059,3814,0.0,
videos,Mk9d-gcYiJ8,41.1375,68.5625,0.1846328,3815,0.0,
videos,by8qWHEGGBY,41.1325,68.5542,0.18403375,3816,0.0,
videos,4vHF2qU89Jo,41.1276,68.546,0.18385551,3817,0.0,
videos,K7sOK7TbazE,41.1256,28.7174,0.00023706,8649,59.738,high
videos,nRFwkt-9CR8,41.1238,29.7148,0.00027018,8528,58.2374,high
videos,ai0zfujujr8,41.1177,68.5295,0.18322613,3819,0.0,
videos,AvEfMgMjOOs,41.1171,29.4016,0.00026008,8566,58.6903,high
videos,p30EsC2yI7g,41.1128,68.5213,0.18317688,3820,0.0,
videos,wgJAWo4YgOc,41.1121,30.6297,0.00031009,8417,56.8358,high
videos,_RI1LR-1wy0,41.1078,68.513,0.18310414,3821,0.0,
videos,hiGnm1GMLog,41.1029,68.5048,0.18304901,3822,0.0,
videos,_twN29IEQlc,41.0979,68.4965,0.18286242,3823,0.0,
videos,I90SYqY-Fi8,41.0956,25.8243,0.00015659,9000,64.0025,high
videos,WLoBhhwyrKA,41.093,68.4883,0.18265998,3824,0.0,
videos,DQtzoXbBu4Q,41.0881,68.4801,0.18247889,3825,0.0,
videos,MR9x_pjQpUU,41.0831,68.4718,0.18225844,3826,0.0,
videos,ztF1lR2-HRo,41.0782,68.4636,0.18223555,3827,0.0,
videos,R3e8h55Qc1Y,41.077,30.8358,0.00032008,8392,56.4389,high
videos,mRZb8wiUjqE,41.0732,68.4553,0.18213286,3828,0.0,
videos,vfrsDMsgHao,41.0705,33.0943,0.00046913,8118,53.0349,high
videos,YUwjueXzffE,41.0683,68.4471,0.18174802,3829,0.0,
videos,dwWaAtzAjMs,41.0633,68.4388,0.18172459,3830,0.0,
videos,hDrXQVP6bqc,41.0584,68.4306,0.18171999,3831,0.0,
videos,mieZ8g10bKw,41.0534,68.4224,0.18143028,3832,0.0,
videos,ZBUGIZmJdc8,41.0485,68.4141,0.18101379,3833,0.0,
videos,EquIjdAX1-U,41.0435,68.4059,0.18096712,3834,0.0,
videos,hTubZ3xGx4w,41.0396,32.9294,0.00045501,8138,53.2049,high
videos,uJiP2e9wqmI,41.0386,68.3976,0.18086076,3835,0.0,
videos,YH0xIsNGupg,41.0357,33.1767,0.00047668,8108,52.8241,high
videos,g_cIkiRYq4c,41.0336,68.3894,0.18085961,3836,0.0,
videos,5aDITLsV6yU,41.031,30.8276,0.00031972,8393,56.336,high
videos,P3Lb69vBpJQ,41.0287,68.3811,0.18055619,3837,0.0,
videos,DfeXyiagVDE,41.0284,26.4507,0.00017186,8924,62.895,high
videos,rnzNPWOR6Ik,41.0237,68.3729,0.18034491,3838,0.0,
videos,PH6vwZuqepk,41.0188,68.3647,0.18004646,3839,0.0,
videos,PHLAL5_KKcs,41.0089,68.3482,0.17990216,3841,0.0,
videos,LLTaOiFUaC0,41.0035,25.3792,0.0001464,9054,64.44,high
videos,-3WDAGUXqps,40.999,68.3317,0.17905171,3843,0.0,
videos,WRYr41vxR-E,40.9949,31.487,0.00035411,8313,55.2568,high
videos,rw8v2QJscH0,40.994,68.3234,0.17866823,3844,0.0,
videos,a4jo0YM7WRg,40.9891,68.3152,0.17816434,3845,0.0,
videos,Q9ZhBzx1Hro,40.9842,68.307,0.1781558,3846,0.0,
videos,jxkhlcvEmTg,40.9792,68.2987,0.17800258,3847,0.0,
videos,3Rxg2SUBHNo,40.977,27.9097,0.00021361,8747,60.5779,high
videos,yq4vSEqd5FQ,40.9743,68.2905,0.17789242,3848,0.0,
videos,ZBC9tnPjeSQ,40.9693,68.2822,0.17785257,3849,0.0,
videos,UQFnd8BUSE8,40.966,26.4672,0.00017208,8922,62.7142,high
videos,st9B-61VgbU,40.9649,27.4481,0.0001957,8802,61.2402,high
videos,-qm0ln33G24,40.9644,68.274,0.1774606,3850,0.0,
videos,xhbplPX4QKI,40.9611,21.0435,8.193e-05,9580,70.8374,high
videos,dUPfc7OMJXw,40.9594,68.2657,0.17714474,3851,0.0,
videos,jLqibx29wgs,40.956,27.6377,0.00020276,8780,60.9335,high
videos,ee0VimBWl34,40.9545,68.2575,0.17680237,3852,0.0,
videos,mDh52QTqR0o,40.9496,68.2493,0.17676172,3853,0.0,
videos,ys1JckKizoU,40.9446,68.241,0.17655497,3854,0.0,
videos,2_kyhUXyOlQ,40.9397,68.2328,0.17623958,3855,0.0,
videos,mYhcR7Pmk-8,40.9347,68.2245,0.17582292,3856,0.0,
videos,wTXIJjKoFFM,40.9248,68.208,0.17442652,3858,0.0,
videos,UbBOq-J9JpY,40.9199,68.1998,0.17427722,3859,0.0,
videos,2OlWcZcMnQQ,40.915,68.1916,0.17417612,3860,0.0,
videos,1yc1Rth95Gc,40.9135,24.1263,0.00012442,9206,66.0944,high
videos,idndDmN--2Y,40.91,68.1833,0.17407256,3861,0.0,
videos,73k5EEINbNg,40.9051,68.1751,0.17365497,3862,0.0,
videos,bouvNyq8xCY,40.9001,68.1668,0.17362545,3863,0.0,
videos,DsK06BFogv0,40.8952,68.1586,0.1732172,3864,0.0,
videos,IbHBubhg46w,40.8935,31.1655,0.00033835,8352,55.4855,high
videos,R5IqwYyJXD4,40.8888,31.0584,0.00033141,8365,55.6343,high
videos,3yqcguTZ7cs,40.8853,68.1421,0.17305588,3866,0.0,
videos,35quXN713tc,40.8803,68.1339,0.17295351,3867,0.0,
videos,AfKocKW4sVQ,40.8781,21.5051,8.727e-05,9524,69.9377,high
videos,FYhN-sVJZJY,40.8777,31.5859,0.00035911,8301,54.8154,high
videos,1Ko4LGZkAiU,40.8763,25.3544,0.00014553,9057,64.1591,high
videos,diDmxAgkLDk,40.8754,68.1256,0.172654,3868,0.0,
videos,r3dPR2LrIFc,40.8704,68.1174,0.1723271,3869,0.0,
videos,gjDIv6iodz8,40.8655,68.1091,0.17152262,3870,0.0,
videos,T5ExWySmH2I,40.863,30.7781,0.00031804,8399,55.9904,high
videos,g_AfWZQcdfw,40.8605,68.1009,0.17151244,3871,0.0,
videos,di4kjnjAyBo,40.8569,28.5691,0.00023174,8667,59.2887,high
videos,yRjrq9EqbLs,40.8556,68.0926,0.17144571,3872,0.0,
videos,MQmVuZls-MA,40.8506,68.0844,0.17132579,3873,0.0,
videos,6PI8-knCwE8,40.849,27.8272,0.00021003,8757,60.3817,high
videos,CXRsN2QJFJQ,40.8467,24.8351,0.00013699,9120,64.8642,high
videos,cCVbcKZErso,40.8457,68.0762,0.17092716,3874,0.0,
videos,8mZrLp7FAIY,40.8413,30.2176,0.00029247,8467,56.7768,high
videos,A3SVOqTTr0w,40.8344,23.9037,0.00012072,9233,66.2305,high
videos,TrLqO9fN_9I,40.8308,68.0514,0.17029656,3877,0.0,
videos,jeA-tUTn3YA,40.8285,30.8111,0.0003191,8395,55.8545,high
videos,WUr88Sx7Ql8,40.8259,68.0432,0.17016894,3878,0.0,
videos,B9tMr-KIyCI,40.8209,68.0349,0.16947194,3879,0.0,
videos,ZIIpLMF1XWQ,40.816,68.0267,0.16916705,3880,0.0,
videos,wR3xxlbzaGA,40.8111,68.0185,0.16836419,3881,0.0,
videos,w9x8JHaSVu0,40.809,31.8249,0.0003817,8272,54.2851,high
videos,0KnAQfBII7I,40.8061,68.0102,0.16796566,3882,0.0,
videos,XI6QMhbIx2w,40.8012,68.002,0.16764435,3883,0.0,
videos,T4nTKLfoWO4,40.7962,67.9937,0.16755383,3884,0.0,
videos,mw9Q4KWiDME,40.7913,67.9855,0.16733817,3885,0.0,
videos,f1upfmGsYAo,40.7905,27.5223,0.00019923,8794,60.6928,high
videos,QusSBDWRZfc,40.7864,67.9773,0.16726989,3886,0.0,
videos,g_vRHyE8Bec,40.7814,67.969,0.16699669,3887,0.0,
videos,U-h7JffloDk,40.7788,28.7504,0.00023774,8645,58.8215,high
videos,uC5O-9jLPrc,40.7776,29.451,0.00026296,8560,57.7676,high
videos,FGFaysGrKng,40.7765,67.9608,0.1669684,3888,0.0,
videos,RtZLxd6oD9E,40.773,31.3221,0.00034757,8333,54.9493,high
videos,4xed6CNu0j8,40.7718,25.5523,0.00015078,9033,63.601,high
videos,nX58GmR5-FU,40.7715,67.9525,0.16627546,3889,0.0,
videos,AP_sVHZmtLI,40.7666,67.9443,0.16620809,3890,0.0,
videos,8ClFogRMF5I,40.7649,25.9397,0.00016099,8986,63.0027,high
videos,cAGt_LfJsdM,40.7616,67.936,0.16593793,3891,0.0,
videos,Xh10fSZB9VU,40.758,29.9786,0.00028182,8496,56.927,high
videos,pGAwjldnViM,40.7567,67.9278,0.16582992,3892,0.0,
videos,4gsuroIVcBo,40.7518,67.9196,0.16567714,3893,0.0,
videos,-r-39GWSSrs,40.7468,67.9113,0.16564496,3894,0.0,
videos,Cyu8oCt_0qs,40.7419,67.9031,0.16553206,3895,0.0,
videos,JX1ImONqs7U,40.7369,67.8948,0.16522652,3896,0.0,
videos,h_j-BgEHT1o,40.732,67.8866,0.16486787,3897,0.0,
videos,kOACms0v5iw,40.727,22.1316,9.368e-05,9448,68.6201,high
videos,Vyi7MDsx5NA,40.727,67.8783,0.16482577,3898,0.0,
videos,3Mqh-IsyPE8,40.7221,67.8701,0.16432322,3899,0.0,
videos,qldl_jKQBc8,40.7171,67.8619,0.16396389,3900,0.0,
videos,x4B6iy3hA7w,40.7122,67.8536,0.16361267,3901,0.0,
videos,VT_fdkOKAS0,40.7082,30.638,0.00031021,8416,55.8136,high
videos,kS55oBk6OWU,40.7072,67.8454,0.16339484,3902,0.0,
videos,45mvz9lZn4M,40.7066,27.9674,0.00021486,8740,59.8154,high
videos,sIUX03obr4Q,40.7023,67.8371,0.16336877,3903,0.0,
videos,1WQetpMA8-k,40.7006,25.7913,0.00015539,9004,63.0646,high
videos,2muiDbVAkoE,40.6994,24.3983,0.00012901,9173,65.151,high
videos,ymS_l9CjFt8,40.6954,29.3192,0.00025768,8576,57.7597,high
videos,J1_KtjYIJ38,40.6924,67.8206,0.16296065,3905,0.0,
videos,klSmorJ37aQ,40.6874,67.8124,0.16293225,3906,0.0,
videos,ycUn7eBaRzM,40.6825,67.8042,0.16238622,3907,0.0,
videos,8fIROVeKvMo,40.6775,67.7959,0.16233857,3908,0.0,
videos,9oId05zOwnM,40.6743,31.4458,0.00035154,8318,54.5171,high
videos,hAFIFxEpi0c,40.6727,28.4537,0.0002278,8681,59.0011,high
videos,8irHT4e2Y_k,40.6726,67.7877,0.16210133,3909,0.0,
videos,I5BKi32IEa8,40.6687,30.671,0.00031203,8412,55.6653,high
videos,nzNL_poCQ3M,40.6676,67.7794,0.16144782,3910,0.0,
videos,iMxTM9LgMwM,40.6658,27.2832,0.00019166,8823,60.7396,high
videos,ske4vwd-Y7w,40.6627,67.7712,0.16125067,3911,0.0,
videos,n2uyejEBcIg,40.6594,31.1573,0.00033829,8353,54.9125,high
videos,anqjwLkzdH8,40.6577,67.7629,0.16122622,3912,0.0,
videos,Yr_FJZ0W2pU,40.6528,67.7547,0.16107622,3913,0.0,
videos,O8WtfvkqUoQ,40.6527,29.7066,0.00027008,8529,57.0718,high
videos,Z94j12mMRks,40.6479,67.7465,0.16094311,3914,0.0,
videos,_UBE3l9gdDg,40.6429,67.7382,0.1607981,3915,0.0,
videos,7RNOJ25K-Ps,40.638,67.73,0.16069107,3916,0.0,
videos,ftk4VdOcaj8,40.6367,24.5302,0.00013155,9157,64.7965,high
videos,vz0vdf-sVqs,40.633,67.7217,0.15943764,3917,0.0,
videos,eAJfwkUsfRQ,40.6281,67.7135,0.15934471,3918,0.0,
videos,w9CFntO9jK4,40.6231,67.7052,0.15932479,3919,0.0,
videos,lvw8Fe5wcBo,40.6162,27.0854,0.00018472,8847,60.9124,high
videos,OWkM5YoEhgM,40.6133,67.6888,0.15930193,3921,0.0,
videos,MfCc0l36eAs,40.6083,67.6805,0.15902743,3922,0.0,
videos,QDj84KYeG-g,40.6034,67.6723,0.15867159,3923,0.0,
videos,aGUvNcWI7G4,40.5984,67.664,0.15865528,3924,0.0,
videos,nvnSG2Ih5bw,40.5983,27.6129,0.00020236,8783,60.0763,high
videos,OkVrrVAG9yg,40.5936,21.909,9.157e-05,9475,68.6205,high
videos,OgdmDzo0Wjw,40.5935,67.6558,0.15864559,3925,0.0,
videos,nOVFQxOEy4w,40.5885,67.6475,0.15842752,3926,0.0,
videos,B_BjBZE0aU0,40.5836,67.6393,0.15825895,3927,0.0,
videos,R_SOXyvBPuA,40.5758,23.0053,0.00010412,9342,66.9315,high
videos,Pfw8f0Uce-8,40.5737,67.6228,0.15815721,3929,0.0,
videos,q7YtTHKXwY8,40.5688,67.6146,0.15814051,3930,0.0,
videos,bKxzy3t_cRc,40.5638,67.6063,0.15802784,3931,0.0,
videos,ZoYnNFZmHIw,40.5539,67.5898,0.15716398,3933,0.0,
videos,Jh2RXgnP_k8,40.5495,32.4019,0.00041882,8202,52.771,high
videos,hUgjffI9coY,40.549,67.5816,0.15715137,3934,0.0,
videos,xzRjUmCsMTw,40.5449,26.3353,0.00016973,8938,61.8593,high
videos,bnaKVLoTcow,40.544,67.5734,0.1569905,3935,0.0,
videos,dueMnp5n8nQ,40.5434,27.2008,0.00018876,8833,60.5572,high
videos,pn1SQO3wKLI,40.5391,67.5651,0.15658197,3936,0.0,
videos,0ShXZN7aHqA,40.5356,23.2608,0.00010822,9311,66.4477,high
videos,h4FWGDqMSWM,40.5341,67.5569,0.15644569,3937,0.0,
videos,5tJEM0bxLT4,40.5193,67.5321,0.15522144,3940,0.0,
videos,bYniTt2oRf4,40.5143,67.5239,0.15507411,3941,0.0,
videos,OgAjsuFNS94,40.5094,67.5157,0.15494204,3942,0.0,
videos,8UW9IHiXeEE,40.5092,31.4045,0.00034937,8323,54.1662,high
videos,e9DNYZgJ-4I,40.4995,67.4992,0.15427957,3944,0.0,
videos,xZkz_YEMXqY,40.4945,67.4909,0.15427236,3945,0.0,
videos,cxBZkkzJcpw,40.4906,25.0824,0.00014042,9090,63.6029,high
videos,ZXVzNKqHDrY,40.4896,67.4827,0.15417672,3946,0.0,
videos,nOR-IY0SnEY,40.4893,23.3267,0.00010968,9303,66.2332,high
videos,Ped5_j11DCs,40.4871,22.4365,9.645e-05,9411,67.5631,high
videos,DdMXTGuAe04,40.4852,28.602,0.00023299,8663,58.31,high
videos,jdxI-Pu7ocY,40.4846,67.4744,0.15417332,3947,0.0,
videos,JC7moT5srXY,40.4797,67.4662,0.15415828,3948,0.0,
videos,4CzWmzxv1qE,40.4748,67.458,0.15415702,3949,0.0,
videos,-uUlnDjQxhg,40.4698,67.4497,0.15413784,3950,0.0,
videos,QLlnnVlR7OU,40.4691,28.1817,0.00022075,8714,58.9003,high
videos,L9S9BoEzO_o,40.469,23.3432,0.00011009,9301,66.1577,high
videos,aGeLjzFXFZ8,40.4677,28.0415,0.00021767,8731,59.1071,high
videos,FJcEhVbL8kU,40.4649,67.4415,0.15413342,3951,0.0,
videos,1lcTTZIU8iE,40.4451,67.4085,0.15360927,3955,0.0,
videos,Z00zv-ay6Uw,40.441,30.1187,0.00028849,8479,55.9245,high
videos,ym7eJ7Ue9Nc,40.4402,67.4003,0.15322649,3956,0.0,
videos,a8sKLAXCJwk,40.4352,67.392,0.1528658,3957,0.0,
videos,k3shLwx48vA,40.4303,67.3838,0.15285932,3958,0.0,
videos,DLhgElM2RZg,40.4253,67.3755,0.15279305,3959,0.0,
videos,qtyfxn9wFlI,40.4204,67.3673,0.15245952,3960,0.0,
videos,tXKcrp8n7Ow,40.4166,33.6466,0.00052198,8051,50.5716,high
videos,zTbCZRoUyFs,40.4155,67.3591,0.15242456,3961,0.0,
videos,KK_ccR1T8U4,40.4105,67.3508,0.15224267,3962,0.0,
videos,wuLsPB2Gplg,40.4068,30.9924,0.00032812,8373,54.5284,high
videos,tfRJ2XCx4Ek,40.4056,67.3426,0.15215396,3963,0.0,
videos,J-tkFT7t3Xk,40.3957,67.3261,0.15205997,3965,0.0,
videos,MIeVzlQhDCo,40.3907,67.3178,0.15199729,3966,0.0,
videos,ewRyC9GcYN0,40.3877,26.7474,0.00017689,8888,60.8482,high
videos,VEAic3PrzHM,40.3858,67.3096,0.15136418,3967,0.0,
videos,7z7U5DeF8Rs,40.3826,28.5114,0.00022952,8674,58.1894,high
videos,Rx4kJL4CRdM,40.3808,67.3014,0.15008043,3968,0.0,
videos,C7IWdRHluGk,40.3759,67.2931,0.14985312,3969,0.0,
videos,3u3zEFujGic,40.366,67.2766,0.14948138,3971,0.0,
videos,Po3IvUSU1hc,40.361,67.2684,0.14946336,3972,0.0,
videos,Uqfj3M8DBTU,40.3561,67.2601,0.1488209,3973,0.0,
videos,VWhrQaZ1sDo,40.3546,27.2667,0.00019146,8825,59.9865,high
videos,-txFIHA4ez8,40.3511,67.2519,0.1486931,3974,0.0,
videos,9YtakL8p65k,40.3462,67.2437,0.14827368,3975,0.0,
videos,g8wf19fl03Y,40.3412,67.2354,0.14816867,3976,0.0,
videos,dXY0aTIn-oE,40.3374,26.632,0.00017462,8902,60.8955,high
videos,wYLjxv-7Clw,40.3363,67.2272,0.14808112,3977,0.0,
videos,w7PldUDRK8w,40.3313,67.2189,0.14790649,3978,0.0,
videos,yrtD5qe1s_s,40.3307,23.7966,0.00011775,9246,65.1318,high
videos,zEF-hXZzaqU,40.3214,67.2024,0.14762769,3980,0.0,
videos,zlAou3JD40Y,40.3165,67.1942,0.14758517,3981,0.0,
videos,wFEp_zrlRaY,40.3116,67.186,0.14749899,3982,0.0,
videos,1E1w080mr98,40.3093,29.0471,0.00024671,8609,57.2025,high
videos,KkHK4mL7O2I,40.3066,67.1777,0.14729177,3983,0.0,
videos,vTfEyOyzV9E,40.3017,67.1695,0.1471761,3984,0.0,
videos,snEDmWHT5bU,40.2988,30.4566,0.00030194,8438,55.0622,high
videos,QOaECFL4-7M,40.2967,67.1612,0.14711679,3985,0.0,
videos,mKaVs-0pLRg,40.2962,28.0992,0.00021937,8724,58.5918,high
videos,hxqlk7Mb-ps,40.2947,29.2367,0.00025416,8586,56.8818,high
videos,Bvl6wZeUumc,40.2918,67.153,0.14703863,3986,0.0,
videos,VcsqRub9TQE,40.2868,67.1447,0.14702455,3987,0.0,
videos,8IPojcUP7-M,40.2819,67.1365,0.14700148,3988,0.0,
videos,qFH-ziQcsIQ,40.277,67.1283,0.1469622,3989,0.0,
videos,q1LIgBaZ8qk,40.272,67.12,0.14672982,3990,0.0,
videos,m5UJGXbs8AE,40.2621,67.1035,0.14639037,3992,0.0,
videos,wucyihN4BPo,40.2572,67.0953,0.14604907,3993,0.0,
videos,UVjKQ17ODlo,40.2522,67.087,0.14594787,3994,0.0,
videos,EI7kpbT2mH8,40.2473,67.0788,0.14591372,3995,0.0,
videos,srd91679eA0,40.2424,67.0706,0.1456868,3996,0.0,
videos,A2K7qpLNhvE,40.2374,67.0623,0.14512684,3997,0.0,
videos,Qy0pxGYAsik,40.2325,67.0541,0.14489291,3998,0.0,
videos,-JPUaVYi6bc,40.2291,31.5282,0.00035537,8308,53.2805,high
videos,6-ReswudqE8,40.2275,67.0458,0.14475234,3999,0.0,
videos,YFWqAbrHoXM,40.2226,67.0376,0.1442064,4000,0.0,
videos,EX-ZeI_04ok,40.2214,29.3027,0.00025704,8578,56.5994,high
videos,G4tZfeH9K8M,40.2176,67.0293,0.14409484,4001,0.0,
videos,PEQAfYPW4FA,40.2127,67.0211,0.14406885,4002,0.0,
videos,gedaEgUOTkQ,40.2124,26.5826,0.00017451,8908,60.657,high
videos,MZtYpWhX3ec,40.2077,67.0129,0.14404027,4003,0.0,
videos,bg3alVxzE2U,40.2028,67.0046,0.14403709,4004,0.0,
videos,pg1H7jiraHc,40.198,27.8107,0.00020971,8759,58.779,high
videos,i3oo8MTj5Pk,40.1978,66.9964,0.1439708,4005,0.0,
videos,f5GGkpBPIQ0,40.1929,66.9881,0.14353997,4006,0.0,
videos,immjbWvPnWI,40.1913,27.8437,0.00021117,8755,58.7128,high
videos,bWiusNurPdc,40.1885,27.0359,0.00018296,8853,59.9175,high
videos,GOyT2u1OCxQ,40.1879,66.9799,0.143527,4007,0.0,
videos,vy35SCkxlNo,40.178,66.9634,0.14322268,4009,0.0,
videos,K1lMd0QiHv4,40.1681,66.9469,0.1429893,4011,0.0,
videos,Yd950lJzQjc,40.1632,66.9387,0.14293403,4012,0.0,
videos,Fu0u-tYSrK0,40.1582,66.9304,0.14280196,4013,0.0,
videos,4Sr1cr90ln4,40.1533,66.9222,0.14268925,4014,0.0,
videos,yqeLLYOd5FA,40.1483,66.9139,0.14260252,4015,0.0,
videos,fonfuxP3VvI,40.1434,66.9057,0.14251917,4016,0.0,
videos,7Hk8kkmY9BI,40.1385,66.8975,0.14242341,4017,0.0,
videos,XRzr7yLA5XY,40.1335,66.8892,0.14225951,4018,0.0,
videos,NAooB35YkHA,40.1322,25.2555,0.00014315,9069,62.4473,high
videos,m1iOMhPuF10,40.1286,66.881,0.1420734,4019,0.0,
videos,cs4pIPv0PFs,40.1236,66.8727,0.14191677,4020,0.0,
videos,l1CUV1b7clU,40.1187,66.8645,0.14171846,4021,0.0,
videos,A3LE-_qHTFg,40.1137,66.8562,0.14171348,4022,0.0,
videos,X404Si6I4SM,40.1088,66.848,0.14156247,4023,0.0,
videos,kPyckdYa3_s,40.1039,66.8398,0.14142436,4024,0.0,
videos,jJiYxeTdUso,40.0989,66.8315,0.1412785,4025,0.0,
videos,qIT8QV7z14o,40.0971,23.7883,0.00011737,9247,64.5602,high
videos,gTgVB2lDyS0,40.094,66.8233,0.14063639,4026,0.0,
videos,I70fRkamHQs,40.089,66.815,0.14042269,4027,0.0,
videos,wn6pucSgRKI,40.0841,66.8068,0.14033813,4028,0.0,
videos,g7R7lN7SYD8,40.0742,66.7903,0.14026793,4030,0.0,
videos,-pQj2Q_4eYw,40.0693,66.7821,0.14020569,4031,0.0,
videos,pL2iury_HNc,40.0643,66.7738,0.14004481,4032,0.0,
videos,MXMCVr1q8uk,40.0629,26.2611,0.00016707,8947,60.7656,high
videos,4idr2keyvvw,40.0594,66.7656,0.13907309,4033,0.0,
videos,LDQnGP6iSH4,40.0581,24.0933,0.00012412,9210,64.0052,high
videos,72YJZBOIaZc,40.0544,66.7573,0.13899827,4034,0.0,
videos,DFcu1dwSyUQ,40.0495,66.7491,0.13899744,4035,0.0,
videos,3HiKRp9a3HE,40.0445,66.7409,0.13896359,4036,0.0,
videos,mdY2eDKBwYw,40.0396,66.7326,0.13882927,4037,0.0,
videos,osY2WIleTes,40.0297,66.7161,0.13859511,4039,0.0,
videos,48hHo2WcAQI,40.0247,66.7079,0.13830877,4040,0.0,
videos,K2KJ49sFj6o,40.0196,20.516,7.563e-05,9644,69.2749,high
videos,qktSnuAb-68,40.0167,28.9565,0.00024381,8620,56.6069,high
videos,UAeJgzeUigI,40.0099,66.6832,0.13792234,4043,0.0,
videos,SLa8TtQzyS8,40.0049,66.6749,0.13746501,4044,0.0,
videos,op4XZZesLNY,40.0,66.6667,0.13740538,4045,0.0,
videos,N-sA88XjRkY,39.995,66.6584,0.13716258,4046,0.0,
videos,M7y9gB7IXf8,39.9901,66.6502,0.13708683,4047,0.0,
videos,3u17S5IHq14,39.986,23.7389,0.00011651,9253,64.3566,high
videos,wEa5ryQ4QIQ,39.9858,26.1457,0.0001653,8961,60.746,high
videos,S6PbZ_dRKvo,39.9851,66.6419,0.13702378,4048,0.0,
videos,QMK3NJhK4zk,39.9802,66.6337,0.13690555,4049,0.0,
videos,iKL9vCm66T0,39.9743,29.2038,0.00025273,8590,56.13,high
videos,aLO5cCz2h4U,39.9703,66.6172,0.13622912,4051,0.0,
videos,PwmtrsMQMSU,39.9654,66.609,0.13605842,4052,0.0,
videos,bbCq7bSd7A8,39.9651,31.5035,0.00035439,8311,52.6575,high
videos,vQcnr_QFf0I,39.9608,27.209,0.00018893,8832,59.0885,high
videos,lq7tzPXH_F0,39.9604,66.6007,0.13604027,4053,0.0,
videos,WD-wkPhdXQk,39.9555,66.5925,0.13600186,4054,0.0,
videos,_PeGvgBeeWw,39.9505,66.5842,0.13599078,4055,0.0,
videos,GBG_BzbAYQU,39.9456,66.576,0.13596043,4056,0.0,
videos,INnWmbEuF0s,39.9308,66.5513,0.13532652,4059,0.0,
videos,d0gFjF5A7mg,39.9258,66.543,0.13520675,4060,0.0,
videos,EnhpxZggFyg,39.9235,30.8605,0.00032072,8389,53.518,high
videos,Cx76QaKENKU,39.9209,66.5348,0.13501871,4061,0.0,
videos,pGGJHrxn1VU,39.918,25.1154,0.00014067,9086,62.122,high
videos,R8A0tR1JRys,39.9159,66.5265,0.13501636,4062,0.0,
videos,Pqv2D3qmgLw,39.911,66.5183,0.13474076,4063,0.0,
videos,j4jsrc7NCxI,39.9061,66.5101,0.13467761,4064,0.0,
videos,2xjNSkmEnLE,39.9026,23.3762,0.00011065,9297,64.6923,high
videos,tsle-ozwrmw,39.9011,66.5018,0.13465903,4065,0.0,
videos,YR-4vFbwe18,39.8863,66.4771,0.13389417,4068,0.0,
videos,pV3SQwwhYWk,39.8764,66.4606,0.13349373,4070,0.0,
videos,6_o0OElprPo,39.8723,23.0959,0.00010576,9331,65.0368,high
videos,-pNi4dh7VFo,39.8714,66.4524,0.13340441,4071,0.0,
videos,xcF1zKffxWY,39.8665,66.4441,0.13339571,4072,0.0,
videos,cQV0ENfpJ-Y,39.8621,29.2615,0.00025487,8583,55.7631,high
videos,bWpBResZ58Y,39.8615,66.4359,0.13308175,4073,0.0,
videos,YUipcWlmGss,39.8516,66.4194,0.13249685,4075,0.0,
videos,afruIb1s5Ro,39.8467,66.4111,0.13241688,4076,0.0,
videos,v3eihKSxvGI,39.8417,66.4029,0.13231966,4077,0.0,
videos,YMnMjzd0BnI,39.8368,66.3947,0.13218495,4078,0.0,
videos,zhDSwYlQdF0,39.8318,66.3864,0.13204294,4079,0.0,
videos,sQ7Ei8_nUz0,39.8269,66.3782,0.13181549,4080,0.0,
videos,B7IT9gcAJfU,39.8219,66.3699,0.13161797,4081,0.0,
videos,zRBLdzjXniQ,39.8126,26.4425,0.0001714,8925,59.8677,high
videos,dDi0AxsRSbs,39.812,66.3534,0.13135998,4083,0.0,
videos,2SO0VQdCIek,39.8109,30.9017,0.00032199,8384,53.1746,high
videos,1CYbSeIl6N4,39.8071,66.3452,0.13110272,4084,0.0,
videos,cNkB1x-gDBc,39.7972,66.3287,0.13087346,4086,0.0,
videos,erqI1sy0B-g,39.7923,66.3205,0.1307937,4087,0.0,
videos,0qV1aYUOZrs,39.7873,66.3122,0.13077684,4088,0.0,
videos,w2jODFRKmZ8,39.7824,66.304,0.13052867,4089,0.0,
videos,FTjuslnM5zM,39.7774,66.2957,0.13046561,4090,0.0,
videos,pWGUguO9rsQ,39.7733,24.9505,0.00013861,9106,62.0075,high
videos,-TjgQun_UoM,39.7725,66.2875,0.13025218,4091,0.0,
videos,1uxvXO8XY9M,39.7626,66.271,0.13012627,4093,0.0,
videos,oiV_TeeeApE,39.7577,66.2628,0.1300833,4094,0.0,
videos,QfnXfo305O4,39.7527,66.2545,0.13006032,4095,0.0,
videos,nP8YuVXEQ0Y,39.7492,28.091,0.00021919,8725,57.2365,high
videos,ymJncd4BweU,39.7478,66.2463,0.12930998,4096,0.0,
videos,fNVk_9s6r2c,39.7428,66.238,0.12904153,4097,0.0,
videos,NRELko2BoRk,39.7379,66.2298,0.12903889,4098,0.0,
videos,_esCNtxK-E0,39.733,66.2216,0.12892288,4099,0.0,
videos,F2VZtrSncAg,39.7327,20.9529,8.095e-05,9591,67.9024,high
videos,yG781n_m3MA,39.7301,26.7969,0.00017801,8882,59.1298,high
videos,f5IsSfnN_mY,39.728,66.2133,0.12891131,4100,0.0,
videos,xMWRRX4rrBI,39.7231,66.2051,0.12857725,4101,0.0,
videos,jbUShfifEoA,39.7181,66.1968,0.12854318,4102,0.0,
videos,y9adm0d_ezY,39.7161,24.5714,0.00013271,9152,62.4332,high
videos,LFyZHn0Jp28,39.7145,27.9179,0.00021375,8746,57.4093,high
videos,Z-L_76jmS90,39.7132,66.1886,0.12826956,4103,0.0,
videos,tvfr7A4PXHQ,39.7058,19.5351,6.417e-05,9763,69.9618,high
videos,MhCVSf_xT_w,39.7033,66.1721,0.12792624,4105,0.0,
videos,Po3Nyrh-gEI,39.6987,26.97,0.00018167,8861,58.7918,high
videos,mMn06d_l_OA,39.6983,66.1639,0.12760518,4106,0.0,
videos,WvkR8Q8Ozqo,39.6934,66.1556,0.12750881,4107,0.0,
videos,wKudx3bziJg,39.6929,20.3099,7.3e-05,9669,68.7674,high
videos,eYDQWSBQ47s,39.6884,66.1474,0.12740799,4108,0.0,
videos,s3ERDxu6iY0,39.6834,29.5417,0.00026519,8549,54.896,high
videos,nQxybNIIwBk,39.6785,66.1309,0.1266297,4110,0.0,
videos,DImoOLBCoj8,39.6736,66.1227,0.12634642,4111,0.0,
videos,EwC34JOvSXk,39.6686,66.1144,0.12629157,4112,0.0,
videos,4ZtmQ6DjX_4,39.6665,26.5002,0.00017269,8918,59.4159,high
videos,M33J6pguBaM,39.6636,23.6152,0.00011443,9268,63.7362,high
videos,owsjfQdmFqE,39.6587,66.0979,0.12602703,4114,0.0,
videos,0nSIfDDGLmM,39.6538,66.0897,0.12595662,4115,0.0,
videos,bgZJhcFCaT8,39.6439,66.0732,0.12577868,4117,0.0,
videos,qhr8EMFpNoA,39.64,22.181,9.407e-05,9442,65.8284,high
videos,AsJkqRTBKGE,39.639,66.065,0.12491774,4118,0.0,
videos,AP2UGQXW6BY,39.6362,28.5031,0.00022952,8675,56.3358,high
videos,yp88CrvxfJc,39.6327,27.1431,0.00018666,8840,58.367,high
videos,TzsyhTjCp-c,39.6291,66.0485,0.12452213,4120,0.0,
videos,z3urIGahD3I,39.6241,66.0402,0.12424291,4121,0.0,
videos,hUGLNWT4D4c,39.6195,25.2308,0.00014263,9072,61.2025,high
videos,tHpsg_2l67g,39.6192,66.032,0.1240661,4122,0.0,
videos,RDpDiNXILBg,39.6142,66.0237,0.12370684,4123,0.0,
videos,d8bfxqhCfHQ,39.6053,26.0963,0.00016409,8967,59.8687,high
videos,lEkjOuovO08,39.6044,66.0073,0.12325193,4125,0.0,
videos,EVcfkv1Uq8M,39.601,27.9838,0.00021537,8738,57.0268,high
videos,ERTNwlbvof0,39.5994,65.999,0.12294557,4126,0.0,
videos,vcGxl4e59t4,39.5945,65.9908,0.1229073,4127,0.0,
videos,ap_xXwAakaw,39.5923,19.7989,6.773e-05,9731,69.2825,high
videos,-x6PdOHqk7o,39.5895,65.9825,0.12289985,4128,0.0,
videos,TEB02AXYfmw,39.5847,21.5216,8.743e-05,9522,66.6794,high
videos,Fm5V4T3Esmo,39.5846,65.9743,0.12245041,4129,0.0,
videos,7eK-ayhz3EI,39.5796,65.966,0.12217686,4130,0.0,
videos,crvol-wkgQY,39.573,26.393,0.00017076,8931,59.3431,high
videos,7W8d9WtdavI,39.5648,65.9413,0.12196962,4133,0.0,
videos,5RSk_mPsvB0,39.5599,65.9331,0.12196206,4134,0.0,
videos,4temK1Klcsc,39.5549,65.9248,0.1217722,4135,0.0,
videos,9g9Xt_-sBVA,39.5479,23.7059,0.00011593,9257,63.3108,high
videos,w-tLyk2uqEM,39.5401,65.9001,0.12134808,4138,0.0,
videos,4JNocw7rgh4,39.5302,65.8836,0.12123597,4140,0.0,
videos,cUCcaTlo41U,39.5252,65.8754,0.12101087,4141,0.0,
videos,KVir_2un3wE,39.5244,27.242,0.00019069,8828,57.948,high
videos,x_pWph9XVNo,39.5203,65.8671,0.12081099,4142,0.0,
videos,94bXJAejB7o,39.5197,28.9894,0.00024493,8616,55.3152,high
videos,-tzJJPnAenI,39.5197,20.9611,8.098e-05,9590,67.3575,high
videos,K6da9aoPtSs,39.5153,65.8589,0.12067145,4143,0.0,
videos,tJTIXsQ2ApU,39.5147,28.4125,0.00022677,8686,56.1679,high
videos,MlcUa5-3G68,39.5104,65.8506,0.12066071,4144,0.0,
videos,wEYcCzwQGl0,39.5054,65.8424,0.12048648,4145,0.0,
videos,2depca_EjV8,39.5005,65.8342,0.12017377,4146,0.0,
videos,MWzo3zZTkQ4,39.4955,65.8259,0.12009257,4147,0.0,
videos,_edI0840r_A,39.491,19.8401,6.803e-05,9726,68.9673,high
videos,-FLmf1rhDjg,39.4906,65.8177,0.11996629,4148,0.0,
videos,OEkyKWXLx7E,39.4857,28.6515,0.00023385,8657,55.737,high
videos,em-cVkkWtZo,39.4771,22.725,0.00010118,9376,64.6053,high
videos,-KIqO3Rv9mk,39.4757,65.7929,0.11976778,4151,0.0,
videos,IJ6f0o4p7Kw,39.4659,65.7765,0.1197393,4153,0.0,
videos,AWgQWw4YJDQ,39.4609,65.7682,0.11900249,4154,0.0,
videos,fhteYT-Q9p4,39.456,65.76,0.11885304,4155,0.0,
videos,LdY2pX0erHI,39.453,26.0633,0.00016294,8971,59.5376,high
videos,vJmeE-eNSLI,39.451,65.7517,0.11862375,4156,0.0,
videos,ZNjodjK3PBs,39.4461,65.7435,0.11840969,4157,0.0,
videos,l671PDCPfPk,39.4427,28.0333,0.00021763,8732,56.5568,high
videos,kakpuwYSDr8,39.4411,65.7352,0.11833242,4158,0.0,
videos,40kncAedwjs,39.4385,21.8843,9.15e-05,9478,65.7699,high
videos,zLfc5iLQiLk,39.4371,26.8464,0.00017902,8876,58.3232,high
videos,ZKXh97XtwoY,39.4362,65.727,0.11820258,4159,0.0,
videos,8Q0wP0sn07Q,39.4313,65.7188,0.11817317,4160,0.0,
videos,GI9aBK5BWo4,39.4303,27.4728,0.00019591,8800,57.3665,high
videos,7snB3zkwwFQ,39.4263,65.7105,0.11797923,4161,0.0,
videos,BuRUJLX7aB4,39.4214,65.7023,0.11791392,4162,0.0,
videos,t4S8XOHv1jg,39.4201,25.4781,0.00014818,9042,60.3332,high
videos,wFTojQEC2eE,39.4114,18.002,4.993e-05,9949,71.5254,high
videos,WJ1ViFLznrY,39.4065,65.6775,0.11728071,4165,0.0,
videos,cu1_8JIKue0,39.4016,65.6693,0.11716397,4166,0.0,
videos,iU2fwRYx98w,39.3967,65.6611,0.11715728,4167,0.0,
videos,8XKhy1-XAE4,39.3917,65.6528,0.11711172,4168,0.0,
videos,tQ_fFRKqO5Y,39.3907,29.8137,0.00027369,8516,53.7563,high
videos,iW0E1g5q6g4,39.3868,65.6446,0.11708713,4169,0.0,
videos,sFw6DPIa_wg,39.3818,65.6363,0.11703126,4170,0.0,
videos,LK1OJ-izQfQ,39.3811,25.6841,0.00015367,9017,59.9266,high
videos,_OGwq1_pxCE,39.3719,65.6198,0.11683737,4172,0.0,
videos,-l_hVyulsD0,39.367,65.6116,0.11672565,4173,0.0,
videos,LNChwSGaqRk,39.3636,27.2585,0.00019124,8826,57.5212,high
videos,a8LrJMGoVL4,39.3571,65.5951,0.11645895,4175,0.0,
videos,Sj19yVhT-HA,39.357,23.2031,0.00010779,9318,63.5878,high
videos,ir2d5_u6aeU,39.3521,65.5869,0.11627749,4176,0.0,
videos,ESXWJenNc0c,39.3472,65.5786,0.1162274,4177,0.0,
videos,4pBjV2sNQwM,39.3422,65.5704,0.1160798,4178,0.0,
videos,LJhZreOAUG0,39.3373,65.5621,0.11591371,4179,0.0,
videos,8chgzgVB3cU,39.3323,65.5539,0.11589498,4180,0.0,
videos,YSBoWRGMcrU,39.3274,65.5457,0.1156937,4181,0.0,
videos,oZdFmKbycx8,39.3224,65.5374,0.11533844,4182,0.0,
videos,n5Ld2c7z4p8,39.3175,65.5292,0.11527628,4183,0.0,
videos,LRDfgsec0Mg,39.3168,25.9479,0.00016122,8985,59.3701,high
videos,K9Fk7JKntgY,39.3125,65.5209,0.11506594,4184,0.0,
videos,fy74y8e7nAw,39.3099,20.0379,7.041e-05,9702,68.2179,high
videos,8wm-bX3oH5Q,39.3027,65.5045,0.11496571,4186,0.0,
videos,OQNLi8O-Eu0,39.3022,20.5077,7.536e-05,9645,67.4939,high
videos,QhCO1k8MGjE,39.2991,21.1754,8.288e-05,9564,66.4846,high
videos,fKtG9uPeMCc,39.2977,65.4962,0.11409255,4187,0.0,
videos,kkQDCTCcgC0,39.293,20.8375,7.95e-05,9605,66.9763,high
videos,mdDDuKYHMck,39.2928,65.488,0.11408998,4188,0.0,
videos,SAc5Er6FfDU,39.2878,65.4797,0.11402456,4189,0.0,
videos,ewtKKEkNdr4,39.2857,24.5961,0.00013299,9149,61.3201,high
videos,DPSasTAFscw,39.2829,65.4715,0.1140174,4190,0.0,
videos,sz_yuDvLIUI,39.2779,65.4632,0.11394077,4191,0.0,
videos,SFbtx4SurDs,39.273,65.455,0.11368992,4192,0.0,
videos,2JNjqfC-lL4,39.2681,65.4468,0.11366018,4193,0.0,
videos,qEUx-6av8lE,39.2631,65.4385,0.11358118,4194,0.0,
videos,n37LmI4l4eI,39.2582,65.4303,0.11329374,4195,0.0,
videos,qz9Km3yxGrg,39.2533,26.4013,0.00017084,8930,58.5313,high
videos,5riDym2ezuo,39.2532,65.422,0.11328862,4196,0.0,
videos,d1vE6c0Rzp4,39.2483,65.4138,0.11328336,4197,0.0,
videos,cFLyNdmUnGM,39.2433,65.4055,0.11309819,4198,0.0,
videos,ovsnyCycYyg,39.2384,65.3973,0.11270126,4199,0.0,
videos,qzxmT-8sJO0,39.2335,65.3891,0.11260075,4200,0.0,
videos,WnClLL4ZAxk,39.2285,65.3808,0.11257711,4201,0.0,
videos,wgeLgcZ1WWM,39.2236,65.3726,0.11248966,4202,0.0,
videos,61fk5yAs7Jw,39.2186,21.4721,8.648e-05,9528,65.8383,high
videos,32zBMyA3RW8,39.2186,65.3643,0.11220579,4203,0.0,
videos,1MPWyoP09U8,39.2137,65.3561,0.11220497,4204,0.0,
videos,tX4vc0P9bMY,39.2038,65.3396,0.11213721,4206,0.0,
videos,JVfYgIG-Bow,39.1988,65.3314,0.11213363,4207,0.0,
videos,q6EiY0foMws,39.1939,65.3231,0.11210491,4208,0.0,
videos,CMglE0qodLQ,39.1889,65.3149,0.11202943,4209,0.0,
videos,in8C7uJ5gZk,39.184,65.3066,0.11200701,4210,0.0,
videos,yqwGsf5XVkI,39.1718,22.2634,9.479e-05,9431,64.5343,high
videos,MroVv0TbzdA,39.1691,65.2819,0.11193232,4213,0.0,
videos,iQxwDGnuByc,39.1642,65.2737,0.11184059,4214,0.0,
videos,orjRZy57lgc,39.1592,65.2654,0.11173796,4215,0.0,
videos,uwKdz3_ylAI,39.1543,65.2572,0.11163621,4216,0.0,
videos,ILhJsn6jaZc,39.1493,65.2489,0.11157627,4217,0.0,
videos,KchszItAm-o,39.1444,65.2407,0.11139602,4218,0.0,
videos,3lM-HUmhbTc,39.1394,65.2324,0.11138547,4219,0.0,
videos,3KHZtsE_vCk,39.1345,65.2242,0.11134738,4220,0.0,
videos,IG4Sqs3G1fA,39.1296,65.216,0.11130176,4221,0.0,
videos,OzOf_BnIki4,39.1246,65.2077,0.11125828,4222,0.0,
videos,KNLUKry-hKw,39.1197,65.1995,0.11119876,4223,0.0,
videos,uE0Le1YQ3VI,39.1165,24.1922,0.00012565,9198,61.5029,high
videos,TwZz1zAsBp4,39.1147,65.1912,0.11118781,4224,0.0,
videos,uDYv2wJ3aKg,39.1098,65.183,0.11116816,4225,0.0,
videos,YhK61esLuvA,39.1084,19.8154,6.792e-05,9729,68.048,high
videos,_8MiZEnTmCA,39.0999,65.1665,0.11068986,4227,0.0,
videos,gSHLfeRJPaw,39.095,65.1583,0.11054856,4228,0.0,
videos,rbaNkGpXLn8,39.09,65.15,0.11019196,4229,0.0,
videos,1fw4ZwYQqIE,39.0851,65.1418,0.11016462,4230,0.0,
videos,_7zpVLQfErA,39.0801,65.1335,0.10977765,4231,0.0,
videos,-MllgKAYbVE,39.0752,65.1253,0.10916376,4232,0.0,
videos,WUT5SwNm5iQ,39.0738,26.2364,0.00016646,8950,58.33,high
videos,I84ecJ_uvxA,39.0736,29.4181,0.00026136,8564,53.5569,high
videos,hdsJNad-zKA,39.0726,29.5664,0.00026608,8546,53.332,high
videos,dIsE5GVKCCQ,39.0702,65.117,0.10902309,4233,0.0,
videos,bwGwXDCExqs,39.0653,65.1088,0.10869889,4234,0.0,
videos,0ZJXpMZobjY,39.0604,65.1006,0.10867565,4235,0.0,
videos,-7IbhdEuDtg,39.0554,65.0923,0.10861579,4236,0.0,
videos,YEo0f3XFhqs,39.0505,65.0841,0.10845662,4237,0.0,
videos,eCxOs-r0oow,39.0455,65.0758,0.10832178,4238,0.0,
videos,XyFrfcsbDGY,39.0419,26.2199,0.00016641,8952,58.2748,high
videos,S-8quec6L9g,39.0406,65.0676,0.10827968,4239,0.0,
videos,nJe_XRXA934,39.0393,25.1236,0.00014078,9085,59.9129,high
videos,FHSnhdlZMJA,39.0356,65.0593,0.1080604,4240,0.0,
videos,cvY6MFqeVSw,39.027,28.3383,0.00022503,8695,55.0601,high
videos,mt7oHk0IM_0,39.0257,65.0429,0.10798336,4242,0.0,
videos,Qki5xqdzCwE,39.0208,65.0346,0.10754272,4243,0.0,
videos,cZWh4DCZsQg,39.0158,65.0264,0.10738507,4244,0.0,
videos,v2L3ZjkjYzc,39.0109,65.0181,0.1072325,4245,0.0,
videos,JlsZiAOVR20,39.001,65.0016,0.10700242,4247,0.0,
videos,PB30wnwjbuU,38.9911,64.9852,0.10687776,4249,0.0,
videos,au_CNv7ZBS4,38.9898,23.8708,0.00011963,9237,61.6684,high
videos,sxcljXST4k0,38.9861,64.9769,0.10658626,4250,0.0,
videos,OdGKKx8T6uQ,38.9812,64.9687,0.10658446,4251,0.0,
videos,p6gtJV9Aj3Y,38.9762,64.9604,0.10653866,4252,0.0,
videos,HhZFnew_x84,38.9759,26.1622,0.00016541,8959,58.1964,high
videos,PaXpry4b6hY,38.9732,26.4095,0.00017102,8929,57.8188,high
videos,RVt_B1eC8d4,38.9713,64.9522,0.10625878,4253,0.0,
videos,mjgOS9AAXyY,38.9682,26.5331,0.00017357,8914,57.6209,high
videos,9F3MOYWfSnM,38.9634,25.1731,0.00014127,9079,59.6488,high
videos,37oNBZG7G7g,38.9614,64.9357,0.10595938,4255,0.0,
videos,GZ9itUCDrac,38.9589,22.4695,9.711e-05,9407,63.6931,high
videos,jGTpMHW_6cA,38.9565,64.9275,0.10595174,4256,0.0,
videos,UxUmboIvArE,38.9528,26.459,0.0001719,8923,57.6936,high
videos,JKQa7fX208A,38.9522,27.0524,0.00018344,8851,56.8018,high
videos,C1gOWnjVb5Q,38.9515,64.9192,0.10585008,4257,0.0,
videos,pZnwa1dEqrs,38.95,25.7666,0.00015514,9007,58.7251,high
videos,yx8vaZKzj_A,38.9416,64.9027,0.10568037,4259,0.0,
videos,qUvgg6KB_l4,38.9367,64.8945,0.10560227,4260,0.0,
videos,YgRQ6N8Tlz4,38.9268,64.878,0.10536914,4262,0.0,
videos,5LUtslqE-Hc,38.9219,64.8698,0.10529053,4263,0.0,
videos,aXqORtwkjVc,38.9169,64.8615,0.10515105,4264,0.0,
videos,hZReiO4ZQJc,38.912,64.8533,0.10507786,4265,0.0,
videos,WJTiFLPSKds,38.908,28.3465,0.00022504,8694,54.7503,high
videos,OuBmpWy61Eg,38.907,64.845,0.10507443,4266,0.0,
videos,1yycyHD5Io4,38.9021,64.8368,0.10506907,4267,0.0,
videos,8Arb8dv1GvQ,38.8972,64.8286,0.10495314,4268,0.0,
videos,ngETyzjGf6c,38.8923,26.6238,0.00017462,8903,57.295,high
videos,1I7sdCGYTTo,38.8922,64.8203,0.10486239,4269,0.0,
videos,H8gNqABo-SM,38.8823,64.8038,0.10480793,4271,0.0,
videos,FPnh-2zM8NI,38.8774,64.7956,0.10459772,4272,0.0,
videos,zI4MI0cYPjQ,38.8724,64.7873,0.10459279,4273,0.0,
videos,Xh-IQNILQno,38.8675,64.7791,0.10406438,4274,0.0,
videos,vMiqO9rDO9c,38.8625,64.7709,0.10384275,4275,0.0,
videos,TYP5_zADt4E,38.8576,64.7626,0.10380933,4276,0.0,
videos,9n-Tiy4cfQI,38.8573,18.274,5.199e-05,9916,69.7322,high
videos,3sC5tPpmdC0,38.8427,64.7379,0.10343141,4279,0.0,
videos,8MIDtAWEDfE,38.8378,64.7296,0.10333918,4280,0.0,
videos,1d3wR5LJ4-4,38.835,24.3653,0.00012842,9177,60.5396,high
videos,qLpP3o8McRE,38.8328,64.7214,0.10308095,4281,0.0,
videos,YgAooXig0GQ,38.8309,24.8022,0.00013632,9124,59.8739,high
videos,FLEl0TdqyLg,38.8279,64.7132,0.10293378,4282,0.0,
videos,fvtE4TCiMa0,38.8243,22.2717,9.479e-05,9432,63.6532,high
videos,h8YQVPkwZ1c,38.8229,64.7049,0.10279762,4283,0.0,
videos,4xOpEIsSbSk,38.818,64.6967,0.10264861,4284,0.0,
videos,K9nogAQhN60,38.8177,27.2997,0.0001918,8821,56.0947,high
videos,RqDo7TuIVX8,38.813,64.6884,0.10258775,4285,0.0,
videos,8y5-adjnP5o,38.8081,64.6802,0.10251561,4286,0.0,
videos,SUCHKMV1zV8,38.8053,22.42,9.623e-05,9413,63.3833,high
videos,kkGQoWbU6D4,38.8031,64.6719,0.10242989,4287,0.0,
videos,i4L-40HAwAg,38.7982,64.6637,0.10223411,4288,0.0,
videos,C7U6PAmi1zI,38.7933,64.6555,0.10200057,4289,0.0,
videos,I3xC9p86uw0,38.7859,23.7554,0.00011703,9251,61.3316,high
videos,JOIqYAgxMug,38.7834,64.639,0.10182494,4291,0.0,
videos,0_zx-WFAAyo,38.7784,64.6307,0.10158245,4292,0.0,
videos,iLE7vhEU3P8,38.7736,24.4725,0.00013067,9164,60.2253,high
videos,mSkHgwuTECw,38.7735,64.6225,0.10154004,4293,0.0,
videos,f89Iop635zU,38.7685,64.6142,0.10146486,4294,0.0,
videos,osT26KH2wSg,38.7636,64.606,0.10131465,4295,0.0,
videos,9F44rd5iA2E,38.7587,64.5978,0.10130178,4296,0.0,
videos,Aht_sohXkYY,38.7565,29.3274,0.000258,8575,52.9002,high
videos,_gtWrGHaI1w,38.7537,64.5895,0.10111409,4297,0.0,
videos,Mjq7A18Y7VY,38.7488,64.5813,0.10107502,4298,0.0,
videos,6gaf80nWKRE,38.7389,64.5648,0.10099526,4300,0.0,
videos,90s3s6FZd0c,38.7339,64.5565,0.10094916,4301,0.0,
videos,nVMeRGQfIrk,38.729,64.5483,0.10087804,4302,0.0,
videos,8nsCMc4wsMI,38.7241,64.5401,0.10087251,4303,0.0,
videos,8Y_Sw_Xqpqc,38.7191,64.5318,0.10087166,4304,0.0,
videos,7fKSJ2nzSXA,38.7173,26.6568,0.00017498,8899,56.808,high
videos,FzaUviJsWPc,38.7142,64.5236,0.10077343,4305,0.0,
videos,_o8-UMUL2lo,38.7092,64.5153,0.10030463,4306,0.0,
videos,HOwVuamQvTc,38.7092,19.0241,5.92e-05,9825,68.2369,high
videos,h5VcgteNHgY,38.7073,23.9285,0.00012139,9230,60.8756,high
videos,Hj7pWS9m4Lo,38.7071,25.4121,0.00014699,9050,58.6495,high
videos,Xre4sy1itLQ,38.6993,64.4988,0.10006776,4308,0.0,
videos,4EGhI0kmN9k,38.6944,64.4906,0.10004032,4309,0.0,
videos,LdLJfObHUw4,38.6894,64.4824,0.09994245,4310,0.0,
videos,Ew_DlFBkYHU,38.6845,64.4741,0.09988666,4311,0.0,
videos,uULJCaF-nGo,38.6795,64.4659,0.09971912,4312,0.0,
videos,TZuwWv6IYvU,38.6696,64.4494,0.09949903,4314,0.0,
videos,r-EJEVpfzZg,38.6647,64.4411,0.09935303,4315,0.0,
videos,0TN78iDroEs,38.6597,64.4329,0.09924253,4316,0.0,
videos,whbuhvY9-Ec,38.655,26.36,0.00016998,8935,57.0975,high
videos,ptq8wFOanyk,38.6498,64.4164,0.0989766,4318,0.0,
videos,wVo2b94ocDM,38.6492,20.2605,7.257e-05,9675,66.2323,high
videos,WMbWS9n30zY,38.6449,64.4082,0.09874306,4319,0.0,
videos,6lT6kwUn6pg,38.6399,64.3999,0.09842,4320,0.0,
videos,JjB1P8pNpg0,38.635,64.3917,0.09815079,4321,0.0,
videos,zEy1Pl_xslU,38.63,64.3834,0.09813254,4322,0.0,
videos,OEoZ93qXYyg,38.6251,64.3752,0.09808457,4323,0.0,
videos,CdoGtAb7V8o,38.6202,64.367,0.09800666,4324,0.0,
videos,vhOmWh624Nw,38.6174,23.607,0.0001144,9269,61.1329,high
videos,ys1zQyiLrMc,38.6171,21.4557,8.634e-05,9530,64.3592,high
videos,TptxezT5kkk,38.6152,64.3587,0.09776342,4325,0.0,
videos,VMa_-yr7cd4,38.6103,64.3505,0.09773241,4326,0.0,
videos,1_2KX-WSH_U,38.6094,26.731,0.00017681,8890,56.4269,high
videos,h19GG4DWkBc,38.6053,64.3422,0.09767336,4327,0.0,
videos,h_PsbhdArH0,38.6004,64.334,0.09762157,4328,0.0,
videos,PCAPjDDY-h4,38.5979,22.9723,0.00010345,9346,62.0362,high
videos,Nlfml3wmeTA,38.5905,64.3175,0.09694671,4330,0.0,
videos,ug9xuMld4Qc,38.5856,64.3093,0.09688784,4331,0.0,
videos,zKzZAtmhnEQ,38.5806,64.301,0.09686125,4332,0.0,
videos,0vzM9OHyCSI,38.5772,26.0138,0.0001624,8976,57.4222,high
videos,Gm3gGvUwI3g,38.5757,64.2928,0.09676784,4333,0.0,
videos,TontlEY1GV4,38.5707,64.2845,0.09668165,4334,0.0,
videos,lGJspcjWbgI,38.5658,64.2763,0.09664146,4335,0.0,
videos,zOjlw4nyUWs,38.5609,64.2681,0.09652027,4336,0.0,
videos,2gFNJ6_ogzg,38.5559,64.2598,0.09646084,4337,0.0,
videos,NWQZrM992v0,38.551,64.2516,0.09645958,4338,0.0,
videos,zvBx0ylgPOE,38.546,64.2433,0.09633199,4339,0.0,
videos,SJJbVTSASfE,38.5411,64.2351,0.09612647,4340,0.0,
videos,AQO1B3JBQpc,38.5406,27.514,0.00019918,8795,55.0805,high
videos,wZ5BS6heIW8,38.5361,64.2268,0.09600989,4341,0.0,
videos,7TGgzlbQFys,38.5251,25.1319,0.00014085,9084,58.615,high
videos,DeQeCmQHi7g,38.5213,64.2021,0.09574012,4344,0.0,
videos,8PlpCl1fgdA,38.5114,64.1856,0.09550769,4346,0.0,
videos,qxohL0I5f6c,38.5064,64.1774,0.0954546,4347,0.0,
videos,6CSg8I7dXwE,38.5032,24.2994,0.00012725,9185,59.8089,high
videos,BVfILn6baCg,38.5015,64.1691,0.09536742,4348,0.0,
videos,e-EqvaXF_Zc,38.4965,64.1609,0.09523879,4349,0.0,
videos,-8Xee3Y4Yeg,38.4946,17.5404,4.618e-05,10005,69.926,high
videos,Cyfs-ngasus,38.4941,20.8539,7.964e-05,9603,64.9544,high
videos,xpf49h0tGvI,38.494,18.5625,5.488e-05,9881,68.3912,high
videos,HiHr4gKRaos,38.4916,64.1527,0.09522496,4350,0.0,
videos,SHPKe7pGqMk,38.4868,22.2222,9.449e-05,9437,62.8837,high
videos,KYgDfa1NKLk,38.4827,29.0059,0.00024572,8614,52.6979,high
videos,NlW_R21cBXs,38.4817,64.1362,0.09502265,4352,0.0,
videos,bnjLY9flhIg,38.4767,64.1279,0.09500218,4353,0.0,
videos,riDgZY8NFdU,38.4718,64.1197,0.09489535,4354,0.0,
videos,02-d_lpzXz4,38.4668,64.1114,0.09448585,4355,0.0,
videos,tUVujkiRX0g,38.4642,26.5084,0.00017337,8917,56.3979,high
videos,l99crzrYFoc,38.4639,27.4233,0.00019526,8806,55.0249,high
videos,J3BZpy2hVIU,38.457,64.095,0.09412825,4357,0.0,
videos,rCk-qK6L1rc,38.452,27.8602,0.00021136,8753,54.3398,high
videos,CxOwXp7_Gi0,38.452,64.0867,0.09332683,4358,0.0,
videos,WsPrtlNnE7E,38.4488,24.0768,0.00012375,9212,60.0069,high
videos,oU4SzHR0MRY,38.4471,64.0785,0.09325181,4359,0.0,
videos,SHnhdJYis30,38.4447,25.2143,0.00014254,9074,58.2902,high
videos,ztHL1eusixo,38.4421,64.0702,0.09324986,4360,0.0,
videos,XtoytakXab0,38.4372,64.062,0.09323797,4361,0.0,
videos,XwL97sf7FHE,38.4366,22.0326,9.253e-05,9460,63.0425,high
videos,fBrzQ2WLmLg,38.4273,64.0455,0.09301268,4363,0.0,
videos,0GmokuFXa_o,38.4262,18.6779,5.584e-05,9867,68.0486,high
videos,DQiQ30VepbU,38.4225,19.4444,6.308e-05,9774,66.8897,high
videos,dTvYfFFbRYg,38.4146,24.9341,0.00013837,9108,58.6354,high
videos,svVXFebqoiE,38.4125,64.0208,0.09277993,4366,0.0,
videos,-q0eabz8CHc,38.4026,64.0043,0.09270317,4368,0.0,
videos,jdi7P1EcNyo,38.3965,25.9232,0.00016028,8988,57.1065,high
videos,phOhGqpXss4,38.3927,63.9878,0.09241776,4370,0.0,
videos,-JTeDTLElVg,38.3862,20.1945,7.196e-05,9683,65.6738,high
videos,oJI4o2LgAzY,38.3828,63.9713,0.09233031,4372,0.0,
videos,bjFyP8D_XvM,38.3814,17.969,4.97e-05,9953,69.0001,high
videos,zB8qZnZAgak,38.3729,63.9548,0.09224193,4374,0.0,
videos,5oHI0B0EEBA,38.368,63.9466,0.09209933,4375,0.0,
videos,yhtvK5RZZfg,38.3621,27.4069,0.00019512,8808,54.795,high
videos,J5AtE7DB9u0,38.3581,63.9301,0.09169434,4377,0.0,
videos,orcBIe24eQE,38.3531,63.9219,0.09167076,4378,0.0,
videos,XbBp6MLXkDM,38.3485,28.5938,0.00023294,8664,52.9805,high
videos,AnxZCQo5rjs,38.3482,63.9136,0.09152093,4379,0.0,
videos,hg7F4uQyfFo,38.3432,63.9054,0.09138153,4380,0.0,
videos,KAXaiAIgP54,38.3383,63.8971,0.09120815,4381,0.0,
videos,VKaslzzv1QM,38.3333,63.8889,0.09104342,4382,0.0,
videos,rJgtb2s7Oz8,38.3234,63.8724,0.09091813,4384,0.0,
videos,pra3fiwosjU,38.3187,21.9997,9.207e-05,9464,62.7971,high
videos,JLm6hQPbr4k,38.3185,63.8642,0.09075726,4385,0.0,
videos,fFT4qLPkTz0,38.3135,63.8559,0.09075051,4386,0.0,
videos,6RnQRo9kEx4,38.3086,63.8477,0.09063036,4387,0.0,
videos,LGedaC4z0T0,38.3036,63.8394,0.09051155,4388,0.0,
videos,_ycmoGn6vKA,38.2987,63.8312,0.0904583,4389,0.0,
videos,d5rZXRXwj98,38.2937,63.8229,0.09030986,4390,0.0,
videos,pZpTd45UHtw,38.2928,18.4636,5.367e-05,9893,68.0365,high
videos,pdO-vsZrfmM,38.2901,24.7445,0.00013529,9131,58.6086,high
videos,Zu18N5pHGMA,38.2888,63.8147,0.08996627,4391,0.0,
videos,3ehsaKovh_Y,38.2882,26.1128,0.00016458,8965,56.5514,high
videos,2w-_tZV0yQQ,38.2839,63.8065,0.08987175,4392,0.0,
videos,QeWA0GEcKa4,38.2807,29.3933,0.00026007,8567,51.6117,high
videos,uDqjNXliwdg,38.2789,63.7982,0.08957338,4393,0.0,
videos,iqp_yT3qjKQ,38.274,63.79,0.08956346,4394,0.0,
videos,YGuZnhatjas,38.2723,24.151,0.00012488,9203,59.4543,high
videos,UdNzU92EC68,38.2665,21.6947,8.924e-05,9501,63.1242,high
videos,6bAZlmA-kwQ,38.2641,63.7735,0.08926962,4396,0.0,
videos,qeXnLibc4PI,38.2635,23.7224,0.00011596,9256,60.0751,high
videos,gXJ1MxhhJRw,38.2591,63.7652,0.08921662,4397,0.0,
videos,CYaOty_GpHg,38.2504,24.8187,0.00013657,9122,58.3979,high
videos,p8rtUuoJ0a4,38.2493,63.7488,0.08900352,4399,0.0,
videos,8HwSOA9RJbM,38.2493,22.6179,9.956e-05,9389,61.6964,high
videos,wUfqJRNaa7Q,38.2458,22.2305,9.454e-05,9436,62.2687,high
videos,BHP8BNx8O8o,38.2443,63.7405,0.0889099,4400,0.0,
videos,eQJpY4ytPxU,38.2441,21.4392,8.62e-05,9533,63.4515,high
videos,uy1ZmUIe0bc,38.2423,28.0828,0.00021887,8726,53.4816,high
videos,e_JyuZMBfpo,38.2394,63.7323,0.08888401,4401,0.0,
videos,LGL6bmz4Gk8,38.2354,26.5579,0.00017424,8911,55.7516,high
videos,imfVeCSof50,38.2344,63.724,0.08871985,4402,0.0,
videos,qxCiwfC4bjs,38.2295,63.7158,0.08870844,4403,0.0,
videos,aI1my7tsEnI,38.2246,63.7076,0.08850371,4404,0.0,
videos,4UVhim1TnMY,38.2196,63.6993,0.0883105,4405,0.0,
videos,ECUcFtxnAsI,38.2147,63.6911,0.08830275,4406,0.0,
videos,xTeJj6JsTG0,38.2097,63.6828,0.088121,4407,0.0,
videos,PPHpHq-u6WI,38.2048,63.6746,0.08807641,4408,0.0,
videos,IlKMZaRnQ3k,38.1998,63.6663,0.08780523,4409,0.0,
videos,PUuvdwXnYSM,38.1949,63.6581,0.08779325,4410,0.0,
videos,O_gP__3gQk4,38.1936,24.2417,0.00012662,9192,59.1214,high
videos,-jA3VViwPz0,38.1844,24.9258,0.00013835,9109,58.0723,high
videos,pFTGqQ9IGfg,38.18,63.6334,0.08714951,4413,0.0,
videos,sg4PuodTVNY,38.1751,63.6251,0.08697761,4414,0.0,
videos,7nqtw9XgS6A,38.1701,63.6169,0.08658559,4415,0.0,
videos,trdxsqHFuyI,38.1652,63.6086,0.0863513,4416,0.0,
videos,DBc8uFJb3vM,38.1602,63.6004,0.0861482,4417,0.0,
videos,pWJzT7BvtHs,38.1553,63.5922,0.08591468,4418,0.0,
videos,iz2n6UfXYEE,38.1503,63.5839,0.08545427,4419,0.0,
videos,phyDsmSBkYg,38.1454,63.5757,0.08543792,4420,0.0,
videos,dINaARuMamo,38.1404,63.5674,0.08539952,4421,0.0,
videos,pfqFryqWAHo,38.1401,26.4177,0.0001712,8928,55.7237,high
videos,q3zFgIEEVIA,38.1355,63.5592,0.0851581,4422,0.0,
videos,R6VQrYkJf74,38.1341,22.7003,0.00010082,9379,61.2849,high
videos,koanrqKynGY,38.1305,63.5509,0.08511281,4423,0.0,
videos,KEKdEitksmo,38.1207,63.5345,0.08482634,4425,0.0,
videos,iyl5TtOELIc,38.1157,63.5262,0.0846683,4426,0.0,
videos,M1lLLP4bIZ8,38.1058,63.5097,0.08456606,4428,0.0,
videos,8HkCSDZc_70,38.1009,63.5015,0.0844824,4429,0.0,
videos,VM9FLe5aNvU,38.099,17.5898,4.654e-05,9999,68.8627,high
videos,-xw_JiL_QiM,38.0982,23.302,0.00010924,9306,60.2926,high
videos,B8NvdfssGac,38.0959,63.4932,0.08383928,4430,0.0,
videos,a5arljFT3H8,38.0911,23.1536,0.00010663,9324,60.4974,high
videos,RJcV9AHBCDE,38.091,63.485,0.08353532,4431,0.0,
videos,yneQYdCha2Q,38.0866,26.8876,0.00017942,8871,54.885,high
videos,bPfxIkn96EQ,38.0861,63.4768,0.08352194,4432,0.0,
videos,7E6kDJq9H0Q,38.0825,25.8985,0.00015965,8991,56.3584,high
videos,YownFMHa1S4,38.0762,63.4603,0.08301746,4434,0.0,
videos,HmHOSsP17d8,38.0712,63.452,0.08293069,4435,0.0,
videos,HYung60RIFk,38.0663,63.4438,0.082907,4436,0.0,
videos,9BfAlLN5TVA,38.0613,63.4355,0.08272659,4437,0.0,
videos,XBAEGHZ67cY,38.0591,24.9011,0.00013822,9112,57.796,high
videos,RMbChAY3u5I,38.0564,63.4273,0.0824471,4438,0.0,
videos,AsD7Li-lkBU,38.0515,63.4191,0.08240635,4439,0.0,
videos,ROeC_fF04ks,38.0465,63.4108,0.08211548,4440,0.0,
videos,k_2Wly7Y5n4,38.0439,23.2361,0.00010797,9314,60.2557,high
videos,QVVDubYlEM8,38.0416,63.4026,0.08210225,4441,0.0,
videos,h76o6yE4lpc,38.0366,63.3943,0.08188971,4442,0.0,
videos,tIwgvfwSVy4,38.036,15.3643,3.204e-05,10269,72.0435,high
videos,g0gCSixuPIY,38.0317,63.3861,0.08151432,4443,0.0,
videos,h_G5spN1nJk,38.0282,21.6205,8.819e-05,9510,62.6397,high
videos,LQDTYjIit9Y,38.0267,63.3778,0.08150979,4444,0.0,
videos,zj0BKLv9r8Y,38.0218,63.3696,0.0814439,4445,0.0,
videos,mKz9iGEvdks,38.0168,63.3614,0.08141152,4446,0.0,
videos,soAypaVQle8,38.0134,26.9782,0.00018194,8860,54.5663,high
videos,7PY7jbupwSg,38.0123,21.8348,9.105e-05,9484,62.2786,high
videos,wwqKWsc46BA,38.0119,63.3531,0.08116099,4447,0.0,
videos,csGDX7faEHg,38.0069,63.3449,0.08099557,4448,0.0,
videos,oQAw87ubd28,38.002,26.3518,0.00016986,8936,55.4773,high
videos,cghbwrnwV1M,38.002,63.3366,0.08098538,4449,0.0,
videos,FE35LdRzrg8,37.997,63.3284,0.08097127,4450,0.0,
videos,YsLm4kVfrvk,37.9871,63.3119,0.08072553,4452,0.0,
videos,Lk9BseIi5FU,37.9772,63.2954,0.0801446,4454,0.0,
videos,bH2nP-aCFjk,37.9723,63.2872,0.08011743,4455,0.0,
videos,jtAtLQ5pFrY,37.9708,27.819,0.00020988,8758,53.1984,high
videos,NC3kOn5cjlY,37.9673,63.2789,0.08006535,4456,0.0,
videos,aO5hc3jy6FM,37.9645,25.7171,0.00015446,9013,56.3357,high
videos,Vm4-x9vSoH4,37.9624,63.2707,0.07988235,4457,0.0,
videos,dbAz9kzA7yU,37.9525,63.2542,0.07969488,4459,0.0,
videos,Hjsu6fiaQaM,37.9476,63.246,0.07966673,4460,0.0,
videos,lOJSTqZ8Ktk,37.9433,22.6261,9.989e-05,9388,60.9192,high
videos,tkwe7NULUcU,37.9426,63.2377,0.07939627,4461,0.0,
videos,jDkZu4UKaI8,37.9377,63.2295,0.07939268,4462,0.0,
videos,1FaRGb_g6IM,37.9287,19.3703,6.269e-05,9783,65.7662,high
videos,p6ZCO6d2Y1M,37.9278,63.213,0.07911317,4464,0.0,
videos,aXJ4iTgVm7c,37.9228,63.2047,0.07897715,4465,0.0,
videos,RrAWfQXKa4A,37.9179,63.1965,0.07888798,4466,0.0,
videos,QUhSDy-kQIM,37.9165,23.9367,0.0001214,9229,58.8861,high
videos,jG_cmrBvQA4,37.913,63.1883,0.07866056,4467,0.0,
videos,4dMBbkp-Mj0,37.908,63.18,0.0786568,4468,0.0,
videos,dG7UGA71QJU,37.9036,20.6973,7.793e-05,9622,63.713,high
videos,Hvpgq8pE-Bk,37.9031,63.1718,0.07860486,4469,0.0,
videos,HTZELSTMemY,37.9008,24.967,0.00013895,9104,57.3014,high
videos,W5Y5V4-71hI,37.8932,63.1553,0.07859042,4471,0.0,
videos,f0Cv9wHeLS8,37.8882,63.147,0.07848283,4472,0.0,
videos,zcAhKgfHA7c,37.8833,63.1388,0.07846327,4473,0.0,
videos,ikmOZYgU1ow,37.8784,63.1306,0.07832679,4474,0.0,
videos,gb0NU0ooFAA,37.8734,63.1223,0.07820712,4475,0.0,
videos,5Tsi4Beca6g,37.8695,19.7329,6.703e-05,9739,65.0744,high
videos,3yclgbbj9nU,37.8685,63.1141,0.07798617,4476,0.0,
videos,xr5HWHBiaGE,37.8635,63.1058,0.07793694,4477,0.0,
videos,gJGakHVOHjs,37.8629,27.5058,0.00019903,8796,53.3985,high
videos,DJjQxnhPWuE,37.8594,17.1365,4.31e-05,10054,68.9438,high
videos,uwHay1uWcrg,37.8586,63.0976,0.07791711,4478,0.0,
videos,UqgfIAdkWZo,37.8566,23.2278,0.00010796,9315,59.7997,high
videos,MWwdGHF291Y,37.8536,63.0894,0.07786032,4479,0.0,
videos,-7R_yASwE4w,37.8487,63.0811,0.07745121,4480,0.0,
videos,yUPJYuH19YM,37.8388,63.0646,0.07726741,4482,0.0,
videos,i5NT3UdKhGM,37.8338,63.0564,0.07720091,4483,0.0,
videos,lU3vK-T6amo,37.8289,63.0481,0.07718617,4484,0.0,
videos,wqSFg0kVHe0,37.814,63.0234,0.07686949,4487,0.0,
videos,ua05spQUCVM,37.8091,63.0152,0.07683421,4488,0.0,
videos,oowXQxl50H4,37.8045,14.1362,2.509e-05,10418,73.307,high
videos,Dxdd5rDvjVk,37.7992,62.9987,0.07650835,4490,0.0,
videos,WVEngsk1RuQ,37.7943,19.9472,6.889e-05,9713,64.565,high
videos,vwU2YHQQkM8,37.7942,62.9904,0.07644724,4491,0.0,
videos,1rk_vG7d0O4,37.7893,62.9822,0.07622689,4492,0.0,
videos,NVjWlXG_FZ0,37.7855,25.0247,0.00013967,9097,56.9266,high
videos,jCCxkdVlP6E,37.7844,62.974,0.07621379,4493,0.0,
videos,YFc40YFhMvk,37.7794,62.9657,0.07607228,4494,0.0,
videos,KifWI7WDleI,37.7745,62.9575,0.07603566,4495,0.0,
videos,9xEkAPhFLkk,37.7695,62.9492,0.07601959,4496,0.0,
videos,aazcN06kvs8,37.769,23.541,0.00011263,9277,59.1109,high
videos,Ebcn9szaBn4,37.7662,26.8299,0.00017864,8878,54.1707,high
videos,kr6qAkxlCQY,37.7646,62.941,0.07583087,4497,0.0,
videos,cXadEMhRmsI,37.7596,62.9327,0.07575798,4498,0.0,
videos,_cE5NirfHEw,37.7547,62.9245,0.0756539,4499,0.0,
videos,VSzOTuDapZw,37.7448,62.908,0.07540828,4501,0.0,
videos,B18aH00d8oE,37.7349,62.8915,0.07522759,4503,0.0,
videos,dlGfZ3KjzwI,37.73,62.8833,0.07513432,4504,0.0,
videos,SiQ3bMsRXHs,37.725,62.875,0.07501737,4505,0.0,
videos,jumAgHbIIXc,37.7246,25.6512,0.00015287,9021,55.8346,high
videos,zMVQNRR6LDg,37.7201,62.8668,0.07499637,4506,0.0,
videos,xzPl_Dmyrnw,37.7163,25.4698,0.00014792,9043,56.086,high
videos,iOgc_cfHk20,37.7152,62.8586,0.07496493,4507,0.0,
videos,QsdwSpDV31o,37.7102,62.8503,0.07491642,4508,0.0,
videos,H1fy1Brpa3Q,37.7084,19.8483,6.803e-05,9725,64.4986,high
videos,mYhxzdhQnps,37.7056,26.3023,0.00016867,8942,54.8106,high
videos,2lpx-QqgdoY,37.7053,62.8421,0.07416103,4509,0.0,
videos,IHfJJl6EH2Q,37.7003,62.8338,0.07401612,4510,0.0,
videos,yMeGSbZKjjY,37.6904,62.8173,0.07371494,4512,0.0,
videos,twHn_vfcG3s,37.6805,62.8009,0.07334182,4514,0.0,
videos,mXMgtmPfwkk,37.6756,62.7926,0.07333202,4515,0.0,
videos,9F-3l-A8YaA,37.673,22.4118,9.592e-05,9414,60.5647,high
videos,LCvUO0WOLPs,37.6706,62.7844,0.07331846,4516,0.0,
videos,gAktB0H6DRQ,37.6692,24.0521,0.00012315,9215,58.0948,high
videos,9TMQb_Ky_Fw,37.6607,62.7679,0.07318753,4518,0.0,
videos,h9kh7KssnMc,37.6558,62.7596,0.07318168,4519,0.0,
videos,6xN7_BPX_M8,37.6541,18.9746,5.873e-05,9831,65.6733,high
videos,tk-2iRLqGiw,37.6508,62.7514,0.07312436,4520,0.0,
videos,fyxg17y0kcU,37.6459,62.7432,0.07301198,4521,0.0,
videos,zfNPPFcYi-A,37.6409,62.7349,0.07291795,4522,0.0,
videos,7a_gvrCRarU,37.6387,25.2061,0.00014249,9075,56.2876,high
videos,TsNNu5Qjw5s,37.6345,23.8131,0.00011809,9244,58.3667,high
videos,NrEVboJXWj0,37.631,62.7184,0.07278067,4524,0.0,
videos,y4V-wAtDEfQ,37.6277,21.8513,9.117e-05,9482,61.2923,high
videos,KIyyDKSOqn0,37.6261,62.7102,0.07277144,4525,0.0,
videos,oZBg9kbhNwk,37.623,25.6924,0.00015371,9016,55.519,high
videos,0ynBLEz-2Wk,37.6189,22.8239,0.00010205,9364,59.8113,high
videos,EacdQel6X24,37.6162,62.6937,0.072641,4527,0.0,
videos,0DbMzWJKij4,37.6147,25.2473,0.00014304,9070,56.1659,high
videos,oXKkhajzwgE,37.6117,18.2822,5.2e-05,9915,66.6059,high
videos,dOnf1vxhjoI,37.6113,62.6855,0.07261109,4528,0.0,
videos,UUx4jzNshzE,37.6063,62.6772,0.07257301,4529,0.0,
videos,JII6i55hkJs,37.5964,62.6607,0.07232459,4531,0.0,
videos,XlughDi_FpU,37.5915,62.6525,0.07225139,4532,0.0,
videos,JdlGCzOq0uI,37.5865,62.6442,0.07221873,4533,0.0,
videos,I66LDF9iWts,37.5785,16.0237,3.566e-05,10189,69.9106,high
videos,RnT_izvRznQ,37.5767,62.6278,0.07217736,4535,0.0,
videos,TuyzhS93bb4,37.5717,62.6195,0.07217119,4536,0.0,
videos,Qqa-Y5pzMy4,37.5681,18.1256,5.065e-05,9934,66.7319,high
videos,pazDWrWCNKQ,37.5668,62.6113,0.07192418,4537,0.0,
videos,FykQrriMEJU,37.5653,21.1012,8.234e-05,9573,62.2614,high
videos,Y_lNqvIy_qU,37.5618,62.603,0.07172093,4538,0.0,
videos,gRy72tGALl4,37.5534,20.5572,7.603e-05,9639,63.0478,high
videos,J5jmfF2oZdo,37.5519,62.5865,0.07157656,4540,0.0,
videos,qenlj8RD-eE,37.547,62.5783,0.07155563,4541,0.0,
videos,qi9OOEbvyYY,37.5461,21.4474,8.63e-05,9531,61.6941,high
videos,_uEYxRwhskI,37.546,14.1939,2.527e-05,10412,72.5741,high
videos,_B88GxtkPkY,37.5427,19.5434,6.447e-05,9762,64.5417,high
videos,CIllcpzyt40,37.5421,62.5701,0.07152439,4542,0.0,
videos,wJhxzyXJbBI,37.5373,23.6317,0.00011466,9266,58.3958,high
videos,NlOlydVqI8M,37.5371,62.5618,0.07149912,4543,0.0,
videos,13lCjC7MIq0,37.5322,62.5536,0.07142191,4544,0.0,
videos,MMkUyj8dQWk,37.5252,26.6403,0.00017469,8901,53.8526,high
videos,iCg-tOwIgNs,37.5223,62.5371,0.07112177,4546,0.0,
videos,CsvixLHyXic,37.5179,25.0577,0.00014014,9093,56.2083,high
videos,ZkmbybL0K4E,37.5173,62.5288,0.07109434,4547,0.0,
videos,xfDxPHaJdQo,37.5124,62.5206,0.07104145,4548,0.0,
videos,jJmQHyKSG7c,37.5074,62.5124,0.07093141,4549,0.0,
videos,jSRFcuiNw20,37.5014,22.5107,9.808e-05,9402,59.9874,high
videos,SR3LXrGL6Vo,37.4975,62.4959,0.0708791,4551,0.0,
videos,Lr5KjJgY-rU,37.4926,62.4876,0.07083188,4552,0.0,
videos,W2FpF8tj424,37.4877,20.7798,7.909e-05,9612,62.5496,high
videos,ICP6S0o2W7Y,37.4777,62.4629,0.070794,4555,0.0,
videos,7IwiJLoMeJE,37.4737,25.7418,0.00015491,9010,55.0716,high
videos,SUV_QDgHJWM,37.4728,62.4547,0.0707695,4556,0.0,
videos,dA8XrnlFY5w,37.4658,18.9004,5.807e-05,9840,65.3139,high
videos,tQ9OtAfTUco,37.4631,20.1451,7.141e-05,9689,63.4401,high
videos,thNwEdAy1s8,37.4629,62.4382,0.07060777,4558,0.0,
videos,rbbMgCB90fk,37.4628,19.9637,6.912e-05,9711,63.7115,high
videos,V3xPHYsB6ko,37.4579,62.4299,0.07059653,4559,0.0,
videos,PK9zpGBjo_g,37.4542,20.3017,7.287e-05,9670,63.183,high
videos,e_KQNR2VcIs,37.4507,24.2582,0.00012714,9190,57.2395,high
videos,Q35qWg5lkrM,37.4481,62.4135,0.07043509,4561,0.0,
videos,LFarFUfgHls,37.4477,22.4283,9.624e-05,9412,59.9767,high
videos,RUDBhauy7d4,37.4431,62.4052,0.07035899,4562,0.0,
videos,afCLtEzSLJ0,37.4382,62.397,0.07034405,4563,0.0,
videos,0VBWJ3_IduQ,37.4341,26.8051,0.00017813,8881,53.3776,high
videos,piRgDOU7j0Q,37.4332,62.3887,0.07033036,4564,0.0,
videos,rwzLdMZ_o0U,37.4283,62.3805,0.07022196,4565,0.0,
videos,EIxvPjEzz_g,37.426,19.2549,6.147e-05,9797,64.6827,high
videos,Z-XHhcFemnk,37.4233,62.3722,0.07021995,4566,0.0,
videos,EO6BXY2hK0w,37.4204,22.3541,9.547e-05,9421,60.0199,high
videos,wyv8WUYDmdI,37.4199,22.5931,9.937e-05,9392,59.6601,high
videos,sCU-z1Ogc4Q,37.4135,62.3558,0.07012036,4568,0.0,
videos,HZQkRc1RH_0,37.4085,62.3475,0.0699483,4569,0.0,
videos,m5H6lJmH_TY,37.4015,24.2664,0.00012715,9189,57.1041,high
videos,r3_jHC7_2eM,37.3986,62.331,0.06962509,4571,0.0,
videos,lcRLSTU3dOs,37.3937,62.3228,0.06957884,4572,0.0,
videos,uQg9kLBXdqc,37.3887,62.3145,0.06947515,4573,0.0,
videos,A4M7ldRVyb4,37.3872,23.4751,0.00011207,9285,58.2554,high
videos,hcoVmfMqgoE,37.3846,24.7527,0.00013533,9130,56.3324,high
videos,oAieEWbxSmM,37.3789,62.2981,0.06944426,4575,0.0,
videos,_qbtCBS0ybc,37.3739,62.2898,0.069213,4576,0.0,
videos,ixiKGaaPWSI,37.369,62.2816,0.06907544,4577,0.0,
videos,jSJ1FWcSVWg,37.364,62.2733,0.06903814,4578,0.0,
videos,xUcYGMXdZhI,37.357,19.972,6.93e-05,9710,63.4345,high
videos,-dNDN6LqOD0,37.3541,62.2568,0.06897237,4580,0.0,
videos,6RBp2VCtYi8,37.3496,21.1589,8.276e-05,9567,61.6356,high
videos,N8h2Bc8erT8,37.3492,62.2486,0.0688089,4581,0.0,
videos,dgrCi28etQc,37.3442,62.2404,0.06877472,4582,0.0,
videos,mcsWf1vqxyQ,37.3429,22.5354,9.88e-05,9399,59.5541,high
videos,ax0ogeQpq3E,37.3415,18.513,5.419e-05,9887,65.5842,high
videos,KuThpd4yS74,37.3393,62.2321,0.06875317,4583,0.0,
videos,8i_FS3tarec,37.3325,18.4059,5.324e-05,9900,65.7223,high
videos,Hm5haQ4RW04,37.3294,62.2156,0.06871361,4585,0.0,
videos,HJzYBQAo298,37.3244,62.2074,0.06849164,4586,0.0,
videos,BI_bXHjwMpU,37.3195,62.1991,0.06848202,4587,0.0,
videos,CLQv-VMqJ0s,37.3145,62.1909,0.06847675,4588,0.0,
videos,TvG4TpbHvCU,37.314,25.0165,0.0001393,9098,55.7603,high
videos,45NS2aG-p1U,37.3096,62.1827,0.06844223,4589,0.0,
videos,lBTmChG6McU,37.3046,62.1744,0.06839263,4590,0.0,
videos,X3sKsTSYebQ,37.3045,24.8516,0.00013725,9118,55.9838,high
videos,eGmGoahyI-U,37.2947,62.1579,0.06825928,4592,0.0,
videos,yBcfcuX93ZM,37.2848,62.1414,0.06817989,4594,0.0,
videos,vm8Yn0BN-TQ,37.2818,18.3317,5.281e-05,9909,65.7069,high
videos,d-9YmFleTOc,37.2799,62.1332,0.06814747,4595,0.0,
videos,IFwKsskNMtQ,37.2788,14.6142,2.79e-05,10360,71.2757,high
videos,Kfhwh6DeCNc,37.275,62.125,0.06797459,4596,0.0,
videos,MzsWhI4BvZ8,37.2651,62.1085,0.06785454,4598,0.0,
videos,DJvAarhwfPs,37.2601,62.1002,0.06777982,4599,0.0,
videos,tpAyWLonlPA,37.2552,62.092,0.06775603,4600,0.0,
videos,pZaAW_N2M2o,37.2532,20.7715,7.9e-05,9614,61.9757,high
videos,WMUsoJWxKVU,37.2518,15.5786,3.327e-05,10243,69.7615,high
videos,XYsCrIRLxSo,37.2468,23.0382,0.0001045,9338,58.5598,high
videos,OUcnoYwLcro,37.2453,62.0755,0.06739996,4602,0.0,
videos,U5CJwK3Fz1E,37.2404,62.0673,0.06733087,4603,0.0,
videos,9eY8uF0Oop0,37.2393,24.4477,0.00012993,9167,56.4267,high
videos,rq2FMp5a2T0,37.2354,62.059,0.06728892,4604,0.0,
videos,_EHKT75Ir0g,37.233,18.3234,5.281e-05,9910,65.5975,high
videos,M0zWTt1oXq4,37.2305,62.0508,0.06715265,4605,0.0,
videos,LxFZ5cwCw5Q,37.2255,62.0425,0.06708808,4606,0.0,
videos,Wa6t9J-H2VE,37.2206,62.0343,0.06702894,4607,0.0,
videos,vmks_TUJaTk,37.2156,25.1566,0.0001412,9081,55.3041,high
videos,hQAG-2z36jI,37.2156,62.026,0.06700224,4608,0.0,
videos,DJr9d7avxM8,37.2107,62.0178,0.06698058,4609,0.0,
videos,ZxxHzMLG5qc,37.2058,62.0096,0.0669198,4610,0.0,
videos,nL2JrFWqgtU,37.2008,62.0013,0.06686955,4611,0.0,
videos,ufL97NQYxxI,37.1959,61.9931,0.06686522,4612,0.0,
videos,OStPjZv04Vs,37.1909,61.9848,0.06684213,4613,0.0,
videos,Zw0UyROTo-A,37.1897,22.5519,9.887e-05,9398,59.1465,high
videos,XE95CcmJ7Pk,37.186,61.9766,0.06681907,4614,0.0,
videos,LSeG-cyV_4E,37.181,61.9683,0.06679285,4615,0.0,
videos,wZBBnciTACo,37.18,16.1556,3.614e-05,10173,68.7166,high
videos,TLdMXZSABH8,37.1763,20.2687,7.261e-05,9674,62.5376,high
videos,34jnzi6Cr1w,37.1711,61.9519,0.06669816,4617,0.0,
videos,nuc9r_8Fsmc,37.1662,61.9436,0.06655055,4618,0.0,
videos,UvKEF-gGvn8,37.1651,20.3759,7.377e-05,9661,62.3488,high
videos,tKPRN0tfhz0,37.1563,61.9271,0.0660953,4620,0.0,
videos,EZLeWRbCEbA,37.1513,61.9189,0.06605593,4621,0.0,
videos,8sRUCgivzAY,37.1464,61.9106,0.06587483,4622,0.0,
videos,RjVk7bd71uE,37.1414,61.9024,0.06582559,4623,0.0,
videos,qp_O7RAQotE,37.1369,12.4959,1.85e-05,10617,74.0984,high
videos,jfsLsEdGKxw,37.1365,61.8942,0.0657478,4624,0.0,
videos,hCqiq6zVmuA,37.1318,25.1896,0.00014188,9077,55.0451,high
videos,TUSbI3pqiCM,37.1315,61.8859,0.06562609,4625,0.0,
videos,-x5E5_Zzc_w,37.1296,25.5358,0.00015017,9035,54.5204,high
videos,e79K_3ljq3A,37.1167,61.8612,0.06506214,4628,0.0,
videos,FKUc4qzSPaM,37.1122,22.8157,0.00010203,9365,58.557,high
videos,r_0vnL483Yw,37.1118,61.853,0.06505905,4629,0.0,
videos,YiihTonco6U,37.1068,61.8447,0.06505678,4630,0.0,
videos,RtCDqPRlu48,37.1061,20.4913,7.517e-05,9647,62.0284,high
videos,t6GzhyGTKCo,37.1019,61.8365,0.06505639,4631,0.0,
videos,f9AFrDB-73g,37.0969,61.8282,0.06504803,4632,0.0,
videos,-ripoOfnlEQ,37.0937,22.2552,9.472e-05,9433,59.3514,high
videos,E_48pLQK2C8,37.092,61.82,0.06496697,4633,0.0,
videos,siKdeoxrxIA,37.0881,19.8566,6.814e-05,9724,62.9353,high
videos,6kxhpNmGLGk,37.087,61.8117,0.06487642,4634,0.0,
videos,sko_dafY5qc,37.0821,27.3904,0.00019425,8810,51.6197,high
videos,l0gUGtdaGY8,37.0821,61.8035,0.06471948,4635,0.0,
videos,pwOqC6ZUp1s,37.0772,61.7953,0.06469933,4636,0.0,
videos,J7L9ZfugS1M,37.0759,20.755,7.895e-05,9615,61.5573,high
videos,o8Q4IG3FqB8,37.0722,61.787,0.06441687,4637,0.0,
videos,drCellUmsfM,37.0673,61.7788,0.06434114,4638,0.0,
videos,8XfsycyMf48,37.0634,16.7326,3.992e-05,10103,67.5596,high
videos,bxwo7NtPOMQ,37.0623,61.7705,0.06423837,4639,0.0,
videos,7RnvvirdlgY,37.0614,22.8899,0.00010269,9356,58.3186,high
videos,0awvLy4py8g,37.0585,24.0851,0.00012408,9211,56.5185,high
videos,8ltDlgbU4w4,37.0575,25.0495,0.00014012,9094,55.0694,high
videos,-EZ5W_kF8Us,37.0574,61.7623,0.06381235,4640,0.0,
videos,UYITWB_9ccM,37.0524,61.754,0.06380054,4641,0.0,
videos,o4MoFGMcGxI,37.0475,61.7458,0.06376947,4642,0.0,
videos,eHYGyPQt_tw,37.0426,61.7376,0.06345682,4643,0.0,
videos,gaOZZ1TYILU,37.0389,16.2298,3.672e-05,10164,68.2526,high
videos,4hXVbnPbYls,37.0376,61.7293,0.06337974,4644,0.0,
videos,DNhmnW6Vyxo,37.0299,15.4303,3.238e-05,10261,69.4294,high
videos,e5Z-IooaIQw,37.0228,61.7046,0.06299359,4647,0.0,
videos,FXvt5o8TnLs,37.0178,61.6963,0.06296205,4648,0.0,
videos,s0m_QvsVVpE,37.0129,61.6881,0.0629221,4649,0.0,
videos,UO0Y49VHdGs,37.0079,61.6799,0.06290614,4650,0.0,
videos,IrefshwOoX8,37.006,18.3399,5.294e-05,9908,65.0051,high
videos,ZaOJNCS-UdM,37.003,61.6716,0.06284513,4651,0.0,
videos,BTXgcnbB8-I,36.998,61.6634,0.06283043,4652,0.0,
videos,m9QL508jLtE,36.9931,61.6551,0.06269401,4653,0.0,
videos,2NTkOeH_p0o,36.99,18.7521,5.683e-05,9858,64.3468,high
videos,bqkj6-euAt8,36.9853,20.7303,7.861e-05,9618,61.3677,high
videos,GpihTyqTGPA,36.9832,61.6386,0.06256076,4655,0.0,
videos,4nnyMBe1B2k,36.9733,61.6222,0.06246417,4657,0.0,
videos,bwuerJFgUjU,36.9683,61.6139,0.06233047,4658,0.0,
videos,O5H3D1fxBYU,36.9634,61.6057,0.06232009,4659,0.0,
videos,u9JAjL3I7NI,36.9584,61.5974,0.06223051,4660,0.0,
videos,SkZopRFcSTo,36.9535,61.5892,0.06215279,4661,0.0,
videos,VvBy9AkhR2w,36.9518,17.2354,4.394e-05,10042,66.5265,high
videos,_QHAqfILwPk,36.949,21.5628,8.779e-05,9517,60.0282,high
videos,IVGjBxqygmI,36.9485,61.5809,0.06212836,4662,0.0,
videos,uhN74J4-3RQ,36.9459,23.2196,0.00010794,9316,57.5353,high
videos,A6bFeyq9vI8,36.9436,61.5727,0.0620842,4663,0.0,
videos,QZIiOk4k1z8,36.9417,24.0191,0.00012244,9219,56.3255,high
videos,7CCqxyvTuY4,36.9387,61.5645,0.06206211,4664,0.0,
videos,mOe2gHEUQcw,36.9337,61.5562,0.06181668,4665,0.0,
videos,CxKf3KMiI2A,36.9297,20.4006,7.419e-05,9658,61.7234,high
videos,SafzdyKaVWg,36.9294,21.6617,8.899e-05,9505,59.8309,high
videos,kKQRysNhuS8,36.9288,61.548,0.06181057,4666,0.0,
videos,Xe8Ckrh4cYo,36.9189,61.5315,0.06170196,4668,0.0,
videos,M2Eun1mIEEc,36.9139,61.5232,0.06162257,4669,0.0,
videos,e5ory4NWVaQ,36.9082,19.0488,6.011e-05,9822,63.6974,high
videos,q__FKs64J28,36.9068,18.1586,5.088e-05,9930,65.0291,high
videos,BXNFaWi-4-A,36.9041,61.5068,0.06143491,4671,0.0,
videos,oYu0ZgihU8Q,36.8952,21.0106,8.168e-05,9584,60.7221,high
videos,aAsEWLolgHQ,36.8942,61.4903,0.06114652,4673,0.0,
videos,ahR3mnDj-Mw,36.8892,61.482,0.06103407,4674,0.0,
videos,MH80Vx6JN4A,36.8829,25.2638,0.00014335,9068,54.3115,high
videos,Fd_N4-Iz_mw,36.8824,25.4863,0.00014825,9041,53.9765,high
videos,BgIWcgaogcc,36.8793,61.4655,0.06096572,4676,0.0,
videos,jxnlMKUq47Y,36.8695,61.4491,0.06089094,4678,0.0,
videos,zOSRwsx0H60,36.8645,61.4408,0.06083563,4679,0.0,
videos,PN8bHAr0f1M,36.8596,61.4326,0.06081844,4680,0.0,
videos,3mcXH_pljuE,36.8546,61.4243,0.06050692,4681,0.0,
videos,nAvN5ulyJQA,36.8497,61.4161,0.06049896,4682,0.0,
videos,NK4Ra6XOR2A,36.8494,25.6182,0.00015223,9025,53.6962,high
videos,_tivLAiL1_0,36.8447,61.4078,0.0604576,4683,0.0,
videos,c82BgVwcv5w,36.8406,24.6538,0.00013388,9142,55.1208,high
videos,-ErtZr7iV9A,36.8398,61.3996,0.06041675,4684,0.0,
videos,zIhEpFlZod4,36.8348,61.3914,0.06039118,4685,0.0,
videos,YwV9PqcZolU,36.8299,61.3831,0.06038143,4686,0.0,
videos,pQxiqEnCbJw,36.8249,61.3749,0.06020948,4687,0.0,
videos,r4Ik1dCOaWg,36.82,61.3666,0.06018959,4688,0.0,
videos,dOC66bRhmA0,36.815,61.3584,0.06018867,4689,0.0,
videos,uIPYeVB2Mos,36.8134,20.9858,8.126e-05,9587,60.5547,high
videos,1z_Bql-KXps,36.8051,61.3419,0.05986893,4691,0.0,
videos,Ps7sjuq5sO4,36.8012,25.1649,0.00014125,9080,54.2556,high
videos,l_s5SjBKoE4,36.8002,61.3337,0.05977727,4692,0.0,
videos,8CpQzf_RYb4,36.7993,17.7877,4.874e-05,9975,65.3166,high
videos,FpLPd2_E5z0,36.7952,61.3254,0.05970878,4693,0.0,
videos,KW2YQ1C0ECs,36.7945,14.3834,2.628e-05,10390,70.4112,high
videos,pcY2SJHMU8w,36.7905,21.2166,8.353e-05,9559,60.1513,high
videos,0dV-hS-9Rno,36.7903,61.3172,0.05969379,4694,0.0,
videos,wKcJ42I6AQk,36.7853,61.3089,0.05960485,4695,0.0,
videos,xOkDxzJUHD4,36.7804,61.3007,0.05956157,4696,0.0,
videos,l6tlU6AJ23E,36.7754,61.2924,0.05951165,4697,0.0,
videos,B8qwGH-2gM8,36.7724,18.3482,5.298e-05,9907,64.4086,high
videos,05CNs0GpFEM,36.7705,61.2842,0.05938262,4698,0.0,
videos,jRxhOeXMn1I,36.7691,24.8104,0.00013649,9123,54.7072,high
videos,HWHj_GkvIpQ,36.7656,61.276,0.05928016,4699,0.0,
videos,cvXT2ua2cX4,36.7606,61.2677,0.05926696,4700,0.0,
videos,FTNYbv799DE,36.7578,24.1675,0.00012498,9201,55.6433,high
videos,qSQISVErmI4,36.7557,61.2595,0.05924688,4701,0.0,
videos,jcSUBWpF06k,36.7507,61.2512,0.05924425,4702,0.0,
videos,nRVOdQy3Ex0,36.7458,61.243,0.05921274,4703,0.0,
videos,qf_JlCrcPy0,36.7453,18.3976,5.317e-05,9901,64.2669,high
videos,rXLTowffBvM,36.7409,61.2348,0.05909202,4704,0.0,
videos,EUADfom8VNE,36.7409,22.6426,0.00010045,9386,57.8884,high
videos,BqZjwT9S20s,36.7359,61.2265,0.05903593,4705,0.0,
videos,y-LzlZevfu8,36.731,61.2183,0.05900657,4706,0.0,
videos,2AayqC5QKpA,36.7211,61.2018,0.0588992,4708,0.0,
videos,feNFyEPcONQ,36.7161,61.1935,0.05874378,4709,0.0,
videos,iIimFcfLYMA,36.7157,22.1975,9.413e-05,9440,58.4929,high
videos,dUo1R8tp6zQ,36.714,17.4167,4.53e-05,10020,65.6599,high
videos,qluuZfYE02A,36.7112,61.1853,0.05858939,4710,0.0,
videos,8vQ2Eu8EfSI,36.7063,61.1771,0.05855647,4711,0.0,
videos,GfSGy5C1OIA,36.7036,19.395,6.297e-05,9780,62.6665,high
videos,MIyISzNBtAE,36.7013,61.1688,0.05840439,4712,0.0,
videos,adWjFUy9g5c,36.6964,61.1606,0.05840046,4713,0.0,
videos,Ehoi-h7_rgM,36.6914,61.1523,0.05807711,4714,0.0,
videos,8Rj1DStHPjA,36.6865,61.1441,0.05804093,4715,0.0,
videos,eSa34i3Y9yA,36.6864,27.0195,0.00018273,8855,51.1867,high
videos,Bp-cjTGlPhE,36.6815,61.1358,0.05799556,4716,0.0,
videos,I2deV4o1Nvo,36.6779,21.093,8.232e-05,9574,60.0553,high
videos,L07JmlnbApc,36.6766,61.1276,0.05788697,4717,0.0,
videos,H_FREjGr4TU,36.6716,61.1194,0.05785982,4718,0.0,
videos,8-ilN0IcvL4,36.6678,22.1068,9.353e-05,9451,58.5093,high
videos,0_e01FRmZ_Y,36.6617,61.1029,0.05755674,4720,0.0,
videos,YGPv0dymH5U,36.6568,61.0946,0.05752211,4721,0.0,
videos,HZ2uROlnuEg,36.6535,18.8345,5.762e-05,9848,63.3819,high
videos,DgX6SMZaC_8,36.6518,61.0864,0.05750286,4722,0.0,
videos,EmtFyhAydNo,36.6469,61.0781,0.05742963,4723,0.0,
videos,bLhtZn94Euw,36.6456,23.4916,0.0001122,9283,56.3767,high
videos,XyjI-lkAc0U,36.637,61.0617,0.05734847,4725,0.0,
videos,5GlMcglOn6A,36.632,61.0534,0.0570898,4726,0.0,
videos,7iE-2JfKLpI,36.63,23.8955,0.00012029,9234,55.7317,high
videos,Guz_p6KD-nM,36.6271,61.0452,0.05701754,4727,0.0,
videos,hH-B21BV3n8,36.6221,61.0369,0.05694435,4728,0.0,
videos,4xS5ctymXBs,36.6172,61.0287,0.0569311,4729,0.0,
videos,jtmiyTEma8E,36.6122,61.0204,0.05692123,4730,0.0,
videos,seu69-hMmGw,36.6109,15.3396,3.19e-05,10272,68.5178,high
videos,aO69HbJuEGU,36.6073,61.0122,0.05686399,4731,0.0,
videos,Rfkm6Q4zO5g,36.6032,27.8849,0.00021243,8750,49.6806,high
videos,qXeEYu5f0f8,36.6024,61.004,0.05675705,4732,0.0,
videos,6cUe6qrXxJU,36.6001,21.0023,8.168e-05,9585,59.9967,high
videos,2RyNz8q_3mI,36.5925,60.9875,0.05666894,4734,0.0,
videos,ME8QBkLBync,36.5875,60.9792,0.05664076,4735,0.0,
videos,rVixyOY_Xr4,36.5776,60.9627,0.05652396,4737,0.0,
videos,7Og4cYpWuqk,36.5727,60.9545,0.05651794,4738,0.0,
videos,C4XYPjTI_Sw,36.5678,60.9463,0.05651418,4739,0.0,
videos,UiiR5MwI2wI,36.5628,60.938,0.05648243,4740,0.0,
videos,P-2ql0JS9Wc,36.5579,60.9298,0.0564305,4741,0.0,
videos,-peAopWmtxU,36.5529,60.9215,0.05642834,4742,0.0,
videos,nAiDEan04Nc,36.548,60.9133,0.05642276,4743,0.0,
videos,nERSB2Ub-rs,36.543,60.905,0.05638126,4744,0.0,
videos,mhd2K3g5B_g,36.5404,23.0795,0.00010536,9333,56.7318,high
videos,uCBGOJXaT9o,36.5332,22.758,0.00010148,9372,57.1961,high
videos,EKISAz0src8,36.5332,60.8886,0.05617768,4746,0.0,
videos,WAR8gwhcWwM,36.5282,60.8803,0.05610302,4747,0.0,
videos,ur7a6wYZsn4,36.5134,60.8556,0.05594438,4750,0.0,
videos,Ge_mCJEvuSA,36.5131,24.3159,0.00012744,9183,54.809,high
videos,rDxKqr7VYQU,36.5084,60.8473,0.05580786,4751,0.0,
videos,RcGxegZo1y8,36.5035,60.8391,0.05575025,4752,0.0,
videos,aYH-DvGfEVU,36.5004,15.0264,3.001e-05,10310,68.7115,high
videos,V4AVOU8YyUM,36.4985,60.8309,0.05566136,4753,0.0,
videos,GWsITVxCd_E,36.4936,60.8226,0.05561024,4754,0.0,
videos,aXRMhzMvGjk,36.4886,60.8144,0.05550156,4755,0.0,
videos,k-Ucuv1AR68,36.4873,20.6726,7.777e-05,9626,60.2094,high
videos,kLJNcHqVmJA,36.4837,60.8061,0.05544486,4756,0.0,
videos,iS7q7XwomZE,36.4795,15.6611,3.369e-05,10233,67.7072,high
videos,GybLbhXj2Nw,36.4787,60.7979,0.05532862,4757,0.0,
videos,FN0R042832w,36.4738,60.7896,0.05531513,4758,0.0,
videos,wZtgnqm4ZUM,36.4688,60.7814,0.0552937,4759,0.0,
videos,3UgIpMxa-78,36.4639,60.7732,0.05528197,4760,0.0,
videos,jCyhEO3h-Ik,36.4589,60.7649,0.05515139,4761,0.0,
videos,Zu3g28TTetU,36.454,60.7567,0.05510565,4762,0.0,
videos,248bEK2X8zY,36.449,60.7484,0.05505735,4763,0.0,
videos,fXJo7Zf5L5w,36.4441,60.7402,0.05500069,4764,0.0,
videos,JUa1-X6DJYs,36.4391,60.7319,0.05496134,4765,0.0,
videos,dkO0Sx4UkOk,36.4342,60.7237,0.05477342,4766,0.0,
videos,OcChLFK_-C0,36.4293,60.7155,0.05456338,4767,0.0,
videos,IM9s_OpIBs0,36.4194,60.699,0.05418481,4769,0.0,
videos,kFVzax1iFW8,36.4187,17.2107,4.351e-05,10045,65.2308,high
videos,vB83OsnBIyM,36.4144,60.6907,0.05414672,4770,0.0,
videos,Z58E4U0_J9Q,36.4095,60.6825,0.05413197,4771,0.0,
videos,dntCX306hjA,36.4045,60.6742,0.05406235,4772,0.0,
videos,5DK0TTtm6ug,36.401,23.368,0.00011048,9298,55.9504,high
videos,8KtJzjBpyoM,36.3947,60.6578,0.05364412,4774,0.0,
videos,7mk4EmYLaG0,36.3898,11.1276,1.355e-05,10783,74.2831,high
videos,HQAML5T4cN0,36.3897,60.6495,0.05325743,4775,0.0,
videos,hPtzGXdkQak,36.3848,60.6413,0.05319529,4776,0.0,
videos,erf6YdpSakA,36.3808,20.1203,7.12e-05,9692,60.7715,high
videos,loZ3BQBiv98,36.3798,60.633,0.05307473,4777,0.0,
videos,SCzeYKwQJMI,36.3749,60.6248,0.05296885,4778,0.0,
videos,R9yWTOc6JR8,36.371,14.8698,2.934e-05,10329,68.6228,high
videos,IBAEWPB5bwc,36.37,60.6166,0.05289154,4779,0.0,
videos,cZLOod4QMyM,36.365,60.6083,0.05276415,4780,0.0,
videos,X5Fya5mNSgI,36.3601,60.6001,0.05273129,4781,0.0,
videos,D05IaWonjfc,36.3551,60.5918,0.05272004,4782,0.0,
videos,eMFk0ApTn9g,36.3383,21.0188,8.172e-05,9583,59.3176,high
videos,7-TTgGPf1gY,36.3353,60.5589,0.05253614,4786,0.0,
videos,VVmXY9kbkss,36.3304,60.5506,0.05251989,4787,0.0,
videos,VJXXsEcudN8,36.3254,60.5424,0.05230871,4788,0.0,
videos,Cc3hl4hYDck,36.3205,60.5341,0.05226211,4789,0.0,
videos,tfaJN9nwXTk,36.3155,60.5259,0.05219021,4790,0.0,
videos,RhFEuTEFhvk,36.3112,20.483,7.503e-05,9648,60.0536,high
videos,We_FbQ3C1S0,36.3007,60.5012,0.05196938,4793,0.0,
videos,Xjy11Eswc7c,36.2908,60.4847,0.05168736,4795,0.0,
videos,5FxpcN4Sv3M,36.2858,60.4764,0.05167863,4796,0.0,
videos,9tTOCwNKxJU,36.2809,60.4682,0.05163525,4797,0.0,
videos,IjFLUoAxw0s,36.2755,20.5819,7.648e-05,9636,59.8159,high
videos,opuHyONlqjY,36.2661,60.4435,0.05146176,4800,0.0,
videos,2q62qBqugJE,36.2612,14.6307,2.8e-05,10358,68.7069,high
videos,GWyK_Gk4Pc4,36.2611,60.4352,0.05143744,4801,0.0,
videos,Uu09z2ovYfk,36.2463,60.4105,0.05130432,4804,0.0,
videos,m2QTVLiXizo,36.2413,60.4022,0.05127959,4805,0.0,
videos,C9V8L2emj9M,36.239,17.0623,4.266e-05,10063,65.004,high
videos,rhlNOFjmu_Q,36.2371,15.2242,3.102e-05,10286,67.7564,high
videos,zj660c85FeA,36.2364,60.394,0.05116998,4806,0.0,
videos,rOHYpXGoq_U,36.2315,60.3858,0.05115944,4807,0.0,
videos,dCJJcNtrNjo,36.2285,15.8836,3.5e-05,10206,66.7459,high
videos,hHdcO34gJNA,36.2265,60.3775,0.05108807,4808,0.0,
videos,dkIeYVk7OdY,36.2249,22.2057,9.422e-05,9439,57.2537,high
videos,XvwaCgxjfHA,36.2216,60.3693,0.05097056,4809,0.0,
videos,W5j6kQltZY8,36.2166,60.361,0.05094391,4810,0.0,
videos,N2MujtuwXFU,36.216,18.7933,5.74e-05,9853,62.35,high
videos,nx-wJiabIZ8,36.2136,12.1827,1.691e-05,10656,72.26,high
videos,ofVKqnDUCNU,36.2117,60.3528,0.05091745,4811,0.0,
videos,-AJJROIEFLo,36.2018,60.3363,0.05079741,4813,0.0,
videos,IDrMdGc5ApM,36.1969,60.3281,0.05062666,4814,0.0,
videos,1ayy3NNIubU,36.1919,60.3198,0.05045546,4815,0.0,
videos,YPM2Fep2P3A,36.1848,16.7491,4.004e-05,10101,65.3383,high
videos,h4RVOJUTd2M,36.182,60.3033,0.05003829,4817,0.0,
videos,x5nHDhKQq10,36.1785,18.8427,5.772e-05,9847,62.1821,high
videos,Becd6ioqXHw,36.1721,60.2868,0.04992188,4819,0.0,
videos,0VjrLsr61pk,36.1672,60.2786,0.04991541,4820,0.0,
videos,6mNnCYiyvZQ,36.1622,60.2704,0.04985061,4821,0.0,
videos,fFjYOvQtN-o,36.1523,60.2539,0.04975444,4823,0.0,
videos,Sy_3AZ14gpg,36.1474,60.2456,0.04973981,4824,0.0,
videos,rbSEOholMxI,36.1424,60.2374,0.04969902,4825,0.0,
videos,TDTXtgJtVtg,36.1375,60.2291,0.04968018,4826,0.0,
videos,momZ6OKzTKY,36.1325,60.2209,0.04963226,4827,0.0,
videos,RGCXXfUGOzU,36.1226,60.2044,0.04949799,4829,0.0,
videos,Wy90vvnuw4E,36.1177,60.1962,0.04939029,4830,0.0,
videos,cyD_tQ-5XtE,36.1127,60.1879,0.04929073,4831,0.0,
videos,67hBLP8HC7k,36.1095,21.8183,9.099e-05,9486,57.5462,high
videos,bEv18sGAML8,36.1078,60.1797,0.04916025,4832,0.0,
videos,A_Dkz7FXefY,36.1028,60.1714,0.04906636,4833,0.0,
videos,vuE-7WrGo34,36.0979,60.1632,0.04904055,4834,0.0,
videos,S_EoAnwaCfQ,36.093,60.155,0.04890069,4835,0.0,
videos,1erhIC3eEmU,36.088,60.1467,0.04885781,4836,0.0,
videos,QHwEBsQDRsw,36.0831,60.1385,0.04862265,4837,0.0,
videos,B0SJRxfJ67Y,36.0781,60.1302,0.04859641,4838,0.0,
videos,isdhH0X4BHg,36.0682,60.1137,0.04853485,4840,0.0,
videos,PI_1rhfYGG0,36.0584,60.0973,0.04841533,4842,0.0,
videos,QHwSRnIfbuU,36.0582,16.8068,4.066e-05,10094,64.9353,high
videos,126hA9qy-7g,36.0534,60.089,0.04827521,4843,0.0,
videos,s1ouK9tPcyc,36.0485,60.0808,0.04820241,4844,0.0,
videos,HIRYeOV3LTA,36.0435,60.0725,0.04814998,4845,0.0,
videos,7TJNfeJpJvw,36.0389,18.6367,5.541e-05,9872,62.1421,high
videos,SfJzypHJvDU,36.0386,60.0643,0.04808795,4846,0.0,
videos,pj8AcAAwD_Y,36.0337,60.0561,0.0480733,4847,0.0,
videos,8z6R-lu3Wss,36.0298,20.788,7.916e-05,9611,58.8924,high
videos,JxM9FGa1xjw,36.0249,15.2737,3.123e-05,10281,67.1517,high
videos,Jr9Xm5f44NQ,36.0248,20.0709,7.085e-05,9698,59.9557,high
videos,uaBVdNfEbM4,36.0188,60.0313,0.04774612,4850,0.0,
videos,eQTSYXUDG8s,36.0139,60.0231,0.04772146,4851,0.0,
videos,xnK3W2Z97v8,36.0089,60.0148,0.0476307,4852,0.0,
videos,A64r79WXTQQ,36.004,60.0066,0.04760251,4853,0.0,
videos,3qODvOr74g0,35.999,59.9984,0.04754608,4854,0.0,
videos,xqqYvMH4Lm4,35.9941,59.9901,0.04750023,4855,0.0,
videos,_V4TOSwBSGo,35.9939,20.3511,7.358e-05,9664,59.4581,high
videos,3cov1HqGarI,35.9891,59.9819,0.04749901,4856,0.0,
videos,TeZ0wZTNMmw,35.9848,21.5546,8.768e-05,9518,57.6301,high
videos,rcUncVWD0nw,35.9842,59.9736,0.04743776,4857,0.0,
videos,8eejjUMdGVc,35.9816,19.7824,6.771e-05,9734,60.2804,high
videos,6HuTouMQKiw,35.9792,59.9654,0.04736779,4858,0.0,
videos,jwCJNOzw6-Y,35.9743,59.9571,0.04728592,4859,0.0,
videos,OD76qRC50v0,35.9693,59.9489,0.04725081,4860,0.0,
videos,TJfNkATrAZk,35.9689,22.6921,0.00010078,9380,55.8842,high
videos,FKFhSNH3S6g,35.9656,20.7633,7.9e-05,9613,58.769,high
videos,oDd-OHUvleI,35.9644,59.9407,0.04719908,4861,0.0,
videos,lRtm8MkZuik,35.9594,59.9324,0.04715366,4862,0.0,
videos,zgQpjzoAurs,35.9495,59.9159,0.04693943,4864,0.0,
videos,t_bm9cBt9go,35.9459,21.7441,9.041e-05,9495,57.2487,high
videos,D9TLkkrgf9E,35.9446,59.9077,0.04691073,4865,0.0,
videos,xZRxQ59gm2k,35.9396,59.8994,0.04686739,4866,0.0,
videos,HI_ORT_84z0,35.9375,24.1015,0.00012434,9209,53.6914,high
videos,2F50vE7VUIw,35.9366,14.9275,2.953e-05,10322,67.4502,high
videos,AHdfqt3cl78,35.9347,59.8912,0.04682562,4867,0.0,
videos,Fxr4tc3AiPM,35.9334,23.7718,0.00011734,9249,54.1757,high
videos,1JlcRuBAtZ4,35.9319,15.4468,3.242e-05,10259,66.6595,high
videos,cWocIKjsVmg,35.9298,59.883,0.04680247,4868,0.0,
videos,n1PuhjDSt-8,35.9248,59.8747,0.04677569,4869,0.0,
videos,bDksnbfXBnc,35.9199,59.8665,0.04672638,4870,0.0,
videos,MBUU0GdJUzg,35.9194,20.4583,7.489e-05,9651,59.111,high
videos,rXIPPuz7oFQ,35.9149,59.8582,0.04668788,4871,0.0,
videos,psrNh1sBm90,35.91,59.85,0.04668559,4872,0.0,
videos,wh9imQguQBk,35.905,59.8417,0.04667997,4873,0.0,
videos,OMOfJ6uXq-M,35.9001,59.8335,0.04650591,4874,0.0,
videos,RdshQ39MWuQ,35.8952,59.8253,0.04638226,4875,0.0,
videos,QS2li8rwbts,35.8918,24.3076,0.00012736,9184,53.2681,high
videos,RYzLW_xP7r0,35.8904,22.1398,9.381e-05,9447,56.5162,high
videos,pkai4rTyMec,35.8902,59.817,0.04632511,4876,0.0,
videos,wOdqa-nRKpo,35.8853,59.8088,0.04630652,4877,0.0,
videos,IwjPma4PPTM,35.8803,59.8005,0.04629992,4878,0.0,
videos,EzzHxiDFNyQ,35.8745,23.1866,0.00010729,9320,54.9064,high
videos,BL7LhzeGw1Y,35.8655,59.7758,0.04610128,4881,0.0,
videos,gdeW_74lo5o,35.8606,59.7676,0.04605502,4882,0.0,
videos,t59a8MUdNZA,35.8587,23.8213,0.0001181,9243,53.9149,high
videos,XGAhqBxEV78,35.8556,59.7593,0.04599193,4883,0.0,
videos,wWEIh8NQx3I,35.8507,59.7511,0.04587417,4884,0.0,
videos,mNMU4v99F3A,35.8457,59.7428,0.04581373,4885,0.0,
videos,jR23aqat4lI,35.8358,59.7263,0.04562513,4887,0.0,
videos,dpt0FTOZHuk,35.8309,59.7181,0.04550321,4888,0.0,
videos,3YN3bRsljE4,35.8259,59.7099,0.04538808,4889,0.0,
videos,mup8IhXozaM,35.821,59.7016,0.04536787,4890,0.0,
videos,6RkkwL_lAbk,35.8209,23.4257,0.00011163,9291,54.4137,high
videos,6tF_thM44UU,35.816,59.6934,0.04535922,4891,0.0,
videos,p5O1jkzGcVk,35.8111,59.6851,0.04529412,4892,0.0,
videos,owFMpF3brXQ,35.8061,59.6769,0.04523578,4893,0.0,
videos,m1Vp8FhEeIE,35.8012,59.6686,0.0452342,4894,0.0,
videos,Vk79s9cNkik,35.7962,59.6604,0.04520981,4895,0.0,
videos,zfTPnaofxpc,35.7923,20.5654,7.623e-05,9638,58.6326,high
videos,z47Jhukabj4,35.792,20.3264,7.313e-05,9667,58.9903,high
videos,dqOmDZPkIF4,35.7913,59.6522,0.04520894,4896,0.0,
videos,EJii3_1-1ZU,35.7863,59.6439,0.04510824,4897,0.0,
videos,SCwFGiH-Q-k,35.7814,59.6357,0.04507766,4898,0.0,
videos,XmME99qXdmM,35.7764,59.6274,0.04503564,4899,0.0,
videos,WU1spcSJCKE,35.7761,18.9581,5.856e-05,9833,61.003,high
videos,dPpJxBXlo0o,35.7722,19.9802,6.947e-05,9709,59.4603,high
videos,eyV15XUpSIM,35.7715,59.6192,0.04491955,4900,0.0,
videos,ZuzKvTLegqg,35.7665,59.6109,0.04487735,4901,0.0,
videos,0kfZKQDw4Bo,35.7653,21.3403,8.482e-05,9544,57.4028,high
videos,WXB8QZEaNkI,35.7567,59.5945,0.04480004,4903,0.0,
videos,BRwyIzsvj5o,35.7531,21.1177,8.242e-05,9571,57.7063,high
videos,Rx3ZgrQC1PE,35.7517,59.5862,0.04478782,4904,0.0,
videos,rf8Y-TqEFS4,35.7473,20.5407,7.597e-05,9641,58.5572,high
videos,x6KJHFOduSQ,35.7418,59.5697,0.04475139,4906,0.0,
videos,1bIaVwemnRo,35.7377,18.9499,5.854e-05,9834,60.9195,high
videos,a21vqwIqRRM,35.7369,59.5615,0.04462123,4907,0.0,
videos,vylbZ6NsHC0,35.7319,59.5532,0.04461859,4908,0.0,
videos,n_GJz9jKYhQ,35.727,59.545,0.04461681,4909,0.0,
videos,bHn5uA1fumo,35.7221,59.5368,0.04447652,4910,0.0,
videos,8f_ymSTwlUI,35.7171,59.5285,0.04442414,4911,0.0,
videos,Njt5-IP-WQM,35.7122,59.5203,0.04437132,4912,0.0,
videos,sd5X9DhSUhA,35.7023,59.5038,0.0442824,4914,0.0,
videos,zfiiYYXMK8o,35.6973,59.4955,0.04426774,4915,0.0,
videos,u3RceRwvVaw,35.6962,15.8177,3.46e-05,10214,65.5139,high
videos,KJVFbocc8KY,35.6924,59.4873,0.04424433,4916,0.0,
videos,DElQdMWoKwQ,35.6875,59.4791,0.04412784,4917,0.0,
videos,D69Z42ZgyiE,35.6825,59.4708,0.04408969,4918,0.0,
videos,pPwS2Am90sw,35.6776,59.4626,0.04391422,4919,0.0,
videos,RaP_Z2RY0eA,35.6754,21.9502,9.17e-05,9470,56.2631,high
videos,-JrvO_jUwVU,35.6726,59.4543,0.04387795,4920,0.0,
videos,ZhRgnBzcYHQ,35.6677,59.4461,0.04383714,4921,0.0,
videos,34AXM-QFBik,35.6642,23.2526,0.00010799,9312,54.2816,high
videos,3eAU7XU51vw,35.6578,59.4296,0.04376482,4923,0.0,
videos,udq-rqLVhjQ,35.6528,59.4214,0.0437484,4924,0.0,
videos,P2HRYYVEE1w,35.6525,19.5021,6.38e-05,9767,59.8782,high
videos,4lXl-KkuKtA,35.6479,59.4131,0.0437201,4925,0.0,
videos,5XjHs1nJ6Fk,35.6429,59.4049,0.04364332,4926,0.0,
videos,rw25iA6Pn2M,35.638,59.3966,0.04360946,4927,0.0,
videos,62qhOljuTRg,35.633,59.3884,0.04357277,4928,0.0,
videos,Ir9Cw8Vv0h0,35.6281,59.3802,0.043471,4929,0.0,
videos,uE8sEMfKcaM,35.6231,59.3719,0.04342067,4930,0.0,
videos,b9Z7YwghogU,35.6223,19.1889,6.117e-05,9805,60.2724,high
videos,vqrrR0SZFLw,35.6182,59.3637,0.04341042,4931,0.0,
videos,8S1f0BGHXMI,35.6132,59.3554,0.04327901,4932,0.0,
videos,vRFp7Lst1fc,35.6083,59.3472,0.04319123,4933,0.0,
videos,ct4qXS4tYh8,35.6033,59.3389,0.0430163,4934,0.0,
videos,6KqNj7FlDUk,35.5984,59.3307,0.04296076,4935,0.0,
videos,JIFQt83UYqc,35.5935,59.3225,0.04295398,4936,0.0,
videos,YCWwh70FZtQ,35.5885,59.3142,0.04292536,4937,0.0,
videos,7IOfYbkLLLc,35.5836,59.306,0.04287349,4938,0.0,
videos,2DxBOnp1cUQ,35.5737,59.2895,0.04273633,4940,0.0,
videos,yGyOehV0sVI,35.5687,59.2812,0.04261418,4941,0.0,
videos,-OCYyD5JnZA,35.5638,59.273,0.04254717,4942,0.0,
videos,LHOyEm3Nh-k,35.5589,59.2648,0.04254165,4943,0.0,
videos,DerWppSGkmE,35.5565,15.8506,3.488e-05,10210,65.1154,high
videos,Dz4LrsA1R4w,35.5539,59.2565,0.04253781,4944,0.0,
videos,wAi4zvgGy4w,35.5532,19.3208,6.213e-05,9789,59.9019,high
videos,4McvkSWWl8E,35.549,59.2483,0.04251575,4945,0.0,
videos,xovUyEpN4Ns,35.544,59.24,0.0423948,4946,0.0,
videos,Mz2-l0kjZQo,35.5391,59.2318,0.04237659,4947,0.0,
videos,JTe02Nr7xbo,35.5307,20.0956,7.101e-05,9695,58.6834,high
videos,VCG8vtUjM5g,35.5292,59.2153,0.04222931,4949,0.0,
videos,XPV8uPPKZQA,35.5243,59.2071,0.04221029,4950,0.0,
videos,BFrHTKN5KKA,35.5235,16.2957,3.71e-05,10156,64.3652,high
videos,DB302vKJ2Go,35.5161,14.9769,2.983e-05,10316,66.325,high
videos,yk8ziJow5dw,35.5094,59.1823,0.0421095,4953,0.0,
videos,KvbiMR-iESE,35.5045,59.1741,0.04208822,4954,0.0,
videos,laSoOd53O0g,35.4995,59.1658,0.04202472,4955,0.0,
videos,WAcXhznaeC4,35.499,20.8704,7.979e-05,9601,57.4418,high
videos,vtWGL7z0nR8,35.4946,59.1576,0.04196845,4956,0.0,
videos,JkZzDlaGc9A,35.4896,59.1494,0.04195829,4957,0.0,
videos,lvDwHlD48yA,35.4847,59.1411,0.04194111,4958,0.0,
videos,0xTo7J_NVaw,35.4797,59.1329,0.04190577,4959,0.0,
videos,aa_n-rMfKHE,35.4792,12.4876,1.849e-05,10618,69.9666,high
videos,A35mnFZ5xQA,35.4698,59.1164,0.04172549,4961,0.0,
videos,LmTceax8SVg,35.4649,59.1081,0.04152074,4962,0.0,
videos,OlUqb6NgKxo,35.4599,59.0999,0.0414556,4963,0.0,
videos,bvpyV_aCiiE,35.45,59.0834,0.04133536,4965,0.0,
videos,SVAz75_U0-0,35.4477,20.4995,7.528e-05,9646,57.8699,high
videos,BBc1tnaLKPM,35.4408,19.4939,6.371e-05,9768,59.3611,high
videos,2k6EFsR0DDY,35.4401,59.0669,0.04114527,4967,0.0,
videos,YFsjvkO6uqA,35.4352,59.0587,0.04108275,4968,0.0,
videos,9rbg5lrtUFs,35.4343,18.2905,5.211e-05,9914,61.15,high
videos,IXKysHFKvrk,35.4302,59.0504,0.04107541,4969,0.0,
videos,_XyunBBcVXY,35.424,13.8806,2.4e-05,10450,67.7391,high
videos,6q8iEtd0IGE,35.4215,15.9496,3.521e-05,10198,64.6294,high
videos,7epqiJq4CHY,35.4204,59.034,0.04103794,4971,0.0,
videos,bRy54zQmixQ,35.4154,59.0257,0.0410241,4972,0.0,
videos,VVLYJf2t88c,35.4105,59.0175,0.04090806,4973,0.0,
videos,raie7EtagZk,35.4057,15.1583,3.067e-05,10294,65.7768,high
videos,zxoJetfeehs,35.4055,59.0092,0.0409053,4974,0.0,
videos,KU3tI0xROHg,35.4006,59.001,0.04087237,4975,0.0,
videos,4xSkZlZdd9o,35.3956,58.9927,0.04068799,4976,0.0,
videos,maMgJMTJrwc,35.3907,58.9845,0.04064486,4977,0.0,
videos,xO5diVmgE8Y,35.3858,58.9763,0.04061008,4978,0.0,
videos,W0zrPdktHwE,35.3808,58.968,0.04051138,4979,0.0,
videos,QLPK0g7s3lg,35.3767,13.8642,2.399e-05,10451,67.6455,high
videos,-buZoBG2bls,35.3759,58.9598,0.04049541,4980,0.0,
videos,DDUq10BCIHc,35.3675,15.1335,3.057e-05,10297,65.7186,high
videos,a21rBu04Vb8,35.366,58.9433,0.0403357,4982,0.0,
videos,iXYp2idnggM,35.361,58.935,0.04028156,4983,0.0,
videos,IkAs49rItEQ,35.3561,58.9268,0.04022773,4984,0.0,
videos,v0PFbmgs0Do,35.3512,58.9186,0.04011393,4985,0.0,
videos,nSxHexHYwDA,35.3413,58.9021,0.04005907,4987,0.0,
videos,_FP4gbF0KWY,35.3409,15.0346,3.006e-05,10309,65.8004,high
videos,E_gbEJGA7hE,35.3409,17.4497,4.54e-05,10016,62.1776,high
videos,ZO8X7IYGk0A,35.3405,20.8952,8.017e-05,9598,57.0085,high
videos,ZrTIAjdcBGM,35.3397,15.9743,3.547e-05,10195,64.3877,high
videos,WhcVoLuM7rQ,35.3393,16.6667,3.931e-05,10111,63.3481,high
videos,STTgEVxZbqQ,35.3363,58.8938,0.04002074,4988,0.0,
videos,-8Yo--fnqoM,35.3357,19.5186,6.407e-05,9765,59.0614,high
videos,iJMgU4AMvBo,35.3316,7.7893,6.2e-06,11188,76.645,high
videos,WK5BJ-11B6s,35.3314,58.8856,0.04000771,4989,0.0,
videos,ZBNvmY3rYsI,35.3264,58.8773,0.03998184,4990,0.0,
videos,HpFdSlMeXzQ,35.3165,58.8609,0.03991551,4992,0.0,
videos,GI-ibkoxdLc,35.3116,58.8526,0.03989497,4993,0.0,
videos,DoEYJ7lKbDQ,35.3066,58.8444,0.03987972,4994,0.0,
videos,abK1ui8pnAs,35.3045,23.574,0.00011361,9273,52.9002,high
videos,ppM4alulTLo,35.3017,58.8361,0.03987731,4995,0.0,
videos,CdlFyd3WHbg,35.2974,16.1803,3.64e-05,10170,63.9731,high
videos,nLec0oe0yBs,35.2967,58.8279,0.03985359,4996,0.0,
videos,CM8Quyw9BEw,35.2868,58.8114,0.03966303,4998,0.0,
videos,dl8NBv2S6GU,35.2819,58.8032,0.03950903,4999,0.0,
videos,LZwjK4aOVNA,35.2769,58.7949,0.03949515,5000,0.0,
videos,8YWWljwiaaM,35.272,58.7867,0.03947645,5001,0.0,
videos,-fEjnIQx7Eo,35.2623,19.6258,6.547e-05,9753,58.7171,high
videos,UckshRaDPBo,35.2621,58.7702,0.03942069,5003,0.0,
videos,lpZ_Hg6IZCY,35.2572,58.762,0.03940091,5004,0.0,
videos,bFWCAB1vzwU,35.253,19.1642,6.104e-05,9808,59.3863,high
videos,5_9VyUcGJaY,35.2522,58.7537,0.03935728,5005,0.0,
videos,pWFfZu5O0aI,35.2504,20.2934,7.279e-05,9671,57.686,high
videos,4H0jml8NEhI,35.2473,58.7455,0.0392361,5006,0.0,
videos,JQKeGF1pUC4,35.2423,58.7372,0.03911938,5007,0.0,
videos,TqOENoSGdp0,35.2374,58.729,0.03900997,5008,0.0,
videos,WpQ0qbUFLXc,35.2324,58.7207,0.03896012,5009,0.0,
videos,kCfwm2DImW8,35.2318,20.3924,7.41e-05,9659,57.4909,high
videos,FirIYPQLGE4,35.2275,58.7125,0.03892764,5010,0.0,
videos,Eu2iiy-Uvzk,35.227,16.5265,3.854e-05,10128,63.2778,high
videos,9n6uTx0PZ_M,35.2244,17.186,4.335e-05,10048,62.282,high
videos,ietWhwurr7o,35.2226,58.7043,0.0388355,5011,0.0,
videos,l1wqaeNr0P8,35.2176,58.696,0.03876075,5012,0.0,
videos,dL-8IeEg8mk,35.2077,58.6795,0.0387071,5014,0.0,
videos,7qFU0WABf2I,35.2028,58.6713,0.03866347,5015,0.0,
videos,nWL7M4zQ5wc,35.1978,58.663,0.03866228,5016,0.0,
videos,wfuc4mhP374,35.1929,58.6548,0.03861468,5017,0.0,
videos,4FYno2IpU6A,35.188,58.6466,0.03861064,5018,0.0,
videos,7O-gD1rNrnc,35.1877,20.6561,7.77e-05,9627,56.9852,high
videos,Jzgo-xKdVO8,35.183,58.6383,0.03847506,5019,0.0,
videos,ISgKSwnD0f4,35.1731,58.6218,0.03839541,5021,0.0,
videos,YOEyUnl_wkM,35.1682,58.6136,0.03830464,5022,0.0,
videos,pyZhBqhHUgw,35.1632,58.6053,0.03826865,5023,0.0,
videos,_qMRKbp6P-c,35.161,23.7801,0.00011737,9248,52.2324,high
videos,4lXrdWwA-yA,35.1583,58.5971,0.03818134,5024,0.0,
videos,hSn4ev3OhQE,35.1533,58.5889,0.03808583,5025,0.0,
videos,HP5oQlL8PCg,35.1529,21.3238,8.48e-05,9546,55.8965,high
videos,6qU9PRjBTCw,35.1484,58.5806,0.03802381,5026,0.0,
videos,gJNvcey58-s,35.1478,21.6452,8.826e-05,9507,55.4017,high
videos,q7fCIIOpAnI,35.1434,58.5724,0.03788064,5027,0.0,
videos,0UJxwGMmkJw,35.1434,20.9364,8.057e-05,9593,56.4538,high
videos,wkCNOmHr0N0,35.1385,58.5641,0.03776772,5028,0.0,
videos,YPzdwpC-4L8,35.1361,23.0135,0.00010424,9341,53.3201,high
videos,Um4f39bVgP0,35.1335,58.5559,0.03776133,5029,0.0,
videos,IieYOfxSclM,35.1292,25.4616,0.00014785,9044,49.6306,high
videos,RFKVg77BZfI,35.1286,58.5476,0.03776074,5030,0.0,
videos,BD6PtP509sM,35.1236,58.5394,0.03775983,5031,0.0,
videos,D68u3qPAN7c,35.1187,58.5312,0.03754019,5032,0.0,
videos,OvIe4-y-ndw,35.1137,58.5229,0.0375246,5033,0.0,
videos,_yZAjjEjyTI,35.1081,16.4029,3.783e-05,10143,63.1658,high
videos,uswVe6mU3y4,35.1074,21.3567,8.533e-05,9542,55.7335,high
videos,B9TpYzB6t2Q,35.1038,58.5064,0.03738237,5035,0.0,
videos,-jJjZSqMiXU,35.0989,58.4982,0.03732702,5036,0.0,
videos,Y1ls3E9FaZg,35.089,58.4817,0.03724571,5038,0.0,
videos,McS1UW-iYXs,35.0855,18.0679,5.01e-05,9941,60.6119,high
videos,7uBSkCcqWW4,35.0851,19.5269,6.411e-05,9764,58.4223,high
videos,dryWd18dhUQ,35.0841,58.4735,0.03711741,5039,0.0,
videos,CuhaoH37Z5o,35.0791,58.4652,0.03707662,5040,0.0,
videos,3A0I6FF_49Q,35.0742,58.457,0.03706115,5041,0.0,
videos,wxIUD4p8nqA,35.0692,58.4487,0.037051,5042,0.0,
videos,zgCdgT7gTnQ,35.0643,58.4405,0.03702615,5043,0.0,
videos,giw75VGbNyU,35.0595,21.6288,8.819e-05,9509,55.2056,high
videos,OxNAf2huw3o,35.0593,58.4322,0.03699571,5044,0.0,
videos,uSjcVPbJayU,35.0544,58.424,0.0369935,5045,0.0,
videos,evVs-Jtor50,35.0531,18.8922,5.805e-05,9841,59.2944,high
videos,Cr7r1UHHo2c,35.0495,58.4158,0.0369916,5046,0.0,
videos,6f3nqKAC8SI,35.0445,58.4075,0.03696762,5047,0.0,
videos,m5GLMU5RJ3c,35.0396,58.3993,0.03696313,5048,0.0,
videos,qORlJbvM4xs,35.0346,58.391,0.03696105,5049,0.0,
videos,K3-3pi6dbkw,35.0339,21.2743,8.415e-05,9552,55.6732,high
videos,Rf6m3I-xcL4,35.0149,58.3581,0.03687652,5053,0.0,
videos,erMDDrNQT8k,35.005,58.3416,0.03674994,5055,0.0,
videos,VITWpByrMdw,35.005,14.1691,2.515e-05,10414,66.2589,high
videos,lzoLWTtj5ho,35.0,58.3333,0.03673637,5056,0.0,
videos,Tg9pDSTSpCM,34.9966,18.9087,5.81e-05,9839,59.1285,high
videos,2OOODrQy_nM,34.9901,58.3168,0.03664438,5058,0.0,
videos,AennqywXYaQ,34.9852,58.3086,0.03664408,5059,0.0,
videos,yeBCs9Uh1XU,34.9826,18.579,5.501e-05,9879,59.588,high
videos,sZsb0QAAzJM,34.9802,58.3004,0.03656485,5060,0.0,
videos,KPJUrgVR0vg,34.9753,58.2921,0.03654921,5061,0.0,
videos,5BbGrGFI2gQ,34.9751,12.908,2.017e-05,10567,68.0757,high
videos,Xp6-2PNHWu4,34.9706,19.329,6.214e-05,9788,58.433,high
videos,2_n1eRJ-bV0,34.9703,58.2839,0.03646557,5062,0.0,
videos,IX2dw-jgw3k,34.9654,58.2756,0.03637548,5063,0.0,
videos,ltTCsauKQy0,34.9642,22.0656,9.306e-05,9456,54.312,high
videos,kxwLyFN2w30,34.9609,10.6907,1.214e-05,10836,71.3661,high
videos,eGtEBp6_mQ0,34.9604,58.2674,0.03619882,5064,0.0,
videos,OsiwV0BKt78,34.9558,22.6096,9.953e-05,9390,53.475,high
videos,_MQXk7JIGLU,34.9555,58.2591,0.03616537,5065,0.0,
videos,mpOf-Tx2oJI,34.9505,58.2509,0.03612473,5066,0.0,
videos,Wqa0REA_9AQ,34.9456,58.2427,0.03611894,5067,0.0,
videos,ovERa9yHLhI,34.9406,58.2344,0.03603865,5068,0.0,
videos,bkrRxTi7cn4,34.9311,21.7606,9.06e-05,9493,54.6868,high
videos,Xyj4JqQu3X4,34.9307,58.2179,0.03598912,5070,0.0,
videos,EXbc2-Z80w8,34.9209,58.2015,0.03589238,5072,0.0,
videos,J7UArJ1ljlA,34.9159,58.1932,0.03586977,5073,0.0,
videos,VFm0sAo05fU,34.911,58.185,0.03582471,5074,0.0,
videos,-8TjVH7Ju0M,34.906,58.1767,0.03577287,5075,0.0,
videos,kRQQX9VqBQI,34.9011,58.1685,0.03574943,5076,0.0,
videos,3qf0f48M0M4,34.8981,19.4362,6.304e-05,9776,58.091,high
videos,WTasBSfKyQg,34.8961,58.1602,0.03557437,5077,0.0,
videos,KHJfukNZFUg,34.8912,58.152,0.03551516,5078,0.0,
videos,9o7fQlQjIok,34.8863,58.1438,0.03549999,5079,0.0,
videos,WTnFbSkvex8,34.8816,6.6518,4.73e-06,11326,77.2262,high
videos,sDmFZIFPRiI,34.8813,58.1355,0.0354644,5080,0.0,
videos,U4gpio58908,34.8764,58.1273,0.03535286,5081,0.0,
videos,_aLXZLJxEUI,34.8665,58.1108,0.03527992,5083,0.0,
videos,jhOFBkD8cF0,34.8615,58.1025,0.03526526,5084,0.0,
videos,oj00a6e0z3A,34.8566,58.0943,0.03525733,5085,0.0,
videos,Ml3pYNjgzKc,34.8556,10.6578,1.201e-05,10840,71.1522,high
videos,uDiq9pXEWKw,34.8553,19.6917,6.66e-05,9744,57.6007,high
videos,LFVAf50tfJc,34.8517,58.0861,0.03519183,5086,0.0,
videos,KyRl1m3lTAc,34.8467,58.0778,0.03515513,5087,0.0,
videos,ZCfGj10OPHo,34.8449,16.8315,4.075e-05,10091,61.8649,high
videos,7JrkotQ0WcI,34.8418,58.0696,0.03497734,5088,0.0,
videos,kzItZC0jde4,34.8367,7.9624,6.37e-06,11168,75.1481,high
videos,fY46NT2_L9s,34.8319,58.0531,0.03495865,5090,0.0,
videos,vNAu9yqjv2o,34.8269,58.0448,0.03495004,5091,0.0,
videos,4AQSKpkBeN8,34.822,58.0366,0.03493185,5092,0.0,
videos,McE6UoJbI98,34.817,58.0284,0.03488982,5093,0.0,
videos,Vih22evezKI,34.8115,9.5203,8.92e-06,10979,72.7482,high
videos,bms01rRg6VA,34.8071,58.0119,0.03481943,5095,0.0,
videos,Kbdc_tChYio,34.8065,19.0076,5.913e-05,9827,58.5048,high
videos,H9T4SEK0TwA,34.8022,58.0036,0.03475994,5096,0.0,
videos,Jtz83AJ3mDo,34.7923,57.9871,0.03470017,5098,0.0,
videos,BhMIXLf8I9E,34.7905,19.7906,6.772e-05,9732,57.2904,high
videos,MTN7-QW0H90,34.7873,57.9789,0.03462124,5099,0.0,
videos,uJzhn5czGL4,34.7854,13.213,2.144e-05,10530,67.1441,high
videos,6SZhRp7ZyOc,34.7824,57.9707,0.03440854,5100,0.0,
videos,2Fk8ZKaF3Mw,34.7774,57.9624,0.03440663,5101,0.0,
videos,YYMYFVqFgQw,34.7626,57.9377,0.03424062,5104,0.0,
videos,FR04V2DkErI,34.7622,16.271,3.69e-05,10159,62.499,high
videos,Jr_8p1brVq8,34.7576,57.9294,0.03420473,5105,0.0,
videos,0mMST6j9b14,34.7538,21.8678,9.14e-05,9479,54.0829,high
videos,AHyZdLVYJfc,34.7527,57.9212,0.03419896,5106,0.0,
videos,d4AaggbJACU,34.7512,15.2407,3.108e-05,10284,64.017,high
videos,PQy0xVTgflQ,34.7428,57.9047,0.03404402,5108,0.0,
videos,VVfMO6SJZLw,34.7379,57.8965,0.03403536,5109,0.0,
videos,UR_bMP9Ylxc,34.7329,57.8882,0.03400828,5110,0.0,
videos,xtD6vWRxEsg,34.7322,23.1124,0.00010598,9329,52.1619,high
videos,3WmP8FMW9m0,34.728,57.88,0.03385602,5111,0.0,
videos,pzPtbSHY6MM,34.7275,17.0953,4.284e-05,10059,61.1757,high
videos,_jqAr4E6dGs,34.7257,12.1909,1.694e-05,10654,68.5279,high
videos,FDs7W29WPPY,34.7254,16.3864,3.778e-05,10145,62.2338,high
videos,2qQF-vvSqNQ,34.7181,57.8635,0.03373388,5113,0.0,
videos,CZ8SZk_zW_g,34.7171,20.6644,7.777e-05,9625,55.7962,high
videos,8hN5PF2oXGs,34.7132,57.8553,0.03368621,5114,0.0,
videos,eEfZlpKPAIU,34.7089,16.5183,3.854e-05,10129,61.9948,high
videos,3LkIzbjlWkQ,34.7082,57.847,0.03366914,5115,0.0,
videos,WytZWQoSp4s,34.704,20.0874,7.092e-05,9696,56.6289,high
videos,5z8hOrxhApI,34.7033,57.8388,0.03363332,5116,0.0,
videos,CLK1iur1wpo,34.6983,57.8305,0.03360657,5117,0.0,
videos,1l1uYWJIM_g,34.6979,22.7415,0.00010133,9374,52.6325,high
videos,4DNotZpJ8Ls,34.6978,23.0712,0.00010516,9334,52.1377,high
videos,PZbjYoszzZk,34.6884,57.814,0.0335256,5119,0.0,
videos,W-9lPpj_ILQ,34.6844,13.0811,2.099e-05,10546,67.0894,high
videos,H_dDQ-IqnT0,34.6835,57.8058,0.03344295,5120,0.0,
videos,lCGp0k066qk,34.6786,57.7976,0.03339128,5121,0.0,
videos,ZmR31-s8K-Q,34.6736,57.7893,0.03338863,5122,0.0,
videos,I5TTZCLOa3Q,34.67,20.2852,7.277e-05,9672,56.2472,high
videos,VCs2gCZknvA,34.6687,57.7811,0.03324774,5123,0.0,
videos,53AFowMyDIM,34.6637,57.7728,0.03316992,5124,0.0,
videos,et_7fxIosuU,34.6588,57.7646,0.03315556,5125,0.0,
videos,aqIgIWIc3uw,34.6581,14.7544,2.867e-05,10343,64.5136,high
videos,Q6RNpctMcAw,34.6543,21.6782,8.916e-05,9503,54.1184,high
videos,sLFuHRZcYW8,34.6489,57.7481,0.03310184,5127,0.0,
videos,8FWT-zuh4x0,34.6439,57.7399,0.03304329,5128,0.0,
videos,7pdLWCmDQ1Q,34.639,57.7316,0.03302414,5129,0.0,
videos,1tjZBV9CI5E,34.6291,57.7151,0.03296331,5131,0.0,
videos,FIEGmya_S3Y,34.6216,13.2872,2.167e-05,10520,66.6233,high
videos,eCw33snvoNI,34.6192,57.6986,0.03292038,5133,0.0,
videos,3DYnQMmQk8k,34.6144,14.7626,2.869e-05,10342,64.3921,medium
videos,9CsHcxAW-7Y,34.6099,15.4055,3.225e-05,10264,63.4166,high
videos,UtgUs9B2pmU,34.6093,57.6822,0.03291561,5135,0.0,
videos,KQgqpU9ewA0,34.6043,57.6739,0.03290177,5136,0.0,
videos,xCDSdlOTEMI,34.5994,57.6657,0.03285993,5137,0.0,
videos,08RDjoKdnC0,34.5944,57.6574,0.03278119,5138,0.0,
videos,rDkZ2UG0IBs,34.5895,57.6492,0.03268982,5139,0.0,
videos,esmKczyOeAI,34.5845,57.6409,0.03267718,5140,0.0,
videos,_4CeefIlOBM,34.5817,13.2295,2.148e-05,10527,66.61,high
videos,UjdJP-IlkdI,34.5812,15.9825,3.557e-05,10194,62.4793,high
videos,oMHgNRiQn3g,34.5796,57.6327,0.03261102,5141,0.0,
videos,Zma66oF-bz0,34.5795,18.8757,5.784e-05,9843,58.1351,high
videos,Tx6waClZSYM,34.5789,14.4411,2.676e-05,10381,64.7856,high
videos,JD2yI9WSATA,34.5778,14.7132,2.836e-05,10348,64.3746,high
videos,ydrS6DxyvoE,34.5747,57.6245,0.03258212,5142,0.0,
videos,sqd9imM4XGA,34.5697,57.6162,0.03253563,5143,0.0,
videos,AHV8BfvHIgg,34.565,15.4138,3.231e-05,10263,63.2919,high
videos,BN5UqxLhMiw,34.5598,57.5997,0.032404,5145,0.0,
videos,4QpRAcDJFOo,34.5549,57.5915,0.03238155,5146,0.0,
videos,n--aTbOkCxw,34.55,57.5833,0.0323083,5147,0.0,
videos,YpDF1L-dKR8,34.545,57.575,0.03228412,5148,0.0,
videos,H3MosyR_poY,34.5401,57.5668,0.03227507,5149,0.0,
videos,o-V0e1H6ifo,34.5351,57.5585,0.03210512,5150,0.0,
videos,G1sGBz9qdCk,34.5327,18.4306,5.347e-05,9897,58.6859,high
videos,YK5lvBU6yLs,34.5319,16.1062,3.595e-05,10179,62.1705,high
videos,giDzcuRAg6g,34.5302,57.5503,0.03208973,5151,0.0,
videos,OEUq3mY__mY,34.53,16.3534,3.756e-05,10148,61.7948,high
videos,RKYLYDNb6hQ,34.5252,57.542,0.03205605,5152,0.0,
videos,OBNXyfkwT8w,34.5203,57.5338,0.03202592,5153,0.0,
videos,dd4EMziLZ_s,34.5154,57.5256,0.03201124,5154,0.0,
videos,FydyTE4Z7-Y,34.5104,57.5173,0.03197405,5155,0.0,
videos,pOe1tsLs67w,34.5055,57.5091,0.03191252,5156,0.0,
videos,WuWV_86bEiQ,34.5005,57.5008,0.03186729,5157,0.0,
videos,Z7RNgl8ypsA,34.4956,57.4926,0.03179486,5158,0.0,
videos,sP8ear_NOg0,34.4904,15.0181,2.999e-05,10311,63.6989,high
videos,OPwpRxxRioY,34.4807,57.4679,0.03173572,5161,0.0,
videos,ySWOXaotLkU,34.4758,57.4596,0.03171471,5162,0.0,
videos,5qdSXAozae4,34.4662,14.2186,2.543e-05,10408,64.8375,high
videos,bPGcjXSrRRU,34.4659,57.4431,0.03166678,5164,0.0,
videos,p4-PGPAT1qY,34.4613,18.3811,5.309e-05,9903,58.5817,high
videos,VOBmPWjO0Wg,34.4609,57.4349,0.031633,5165,0.0,
videos,-x4KTMVnoaU,34.456,57.4266,0.03147298,5166,0.0,
videos,u75UnelPDJI,34.4518,20.8787,7.996e-05,9600,54.8115,high
videos,-pZ8hAMx2aQ,34.4411,57.4019,0.0313997,5169,0.0,
videos,cMTA_oCVIjk,34.4362,57.3937,0.03138334,5170,0.0,
videos,Pm4nODiD0IU,34.4322,16.2133,3.665e-05,10166,61.7605,high
videos,6r-qlEX6hGY,34.4312,57.3854,0.03137653,5171,0.0,
videos,HMbU5jVYGJY,34.4263,57.3772,0.03137004,5172,0.0,
videos,TtbOSAs8muA,34.4253,16.7985,4.048e-05,10095,60.8654,high
videos,isPYWo56Vmk,34.425,17.8454,4.912e-05,9969,59.2943,high
videos,prTSWJGTHDM,34.4164,57.3607,0.03130791,5174,0.0,
videos,eFVzpXEZBc4,34.4132,20.7468,7.874e-05,9616,54.9129,high
videos,d4hsSZOgTis,34.4115,57.3525,0.03130459,5175,0.0,
videos,8q0B9Q_prSk,34.4065,57.3442,0.03128905,5176,0.0,
videos,PwDHAGbSJXE,34.4054,10.8391,1.269e-05,10818,69.7549,high
videos,LLfgRdSGius,34.4016,57.336,0.03120872,5177,0.0,
videos,jOTjNdjtiBw,34.3971,15.183,3.093e-05,10291,63.2182,high
videos,nkHpS9FFmuQ,34.3966,57.3277,0.03112717,5178,0.0,
videos,QOfurhZe8_E,34.393,22.148,9.394e-05,9446,52.7604,high
videos,fhaODAC3PBk,34.3917,57.3195,0.03108746,5179,0.0,
videos,Ut8OrZyhSRM,34.3867,57.3112,0.03105786,5180,0.0,
videos,RJzQcDjOFKk,34.3818,57.303,0.03103807,5181,0.0,
videos,Nh4vv-0eZ7w,34.3787,18.6202,5.533e-05,9874,58.0165,high
videos,HJ7kA_1fKOI,34.3769,57.2948,0.03103514,5182,0.0,
videos,tVnliefuQWw,34.3741,21.8101,9.098e-05,9487,53.2201,high
videos,hczzXZivkGw,34.3719,57.2865,0.03087361,5183,0.0,
videos,UDuaz-TC7VA,34.362,57.27,0.03072024,5185,0.0,
videos,vtBbqFJ18kE,34.3592,20.3182,7.306e-05,9668,55.4208,high
videos,T-1PcyCdA38,34.3521,57.2535,0.03058746,5187,0.0,
videos,oEk6qTqdXFc,34.3462,16.1721,3.627e-05,10171,61.6074,high
videos,WEnvorobhEE,34.3423,57.2371,0.03053079,5189,0.0,
videos,xL5gZGVPjnQ,34.341,12.5371,1.857e-05,10612,67.0469,high
videos,I9nGa6dlN_s,34.3373,57.2288,0.03049938,5190,0.0,
videos,q0MQyn4zsmI,34.3324,57.2206,0.03045678,5191,0.0,
videos,1j86Y7Sym7c,34.3274,57.2123,0.03041957,5192,0.0,
videos,IEpBsvhwJ64,34.3265,13.8312,2.389e-05,10455,65.0694,high
videos,A_LQC3Rhsk8,34.3126,57.1876,0.03031401,5195,0.0,
videos,gyJUZPRShkk,34.3076,57.1794,0.0303117,5196,0.0,
videos,HyTkdC8bhCg,34.3034,15.5045,3.276e-05,10252,62.5018,high
videos,Q6Y2NAM7TC4,34.3027,57.1711,0.03029298,5197,0.0,
videos,84cGvFZ4qj4,34.2977,57.1629,0.03028927,5198,0.0,
videos,G4Qcok3l_hw,34.2928,57.1546,0.03027958,5199,0.0,
videos,4ydtD1ns2ic,34.2843,18.7273,5.648e-05,9861,57.6199,high
videos,vPqmq0nyf9Y,34.2829,57.1381,0.03027323,5201,0.0,
videos,MxNwhPLwjzg,34.2825,18.0514,5.01e-05,9943,58.6292,high
videos,XFpBgNMBNNI,34.273,57.1217,0.03015544,5203,0.0,
videos,A0ZOZCD_-Hg,34.268,57.1134,0.0301537,5204,0.0,
videos,6-z8Te-1eRs,34.2631,57.1052,0.0300646,5205,0.0,
videos,LAR7aTm8qm8,34.2624,19.939,6.889e-05,9714,55.7475,medium
videos,_worsRh-gxo,34.2581,57.0969,0.02997313,5206,0.0,
videos,xMfCDgba-_I,34.258,17.6146,4.67e-05,9996,59.2232,high
videos,4CUsANv6nZg,34.2536,14.7214,2.839e-05,10347,63.5518,high
videos,0BKUKp0X-5o,34.2532,57.0887,0.02994837,5207,0.0,
videos,Y1O_zX3QOmg,34.2482,57.0804,0.02993449,5208,0.0,
videos,OqDzPDDIKbU,34.2433,57.0722,0.02985245,5209,0.0,
videos,US9Qo7ekimQ,34.2384,57.064,0.0298028,5210,0.0,
videos,oZVfz2K3uSM,34.2334,57.0557,0.02974341,5211,0.0,
videos,RZSbtyK8US4,34.2285,57.0475,0.02973058,5212,0.0,
videos,Db8bpH_pCEw,34.2235,57.0392,0.02968589,5213,0.0,
videos,-20Y-f1Lrsw,34.2174,20.9941,8.145e-05,9586,54.0523,high
videos,iP-y1c7euSI,34.2136,57.0227,0.02955776,5215,0.0,
videos,9iV0sMuMh6c,34.2087,57.0145,0.02944741,5216,0.0,
videos,-6SWrQ0kiFk,34.207,15.6775,3.376e-05,10231,62.0012,high
videos,8bA873MnQXM,34.2038,57.0063,0.02944265,5217,0.0,
videos,csdS6ryc02U,34.1988,56.998,0.02942824,5218,0.0,
videos,sz3UgS8TES8,34.1939,56.9898,0.02928617,5219,0.0,
videos,cdOcjUyQr8A,34.184,56.9733,0.02915213,5221,0.0,
videos,Rgl-SGSwE9o,34.1791,56.9651,0.02913317,5222,0.0,
videos,_yRfrvFOQIk,34.1741,56.9568,0.02909416,5223,0.0,
videos,OEk_qstb3Ts,34.1692,56.9486,0.0290881,5224,0.0,
videos,DOiDmnYb1G0,34.1657,13.4273,2.207e-05,10504,65.2732,high
videos,GRrMKHDqKd0,34.1642,56.9403,0.02908016,5225,0.0,
videos,FciyrxgEso0,34.1616,17.5074,4.607e-05,10009,59.1429,high
videos,6b99nFRFtVk,34.1593,56.9321,0.02905967,5226,0.0,
videos,25oxG_JQqW4,34.1543,56.9238,0.02902936,5227,0.0,
videos,waOGddip3Wk,34.1522,12.2486,1.72e-05,10647,67.0075,high
videos,Bz024pUMuFE,34.1495,12.7679,1.94e-05,10584,66.2219,high
videos,21Je9kbcrwE,34.1395,56.8991,0.02891228,5230,0.0,
videos,09Ivl9gPBMk,34.1345,56.8909,0.02886001,5231,0.0,
videos,JPFawQpG4-Y,34.1296,56.8826,0.02884381,5232,0.0,
videos,I2OqG268v5k,34.1246,56.8744,0.02873126,5233,0.0,
videos,DkTfrA7axKI,34.1145,18.8675,5.783e-05,9844,56.985,high
videos,dMhm6Q7WBRw,34.1137,18.6614,5.576e-05,9869,57.2922,high
videos,KPjUKzX4bo8,34.1052,14.1279,2.508e-05,10419,64.0711,high
videos,bYGmZbpD14c,34.1048,56.8414,0.02867618,5237,0.0,
videos,rO-Rtlno2M8,34.104,17.4085,4.516e-05,10022,59.1472,high
videos,MFmy_WyGeCo,34.0999,56.8332,0.02867263,5238,0.0,
videos,dsk5Qdxv85k,34.0982,20.3594,7.362e-05,9663,54.7064,high
videos,cDYbSg36odE,34.0949,56.8249,0.02858192,5239,0.0,
videos,qBg05LsBJlw,34.09,56.8167,0.02857723,5240,0.0,
videos,3JMghRUaSPs,34.085,56.8084,0.02854016,5241,0.0,
videos,0Pz4RIvTg_Y,34.0818,15.8259,3.465e-05,10213,61.4656,high
videos,PM-ovKiD8B0,34.0812,21.7936,9.081e-05,9489,52.5127,high
videos,_O-il5eIVDo,34.0801,56.8002,0.02851754,5242,0.0,
videos,mUM2At0xpLU,34.0752,56.792,0.0285161,5243,0.0,
videos,-LtGapqy7wk,34.0703,17.9031,4.941e-05,9962,58.3212,high
videos,fW7TsA4CPwo,34.0702,56.7837,0.02850537,5244,0.0,
videos,SAICBqOOTZE,34.0666,5.061,3.22e-06,11519,77.5749,high
videos,_8VVXFpvz9o,34.0653,56.7755,0.0284576,5245,0.0,
videos,U2vxq5mj4O4,34.0639,20.4336,7.458e-05,9654,54.5093,high
videos,u1d8cuFptd8,34.0603,56.7672,0.02842985,5246,0.0,
videos,teQanEEspU4,34.0504,56.7507,0.02836031,5248,0.0,
videos,VR5ygPER07g,34.0455,56.7425,0.02834878,5249,0.0,
videos,iV7L40p4IY4,34.0406,56.7343,0.02826647,5250,0.0,
videos,3ZFvkus9qkc,34.0386,19.362,6.26e-05,9784,56.0536,high
videos,sA5hXmFYX8g,34.0356,56.726,0.02819421,5251,0.0,
videos,kBqmJRNvf5o,34.0257,56.7095,0.02811804,5253,0.0,
videos,bQBRxlstcb4,34.0208,56.7013,0.02811801,5254,0.0,
videos,5cpKkSfKU_8,34.0158,56.693,0.02805644,5255,0.0,
videos,wb7VsjLETAM,34.0132,18.1339,5.072e-05,9933,57.8321,high
videos,9wC9-l9K8Z4,34.0109,56.6848,0.02799075,5256,0.0,
videos,bHQPwstb1eU,34.006,56.6766,0.02796941,5257,0.0,
videos,GmnmYlpRctM,34.0043,15.6281,3.356e-05,10237,61.5685,high
videos,q9RdDzjR81I,34.001,56.6683,0.02795146,5258,0.0,
videos,eHaPB6l1Ucs,33.9961,56.6601,0.02792832,5259,0.0,
videos,hLgFoz12Bxw,33.9934,22.7168,0.00010105,9378,50.9083,high
videos,OQpHYGaC4fY,33.9862,56.6436,0.02785524,5261,0.0,
videos,ndfV_fOdb_E,33.9807,19.8813,6.836e-05,9721,55.1299,high
videos,y_bNNMBGE3Q,33.9763,56.6271,0.02781466,5263,0.0,
videos,BD6gbXMU5FE,33.9713,56.6189,0.02765057,5264,0.0,
videos,q9g63Fg0C0s,33.9664,56.6106,0.02759446,5265,0.0,
videos,Z3-MU8CNF44,33.9614,56.6024,0.02759045,5266,0.0,
videos,LuoEwU89yWs,33.9466,56.5776,0.02747869,5269,0.0,
videos,JmL35ipzmbI,33.9416,56.5694,0.02746555,5270,0.0,
videos,BUZ9GRycpQs,33.9367,56.5612,0.02743049,5271,0.0,
videos,kIyN_WRhXJw,33.9364,10.8721,1.283e-05,10814,68.5329,high
videos,jMRgMiRCw8c,33.9359,10.1467,1.056e-05,10902,69.6196,high
videos,tHX8v2chSFY,33.9169,56.5282,0.02725196,5275,0.0,
videos,SNMKf5a2irU,33.9123,14.1856,2.527e-05,10411,63.5024,high
videos,bIgMUJo0Hnc,33.907,56.5117,0.02716886,5277,0.0,
videos,ZJVq0i5RRyE,33.8971,56.4952,0.02699449,5279,0.0,
videos,gzkWAig_CxA,33.8949,17.4992,4.603e-05,10011,58.4885,high
videos,-RydYyGUSyE,33.8922,56.487,0.02697171,5280,0.0,
videos,HHhlvaSsJGU,33.8872,56.4787,0.02696695,5281,0.0,
videos,CNHlOqpg9_k,33.8823,56.4705,0.02694455,5282,0.0,
videos,BH8yi6YMogM,33.8773,56.4622,0.02692312,5283,0.0,
videos,NLrfMQ0dqpQ,33.8748,15.3973,3.223e-05,10265,61.5911,high
videos,lapuvFKyA98,33.8727,17.8866,4.94e-05,9963,57.8519,high
videos,Omkh1QFFiBM,33.8724,56.454,0.02684574,5284,0.0,
videos,Y07FJUpebtA,33.8675,56.4458,0.02683501,5285,0.0,
videos,fhQFh8_2-lM,33.8625,56.4375,0.02680369,5286,0.0,
videos,jGMSldBCbKg,33.8576,56.4293,0.02677907,5287,0.0,
videos,tVN-VOBMWek,33.8526,56.421,0.02671732,5288,0.0,
videos,0elkAIACdFE,33.8462,14.8533,2.915e-05,10331,62.3355,high
videos,vAmOEgmJZq0,33.8427,56.4045,0.02667157,5290,0.0,
videos,EyN-LH3JSzg,33.8414,7.0722,5.23e-06,11275,73.9953,high
videos,3ajf1tCnMpM,33.8378,56.3963,0.02662697,5291,0.0,
videos,avc8ZIDQdZU,33.8329,56.3881,0.02659504,5292,0.0,
videos,a3tt8lZklWs,33.8292,20.2028,7.213e-05,9682,54.2688,high
videos,Udh9PX7597I,33.8279,56.3798,0.02653566,5293,0.0,
videos,jcfifYFAdpM,33.8261,11.8447,1.571e-05,10696,66.7983,high
videos,4Cvgiw5UukI,33.823,56.3716,0.02651538,5294,0.0,
videos,L8_m7pOI2-A,33.818,56.3633,0.02651502,5295,0.0,
videos,Kxyk2Qj7Q4I,33.8136,16.6584,3.918e-05,10112,59.5463,high
videos,4nMM-yAKjHA,33.8131,56.3551,0.02650262,5296,0.0,
videos,uehITnHIlVQ,33.8032,56.3386,0.02648205,5298,0.0,
videos,9OkSBuY8kGU,33.7982,56.3304,0.02646978,5299,0.0,
videos,g8gq6qbfuvY,33.7974,11.9519,1.608e-05,10683,66.5656,high
videos,1KP8MaufXSI,33.7953,9.8088,9.46e-06,10943,69.7751,high
videos,VOlikNzeZLk,33.7933,56.3221,0.02645685,5300,0.0,
videos,7i-IdzwRW0k,33.7883,56.3139,0.02645088,5301,0.0,
videos,fMn4UOUdPAw,33.788,20.7056,7.801e-05,9621,53.4115,high
videos,PF96_NtoGJE,33.7841,16.8645,4.096e-05,10087,59.1635,high
videos,v0FxLPVSZ88,33.7834,56.3056,0.02642123,5302,0.0,
videos,XEPVc01SDYY,33.7787,14.3258,2.606e-05,10395,62.9581,high
videos,CKJg3A44VH8,33.7784,56.2974,0.02638329,5303,0.0,
videos,aKNaXGpJ7WM,33.7748,5.8111,3.81e-06,11429,75.7204,high
videos,FVoS1h-DWgI,33.7735,56.2892,0.02635899,5304,0.0,
videos,4o_qon9OuUA,33.7685,56.2809,0.02631091,5305,0.0,
videos,_vRwZJ0DxvM,33.7636,56.2727,0.02626502,5306,0.0,
videos,7M6eQA2RVso,33.7586,56.2644,0.02603456,5307,0.0,
videos,_yWmG6KxGlw,33.7506,17.3096,4.423e-05,10033,58.412,high
videos,TSQFVN8B7iE,33.7487,56.2479,0.02598518,5309,0.0,
videos,pMbuXmv1xgI,33.7438,56.2397,0.02595342,5310,0.0,
videos,2EucDEtAjKQ,33.7389,56.2315,0.02582237,5311,0.0,
videos,BZ215AHiUtE,33.7339,56.2232,0.02577256,5312,0.0,
videos,TNcvpyXqo7M,33.729,56.215,0.0257596,5313,0.0,
videos,QD1B4EmJL0M,33.7141,56.1902,0.02555672,5316,0.0,
videos,TekYNY3eGC0,33.7092,56.182,0.02552015,5317,0.0,
videos,5Z_me-ru5XY,33.7076,17.9443,4.958e-05,9956,57.3525,high
videos,I4Xf6Mpwii0,33.7073,9.0999,8.12e-06,11030,70.6183,high
videos,dgbFv5VgNvA,33.7043,56.1738,0.0254997,5318,0.0,
videos,tQtwwcEhIaU,33.6993,56.1655,0.02548877,5319,0.0,
videos,kHKW93lmqgo,33.6944,56.1573,0.0254441,5320,0.0,
videos,7Ocx3WwDK_c,33.6919,14.6719,2.804e-05,10353,62.222,high
videos,T-iN7UKR_S4,33.6894,56.149,0.02537785,5321,0.0,
videos,GVPiVkQziH4,33.6856,16.4688,3.819e-05,10135,59.5109,high
videos,vp61pLGR84U,33.6845,56.1408,0.02532143,5322,0.0,
videos,V4tlvp9IP_8,33.6829,10.4105,1.118e-05,10870,68.5916,high
videos,lVBnEL1fWnw,33.682,12.6607,1.904e-05,10597,65.2139,high
videos,BGciJkrNR7o,33.6776,19.1147,6.057e-05,9814,55.522,high
videos,HGEfdbS4NW4,33.6746,56.1243,0.0252984,5324,0.0,
videos,2aKsRFcgkNk,33.6697,56.1161,0.02525906,5325,0.0,
videos,96uSN1_jbg0,33.6647,56.1078,0.02523303,5326,0.0,
videos,RRucifie6vU,33.6598,56.0996,0.02522692,5327,0.0,
videos,qRdw-RXkr7c,33.6548,56.0913,0.02521272,5328,0.0,
videos,Z78e-EWLjR8,33.6499,56.0831,0.02519216,5329,0.0,
videos,lHam9y3g6mM,33.6486,16.1391,3.609e-05,10175,59.9129,high
videos,X8py6DdLaHo,33.6455,12.6278,1.881e-05,10601,65.1721,high
videos,m_tV-z23DUM,33.64,56.0666,0.02510184,5331,0.0,
videos,c3l8fKgDNr0,33.635,56.0584,0.02507707,5332,0.0,
videos,KxJQrjGlCEA,33.6152,56.0254,0.02505372,5336,0.0,
videos,bhUgION_rL8,33.6053,56.0089,0.02501585,5338,0.0,
videos,wcfDtLvta04,33.6004,56.0007,0.02492474,5339,0.0,
videos,J886DPhhZLg,33.5954,55.9924,0.02491109,5340,0.0,
videos,kY7n4gNtHXA,33.591,13.3531,2.177e-05,10513,63.9478,high
videos,4Dk4qzotU1Y,33.5905,55.9842,0.02485464,5341,0.0,
videos,-ROdw8iXWtM,33.5882,19.7412,6.716e-05,9738,54.3586,high
videos,A-lYjbo1OPM,33.5789,16.6007,3.903e-05,10119,59.0461,high
videos,0y3ZJp4Mehc,33.5756,55.9594,0.02475154,5344,0.0,
videos,10fPFSByM7U,33.5665,19.2961,6.186e-05,9793,54.972,high
videos,09rHa3mu2bg,33.5658,55.943,0.02471551,5346,0.0,
videos,9rvc12uZHjg,33.5649,19.5763,6.482e-05,9758,54.5479,high
videos,oK_5j-Sg2gY,33.5624,12.2239,1.708e-05,10650,65.5702,high
videos,0YG3Hy6ixkw,33.5608,55.9347,0.02470251,5347,0.0,
videos,W_O8NGo775Q,33.5559,55.9265,0.02468366,5348,0.0,
videos,k3GTbzdZo2E,33.546,55.91,0.02449711,5350,0.0,
videos,1gMjMWdY788,33.5438,17.9113,4.944e-05,9960,56.9925,high
videos,y5M7pWGKmGc,33.541,55.9017,0.02445303,5351,0.0,
videos,9aWb7tuRXJc,33.5363,19.5516,6.451e-05,9761,54.5133,high
videos,VJXm5n0i2Yc,33.5361,55.8935,0.02444421,5352,0.0,
videos,iad41oFviv8,33.5312,55.8853,0.02440681,5353,0.0,
videos,SD37kojCyUg,33.5213,55.8688,0.02431159,5355,0.0,
videos,yFnUpnmuJ9I,33.5163,55.8605,0.02426531,5356,0.0,
videos,oJppBUkqvuE,33.5124,16.1474,3.611e-05,10174,59.5598,high
videos,EZQjN9_U_t8,33.5064,55.844,0.02422291,5358,0.0,
videos,Z4vYqoVMz8E,33.5015,55.8358,0.02421723,5359,0.0,
videos,vUcAU2OR_gQ,33.4966,55.8276,0.02416134,5360,0.0,
videos,KLdovHL4sw8,33.4963,17.73,4.798e-05,9982,57.1457,high
videos,eUC4qOYPiXk,33.4916,55.8193,0.02415016,5361,0.0,
videos,peL32NpOvgU,33.4867,55.8111,0.02413587,5362,0.0,
videos,m-dSJ_nMKAQ,33.4839,20.0297,7.032e-05,9703,53.6652,high
videos,BUxpTDK1Uqc,33.4768,55.7946,0.0240183,5364,0.0,
videos,clLxYCZE4wo,33.4718,55.7864,0.02400181,5365,0.0,
videos,BuXrz9BLZZA,33.4669,55.7781,0.02391592,5366,0.0,
videos,5DilrEUdYnY,33.4649,12.3228,1.744e-05,10638,65.178,high
videos,IitFYJenTSw,33.4619,55.7699,0.02386922,5367,0.0,
videos,x5Fr2B4mh_E,33.454,3.6845,2.3e-06,11687,78.1082,high
videos,4NHnN9EmDk0,33.4531,9.5532,9e-06,10974,69.303,high
videos,dwIVRUoOUZc,33.452,55.7534,0.02379692,5369,0.0,
videos,lQxVHIVcTrQ,33.4421,55.7369,0.02365491,5371,0.0,
videos,qPp8KGZdHig,33.4413,15.2572,3.119e-05,10282,60.7175,high
videos,heBK7ADuRKM,33.4411,10.7649,1.239e-05,10827,67.4554,high
videos,Ky1t9QAFH1o,33.435,16.6337,3.91e-05,10115,58.637,high
videos,VfRwFaUVRW8,33.4322,55.7204,0.02364619,5373,0.0,
videos,xpEYrC0TUSY,33.4273,55.7122,0.02363861,5374,0.0,
videos,-l8zLkB-MP8,33.4199,15.1995,3.094e-05,10289,60.7504,high
videos,AIxDZQ2W8N4,33.4174,55.6957,0.02358301,5376,0.0,
videos,bITooKs0Caw,33.4124,55.6874,0.02355906,5377,0.0,
videos,wPPLiNVYOdY,33.4059,5.8935,3.9e-06,11417,74.6746,high
videos,WGL0ajmMWh4,33.4027,15.7352,3.407e-05,10224,59.9039,high
videos,JcHZoNhO2e4,33.4026,55.671,0.02350603,5379,0.0,
videos,bvtg2JIdD_U,33.3976,55.6627,0.02345283,5380,0.0,
videos,2WcYNZG0H4Y,33.3927,55.6545,0.02345202,5381,0.0,
videos,d_GaR8mXSjM,33.3877,55.6462,0.02336082,5382,0.0,
videos,7smnauaQ6o0,33.3828,55.638,0.02326606,5383,0.0,
videos,iJ7SZGB45r0,33.3729,55.6215,0.02321635,5385,0.0,
videos,XvLttG6zZck,33.3718,12.636,1.894e-05,10600,64.4754,high
videos,Qyf99inRvDE,33.3694,13.2789,2.154e-05,10523,63.5052,high
videos,qocfURgHDXM,33.368,55.6133,0.02305674,5386,0.0,
videos,DnIfwuCsSG4,33.3636,16.0402,3.57e-05,10187,59.3486,high
videos,W0McO8XJ4A0,33.363,55.605,0.02305523,5387,0.0,
videos,9GyJXZrNoC8,33.3581,55.5968,0.02299597,5388,0.0,
videos,858hizmmF7M,33.3531,55.5885,0.02299171,5389,0.0,
videos,5IQLtklwOKk,33.3482,55.5803,0.02298853,5390,0.0,
videos,m17J316VzNo,33.3432,55.572,0.02289612,5391,0.0,
videos,d9W8q5IAMbo,33.3383,55.5638,0.02283885,5392,0.0,
videos,KbfKsogPbGs,33.3334,55.5556,0.0228005,5393,0.0,
videos,JZxJ-MH7Ejw,33.3328,14.9192,2.949e-05,10323,60.9531,high
videos,CPajnDht4Yw,33.3284,55.5473,0.02279499,5394,0.0,
videos,woDsOAhp5Ow,33.3267,19.1395,6.085e-05,9811,54.6076,high
videos,ccOx09frLUU,33.3252,19.7,6.678e-05,9743,53.7631,high
videos,l-6x9PLzHkw,33.3235,55.5391,0.02277022,5395,0.0,
videos,ZfKIzTGx_CQ,33.3185,55.5308,0.02276245,5396,0.0,
videos,WY04FqE2g_w,33.3136,55.5226,0.02269093,5397,0.0,
videos,wbaeK2Hh0SI,33.3086,55.5143,0.02268665,5398,0.0,
videos,2XOSEqmN2Mc,33.3037,55.5061,0.02267866,5399,0.0,
videos,2t7UQQlPcaA,33.2987,55.4979,0.0226342,5400,0.0,
videos,wM7fdGYQXt8,33.294,17.6558,4.719e-05,9991,56.7514,high
videos,36QCg3pkoXs,33.294,13.1718,2.129e-05,10535,63.4773,high
videos,VHqJFe-4Mhk,33.2938,55.4896,0.02261546,5401,0.0,
videos,_uukPcRUssg,33.2917,16.5842,3.895e-05,10121,58.353,high
videos,vp0RBsfddMA,33.274,55.4566,0.02244826,5405,0.0,
videos,vhvo_V_07wA,33.269,55.4484,0.02241734,5406,0.0,
videos,FgG2IpKc3qI,33.2641,55.4402,0.02233828,5407,0.0,
videos,t9tYIqnSUWo,33.2492,55.4154,0.02218267,5410,0.0,
videos,YDtIliFo3ys,33.2477,15.9248,3.513e-05,10201,59.2321,high
videos,H4awnNDCPX8,33.2443,55.4072,0.02215404,5411,0.0,
videos,FoShYuGYy9c,33.2393,55.3989,0.02213674,5412,0.0,
videos,6q2ptE-BXIc,33.2372,10.7484,1.231e-05,10829,66.9704,high
videos,zXGjOVaMQ78,33.2344,55.3907,0.02209637,5413,0.0,
videos,T0HJsOl8nBw,33.2245,55.3742,0.02206123,5415,0.0,
videos,tQwQf4eKm3w,33.2205,17.4744,4.567e-05,10013,56.8396,high
videos,E33h55m2eG8,33.2196,55.366,0.02204213,5416,0.0,
videos,yV5ZOIunUiY,33.2152,0.0,0.0,,83.0379,high
videos,J1MtbG6jpnY,33.2149,4.245,2.65e-06,11618,76.6698,high
videos,oXrcwgttUIE,33.2146,55.3577,0.02201222,5417,0.0,
videos,vSP2lDncTzw,33.2097,55.3495,0.02200081,5418,0.0,
videos,DPvZnQt7EuU,33.2047,55.3412,0.02196398,5419,0.0,
videos,pB_MzVuvpz4,33.1949,55.3248,0.02192008,5421,0.0,
videos,FCVVBgjdMw4,33.1943,17.3178,4.437e-05,10032,57.0091,high
videos,w9LJSjmwufQ,33.1941,12.7184,1.918e-05,10590,63.9077,high
videos,GZ6PoG2GyKM,33.1899,55.3165,0.02189504,5422,0.0,
videos,-602ScGzRKU,33.1855,3.9647,2.47e-06,11652,77.0168,high
videos,I9MvTKpQHlo,33.185,55.3083,0.02176298,5423,0.0,
videos,ZHOFvGoUhIE,33.1818,17.392,4.509e-05,10023,56.8666,high
videos,4E45MiVFPJY,33.18,55.3,0.02171895,5424,0.0,
videos,t29Hwtr1XbA,33.1751,55.2918,0.02170042,5425,0.0,
videos,5IVsnQVKXMg,33.1701,55.2835,0.02158108,5426,0.0,
videos,hTbnh-97JtI,33.1652,55.2753,0.02157606,5427,0.0,
videos,fJgVpLzEeYM,33.1603,55.2671,0.02156532,5428,0.0,
videos,R7fxozfjdMc,33.1553,55.2588,0.02154921,5429,0.0,
videos,hnDXKiF_E2E,33.1504,55.2506,0.02149568,5430,0.0,
videos,Q3ulVhYUFMs,33.1486,17.697,4.782e-05,9986,56.3259,high
videos,hpG18CpC6ec,33.1454,55.2423,0.02148051,5431,0.0,
videos,wEMe93qrAGk,33.1405,55.2341,0.02146424,5432,0.0,
videos,_JbMgWgSl7E,33.1355,55.2258,0.02141555,5433,0.0,
videos,ElvVxNdlZ3M,33.1306,55.2176,0.02141521,5434,0.0,
videos,unbl5qKKu00,33.1256,55.2094,0.02141425,5435,0.0,
videos,GMtAdhxWHDo,33.1249,14.1609,2.512e-05,10415,61.5708,high
videos,cVtN4Zx8zqM,33.1207,55.2011,0.02138637,5436,0.0,
videos,R1iBWKeX42I,33.1115,11.1688,1.37e-05,10778,66.0256,high
videos,EsWOTDhMk2U,33.1108,55.1846,0.02133796,5438,0.0,
videos,ZSgnvYylc5U,33.1058,55.1764,0.02132307,5439,0.0,
videos,DhyNosa-Lvw,33.1009,55.1682,0.02129164,5440,0.0,
videos,ERxzxl6fXbw,33.0982,11.8777,1.583e-05,10692,64.9289,high
videos,821dqv2gZ74,33.0959,55.1599,0.02129101,5441,0.0,
videos,nxCFXdIgxmw,33.0956,12.8009,1.96e-05,10580,63.5376,high
videos,bTb7mRnxXLQ,33.095,13.3366,2.175e-05,10516,62.7326,high
videos,7A5rM1e81vE,33.091,55.1517,0.02128601,5442,0.0,
videos,gmQbnUe0aAI,33.086,55.1434,0.02123282,5443,0.0,
videos,IiPyKNs5dtg,33.0799,14.4494,2.681e-05,10380,61.0257,high
videos,l_zLNECwHqQ,33.0759,14.5483,2.755e-05,10368,60.8672,high
videos,X2NBkMpJLb8,33.0712,55.1187,0.02114842,5446,0.0,
videos,ojfP-kcztxw,33.0613,55.1022,0.02105119,5448,0.0,
videos,xY2yhHtzoyI,33.0564,55.094,0.02102476,5449,0.0,
videos,8Oxg18Ojqm0,33.0465,55.0775,0.02085011,5451,0.0,
videos,y9_yVPJBV0o,33.0456,19.2219,6.123e-05,9803,53.7812,high
videos,aKK_Ndxg1Bk,33.0366,55.061,0.02078414,5453,0.0,
videos,6AKlPLtjBR8,33.0356,12.8668,1.987e-05,10572,63.2888,high
videos,ivzDgHjKfuQ,33.0317,55.0528,0.02071842,5454,0.0,
videos,ElgDhFnXeiA,33.0267,55.0445,0.02065244,5455,0.0,
videos,Jr3yhp9c97E,33.0264,17.5239,4.61e-05,10007,56.2802,high
videos,-CB2CwSPtAQ,33.0168,55.028,0.02049965,5457,0.0,
videos,u0k01a5t0sA,33.0119,55.0198,0.02046899,5458,0.0,
videos,JtN4w4Pt2cw,33.0069,55.0115,0.02045273,5459,0.0,
videos,QYpmPYGczpY,33.0043,15.6034,3.342e-05,10240,59.1056,high
videos,TAJkbsNrZuM,33.0038,12.0343,1.63e-05,10673,64.4581,high
videos,xqqs_jYsG4k,33.002,55.0033,0.02043122,5460,0.0,
videos,s1Emhh3SLF4,32.9972,15.7105,3.396e-05,10227,58.9273,high
videos,EXOQ7vN2NXk,32.9971,54.9951,0.0204113,5461,0.0,
videos,0dwlHNDdn2s,32.9932,12.9822,2.048e-05,10558,63.0097,high
videos,Z6l7zJvYnKg,32.9921,54.9868,0.02034952,5462,0.0,
videos,RryLuULC0vE,32.9872,54.9786,0.02032932,5463,0.0,
videos,2xjJoNXGSWs,32.9822,54.9703,0.02032168,5464,0.0,
videos,AU6gGMDF7ts,32.9807,10.6001,1.179e-05,10847,66.5517,high
videos,suVv45HCYlI,32.9773,54.9621,0.02028698,5465,0.0,
videos,VszurX3VCPE,32.9738,13.1141,2.108e-05,10542,62.7634,high
videos,Vq6MqWeVkGc,32.9723,54.9538,0.02024089,5466,0.0,
videos,-j0wwVt9xhQ,32.9674,54.9456,0.02021257,5467,0.0,
videos,WcBbuBpGUBI,32.9624,54.9374,0.02021172,5468,0.0,
videos,TN0SNypRTqA,32.9581,16.9139,4.155e-05,10081,57.0243,high
videos,gQdSiIVKKxk,32.9575,54.9291,0.02017014,5469,0.0,
videos,gyp9gGDR2Ws,32.9525,54.9209,0.02015619,5470,0.0,
videos,QS9aXDPjkFM,32.9476,54.9126,0.02011516,5471,0.0,
videos,kqqKKZUWzeg,32.9474,22.5849,9.926e-05,9393,48.4912,high
videos,pooMp0x9PyI,32.9426,54.9044,0.02011127,5472,0.0,
videos,MWrMtRjLhjk,32.9327,54.8879,0.01998577,5474,0.0,
videos,mTcqrZvpSno,32.9302,14.7379,2.863e-05,10345,60.2186,high
videos,j97gEY_DkBc,32.9278,54.8797,0.01996628,5475,0.0,
videos,fQK8Lx-oRIU,32.9194,15.727,3.405e-05,10225,58.7079,high
videos,buLcSEudCxU,32.9179,54.8632,0.01992755,5477,0.0,
videos,jqh_E5jKyDc,32.9151,17.4415,4.539e-05,10017,56.1255,high
videos,-SLBy2UW2xo,32.9129,54.8549,0.01981681,5478,0.0,
videos,qY_CVJScJNI,32.908,54.8467,0.0198016,5479,0.0,
videos,fbE0jibp3XY,32.9054,17.4003,4.516e-05,10021,56.1631,high
videos,mrAYSZcMk04,32.8981,54.8302,0.01972097,5481,0.0,
videos,X-xBuo4bu9I,32.8882,54.8137,0.01967753,5483,0.0,
videos,Ame-sbTfnhg,32.8783,54.7972,0.01962848,5485,0.0,
videos,fgasMQ6UWPY,32.8756,12.3558,1.768e-05,10634,63.6554,high
videos,Aey9SMGygzY,32.8734,54.789,0.01959177,5486,0.0,
videos,Lo3AIFX6F58,32.8684,54.7807,0.01959041,5487,0.0,
videos,jZRQQbanCx8,32.8635,54.7725,0.01955712,5488,0.0,
videos,qUOXD_Vb1RU,32.8586,54.7643,0.0195346,5489,0.0,
videos,jbUD_GBMGIM,32.8536,54.756,0.019505,5490,0.0,
videos,Ojiy95pcK84,32.8487,54.7478,0.01950233,5491,0.0,
videos,tYg5iPhmgHk,32.8437,54.7395,0.01946794,5492,0.0,
videos,1IQGmtv2JME,32.8388,54.7313,0.01944535,5493,0.0,
videos,vcePiX8zQSY,32.8338,54.723,0.01941473,5494,0.0,
videos,PI1rVuun8U0,32.8289,54.7148,0.01938052,5495,0.0,
videos,pN1BvhEakqs,32.824,54.7066,0.01934335,5496,0.0,
videos,doVlw7XJREw,32.819,54.6983,0.01934212,5497,0.0,
videos,RNGNNCjVYz4,32.8141,54.6901,0.01932307,5498,0.0,
videos,WgdrI1Bizrw,32.8095,5.4072,3.5e-06,11477,73.9129,high
videos,oqoBSeL5GIU,32.8091,54.6818,0.01931939,5499,0.0,
videos,DHVuSkGaqmk,32.8042,54.6736,0.01925888,5500,0.0,
videos,LDTeAYEX6K0,32.8006,16.6832,3.957e-05,10109,56.9767,high
videos,6dr4Os2snbk,32.7943,54.6571,0.01911273,5502,0.0,
videos,BYMQ2-7rE-4,32.7926,17.153,4.314e-05,10052,56.2521,high
videos,4tY6lyFNmsE,32.7903,18.1916,5.117e-05,9926,54.6883,high
videos,RSUWsPVk0FY,32.7893,54.6489,0.01910974,5503,0.0,
videos,ZeYkaYu43T0,32.7844,54.6406,0.0190932,5504,0.0,
videos,mMLOG0bsjRQ,32.7794,54.6324,0.01908503,5505,0.0,
videos,el2knNEcSo4,32.7745,54.6241,0.01907707,5506,0.0,
videos,EhpGhuyNhug,32.7695,54.6159,0.01907508,5507,0.0,
videos,o2wBd-WasAE,32.7646,54.6076,0.01904453,5508,0.0,
videos,Icq3J3sne6I,32.7588,10.9463,1.301e-05,10805,65.4776,high
videos,MmTKDx-NbLA,32.7547,54.5912,0.01896772,5510,0.0,
videos,DQyI_dzi6Sc,32.7497,54.5829,0.01894421,5511,0.0,
videos,PiKd0maLI6o,32.749,10.8638,1.281e-05,10815,65.5769,high
videos,J5VEvaVdTX8,32.7349,54.5582,0.01889521,5514,0.0,
videos,p-6a3-oLGSg,32.73,54.55,0.01889428,5515,0.0,
videos,ShoMb_wC72g,32.725,13.6251,2.314e-05,10480,61.3749,high
videos,LXVz7JC1rD0,32.725,54.5417,0.01886446,5516,0.0,
videos,r68HyQzJ6N0,32.7201,54.5335,0.01885688,5517,0.0,
videos,P01IHWG11S0,32.7163,18.1833,5.1e-05,9927,54.5157,high
videos,vKyp8hJ0w5Q,32.7151,54.5252,0.01884638,5518,0.0,
videos,gWPyBqJcWUQ,32.7102,54.517,0.01882223,5519,0.0,
videos,FC7mHQqAZyQ,32.7052,54.5087,0.01879545,5520,0.0,
videos,Nn2eXwch-K0,32.7003,54.5005,0.01871817,5521,0.0,
videos,2EE4uXPbEhI,32.6977,19.4032,6.297e-05,9779,52.6395,high
videos,1aGK2gca8E0,32.6954,54.4923,0.01871268,5522,0.0,
videos,BstJ2qpblN8,32.6855,54.4758,0.01866713,5524,0.0,
videos,QqHS5Dg6ZrM,32.6805,54.4675,0.01865416,5525,0.0,
videos,aIljCbnkZ04,32.6756,54.4593,0.01863599,5526,0.0,
videos,P4qGwxx9dnI,32.6739,10.4435,1.129e-05,10866,66.0194,high
videos,X4qcQuAad-0,32.6706,54.451,0.01858012,5527,0.0,
videos,cR5K4DuBHnM,32.6657,54.4428,0.01854861,5528,0.0,
videos,hW3QV5o8lyk,32.6608,54.4346,0.01854447,5529,0.0,
videos,052Qi02P2IY,32.6573,10.4187,1.125e-05,10869,66.0153,high
videos,y4-_yGoigO4,32.6558,54.4263,0.01851796,5530,0.0,
videos,aeCr9quvNxM,32.6459,54.4098,0.01844862,5532,0.0,
videos,CZtiCmLmIPc,32.641,54.4016,0.01841054,5533,0.0,
videos,SKDoFZ1TcU8,32.6383,18.2245,5.13e-05,9922,54.2589,high
videos,-X2P40t70LM,32.628,9.6522,9.19e-06,10962,67.0917,high
videos,oeymdn1d4qg,32.6216,10.0725,1.028e-05,10911,66.4452,high
videos,DBCiw01pfho,32.6212,54.3686,0.01832228,5537,0.0,
videos,Y8VyhsHH9Y8,32.6162,54.3604,0.01825276,5538,0.0,
videos,fFzU1FSvTZM,32.6149,15.7435,3.41e-05,10223,57.9221,high
videos,5Y5GbJk3RU4,32.6113,54.3521,0.01822138,5539,0.0,
videos,mS5wz9b73zc,32.6108,5.8688,3.85e-06,11421,72.7239,high
videos,D0PeovzvpZs,32.6063,54.3439,0.01818357,5540,0.0,
videos,Z9IQIqjXwg4,32.606,9.578,9.08e-06,10971,67.1481,high
videos,8OF4NXpwSp0,32.6014,54.3356,0.01818279,5541,0.0,
videos,oS_6Q7uc_28,32.5964,54.3274,0.01817737,5542,0.0,
videos,iuvnBjLvCks,32.5915,54.3192,0.01815742,5543,0.0,
videos,jlMczr4B7Rg,32.5869,16.9552,4.186e-05,10076,56.0345,high
videos,w_0uF4G6wOw,32.5865,54.3109,0.01815625,5544,0.0,
videos,NDm9Z-dUXOA,32.5816,54.3027,0.018143,5545,0.0,
videos,AHl8xWqxJT8,32.58,16.543,3.862e-05,10126,56.6356,high
videos,xmU-HoAB5zU,32.5748,16.1309,3.608e-05,10176,57.2407,high
videos,ckdeFTcTw18,32.5667,54.2779,0.0181015,5548,0.0,
videos,Xtl9o0-yNGQ,32.5618,54.2697,0.01809569,5549,0.0,
videos,iSGdQjtChUk,32.5484,10.5836,1.168e-05,10849,65.4956,high
videos,sOcu8NzJkQw,32.547,54.245,0.01802815,5552,0.0,
videos,45gql-X3swI,32.5421,0.0,0.0,,81.3553,high
videos,30PGLa8GzmM,32.542,54.2367,0.01800005,5553,0.0,
videos,hDIHmIGbY80,32.5408,19.4115,6.298e-05,9778,52.2348,high
videos,p6e-GeNGXSA,32.5321,54.2202,0.01795367,5555,0.0,
videos,wHNIbyAQtc8,32.5286,19.3373,6.231e-05,9787,52.3155,high
videos,DVBlDkaIcwQ,32.5286,18.3564,5.3e-05,9906,53.7869,high
videos,8jq68ApHi3Q,32.5277,16.5018,3.833e-05,10131,56.5666,high
videos,83EvjBGgKRw,32.5272,54.212,0.01793612,5556,0.0,
videos,PSA7HhGa4dU,32.5177,13.2624,2.15e-05,10524,61.4006,high
videos,Mhtg2ZwzncU,32.5124,54.1873,0.01786732,5559,0.0,
videos,mau5MNRiiro,32.5079,3.8823,2.41e-06,11661,75.4464,high
videos,ujfZLGcZizo,32.5025,54.1708,0.01779384,5561,0.0,
videos,PUZGHsdQCHE,32.4942,17.8042,4.899e-05,9973,54.5291,high
videos,ZgImGSXQZwM,32.4926,54.1543,0.01775198,5563,0.0,
videos,21UbB1_pq3o,32.4889,10.2127,1.072e-05,10894,65.9032,high
videos,V16DhuriY0k,32.4877,54.1461,0.01774705,5564,0.0,
videos,IJbA3MOVWJA,32.4852,15.6693,3.376e-05,10232,57.709,high
videos,OlOZaKPqPDA,32.4778,54.1296,0.01769417,5566,0.0,
videos,OmuVJYdcE54,32.4679,54.1131,0.01767761,5568,0.0,
videos,F4ZxeuNDoUw,32.4639,11.5315,1.477e-05,10733,63.8624,high
videos,b_rwLF5fzW4,32.4629,54.1048,0.0176562,5569,0.0,
videos,u3tFKv7CrDk,32.458,54.0966,0.01763168,5570,0.0,
videos,J7LeFNr3zKQ,32.4548,14.6555,2.803e-05,10355,59.1537,high
videos,fWPcXzCATxo,32.453,54.0884,0.01759817,5571,0.0,
videos,jdrW-vJOD1w,32.4493,13.1223,2.111e-05,10541,61.4398,high
videos,vaEGXlhFrJQ,32.4485,10.6825,1.211e-05,10837,65.0974,high
videos,UAbXbuCELGg,32.4481,54.0801,0.01759201,5572,0.0,
videos,Rttidw_bXGo,32.4382,54.0636,0.01757699,5574,0.0,
videos,EzMAnEhh2TE,32.4332,54.0554,0.01755653,5575,0.0,
videos,DIBuOpBl3gQ,32.4283,54.0471,0.01755465,5576,0.0,
videos,RVu1kgj-miw,32.425,10.5506,1.161e-05,10853,65.2367,high
videos,nN9QYJdEcw0,32.4233,54.0389,0.01754105,5577,0.0,
videos,DZ_1EgQkQT4,32.4184,54.0307,0.01754053,5578,0.0,
videos,rWwPAnF8Qeo,32.4096,9.9324,9.87e-06,10928,66.1253,high
videos,0CBzCoKHSas,32.4085,54.0142,0.01750692,5580,0.0,
videos,Zxgib3_-qLQ,32.4035,54.0059,0.017484,5581,0.0,
videos,JEOU9H-qM10,32.3986,53.9977,0.01746744,5582,0.0,
videos,-0kFEenVtII,32.3936,53.9894,0.01746045,5583,0.0,
videos,GVh8qsSBV_s,32.3739,53.9565,0.01733753,5587,0.0,
videos,tFYkLg4y7_Q,32.364,53.94,0.01722572,5589,0.0,
videos,0Wt-KBs_M78,32.3595,16.3617,3.756e-05,10149,56.3563,high
videos,SjLCbjSG29E,32.3591,53.9318,0.01718164,5590,0.0,
videos,_Rgi0TmvwQg,32.3492,53.9153,0.017048,5592,0.0,
videos,Cydm-t5EsE0,32.3345,16.7161,3.987e-05,10105,55.7621,high
videos,62Shw9J-Y6M,32.3343,53.8905,0.01690437,5595,0.0,
videos,bkRTpptlfsQ,32.326,18.546,5.441e-05,9883,52.996,high
videos,cZO9q19x-Yg,32.3245,53.8741,0.01684139,5597,0.0,
videos,olOidCX_Ibo,32.3195,53.8658,0.01680523,5598,0.0,
videos,ihtHForQEf0,32.3146,53.8576,0.01680044,5599,0.0,
videos,YZpewx0dXHs,32.3127,16.5595,3.87e-05,10124,55.9425,high
videos,zoWYkJ4RTN0,32.3096,53.8493,0.01679587,5600,0.0,
videos,lyofOv8P3Z4,32.3095,3.2476,2.01e-06,11739,75.9023,high
videos,VY1gfZN0KmA,32.3047,53.8411,0.01676465,5601,0.0,
videos,FsMJ6KAAoHA,32.2997,53.8328,0.01675364,5602,0.0,
videos,RQAyoL-pJFQ,32.2948,53.8246,0.01675266,5603,0.0,
videos,E-h3w9Z0kng,32.2898,53.8164,0.01675195,5604,0.0,
videos,kaSWNKF_MCM,32.2849,53.8081,0.01671274,5605,0.0,
videos,GYBVh5zlV50,32.2799,53.7999,0.01669507,5606,0.0,
videos,fpkC4nn2D60,32.2778,9.6192,9.15e-06,10966,66.2657,high
videos,Gohge6DoYDs,32.2728,10.4599,1.13e-05,10864,64.9922,high
videos,H3lUaL6-XQQ,32.27,53.7834,0.01664667,5608,0.0,
videos,jqqgdpwnzMQ,32.2601,53.7669,0.01664414,5610,0.0,
videos,QzZ4VwDHAT4,32.2552,53.7587,0.01657325,5611,0.0,
videos,safzyuZNCGI,32.2548,0.0,0.0,,80.637,high
videos,4vfER0FQtfw,32.2502,53.7504,0.01653092,5612,0.0,
videos,JDcNQ2h37S0,32.2453,53.7422,0.01651494,5613,0.0,
videos,KKUB9Q0Ldi8,32.2314,10.0561,1.019e-05,10913,65.4944,high
videos,oW2VqG2e_mo,32.2255,53.7092,0.01643922,5617,0.0,
videos,rYGsHykO-H8,32.2206,53.701,0.01642577,5618,0.0,
videos,1buIx1jeQXg,32.2165,10.0148,1.007e-05,10918,65.5191,high
videos,iHrhSV4HCLo,32.2156,53.6927,0.01641106,5619,0.0,
videos,78PlftryZw4,32.2107,53.6845,0.01636675,5620,0.0,
videos,CViVGLUPNQU,32.2057,53.6762,0.01636064,5621,0.0,
videos,Locm_x2oosc,32.2008,53.668,0.01633865,5622,0.0,
videos,MC6GRYA9gDI,32.1958,53.6597,0.01631744,5623,0.0,
videos,JyP3LcjFsro,32.1909,53.6515,0.01630926,5624,0.0,
videos,X7HZEJVcldQ,32.1868,13.2377,2.148e-05,10528,60.6104,high
videos,DRPeef8okJY,32.186,53.6433,0.01627827,5625,0.0,
videos,sQUD_s42o8k,32.1848,14.1114,2.499e-05,10421,59.2949,high
videos,BTumck_5nQY,32.181,53.635,0.01626479,5626,0.0,
videos,YleipJBk85A,32.1761,53.6268,0.01625139,5627,0.0,
videos,Ogqobgn76rE,32.1711,53.6185,0.01622891,5628,0.0,
videos,NuZ-fMbouQE,32.1662,53.6103,0.01622887,5629,0.0,
videos,kf9ghd5-VII,32.1612,53.602,0.01622443,5630,0.0,
videos,AEU4gULjHfY,32.1563,53.5938,0.01621809,5631,0.0,
videos,LlIGIDMb6WY,32.1562,1.9123,1.34e-06,11901,77.522,high
videos,hRS4BCzZTR0,32.1538,15.1912,3.093e-05,10292,57.5978,high
videos,H7EnyXYmb6E,32.1514,53.5856,0.01611922,5632,0.0,
videos,JwIXC_lyxjQ,32.1464,53.5773,0.01610987,5633,0.0,
videos,D6ZX7FXbulw,32.1415,53.5691,0.0160844,5634,0.0,
videos,IFgLvFmh36w,32.1365,53.5608,0.01605924,5635,0.0,
videos,ck0yLW6QeOQ,32.1363,13.4768,2.254e-05,10498,60.1255,high
videos,aYLilHzboE0,32.1321,12.2074,1.702e-05,10652,62.0192,high
videos,fcV-jMbhqxM,32.1266,53.5443,0.0159755,5637,0.0,
videos,xCJx6v3zOMM,32.1217,53.5361,0.01596268,5638,0.0,
videos,GoOC4TyOHKg,32.1167,53.5279,0.01595218,5639,0.0,
videos,vVITge1wKMI,32.1141,11.2018,1.38e-05,10774,63.4825,high
videos,8xYjOpPvgg4,32.1118,53.5196,0.0159359,5640,0.0,
videos,sK-_TyhiTqI,32.1068,53.5114,0.01591737,5641,0.0,
videos,xML_oRr8EAE,32.0969,53.4949,0.0158456,5643,0.0,
videos,g6vN8nS-zGA,32.092,53.4866,0.01583307,5644,0.0,
videos,v2c-K97OTCU,32.087,53.4784,0.01576991,5645,0.0,
videos,aVlurknB7aM,32.0825,2.2338,1.53e-06,11864,76.8555,high
videos,gpholuuv4sg,32.0821,53.4702,0.0157161,5646,0.0,
videos,lxjyLGdVfak,32.0784,15.6446,3.368e-05,10235,56.7291,high
videos,eySma4CtzPQ,32.0672,53.4454,0.01558698,5649,0.0,
videos,aufxwXXgJoE,32.0667,2.7201,1.74e-06,11803,76.0865,high
videos,PLv0zjiVjjM,32.0623,53.4372,0.01557851,5650,0.0,
videos,IsyMoo8Fl00,32.0573,53.4289,0.01556554,5651,0.0,
videos,QQggD0ZU2eg,32.0541,0.1813,7.6e-07,12111,79.8634,high
videos,WkAMKSDy-dw,32.0475,53.4125,0.01551432,5653,0.0,
videos,iGoOv2lzt88,32.0425,53.4042,0.01551226,5654,0.0,
videos,Ifb0VTHbbKs,32.0376,53.396,0.01551129,5655,0.0,
videos,4nxibmCXOdw,32.0326,53.3877,0.01549547,5656,0.0,
videos,l5ohLHcI5Rs,32.0277,53.3795,0.01547855,5657,0.0,
videos,8MhnMHlXk7Q,32.0254,9.6604,9.19e-06,10961,65.5729,high
videos,LMOqJRXqbVg,32.0227,53.3712,0.01546662,5658,0.0,
videos,Ssu-5tS08Vc,32.0129,53.3548,0.01543034,5660,0.0,
videos,_0lGpUFPOc4,32.0079,53.3465,0.01542024,5661,0.0,
videos,I_GHJbL4c1k,31.9882,53.3136,0.01535309,5665,0.0,
videos,lgaBRLInhYo,31.9874,9.1164,8.16e-06,11027,66.2938,high
videos,jQizTYHWZ8A,31.9832,53.3053,0.01534853,5666,0.0,
videos,9D1Xaz0YIAM,31.9802,16.032,3.569e-05,10188,55.9025,high
videos,Giu7-qDsupw,31.9733,53.2888,0.01527662,5668,0.0,
videos,kp1dLUox9_Y,31.9697,11.8117,1.567e-05,10700,62.2066,high
videos,H7wumj6WcO8,31.9634,53.2723,0.01521995,5670,0.0,
videos,cpZoA5OCW4g,31.9535,53.2559,0.01521147,5672,0.0,
videos,s08jBywCFMw,31.9436,53.2394,0.01516016,5674,0.0,
videos,zQA7taAUOFw,31.9414,14.9852,2.985e-05,10315,57.3758,high
videos,gCreyRet-WQ,31.9378,14.573,2.764e-05,10364,57.9851,high
videos,7g8u_p2aVDY,31.9288,53.2146,0.015071,5677,0.0,
videos,FppbwJclbm0,31.9238,53.2064,0.01504957,5678,0.0,
videos,J3Lmv4aidiE,31.9189,53.1982,0.01504621,5679,0.0,
videos,sXgpeGp6GfE,31.9178,17.6475,4.713e-05,9992,53.3232,high
videos,JCrxcax2wno,31.9139,53.1899,0.0150059,5680,0.0,
videos,V--MftEtg20,31.909,53.1817,0.01500548,5681,0.0,
videos,x8oUfLEFLZE,31.904,53.1734,0.01492548,5682,0.0,
videos,uAFufHQ706o,31.8991,53.1652,0.01492173,5683,0.0,
videos,yYDk4cWYrQI,31.8979,0.0,0.0,,79.7448,high
videos,dwAixUP0BwU,31.8793,53.1322,0.01490154,5687,0.0,
videos,_fKrey6gIyU,31.8744,53.124,0.01489973,5688,0.0,
videos,Vpes1yPRLQc,31.8705,5.3742,3.47e-06,11481,71.6149,high
videos,AaGgUbjUW6E,31.8629,13.4108,2.198e-05,10506,59.5411,high
videos,W9wFpOQxUaA,31.8593,16.4441,3.806e-05,10138,54.9822,high
videos,E0OA1M4yIfM,31.8546,53.091,0.01484834,5692,0.0,
videos,6JN16wtStAg,31.8515,0.3215,8.4e-07,12092,79.1466,high
videos,8JbNENU_Tcg,31.8398,53.0663,0.01476411,5695,0.0,
videos,wl_9w92dHiM,31.8393,0.0,0.0,,79.5983,high
videos,fHntY5BVY90,31.8348,53.058,0.01475812,5696,0.0,
videos,MWHGR1gSmMI,31.8299,53.0498,0.01469911,5697,0.0,
videos,K6u-s-niRUY,31.8293,16.5101,3.85e-05,10130,54.8082,high
videos,TNudxaezTZw,31.8249,53.0415,0.01466228,5698,0.0,
videos,T6iGRIoI1aw,31.8207,14.3422,2.615e-05,10393,58.0384,high
videos,MOvTB7SbW5I,31.82,53.0333,0.01466193,5699,0.0,
videos,mkGddih0orY,31.8151,53.0251,0.01462326,5700,0.0,
videos,ZrvvBKldeo0,31.7866,11.1111,1.352e-05,10786,62.7999,high
videos,KkC8WlpBIaI,31.7854,52.9756,0.01451658,5706,0.0,
videos,LuI4kAH5w8E,31.7832,14.4164,2.664e-05,10384,57.8335,high
videos,g2ETYTp2_dM,31.7804,52.9674,0.01448957,5707,0.0,
videos,moU4ZmUQ-Qo,31.7755,52.9591,0.01445351,5708,0.0,
videos,8ujOY1vfKXE,31.7705,52.9509,0.01440533,5709,0.0,
videos,G0Wr6Ri2Iog,31.7631,13.996,2.45e-05,10435,58.4137,high
videos,4yZsok7ZR0E,31.7606,52.9344,0.01437574,5711,0.0,
videos,YQW5vZRoR8I,31.7557,52.9261,0.0143732,5712,0.0,
videos,FR-SadNW44k,31.7507,52.9179,0.01436759,5713,0.0,
videos,RJqYyyZaOGU,31.7473,0.0,0.0,,79.3683,high
videos,Wx9AjLOdVtA,31.7458,52.9097,0.01434785,5714,0.0,
videos,Mq4u6mr0w0c,31.7408,52.9014,0.01432888,5715,0.0,
videos,FJcZg_a6-wM,31.7376,14.639,2.801e-05,10356,57.3855,high
videos,ut0c6T2xH84,31.7359,52.8932,0.01432292,5716,0.0,
videos,zMWquAdgwI4,31.7315,4.1708,2.61e-06,11627,73.0725,high
videos,M68-By6-A8E,31.7309,52.8849,0.01426167,5717,0.0,
videos,pIterKVSuAg,31.721,52.8684,0.01421159,5719,0.0,
videos,RphYPiAK_9Y,31.7193,16.9716,4.191e-05,10074,53.8408,high
videos,3LiGPUN-YJQ,31.7161,52.8602,0.01420651,5720,0.0,
videos,lc4Vn2HkqnU,31.7013,52.8355,0.01412698,5723,0.0,
videos,nLkbaoUseKk,31.7012,14.5813,2.764e-05,10365,57.3811,high
videos,TEvt0Z9dTOU,31.6963,52.8272,0.01411765,5724,0.0,
videos,TwAYar4scOI,31.6914,52.819,0.01410131,5725,0.0,
videos,UGz-qqvxF1k,31.6864,52.8107,0.01409611,5726,0.0,
videos,k0U3wd7rPMY,31.6842,15.4797,3.256e-05,10255,55.9909,high
videos,s1G86SKV-UA,31.6815,52.8025,0.01408647,5727,0.0,
videos,Oz8uozS8LIQ,31.6796,6.1655,4.11e-06,11385,69.9508,high
videos,i03lADuLTxY,31.6766,52.7943,0.01405784,5728,0.0,
videos,EcvX8jDCxBs,31.6716,52.786,0.01405099,5729,0.0,
videos,mfwntOIhK_c,31.6617,52.7695,0.01402598,5731,0.0,
videos,yRhrGv7yTeo,31.6568,52.7613,0.01400552,5732,0.0,
videos,jcw3tRrV8Dw,31.6547,13.0317,2.07e-05,10552,59.5893,high
videos,K1sknLMQhcY,31.6518,52.753,0.01397538,5733,0.0,
videos,7ahtLZW4Zu0,31.6456,16.0073,3.564e-05,10191,55.103,high
videos,cOt4FSlNoUY,31.642,52.7366,0.01394638,5735,0.0,
videos,MYV7IN2wwws,31.6377,0.0577,5.7e-07,12126,79.0076,high
videos,txYqqYKihPU,31.637,52.7283,0.01394084,5736,0.0,
videos,_9PLnsOZr_I,31.6366,1.9782,1.37e-06,11892,76.1243,high
videos,PGrLRgA5Bpo,31.6321,52.7201,0.01393897,5737,0.0,
videos,g1bg67Qv6XY,31.6271,52.7118,0.01391547,5738,0.0,
videos,1a4Z9tNbvl8,31.6222,52.7036,0.01385255,5739,0.0,
videos,_PJJQFBxshM,31.6192,0.0,0.0,,79.0479,high
videos,z7U3GbCtCNc,31.6172,52.6954,0.01383224,5740,0.0,
videos,fQnSjGi2kN4,31.6073,52.6789,0.01378911,5742,0.0,
videos,pTWhfAY5kSk,31.6027,8.2262,6.77e-06,11136,66.6674,high
videos,glFm_GUSOFI,31.5991,15.0676,3.016e-05,10305,56.3964,high
videos,wDLRaGVcPTM,31.5974,52.6624,0.01376574,5744,0.0,
videos,f0C0tFy1r4k,31.5925,52.6541,0.01376506,5745,0.0,
videos,OwMHRYOFcpE,31.5875,52.6459,0.01374741,5746,0.0,
videos,FW2WLkP6T94,31.5826,52.6377,0.01373909,5747,0.0,
videos,E706WgZPCzM,31.5795,15.1665,3.091e-05,10293,56.199,high
videos,TcHP6ObvSp0,31.5776,52.6294,0.0137302,5748,0.0,
videos,5ugxhi2kYYE,31.5727,52.6212,0.01371546,5749,0.0,
videos,-3tr90WQLpY,31.5677,52.6129,0.01369246,5750,0.0,
videos,QlG3ILP3cos,31.5628,52.6047,0.01366673,5751,0.0,
videos,-W3IGxhms0E,31.5578,52.5964,0.01366655,5752,0.0,
videos,2L1eHZLCQe0,31.5529,52.5882,0.01365459,5753,0.0,
videos,zuDrkqHFjP4,31.548,52.58,0.01364621,5754,0.0,
videos,UbTIPIfB7Ts,31.543,52.5717,0.01362928,5755,0.0,
videos,DczYXnK-ck4,31.5381,52.5635,0.01361447,5756,0.0,
videos,abIoSVUwFgw,31.5331,52.5552,0.01357363,5757,0.0,
videos,lVoIOt7_9GU,31.5282,52.547,0.01354483,5758,0.0,
videos,tmzUMqMPTI8,31.5267,0.0,0.0,,78.8168,high
videos,Uq0B6iRvvs0,31.5253,8.5559,7.3e-06,11095,65.9793,high
videos,cyixODD2934,31.5232,52.5387,0.01353492,5759,0.0,
videos,bO8d2Z4bsSs,31.5134,52.5223,0.01352849,5761,0.0,
videos,EW-XIxlzCvE,31.5122,0.0,0.0,,78.7804,high
videos,ji_4KoKGD_o,31.5035,52.5058,0.01345603,5763,0.0,
videos,DPyQyO993uU,31.4936,52.4893,0.01343423,5765,0.0,
videos,Dul-cS5-P_k,31.4837,52.4728,0.01340232,5767,0.0,
videos,miFRmLIVuwA,31.4788,52.4646,0.01338324,5768,0.0,
videos,fAwO0qH360s,31.4738,52.4563,0.01337495,5769,0.0,
videos,Ys6M7hdWqf0,31.4639,52.4398,0.01334282,5771,0.0,
videos,uS9pey1RO2U,31.4617,15.0511,3.011e-05,10307,56.0777,high
videos,p4zPmpXfGyY,31.459,52.4316,0.0133427,5772,0.0,
videos,mhcISXt3Fq8,31.454,52.4233,0.01334153,5773,0.0,
videos,NbQ91TKuT-E,31.4485,15.0923,3.022e-05,10302,55.9828,high
videos,blesyDX6uTY,31.4484,0.0,0.0,,78.621,high
videos,vHunA4Lsd8E,31.4441,52.4069,0.01329901,5775,0.0,
videos,leTYvqY6JVs,31.4392,52.3986,0.01329869,5776,0.0,
videos,S278mzZM1fU,31.4355,0.0,0.0,,78.5887,high
videos,_af9GcISQqE,31.4342,52.3904,0.01329497,5777,0.0,
videos,tZARijMORfw,31.4293,52.3821,0.01326579,5778,0.0,
videos,RbVOxu5kewg,31.4243,52.3739,0.01325497,5779,0.0,
videos,SIMtdJ9sYoA,31.4194,52.3656,0.01324881,5780,0.0,
videos,Z0eFLv8Pvhc,31.4144,52.3574,0.01321926,5781,0.0,
videos,HM6thVDaJls,31.4095,52.3492,0.01321354,5782,0.0,
videos,YadpBxuG-3Q,31.4056,0.6924,9.4e-07,12049,77.4753,high
videos,vhDLILjRLFk,31.4045,52.3409,0.01317961,5783,0.0,
videos,8CtMyopuZjc,31.3996,52.3327,0.01315482,5784,0.0,
videos,S6DK81C_2lU,31.3975,12.2898,1.736e-05,10642,60.0591,high
videos,acBmRTIDSdA,31.3798,52.2997,0.01311489,5788,0.0,
videos,xgYEcbH8VRw,31.3749,52.2915,0.01304649,5789,0.0,
videos,AcA4UjN-TwE,31.3699,52.2832,0.0130223,5790,0.0,
videos,VfN9hYxzSh0,31.3695,5.3,3.41e-06,11489,70.4738,high
videos,unMkrnagKdc,31.365,52.275,0.01299269,5791,0.0,
videos,cKLdodmjt7g,31.36,52.2667,0.01295976,5792,0.0,
videos,kzDro78-lNA,31.3523,17.2601,4.398e-05,10039,52.4907,high
videos,2hXYzy8xeoo,31.3501,52.2502,0.01293428,5794,0.0,
videos,n-7nRBWHAOE,31.3452,52.242,0.01289894,5795,0.0,
videos,CNcC8iiceTw,31.3432,12.0425,1.636e-05,10672,60.2943,high
videos,FIdnD5j231M,31.3403,52.2338,0.01288767,5796,0.0,
videos,t2mbtgq7jgs,31.3376,0.0,0.0,,78.344,high
videos,3WCgyw-fRpc,31.3353,52.2255,0.01286934,5797,0.0,
videos,MbX7gs6huVE,31.3331,11.548,1.478e-05,10732,61.0107,high
videos,ly8HubSoC2c,31.3304,52.2173,0.01283624,5798,0.0,
videos,xFctDHeet4I,31.3254,52.209,0.01283169,5799,0.0,
videos,wCuly01lvmA,31.3205,52.2008,0.01281963,5800,0.0,
videos,F1D4G7VTBnY,31.3188,10.938,1.298e-05,10806,61.8901,high
videos,OCGgYu3vku4,31.3106,52.1843,0.01274716,5802,0.0,
videos,AQ7acqQ1riU,31.3057,52.1761,0.01273338,5803,0.0,
videos,kvSAnG-A9RU,31.2908,52.1513,0.01270164,5806,0.0,
videos,zOnu7I1g73o,31.2809,52.1348,0.01266004,5808,0.0,
videos,XqGU0hZtVn0,31.276,52.1266,0.0126598,5809,0.0,
videos,5zpNWwut6Uc,31.2759,14.2104,2.541e-05,10409,56.8742,high
videos,kF7SlSnjrHQ,31.271,52.1184,0.01265965,5810,0.0,
videos,s1Gf4nR0rlU,31.2661,52.1101,0.01265743,5811,0.0,
videos,JQFh4A5u01Y,31.2611,52.1019,0.01260477,5812,0.0,
videos,Gv2UW63AH7c,31.2607,0.0,0.0,,78.1518,high
videos,nV5KnGF14VE,31.2562,52.0936,0.01260141,5813,0.0,
videos,lQMToEnaL_I,31.2556,0.8408,9.9e-07,12029,76.8777,high
videos,q92a-efAYXA,31.2516,15.8424,3.488e-05,10211,54.3655,high
videos,h9Kcb7FsH1w,31.2512,52.0854,0.01259146,5814,0.0,
videos,8qVbE9DHkEk,31.244,2.6294,1.68e-06,11811,74.1659,high
videos,gLfMiWu1Lm8,31.2413,52.0689,0.01252727,5816,0.0,
videos,nnKkk3CpLes,31.2364,52.0607,0.01252159,5817,0.0,
videos,s3mIBjgxaNs,31.2327,0.0,0.0,,78.0817,high
videos,1mr_yt3HtPw,31.2314,52.0524,0.01250106,5818,0.0,
videos,mSc-CSiqIqI,31.2307,1.4177,1.16e-06,11960,75.9502,high
videos,L9nWeBpMmAg,31.2265,52.0442,0.01248417,5819,0.0,
videos,0ldcAVJ4aoU,31.2238,0.0,0.0,,78.0596,high
videos,-VnQVULkNjw,31.2215,52.0359,0.01248371,5820,0.0,
videos,yAvRNJT3GyM,31.2133,9.9242,9.85e-06,10929,63.1469,high
videos,FAerQflosns,31.2113,11.3914,1.426e-05,10751,60.9412,high
videos,NaEWDDrp5pA,31.2103,12.7267,1.925e-05,10589,58.9358,high
videos,gmEXyzyhMNU,31.2018,52.003,0.01242634,5824,0.0,
videos,-fTLPQzHrgw,31.2014,16.2463,3.687e-05,10162,53.6341,high
videos,bQ0Lapp2DrQ,31.1919,51.9865,0.012337,5826,0.0,
videos,qa_oibOYIhQ,31.1869,51.9782,0.01232203,5827,0.0,
videos,BNj4MwsDWXk,31.182,51.97,0.01227729,5828,0.0,
videos,mxBazcuYwQs,31.1816,5.0528,3.21e-06,11520,70.3747,high
videos,tDmEluoHU_8,31.1771,51.9618,0.01220682,5829,0.0,
videos,tdbQ4lCsgQ4,31.1721,51.9535,0.01213356,5830,0.0,
videos,AkbI8-GoK-A,31.1714,15.6363,3.367e-05,10236,54.474,high
videos,LLuwm6wP5sM,31.1706,4.3439,2.76e-06,11606,71.4106,high
videos,91_rUHxmqBI,31.1672,51.9453,0.01212466,5831,0.0,
videos,-lYa9BbnseQ,31.1622,51.937,0.01212172,5832,0.0,
videos,iKmwMoRAf_k,31.1573,51.9288,0.01208308,5833,0.0,
videos,7Sv947ghjhk,31.1523,51.9205,0.01207582,5834,0.0,
videos,UsojYQ0tigo,31.1474,51.9123,0.01206996,5835,0.0,
videos,mov07wZ4a0E,31.1402,0.0,0.0,,77.8506,high
videos,AXBLFcANkC8,31.1375,51.8958,0.01203987,5837,0.0,
videos,iSYhHrzsFJ4,31.136,0.0,0.0,,77.8399,high
videos,Rwu31QbbJpA,31.1326,51.8876,0.01203833,5838,0.0,
videos,lv2ZgzAj0Vs,31.1281,15.422,3.232e-05,10262,54.6873,high
videos,QJpRNkqF1eY,31.1276,51.8793,0.01202095,5839,0.0,
videos,6RymN-gdTO8,31.1227,51.8711,0.01197735,5840,0.0,
videos,zLWLBXo6knE,31.1177,51.8628,0.01195942,5841,0.0,
videos,rgXaj0PzcLA,31.1128,51.8546,0.01194835,5842,0.0,
videos,vy84A4BlZO8,31.1078,51.8464,0.0119249,5843,0.0,
videos,u5kMFzndPiM,31.1061,0.0,0.0,,77.7652,high
videos,17efEMhIAzI,31.0979,51.8299,0.01189142,5845,0.0,
videos,riKxgjm15ug,31.0963,7.0475,5.18e-06,11279,67.1694,high
videos,QqTYD31Z6u0,31.088,51.8134,0.0118764,5847,0.0,
videos,sbyPLsN6MqA,31.0866,14.5318,2.745e-05,10370,55.9189,high
videos,V2QK7KjJPDM,31.0831,51.8051,0.01187218,5848,0.0,
videos,zUq9ozoXUFk,31.0817,16.065,3.577e-05,10184,53.6068,high
videos,iO8IQekgA44,31.0781,51.7969,0.01187078,5849,0.0,
videos,YDsd1JJEi6o,31.0748,16.4524,3.809e-05,10137,53.0084,high
videos,ii2g5e2qEQA,31.0682,51.7804,0.01184828,5851,0.0,
videos,e1sm34QQ5Q0,31.0633,51.7722,0.01183452,5852,0.0,
videos,DLj0V32FmZg,31.0583,51.7639,0.011819,5853,0.0,
videos,uhQP6GSzk_Y,31.0534,51.7557,0.01180813,5854,0.0,
videos,-rZVwhsv8Ek,31.0532,15.5539,3.3e-05,10246,54.3022,high
videos,SCR3HiDNfI0,31.0484,51.7474,0.01174987,5855,0.0,
videos,GdJJJW7zalA,31.0435,51.7392,0.01168521,5856,0.0,
videos,PfFk5dZVDMo,31.0386,51.731,0.01166861,5857,0.0,
videos,THMW7bXTog4,31.0336,51.7227,0.01166529,5858,0.0,
videos,Pr90zcMCl94,31.0287,51.7145,0.01165353,5859,0.0,
videos,WHTrTosFiNA,31.0237,51.7062,0.01164677,5860,0.0,
videos,Bk1v9yAKc5o,31.0141,12.1497,1.68e-05,10659,59.3108,high
videos,vX-CTb2O2Hk,31.004,51.6733,0.01155986,5864,0.0,
videos,Cio03RlmLAA,30.999,51.665,0.011552,5865,0.0,
videos,e95Vi3xxlV8,30.9964,0.0,0.0,,77.491,high
videos,JHRx84tllyw,30.9891,51.6485,0.01153745,5867,0.0,
videos,6PsbDl_QvcM,30.9842,51.6403,0.01152708,5868,0.0,
videos,zMpX8ybtdYo,30.9743,51.6238,0.01148527,5870,0.0,
videos,EzYUanciR_Q,30.972,0.0,0.0,,77.4299,high
videos,EeN4JXAMUC8,30.9694,51.6156,0.01147411,5871,0.0,
videos,YusdWpV7BFA,30.9669,12.5041,1.85e-05,10616,58.6612,high
videos,aE6MqWLmBv0,30.9667,15.8589,3.491e-05,10209,53.6283,high
videos,nxzs4F0LHP0,30.9644,51.6073,0.01146281,5872,0.0,
videos,dEB55I-IuYc,30.9629,1.9205,1.35e-06,11900,74.5264,high
videos,xfMhpaP8QSg,30.9615,7.3937,5.56e-06,11237,66.3133,high
videos,a8EK_auGix8,30.9595,51.5991,0.0114369,5873,0.0,
videos,g_zwL3yaTTU,30.9545,51.5908,0.01142703,5874,0.0,
videos,YeW5EovE_m8,30.9545,12.9163,2.02e-05,10566,58.0119,high
videos,-U_ETiLHBks,30.9298,51.5496,0.01138122,5879,0.0,
videos,JfDVjeYihy4,30.9248,51.5414,0.01135948,5880,0.0,
videos,Swo4WLqtFSs,30.9199,51.5331,0.01135101,5881,0.0,
videos,W0RjUPi5fk8,30.9149,51.5249,0.01132447,5882,0.0,
videos,jkSgCUiOQvA,30.9063,10.8803,1.283e-05,10813,60.9454,high
videos,tCbFadoQ2So,30.9001,51.5002,0.01124926,5885,0.0,
videos,ixewijyqE4E,30.8951,51.4919,0.0112344,5886,0.0,
videos,g6ypL6n1_VA,30.8902,51.4837,0.01123391,5887,0.0,
videos,yad4OqCAQtk,30.8894,5.605,3.67e-06,11453,68.8161,high
videos,xv-2q1O5EM8,30.8886,0.0,0.0,,77.2214,high
videos,0Gm6SiG1lUQ,30.8879,14.9934,2.989e-05,10314,54.7296,high
videos,Gh_3VL_vuRM,30.8803,51.4672,0.0111793,5889,0.0,
videos,uN5wbGLvyc4,30.8754,51.459,0.01116378,5890,0.0,
videos,QPx6lAsXEf8,30.8655,51.4425,0.01112915,5892,0.0,
videos,S7di8FEq0ZM,30.8605,51.4342,0.01112008,5893,0.0,
videos,5gAl8MAFSls,30.8556,51.426,0.01111535,5894,0.0,
videos,ACmQqtDbBH8,30.8525,15.7023,3.392e-05,10228,53.5778,high
videos,CpENIK3XK9s,30.8506,51.4177,0.01110557,5895,0.0,
videos,fneM13c2QkI,30.8445,0.0,0.0,,77.1113,high
videos,QenNFZeR0gY,30.8441,12.9575,2.031e-05,10561,57.674,high
videos,89RIkheHpes,30.8437,14.3505,2.617e-05,10392,55.5836,high
videos,5qCIgOSmySo,30.8408,51.4013,0.01108534,5897,0.0,
videos,DeQHU5df7lE,30.8359,14.8121,2.892e-05,10336,54.8717,high
videos,X5sZdiZJczk,30.8358,51.393,0.01106586,5898,0.0,
videos,z9P1veykQ-0,30.8259,51.3765,0.01099711,5900,0.0,
videos,mxDd0S6LsZY,30.824,0.8325,9.8e-07,12032,75.8113,high
videos,lISn5LFUtNk,30.821,51.3683,0.01099105,5901,0.0,
videos,z0tw3T1dD3M,30.8206,10.6742,1.209e-05,10838,61.0403,high
videos,KHqUOpJI0Ho,30.8176,13.5757,2.297e-05,10486,56.6804,high
videos,jsaKDbE3-Vs,30.816,51.36,0.01098817,5902,0.0,
videos,iaHAbGGAYAE,30.8111,51.3518,0.01097316,5903,0.0,
videos,pcPhHZVPuGY,30.8062,51.3436,0.01096709,5904,0.0,
videos,iT19_LbKGks,30.8012,51.3353,0.01095912,5905,0.0,
videos,p8HjCX3mgFo,30.7963,51.3271,0.0109289,5906,0.0,
videos,ZppYqMeV-Yc,30.7926,0.0,0.0,,76.9815,high
videos,WN-2JL1k7X4,30.7913,51.3188,0.01091867,5907,0.0,
videos,lsi7eRleWIw,30.7871,13.9713,2.434e-05,10438,56.0109,high
videos,EaeuQFrv770,30.7864,51.3106,0.01091775,5908,0.0,
videos,nfEDCjQNffk,30.7814,51.3023,0.01090702,5909,0.0,
videos,W4L9QFWeNzM,30.7765,51.2941,0.01089624,5910,0.0,
videos,N4LYpSWkdR4,30.7666,51.2776,0.01087764,5912,0.0,
videos,ReV0NYQJSHg,30.7636,12.6195,1.879e-05,10602,57.9798,high
videos,mZ64zRivrJw,30.7616,51.2694,0.01086417,5913,0.0,
videos,6p1GB1Ub25g,30.7547,0.0,0.0,,76.8868,high
videos,0uTEcSu5aAg,30.7517,51.2529,0.0108493,5915,0.0,
videos,ocxFbiY4EW0,30.7468,51.2446,0.01083249,5916,0.0,
videos,VUYOYmNPkvE,30.7427,0.0,0.0,,76.8568,high
videos,XhgwVz82Brg,30.7418,51.2364,0.01081888,5917,0.0,
videos,ifKWTe2V0hA,30.7369,51.2282,0.01081669,5918,0.0,
videos,WRVjC5yTVG0,30.7319,51.2199,0.01081241,5919,0.0,
videos,YXGjW3bjE4E,30.727,51.2117,0.01081187,5920,0.0,
videos,6q5D0Y2w2d0,30.7258,10.633,1.189e-05,10843,60.865,high
videos,mbGPgjXCx24,30.722,51.2034,0.01076338,5921,0.0,
videos,fn6Dd41iPds,30.7171,51.1952,0.01075894,5922,0.0,
videos,M6Ed5FBJTnQ,30.7141,0.0,0.0,,76.7852,high
videos,PH0I2czUlb4,30.7121,51.1869,0.01075731,5923,0.0,
videos,UauKmk4qCEA,30.7072,51.1787,0.01075194,5924,0.0,
videos,GsXe1uzh9ns,30.7023,51.1705,0.0107452,5925,0.0,
videos,uxYiXzpA1P8,30.6973,51.1622,0.01074172,5926,0.0,
videos,OyN5aKEEFJk,30.6924,51.154,0.01074038,5927,0.0,
videos,PyWfKLLE1Yk,30.6906,0.0,0.0,,76.7265,high
videos,5uaeFR2LuxM,30.6874,51.1457,0.01072487,5928,0.0,
videos,KK4Ux4XP7Dk,30.6862,13.5015,2.263e-05,10496,56.4632,high
videos,808gfsogQWU,30.6825,51.1375,0.01072417,5929,0.0,
videos,D2osbJNrR0E,30.6726,51.121,0.01072131,5931,0.0,
videos,pCvJN_xOn58,30.6578,51.0963,0.01071099,5934,0.0,
videos,u3BrylC6Lcc,30.6567,11.5645,1.488e-05,10730,59.295,high
videos,K_dKamfBW54,30.6479,51.0798,0.01064152,5936,0.0,
videos,aqUi_bnWsj8,30.6404,14.1032,2.493e-05,10422,55.4461,high
videos,DJmGCn0b8DQ,30.6342,15.6528,3.368e-05,10234,53.1062,high
videos,Wr3xGmizE-U,30.6281,51.0468,0.01055306,5940,0.0,
videos,WpxnHh0068U,30.6232,51.0386,0.01053741,5941,0.0,
videos,jIyygzfdfC8,30.6225,13.518,2.28e-05,10493,56.2793,high
videos,Z5LexACuv88,30.6133,51.0221,0.01050773,5943,0.0,
videos,WvxWPe8gvK8,30.6083,51.0138,0.01049871,5944,0.0,
videos,UmSWl4J9sJs,30.5975,4.1296,2.58e-06,11631,70.2994,high
videos,Pybgq6AHVC4,30.5935,50.9891,0.0104641,5947,0.0,
videos,DZHUDtyGyy4,30.5885,50.9809,0.01046401,5948,0.0,
videos,RlzejL13yq8,30.5878,0.0,0.0,,76.4694,high
videos,RAmU07l59nk,30.5836,50.9726,0.01046291,5949,0.0,
videos,WVziSwFKDdg,30.5786,50.9644,0.01044195,5950,0.0,
videos,xzan4fWnEhs,30.5737,50.9561,0.01043819,5951,0.0,
videos,CbMMNhj489E,30.5687,50.9479,0.01039431,5952,0.0,
videos,jTVHFpOO16Y,30.5681,5.9594,3.95e-06,11410,67.4812,high
videos,XIyQpxOPHHQ,30.5638,50.9397,0.01038816,5953,0.0,
videos,tfPVdftJj1A,30.5539,50.9232,0.01036351,5955,0.0,
videos,oMtRGcT7mmI,30.5522,15.8012,3.445e-05,10216,52.6787,high
videos,Ntsik4XrJrk,30.5457,11.8942,1.585e-05,10690,58.5229,high
videos,1v5XW6L43WQ,30.5447,11.0369,1.328e-05,10794,59.8065,high
videos,qo_rbk7BqBw,30.544,50.9067,0.0103422,5957,0.0,
videos,8iCMXINOkT4,30.5391,50.8985,0.0103306,5958,0.0,
videos,QIRrwtfpUo8,30.535,6.6436,4.72e-06,11327,66.3722,high
videos,dnfg-v-2Y64,30.5341,50.8902,0.01031893,5959,0.0,
videos,Y0bjRTU7XmM,30.5338,0.0,0.0,,76.3346,high
videos,HG8CWIUKYY8,30.5292,50.882,0.01031531,5960,0.0,
videos,kZdeCT_vFUU,30.5143,50.8572,0.01023867,5963,0.0,
videos,yshHKaAQBfI,30.5094,50.849,0.01019159,5964,0.0,
videos,lX-qDfW5NzY,30.5045,50.8408,0.01018498,5965,0.0,
videos,Kf2K8yHIYpQ,30.4995,50.8325,0.01016967,5966,0.0,
videos,cyDIR66CqZA,30.4975,0.0,0.0,,76.2437,high
videos,1dzk64Qxm3E,30.4946,50.8243,0.01014229,5967,0.0,
videos,ajUehgaLxkk,30.4847,50.8078,0.01011643,5969,0.0,
videos,yiknje20fM8,30.4837,12.8915,2.016e-05,10569,56.8721,high
videos,2NcvNZ74r7s,30.4807,10.089,1.03e-05,10909,61.0682,high
videos,xNnhehWBtzI,30.4797,50.7995,0.01011315,5970,0.0,
videos,jFJNb9JHauE,30.4748,50.7913,0.01009857,5971,0.0,
videos,8jBG7CTtjcU,30.4699,50.7831,0.01009825,5972,0.0,
videos,aDufXdIsYNY,30.46,50.7666,0.01009211,5974,0.0,
videos,oxFrr08x8jc,30.455,50.7583,0.01006035,5975,0.0,
videos,-dYAWRfDZdE,30.4501,50.7501,0.01001837,5976,0.0,
videos,u3f742fsy3Q,30.4468,14.911,2.945e-05,10324,53.7504,high
videos,Hx1llh1uUIs,30.4451,50.7418,0.01000283,5977,0.0,
videos,HtOJQ5iR-sI,30.4402,50.7336,0.01000204,5978,0.0,
videos,_BD-1wSVq5s,30.4352,50.7254,0.00999602,5979,0.0,
videos,CzlxI1j2LJw,30.4303,50.7171,0.0099926,5980,0.0,
videos,bd-rivz9ghM,30.4272,13.9631,2.432e-05,10439,55.1233,high
videos,mxJqX6eS4qc,30.4253,50.7089,0.00998708,5981,0.0,
videos,S57TxgEcNOA,30.4204,50.7006,0.00998617,5982,0.0,
videos,T3bHpbVUOLQ,30.4154,50.6924,0.00997419,5983,0.0,
videos,v2dgMFfi9GM,30.4105,50.6841,0.00993833,5984,0.0,
videos,Yp1P_K21NuM,30.4055,50.6759,0.00988784,5985,0.0,
videos,lc21OVwl4o0,30.403,11.2842,1.4e-05,10764,59.0813,high
videos,_7zwHE3E10E,30.4006,50.6677,0.00985033,5986,0.0,
videos,QC3kBBSNGhc,30.3956,50.6594,0.00984525,5987,0.0,
videos,hSsOCNUzLv0,30.3894,0.0,0.0,,75.9734,high
videos,7Vx6ialkTeg,30.3857,50.6429,0.0098288,5989,0.0,
videos,HfyA_KtCFDs,30.383,0.1649,7.6e-07,12112,75.7101,high
videos,OfFaesCmvbI,30.3808,50.6347,0.0098267,5990,0.0,
videos,zMaPTj9czrI,30.3709,50.6182,0.00979204,5992,0.0,
videos,Pd6PLd_rn1g,30.366,50.61,0.00976817,5993,0.0,
videos,f223KtBXZRY,30.3615,0.0,0.0,,75.9037,high
videos,Y5mkohL8oI8,30.361,50.6017,0.00973393,5994,0.0,
videos,VlO_JZwRRa4,30.3561,50.5935,0.00973194,5995,0.0,
videos,-WgbOqv-CE8,30.3511,50.5852,0.00973098,5996,0.0,
videos,YU_9XC0ahs4,30.3462,50.577,0.00969526,5997,0.0,
videos,yn1PZHzynwg,30.3412,50.5687,0.00960039,5998,0.0,
videos,v3qiMNGOVsc,30.3314,50.5523,0.00957543,6000,0.0,
videos,IK8vMmijj9A,30.3215,50.5358,0.00955416,6002,0.0,
videos,00-8Q60UoTs,30.3208,0.0,0.0,,75.8021,high
videos,5rYnedOwF7c,30.3189,13.5509,2.29e-05,10489,55.4709,high
videos,CVb-SusmqVE,30.3165,50.5275,0.00952087,6003,0.0,
videos,ugVpvOCtPjc,30.3136,0.0,0.0,,75.7839,high
videos,rO4vGIWe1rs,30.3116,50.5193,0.00950899,6004,0.0,
videos,mfxe6JO1hK8,30.3066,50.511,0.00946242,6005,0.0,
videos,R4F4qmQLKUs,30.3017,50.5028,0.00946025,6006,0.0,
videos,g9QhWe-Iabk,30.2968,50.4946,0.00944079,6007,0.0,
videos,lMUMWt_Vwks,30.2918,50.4863,0.00943537,6008,0.0,
videos,mt07y5eJg2A,30.2869,50.4781,0.00942955,6009,0.0,
videos,Gl_2LVRaM8U,30.277,50.4616,0.00934344,6011,0.0,
videos,vKyaaLo29BE,30.272,50.4533,0.00934231,6012,0.0,
videos,IrRGAjfYqb8,30.2671,50.4451,0.00933926,6013,0.0,
videos,aEhwrI0pNr4,30.2572,50.4286,0.00932639,6015,0.0,
videos,r80jrHhyRfk,30.2522,50.4204,0.00932012,6016,0.0,
videos,VH1-eMZk-Ms,30.2473,50.4121,0.00931332,6017,0.0,
videos,U8fz852zXwA,30.2423,50.4039,0.00930426,6018,0.0,
videos,ItTVHtUlqYM,30.2417,14.1774,2.526e-05,10413,54.3381,high
videos,LU7109Par7E,30.2324,50.3874,0.00929485,6020,0.0,
videos,a0X935Qu-tI,30.2275,50.3792,0.00928646,6021,0.0,
videos,OBaiJUcmbaw,30.2255,2.1678,1.49e-06,11870,72.3121,high
videos,-hxKIgQCZIU,30.2178,12.4382,1.815e-05,10624,56.8872,high
videos,62wmbtxX8FQ,30.2176,50.3627,0.00922765,6023,0.0,
videos,dDJDvsaDQxI,30.2136,11.9601,1.608e-05,10682,57.5939,high
videos,sLTwKMxiRrE,30.2027,50.3379,0.00919058,6026,0.0,
videos,QnXsWlaJI2A,30.1929,50.3215,0.00915498,6028,0.0,
videos,RJI9B4gZzuU,30.183,50.305,0.00914884,6030,0.0,
videos,lX_o9KxLNcw,30.1828,12.8338,1.97e-05,10576,56.2064,high
videos,hspwzQsBXSU,30.1804,0.0,0.0,,75.4509,high
videos,r1D6Lb99rpc,30.178,50.2967,0.00913284,6031,0.0,
videos,ra8QknbAJs4,30.1741,8.457,7.14e-06,11107,62.7498,high
videos,5zwotvZ1rl0,30.1731,50.2885,0.00913241,6032,0.0,
videos,fNYx7FEa4aI,30.1632,50.272,0.0091144,6034,0.0,
videos,DYHs0O78H48,30.1554,0.0,0.0,,75.3884,high
videos,f1ySxyZpqQw,30.1533,50.2555,0.00909304,6036,0.0,
videos,PaI67nvwa1c,30.1493,12.7596,1.939e-05,10585,56.2339,high
videos,AdrMETi7Ih4,30.1484,50.2473,0.00909163,6037,0.0,
videos,YzpSQjHq7xw,30.1434,50.239,0.00909123,6038,0.0,
videos,gQ7c2RYva3E,30.1385,50.2308,0.00907407,6039,0.0,
videos,49-e5P9tPrU,30.1336,50.2226,0.00907089,6040,0.0,
videos,U1JUJMsDmJQ,30.1334,0.0,0.0,,75.3334,high
videos,1AWCBmywsP8,30.1237,50.2061,0.00905455,6042,0.0,
videos,cPQPcHTXDc8,30.1187,50.1978,0.0090461,6043,0.0,
videos,kOMcWMzWRbk,30.1138,50.1896,0.00904142,6044,0.0,
videos,DahQGh72E0s,30.1112,1.2117,1.12e-06,11985,73.4604,high
videos,Wv_AZQa6sg4,30.1088,50.1813,0.00904088,6045,0.0,
videos,tWCbpLHfOgo,30.1039,50.1731,0.00903618,6046,0.0,
videos,xcAb_UvCBjA,30.1033,0.0,0.0,,75.2582,high
videos,wJOakc64crg,30.094,50.1566,0.00901525,6048,0.0,
videos,wGWIWDxdm7I,30.0936,0.0,0.0,,75.2339,high
videos,sCDvMsGgh0U,30.089,50.1484,0.00901461,6049,0.0,
videos,BLbFghwR6y4,30.0818,0.0,0.0,,75.2044,high
videos,dOi5-ng8Wew,30.0811,11.2677,1.39e-05,10766,58.3013,high
videos,UmRtQzyCDso,30.0791,50.1319,0.00898858,6051,0.0,
videos,KH1Nj2ynTRo,30.0742,50.1236,0.00897827,6052,0.0,
videos,ehOHtha-V6M,30.0692,50.1154,0.00895116,6053,0.0,
videos,eY_gZzMqlHQ,30.0655,15.488,3.268e-05,10254,51.9317,high
videos,KKFGhAUMkvM,30.0593,50.0989,0.00890694,6055,0.0,
videos,yBzKp__CWZY,30.0567,0.0,0.0,,75.1418,high
videos,-MB4DOeIPJg,30.0561,10.9957,1.317e-05,10799,58.6466,high
videos,z-7AhJ55htQ,30.0544,50.0907,0.00889339,6056,0.0,
videos,5FGhTnItih0,30.0494,50.0824,0.00888306,6057,0.0,
videos,tRY9CyMqkBw,30.0445,50.0742,0.00887471,6058,0.0,
videos,2Ova2IzwfQ8,30.0395,50.0659,0.0088633,6059,0.0,
videos,q9E6znswOCQ,30.0346,50.0577,0.00885447,6060,0.0,
videos,0msZAwQ87SY,30.0297,50.0495,0.00885004,6061,0.0,
videos,YiN73UbUHrc,30.0148,50.0247,0.00882886,6064,0.0,
videos,RwMbKvJ-B3A,30.0049,50.0082,0.00881496,6066,0.0,
videos,i4okSNb82mc,30.0029,0.0,0.0,,75.0072,high
videos,ZqHCrQ21ycc,30.0,50.0,0.00880591,6067,0.0,
videos,6Zorvbs7fPQ,29.9951,49.9918,0.00879609,6068,0.0,
videos,6pXmH_cJs8k,29.9852,49.9753,0.00877902,6070,0.0,
videos,KU0Yj-g_mC4,29.9802,49.967,0.00877107,6071,0.0,
videos,quur-2bQlco,29.9778,0.0,0.0,,74.9446,high
videos,UqXroPnAU0g,29.9764,15.6116,3.346e-05,10239,51.5237,high
videos,t6U3WwyQ1Qc,29.9753,49.9588,0.00876698,6072,0.0,
videos,5spLqJ01P4U,29.9703,49.9505,0.00876176,6073,0.0,
videos,9iZOOr8r3gI,29.9664,14.062,2.47e-05,10427,53.8231,high
videos,ZXyuIi2A1SU,29.9659,13.4685,2.245e-05,10499,54.712,high
videos,21kTfifh34I,29.9654,49.9423,0.00874641,6074,0.0,
videos,CrzwtgO-2Pc,29.9576,11.3996,1.433e-05,10750,57.7946,high
videos,CC7_Pl3IzbA,29.9562,0.0,0.0,,74.8905,high
videos,STKnHZ9A21A,29.9555,49.9258,0.00873273,6076,0.0,
videos,0e7gi5hi5HY,29.9506,49.9176,0.00873267,6077,0.0,
videos,G9L3zK57X6Y,29.9407,49.9011,0.00869502,6079,0.0,
videos,Hu3YbcV069Y,29.9406,0.0,0.0,,74.8514,high
videos,foMj64XobkI,29.9357,49.8928,0.00868295,6080,0.0,
videos,XZEU-F7O350,29.9328,0.0,0.0,,74.832,high
videos,A1L5OMXeeCU,29.9308,49.8846,0.0086682,6081,0.0,
videos,47_9yv3qTVc,29.9258,49.8764,0.0086493,6082,0.0,
videos,Q1yY00j66Ow,29.9209,49.8681,0.00864912,6083,0.0,
videos,cwrR4ZFDwAM,29.911,49.8516,0.00864519,6085,0.0,
videos,9NnpoUfslzk,29.906,49.8434,0.00862023,6086,0.0,
videos,-KgBCTZfOqk,29.9011,49.8351,0.00861193,6087,0.0,
videos,h5R4_ecT1jw,29.8961,49.8269,0.00857958,6088,0.0,
videos,He06NHi44Lw,29.8923,12.3887,1.796e-05,10630,56.1477,high
videos,5YPhyvcGAf4,29.8912,49.8187,0.00857673,6089,0.0,
videos,bOSoCcUsmK0,29.8862,49.8104,0.00855614,6090,0.0,
videos,2n41YjR5QfU,29.8821,0.0,0.0,,74.7053,high
videos,gFfZcK5edOo,29.8813,49.8022,0.00855227,6091,0.0,
videos,ziiO9Srp1Js,29.8763,49.7939,0.00853747,6092,0.0,
videos,IYLfAiWwIk0,29.8664,49.7774,0.00851277,6094,0.0,
videos,EfM546A79aM,29.8615,49.7692,0.0085007,6095,0.0,
videos,Uh7ns11EoQY,29.8566,49.761,0.00849746,6096,0.0,
videos,aavXkn98MAk,29.8516,49.7527,0.00849409,6097,0.0,
videos,ktzMKc2WCKU,29.8467,49.7445,0.0084926,6098,0.0,
videos,yKQrFf1_16g,29.8417,16.4771,3.82e-05,10134,49.8885,high
videos,Z5WpJ83h9f4,29.8417,49.7362,0.00847077,6099,0.0,
videos,5FHeRSkC-4Y,29.8379,12.1579,1.69e-05,10658,56.3578,high
videos,Qwkr0eJ3ki0,29.8368,49.728,0.00844282,6100,0.0,
videos,V2Yqf9rGoIs,29.8318,49.7197,0.00843638,6101,0.0,
videos,4Vj9n8XYi_0,29.8308,9.1494,8.2e-06,11023,60.853,high
videos,4WQ95dD2S9w,29.8292,12.5865,1.872e-05,10605,55.6933,high
videos,vTytZucbrpw,29.8269,49.7115,0.00842921,6102,0.0,
videos,gyx2bEbLcE4,29.8217,13.2954,2.167e-05,10521,54.6112,high
videos,CIb45xIPHxA,29.817,49.695,0.00840546,6104,0.0,
videos,gh_pULBC0K4,29.8071,49.6785,0.00839426,6106,0.0,
videos,SmowgKDun54,29.8057,3.2559,2.01e-06,11738,69.6303,high
videos,1Aj-3693TmE,29.8005,0.0,0.0,,74.5012,high
videos,24B6whoZ1HE,29.7974,0.0,0.0,,74.4934,high
videos,3PL615dlhck,29.7973,49.6621,0.00836967,6108,0.0,
videos,U-bXCMroEU8,29.7923,49.6538,0.00834468,6109,0.0,
videos,HKtPpGUPeCI,29.7874,49.6456,0.00832863,6110,0.0,
videos,r__OA8AUP0Q,29.7775,49.6291,0.00830217,6112,0.0,
videos,I5JVG16X5kw,29.7626,49.6044,0.00826212,6115,0.0,
videos,ahbVQjqOEBA,29.7577,49.5961,0.00825064,6116,0.0,
videos,UGWvO7xgyfs,29.7478,49.5796,0.00823123,6118,0.0,
videos,TRVnxUYQAmI,29.7379,49.5631,0.00821912,6120,0.0,
videos,rqOO5s2X-iY,29.7329,49.5549,0.00819745,6121,0.0,
videos,djhpAOpk8jA,29.728,49.5467,0.00819581,6122,0.0,
videos,3paTw6Mc6Ok,29.7197,8.7784,7.66e-06,11068,61.1317,high
videos,sK7zh3gghC0,29.7181,49.5302,0.00816505,6124,0.0,
videos,0kEziKyt9eA,29.7131,49.5219,0.00815685,6125,0.0,
videos,CV8Le4JV5Vo,29.7082,49.5137,0.00815116,6126,0.0,
videos,EYHi689-YQM,29.7032,49.5054,0.00814616,6127,0.0,
videos,qtz20vF8OR0,29.6983,49.4972,0.00814554,6128,0.0,
videos,nUate2dHQPs,29.6884,49.4807,0.00812988,6130,0.0,
videos,FCQ359CqoRw,29.6869,12.2733,1.734e-05,10644,55.8073,high
videos,JF8XYMwxHRo,29.6835,49.4725,0.00811216,6131,0.0,
videos,d47bghp8Mq0,29.6787,0.0,0.0,,74.1968,high
videos,bsqWl-u1aQQ,29.6785,49.4642,0.00810443,6132,0.0,
videos,astvjTKc5ho,29.6686,49.4477,0.00807897,6134,0.0,
videos,FarbYlq2660,29.6634,13.485,2.257e-05,10497,53.931,high
videos,Wln7O0NmTGc,29.6588,49.4313,0.00800813,6136,0.0,
videos,r2Jqpz_Rx4E,29.6577,6.7755,4.86e-06,11311,63.9811,high
videos,OB0OVWd6bm4,29.6538,49.423,0.00799907,6137,0.0,
videos,h4TS-qQr0Gg,29.6517,12.4299,1.806e-05,10625,55.4845,high
videos,wUlTHLxHgzQ,29.6439,49.4065,0.00799691,6139,0.0,
videos,jekZScEIl6k,29.6424,11.0946,1.344e-05,10787,57.4641,high
videos,QqSxuC0zgbE,29.639,49.3983,0.00799036,6140,0.0,
videos,ykDNXygXiiM,29.6291,49.3818,0.00795935,6142,0.0,
videos,g6YU5lYVpGg,29.6242,49.3736,0.00795931,6143,0.0,
videos,ykS1B9741gw,29.6201,11.4326,1.447e-05,10746,56.9014,high
videos,BOZc4HTetFQ,29.6192,49.3653,0.00795116,6144,0.0,
videos,QAq1zaVE1vQ,29.6186,11.7293,1.549e-05,10710,56.4526,high
videos,rq-H0tcHGlM,29.6143,49.3571,0.00792892,6145,0.0,
videos,LNUpaNZZIvo,29.6093,49.3488,0.00792687,6146,0.0,
videos,p1hWHmcj2lY,29.6044,49.3406,0.00792465,6147,0.0,
videos,sWXnmNIm2H0,29.5994,49.3323,0.00792045,6148,0.0,
videos,RgQcGzKgD54,29.599,0.0,0.0,,73.9974,high
videos,5FPa_HUKE5w,29.5937,11.4078,1.441e-05,10749,56.8725,high
videos,7kb3FhpkZow,29.5908,1.8958,1.33e-06,11902,71.1333,high
videos,gqGLggf4ILs,29.5898,4.7066,2.97e-06,11562,66.9147,high
videos,dqCJM0dP9ag,29.5895,49.3159,0.00790545,6150,0.0,
videos,ZICbwQCN62E,29.5883,11.5809,1.49e-05,10728,56.5994,high
videos,Gk4kY44Zctg,29.5846,49.3076,0.00790116,6151,0.0,
videos,RFeL3FSRBV0,29.5747,49.2911,0.00784531,6153,0.0,
videos,6DN9m2ldq_s,29.5697,49.2829,0.0078291,6154,0.0,
videos,xp4Grz95_bM,29.568,13.79,2.373e-05,10460,53.2349,high
videos,fJQe3Iv1-1k,29.5648,49.2746,0.00782902,6155,0.0,
videos,Qo6Tvy_P6As,29.5598,49.2664,0.00779486,6156,0.0,
videos,4lFRdsxKqqw,29.5581,0.0,0.0,,73.8952,high
videos,lrQ_HEg9uZw,29.5551,13.6911,2.34e-05,10472,53.3511,high
videos,Swwul9PLlgI,29.5549,49.2582,0.0077898,6157,0.0,
videos,c4sRc5NhFjw,29.5499,49.2499,0.00778898,6158,0.0,
videos,cIH8NRNd4ow,29.545,49.2417,0.00776839,6159,0.0,
videos,5nHS58NQP9Q,29.5355,12.3722,1.792e-05,10632,55.2805,high
videos,bFO0uAMPx1g,29.5351,49.2252,0.00765947,6161,0.0,
videos,GsaFzP9iaOs,29.5341,11.7046,1.533e-05,10713,56.2784,high
videos,Djmd-1ceyQU,29.5252,49.2087,0.00764435,6163,0.0,
videos,-Fg4HOV7Cqk,29.5198,0.0,0.0,,73.7996,high
videos,4RHMd54F8CU,29.5157,11.1523,1.365e-05,10780,57.0608,high
videos,5PsQ9MgwBg4,29.5153,49.1922,0.0075856,6165,0.0,
videos,SusbL9VQjc0,29.5104,49.184,0.00757243,6166,0.0,
videos,QxZ-8DU3Aqo,29.5095,7.6904,6.01e-06,11200,62.2381,high
videos,JW4HeGtxP7w,29.5054,49.1757,0.00756797,6167,0.0,
videos,fWW7RJfMsMc,29.5005,49.1675,0.00754488,6168,0.0,
videos,C8wtw3qrjcg,29.4955,49.1592,0.00751039,6169,0.0,
videos,zM4Ka1QcOeg,29.4906,49.151,0.00750881,6170,0.0,
videos,vpXQxwRLB7M,29.4857,49.1428,0.00747796,6171,0.0,
videos,6jhjb8l8098,29.4807,49.1345,0.00746379,6172,0.0,
videos,EpLJ-3_ln2w,29.4785,14.9604,2.978e-05,10318,51.2557,high
videos,Bj58LNtlXCg,29.4758,49.1263,0.00745431,6173,0.0,
videos,hEib-PZslpk,29.4708,49.118,0.00744901,6174,0.0,
videos,BByuka_1eD4,29.47,13.6746,2.328e-05,10474,53.163,high
videos,5T_s2H-hqUk,29.4659,49.1098,0.00744858,6175,0.0,
videos,Tum1rSnBoSs,29.4511,49.0851,0.00743104,6178,0.0,
videos,e3Fvw_RyN14,29.4412,49.0686,0.00739648,6180,0.0,
videos,Ly9bwf7TlL0,29.4362,49.0603,0.0073867,6181,0.0,
videos,VqBeHeuLe5g,29.4313,49.0521,0.00736834,6182,0.0,
videos,Eal2j8IoM1o,29.4214,49.0356,0.00736221,6184,0.0,
videos,YHAE3_HKoEU,29.4164,49.0274,0.00734697,6185,0.0,
videos,B3cTDiA5HNI,29.4127,13.5922,2.303e-05,10484,53.1434,high
videos,TTgzX6Qu058,29.4115,49.0191,0.0073358,6186,0.0,
videos,9QqekQtgBr8,29.4065,49.0109,0.00733324,6187,0.0,
videos,VHGGoxOG5mk,29.4016,49.0026,0.0073196,6188,0.0,
videos,YnrNJ6jDqRk,29.3972,0.0,0.0,,73.493,high
videos,410O-VBibqI,29.3966,48.9944,0.00731814,6189,0.0,
videos,kZxKfrchAg8,29.3917,48.9862,0.00730567,6190,0.0,
videos,_w9zcg-hJ30,29.3867,48.9779,0.00729619,6191,0.0,
videos,tEqJnMTnzyE,29.3818,48.9697,0.00727815,6192,0.0,
videos,LFwV8e2z-G8,29.3719,48.9532,0.00725994,6194,0.0,
videos,Z8guDAO5P90,29.3669,48.9449,0.00722394,6195,0.0,
videos,WVcXpubcYD4,29.362,48.9367,0.00721672,6196,0.0,
videos,5TvXFElz9Xc,29.3571,48.9285,0.00719145,6197,0.0,
videos,mcXmr_WdOS4,29.3521,48.9202,0.00718992,6198,0.0,
videos,z1H7RT_FSOY,29.351,0.0,0.0,,73.3774,high
videos,vtAETSPbEck,29.3472,48.912,0.00718501,6199,0.0,
videos,Ki4aD6ro0pY,29.3373,48.8955,0.00715321,6201,0.0,
videos,6Vlxp1yZRts,29.3323,48.8872,0.00715159,6202,0.0,
videos,EWDuqWRqngo,29.3274,48.879,0.00714427,6203,0.0,
videos,H7TE0JWJLjE,29.3226,12.2156,1.704e-05,10651,54.9831,high
videos,D1XEkBcNiV0,29.3225,48.8708,0.00713749,6204,0.0,
videos,DLZNZjlg8CU,29.3207,9.3884,8.68e-06,10995,59.2192,high
videos,lHsk77yEyxE,29.3175,48.8625,0.00712712,6205,0.0,
videos,udbYww6VbHA,29.3165,8.8279,7.73e-06,11064,60.0493,high
videos,-0FsgHxwxgQ,29.3126,48.8543,0.0071144,6206,0.0,
videos,zrtT0pVr-Ro,29.3114,7.5668,5.82e-06,11215,61.9282,high
videos,z44a5J9Y8pY,29.3076,48.846,0.00711145,6207,0.0,
videos,2e19gwn7zbA,29.3027,48.8378,0.00710813,6208,0.0,
videos,uWa0odbimaU,29.2977,48.8295,0.0071048,6209,0.0,
videos,ihsdHHzZ_0I,29.2928,48.8213,0.00709497,6210,0.0,
videos,lORsDGg9QQ4,29.2841,0.0,0.0,,73.2102,high
videos,iI3dXaOKFO0,29.2812,10.2374,1.084e-05,10891,57.8468,high
videos,gp53gnQSQnY,29.273,48.7883,0.00706781,6214,0.0,
videos,DIHBUVqf4mE,29.2681,48.7801,0.00704836,6215,0.0,
videos,a8prT6uheso,29.2582,48.7636,0.00704584,6217,0.0,
videos,i8cqk1KCZ9E,29.2537,0.0,0.0,,73.1342,high
videos,Q8dGn1w5wzg,29.2526,0.0,0.0,,73.1315,high
videos,vTSu9hdvNrQ,29.2507,1.6485,1.25e-06,11929,70.654,high
videos,i0h5BpYGaf0,29.2483,48.7471,0.00704169,6219,0.0,
videos,-Ys5lE25xC4,29.2433,48.7389,0.00701517,6220,0.0,
videos,uVwaetEE8sQ,29.2334,48.7224,0.0070107,6222,0.0,
videos,CE6tiT3Q6c4,29.2285,48.7141,0.00698654,6223,0.0,
videos,9CyuFF2sjgo,29.2235,48.7059,0.00698076,6224,0.0,
videos,O8ApdxIW9QI,29.2136,48.6894,0.00695635,6226,0.0,
videos,fxTMwoRGE48,29.2087,48.6812,0.00694568,6227,0.0,
videos,u7Xj7uWBM_U,29.2037,48.6729,0.00693038,6228,0.0,
videos,_mbR4PBx8xo,29.1988,48.6647,0.00693006,6229,0.0,
videos,V2GG26cyGqM,29.1938,48.6564,0.00691174,6230,0.0,
videos,33DuRU_bMmQ,29.1906,13.6663,2.326e-05,10475,52.4771,high
videos,9KTjXbQ9Vzg,29.184,48.64,0.006893,6232,0.0,
videos,vuWDCN7CsrQ,29.1822,8.7207,7.53e-06,11075,59.8744,high
videos,v4imTWI_RFs,29.179,48.6317,0.00687925,6233,0.0,
videos,AvjgW_whRlg,29.1709,9.001,7.98e-06,11041,59.4257,high
videos,-mNk_8JHnl4,29.1691,48.6152,0.00687107,6235,0.0,
videos,VvAiSqhdCgM,29.1642,48.607,0.00686992,6236,0.0,
videos,52Ont9imJEI,29.1589,0.0,0.0,,72.8972,high
videos,Q0lxVhPyIE0,29.1543,48.5905,0.00684402,6238,0.0,
videos,_mDC1IYk2eI,29.1444,48.574,0.00683143,6240,0.0,
videos,MgHRf6e1_gc,29.1408,11.8035,1.565e-05,10701,55.1467,high
videos,BZU-8WiChcg,29.1406,0.0,0.0,,72.8516,high
videos,i7mBmN-1A-g,29.1396,11.6222,1.502e-05,10723,55.4158,high
videos,CrRDZ2JL9-0,29.1395,48.5658,0.00681882,6241,0.0,
videos,IJBeCRHSdgk,29.1376,0.0,0.0,,72.8441,high
videos,98c9z_RI6cE,29.1345,48.5575,0.00681406,6242,0.0,
videos,k2v6Yr5ZADk,29.1308,0.0,0.0,,72.827,high
videos,jDvUEfz3Srs,29.1296,48.5493,0.00680088,6243,0.0,
videos,eQY9DIXicDE,29.1296,0.0,0.0,,72.8239,high
videos,pWmSXXvaMf0,29.1243,12.4135,1.801e-05,10627,54.1905,high
videos,MAkw0RW4d4o,29.1197,48.5328,0.00679575,6245,0.0,
videos,jI7t-1MMzh0,29.1098,48.5163,0.00678589,6247,0.0,
videos,NugypjaXLE8,29.1049,48.5081,0.00678461,6248,0.0,
videos,MSHB6HMS5KI,29.095,48.4916,0.00675106,6250,0.0,
videos,wwT8r_gacbs,29.09,48.4833,0.00674988,6251,0.0,
videos,5Q_17JtkSYs,29.0868,8.7949,7.71e-06,11066,59.5247,high
videos,yzvyMDbRrdw,29.0752,48.4586,0.00671963,6254,0.0,
videos,tE1LCtsYxug,29.0654,9.5697,9.05e-06,10972,58.309,high
videos,VgJndM6d3Ps,29.0603,48.4339,0.0066997,6257,0.0,
videos,y9iuzOQo1_Q,29.0554,48.4257,0.00669675,6258,0.0,
videos,K7v7PyzIwCA,29.0504,48.4174,0.00669137,6259,0.0,
videos,qm8_zM3yy18,29.0306,48.3844,0.00662461,6263,0.0,
videos,P6_upExfS_c,29.0208,48.368,0.00658092,6265,0.0,
videos,E-UzIPwQOLI,29.0181,9.1411,8.19e-06,11024,58.8335,high
videos,ccg1Plh4ue4,29.0166,0.0,0.0,,72.5415,high
videos,ikgtOLCUU6s,29.0158,48.3597,0.00657545,6266,0.0,
videos,xelJoPkMKLM,29.0109,48.3515,0.00657145,6267,0.0,
videos,We1a4hRiV7U,29.0059,48.3432,0.0065693,6268,0.0,
videos,iZrJCbSwxgk,29.001,48.335,0.00656292,6269,0.0,
videos,lbTanApKAi0,28.996,48.3267,0.00654259,6270,0.0,
videos,ql73NQ_xR90,28.9911,48.3185,0.00653899,6271,0.0,
videos,uWR1fYDhLOM,28.9763,48.2938,0.00653256,6274,0.0,
videos,4t707LI1Bro,28.9713,48.2855,0.00653213,6275,0.0,
videos,Ndf8stakRVI,28.9643,9.3637,8.67e-06,10997,58.3652,high
videos,CU7YtvFgnow,28.9614,48.269,0.00651613,6277,0.0,
videos,OQk7SeFh2fU,28.9565,48.2608,0.00650977,6278,0.0,
videos,_B7FcSFM2dE,28.9561,11.4903,1.467e-05,10739,55.1549,high
videos,wmr-HCxJrds,28.9516,12.7514,1.938e-05,10587,53.252,high
videos,3vXYB4afZ_Q,28.9516,48.2526,0.0065025,6279,0.0,
videos,gMOeikf_c6w,28.9466,48.2443,0.00650019,6280,0.0,
videos,hu3vDRFaVe0,28.9367,48.2278,0.00648321,6282,0.0,
videos,bDV-8cAhTpI,28.9318,48.2196,0.00647963,6283,0.0,
videos,svTKNBo0Ap4,28.9295,0.0,0.0,,72.3237,high
videos,XmVjhmNTaqc,28.9268,48.2113,0.00647724,6284,0.0,
videos,aSWGObWG7pA,28.9219,48.2031,0.00647152,6285,0.0,
videos,ZPzSDzVt4og,28.9169,48.1949,0.00646367,6286,0.0,
videos,W6fsKVcPKCs,28.9105,10.7237,1.226e-05,10832,56.1907,high
videos,xoC3uoUg68c,28.9036,0.0,0.0,,72.2591,high
videos,m-OUrCvcVQg,28.9021,48.1701,0.00645334,6289,0.0,
videos,i6-ucm00QtE,28.8922,48.1536,0.00643048,6291,0.0,
videos,OagsSY1G0-g,28.8914,0.0,0.0,,72.2285,high
videos,lYOyi_BOGLg,28.8872,48.1454,0.00642029,6292,0.0,
videos,Sz-I-iNw540,28.8823,48.1372,0.0064025,6293,0.0,
videos,5LrVCWPRfpM,28.8773,48.1289,0.00639849,6294,0.0,
videos,5CejNrRoHsw,28.8674,48.1124,0.00634687,6296,0.0,
videos,twisvC4YrLo,28.8661,7.0063,5.13e-06,11282,61.6559,high
videos,b5rjn14NDZM,28.8498,11.0864,1.343e-05,10788,55.495,high
videos,AQxQCK4DPjU,28.8477,48.0795,0.00632418,6300,0.0,
videos,Zs1Cailo35A,28.8427,48.0712,0.0063231,6301,0.0,
videos,K9HpaaUwHsg,28.8328,48.0547,0.00630922,6303,0.0,
videos,APxTNjOMaKU,28.8229,48.0382,0.00630529,6305,0.0,
videos,-QZiDplvgT0,28.8131,48.0218,0.00628808,6307,0.0,
videos,gbOXs91jEdg,28.8081,48.0135,0.00627649,6308,0.0,
videos,ZUGEX-z-i7s,28.8032,48.0053,0.00627421,6309,0.0,
videos,kd6a5MVTPNo,28.7997,0.0,0.0,,71.9993,high
videos,EJrZ05I9nqI,28.7982,47.997,0.00627077,6310,0.0,
videos,YhSa7kEH2UQ,28.7883,47.9805,0.00625023,6312,0.0,
videos,nv5UvS2BonE,28.7834,47.9723,0.00623826,6313,0.0,
videos,BZ67OQvrYa8,28.7785,47.9641,0.00623137,6314,0.0,
videos,H0sP0lIrWLk,28.7735,47.9558,0.00622659,6315,0.0,
videos,zfO3DKNOeEI,28.7686,47.9476,0.00620937,6316,0.0,
videos,UHhWX3Ec7-k,28.7587,47.9311,0.00617953,6318,0.0,
videos,lcNswfigZwU,28.7553,12.5783,1.871e-05,10607,53.0207,high
videos,0ySb2IpYdvM,28.7537,47.9228,0.00617239,6319,0.0,
videos,GwZNHu4jsAs,28.7488,47.9146,0.00617017,6320,0.0,
videos,LkaaMQx9uZ0,28.7438,47.9064,0.00616453,6321,0.0,
videos,_PdUw0-WNVA,28.7416,0.0,0.0,,71.8541,high
videos,phB6x3bRVWo,28.7389,47.8981,0.00614729,6322,0.0,
videos,F8MDpTmHdsg,28.729,47.8816,0.00611793,6324,0.0,
videos,GtRVaZAM_V8,28.7244,8.3004,6.91e-06,11126,59.3603,high
videos,SXfDBlyqkNQ,28.7191,47.8652,0.0061054,6326,0.0,
videos,YdS9wcaAomo,28.7158,8.185,6.75e-06,11140,59.512,high
videos,G6-tr9CWCO8,28.7111,8.4899,7.21e-06,11103,59.0428,high
videos,RpqU0uB8etw,28.7042,47.8404,0.00607498,6329,0.0,
videos,wisccQYTRQc,28.6894,47.8157,0.0060475,6332,0.0,
videos,P4WhhwYANuY,28.6845,47.8075,0.00604592,6333,0.0,
videos,mCPncCIjO4w,28.6746,47.791,0.00604141,6335,0.0,
videos,hP4nL8ltgr8,28.6696,47.7827,0.00603452,6336,0.0,
videos,QLClr3VuncY,28.6647,47.7745,0.0060198,6337,0.0,
videos,AuFEm-inFjA,28.6572,0.0,0.0,,71.6431,high
videos,CAmqwjTsPtI,28.6548,47.758,0.00601572,6339,0.0,
videos,MLjLWAI9z1Y,28.6499,47.7498,0.00600889,6340,0.0,
videos,lF799RaeuKo,28.6462,10.3281,1.103e-05,10880,56.1233,high
videos,2VyyGdO5O80,28.6449,15.9908,3.562e-05,10193,47.626,medium
videos,ZA_zG0eEN4g,28.64,47.7333,0.00597383,6342,0.0,
videos,13H3bGs1NN0,28.64,9.5862,9.11e-06,10969,57.2207,medium
videos,Xlb-7x-mPm0,28.635,47.725,0.00597184,6343,0.0,
videos,IbAhTlDbjWw,28.6301,47.7168,0.00597112,6344,0.0,
videos,JCgyVmINgMA,28.6294,10.5424,1.16e-05,10854,55.7598,high
videos,sTjNjFfBbVA,28.6251,47.7085,0.00596069,6345,0.0,
videos,F_9rJlj5xLE,28.6245,7.3525,5.54e-06,11241,60.5326,high
videos,txx-Ykakklg,28.6205,10.1962,1.068e-05,10896,56.257,high
videos,DFRhD8uvQmo,28.6202,47.7003,0.00595744,6346,0.0,
videos,sVURLDmd-H0,28.6153,47.6921,0.00595255,6347,0.0,
videos,bKynKthF-7w,28.6109,6.4045,4.42e-06,11357,61.9205,high
videos,BnaQRh42Xes,28.6103,47.6838,0.00594222,6348,0.0,
videos,o9244Z7lTlM,28.6054,47.6756,0.00594105,6349,0.0,
videos,b-zmLUk6J04,28.5955,47.6591,0.00592404,6351,0.0,
videos,zreHryAsvy4,28.5905,47.6508,0.00591215,6352,0.0,
videos,Zn40Adc90RE,28.5856,47.6426,0.0058993,6353,0.0,
videos,uPo_j7102wc,28.5827,14.9687,2.981e-05,10317,49.0037,high
videos,4mdKB6Icd0s,28.5806,47.6344,0.00589883,6354,0.0,
videos,expB7HYAUYI,28.5757,47.6261,0.00589118,6355,0.0,
videos,Dmwp7ucZ3AM,28.5752,0.0,0.0,,71.4379,high
videos,Q3sICoBEvd4,28.5707,47.6179,0.00588792,6356,0.0,
videos,GqSdx8PiMmg,28.5559,47.5931,0.00586202,6359,0.0,
videos,c4tmXWpX2Dc,28.5509,47.5849,0.00586099,6360,0.0,
videos,jodBUyXeOeg,28.541,47.5684,0.00584183,6362,0.0,
videos,pLG8BNTzrXU,28.5361,47.5602,0.0058388,6363,0.0,
videos,JDjgXM1APEY,28.5311,47.5519,0.0058343,6364,0.0,
videos,05erGyikLqo,28.5262,47.5437,0.00583328,6365,0.0,
videos,69n9p4GMxzE,28.5212,47.5354,0.00583257,6366,0.0,
videos,ihfE5M7F_LE,28.5064,47.5107,0.00580501,6369,0.0,
videos,NUf5wCX9H3g,28.5015,47.5025,0.00578462,6370,0.0,
videos,kHnufVcrv7Y,28.4984,0.0,0.0,,71.246,high
videos,Ojj_0NHhCAM,28.4916,47.486,0.00576962,6372,0.0,
videos,HQz-l-Lkyoo,28.4866,47.4777,0.00575347,6373,0.0,
videos,Ug_Rml165Is,28.4817,47.4695,0.00574532,6374,0.0,
videos,-mVpuG3-LDA,28.4669,47.4448,0.00571961,6377,0.0,
videos,RGLlONMrKD0,28.4619,47.4365,0.00571616,6378,0.0,
videos,z7dPy1AOIC8,28.457,47.4283,0.00571107,6379,0.0,
videos,eqVMNuxLXL8,28.4438,9.8747,9.67e-06,10935,56.2975,high
videos,X9fGa-F_ars,28.4422,47.4036,0.00569955,6382,0.0,
videos,-2fFUIZT9rA,28.4372,47.3953,0.00569596,6383,0.0,
videos,kd5XNSOIZws,28.4323,47.3871,0.00567906,6384,0.0,
videos,V6J_YA2vxbY,28.4273,47.3788,0.00567652,6385,0.0,
videos,8IrtI23TtrI,28.4224,47.3706,0.00566724,6386,0.0,
videos,Z85WFLTbQgE,28.4154,10.7979,1.258e-05,10823,54.8416,high
videos,n85EBdbts9A,28.4138,8.0448,6.53e-06,11157,58.9672,high
videos,-LYCswUJuwY,28.4125,47.3541,0.00565543,6388,0.0,
videos,XMjhSvERyMA,28.4075,47.3459,0.00565424,6389,0.0,
videos,sDQaMKC8OXA,28.4026,47.3376,0.00565016,6390,0.0,
videos,gfMH1kgLrPw,28.3976,47.3294,0.00564392,6391,0.0,
videos,c1iwxVhvt9A,28.3927,47.3211,0.0056384,6392,0.0,
videos,PctAeaDxWXw,28.3877,47.3129,0.00563431,6393,0.0,
videos,Z5m9Mrp5hDo,28.3828,47.3046,0.00562182,6394,0.0,
videos,VphiK5hlOZU,28.3799,11.7458,1.553e-05,10709,53.3311,high
videos,2ATbDN2rj2I,28.3775,0.0,0.0,,70.9437,high
videos,1tLmRC9W7Rw,28.3685,0.0,0.0,,70.9212,high
videos,IlEoy6549WU,28.363,47.2717,0.00560572,6398,0.0,
videos,ac8Y_K0aY9I,28.3548,6.1902,4.15e-06,11381,61.6018,high
videos,qq7G6GjtyxQ,28.3531,47.2552,0.00558832,6400,0.0,
videos,uwTfHVEx5Go,28.3482,47.247,0.00558211,6401,0.0,
videos,qOPxyBzMwME,28.3432,47.2387,0.00557423,6402,0.0,
videos,jfhQm3M3PYM,28.3383,47.2305,0.00557376,6403,0.0,
videos,DNY6MpF2ONI,28.3333,47.2222,0.00556625,6404,0.0,
videos,QduEFho6dLg,28.3281,1.4837,1.18e-06,11953,68.5947,high
videos,3KFpcfNXDG8,28.319,9.9736,9.95e-06,10923,55.837,high
videos,ftb0-5zaBgY,28.3147,5.572,3.66e-06,11460,62.4287,high
videos,s3HptkX4iVg,28.3136,47.1893,0.00554004,6408,0.0,
videos,B1_f9PNzJyE,28.3037,47.1728,0.00553242,6410,0.0,
videos,1XcHKiDHsnQ,28.2987,47.1645,0.00552983,6411,0.0,
videos,5Ag3NIHs7EQ,28.2938,47.1563,0.0055256,6412,0.0,
videos,89cKjL2-Ipk,28.2888,47.148,0.00551791,6413,0.0,
videos,KifM8lSTBz0,28.2846,0.0,0.0,,70.7116,high
videos,hQpgVX-tI_w,28.279,47.1316,0.00546759,6415,0.0,
videos,dP-l-THMWK4,28.274,47.1233,0.00546301,6416,0.0,
videos,BBHHJJqpDVU,28.2691,47.1151,0.00545201,6417,0.0,
videos,GLSwQTZGdF4,28.2641,47.1068,0.00545105,6418,0.0,
videos,rL_hE_KJ-zk,28.2592,47.0986,0.00544899,6419,0.0,
videos,fEbj4IR-9wA,28.2443,47.0739,0.00540167,6422,0.0,
videos,jnRvQJZBjmA,28.2394,47.0656,0.00539864,6423,0.0,
videos,kzzMRpIAa-8,28.2344,47.0574,0.00538711,6424,0.0,
videos,8117zg17E1Q,28.2245,47.0409,0.00536367,6426,0.0,
videos,jyckMRDMvsc,28.2196,47.0326,0.00536092,6427,0.0,
videos,XwX3jfVsN24,28.2146,47.0244,0.00535961,6428,0.0,
videos,OEqMxMEBQQY,28.2097,47.0162,0.00535505,6429,0.0,
videos,rNCmdIRlLGA,28.2047,47.0079,0.00535145,6430,0.0,
videos,qn11BdxPv0g,28.1948,46.9914,0.0053315,6432,0.0,
videos,ZAcc0sjRjCo,28.1917,8.1438,6.62e-06,11146,58.2635,high
videos,olNV8U0XqcY,28.1899,46.9832,0.00532561,6433,0.0,
videos,Br3A_aox-_8,28.1849,46.9749,0.00531978,6434,0.0,
videos,sUX-g7ItmQg,28.18,46.9667,0.00531908,6435,0.0,
videos,iLMYNLHll1E,28.1751,46.9585,0.00531236,6436,0.0,
videos,d8WFKXIYNOo,28.1602,46.9337,0.00530082,6439,0.0,
videos,jrWCPhe19U4,28.1553,46.9255,0.00529719,6440,0.0,
videos,OnhXk0nCX8M,28.1503,46.9172,0.00529657,6441,0.0,
videos,s5IEZYywklg,28.1454,46.909,0.00529398,6442,0.0,
videos,z98JaGDTiPc,28.1405,46.9008,0.0052749,6443,0.0,
videos,14kKWgh-Y90,28.14,0.0,0.0,,70.35,high
videos,LMJb-_uL6lQ,28.1355,46.8925,0.00526539,6444,0.0,
videos,8mF2WlPnuhw,28.1306,46.8843,0.00526309,6445,0.0,
videos,gXJ_gZHv5Xc,28.1301,0.0,0.0,,70.3252,high
videos,quxOaVIQ-tw,28.1207,46.8678,0.00525892,6447,0.0,
videos,JvGMwE0kcXI,28.1059,46.8431,0.00524888,6450,0.0,
videos,v5Pud68g3Iw,28.1021,12.1002,1.653e-05,10665,52.105,high
videos,-C3YS6UgSXI,28.1009,46.8348,0.00523921,6451,0.0,
videos,wGSkUPDVlXU,28.096,46.8266,0.00523402,6452,0.0,
videos,h2jSzblhV4o,28.0956,11.0781,1.341e-05,10789,53.6219,high
videos,wf6JWXltPhw,28.091,46.8183,0.00522805,6453,0.0,
videos,ifyleyGo6mk,28.0861,46.8101,0.00521241,6454,0.0,
videos,FjVnLS0XGI4,28.0811,46.8018,0.00520352,6455,0.0,
videos,1DWBPvC0qmA,28.0788,10.8144,1.261e-05,10821,53.9753,high
videos,3tFvjmi7IjM,28.0762,46.7936,0.00519927,6456,0.0,
videos,uBp-DkrgOjA,28.0758,0.0,0.0,,70.1894,high
videos,bTi7I7D_UJY,28.0712,46.7854,0.00518684,6457,0.0,
videos,Jnuwx8mXK6M,28.0663,46.7771,0.00518622,6458,0.0,
videos,FlUiEro2aRI,28.0564,46.7606,0.0051681,6460,0.0,
videos,k9eYTW4auC8,28.0514,46.7524,0.0051666,6461,0.0,
videos,W2QohupR3lk,28.0415,46.7359,0.00515635,6463,0.0,
videos,HUsHHueT5p8,28.0411,0.0,0.0,,70.1028,high
videos,qcVv_uAzwXs,28.0348,12.603,1.874e-05,10604,51.1825,high
videos,P8vtnBZf0Mw,28.0267,46.7112,0.00510734,6466,0.0,
videos,yOM542yCElg,28.0217,46.7029,0.00509682,6467,0.0,
videos,HHUnDrP8pPI,28.0168,46.6947,0.00507764,6468,0.0,
videos,yr1Ood6dDF4,28.0118,46.6864,0.00506549,6469,0.0,
videos,YrjbQUCBgdw,28.0069,46.6782,0.00506512,6470,0.0,
videos,mKUtPyUIXoM,28.002,46.67,0.00506015,6471,0.0,
videos,uHppXZpyPvo,27.997,46.6617,0.00505858,6472,0.0,
videos,LyRpGSayf0I,27.9871,46.6452,0.0050477,6474,0.0,
videos,pMfhWWPwmzM,27.9854,9.273,8.43e-06,11009,56.054,high
videos,RmDKetuuIvE,27.9831,6.9074,5.03e-06,11295,59.5966,high
videos,LshQgLIV23c,27.9822,46.637,0.00504652,6475,0.0,
videos,QUnlNsZsPyc,27.9745,10.9875,1.316e-05,10800,53.4549,high
videos,t8pFlBGbWf8,27.9624,46.604,0.00502758,6479,0.0,
videos,AqjJLmw042U,27.9622,11.2348,1.385e-05,10770,53.0533,high
videos,nGb392euy9k,27.9525,46.5875,0.00501874,6481,0.0,
videos,wD2x6jdiOpw,27.9476,46.5793,0.00500842,6482,0.0,
videos,oBUYh950sI8,27.9377,46.5628,0.00499025,6484,0.0,
videos,nOE9TMSPUOw,27.9374,0.0,0.0,,69.8434,high
videos,yJn37oe9cEU,27.9328,46.5546,0.00497006,6485,0.0,
videos,O1lTs3rqbT8,27.9278,46.5463,0.00496731,6486,0.0,
videos,bJ8gVNkxvHw,27.9258,0.0,0.0,,69.8145,high
videos,iXW--Bd6p3w,27.9251,7.3195,5.48e-06,11247,58.8336,high
videos,riI4qkt-8es,27.908,46.5134,0.00493741,6490,0.0,
videos,0KiZMmveAQ0,27.9042,0.0,0.0,,69.7606,high
videos,ty1oF6ziaKU,27.9031,46.5051,0.00493383,6491,0.0,
videos,3qGb4Iov10k,27.8981,46.4969,0.00492672,6492,0.0,
videos,RyaetjZXino,27.8944,6.6848,4.78e-06,11322,59.7088,high
videos,7GjvpU7XZxA,27.8833,46.4721,0.00490199,6495,0.0,
videos,CWuuzaVVTaE,27.8734,46.4557,0.00488616,6497,0.0,
videos,HeaJbrqgjhY,27.8684,46.4474,0.00488463,6498,0.0,
videos,fGLTizNyxXs,27.8635,46.4392,0.00487298,6499,0.0,
videos,BSSCxZPQT4w,27.8585,46.4309,0.00486805,6500,0.0,
videos,8Uk97zU2GCg,27.8486,46.4144,0.00485761,6502,0.0,
videos,J0SHCCKS4EE,27.8338,46.3897,0.00482943,6505,0.0,
videos,6LJcIAqpUaQ,27.8289,46.3815,0.00482289,6506,0.0,
videos,NwS-JPiC1Vs,27.819,46.365,0.00481925,6508,0.0,
videos,7feN8bDlbY4,27.8164,0.0,0.0,,69.541,high
videos,W6BwhkzD-Xw,27.814,46.3567,0.00480076,6509,0.0,
videos,DB6M7oJSao4,27.8091,46.3485,0.00479626,6510,0.0,
videos,2DUkyKFtbbI,27.8076,5.1599,3.32e-06,11507,61.7792,high
videos,BSdXbVc6LDQ,27.7992,46.332,0.00478313,6512,0.0,
videos,tm3YRZ37_Ss,27.7844,46.3073,0.00476389,6515,0.0,
videos,yFuu5Ih_IFA,27.7794,46.299,0.00476225,6516,0.0,
videos,a_cDLZJNEZU,27.7745,46.2908,0.0047575,6517,0.0,
videos,p9uCitYnIbg,27.7735,8.6795,7.44e-06,11080,56.4146,high
videos,dTSPCRwjcdc,27.7696,46.2826,0.00475022,6518,0.0,
videos,36LtjaE0nGU,27.769,8.935,7.88e-06,11049,56.02,high
videos,IZ759wWZsbg,27.7646,46.2743,0.00474967,6519,0.0,
videos,BYT1-T_YCn8,27.7597,46.2661,0.00474918,6520,0.0,
videos,b7RJlcbf3kM,27.7568,7.2948,5.47e-06,11248,58.4499,high
videos,KwboqX33A98,27.7547,46.2578,0.00474242,6521,0.0,
videos,wGMmNPse6R0,27.7498,46.2496,0.004731,6522,0.0,
videos,FNhowkQP4DE,27.7448,46.2413,0.00472432,6523,0.0,
videos,VmO04_jkaMY,27.7429,8.7537,7.59e-06,11071,56.2267,high
videos,ogylPIRkGaw,27.7399,46.2331,0.00471229,6524,0.0,
videos,Rzj3O2ztjQ0,27.7349,46.2249,0.00470712,6525,0.0,
videos,F6s2q_lDOR4,27.725,46.2084,0.00469949,6527,0.0,
videos,AwMw_8ukKrA,27.7218,0.0,0.0,,69.3045,high
videos,8Irz7gAD6jM,27.7201,46.2001,0.00469422,6528,0.0,
videos,LHnks50uB3k,27.7177,9.8665,9.65e-06,10936,54.4945,high
videos,FXVCNSOTcb8,27.7116,0.0,0.0,,69.2791,high
videos,PG-XsYBx92c,27.7102,46.1836,0.00468087,6530,0.0,
videos,wdTA48MUQHg,27.7057,6.0748,4.05e-06,11396,60.1521,high
videos,9sWUa05yFsw,27.7003,46.1672,0.00465854,6532,0.0,
videos,roIMgWaqu2M,27.6904,46.1507,0.00464154,6534,0.0,
videos,0PRr0ocwEus,27.6854,46.1424,0.00464028,6535,0.0,
videos,FUy53St5PJg,27.6805,46.1342,0.00463577,6536,0.0,
videos,-tL4_cOrVrk,27.6755,46.1259,0.00462973,6537,0.0,
videos,gLpfsog8DBI,27.6706,46.1177,0.00462643,6538,0.0,
videos,d9m5qkLOly0,27.6657,46.1095,0.00462518,6539,0.0,
videos,tLHTIaFaz74,27.6649,7.8388,6.24e-06,11183,57.4041,high
videos,Hvz-52VCk0Q,27.6614,0.0,0.0,,69.1535,high
videos,XeN7wKfDOPk,27.6607,46.1012,0.00461955,6540,0.0,
videos,I3PIEyzSWSk,27.6558,46.093,0.00461109,6541,0.0,
videos,D8C33Nfyi4A,27.6459,46.0765,0.00460438,6543,0.0,
videos,6Pnsk6b0Rtc,27.6409,46.0682,0.00459987,6544,0.0,
videos,hjKJO1W_qyA,27.636,46.06,0.00459534,6545,0.0,
videos,GXxUpF5hfEI,27.6261,46.0435,0.00458042,6547,0.0,
videos,eAkUbuCJCDU,27.6212,46.0353,0.00457505,6548,0.0,
videos,L0VIPw0e5hM,27.6168,5.6215,3.67e-06,11455,60.6098,high
videos,etSVXPZ5Wjg,27.6162,46.027,0.0045649,6549,0.0,
videos,qcj3j-TQC6c,27.6142,0.0,0.0,,69.0354,high
videos,k4DtPZo86Zk,27.6113,46.0188,0.00456241,6550,0.0,
videos,4wUKlvu-Cis,27.6082,8.663,7.42e-06,11083,56.0259,high
videos,bZ9lf8s1gzY,27.6044,0.0,0.0,,69.011,high
videos,qZJKI0C4xWI,27.6014,46.0023,0.0045574,6552,0.0,
videos,murIgyRXSXU,27.5965,45.9941,0.00453805,6553,0.0,
videos,4HcV3EIgoXA,27.595,7.7069,6.08e-06,11198,57.4271,high
videos,5Kcw8vRNApE,27.5915,45.9858,0.00453283,6554,0.0,
videos,Dxni1jsXuLk,27.5866,45.9776,0.00453147,6555,0.0,
videos,6rKbB4wU9gk,27.5852,9.545,8.98e-06,10975,54.6456,high
videos,TmeeF71DXh4,27.5816,45.9693,0.00452981,6556,0.0,
videos,qOX66ftNzyY,27.5717,45.9529,0.0045119,6558,0.0,
videos,Lp6P2tbshTQ,27.5668,45.9446,0.00450643,6559,0.0,
videos,R4FEs2lJHEI,27.5618,45.9364,0.00450058,6560,0.0,
videos,1HfN-B2r794,27.5613,6.3963,4.42e-06,11356,59.3087,high
videos,TyqKzd4EOcU,27.5594,8.762,7.61e-06,11070,55.7555,high
videos,YGJpzhv5wH0,27.5569,45.9281,0.0044836,6561,0.0,
videos,ptTXk8zPp_s,27.5553,9.2648,8.43e-06,11008,54.991,high
videos,EjNeyh8i_L8,27.5519,45.9199,0.00448124,6562,0.0,
videos,qa5XIsbkzrQ,27.547,45.9116,0.00447781,6563,0.0,
videos,V32GpDz2QrY,27.542,45.9034,0.00447151,6564,0.0,
videos,sPNKy0u6hE0,27.5371,45.8952,0.00447045,6565,0.0,
videos,b6wdgNethfg,27.5272,45.8787,0.00446435,6567,0.0,
videos,qxj4Sr5Cm24,27.5074,45.8457,0.00443242,6571,0.0,
videos,VgnduAaSVyo,27.5025,45.8375,0.00442586,6572,0.0,
videos,vUlWysoasp8,27.4975,45.8292,0.00438809,6573,0.0,
videos,ddiF2zN5Bog,27.4926,45.821,0.00437849,6574,0.0,
videos,NrejMgh4_gA,27.4876,45.8127,0.00437745,6575,0.0,
videos,l4wOStt70KU,27.4827,45.8045,0.00437693,6576,0.0,
videos,v5ZCw2xbWvc,27.4777,45.7962,0.00435049,6577,0.0,
videos,ZFX_XL1QqhA,27.4728,45.788,0.00435041,6578,0.0,
videos,6Pq3Zzw89pk,27.4629,45.7715,0.00434107,6580,0.0,
videos,ByJAH8vTgfw,27.458,45.7633,0.00434062,6581,0.0,
videos,2ygmSFUv5ws,27.4488,9.3142,8.51e-06,11003,54.6506,high
videos,b1CdGZRFfbA,27.4481,45.7468,0.004334,6583,0.0,
videos,_YaxZ9A0DNo,27.4431,45.7385,0.00432639,6584,0.0,
videos,y9TmbD7I2z4,27.4382,45.7303,0.00431342,6585,0.0,
videos,zQE8YDqIGsE,27.4333,45.7221,0.00427821,6586,0.0,
videos,XS6IPDbVP48,27.4283,45.7138,0.00427355,6587,0.0,
videos,mla7eAF6EEw,27.4256,5.1022,3.25e-06,11514,60.9107,high
videos,Hz4oGBPppfs,27.4102,11.7128,1.544e-05,10712,50.9564,high
videos,0yKsXhgWsYM,27.4085,45.6808,0.00423962,6591,0.0,
videos,AuMS5zkCSxg,27.4036,45.6726,0.00423035,6592,0.0,
videos,ODzuUQH44Nw,27.3838,45.6396,0.00420632,6596,0.0,
videos,HM-Fu8Wchlc,27.3794,8.3168,6.93e-06,11124,55.9732,high
videos,m97VrsutW-s,27.364,45.6067,0.00415192,6600,0.0,
videos,l2fPONY495g,27.359,45.5984,0.00414819,6601,0.0,
videos,nHMYSbIy484,27.3541,45.5902,0.0041467,6602,0.0,
videos,DWt3zfqtI6g,27.3442,45.5737,0.00413717,6604,0.0,
videos,feNVY5_oI1s,27.3392,45.5654,0.00413657,6605,0.0,
videos,FydO7ICoOBU,27.3343,45.5572,0.00413621,6606,0.0,
videos,rKt7Y3Y8-js,27.3294,45.549,0.00413466,6607,0.0,
videos,gVBwX14zOak,27.3244,45.5407,0.0041268,6608,0.0,
videos,2e6jms-NJ1Q,27.3195,45.5325,0.00411695,6609,0.0,
videos,CtFL99H6XHY,27.3108,0.0,0.0,,68.2771,high
videos,a4Eqvm403-Y,27.3096,45.516,0.00411408,6611,0.0,
videos,1m3YefOpQl0,27.3046,45.5077,0.00410885,6612,0.0,
videos,bU-ZUUqopgA,27.3042,11.482,1.464e-05,10740,51.0376,high
videos,a0NWR-RaGi0,27.2997,45.4995,0.00410719,6613,0.0,
videos,RAP0l8BVwPA,27.2956,10.2786,1.095e-05,10886,52.821,high
videos,KCW9ves2xMQ,27.2898,45.483,0.00408887,6615,0.0,
videos,2AX78jq8oz4,27.2849,45.4748,0.00408789,6616,0.0,
videos,WLgylQN3enk,27.275,45.4583,0.00407699,6618,0.0,
videos,OICiVwtN9Uk,27.27,45.45,0.00407633,6619,0.0,
videos,cAAmLId_KO4,27.2602,45.4336,0.00407276,6621,0.0,
videos,VTYx7Ex-0bA,27.2578,0.0,0.0,,68.1446,high
videos,jC4almnopj8,27.2552,45.4253,0.00403528,6622,0.0,
videos,Vz5_6b3R7po,27.2503,45.4171,0.00403194,6623,0.0,
videos,AQcGWzXKGMs,27.2404,45.4006,0.00402428,6625,0.0,
videos,ECvnCLB8uag,27.2308,0.0,0.0,,68.0769,high
videos,W-N6ZQEzTNM,27.2255,45.3759,0.00402071,6628,0.0,
videos,FiPsnZX0iM8,27.2206,45.3676,0.00401489,6629,0.0,
videos,lLR732b1iuY,27.2156,45.3594,0.00400043,6630,0.0,
videos,Ks0IU8L9MTY,27.2107,45.3511,0.00398946,6631,0.0,
videos,Xz-77CekCP4,27.2057,45.3429,0.00397712,6632,0.0,
videos,9_u9eLFErFE,27.1958,45.3264,0.00396424,6634,0.0,
videos,oxEdBnEzTtg,27.1859,45.3099,0.00395355,6636,0.0,
videos,98As45Aa050,27.176,45.2934,0.00395312,6638,0.0,
videos,DZuwhMhQRS4,27.1725,0.0,0.0,,67.9313,high
videos,m3pN3e6q1R8,27.1711,45.2852,0.00394958,6639,0.0,
videos,E5Iq7CJpHrc,27.1662,45.277,0.00394126,6640,0.0,
videos,s9yPqIsFhms,27.1612,45.2687,0.00393844,6641,0.0,
videos,3VyeKCckqKY,27.1546,4.756,2.99e-06,11558,60.7524,high
videos,NRM-zBRHZFs,27.1513,45.2522,0.00391667,6643,0.0,
videos,MFqQ14KdXHk,27.1464,45.244,0.00391561,6644,0.0,
videos,myEXMAndcaM,27.1414,45.2357,0.00391531,6645,0.0,
videos,v_o1VV0CdRA,27.1365,45.2275,0.00391271,6646,0.0,
videos,bxb_G4Ly13I,27.1339,11.6881,1.526e-05,10715,50.3026,high
videos,S5eM2hxYVZ4,27.1266,45.211,0.00390989,6648,0.0,
videos,tikBpuUbWzI,27.1238,0.0,0.0,,67.8095,high
videos,2t1XSOWzJ6U,27.1217,45.2028,0.00389416,6649,0.0,
videos,19xkL0RYTVQ,27.1098,4.6406,2.94e-06,11570,60.8137,high
videos,muqVBk-b-C4,27.1078,10.9792,1.311e-05,10802,51.3007,high
videos,UfeaU_T6fuY,27.1068,45.178,0.00388494,6652,0.0,
videos,69QKH2mWqFs,27.1019,45.1698,0.00387973,6653,0.0,
videos,PmoALP3Mvxo,27.092,45.1533,0.0038751,6655,0.0,
videos,RXG9DtiC-fk,27.0821,45.1368,0.00386711,6657,0.0,
videos,5KAiTLSkcjM,27.0774,0.0,0.0,,67.6935,high
videos,uzR0BtDkHtQ,27.0772,45.1286,0.00385411,6658,0.0,
videos,TjbZzt7WrVs,27.0736,9.9489,9.9e-06,10926,52.7606,high
videos,nGkfoa3TbTc,27.0722,45.1203,0.00384833,6659,0.0,
videos,4KLRyVd92Ug,27.0673,45.1121,0.00384546,6660,0.0,
videos,XHwSvN6bvB0,27.0623,45.1039,0.00384092,6661,0.0,
videos,gnS5ZLHWqxo,27.0574,45.0956,0.00383978,6662,0.0,
videos,l98XolzwpcI,27.0524,45.0874,0.00383796,6663,0.0,
videos,EAxJ5VrhVNs,27.051,0.0,0.0,,67.6275,high
videos,ycGlwLiB6d8,27.0488,0.0,0.0,,67.6221,high
videos,68pxCYf5JeQ,27.0425,45.0709,0.00383144,6665,0.0,
videos,AUl2uwJY2Vw,27.0376,45.0626,0.00383018,6666,0.0,
videos,XCtp96OJ-UY,27.0326,45.0544,0.00382889,6667,0.0,
videos,MkvIVeCj5vY,27.0277,45.0462,0.00381782,6668,0.0,
videos,gKzURdUgwD0,27.0272,8.3498,6.96e-06,11120,55.0432,high
videos,_Iecr9gNNiY,27.0178,45.0297,0.00380758,6670,0.0,
videos,t4bVGXNN_rw,27.0075,6.2562,4.2e-06,11374,58.1345,high
videos,7skmL1drGT0,27.0029,45.0049,0.00379954,6673,0.0,
videos,-nsheGBDIjE,26.9974,0.3956,8.5e-07,12091,66.9002,high
videos,j2zNiTLd9pM,26.9931,44.9885,0.00378403,6675,0.0,
videos,kmKuk_TCEvU,26.9881,44.9802,0.0037804,6676,0.0,
videos,l6kJQkceTOY,26.9832,44.972,0.00377726,6677,0.0,
videos,5sa9gIx7qWk,26.9811,8.5394,7.29e-06,11097,54.6437,high
videos,RsMO7npB3aI,26.9782,44.9637,0.00377377,6678,0.0,
videos,_XyxlD_EAs4,26.9733,44.9555,0.00376322,6679,0.0,
videos,uo7gu-v_elI,26.9683,44.9472,0.00375685,6680,0.0,
videos,lhDSPvbsOLw,26.9634,44.939,0.00375253,6681,0.0,
videos,DIMQdZD7hdE,26.9573,8.1025,6.56e-06,11150,55.2396,high
videos,vqBSNTZeLsg,26.9535,44.9225,0.00374352,6683,0.0,
videos,wWhm0uvzV3U,26.9478,8.6136,7.38e-06,11088,54.4491,high
videos,4agDpr9obcs,26.9337,44.8895,0.00371343,6687,0.0,
videos,R130bjuB34g,26.9334,0.0,0.0,,67.3336,high
videos,-Oq7bWIaeZw,26.9239,44.8731,0.00367939,6689,0.0,
videos,K208o7MXeo8,26.9189,44.8648,0.00366987,6690,0.0,
videos,JtQplTda2cU,26.914,44.8566,0.00366709,6691,0.0,
videos,wl3MTIn9ZpY,26.9041,44.8401,0.00365425,6693,0.0,
videos,fSb_ZPOaiX0,26.8942,44.8236,0.00364855,6695,0.0,
videos,ctam28yIyys,26.8892,44.8154,0.00362325,6696,0.0,
videos,MruRSD5-pK4,26.8843,44.8071,0.00361871,6697,0.0,
videos,4o7k8eOHDvM,26.8793,44.7989,0.00361188,6698,0.0,
videos,Z4CFm3-wNBk,26.8705,10.2621,1.092e-05,10888,51.7832,high
videos,ry8pPaGplXo,26.8595,44.7659,0.00360212,6702,0.0,
videos,ijG4VPBn-Ls,26.8546,44.7577,0.00360154,6703,0.0,
videos,aZrlWZf-bIU,26.8447,44.7412,0.00359402,6705,0.0,
videos,VTxCH8PvxGU,26.8348,44.7247,0.00358678,6707,0.0,
videos,1kKimscA_HI,26.8299,9.6851,9.23e-06,10958,52.5471,high
videos,JIPlyMwfzj0,26.8249,44.7082,0.00358554,6709,0.0,
videos,sXj6XFkagA4,26.82,44.7,0.00358521,6710,0.0,
videos,7tVnpjimymw,26.815,44.6917,0.00358496,6711,0.0,
videos,jjSaUeqJi4s,26.8101,44.6835,0.00357027,6712,0.0,
videos,u1dMbddC5hw,26.8032,5.7699,3.79e-06,11433,58.3531,high
videos,MkPv8FPOx44,26.8002,44.667,0.00356923,6714,0.0,
videos,UrrwIfbb0n4,26.7953,44.6588,0.00356081,6715,0.0,
videos,h5YfzFrmGpw,26.7903,44.6505,0.00355428,6716,0.0,
videos,SacnihZICuk,26.7896,0.0,0.0,,66.9741,high
videos,2UO1K4XcU4U,26.7854,44.6423,0.00355243,6717,0.0,
videos,f0gugraCJz4,26.7804,44.634,0.00354951,6718,0.0,
videos,zm4YmOo6p2E,26.7755,44.6258,0.00354282,6719,0.0,
videos,yAzEfyAwDI8,26.7607,44.6011,0.00353095,6722,0.0,
videos,Wo5FAz08Zu4,26.7508,44.5846,0.00352764,6724,0.0,
videos,O6kzHd8TEko,26.7458,44.5763,0.0035243,6725,0.0,
videos,OMPWJyy_frA,26.7447,4.8384,3.05e-06,11546,59.6041,high
videos,fCRSZjJVLW4,26.7359,44.5598,0.00351253,6727,0.0,
videos,B2ag364pRgQ,26.731,44.5516,0.0035089,6728,0.0,
videos,i-yuMaux_H8,26.726,44.5434,0.00349552,6729,0.0,
videos,wrrz8HMHSuU,26.7211,44.5351,0.00349019,6730,0.0,
videos,1Yxty9Hv3YE,26.7161,44.5269,0.00348755,6731,0.0,
videos,VZXNewBws9c,26.7112,44.5186,0.00347271,6732,0.0,
videos,jK0dvcc2OhE,26.7062,44.5104,0.00346188,6733,0.0,
videos,l05MxRbtUkQ,26.7013,44.5021,0.00345594,6734,0.0,
videos,V-dS0rAOXKs,26.6963,44.4939,0.00345404,6735,0.0,
videos,V2y-n6wuHeo,26.6961,10.5671,1.162e-05,10852,50.8896,high
videos,pDImjJrXkgA,26.6914,44.4857,0.00344901,6736,0.0,
videos,K8zkWeAZltc,26.6864,44.4774,0.00343951,6737,0.0,
videos,e8gJB4d4Hr8,26.6815,44.4692,0.0034268,6738,0.0,
videos,fu0UocnDvV8,26.6716,44.4527,0.00341138,6740,0.0,
videos,lrYQSr-hztw,26.6617,44.4362,0.00340336,6742,0.0,
videos,SFGXNQpMo2M,26.6568,44.428,0.00340287,6743,0.0,
videos,Gdm2qqHOQug,26.6469,44.4115,0.0033963,6745,0.0,
videos,xjZlIUS_ihQ,26.632,44.3867,0.00338455,6748,0.0,
videos,0o0ETOU-8Vw,26.6271,44.3785,0.00337773,6749,0.0,
videos,OO6SEZcSHrw,26.6222,44.3703,0.00337678,6750,0.0,
videos,fwTPdFWY41A,26.6135,6.1161,4.07e-06,11393,57.3597,high
videos,mXO7XteVmvo,26.6123,44.3538,0.00336393,6752,0.0,
videos,3tF-xwj3LN0,26.6073,44.3455,0.00336229,6753,0.0,
videos,83SIVXVRDMc,26.6024,44.3373,0.00335845,6754,0.0,
videos,FhIWYDLyfc8,26.601,10.4929,1.143e-05,10860,50.7632,high
videos,mouIlk-5aFw,26.5925,44.3208,0.00334192,6756,0.0,
videos,y81d0F6HjLc,26.5826,44.3043,0.00333321,6758,0.0,
videos,kfzkBw4mVWM,26.5777,44.2961,0.00333221,6759,0.0,
videos,khlpGW1c0a8,26.5678,44.2796,0.00331136,6761,0.0,
videos,nAis17yP-2k,26.5628,44.2713,0.00330963,6762,0.0,
videos,624fWaJnlDA,26.548,44.2466,0.00330383,6765,0.0,
videos,eGuAjd2h18s,26.5381,44.2301,0.00329932,6767,0.0,
videos,jk0w09vZF9Y,26.5331,44.2219,0.00329862,6768,0.0,
videos,TAFwy5bvFfw,26.5315,0.0,0.0,,66.3287,high
videos,-jc_hwIJOFI,26.5232,44.2054,0.0032926,6770,0.0,
videos,aTP3JQPOWaE,26.5183,44.1972,0.00328868,6771,0.0,
videos,epFsrSInG44,26.5084,44.1807,0.00327166,6773,0.0,
videos,H3hg9eEXQbM,26.4985,44.1642,0.00326391,6775,0.0,
videos,oQMoskTiKRM,26.4886,44.1477,0.00325816,6777,0.0,
videos,FAE4rgaEKbQ,26.4837,44.1395,0.00324303,6778,0.0,
videos,IL_kem7xMTQ,26.4787,44.1312,0.00324088,6779,0.0,
videos,kiLCVSGct5g,26.4752,7.5585,5.82e-06,11216,54.8502,high
videos,D1OF1tyjY04,26.4751,9.9159,9.81e-06,10930,51.3139,high
videos,LZFtMEWHty4,26.4738,44.123,0.00323523,6780,0.0,
videos,mknFjhbcPk4,26.4688,44.1147,0.00322934,6781,0.0,
videos,66NNwUYKnC0,26.4639,44.1065,0.00322902,6782,0.0,
videos,BF9Kcmnhw3M,26.459,44.0983,0.00322881,6783,0.0,
videos,2BpahPN0gtk,26.454,44.09,0.00322648,6784,0.0,
videos,ocQIOT8prMs,26.4528,0.0,0.0,,66.132,high
videos,5_QXt4q1GYo,26.4491,44.0818,0.00322125,6785,0.0,
videos,5Dlfatq9akY,26.4441,44.0735,0.00321694,6786,0.0,
videos,YgpLjsZPPw8,26.4377,7.0392,5.18e-06,11278,55.5354,high
videos,EIghiTmgqFg,26.435,7.542,5.8e-06,11218,54.7745,high
videos,YWXd-ZXNkcc,26.4342,44.057,0.00316025,6788,0.0,
videos,IUERVX_cbZg,26.4325,7.336,5.54e-06,11242,55.0773,high
videos,Um3egsNYFGM,26.4293,44.0488,0.00315058,6789,0.0,
videos,jwlrdhiOEpk,26.4272,10.155,1.058e-05,10901,50.8356,high
videos,qOLjxmmLqWk,26.4244,44.0406,0.0031458,6790,0.0,
videos,ilhCkTZjDs0,26.4194,44.0323,0.00313842,6791,0.0,
videos,Dm14DAAVqMk,26.4145,44.0241,0.00313064,6792,0.0,
videos,_eb-Bkl9H3o,26.4046,44.0076,0.0031275,6794,0.0,
videos,yaw8tuGicPQ,26.3996,43.9993,0.00312733,6795,0.0,
videos,CMJG1_CjWIU,26.3947,43.9911,0.00312616,6796,0.0,
videos,vTG6_EWZa9Q,26.3897,9.7099,9.26e-06,10955,51.4094,high
videos,cCyK12a6G24,26.3798,43.9664,0.00312121,6799,0.0,
videos,5FKClCweITU,26.3749,43.9581,0.00311203,6800,0.0,
videos,wWLBFWE_aqk,26.3699,43.9499,0.00310845,6801,0.0,
videos,riOdWI3oDVs,26.36,43.9334,0.00310602,6803,0.0,
videos,ZxBG41Nv2AM,26.3551,43.9252,0.00310208,6804,0.0,
videos,pzsIETY5kyU,26.3454,3.7092,2.31e-06,11683,60.2998,high
videos,hgY07HH0qVk,26.3452,43.9087,0.00309445,6806,0.0,
videos,SjuGIx5yLTc,26.3402,43.9004,0.00309271,6807,0.0,
videos,CLT3MxJqslw,26.3353,43.8922,0.00308903,6808,0.0,
videos,ijpbkoFoPK4,26.3303,43.8839,0.00308866,6809,0.0,
videos,MdSgfPhXtlM,26.3205,43.8675,0.0030725,6811,0.0,
videos,DeAYr61U9ss,26.3155,43.8592,0.00306779,6812,0.0,
videos,MK-6-YuFzC4,26.3108,3.5114,2.15e-06,11707,60.5098,high
videos,RANN6vA0Ruk,26.3106,43.851,0.00305697,6813,0.0,
videos,1HXPjaaaX_w,26.2908,43.818,0.00304366,6817,0.0,
videos,wIkxUaebB5c,26.2859,43.8098,0.00304102,6818,0.0,
videos,PoK2Z9fwnwI,26.2809,43.8015,0.00303788,6819,0.0,
videos,SogJCy_7Dpo,26.276,43.7933,0.00303631,6820,0.0,
videos,x4TMbua2PcE,26.2715,5.4319,3.53e-06,11474,57.5309,high
videos,7wC9481P4HI,26.271,43.785,0.00303229,6821,0.0,
videos,zjGTcRizIAg,26.2661,43.7768,0.0030294,6822,0.0,
videos,G4fYa9TQ_8M,26.2648,0.0,0.0,,65.6619,high
videos,29oROWyaByc,26.2463,43.7438,0.0030131,6826,0.0,
videos,T_bLaAOr6_A,26.2414,43.7356,0.00301084,6827,0.0,
videos,kWAsSBoiTDY,26.2364,43.7273,0.00300138,6828,0.0,
videos,rsW8Qo5BB7I,26.2315,43.7191,0.00299685,6829,0.0,
videos,d4RZHARuIyM,26.2265,43.7108,0.00299405,6830,0.0,
videos,fsmmHsRCY_I,26.2216,43.7026,0.00299231,6831,0.0,
videos,3saQu8JGBfw,26.2117,43.6861,0.00298948,6833,0.0,
videos,ze-OGYVMipY,26.2067,43.6779,0.00298753,6834,0.0,
videos,E3toZkw09vQ,26.1919,43.6531,0.00298452,6837,0.0,
videos,w3Bk2ImhHeA,26.1869,43.6449,0.00297515,6838,0.0,
videos,EkxFI2IURh8,26.182,43.6367,0.00297454,6839,0.0,
videos,Mst4xuoE7TE,26.177,43.6284,0.00297027,6840,0.0,
videos,m3JoQQmAWK8,26.1721,43.6202,0.00296663,6841,0.0,
videos,03YlYk_dfRA,26.1637,4.9786,3.15e-06,11530,57.9413,high
videos,RJV3nHw9hc0,26.1622,43.6037,0.00296529,6843,0.0,
videos,VZRuBQzLNxM,26.1573,43.5955,0.00295466,6844,0.0,
videos,8QyoJAIFoQk,26.1523,43.5872,0.00294227,6845,0.0,
videos,YKTSpt_dP9M,26.1375,43.5625,0.00292509,6848,0.0,
videos,6ku4KO8_DvE,26.1276,43.546,0.00292186,6850,0.0,
videos,q8xsBG0iZao,26.1227,43.5378,0.00291179,6851,0.0,
videos,V-xzgdJku2o,26.1128,43.5213,0.00290511,6853,0.0,
videos,J0SAlFGNjk0,26.1063,10.0066,1.004e-05,10919,50.2559,high
videos,agdhwv6Kv-Y,26.1056,6.0584,4.05e-06,11398,56.1765,high
videos,Tp-ruGnoJ3o,26.1029,43.5048,0.00289827,6855,0.0,
videos,jbS41Gmf4ow,26.0979,43.4965,0.0028956,6856,0.0,
videos,Mgume2e3T2Y,26.0958,0.0,0.0,,65.2395,high
videos,pqPccTwBFiI,26.093,43.4883,0.00289496,6857,0.0,
videos,zQBkLf4A2qk,26.0881,43.4801,0.00288997,6858,0.0,
videos,QkNJ1CSisqg,26.0852,5.5391,3.65e-06,11461,56.9043,high
videos,1RX-Mvj53ok,26.0831,43.4718,0.00288846,6859,0.0,
videos,602AW848y9E,26.0782,43.4636,0.00288836,6860,0.0,
videos,M8hZZozQnek,26.0683,43.4471,0.00286034,6862,0.0,
videos,lhyp7zmZ3aU,26.0633,43.4388,0.00285806,6863,0.0,
videos,woNfwzjrW00,26.0611,3.0251,1.85e-06,11766,60.6152,high
videos,-nJBzlftlTw,26.0584,43.4306,0.00285784,6864,0.0,
videos,CYdKuCPEsE8,26.0435,43.4059,0.00283256,6866,0.0,
videos,fVjDN7TXRO4,26.0386,43.3976,0.00282517,6868,0.0,
videos,wSPRPga4Ygg,26.0336,43.3894,0.00281649,6869,0.0,
videos,bUhVhDRDi2g,26.0287,43.3811,0.00281113,6870,0.0,
videos,bCOuxXDmHIE,26.0237,43.3729,0.00281021,6871,0.0,
videos,izwLo9vqFQI,26.0188,43.3647,0.00279934,6872,0.0,
videos,PaCu5xOvYuQ,26.0138,43.3564,0.00279402,6873,0.0,
videos,3yzLfMkbqoQ,26.0089,43.3482,0.00278257,6874,0.0,
videos,Gmfpq60LbVQ,25.999,43.3317,0.00276671,6876,0.0,
videos,NZfjG3NhiMA,25.994,43.3234,0.002762,6877,0.0,
videos,aCMDuOmtc_o,25.9891,43.3152,0.00274285,6878,0.0,
videos,0ktBOugmU6g,25.9842,43.307,0.00273174,6879,0.0,
videos,HKGHPuXxBpA,25.9792,43.2987,0.00272583,6880,0.0,
videos,L7s-v-6t5Rs,25.9743,43.2905,0.0027204,6881,0.0,
videos,f-4RoCaZTZA,25.971,6.6024,4.65e-06,11333,55.0238,high
videos,Q1pz5E5rCAw,25.9693,43.2822,0.00271943,6882,0.0,
videos,sE29o2CfuRg,25.9653,6.0913,4.07e-06,11392,55.7763,high
videos,VyRBF8LKCuc,25.9565,9.2895,8.48e-06,11006,50.9569,medium
videos,jyLGnIdcdgk,25.9545,43.2575,0.00271128,6885,0.0,
videos,uk3FXtd5LbE,25.9496,43.2493,0.00270562,6886,0.0,
videos,gnZJUcnBHZA,25.9446,43.241,0.00270051,6887,0.0,
videos,e1HPObKp8Fc,25.9397,43.2328,0.00268867,6888,0.0,
videos,wwCKXYMRYZs,25.9298,43.2163,0.00268737,6890,0.0,
videos,YTYp51zsvvA,25.9248,43.208,0.00268528,6891,0.0,
videos,Z2YpiHKVpFw,25.915,43.1916,0.00267732,6893,0.0,
videos,1mQm56D0pgc,25.9051,43.1751,0.00266969,6895,0.0,
videos,aCz4vZXz1tc,25.9001,43.1668,0.00266493,6896,0.0,
videos,7LPJhW9y600,25.8902,43.1503,0.00266174,6898,0.0,
videos,_gf5ucMkZYg,25.8754,43.1256,0.00265888,6901,0.0,
videos,cL8Rcy0WsPc,25.8704,43.1174,0.00265855,6902,0.0,
videos,RqgccYQuFvo,25.8556,43.0926,0.00264452,6905,0.0,
videos,bJqs34fnetg,25.8506,43.0844,0.00264194,6906,0.0,
videos,GZwur0Y5u4g,25.8457,43.0762,0.00264002,6907,0.0,
videos,hjTXDEbeHqE,25.8358,43.0597,0.00263495,6909,0.0,
videos,wN3O2GSvoWE,25.8308,43.0514,0.00263377,6910,0.0,
videos,e7ljY4ktzoo,25.8209,43.0349,0.00263003,6912,0.0,
videos,ym8A3-mVtFo,25.816,43.0267,0.00261962,6913,0.0,
videos,knedunhGYoQ,25.8111,43.0185,0.00261684,6914,0.0,
videos,mycHW0cfExo,25.8012,43.002,0.00261324,6916,0.0,
videos,1dSWoRF0ViI,25.7962,42.9937,0.0026127,6917,0.0,
videos,j_eBu7AMfV8,25.7864,42.9773,0.00260651,6919,0.0,
videos,yxg9URl5wuI,25.7814,42.969,0.00260041,6920,0.0,
videos,9EREOWgyw9A,25.7765,42.9608,0.00259732,6921,0.0,
videos,LUk-XmZIA_4,25.7715,42.9525,0.00259459,6922,0.0,
videos,uUoTXbcIKDY,25.7428,0.0,0.0,,64.3569,high
videos,tOqdulznzRo,25.7419,42.9031,0.00258692,6928,0.0,
videos,eNCaYmA-Sos,25.7306,8.9186,7.85e-06,11052,50.9487,high
videos,rHL7G1XUIaY,25.7222,10.0973,1.032e-05,10908,49.1596,high
videos,a3RgHRxKVbs,25.7221,42.8701,0.00257113,6932,0.0,
videos,jSM9dO_5Vao,25.7171,42.8619,0.00256911,6933,0.0,
videos,OU2k-zqqxJU,25.7065,0.0,0.0,,64.2662,medium
videos,5AYmLFzXmhc,25.6984,0.0,0.0,,64.2459,high
videos,NyX94qrGY_o,25.6924,42.8206,0.00254726,6938,0.0,
videos,atk2LYBsK8E,25.6874,42.8124,0.00254557,6939,0.0,
videos,UZNulriwPrc,25.6775,42.7959,0.00253032,6941,0.0,
videos,EllNT31ljsE,25.6703,6.8661,4.99e-06,11300,53.8766,high
videos,FCedQ7FLUJc,25.6676,42.7794,0.0025205,6943,0.0,
videos,Zkw1j0HuC2E,25.6577,42.7629,0.00251426,6945,0.0,
videos,WB2niS0LpzY,25.6479,42.7465,0.00250696,6947,0.0,
videos,eDgDvCJ3h6s,25.6429,42.7382,0.00250178,6948,0.0,
videos,-y-8VXcRUfM,25.638,42.73,0.00249145,6949,0.0,
videos,lORofejMF38,25.633,42.7217,0.00248809,6950,0.0,
videos,-k4JFdQKENc,25.6281,42.7135,0.00248625,6951,0.0,
videos,Zm3zSFyNY_M,25.6182,42.697,0.00248152,6953,0.0,
videos,ALho3x3JVgQ,25.6133,42.6888,0.00248061,6954,0.0,
videos,UzBP6bqlj3c,25.6085,5.0198,3.18e-06,11524,56.4915,high
videos,wqGu5cs6j6I,25.6083,42.6805,0.00247366,6955,0.0,
videos,R2J72qo7YGo,25.6034,42.6723,0.0024674,6956,0.0,
videos,75XcTWXIg5A,25.5935,42.6558,0.0024537,6958,0.0,
videos,7qffGRKpK18,25.5836,42.6393,0.00242906,6960,0.0,
videos,tB7eqddH_ek,25.5737,42.6228,0.00242818,6962,0.0,
videos,61zAy0dZGvg,25.5706,6.5117,4.59e-06,11342,54.1589,high
videos,BOfw3pSRl3c,25.5638,42.6063,0.0024206,6964,0.0,
videos,RckehM8hlRA,25.5589,42.5981,0.00241704,6965,0.0,
videos,pgzSBQ0hAc4,25.5539,42.5898,0.00241166,6966,0.0,
videos,6wLmuFuxGNI,25.549,42.5816,0.00239788,6967,0.0,
videos,fKFVkuIASBk,25.544,42.5734,0.00239643,6968,0.0,
videos,LL3Sb1f25YY,25.5292,42.5486,0.00238777,6971,0.0,
videos,kZsloRSH4WU,25.5242,42.5404,0.00238705,6972,0.0,
videos,tqk6tz51Pyc,25.5193,42.5321,0.00238594,6973,0.0,
videos,nToK3-fXR0Q,25.5143,42.5239,0.00238497,6974,0.0,
videos,ecqkD4Wwu1s,25.5026,3.4702,2.14e-06,11710,58.5511,high
videos,3dEtUJuQcYw,25.4995,42.4992,0.0023807,6977,0.0,
videos,uPdWLD4YsJI,25.4846,42.4744,0.0023636,6980,0.0,
videos,EIFOAznBfO0,25.4797,42.4662,0.00236229,6981,0.0,
videos,5QtZOf6dngQ,25.4748,42.458,0.00236033,6982,0.0,
videos,anD-C4WpOec,25.4698,42.4497,0.00234724,6983,0.0,
videos,rc9efGwOYHk,25.455,42.425,0.0023326,6986,0.0,
videos,efxH5FJd8ew,25.4478,4.2285,2.64e-06,11620,57.2767,high
videos,euWwzGnnD5Q,25.4474,0.0,0.0,,63.6186,high
videos,2xvk1_n4hls,25.4433,0.0,0.0,,63.6083,medium
videos,A5IDWj0jD7Q,25.4402,42.4003,0.0023132,6989,0.0,
videos,2sDuYjZLsRo,25.4303,42.3838,0.00230879,6991,0.0,
videos,TfFeZS63bUE,25.4253,42.3755,0.00230875,6992,0.0,
videos,3jtDxRe2nFQ,25.4155,42.3591,0.00229414,6994,0.0,
videos,WRBNsHPWO58,25.4056,42.3426,0.00229094,6996,0.0,
videos,tmdIfCHvAko,25.4006,42.3343,0.00228601,6997,0.0,
videos,76TII3yuar0,25.3957,42.3261,0.00228321,6998,0.0,
videos,d7P6X856pHo,25.3907,42.3178,0.0022806,6999,0.0,
videos,sQoa8y7eN-8,25.3906,0.6264,9.2e-07,12057,62.5369,high
videos,GP9nWb5jHGA,25.3808,42.3014,0.00227769,7001,0.0,
videos,fCat0m9yRUk,25.3709,8.9021,7.84e-06,11054,50.0742,high
videos,BOyIVj51KMk,25.3709,42.2849,0.00226827,7003,0.0,
videos,p7xkPSVFotc,25.366,42.2766,0.00226497,7004,0.0,
videos,bluTMoEjFVM,25.361,42.2684,0.00225915,7005,0.0,
videos,UuIGidizc3w,25.3561,42.2601,0.00225553,7006,0.0,
videos,s5QDPU9ifP4,25.3511,42.2519,0.00225238,7007,0.0,
videos,f2c5xLFZB0k,25.3313,42.2189,0.00224465,7012,0.0,
videos,LpXhy2iiaQE,25.329,0.0,0.0,,63.3225,medium
videos,9fb3q5UT0zA,25.3165,42.1942,0.0022407,7014,0.0,
videos,sa3zzPEnz_4,25.3143,0.0,2.2e-07,12133,63.2858,high
videos,pUyV93eLDI8,25.3116,42.186,0.00223996,7015,0.0,
videos,l8KxYufBdDA,25.3066,42.1777,0.00223634,7016,0.0,
videos,Metz0soakBo,25.3017,42.1695,0.00223584,7017,0.0,
videos,Hu8ZqTsHjYk,25.2967,42.1612,0.00222089,7018,0.0,
videos,rDxklFzcaJY,25.2918,42.153,0.00221888,7019,0.0,
videos,kWGf0-rTVUo,25.277,42.1283,0.00221651,7022,0.0,
videos,i9-Safvq-Ug,25.272,42.12,0.00220497,7023,0.0,
videos,dPsX_8GKTNI,25.2671,42.1118,0.00220417,7024,0.0,
videos,Y3zdRsvQGLU,25.2621,42.1035,0.00219425,7025,0.0,
videos,traWsndEqgk,25.261,0.0,0.0,,63.1526,high
videos,kx0c2HmHp7U,25.2572,42.0953,0.00219347,7026,0.0,
videos,7ocRiEBx6Gk,25.2522,42.087,0.0021929,7027,0.0,
videos,Uy_10hKmqJ0,25.2473,42.0788,0.00219133,7028,0.0,
videos,1q4JIQLGuDk,25.2424,42.0706,0.00219086,7029,0.0,
videos,ZzCLGskswAs,25.2325,42.0541,0.0021905,7031,0.0,
videos,LoHVQAwiMm0,25.2191,4.1048,2.56e-06,11634,56.8906,high
videos,XwqRURVE3Qk,25.2127,42.0211,0.00217472,7035,0.0,
videos,11bzfEmnFic,25.2078,0.0,0.0,,63.0195,high
videos,reOHzsurGcE,25.2077,42.0129,0.00216994,7036,0.0,
videos,WLf3XKpPdsQ,25.1929,41.9881,0.00216637,7039,0.0,
videos,zRy39APOkug,25.183,41.9716,0.00215089,7041,0.0,
videos,ITOsZkMzbzw,25.1794,6.8084,4.91e-06,11307,52.7359,high
videos,v__8YqSVyxQ,25.178,41.9634,0.00214935,7042,0.0,
videos,FPNxK_MeM8Y,25.1738,7.2123,5.38e-06,11258,52.1161,high
videos,gTJfT8qp2vo,25.1731,41.9552,0.00214825,7043,0.0,
videos,g18ptC4l2N8,25.1685,7.2041,5.37e-06,11259,52.1152,high
videos,nqmHNpaGKgY,25.1681,41.9469,0.0021475,7044,0.0,
videos,dlKByi39-rM,25.1632,41.9387,0.00214626,7045,0.0,
videos,ZVsDlBdijlw,25.1533,41.9222,0.00214183,7047,0.0,
videos,9ZAR3-Q903Y,25.1483,41.9139,0.00214031,7048,0.0,
videos,KGLeuGeZoMc,25.1335,41.8892,0.0021323,7051,0.0,
videos,WD0UgGxx96g,25.1286,41.881,0.00213125,7052,0.0,
videos,m53mcVdQkzU,25.1239,0.0,0.0,,62.8098,high
videos,3l1rSBL_z9E,25.1187,41.8645,0.00212542,7054,0.0,
videos,3WyVgzvp6Os,25.1137,41.8562,0.00212464,7055,0.0,
videos,jn0yVy5JaEY,25.1039,41.8398,0.00211883,7057,0.0,
videos,H1TEzvXyFYA,25.1004,0.0,0.0,,62.7509,medium
videos,aPKIwJA-bBU,25.0989,41.8315,0.00211674,7058,0.0,
videos,B--KhX5hZr4,25.089,41.815,0.00211192,7060,0.0,
videos,andFBVWJPRM,25.0834,6.1078,4.07e-06,11394,53.5467,high
videos,rQwN_m3epDE,25.0791,41.7985,0.00211091,7062,0.0,
videos,ibYNSVc93sE,25.0742,41.7903,0.00211089,7063,0.0,
videos,2J_St8O6edc,25.0693,41.7821,0.00210939,7064,0.0,
videos,zTeoPzuAmxE,25.0643,41.7738,0.00210867,7065,0.0,
videos,sdsRBbCNTEU,25.0594,41.7656,0.00210196,7066,0.0,
videos,NPeJUKUXvtc,25.0495,41.7491,0.00210012,7068,0.0,
videos,wJlL0irOb1M,25.0445,41.7409,0.00209764,7069,0.0,
videos,vMHlvfd5aAg,25.0297,41.7161,0.00209088,7072,0.0,
videos,EcCN2yHrFG4,25.0148,41.6914,0.00208422,7075,0.0,
videos,7wX2aqXKbqw,25.0099,41.6832,0.00207706,7076,0.0,
videos,aOvUFZ_Lw0o,25.0,41.6667,0.00207004,7078,0.0,
videos,PYQ_T9-oaUA,24.995,41.6584,0.00206866,7079,0.0,
videos,a0kNZc2jRZw,24.9903,0.0,0.0,,62.4757,high
videos,9vkhuuRxLGE,24.9887,11.276,1.391e-05,10765,45.5578,medium
videos,_4g2ZrbapQc,24.9802,41.6337,0.00206439,7082,0.0,
videos,FhgjlSX6NQg,24.9703,41.6172,0.0020638,7084,0.0,
videos,WyhzORFpqVI,24.9516,0.0,0.0,,62.379,medium
videos,9TChNeFHFec,24.9456,41.576,0.00204261,7089,0.0,
videos,FjxyqtLuh_M,24.9322,0.0082,4e-07,12132,62.3182,high
videos,rQoel3qqWLk,24.9258,41.543,0.0020305,7093,0.0,
videos,06wRXJyj7N4,24.9209,41.5348,0.0020287,7094,0.0,
videos,MTT_Yld5Ne0,24.9143,6.4952,4.57e-06,11345,52.5429,high
videos,PTG6igplQLc,24.9011,41.5018,0.00201598,7098,0.0,
videos,Oy_0-5vM4g4,24.9011,0.0,0.0,,62.2528,medium
videos,e_KCkj_PQu4,24.8962,41.4936,0.00200853,7099,0.0,
videos,A8LNN5YSATk,24.8863,41.4771,0.00200373,7101,0.0,
videos,6f1xhd1k7zw,24.8813,41.4688,0.00200343,7102,0.0,
videos,1Vo3MIcE1ks,24.8764,41.4606,0.00200138,7103,0.0,
videos,J9UUnofGjIU,24.8566,41.4276,0.0019886,7107,0.0,
videos,OGr8MjUF_-o,24.8467,41.4111,0.00198029,7109,0.0,
videos,wqlVzquM6pk,24.8368,41.3947,0.00197789,7111,0.0,
videos,_dWINUlG8Hw,24.8269,41.3782,0.00197579,7113,0.0,
videos,627rhUrIKkg,24.8219,41.3699,0.00197389,7114,0.0,
videos,pgFxsauDXjc,24.8215,0.3379,8.4e-07,12093,61.5468,high
videos,duIKR51uULw,24.817,41.3617,0.00197058,7115,0.0,
videos,-wCW-dcfJqA,24.8144,0.0,0.0,,62.0361,high
videos,KF7zqkxaqdg,24.812,41.3534,0.00196485,7116,0.0,
videos,q8geVu1GWLg,24.8071,41.3452,0.00196395,7117,0.0,
videos,R19t2FbKXMU,24.793,4.4758,2.85e-06,11589,55.2687,high
videos,GQRcMnnhuUU,24.7873,41.3122,0.00194708,7121,0.0,
videos,BApyhcRXu5k,24.7824,41.304,0.00193948,7122,0.0,
videos,8fUU7Pe5w8s,24.7715,6.9486,5.09e-06,11290,51.5059,high
videos,44O8c-lezzk,24.7676,41.2793,0.00193715,7125,0.0,
videos,vLLMt9T9sUw,24.7626,41.271,0.00193447,7126,0.0,
videos,-B-rG6efOzk,24.7577,41.2628,0.00192446,7127,0.0,
videos,utIxw4HQBco,24.7527,41.2545,0.0019222,7128,0.0,
videos,a9mlhiqTDi4,24.7428,41.238,0.00191413,7130,0.0,
videos,GwClW8f_9o8,24.7379,41.2298,0.0019115,7131,0.0,
videos,r8ZhYhWCLZs,24.733,41.2216,0.00190784,7132,0.0,
videos,my5TOaiJVX0,24.728,41.2133,0.00190414,7133,0.0,
videos,u15CF1Us8lA,24.7232,5.9182,3.91e-06,11415,52.9307,high
videos,XSPQhv_QXAg,24.7181,41.1968,0.00190102,7136,0.0,
videos,viNnj0UkyZw,24.7132,41.1886,0.00190102,7135,0.0,
videos,wFl_0b2POq8,24.7082,41.1803,0.00189956,7137,0.0,
videos,zkcHPQY11SA,24.7033,41.1721,0.00189835,7138,0.0,
videos,skgDA_ictmI,24.6983,41.1639,0.0018964,7139,0.0,
videos,jAFUYHJBcAg,24.6934,41.1556,0.00189608,7140,0.0,
videos,v7F0WLTzHs0,24.6835,41.1391,0.00188233,7142,0.0,
videos,TiAN-oTx3UU,24.6785,41.1309,0.00188206,7143,0.0,
videos,aevzxcKkLfc,24.6736,41.1227,0.00187602,7144,0.0,
videos,JLsioZi6Xlk,24.6538,41.0897,0.00186546,7148,0.0,
videos,Q0gWAxppP8I,24.639,41.065,0.00185778,7151,0.0,
videos,a1UIExH_-E8,24.6291,41.0485,0.00185513,7153,0.0,
videos,2qQez0VE7d4,24.6241,41.0402,0.00185431,7154,0.0,
videos,YxYTvWf98Ec,24.6192,41.032,0.00185317,7155,0.0,
videos,BHWGJ_g7yNE,24.6142,41.0237,0.00185281,7156,0.0,
videos,wqNG4FV-tfA,24.6093,41.0155,0.0018502,7157,0.0,
videos,eQ2EkZL3bx8,24.6044,41.0073,0.00184899,7158,0.0,
videos,efF_1uVhTl4,24.6038,0.0,0.0,,61.5096,high
videos,pQH9zl_Wyc8,24.5945,40.9908,0.00184427,7160,0.0,
videos,uOZQ633Vh58,24.5796,40.966,0.00183269,7163,0.0,
videos,5F5K8WceW08,24.5786,3.4372,2.12e-06,11716,56.2907,high
videos,k4woGVdyysY,24.5599,40.9331,0.00182139,7167,0.0,
videos,qdsS4WP4Fpc,24.55,40.9166,0.00181588,7169,0.0,
videos,jSoonxA5JkE,24.5401,40.9001,0.00181085,7171,0.0,
videos,PeGbm7ra5KY,24.5351,40.8919,0.00180499,7172,0.0,
videos,NazeBBgJcVs,24.5252,40.8754,0.00180245,7174,0.0,
videos,W3lvv-RTVKc,24.5203,40.8671,0.00180244,7175,0.0,
videos,yFi9wf_A6pc,24.5153,40.8589,0.00179949,7176,0.0,
videos,qIATWCfe2Ns,24.5054,40.8424,0.00179841,7178,0.0,
videos,_SLilI-QUdg,24.5005,40.8342,0.00179821,7179,0.0,
videos,MzAge15slvQ,24.4906,40.8177,0.00179358,7181,0.0,
videos,Ghw7S01oQNw,24.4896,6.8497,4.96e-06,11302,50.9495,high
videos,nYLZXGq4aCs,24.4757,40.7929,0.00178981,7184,0.0,
videos,LgCFvOfShrQ,24.473,0.0,0.0,,61.1825,high
videos,R0ohxp-QRPM,24.4708,40.7847,0.00178804,7185,0.0,
videos,HVPhcOmSMtM,24.4659,40.7765,0.0017865,7186,0.0,
videos,mYlGIlXdH4w,24.4609,40.7682,0.0017833,7187,0.0,
videos,GfZ8s7Q0f8U,24.4411,40.7352,0.00178107,7191,0.0,
videos,-h9tNcCW194,24.4214,40.7023,0.00176904,7195,0.0,
videos,RwshDEq78os,24.4115,40.6858,0.00176128,7197,0.0,
videos,w5kslgw9kpw,24.4065,40.6775,0.00175905,7198,0.0,
videos,6kWv9oFFqyw,24.3967,40.6611,0.0017512,7200,0.0,
videos,xwad-C59z10,24.3917,40.6528,0.00174978,7201,0.0,
videos,XKxbVtJ_qR4,24.3868,40.6446,0.00174261,7202,0.0,
videos,TEhwFvI3ZiQ,24.3818,40.6363,0.00174212,7203,0.0,
videos,Ym0n8T3ZyRw,24.3793,3.0498,1.86e-06,11763,56.3736,high
videos,-RgWyOgdRPQ,24.3769,40.6281,0.00173708,7204,0.0,
videos,GhYkaF6e8Yw,24.3719,40.6198,0.00173383,7205,0.0,
videos,Pei_10HWIsY,24.367,40.6116,0.00173336,7206,0.0,
videos,Ej21q8-vxOY,24.362,40.6034,0.00173268,7207,0.0,
videos,sH0CFH12EAw,24.3571,40.5951,0.00173092,7208,0.0,
videos,HbJYYT4cHRU,24.3521,40.5869,0.00173009,7209,0.0,
videos,JIUTsFMa2I8,24.3472,40.5786,0.00173004,7210,0.0,
videos,vBPVsbAgVLo,24.3435,5.9842,3.96e-06,11407,51.8825,high
videos,QDBk_SIOC7E,24.3323,40.5539,0.00172757,7213,0.0,
videos,WFBmpfhaiRo,24.3258,0.0,0.0,,60.8145,high
videos,lpCiiwmnqOU,24.3175,40.5292,0.0017222,7216,0.0,
videos,LevepOb9kLQ,24.3104,1.121,1.07e-06,11996,59.0945,high
videos,_8ENKBJ46eY,24.3027,40.5045,0.00171722,7219,0.0,
videos,bcUqv8PH2XE,24.3003,6.3139,4.31e-06,11368,51.2798,high
videos,LWh_0zizEZY,24.2977,40.4962,0.00171247,7220,0.0,
videos,KKq5yX8mrw0,24.2928,40.488,0.00171105,7221,0.0,
videos,YqrIQI-e5Fk,24.2878,40.4797,0.00170951,7222,0.0,
videos,efTCE4Da5Ig,24.2725,0.0,0.0,,60.6813,high
videos,_NCO1vLO1H0,24.2681,40.4468,0.00169993,7226,0.0,
videos,Us7ISL134o4,24.2631,40.4385,0.00169961,7227,0.0,
videos,zpoGaROgEDc,24.2582,40.4303,0.00169613,7228,0.0,
videos,EKuHCDHkmgE,24.246,0.0,0.0,,60.6149,high
videos,3hSkQYPo_NQ,24.2433,40.4055,0.00169074,7231,0.0,
videos,02tu6P_-qE8,24.2285,40.3808,0.00167813,7234,0.0,
videos,f-mSGA4NYYI,24.2105,0.1319,7e-07,12117,60.3284,high
videos,3fSL8rRRRv8,24.2087,40.3478,0.00167254,7238,0.0,
videos,Yn20g-ZkwKY,24.2038,40.3396,0.00166929,7239,0.0,
videos,a2JDfd2bmhE,24.1939,40.3231,0.0016679,7241,0.0,
videos,OlxyV_5ny7Y,24.1915,0.0,0.0,,60.4788,high
videos,7qq5qZNcctw,24.1889,40.3149,0.00166722,7242,0.0,
videos,p9HnQWXlrwM,24.184,40.3066,0.0016661,7243,0.0,
videos,N6fdTrMA2Rg,24.179,40.2984,0.00166542,7244,0.0,
videos,iSyoAt1G-iY,24.1691,40.2819,0.00166152,7246,0.0,
videos,8JnlqLmtrdQ,24.1691,1.426,1.16e-06,11963,58.2838,high
videos,cLzFlFDHZQw,24.1677,3.1734,1.96e-06,11748,55.6591,high
videos,X__su-psxDo,24.1642,40.2737,0.00166012,7247,0.0,
videos,1ysv1QlPOvY,24.1574,0.0,0.0,,60.3936,high
videos,TKcMCdYmH3w,24.1543,40.2572,0.00165611,7249,0.0,
videos,x087QF4f7ZA,24.1444,40.2407,0.00165076,7251,0.0,
videos,6NWrouwCXAI,24.1345,40.2242,0.00164598,7253,0.0,
videos,IdS7Kou1ixA,24.1246,40.2077,0.00164536,7255,0.0,
videos,0xlE8K8bpDA,24.1197,40.1995,0.00164485,7256,0.0,
videos,JzCewgR-hXQ,24.1147,40.1912,0.00164164,7257,0.0,
videos,vb5PpUB4M0s,24.1098,40.183,0.00164155,7258,0.0,
videos,pV-sYyen-AA,24.1087,2.1019,1.45e-06,11878,57.1189,high
videos,-3f1k6xI9f0,24.1048,40.1747,0.00163654,7259,0.0,
videos,EUJAUPi4rmM,24.097,0.0,0.0,,60.2425,high
videos,JKCHjN5zas8,24.095,40.1583,0.00163091,7261,0.0,
videos,ODSakH6BBC4,24.09,40.15,0.00162732,7262,0.0,
videos,vOueFo1IT9Q,24.0851,40.1418,0.00162716,7263,0.0,
videos,BhycK1zNnaE,24.0801,40.1335,0.00162525,7264,0.0,
videos,tMRFdPeVhBs,24.0752,40.1253,0.00162047,7265,0.0,
videos,Ft0C4MT7CtI,24.0702,40.117,0.00162029,7266,0.0,
videos,yEtSh4qvGYs,24.0653,40.1088,0.00161911,7267,0.0,
videos,q8a1gjoNvMQ,24.0604,40.1006,0.00161692,7268,0.0,
videos,eLe6neoXsvI,24.0554,40.0923,0.00161404,7269,0.0,
videos,5VJKrxaxw3M,24.0537,5.4896,3.56e-06,11470,51.8998,high
videos,Z1MCs3aVZhs,24.0505,40.0841,0.00161297,7270,0.0,
videos,WDUbURDHSro,24.0455,40.0758,0.00161276,7271,0.0,
videos,SKOJSk9FQ_U,24.0406,40.0676,0.00161259,7272,0.0,
videos,zs3AnCt4aMs,24.0307,40.0511,0.00161199,7274,0.0,
videos,r3x_w3tEmB4,24.0208,40.0346,0.0016101,7276,0.0,
videos,w2f77i8B13w,24.0109,40.0181,0.00160962,7278,0.0,
videos,dxf-Z2GmRiI,24.0059,40.0099,0.00160611,7279,0.0,
videos,Y7gPsjMhU4Y,24.001,40.0016,0.00160538,7280,0.0,
videos,5X3oejH_10c,23.996,39.9934,0.00159856,7281,0.0,
videos,JU94TDliTGQ,23.9911,39.9852,0.00159675,7282,0.0,
videos,HXZGqukvaKk,23.9812,39.9687,0.00159059,7284,0.0,
videos,q8oUeZyAY4A,23.9762,39.9604,0.00158955,7285,0.0,
videos,uhW0n3HxWM8,23.9713,39.9522,0.00158808,7286,0.0,
videos,Leozd4XG-hA,23.9672,0.0,0.0,,59.9181,high
videos,n1G2FQ0UEqc,23.9663,39.9439,0.00158572,7287,0.0,
videos,jXvt8jE5XA4,23.9565,39.9275,0.00157922,7289,0.0,
videos,MiQ3bH-QIf0,23.9515,39.9192,0.00157588,7290,0.0,
videos,oGLtTqkFsx4,23.9466,39.911,0.00157438,7291,0.0,
videos,_Vqpsj6mqJc,23.9416,39.9027,0.00157311,7292,0.0,
videos,yMLLyzWzqv8,23.9367,39.8945,0.00156985,7293,0.0,
videos,89_7AaVOWZs,23.9219,39.8698,0.001561,7296,0.0,
videos,AB7Rcb1Cj5Y,23.9211,0.0,0.0,,59.8027,high
videos,9Kz3_lcbUmM,23.9179,0.0,0.0,,59.7948,high
videos,8bNXWXD76t8,23.9169,39.8615,0.00155833,7297,0.0,
videos,FeojPdvJYV8,23.912,39.8533,0.00155542,7298,0.0,
videos,AHqJht-MvbM,23.8922,39.8203,0.00154329,7302,0.0,
videos,DLyF-IGGxKY,23.8873,39.8121,0.00154281,7303,0.0,
videos,B_ggdydo0dE,23.8823,39.8038,0.00154199,7304,0.0,
videos,TLnbp0R8k7w,23.8734,0.0,0.0,,59.6835,medium
videos,Nbby15GeoQM,23.8724,39.7873,0.00153843,7306,0.0,
videos,R0QoI1jAluY,23.8556,0.0,0.0,,59.6391,high
videos,OcFqDk9jxvU,23.8538,0.0,0.0,,59.6344,high
videos,sBR2Bpk-YGI,23.8477,39.7461,0.00153321,7311,0.0,
videos,hFvBbu1tFP8,23.8427,39.7379,0.00152564,7312,0.0,
videos,EN8y7Kvxvpw,23.8387,3.3548,2.06e-06,11726,54.5645,high
videos,leKS8emcafw,23.8378,39.7296,0.00152461,7313,0.0,
videos,Oq7iFfmQc8w,23.8328,39.7214,0.00152389,7314,0.0,
videos,sFcIMVvGLNo,23.8229,39.7049,0.00151965,7316,0.0,
videos,Ri8j4VxF-Rk,23.813,6.8414,4.94e-06,11303,49.2705,high
videos,OMD_90lUu-s,23.813,39.6884,0.00151196,7318,0.0,
videos,HEJdAls-uWY,23.8031,39.6719,0.00150829,7320,0.0,
videos,iq599kyAjVA,23.7982,39.6637,0.00150579,7321,0.0,
videos,VBeaZziJUzc,23.7883,39.6472,0.00150263,7323,0.0,
videos,5OAOIYxdoQg,23.7834,39.639,0.00149892,7324,0.0,
videos,AMEev6rMyjA,23.7784,39.6307,0.00149874,7325,0.0,
videos,caoLg4O0tkI,23.7587,39.5978,0.0014885,7329,0.0,
videos,rojx-1wGJIs,23.7537,39.5895,0.00148836,7330,0.0,
videos,u2qOu-CbJxk,23.7488,39.5813,0.0014879,7331,0.0,
videos,8Ka7qSoTtyo,23.7438,39.573,0.00148733,7332,0.0,
videos,GDoKKMrQzWU,23.7339,39.5565,0.00147678,7334,0.0,
videos,GA_L9z7DRQs,23.729,39.5483,0.00147629,7335,0.0,
videos,3ZztaI11m2s,23.7241,39.5401,0.00147468,7336,0.0,
videos,wBNuqLGWcaM,23.7191,39.5318,0.00147403,7337,0.0,
videos,-j-HhytGDfA,23.7142,39.5236,0.00147012,7338,0.0,
videos,iqkfT9joIGM,23.7043,39.5071,0.00146877,7340,0.0,
videos,M08VQEjRK-w,23.7004,0.0,0.0,,59.251,high
videos,5AcpMQjehpU,23.6993,39.4988,0.00146799,7341,0.0,
videos,c5roYYD7N0s,23.6944,39.4906,0.00146438,7342,0.0,
videos,x5UQoZXFOIg,23.6894,39.4824,0.00146198,7343,0.0,
videos,39S7hQ5qzbM,23.6845,39.4741,0.0014586,7344,0.0,
videos,YN5oZ3soUf4,23.6795,39.4659,0.00145646,7345,0.0,
videos,2XaPLdBOfSo,23.6747,1.97,1.37e-06,11893,56.2318,high
videos,zJFa4vYeXOk,23.6746,39.4576,0.00145223,7346,0.0,
videos,ALf2RiT_ySY,23.6696,39.4494,0.0014522,7347,0.0,
videos,hDMgIWW-E2Y,23.6449,39.4082,0.00144359,7352,0.0,
videos,Ryr_mRG7p4w,23.6399,39.3999,0.00143944,7353,0.0,
videos,-PhU01p_yws,23.635,39.3917,0.00143896,7354,0.0,
videos,z-7XAcOtHQw,23.63,39.3834,0.0014325,7355,0.0,
videos,YLqBanuWDwA,23.6238,0.0,0.0,,59.0596,high
videos,J3izXjQrIc8,23.6202,39.367,0.00143104,7357,0.0,
videos,1Cyck-4HBSI,23.6201,0.0,0.0,,59.0503,high
videos,ZWkADKHF9HA,23.6152,39.3587,0.00142998,7358,0.0,
videos,KrGziygHc8o,23.6145,0.0,0.0,,59.0363,high
videos,slL26oAZGQ0,23.6103,39.3505,0.00142928,7359,0.0,
videos,nU6F7tDZyN4,23.6004,39.334,0.0014256,7361,0.0,
videos,eQsy054REF8,23.5955,39.3258,0.00142458,7362,0.0,
videos,snMGab3i3Bc,23.5806,39.301,0.00141734,7365,0.0,
videos,cIyo2f_vMk8,23.5757,39.2928,0.00141699,7366,0.0,
videos,LMt8FxMSTzg,23.5707,39.2845,0.00141481,7367,0.0,
videos,vLc7IxMDRO8,23.5658,39.2763,0.00141461,7368,0.0,
videos,ePhmz3Thgjc,23.5559,39.2598,0.00141289,7370,0.0,
videos,lDmBFcED-lM,23.551,39.2516,0.00141024,7371,0.0,
videos,D5F9AjhUY8U,23.546,39.2433,0.00140373,7372,0.0,
videos,E2ewHU_DtWU,23.5213,39.2021,0.00139352,7377,0.0,
videos,ADeIg9nb_SI,23.5163,39.1939,0.00139336,7378,0.0,
videos,LIkQLuF1vmg,23.5114,39.1856,0.00139336,7379,0.0,
videos,HkNzVTj_snI,23.5095,0.9067,1.01e-06,12021,57.4136,high
videos,Klp7KsIxtPQ,23.5064,39.1774,0.00139002,7380,0.0,
videos,E7Wz8hJA0wE,23.4965,39.1609,0.00138246,7382,0.0,
videos,VGi7KFmzH5A,23.4916,39.1527,0.00138066,7383,0.0,
videos,tow0veULKIk,23.4899,0.6759,9.3e-07,12056,57.7108,high
videos,q4-usbNGX-Y,23.4866,39.1444,0.0013791,7384,0.0,
videos,NozQI9nrl10,23.4817,39.1362,0.00137759,7385,0.0,
videos,I8C_eIX8GJk,23.4773,0.0,0.0,,58.6933,medium
videos,S_T7lg5P1F0,23.4767,39.1279,0.00137749,7386,0.0,
videos,FWOZVEa7ZNM,23.4619,39.1032,0.001369,7389,0.0,
videos,foVRwtTBliY,23.457,39.095,0.00136671,7390,0.0,
videos,BG32GKDBRxM,23.452,39.0867,0.00135416,7391,0.0,
videos,aN3UMid6RQc,23.4471,39.0785,0.00134792,7392,0.0,
videos,e_nzxnECtzA,23.4453,0.6841,9.4e-07,12050,57.587,high
videos,8qzX6R6JKj4,23.4372,39.062,0.0013472,7394,0.0,
videos,CZ_nqnwKoDI,23.4322,39.0537,0.00134694,7395,0.0,
videos,hptuLqfuK2c,23.4273,39.0455,0.00134666,7396,0.0,
videos,nF6AuzCjUyI,23.4271,0.0,0.0,,58.5677,high
videos,E99zCJPIKqk,23.4224,39.0373,0.00134383,7397,0.0,
videos,kN8tFR1SGws,23.4075,39.0125,0.00133931,7400,0.0,
videos,ma8iRPLUDeg,23.4051,3.4619,2.13e-06,11713,53.3199,high
videos,YOWno5BBXAk,23.3927,38.9878,0.00133483,7403,0.0,
videos,o0nV3SSdpBA,23.3906,0.0,0.0,,58.4764,high
videos,Ty9NNIc_wPY,23.3878,38.9796,0.00133252,7404,0.0,
videos,DMMcghCM-Ok,23.3828,38.9713,0.00133002,7405,0.0,
videos,_fW3N07dAyo,23.3779,38.9631,0.0013291,7406,0.0,
videos,fTmCVWmCazE,23.3756,0.7006,9.4e-07,12047,57.388,high
videos,FKnx9FGDgk0,23.363,38.9383,0.00132425,7409,0.0,
videos,v6LJactM7zE,23.3581,38.9301,0.00131617,7410,0.0,
videos,ixK36EJNBP4,23.3462,0.0,0.0,,58.3654,high
videos,LkJowie-kfs,23.3432,38.9054,0.00131161,7413,0.0,
videos,mNkcP_7XlMs,23.3402,1.393,1.16e-06,11962,56.2611,high
videos,AbylKOWxFHc,23.3338,1.0963,1.07e-06,11998,56.69,high
videos,YEbHFiViW_8,23.3333,38.8889,0.00131083,7415,0.0,
videos,u1fZqdRlLlU,23.3185,38.8642,0.00130305,7418,0.0,
videos,88dYX7CX_Mo,23.3135,38.8559,0.00130094,7419,0.0,
videos,ZV3XzAzuabM,23.3119,0.0,0.0,,58.2797,high
videos,y7Niza5uFxw,23.3036,38.8394,0.00130027,7421,0.0,
videos,c1pGYOGzRxQ,23.2987,38.8312,0.00130022,7422,0.0,
videos,mmvoj7wRHUI,23.2986,0.0,0.0,,58.2464,high
videos,vS2tCWtG65w,23.2888,38.8147,0.00129716,7424,0.0,
videos,48TMSdQJRBk,23.2839,38.8065,0.00129288,7425,0.0,
videos,7vq4sihp7Qw,23.269,38.7817,0.00128678,7428,0.0,
videos,bosyD-aB4z0,23.2641,38.7735,0.00128475,7429,0.0,
videos,UOMmZXNG0Hk,23.2591,38.7652,0.00128317,7430,0.0,
videos,C3vCMWKjftI,23.2493,38.7488,0.00127837,7432,0.0,
videos,ONp6_FNuFEM,23.2394,38.7323,0.00127573,7434,0.0,
videos,u9KPSjaffus,23.2346,0.0,0.0,,58.0865,high
videos,ZmomCEODST8,23.2295,38.7158,0.0012716,7436,0.0,
videos,gtdao7DVsBo,23.2246,38.7076,0.00126976,7437,0.0,
videos,kzfQddtrsJs,23.2196,38.6993,0.00126522,7438,0.0,
videos,IES3sS1DCY8,23.2147,38.6911,0.00126438,7439,0.0,
videos,Eurwn0LHbag,23.2097,38.6828,0.00126306,7440,0.0,
videos,yoNsT39qNgY,23.1998,38.6663,0.00125546,7442,0.0,
videos,pdBvE0PysOY,23.1949,38.6581,0.00125384,7443,0.0,
videos,4hrS1Ehtf0w,23.1899,38.6499,0.00125111,7444,0.0,
videos,XvgpAsnoVMk,23.18,38.6334,0.00124511,7446,0.0,
videos,kfL-C2vQ4cw,23.1751,38.6251,0.00124505,7447,0.0,
videos,o6Xb69L8gLc,23.1701,38.6169,0.00124468,7448,0.0,
videos,XG1G7kT9Ei4,23.1652,38.6086,0.00124346,7449,0.0,
videos,anC0ULM30aY,23.1612,0.2638,8.1e-07,12100,57.5072,high
videos,JrWuota6P9s,23.1602,38.6004,0.00123846,7450,0.0,
videos,44d2Kr2yPdQ,23.1494,0.0,0.0,,57.8735,high
videos,DEL4bCIcsCw,23.1454,38.5757,0.00123351,7453,0.0,
videos,WtIgEMVJx-E,23.1452,0.8078,9.7e-07,12034,56.6513,high
videos,Fcku2NCzwXE,23.1305,38.5509,0.00122749,7456,0.0,
videos,NnfRXyouvD8,23.1256,38.5427,0.0012261,7457,0.0,
videos,WMSrw8VkHjI,23.1207,38.5345,0.00122531,7458,0.0,
videos,_I7tOqQX9hs,23.1108,38.518,0.00122396,7460,0.0,
videos,37CDrJ3frFg,23.1058,38.5097,0.00122381,7461,0.0,
videos,qPrchTUR7hE,23.1009,38.5015,0.00122341,7462,0.0,
videos,T6-ucQ-CNr8,23.091,38.485,0.00121762,7464,0.0,
videos,ZF8zzvBz64E,23.0861,38.4768,0.00121703,7465,0.0,
videos,IMEA3afzZG8,23.0811,38.4685,0.00121612,7466,0.0,
videos,_DOJL5nkMwE,23.0762,38.4603,0.00121507,7467,0.0,
videos,cRj1ebXajvY,23.0564,38.4273,0.00121334,7471,0.0,
videos,j4Z0NIl4v9o,23.0554,0.0,0.0,,57.6384,high
videos,g3z5xx1lK6U,23.0515,38.4191,0.00120809,7472,0.0,
videos,8EJnyY4SIN4,23.0416,38.4026,0.00120095,7474,0.0,
videos,6ojgla8KIV4,23.0366,38.3943,0.00120008,7475,0.0,
videos,qEvT_keLuXQ,23.0317,38.3861,0.00119806,7476,0.0,
videos,0Hhf6AzKz9A,23.0267,38.3778,0.00119767,7477,0.0,
videos,hQAgM8-w510,23.0168,38.3614,0.00119448,7479,0.0,
videos,j5oyaV6ci4g,23.002,38.3366,0.0011909,7482,0.0,
videos,Tl7gh3UDlGM,23.0015,0.3709,8.5e-07,12088,56.9475,high
videos,t-RDjEbW1MI,22.9921,38.3201,0.00119003,7484,0.0,
videos,qsaDv9J21-A,22.9871,38.3119,0.00118946,7485,0.0,
videos,Jnz4FZG_d1Y,22.9822,38.3037,0.00118475,7486,0.0,
videos,5QltWpxizs8,22.9817,0.1401,7.1e-07,12116,57.244,high
videos,D1KVKRGva3c,22.9673,38.2789,0.00118401,7489,0.0,
videos,hWs2gD9Tq8Y,22.9632,0.0,0.0,,57.4081,high
videos,6zsENaEuJRc,22.9624,38.2707,0.00117742,7490,0.0,
videos,0-zB9Fbld2A,22.9574,38.2624,0.00117717,7491,0.0,
videos,RjxDHAjErTI,22.9525,38.2542,0.0011689,7492,0.0,
videos,NGqbVlKAptI,22.9476,38.246,0.00116876,7493,0.0,
videos,k_ItSSmBdcM,22.9426,38.2377,0.00116762,7494,0.0,
videos,-vwLSWIgKRY,22.927,0.0,0.0,,57.3176,high
videos,V05EJ_aqAoc,22.9263,1.0221,1.05e-06,12008,55.7827,high
videos,kKiOdq3DN2I,22.9228,38.2047,0.00116354,7498,0.0,
videos,z5qrdEcZ0Ys,22.9179,38.1965,0.00116133,7499,0.0,
videos,EOwn1piBIzY,22.908,38.18,0.00115867,7501,0.0,
videos,5XQRy8djFGM,22.8981,38.1635,0.00115385,7503,0.0,
videos,Ck8yZ8Q3wfc,22.8932,38.1553,0.00114793,7504,0.0,
videos,BehASTUFQiE,22.8833,38.1388,0.00114305,7505,0.0,
videos,hoBxFwFLuiE,22.8734,38.1223,0.00114193,7508,0.0,
videos,stf5ysqZJ04,22.8732,0.8902,1e-06,12028,55.8477,high
videos,b5DPmHyqMkM,22.8685,38.1141,0.00114169,7509,0.0,
videos,AvhSibuzeg8,22.8635,38.1058,0.00113964,7510,0.0,
videos,rllJYQZSaic,22.8586,38.0976,0.00113923,7511,0.0,
videos,IoTJxA6C0U4,22.8536,38.0894,0.00113682,7512,0.0,
videos,C28QrR6dWJ0,22.8487,38.0811,0.0011345,7513,0.0,
videos,6xHYufmbTeI,22.8482,2.5882,1.65e-06,11821,53.2382,high
videos,S9cW1uTteek,22.8423,0.0,0.0,,57.1057,high
videos,PoPjBIg3k-8,22.8338,38.0564,0.00113106,7516,0.0,
videos,aSD8D82b2Jw,22.8239,38.0399,0.00112873,7518,0.0,
videos,Xg1wd7TBzDE,22.8091,38.0152,0.00112172,7521,0.0,
videos,JrSEkU_55vc,22.8041,38.0069,0.00112031,7522,0.0,
videos,QRFnZ9cuAjk,22.8027,0.6347,9.3e-07,12053,56.0547,high
videos,qPaCmYKWtIg,22.8024,1.0551,1.06e-06,12005,55.4234,high
videos,JHhIE-TNe50,22.7942,37.9904,0.00111502,7524,0.0,
videos,DVkrormnu6w,22.7893,37.9822,0.00111488,7525,0.0,
videos,uXOcjSRzrmo,22.785,1.3188,1.14e-06,11973,54.9843,high
videos,i_XiRAPq0mg,22.7844,37.974,0.00111311,7526,0.0,
videos,e0vbId9BSAA,22.7794,37.9657,0.00111226,7527,0.0,
videos,E03F_nFMG-Q,22.7745,37.9575,0.00111192,7528,0.0,
videos,GGcuO2ka2wk,22.7667,0.0,0.0,,56.9167,high
videos,eg6NF2lDyDE,22.7646,37.941,0.0011099,7530,0.0,
videos,TiYIpbzTlMg,22.7596,37.9327,0.0011085,7531,0.0,
videos,iDPlWjcPnJY,22.7547,37.9245,0.00110563,7532,0.0,
videos,tjyL4s0bLnA,22.7498,37.9163,0.0011049,7533,0.0,
videos,Gb2sHSzS-NY,22.7399,37.8998,0.00110407,7535,0.0,
videos,P-t52ONRy0A,22.7381,0.0,0.0,,56.8453,high
videos,DLF1P9VvrGo,22.7349,37.8915,0.00110395,7536,0.0,
videos,Rv9PJC0w9Bk,22.73,37.8833,0.00110329,7537,0.0,
videos,z8ZK4FwGnic,22.725,37.875,0.00110271,7538,0.0,
videos,SkdNgQNXRxk,22.7201,37.8668,0.00110265,7539,0.0,
videos,VjBGnkK1Ers,22.7166,1.2034,1.1e-06,11989,54.9863,high
videos,sVGXXIDQkg0,22.7102,37.8503,0.00110168,7541,0.0,
videos,UUl_nwLB3tk,22.7053,37.8421,0.00109951,7542,0.0,
videos,eVAIJBV1uVE,22.7003,37.8338,0.0010995,7543,0.0,
videos,ovNLVQDh_o8,22.6971,1.2282,1.12e-06,11984,54.9004,high
videos,Fr-zwQmJqq0,22.697,0.5358,9e-07,12066,55.9389,high
videos,Yg0rIaKKZDk,22.6954,37.8256,0.00109585,7544,0.0,
videos,D3Jvn1q7STY,22.6805,37.8009,0.00109489,7547,0.0,
videos,TeheJAFWwYs,22.6756,37.7926,0.00109436,7548,0.0,
videos,XyudEc3Jp9c,22.6706,37.7844,0.00109327,7549,0.0,
videos,4yK0XTMzcvQ,22.6657,37.7761,0.00109219,7550,0.0,
videos,R15S690z3sE,22.6607,37.7679,0.00109194,7551,0.0,
videos,AO0sgDJIZyI,22.6474,0.0,0.0,,56.6184,high
videos,tDl3Islgmos,22.6471,1.1869,1.1e-06,11988,54.8375,high
videos,UuikaKx6_pE,22.6459,37.7432,0.00109111,7554,0.0,
videos,LdbfPcWghDU,22.6409,37.7349,0.00108983,7555,0.0,
videos,UMUfJ4KFfU4,22.6261,37.7102,0.00108809,7558,0.0,
videos,njNSwX5Jj8Q,22.6211,37.7019,0.00108445,7559,0.0,
videos,dyqINZenOUs,22.6113,37.6855,0.00107875,7561,0.0,
videos,qHuqfVNILig,22.6063,37.6772,0.00107729,7562,0.0,
videos,_7MPVzJ8fzo,22.6014,37.669,0.00107574,7563,0.0,
videos,a68NxU3EsQI,22.5964,37.6607,0.0010753,7564,0.0,
videos,oMWzfqgqCB0,22.5946,0.0,0.0,,56.4865,high
videos,GWigfuri3TM,22.5915,37.6525,0.0010735,7565,0.0,
videos,M2lRbeVh0Hw,22.5714,1.7474,1.28e-06,11920,53.8075,high
videos,H-_EjZODgdo,22.5647,1.3106,1.14e-06,11975,54.4459,high
videos,rqLKtsDGmZg,22.5618,37.603,0.00106427,7571,0.0,
videos,CLoe2ATuNfk,22.5569,37.5948,0.00106244,7572,0.0,
videos,5fn7CFT2kBs,22.5428,0.0,0.0,,56.3569,high
videos,GXxJUT_2l-U,22.5421,37.5701,0.00105841,7575,0.0,
videos,0qyl9diIlrI,22.5372,0.0,0.0,,56.3429,medium
videos,bGyG1eczk1s,22.5358,0.0,0.0,,56.3396,medium
videos,pcqOc9Xeq6g,22.5322,37.5536,0.00105594,7577,0.0,
videos,GulzzC7IaEw,22.5279,0.0,0.0,,56.3198,medium
videos,vcWcTcRLUMs,22.5272,37.5453,0.00105362,7578,0.0,
videos,XVSaUGuyj50,22.5204,0.7171,9.5e-07,12044,55.2254,high
videos,0yoXxzA8GUc,22.5192,0.0,0.0,,56.2979,medium
videos,whqO6La-gCE,22.5148,0.0,0.0,,56.287,medium
videos,0lGFlVZ0dr0,22.5124,37.5206,0.00105122,7581,0.0,
videos,0kH53UGo6WM,22.5074,37.5124,0.00104888,7582,0.0,
videos,kj65RxaJ6Ds,22.4981,0.0,0.0,,56.2452,medium
videos,dozPudY_06M,22.4975,37.4959,0.00104651,7584,0.0,
videos,00msj2nbkKU,22.4936,0.0,0.0,,56.2339,high
videos,9wecsxYN4QQ,22.4827,37.4712,0.00104357,7587,0.0,
videos,xbEfrzu5fYw,22.4777,37.4629,0.00104203,7588,0.0,
videos,LOlPLZqv4U8,22.477,0.0,0.0,,56.1926,medium
videos,PyUSzzfqWTw,22.4722,0.0,0.0,,56.1806,medium
videos,L12zLeMeE1g,22.4692,0.0,0.0,,56.1731,high
videos,sx52M4O5WQU,22.4678,37.4464,0.00103972,7590,0.0,
videos,xdZM55hq0Hg,22.459,0.0,0.0,,56.1476,medium
videos,G-7QrgtKZIs,22.4579,37.4299,0.0010379,7592,0.0,
videos,wBzleORcaUM,22.4504,0.9891,1.04e-06,12013,54.6424,high
videos,2gNMV9tftbA,22.4481,37.4135,0.00103325,7594,0.0,
videos,vEzhefM3yJQ,22.4382,37.397,0.00103076,7596,0.0,
videos,TIggYCN2UG8,22.4332,37.3887,0.00102901,7597,0.0,
videos,I6UT9X8hrb0,22.4314,0.0,0.0,,56.0785,medium
videos,8_n4ywVmSU0,22.4297,0.0,0.0,,56.0742,medium
videos,mXQ147vgEqY,22.4184,37.364,0.00102313,7600,0.0,
videos,ARr156XvmVI,22.4125,0.0,0.0,,56.0313,medium
videos,ecjo4R96pII,22.4093,0.3462,8.5e-07,12090,55.5039,high
videos,bsWidS9VVQQ,22.4086,1.4342,1.17e-06,11959,53.8703,high
videos,kN93lWA41qE,22.4085,37.3475,0.00102149,7602,0.0,
videos,DOgAWV1k-aw,22.4036,37.3393,0.00102143,7603,0.0,
videos,MXe683pQhFg,22.3986,37.331,0.00102118,7604,0.0,
videos,qGDMB-PryIU,22.3887,37.3145,0.001013,7606,0.0,
videos,GmVvmfPPA7M,22.3789,37.2981,0.00101285,7608,0.0,
videos,tQHZ3It94uw,22.3739,37.2898,0.00101198,7609,0.0,
videos,dGOo4eQprH0,22.3694,1.088,1.07e-06,12001,54.2916,high
videos,CCQT980pu54,22.364,37.2733,0.00101028,7611,0.0,
videos,ODPD_bGDEQM,22.3591,37.2651,0.00100902,7612,0.0,
videos,McKKVKuBSag,22.3442,37.2404,0.0010036,7615,0.0,
videos,_gC244jZAz4,22.3393,37.2321,0.00100328,7616,0.0,
videos,J9gvOsYUWDc,22.33,0.0,0.0,,55.8251,medium
videos,uQyc3RMA1tw,22.3294,37.2156,0.00100222,7618,0.0,
videos,-a0p5X7p5Bs,22.3241,0.2885,8.2e-07,12099,55.3776,high
videos,bKZFFXrnsto,22.3213,0.0,0.0,,55.8033,high
videos,lcUSWf3OQ8A,22.32,0.0,0.0,,55.8001,high
videos,oP0DbqKebu8,22.3145,37.1909,0.00099602,7621,0.0,
videos,4ZNX5b88Lac,22.3096,37.1827,0.00099487,7622,0.0,
videos,yKGJcpbpkfU,22.3004,0.0,0.0,,55.751,medium
videos,s9JEywhvSqc,22.2947,37.1579,0.00099246,7625,0.0,
videos,MA-mrht07_U,22.2924,0.0,0.0,,55.7311,high
videos,iZzyxQMqc9s,22.2848,37.1414,0.00099102,7627,0.0,
videos,MTPej9g6K78,22.275,37.125,0.00098822,7629,0.0,
videos,od9R75ONuZU,22.27,37.1167,0.00098707,7630,0.0,
videos,BIQsAMmE2ls,22.2651,37.1085,0.00098625,7631,0.0,
videos,ScN_c6pjnX8,22.2601,37.1002,0.00097945,7632,0.0,
videos,ikVhbqPXsFQ,22.2594,0.0,0.0,,55.6484,medium
videos,pRXGL4nsWps,22.2552,37.092,0.00097752,7633,0.0,
videos,Ab4HcIDnLNs,22.2502,37.0837,0.00097685,7634,0.0,
videos,HP3YKGK_qtU,22.2453,37.0755,0.00097661,7635,0.0,
videos,Uqn_dd4-FPA,22.2404,37.0673,0.0009765,7636,0.0,
videos,F1HKdYF2AGg,22.2354,37.059,0.00097569,7637,0.0,
videos,B4dd5yo1wFA,22.2335,0.4863,8.8e-07,12075,54.8544,high
videos,JJFsMCA3WFo,22.2305,37.0508,0.00097403,7638,0.0,
videos,KD7XMY7SlL0,22.2286,0.0,0.0,,55.5716,medium
videos,Ddykm6gJRvA,22.2247,0.0,0.0,,55.5618,medium
videos,Rae9rdnHkgo,22.2206,37.0343,0.00096971,7640,0.0,
videos,TTNhhyw61Ko,22.2156,37.026,0.00096852,7641,0.0,
videos,3sNWwqa2v_g,22.2058,37.0096,0.00096234,7643,0.0,
videos,ph7xPe7Ajs0,22.2044,1.3436,1.15e-06,11970,53.4956,high
videos,kZ8bhagmG2Q,22.1988,0.0,0.0,,55.4971,medium
videos,ZyQ1-3U6zUc,22.1959,36.9931,0.00096116,7645,0.0,
videos,CwcOusKshIM,22.1909,36.9848,0.00096009,7646,0.0,
videos,0Y6JtPlp6Rc,22.186,36.9766,0.00095895,7647,0.0,
videos,hMr8rLruUZo,22.181,36.9683,0.00095879,7648,0.0,
videos,Z-Z7ePnIZEU,22.1761,36.9601,0.00095682,7649,0.0,
videos,tQRZXy4Bg5M,22.173,0.0,0.0,,55.4324,medium
videos,38f-LANftto,22.1711,36.9519,0.00095567,7650,0.0,
videos,o2cKc43MP20,22.1662,36.9436,0.00095566,7651,0.0,
videos,-ejgJ7j5miw,22.1612,36.9354,0.00095564,7652,0.0,
videos,LfgOBmwF-W0,22.1563,36.9271,0.00095346,7653,0.0,
videos,01IW2udj1rk,22.1545,0.0,0.0,,55.3863,medium
videos,aIb9c1GS5uE,22.1513,36.9189,0.00095177,7654,0.0,
videos,XpLWEA4CGUw,22.1464,36.9106,0.00095128,7655,0.0,
videos,41Oh_6yoJhE,22.1414,36.9024,0.0009489,7656,0.0,
videos,_VYDhtF-eWg,22.1382,0.0,0.0,,55.3456,medium
videos,1rYH7cA5YMM,22.1376,0.0,0.0,,55.344,medium
videos,xNxaMWPRh-c,22.1365,36.8942,0.00094573,7657,0.0,
videos,CVN2X-Zx_Bc,22.1356,0.0,0.0,,55.3391,medium
videos,nAM94JfjyNE,22.1315,36.8859,0.00094561,7658,0.0,
videos,T0kffseXIC0,22.1296,0.0,0.0,,55.324,high
videos,yrnML0SXwYo,22.129,0.0,0.0,,55.3226,medium
videos,h4EneHAU4Vo,22.1266,36.8777,0.00094519,7659,0.0,
videos,SGZsx7ewut8,22.1167,36.8612,0.00094063,7661,0.0,
videos,ii09pI5k-z4,22.1068,36.8447,0.00093987,7663,0.0,
videos,JxlaMfJeO3s,22.1062,0.0,0.0,,55.2656,medium
videos,kboeY5V8vtw,22.0969,36.8282,0.0009346,7665,0.0,
videos,bAtaxYjMyH0,22.0963,1.7887,1.29e-06,11914,52.5578,high
videos,USh8Vc8ISlU,22.0944,0.0,0.0,,55.2361,medium
videos,86O9z3oxpzY,22.0821,36.8035,0.00092949,7668,0.0,
videos,cJ2csu-4zXI,22.0772,36.7953,0.00092876,7669,0.0,
videos,YA8yQpxTF90,22.0673,36.7788,0.00092005,7671,0.0,
videos,hbyiA1wdD6w,22.0623,36.7705,0.00091857,7672,0.0,
videos,RBmZXt-13DE,22.0524,36.754,0.00091365,7674,0.0,
videos,JJilEUN9vq0,22.05,0.0,0.0,,55.1251,medium
videos,hC6Xwn-UvTM,22.0458,0.511,8.9e-07,12071,54.348,high
videos,7pnZYYl27xA,22.036,0.0,0.0,,55.09,medium
videos,2l9034mjm1I,22.0342,0.0,0.0,,55.0856,medium
videos,DPL5sXfcM9w,22.0327,36.7211,0.00091055,7678,0.0,
videos,fHp_hOexEvs,22.0294,0.0,0.0,,55.0736,medium
videos,28vZXvuUHSQ,22.0277,36.7128,0.00090991,7679,0.0,
videos,S5tOMUCvPFA,22.0211,0.0,0.0,,55.0528,medium
videos,oKshQyGf-is,22.0184,0.0,0.0,,55.0461,medium
videos,PIao7HqdJwY,22.0178,36.6963,0.00090403,7681,0.0,
videos,Dlf1qZAHEpE,22.0141,0.7583,9.6e-07,12040,53.8977,high
videos,INNad_tpkTs,22.0129,36.6881,0.00090155,7682,0.0,
videos,AWM07i1NJd0,22.0119,0.0,0.0,,55.0297,medium
videos,1yaa7mvLB3Y,22.0079,36.6799,0.00089937,7683,0.0,
videos,E-edArAp7DQ,22.003,36.6716,0.00089903,7684,0.0,
videos,1K1XSehZ2LM,22.002,0.7089,9.4e-07,12048,53.9416,high
videos,FugxSjzVy5Y,21.9931,36.6551,0.00089892,7686,0.0,
videos,ji56ivuwCXQ,21.9917,0.0,0.0,,54.9792,medium
videos,6lry2RQmnew,21.9881,36.6469,0.00089874,7687,0.0,
videos,8-7hC9957mc,21.9832,36.6386,0.00089681,7688,0.0,
videos,vGwYvt5eV5k,21.9817,0.0,0.0,,54.9543,high
videos,_3B-7xCCB1Y,21.9782,36.6304,0.00089518,7689,0.0,
videos,MY9xvAc0oB4,21.9691,2.4481,1.61e-06,11837,51.2506,high
videos,LgFbeuL58oY,21.9683,36.6139,0.00089237,7691,0.0,
videos,0vvwCPB1zIw,21.9612,0.0,0.0,,54.9029,high
videos,VeUdThlZc2M,21.9594,0.0,0.0,,54.8984,high
videos,xBgzQBJZ-NU,21.9584,36.5974,0.00089038,7693,0.0,
videos,YkpsgIiCNp8,21.9535,36.5892,0.00088666,7694,0.0,
videos,rU_hn6TAF_I,21.9513,0.0,0.0,,54.8783,medium
videos,KmU1rQ9JztE,21.9485,36.5809,0.00088638,7695,0.0,
videos,BW0K-jeJi9o,21.943,0.0,0.0,,54.8574,medium
videos,Bkxw7cbuYao,21.9387,36.5645,0.00088327,7697,0.0,
videos,kGmdVnj22rw,21.9184,0.0,0.0,,54.796,medium
videos,EsC_Fw_9nj4,21.9095,0.9726,1.03e-06,12016,53.3148,high
videos,mqeiLoOPIbM,21.909,36.515,0.00088109,7703,0.0,
videos,-TzDbv7TU74,21.9035,0.0,0.0,,54.7587,medium
videos,jRQWvIbf-E8,21.8978,0.0,0.0,,54.7444,medium
videos,b9IEPNixDJA,21.8909,1.6073,1.23e-06,11938,52.3163,high
videos,dh3_AuhVgn4,21.8892,36.482,0.00088032,7707,0.0,
videos,QZEUwQN8Q_Q,21.8744,36.4573,0.00087953,7710,0.0,
videos,PNm0hf_zZJY,21.8615,0.0,0.0,,54.6538,medium
videos,rHov1360rLk,21.853,0.0,0.0,,54.6325,medium
videos,WNxG5iarCec,21.8526,0.0,0.0,,54.6315,medium
videos,Noy3a3DdNjk,21.8447,36.4078,0.00087212,7716,0.0,
videos,aNYlh4rPnUY,21.8386,0.0,0.0,,54.5966,high
videos,-q8uUJVXA80,21.8348,36.3914,0.00086712,7718,0.0,
videos,ZUgSu6tfmAk,21.8249,36.3749,0.00086653,7720,0.0,
videos,IHuyq75-kVY,21.8153,0.0,0.0,,54.5382,medium
videos,34618ZnE5HE,21.8104,0.0,0.0,,54.5261,medium
videos,81ydsueV7lU,21.8101,36.3501,0.00086387,7723,0.0,
videos,JsVmHF6xrI4,21.8087,0.0,0.0,,54.5217,medium
videos,jpa0NVyxfKI,21.8051,36.3419,0.00086314,7724,0.0,
videos,xcUmQUB3tJs,21.8002,36.3337,0.00086293,7725,0.0,
videos,oGEzILOWO40,21.7937,0.7913,9.7e-07,12037,53.2974,high
videos,6FJhFMuL024,21.7853,36.3089,0.00086198,7728,0.0,
videos,CaWRkltc8tM,21.7828,0.0,0.0,,54.457,medium
videos,Kgnf90m7qXE,21.7754,36.2924,0.00085964,7730,0.0,
videos,sny6zdDsQSE,21.7705,0.0,0.0,,54.4263,medium
videos,Ib1rrgvsB1o,21.7656,36.276,0.00085786,7732,0.0,
videos,8p0tICtXPV0,21.763,0.0,0.0,,54.4076,medium
videos,5NRNXevAL40,21.7626,0.0,0.0,,54.4065,medium
videos,xq8d7k1-0IE,21.7606,36.2677,0.00085549,7733,0.0,
videos,Qtpfs-huFv4,21.756,0.0,0.0,,54.39,high
videos,lNrmyHvLaws,21.7557,36.2595,0.00085467,7734,0.0,
videos,qe_uPqM40nM,21.7394,0.0,0.0,,54.3484,medium
videos,_VNjgHgL_iM,21.7359,36.2265,0.00085331,7738,0.0,
videos,WvMk5oGYFb0,21.731,36.2183,0.00085208,7739,0.0,
videos,vY9B3PJyAXI,21.7284,0.0,0.0,,54.321,medium
videos,qUdpxKhHe5g,21.726,36.21,0.00084885,7740,0.0,
videos,aIEXyend1Lk,21.7064,0.0,0.0,,54.2661,medium
videos,TjbkrXiJ4Z8,21.7063,36.1771,0.00084207,7744,0.0,
videos,aYoNgFhtg6s,21.7013,36.1688,0.00084171,7745,0.0,
videos,DWvIiq8anHY,21.6992,0.0,0.0,,54.248,high
videos,yBkYFsWqlMU,21.6914,36.1523,0.00083827,7747,0.0,
videos,4yragRU0S78,21.6865,36.1441,0.00083772,7748,0.0,
videos,l2AsnvZCo5w,21.6848,0.0,0.0,,54.2121,high
videos,kJj8McI8TuA,21.6815,36.1358,0.00083509,7749,0.0,
videos,_sD83klesWE,21.6716,36.1194,0.00083407,7751,0.0,
videos,0-t8oktvaLI,21.6656,0.0,0.0,,54.164,high
videos,JNzK2mVlJ_E,21.6643,1.8381,1.31e-06,11908,51.4037,high
videos,0inSYN00pwY,21.6617,36.1029,0.00083198,7753,0.0,
videos,5A1tyimeDbA,21.6612,0.0,0.0,,54.1531,medium
videos,ww-wSqDQ8rA,21.6518,36.0864,0.00082512,7755,0.0,
videos,oZw3PikAAYE,21.6454,2.5964,1.66e-06,11816,50.2189,high
videos,LJf9x4Gh19c,21.6419,36.0699,0.00082335,7757,0.0,
videos,16EO7h1Y6Yc,21.637,36.0617,0.00082266,7758,0.0,
videos,ZW-qzdWRl44,21.632,36.0534,0.00082052,7759,0.0,
videos,UX_-CePQ8a4,21.6296,0.0,0.0,,54.0741,medium
videos,DV1xokBgHOk,21.6271,36.0452,0.00081884,7760,0.0,
videos,BtcCI5uE0WY,21.6254,0.0,0.0,,54.0636,high
videos,iHUeiFUgr1A,21.6223,0.0,0.0,,54.0558,high
videos,u_JVj-RIhko,21.6172,36.0287,0.00081428,7762,0.0,
videos,AKQF9NTu_J8,21.6086,0.0,0.0,,54.0214,medium
videos,X1FDWVXX-iw,21.606,0.0,0.0,,54.0149,medium
videos,Exf6MrfmaTc,21.5925,35.9875,0.00079967,7767,0.0,
videos,IzWcLLc5pN4,21.5875,35.9792,0.00079939,7768,0.0,
videos,L-BHB0jma8A,21.5827,0.0,0.0,,53.9568,medium
videos,3z7sTge7MAM,21.5826,35.971,0.00079845,7769,0.0,
videos,oCMG_xaIBoU,21.5788,0.0,0.0,,53.9469,medium
videos,f-BbPsz1uS4,21.5756,0.0,0.0,,53.939,high
videos,rBD2vCO8WAQ,21.5727,35.9545,0.00079534,7771,0.0,
videos,mjnI1HWziSA,21.5628,35.938,0.00079481,7773,0.0,
videos,SJvMtHsxbS4,21.559,0.0,0.0,,53.8974,medium
videos,sKDgrzsu1Js,21.5579,35.9298,0.00079433,7774,0.0,
videos,N74QD7ERtY4,21.5568,0.0,0.0,,53.892,medium
videos,7RrZ5N8eE5E,21.5568,0.0,0.0,,53.892,medium
videos,3eqTj1oEFbw,21.5524,0.0,0.0,,53.881,medium
videos,v2Nd50hNRUE,21.548,0.0,0.0,,53.8701,medium
videos,hEbd7mYCXBc,21.5467,0.0,0.0,,53.8668,medium
videos,S3VHI7UR-gg,21.543,35.905,0.00078948,7777,0.0,
videos,fu0dNQi0_uU,21.5393,0.0,0.0,,53.8482,medium
videos,KX6iRFO_K4k,21.5353,0.0,0.0,,53.8383,medium
videos,apEK596Z2iA,21.534,0.0,0.0,,53.835,medium
videos,dibkrF3P-Bg,21.5332,35.8886,0.00078823,7779,0.0,
videos,nGakcu0V0ZM,21.5282,35.8803,0.0007882,7780,0.0,
videos,rln8qo_3Cqs,21.5261,0.0,0.0,,53.8152,medium
videos,C8ZABYJokbo,21.5134,35.8556,0.00078655,7783,0.0,
videos,SUx2X1oNfE8,21.5084,35.8473,0.00078646,7784,0.0,
videos,CjpdDj_lFVc,21.5072,0.0,0.0,,53.7681,high
videos,jOxl7nb-YLA,21.5042,0.0,0.0,,53.7604,medium
videos,-X3X4mpNx04,21.5028,0.0,0.0,,53.757,medium
videos,PP0lwIuPWXc,21.5024,0.0,0.0,,53.756,medium
videos,5sJp-TuRtUw,21.5002,0.0,0.0,,53.7505,medium
videos,Mnt8Mp1j_9U,21.4936,35.8226,0.00077334,7787,0.0,
videos,OVKg-V2fi3c,21.4906,0.0,0.0,,53.7264,medium
videos,-dubW7ABrq8,21.4837,35.8061,0.00077217,7789,0.0,
videos,iQX9ts48EQ4,21.4738,35.7896,0.00077182,7791,0.0,
videos,DGw2KKyXuYQ,21.4702,0.0,0.0,,53.6754,medium
videos,SRBwmsiKrM4,21.4688,35.7814,0.00077005,7792,0.0,
videos,KiE7rXCq3-Q,21.4639,35.7732,0.00076997,7793,0.0,
videos,Iq4Pv2iD84s,21.4635,0.0,0.0,,53.6588,high
videos,7igTZqbFksE,21.4589,35.7649,0.00076633,7794,0.0,
videos,Px-Zr1lrtNA,21.4546,0.0,0.0,,53.6364,medium
videos,2E0ij1RBsJU,21.454,35.7567,0.00076612,7795,0.0,
videos,vifpBK5WI4E,21.4514,0.0,0.0,,53.6284,medium
videos,Xda91D_9XzY,21.449,35.7484,0.00076592,7796,0.0,
videos,FSCeU6ME4Pc,21.4441,35.7402,0.00076564,7797,0.0,
videos,sVP7KLtMsTY,21.4425,0.0,0.0,,53.6062,high
videos,fAClV1knJPc,21.4391,35.7319,0.00076375,7798,0.0,
videos,aSeiJkMF4EM,21.4342,35.7237,0.00076315,7799,0.0,
videos,7J0dqEH4Bp4,21.4246,0.0,0.0,,53.5614,high
videos,o5muyUd-IL8,21.4243,35.7072,0.00076097,7801,0.0,
videos,nuRYG9Hd1Lc,21.4168,0.0,0.0,,53.542,medium
videos,dwakIOUY7BE,21.4144,35.6907,0.00074778,7803,0.0,
videos,KbCiOZfYG0o,21.4111,0.0,0.0,,53.5278,medium
videos,_Upj-E2SyDk,21.4088,0.0,0.0,,53.5219,high
videos,nRce5U0hX2I,21.3996,35.666,0.00074557,7806,0.0,
videos,PeZgfBcINgc,21.383,0.0,0.0,,53.4575,high
videos,2UlrnTLFavw,21.3823,0.0,0.0,,53.4558,high
videos,ZwyEsh_NX4s,21.3819,0.0,0.0,,53.4548,medium
videos,pO1pN0m3o10,21.3798,35.633,0.0007414,7810,0.0,
videos,uh54mQyJY_o,21.3677,0.0,0.0,,53.4192,medium
videos,HwtEOks6_Zs,21.365,35.6083,0.00073971,7813,0.0,
videos,Wv8f08OjBwI,21.3584,0.0,0.0,,53.3961,medium
videos,qF6EEeZx4vA,21.3541,0.0,0.0,,53.3852,medium
videos,kA4PpCWaQkc,21.353,0.0,0.0,,53.3824,high
videos,ptUFNJjgCpM,21.3502,35.5836,0.00073781,7816,0.0,
videos,oYr3M6MZ5Tc,21.3452,35.5753,0.00073704,7817,0.0,
videos,D_xesSV4dJs,21.3447,2.0442,1.43e-06,11883,50.2954,high
videos,49VXwE9HrPo,21.3444,0.0,0.0,,53.361,medium
videos,7MbAaYCR5nU,21.3435,0.0,0.0,,53.3588,medium
videos,9lAs4ZagT2c,21.3353,35.5589,0.00073643,7819,0.0,
videos,1-clyBUADC0,21.3352,0.0,0.0,,53.338,medium
videos,9v56vLbtt6M,21.3308,0.0,0.0,,53.327,medium
videos,dlsTOWN8po8,21.3056,35.5094,0.00073356,7825,0.0,
videos,sgsQ3UlSeww,21.3007,35.5012,0.00073133,7826,0.0,
videos,gUW-V57Nsc0,21.2957,35.4929,0.00073023,7827,0.0,
videos,hJaTKvSh5ig,21.2858,35.4764,0.00072682,7829,0.0,
videos,v2rLEFwFAj8,21.2777,0.0,0.0,,53.1943,medium
videos,ArLBmh53Hh8,21.2759,35.4599,0.00072352,7831,0.0,
videos,sXTtcUcmsnw,21.2746,0.0,0.0,,53.1865,medium
videos,mlwDmYQH0n8,21.271,35.4517,0.00072263,7832,0.0,
videos,DzysRaQHLRs,21.2694,0.0,0.0,,53.1734,high
videos,LnGpm4FBA20,21.2661,35.4435,0.00072241,7833,0.0,
videos,-R5QwPD7QBU,21.2611,35.4352,0.00072236,7834,0.0,
videos,Ypvu0HhA-WA,21.2571,0.0,0.0,,53.1427,medium
videos,G1rOx14oGkc,21.2512,35.4187,0.00071515,7836,0.0,
videos,Jd0RwWURaIs,21.251,0.0,0.0,,53.1274,medium
videos,kd7eP7PRCkI,21.2463,35.4105,0.000714,7837,0.0,
videos,kAZfzEj5U18,21.2439,0.0,0.0,,53.1098,medium
videos,cWfyt07rB0k,21.2413,35.4022,0.00071343,7838,0.0,
videos,Ds8AAnscv7U,21.2315,35.3858,0.00071319,7840,0.0,
videos,DUEMiG52UUY,21.2216,35.3693,0.00071224,7842,0.0,
videos,s3inHyMbh7M,21.2117,0.0,0.0,,53.0292,medium
videos,81NsoqgpKNc,21.2117,35.3528,0.00071142,7844,0.0,
videos,fosT01F6C8s,21.2067,35.3445,0.00071104,7845,0.0,
videos,NupEDlE0u_k,21.2062,0.0,0.0,,53.0155,medium
videos,qFKbw8DPjpo,21.2013,0.0,0.0,,53.0033,medium
videos,MsXYUIKlAJ4,21.1994,0.0,0.0,,52.9984,medium
videos,I4gzl1Tu4oM,21.1915,0.0,0.0,,52.9787,medium
videos,FV9C_wTAVG8,21.1908,0.0,0.0,,52.977,medium
videos,mKWRCqa7yxA,21.187,35.3116,0.00070626,7849,0.0,
videos,0pbHw7GmlmU,21.1858,0.0,0.0,,52.9645,medium
videos,NBqmmyHlluI,21.1832,0.0,0.0,,52.9579,medium
videos,ZWWZlpfbRA0,21.182,35.3033,0.00070514,7850,0.0,
videos,oOyOjGRvYCk,21.1771,35.2951,0.0007035,7851,0.0,
videos,w8R7I3FbBT8,21.1754,0.0,0.0,,52.9385,high
videos,fcVgcUyduao,21.1642,0.0,0.0,,52.9106,high
videos,dEPYxmgqpgo,21.1622,35.2704,0.00070077,7854,0.0,
videos,fmcz2cc6Xnk,21.1573,35.2621,0.00069732,7855,0.0,
videos,DnuuPmmI0vA,21.1523,35.2539,0.0006939,7856,0.0,
videos,_VLaDfha8LM,21.1512,0.0,0.0,,52.878,high
videos,OW-Waspq0V4,21.1487,0.0,0.0,,52.8717,medium
videos,y9uEeFcNT3Q,21.1482,0.0,0.0,,52.8706,medium
videos,0FyP1BtuIgY,21.1474,35.2456,0.00069387,7857,0.0,
videos,CNL2PJSerXM,21.1375,35.2291,0.00069231,7859,0.0,
videos,Prhq74TxwQw,21.1325,35.2209,0.0006921,7860,0.0,
videos,k23usmFguy0,21.1203,0.0,0.0,,52.8008,high
videos,Ib8SMzQKuyA,21.1193,0.0,0.0,,52.7983,medium
videos,kh_fVK2nL7k,21.1177,35.1962,0.00068908,7863,0.0,
videos,2bTvt_bNQpo,21.1136,0.0,0.0,,52.7839,medium
videos,Bz40lbhx1MU,21.1092,0.0,0.0,,52.773,medium
videos,PiN8ieOmonw,21.1061,0.0,0.0,,52.7653,medium
videos,LYUpFcpU_Eg,21.1028,35.1714,0.00068349,7866,0.0,
videos,FljB3mdA5aA,21.1017,0.0,0.0,,52.7543,medium
videos,85A3nrhd60g,21.0979,35.1632,0.00068281,7867,0.0,
videos,C18aaP4lvUk,21.0944,0.0,0.0,,52.7359,medium
videos,UvzAq3QoRvU,21.093,35.155,0.00068152,7868,0.0,
videos,3Kh9GhXnrjs,21.0831,35.1385,0.00068025,7870,0.0,
videos,emfzcJlELNg,21.0781,35.1302,0.00068008,7871,0.0,
videos,rfeWb6-YkDw,21.0682,35.1137,0.00067837,7873,0.0,
videos,4KQ1szFmsF4,21.0534,35.089,0.0006761,7876,0.0,
videos,au9I_zaLx68,21.0485,35.0808,0.00067574,7877,0.0,
videos,iBUx-V5SPLI,21.0435,35.0725,0.00067525,7878,0.0,
videos,hG-UW-4DBLY,21.0407,0.0,0.0,,52.6018,medium
videos,A49VM0Mhm0s,21.0386,35.0643,0.00067449,7879,0.0,
videos,vuv1f3RMNkQ,21.0377,0.0,0.0,,52.5942,medium
videos,0LZjcFLINQE,21.029,0.0,0.0,,52.5726,high
videos,SMqAciA-YCA,21.0287,35.0478,0.00067141,7881,0.0,
videos,2zBVY_YeZ1M,21.0238,35.0396,0.00067083,7882,0.0,
videos,UYlgU4TPg2k,21.0188,35.0313,0.00067013,7883,0.0,
videos,hyC_38NVLLQ,21.0139,35.0231,0.00067007,7884,0.0,
videos,RNtynX8Vxow,21.01,0.0,0.0,,52.525,medium
videos,myt4Xa6_ais,21.0089,35.0148,0.0006684,7885,0.0,
videos,0D1q_r3Q5h0,21.007,0.0,0.0,,52.5174,medium
videos,X-l8Lz5GCAg,21.004,35.0066,0.0006682,7886,0.0,
videos,qR673ho6-d4,21.0026,0.0,0.0,,52.5064,medium
videos,VAj47xzQOs0,20.999,34.9984,0.00066786,7887,0.0,
videos,7vNOj6kzvck,20.9964,0.0,0.0,,52.491,medium
videos,mHx-53sNM7s,20.9941,34.9901,0.00066686,7888,0.0,
videos,LV9gszR5NGQ,20.9891,34.9819,0.0006657,7889,0.0,
videos,Cxi328W-E7c,20.9747,0.0,0.0,,52.4367,medium
videos,llBj1S5Tw0k,20.9743,34.9571,0.00066442,7892,0.0,
videos,hwagXBoQYPs,20.971,0.0,0.0,,52.4274,medium
videos,mVdvzAzPxVI,20.9696,0.0,0.0,,52.424,high
videos,88FshFxzDyQ,20.9693,34.9489,0.00066295,7893,0.0,
videos,2qAmrJOs_jo,20.9671,0.0,0.0,,52.4178,medium
videos,v34QkdRqfYQ,20.9644,34.9407,0.0006617,7894,0.0,
videos,EwUmkTfYQLY,20.9545,34.9242,0.00066113,7896,0.0,
videos,vtVy-pV6_30,20.9458,0.0,0.0,,52.3644,high
videos,jAXTrHAaeEk,20.9396,34.8994,0.00065649,7899,0.0,
videos,ey1wmgHp1t8,20.939,0.0,0.0,,52.3474,medium
videos,1Oki-7PzMng,20.9298,34.883,0.00065387,7901,0.0,
videos,b-pj-tCc9rI,20.9248,34.8747,0.00065372,7902,0.0,
videos,nvjKB2Y2utQ,20.9199,34.8665,0.00065267,7903,0.0,
videos,nUHLVPFYorU,20.9149,34.8582,0.0006522,7904,0.0,
videos,u8SlEQReZ1k,20.91,34.85,0.00065164,7905,0.0,
videos,EoNC2DpRaGY,20.8971,0.0,0.0,,52.2427,high
videos,W5BVnWwTvSE,20.8952,34.8253,0.00064657,7908,0.0,
videos,FNCJSWkRw04,20.8936,1.1705,1.09e-06,11992,50.4783,high
videos,sdB4Vs5TOVY,20.8933,0.0,0.0,,52.2333,medium
videos,Xmw20a49v8Q,20.8902,34.817,0.00064127,7909,0.0,
videos,cKjNk99mNfY,20.8853,34.8088,0.00064123,7910,0.0,
videos,X0qnTbbYZwE,20.8803,34.8005,0.00064046,7911,0.0,
videos,w-F3qjxmPSA,20.8771,0.0,0.0,,52.1927,medium
videos,D5HRB26-BVw,20.8768,0.0,0.0,,52.1921,high
videos,2OCaHhLQHVk,20.8757,0.0,0.0,,52.1893,medium
videos,QwB7Gxdw0II,20.8754,34.7923,0.00063931,7912,0.0,
videos,wK2Uf15rfq4,20.8704,34.784,0.00063899,7913,0.0,
videos,kK5QDyIl6pI,20.8674,0.0,0.0,,52.1685,medium
videos,poDw3zY6jME,20.8655,34.7758,0.00063849,7914,0.0,
videos,LDXfWv38lPI,20.8606,34.7676,0.00063815,7915,0.0,
videos,9lN8BakJ2mw,20.8556,34.7593,0.00063806,7916,0.0,
videos,0NcjR6rDzhg,20.8507,34.7511,0.00063789,7917,0.0,
videos,_ZfE7TJ5UHo,20.8467,0.0,0.0,,52.1168,medium
videos,hg7xX8sJuLI,20.8433,0.0,0.0,,52.1082,medium
videos,qOHO7i6VC2I,20.8408,34.7346,0.00063619,7919,0.0,
videos,6VOcnuU0Wtg,20.8262,0.0,0.0,,52.0654,medium
videos,Li9EPsthvhs,20.8259,34.7099,0.00063502,7922,0.0,
videos,7Na4E4Ofg04,20.821,34.7016,0.00063473,7923,0.0,
videos,dxFnaGijcgY,20.816,34.6934,0.00063292,7924,0.0,
videos,6YUts7rFlR0,20.8111,34.6851,0.00063014,7925,0.0,
videos,g16sjwabCLU,20.8097,0.0,0.0,,52.0242,medium
videos,jwsBC83SmQ0,20.809,0.0,0.0,,52.0224,medium
videos,K11K74W09UE,20.8066,0.0,0.0,,52.0165,medium
videos,gpITHJyYsfo,20.7962,34.6604,0.00062847,7928,0.0,
videos,U1pdtGn-MK8,20.788,0.0,0.0,,51.97,medium
videos,wP2Ylb0JC08,20.7863,34.6439,0.00062798,7930,0.0,
videos,H1-hMvlrOng,20.7814,34.6357,0.00062713,7932,0.0,
videos,yo4hSP-K8Qw,20.78,0.0,0.0,,51.9501,medium
videos,GHEUmUwrNpo,20.7764,34.6274,0.00062713,7931,0.0,
videos,DMKATKHHhs4,20.7695,0.0,0.0,,51.9238,medium
videos,XleCaFwbzp8,20.7665,34.6109,0.00062664,7934,0.0,
videos,knRvNFXpugA,20.7567,34.5945,0.00062494,7936,0.0,
videos,amAOrOgzPZo,20.7517,34.5862,0.00062407,7937,0.0,
videos,Ax8hx6i-nxc,20.7468,34.578,0.00062274,7938,0.0,
videos,-75ckr8IpLE,20.741,0.0,0.0,,51.8525,medium
videos,wJPpo0c-d1o,20.7369,34.5615,0.00061934,7940,0.0,
videos,zqLVvmYfF7g,20.7331,0.0,0.0,,51.8327,medium
videos,sqaODiLiY5U,20.7328,0.4451,8.7e-07,12079,51.1644,high
videos,jldcTNC9HYw,20.7319,34.5532,0.00061932,7941,0.0,
videos,Y9a4mBtBP_A,20.727,34.545,0.00061685,7942,0.0,
videos,Jf17j0pifo0,20.7244,0.0,0.0,,51.8109,medium
videos,3h85rdpqiN8,20.7221,34.5368,0.0006165,7943,0.0,
videos,do653Fxcj0Y,20.7122,34.5203,0.000616,7945,0.0,
videos,z_YWNrKN3jw,20.7072,0.0,0.0,,51.7681,medium
videos,E3OFz-rjwC4,20.7072,34.512,0.00061557,7946,0.0,
videos,jRhcDHbue9o,20.7055,0.0,0.0,,51.7637,medium
videos,i_mcRnm7-7U,20.7023,34.5038,0.00061268,7947,0.0,
videos,88iTTabFUVU,20.6973,34.4955,0.00061178,7948,0.0,
videos,vTXlG6x7vMo,20.6932,0.0,0.0,,51.7329,medium
videos,Soa2iWztoEo,20.6924,34.4873,0.00061085,7949,0.0,
videos,DfZktN7y7DI,20.6918,0.0,0.0,,51.7296,medium
videos,ZGc4_LdPms8,20.691,0.0,0.0,,51.7274,medium
videos,Jee8Qsa2qOE,20.6857,0.0,0.0,,51.7143,medium
videos,PsifYUc8bA0,20.684,0.0,0.0,,51.71,high
videos,00jToJjRUOs,20.6825,34.4708,0.0006079,7951,0.0,
videos,Klb_IwMBb4A,20.6813,0.0,0.0,,51.7033,medium
videos,E8mMSk2Q2nA,20.6776,34.4626,0.00060721,7952,0.0,
videos,vLaXiYsaHhY,20.6726,34.4543,0.00060427,7953,0.0,
videos,wKb3QUxyQ3E,20.6677,34.4461,0.00060329,7954,0.0,
videos,gziZRWbNj1g,20.6627,34.4379,0.00060292,7955,0.0,
videos,9QoOermi7ww,20.6578,34.4296,0.00060192,7956,0.0,
videos,3HoEVCNnTC0,20.6561,0.0,0.0,,51.6402,medium
videos,_lMu0mog6N8,20.6528,34.4214,0.00060158,7957,0.0,
videos,E8QNpJrnC4s,20.6514,0.0,0.0,,51.6285,high
videos,W9uOib-d6HI,20.6479,34.4131,0.00059938,7958,0.0,
videos,WM5mpIS0Nuk,20.6449,0.0,0.0,,51.6123,medium
videos,RjFFSNYqwQA,20.6448,0.0,0.0,,51.612,medium
videos,3nBrmQPKBO4,20.6429,34.4049,0.00059813,7959,0.0,
videos,nOBhFraOAag,20.6366,0.0,0.0,,51.5914,medium
videos,8q87_5cpPc4,20.633,34.3884,0.00059454,7961,0.0,
videos,NhlQMsqcQg4,20.6278,0.0,0.0,,51.5695,medium
videos,JcG3Mvq4Fw8,20.6231,34.3719,0.00059391,7963,0.0,
videos,K8SvjeSZG5c,20.6182,34.3637,0.00059354,7964,0.0,
videos,1NUq33zKBbg,20.6132,34.3554,0.00059321,7965,0.0,
videos,Fz7m_MMdvHU,20.6122,0.0,0.0,,51.5305,medium
videos,1zGeRwRTYkU,20.6083,34.3472,0.00059021,7966,0.0,
videos,6CxmJjv-Cwc,20.6033,34.3389,0.00058882,7967,0.0,
videos,qsI32QFN-P0,20.5997,0.0,0.0,,51.4992,medium
videos,cMxFiMLrr9I,20.5982,1.154,1.09e-06,11993,49.7644,high
videos,C2TPLX9fMis,20.5935,34.3225,0.00058792,7969,0.0,
videos,bsiiRgmv2l0,20.5918,0.0,0.0,,51.4795,medium
videos,mF0xE6L2lSs,20.5885,34.3142,0.00058711,7970,0.0,
videos,Qy_RASa8iY4,20.5718,0.0,0.0,,51.4296,medium
videos,aoemszmKUsg,20.5589,34.2648,0.00058249,7976,0.0,
videos,LCkxWbwlxzo,20.5539,34.2565,0.00058068,7977,0.0,
videos,23nfXDdCMmU,20.5506,0.0,0.0,,51.3764,medium
videos,O1XBCCarA-I,20.549,34.2483,0.00058035,7978,0.0,
videos,Uwxb_1uRQD8,20.5471,0.0,0.0,,51.3677,medium
videos,Q487_56SCkk,20.5391,34.2318,0.00057936,7980,0.0,
videos,ItGiNeCLJiM,20.5341,34.2235,0.00057877,7981,0.0,
videos,Q7A1xSfcH4c,20.5243,34.2071,0.00057791,7983,0.0,
videos,8fNNBTKvKs0,20.5193,34.1988,0.00057784,7984,0.0,
videos,u14PcCTa7w4,20.5095,0.0,0.0,,51.2738,medium
videos,tmgEfe-qiQI,20.5094,34.1823,0.0005765,7985,0.0,
videos,lrF1IQyr09Y,20.4995,34.1658,0.00057465,7988,0.0,
videos,F5nw6HGugSU,20.4983,0.0,0.0,,51.2458,medium
videos,SojDjob_ICs,20.4953,0.0,0.0,,51.2382,medium
videos,D0ftbzatqeA,20.4946,34.1576,0.00057396,7989,0.0,
videos,y76Hxvgg89Q,20.4896,34.1494,0.00057377,7990,0.0,
videos,aw9i2AMtlqA,20.4882,0.0,0.0,,51.2206,medium
videos,c3-9YgaiTi8,20.4874,0.0,0.0,,51.2184,medium
videos,FZ5QlK0wmgM,20.4847,34.1411,0.00057354,7991,0.0,
videos,soVsdoQiwXM,20.4799,0.0,0.0,,51.1998,medium
videos,chQuoqcwm1U,20.4797,34.1329,0.00057321,7992,0.0,
videos,L0DO7iLV2l4,20.4782,0.0,0.0,,51.1954,medium
videos,m2JSf3XgPfo,20.4748,34.1246,0.0005729,7993,0.0,
videos,ctg3QIsZ1Lk,20.4729,0.0,0.0,,51.1822,medium
videos,FLAIIzHTBWo,20.465,0.0,0.0,,51.1624,medium
videos,fKVn5onziyc,20.4599,34.0999,0.00057119,7996,0.0,
videos,nC418kwKyLM,20.4577,0.0,0.0,,51.1443,high
videos,kWKz3AQYpuE,20.455,34.0917,0.00057073,7997,0.0,
videos,y_sy9qfBQ_k,20.4508,0.0,0.0,,51.1269,high
videos,hxpR5DpECmU,20.45,34.0834,0.00057018,7998,0.0,
videos,KVTcKpVlL4c,20.4451,34.0752,0.00056984,7999,0.0,
videos,mv_4EOmtDLU,20.4444,0.0,0.0,,51.1109,medium
videos,Lo52FdXfn5U,20.4439,0.0,0.0,,51.1098,medium
videos,mFsWSkKiEZI,20.4391,0.0,0.0,,51.0977,high
videos,Npd8TMrz7i8,20.4352,34.0587,0.000567,8001,0.0,
videos,kuMBvVuQ4TM,20.434,0.0,0.0,,51.0851,medium
videos,AJdiXIiYMYY,20.4275,0.0,0.0,,51.0688,medium
videos,cKKg3pTPH2A,20.4253,34.0422,0.00056472,8003,0.0,
videos,cRthG3YuYM8,20.4204,34.034,0.00056467,8004,0.0,
videos,4xPX_RmpgHs,20.4105,34.0175,0.00056343,8006,0.0,
videos,8ng1-I7uB_c,20.4088,0.0,0.0,,51.022,medium
videos,cuy_-uD8uhw,20.4066,0.0,0.0,,51.0165,medium
videos,uMuvBJ2kiPQ,20.4006,34.001,0.00055734,8008,0.0,
videos,eqw87JYML8M,20.3956,33.9927,0.00055727,8009,0.0,
videos,O73XMEV5fzs,20.3907,33.9845,0.00055713,8010,0.0,
videos,i0uR2Y5GsyA,20.3895,0.0,0.0,,50.9737,medium
videos,I2-QGP0bi-0,20.3808,33.968,0.00055667,8012,0.0,
videos,M9HvSVgx8kA,20.3759,33.9598,0.00055353,8013,0.0,
videos,PaTEbhDEvQE,20.375,0.0,0.0,,50.9376,medium
videos,uEdIjcnXzR0,20.3731,0.0,0.0,,50.9327,medium
videos,4jZcCDhO5rU,20.3709,33.9515,0.00055297,8014,0.0,
videos,cZF7rXJuvCw,20.3693,0.0,0.0,,50.9233,medium
videos,tFBsxxfaJ2M,20.366,33.9433,0.00055252,8015,0.0,
videos,KXwoTVIpGig,20.361,33.935,0.00055212,8016,0.0,
videos,W6Row8U6OzQ,20.354,0.0,0.0,,50.8849,medium
videos,qGRxMylWJl0,20.3462,33.9103,0.00054972,8019,0.0,
videos,vUpAHm2GE0A,20.343,0.0,0.0,,50.8575,medium
videos,mZPhSp81GAo,20.3413,33.9021,0.00054825,8020,0.0,
videos,USzUSsmwiW8,20.3363,33.8938,0.00054797,8021,0.0,
videos,4Iw7eygmJFg,20.3333,0.0,0.0,,50.8333,medium
videos,BV1wZQ71ft8,20.3316,0.0,0.0,,50.829,medium
videos,iHYkp-rmFL4,20.3272,0.0,0.0,,50.818,medium
videos,3HKHl_cnoE8,20.3268,0.0,0.0,,50.8169,medium
videos,7sSf4IuFAX0,20.3264,33.8773,0.00054594,8023,0.0,
videos,sw7PjR5Oae8,20.3215,33.8691,0.00054341,8024,0.0,
videos,LYgP5E3Hl6U,20.3165,33.8609,0.00054275,8025,0.0,
videos,OubwmjNELfA,20.3156,0.0,0.0,,50.7889,medium
videos,csMI0PffXQM,20.3116,33.8526,0.00054257,8026,0.0,
videos,v6IgdiZwj0A,20.3084,0.0,0.0,,50.771,medium
videos,WEFExiarSt8,20.3066,33.8444,0.00054157,8027,0.0,
videos,S-Jm_oRuZrg,20.3017,33.8361,0.00054097,8028,0.0,
videos,hpY0lVelFCQ,20.2973,0.0,0.0,,50.7432,high
videos,D019qrhawT0,20.2967,33.8279,0.00054022,8029,0.0,
videos,ntTaVXXJi10,20.2965,0.0,0.0,,50.7412,medium
videos,rwN6QqQChew,20.2947,0.0,0.0,,50.7368,medium
videos,_QubJsNU5WI,20.2918,33.8197,0.00054018,8030,0.0,
videos,FCoOTMznTCA,20.2868,33.8114,0.00054007,8031,0.0,
videos,ZKZDk5ikzFw,20.2819,33.8032,0.00053949,8032,0.0,
videos,G3Txqm5PVho,20.2798,0.0,0.0,,50.6995,medium
videos,K6wtZHfyckY,20.267,33.7784,0.00053816,8035,0.0,
videos,ZUm25ypBvhA,20.2587,0.0,0.0,,50.6468,medium
videos,f4G54_GOCgI,20.2572,33.762,0.00053752,8037,0.0,
videos,dMvWen9zIOw,20.2522,33.7537,0.00053706,8038,0.0,
videos,duWbF5H5blM,20.2423,33.7372,0.00053622,8040,0.0,
videos,rn0-SyS7dfI,20.2412,0.0,0.0,,50.603,medium
videos,3R5e-K20-1k,20.2374,33.729,0.000535,8041,0.0,
videos,FydIS6aNmOo,20.2324,33.7207,0.00053339,8042,0.0,
videos,iolDfYXyOB0,20.2176,33.696,0.0005293,8045,0.0,
videos,R2PWO_P27GI,20.217,0.0,0.0,,50.5424,high
videos,6o1Ga4XkBpg,20.2127,33.6878,0.00052858,8046,0.0,
videos,-irvPs4jPgw,20.2077,33.6795,0.00052716,8047,0.0,
videos,3oFVxAvT1ms,20.2028,33.6713,0.00052662,8048,0.0,
videos,FMIP-GpQUOA,20.1978,33.663,0.00052532,8049,0.0,
videos,VCJWaU4QE38,20.1964,0.0,0.0,,50.491,medium
videos,V4ghBu-ENbY,20.1929,33.6548,0.00052409,8050,0.0,
videos,qIauzOcv2cg,20.185,0.0,0.0,,50.4625,medium
videos,dIeJ2J9CRks,20.183,33.6383,0.00051726,8052,0.0,
videos,yRcqlt3e87M,20.1731,33.6218,0.00051582,8054,0.0,
videos,1a5xOhqvm-I,20.1682,33.6136,0.00051464,8055,0.0,
videos,zCFjvpnTMd4,20.1632,33.6053,0.00051449,8056,0.0,
videos,mIpdzaEmvho,20.1533,33.5889,0.00051345,8058,0.0,
videos,1kVPHLRADHg,20.1523,0.0,0.0,,50.3807,high
videos,zTw73hPpgE0,20.151,0.0,0.0,,50.3775,medium
videos,vwwfEMHibMM,20.1482,0.0,0.0,,50.3704,medium
videos,xgYUan-msZQ,20.1434,33.5724,0.00051206,8060,0.0,
videos,2FeWIEhxang,20.1385,33.5641,0.0005079,8061,0.0,
videos,xgAX14BAiSo,20.138,0.0,0.0,,50.3451,medium
videos,2t-K4zsEZdI,20.1335,33.5559,0.00050789,8062,0.0,
videos,8m5tHl3jdXE,20.1187,33.5312,0.00050605,8065,0.0,
videos,rJsTWAdSIb8,20.1139,0.0,0.0,,50.2848,medium
videos,1rwfZ8wBHpw,20.1137,33.5229,0.00050582,8066,0.0,
videos,-bQMlsP8szg,20.1088,33.5147,0.0005055,8067,0.0,
videos,0P8kaHYurXo,20.1038,33.5064,0.00050465,8068,0.0,
videos,NJDVlt6Kv9E,20.0939,33.4899,0.00050317,8070,0.0,
videos,B1CPKJb0x40,20.0933,0.0,0.0,,50.2332,medium
videos,DlzPAMll5RY,20.089,33.4817,0.00050283,8071,0.0,
videos,LMOgUrlX1P4,20.0801,0.0,0.0,,50.2003,medium
videos,dXd2BD0HWA8,20.0791,33.4652,0.00050156,8073,0.0,
videos,7se3lUX32-0,20.077,0.0,0.0,,50.1926,medium
videos,tsY90kDCR5E,20.0766,0.0,0.0,,50.1915,medium
videos,EAru4FrydbU,20.0744,0.0,0.0,,50.186,medium
videos,YIadMTwiW9w,20.0692,33.4487,0.00050053,8075,0.0,
videos,ujlzRqx2cZY,20.0593,33.4322,0.00049839,8077,0.0,
videos,rqEoi9tnQAY,20.0566,0.0,0.0,,50.1414,medium
videos,kVOibmxxJug,20.0445,33.4075,0.00049637,8080,0.0,
videos,3K7oaDViyq4,20.0297,0.0,0.0,,50.0742,medium
videos,ZMLLH-3tpIE,20.0247,33.3745,0.00049159,8084,0.0,
videos,Mw5ZFkwwK0w,20.0212,0.0,0.0,,50.0529,medium
videos,Bo2IGgxSgAA,20.0198,33.3663,0.00049118,8085,0.0,
videos,q7ypr-RlhIE,20.0099,33.3498,0.00048903,8087,0.0,
videos,0wn48qgQtIc,20.0,33.3333,0.00048821,8089,0.0,
videos,dlZ_2bw0DU0,19.9901,33.3168,0.00048566,8091,0.0,
videos,_V-k3G75EAY,19.9852,33.3086,0.00048556,8092,0.0,
videos,KZFn9V_OV6Q,19.9753,33.2921,0.00048532,8094,0.0,
videos,c7YM9K3gfBM,19.9703,33.2839,0.00048489,8095,0.0,
videos,0wOYckBzfA4,19.9654,33.2756,0.00048485,8096,0.0,
videos,ta8lGPzUT78,19.9604,33.2674,0.00048444,8097,0.0,
videos,awMi7aCyvmY,19.9573,0.0,0.0,,49.8932,medium
videos,GgO8l917gZg,19.9555,33.2591,0.00048386,8098,0.0,
videos,JExBjbqHUpM,19.9456,33.2427,0.00048303,8100,0.0,
videos,ixq01FZFNMw,19.9406,33.2344,0.00048211,8101,0.0,
videos,aFdF6fAPckE,19.9307,33.2179,0.00048127,8103,0.0,
videos,7IWSG1Z7sFQ,19.9258,33.2097,0.00047995,8104,0.0,
videos,sj_-vvSM97o,19.9209,33.2015,0.00047976,8105,0.0,
videos,nP7LX96uihc,19.9204,0.0,0.0,,49.8009,medium
videos,kcZCdz9lBdo,19.9155,0.0,0.0,,49.7888,high
videos,kCsBcdajM6g,19.911,33.185,0.00047683,8107,0.0,
videos,7zLhPdxzD20,19.9011,33.1685,0.00047644,8109,0.0,
videos,ZObi8QVZLrQ,19.8912,33.152,0.00047215,8111,0.0,
videos,A2WG8Uf-hmc,19.8843,0.0,0.0,,49.7107,medium
videos,RR56fy9ZuqA,19.8813,33.1355,0.00047178,8113,0.0,
videos,DFlazdib0wA,19.8764,33.1273,0.00047157,8114,0.0,
videos,Vp36LNi-F8k,19.8665,33.1108,0.00047017,8116,0.0,
videos,80QOE3bhXyI,19.8467,33.0778,0.00046877,8120,0.0,
videos,yjJ0wNvC80E,19.8418,33.0696,0.00046821,8121,0.0,
videos,X2yKM62SD8A,19.8368,33.0613,0.00046735,8122,0.0,
videos,VKXmQhbdApk,19.8319,33.0531,0.00046713,8123,0.0,
videos,fLQPBvGUigE,19.8269,33.0448,0.00046627,8124,0.0,
videos,04xc9USazyQ,19.822,33.0366,0.00046563,8125,0.0,
videos,VvKYfR04_VY,19.8121,33.0201,0.00046225,8127,0.0,
videos,aREMGQ-8QdU,19.8022,33.0036,0.00046077,8129,0.0,
videos,lwulJf8LsJo,19.7972,32.9954,0.0004598,8130,0.0,
videos,oywNqAwwyo0,19.7915,0.0,0.0,,49.4787,high
videos,TvEx4v6erJY,19.7873,32.9789,0.00045901,8132,0.0,
videos,rq8QM090kE4,19.7824,32.9707,0.00045789,8133,0.0,
videos,uxq_QMdU6rM,19.7725,32.9542,0.00045716,8135,0.0,
videos,lIO6KleWgdY,19.7527,32.9212,0.00045332,8139,0.0,
videos,l8IYhrvbwM4,19.7428,32.9047,0.00045188,8141,0.0,
videos,fuuzjFbbLB0,19.7379,32.8965,0.00045175,8142,0.0,
videos,2dTKyxqxca0,19.7329,32.8882,0.00045099,8143,0.0,
videos,59Z1adATWRA,19.7295,0.0,0.0,,49.3237,medium
videos,UzT75FLMbKQ,19.723,32.8717,0.00045036,8145,0.0,
videos,cLvErb_MT2k,19.7132,32.8553,0.00044983,8147,0.0,
videos,EjrPvqpG5Sk,19.7033,32.8388,0.00044824,8149,0.0,
videos,VnN0qA_rTQc,19.6983,32.8305,0.00044661,8150,0.0,
videos,nDUwGsSzFwE,19.6934,32.8223,0.0004463,8151,0.0,
videos,VHA6dg7wCKk,19.6908,0.0,0.0,,49.2271,medium
videos,geV7NrubL7c,19.6884,32.814,0.00044601,8152,0.0,
videos,kN26ZDIlGOc,19.6736,32.7893,0.0004435,8155,0.0,
videos,__SIgLOPSiA,19.6637,32.7728,0.00044238,8157,0.0,
videos,5iFgFJ7y0Z4,19.6588,32.7646,0.00044233,8158,0.0,
videos,3WeM_lx5LQI,19.6538,32.7563,0.00044216,8159,0.0,
videos,a_J0HMU5O08,19.6439,32.7399,0.00044114,8161,0.0,
videos,VpgI_-mmEM4,19.639,32.7316,0.00044092,8162,0.0,
videos,pWGxS0QQzLU,19.634,32.7234,0.00044067,8163,0.0,
videos,suvaCm2m_iE,19.6291,32.7151,0.00043851,8164,0.0,
videos,ZRjVffYDksU,19.6142,32.6904,0.00043616,8168,0.0,
videos,o_0MoJqNmJQ,19.6093,32.6822,0.00043616,8167,0.0,
videos,GMPXKh_vU3w,19.5944,32.6574,0.00043538,8171,0.0,
videos,L1m66fZ_lqQ,19.5796,32.6327,0.00043474,8174,0.0,
videos,leYVrr9PopU,19.5747,32.6245,0.00043458,8175,0.0,
videos,p1VAhU2U_6w,19.5697,32.6162,0.00043394,8176,0.0,
videos,UGDNLNxtOcw,19.5648,32.608,0.00043351,8177,0.0,
videos,MUjUd5-zXOU,19.5598,32.5997,0.00043337,8178,0.0,
videos,bYQHmQH4oiE,19.5549,32.5915,0.00043176,8180,0.0,
videos,_rAAUCSon2g,19.55,32.5833,0.00043176,8179,0.0,
videos,051omrihvkI,19.545,32.575,0.00043127,8181,0.0,
videos,8JXcOS373QM,19.5401,32.5668,0.00043069,8182,0.0,
videos,rHEPTx6me0I,19.5351,32.5585,0.00043052,8183,0.0,
videos,uWCckKsUOA4,19.5252,32.542,0.00042889,8185,0.0,
videos,4RhYRKqkOmM,19.5203,32.5338,0.0004288,8186,0.0,
videos,aCd5MTU9dLE,19.5154,32.5256,0.0004277,8187,0.0,
videos,9UIRpBboxb0,19.5055,32.5091,0.00042659,8189,0.0,
videos,BXe1Artm2-E,19.4916,0.0,0.0,,48.7291,medium
videos,7yQG-mXbx48,19.4906,32.4843,0.00042329,8192,0.0,
videos,66BgzmIhAc8,19.4857,32.4761,0.000423,8193,0.0,
videos,3goMjdsg2vU,19.4758,32.4596,0.00042228,8195,0.0,
videos,v34ev6ZETEA,19.4659,32.4431,0.00042195,8197,0.0,
videos,LgUHGgwj93E,19.4609,32.4349,0.00042158,8198,0.0,
videos,MOBUI1knoR0,19.4576,0.0,0.0,,48.6439,medium
videos,bYiAGj23VKE,19.4461,32.4102,0.00041937,8201,0.0,
videos,z5WLqL3gpWk,19.4362,32.3937,0.00041862,8203,0.0,
videos,292bVjlebxo,19.4213,32.3689,0.00041788,8206,0.0,
videos,2T8x5antlnc,19.4154,0.0,0.0,,48.5384,medium
videos,sOhN4tfQlOY,19.4065,32.3442,0.00041611,8209,0.0,
videos,VxnpbT9pZhY,19.4016,32.336,0.00041596,8210,0.0,
videos,7U10_y5otfA,19.3867,32.3112,0.00041462,8213,0.0,
videos,SezKO8oFE_Y,19.3818,32.303,0.00041242,8214,0.0,
videos,xEwFEfJpKJM,19.3769,32.2948,0.00041214,8215,0.0,
videos,0PSpJaLocy4,19.3719,32.2865,0.00041132,8216,0.0,
videos,N3Kzm2tS5mU,19.3571,32.2618,0.00041018,8219,0.0,
videos,PrfzQHZRUAA,19.3524,0.0,0.0,,48.381,medium
videos,-M1vQDWmLPk,19.3472,32.2453,0.00040803,8221,0.0,
videos,8niZY0pTs74,19.3373,32.2288,0.0004071,8223,0.0,
videos,avI3aX1_oe4,19.3324,32.2206,0.00040709,8224,0.0,
videos,j1NHn7O2zUE,19.3274,32.2123,0.00040705,8225,0.0,
videos,fZUQssknSf4,19.3221,0.0,0.0,,48.3053,medium
videos,zIqMusw0Uqg,19.3027,32.1711,0.00040458,8230,0.0,
videos,AOK9evOLxVA,19.2977,32.1629,0.00040339,8231,0.0,
videos,z8lJYT_V3Fk,19.2928,32.1546,0.00040338,8232,0.0,
videos,fJuc4-G18nI,19.2865,0.0,0.0,,48.2162,medium
videos,s95-9KFrB24,19.2631,32.1052,0.00039873,8238,0.0,
videos,0VSramhTPuo,19.2433,32.0722,0.00039748,8242,0.0,
videos,ES2Zye68Lhg,19.2398,0.0,0.0,,48.0996,medium
videos,Qf-wLpLtj5o,19.2384,32.064,0.00039701,8243,0.0,
videos,I-7XMf_DbdU,19.2334,32.0557,0.00039692,8244,0.0,
videos,58kNqsTs-hg,19.2186,32.031,0.00039511,8247,0.0,
videos,KzmIH3SI7AE,19.2136,32.0227,0.000395,8248,0.0,
videos,Mp8oM_EZlF4,19.2038,32.0063,0.00039386,8250,0.0,
videos,XOfouzJAUaw,19.1889,31.9815,0.00039329,8253,0.0,
videos,fCFHHjWbqME,19.184,31.9733,0.0003932,8254,0.0,
videos,H7JA70u0qnw,19.1834,0.0,0.0,,47.9586,medium
videos,rZBL4hp_eN4,19.1791,31.9651,0.0003928,8255,0.0,
videos,duQ0YIEDwlU,19.1741,31.9568,0.00039213,8256,0.0,
videos,fpSyLTE11g0,19.1722,0.0,0.0,,47.9304,medium
videos,WwF6gJcFqu8,19.1692,31.9486,0.0003912,8257,0.0,
videos,w22S3rlIXCQ,19.1593,31.9321,0.0003902,8259,0.0,
videos,5V1zqiTGpiE,19.1543,31.9238,0.00038963,8260,0.0,
videos,5YvUOg14ffU,19.1494,31.9156,0.00038915,8261,0.0,
videos,cekO6k25QsQ,19.1444,31.9074,0.00038706,8262,0.0,
videos,eMW6yN0H4IU,19.1407,0.0,0.0,,47.8517,medium
videos,YWcDz4cCWDU,19.1395,31.8991,0.00038697,8263,0.0,
videos,CsnZew2J5-8,19.1296,31.8826,0.00038484,8265,0.0,
videos,TeynZ2Kz4Wg,19.1197,31.8661,0.00038434,8267,0.0,
videos,z3MllyHJowQ,19.1098,31.8497,0.00038214,8269,0.0,
videos,vetL7RxOBkc,19.1048,31.8414,0.00038184,8270,0.0,
videos,oYPFSJ3lYzM,19.0999,31.8332,0.00038181,8271,0.0,
videos,55SO2qA_GCs,19.0959,0.0,0.0,,47.7397,medium
videos,DVOU816hOqA,19.085,31.8084,0.00038146,8274,0.0,
videos,zZfqDssxvUo,19.0801,31.8002,0.00038072,8275,0.0,
videos,1EVnhOqfavo,19.078,0.0,0.0,,47.6951,medium
videos,HmMSEsTY8eY,19.0769,0.0,0.0,,47.6922,medium
videos,GAM7o3koPWw,19.0752,31.792,0.00037985,8276,0.0,
videos,6-wXMM1v-NE,19.0603,31.7672,0.0003772,8279,0.0,
videos,viOZMsgZYKg,19.0597,0.0,0.0,,47.6492,medium
videos,juYUbxnpf_s,19.0454,0.0,0.0,,47.6135,medium
videos,uHwQ6Szhp4E,19.0356,31.726,0.0003725,8284,0.0,
videos,sUX-59L-xG4,19.0307,31.7178,0.00037231,8285,0.0,
videos,0X9U79C_C1A,19.0257,31.7095,0.00037023,8286,0.0,
videos,W-SpdAlFZOk,19.0208,31.7013,0.00036889,8287,0.0,
videos,jafnmtV5NRA,19.0158,31.693,0.00036883,8288,0.0,
videos,PofqVbTMClU,19.0109,31.6848,0.00036783,8289,0.0,
videos,J022Gs7Ys-o,19.006,31.6766,0.00036745,8290,0.0,
videos,nCe30NTJECo,19.001,31.6683,0.00036744,8291,0.0,
videos,1ttA6O2cj3E,18.9961,31.6601,0.00036716,8292,0.0,
videos,3BZMwpZzTRE,18.9916,0.0,0.0,,47.4791,medium
videos,H5_Bn0_USIk,18.9911,31.6518,0.00036621,8293,0.0,
videos,eBwtkxRGhKs,18.9862,31.6436,0.00036373,8294,0.0,
videos,vrEjR9Lkqqk,18.9812,31.6353,0.00036069,8295,0.0,
videos,QxUvODdtkhQ,18.9664,31.6106,0.00036001,8298,0.0,
videos,eIG2B_2ZHF8,18.9614,31.6024,0.00035981,8299,0.0,
videos,ghltXc-tazU,18.9565,31.5941,0.00035961,8300,0.0,
videos,HEb2-LKq5KM,18.95,0.0,0.0,,47.3749,medium
videos,wnFefSZjqqM,18.9416,31.5694,0.00035746,8303,0.0,
videos,AI664quZ2Kw,18.9367,31.5612,0.0003566,8304,0.0,
videos,g7y8iIUGGfU,18.9344,0.0,0.0,,47.3359,medium
videos,xAzk3xHLLg0,18.9285,0.0,0.0,,47.3213,medium
videos,B6PnlDvyeIc,18.9119,31.5199,0.00035493,8309,0.0,
videos,kNRTeAeDuLo,18.8971,31.4952,0.00035425,8312,0.0,
videos,yhhRISRexPk,18.8896,0.0,0.0,,47.2241,medium
videos,c4CbanKQrp8,18.8823,31.4705,0.00035301,8315,0.0,
videos,njxiRSVymEI,18.8773,31.4622,0.00035176,8316,0.0,
videos,GVPDl2kRlM8,18.8724,31.454,0.00035165,8317,0.0,
videos,GXIbKVqaIa4,18.8581,0.0,0.0,,47.1452,medium
videos,bVyCza6B6OY,18.8526,31.421,0.00035025,8321,0.0,
videos,c_4hW--eV-Q,18.8477,31.4128,0.00035007,8322,0.0,
videos,ZAsr7_bPuzQ,18.8378,31.3963,0.00034902,8324,0.0,
videos,955L8FawvhA,18.8279,31.3798,0.00034876,8326,0.0,
videos,UctszB7E6tY,18.8131,31.3551,0.00034788,8329,0.0,
videos,Z0hyQTitz_U,18.8081,31.3469,0.00034772,8330,0.0,
videos,DMSMq3RsDZs,18.8032,31.3386,0.00034768,8331,0.0,
videos,Qab3P8T1RV0,18.7982,31.3304,0.00034759,8332,0.0,
videos,RCYKYpEGNVE,18.7883,31.3139,0.00034731,8334,0.0,
videos,YRNou1lZtqg,18.7834,31.3056,0.00034661,8335,0.0,
videos,b48glFTvX98,18.7735,31.2892,0.00034606,8337,0.0,
videos,aivIscgyd8s,18.7636,31.2727,0.00034538,8339,0.0,
videos,lo3CWfpCqIA,18.7438,31.2397,0.00034374,8343,0.0,
videos,dg5CDzSyHvs,18.7339,31.2232,0.00034358,8345,0.0,
videos,F-Bcvl-gBIg,18.7298,0.0,0.0,,46.8245,medium
videos,kbT_R0tccn8,18.729,31.215,0.00034303,8346,0.0,
videos,XqAMkXWau3k,18.724,31.2067,0.00034286,8347,0.0,
videos,BybPUiFqUd8,18.7191,31.1985,0.00034254,8348,0.0,
videos,uqL8rAkHuh8,18.7093,0.0,0.0,,46.7733,medium
videos,-_J9Uvyv7_o,18.6894,31.149,0.00033765,8354,0.0,
videos,fcnDmrtj6Sk,18.6872,0.0,0.0,,46.7181,medium
videos,sT0yDrJloyc,18.6842,0.0,0.0,,46.7105,medium
videos,IQZiAOokKXo,18.6795,31.1325,0.00033489,8356,0.0,
videos,aI5oJnLgDcg,18.6767,0.0,0.0,,46.6918,medium
videos,MUUX9Y9819g,18.6746,31.1243,0.00033468,8357,0.0,
videos,OFQkmpZzVTc,18.6697,31.1161,0.00033468,8358,0.0,
videos,ngqrxH2K4eg,18.6598,31.0996,0.00033373,8360,0.0,
videos,UXSaRD0VtUg,18.6548,31.0913,0.00033338,8361,0.0,
videos,-aeWWUDVVEY,18.64,31.0666,0.00033142,8364,0.0,
videos,hOJJtuv0Oo0,18.6251,31.0419,0.00033101,8366,0.0,
videos,ZDJQytGwyEg,18.6202,31.0336,0.00033052,8368,0.0,
videos,pIjnSvCHXaA,18.6154,0.0,0.0,,46.5385,medium
videos,9u6w2T43xj4,18.6152,31.0254,0.00033007,8369,0.0,
videos,TUCt2FhdIFw,18.6053,31.0089,0.00032908,8371,0.0,
videos,bQep83Wj3fE,18.6004,31.0007,0.00032824,8372,0.0,
videos,C5ohPOOYRoU,18.5905,30.9842,0.0003279,8374,0.0,
videos,oW4XqeEIy-8,18.5855,30.9759,0.00032674,8375,0.0,
videos,ajYU8YxrVds,18.5806,30.9677,0.00032671,8376,0.0,
videos,iEzZWjiORHk,18.5756,30.9594,0.00032624,8377,0.0,
videos,L_J5ayjAKIs,18.5707,30.9512,0.00032575,8378,0.0,
videos,_VrqMqVUjc8,18.5658,30.943,0.00032572,8379,0.0,
videos,jY0pyO7F3yk,18.5608,30.9347,0.00032558,8380,0.0,
videos,aBfNedapAvE,18.5559,30.9265,0.00032529,8381,0.0,
videos,QI_i2DcqagM,18.546,30.91,0.00032253,8383,0.0,
videos,QTMiSVWeKdc,18.5312,30.8853,0.00032136,8386,0.0,
videos,RKUDofixDLk,18.5262,30.877,0.00032118,8387,0.0,
videos,MFCgjrSZHfw,18.5114,30.8523,0.0003204,8390,0.0,
videos,3pNwLyhIOl4,18.5064,30.844,0.00032021,8391,0.0,
videos,ea0X-DWVOZo,18.5032,0.0,0.0,,46.2581,medium
videos,20z7u9LE__M,18.4984,0.0,0.0,,46.2459,medium
videos,QoukyRzOnFo,18.4886,0.0,0.0,,46.2214,medium
videos,AHba29rRppY,18.4817,30.8028,0.00031859,8396,0.0,
videos,0d6xcfCvLgo,18.4768,30.7946,0.00031839,8397,0.0,
videos,lYpHv3Tg0Vg,18.4718,30.7864,0.00031813,8398,0.0,
videos,TyOQiLpcsyQ,18.4619,30.7699,0.00031795,8400,0.0,
videos,zGgCTsbbwCw,18.4583,0.0,0.0,,46.1457,medium
videos,sIcL5YUCx-E,18.457,30.7616,0.00031787,8402,0.0,
videos,51Gav3hyTP8,18.4421,30.7369,0.00031558,8404,0.0,
videos,W0YyHc3A5GM,18.4372,30.7287,0.0003153,8405,0.0,
videos,Yraaf_ALobo,18.4336,0.0,0.0,,46.0839,medium
videos,EdUz6h0_Roc,18.4322,30.7204,0.00031382,8406,0.0,
videos,48TU7ZcQ9Aw,18.4273,30.7122,0.00031373,8407,0.0,
videos,ZuLzK00RUdk,18.4223,30.7039,0.00031361,8408,0.0,
videos,EJhujq8Im4Q,18.4174,30.6957,0.00031283,8409,0.0,
videos,bMSGuvb0ZO0,18.4124,30.6874,0.00031222,8410,0.0,
videos,_flbq3pdv0c,18.4075,30.6792,0.00031205,8411,0.0,
videos,zHau_dg-q9Q,18.4008,0.0,0.0,,46.002,medium
videos,nhtyAEEED2U,18.3976,30.6627,0.0003115,8413,0.0,
videos,STizcEgT9no,18.3927,30.6545,0.00031117,8414,0.0,
videos,ZSDy8v3RvzE,18.3841,0.0,0.0,,45.9603,medium
videos,lbFG7F2HANM,18.3642,0.0,0.0,,45.9105,medium
videos,UPBEyoBw9_g,18.3531,30.5885,0.00030712,8422,0.0,
videos,H4JMAds22fY,18.3482,30.5803,0.00030679,8423,0.0,
videos,VywkTfA1yB4,18.3434,0.0,0.0,,45.8585,medium
videos,iDmDJENCqhU,18.3432,30.572,0.00030665,8424,0.0,
videos,eWRn1MEjUck,18.3419,0.0,0.0,,45.8547,medium
videos,gJnHkOdJIjI,18.3334,30.5556,0.00030643,8426,0.0,
videos,lUXk5xW9hvg,18.3284,30.5473,0.00030606,8427,0.0,
videos,3Wca51C5Jcc,18.3185,30.5308,0.00030578,8429,0.0,
videos,wUHn5-lZ1mM,18.313,0.0,0.0,,45.7825,medium
videos,KETzuTDPW90,18.3086,30.5143,0.00030514,8431,0.0,
videos,AfgpV0ySXHA,18.3053,0.0,0.0,,45.7632,medium
videos,8ZmuBHThp0w,18.3037,30.5061,0.00030453,8432,0.0,
videos,brQpAKDnu2g,18.2987,30.4979,0.00030389,8433,0.0,
videos,BSvimDZy6bA,18.2966,0.0,0.0,,45.7416,medium
videos,R6dqB-w2tac,18.2938,30.4896,0.0003037,8434,0.0,
videos,pcQOv6szunc,18.291,0.0,0.0,,45.7274,medium
videos,Eg7EzJDPPDc,18.2891,0.0,0.0,,45.7228,medium
videos,hCgT2F1zizk,18.2888,30.4814,0.00030302,8435,0.0,
videos,KL4QIuXFB4c,18.2839,30.4731,0.00030289,8436,0.0,
videos,Vt0qL6nPSX0,18.2815,0.0,0.0,,45.7037,medium
videos,0l7cZEQVrVM,18.2789,30.4649,0.00030225,8437,0.0,
videos,MI75Ictr8A0,18.2766,0.0,0.0,,45.6914,medium
videos,08IaOmTkDng,18.269,30.4484,0.00030191,8439,0.0,
videos,2jKKMev_OL8,18.2641,30.4402,0.00030174,8440,0.0,
videos,KT5Hplc_hSQ,18.2542,30.4237,0.00030145,8442,0.0,
videos,YlmRyBYaLjI,18.2492,30.4154,0.00030123,8443,0.0,
videos,9xVhhn09zds,18.2443,30.4072,0.0003011,8444,0.0,
videos,q1uAG3nqo_g,18.2393,30.3989,0.00030063,8445,0.0,
videos,N7tVp4NiOJ0,18.2344,30.3907,0.00029953,8446,0.0,
videos,4JZpNinxs_s,18.2295,30.3825,0.00029922,8447,0.0,
videos,6CtxFrP42Nk,18.2245,30.3742,0.00029919,8448,0.0,
videos,AHPHc0cw8Mo,18.2196,30.366,0.00029887,8449,0.0,
videos,1QlfcwjL340,18.2097,30.3495,0.00029786,8451,0.0,
videos,CpPvYCChErs,18.2047,30.3412,0.00029779,8452,0.0,
videos,ljEtCwu0NGE,18.1998,30.333,0.00029775,8453,0.0,
videos,Acb5BwY18MM,18.1968,0.0,0.0,,45.4919,medium
videos,VhRecg-RZqs,18.1949,30.3248,0.00029689,8454,0.0,
videos,bAmYz3jVQf8,18.1912,0.0,0.0,,45.4779,medium
videos,Z_dgwF2unzc,18.1899,30.3165,0.00029681,8455,0.0,
videos,iN89plXCOrY,18.1892,0.0,0.0,,45.4731,medium
videos,1N7sKgU84No,18.185,30.3083,0.00029571,8456,0.0,
videos,STCcQogCd8g,18.18,30.3,0.0002957,8457,0.0,
videos,YEuFidbpu-w,18.1751,30.2918,0.00029569,8458,0.0,
videos,hRl9oP3ImHU,18.1733,0.0,0.0,,45.4332,medium
videos,9OC5UXH9SlU,18.1701,30.2835,0.00029553,8459,0.0,
videos,MGRZjPRHcH8,18.1652,30.2753,0.00029513,8460,0.0,
videos,HPpPfHjKj24,18.1553,30.2588,0.00029427,8462,0.0,
videos,h8pBGIKVATo,18.1504,30.2506,0.00029417,8463,0.0,
videos,-UspHcuGZZ4,18.1454,30.2423,0.00029403,8464,0.0,
videos,E6ODTL1SCJw,18.1416,0.0,0.0,,45.3539,medium
videos,jRyQwS7Kcto,18.1405,30.2341,0.00029339,8465,0.0,
videos,69fqeo8gOo0,18.1355,30.2258,0.00029284,8466,0.0,
videos,zLOpbffR47k,18.1256,30.2094,0.00029223,8468,0.0,
videos,rBKb_zCNYfk,18.1246,0.0,0.0,,45.3115,medium
videos,sEq9H0kYwjs,18.1229,0.0,0.0,,45.3072,medium
videos,WhQJ2CCBiys,18.1207,30.2011,0.00029163,8469,0.0,
videos,Kec3nAop_0E,18.1157,30.1929,0.00029163,8470,0.0,
videos,rhhudR_iaiA,18.1108,30.1846,0.00029137,8471,0.0,
videos,SHgwxkmVbuk,18.1058,30.1764,0.00029043,8472,0.0,
videos,ou7PBdyWHFU,18.091,30.1517,0.00028983,8475,0.0,
videos,tXfAUGy2Kwk,18.086,30.1434,0.00028909,8476,0.0,
videos,huragtuOaSM,18.0811,30.1352,0.00028906,8477,0.0,
videos,ka1Ia9CMGrw,18.0761,30.1269,0.00028887,8478,0.0,
videos,-QiHg48_GdM,18.0727,0.0,0.0,,45.1817,medium
videos,FhVUxSum6pI,18.0703,0.0,0.0,,45.1758,medium
videos,lcDB0caoLXk,18.0663,30.1105,0.00028844,8480,0.0,
videos,grb3pdiP0-Q,18.0613,30.1022,0.00028804,8481,0.0,
videos,x3YBIfc9Ok0,18.0564,30.094,0.00028774,8482,0.0,
videos,7YbStJMVVoU,18.0528,0.0,0.0,,45.1321,medium
videos,98fDH9I7CEo,18.0514,30.0857,0.00028743,8483,0.0,
videos,fF32B_sOVHA,18.0454,0.0,0.0,,45.1134,medium
videos,Kn41xGEZzhg,18.0415,30.0692,0.00028724,8485,0.0,
videos,OprMjwLm7gY,18.0404,0.0,0.0,,45.1011,medium
videos,O8KOCqpb6MQ,18.0366,30.061,0.00028609,8486,0.0,
videos,G1x9ogfe7cQ,18.0353,0.0,0.0,,45.0882,medium
videos,WcRJ1hTCaSY,18.0317,30.0528,0.00028608,8487,0.0,
videos,8w1mhs0Yi8U,18.0275,0.0,0.0,,45.0687,medium
videos,6BM6vS-TqnI,18.0267,30.0445,0.00028539,8488,0.0,
videos,7OIIED10Q8k,18.0119,30.0198,0.00028386,8491,0.0,
videos,PY3W3kZizyQ,18.0112,0.0,0.0,,45.028,medium
videos,1-o4pkUsgEw,18.0069,30.0115,0.00028365,8492,0.0,
videos,VZFbjEdcTLk,18.0038,0.0,0.0,,45.0094,medium
videos,rK5Z3S1z4jU,17.9971,29.9951,0.00028312,8494,0.0,
videos,0nXHWp_XXuo,17.9921,29.9868,0.00028232,8495,0.0,
videos,9lrL2uZ1_EQ,17.9822,29.9703,0.00028175,8497,0.0,
videos,EtSgf4lyeKU,17.9773,29.9621,0.00028157,8498,0.0,
videos,IspSh9z3Wco,17.9575,29.9291,0.00027767,8502,0.0,
videos,aPGV8nMORBE,17.9547,0.0,0.0,,44.8867,medium
videos,Kps5zOMDQs4,17.9525,29.9209,0.0002775,8503,0.0,
videos,CI1fL3a5K3c,17.9476,29.9126,0.00027724,8504,0.0,
videos,gPke-RudUE8,17.9377,29.8961,0.00027691,8506,0.0,
videos,oSNtZBSkiuA,17.9327,29.8879,0.00027659,8507,0.0,
videos,T0zL3FmiMno,17.9278,29.8797,0.00027656,8508,0.0,
videos,BHplwC7AaSI,17.9228,29.8714,0.00027564,8509,0.0,
videos,PVWPOzYddZg,17.9215,0.0,0.0,,44.8037,medium
videos,9tuA2UrLLxk,17.9179,29.8632,0.00027553,8510,0.0,
videos,qYgyvCK7AcE,17.9129,29.8549,0.00027493,8511,0.0,
videos,4iTHJbZuM_A,17.9123,0.0,0.0,,44.7808,medium
videos,HikCVQlqFoo,17.908,29.8467,0.00027457,8512,0.0,
videos,msGOgyz60Hw,17.903,29.8384,0.00027445,8513,0.0,
videos,2pCBD_-dl0E,17.8971,0.0,0.0,,44.7427,medium
videos,h4TUPctYf-w,17.8932,29.822,0.00027413,8515,0.0,
videos,IaUn-c8Lxss,17.8833,29.8055,0.00027368,8517,0.0,
videos,E31o8QaGWuM,17.8783,29.7972,0.00027367,8518,0.0,
videos,vEk2WfP2FwU,17.8734,29.789,0.00027336,8519,0.0,
videos,whGZafvEC6U,17.8635,29.7725,0.00027261,8521,0.0,
videos,r18uFKjObW0,17.8586,29.7643,0.0002725,8522,0.0,
videos,7_mRUCQT8ug,17.8536,29.756,0.00027206,8523,0.0,
videos,IiGij-B0p2s,17.8487,29.7478,0.0002719,8524,0.0,
videos,wU56QuQ-5Og,17.8437,29.7395,0.00027173,8525,0.0,
videos,2UXgVYwwqrM,17.8388,29.7313,0.00027139,8526,0.0,
videos,JD4yEK0UysQ,17.8369,0.0,0.0,,44.5922,medium
videos,7bo5P-R_GOE,17.8338,29.723,0.00027106,8527,0.0,
videos,f3Ms21iclkk,17.8295,0.0,0.0,,44.5737,medium
videos,uDz_gMA2Q0M,17.8103,0.0,0.0,,44.5257,medium
videos,UPtOg_4QlTk,17.8091,29.6818,0.00026932,8532,0.0,
videos,UHRS3VzWnfo,17.8042,29.6736,0.00026928,8533,0.0,
videos,REi8HNiINpQ,17.7997,0.0,0.0,,44.4993,medium
videos,d3YLtMVU7tc,17.7992,29.6653,0.00026915,8534,0.0,
videos,4xcRk264fEM,17.7893,29.6489,0.00026843,8536,0.0,
videos,RfghVq5ZzmY,17.7844,29.6406,0.00026806,8537,0.0,
videos,jIUcCtDWeS8,17.7794,29.6324,0.00026795,8538,0.0,
videos,x09f0CHnn3w,17.7745,29.6241,0.00026772,8539,0.0,
videos,0lnjabaxxDo,17.7733,0.0,0.0,,44.4333,medium
videos,SQw40sTgnvQ,17.7695,29.6159,0.00026745,8540,0.0,
videos,WTK8_qn7UxM,17.7646,29.6076,0.0002673,8541,0.0,
videos,B89iWu64NAQ,17.7547,29.5912,0.00026646,8543,0.0,
videos,zfXuhgM1ZOM,17.7497,29.5829,0.00026643,8544,0.0,
videos,wsLuIlRFuJU,17.7448,29.5747,0.00026632,8545,0.0,
videos,rPZk7GGe1UI,17.7371,0.0,0.0,,44.3427,medium
videos,5QZrsW3I_Cs,17.7349,29.5582,0.0002657,8547,0.0,
videos,QObsOUYQtV0,17.73,29.55,0.00026558,8548,0.0,
videos,9Um_pTMN4dY,17.7201,29.5335,0.00026428,8550,0.0,
videos,pINesuIQFRU,17.7102,29.517,0.00026382,8552,0.0,
videos,QTUgz5-z7XM,17.702,0.0,0.0,,44.2549,medium
videos,PlzfsXn1FEo,17.7003,29.5005,0.0002635,8554,0.0,
videos,byzcGE0kjgc,17.6954,29.4923,0.0002635,8555,0.0,
videos,cPCYi9_-k5g,17.6904,29.484,0.00026349,8556,0.0,
videos,bqJPbn7l3Lg,17.6892,0.0,0.0,,44.2231,medium
videos,3TVLv0n6iLk,17.6805,29.4675,0.00026321,8558,0.0,
videos,8s_y6fDFGx8,17.6756,29.4593,0.00026305,8559,0.0,
videos,KYE7NCwZNV0,17.6657,29.4428,0.00026271,8561,0.0,
videos,ysxlAO2GvFg,17.6558,29.4263,0.00026198,8563,0.0,
videos,CClkTb33vsc,17.635,0.0,0.0,,44.0876,medium
videos,kmlzZ0FxR1Q,17.6345,0.0,0.0,,44.0862,medium
videos,3T2wz5oF-YM,17.6311,29.3851,0.00025971,8568,0.0,
videos,x7O3Cc92ocg,17.6261,29.3769,0.00025957,8569,0.0,
videos,dEHBZN8QQ_I,17.6212,29.3686,0.00025933,8570,0.0,
videos,G_n8BcnRE00,17.6162,29.3604,0.00025896,8571,0.0,
videos,KDunEinIO4A,17.6014,29.3356,0.00025844,8574,0.0,
videos,SJ8SvqSDLos,17.5941,0.0,0.0,,43.9852,medium
videos,g_nYkJXzvCk,17.5786,0.0,0.0,,43.9466,medium
videos,NATKTvau7N4,17.5766,29.2944,0.00025695,8580,0.0,
videos,P35lax5QXvA,17.5749,0.0,0.0,,43.9372,medium
videos,yg_BOTXjndQ,17.5717,29.2862,0.00025695,8579,0.0,
videos,zKF3LU9kUYg,17.5618,29.2697,0.00025532,8582,0.0,
videos,zciKmMVR4d4,17.5519,29.2532,0.00025472,8584,0.0,
videos,5xSkNwATAz0,17.547,29.245,0.00025421,8585,0.0,
videos,RzHUSTwnZjY,17.5371,29.2285,0.00025348,8587,0.0,
videos,UWnvPXxnFuw,17.5324,0.0,0.0,,43.8311,medium
videos,EaBKavBgJVI,17.5272,29.212,0.0002529,8589,0.0,
videos,ZrB7fm_2giI,17.5173,29.1955,0.00025244,8591,0.0,
videos,TfYtBuKZ16A,17.516,0.0,0.0,,43.7901,medium
videos,fEFOKjYM-io,17.5074,29.179,0.00025218,8593,0.0,
videos,SFDqmUnCpFA,17.4975,29.1625,0.00025184,8595,0.0,
videos,6vytd1y2VIA,17.4794,0.0,0.0,,43.6985,medium
videos,Hp5eeq-yD0k,17.4778,29.1296,0.0002492,8599,0.0,
videos,K8xNm-pv7M4,17.4742,0.0,0.0,,43.6854,medium
videos,--h2Fb-yWe0,17.4728,29.1213,0.00024884,8600,0.0,
videos,fhemv1BV9x0,17.4679,29.1131,0.00024873,8601,0.0,
videos,rFcte8lJCiI,17.453,29.0884,0.00024759,8604,0.0,
videos,w3OIRCL_MRs,17.4481,29.0801,0.00024744,8605,0.0,
videos,jWCbi0SQ_j0,17.4431,29.0719,0.00024715,8606,0.0,
videos,uhwP39wzHCc,17.4382,29.0636,0.00024702,8607,0.0,
videos,vILgko8Ztqk,17.4233,29.0389,0.00024636,8610,0.0,
videos,O1UPcBZpKuA,17.4184,29.0307,0.00024625,8611,0.0,
videos,cul8q8N93Xg,17.4134,29.0224,0.00024599,8612,0.0,
videos,WgbtK4eA4G8,17.4085,29.0142,0.00024583,8613,0.0,
videos,_mBzofcJths,17.3986,28.9977,0.00024555,8615,0.0,
videos,TfLfyjrqhYI,17.3887,28.9812,0.00024471,8617,0.0,
videos,u4AS_rRUs5k,17.3838,28.973,0.00024412,8618,0.0,
videos,ds45E8AOrT0,17.3788,28.9647,0.00024384,8619,0.0,
videos,CVr3hxl7PIY,17.3689,28.9482,0.00024342,8621,0.0,
videos,TEhwfc4Oa_I,17.364,28.94,0.00024307,8622,0.0,
videos,1k32OfoBuO8,17.3591,28.9318,0.0002428,8623,0.0,
videos,95NXSPb7WN0,17.3541,28.9235,0.00024219,8624,0.0,
videos,oNkXobEuZQg,17.3492,28.9153,0.00024217,8625,0.0,
videos,oNSyDe2GdwI,17.3442,28.907,0.00024212,8626,0.0,
videos,bu6C6hUuvRg,17.3393,28.8988,0.00024211,8627,0.0,
videos,ZNFEow2bOoA,17.3294,28.8823,0.00024183,8629,0.0,
videos,yrTtgxxhlgQ,17.3245,28.8741,0.00024161,8630,0.0,
videos,zX_ex_UIKxA,17.3195,28.8658,0.00024117,8631,0.0,
videos,3B9d2qPMCZo,17.3146,28.8576,0.00024097,8632,0.0,
videos,883CZDU_Wd8,17.3096,28.8493,0.00024094,8633,0.0,
videos,OTOr0MJrA2Q,17.3047,28.8411,0.00024078,8634,0.0,
videos,2Jlryf_OWVc,17.2997,28.8328,0.00024077,8635,0.0,
videos,MxNaTk74KZQ,17.2849,28.8081,0.00023912,8638,0.0,
videos,PiWbfMfJJWs,17.2799,28.7999,0.00023902,8639,0.0,
videos,Ias10ifBbJQ,17.2651,28.7751,0.00023807,8642,0.0,
videos,Q6-N8y2D5c8,17.2601,28.7669,0.000238,8643,0.0,
videos,6J8UZwOyvA4,17.2552,28.7587,0.00023776,8644,0.0,
videos,7dgkj_ex8pE,17.2453,28.7422,0.00023727,8646,0.0,
videos,0tMizuxasY8,17.2403,28.7339,0.00023719,8647,0.0,
videos,jD6_AII42rg,17.2354,28.7257,0.00023714,8648,0.0,
videos,U2Dte2isigQ,17.2255,28.7092,0.00023697,8650,0.0,
videos,4Moj8AeGXKg,17.2206,28.701,0.00023695,8651,0.0,
videos,vHd-hCxsC4U,17.2156,28.6927,0.00023672,8652,0.0,
videos,VxQlqZhLJso,17.2107,28.6845,0.00023664,8653,0.0,
videos,PDd901llS0c,17.2057,28.6762,0.00023598,8654,0.0,
videos,e2hVpN7BGM0,17.2008,28.668,0.00023415,8655,0.0,
videos,sNbKU4pRzBc,17.1958,28.6597,0.00023402,8656,0.0,
videos,h9pDo9zLWNQ,17.186,28.6433,0.00023378,8658,0.0,
videos,S1TCau55Vhg,17.181,28.635,0.0002333,8659,0.0,
videos,u2ggSds1oBE,17.1761,28.6268,0.00023312,8660,0.0,
videos,iFKKwGBuW_I,17.1662,28.6103,0.00023301,8662,0.0,
videos,8uOZ0Ak3ZTE,17.1514,28.5856,0.00023263,8665,0.0,
videos,v7MsmIR0YsM,17.1402,0.0,0.0,,42.8506,medium
videos,9ECHc45MZxI,17.1365,28.5608,0.00023068,8668,0.0,
videos,lLeNNFFNuMw,17.1316,28.5526,0.00023067,8669,0.0,
videos,XER9jKBgkd8,17.1266,28.5443,0.00023036,8670,0.0,
videos,IIukWACGAvw,17.1217,28.5361,0.00023027,8671,0.0,
videos,iKFCGsw9A9I,17.1118,28.5196,0.00022953,8673,0.0,
videos,SaCLVvhx9IM,17.092,28.4866,0.00022846,8677,0.0,
videos,pSE8IdqxX0E,17.087,28.4784,0.00022842,8678,0.0,
videos,UTemI8t6Flc,17.0771,28.4619,0.00022791,8680,0.0,
videos,nwyDlKcUNzQ,17.0672,28.4454,0.00022773,8682,0.0,
videos,cVXPcp022oQ,17.0623,28.4372,0.00022765,8683,0.0,
videos,Q08C76JMkAE,17.0573,28.4289,0.00022695,8684,0.0,
videos,AXWPJN6xLY0,17.0425,28.4042,0.00022658,8687,0.0,
videos,76xurBsoWjY,17.0376,28.396,0.00022651,8688,0.0,
videos,dfSuH0K_2kA,17.0277,28.3795,0.00022617,8690,0.0,
videos,Ybp2fVcWGF8,17.0227,28.3712,0.00022605,8691,0.0,
videos,QQdMeyeHO38,17.0178,28.363,0.00022564,8692,0.0,
videos,h9HLn9LTrfA,17.0129,28.3548,0.00022526,8693,0.0,
videos,YD2iT-SCJb0,16.998,28.33,0.000225,8696,0.0,
videos,7Ub5KBdqwXU,16.9931,28.3218,0.00022481,8697,0.0,
videos,V5T6PK2Fkx4,16.9882,28.3136,0.00022476,8698,0.0,
videos,9qkyiJ4g5OI,16.9832,28.3053,0.00022466,8699,0.0,
videos,pxpULM96yhY,16.9783,28.2971,0.00022445,8700,0.0,
videos,ASrot_TDdWw,16.9684,28.2806,0.00022375,8702,0.0,
videos,BGGhRjomZS0,16.9634,28.2723,0.00022353,8703,0.0,
videos,xjVAmS4TGCQ,16.9585,28.2641,0.00022346,8704,0.0,
videos,-4RFdRVNJKk,16.9535,28.2559,0.00022265,8705,0.0,
videos,d61Og-H07Dw,16.9486,28.2476,0.00022232,8706,0.0,
videos,adni4I3uq3M,16.9387,28.2311,0.0002222,8708,0.0,
videos,kbSBnCgJIHU,16.9337,28.2229,0.00022207,8709,0.0,
videos,ptDB1m0nfVQ,16.9288,28.2146,0.00022206,8711,0.0,
videos,-YlZo_k3s2c,16.9238,28.2064,0.00022206,8710,0.0,
videos,cZa58g43RKI,16.9189,28.1982,0.00022185,8712,0.0,
videos,8bjqLW0wKGQ,16.9139,28.1899,0.00022165,8713,0.0,
videos,aS25f45tfTE,16.904,28.1734,0.00022072,8715,0.0,
videos,TRhD7VEo2rQ,16.8991,28.1652,0.00022033,8716,0.0,
videos,tqdAnbKTbEE,16.8941,28.1569,0.00022024,8717,0.0,
videos,8AQKAItrkT4,16.8892,28.1487,0.00022018,8718,0.0,
videos,-NohJ2zq-ag,16.8843,28.1405,0.00022007,8719,0.0,
videos,qQ_YUqXRtwY,16.8793,28.1322,0.0002199,8720,0.0,
videos,xnbpWBro04c,16.8694,28.1157,0.0002196,8722,0.0,
videos,EJys3EORuco,16.8645,28.1075,0.00021943,8723,0.0,
videos,3oUhWhr2mu0,16.8447,28.0745,0.00021843,8727,0.0,
videos,hxH12YYiu9M,16.8348,28.058,0.00021807,8729,0.0,
videos,E1BpNurSuCM,16.8299,28.0498,0.00021803,8730,0.0,
videos,MX4IY6YuNSY,16.8101,28.0168,0.00021599,8734,0.0,
videos,HaPg1Nb_kCM,16.8052,28.0086,0.00021597,8735,0.0,
videos,qwwroTqCP9s,16.8002,28.0003,0.00021588,8736,0.0,
videos,zbSoleLiq-k,16.7953,27.9921,0.00021543,8737,0.0,
videos,6PwmvciyFvQ,16.7854,27.9756,0.00021496,8739,0.0,
videos,oJalIWqilxE,16.7755,27.9591,0.00021486,8741,0.0,
videos,hVPINYN20mk,16.7705,27.9509,0.00021482,8742,0.0,
videos,sZgC0IRyfG8,16.7656,27.9426,0.00021467,8743,0.0,
videos,fp3rsk7uQ4s,16.7606,27.9344,0.00021403,8744,0.0,
videos,yh-Vns69s18,16.7557,27.9261,0.00021394,8745,0.0,
videos,_Y2JdG_Yix8,16.7408,27.9014,0.00021355,8748,0.0,
videos,l0GvalMZDi8,16.7359,27.8932,0.00021293,8749,0.0,
videos,a-JJdnZkFZ0,16.726,27.8767,0.00021177,8751,0.0,
videos,EpFKzLfP9V4,16.721,27.8684,0.00021137,8752,0.0,
videos,iagrrqG7xn8,16.7112,27.852,0.0002113,8754,0.0,
videos,BSr2Blw8zR4,16.7013,27.8355,0.00021083,8756,0.0,
videos,fH5K0kWFXy8,16.6815,27.8025,0.00020949,8760,0.0,
videos,K7xyWKzrRf0,16.6766,27.7943,0.00020924,8761,0.0,
videos,Y5ZHabWcKgY,16.6716,27.786,0.00020911,8763,0.0,
videos,XtZAdhiARAc,16.6667,27.7778,0.00020911,8762,0.0,
videos,Qu0-JJ1K29I,16.6617,27.7695,0.00020905,8764,0.0,
videos,IiMeD_QR9Wk,16.6568,27.7613,0.00020883,8765,0.0,
videos,sRYFxXY_VUQ,16.6518,27.753,0.00020876,8766,0.0,
videos,uqsxFV1o4Hg,16.6469,27.7448,0.00020842,8767,0.0,
videos,pssHUxqIIK0,16.642,27.7366,0.00020828,8768,0.0,
videos,DbnsNIm-c8c,16.637,27.7283,0.00020682,8769,0.0,
videos,OlPqfMrBJr0,16.6321,27.7201,0.00020641,8770,0.0,
videos,IRxWfPSWW5g,16.6222,27.7036,0.00020526,8772,0.0,
videos,Pc6sCGS6Jfc,16.6204,0.0,0.0,,41.5509,medium
videos,7PbT0GEpAsk,16.6172,27.6954,0.0002045,8773,0.0,
videos,rxTOrJTZjBw,16.6123,27.6871,0.00020449,8774,0.0,
videos,hcU0rsD3Frk,16.6024,27.6706,0.00020316,8776,0.0,
videos,UlYkodiuvdg,16.5974,27.6624,0.00020305,8777,0.0,
videos,T1pNW3qH-fA,16.5925,27.6541,0.00020291,8778,0.0,
videos,f-hk7pNpY0o,16.5875,27.6459,0.00020288,8779,0.0,
videos,7b3GR-1E-9c,16.5727,27.6212,0.00020237,8782,0.0,
videos,B9ifDjhm9Fw,16.5628,27.6047,0.00020223,8784,0.0,
videos,0RrMyrC9fEw,16.5578,27.5964,0.00020212,8785,0.0,
videos,nCqrM1oPsk4,16.548,27.58,0.00020105,8787,0.0,
videos,F7bKYRoVU_4,16.543,27.5717,0.00020069,8788,0.0,
videos,QCvynXNfJCI,16.5381,27.5635,0.00020005,8789,0.0,
videos,8-C2jmBXfnw,16.5331,27.5552,0.00020004,8790,0.0,
videos,ovmhiDxMP-I,16.5282,27.547,0.00019969,8791,0.0,
videos,I97RGMyDT94,16.5232,27.5387,0.00019969,8792,0.0,
videos,eT8ytqR-qCs,16.5183,27.5305,0.00019934,8793,0.0,
videos,zBuBcUBclng,16.4985,27.4975,0.0001982,8797,0.0,
videos,vjW2_peS6ZM,16.4936,27.4893,0.00019795,8798,0.0,
videos,W181hgTo4CM,16.4886,27.481,0.00019735,8799,0.0,
videos,eLGYNwZ7Bq0,16.4738,27.4563,0.0001957,8803,0.0,
videos,JHxwhcbWc4s,16.4639,27.4398,0.00019567,8804,0.0,
videos,CFc-n_ko9Jg,16.459,27.4316,0.00019563,8805,0.0,
videos,IbpUhqPJMbY,16.4392,27.3986,0.00019473,8809,0.0,
videos,HSwVpPe7hSo,16.4293,27.3821,0.00019401,8811,0.0,
videos,aEfp8Ey05Y0,16.4243,27.3739,0.0001932,8812,0.0,
videos,5klDwGgL-zk,16.4194,27.3656,0.00019309,8813,0.0,
videos,DKA_TEHSjFo,16.4095,27.3492,0.00019279,8816,0.0,
videos,T1xmmpFcDIM,16.4045,27.3409,0.00019279,8815,0.0,
videos,e2cxQ4kwwGY,16.3996,27.3327,0.00019259,8817,0.0,
videos,fqRt4BzpNFw,16.3946,27.3244,0.00019242,8819,0.0,
videos,WcQ5vgXFbSg,16.3897,27.3162,0.00019242,8818,0.0,
videos,h86T_b7c8vM,16.3847,27.3079,0.0001918,8820,0.0,
videos,5F0N79HWFag,16.3501,27.2502,0.00019073,8827,0.0,
videos,OLpxQMtoCkk,16.3353,27.2255,0.00018977,8830,0.0,
videos,SW9U3PQsIeA,16.3304,27.2173,0.00018953,8831,0.0,
videos,PUetFwNxwIo,16.3155,27.1925,0.00018847,8834,0.0,
videos,AGMEZg2I03c,16.3106,27.1843,0.0001883,8835,0.0,
videos,0ZFUxgZoeDo,16.3057,27.1761,0.00018786,8836,0.0,
videos,NzpZcohIVGE,16.3007,27.1678,0.00018762,8837,0.0,
videos,B4JlJcSLjKc,16.2958,27.1596,0.0001876,8838,0.0,
videos,jwbb2gBJv80,16.2908,27.1513,0.00018758,8839,0.0,
videos,MyZdxnGy7Ss,16.276,27.1266,0.00018588,8842,0.0,
videos,yEcVd2xs2SQ,16.271,27.1184,0.00018525,8843,0.0,
videos,L4WiO4HHlHc,16.2661,27.1101,0.0001852,8844,0.0,
videos,LWiSNeggUH8,16.2562,27.0936,0.00018485,8846,0.0,
videos,OmxHjtghS6k,16.2463,27.0772,0.00018429,8848,0.0,
videos,179sev9qRo0,16.2265,27.0442,0.0001831,8852,0.0,
videos,3YC0vI94-SM,16.2166,27.0277,0.00018274,8854,0.0,
videos,NNdnPC6bxI4,16.2067,27.0112,0.00018224,8856,0.0,
videos,G1AFx5GqKFg,16.2018,27.003,0.00018223,8857,0.0,
videos,mxRmanIZAwA,16.1968,26.9947,0.00018221,8858,0.0,
videos,hOgMchwKIl4,16.1721,26.9535,0.00018121,8863,0.0,
videos,I7SQSQ3l4gA,16.1672,26.9453,0.00018109,8864,0.0,
videos,wxtJkwleu60,16.1622,26.937,0.00018105,8865,0.0,
videos,35dslB_R_mM,16.1573,26.9288,0.00018071,8866,0.0,
videos,q4m6-Eo-w0w,16.1523,26.9205,0.00018032,8867,0.0,
videos,CbRra1pkn3w,16.1474,26.9123,0.00018028,8868,0.0,
videos,jeFx5tGAgZU,16.1425,26.9041,0.0001799,8869,0.0,
videos,4YQRe0q0NHk,16.1375,26.8958,0.00017971,8870,0.0,
videos,hdiLPnpYdPo,16.1276,26.8793,0.00017939,8872,0.0,
videos,u03PlL13QDw,16.1177,26.8628,0.00017912,8874,0.0,
videos,4bzPQq0_Fl8,16.1128,26.8546,0.00017906,8875,0.0,
videos,gGyAPx-WdgI,16.1029,26.8381,0.00017876,8877,0.0,
videos,oBu3PQXa51g,16.093,26.8216,0.0001783,8879,0.0,
videos,jJgyG90qJXU,16.088,26.8134,0.00017823,8880,0.0,
videos,v2MjkNRgemA,16.0732,26.7887,0.00017797,8883,0.0,
videos,tsqkLtC2Nk4,16.0682,26.7804,0.0001779,8884,0.0,
videos,OOo5q1j3hIY,16.0633,26.7722,0.00017769,8885,0.0,
videos,N4d6eZUereo,16.0583,26.7639,0.00017749,8886,0.0,
videos,djBEpyD583Q,16.0534,26.7557,0.00017741,8887,0.0,
videos,qUfpbu8YPZ8,16.0435,26.7392,0.00017685,8889,0.0,
videos,N0gZxbVEXoc,16.0336,26.7227,0.00017679,8891,0.0,
videos,BDBdthXk2wE,16.0287,26.7145,0.00017673,8892,0.0,
videos,Mm2C9CRyDxY,16.0237,26.7062,0.00017527,8893,0.0,
videos,wB2Kb0MiyAc,16.0188,26.698,0.0001752,8895,0.0,
videos,kzXTQPFQ-aM,16.0138,26.6897,0.0001752,8894,0.0,
videos,pSudUPTipPY,16.0089,26.6815,0.00017519,8896,0.0,
videos,lJoCAk9r8xw,16.004,26.6733,0.00017503,8898,0.0,
videos,OHGtOI47r4M,15.999,26.665,0.00017503,8897,0.0,
videos,fa-rGAAhveM,15.9891,26.6485,0.0001748,8900,0.0,
videos,pTKuRPlGAmk,15.9694,26.6156,0.00017459,8904,0.0,
videos,ZuOwstB2i5w,15.9644,26.6073,0.00017452,8906,0.0,
videos,l9tWIGWrfX4,15.9595,26.5991,0.00017452,8905,0.0,
videos,FIFZWj9qr4E,15.9545,26.5908,0.00017451,8907,0.0,
videos,aOlO_cVuET4,15.9446,26.5743,0.0001743,8909,0.0,
videos,vJ2RBJyn6GA,15.9397,26.5661,0.00017429,8910,0.0,
videos,DJGg4oCEKG0,15.9298,26.5496,0.00017421,8912,0.0,
videos,W1jXzh6p7T0,15.9248,26.5414,0.00017383,8913,0.0,
videos,jRpPEXXS_BY,15.9149,26.5249,0.00017354,8915,0.0,
videos,IjuRY0BkdYc,15.91,26.5167,0.00017341,8916,0.0,
videos,5tgQWop1WIA,15.8951,26.4919,0.00017262,8919,0.0,
videos,zrByaYhUhJ0,15.8902,26.4837,0.00017257,8920,0.0,
videos,0ZYeuYrLnmg,15.8852,26.4754,0.00017213,8921,0.0,
videos,-llFO4i0QB0,15.8605,26.4342,0.00017139,8926,0.0,
videos,BYv6i1MhiRA,15.8556,26.426,0.00017135,8927,0.0,
videos,8LIJXDExt-g,15.8309,26.3848,0.00017038,8932,0.0,
videos,mR2QKMjnclg,15.8259,26.3765,0.00017033,8933,0.0,
videos,CGsX_7BkklY,15.821,26.3683,0.00017024,8934,0.0,
videos,CNDVFTPvsW8,15.8062,26.3436,0.00016985,8937,0.0,
videos,I-Qh4WFCinE,15.7963,26.3271,0.0001697,8939,0.0,
videos,qNGByb4wE10,15.7913,26.3188,0.00016969,8940,0.0,
videos,mCzyLfgWzK0,15.7864,26.3106,0.00016961,8941,0.0,
videos,WN0ZRdh1iI8,15.7765,26.2941,0.00016866,8943,0.0,
videos,2C1-vV1ZZKw,15.7715,26.2859,0.00016802,8944,0.0,
videos,EIWFne16oBo,15.7666,26.2776,0.00016794,8945,0.0,
videos,ktI8hvirHtQ,15.7616,26.2694,0.00016718,8946,0.0,
videos,fbau0P9x2Kw,15.7517,26.2529,0.00016669,8948,0.0,
videos,A2Ip5-LDUpI,15.7468,26.2446,0.00016648,8949,0.0,
videos,hMjutoY-4lI,15.7369,26.2282,0.00016646,8951,0.0,
videos,jGlfN--80c4,15.727,26.2117,0.00016634,8953,0.0,
videos,KGH2GUmTLXw,15.722,26.2034,0.00016632,8955,0.0,
videos,f_o5dAaVUa8,15.7171,26.1952,0.00016632,8954,0.0,
videos,Q8bniSbBiIA,15.7121,26.1869,0.00016575,8956,0.0,
videos,rt-RDog7S7s,15.7072,26.1787,0.00016574,8957,0.0,
videos,_Amk2MbBD_U,15.6924,26.154,0.00016535,8960,0.0,
videos,Er-HYK7kbac,15.6825,26.1375,0.00016477,8962,0.0,
videos,ffIlY3a-cTc,15.6775,26.1292,0.00016476,8963,0.0,
videos,TfK0ejGPiJs,15.6528,26.088,0.00016347,8968,0.0,
videos,fYB4UOkG2gw,15.6479,26.0798,0.00016304,8969,0.0,
videos,V8ewBxePqdU,15.6429,26.0715,0.00016299,8970,0.0,
videos,LoKo7-gJYCU,15.6331,26.0551,0.00016289,8972,0.0,
videos,d58gnFg4DmU,15.6281,26.0468,0.00016271,8973,0.0,
videos,DoN_zAG_BU0,15.6232,26.0386,0.00016255,8974,0.0,
videos,KrglIePfq-A,15.6182,26.0303,0.00016254,8975,0.0,
videos,GBUp56PrgVs,15.5984,25.9974,0.00016235,8979,0.0,
videos,m3JMNsA-bBY,15.5885,25.9809,0.00016167,8981,0.0,
videos,HzgEbH0GlMQ,15.5836,25.9726,0.00016152,8982,0.0,
videos,Xnri-cQr_zs,15.5786,25.9644,0.00016151,8983,0.0,
videos,c_P1yXufXk8,15.5737,25.9561,0.00016141,8984,0.0,
videos,MrUKmQp23Hs,15.5588,25.9314,0.00016067,8987,0.0,
videos,hHp4IFbyEfk,15.544,25.9067,0.0001598,8990,0.0,
videos,sYo_5EJlzJA,15.5341,25.8902,0.00015912,8992,0.0,
videos,0qs9Icm16N4,15.5292,25.882,0.00015885,8993,0.0,
videos,3lWerYDfKUY,15.5242,25.8737,0.00015875,8994,0.0,
videos,-uLoG8sgZp8,15.5193,25.8655,0.00015868,8995,0.0,
videos,JR0lG3uqpO0,15.5143,25.8572,0.00015853,8996,0.0,
videos,PvYUWRheFeQ,15.5094,25.849,0.00015849,8997,0.0,
videos,ZBJb-kQ37Rc,15.5045,25.8408,0.00015781,8998,0.0,
videos,H498JcCk8WM,15.4995,25.8325,0.00015677,8999,0.0,
videos,nGOSEsPKV-0,15.4847,25.8078,0.00015556,9002,0.0,
videos,TLTXVMGMAIo,15.4797,25.7995,0.00015547,9003,0.0,
videos,mN_Zz4mKU-M,15.4699,25.7831,0.00015536,9005,0.0,
videos,UqodrneOJB4,15.4649,25.7748,0.00015532,9006,0.0,
videos,66BMZ7NQq9E,15.455,25.7583,0.00015493,9008,0.0,
videos,mGMzfzVLU4Q,15.4402,25.7336,0.00015483,9011,0.0,
videos,mMrg12uwi50,15.4352,25.7254,0.00015477,9012,0.0,
videos,sWYXP4pBUyo,15.4253,25.7089,0.00015443,9014,0.0,
videos,zFmPIXT7VsI,15.4204,25.7006,0.00015377,9015,0.0,
videos,-BSCgObf9ns,15.4006,25.6677,0.00015308,9019,0.0,
videos,mFPQ4EyHcGw,15.3956,25.6594,0.00015292,9020,0.0,
videos,1Bkm_4Y9-gI,15.3808,25.6347,0.00015266,9023,0.0,
videos,sZxAKdk6u4U,15.3758,25.6264,0.00015253,9024,0.0,
videos,3DZstw2aO4s,15.366,25.61,0.00015213,9026,0.0,
videos,aMr6p4s4fPs,15.3561,25.5935,0.00015175,9028,0.0,
videos,l6VeDJvVPnE,15.3511,25.5852,0.00015134,9029,0.0,
videos,nmkPIFd4Y8s,15.3462,25.577,0.00015125,9030,0.0,
videos,_fZh2MP3nD4,15.3412,25.5687,0.00015122,9031,0.0,
videos,PAoBpjEaA1c,15.3363,25.5605,0.00015099,9032,0.0,
videos,Zmdnx9uVyzM,15.3165,25.5275,0.00014968,9036,0.0,
videos,YW20odenRok,15.3116,25.5193,0.00014875,9037,0.0,
videos,sYfuyM8bFYs,15.3066,25.511,0.00014873,9038,0.0,
videos,tj7Sd7fs6JQ,15.3017,25.5028,0.00014854,9039,0.0,
videos,MXx80wvUo-w,15.2968,25.4946,0.00014843,9040,0.0,
videos,oTGPGBUXRHw,15.272,25.4533,0.00014739,9045,0.0,
videos,FwhRUeqT9c8,15.2671,25.4451,0.00014733,9046,0.0,
videos,aSFpuXJxHXU,15.2621,25.4369,0.0001473,9047,0.0,
videos,dqgUT2OemwQ,15.2572,25.4286,0.00014729,9048,0.0,
videos,leMpoYUfKgk,15.2522,25.4204,0.00014726,9049,0.0,
videos,d11KjQzPIPg,15.2423,25.4039,0.00014656,9051,0.0,
videos,l2rej5nloNg,15.2374,25.3956,0.00014649,9052,0.0,
videos,0o_nj-tvc4I,15.2225,25.3709,0.00014638,9055,0.0,
videos,tcA9_NnSR78,15.2176,25.3627,0.00014576,9056,0.0,
videos,5LfIFXdStBE,15.2077,25.3462,0.00014495,9058,0.0,
videos,Ik-w5e86b5Q,15.2027,25.3379,0.00014494,9059,0.0,
videos,zhSF8d06wmo,15.1978,25.3297,0.00014493,9060,0.0,
videos,yFFnfCY6yQ0,15.1929,25.3215,0.00014473,9061,0.0,
videos,x0XetvNB4m4,15.1879,25.3132,0.0001447,9062,0.0,
videos,LxtWwTztxAc,15.183,25.305,0.00014457,9064,0.0,
videos,um4TtJrjSJg,15.178,25.2967,0.00014457,9063,0.0,
videos,G0WC-gzXXOo,15.1731,25.2885,0.0001445,9065,0.0,
videos,XaOIbfeZDks,15.1682,25.2803,0.00014382,9066,0.0,
videos,-19-Cbaj3eQ,15.1632,25.272,0.00014358,9067,0.0,
videos,KoO0b_k6QAo,15.1434,25.239,0.00014285,9071,0.0,
videos,rKkuIajkles,15.1336,25.2226,0.00014257,9073,0.0,
videos,dbnRwOncNpU,15.1187,25.1978,0.00014215,9076,0.0,
videos,fq33TJZmtGQ,15.1088,25.1813,0.00014178,9078,0.0,
videos,7l2YusT8_8Q,15.089,25.1484,0.00014108,9082,0.0,
videos,Z5H7qTgLW0k,15.0841,25.1401,0.00014104,9083,0.0,
videos,El0x4XJNIok,15.0643,25.1072,0.00014054,9087,0.0,
videos,U4DBEHB21g4,15.0593,25.0989,0.00014046,9088,0.0,
videos,FixLBipjyFw,15.0544,25.0907,0.00014043,9089,0.0,
videos,pbw-g0JwQ78,15.0445,25.0742,0.00014038,9091,0.0,
videos,W-rkqEAfRew,15.0395,25.0659,0.0001402,9092,0.0,
videos,QbIp8QzCOzA,15.0247,25.0412,0.00013976,9095,0.0,
videos,rNDfPD3a72Q,15.0198,25.033,0.00013972,9096,0.0,
videos,ZHvUHGSUdMA,15.0049,25.0082,0.00013929,9099,0.0,
videos,xoHJWRL2SY4,15.0,25.0,0.00013912,9100,0.0,
videos,wn08AjA-V2M,14.9901,24.9835,0.00013904,9102,0.0,
videos,zW-o2US0WRY,14.9753,24.9588,0.00013888,9105,0.0,
videos,tcd8OLQwNAw,14.9654,24.9423,0.00013857,9107,0.0,
videos,RcD09ogvkHI,14.9506,24.9176,0.00013832,9111,0.0,
videos,U4duMdFEQUs,14.9456,24.9093,0.00013832,9110,0.0,
videos,Lih51GIl1FU,14.9357,24.8928,0.00013808,9113,0.0,
videos,-ORWWZBVVLU,14.9308,24.8846,0.00013745,9114,0.0,
videos,ZHb2wA2LI_E,14.9258,24.8764,0.0001374,9115,0.0,
videos,MLkgPSJowCQ,14.9209,24.8681,0.00013739,9116,0.0,
videos,DaWw_I6s8Yg,14.9159,24.8599,0.00013733,9117,0.0,
videos,CkOVru9A8yY,14.906,24.8434,0.00013709,9119,0.0,
videos,9ANnUwqc1pw,14.8961,24.8269,0.00013662,9121,0.0,
videos,TGLxxCygJC8,14.8763,24.7939,0.00013603,9125,0.0,
videos,_NpBgM-BPtg,14.8714,24.7857,0.00013589,9126,0.0,
videos,ZlyTrCvL1Ec,14.8615,24.7692,0.00013566,9128,0.0,
videos,5UNTUE7YyxQ,14.8566,24.761,0.00013551,9129,0.0,
videos,s4rvdbffEkk,14.8417,24.7362,0.00013518,9132,0.0,
videos,6fKCLtDas-g,14.8368,24.728,0.00013514,9133,0.0,
videos,P-EQvk3MlIs,14.8318,24.7197,0.00013498,9134,0.0,
videos,EecxYX_KplQ,14.8269,24.7115,0.00013492,9135,0.0,
videos,fQFxpXCgsQs,14.822,24.7033,0.00013482,9136,0.0,
videos,zxaZhfLkTLk,14.817,24.695,0.00013466,9137,0.0,
videos,qmTK7Anp0Tg,14.8121,24.6868,0.00013457,9138,0.0,
videos,NCeGgAoGVBM,14.8071,24.6785,0.00013451,9139,0.0,
videos,MMyPdogyeuw,14.8022,24.6703,0.00013415,9140,0.0,
videos,uVV3X9fWhM8,14.7973,24.6621,0.00013404,9141,0.0,
videos,YgIpKB3JXXk,14.7874,24.6456,0.00013385,9143,0.0,
videos,G_gmCfGbqZE,14.7824,24.6373,0.0001335,9144,0.0,
videos,DclGdLyk22g,14.7775,24.6291,0.00013331,9145,0.0,
videos,EIoprVACS5c,14.7725,24.6208,0.0001333,9146,0.0,
videos,iKAwHvsMJmM,14.7676,24.6126,0.00013318,9147,0.0,
videos,UXUKWFPXqBM,14.7626,24.6044,0.00013315,9148,0.0,
videos,1NLSp0Du6pg,14.7527,24.5879,0.00013291,9150,0.0,
videos,8qWkusMWF3w,14.7379,24.5631,0.00013246,9153,0.0,
videos,KbcmCaWQ-5Y,14.7329,24.5549,0.00013244,9154,0.0,
videos,fI3lDnHjuLs,14.728,24.5467,0.00013207,9155,0.0,
videos,kFME6Ns7AqU,14.723,24.5384,0.00013155,9156,0.0,
videos,mxjXGoehRPc,14.7131,24.5219,0.00013142,9158,0.0,
videos,UWHA5v8pQSA,14.7082,24.5137,0.00013138,9159,0.0,
videos,54XEAAOMBSo,14.7032,24.5054,0.00013121,9160,0.0,
videos,-N4FrMuDL_s,14.6983,24.4972,0.0001312,9161,0.0,
videos,4R05pu5wv-k,14.6934,24.489,0.00013114,9162,0.0,
videos,WSz7Heg6ItQ,14.6884,24.4807,0.00013068,9163,0.0,
videos,7tPg-jgJGl4,14.6785,24.4642,0.00013034,9165,0.0,
videos,XJHKiraTsEM,14.6736,24.456,0.0001302,9166,0.0,
videos,JlYFFe_W39I,14.6637,24.4395,0.00012986,9168,0.0,
videos,SiLkqL1BuZU,14.6588,24.4313,0.00012974,9169,0.0,
videos,qt_p9Uz2PPM,14.6538,24.423,0.00012962,9170,0.0,
videos,X8ekpP_cQa8,14.6489,24.4148,0.00012937,9171,0.0,
videos,ffDnM8oxLVM,14.6439,24.4065,0.00012904,9172,0.0,
videos,2o9oZZ4xL-Q,14.634,24.39,0.00012865,9174,0.0,
videos,oVR4kQnirgY,14.6242,24.3736,0.00012848,9176,0.0,
videos,8ZEbC1rZubY,14.6143,24.3571,0.00012831,9178,0.0,
videos,iftBGmbk92M,14.6093,24.3488,0.00012815,9179,0.0,
videos,VjkmxhQz3-U,14.6044,24.3406,0.00012792,9180,0.0,
videos,by5eD5nAMn4,14.5994,24.3323,0.00012784,9181,0.0,
videos,Qskrp4Mj1q8,14.5945,24.3241,0.00012762,9182,0.0,
videos,kmulAHQvqDo,14.5747,24.2911,0.0001272,9186,0.0,
videos,O0TC4xgOkAI,14.5499,24.2499,0.00012692,9191,0.0,
videos,ye49duaZU6g,14.54,24.2334,0.00012659,9193,0.0,
videos,I-lFkH1MEAg,14.5351,24.2252,0.00012629,9194,0.0,
videos,2K8l3Xy3MJU,14.5301,24.2169,0.00012599,9195,0.0,
videos,z1stjq8Dtho,14.5252,24.2087,0.00012594,9196,0.0,
videos,rLocZobiHPI,14.5203,24.2005,0.00012567,9197,0.0,
videos,um0GPqu7nmM,14.5104,24.184,0.00012501,9199,0.0,
videos,LjUGcTFM_DY,14.5054,24.1757,0.000125,9200,0.0,
videos,Y7tqK07T3P0,14.4955,24.1592,0.00012495,9202,0.0,
videos,0554ozXcZkw,14.4857,24.1428,0.00012474,9204,0.0,
videos,NB2OteKW7Hw,14.4807,24.1345,0.00012469,9205,0.0,
videos,FdFgh2vQp8I,14.4708,24.118,0.00012439,9207,0.0,
videos,jSg970IczQc,14.4659,24.1098,0.00012435,9208,0.0,
videos,HasQqFhOyIo,14.4412,24.0686,0.00012352,9213,0.0,
videos,tS-z2qJzvKM,14.4362,24.0603,0.00012331,9214,0.0,
videos,WcXefdMhxZU,14.4263,24.0439,0.00012281,9216,0.0,
videos,USF-v_6vmF8,14.4214,24.0356,0.00012267,9217,0.0,
videos,xpb0iNoOfLQ,14.4164,24.0274,0.00012248,9218,0.0,
videos,vY1mE8UwTa8,14.4065,24.0109,0.00012243,9220,0.0,
videos,x8g3s6EiYqw,14.4016,24.0026,0.00012218,9221,0.0,
videos,5N8Rxd8R1JM,14.3966,23.9944,0.0001221,9222,0.0,
videos,Vg9n6YQTGew,14.3917,23.9862,0.0001221,9223,0.0,
videos,5LcwVCtCRPI,14.3867,23.9779,0.00012208,9224,0.0,
videos,qteTO76y_yU,14.3818,23.9697,0.00012194,9225,0.0,
videos,5ZiTPwg-Ruo,14.3768,23.9614,0.00012181,9226,0.0,
videos,VoGM0z3BHxA,14.3719,23.9532,0.00012168,9227,0.0,
videos,V6sNnMb0JY4,14.3669,23.9449,0.00012156,9228,0.0,
videos,W7GhyOdVRCo,14.3521,23.9202,0.00012115,9231,0.0,
videos,sQBvRooPgKs,14.3472,23.912,0.00012108,9232,0.0,
videos,sLm1trCe7C0,14.3323,23.8872,0.00012001,9235,0.0,
videos,ks6TXGt3qMQ,14.3274,23.879,0.00011976,9236,0.0,
videos,Re9_ImKOub0,14.3175,23.8625,0.00011954,9238,0.0,
videos,OVWuuK5MTnY,14.3126,23.8543,0.00011936,9239,0.0,
videos,qLMiWqHQCqE,14.3076,23.846,0.00011907,9240,0.0,
videos,G1nfLAMUUm4,14.3027,23.8378,0.00011893,9241,0.0,
videos,2wBdH0XkvrM,14.2977,23.8295,0.00011817,9242,0.0,
videos,WfG6TGszcwc,14.2829,23.8048,0.00011796,9245,0.0,
videos,sBqtGZTCkvM,14.2582,23.7636,0.00011729,9250,0.0,
videos,07HJpCY0KIU,14.2483,23.7471,0.00011654,9252,0.0,
videos,2xQo4uj0VLc,14.2384,23.7306,0.0001164,9254,0.0,
videos,F3otVgejlZw,14.2285,23.7141,0.00011596,9255,0.0,
videos,LW7tWAmanQg,14.2186,23.6977,0.00011591,9258,0.0,
videos,4rQVndBsQ80,14.2136,23.6894,0.00011577,9259,0.0,
videos,YPvcd89Xcw8,14.2087,23.6812,0.00011571,9260,0.0,
videos,piHPK9L-rKU,14.2037,23.6729,0.00011531,9261,0.0,
videos,hMLC-j-qg5w,14.1988,23.6647,0.00011518,9262,0.0,
videos,01MVYszd82g,14.1938,23.6564,0.00011515,9263,0.0,
videos,U5bpg91wtm8,14.1889,23.6482,0.0001149,9264,0.0,
videos,0rYRiSE5qy0,14.184,23.64,0.00011469,9265,0.0,
videos,YpYNm7kGmJU,14.1741,23.6235,0.00011459,9267,0.0,
videos,2MY8JlsDLTQ,14.1592,23.5987,0.00011429,9270,0.0,
videos,ZAXcrYwGP1k,14.1543,23.5905,0.00011428,9271,0.0,
videos,847bkx_oeQg,14.1494,23.5823,0.00011386,9272,0.0,
videos,0ywehCu71iA,14.1395,23.5658,0.00011326,9274,0.0,
videos,jrQ6_xqme_w,14.1296,23.5493,0.00011314,9276,0.0,
videos,34uu9dMPriA,14.1197,23.5328,0.00011252,9278,0.0,
videos,cPUzX2M7nl4,14.1148,23.5246,0.00011247,9279,0.0,
videos,DFAIAb7RZp4,14.1098,23.5163,0.00011245,9280,0.0,
videos,WM_PA5VAGyw,14.1049,23.5081,0.00011232,9281,0.0,
videos,rARlD5pfaZo,14.0999,23.4998,0.00011221,9282,0.0,
videos,iC8qBlJPj-A,14.09,23.4833,0.00011215,9284,0.0,
videos,8Vjc7MFeG1M,14.0801,23.4669,0.00011198,9286,0.0,
videos,Dt_ViLBFUT4,14.0752,23.4586,0.00011193,9287,0.0,
videos,5hGY98kRTaw,14.0702,23.4504,0.00011188,9288,0.0,
videos,FZ13jS1nTtM,14.0653,23.4421,0.00011181,9289,0.0,
videos,_JgHLBkWPS0,14.0603,23.4339,0.00011168,9290,0.0,
videos,yBDcNx0aA7Q,14.0504,23.4174,0.00011148,9292,0.0,
videos,kgYDwAquGLU,14.0455,23.4092,0.00011134,9293,0.0,
videos,8zqD93OGN0Y,14.0405,23.4009,0.00011124,9294,0.0,
videos,E1cw9PMv1Bg,14.0356,23.3927,0.00011084,9295,0.0,
videos,dM-i24t8Gr0,14.0306,23.3844,0.00011081,9296,0.0,
videos,9vQmkD0x5SA,14.0158,23.3597,0.0001102,9299,0.0,
videos,QR3HAshnF24,14.0109,23.3515,0.00011019,9300,0.0,
videos,F_gjcloTpVo,14.001,23.335,0.00011004,9302,0.0,
videos,LYv-Y5lISEk,13.9911,23.3185,0.00010955,9304,0.0,
videos,eGYoq3y3RcY,13.9862,23.3103,0.00010925,9305,0.0,
videos,hL28vnThfJw,13.9763,23.2938,0.00010916,9307,0.0,
videos,huM3vlqD7Yg,13.9713,23.2855,0.00010912,9308,0.0,
videos,uv8p7wmuOnU,13.9664,23.2773,0.00010866,9309,0.0,
videos,YlpYnr46RZY,13.9614,23.269,0.00010824,9310,0.0,
videos,IJXn3q2k014,13.9466,23.2443,0.00010799,9313,0.0,
videos,8GDIJF8VZ50,13.9268,23.2113,0.00010789,9317,0.0,
videos,2-hp-023lzQ,13.9169,23.1949,0.00010743,9319,0.0,
videos,Qx17W1_ozL8,13.907,23.1784,0.0001072,9321,0.0,
videos,c1Q4Opii_cs,13.9021,23.1701,0.00010696,9322,0.0,
videos,SUB5jB0eCWU,13.8971,23.1619,0.00010665,9323,0.0,
videos,nSbwf6MB0Yc,13.8872,23.1454,0.00010639,9325,0.0,
videos,DDg5-mG9vR8,13.8823,23.1372,0.00010638,9326,0.0,
videos,7vayN4zXZnk,13.8773,23.1289,0.00010628,9327,0.0,
videos,WO3FcTlxlTY,13.8625,23.1042,0.00010577,9330,0.0,
videos,DTfGjselADc,13.8526,23.0877,0.00010549,9332,0.0,
videos,e4N8FJX80lI,13.8378,23.063,0.00010507,9335,0.0,
videos,tXYOoBpqyu8,13.8328,23.0547,0.00010488,9336,0.0,
videos,4fanrFif18c,13.8279,23.0465,0.00010483,9337,0.0,
videos,a0vuaoT7AvQ,13.818,23.03,0.00010448,9339,0.0,
videos,lrq9lr8rC5c,13.8131,23.0218,0.00010433,9340,0.0,
videos,fOP1WVr938Q,13.7982,22.997,0.00010411,9343,0.0,
videos,JzDG_SHFwQU,13.7933,22.9888,0.00010406,9344,0.0,
videos,Cy4vmEd6_vU,13.7883,22.9805,0.00010367,9345,0.0,
videos,WrSb_RO0Hlc,13.7785,22.9641,0.00010326,9347,0.0,
videos,YaoDJ4qJ3tw,13.7735,22.9558,0.00010287,9348,0.0,
videos,mcXQoukHhcE,13.7686,22.9476,0.00010287,9349,0.0,
videos,WSSQ8mtQicE,13.7636,22.9393,0.0001028,9350,0.0,
videos,lQcz9b4rSnE,13.7537,22.9228,0.00010278,9351,0.0,
videos,5bR1ih1jcTg,13.7488,22.9146,0.00010278,9352,0.0,
videos,jmfAskIyktk,13.7438,22.9064,0.0001027,9354,0.0,
videos,ZEiDBr6tpks,13.7389,22.8981,0.00010269,9355,0.0,
videos,jKLhx-4Cl_4,13.729,22.8816,0.0001026,9357,0.0,
videos,963v6zSTXhA,13.724,22.8734,0.00010251,9358,0.0,
videos,hViCBNjHIfc,13.7191,22.8652,0.0001025,9359,0.0,
videos,QprfkcYWPlQ,13.7141,22.8569,0.00010245,9360,0.0,
videos,fzX9-GKY5mA,13.7092,22.8487,0.00010231,9361,0.0,
videos,Fgy4tA7p8Ck,13.7042,22.8404,0.00010211,9362,0.0,
videos,-fe7ce9Xtn0,13.6993,22.8322,0.00010208,9363,0.0,
videos,UudXQIOKTNc,13.6845,22.8075,0.00010201,9366,0.0,
videos,6AHdHh1Yyk0,13.6795,22.7992,0.00010192,9367,0.0,
videos,VyLxoTaJ1EM,13.6746,22.791,0.00010185,9368,0.0,
videos,uptokdWoNt8,13.6696,22.7827,0.00010175,9369,0.0,
videos,u7sbQBw3X3g,13.6647,22.7745,0.00010166,9370,0.0,
videos,wctycI876BM,13.6597,22.7662,0.00010155,9371,0.0,
videos,HSX8MFST5BI,13.6499,22.7498,0.00010139,9373,0.0,
videos,99ZKcH51vBU,13.64,22.7333,0.00010126,9375,0.0,
videos,ADy9-F0T88g,13.6251,22.7085,0.00010105,9377,0.0,
videos,xRFDAzKcqlk,13.6103,22.6838,0.00010074,9381,0.0,
videos,pZFnnEVs3L0,13.6054,22.6756,0.00010064,9382,0.0,
videos,O5Ki5nFUUuc,13.6004,22.6673,0.00010055,9383,0.0,
videos,pKo0tgPxtw0,13.5955,22.6591,0.00010047,9384,0.0,
videos,70U2Sjpzqk8,13.5905,22.6508,0.00010046,9385,0.0,
videos,H4QSUEqu5Vc,13.5806,22.6344,0.00010036,9387,0.0,
videos,LHENIv_CxUY,13.5608,22.6014,9.944e-05,9391,0.0,
videos,gUru123kT1c,13.546,22.5767,9.918e-05,9394,0.0,
videos,X27iuR5RtnI,13.541,22.5684,9.912e-05,9395,0.0,
videos,dXHvylMiixE,13.5361,22.5602,9.897e-05,9396,0.0,
videos,-vaO5EFJe0s,13.5262,22.5437,9.887e-05,9397,0.0,
videos,EgbaORJsVJQ,13.5163,22.5272,9.836e-05,9400,0.0,
videos,AulSyeZGR-s,13.5114,22.519,9.817e-05,9401,0.0,
videos,UbnEZU5NSwk,13.5015,22.5025,9.784e-05,9403,0.0,
videos,JiVmmkvhbQE,13.4965,22.4942,9.778e-05,9404,0.0,
videos,_YRo2-zyPIs,13.4916,22.486,9.765e-05,9405,0.0,
videos,WR1A2_DP-OA,13.4866,22.4777,9.73e-05,9406,0.0,
videos,xEeuYIDyUWU,13.4768,22.4613,9.688e-05,9408,0.0,
videos,cu1k-RziXYg,13.4718,22.453,9.665e-05,9409,0.0,
videos,m4ub1pT_JT4,13.4669,22.4448,9.646e-05,9410,0.0,
videos,8LXuXl0lhdg,13.4422,22.4036,9.59e-05,9415,0.0,
videos,I68Q7Y_-330,13.4372,22.3953,9.587e-05,9416,0.0,
videos,-G4XgnMynPs,13.4323,22.3871,9.585e-05,9417,0.0,
videos,A1FtMBC2HjI,13.4273,22.3788,9.58e-05,9418,0.0,
videos,u1Qk5NvyEbU,13.4224,22.3706,9.568e-05,9419,0.0,
videos,FkMdhQTeGj4,13.4174,22.3623,9.55e-05,9420,0.0,
videos,lE9kH1E-q5Q,13.4075,22.3459,9.542e-05,9422,0.0,
videos,ZhIfh9GKUJs,13.4026,22.3376,9.538e-05,9423,0.0,
videos,ib7pvT0Qjok,13.3976,22.3294,9.524e-05,9424,0.0,
videos,LrWVYeCUOrQ,13.3927,22.3211,9.519e-05,9425,0.0,
videos,CRpZ-zOtpCY,13.3877,22.3129,9.505e-05,9426,0.0,
videos,X3EtwsZUYH4,13.3828,22.3046,9.5e-05,9427,0.0,
videos,Jd3yEoDsroA,13.3778,22.2964,9.493e-05,9428,0.0,
videos,oIMUImp9XLo,13.3729,22.2882,9.487e-05,9429,0.0,
videos,MmWlUKgM4Gw,13.3679,22.2799,9.48e-05,9430,0.0,
videos,LTYykZn7vd0,13.3482,22.247,9.461e-05,9434,0.0,
videos,dh7f0e8uZng,13.3432,22.2387,9.459e-05,9435,0.0,
videos,dVIAkkbbsBw,13.3284,22.214,9.438e-05,9438,0.0,
videos,Z9UK4xFV3Y8,13.3136,22.1893,9.409e-05,9441,0.0,
videos,L8IrmMKytcc,13.3037,22.1728,9.407e-05,9444,0.0,
videos,pQMvO_ssdcA,13.2987,22.1645,9.407e-05,9443,0.0,
videos,O8BFvXlsTS4,13.2938,22.1563,9.396e-05,9445,0.0,
videos,qDYQ9IFb0I8,13.274,22.1233,9.368e-05,9449,0.0,
videos,Ja_VpFoJQvM,13.2691,22.1151,9.357e-05,9450,0.0,
videos,1YdPx-SX7lk,13.2592,22.0986,9.345e-05,9452,0.0,
videos,tDkjXl2Ku4A,13.2542,22.0903,9.338e-05,9453,0.0,
videos,4PXaC_4qRqU,13.2493,22.0821,9.324e-05,9454,0.0,
videos,JPhKYvSngkk,13.2443,22.0739,9.316e-05,9455,0.0,
videos,UmRZQtNfMOg,13.2344,22.0574,9.28e-05,9457,0.0,
videos,EPiFiS1YMmc,13.2295,22.0491,9.278e-05,9458,0.0,
videos,RUQxtuCZjas,13.2245,22.0409,9.254e-05,9459,0.0,
videos,Mo53EBGkLCM,13.2146,22.0244,9.25e-05,9461,0.0,
videos,9HCKKYMCaeA,13.2097,22.0162,9.228e-05,9462,0.0,
videos,YB8v5-82v3s,13.2047,22.0079,9.227e-05,9463,0.0,
videos,xkcJ3GF4VQk,13.1948,21.9914,9.205e-05,9465,0.0,
videos,Z0cVeXhZi4o,13.1899,21.9832,9.199e-05,9466,0.0,
videos,LDrKuwyYBnE,13.1849,21.9749,9.196e-05,9467,0.0,
videos,RbeMAcBdAvY,13.18,21.9667,9.192e-05,9468,0.0,
videos,eZHZ3fw-1WA,13.1751,21.9585,9.192e-05,9469,0.0,
videos,qqq22SLWCOQ,13.1652,21.942,9.166e-05,9471,0.0,
videos,mS8Uax-BwvE,13.1602,21.9337,9.161e-05,9473,0.0,
videos,rNJsmOyRAxY,13.1553,21.9255,9.161e-05,9472,0.0,
videos,aijB7CeE4Uo,13.1503,21.9172,9.158e-05,9474,0.0,
videos,HfqRHyCzJpQ,13.1405,21.9008,9.157e-05,9476,0.0,
videos,TYE6Lo95e8o,13.1355,21.8925,9.154e-05,9477,0.0,
videos,2Db36JVVhD8,13.1256,21.876,9.14e-05,9480,0.0,
videos,zJABDkDta4I,13.1157,21.8595,9.128e-05,9481,0.0,
videos,q8zoLng77YE,13.1059,21.8431,9.11e-05,9483,0.0,
videos,X281rf4DtIM,13.096,21.8266,9.101e-05,9485,0.0,
videos,NdeIrYiucDw,13.0811,21.8018,9.091e-05,9488,0.0,
videos,Kgw1LJ4H7_M,13.0712,21.7854,9.08e-05,9490,0.0,
videos,4T7NED3uxoI,13.0663,21.7771,9.074e-05,9491,0.0,
videos,mQ4IzPxNdCE,13.0613,21.7689,9.07e-05,9492,0.0,
videos,bMJIslYYW1I,13.0514,21.7524,9.046e-05,9494,0.0,
videos,MKFFm3bH59M,13.0415,21.7359,8.973e-05,9496,0.0,
videos,wvC_RD9KQx8,13.0366,21.7277,8.965e-05,9497,0.0,
videos,JpQSvgZ9jGw,13.0316,21.7194,8.945e-05,9499,0.0,
videos,V3RUE-kebTs,13.0267,21.7112,8.945e-05,9498,0.0,
videos,p2MCyKmc5eE,13.0217,21.7029,8.933e-05,9500,0.0,
videos,8ZcCiygEl2Q,13.0118,21.6864,8.923e-05,9502,0.0,
videos,j3E6SDSjjTw,13.002,21.67,8.9e-05,9504,0.0,
videos,mVwhvvT6sWg,12.9921,21.6535,8.891e-05,9506,0.0,
videos,5V14Dfd_-X4,12.9822,21.637,8.823e-05,9508,0.0,
videos,SmPKfdTRKSs,12.9674,21.6123,8.814e-05,9511,0.0,
videos,bGis_LtFRRo,12.9624,21.604,8.799e-05,9512,0.0,
videos,aITfbPuk3Wk,12.9575,21.5958,8.789e-05,9513,0.0,
videos,VqisMD9Gd8M,12.9525,21.5875,8.788e-05,9514,0.0,
videos,Z6EtmNUyL68,12.9476,21.5793,8.787e-05,9515,0.0,
videos,n52ktmrL8qo,12.9427,21.5711,8.783e-05,9516,0.0,
videos,tgwbud00sFs,12.9278,21.5463,8.767e-05,9519,0.0,
videos,U82MDZArGrM,12.9229,21.5381,8.749e-05,9520,0.0,
videos,XsB_OA9vkpw,12.9179,21.5298,8.747e-05,9521,0.0,
videos,agzVIpuh2SI,12.908,21.5134,8.738e-05,9523,0.0,
videos,z8KlK_CfPhY,12.8981,21.4969,8.724e-05,9525,0.0,
videos,J4caGahYhPI,12.8932,21.4886,8.721e-05,9526,0.0,
videos,-ojbF8lF458,12.8882,21.4804,8.694e-05,9527,0.0,
videos,PNaumqTQff4,12.8783,21.4639,8.642e-05,9529,0.0,
videos,xcZBZcPND7E,12.8585,21.4309,8.62e-05,9532,0.0,
videos,EpQKvTdT0Ys,12.8536,21.4227,8.591e-05,9534,0.0,
videos,58Wi-AwJEiA,12.8486,21.4144,8.586e-05,9535,0.0,
videos,DCwOUB4B2mo,12.8437,21.4062,8.578e-05,9536,0.0,
videos,QK5EzYvEPjE,12.8388,21.398,8.576e-05,9537,0.0,
videos,YYVCsDg8GQ4,12.8338,21.3897,8.57e-05,9538,0.0,
videos,GFQuSSU7y4c,12.8289,21.3815,8.566e-05,9539,0.0,
videos,7QLDZdZ9J2Q,12.8239,21.3732,8.545e-05,9540,0.0,
videos,mJUGzEfZFs4,12.819,21.365,8.545e-05,9541,0.0,
videos,gKHh4ERa568,12.8091,21.3485,8.486e-05,9543,0.0,
videos,DfXoW6P-Dgw,12.7992,21.332,8.481e-05,9545,0.0,
videos,cGzaldMa2OI,12.7893,21.3155,8.468e-05,9547,0.0,
videos,ie-0oZkRaS0,12.7844,21.3073,8.459e-05,9548,0.0,
videos,Wf-eZZpuY4M,12.7794,21.299,8.437e-05,9549,0.0,
videos,s9Totlg48cs,12.7745,21.2908,8.428e-05,9550,0.0,
videos,6-NGbKAiNKQ,12.7696,21.2826,8.424e-05,9551,0.0,
videos,bn2QJBPGsyw,12.7597,21.2661,8.397e-05,9553,0.0,
videos,JmJKJXK3-eo,12.7547,21.2578,8.396e-05,9554,0.0,
videos,zYK-kj66rf8,12.7498,21.2496,8.396e-05,9555,0.0,
videos,B4cjSEHhEHQ,12.7448,21.2413,8.369e-05,9556,0.0,
videos,e-JJhIgYgpE,12.7399,21.2331,8.365e-05,9557,0.0,
videos,qkkt47mN298,12.7349,21.2249,8.363e-05,9558,0.0,
videos,13v-1_YsZy4,12.725,21.2084,8.341e-05,9560,0.0,
videos,U-pX_XWFnHc,12.7201,21.2001,8.331e-05,9561,0.0,
videos,5KV8gU4K4jk,12.7151,21.1919,8.315e-05,9562,0.0,
videos,wN24ad87TlU,12.7102,21.1836,8.294e-05,9563,0.0,
videos,UlIAlIyBf94,12.7003,21.1672,8.283e-05,9565,0.0,
videos,8tKJ5WkX2ns,12.6904,21.1507,8.276e-05,9566,0.0,
videos,AUfH6M0GpYI,12.6854,21.1424,8.275e-05,9568,0.0,
videos,ONLMRGkb-Og,12.6805,21.1342,8.257e-05,9569,0.0,
videos,17jq0oOVrxU,12.6755,21.1259,8.247e-05,9570,0.0,
videos,wvGNJCDUczY,12.6657,21.1095,8.235e-05,9572,0.0,
videos,RUJfCwcv8No,12.6508,21.0847,8.222e-05,9575,0.0,
videos,_80t3_Zx05E,12.6459,21.0765,8.201e-05,9576,0.0,
videos,wAHmBs6n1B0,12.6409,21.0682,8.2e-05,9577,0.0,
videos,BWAwkCICvO8,12.636,21.06,8.199e-05,9578,0.0,
videos,xQ0ibba3v4c,12.6311,21.0518,8.195e-05,9579,0.0,
videos,TxWIZI1ZOE0,12.6212,21.0353,8.185e-05,9581,0.0,
videos,7cCsPpowRoA,12.6162,21.027,8.178e-05,9582,0.0,
videos,xL_xwfOoG7s,12.5866,20.9776,8.117e-05,9588,0.0,
videos,Bqdnj-s4LNo,12.5816,20.9693,8.109e-05,9589,0.0,
videos,NEqhG1yK1qg,12.5668,20.9446,8.085e-05,9592,0.0,
videos,5EGTiP3jBw0,12.5569,20.9281,8.054e-05,9594,0.0,
videos,vHaT9kWfUco,12.5519,20.9199,8.034e-05,9595,0.0,
videos,xbWFPXnT2OM,12.547,20.9116,8.031e-05,9596,0.0,
videos,4Z-3YYRs5Rg,12.542,20.9034,8.023e-05,9597,0.0,
videos,RxE830LcKD0,12.5321,20.8869,8.005e-05,9599,0.0,
videos,U3ztYEpbbGg,12.5173,20.8622,7.967e-05,9602,0.0,
videos,spRL3mokG0M,12.5074,20.8457,7.962e-05,9604,0.0,
videos,S3xTg_VGDmw,12.4975,20.8292,7.94e-05,9606,0.0,
videos,GMzX5kmJ1xM,12.4926,20.821,7.938e-05,9607,0.0,
videos,C3sX9f3tQsk,12.4876,20.8127,7.934e-05,9608,0.0,
videos,JnOM0_JSXCU,12.4827,20.8045,7.922e-05,9609,0.0,
videos,NvM7pALQ4pc,12.4777,20.7962,7.919e-05,9610,0.0,
videos,WdAIsXeSdnU,12.4431,20.7385,7.863e-05,9617,0.0,
videos,rvF7sTrGvbc,12.4333,20.7221,7.859e-05,9619,0.0,
videos,VjaA2_h4yPM,12.4283,20.7138,7.846e-05,9620,0.0,
videos,jNuRyl-A0JE,12.4085,20.6808,7.784e-05,9624,0.0,
videos,pdlbHihQQus,12.3887,20.6479,7.756e-05,9628,0.0,
videos,tb32A3tA-8E,12.3838,20.6396,7.753e-05,9629,0.0,
videos,yePDbbrIZSc,12.3788,20.6314,7.721e-05,9630,0.0,
videos,_h2oBWSrdFA,12.3739,20.6231,7.714e-05,9631,0.0,
videos,L1qkLZfhMvc,12.3689,20.6149,7.695e-05,9632,0.0,
videos,m8mw1OEmDp0,12.364,20.6067,7.688e-05,9633,0.0,
videos,YwnaVqTrEmo,12.359,20.5984,7.668e-05,9634,0.0,
videos,kmk-phIhSvg,12.3541,20.5902,7.658e-05,9635,0.0,
videos,XGPjz1HoFKo,12.3442,20.5737,7.642e-05,9637,0.0,
videos,4cj45Y6GJNI,12.3294,20.549,7.598e-05,9640,0.0,
videos,KZ3cwkT5doA,12.3195,20.5325,7.592e-05,9642,0.0,
videos,yj4N8vD2SYU,12.3145,20.5242,7.576e-05,9643,0.0,
videos,zkd-C7CHRVA,12.2849,20.4748,7.501e-05,9649,0.0,
videos,OyZUyTWfpyo,12.2799,20.4665,7.499e-05,9650,0.0,
videos,QLzm-Tjx8oQ,12.27,20.45,7.474e-05,9652,0.0,
videos,bb8ReyvPbRU,12.2651,20.4418,7.46e-05,9653,0.0,
videos,_18KkqMjKlo,12.2552,20.4253,7.455e-05,9655,0.0,
videos,8GFe23IyyFE,12.2503,20.4171,7.425e-05,9656,0.0,
videos,c0P9t6IAK-o,12.2453,20.4088,7.421e-05,9657,0.0,
videos,5mQdWtx0uyY,12.2305,20.3841,7.38e-05,9660,0.0,
videos,AXry2uO3Iqg,12.2206,20.3676,7.366e-05,9662,0.0,
videos,nmp9s9uBPd0,12.2057,20.3429,7.331e-05,9665,0.0,
videos,AOJaSfO3t-w,12.2008,20.3347,7.324e-05,9666,0.0,
videos,CXRDWNLEnD0,12.1662,20.277,7.269e-05,9673,0.0,
videos,S2l5RwkNcbI,12.1513,20.2522,7.251e-05,9676,0.0,
videos,7cBgEMV-2r8,12.1464,20.244,7.25e-05,9677,0.0,
videos,wpSxfLhYGFc,12.1414,20.2357,7.244e-05,9679,0.0,
videos,e3VuSaVLFAU,12.1365,20.2275,7.244e-05,9678,0.0,
videos,PHv77TU2Xng,12.1316,20.2193,7.24e-05,9680,0.0,
videos,CwyDe1IsQms,12.1266,20.211,7.234e-05,9681,0.0,
videos,4zNBlw83lK8,12.1118,20.1863,7.195e-05,9684,0.0,
videos,Z5q281mZF2U,12.1068,20.178,7.181e-05,9685,0.0,
videos,z3GPAOUMSxg,12.1019,20.1698,7.172e-05,9686,0.0,
videos,LY_sloQIK-4,12.097,20.1616,7.164e-05,9687,0.0,
videos,eEi6l13DnOs,12.092,20.1533,7.151e-05,9688,0.0,
videos,PV8mNkvBf6k,12.0821,20.1368,7.141e-05,9690,0.0,
videos,i7eGzJCQ1Yg,12.0772,20.1286,7.133e-05,9691,0.0,
videos,k2b71daFThk,12.0673,20.1121,7.109e-05,9693,0.0,
videos,ozcpiHUAwDo,12.0623,20.1039,7.105e-05,9694,0.0,
videos,ky1NSERtW2M,12.0475,20.0791,7.089e-05,9697,0.0,
videos,_4gqBbkkIys,12.0376,20.0626,7.075e-05,9699,0.0,
videos,G7lvs9CwAMk,12.0326,20.0544,7.069e-05,9700,0.0,
videos,56ylFp1Ot8Y,12.0277,20.0462,7.043e-05,9701,0.0,
videos,KM6YjFXN5mA,12.0128,20.0214,7.001e-05,9704,0.0,
videos,zHLxF7mp7gA,12.0079,20.0132,6.973e-05,9705,0.0,
videos,8z1I1kFpCDE,12.0029,20.0049,6.968e-05,9706,0.0,
videos,mxNdoXBuQ3A,11.998,19.9967,6.957e-05,9707,0.0,
videos,CxCgy4Mz0jE,11.9931,19.9885,6.954e-05,9708,0.0,
videos,oRcAnApwGhk,11.9733,19.9555,6.91e-05,9712,0.0,
videos,zFF5IleQlVA,11.9585,19.9308,6.874e-05,9715,0.0,
videos,Tq5ZWcTFaGY,11.9535,19.9225,6.864e-05,9716,0.0,
videos,GdKPERulImk,11.9486,19.9143,6.857e-05,9717,0.0,
videos,pzqMtTeABt0,11.9436,19.906,6.846e-05,9718,0.0,
videos,DOX89C-2I_E,11.9387,19.8978,6.842e-05,9719,0.0,
videos,Gw70BIRym5A,11.9337,19.8895,6.838e-05,9720,0.0,
videos,Qe-f_1iSTPI,11.9239,19.8731,6.829e-05,9722,0.0,
videos,1YNLQG5NuZw,11.9189,19.8648,6.819e-05,9723,0.0,
videos,8g8Nc-97K7w,11.8991,19.8318,6.799e-05,9727,0.0,
videos,B3NXrrqlzgQ,11.8942,19.8236,6.793e-05,9728,0.0,
videos,f44WaHQ-6nc,11.8843,19.8071,6.775e-05,9730,0.0,
videos,IeFFaCEzEek,11.8645,19.7742,6.771e-05,9733,0.0,
videos,8Coco2bWn6g,11.8595,19.7659,6.766e-05,9735,0.0,
videos,3i_Aqc2vVWY,11.8546,19.7577,6.746e-05,9736,0.0,
videos,eUD0myYDFJ0,11.8496,19.7494,6.739e-05,9737,0.0,
videos,ZU0yLHXUolo,11.8348,19.7247,6.697e-05,9740,0.0,
videos,K5OY7_voSIY,11.8299,19.7165,6.694e-05,9741,0.0,
videos,VB8MKb8qu14,11.8249,19.7082,6.684e-05,9742,0.0,
videos,hWT8MHRWpnY,11.8101,19.6835,6.637e-05,9745,0.0,
videos,tvinjJMMTOg,11.8051,19.6752,6.634e-05,9746,0.0,
videos,CBmhIm5buZQ,11.8002,19.667,6.611e-05,9747,0.0,
videos,kxdmKYSCpSc,11.7953,19.6588,6.588e-05,9748,0.0,
videos,jK5IArRnLHA,11.7903,19.6505,6.582e-05,9749,0.0,
videos,rqXv4DvWMxk,11.7854,19.6423,6.566e-05,9751,0.0,
videos,A70p1TT09jo,11.7804,19.634,6.566e-05,9750,0.0,
videos,S_Bm9mHZpsw,11.7705,19.6175,6.547e-05,9752,0.0,
videos,3qLuRvJ1BgM,11.7656,19.6093,6.54e-05,9754,0.0,
videos,3zdIcf33M6U,11.7607,19.6011,6.526e-05,9755,0.0,
videos,lepmQHameZE,11.7557,19.5928,6.51e-05,9756,0.0,
videos,ofjiw7EL0bU,11.7508,19.5846,6.502e-05,9757,0.0,
videos,xKIhgMFXMvM,11.7409,19.5681,6.478e-05,9759,0.0,
videos,Caq9f8NoZEE,11.7359,19.5598,6.47e-05,9760,0.0,
videos,f7rRUD4ogKA,11.7062,19.5104,6.404e-05,9766,0.0,
videos,fpdUBzSJicc,11.6914,19.4857,6.361e-05,9769,0.0,
videos,We2wVSAzAog,11.6864,19.4774,6.35e-05,9770,0.0,
videos,n_pjddd0ZkU,11.6815,19.4692,6.347e-05,9771,0.0,
videos,lancmoEgf0E,11.6765,19.4609,6.31e-05,9772,0.0,
videos,9FU5ms80lZ8,11.6716,19.4527,6.309e-05,9773,0.0,
videos,wyY4q0ACp7c,11.6568,19.428,6.304e-05,9775,0.0,
videos,Ex_CZ3FyMng,11.6518,19.4197,6.303e-05,9777,0.0,
videos,UdTWWIKbTNs,11.632,19.3867,6.291e-05,9781,0.0,
videos,AJqktKcUtKQ,11.6271,19.3785,6.275e-05,9782,0.0,
videos,8ISp3btvq3M,11.6123,19.3538,6.243e-05,9785,0.0,
videos,CJE0S3GgIZw,11.6073,19.3455,6.238e-05,9786,0.0,
videos,4KHYddRxJVk,11.5876,19.3126,6.21e-05,9790,0.0,
videos,uwlQE7JjlIY,11.5826,19.3043,6.2e-05,9791,0.0,
videos,M_FKC2NTb24,11.5727,19.2878,6.186e-05,9792,0.0,
videos,k1i-hHJIXOw,11.5678,19.2796,6.178e-05,9795,0.0,
videos,fEP9q_iQmxo,11.5628,19.2713,6.178e-05,9794,0.0,
videos,PJxjF-J4PCI,11.5579,19.2631,6.169e-05,9796,0.0,
videos,KXEGohlTBB4,11.548,19.2466,6.142e-05,9798,0.0,
videos,33tOfc7I3eA,11.543,19.2384,6.13e-05,9799,0.0,
videos,nQhBVqgRAoI,11.5381,19.2301,6.125e-05,9800,0.0,
videos,pJ7tRsPF4OQ,11.5282,19.2136,6.123e-05,9801,0.0,
videos,xL8jT4SKF0w,11.5232,19.2054,6.123e-05,9802,0.0,
videos,Kq__GuiPPq8,11.5183,19.1972,6.121e-05,9804,0.0,
videos,A88nUjYZ_EY,11.5084,19.1807,6.11e-05,9806,0.0,
videos,2eBuymami_M,11.5034,19.1724,6.109e-05,9807,0.0,
videos,Wj7W0qU3dco,11.4936,19.156,6.091e-05,9809,0.0,
videos,dCEZQjoT-Xs,11.4886,19.1477,6.088e-05,9810,0.0,
videos,adz7pypAAHM,11.4787,19.1312,6.074e-05,9812,0.0,
videos,C3Ig38KYwRY,11.4738,19.123,6.067e-05,9813,0.0,
videos,GwvsnfLEyhY,11.4639,19.1065,6.041e-05,9815,0.0,
videos,bgp2OgvLMzk,11.459,19.0983,6.039e-05,9817,0.0,
videos,wI08Y8fd1Fs,11.454,19.09,6.039e-05,9816,0.0,
videos,jyrsh7QSjfI,11.4491,19.0818,6.034e-05,9818,0.0,
videos,9rzu_voCuag,11.4441,19.0735,6.031e-05,9819,0.0,
videos,Q1nizGfLctA,11.4392,19.0653,6.026e-05,9820,0.0,
videos,-WyDLpSyMP4,11.4342,19.057,6.013e-05,9821,0.0,
videos,17kRza7mrzg,11.4244,19.0406,5.967e-05,9823,0.0,
videos,sDRdhu3_hr8,11.4194,19.0323,5.945e-05,9824,0.0,
videos,2CEFiHbHP1k,11.4095,19.0158,5.919e-05,9826,0.0,
videos,Y28C8ZIuR0I,11.3996,18.9993,5.905e-05,9828,0.0,
videos,3P03sQ23rSY,11.3947,18.9911,5.9e-05,9829,0.0,
videos,u_Oma7V3Zlo,11.3897,18.9829,5.898e-05,9830,0.0,
videos,JCnzYnXsSNY,11.3798,18.9664,5.868e-05,9832,0.0,
videos,t0DTqCW7bpA,11.365,18.9416,5.852e-05,9835,0.0,
videos,NL2JztIJHBs,11.36,18.9334,5.849e-05,9836,0.0,
videos,Q8e_TDnOS3E,11.3551,18.9252,5.845e-05,9837,0.0,
videos,vQhmF6ZPCxc,11.3501,18.9169,5.827e-05,9838,0.0,
videos,3hapg9oK1tQ,11.3303,18.8839,5.797e-05,9842,0.0,
videos,dMVU6KK5E1k,11.3155,18.8592,5.775e-05,9845,0.0,
videos,mHjaNYIZrj4,11.3106,18.851,5.773e-05,9846,0.0,
videos,vsJO2gPKWgQ,11.2957,18.8262,5.761e-05,9849,0.0,
videos,KJ1OVzS8HLs,11.2908,18.818,5.751e-05,9850,0.0,
videos,mTz0VJSpdmE,11.2859,18.8098,5.744e-05,9851,0.0,
videos,kwxTU_3rVis,11.2809,18.8015,5.741e-05,9852,0.0,
videos,OEsIbkOv89s,11.271,18.785,5.738e-05,9854,0.0,
videos,4a41XSXTed8,11.2661,18.7768,5.719e-05,9855,0.0,
videos,JBwe5j0tbRs,11.2611,18.7685,5.715e-05,9856,0.0,
videos,dGWJydVgXWc,11.2562,18.7603,5.693e-05,9857,0.0,
videos,Y4dOvt-MiMs,11.2463,18.7438,5.679e-05,9859,0.0,
videos,px-wdEcwzJU,11.2414,18.7356,5.676e-05,9860,0.0,
videos,om4Yd1VTTGk,11.2315,18.7191,5.644e-05,9862,0.0,
videos,24GruPKmoPA,11.2265,18.7108,5.638e-05,9863,0.0,
videos,SCidsA2SFa0,11.2216,18.7026,5.61e-05,9864,0.0,
videos,MOYu-rokX4Y,11.2166,18.6944,5.596e-05,9865,0.0,
videos,2iQF3GhVvlE,11.2117,18.6861,5.584e-05,9866,0.0,
videos,Dvl76lI_Ka0,11.2018,18.6696,5.579e-05,9868,0.0,
videos,A901mjfvRnU,11.1919,18.6531,5.55e-05,9870,0.0,
videos,-4FQ2md2qLw,11.1869,18.6449,5.548e-05,9871,0.0,
videos,kcN689PELPo,11.177,18.6284,5.541e-05,9873,0.0,
videos,FdibudXCNK4,11.1671,18.6119,5.532e-05,9875,0.0,
videos,Lo9spmqMvZc,11.1622,18.6037,5.528e-05,9876,0.0,
videos,yxCZbOh2PFw,11.1573,18.5955,5.513e-05,9877,0.0,
videos,S1pBxkMl3D8,11.1523,18.5872,5.506e-05,9878,0.0,
videos,1A492BjtcxM,11.1424,18.5707,5.492e-05,9880,0.0,
videos,h9xfNkdqUD4,11.1325,18.5542,5.482e-05,9882,0.0,
videos,nZPhbPxArok,11.1227,18.5378,5.44e-05,9884,0.0,
videos,twMQkSjreEE,11.1177,18.5295,5.43e-05,9885,0.0,
videos,is2oBRZebLE,11.1128,18.5213,5.421e-05,9886,0.0,
videos,CgSPp0hkMQU,11.1029,18.5048,5.408e-05,9888,0.0,
videos,p-QxCtT2Dn0,11.0979,18.4965,5.398e-05,9889,0.0,
videos,oeklyiZUk9s,11.093,18.4883,5.397e-05,9890,0.0,
videos,w0Cnq6BmCmg,11.0881,18.4801,5.39e-05,9891,0.0,
videos,xIe3dLOG6TI,11.0831,18.4718,5.375e-05,9892,0.0,
videos,KjQYCzMbCrU,11.0732,18.4553,5.362e-05,9894,0.0,
videos,-iSRV0aJvJA,11.0683,18.4471,5.36e-05,9895,0.0,
videos,M55blDGytiQ,11.0633,18.4388,5.351e-05,9896,0.0,
videos,ERrGVpMteQo,11.0534,18.4224,5.345e-05,9898,0.0,
videos,Ht9enT9Me2I,11.0485,18.4141,5.329e-05,9899,0.0,
videos,N19nasGLCMI,11.0336,18.3894,5.31e-05,9902,0.0,
videos,p4sEOW_Cgy0,11.0237,18.3729,5.307e-05,9904,0.0,
videos,g0HV-K6cW8Y,11.0188,18.3647,5.303e-05,9905,0.0,
videos,xxtxbR5vp_E,10.9891,18.3152,5.27e-05,9911,0.0,
videos,U-kGtQ7bMm8,10.9842,18.307,5.266e-05,9912,0.0,
videos,TdXIVgTXWHo,10.9792,18.2987,5.234e-05,9913,0.0,
videos,nU4HUT-2Jy0,10.9594,18.2657,5.195e-05,9917,0.0,
videos,Jk71-mXotYQ,10.9545,18.2575,5.189e-05,9918,0.0,
videos,zFbk-cVoTQw,10.9496,18.2493,5.184e-05,9919,0.0,
videos,wAsBPaGLebs,10.9446,18.241,5.173e-05,9920,0.0,
videos,_sayXkkiqf0,10.9397,18.2328,5.155e-05,9921,0.0,
videos,NYIwZl4dWqk,10.9298,18.2163,5.13e-05,9923,0.0,
videos,SzxJ8aTf-7o,10.9248,18.208,5.122e-05,9924,0.0,
videos,cmVzbR0IrNs,10.9199,18.1998,5.118e-05,9925,0.0,
videos,PNcaG8aSWCo,10.9051,18.1751,5.1e-05,9928,0.0,
videos,U-N1VSP9wCU,10.9001,18.1668,5.099e-05,9929,0.0,
videos,bDfCkrvfBTM,10.8902,18.1503,5.084e-05,9931,0.0,
videos,_gCwhdo2gfg,10.8853,18.1421,5.08e-05,9932,0.0,
videos,q9nUIKREBAQ,10.8704,18.1174,5.038e-05,9935,0.0,
videos,RJXtZJcsx2M,10.8655,18.1091,5.025e-05,9936,0.0,
videos,6NcszVXV32g,10.8605,18.1009,5.013e-05,9937,0.0,
videos,0iuAEm8uYa4,10.8556,18.0926,5.013e-05,9938,0.0,
videos,jw2-fyTp_fQ,10.8506,18.0844,5.013e-05,9939,0.0,
videos,A3LUWHVC3NM,10.8457,18.0762,5.013e-05,9940,0.0,
videos,YaZKAbdiiyc,10.8358,18.0597,5.01e-05,9942,0.0,
videos,abXrPeACk5U,10.8259,18.0432,5.009e-05,9944,0.0,
videos,Ul4UDaE7Dcg,10.8209,18.0349,5.007e-05,9945,0.0,
videos,7u0DJM1SNPs,10.816,18.0267,5.006e-05,9946,0.0,
videos,XYezqqragR8,10.8111,18.0185,4.998e-05,9947,0.0,
videos,vg0nppsMnlE,10.8061,18.0102,4.997e-05,9948,0.0,
videos,uMbxTdMz004,10.7962,17.9937,4.989e-05,9950,0.0,
videos,MUybtRbV8r8,10.7913,17.9855,4.986e-05,9951,0.0,
videos,N_QvDFV5iac,10.7864,17.9773,4.974e-05,9952,0.0,
videos,zL4rLjH0eII,10.7765,17.9608,4.959e-05,9955,0.0,
videos,tnMzvmjZ6Ac,10.7715,17.9525,4.959e-05,9954,0.0,
videos,Qppkk282qV0,10.7616,17.936,4.947e-05,9957,0.0,
videos,AAaWqnnPYHA,10.7567,17.9278,4.944e-05,9958,0.0,
videos,zl15wpzTuFY,10.7518,17.9196,4.944e-05,9959,0.0,
videos,eN73nPA1DNw,10.7369,17.8948,4.941e-05,9961,0.0,
videos,4X1bBmF-wEQ,10.727,17.8783,4.934e-05,9964,0.0,
videos,dwaZNTHXrNE,10.7221,17.8701,4.933e-05,9965,0.0,
videos,-iP4M_Iv0xk,10.7171,17.8619,4.923e-05,9966,0.0,
videos,TDwNIB396ws,10.7122,17.8536,4.915e-05,9967,0.0,
videos,DlLHUQmpq5Q,10.7023,17.8371,4.912e-05,9968,0.0,
videos,ESIJY28QvGI,10.6973,17.8289,4.904e-05,9970,0.0,
videos,vekrLDt7-sA,10.6924,17.8206,4.903e-05,9971,0.0,
videos,WgkfLlBpoSc,10.6874,17.8124,4.902e-05,9972,0.0,
videos,7CKAAcntrew,10.6775,17.7959,4.888e-05,9974,0.0,
videos,KVxgwzAxAPQ,10.6676,17.7794,4.87e-05,9976,0.0,
videos,bOiJlntVsEk,10.6627,17.7712,4.844e-05,9977,0.0,
videos,ZwMa3opccsI,10.6577,17.7629,4.837e-05,9978,0.0,
videos,pYQX09FxEPY,10.6528,17.7547,4.812e-05,9980,0.0,
videos,q84pnYYDhiY,10.6479,17.7465,4.812e-05,9979,0.0,
videos,fk0J-08zEA0,10.6429,17.7382,4.809e-05,9981,0.0,
videos,t5SpkLSCLqU,10.633,17.7217,4.793e-05,9983,0.0,
videos,nAaJnVLQ2zU,10.6281,17.7135,4.792e-05,9984,0.0,
videos,rHIkdPf3Tks,10.6231,17.7052,4.785e-05,9985,0.0,
videos,mt6Onkpyvcc,10.6133,17.6888,4.774e-05,9987,0.0,
videos,1GqvLr9s0xg,10.6083,17.6805,4.765e-05,9988,0.0,
videos,HjuHom80WVw,10.6034,17.6723,4.732e-05,9989,0.0,
videos,z4QFt7-H7FY,10.5984,17.664,4.728e-05,9990,0.0,
videos,AObXRRr7qlc,10.5836,17.6393,4.711e-05,9993,0.0,
videos,YmRYF9VK67E,10.5787,17.6311,4.709e-05,9994,0.0,
videos,L0CCQGQJyxs,10.5737,17.6228,4.704e-05,9995,0.0,
videos,oV3BoGpA9Mo,10.5638,17.6063,4.669e-05,9997,0.0,
videos,1VLWeuJABNs,10.5589,17.5981,4.662e-05,9998,0.0,
videos,65ZPu0OofmI,10.549,17.5816,4.65e-05,10000,0.0,
videos,cL3pnvxbdS8,10.544,17.5734,4.643e-05,10001,0.0,
videos,N7uPUxPSdgo,10.5391,17.5651,4.635e-05,10002,0.0,
videos,Y7ykCzJccd0,10.5341,17.5569,4.629e-05,10003,0.0,
videos,KgLJY3PYTpY,10.5292,17.5486,4.626e-05,10004,0.0,
videos,RMZnvFDaxzc,10.5193,17.5321,4.618e-05,10006,0.0,
videos,SkNG3-bBrvQ,10.5094,17.5157,4.608e-05,10008,0.0,
videos,KAprbfCnMxU,10.4945,17.4909,4.603e-05,10010,0.0,
videos,zaLVg5EFQNM,10.4896,17.4827,4.569e-05,10012,0.0,
videos,R738PFrI2YE,10.4797,17.4662,4.549e-05,10014,0.0,
videos,Z1Oy3Pvrfts,10.4748,17.458,4.543e-05,10015,0.0,
videos,mQ5rjrr21tc,10.4599,17.4332,4.536e-05,10018,0.0,
videos,EJ8-0F-ORfQ,10.455,17.425,4.534e-05,10019,0.0,
videos,3BPWI70GYXk,10.4303,17.3838,4.505e-05,10024,0.0,
videos,QvzdiOxu-IQ,10.4253,17.3755,4.49e-05,10025,0.0,
videos,USuTV-9kjdM,10.4204,17.3673,4.48e-05,10026,0.0,
videos,03qP_hoc5Pw,10.4155,17.3591,4.46e-05,10027,0.0,
videos,fn50--EUgmI,10.4105,17.3508,4.457e-05,10028,0.0,
videos,cB5rekSOPBs,10.4056,17.3426,4.452e-05,10029,0.0,
videos,0OIkYOIVS5c,10.4006,17.3343,4.448e-05,10030,0.0,
videos,TtXIbanXEhY,10.3957,17.3261,4.44e-05,10031,0.0,
videos,mJLCWX98ZzM,10.3808,17.3014,4.419e-05,10034,0.0,
videos,JXTrLyade9s,10.3759,17.2931,4.412e-05,10035,0.0,
videos,mMUj4a6Do8Q,10.3709,17.2849,4.409e-05,10036,0.0,
videos,f-MhYJet1uI,10.366,17.2766,4.406e-05,10037,0.0,
videos,p1Vo4SbhNmI,10.361,17.2684,4.404e-05,10038,0.0,
videos,OeW3LN0YlVo,10.3511,17.2519,4.397e-05,10040,0.0,
videos,Qxoz46iyuQg,10.3462,17.2437,4.396e-05,10041,0.0,
videos,Y2G-3Ff2ToQ,10.3363,17.2272,4.379e-05,10043,0.0,
videos,0MP1-xEtOXU,10.3313,17.2189,4.379e-05,10044,0.0,
videos,TFm_2GNqF9E,10.3214,17.2024,4.351e-05,10046,0.0,
videos,KjGK30m7OQY,10.3165,17.1942,4.345e-05,10047,0.0,
videos,IipCzP0PL2Y,10.3066,17.1777,4.32e-05,10049,0.0,
videos,SKVOzSZnMR8,10.3017,17.1695,4.32e-05,10050,0.0,
videos,YPoDDFU2hgA,10.2967,17.1612,4.318e-05,10051,0.0,
videos,fkSmFoGTzfY,10.2868,17.1447,4.312e-05,10053,0.0,
videos,dC3i76PkyvQ,10.277,17.1283,4.304e-05,10055,0.0,
videos,LqsLT4f-jVI,10.272,17.12,4.298e-05,10056,0.0,
videos,Rre6J28R-NY,10.2671,17.1118,4.296e-05,10057,0.0,
videos,6RRGS9pukAM,10.2621,17.1035,4.289e-05,10058,0.0,
videos,VktRaOzMmy8,10.2522,17.087,4.279e-05,10060,0.0,
videos,F8HEbf7fHH8,10.2473,17.0788,4.279e-05,10061,0.0,
videos,rWBtA5ci_zs,10.2424,17.0706,4.275e-05,10062,0.0,
videos,igAFGJc9LqM,10.2325,17.0541,4.258e-05,10064,0.0,
videos,B0bHZfk2wQo,10.2275,17.0458,4.25e-05,10065,0.0,
videos,tpHWa011eRo,10.2226,17.0376,4.241e-05,10066,0.0,
videos,bsf-lO-zRoI,10.2176,17.0293,4.225e-05,10067,0.0,
videos,i3KAtw10tvY,10.2127,17.0211,4.223e-05,10068,0.0,
videos,SZ9ani9IT9w,10.2077,17.0129,4.212e-05,10069,0.0,
videos,ypWZp3-8Mgg,10.2028,17.0046,4.211e-05,10070,0.0,
videos,fCZalZ14XC8,10.1978,16.9964,4.2e-05,10071,0.0,
videos,bqmeOYJVRng,10.1929,16.9881,4.198e-05,10072,0.0,
videos,hcKCiXqBBr4,10.1879,16.9799,4.195e-05,10073,0.0,
videos,hA-j639Yy_E,10.178,16.9634,4.188e-05,10075,0.0,
videos,cyOHG_xwMSk,10.1681,16.9469,4.179e-05,10077,0.0,
videos,trxdTix_XS4,10.1632,16.9387,4.172e-05,10078,0.0,
videos,sMsIezEd5hU,10.1582,16.9304,4.17e-05,10079,0.0,
videos,pltSfmjsg1c,10.1533,16.9222,4.168e-05,10080,0.0,
videos,fCGBSW2G6eo,10.1434,16.9057,4.145e-05,10082,0.0,
videos,XecRh_s5cME,10.1385,16.8975,4.14e-05,10083,0.0,
videos,4JH3N8aBVoc,10.1335,16.8892,4.133e-05,10084,0.0,
videos,SDb6w9eKVQ0,10.1286,16.881,4.125e-05,10085,0.0,
videos,4TIM3HXFv-c,10.1236,16.8727,4.103e-05,10086,0.0,
videos,rGEPvT3mhqM,10.1137,16.8562,4.091e-05,10088,0.0,
videos,3_0vnV2EJlE,10.1088,16.848,4.083e-05,10089,0.0,
videos,bNF4y7edu0U,10.1039,16.8398,4.076e-05,10090,0.0,
videos,_lilZrqbE2w,10.094,16.8233,4.072e-05,10092,0.0,
videos,G61VAyVjy9M,10.089,16.815,4.071e-05,10093,0.0,
videos,ZLGXBnY7cXs,10.0742,16.7903,4.046e-05,10096,0.0,
videos,J3SfJbGVx6k,10.0693,16.7821,4.033e-05,10097,0.0,
videos,78NSwkKC7fc,10.0643,16.7738,4.028e-05,10098,0.0,
videos,8-NbZ37t-Mg,10.0594,16.7656,4.02e-05,10100,0.0,
videos,W76g8IVPW7A,10.0544,16.7573,4.02e-05,10099,0.0,
videos,eS80GQJFP8Y,10.0445,16.7409,4.002e-05,10102,0.0,
videos,W_B7VBviFLY,10.0346,16.7244,3.99e-05,10104,0.0,
videos,Gp-HBCYJxZU,10.0247,16.7079,3.981e-05,10106,0.0,
videos,ig6hdK8A74o,10.0198,16.6996,3.974e-05,10107,0.0,
videos,6GA5M3iJxW0,10.0148,16.6914,3.959e-05,10108,0.0,
videos,545UfgvJ0R4,10.0049,16.6749,3.932e-05,10110,0.0,
videos,T_1y-L4I8C0,9.9901,16.6502,3.916e-05,10113,0.0,
videos,J18Cl9j1Elo,9.9851,16.6419,3.913e-05,10114,0.0,
videos,JX88X9oRT5I,9.9753,16.6255,3.908e-05,10116,0.0,
videos,iHHnpaE_J-k,9.9703,16.6172,3.906e-05,10117,0.0,
videos,4OamJUKJ9RE,9.9654,16.609,3.905e-05,10118,0.0,
videos,BFmB9C1BzQ0,9.9555,16.5925,3.903e-05,10120,0.0,
videos,AE1D7VtLcFE,9.9456,16.576,3.887e-05,10122,0.0,
videos,bXhJsDzQRik,9.9407,16.5678,3.876e-05,10123,0.0,
videos,jPRTn1d7wPs,9.9308,16.5513,3.869e-05,10125,0.0,
videos,gkAo1P_-XL4,9.9209,16.5348,3.859e-05,10127,0.0,
videos,xRxwUWsxa9U,9.8962,16.4936,3.83e-05,10133,0.0,
videos,R4OsH9lFiB0,9.8912,16.4853,3.83e-05,10132,0.0,
videos,e2zix3le9X8,9.8764,16.4606,3.814e-05,10136,0.0,
videos,jr8lgZvzA34,9.8615,16.4359,3.8e-05,10139,0.0,
videos,IxJwMvtdE1s,9.8566,16.4276,3.796e-05,10140,0.0,
videos,r35ySrv36EA,9.8516,16.4194,3.793e-05,10141,0.0,
videos,It6sOYqwClA,9.8467,16.4111,3.791e-05,10142,0.0,
videos,AUwv_8qoPeY,9.8368,16.3947,3.781e-05,10144,0.0,
videos,gz8-ImQlkvY,9.8269,16.3782,3.766e-05,10146,0.0,
videos,3NOo0Qq-Cxo,9.8219,16.3699,3.76e-05,10147,0.0,
videos,Bz9uXsSKm18,9.8071,16.3452,3.754e-05,10150,0.0,
videos,PThlDJhTQXc,9.8022,16.337,3.749e-05,10151,0.0,
videos,ECVHh52K3o4,9.7972,16.3287,3.732e-05,10152,0.0,
videos,UAT-4U9EbB8,9.7923,16.3205,3.729e-05,10153,0.0,
videos,36_lG-StP6w,9.7873,16.3122,3.727e-05,10154,0.0,
videos,gfS9n1MKPa4,9.7824,16.304,3.714e-05,10155,0.0,
videos,20D-lxzSMpI,9.7725,16.2875,3.702e-05,10157,0.0,
videos,cYa3eDCkVNs,9.7676,16.2793,3.701e-05,10158,0.0,
videos,27fJDSnNxjE,9.7577,16.2628,3.689e-05,10160,0.0,
videos,yIdXpI7hMHE,9.7527,16.2545,3.688e-05,10161,0.0,
videos,Sh9_ITQ6dok,9.7428,16.238,3.684e-05,10163,0.0,
videos,1H-xSJPv62o,9.733,16.2216,3.671e-05,10165,0.0,
videos,5sxxanP2ikE,9.7231,16.2051,3.657e-05,10167,0.0,
videos,Zs6kydyLgDI,9.7181,16.1968,3.656e-05,10168,0.0,
videos,bi0xaYWdyTY,9.7132,16.1886,3.648e-05,10169,0.0,
videos,RNi5EAKHQ_I,9.6983,16.1639,3.623e-05,10172,0.0,
videos,HH1ATP7GU8c,9.6736,16.1227,3.605e-05,10178,0.0,
videos,lZPEZ3ywroc,9.6686,16.1144,3.605e-05,10177,0.0,
videos,kTHcP-U32K4,9.6587,16.0979,3.594e-05,10180,0.0,
videos,mikmpYyihfU,9.6538,16.0897,3.585e-05,10181,0.0,
videos,1hHQ3TfYelA,9.6488,16.0814,3.585e-05,10182,0.0,
videos,-e_5UKKn2Jg,9.6439,16.0732,3.58e-05,10183,0.0,
videos,-BPbvcfgmzc,9.634,16.0567,3.574e-05,10185,0.0,
videos,s6Hz0OaeMtQ,9.6291,16.0485,3.572e-05,10186,0.0,
videos,F3Mc0Yqillw,9.6093,16.0155,3.565e-05,10190,0.0,
videos,FJ7YaTF4ZZc,9.5994,15.999,3.563e-05,10192,0.0,
videos,ibWg-YmKP_Y,9.5796,15.966,3.53e-05,10196,0.0,
videos,FGLtjYEqZvE,9.5747,15.9578,3.528e-05,10197,0.0,
videos,T7FlpR8E_iQ,9.5648,15.9413,3.519e-05,10199,0.0,
videos,l9iP5Ew9v1U,9.5599,15.9331,3.515e-05,10200,0.0,
videos,cXI7e_QSaLE,9.55,15.9166,3.513e-05,10202,0.0,
videos,Og-znJEeS4A,9.545,15.9083,3.506e-05,10203,0.0,
videos,bgAnLz0y5NQ,9.5401,15.9001,3.504e-05,10204,0.0,
videos,MB2k-kTcMOU,9.5351,15.8919,3.502e-05,10205,0.0,
videos,vgs1gKIt0Sg,9.5252,15.8754,3.495e-05,10207,0.0,
videos,J3UGkrpScQE,9.5203,15.8671,3.494e-05,10208,0.0,
videos,rUFBctG_X5U,9.5005,15.8342,3.469e-05,10212,0.0,
videos,5Fe3v3C3YFc,9.4856,15.8094,3.449e-05,10215,0.0,
videos,7-J_wkeSDGw,9.4757,15.7929,3.441e-05,10217,0.0,
videos,hH_vrT_4zwA,9.4708,15.7847,3.432e-05,10218,0.0,
videos,Etbc9fR3AQY,9.4659,15.7765,3.422e-05,10219,0.0,
videos,Kh46y0mqf9c,9.4609,15.7682,3.419e-05,10220,0.0,
videos,X1sXSkDzuS0,9.456,15.76,3.418e-05,10221,0.0,
videos,1ud4By0Oi70,9.451,15.7517,3.412e-05,10222,0.0,
videos,eVZ2ahsiqTY,9.4313,15.7188,3.397e-05,10226,0.0,
videos,79KziTlRBGU,9.4164,15.694,3.386e-05,10229,0.0,
videos,RV-7zHWTJJI,9.4115,15.6858,3.38e-05,10230,0.0,
videos,RywXHBvQPuk,9.3719,15.6198,3.352e-05,10238,0.0,
videos,hMa6YbiQKjw,9.3571,15.5951,3.338e-05,10241,0.0,
videos,W1fch4PukwQ,9.3521,15.5869,3.33e-05,10242,0.0,
videos,t62viGz4OXs,9.3422,15.5704,3.325e-05,10244,0.0,
videos,fqbQH-cpAPU,9.3373,15.5621,3.315e-05,10245,0.0,
videos,0xgNJcZ0Y1I,9.3274,15.5457,3.298e-05,10247,0.0,
videos,idR1_l2TlbU,9.3224,15.5374,3.295e-05,10248,0.0,
videos,MIC6E8oRu7Q,9.3175,15.5292,3.291e-05,10249,0.0,
videos,4AgGxc4KVAU,9.3125,15.5209,3.29e-05,10250,0.0,
videos,yrmGP1Q_Y7U,9.3076,15.5127,3.289e-05,10251,0.0,
videos,f40qFd8L3qw,9.2977,15.4962,3.268e-05,10253,0.0,
videos,zSyUmihJwTc,9.2829,15.4715,3.255e-05,10256,0.0,
videos,BOTY02h78aQ,9.2779,15.4632,3.246e-05,10257,0.0,
videos,zclDt3FBTUY,9.273,15.455,3.244e-05,10258,0.0,
videos,qbwARwdI8XQ,9.2631,15.4385,3.239e-05,10260,0.0,
videos,2xJuydufdKs,9.2335,15.3891,3.222e-05,10266,0.0,
videos,_wMkD786QG8,9.2285,15.3808,3.215e-05,10267,0.0,
videos,ps65x8rTPNk,9.2236,15.3726,3.207e-05,10268,0.0,
videos,8FcPLRFZ6cA,9.2137,15.3561,3.2e-05,10271,0.0,
videos,4VQR8PUUaC0,9.2087,15.3478,3.2e-05,10270,0.0,
videos,-g83VWS8hus,9.1988,15.3314,3.183e-05,10273,0.0,
videos,02hn12nGqWg,9.1939,15.3231,3.176e-05,10274,0.0,
videos,ZejLXfLgWV4,9.1889,15.3149,3.159e-05,10275,0.0,
videos,u03BBcfGLNI,9.184,15.3066,3.157e-05,10276,0.0,
videos,kQb3NzG8Zvs,9.179,15.2984,3.137e-05,10277,0.0,
videos,7zwMRvSDYaQ,9.1741,15.2901,3.125e-05,10278,0.0,
videos,ocnBjsWh8YY,9.1691,15.2819,3.124e-05,10279,0.0,
videos,5gOXwijXw8g,9.1592,15.2654,3.123e-05,10280,0.0,
videos,8ItBfkrNR7s,9.1493,15.2489,3.116e-05,10283,0.0,
videos,H4XaAw_op84,9.1394,15.2324,3.103e-05,10285,0.0,
videos,XVuXLxe4VA8,9.1296,15.216,3.098e-05,10288,0.0,
videos,DDXNN904NYo,9.1246,15.2077,3.098e-05,10287,0.0,
videos,NeWGkXev0UU,9.1048,15.1747,3.093e-05,10290,0.0,
videos,sf9D5DidGqg,9.09,15.15,3.06e-05,10295,0.0,
videos,XPhhzm9T49Y,9.0851,15.1418,3.057e-05,10296,0.0,
videos,dALQ6HfQC10,9.0752,15.1253,3.054e-05,10298,0.0,
videos,DEeq-p9u9Ow,9.0702,15.117,3.05e-05,10299,0.0,
videos,OugE_KDnEB8,9.0653,15.1088,3.04e-05,10300,0.0,
videos,RZ4tKRfNJt0,9.0604,15.1006,3.031e-05,10301,0.0,
videos,uiiCRLdHQKs,9.0505,15.0841,3.022e-05,10303,0.0,
videos,l5GH8DLBsXY,9.0455,15.0758,3.017e-05,10304,0.0,
videos,9hpQl_Izgdk,9.0356,15.0593,3.012e-05,10306,0.0,
videos,INbMG1up3is,9.0257,15.0429,3.009e-05,10308,0.0,
videos,4GVOd_Dsxvw,9.0059,15.0099,2.991e-05,10312,0.0,
videos,Ny5KtYpWAdo,9.001,15.0016,2.991e-05,10313,0.0,
videos,6aQdbzuzfGA,8.9713,14.9522,2.977e-05,10319,0.0,
videos,30U9Wv39Wa8,8.9663,14.9439,2.973e-05,10320,0.0,
videos,2B7W4--gXKg,8.9614,14.9357,2.969e-05,10321,0.0,
videos,DXxYvVHaIis,8.9416,14.9027,2.944e-05,10325,0.0,
videos,TrqkWqpTYSc,8.9367,14.8945,2.941e-05,10326,0.0,
videos,x7UMmfydB7o,8.9318,14.8863,2.936e-05,10327,0.0,
videos,YQUqOaB63n0,8.9268,14.878,2.934e-05,10328,0.0,
videos,fDntWPqT0Gw,8.9169,14.8615,2.917e-05,10330,0.0,
videos,tfRmZ8uD1cU,8.907,14.845,2.911e-05,10332,0.0,
videos,Zgmao2NdxtY,8.9021,14.8368,2.911e-05,10333,0.0,
videos,6F_pO8Hq6vc,8.8972,14.8286,2.905e-05,10334,0.0,
videos,swF6wMAcgmQ,8.8922,14.8203,2.898e-05,10335,0.0,
videos,Jp0jmlQFd-Q,8.8823,14.8038,2.89e-05,10337,0.0,
videos,M1cSpdosp8w,8.8774,14.7956,2.885e-05,10339,0.0,
videos,3qJ0tLRESys,8.8724,14.7873,2.885e-05,10338,0.0,
videos,FwggwaPUaQQ,8.8675,14.7791,2.884e-05,10340,0.0,
videos,AZ_L4EldB_k,8.8625,14.7709,2.877e-05,10341,0.0,
videos,Igv185pXUaU,8.8477,14.7461,2.866e-05,10344,0.0,
videos,1JtSfjVgjy8,8.8378,14.7296,2.851e-05,10346,0.0,
videos,Cot40ZJnoLs,8.8229,14.7049,2.824e-05,10349,0.0,
videos,dv8CADB0qPw,8.818,14.6967,2.823e-05,10350,0.0,
videos,81DglMFL2KI,8.813,14.6884,2.817e-05,10351,0.0,
videos,7E4nUXfPEP0,8.8081,14.6802,2.815e-05,10352,0.0,
videos,53gG1hu99ec,8.7982,14.6637,2.804e-05,10354,0.0,
videos,MDvKtxmdE0o,8.7883,14.6472,2.801e-05,10357,0.0,
videos,nVp2gqBOJ10,8.7735,14.6225,2.795e-05,10359,0.0,
videos,-B7AOSKCuA0,8.7636,14.606,2.775e-05,10361,0.0,
videos,XTr2dfXo4vM,8.7587,14.5978,2.774e-05,10362,0.0,
videos,W6swvfPLw9E,8.7537,14.5895,2.767e-05,10363,0.0,
videos,7RWNt5WJqKM,8.7389,14.5648,2.76e-05,10366,0.0,
videos,B296Z_RIkH4,8.7339,14.5565,2.757e-05,10367,0.0,
videos,bf2GVBmM8wU,8.7241,14.5401,2.746e-05,10369,0.0,
videos,Hykqc7E6E6k,8.7142,14.5236,2.742e-05,10371,0.0,
videos,YUE4pDrdnPY,8.7092,14.5153,2.739e-05,10372,0.0,
videos,i6WQdQsE0kc,8.7043,14.5071,2.731e-05,10373,0.0,
videos,ShuF-WRKVHM,8.6993,14.4988,2.723e-05,10374,0.0,
videos,g58j7Who6gU,8.6944,14.4906,2.701e-05,10375,0.0,
videos,l22vhUokrPw,8.6894,14.4824,2.691e-05,10377,0.0,
videos,4PCZsBdDYlM,8.6845,14.4741,2.691e-05,10376,0.0,
videos,nRC5uYUDmFY,8.6795,14.4659,2.686e-05,10378,0.0,
videos,oz1muMrCotk,8.6746,14.4576,2.685e-05,10379,0.0,
videos,GYgzn_dEdCk,8.6597,14.4329,2.674e-05,10382,0.0,
videos,KpDdXB8oka0,8.6548,14.4247,2.669e-05,10383,0.0,
videos,Ruzo5qAiGow,8.6449,14.4082,2.657e-05,10385,0.0,
videos,_aJJbttgAdo,8.6399,14.3999,2.654e-05,10386,0.0,
videos,kmWD-ge6taI,8.635,14.3917,2.642e-05,10387,0.0,
videos,QrLV-tt4_GE,8.6251,14.3752,2.628e-05,10388,0.0,
videos,s9EoG_epR1Y,8.6202,14.367,2.628e-05,10389,0.0,
videos,s5mSoBQiwJE,8.6152,14.3587,2.627e-05,10391,0.0,
videos,XJ-NA1u5tI8,8.6004,14.334,2.611e-05,10394,0.0,
videos,O_jY2S3fpcM,8.5905,14.3175,2.605e-05,10396,0.0,
videos,IiPO3kVyqok,8.5856,14.3093,2.603e-05,10397,0.0,
videos,Cpm696cUJV8,8.5806,14.301,2.599e-05,10398,0.0,
videos,mSY5GCbPBIk,8.5757,14.2928,2.597e-05,10399,0.0,
videos,1l5QQPKinF4,8.5707,14.2845,2.591e-05,10400,0.0,
videos,pekc82SA5Vc,8.5658,14.2763,2.59e-05,10401,0.0,
videos,u-xt6o-RIQg,8.5609,14.2681,2.581e-05,10402,0.0,
videos,8wBgGAHH66Q,8.5559,14.2598,2.578e-05,10403,0.0,
videos,dZTJpD5W6D8,8.551,14.2516,2.573e-05,10404,0.0,
videos,X64S6mPzLQU,8.546,14.2433,2.571e-05,10405,0.0,
videos,qTgusb7M4Is,8.5411,14.2351,2.557e-05,10406,0.0,
videos,vZ_xiLDcSac,8.5361,14.2268,2.554e-05,10407,0.0,
videos,wb65e4-69GU,8.5213,14.2021,2.537e-05,10410,0.0,
videos,NrujYiXpAiI,8.4916,14.1527,2.512e-05,10416,0.0,
videos,PbxoPvp1TEI,8.4866,14.1444,2.511e-05,10417,0.0,
videos,niLw1u3pu6M,8.4718,14.1197,2.505e-05,10420,0.0,
videos,lHjlTgTEOac,8.457,14.095,2.492e-05,10423,0.0,
videos,7urZies6FcQ,8.452,14.0867,2.483e-05,10424,0.0,
videos,hrajZ6p3wYM,8.4471,14.0785,2.476e-05,10425,0.0,
videos,dWKEcUh7a1s,8.4421,14.0702,2.473e-05,10426,0.0,
videos,LGVcYyDnUlE,8.4322,14.0537,2.47e-05,10428,0.0,
videos,H-qcX7aM4U4,8.4273,14.0455,2.465e-05,10429,0.0,
videos,UYFuCRsPPxw,8.4224,14.0373,2.458e-05,10430,0.0,
videos,uh24JDLI_nA,8.4174,14.029,2.457e-05,10432,0.0,
videos,mogp3G0mNDQ,8.4125,14.0208,2.457e-05,10431,0.0,
videos,WZNa7mncCFU,8.4075,14.0125,2.457e-05,10433,0.0,
videos,PkGurvJlnRs,8.4026,14.0043,2.456e-05,10434,0.0,
videos,-sKbk-Cdgvc,8.3927,13.9878,2.446e-05,10436,0.0,
videos,Te6BHEbrxik,8.3878,13.9796,2.439e-05,10437,0.0,
videos,2NK0wBBZZ24,8.3729,13.9548,2.429e-05,10440,0.0,
videos,_hw2duDoKvk,8.368,13.9466,2.424e-05,10441,0.0,
videos,MFbAUDJv2q4,8.363,13.9383,2.424e-05,10442,0.0,
videos,_c3KAGHSXOM,8.3581,13.9301,2.417e-05,10443,0.0,
videos,80dmKIZFpYI,8.3531,13.9219,2.414e-05,10444,0.0,
videos,Ew2ZQqd2zQA,8.3482,13.9136,2.413e-05,10445,0.0,
videos,dvYBgdtzYNE,8.3432,13.9054,2.411e-05,10446,0.0,
videos,12gj9bvTyrk,8.3383,13.8971,2.409e-05,10447,0.0,
videos,5bb1tJPlUwQ,8.3333,13.8889,2.408e-05,10448,0.0,
videos,VpXlDJZFNdc,8.3234,13.8724,2.4e-05,10449,0.0,
videos,tH9O5gWQpoc,8.3135,13.8559,2.397e-05,10452,0.0,
videos,WrOfFNqJBqM,8.3086,13.8477,2.394e-05,10453,0.0,
videos,TilsQi27Pbo,8.3036,13.8394,2.393e-05,10454,0.0,
videos,NDF3VSFbxAU,8.2937,13.8229,2.384e-05,10456,0.0,
videos,LugT4RBJI3w,8.2888,13.8147,2.382e-05,10457,0.0,
videos,i6yqCWYzukg,8.2839,13.8065,2.38e-05,10458,0.0,
videos,PHm0CLLsbxg,8.2789,13.7982,2.374e-05,10459,0.0,
videos,bdoeDgkLo9I,8.269,13.7817,2.373e-05,10461,0.0,
videos,bFPjB2QYahc,8.2641,13.7735,2.369e-05,10462,0.0,
videos,01HwuLSrFpA,8.2591,13.7652,2.364e-05,10464,0.0,
videos,MCIcDirDm7M,8.2542,13.757,2.364e-05,10463,0.0,
videos,KshGvGl2cKs,8.2493,13.7488,2.364e-05,10465,0.0,
videos,K_AYHHKdGuQ,8.2443,13.7405,2.355e-05,10466,0.0,
videos,5J-HsjU9CHo,8.2394,13.7323,2.354e-05,10468,0.0,
videos,q-YDU3bpTAA,8.2344,13.724,2.354e-05,10467,0.0,
videos,bPcehDMUuyI,8.2295,13.7158,2.352e-05,10469,0.0,
videos,Z9TtSYD718M,8.2246,13.7076,2.347e-05,10470,0.0,
videos,Ky_bQFmjqxU,8.2196,13.6993,2.347e-05,10471,0.0,
videos,V2NQ4Br_E7k,8.2097,13.6828,2.337e-05,10473,0.0,
videos,j8ATLGAPYXk,8.1949,13.6581,2.318e-05,10476,0.0,
videos,IieKNVnoMWE,8.1899,13.6499,2.316e-05,10478,0.0,
videos,szyq7zuStc4,8.185,13.6416,2.316e-05,10477,0.0,
videos,mUegy6p3b1M,8.18,13.6334,2.315e-05,10479,0.0,
videos,sr0FY-78kD0,8.1701,13.6169,2.314e-05,10482,0.0,
videos,J4mXBw07UL0,8.1652,13.6086,2.314e-05,10481,0.0,
videos,VXNRIsDYjoI,8.1602,13.6004,2.312e-05,10483,0.0,
videos,rMvdqAcq4ns,8.1503,13.5839,2.303e-05,10485,0.0,
videos,rzypu2vBrvs,8.1404,13.5674,2.295e-05,10487,0.0,
videos,Smu4UEeOCW4,8.1355,13.5592,2.291e-05,10488,0.0,
videos,q9Vl9gMdmMo,8.1256,13.5427,2.288e-05,10490,0.0,
videos,i6Iwd57cYNE,8.1207,13.5345,2.284e-05,10491,0.0,
videos,-SHHQEt2YTA,8.1157,13.5262,2.282e-05,10492,0.0,
videos,Fttiee5n5J4,8.1058,13.5097,2.266e-05,10494,0.0,
videos,vcw9AyzlgyY,8.0959,13.4932,2.263e-05,10495,0.0,
videos,yacjykHLLX4,8.0762,13.4603,2.237e-05,10500,0.0,
videos,BQMuDoQvtR8,8.0712,13.452,2.237e-05,10501,0.0,
videos,cf0atWiGlXs,8.0663,13.4438,2.228e-05,10502,0.0,
videos,uQp_Q2LuJdg,8.0613,13.4355,2.214e-05,10503,0.0,
videos,OEjolQDzC6s,8.0515,13.4191,2.202e-05,10505,0.0,
videos,uiI8Ant48n4,8.0416,13.4026,2.198e-05,10507,0.0,
videos,hHYziFjaEIU,8.0366,13.3943,2.195e-05,10508,0.0,
videos,1q5CErxPGdY,8.0317,13.3861,2.194e-05,10509,0.0,
videos,peZNetZhWhM,8.0267,13.3778,2.187e-05,10510,0.0,
videos,MHTEEaNfHCA,8.0218,13.3696,2.182e-05,10512,0.0,
videos,tL8HcN3PuF8,8.0168,13.3614,2.182e-05,10511,0.0,
videos,43WMlqASwi8,8.0069,13.3449,2.177e-05,10514,0.0,
videos,5MA5Pswrjp4,7.997,13.3284,2.175e-05,10515,0.0,
videos,qZJLQ_VV1Uk,7.9921,13.3201,2.172e-05,10517,0.0,
videos,X9KMaWujEmc,7.9871,13.3119,2.171e-05,10518,0.0,
videos,zSgfSOgqxK8,7.9822,13.3037,2.17e-05,10519,0.0,
videos,K6EZrRTfi8I,7.9624,13.2707,2.154e-05,10522,0.0,
videos,L_ey11vgHc8,7.9525,13.2542,2.149e-05,10526,0.0,
videos,c6bq4LRU4W4,7.9476,13.246,2.149e-05,10525,0.0,
videos,5B1cjlf-4-U,7.9327,13.2212,2.146e-05,10529,0.0,
videos,G3mPUw6hHXc,7.9228,13.2047,2.143e-05,10531,0.0,
videos,mDjPTXhSOBY,7.9179,13.1965,2.142e-05,10532,0.0,
videos,KnyzXax94NM,7.913,13.1883,2.139e-05,10533,0.0,
videos,8HkYtDZw-1E,7.908,13.18,2.131e-05,10534,0.0,
videos,CMemcbFpXuc,7.8981,13.1635,2.123e-05,10536,0.0,
videos,8RHDA3ROfYM,7.8932,13.1553,2.122e-05,10537,0.0,
videos,fVtPHViTaCg,7.8882,13.147,2.118e-05,10538,0.0,
videos,6H3nrJC_LfY,7.8833,13.1388,2.117e-05,10539,0.0,
videos,eRl38v5Zc2k,7.8784,13.1306,2.116e-05,10540,0.0,
videos,WObQyHaBrDQ,7.8635,13.1058,2.108e-05,10543,0.0,
videos,OcdFG0Aleb4,7.8586,13.0976,2.106e-05,10544,0.0,
videos,Hv3Tu0cPtZM,7.8536,13.0894,2.101e-05,10545,0.0,
videos,bkyXPqnLoTA,7.8437,13.0729,2.097e-05,10547,0.0,
videos,ydvAN23dgDs,7.8388,13.0646,2.089e-05,10548,0.0,
videos,kwGN_6Bu8S4,7.8338,13.0564,2.086e-05,10549,0.0,
videos,2dGWCv_Tih0,7.8289,13.0481,2.081e-05,10550,0.0,
videos,ir-yZSgwoeY,7.8239,13.0399,2.073e-05,10551,0.0,
videos,ZW_xcCks91s,7.814,13.0234,2.066e-05,10553,0.0,
videos,HT45J7314H0,7.8091,13.0152,2.066e-05,10554,0.0,
videos,xGbrfcWtsms,7.8041,13.0069,2.065e-05,10555,0.0,
videos,H0afkxIKbIQ,7.7992,12.9987,2.063e-05,10556,0.0,
videos,jWAXcs5x1ZI,7.7942,12.9904,2.05e-05,10557,0.0,
videos,v5GU-sYOGoU,7.7844,12.974,2.047e-05,10559,0.0,
videos,rbM2kWFJhlM,7.7794,12.9657,2.037e-05,10560,0.0,
videos,OP3R5NY61yU,7.7695,12.9492,2.029e-05,10563,0.0,
videos,eZwv3RNGGbw,7.7646,12.941,2.029e-05,10562,0.0,
videos,plNlUkdSTUo,7.7596,12.9327,2.028e-05,10564,0.0,
videos,wkyh_29UT3g,7.7547,12.9245,2.025e-05,10565,0.0,
videos,0Rh0I_307U4,7.7399,12.8998,2.017e-05,10568,0.0,
videos,S7y7ZSs3pjc,7.73,12.8833,1.989e-05,10570,0.0,
videos,83QHjGg9Nf8,7.725,12.875,1.988e-05,10571,0.0,
videos,UEk6RC0cBsA,7.7152,12.8586,1.985e-05,10573,0.0,
videos,xboUKMytmb4,7.7102,12.8503,1.979e-05,10574,0.0,
videos,WLBFJnejuvc,7.7053,12.8421,1.973e-05,10575,0.0,
videos,IKpPNZxTLDo,7.6954,12.8256,1.969e-05,10577,0.0,
videos,iDCHzbX8WFg,7.6904,12.8173,1.967e-05,10578,0.0,
videos,lO3y0beQC6M,7.6855,12.8091,1.964e-05,10579,0.0,
videos,03UiCwNV73g,7.6756,12.7926,1.959e-05,10581,0.0,
videos,javCXp8K-74,7.6706,12.7844,1.953e-05,10582,0.0,
videos,iYUPxmBZxIM,7.6657,12.7761,1.946e-05,10583,0.0,
videos,iiOgbfCDYw8,7.6459,12.7432,1.938e-05,10586,0.0,
videos,dj5dPWTpzaE,7.6409,12.7349,1.936e-05,10588,0.0,
videos,O0WyjizQvTo,7.6261,12.7102,1.916e-05,10591,0.0,
videos,LAu26imzJx8,7.6211,12.7019,1.916e-05,10592,0.0,
videos,-xwa1J6CXFA,7.6162,12.6937,1.915e-05,10593,0.0,
videos,4yF84rVU1Pc,7.6113,12.6855,1.909e-05,10594,0.0,
videos,RPnLBxW3_7M,7.6063,12.6772,1.908e-05,10595,0.0,
videos,P6SubuIEf8A,7.6014,12.669,1.904e-05,10596,0.0,
videos,C3b6Q2hjJHA,7.5915,12.6525,1.9e-05,10598,0.0,
videos,E03wTdOZ5C8,7.5865,12.6442,1.898e-05,10599,0.0,
videos,ug7JGdA5Yt8,7.5668,12.6113,1.878e-05,10603,0.0,
videos,S19Sw-4IqAo,7.5569,12.5948,1.872e-05,10606,0.0,
videos,TfOPoR5KIJ4,7.5421,12.5701,1.87e-05,10608,0.0,
videos,V7hscI8pVq8,7.5371,12.5618,1.869e-05,10609,0.0,
videos,YKRP6mmZeI8,7.5322,12.5536,1.867e-05,10610,0.0,
videos,dAD-T_X2Ooo,7.5272,12.5453,1.866e-05,10611,0.0,
videos,TyGgbyv4qiI,7.5173,12.5288,1.857e-05,10613,0.0,
videos,cDh72pU9gw0,7.5124,12.5206,1.855e-05,10614,0.0,
videos,lRrM3U8pvJs,7.5074,12.5124,1.851e-05,10615,0.0,
videos,JGRmZUxDEMQ,7.4876,12.4794,1.848e-05,10619,0.0,
videos,4U8w9FatSyE,7.4827,12.4712,1.837e-05,10620,0.0,
videos,mPSFGkAug1A,7.4777,12.4629,1.829e-05,10621,0.0,
videos,LFvHEr3oYqA,7.4728,12.4547,1.825e-05,10622,0.0,
videos,2QdTQ_oYwPI,7.4678,12.4464,1.821e-05,10623,0.0,
videos,FJiEL4BpRq8,7.453,12.4217,1.803e-05,10626,0.0,
videos,KQeu-Hx3XQA,7.4431,12.4052,1.799e-05,10628,0.0,
videos,zPOvkirbkGk,7.4382,12.397,1.798e-05,10629,0.0,
videos,wW6H5q9EHGI,7.4283,12.3805,1.793e-05,10631,0.0,
videos,mD_8ZKBRkM4,7.4184,12.364,1.787e-05,10633,0.0,
videos,ytfL8KXd2hc,7.4085,12.3475,1.765e-05,10635,0.0,
videos,wmE2MUNf6iQ,7.4036,12.3393,1.763e-05,10636,0.0,
videos,_kZ7TcnxsRQ,7.3986,12.331,1.758e-05,10637,0.0,
videos,5nGYTSiJoUI,7.3887,12.3145,1.739e-05,10639,0.0,
videos,TpncXdKNLTQ,7.3838,12.3063,1.738e-05,10640,0.0,
videos,2sBXoXKVKxQ,7.3789,12.2981,1.738e-05,10641,0.0,
videos,vWEK8Q55uNI,7.369,12.2816,1.736e-05,10643,0.0,
videos,lgqmZ6HYlbU,7.3591,12.2651,1.729e-05,10645,0.0,
videos,SA6KtD8hs5w,7.3541,12.2568,1.724e-05,10646,0.0,
videos,VRKjeftBowI,7.3442,12.2404,1.711e-05,10648,0.0,
videos,DSm7qO_dYlA,7.3393,12.2321,1.71e-05,10649,0.0,
videos,0_CpCuU5Wow,7.3195,12.1991,1.698e-05,10653,0.0,
videos,MX0gdeC6hG4,7.3046,12.1744,1.691e-05,10655,0.0,
videos,roQCcpqGCrY,7.2997,12.1662,1.691e-05,10657,0.0,
videos,lI96WZUm_TM,7.2848,12.1414,1.677e-05,10660,0.0,
videos,rAny1AUXsJg,7.2799,12.1332,1.672e-05,10661,0.0,
videos,_GXXuit1_9A,7.275,12.125,1.666e-05,10662,0.0,
videos,obsaxHesLzE,7.27,12.1167,1.663e-05,10663,0.0,
videos,AATcsEhCdME,7.2651,12.1085,1.657e-05,10664,0.0,
videos,R6mM0m3IZWY,7.2552,12.092,1.652e-05,10666,0.0,
videos,uKLRcfkvcu4,7.2502,12.0837,1.65e-05,10667,0.0,
videos,kBeC4-R7QdY,7.2453,12.0755,1.648e-05,10668,0.0,
videos,D9hOLZOMevU,7.2404,12.0673,1.647e-05,10669,0.0,
videos,K5j95eRY0-c,7.2354,12.059,1.641e-05,10670,0.0,
videos,_P2si2_fZ3I,7.2305,12.0508,1.637e-05,10671,0.0,
videos,Iw6hK7TQ9mU,7.2156,12.026,1.629e-05,10674,0.0,
videos,_CyRKU6M2R0,7.2107,12.0178,1.627e-05,10675,0.0,
videos,eyO4cVkLfiY,7.2058,12.0096,1.626e-05,10676,0.0,
videos,rzgWtOKJ8TM,7.2008,12.0013,1.621e-05,10677,0.0,
videos,4N2lbirl5zc,7.1959,11.9931,1.618e-05,10678,0.0,
videos,hBUaSwNWiFw,7.1909,11.9848,1.617e-05,10679,0.0,
videos,NtW-Nmd5SVk,7.186,11.9766,1.614e-05,10680,0.0,
videos,-4p4eJphGZ0,7.181,11.9683,1.609e-05,10681,0.0,
videos,6WIY7_uf3Ko,7.1662,11.9436,1.602e-05,10684,0.0,
videos,L8n5LdpRIPE,7.1612,11.9354,1.601e-05,10685,0.0,
videos,oe_52QPqNeU,7.1563,11.9271,1.6e-05,10686,0.0,
videos,nn1wQBMYBYU,7.1513,11.9189,1.6e-05,10687,0.0,
videos,sMcRuES-_48,7.1464,11.9106,1.597e-05,10689,0.0,
videos,Q2C8LpzRYcg,7.1414,11.9024,1.597e-05,10688,0.0,
videos,dsX7Cuhg1qo,7.1315,11.8859,1.584e-05,10691,0.0,
videos,qsgxBdpbRO8,7.1216,11.8694,1.573e-05,10693,0.0,
videos,feepRAkITQ4,7.1167,11.8612,1.572e-05,10695,0.0,
videos,_y258yEHEls,7.1118,11.853,1.572e-05,10694,0.0,
videos,HjSNQ4HfP3A,7.1019,11.8365,1.57e-05,10697,0.0,
videos,QVMmH-uxkGM,7.0969,11.8282,1.569e-05,10698,0.0,
videos,EDkT6dlnD5Y,7.092,11.82,1.568e-05,10699,0.0,
videos,FbFgilzrkGA,7.0772,11.7953,1.564e-05,10702,0.0,
videos,XdptC5iD70M,7.0722,11.787,1.564e-05,10703,0.0,
videos,RsAJMEJTtwg,7.0673,11.7788,1.562e-05,10705,0.0,
videos,yKIxKPMMMNo,7.0623,11.7705,1.562e-05,10704,0.0,
videos,JIdRlZ597G4,7.0574,11.7623,1.561e-05,10706,0.0,
videos,DgclXYwkono,7.0524,11.754,1.556e-05,10707,0.0,
videos,ZcebITqNiu8,7.0426,11.7376,1.553e-05,10708,0.0,
videos,1ua3i9GHreg,7.0327,11.7211,1.544e-05,10711,0.0,
videos,YntdYmWBQIc,7.0178,11.6963,1.528e-05,10714,0.0,
videos,WYNz4fZ6Y20,7.0079,11.6799,1.516e-05,10716,0.0,
videos,cmxbBtUrV8o,7.003,11.6716,1.512e-05,10717,0.0,
videos,zo6MyRIwsNE,6.998,11.6634,1.509e-05,10718,0.0,
videos,rzdEe-enGfo,6.9931,11.6551,1.508e-05,10720,0.0,
videos,y3l_nxX_vpk,6.9881,11.6469,1.508e-05,10719,0.0,
videos,ULebH-Uez-Y,6.9832,11.6386,1.507e-05,10721,0.0,
videos,dVPNG_-yHqw,6.9782,11.6304,1.506e-05,10722,0.0,
videos,ROLcy2TAyos,6.9683,11.6139,1.502e-05,10724,0.0,
videos,kAolKrYEw4o,6.9634,11.6057,1.495e-05,10725,0.0,
videos,m6T1-Qbv-iQ,6.9584,11.5974,1.495e-05,10726,0.0,
videos,LgYXMLpJQB8,6.9535,11.5892,1.493e-05,10727,0.0,
videos,wtqWzjCJKhs,6.9436,11.5727,1.49e-05,10729,0.0,
videos,pyhkuZttf5I,6.9337,11.5562,1.485e-05,10731,0.0,
videos,8_YbnpeIGWQ,6.9238,11.5397,1.477e-05,10734,0.0,
videos,PheYktnePQs,6.9139,11.5232,1.477e-05,10735,0.0,
videos,jHnscigfNLM,6.909,11.515,1.471e-05,10736,0.0,
videos,CiqwNVlqTks,6.9041,11.5068,1.471e-05,10737,0.0,
videos,Ldu8GrWxXrU,6.8991,11.4985,1.467e-05,10738,0.0,
videos,cvJgrI_pPAo,6.8843,11.4738,1.46e-05,10741,0.0,
videos,HgGsyPjMS7o,6.8793,11.4655,1.455e-05,10742,0.0,
videos,vPtyZ3unWF8,6.8744,11.4573,1.454e-05,10743,0.0,
videos,nuv5VdXcX2E,6.8695,11.4491,1.449e-05,10744,0.0,
videos,JGCtx4VQi_Y,6.8645,11.4408,1.448e-05,10745,0.0,
videos,FDtsrp77uKA,6.8546,11.4243,1.445e-05,10748,0.0,
videos,g6o6ZaC2A1w,6.8497,11.4161,1.445e-05,10747,0.0,
videos,7kCerDvNmF0,6.8299,11.3831,1.423e-05,10752,0.0,
videos,8Zs4TAXd1DE,6.8249,11.3749,1.421e-05,10753,0.0,
videos,IF61movFeQg,6.82,11.3666,1.419e-05,10755,0.0,
videos,ZJni0ytxn5Q,6.815,11.3584,1.419e-05,10754,0.0,
videos,oagxzWgCmzc,6.8101,11.3501,1.416e-05,10756,0.0,
videos,B0ria9-Npdo,6.8051,11.3419,1.415e-05,10757,0.0,
videos,FO4QWIDCTYU,6.8002,11.3337,1.408e-05,10758,0.0,
videos,Wj9KwDpjInA,6.7952,11.3254,1.408e-05,10759,0.0,
videos,Vyl2rOx9es4,6.7903,11.3172,1.407e-05,10760,0.0,
videos,WK_PniAZTx8,6.7853,11.3089,1.406e-05,10761,0.0,
videos,Hqvp_A8Lq5I,6.7804,11.3007,1.405e-05,10762,0.0,
videos,Pp2XsrrSLwo,6.7754,11.2924,1.405e-05,10763,0.0,
videos,puc0welKS1o,6.7557,11.2595,1.39e-05,10767,0.0,
videos,LFkmm3O8EjY,6.7507,11.2512,1.387e-05,10768,0.0,
videos,O4ImsbfKA00,6.7458,11.243,1.387e-05,10769,0.0,
videos,cgnN8qIDIAQ,6.7359,11.2265,1.385e-05,10771,0.0,
videos,a9BroxHDGNE,6.731,11.2183,1.384e-05,10772,0.0,
videos,3N_xPlCW1yA,6.726,11.21,1.384e-05,10773,0.0,
videos,eQQCk1SgBjA,6.7161,11.1935,1.377e-05,10775,0.0,
videos,ZnB0zoLRFF8,6.7112,11.1853,1.375e-05,10776,0.0,
videos,5uET3EPi1Jw,6.7063,11.1771,1.373e-05,10777,0.0,
videos,xCbv4NDjEpQ,6.6964,11.1606,1.368e-05,10779,0.0,
videos,izEAv4S9OYU,6.6865,11.1441,1.36e-05,10781,0.0,
videos,jLlC1qge7Y8,6.6815,11.1358,1.356e-05,10782,0.0,
videos,egYqbj3mxxg,6.6716,11.1194,1.353e-05,10784,0.0,
videos,oxAMYw27ZFI,6.6617,11.1029,1.352e-05,10785,0.0,
videos,_UIa0tldduw,6.6419,11.0699,1.339e-05,10792,0.0,
videos,017CpKYk53M,6.637,11.0617,1.339e-05,10790,0.0,
videos,gjw0prcnV8A,6.632,11.0534,1.339e-05,10791,0.0,
videos,gZKugMF1gU0,6.6271,11.0452,1.333e-05,10793,0.0,
videos,3hoVowDtrBM,6.6172,11.0287,1.327e-05,10795,0.0,
videos,Cq4TWOngMmY,6.6122,11.0204,1.32e-05,10796,0.0,
videos,pD0CKfmFe6M,6.6073,11.0122,1.318e-05,10798,0.0,
videos,-BrB_3Q_FO4,6.6024,11.004,1.318e-05,10797,0.0,
videos,838steJQNdM,6.5826,10.971,1.311e-05,10801,0.0,
videos,m7c3Khotj4E,6.5776,10.9627,1.307e-05,10803,0.0,
videos,Ae6YYQwWI-o,6.5727,10.9545,1.303e-05,10804,0.0,
videos,Rr-5Xq_Mdsg,6.5579,10.9298,1.293e-05,10807,0.0,
videos,FbjoaoriEzE,6.5529,10.9215,1.293e-05,10808,0.0,
videos,XMFtO5hnkvk,6.548,10.9133,1.29e-05,10810,0.0,
videos,n0QSyEHQT1s,6.543,10.905,1.29e-05,10811,0.0,
videos,Ozwd2ZK2XV4,6.5381,10.8968,1.29e-05,10809,0.0,
videos,zCsfejmpsWU,6.5332,10.8886,1.287e-05,10812,0.0,
videos,fmbzFemt7JA,6.5134,10.8556,1.276e-05,10816,0.0,
videos,DL9zlhefcnI,6.5084,10.8473,1.272e-05,10817,0.0,
videos,MOPqSEK6GvA,6.4985,10.8309,1.267e-05,10819,0.0,
videos,kJJ8elM9kQ8,6.4936,10.8226,1.264e-05,10820,0.0,
videos,Qu5nVscmGrY,6.4837,10.8061,1.261e-05,10822,0.0,
videos,r8g4oIZWT_k,6.4738,10.7896,1.25e-05,10824,0.0,
videos,7JSD7__egEo,6.4688,10.7814,1.249e-05,10825,0.0,
videos,mhn3OXYBXAM,6.4639,10.7732,1.242e-05,10826,0.0,
videos,tK--_v8O3d4,6.454,10.7567,1.235e-05,10828,0.0,
videos,VB3EjPOhM7w,6.4441,10.7402,1.229e-05,10830,0.0,
videos,rrmzzbDaGlA,6.4391,10.7319,1.227e-05,10831,0.0,
videos,7hJTSyVGev0,6.4293,10.7155,1.225e-05,10833,0.0,
videos,vA725IgE4gQ,6.4243,10.7072,1.22e-05,10834,0.0,
videos,NN20WTcn8ho,6.4194,10.699,1.215e-05,10835,0.0,
videos,lMtZPO4Mr68,6.3996,10.666,1.209e-05,10839,0.0,
videos,RImeopspTOc,6.3897,10.6495,1.193e-05,10841,0.0,
videos,VPYJ3mlIBKA,6.3848,10.6413,1.192e-05,10842,0.0,
videos,Az6NDsKqP5E,6.3749,10.6248,1.189e-05,10844,0.0,
videos,s_CFaI9u77U,6.37,10.6166,1.185e-05,10845,0.0,
videos,ZbX8Q_AJR-c,6.365,10.6083,1.18e-05,10846,0.0,
videos,mo5WJV8Ys2E,6.3551,10.5918,1.178e-05,10848,0.0,
videos,dBpzRDs0ZDg,6.3452,10.5753,1.168e-05,10850,0.0,
videos,SNdfpwoELHo,6.3353,10.5589,1.162e-05,10851,0.0,
videos,zvMV--tKMmw,6.3205,10.5341,1.16e-05,10855,0.0,
videos,z5LUhxGeuBs,6.3155,10.5259,1.156e-05,10856,0.0,
videos,AUELpgXFZf4,6.3106,10.5176,1.151e-05,10857,0.0,
videos,WGSNfvu4DMw,6.3056,10.5094,1.15e-05,10859,0.0,
videos,1GE7fAqlRV0,6.3007,10.5012,1.15e-05,10858,0.0,
videos,koS-OLXsusM,6.2908,10.4847,1.142e-05,10861,0.0,
videos,3ViBZ6HTp2E,6.2858,10.4764,1.136e-05,10862,0.0,
videos,4RGvcliSvBQ,6.2809,10.4682,1.135e-05,10863,0.0,
videos,RT4LnJNMSiw,6.271,10.4517,1.13e-05,10865,0.0,
videos,v0L9gCv_1kI,6.2611,10.4352,1.128e-05,10867,0.0,
videos,GzFzClIk5QM,6.2562,10.427,1.125e-05,10868,0.0,
videos,gXWHB8Ct5z8,6.2413,10.4022,1.118e-05,10871,0.0,
videos,dB_ZxLLl2DU,6.2364,10.394,1.116e-05,10872,0.0,
videos,HA9bLv-GK2Q,6.2315,10.3858,1.113e-05,10873,0.0,
videos,99N6e0mG8sU,6.2265,10.3775,1.111e-05,10874,0.0,
videos,AZL6_fVV24g,6.2216,10.3693,1.109e-05,10875,0.0,
videos,JYabuBVy7z0,6.2166,10.361,1.109e-05,10876,0.0,
videos,WUE99qwa2qg,6.2117,10.3528,1.106e-05,10877,0.0,
videos,zD4ilhQlrOU,6.2067,10.3445,1.105e-05,10878,0.0,
videos,knmPXGhzBAs,6.2018,10.3363,1.105e-05,10879,0.0,
videos,zkbDcdommKM,6.1919,10.3198,1.101e-05,10882,0.0,
videos,Wp4BwfbvFgM,6.187,10.3116,1.101e-05,10883,0.0,
videos,GRs3yHwyrlw,6.182,10.3033,1.101e-05,10881,0.0,
videos,8uoB9YFKS4E,6.1771,10.2951,1.097e-05,10884,0.0,
videos,B93EqaN-BUY,6.1721,10.2868,1.096e-05,10885,0.0,
videos,nwO0kn8MRhs,6.1622,10.2704,1.093e-05,10887,0.0,
videos,h450srCXgcg,6.1523,10.2539,1.09e-05,10889,0.0,
videos,vRfSs3fUakM,6.1474,10.2456,1.086e-05,10890,0.0,
videos,pS9XCEUj-x8,6.1375,10.2291,1.077e-05,10892,0.0,
videos,V97qeWpQNtA,6.1325,10.2209,1.073e-05,10893,0.0,
videos,g37tpH_i3DA,6.1226,10.2044,1.071e-05,10895,0.0,
videos,2fA6VanhuU4,6.1127,10.1879,1.064e-05,10897,0.0,
videos,D3miGSX3QcA,6.1078,10.1797,1.063e-05,10898,0.0,
videos,UHNo5spTjxM,6.1028,10.1714,1.061e-05,10899,0.0,
videos,3b3oiL--T2o,6.0979,10.1632,1.06e-05,10900,0.0,
videos,8YCCET7Z3Vs,6.0831,10.1385,1.053e-05,10903,0.0,
videos,XOPRXz-Vkog,6.0781,10.1302,1.052e-05,10904,0.0,
videos,SJ2a3QyFv78,6.0732,10.122,1.051e-05,10905,0.0,
videos,hQOVEgDGb9Y,6.0682,10.1137,1.044e-05,10906,0.0,
videos,4sGobzUeEwI,6.0633,10.1055,1.04e-05,10907,0.0,
videos,ZhX1QB6HCR8,6.0485,10.0808,1.029e-05,10910,0.0,
videos,jCV6rEQtnEo,6.0386,10.0643,1.026e-05,10912,0.0,
videos,I2KLL09U1A4,6.0287,10.0478,1.018e-05,10914,0.0,
videos,0zmf-ncvopE,6.0238,10.0396,1.013e-05,10917,0.0,
videos,S04g-cHTH-Q,6.0188,10.0313,1.013e-05,10915,0.0,
videos,_0Z04-Assec,6.0139,10.0231,1.013e-05,10916,0.0,
videos,m6p8FbDTz3A,5.999,9.9984,1.002e-05,10920,0.0,
videos,hpSchVNqdqo,5.9941,9.9901,9.98e-06,10921,0.0,
videos,eUu3KIMmUnk,5.9891,9.9819,9.97e-06,10922,0.0,
videos,PaI2PV-3J3M,5.9792,9.9654,9.95e-06,10924,0.0,
videos,YeIj0mZHAa4,5.9743,9.9571,9.92e-06,10925,0.0,
videos,kokxAUTKd4M,5.9644,9.9407,9.89e-06,10927,0.0,
videos,0-ttyCsblyE,5.9446,9.9077,9.81e-06,10931,0.0,
videos,B-MIhvrJzoE,5.9396,9.8994,9.75e-06,10932,0.0,
videos,cdX3699VkHw,5.9347,9.8912,9.72e-06,10933,0.0,
videos,42a6i5zDbgw,5.9298,9.883,9.68e-06,10934,0.0,
videos,EHPblL3HndQ,5.9149,9.8582,9.63e-06,10937,0.0,
videos,9o7ux4UKZ3w,5.91,9.85,9.62e-06,10939,0.0,
videos,QAEm5T2vKMM,5.905,9.8417,9.62e-06,10938,0.0,
videos,ekokVf8yuow,5.9001,9.8335,9.62e-06,10940,0.0,
videos,xGsUu6WXCGo,5.8952,9.8253,9.55e-06,10941,0.0,
videos,Kp91lD31_VM,5.8902,9.817,9.47e-06,10942,0.0,
videos,iKgYvufDJ6M,5.8803,9.8005,9.44e-06,10944,0.0,
videos,95P11rh9Rus,5.8754,9.7923,9.4e-06,10945,0.0,
videos,yo8mubySzIM,5.8704,9.784,9.4e-06,10946,0.0,
videos,pMVyOuHv0lw,5.8655,9.7758,9.38e-06,10947,0.0,
videos,gWWQx4z-j-Y,5.8606,9.7676,9.37e-06,10948,0.0,
videos,2H6Mwf_IkxE,5.8556,9.7593,9.36e-06,10949,0.0,
videos,ajL9QyBFBE8,5.8507,9.7511,9.35e-06,10950,0.0,
videos,G1gMakzb8z8,5.8457,9.7428,9.35e-06,10951,0.0,
videos,Z0quSagkmsU,5.8408,9.7346,9.35e-06,10952,0.0,
videos,Ajm3PF2g_5A,5.8358,9.7263,9.32e-06,10953,0.0,
videos,gov3eTcKAmU,5.8309,9.7181,9.31e-06,10954,0.0,
videos,oufrS4x6idY,5.821,9.7016,9.26e-06,10956,0.0,
videos,PzNyNQb2HD0,5.816,9.6934,9.24e-06,10957,0.0,
videos,m8dXqXTyyrI,5.8061,9.6769,9.22e-06,10959,0.0,
videos,i6orT-eu_4s,5.8012,9.6686,9.2e-06,10960,0.0,
videos,FvGtJu-poiw,5.7863,9.6439,9.19e-06,10964,0.0,
videos,1uSzO3Zkae0,5.7814,9.6357,9.19e-06,10963,0.0,
videos,DsmhX5zKbIY,5.7764,9.6274,9.17e-06,10965,0.0,
videos,pnERZGH3fl4,5.7665,9.6109,9.14e-06,10967,0.0,
videos,fsMjOHqnxd0,5.7616,9.6027,9.11e-06,10968,0.0,
videos,MBoVC9K3hLk,5.7567,9.5945,9.11e-06,10970,0.0,
videos,g8f6ueGXqF4,5.7369,9.5615,9.01e-06,10973,0.0,
videos,-HeSFHeNs58,5.7221,9.5368,8.94e-06,10976,0.0,
videos,kFEuGeuZ_HU,5.7171,9.5285,8.94e-06,10977,0.0,
videos,APhgwu7_OgM,5.7072,9.512,8.92e-06,10978,0.0,
videos,sIX2foH-XSc,5.7023,9.5038,8.91e-06,10980,0.0,
videos,cwnsxgRBAeM,5.6973,9.4955,8.9e-06,10981,0.0,
videos,SmWEY2BJRWk,5.6924,9.4873,8.88e-06,10982,0.0,
videos,MNVrG0ZTWgc,5.6875,9.4791,8.86e-06,10984,0.0,
videos,LSyjcmkLkYc,5.6825,9.4708,8.86e-06,10983,0.0,
videos,3PdO_Rd9y_g,5.6776,9.4626,8.85e-06,10985,0.0,
videos,CthHXjJMqHM,5.6726,9.4543,8.85e-06,10986,0.0,
videos,tnl6OMzr2g0,5.6677,9.4461,8.82e-06,10987,0.0,
videos,zCwc3sX0WDI,5.6627,9.4379,8.8e-06,10988,0.0,
videos,etijHPVOMTs,5.6578,9.4296,8.75e-06,10989,0.0,
videos,1Y4Nzj28l-8,5.6528,9.4214,8.72e-06,10991,0.0,
videos,dliH5n0F1CQ,5.6479,9.4131,8.72e-06,10990,0.0,
videos,aO22a8v06WY,5.6429,9.4049,8.71e-06,10992,0.0,
videos,45fJ7jypE_U,5.638,9.3966,8.7e-06,10993,0.0,
videos,JNvCCxpzAbk,5.6281,9.3802,8.68e-06,10994,0.0,
videos,U_PqVKS1Gbo,5.6231,9.3719,8.68e-06,10996,0.0,
videos,I0PiqKn9SCU,5.6132,9.3554,8.67e-06,10998,0.0,
videos,RZ_UICg0eOk,5.6083,9.3472,8.65e-06,10999,0.0,
videos,A6_gn1jdmlQ,5.6033,9.3389,8.63e-06,11000,0.0,
videos,-RnaG2WcrMs,5.5984,9.3307,8.58e-06,11001,0.0,
videos,RcLSaZVU8ew,5.5935,9.3225,8.54e-06,11002,0.0,
videos,MiC4nyuQkYw,5.5836,9.306,8.5e-06,11004,0.0,
videos,QY7S4MvOhk0,5.5786,9.2977,8.5e-06,11005,0.0,
videos,rRTNX3UDmbg,5.5687,9.2812,8.47e-06,11007,0.0,
videos,IHvsysACKew,5.5539,9.2565,8.42e-06,11010,0.0,
videos,GCG2Yp63Yjo,5.549,9.2483,8.42e-06,11011,0.0,
videos,7WmGPOO3oik,5.544,9.24,8.37e-06,11012,0.0,
videos,Gi4dZ6_2OMo,5.5391,9.2318,8.36e-06,11013,0.0,
videos,O4yIk3HaK0Q,5.5341,9.2235,8.31e-06,11014,0.0,
videos,ytfQNBo4TWg,5.5292,9.2153,8.28e-06,11016,0.0,
videos,fPsv_nspCtE,5.5243,9.2071,8.28e-06,11015,0.0,
videos,havt2Ooto1U,5.5193,9.1988,8.25e-06,11017,0.0,
videos,hx_y4NIUEO8,5.5144,9.1906,8.25e-06,11018,0.0,
videos,gWROIyQg2Pw,5.5094,9.1823,8.24e-06,11019,0.0,
videos,W6TreV2t2II,5.5045,9.1741,8.23e-06,11020,0.0,
videos,LAsUXVohU48,5.4995,9.1658,8.22e-06,11021,0.0,
videos,H0S5k8cgRbE,5.4946,9.1576,8.22e-06,11022,0.0,
videos,jChVIVuPEJs,5.4797,9.1329,8.19e-06,11025,0.0,
videos,xFwK0fzlrgg,5.4748,9.1246,8.18e-06,11026,0.0,
videos,Ah07tBHMxm4,5.4649,9.1081,8.16e-06,11028,0.0,
videos,OGMA1piCKbA,5.455,9.0917,8.12e-06,11029,0.0,
videos,jkgUhip1vkM,5.45,9.0834,8.1e-06,11032,0.0,
videos,FSxi6LmxAAw,5.4451,9.0752,8.1e-06,11031,0.0,
videos,LmijTcOrxRo,5.4401,9.0669,8.09e-06,11033,0.0,
videos,eHSJYGRENs4,5.4352,9.0587,8.08e-06,11034,0.0,
videos,cpXK5oOu1aA,5.4302,9.0504,8.07e-06,11036,0.0,
videos,zC3Xec88uyU,5.4253,9.0422,8.07e-06,11035,0.0,
videos,8aghTys0zVw,5.4204,9.034,8.04e-06,11037,0.0,
videos,ogf5dzQhUCU,5.4154,9.0257,8.02e-06,11038,0.0,
videos,BWPx1Fv4qiU,5.4105,9.0175,8.01e-06,11039,0.0,
videos,-_hpPL1bBdQ,5.4055,9.0092,7.99e-06,11040,0.0,
videos,q59t75N8FQE,5.3956,8.9927,7.96e-06,11043,0.0,
videos,qFpRYE1hlH4,5.3907,8.9845,7.96e-06,11042,0.0,
videos,gvuTPp_uHmU,5.3858,8.9763,7.94e-06,11044,0.0,
videos,keWP2LImGCk,5.3808,8.968,7.91e-06,11045,0.0,
videos,cSEZrDS8iF0,5.3759,8.9598,7.91e-06,11047,0.0,
videos,S8-KvCxEF3o,5.3709,8.9515,7.91e-06,11046,0.0,
videos,FPc6kJ8KBow,5.366,8.9433,7.89e-06,11048,0.0,
videos,p_tyo5SHGUM,5.3561,8.9268,7.86e-06,11050,0.0,
videos,7hqFpP2tbQc,5.3462,8.9103,7.85e-06,11051,0.0,
videos,K84LMLLegCQ,5.3363,8.8938,7.84e-06,11053,0.0,
videos,YPkUqflsUf8,5.3314,8.8856,7.83e-06,11055,0.0,
videos,5PVKU7wE7rU,5.3264,8.8773,7.8e-06,11058,0.0,
videos,10TI0aP21Lo,5.3215,8.8691,7.8e-06,11056,0.0,
videos,Rr3uxSxNdMs,5.3165,8.8609,7.8e-06,11057,0.0,
videos,9WJvSjdOQDg,5.3116,8.8526,7.76e-06,11059,0.0,
videos,v_HThHb4kJY,5.3066,8.8444,7.76e-06,11060,0.0,
videos,24UqS_Vmgt0,5.3017,8.8361,7.75e-06,11061,0.0,
videos,iCaaxEuR_34,5.2918,8.8197,7.73e-06,11063,0.0,
videos,h_SGXIi_mWA,5.2868,8.8114,7.73e-06,11062,0.0,
videos,t7mu3-ANYzc,5.2819,8.8032,7.72e-06,11065,0.0,
videos,cc_Wb60GtEs,5.272,8.7867,7.7e-06,11067,0.0,
videos,l7zOUASHxX4,5.2621,8.7702,7.64e-06,11069,0.0,
videos,wpC808i8H00,5.2473,8.7455,7.59e-06,11072,0.0,
videos,a-LCKRCpxdA,5.2423,8.7372,7.56e-06,11073,0.0,
videos,ZdXoIW8yhTM,5.2374,8.729,7.55e-06,11074,0.0,
videos,t2DjuEAEpU0,5.2275,8.7125,7.52e-06,11076,0.0,
videos,KNd7T3MgqZc,5.2226,8.7043,7.51e-06,11078,0.0,
videos,p7Z9DURrrMg,5.2176,8.696,7.51e-06,11077,0.0,
videos,D9AfPx5IRUM,5.2127,8.6878,7.45e-06,11079,0.0,
videos,fGDuNqytmEc,5.2028,8.6713,7.44e-06,11081,0.0,
videos,Hm2hJlqZn2s,5.1929,8.6548,7.42e-06,11082,0.0,
videos,Qc-c6YQsv3c,5.188,8.6466,7.41e-06,11084,0.0,
videos,G9OyB99RJUg,5.183,8.6383,7.4e-06,11085,0.0,
videos,9aoQx-vm_mE,5.1781,8.6301,7.39e-06,11086,0.0,
videos,ER3mEnXIzAs,5.1731,8.6218,7.39e-06,11087,0.0,
videos,ycrq3S6zHBg,5.1632,8.6053,7.35e-06,11089,0.0,
videos,Xr2yp8JA9LU,5.1583,8.5971,7.34e-06,11090,0.0,
videos,kR6T-V0jcdU,5.1533,8.5889,7.33e-06,11091,0.0,
videos,SOsm7DWYmEA,5.1484,8.5806,7.33e-06,11092,0.0,
videos,CAw2E3PgpCg,5.1434,8.5724,7.32e-06,11093,0.0,
videos,wE_IeqHAcdc,5.1385,8.5641,7.31e-06,11094,0.0,
videos,T9CBKf0a_3w,5.1286,8.5476,7.3e-06,11096,0.0,
videos,z2bpPuK7eYI,5.1187,8.5312,7.28e-06,11100,0.0,
videos,svEGg5RnRnE,5.1137,8.5229,7.28e-06,11098,0.0,
videos,KPhfhdQnooE,5.1088,8.5147,7.28e-06,11099,0.0,
videos,xb5wdom5s8Y,5.1038,8.5064,7.27e-06,11102,0.0,
videos,NbegDMuhSJ4,5.0989,8.4982,7.27e-06,11101,0.0,
videos,BeXKHOCPLaE,5.089,8.4817,7.2e-06,11104,0.0,
videos,1QcdRa7d7y8,5.0841,8.4735,7.19e-06,11105,0.0,
videos,pbm6jsGx5CY,5.0791,8.4652,7.19e-06,11106,0.0,
videos,LS5BV0Wrk-M,5.0692,8.4487,7.13e-06,11109,0.0,
videos,VUPrQZNAHas,5.0643,8.4405,7.13e-06,11108,0.0,
videos,9QmWEPhE-A8,5.0593,8.4322,7.1e-06,11112,0.0,
videos,MgmX2xYSof8,5.0544,8.424,7.1e-06,11111,0.0,
videos,0xCuS1qCuAs,5.0495,8.4158,7.1e-06,11110,0.0,
videos,IVImmuoYrfU,5.0445,8.4075,7.09e-06,11113,0.0,
videos,iZCF4EgrS-o,5.0396,8.3993,7.08e-06,11114,0.0,
videos,m_1lvrQEIX0,5.0346,8.391,7.06e-06,11115,0.0,
videos,BkuCaG82VTI,5.0297,8.3828,7.02e-06,11116,0.0,
videos,KLVHYFcFm54,5.0247,8.3745,7.01e-06,11117,0.0,
videos,kteGMKXDABE,5.0198,8.3663,6.99e-06,11119,0.0,
videos,pwiwDdunP8o,5.0149,8.3581,6.99e-06,11118,0.0,
videos,jXNi16SnBDo,5.005,8.3416,6.95e-06,11122,0.0,
videos,mUUfaHpyIdY,5.0,8.3333,6.95e-06,11121,0.0,
videos,LMnC2Dfnrgo,4.9951,8.3251,6.94e-06,11123,0.0,
videos,e6pqIoB0tUU,4.9852,8.3086,6.93e-06,11125,0.0,
videos,Xleb68l9pGw,4.9753,8.2921,6.9e-06,11127,0.0,
videos,tyZbu9c1UwE,4.9703,8.2839,6.89e-06,11129,0.0,
videos,Vlny3tmHWvw,4.9654,8.2756,6.89e-06,11128,0.0,
videos,L1YXEQE3pew,4.9604,8.2674,6.87e-06,11130,0.0,
videos,BjRGfn_dBNc,4.9555,8.2591,6.86e-06,11131,0.0,
videos,BInXzCGWQmI,4.9505,8.2509,6.86e-06,11132,0.0,
videos,Mbx1G1_ZzAA,4.9456,8.2427,6.85e-06,11134,0.0,
videos,ew_Z9FBNRU4,4.9406,8.2344,6.85e-06,11133,0.0,
videos,MrfLPQdSeKc,4.9307,8.2179,6.77e-06,11135,0.0,
videos,491uYzlAwDk,4.9258,8.2097,6.76e-06,11139,0.0,
videos,8GqaGo7Zx44,4.9209,8.2015,6.76e-06,11138,0.0,
videos,o9dXEAsRRbg,4.9159,8.1932,6.76e-06,11137,0.0,
videos,aCNhjQJliw4,4.906,8.1767,6.74e-06,11141,0.0,
videos,VT8JS57uKW4,4.9011,8.1685,6.72e-06,11142,0.0,
videos,jRG0xUZTmzk,4.8961,8.1602,6.7e-06,11143,0.0,
videos,LNogwihQklk,4.8912,8.152,6.68e-06,11144,0.0,
videos,lsOJLxIcMoI,4.8813,8.1355,6.62e-06,11145,0.0,
videos,Ign6vxLLqoo,4.8764,8.1273,6.61e-06,11147,0.0,
videos,Feh_sPk4JPY,4.8714,8.119,6.6e-06,11148,0.0,
videos,DiC4TL10tZo,4.8665,8.1108,6.57e-06,11149,0.0,
videos,Umy_hN0JONI,4.8566,8.0943,6.55e-06,11151,0.0,
videos,3qDbXAr7mjE,4.8517,8.0861,6.54e-06,11155,0.0,
videos,r9Ow7OXfoQY,4.8467,8.0778,6.54e-06,11152,0.0,
videos,kS9pLzIRjg0,4.8418,8.0696,6.54e-06,11156,0.0,
videos,gO1yWoJzThk,4.8368,8.0613,6.54e-06,11153,0.0,
videos,gVjEPUBR0DU,4.8319,8.0531,6.54e-06,11154,0.0,
videos,MfwTxuSak4M,4.822,8.0366,6.53e-06,11158,0.0,
videos,kzFB5V8qhOE,4.817,8.0284,6.45e-06,11160,0.0,
videos,xt5rPRmVTo4,4.8121,8.0201,6.45e-06,11163,0.0,
videos,csze2ASnQq0,4.8071,8.0119,6.45e-06,11161,0.0,
videos,ZmfwpQDX30w,4.8022,8.0036,6.45e-06,11159,0.0,
videos,9ZoTb1uf5Sg,4.7972,7.9954,6.45e-06,11162,0.0,
videos,kZyDcPXgKkk,4.7923,7.9871,6.44e-06,11164,0.0,
videos,NSAGzniU3wI,4.7873,7.9789,6.43e-06,11165,0.0,
videos,m9w3x-tQ378,4.7824,7.9707,6.39e-06,11166,0.0,
videos,uVSQYObCN7U,4.7725,7.9542,6.37e-06,11167,0.0,
videos,9rHGHI2fWWk,4.7675,7.9459,6.36e-06,11169,0.0,
videos,MRk5AU1perc,4.7626,7.9377,6.35e-06,11170,0.0,
videos,dD9qsNjE2jo,4.7576,7.9294,6.34e-06,11172,0.0,
videos,kzQJHvam7oY,4.7527,7.9212,6.34e-06,11173,0.0,
videos,kagkjKLZaLA,4.7478,7.913,6.34e-06,11171,0.0,
videos,SRf9lD3SF8s,4.7428,7.9047,6.33e-06,11174,0.0,
videos,xa424X1AXCY,4.7379,7.8965,6.32e-06,11175,0.0,
videos,ffTpunXvNV4,4.7329,7.8882,6.3e-06,11176,0.0,
videos,fM5a0nyPit4,4.728,7.88,6.28e-06,11177,0.0,
videos,IiLnn413oHw,4.723,7.8717,6.28e-06,11178,0.0,
videos,i09Tll1OISk,4.7181,7.8635,6.26e-06,11180,0.0,
videos,PklJPFX9Cd0,4.7132,7.8553,6.26e-06,11179,0.0,
videos,Enc6sJWZmEY,4.7082,7.847,6.25e-06,11181,0.0,
videos,uUkyM_PiQTw,4.6983,7.8305,6.24e-06,11182,0.0,
videos,ZP2R-xV0cOM,4.6934,7.8223,6.23e-06,11184,0.0,
videos,wPMtgKSyp58,4.6884,7.814,6.22e-06,11185,0.0,
videos,RwBawkBNNkE,4.6835,7.8058,6.22e-06,11186,0.0,
videos,enqgtyn9ETA,4.6786,7.7976,6.21e-06,11187,0.0,
videos,RbhTNGztSqw,4.6687,7.7811,6.19e-06,11189,0.0,
videos,PrvFpO6IwFQ,4.6637,7.7728,6.17e-06,11191,0.0,
videos,l1_oxPXTZwk,4.6588,7.7646,6.17e-06,11190,0.0,
videos,QLf27ACk88k,4.6538,7.7563,6.14e-06,11193,0.0,
videos,OGOTsEY2j9E,4.6489,7.7481,6.14e-06,11192,0.0,
videos,-QCwYOcRgqw,4.6439,7.7399,6.13e-06,11194,0.0,
videos,HNSX3bR-Ft0,4.639,7.7316,6.13e-06,11195,0.0,
videos,h74j-rwfYhA,4.634,7.7234,6.12e-06,11196,0.0,
videos,FyfHyE0HnXY,4.6291,7.7151,6.1e-06,11197,0.0,
videos,3KekL2-ZNtw,4.6192,7.6986,6.06e-06,11199,0.0,
videos,BT6kGfzDUYw,4.6093,7.6822,6e-06,11201,0.0,
videos,LCfIzUubnt4,4.6043,7.6739,5.99e-06,11205,0.0,
videos,WvionDPFe9g,4.5994,7.6657,5.99e-06,11202,0.0,
videos,mUwo9FXi9Aw,4.5944,7.6574,5.99e-06,11203,0.0,
videos,N9-V6LEuEw8,4.5895,7.6492,5.99e-06,11204,0.0,
videos,6-EPN530TFg,4.5845,7.6409,5.98e-06,11206,0.0,
videos,1vGL_zq8jsg,4.5796,7.6327,5.96e-06,11208,0.0,
videos,EoDcEDC3U9Y,4.5747,7.6245,5.96e-06,11207,0.0,
videos,E9SPS7kbMeQ,4.5697,7.6162,5.95e-06,11209,0.0,
videos,WXwXHsO7qRY,4.5648,7.608,5.94e-06,11210,0.0,
videos,TK7cS_2ZSz4,4.5598,7.5997,5.92e-06,11211,0.0,
videos,-fk-4wnMz38,4.5549,7.5915,5.89e-06,11212,0.0,
videos,n4TWMlyfYnc,4.55,7.5833,5.87e-06,11213,0.0,
videos,sVuKmgGJThk,4.545,7.575,5.85e-06,11214,0.0,
videos,Q_UxyEepuQA,4.5302,7.5503,5.81e-06,11217,0.0,
videos,ZkIQqTDf1PM,4.5203,7.5338,5.79e-06,11219,0.0,
videos,2-K770IecZ8,4.5154,7.5256,5.79e-06,11220,0.0,
videos,VT-LSS2FkMc,4.5104,7.5173,5.75e-06,11222,0.0,
videos,u7kOVJ0VtwE,4.5055,7.5091,5.75e-06,11221,0.0,
videos,tcPK2Hw0SZk,4.5005,7.5008,5.74e-06,11223,0.0,
videos,WJVhW7TkBnk,4.4956,7.4926,5.74e-06,11224,0.0,
videos,s1qdiWxQgUM,4.4906,7.4843,5.73e-06,11225,0.0,
videos,YqTYw2KaxFA,4.4857,7.4761,5.72e-06,11226,0.0,
videos,zuJyz95lwko,4.4807,7.4679,5.7e-06,11228,0.0,
videos,jsrfJBH-WVM,4.4758,7.4596,5.7e-06,11227,0.0,
videos,twtJGOPXQlg,4.4708,7.4514,5.69e-06,11229,0.0,
videos,kxkMWQSosq8,4.4659,7.4431,5.66e-06,11230,0.0,
videos,sVd4S6-gmO8,4.4609,7.4349,5.64e-06,11231,0.0,
videos,OVklMblO-sc,4.456,7.4266,5.62e-06,11232,0.0,
videos,VxtyALOhTB4,4.451,7.4184,5.6e-06,11233,0.0,
videos,Asq1yf0MMpw,4.4461,7.4102,5.59e-06,11234,0.0,
videos,_I4YJtXMTYY,4.4411,7.4019,5.58e-06,11235,0.0,
videos,s5FHSXI2e5U,4.4312,7.3854,5.56e-06,11236,0.0,
videos,vIFwSpg5NxU,4.4263,7.3772,5.56e-06,11238,0.0,
videos,qMv4eh88q7g,4.4213,7.3689,5.55e-06,11240,0.0,
videos,xx2pK4Ukc38,4.4164,7.3607,5.55e-06,11239,0.0,
videos,UzWsrMuvlRg,4.4065,7.3442,5.54e-06,11243,0.0,
videos,EdaceHZ6lmI,4.3966,7.3277,5.51e-06,11244,0.0,
videos,U3hHBL3-fLk,4.3867,7.3112,5.48e-06,11246,0.0,
videos,mLHiR2gl_So,4.3818,7.303,5.48e-06,11245,0.0,
videos,Xd7LeuUJRwQ,4.3719,7.2865,5.45e-06,11249,0.0,
videos,qfEDXysubTw,4.367,7.2783,5.43e-06,11250,0.0,
videos,M3D9ieBtrjU,4.362,7.27,5.4e-06,11251,0.0,
videos,B_oYFUi1dbA,4.3571,7.2618,5.4e-06,11252,0.0,
videos,tJSVClxQgh0,4.3521,7.2535,5.39e-06,11255,0.0,
videos,9E3P8kwM_UQ,4.3472,7.2453,5.39e-06,11256,0.0,
videos,Owf8Kqj_J58,4.3423,7.2371,5.39e-06,11257,0.0,
videos,xe23Q4g1DaY,4.3373,7.2288,5.39e-06,11254,0.0,
videos,_BWAa0Y2eWg,4.3324,7.2206,5.39e-06,11253,0.0,
videos,fPJcDtSy_OQ,4.3175,7.1958,5.36e-06,11260,0.0,
videos,H-XTnKH95Es,4.3126,7.1876,5.35e-06,11261,0.0,
videos,OqDr5Dga9S4,4.3076,7.1794,5.34e-06,11262,0.0,
videos,PX01VX0SIu0,4.3027,7.1711,5.34e-06,11263,0.0,
videos,Qi8aLi3iQMQ,4.2977,7.1629,5.33e-06,11265,0.0,
videos,SF3Z6LT3Xrc,4.2928,7.1546,5.33e-06,11264,0.0,
videos,Pyk63WPxF8Q,4.2878,7.1464,5.31e-06,11266,0.0,
videos,FEFhzdpkxz8,4.2829,7.1381,5.29e-06,11268,0.0,
videos,oKSXjwWs_5g,4.2779,7.1299,5.29e-06,11267,0.0,
videos,Ro70L2dpNGA,4.273,7.1217,5.28e-06,11269,0.0,
videos,5TJ_uMzhe0c,4.268,7.1134,5.28e-06,11270,0.0,
videos,6gZi6uaH35o,4.2631,7.1052,5.27e-06,11271,0.0,
videos,YC4Zzt3JPoE,4.2581,7.0969,5.25e-06,11272,0.0,
videos,rWh7RZjuUek,4.2532,7.0887,5.24e-06,11273,0.0,
videos,MpBfQBJ5K1A,4.2482,7.0804,5.24e-06,11274,0.0,
videos,8cFHVK-YsEg,4.2384,7.064,5.22e-06,11277,0.0,
videos,Vq3Xz-x93ZM,4.2334,7.0557,5.22e-06,11276,0.0,
videos,nPq0XIE_BnQ,4.2186,7.031,5.15e-06,11280,0.0,
videos,HIA-j0Es9jk,4.2136,7.0227,5.13e-06,11281,0.0,
videos,N13_FCpO1ic,4.2087,7.0145,5.13e-06,11284,0.0,
videos,uA_0dCTrJgI,4.1988,6.998,5.13e-06,11283,0.0,
videos,IApGsxQfeg0,4.1939,6.9898,5.12e-06,11285,0.0,
videos,iFVL6sgoUOw,4.1889,6.9815,5.11e-06,11289,0.0,
videos,VCQyIJDk8P8,4.184,6.9733,5.11e-06,11286,0.0,
videos,DdnvC6-PGYY,4.1791,6.9651,5.11e-06,11288,0.0,
videos,wI-1_WYI_BU,4.1741,6.9568,5.11e-06,11287,0.0,
videos,IFHUyS5BSc4,4.1642,6.9403,5.09e-06,11291,0.0,
videos,_PY2an-HinQ,4.1593,6.9321,5.08e-06,11292,0.0,
videos,4T5nhP4MpSU,4.1543,6.9238,5.04e-06,11294,0.0,
videos,0sB42xszPbw,4.1494,6.9156,5.04e-06,11293,0.0,
videos,Lb9xfNSgpkI,4.1395,6.8991,5.02e-06,11297,0.0,
videos,e7nuhU_Y2cs,4.1345,6.8909,5.02e-06,11296,0.0,
videos,od9WfVYkLDo,4.1296,6.8826,5.01e-06,11298,0.0,
videos,tYdbxhv06yE,4.1246,6.8744,5e-06,11299,0.0,
videos,6dPNiN5nf0E,4.1147,6.8579,4.99e-06,11301,0.0,
videos,PaIBmIwoSl0,4.0999,6.8332,4.93e-06,11306,0.0,
videos,gN4BhwPYWRY,4.0949,6.8249,4.93e-06,11304,0.0,
videos,qi6FBgjFzXU,4.09,6.8167,4.93e-06,11305,0.0,
videos,wSWjhma8zmw,4.0801,6.8002,4.9e-06,11308,0.0,
videos,E_Xe3gHE1Zg,4.0752,6.792,4.88e-06,11309,0.0,
videos,EQrTfhTXUWA,4.0702,6.7837,4.87e-06,11310,0.0,
videos,nWAJgj-hm5I,4.0603,6.7672,4.86e-06,11312,0.0,
videos,7VMiargwCyg,4.0554,6.759,4.83e-06,11313,0.0,
videos,F86lQRfvtQM,4.0504,6.7507,4.81e-06,11314,0.0,
videos,22SkhohIqZg,4.0455,6.7425,4.8e-06,11315,0.0,
videos,B_RrXwDupIg,4.0406,6.7343,4.79e-06,11319,0.0,
videos,DyHGGbmtmz8,4.0356,6.726,4.79e-06,11316,0.0,
videos,p9j-zD8OXsc,4.0307,6.7178,4.79e-06,11317,0.0,
videos,IdWEvnCv7f4,4.0257,6.7095,4.79e-06,11320,0.0,
videos,zc1FrVOR0nU,4.0208,6.7013,4.79e-06,11318,0.0,
videos,9j9NuLgKJuE,4.0158,6.693,4.78e-06,11321,0.0,
videos,-jKzi1J1jMY,4.006,6.6766,4.76e-06,11323,0.0,
videos,SPM30ifaIeY,4.001,6.6683,4.75e-06,11325,0.0,
videos,H-PVcNVZ3wI,3.9961,6.6601,4.75e-06,11324,0.0,
videos,evWgCRWT6bo,3.9812,6.6353,4.68e-06,11330,0.0,
videos,9HYz-zvrvaE,3.9763,6.6271,4.68e-06,11329,0.0,
videos,YO_qRb7iZK0,3.9713,6.6189,4.68e-06,11328,0.0,
videos,vvs19B2Fl5E,3.9664,6.6106,4.65e-06,11332,0.0,
videos,vHe2QWsnjYs,3.9565,6.5941,4.65e-06,11331,0.0,
videos,-9mq9b_XC2o,3.9515,6.5859,4.63e-06,11334,0.0,
videos,vFQShgGPOZg,3.9466,6.5776,4.63e-06,11336,0.0,
videos,facjC4xvD6o,3.9416,6.5694,4.63e-06,11335,0.0,
videos,olQMtswxMNU,3.9367,6.5612,4.62e-06,11337,0.0,
videos,IYugvCyLep4,3.9317,6.5529,4.61e-06,11339,0.0,
videos,oHP0O8eQkVE,3.9268,6.5447,4.61e-06,11338,0.0,
videos,A4qavohprB4,3.9218,6.5364,4.6e-06,11341,0.0,
videos,Qx7wJ2dgwcs,3.9169,6.5282,4.6e-06,11340,0.0,
videos,-nr3M4-IKfw,3.9119,6.5199,4.59e-06,11343,0.0,
videos,xQ7wBW6bSsc,3.9021,6.5035,4.58e-06,11344,0.0,
videos,U0zDb1c0RwU,3.8922,6.487,4.52e-06,11346,0.0,
videos,aCzcE1CKMtE,3.8872,6.4787,4.52e-06,11347,0.0,
videos,JDTXSh_yrNo,3.8823,6.4705,4.5e-06,11348,0.0,
videos,kDIDOuxdzFM,3.8773,6.4622,4.49e-06,11349,0.0,
videos,lR-75OVrjU0,3.8724,6.454,4.48e-06,11350,0.0,
videos,kOA5rvHZR60,3.8675,6.4458,4.48e-06,11351,0.0,
videos,x4Zd2dB_ytU,3.8625,6.4375,4.47e-06,11352,0.0,
videos,70ou70JTplo,3.8576,6.4293,4.46e-06,11353,0.0,
videos,gj-t7vzh2J4,3.8526,6.421,4.46e-06,11354,0.0,
videos,DfPxHOm45Qk,3.8477,6.4128,4.45e-06,11355,0.0,
videos,2ps26F2GJHg,3.8329,6.3881,4.42e-06,11358,0.0,
videos,llr3_hgpDOg,3.8279,6.3798,4.4e-06,11359,0.0,
videos,J10AegCQcuY,3.823,6.3716,4.4e-06,11360,0.0,
videos,1icnDQrU2rQ,3.818,6.3633,4.38e-06,11361,0.0,
videos,9ezMt6OqIAE,3.8131,6.3551,4.36e-06,11362,0.0,
videos,mJewxiSE6yc,3.8081,6.3469,4.33e-06,11363,0.0,
videos,wY7E_k4Q0PE,3.8032,6.3386,4.33e-06,11364,0.0,
videos,FOv39b7s6l4,3.7982,6.3304,4.33e-06,11365,0.0,
videos,lCV-wKhwRpk,3.7933,6.3221,4.32e-06,11366,0.0,
videos,InvftN0Fm1Q,3.7834,6.3056,4.31e-06,11367,0.0,
videos,yg6qGz7x9mA,3.7784,6.2974,4.3e-06,11369,0.0,
videos,7rGVHYnCJvs,3.7735,6.2892,4.27e-06,11372,0.0,
videos,-MqXx4Wvx0k,3.7685,6.2809,4.27e-06,11371,0.0,
videos,kRkZD-NFnBk,3.7636,6.2727,4.27e-06,11370,0.0,
videos,nkn9h-qOioc,3.7586,6.2644,4.21e-06,11373,0.0,
videos,gHMulZyYv8U,3.7487,6.2479,4.2e-06,11375,0.0,
videos,gTE5qBoenr4,3.7438,6.2397,4.2e-06,11376,0.0,
videos,k3PNgFmkz5g,3.7389,6.2315,4.19e-06,11377,0.0,
videos,wgyqmLS-KAA,3.7339,6.2232,4.18e-06,11378,0.0,
videos,CWgdbpVFvXo,3.729,6.215,4.17e-06,11379,0.0,
videos,MJC01mbRelA,3.724,6.2067,4.16e-06,11380,0.0,
videos,1U-0h5_HG28,3.7191,6.1985,4.15e-06,11382,0.0,
videos,e1c_sudSMcg,3.7092,6.182,4.13e-06,11383,0.0,
videos,kg8YRhoQxyQ,3.7043,6.1738,4.11e-06,11387,0.0,
videos,4NFG5Q9TsGc,3.6944,6.1573,4.11e-06,11388,0.0,
videos,6lJ5FeE2Qqo,3.6894,6.149,4.11e-06,11384,0.0,
videos,1zf2PSWM5W8,3.6845,6.1408,4.11e-06,11386,0.0,
videos,OObD5lTq5ik,3.6795,6.1325,4.1e-06,11389,0.0,
videos,Rhf5975VPFM,3.6746,6.1243,4.09e-06,11390,0.0,
videos,4qpNSKrmUNA,3.6598,6.0996,4.07e-06,11395,0.0,
videos,jgEKherRhZA,3.6499,6.0831,4.07e-06,11391,0.0,
videos,vPx_LsgohQU,3.64,6.0666,4.05e-06,11397,0.0,
videos,qkDzhryEmbU,3.6301,6.0501,4.03e-06,11400,0.0,
videos,9_aE-yfGxLQ,3.6251,6.0419,4.03e-06,11399,0.0,
videos,9SeH4DMSgmM,3.6202,6.0336,4.02e-06,11401,0.0,
videos,GFjvzq5PesA,3.6152,6.0254,4.02e-06,11402,0.0,
videos,6hhRUmpw2ro,3.6103,6.0171,4e-06,11403,0.0,
videos,xJtlukulT9s,3.6053,6.0089,4e-06,11404,0.0,
videos,CNPf-PmCiuI,3.6004,6.0007,3.97e-06,11406,0.0,
videos,eRTakSsqgiA,3.5954,5.9924,3.97e-06,11405,0.0,
videos,qGOlvot-9x8,3.5855,5.9759,3.96e-06,11408,0.0,
videos,IU5ZwhS_z64,3.5806,5.9677,3.95e-06,11409,0.0,
videos,7ONHPqJakX4,3.5707,5.9512,3.92e-06,11412,0.0,
videos,0f3EHhFc6Ww,3.5658,5.943,3.92e-06,11411,0.0,
videos,jv2MxgrkJVs,3.5608,5.9347,3.92e-06,11413,0.0,
videos,8f67F7ePnMI,3.5559,5.9265,3.91e-06,11414,0.0,
videos,Br4l9YjCyRU,3.546,5.91,3.9e-06,11416,0.0,
videos,3W36pd50Wqw,3.541,5.9017,3.9e-06,11418,0.0,
videos,E8aSdsWc3so,3.5312,5.8853,3.87e-06,11419,0.0,
videos,wZhwL6FbTyI,3.5262,5.877,3.86e-06,11420,0.0,
videos,KVyKgfCoTpI,3.5163,5.8605,3.84e-06,11423,0.0,
videos,evjyVh7ZbJs,3.5114,5.8523,3.84e-06,11422,0.0,
videos,N9MtNiuBux8,3.5064,5.844,3.83e-06,11426,0.0,
videos,abMIS2BQqj8,3.5015,5.8358,3.83e-06,11425,0.0,
videos,-WODy464Bfg,3.4966,5.8276,3.83e-06,11424,0.0,
videos,GhRByIYbBCw,3.4916,5.8193,3.82e-06,11427,0.0,
videos,odecGx5rxQw,3.4817,5.8028,3.81e-06,11428,0.0,
videos,s86kQizMxs0,3.4768,5.7946,3.8e-06,11430,0.0,
videos,PeLru2q5Z0E,3.4718,5.7864,3.79e-06,11432,0.0,
videos,Mtbww2zfMOw,3.4669,5.7781,3.79e-06,11431,0.0,
videos,5_WyQKkPigg,3.457,5.7616,3.78e-06,11435,0.0,
videos,ssQDLYna2js,3.452,5.7534,3.78e-06,11434,0.0,
videos,6kOL86FgNJM,3.4471,5.7451,3.75e-06,11436,0.0,
videos,EFCxzUq3X8c,3.4421,5.7369,3.74e-06,11438,0.0,
videos,cf3RBOCFrgA,3.4372,5.7287,3.74e-06,11437,0.0,
videos,CN-PQyV62b4,3.4322,5.7204,3.73e-06,11439,0.0,
videos,e45k6eiQ6E4,3.4273,5.7122,3.72e-06,11440,0.0,
videos,iM_dsqzWFsg,3.4223,5.7039,3.72e-06,11441,0.0,
videos,SYU3mKFTEQk,3.4174,5.6957,3.71e-06,11442,0.0,
videos,uqckpax0lW0,3.4124,5.6874,3.71e-06,11444,0.0,
videos,IS9bo3cVmYI,3.4075,5.6792,3.71e-06,11443,0.0,
videos,QAyV83SPNY4,3.4026,5.671,3.7e-06,11445,0.0,
videos,f4NI8TQqRH8,3.3976,5.6627,3.7e-06,11446,0.0,
videos,BgELftQL_-A,3.3927,5.6545,3.68e-06,11450,0.0,
videos,R92OytYfCUc,3.3877,5.6462,3.68e-06,11449,0.0,
videos,QuZlsZ9zKJc,3.3828,5.638,3.68e-06,11447,0.0,
videos,6dBgfgaImPE,3.3778,5.6297,3.68e-06,11448,0.0,
videos,hL3XIXTm72w,3.368,5.6133,3.67e-06,11456,0.0,
videos,M4c7Z-7sg0I,3.3581,5.5968,3.67e-06,11452,0.0,
videos,ozVSx4PDW_E,3.3531,5.5885,3.67e-06,11451,0.0,
videos,HyUVHb7cV84,3.3482,5.5803,3.67e-06,11454,0.0,
videos,rQOCj4Jl1lg,3.3383,5.5638,3.66e-06,11458,0.0,
videos,SOEBDomHt5A,3.3334,5.5556,3.66e-06,11457,0.0,
videos,0ryoQ9nMmcY,3.3284,5.5473,3.66e-06,11459,0.0,
videos,Clm3cJh-dD0,3.3185,5.5308,3.64e-06,11462,0.0,
videos,YnUraNv25ug,3.3136,5.5226,3.64e-06,11463,0.0,
videos,mE5NXad5RIE,3.3086,5.5143,3.61e-06,11464,0.0,
videos,Jc4q23ZrFvU,3.3037,5.5061,3.59e-06,11465,0.0,
videos,ilk7QDd_6nE,3.2987,5.4979,3.57e-06,11466,0.0,
videos,mLPT5qZDVsQ,3.2888,5.4814,3.56e-06,11468,0.0,
videos,pHQsHHfEiE8,3.2839,5.4731,3.56e-06,11467,0.0,
videos,jkdoOSiNTJ8,3.2789,5.4649,3.56e-06,11469,0.0,
videos,fLoUU3jyOhM,3.274,5.4566,3.55e-06,11471,0.0,
videos,cIzyowKhpsU,3.269,5.4484,3.54e-06,11472,0.0,
videos,wMTSSWvrIVY,3.2641,5.4402,3.53e-06,11473,0.0,
videos,D4AVBmOB2wU,3.2542,5.4237,3.52e-06,11475,0.0,
videos,kjPt3vLEgwY,3.2492,5.4154,3.51e-06,11476,0.0,
videos,pCqtIxpJLDg,3.2393,5.3989,3.49e-06,11478,0.0,
videos,mOKobyKSK_M,3.2344,5.3907,3.49e-06,11479,0.0,
videos,BUh6FFrtFiA,3.2295,5.3825,3.48e-06,11480,0.0,
videos,FoYc7InI9t4,3.2196,5.366,3.47e-06,11482,0.0,
videos,-vltEPcEzTU,3.2146,5.3577,3.46e-06,11485,0.0,
videos,HOG1DLHV_Kc,3.2097,5.3495,3.46e-06,11483,0.0,
videos,WRTKiP7R3Ng,3.2047,5.3412,3.46e-06,11484,0.0,
videos,raIHW7pULco,3.1998,5.333,3.45e-06,11486,0.0,
videos,rS-snhvK1EM,3.1949,5.3248,3.44e-06,11487,0.0,
videos,ivwqHoMh7ic,3.1899,5.3165,3.42e-06,11488,0.0,
videos,yBeK2MvX11I,3.185,5.3083,3.41e-06,11490,0.0,
videos,DLKAyCR9epg,3.1751,5.2918,3.4e-06,11491,0.0,
videos,8mNZzNn2M8Y,3.1701,5.2835,3.4e-06,11492,0.0,
videos,pQpFsxRpgOo,3.1652,5.2753,3.39e-06,11494,0.0,
videos,Qywq1_tDjqg,3.1603,5.2671,3.39e-06,11493,0.0,
videos,sH4JAIZ3gqA,3.1553,5.2588,3.38e-06,11495,0.0,
videos,VqIR8RaKLCo,3.1504,5.2506,3.36e-06,11496,0.0,
videos,2dCpx5439fU,3.1454,5.2423,3.36e-06,11497,0.0,
videos,5d17sAiL26c,3.1405,5.2341,3.36e-06,11498,0.0,
videos,voLPLD77XmQ,3.1355,5.2258,3.36e-06,11499,0.0,
videos,PEb1ZDiTymw,3.1306,5.2176,3.35e-06,11500,0.0,
videos,yWg1Y25Gud8,3.1256,5.2094,3.35e-06,11502,0.0,
videos,TXRXPAdceiI,3.1207,5.2011,3.35e-06,11501,0.0,
videos,A3NsGwFNO9Q,3.1157,5.1929,3.34e-06,11504,0.0,
videos,MO_jcikeEO0,3.1108,5.1846,3.34e-06,11503,0.0,
videos,Me4nkGdvJPM,3.1058,5.1764,3.33e-06,11505,0.0,
videos,835N8ofUjpc,3.1009,5.1682,3.33e-06,11506,0.0,
videos,AweTyqGpgOs,3.091,5.1517,3.32e-06,11508,0.0,
videos,JJ8BnbHIRZU,3.086,5.1434,3.3e-06,11509,0.0,
videos,co8LHpEtdH8,3.0811,5.1352,3.28e-06,11511,0.0,
videos,yPMKUGnhWiY,3.0761,5.1269,3.28e-06,11510,0.0,
videos,bF168AsAsxw,3.0712,5.1187,3.26e-06,11513,0.0,
videos,nX9cZSY82_g,3.0663,5.1105,3.26e-06,11512,0.0,
videos,W-gw2YkciAw,3.0564,5.094,3.23e-06,11515,0.0,
videos,8QYgo7gud2s,3.0514,5.0857,3.23e-06,11516,0.0,
videos,hbvfLK6zSGM,3.0465,5.0775,3.23e-06,11517,0.0,
videos,AYmV4St9FHA,3.0415,5.0692,3.22e-06,11518,0.0,
videos,g8IWkTcIeBE,3.0267,5.0445,3.2e-06,11521,0.0,
videos,zbAOzFdStmU,3.0218,5.0363,3.19e-06,11522,0.0,
videos,umAXZAw1wn0,3.0168,5.028,3.19e-06,11523,0.0,
videos,f9t-eMAP2So,3.0069,5.0115,3.18e-06,11525,0.0,
videos,HLDYNqd8UfI,3.002,5.0033,3.17e-06,11527,0.0,
videos,tAgh3SmlDGU,2.9971,4.9951,3.17e-06,11526,0.0,
videos,KxaKhfDb1DY,2.9921,4.9868,3.15e-06,11528,0.0,
videos,HiGpefmZO48,2.9822,4.9703,3.15e-06,11529,0.0,
videos,K0ICRiltkxY,2.9773,4.9621,3.14e-06,11533,0.0,
videos,Gtldk_N0M8I,2.9723,4.9538,3.14e-06,11532,0.0,
videos,R_JhWHCVcig,2.9674,4.9456,3.14e-06,11531,0.0,
videos,C9Wd6XDBXf4,2.9624,4.9374,3.13e-06,11535,0.0,
videos,KJzb3x65Fj0,2.9575,4.9291,3.13e-06,11536,0.0,
videos,I1vUtT5_EXo,2.9525,4.9209,3.13e-06,11537,0.0,
videos,Rm5Qlsb5SCQ,2.9476,4.9126,3.13e-06,11534,0.0,
videos,WIeUkTKzzBk,2.9426,4.9044,3.12e-06,11539,0.0,
videos,HiCOB97Gmsk,2.9377,4.8961,3.12e-06,11538,0.0,
videos,ImbtT2Sm6mA,2.9327,4.8879,3.11e-06,11540,0.0,
videos,bvcjsiIKt5M,2.9278,4.8797,3.1e-06,11541,0.0,
videos,W_GdmrjhoXI,2.9228,4.8714,3.08e-06,11543,0.0,
videos,ldMnNmo2Rns,2.9179,4.8632,3.08e-06,11542,0.0,
videos,_WqBaNovxtQ,2.9129,4.8549,3.07e-06,11544,0.0,
videos,picH5KckB94,2.908,4.8467,3.06e-06,11545,0.0,
videos,VmH9L3dGagM,2.8981,4.8302,3.04e-06,11548,0.0,
videos,jKhItuqK34Q,2.8932,4.822,3.04e-06,11549,0.0,
videos,e9j125YFAvM,2.8882,4.8137,3.04e-06,11547,0.0,
videos,2rm_2tYr8HE,2.8833,4.8055,3.03e-06,11551,0.0,
videos,QHaJH8p90CY,2.8783,4.7972,3.03e-06,11552,0.0,
videos,di6B7qSYaYk,2.8734,4.789,3.03e-06,11550,0.0,
videos,1DI8-U91pzw,2.8684,4.7807,3.02e-06,11553,0.0,
videos,qQyTCrXendQ,2.8635,4.7725,3.01e-06,11554,0.0,
videos,XHTJSXNqts4,2.8586,4.7643,3e-06,11555,0.0,
videos,X4RKyov-Ru4,2.8487,4.7478,2.99e-06,11557,0.0,
videos,n0zaYZGsALU,2.8437,4.7395,2.99e-06,11556,0.0,
videos,GbqBS73bWz8,2.8388,4.7313,2.98e-06,11560,0.0,
videos,OUbBF1hwQb8,2.8338,4.723,2.98e-06,11559,0.0,
videos,XWYsHuzn8cA,2.8289,4.7148,2.97e-06,11561,0.0,
videos,cSZ-y49e5q8,2.819,4.6983,2.96e-06,11564,0.0,
videos,b-65DH-Xmrs,2.8141,4.6901,2.96e-06,11563,0.0,
videos,G8eoPhBLdQA,2.8091,4.6818,2.96e-06,11565,0.0,
videos,1bU68oJ3chE,2.8042,4.6736,2.95e-06,11569,0.0,
videos,kWB4KZiE9TY,2.7992,4.6653,2.95e-06,11568,0.0,
videos,s3SXnl7Y40g,2.7943,4.6571,2.95e-06,11567,0.0,
videos,vtQxoHryvhM,2.7893,4.6489,2.95e-06,11566,0.0,
videos,xyMEsX_P-Xc,2.7794,4.6324,2.93e-06,11571,0.0,
videos,Itp3I8Ph8EA,2.7745,4.6241,2.93e-06,11573,0.0,
videos,1-sn9u2Tg3c,2.7695,4.6159,2.93e-06,11572,0.0,
videos,urPS7Y9SIS4,2.7646,4.6076,2.92e-06,11575,0.0,
videos,ivauWtk7kek,2.7596,4.5994,2.92e-06,11576,0.0,
videos,Ywh0BCJEvpM,2.7547,4.5912,2.92e-06,11574,0.0,
videos,mT6anopOd-0,2.7497,4.5829,2.91e-06,11578,0.0,
videos,THxjPJ327rA,2.7448,4.5747,2.91e-06,11577,0.0,
videos,eBX77ZL0LMY,2.7398,4.5664,2.91e-06,11579,0.0,
videos,trEKyzhuq8M,2.7349,4.5582,2.9e-06,11580,0.0,
videos,0DNUXzrAFgY,2.73,4.55,2.9e-06,11581,0.0,
videos,Hp75fWRVijE,2.725,4.5417,2.89e-06,11582,0.0,
videos,cMOkS9M5A0M,2.7201,4.5335,2.89e-06,11583,0.0,
videos,qcUMhSsT5rw,2.7151,4.5252,2.88e-06,11584,0.0,
videos,fkAui3aEDkc,2.7102,4.517,2.87e-06,11586,0.0,
videos,e6a37muxpzc,2.7052,4.5087,2.87e-06,11587,0.0,
videos,Jt7RKfPy3pY,2.7003,4.5005,2.87e-06,11585,0.0,
videos,FJf-nRgHbIk,2.6954,4.4923,2.86e-06,11588,0.0,
videos,fKf2M7DQP7Q,2.6904,4.484,2.85e-06,11590,0.0,
videos,ci8MlA5th2A,2.6805,4.4675,2.85e-06,11591,0.0,
videos,MyA3yqSqGhc,2.6756,4.4593,2.84e-06,11593,0.0,
videos,1JKHBWNAXBw,2.6706,4.451,2.84e-06,11592,0.0,
videos,wCkLx0nyG8c,2.6657,4.4428,2.83e-06,11596,0.0,
videos,ZnWPVD6Rb8I,2.6608,4.4346,2.83e-06,11595,0.0,
videos,HPt3nLvAGsc,2.6558,4.4263,2.83e-06,11594,0.0,
videos,m-5wYGPSEFQ,2.6509,4.4181,2.82e-06,11597,0.0,
videos,8-MZLqVumkk,2.6459,4.4098,2.81e-06,11599,0.0,
videos,DNxQ0WHoeno,2.641,4.4016,2.81e-06,11598,0.0,
videos,dIsoem3nEdI,2.636,4.3933,2.8e-06,11600,0.0,
videos,psPusKcud84,2.6311,4.3851,2.79e-06,11601,0.0,
videos,vjHa3Kt7400,2.6261,4.3769,2.79e-06,11603,0.0,
videos,ZE_7TWvW4FY,2.6212,4.3686,2.79e-06,11602,0.0,
videos,cuvI8-VhME0,2.6162,4.3604,2.78e-06,11604,0.0,
videos,qajBm4mZUak,2.6113,4.3521,2.77e-06,11605,0.0,
videos,pdgz23MWWBU,2.6014,4.3356,2.76e-06,11607,0.0,
videos,Fzeer0rudLw,2.5964,4.3274,2.74e-06,11608,0.0,
videos,SITvrE667B0,2.5915,4.3192,2.73e-06,11609,0.0,
videos,aYdHBQY0ut0,2.5865,4.3109,2.72e-06,11611,0.0,
videos,Ihj7R5Z7WMA,2.5816,4.3027,2.72e-06,11610,0.0,
videos,qT8XBcUHRgE,2.5766,4.2944,2.71e-06,11612,0.0,
videos,DXD33pdxXgs,2.5717,4.2862,2.71e-06,11613,0.0,
videos,Rx1WdriJ_Qo,2.5667,4.2779,2.68e-06,11614,0.0,
videos,ufBpg2pDzJI,2.5618,4.2697,2.68e-06,11615,0.0,
videos,_h_8od322os,2.5569,4.2615,2.67e-06,11616,0.0,
videos,lCDHIF_fmqU,2.5519,4.2532,2.65e-06,11619,0.0,
videos,0mDBSQbfm2Q,2.542,4.2367,2.65e-06,11617,0.0,
videos,V-o1icgOIZE,2.5321,4.2202,2.64e-06,11621,0.0,
videos,eMiRzxGbRdo,2.5272,4.212,2.64e-06,11623,0.0,
videos,ULW58w1EbCc,2.5223,4.2038,2.64e-06,11622,0.0,
videos,A7FfXc0Z9bU,2.5173,4.1955,2.63e-06,11624,0.0,
videos,zAU5SQRzseA,2.5124,4.1873,2.63e-06,11625,0.0,
videos,2qyPk9M0E2w,2.5074,4.179,2.62e-06,11626,0.0,
videos,RdRqixzelWY,2.4975,4.1625,2.61e-06,11628,0.0,
videos,h2lHHlxn1qU,2.4926,4.1543,2.6e-06,11630,0.0,
videos,Am_lVcSeMo4,2.4877,4.1461,2.6e-06,11629,0.0,
videos,4CjmYFAkZZc,2.4827,4.1378,2.58e-06,11632,0.0,
videos,xH4aeLsuqVU,2.4728,4.1213,2.56e-06,11635,0.0,
videos,gAH6Un3rbvM,2.4679,4.1131,2.56e-06,11633,0.0,
videos,RBauZ69-1n8,2.458,4.0966,2.55e-06,11638,0.0,
videos,daqxOK3cxCk,2.453,4.0884,2.55e-06,11639,0.0,
videos,DC_CBqzddPk,2.4481,4.0801,2.55e-06,11637,0.0,
videos,7oBuUy5nplE,2.4431,4.0719,2.55e-06,11636,0.0,
videos,pIjAeaXsCts,2.4382,4.0636,2.54e-06,11641,0.0,
videos,GiB4h7tWQLI,2.4332,4.0554,2.54e-06,11640,0.0,
videos,qE_Gh_5SKJ8,2.4283,4.0471,2.54e-06,11642,0.0,
videos,ObPejH15pDQ,2.4233,4.0389,2.53e-06,11644,0.0,
videos,3mWQGWLJrNk,2.4184,4.0307,2.53e-06,11643,0.0,
videos,Fr3srviTLqM,2.4134,4.0224,2.52e-06,11646,0.0,
videos,4w6Dlz_eyo0,2.4085,4.0142,2.52e-06,11645,0.0,
videos,fkM9j33GvVA,2.4035,4.0059,2.52e-06,11647,0.0,
videos,wH_BJwRNgaU,2.3986,3.9977,2.5e-06,11648,0.0,
videos,oGwfU9ZcDqk,2.3936,3.9894,2.49e-06,11649,0.0,
videos,9f0W3Qow-_Q,2.3887,3.9812,2.49e-06,11650,0.0,
videos,fLFKXgUk58g,2.3838,3.973,2.47e-06,11651,0.0,
videos,V6nxb-zW-Vo,2.3739,3.9565,2.47e-06,11653,0.0,
videos,K0HrXpw9-eY,2.3689,3.9482,2.46e-06,11655,0.0,
videos,8D-Z3d1tNrU,2.364,3.94,2.46e-06,11654,0.0,
videos,8vSmrCMiiKA,2.3591,3.9318,2.44e-06,11657,0.0,
videos,tgYIUUgv9Zg,2.3541,3.9235,2.44e-06,11656,0.0,
videos,D7gHC8Yfls0,2.3492,3.9153,2.43e-06,11658,0.0,
videos,0ozjOqXWBJ0,2.3442,3.907,2.43e-06,11660,0.0,
videos,rnGyj-H_GYc,2.3393,3.8988,2.43e-06,11659,0.0,
videos,8JKVypRuMLY,2.3343,3.8905,2.41e-06,11662,0.0,
videos,qfImKJU98go,2.3245,3.8741,2.4e-06,11664,0.0,
videos,6NSI6zeLeTI,2.3195,3.8658,2.4e-06,11666,0.0,
videos,aIwwg8BfE6Y,2.3146,3.8576,2.4e-06,11665,0.0,
videos,8Yxcd6dWiFQ,2.3096,3.8493,2.4e-06,11663,0.0,
videos,3xrgWHaWAH4,2.3047,3.8411,2.39e-06,11667,0.0,
videos,x_jaT5-iVNM,2.2997,3.8328,2.38e-06,11668,0.0,
videos,kNuSbMtccOw,2.2948,3.8246,2.37e-06,11670,0.0,
videos,xk5cRJlJ2oQ,2.2898,3.8164,2.37e-06,11669,0.0,
videos,qT9KRH3OZSA,2.2849,3.8081,2.37e-06,11671,0.0,
videos,GD4EloMR52o,2.2799,3.7999,2.36e-06,11672,0.0,
videos,QcPv6_3hCbc,2.275,3.7916,2.36e-06,11673,0.0,
videos,KBQP928nWE8,2.27,3.7834,2.35e-06,11674,0.0,
videos,U9Be92cjE6A,2.2651,3.7751,2.35e-06,11675,0.0,
videos,g16vzXFaoxs,2.2601,3.7669,2.34e-06,11676,0.0,
videos,WveILVjsDv8,2.2552,3.7587,2.33e-06,11679,0.0,
videos,v3XBbEA7rb8,2.2502,3.7504,2.33e-06,11678,0.0,
videos,l7w8sh9qPVw,2.2453,3.7422,2.33e-06,11677,0.0,
videos,FAPwTaCISSw,2.2403,3.7339,2.32e-06,11681,0.0,
videos,stv6M-YPS90,2.2354,3.7257,2.32e-06,11680,0.0,
videos,fXK3a0WxtwI,2.2304,3.7174,2.31e-06,11682,0.0,
videos,m7pVGMLFKxw,2.2206,3.701,2.31e-06,11684,0.0,
videos,0Ai_PZBq6ks,2.2156,3.6927,2.3e-06,11685,0.0,
videos,CzL5x420LfY,2.2057,3.6762,2.3e-06,11686,0.0,
videos,qmbGgGNdtqI,2.2008,3.668,2.28e-06,11690,0.0,
videos,waZJY8JOIMI,2.1958,3.6597,2.28e-06,11689,0.0,
videos,3mwMrJrSRo8,2.1909,3.6515,2.28e-06,11688,0.0,
videos,RC_33BVorXo,2.186,3.6433,2.27e-06,11691,0.0,
videos,dJtHauhRasc,2.181,3.635,2.26e-06,11692,0.0,
videos,dI8pLC1BLSM,2.1761,3.6268,2.25e-06,11693,0.0,
videos,LfrXJF64HVQ,2.1711,3.6185,2.24e-06,11695,0.0,
videos,FgOSy22Vd6k,2.1662,3.6103,2.24e-06,11694,0.0,
videos,BE5nJleG6G0,2.1612,3.602,2.23e-06,11698,0.0,
videos,RvxnDgnzkck,2.1563,3.5938,2.23e-06,11696,0.0,
videos,Fl6IuK6ifSQ,2.1514,3.5856,2.23e-06,11697,0.0,
videos,mja_H8SwuE8,2.1464,3.5773,2.22e-06,11699,0.0,
videos,hEYxmdxo6Dw,2.1415,3.5691,2.21e-06,11700,0.0,
videos,dWWvHJulqcI,2.1365,3.5608,2.19e-06,11701,0.0,
videos,zaj5pMLRv_E,2.1316,3.5526,2.18e-06,11702,0.0,
videos,SHn6ZimvDIY,2.1266,3.5443,2.17e-06,11703,0.0,
videos,7XBkWcgYW1o,2.1217,3.5361,2.17e-06,11705,0.0,
videos,om25DgrB2oM,2.1167,3.5279,2.17e-06,11704,0.0,
videos,GUOCk0XT4hk,2.1118,3.5196,2.16e-06,11706,0.0,
videos,1bT8rrBoqXU,2.1019,3.5031,2.15e-06,11708,0.0,
videos,L1JVu0zeiFE,2.0969,3.4949,2.15e-06,11709,0.0,
videos,DqCnHXHWxOE,2.092,3.4866,2.14e-06,11711,0.0,
videos,pNTsP-gwxT4,2.087,3.4784,2.14e-06,11712,0.0,
videos,eHpWeZtYEmw,2.0722,3.4537,2.12e-06,11715,0.0,
videos,tdpWRa0ytWg,2.0672,3.4454,2.12e-06,11714,0.0,
videos,bNdkbV5JI6I,2.0573,3.4289,2.11e-06,11718,0.0,
videos,pAVbsESsE8Q,2.0524,3.4207,2.11e-06,11717,0.0,
videos,DIsgcuYouhQ,2.0475,3.4125,2.1e-06,11719,0.0,
videos,FXSBLUF87-o,2.0425,3.4042,2.09e-06,11721,0.0,
videos,mV-uJtFb_i8,2.0376,3.396,2.09e-06,11720,0.0,
videos,Ftd-CV2DeDg,2.0326,3.3877,2.08e-06,11722,0.0,
videos,yPznESe03gg,2.0277,3.3795,2.08e-06,11723,0.0,
videos,lR7esHKpAUE,2.0227,3.3712,2.07e-06,11725,0.0,
videos,iGKvjDar7qc,2.0178,3.363,2.07e-06,11724,0.0,
videos,e5N9rapwcJY,2.0079,3.3465,2.05e-06,11727,0.0,
videos,XPsgHV78g-A,2.003,3.3383,2.05e-06,11729,0.0,
videos,A5KCNkVYV4I,1.998,3.33,2.05e-06,11728,0.0,
videos,7BJAjYjVAVo,1.9931,3.3218,2.04e-06,11730,0.0,
videos,AjvWaMKC9_Q,1.9882,3.3136,2.04e-06,11731,0.0,
videos,A3lEBCoUNxw,1.9832,3.3053,2.03e-06,11732,0.0,
videos,a4HuYtCMTV0,1.9783,3.2971,2.02e-06,11734,0.0,
videos,30roQTBdtGI,1.9733,3.2888,2.02e-06,11736,0.0,
videos,Co-HVAAzbh0,1.9684,3.2806,2.02e-06,11733,0.0,
videos,tSUry5ojW8Y,1.9634,3.2723,2.02e-06,11737,0.0,
videos,2lWhwj4gTsg,1.9585,3.2641,2.02e-06,11735,0.0,
videos,3_f9DmJe7FM,1.9436,3.2394,2e-06,11740,0.0,
videos,qpzQNrA-jq4,1.9387,3.2311,2e-06,11741,0.0,
videos,aV63iUpnpQU,1.9337,3.2229,1.99e-06,11742,0.0,
videos,uQ5RORiCGZc,1.9288,3.2146,1.98e-06,11744,0.0,
videos,m83mNN3qee8,1.9238,3.2064,1.98e-06,11743,0.0,
videos,naZcn1UkROU,1.9189,3.1982,1.96e-06,11745,0.0,
videos,9FKRItXjSLY,1.9139,3.1899,1.96e-06,11746,0.0,
videos,4fyYPwahc4s,1.909,3.1817,1.96e-06,11747,0.0,
videos,a87UmCujqo0,1.8991,3.1652,1.95e-06,11749,0.0,
videos,K5xdegH2Oxc,1.8941,3.1569,1.95e-06,11750,0.0,
videos,2bqQsf4Fc74,1.8892,3.1487,1.95e-06,11751,0.0,
videos,SKKpMLIeBYo,1.8843,3.1405,1.94e-06,11752,0.0,
videos,5PGwenlfaec,1.8793,3.1322,1.92e-06,11753,0.0,
videos,Rg_zAQo3Y6c,1.8744,3.124,1.92e-06,11754,0.0,
videos,mYnPs4U7yzk,1.8694,3.1157,1.92e-06,11755,0.0,
videos,2Opd2PP1FTU,1.8645,3.1075,1.91e-06,11756,0.0,
videos,p62rvHcErss,1.8595,3.0992,1.91e-06,11757,0.0,
videos,SzjoCUIfZ-4,1.8546,3.091,1.91e-06,11758,0.0,
videos,VdAzfFazUv0,1.8497,3.0828,1.9e-06,11761,0.0,
videos,FCv_wYWiJ0s,1.8447,3.0745,1.9e-06,11760,0.0,
videos,Y_phR0so-F4,1.8398,3.0663,1.9e-06,11762,0.0,
videos,xobNUF1vpQ0,1.8348,3.058,1.9e-06,11759,0.0,
videos,GTDG1TtvYls,1.8249,3.0415,1.86e-06,11765,0.0,
videos,UbaCF-QaYyE,1.82,3.0333,1.86e-06,11764,0.0,
videos,ZMk4Sm5RZ4A,1.8101,3.0168,1.84e-06,11768,0.0,
videos,AnMwKPSOuYU,1.8052,3.0086,1.84e-06,11767,0.0,
videos,0Ot3oC3_fFo,1.8002,3.0003,1.83e-06,11772,0.0,
videos,ODj7ndsKnts,1.7953,2.9921,1.83e-06,11770,0.0,
videos,8A_pv5DD_pI,1.7903,2.9838,1.83e-06,11774,0.0,
videos,xv2YDnotMTc,1.7854,2.9756,1.83e-06,11771,0.0,
videos,w74z93R3smY,1.7804,2.9674,1.83e-06,11769,0.0,
videos,YwyhEXl4ZYg,1.7755,2.9591,1.83e-06,11773,0.0,
videos,Hz9jNdfPUIk,1.7705,2.9509,1.82e-06,11775,0.0,
videos,8wANnLJMY0k,1.7656,2.9426,1.82e-06,11776,0.0,
videos,2q-ZqOQZDcQ,1.7606,2.9344,1.81e-06,11779,0.0,
videos,stqv0SUdat0,1.7557,2.9261,1.81e-06,11778,0.0,
videos,b3g3j7T_40w,1.7507,2.9179,1.81e-06,11777,0.0,
videos,B8bS0AhY01c,1.7458,2.9097,1.8e-06,11780,0.0,
videos,zHsgAem9MyM,1.7408,2.9014,1.8e-06,11781,0.0,
videos,IofkYPQPZ2w,1.7359,2.8932,1.79e-06,11782,0.0,
videos,OJVVmx1U8QI,1.7309,2.8849,1.79e-06,11784,0.0,
videos,eANkSg68Gto,1.726,2.8767,1.79e-06,11783,0.0,
videos,gQEdOGN-HXY,1.721,2.8684,1.79e-06,11785,0.0,
videos,fyxi9Oi9tUg,1.7161,2.8602,1.78e-06,11786,0.0,
videos,VG8ygzelWQ8,1.7112,2.852,1.78e-06,11789,0.0,
videos,qhYPoRe24EE,1.7062,2.8437,1.78e-06,11788,0.0,
videos,eSUrQY0c294,1.7013,2.8355,1.78e-06,11787,0.0,
videos,wrdqVl1rWhE,1.6963,2.8272,1.78e-06,11790,0.0,
videos,wLpzUR199U8,1.6914,2.819,1.77e-06,11794,0.0,
videos,eN9MGHSS_x4,1.6864,2.8107,1.77e-06,11792,0.0,
videos,I5k_ajQs63E,1.6815,2.8025,1.77e-06,11796,0.0,
videos,f1moVwyQ2vA,1.6766,2.7943,1.77e-06,11797,0.0,
videos,KRJzonECIY4,1.6716,2.786,1.77e-06,11798,0.0,
videos,CmP-RAn76Uc,1.6667,2.7778,1.77e-06,11795,0.0,
videos,Zm0dwdLZ5Ro,1.6617,2.7695,1.77e-06,11793,0.0,
videos,aPymyA1iAxY,1.6568,2.7613,1.77e-06,11791,0.0,
videos,CkRYrnKIvOY,1.6518,2.753,1.76e-06,11799,0.0,
videos,TVlDW0R7dxs,1.6469,2.7448,1.75e-06,11801,0.0,
videos,HhlZDnWtQhs,1.642,2.7366,1.75e-06,11800,0.0,
videos,vakUDiT5EQ8,1.637,2.7283,1.74e-06,11802,0.0,
videos,5_ECcI9Jxq8,1.6271,2.7118,1.73e-06,11804,0.0,
videos,MmMHir2u-tI,1.6222,2.7036,1.72e-06,11805,0.0,
videos,DEMqUlSSjd4,1.6172,2.6954,1.71e-06,11809,0.0,
videos,WhmySBfyAVo,1.6123,2.6871,1.71e-06,11808,0.0,
videos,f_qG1L1lWSs,1.6073,2.6789,1.71e-06,11807,0.0,
videos,9ShLuaUvDbM,1.6024,2.6706,1.71e-06,11806,0.0,
videos,UMRcSoVB8UQ,1.5974,2.6624,1.71e-06,11810,0.0,
videos,m9c2e5JtIks,1.5925,2.6541,1.68e-06,11814,0.0,
videos,lb7AKKk371M,1.5875,2.6459,1.68e-06,11812,0.0,
videos,5AwJ-3AyGnM,1.5826,2.6377,1.68e-06,11813,0.0,
videos,PWxxMDeJeFo,1.5727,2.6212,1.67e-06,11815,0.0,
videos,oskVikBcMuQ,1.5677,2.6129,1.66e-06,11818,0.0,
videos,Wop2aB4mAtc,1.5628,2.6047,1.66e-06,11817,0.0,
videos,UELIbx9S8Gs,1.548,2.58,1.65e-06,11820,0.0,
videos,gLllw4phdqU,1.543,2.5717,1.65e-06,11819,0.0,
videos,-QzmrGhd3Y4,1.5381,2.5635,1.65e-06,11822,0.0,
videos,NEuGSBuQKSg,1.5331,2.5552,1.64e-06,11824,0.0,
videos,dFTlDIcM_do,1.5282,2.547,1.64e-06,11825,0.0,
videos,eHCbx9meBnM,1.5232,2.5387,1.64e-06,11826,0.0,
videos,ytoslwPh1Z8,1.5183,2.5305,1.64e-06,11823,0.0,
videos,A-Jf5SewQKQ,1.5134,2.5223,1.63e-06,11830,0.0,
videos,cIcDB6fe6IY,1.5084,2.514,1.63e-06,11828,0.0,
videos,D96gQaP08Vk,1.5035,2.5058,1.63e-06,11827,0.0,
videos,TbkEAPcz1-k,1.4985,2.4975,1.63e-06,11829,0.0,
videos,u4djjwgYZJk,1.4936,2.4893,1.62e-06,11832,0.0,
videos,uss-O0cZDV4,1.4886,2.481,1.62e-06,11831,0.0,
videos,Za4qqzp7PLo,1.4837,2.4728,1.61e-06,11833,0.0,
videos,jCzcWFu3dHk,1.4788,2.4646,1.61e-06,11834,0.0,
videos,zFu31faEffw,1.4738,2.4563,1.61e-06,11836,0.0,
videos,3G54Gh4KPFc,1.4639,2.4398,1.61e-06,11835,0.0,
videos,eHcHQHSKd6k,1.459,2.4316,1.6e-06,11839,0.0,
videos,3OWV5exqW-I,1.454,2.4233,1.6e-06,11838,0.0,
videos,24CZd23Evhs,1.4491,2.4151,1.6e-06,11840,0.0,
videos,LzQobxQPpyY,1.4441,2.4069,1.59e-06,11843,0.0,
videos,AjhJxBxsEsU,1.4392,2.3986,1.59e-06,11842,0.0,
videos,rq4NbfIk78k,1.4342,2.3904,1.59e-06,11844,0.0,
videos,0oDjOl6TWWk,1.4293,2.3821,1.59e-06,11841,0.0,
videos,j2lvniDPuLA,1.4243,2.3739,1.58e-06,11845,0.0,
videos,-UJf99Vrby8,1.4194,2.3656,1.57e-06,11847,0.0,
videos,BBqj9r_boww,1.4144,2.3574,1.57e-06,11846,0.0,
videos,X2thweqNv40,1.4095,2.3492,1.57e-06,11848,0.0,
videos,swl_FNk6NuQ,1.4045,2.3409,1.56e-06,11850,0.0,
videos,s9J3XTPyqJU,1.3996,2.3327,1.56e-06,11852,0.0,
videos,kSKPbri0bys,1.3946,2.3244,1.56e-06,11849,0.0,
videos,UryujI48pLU,1.3897,2.3162,1.56e-06,11851,0.0,
videos,BpBOvYeflDQ,1.3847,2.3079,1.56e-06,11853,0.0,
videos,0UBILDJCMtk,1.3798,2.2997,1.55e-06,11855,0.0,
videos,WPa_NX7Oflc,1.3749,2.2915,1.55e-06,11856,0.0,
videos,46xSJDQokKY,1.3699,2.2832,1.55e-06,11854,0.0,
videos,uc338yWZWEs,1.365,2.275,1.54e-06,11859,0.0,
videos,qKbXPoinDzI,1.36,2.2667,1.54e-06,11858,0.0,
videos,7t9iLKLguZc,1.3551,2.2585,1.54e-06,11857,0.0,
videos,6JhJDjv5VFY,1.3501,2.2502,1.53e-06,11860,0.0,
videos,dAsVukbweoQ,1.3452,2.242,1.53e-06,11863,0.0,
videos,peJsicKIrUE,1.3353,2.2255,1.53e-06,11861,0.0,
videos,rr7pkK9j_mY,1.3304,2.2173,1.53e-06,11862,0.0,
videos,opB7_JXL0LA,1.3254,2.209,1.5e-06,11869,0.0,
videos,Swa06LTaVW0,1.3205,2.2008,1.5e-06,11867,0.0,
videos,VeJH9er4KdA,1.3155,2.1925,1.5e-06,11865,0.0,
videos,6N06r8Kmw2o,1.3106,2.1843,1.5e-06,11868,0.0,
videos,T46my-ptAzU,1.3057,2.1761,1.5e-06,11866,0.0,
videos,eSJrzCth-OI,1.2958,2.1596,1.49e-06,11871,0.0,
videos,nRE9WRoP3Kw,1.2908,2.1513,1.48e-06,11872,0.0,
videos,M_ICAi94A_w,1.2859,2.1431,1.47e-06,11873,0.0,
videos,acyNtgycub4,1.2809,2.1348,1.47e-06,11874,0.0,
videos,5qgxVXK4_EQ,1.276,2.1266,1.46e-06,11876,0.0,
videos,9PPGW9CpPek,1.271,2.1184,1.46e-06,11875,0.0,
videos,9s_oQOtqD48,1.2661,2.1101,1.45e-06,11877,0.0,
videos,sfGduiJSly4,1.2562,2.0936,1.44e-06,11879,0.0,
videos,imwhCzvoxwY,1.2512,2.0854,1.44e-06,11881,0.0,
videos,HLjNQ4GN_5M,1.2463,2.0772,1.44e-06,11880,0.0,
videos,KAgfgaL0iEM,1.2413,2.0689,1.43e-06,11885,0.0,
videos,mbFLeevsdag,1.2364,2.0607,1.43e-06,11882,0.0,
videos,rZ6iHC2te6A,1.2314,2.0524,1.43e-06,11884,0.0,
videos,Lri2LNYtERM,1.2215,2.0359,1.42e-06,11886,0.0,
videos,3adJfoBWllg,1.2166,2.0277,1.4e-06,11887,0.0,
videos,6EHU5PpUhXI,1.2117,2.0195,1.39e-06,11888,0.0,
videos,MSkZuj-a_1Y,1.2067,2.0112,1.38e-06,11890,0.0,
videos,3ISTQw70mpI,1.2018,2.003,1.38e-06,11891,0.0,
videos,A7zJKdSDVes,1.1968,1.9947,1.38e-06,11889,0.0,
videos,dBsMy4G_59A,1.1919,1.9865,1.37e-06,11894,0.0,
videos,BFz950W5c2M,1.1771,1.9618,1.36e-06,11896,0.0,
videos,OoE-05p3gJQ,1.1721,1.9535,1.36e-06,11897,0.0,
videos,8djTiFxXowQ,1.1672,1.9453,1.36e-06,11895,0.0,
videos,A_OfSjUR_OY,1.1622,1.937,1.36e-06,11898,0.0,
videos,IeVY9Ocpt44,1.1573,1.9288,1.35e-06,11899,0.0,
videos,cr3L8XDWwD8,1.1425,1.9041,1.33e-06,11903,0.0,
videos,RDZVdmnDzZ8,1.1326,1.8876,1.33e-06,11904,0.0,
videos,Yst-uHL76ec,1.1276,1.8793,1.32e-06,11907,0.0,
videos,aCnVQrwnyts,1.1227,1.8711,1.32e-06,11906,0.0,
videos,gbbEbHPk4GM,1.1177,1.8628,1.32e-06,11905,0.0,
videos,HnLxcYI4f0I,1.1128,1.8546,1.31e-06,11910,0.0,
videos,bCd5UHqR440,1.1078,1.8464,1.31e-06,11909,0.0,
videos,51mYsWwrYtM,1.0979,1.8299,1.3e-06,11911,0.0,
videos,ZlB_doXv6N4,1.093,1.8216,1.29e-06,11912,0.0,
videos,HJ29sE-5vZM,1.088,1.8134,1.29e-06,11915,0.0,
videos,nOhB8_1aWkk,1.0831,1.8051,1.29e-06,11916,0.0,
videos,qPEXiu-ZC5c,1.0781,1.7969,1.29e-06,11913,0.0,
videos,bnn0Ht-b9Ks,1.0682,1.7804,1.28e-06,11921,0.0,
videos,QsMuElorC7I,1.0633,1.7722,1.28e-06,11918,0.0,
videos,i8rG8yulL0s,1.0583,1.7639,1.28e-06,11917,0.0,
videos,xvbjnojUvi8,1.0534,1.7557,1.28e-06,11922,0.0,
videos,RzKiudJjad8,1.0435,1.7392,1.28e-06,11919,0.0,
videos,nDznxTitQ3s,1.0386,1.731,1.27e-06,11923,0.0,
videos,fPDMhpc2Nqg,1.0336,1.7227,1.27e-06,11924,0.0,
videos,ChPJw1sB7eM,1.0287,1.7145,1.27e-06,11926,0.0,
videos,0n_7ynImcOc,1.0237,1.7062,1.27e-06,11925,0.0,
videos,alEHC-FIe44,1.0188,1.698,1.26e-06,11927,0.0,
videos,GAwqzqproI4,1.0138,1.6897,1.26e-06,11928,0.0,
videos,8yy7OqdeuWc,1.0089,1.6815,1.25e-06,11930,0.0,
videos,LIZSu2YUOqs,1.004,1.6733,1.25e-06,11931,0.0,
videos,4aZ8KLhwcRs,0.999,1.665,1.25e-06,11933,0.0,
videos,xdHjOQqIFU4,0.9941,1.6568,1.25e-06,11932,0.0,
videos,fOWHaNJvCUY,0.9842,1.6403,1.24e-06,11934,0.0,
videos,CkeGiPlT9gA,0.9792,1.632,1.24e-06,11935,0.0,
videos,xbdidt-a2wQ,0.9743,1.6238,1.23e-06,11936,0.0,
videos,Xj9j7RkCPGo,0.9694,1.6156,1.23e-06,11937,0.0,
videos,5CDtpmz3gak,0.9595,1.5991,1.22e-06,11941,0.0,
videos,HQY7ebnqnF8,0.9545,1.5908,1.22e-06,11939,0.0,
videos,yAQKW7a9M_U,0.9496,1.5826,1.22e-06,11942,0.0,
videos,F5N-qS06t8o,0.9446,1.5743,1.22e-06,11940,0.0,
videos,sNb-qVNTvYE,0.9397,1.5661,1.21e-06,11943,0.0,
videos,mnOx8i3thHc,0.9347,1.5579,1.21e-06,11944,0.0,
videos,yF26ckTUVEc,0.9298,1.5496,1.2e-06,11948,0.0,
videos,LN94JKOonJs,0.9248,1.5414,1.2e-06,11947,0.0,
videos,qbnSbunxN20,0.9199,1.5331,1.2e-06,11949,0.0,
videos,XP9MVgxNXzk,0.9149,1.5249,1.2e-06,11945,0.0,
videos,FAmijLMUx-U,0.91,1.5167,1.2e-06,11946,0.0,
videos,Qb542D77DgE,0.905,1.5084,1.19e-06,11952,0.0,
videos,CvWUj9Njvfg,0.9001,1.5002,1.19e-06,11950,0.0,
videos,wPdrJWNiekI,0.8951,1.4919,1.19e-06,11951,0.0,
videos,kDZW5JzjXkY,0.8852,1.4754,1.18e-06,11957,0.0,
videos,cjvBwYgxUUY,0.8803,1.4672,1.18e-06,11954,0.0,
videos,HUHGc59xo5s,0.8754,1.459,1.18e-06,11956,0.0,
videos,ut-SGSW8UFU,0.8704,1.4507,1.18e-06,11955,0.0,
videos,Lf8VK32-Iwk,0.8655,1.4425,1.17e-06,11958,0.0,
videos,eikdXhyq1_4,0.8457,1.4095,1.16e-06,11961,0.0,
videos,nkUD1MNej6k,0.8408,1.4013,1.16e-06,11964,0.0,
videos,rZ2tbpHkZq4,0.8309,1.3848,1.15e-06,11969,0.0,
videos,x1ZOrkk8180,0.8259,1.3765,1.15e-06,11967,0.0,
videos,j8CpGFYpXRQ,0.821,1.3683,1.15e-06,11965,0.0,
videos,HVIh3SewmVU,0.816,1.36,1.15e-06,11966,0.0,
videos,o-woZYW6slI,0.8111,1.3518,1.15e-06,11968,0.0,
videos,-510nsUfWOc,0.8012,1.3353,1.14e-06,11971,0.0,
videos,eMFWsycSpLM,0.7963,1.3271,1.14e-06,11976,0.0,
videos,yEk-1fYO6Vw,0.7814,1.3023,1.14e-06,11978,0.0,
videos,gY9Olmx7p9Y,0.7765,1.2941,1.14e-06,11972,0.0,
videos,EVqF2XGN7iI,0.7715,1.2859,1.14e-06,11974,0.0,
videos,wh1sZNVvCUQ,0.7666,1.2776,1.14e-06,11977,0.0,
videos,Tnj4IKMZfjk,0.7616,1.2694,1.13e-06,11981,0.0,
videos,YaS0w9BLUJw,0.7567,1.2611,1.13e-06,11979,0.0,
videos,HJKRvogJaZY,0.7517,1.2529,1.13e-06,11980,0.0,
videos,ly1T5gjnZRQ,0.7468,1.2446,1.12e-06,11983,0.0,
videos,lGDOOH5B7yM,0.7418,1.2364,1.12e-06,11982,0.0,
videos,mU-BEgVhrJU,0.7319,1.2199,1.12e-06,11986,0.0,
videos,-iUl1JvklZ4,0.7171,1.1952,1.1e-06,11987,0.0,
videos,HhuYfDVaq-I,0.7072,1.1787,1.1e-06,11990,0.0,
videos,NnGLRUr0tqM,0.6973,1.1622,1.09e-06,11991,0.0,
videos,Zr3K43i7VLQ,0.6874,1.1457,1.08e-06,11994,0.0,
videos,tHfEL8293MI,0.6825,1.1375,1.08e-06,11995,0.0,
videos,lp9vQswnQvA,0.6775,1.1292,1.07e-06,11997,0.0,
videos,iCbWCjRTGzI,0.6677,1.1128,1.07e-06,11999,0.0,
videos,2R5yeA8SRFQ,0.6627,1.1045,1.07e-06,12000,0.0,
videos,M8i73O__Wzc,0.6479,1.0798,1.06e-06,12003,0.0,
videos,Lx832P5CxEw,0.6429,1.0715,1.06e-06,12006,0.0,
videos,FlfTTRJCrXE,0.638,1.0633,1.06e-06,12004,0.0,
videos,fYcIOb6FL_g,0.6281,1.0468,1.06e-06,12002,0.0,
videos,KjwZ4fZq5og,0.6232,1.0386,1.05e-06,12007,0.0,
videos,8Xg8e_uqRAw,0.6182,1.0303,1.05e-06,12009,0.0,
videos,bzR4M27l8k8,0.6083,1.0138,1.04e-06,12011,0.0,
videos,BRqVkoy7GC4,0.6034,1.0056,1.04e-06,12012,0.0,
videos,d-7HVeHYLH8,0.5984,0.9974,1.04e-06,12014,0.0,
videos,mciWDq7t8Gs,0.5885,0.9809,1.04e-06,12010,0.0,
videos,suEBVUsB62Q,0.5786,0.9644,1.03e-06,12015,0.0,
videos,m4-VnAjk04Q,0.5737,0.9561,1.02e-06,12019,0.0,
videos,tsoEFwD6KjU,0.5687,0.9479,1.02e-06,12017,0.0,
videos,ZuOS6_oBHAM,0.5638,0.9397,1.02e-06,12018,0.0,
videos,xBRJxL8qUsU,0.5588,0.9314,1.01e-06,12022,0.0,
videos,575HK9IiNb4,0.5539,0.9232,1.01e-06,12020,0.0,
videos,Xrjm-Cn-RaU,0.5489,0.9149,1.01e-06,12023,0.0,
videos,pz6a4CiI81E,0.5391,0.8985,1e-06,12025,0.0,
videos,vCpJCWzTqaY,0.5292,0.882,1e-06,12024,0.0,
videos,ESpBX2u6z5U,0.5242,0.8737,1e-06,12026,0.0,
videos,juBlTSm1V5U,0.5193,0.8655,1e-06,12027,0.0,
videos,uvtyL7U6Lqo,0.5143,0.8572,9.9e-07,12031,0.0,
videos,vUHIRYvmnBo,0.5094,0.849,9.9e-07,12030,0.0,
videos,CMSRg8kOip8,0.4946,0.8243,9.7e-07,12033,0.0,
videos,oB9bLRwL2N4,0.4896,0.816,9.7e-07,12038,0.0,
videos,iwAcIVr8jY4,0.4797,0.7995,9.7e-07,12036,0.0,
videos,_FUgk-aV7uo,0.4699,0.7831,9.7e-07,12035,0.0,
videos,0cIGomVH4G0,0.4649,0.7748,9.6e-07,12042,0.0,
videos,ni2q2eFEzrU,0.46,0.7666,9.6e-07,12039,0.0,
videos,CgbVevLetG8,0.4501,0.7501,9.6e-07,12041,0.0,
videos,QInGowtlGS4,0.4451,0.7418,9.5e-07,12043,0.0,
videos,-ktCtzqVhKk,0.4402,0.7336,9.5e-07,12045,0.0,
videos,haslzQGbaf8,0.4352,0.7254,9.5e-07,12046,0.0,
videos,IcOKdrwYtYk,0.4006,0.6677,9.3e-07,12054,0.0,
videos,xkgtWvrvwL0,0.3956,0.6594,9.3e-07,12051,0.0,
videos,CVOux-oJlNo,0.3907,0.6512,9.3e-07,12055,0.0,
videos,J-fIyzt7QaQ,0.3857,0.6429,9.3e-07,12052,0.0,
videos,BpLcfFvWjKM,0.3709,0.6182,9.2e-07,12059,0.0,
videos,g0I4QYw78Mc,0.366,0.61,9.2e-07,12060,0.0,
videos,tFlSOjDBuFk,0.361,0.6017,9.2e-07,12058,0.0,
videos,AFC9c7TDbEc,0.3561,0.5935,9.1e-07,12061,0.0,
videos,P0pOUt-dbfI,0.3511,0.5852,9.1e-07,12064,0.0,
videos,h9xmhOo_Lpo,0.3462,0.577,9.1e-07,12062,0.0,
videos,dlGdc9jnmmo,0.3412,0.5687,9.1e-07,12063,0.0,
videos,VXjiHfj3ABk,0.3363,0.5605,9e-07,12067,0.0,
videos,oJhuTPd3MNM,0.3314,0.5523,9e-07,12068,0.0,
videos,3mL7Ryy9mNw,0.3264,0.544,9e-07,12069,0.0,
videos,dEBQHp2i0Fk,0.3165,0.5275,9e-07,12065,0.0,
videos,os6HMSenhK4,0.3116,0.5193,8.9e-07,12070,0.0,
videos,vC4oyqRv-hk,0.3017,0.5028,8.8e-07,12077,0.0,
videos,HTeGL7NoUzc,0.2968,0.4946,8.8e-07,12076,0.0,
videos,rbXFxkgHLkA,0.2869,0.4781,8.8e-07,12074,0.0,
videos,PJGm3Papvk4,0.2819,0.4698,8.8e-07,12073,0.0,
videos,AsMygDVlMTY,0.277,0.4616,8.8e-07,12072,0.0,
videos,Cp2SV4hVINo,0.272,0.4533,8.7e-07,12078,0.0,
videos,e8mhJbKcbC4,0.2621,0.4369,8.6e-07,12082,0.0,
videos,CgERI9LtDLQ,0.2572,0.4286,8.6e-07,12080,0.0,
videos,xinLlsI8Ehk,0.2522,0.4204,8.6e-07,12083,0.0,
videos,bJFNVhY85GY,0.2473,0.4121,8.6e-07,12081,0.0,
videos,dSwJGXfWPts,0.2423,0.4039,8.5e-07,12087,0.0,
videos,_TfpJYV9MxQ,0.2324,0.3874,8.5e-07,12089,0.0,
videos,XxJ0G6XdGNM,0.2275,0.3792,8.5e-07,12086,0.0,
videos,pn1NUZKqdfY,0.2176,0.3627,8.5e-07,12084,0.0,
videos,JBWKqDZ8OE8,0.2126,0.3544,8.5e-07,12085,0.0,
videos,DggE6JfR1HY,0.1978,0.3297,8.4e-07,12094,0.0,
videos,bkrbew3Ls60,0.1879,0.3132,8.3e-07,12097,0.0,
videos,IkUYiNcbA_g,0.183,0.305,8.3e-07,12095,0.0,
videos,-gm0b14VVO4,0.178,0.2967,8.3e-07,12096,0.0,
videos,jcgXL8igAbQ,0.1682,0.2803,8.2e-07,12098,0.0,
videos,c3JCoC8P9lE,0.1632,0.272,8.1e-07,12101,0.0,
videos,wItgvJfVahQ,0.1533,0.2555,8.1e-07,12102,0.0,
videos,DMwhoWqTdZM,0.1484,0.2473,8e-07,12104,0.0,
videos,bLehD7b8_0U,0.1434,0.239,8e-07,12103,0.0,
videos,aHWVgZbDqH8,0.1385,0.2308,7.9e-07,12105,0.0,
videos,wg_AdvvPY9E,0.1336,0.2226,7.9e-07,12106,0.0,
videos,DlurMxYjkgk,0.1286,0.2143,7.8e-07,12108,0.0,
videos,Tn2zzHKpqJ4,0.1237,0.2061,7.8e-07,12107,0.0,
videos,zxQOuxNKUys,0.1187,0.1978,7.7e-07,12109,0.0,
videos,-Ap6qWvqk0I,0.1138,0.1896,7.6e-07,12114,0.0,
videos,AOBAaxALBhU,0.1039,0.1731,7.6e-07,12110,0.0,
videos,pFFVZcPZrOo,0.094,0.1566,7.6e-07,12113,0.0,
videos,HcZ1o6Cm6iQ,0.089,0.1484,7.4e-07,12115,0.0,
videos,628VXdL0L-o,0.0742,0.1236,6.8e-07,12119,0.0,
videos,kOWm12AxZIA,0.0692,0.1154,6.8e-07,12118,0.0,
videos,dGA6VXk2cMs,0.0643,0.1072,6.8e-07,12120,0.0,
videos,NaLjL7_unhY,0.0593,0.0989,6.7e-07,12121,0.0,
videos,6bAdZ9fPiV8,0.0544,0.0907,6.6e-07,12122,0.0,
videos,pSf0FKQsta0,0.0494,0.0824,6.6e-07,12124,0.0,
videos,1SNA5D-I6jI,0.0445,0.0742,6.6e-07,12123,0.0,
videos,GLJJ52i2eyM,0.0395,0.0659,6.1e-07,12125,0.0,
videos,wo-GZ0_IUP8,0.0297,0.0495,5.6e-07,12127,0.0,
videos,VQrZthiGfaE,0.0247,0.0412,4.7e-07,12128,0.0,
videos,VvkxQ-blZYA,0.0198,0.033,4.6e-07,12129,0.0,
videos,ooAwl1HBxXQ,0.0148,0.0247,4.5e-07,12130,0.0,
videos,hrIY-clbdg8,0.0099,0.0165,4.4e-07,12131,0.0,
