execution_date,video_id,views_delta,likes_delta,comments_delta,previous_views,current_views,previous_likes,current_likes,previous_comments,current_comments,is_new_video,title_changed,description_changed,tags_changed
2026-05-07T11:23:42.805421+00:00,3W1KfxQnQiU,141,5,0,12101,12242,747,752,33,33,False,False,False,False
2026-05-07T11:23:42.805421+00:00,VKaslzzv1QM,427,6,0,99706,100133,3435,3441,207,207,False,False,False,False
2026-05-07T11:23:42.805421+00:00,E6IrH04B8wg,6,0,0,6426,6432,94,94,9,9,False,False,False,False
2026-05-07T11:23:42.805421+00:00,SYdW3cZKdmY,11,0,0,12965,12976,302,302,10,10,False,False,False,False
2026-05-07T11:23:42.805421+00:00,TSAh8dzN0cw,4,0,0,10811,10815,246,246,3,3,False,False,False,False
2026-05-07T11:23:42.805421+00:00,DHk0gFHyHeE,116,3,0,151336,151452,4655,4658,365,365,False,False,False,False
2026-05-07T11:23:42.805421+00:00,QSe13hyv68o,77,1,0,33590,33667,504,505,18,18,False,False,False,False
2026-05-07T11:23:42.805421+00:00,PZ2yduZysf0,6,0,0,5963,5969,168,168,7,7,False,False,False,False
2026-05-07T11:23:42.805421+00:00,Rdfd1KAX6NU,2,0,0,7571,7573,261,261,5,5,False,False,False,False
2026-05-07T11:23:42.805421+00:00,uAOfsghz2NY,17,0,0,28365,28382,232,232,12,12,False,False,False,False
2026-05-07T11:23:42.805421+00:00,qCFEWA_Nu3k,16,0,0,25104,25120,481,481,9,9,False,False,False,False
2026-05-07T11:23:42.805421+00:00,aNfOwttNQcg,3,0,0,4483,4486,115,115,2,2,False,False,False,False
2026-05-07T11:23:42.805421+00:00,Xq-4lUaLIp8,3,0,0,7680,7683,186,186,4,4,False,False,False,False
2026-05-07T11:23:42.805421+00:00,ZB9IMq0ee0k,32,1,0,66296,66328,2914,2915,177,177,False,False,False,False
2026-05-07T11:23:42.805421+00:00,Lw3RJgDjXh0,3,0,0,7307,7310,170,170,1,1,False,False,False,False
2026-05-07T11:23:42.805421+00:00,PiKd0maLI6o,4,0,0,10479,10483,613,613,8,8,False,False,False,False
2026-05-07T11:23:42.805421+00:00,mTqDtRTKvqE,4,0,0,6417,6421,221,221,18,18,False,False,False,False
2026-05-07T11:23:42.805421+00:00,BwIlVEvq7mU,2,0,0,6951,6953,142,142,8,8,False,False,False,False
2026-05-07T11:23:42.805421+00:00,lrl7lslhv2s,5,0,0,8684,8689,300,300,3,3,False,False,False,False
2026-05-07T11:23:42.805421+00:00,BPt0fwBCDbQ,410,1,0,374632,375042,4432,4433,112,112,False,False,False,False
2026-05-07T11:23:42.805421+00:00,EvauKuWaNmk,104,2,0,61409,61513,2829,2831,269,269,False,False,False,False
2026-05-07T11:23:42.805421+00:00,zEUstENVghI,6,0,0,12701,12707,424,424,34,34,False,False,False,False
2026-05-07T11:23:42.805421+00:00,Enic64S66_s,2,0,0,6095,6097,168,168,3,3,False,False,False,False
2026-05-07T11:23:42.805421+00:00,YldxYShWvGE,2,0,0,7186,7188,148,148,2,2,False,False,False,False
2026-05-07T11:23:42.805421+00:00,QeK4l-iH51Y,1,0,0,4410,4411,152,152,4,4,False,False,False,False
2026-05-07T11:23:42.805421+00:00,tqD_yn5Y_zQ,1,0,0,4060,4061,67,67,1,1,False,False,False,False
2026-05-07T11:23:42.805421+00:00,VjqsnOrW3AM,1505,31,0,125349,126854,3084,3115,116,116,False,False,False,False
2026-05-07T11:23:42.805421+00:00,sjbKZ4CY1Ow,1041,13,1,146312,147353,2257,2270,126,127,False,False,False,False
2026-05-07T11:23:42.805421+00:00,iaYdIU5n6vw,1690,45,-5,685654,687344,13179,13224,2049,2044,False,False,False,False
2026-05-07T11:23:42.805421+00:00,Fy8H9I2kJkI,692,7,0,324174,324866,5021,5028,284,284,False,False,False,False
2026-05-07T11:23:42.805421+00:00,AVyYMXc_t9s,40,1,0,8383,8423,457,458,36,36,False,False,False,False
2026-05-07T11:23:42.805421+00:00,HOwVuamQvTc,9,0,0,6568,6577,359,359,11,11,False,False,False,False
2026-05-07T11:23:42.805421+00:00,k0ZYVWoVWAc,62,1,0,20291,20353,885,886,200,200,False,False,False,False
2026-05-07T11:23:42.805421+00:00,ra8QknbAJs4,9,0,0,5296,5305,183,183,6,6,False,False,False,False
2026-05-07T11:23:42.805421+00:00,TpncXdKNLTQ,24,0,0,4930,4954,146,146,4,4,False,False,False,False
2026-05-07T11:23:42.805421+00:00,7m9uIc31Egw,6,0,0,6970,6976,261,261,7,7,False,False,False,False
2026-05-07T11:23:42.805421+00:00,q__FKs64J28,3,0,0,3408,3411,171,171,2,2,False,False,False,False
2026-05-07T11:23:42.805421+00:00,C9V8L2emj9M,9,0,0,3895,3904,196,196,0,0,False,False,False,False
2026-05-07T11:23:42.805421+00:00,EZLeWRbCEbA,186,4,0,40742,40928,1595,1599,90,90,False,False,False,False
2026-05-07T11:23:42.805421+00:00,QduEFho6dLg,15,0,0,9369,9384,541,541,30,30,False,False,False,False
2026-05-07T11:23:42.805421+00:00,ZhRgnBzcYHQ,464,24,1,48429,48893,3127,3151,95,96,False,False,False,False
2026-05-07T11:23:42.805421+00:00,6WqWhSmCbXk,1450,39,3,118127,119577,4445,4484,224,227,False,False,False,False
2026-05-07T11:23:42.805421+00:00,pdNaIhcp3z4,175,3,2,28792,28967,1301,1304,84,86,False,False,False,False
2026-05-07T11:23:42.805421+00:00,_BHe9R7pYNw,24,0,1,8211,8235,577,577,35,36,False,False,False,False
2026-05-07T11:23:42.805421+00:00,5Z4z2oEoxw8,80,3,0,29427,29507,1606,1609,79,79,False,False,False,False
2026-05-07T11:23:42.805421+00:00,0O8CF6F7CVs,0,0,0,0,0,0,0,0,0,False,False,False,False
2026-05-07T11:23:42.805421+00:00,7Ocx3WwDK_c,5,0,0,4406,4411,189,189,6,6,False,False,False,False
2026-05-07T11:23:42.805421+00:00,Cp3DxMyEBIM,1426,20,3,156154,157580,3600,3620,299,302,False,False,False,False
2026-05-07T11:23:42.805421+00:00,M_FKC2NTb24,147,2,0,26576,26723,527,529,9,9,False,False,False,False
2026-05-07T11:23:42.805421+00:00,5zwotvZ1rl0,52,0,0,12854,12906,302,302,35,35,False,False,False,False
2026-05-07T11:23:42.805421+00:00,F1D4G7VTBnY,5,0,0,3968,3973,172,172,1,1,False,False,False,False
2026-05-07T11:23:42.805421+00:00,kp1dLUox9_Y,20,1,0,21732,21752,919,920,31,31,False,False,False,False
2026-05-07T11:23:42.805421+00:00,FR04V2DkErI,2,0,0,2321,2323,109,109,0,0,False,False,False,False
2026-05-07T11:23:42.805421+00:00,raie7EtagZk,3,0,0,10677,10680,946,946,9,9,False,False,False,False
2026-05-07T11:23:42.805421+00:00,2Z1aJVGA1-M,4,0,0,7340,7344,301,301,8,8,False,False,False,False
2026-05-07T11:23:42.805421+00:00,6cUe6qrXxJU,8,-1,0,15125,15133,508,507,11,11,False,False,False,False
2026-05-07T11:23:42.805421+00:00,5DilrEUdYnY,1,0,0,4719,4720,356,356,4,4,False,False,False,False
2026-05-07T11:23:42.805421+00:00,Nq-c06vj5PM,137,3,1,25937,26074,761,764,117,118,False,False,False,False
2026-05-07T11:23:42.805421+00:00,7u0DJM1SNPs,28,0,0,21068,21096,357,357,8,8,False,False,False,False
2026-05-07T11:23:42.805421+00:00,FAerQflosns,3,0,0,7922,7925,290,290,12,12,False,False,False,False
2026-05-07T11:23:42.805421+00:00,l8F9Omk197E,1,0,0,9035,9036,284,284,5,5,False,False,False,False
2026-05-07T11:23:42.805421+00:00,IwjPma4PPTM,593,25,2,80298,80891,4473,4498,104,106,False,False,False,False
2026-05-07T11:23:42.805421+00:00,XXZ2wOom1l0,1278,47,1,106722,108000,4985,5032,137,138,False,False,False,False
2026-05-07T11:23:42.805421+00:00,Lqq78q17jDY,7681,320,23,462200,469881,24389,24709,1330,1353,False,False,False,False
2026-05-07T11:23:42.805421+00:00,sKME5er1OKc,2778,138,12,198818,201596,10328,10466,484,496,False,False,False,False
2026-05-07T11:23:42.805421+00:00,r6AB_e8Rk1I,397,18,0,155887,156284,5534,5552,189,189,False,False,False,False
2026-05-07T11:23:42.805421+00:00,OkuWh46I4m4,400,6,0,19060,19460,1110,1116,36,36,False,False,False,False
2026-05-07T11:23:42.805421+00:00,THMW7bXTog4,1125,66,1,192292,193417,14801,14867,168,169,False,False,False,False
2026-05-07T11:23:42.805421+00:00,uvfU2B8b4G4,210,4,0,49698,49908,2386,2390,24,24,False,False,False,False
2026-05-07T11:23:42.805421+00:00,G9L3zK57X6Y,65,2,0,90173,90238,4768,4770,85,85,False,False,False,False
2026-05-07T11:23:42.805421+00:00,TeheJAFWwYs,50,3,0,8704,8754,525,528,58,58,False,False,False,False
2026-05-07T11:23:42.805421+00:00,uSjcVPbJayU,1294,53,1,334815,336109,17940,17993,1033,1034,False,False,False,False
2026-05-07T11:23:42.805421+00:00,au_CNv7ZBS4,13,0,0,16218,16231,1010,1010,31,31,False,False,False,False
2026-05-07T11:23:42.805421+00:00,UszcZZ1QZho,118,0,0,24832,24950,835,835,26,26,False,False,False,False
2026-05-07T11:23:42.805421+00:00,UN6X2Jj-qrQ,37,1,0,9858,9895,785,786,4,4,False,False,False,False
2026-05-07T11:23:42.805421+00:00,9361MUAmA24,50,3,0,15597,15647,1132,1135,13,13,False,False,False,False
2026-05-07T11:23:42.805421+00:00,sQoa8y7eN-8,60,1,0,8944,9004,735,736,6,6,False,False,False,False
2026-05-07T11:23:42.805421+00:00,UacKz43AiDQ,3,0,0,2240,2243,63,63,1,1,False,False,False,False
2026-05-07T11:23:42.805421+00:00,9T90MfOpaZY,4,0,0,2117,2121,74,74,10,10,False,False,False,False
2026-05-07T11:23:42.805421+00:00,5qoKwHygsy8,9,0,0,3532,3541,152,152,6,6,False,False,False,False
2026-05-07T11:23:42.805421+00:00,0IGNbK4bbXA,113,4,0,16323,16436,1031,1035,66,66,False,False,False,False
2026-05-07T11:23:42.805421+00:00,ppy-SwlSnEo,3,0,0,2450,2453,85,85,2,2,False,False,False,False
2026-05-07T11:23:42.805421+00:00,-bFkzPRxH4w,33,1,2,15284,15317,269,270,399,401,False,False,False,False
2026-05-07T11:23:42.805421+00:00,87jnYKGVetM,55,1,0,31363,31418,1202,1203,12,12,False,False,False,False
2026-05-07T11:23:42.805421+00:00,zyJ1yZwX_tE,172,4,0,45300,45472,1031,1035,5,5,False,False,False,False
2026-05-07T11:23:42.805421+00:00,IJJbQTVdAtE,402,9,0,81123,81525,2591,2600,15,15,False,False,False,False
2026-05-07T11:23:42.805421+00:00,rhVEOqNhjKo,147,3,0,33559,33706,1000,1003,16,16,False,False,False,False
2026-05-07T11:23:42.805421+00:00,myMj_ZfZ_xI,91,1,0,46242,46333,1045,1046,9,9,False,False,False,False
2026-05-07T11:23:42.805421+00:00,wd_xh6gSSOs,337,20,0,65524,65861,2980,3000,54,54,False,False,False,False
2026-05-07T11:23:42.805421+00:00,p5zWy46yWxU,456,4,0,65199,65655,1257,1261,16,16,False,False,False,False
2026-05-07T11:23:42.805421+00:00,IQZiAOokKXo,114,2,0,30048,30162,752,754,3,3,False,False,False,False
2026-05-07T11:23:42.805421+00:00,x3P8Zqux4A4,94,2,0,58783,58877,2309,2311,16,16,False,False,False,False
2026-05-07T11:23:42.805421+00:00,7vdW8a6jEfw,39,0,0,38364,38403,1220,1220,10,10,False,False,False,False
2026-05-07T11:23:42.805421+00:00,wJwQm_aqC8U,21,0,0,26609,26630,1166,1166,8,8,False,False,False,False
2026-05-07T11:23:42.805421+00:00,I-rogofBX8c,37,1,0,25755,25792,952,953,7,7,False,False,False,False
2026-05-07T11:23:42.805421+00:00,HEW0VJx9iw0,59,0,0,56120,56179,2051,2051,15,15,False,False,False,False
2026-05-07T11:23:42.805421+00:00,GMXWOLJHnJc,26,0,0,69495,69521,3037,3037,29,29,False,False,False,False
2026-05-07T11:23:42.805421+00:00,gtdao7DVsBo,30,0,0,28638,28668,843,843,7,7,False,False,False,False
2026-05-07T11:23:42.805421+00:00,tveRHTJJyy8,20,0,0,22137,22157,802,802,5,5,False,False,False,False
2026-05-07T11:23:42.805421+00:00,DB1fSfulSJQ,19,1,0,61933,61952,2413,2414,17,17,False,False,False,False
2026-05-07T11:23:42.805421+00:00,FpwEaued1Hc,13,1,0,46407,46420,2302,2303,29,29,False,False,False,False
2026-05-07T11:23:42.805421+00:00,0EqJD2o-Mnk,476,7,-5,45046,45522,1035,1042,61,56,False,False,False,False
2026-05-07T11:23:42.805421+00:00,Y9HJ_U3TdXk,3596,92,0,188179,191775,6614,6706,32,32,False,False,False,False
2026-05-07T11:23:42.805421+00:00,f7fbvRa4eJE,12,0,0,27128,27140,775,775,11,11,False,False,False,False
2026-05-07T11:23:42.805421+00:00,01NMf5-J_P4,28,1,0,57528,57556,2477,2478,19,19,False,False,False,False
2026-05-07T11:23:42.805421+00:00,OuOIrxBXB0M,165,1,0,133477,133642,2890,2891,20,20,False,False,False,False
2026-05-07T11:23:42.805421+00:00,wR8P970sqH8,10,0,0,25900,25910,1003,1003,9,9,False,False,False,False
2026-05-07T11:23:42.805421+00:00,664cs6FZEZo,53,0,0,70253,70306,1995,1995,35,35,False,False,False,False
2026-05-07T11:23:42.805421+00:00,ABoKfabPQyY,2872,25,0,244443,247315,5007,5032,48,48,False,False,False,False
2026-05-07T11:23:42.805421+00:00,UQXupr6-Wmg,65,0,0,66956,67021,2112,2112,20,20,False,False,False,False
2026-05-07T11:23:42.805421+00:00,s47EWzAbZL4,12,0,0,46749,46761,1166,1166,9,9,False,False,False,False
2026-05-07T11:23:42.805421+00:00,Wj8owIKaQKQ,18,1,0,32744,32762,1678,1679,15,15,False,False,False,False
2026-05-07T11:23:42.805421+00:00,0moz0GJcIHg,14,0,0,28346,28360,1034,1034,14,14,False,False,False,False
2026-05-07T11:23:42.805421+00:00,5tW7CPAVii0,2315,35,0,265405,267720,7334,7369,152,152,False,False,False,False
2026-05-07T11:23:42.805421+00:00,vrW0swCG3Kg,5,0,0,31604,31609,1669,1669,26,26,False,False,False,False
2026-05-07T11:23:42.805421+00:00,yIUDe9YH0ac,2564,65,2,226647,229211,6193,6258,101,103,False,False,False,False
2026-05-07T11:23:42.805421+00:00,Z0uWs_W9S1A,9,0,0,15181,15190,439,439,12,12,False,False,False,False
2026-05-07T11:23:42.805421+00:00,uWOLkr7S47A,43,0,0,75919,75962,1768,1768,5,5,False,False,False,False
2026-05-07T11:23:42.805421+00:00,E7PxcFm-Xs8,14,1,0,30134,30148,1384,1385,6,6,False,False,False,False
2026-05-07T11:23:42.805421+00:00,FfMFahO2VE4,7,0,0,31239,31246,1625,1625,13,13,False,False,False,False
2026-05-07T11:23:42.805421+00:00,jq7ocNZXg_s,12,0,0,25405,25417,2602,2602,43,43,False,False,False,False
2026-05-07T11:23:42.805421+00:00,fHes8kAGJHs,9,0,0,39424,39433,1628,1628,12,12,False,False,False,False
2026-05-07T11:23:42.805421+00:00,fr78adfAnuA,704,12,-18,161145,161849,4961,4973,201,183,False,False,False,False
2026-05-07T11:23:42.805421+00:00,HnafDG2aj1I,4,0,0,29645,29649,928,928,6,6,False,False,False,False
2026-05-07T11:23:42.805421+00:00,nJ0oh5u6YbM,500,9,0,124288,124788,4272,4281,30,30,False,False,False,False
2026-05-07T11:23:42.805421+00:00,07T7V-Szcx0,11413,190,1,496947,508360,14339,14529,230,231,False,False,False,False
2026-05-07T11:23:42.805421+00:00,gS87TtB9nk4,82,0,0,109586,109668,2282,2282,22,22,False,False,False,False
2026-05-07T11:23:42.805421+00:00,mPbb2Gk3fr4,20,1,0,53640,53660,1509,1510,6,6,False,False,False,False
2026-05-07T11:23:42.805421+00:00,CZtseHx5dAM,10,0,0,33215,33225,1100,1100,11,11,False,False,False,False
2026-05-07T11:23:42.805421+00:00,DykSRxbFZZo,8,0,0,29382,29390,1148,1148,16,16,False,False,False,False
2026-05-07T11:23:42.805421+00:00,g47pe7T6-KE,7,0,0,25616,25623,1379,1379,11,11,False,False,False,False
2026-05-07T11:23:42.805421+00:00,0Z1lChyi2W4,2671,40,1,637960,640631,16927,16967,573,574,False,False,False,False
2026-05-07T11:23:42.805421+00:00,v_1Dhh8G84c,4246,109,0,1808496,1812742,49519,49628,735,735,False,False,False,False
2026-05-07T11:23:42.805421+00:00,pcAJLeGAtwc,2193,32,0,1014864,1017057,26143,26175,491,491,False,False,False,False
2026-05-07T11:23:42.805421+00:00,roUppNywDks,4478,41,11,914735,919213,15424,15465,6639,6650,False,False,False,False
2026-05-07T11:23:42.805421+00:00,Bcag49Fk3zA,5437,131,3,1405321,1410758,42279,42410,438,441,False,False,False,False
2026-05-07T11:23:42.805421+00:00,0HSNPIttevk,13529,168,8,1028250,1041779,24228,24396,779,787,False,False,False,False
2026-05-07T11:23:42.805421+00:00,IMM5cm6xrXQ,3956,56,3,1568951,1572907,33406,33462,855,858,False,False,False,False
2026-05-07T11:23:42.805421+00:00,0t118SCf-2w,1754,14,0,1971470,1973224,34086,34100,606,606,False,False,False,False
2026-05-07T11:23:42.805421+00:00,_WrHMsTYlOU,10737,139,11,981989,992726,25589,25728,1307,1318,False,False,False,False
2026-05-07T11:23:42.805421+00:00,-uSQcEfnKp0,1815,34,-1,656920,658735,22841,22875,695,694,False,False,False,False
2026-05-07T11:23:42.805421+00:00,S0WQP5GeTZs,1856,13,0,955197,957053,23940,23953,731,731,False,False,False,False
2026-05-07T11:23:42.805421+00:00,OwbaFLtBpkQ,1646,18,0,692397,694043,14489,14507,271,271,False,False,False,False
2026-05-07T11:23:42.805421+00:00,UncqiOQc4rI,20299,351,4,3758449,3778748,105981,106332,1392,1396,False,False,False,False
2026-05-07T11:23:42.805421+00:00,8u7HqZJQHDM,5999,66,10,1020231,1026230,15629,15695,5709,5719,False,False,False,False
2026-05-07T11:23:42.805421+00:00,K9S3YgFZN9Y,1384,19,0,659984,661368,15049,15068,275,275,False,False,False,False
2026-05-07T11:23:42.805421+00:00,WeliLUboy3M,1181,8,0,1216020,1217201,19103,19111,547,547,False,False,False,False
2026-05-07T11:23:42.805421+00:00,Czf68kDF_7Y,18672,347,5,2452183,2470855,58011,58358,1011,1016,False,False,False,False
2026-05-07T11:23:42.805421+00:00,kTlm_3HwRFg,1519,30,0,350068,351587,8224,8254,90,90,False,False,False,False
2026-05-07T11:23:42.805421+00:00,ucN2hf0CgI8,12349,171,1,1527180,1539529,37482,37653,356,357,False,False,False,False
2026-05-07T11:23:42.805421+00:00,up__2flbXw4,2050,32,2,950886,952936,19198,19230,450,452,False,False,False,False
2026-05-07T11:23:42.805421+00:00,msYTFQ4OIu8,4071,35,4,1020940,1025011,14978,15013,6888,6892,False,False,False,False
2026-05-07T11:23:42.805421+00:00,9LsgBjswQZY,369,4,0,137955,138324,2774,2778,33,33,False,False,False,False
2026-05-07T11:23:42.805421+00:00,HRxULulg_hM,2785,93,1,975000,977785,29798,29891,378,379,False,False,False,False
2026-05-07T11:23:42.805421+00:00,5wuHYQMnYhA,8821,340,6,952946,961767,35996,36336,719,725,False,False,False,False
2026-05-07T11:23:42.805421+00:00,D4fkiQfzw_I,1558,53,4,137210,138768,6088,6141,290,294,False,False,False,False
2026-05-07T11:23:42.805421+00:00,XAQ275WwWnw,39,0,0,16370,16409,463,463,6,6,False,False,False,False
2026-05-07T11:23:42.805421+00:00,VREVC0wXPfs,76,1,0,26431,26507,709,710,3,3,False,False,False,False
2026-05-07T11:23:42.805421+00:00,MSl5mD3E7PE,93,1,0,21594,21687,1921,1922,103,103,False,False,False,False
2026-05-07T11:23:42.805421+00:00,J9p4GMskefU,151,9,0,31834,31985,2916,2925,87,87,False,False,False,False
2026-05-07T11:23:42.805421+00:00,MX1a5garnwc,86,4,1,9241,9327,615,619,96,97,False,False,False,False
2026-05-07T11:23:42.805421+00:00,v8z-clVwRxM,89,2,0,33672,33761,1049,1051,100,100,False,False,False,False
2026-05-07T11:23:42.805421+00:00,e7IyFScAa-Q,201,1,0,19242,19443,712,713,54,54,False,False,False,False
2026-05-07T11:23:42.805421+00:00,1gyuiKoSc-w,169,3,0,7166,7335,268,271,16,16,False,False,False,False
2026-05-07T11:23:42.805421+00:00,-tzJJPnAenI,12,0,0,3114,3126,147,147,0,0,False,False,False,False
2026-05-07T11:23:42.805421+00:00,vaEGXlhFrJQ,0,0,0,170,170,6,6,1,1,False,False,False,False
2026-05-07T11:23:42.805421+00:00,BYv6i1MhiRA,0,0,0,2694,2694,21,21,0,0,False,False,False,False
2026-05-07T11:23:42.805421+00:00,lYpHv3Tg0Vg,4,0,0,15414,15418,356,356,3,3,False,False,False,False
2026-05-07T11:23:42.805421+00:00,kFVzax1iFW8,1,0,0,213,214,11,11,0,0,False,False,False,False
2026-05-07T11:23:42.805421+00:00,u03PlL13QDw,0,0,0,3414,3414,50,50,0,0,False,False,False,False
2026-05-07T11:23:42.805421+00:00,bjFyP8D_XvM,0,0,0,1903,1903,135,135,0,0,False,False,False,False
2026-05-07T11:23:42.805421+00:00,dUo1R8tp6zQ,0,0,0,279,279,15,15,0,0,False,False,False,False
2026-05-07T11:23:42.805421+00:00,YPM2Fep2P3A,0,0,0,1811,1811,89,89,2,2,False,False,False,False
2026-05-07T11:23:42.805421+00:00,uJzhn5czGL4,0,0,0,1625,1625,112,112,2,2,False,False,False,False
2026-05-07T11:23:42.805421+00:00,V4tlvp9IP_8,0,0,0,184,184,21,21,3,3,False,False,False,False
2026-05-07T11:23:42.805421+00:00,dCJJcNtrNjo,0,0,0,1141,1141,74,74,0,0,False,False,False,False
2026-05-07T11:23:42.805421+00:00,WVEngsk1RuQ,0,0,0,1746,1746,80,80,0,0,False,False,False,False
2026-05-07T11:23:42.805421+00:00,IkNEALHWXUo,5,0,0,666,671,24,24,1,1,False,False,False,False
2026-05-07T11:23:42.805421+00:00,8XfsycyMf48,5,0,0,4572,4577,215,215,1,1,False,False,False,False
2026-05-07T11:23:42.805421+00:00,Tx6waClZSYM,3,0,0,2958,2961,137,137,1,1,False,False,False,False
2026-05-07T11:23:42.805421+00:00,4NHnN9EmDk0,0,0,0,368,368,27,27,2,2,False,False,False,False
2026-05-07T11:23:42.805421+00:00,UkbeRKmr5kM,42,0,0,56226,56268,677,677,13,13,False,False,False,False
2026-05-07T11:23:42.805421+00:00,vd8fb3noIgY,1,0,0,16996,16997,1359,1359,16,16,False,False,False,False
2026-05-07T11:23:42.805421+00:00,nZlhHf8vSbU,2,0,0,9204,9206,928,928,8,8,False,False,False,False
2026-05-07T11:23:42.805421+00:00,qsJSGpOs5q4,4,0,0,14601,14605,863,863,7,7,False,False,False,False
2026-05-07T11:23:42.805421+00:00,Mxv60XerzG4,6,0,0,7405,7411,514,514,16,16,False,False,False,False
2026-05-07T11:23:42.805421+00:00,pVXm6lt1F7w,15,1,0,21125,21140,2082,2083,18,18,False,False,False,False
2026-05-07T11:23:42.805421+00:00,jIj6PuMrDGA,76,7,0,43073,43149,3038,3045,35,35,False,False,False,False
2026-05-07T11:23:42.805421+00:00,XzkJ2WrHR2c,7,0,0,19344,19351,1149,1149,39,39,False,False,False,False
2026-05-07T11:23:42.805421+00:00,PMX-urJB7uw,0,0,0,2761,2761,238,238,6,6,False,False,False,False
2026-05-07T11:23:42.805421+00:00,MdYM6kw372Q,24,0,0,17300,17324,1096,1096,19,19,False,False,False,False
2026-05-07T11:23:42.805421+00:00,3QRWlCFdzyE,22,1,0,20745,20767,971,972,20,20,False,False,False,False
2026-05-07T11:23:42.805421+00:00,rXs8JlFIS-U,1,0,0,17951,17952,924,924,15,15,False,False,False,False
2026-05-07T11:23:42.805421+00:00,SK8tkpErsm8,6,0,0,22244,22250,1236,1236,16,16,False,False,False,False
2026-05-07T11:23:42.805421+00:00,RBz3O-4xBYE,1,0,0,14967,14968,1259,1259,34,34,False,False,False,False
2026-05-07T11:23:42.805421+00:00,03uRM4Uz5t8,0,0,0,19977,19977,1408,1408,39,39,False,False,False,False
2026-05-07T11:23:42.805421+00:00,rzqgWnJPamU,0,0,0,2993,2993,160,160,4,4,False,False,False,False
2026-05-07T11:23:42.805421+00:00,nLlqkXdlNsM,1,0,0,23666,23667,1064,1064,13,13,False,False,False,False
2026-05-07T11:23:42.805421+00:00,fIZkXHaOuvY,2,0,0,2560,2562,123,123,4,4,False,False,False,False
2026-05-07T11:23:42.805421+00:00,t3oZncJYgwE,3,-1,0,3905,3908,359,358,5,5,False,False,False,False
2026-05-07T11:23:42.805421+00:00,h5Snd8uqih8,1,0,0,2808,2809,118,118,3,3,False,False,False,False
2026-05-07T11:23:42.805421+00:00,Z-xAO96GQtU,7,0,0,10295,10302,1127,1127,6,6,False,False,False,False
2026-05-07T11:23:42.805421+00:00,TlwFNKM1OyA,2,0,0,6278,6280,403,403,7,7,False,False,False,False
2026-05-07T11:23:42.805421+00:00,kLZUfQUWNNw,1,0,0,2296,2297,150,150,7,7,False,False,False,False
2026-05-07T11:23:42.805421+00:00,uOGqRV25LOc,1,0,0,2008,2009,99,99,2,2,False,False,False,False
2026-05-07T11:23:42.805421+00:00,FOyH5MIRyD4,3,0,0,18674,18677,1041,1041,10,10,False,False,False,False
2026-05-07T11:23:42.805421+00:00,X5MyBjZ8Jgw,2,0,0,24192,24194,1320,1320,11,11,False,False,False,False
2026-05-07T11:23:42.805421+00:00,Ux-bi7bqrUU,1,0,0,6493,6494,543,543,5,5,False,False,False,False
2026-05-07T11:23:42.805421+00:00,0xTKuxdSrRI,3,0,0,26801,26804,1044,1044,13,13,False,False,False,False
2026-05-07T11:23:42.805421+00:00,uHx1N_qFfTw,0,0,0,2928,2928,240,240,3,3,False,False,False,False
2026-05-07T11:23:42.805421+00:00,SrN39dykl7A,0,0,0,3870,3870,251,251,3,3,False,False,False,False
2026-05-07T11:23:42.805421+00:00,YY3pLnSX1W4,1,0,0,3936,3937,296,296,2,2,False,False,False,False
2026-05-07T11:23:42.805421+00:00,qO9602XOIfY,1,0,0,16390,16391,916,916,15,15,False,False,False,False
2026-05-07T11:23:42.805421+00:00,WBBOTxvDook,0,0,0,3686,3686,245,245,4,4,False,False,False,False
2026-05-07T11:23:42.805421+00:00,weyrpnOTB-A,0,0,0,3816,3816,451,451,1,1,False,False,False,False
2026-05-07T11:23:42.805421+00:00,Jlw306k4Sv0,0,0,0,2230,2230,110,110,4,4,False,False,False,False
2026-05-07T11:23:42.805421+00:00,PfdNPN9Jv6s,0,0,0,19284,19284,1515,1515,19,19,False,False,False,False
2026-05-07T11:23:42.805421+00:00,jKwIvjb9kgM,5,0,0,8291,8296,668,668,6,6,False,False,False,False
2026-05-07T11:23:42.805421+00:00,kyojR7HQsVs,0,0,0,4581,4581,273,273,7,7,False,False,False,False
2026-05-07T11:23:42.805421+00:00,8ImVuaOhTf4,0,-1,0,12668,12668,970,969,15,15,False,False,False,False
2026-05-07T11:23:42.805421+00:00,dINRvKoLQ-c,2,0,0,32934,32936,1777,1777,35,35,False,False,False,False
2026-05-07T11:23:42.805421+00:00,SxYWhC51qFo,0,0,0,8205,8205,479,479,4,4,False,False,False,False
2026-05-07T11:23:42.805421+00:00,ymxpml7CipE,1,0,0,5247,5248,335,335,3,3,False,False,False,False
2026-05-07T11:23:42.805421+00:00,LikC_lxkVEg,0,0,0,6111,6111,549,549,7,7,False,False,False,False
2026-05-07T11:23:42.805421+00:00,TCGbMJYgaYA,0,0,0,4769,4769,297,297,3,3,False,False,False,False
2026-05-07T11:23:42.805421+00:00,xSS2WTAglww,0,0,0,3021,3021,226,226,7,7,False,False,False,False
2026-05-07T11:23:42.805421+00:00,tysrC1PivVE,1,0,0,3748,3749,331,331,7,7,False,False,False,False
2026-05-07T11:23:42.805421+00:00,2Ylfj8r_-V8,4,0,0,9352,9356,598,598,12,12,False,False,False,False
2026-05-07T11:23:42.805421+00:00,3wJvtiigDcg,0,0,0,2648,2648,224,224,3,3,False,False,False,False
2026-05-07T11:23:42.805421+00:00,1lx0bttCAbs,444,40,0,41193,41637,2109,2149,38,38,False,False,False,False
2026-05-07T11:23:42.805421+00:00,AWWSm291p7c,1,0,0,4810,4811,395,395,6,6,False,False,False,False
2026-05-07T11:23:42.805421+00:00,GQtuLY1Qs1Q,1,0,0,3689,3690,125,125,4,4,False,False,False,False
2026-05-07T11:23:42.805421+00:00,izQP0WI1i9A,1,0,0,4371,4372,127,127,1,1,False,False,False,False
2026-05-07T11:23:42.805421+00:00,hx45I5QyAFw,2,0,0,7314,7316,585,585,11,11,False,False,False,False
2026-05-07T11:23:42.805421+00:00,cRKwXRLqKQM,1,0,0,3376,3377,93,93,2,2,False,False,False,False
2026-05-07T11:23:42.805421+00:00,VsjETURd7No,0,0,0,1791,1791,77,77,3,3,False,False,False,False
2026-05-07T11:23:42.805421+00:00,EJfh57hfc_E,1,0,0,20911,20912,1283,1283,24,24,False,False,False,False
2026-05-07T11:23:42.805421+00:00,vyUuhcDRcf4,1,0,0,10123,10124,401,401,8,8,False,False,False,False
2026-05-07T11:23:42.805421+00:00,9Ke8dmefEqo,3,0,0,8547,8550,579,579,7,7,False,False,False,False
2026-05-07T11:23:42.805421+00:00,50Esq3fgXzA,0,0,0,4047,4047,322,322,7,7,False,False,False,False
2026-05-07T11:23:42.805421+00:00,-rDMPyp2tvQ,0,0,0,5601,5601,414,414,5,5,False,False,False,False
2026-05-07T11:23:42.805421+00:00,tQCVAU-fZPA,107,7,0,303367,303474,13834,13841,160,160,False,False,False,False
2026-05-07T11:23:42.805421+00:00,vW1rzDI4KhM,0,0,0,3318,3318,146,146,5,5,False,False,False,False
2026-05-07T11:23:42.805421+00:00,SZLTZDoVcfA,0,0,0,3493,3493,312,312,3,3,False,False,False,False
2026-05-07T11:23:42.805421+00:00,5aR4agCS1OM,0,0,0,6393,6393,356,356,7,7,False,False,False,False
2026-05-07T11:23:42.805421+00:00,aFvAFWzCwF8,8,0,0,23058,23066,1487,1487,41,41,False,False,False,False
2026-05-07T11:23:42.805421+00:00,m8mdQGF-Pmw,1,1,0,23089,23090,1364,1365,26,26,False,False,False,False
2026-05-07T11:23:42.805421+00:00,wm1qu3D9-ho,0,0,0,4132,4132,274,274,2,2,False,False,False,False
2026-05-07T11:23:42.805421+00:00,eoXIFY2GZTw,5,0,0,21571,21576,1558,1558,17,17,False,False,False,False
2026-05-07T11:23:42.805421+00:00,crrTHKN_R58,880,28,2,122594,123474,8793,8821,605,607,False,False,False,False
2026-05-07T11:23:42.805421+00:00,La4ogJrxI0g,265,5,1,50432,50697,3516,3521,190,191,False,False,False,False
2026-05-07T11:23:42.805421+00:00,OEqMxMEBQQY,212,3,0,45119,45331,1619,1622,77,77,False,False,False,False
2026-05-07T11:23:42.805421+00:00,0ShXZN7aHqA,48,1,0,7388,7436,540,541,4,4,False,False,False,False
2026-05-07T11:23:42.805421+00:00,DQiQ30VepbU,251,10,0,27064,27315,1208,1218,94,94,False,False,False,False
2026-05-07T11:23:42.805421+00:00,lvw8Fe5wcBo,114,3,0,13156,13270,469,472,29,29,False,False,False,False
2026-05-07T11:23:42.805421+00:00,-txFIHA4ez8,571,30,0,65070,65641,2916,2946,107,107,False,False,False,False
2026-05-07T11:23:42.805421+00:00,eEfZlpKPAIU,16,0,0,18667,18683,759,759,17,17,False,False,False,False
2026-05-07T11:23:42.805421+00:00,l1-D1s67YU4,50,1,0,53183,53233,2342,2343,178,178,False,False,False,False
2026-05-07T11:23:42.805421+00:00,RtCDqPRlu48,10,0,0,18014,18024,765,765,17,17,False,False,False,False
2026-05-07T11:23:42.805421+00:00,5jOtf3OIgHg,21,0,0,9370,9391,432,432,5,5,False,False,False,False
2026-05-07T11:23:42.805421+00:00,VszurX3VCPE,11,0,0,13577,13588,531,531,21,21,False,False,False,False
2026-05-07T11:23:42.805421+00:00,w9LJSjmwufQ,17,0,0,9469,9486,538,538,4,4,False,False,False,False
2026-05-07T11:23:42.805421+00:00,gGvkfd-LiKA,38,0,0,12246,12284,512,512,42,42,False,False,False,False
2026-05-07T11:23:42.805421+00:00,oYu0ZgihU8Q,11,0,0,3790,3801,134,134,8,8,False,False,False,False
2026-05-07T11:23:42.805421+00:00,5Tsi4Beca6g,8,0,0,9805,9813,424,424,21,21,False,False,False,False
2026-05-07T11:23:42.805421+00:00,AxHTi--S-sU,28,1,0,37256,37284,1957,1958,203,203,False,False,False,False
2026-05-07T11:23:42.805421+00:00,9R7IaubJFhA,7,0,0,10725,10732,579,579,30,30,False,False,False,False
2026-05-07T11:23:42.805421+00:00,ZrTIAjdcBGM,9,0,0,13492,13501,553,553,51,51,False,False,False,False
2026-05-07T11:23:42.805421+00:00,lkM12v2VZyE,74,3,0,47332,47406,1507,1510,35,35,False,False,False,False
2026-05-07T11:23:42.805421+00:00,QCcQpkBhOvI,68,0,0,12795,12863,595,595,15,15,False,False,False,False
2026-05-07T11:23:42.805421+00:00,R6VQrYkJf74,17,1,1,20064,20081,701,702,33,34,False,False,False,False
2026-05-07T11:23:42.805421+00:00,6Np0FPnWdMs,30,0,0,19913,19943,790,790,16,16,False,False,False,False
2026-05-07T11:23:42.805421+00:00,sa3zzPEnz_4,39,0,0,35003,35042,1299,1299,78,78,False,False,False,False
2026-05-07T11:23:42.805421+00:00,pgFxsauDXjc,2,0,0,7949,7951,314,314,11,11,False,False,False,False
2026-05-07T11:23:42.805421+00:00,G-i7hiu_yPU,14,1,0,8258,8272,743,744,90,90,False,False,False,False
2026-05-07T11:23:42.805421+00:00,6UPfq3KETg4,309,16,0,163888,164197,5777,5793,125,125,False,False,False,False
2026-05-07T11:23:42.805421+00:00,-wkZoxeFIpM,71,2,0,5782,5853,374,376,11,11,False,False,False,False
2026-05-07T11:23:42.805421+00:00,6-PunI-5Ts4,130,8,0,29944,30074,2906,2914,90,90,False,False,False,False
2026-05-07T11:23:42.805421+00:00,QDZUOBnmf4Q,61,7,0,40794,40855,3520,3527,126,126,False,False,False,False
2026-05-07T11:23:42.805421+00:00,TekYNY3eGC0,787,36,0,119658,120445,6928,6964,213,213,False,False,False,False
2026-05-07T11:23:42.805421+00:00,OWkM5YoEhgM,488,34,1,74585,75073,5568,5602,101,102,False,False,False,False
2026-05-07T11:23:42.805421+00:00,DgX6SMZaC_8,1326,52,0,53128,54454,4137,4189,71,71,False,False,False,False
2026-05-07T11:23:42.805421+00:00,OPDzJP8iWLo,89,3,0,31536,31625,3075,3078,59,59,False,False,False,False
2026-05-07T11:23:42.805421+00:00,shkHigLwBnM,145,4,1,328985,329130,10589,10593,383,384,False,False,False,False
2026-05-07T11:23:42.805421+00:00,BOmc_wliaRg,3910,52,2,816011,819921,33877,33929,4721,4723,False,False,False,False
2026-05-07T11:23:42.805421+00:00,94PJFiyaSrs,103,2,0,37946,38049,2101,2103,139,139,False,False,False,False
2026-05-07T11:23:42.805421+00:00,rfnB9MhBI44,728,54,0,175156,175884,12200,12254,240,240,False,False,False,False
2026-05-07T11:23:42.805421+00:00,g_7mUw6Xt2E,184,11,12,140311,140495,7015,7026,698,710,False,False,False,False
2026-05-07T11:23:42.805421+00:00,a8LrJMGoVL4,148,12,1,129936,130084,9714,9726,487,488,False,False,False,False
2026-05-07T11:23:42.805421+00:00,u_f8bJkfg68,14414,161,0,4058563,4072977,105970,106131,930,930,False,False,False,False
2026-05-07T11:23:42.805421+00:00,WgcdDVIUXcI,16407,272,0,6659445,6675852,115722,115994,345,345,False,False,False,False
2026-05-07T11:23:42.805421+00:00,UEBpQgCIFTk,451,9,0,586465,586916,25041,25050,207,207,False,False,False,False
2026-05-07T11:23:42.805421+00:00,GmTuhpMe1oM,406,17,0,175349,175755,10776,10793,83,83,False,False,False,False
2026-05-07T11:23:42.805421+00:00,0kHJZFOuMWc,3467,138,0,940975,944442,48679,48817,246,246,False,False,False,False
2026-05-07T11:23:42.805421+00:00,KXpgCNB6Dcs,1096,42,0,480665,481761,36729,36771,209,209,False,False,False,False
2026-05-07T11:23:42.805421+00:00,gPmmDEGCQLg,668,36,1,290739,291407,25601,25637,466,467,False,False,False,False
2026-05-07T11:23:42.805421+00:00,hXPy19kPego,1498,65,1,137577,139075,10328,10393,802,803,False,False,False,False
2026-05-07T11:23:42.805421+00:00,yaBzATxyEYs,147,10,1,41721,41868,3147,3157,119,120,False,False,False,False
2026-05-07T11:23:42.805421+00:00,SY53rwqE2i0,78,1,0,27547,27625,1410,1411,70,70,False,False,False,False
2026-05-07T11:23:42.805421+00:00,LPTQADIf6Xk,535,16,1,131116,131651,8538,8554,525,526,False,False,False,False
2026-05-07T11:23:42.805421+00:00,Ycdklm6W1_o,2338,115,1,364919,367257,25447,25562,706,707,False,False,False,False
2026-05-07T11:23:42.805421+00:00,iRach9lpIlg,2061,29,1,1033571,1035632,20584,20613,535,536,False,False,False,False
2026-05-07T11:23:42.805421+00:00,MVFd0qFB9TE,16684,418,2,4186129,4202813,128702,129120,1607,1609,False,False,False,False
2026-05-07T11:23:42.805421+00:00,EFhMcL3Kf1c,1033,36,2,330153,331186,13851,13887,740,742,False,False,False,False
2026-05-07T11:23:42.805421+00:00,bouvNyq8xCY,198,8,0,32444,32642,2101,2109,66,66,False,False,False,False
2026-05-07T11:23:42.805421+00:00,4ZK7Ms4IZ7g,111,1,0,28633,28744,205,206,7,7,False,False,False,False
2026-05-07T11:23:42.805421+00:00,XV4eV0wnx-c,30,2,0,20985,21015,770,772,9,9,False,False,False,False
2026-05-07T11:23:42.805421+00:00,B2ag364pRgQ,93,4,2,66731,66824,2262,2266,406,408,False,False,False,False
2026-05-07T11:23:42.805421+00:00,1a5xOhqvm-I,20,0,0,13451,13471,412,412,13,13,False,False,False,False
2026-05-07T11:23:42.805421+00:00,bfENsVP77VQ,1025,30,0,178831,179856,3995,4025,356,356,False,False,False,False
2026-05-07T11:23:42.805421+00:00,f1rK6WfCjCQ,46,6,0,37441,37487,1022,1028,17,17,False,False,False,False
2026-05-07T11:23:42.805421+00:00,yemarhfhVA0,306,21,0,116414,116720,9494,9515,580,580,False,False,False,False
2026-05-07T11:23:42.805421+00:00,TET8fTKH1e8,4388,61,4,605414,609802,23496,23557,668,672,False,False,False,False
2026-05-07T11:23:42.805421+00:00,n16KlvFN28c,148,5,0,22971,23119,1094,1099,10,10,False,False,False,False
2026-05-07T11:23:42.805421+00:00,MK-6-YuFzC4,67,0,0,15561,15628,822,822,84,84,False,False,False,False
2026-05-07T11:23:42.805421+00:00,Xf_v62TQOx4,88,2,2,69296,69384,3199,3201,341,343,False,False,False,False
2026-05-07T11:23:42.805421+00:00,40kncAedwjs,11,1,0,2723,2734,201,202,17,17,False,False,False,False
2026-05-07T11:23:42.805421+00:00,rbbMgCB90fk,4,0,0,1758,1762,114,114,6,6,False,False,False,False
2026-05-07T11:23:42.805421+00:00,Bv4wqAVZ6Ps,12,0,0,2514,2526,165,165,11,11,False,False,False,False
2026-05-07T11:23:42.805421+00:00,N14hiQw7Wdk,33,1,0,2748,2781,89,90,31,31,False,False,False,False
2026-05-07T11:23:42.805421+00:00,tLlucpJbi5E,3,0,0,871,874,23,23,2,2,False,False,False,False
2026-05-07T11:23:42.805421+00:00,saLXbA_OCkE,1,0,0,441,442,14,14,0,0,False,False,False,False
2026-05-07T11:23:42.805421+00:00,MCnA_GAeAfg,0,0,0,571,571,13,13,0,0,False,False,False,False
2026-05-07T11:23:42.805421+00:00,kLhNERKdwd4,1,0,0,913,914,22,22,1,1,False,False,False,False
2026-05-07T11:23:42.805421+00:00,YNW_D7b60I4,0,0,0,761,761,20,20,0,0,False,False,False,False
2026-05-07T11:23:42.805421+00:00,MOpYEt-XfaU,3,0,0,855,858,14,14,2,2,False,False,False,False
2026-05-07T11:23:42.805421+00:00,G1xuyxMOUNM,0,0,0,1449,1449,20,20,1,1,False,False,False,False
2026-05-07T11:23:42.805421+00:00,dA8XrnlFY5w,3,0,0,2753,2756,92,92,15,15,False,False,False,False
2026-05-07T11:23:42.805421+00:00,sZoT8IoDJTU,0,0,0,699,699,17,17,0,0,False,False,False,False
2026-05-07T11:23:42.805421+00:00,wlOrP9Q1akA,0,0,0,759,759,15,15,0,0,False,False,False,False
2026-05-07T11:23:42.805421+00:00,Mm2C9CRyDxY,0,0,0,652,652,18,18,0,0,False,False,False,False
2026-05-07T11:23:42.805421+00:00,wvJLjIR3nRI,0,0,0,689,689,23,23,0,0,False,False,False,False
2026-05-07T11:23:42.805421+00:00,nIrSjC_gsk8,0,0,0,629,629,14,14,0,0,False,False,False,False
2026-05-07T11:23:42.805421+00:00,IaUn-c8Lxss,0,0,0,581,581,17,17,0,0,False,False,False,False
2026-05-07T11:23:42.805421+00:00,fQK8Lx-oRIU,79,1,0,16482,16561,722,723,32,32,False,False,False,False
2026-05-07T11:23:42.805421+00:00,h9kh7KssnMc,311,8,1,116879,117190,2624,2632,64,65,False,False,False,False
2026-05-07T11:23:42.805421+00:00,XyFrfcsbDGY,29,1,0,57502,57531,2425,2426,75,75,False,False,False,False
2026-05-07T11:23:42.805421+00:00,zxQJIBt9CBI,1760,50,3,190384,192144,8951,9001,375,378,False,False,False,False
2026-05-07T11:23:42.805421+00:00,Xy09nfcwZ3E,51,-1,0,34577,34628,1314,1313,5,5,False,False,False,False
2026-05-07T11:23:42.805421+00:00,-APimd6TUro,471,4,0,35898,36369,748,752,4,4,False,False,False,False
2026-05-07T11:23:42.805421+00:00,rzHYdFYDjcQ,5,0,0,2983,2988,92,92,2,2,False,False,False,False
2026-05-07T11:23:42.805421+00:00,-5kkpHpexIA,62,0,0,34270,34332,685,685,4,4,False,False,False,False
2026-05-07T11:23:42.805421+00:00,-JTeDTLElVg,207,2,0,19542,19749,635,637,4,4,False,False,False,False
2026-05-07T11:23:42.805421+00:00,u7sbQBw3X3g,17,0,0,22699,22716,497,497,0,0,False,False,False,False
2026-05-07T11:23:42.805421+00:00,QIKiQjEMUjY,1336,32,1,243682,245018,7671,7703,760,761,False,False,False,False
2026-05-07T11:23:42.805421+00:00,_EHKT75Ir0g,1,0,0,3008,3009,178,178,2,2,False,False,False,False
2026-05-07T11:23:42.805421+00:00,wB2Kb0MiyAc,164,1,0,35065,35229,634,635,6,6,False,False,False,False
2026-05-07T11:23:42.805421+00:00,bGis_LtFRRo,0,0,0,1353,1353,41,41,0,0,False,False,False,False
2026-05-07T11:23:42.805421+00:00,UgfrzicHc80,1214,28,0,208641,209855,6544,6572,701,701,False,False,False,False
2026-05-07T11:23:42.805421+00:00,2F50vE7VUIw,0,0,0,4682,4682,440,440,4,4,False,False,False,False
2026-05-07T11:23:42.805421+00:00,qC_5K9u8nY4,1,0,0,5872,5873,181,181,1,1,False,False,False,False
2026-05-07T11:23:42.805421+00:00,WSSQ8mtQicE,2,0,0,4027,4029,125,125,0,0,False,False,False,False
2026-05-07T11:23:42.805421+00:00,jdrW-vJOD1w,300,0,0,17740,18040,804,804,34,34,False,False,False,False
2026-05-07T11:23:42.805421+00:00,6AKlPLtjBR8,42,4,0,16223,16265,842,846,28,28,False,False,False,False
2026-05-07T11:23:42.805421+00:00,ZjtJALByo70,86,1,0,11027,11113,591,592,9,9,False,False,False,False
2026-05-07T11:23:42.805421+00:00,0VjrLsr61pk,565,5,0,155274,155839,5449,5454,342,342,False,False,False,False
2026-05-07T11:23:42.805421+00:00,uay_qpfTJOE,66,0,0,4788,4854,93,93,3,3,False,False,False,False
2026-05-07T11:23:42.805421+00:00,AXvou3mSGQA,406,1,0,37125,37531,1098,1099,44,44,False,False,False,False
2026-05-07T11:23:42.805421+00:00,Zu3g28TTetU,20,2,0,49660,49680,2437,2439,181,181,False,False,False,False
2026-05-07T11:23:42.805421+00:00,MbX7gs6huVE,163,0,0,14599,14762,603,603,14,14,False,False,False,False
2026-05-07T11:23:42.805421+00:00,ckyeC880OPA,499,1,0,55694,56193,1686,1687,41,41,False,False,False,False
2026-05-07T11:23:42.805421+00:00,AzNb2nQrM7U,368,4,0,66548,66916,2881,2885,329,329,False,False,False,False
2026-05-07T11:23:42.805421+00:00,q1l42BPzbIk,540,27,2,117798,118338,10106,10133,1380,1382,False,False,False,False
2026-05-07T11:23:42.805421+00:00,3LnNwS6rqk8,2403,119,1,454836,457239,26256,26375,746,747,False,False,False,False
2026-05-07T11:23:42.805421+00:00,AxM96v9ZCzI,77,3,0,68274,68351,1778,1781,11,11,False,False,False,False
2026-05-07T11:23:42.805421+00:00,4vHF2qU89Jo,345,14,2,72591,72936,7244,7258,450,452,False,False,False,False
2026-05-07T11:23:42.805421+00:00,-Ap6qWvqk0I,286,33,2,23426,23712,3159,3192,161,163,False,False,False,False
2026-05-07T11:23:42.805421+00:00,na5Enw8P18A,691,32,0,178281,178972,10292,10324,311,311,False,False,False,False
2026-05-07T11:23:42.805421+00:00,UM9dcnJXX0k,3749,79,5,398987,402736,16287,16366,3544,3549,False,False,False,False
2026-05-07T11:23:42.805421+00:00,4IeYytwcpuQ,463,12,0,108228,108691,6302,6314,200,200,False,False,False,False
2026-05-07T11:23:42.805421+00:00,xO5diVmgE8Y,242,3,0,52516,52758,3330,3333,373,373,False,False,False,False
2026-05-07T11:23:42.805421+00:00,_twN29IEQlc,211,8,0,35870,36081,3326,3334,291,291,False,False,False,False
2026-05-07T11:23:42.805421+00:00,PN8bHAr0f1M,164,1,0,172970,173134,4369,4370,63,63,False,False,False,False
2026-05-07T11:23:42.805421+00:00,iq599kyAjVA,39,0,0,147969,148008,3895,3895,80,80,False,False,False,False
2026-05-07T11:23:42.805421+00:00,48hHo2WcAQI,893,64,4,474178,475071,38726,38790,3874,3878,False,False,False,False
2026-05-07T11:23:42.805421+00:00,NlW_R21cBXs,619,46,2,207356,207975,15966,16012,768,770,False,False,False,False
2026-05-07T11:23:42.805421+00:00,Cs1nC8kqS5k,109,5,0,50755,50864,3328,3333,285,285,False,False,False,False
2026-05-07T11:23:42.805421+00:00,XX7hskkX1AA,99,3,0,91326,91425,4105,4108,128,128,False,False,False,False
2026-05-07T11:23:42.805421+00:00,vTXoE7BLv9s,941,51,0,276694,277635,24501,24552,773,773,False,False,False,False
2026-05-07T11:23:42.805421+00:00,8Uk97zU2GCg,657,25,8,249500,250157,12788,12813,1551,1559,False,False,False,False
2026-05-07T11:23:42.805421+00:00,tg0LuGGeOPA,40,0,0,119043,119083,7134,7134,214,214,False,False,False,False
2026-05-07T11:23:42.805421+00:00,SZ8r5VKtGes,2057,95,1,388368,390425,27506,27601,1909,1910,False,False,False,False
2026-05-07T11:23:42.805421+00:00,PCAPjDDY-h4,14,0,0,65403,65417,4878,4878,548,548,False,False,False,False
2026-05-07T11:23:42.805421+00:00,nHH771Vtkxw,1493,103,1,367129,368622,29783,29886,767,768,False,False,False,False
2026-05-07T11:23:42.805421+00:00,GybLbhXj2Nw,384,14,2,162052,162436,11665,11679,1549,1551,False,False,False,False
2026-05-07T11:23:42.805421+00:00,x2r3FTy9HHE,1152,51,3,274893,276045,17221,17272,1132,1135,False,False,False,False
2026-05-07T11:23:42.805421+00:00,AHyZdLVYJfc,1468,67,6,198604,200072,17359,17426,2299,2305,False,False,False,False
2026-05-07T11:23:42.805421+00:00,x0HFad-M2iE,27,2,0,23513,23540,2241,2243,35,35,False,False,False,False
2026-05-07T11:23:42.805421+00:00,y3HkZSayX2s,28,3,0,16035,16063,849,852,18,18,False,False,False,False
2026-05-07T11:23:42.805421+00:00,pqIZk9qrBEM,14,0,0,20332,20346,1421,1421,64,64,False,False,False,False
2026-05-07T11:23:42.805421+00:00,Q9qmcTjw89Q,8,1,0,24876,24884,843,844,11,11,False,False,False,False
2026-05-07T11:23:42.805421+00:00,h_G5spN1nJk,14,0,0,18715,18729,1178,1178,22,22,False,False,False,False
2026-05-07T11:23:42.805421+00:00,MqpQhyjFZQU,3310,74,2,253994,257304,10201,10275,558,560,False,False,False,False
2026-05-07T11:23:42.805421+00:00,NM-bwZZoX80,304,15,0,85271,85575,4241,4256,242,242,False,False,False,False
2026-05-07T11:23:42.805421+00:00,vm8Yn0BN-TQ,13,0,0,6203,6216,298,298,25,25,False,False,False,False
2026-05-07T11:23:42.805421+00:00,6q8iEtd0IGE,42,0,0,2465,2507,154,154,10,10,False,False,False,False
2026-05-07T11:23:42.805421+00:00,SHPKe7pGqMk,10,0,0,6605,6615,320,320,12,12,False,False,False,False
2026-05-07T11:23:42.805421+00:00,-0FsgHxwxgQ,211,4,0,82108,82319,3037,3041,118,118,False,False,False,False
2026-05-07T11:23:42.805421+00:00,krqt6eg3UoI,474,7,0,67029,67503,2697,2704,145,145,False,False,False,False
2026-05-07T11:23:42.805421+00:00,HyTkdC8bhCg,4,0,0,5755,5759,270,270,15,15,False,False,False,False
2026-05-07T11:23:42.805421+00:00,FjxyqtLuh_M,17,1,0,7436,7453,337,338,20,20,False,False,False,False
2026-05-07T11:23:42.805421+00:00,sPHe-L95K0o,5,0,0,1777,1782,29,29,10,10,False,False,False,False
2026-05-07T11:23:42.805421+00:00,KW2YQ1C0ECs,1,0,0,705,706,68,68,21,21,False,False,False,False
2026-05-07T11:23:42.805421+00:00,2q62qBqugJE,1,0,1,913,914,90,90,62,63,False,False,False,False
2026-05-07T11:23:42.805421+00:00,wFTojQEC2eE,4,1,0,1242,1246,103,104,31,31,False,False,False,False
2026-05-07T11:23:42.805421+00:00,zj0BKLv9r8Y,599,13,2,103788,104387,4187,4200,605,607,False,False,False,False
2026-05-07T11:23:42.805421+00:00,kijJaXVri7Q,6149,187,2,787469,793618,51825,52012,1479,1481,False,False,False,False
2026-05-07T11:23:42.805421+00:00,UUzxEVhRQgQ,1609,108,1,738318,739927,63553,63661,2381,2382,False,False,False,False
2026-05-07T11:23:42.805421+00:00,tbvteFr4SPQ,4672,154,6,1435003,1439675,86631,86785,7480,7486,False,False,False,False
2026-05-07T11:23:42.805421+00:00,_9bYQ2tvc_s,1193,55,1,242985,244178,18028,18083,582,583,False,False,False,False
2026-05-07T11:23:42.805421+00:00,3skIuC1lP00,31,0,0,13993,14024,715,715,19,19,False,False,False,False
2026-05-07T11:23:42.805421+00:00,L8_m7pOI2-A,222,6,0,87653,87875,4110,4116,442,442,False,False,False,False
2026-05-07T11:23:42.805421+00:00,-6t20SnbOyc,126,8,0,75850,75976,4314,4322,222,222,False,False,False,False
2026-05-07T11:23:42.805421+00:00,9dIy1d0jmXw,39,0,0,12130,12169,467,467,59,59,False,False,False,False
2026-05-07T11:23:42.805421+00:00,TfojYStTlZE,2216,132,1,118755,120971,12427,12559,676,677,False,False,False,False
2026-05-07T11:23:42.805421+00:00,EnLpF9i3I4I,22,1,0,6555,6577,444,445,4,4,False,False,False,False
2026-05-07T11:23:42.805421+00:00,0YCyZKuGPmA,12,1,0,8552,8564,581,582,9,9,False,False,False,False
2026-05-07T11:23:42.805421+00:00,7y8W9bita7o,10,1,0,4529,4539,358,359,7,7,False,False,False,False
2026-05-07T11:23:42.805421+00:00,5cynqLNd1gA,6,2,0,5125,5131,478,480,10,10,False,False,False,False
2026-05-07T11:23:42.805421+00:00,5ov8sBSV-pc,91,4,1,5557,5648,408,412,17,18,False,False,False,False
2026-05-07T11:23:42.805421+00:00,rg1PhRvmFXk,24,1,0,4009,4033,455,456,17,17,False,False,False,False
2026-05-07T11:23:42.805421+00:00,TUSbI3pqiCM,167,8,0,21553,21720,1494,1502,27,27,False,False,False,False
2026-05-07T11:23:42.805421+00:00,kf9ghd5-VII,373,13,0,260712,261085,18926,18939,895,895,False,False,False,False
2026-05-07T11:23:42.805421+00:00,dVb9vyCwM2s,153,4,0,192357,192510,11986,11990,503,503,False,False,False,False
2026-05-07T11:23:42.805421+00:00,ZOPXzlpBVoM,209,4,0,118622,118831,7539,7543,601,601,False,False,False,False
2026-05-07T11:23:42.805421+00:00,dYJM9jmLBzY,49,3,0,163880,163929,16981,16984,799,799,False,False,False,False
2026-05-07T11:23:42.805421+00:00,CZe8DucT3qA,161,2,0,245742,245903,17548,17550,1007,1007,False,False,False,False
2026-05-07T11:23:42.805421+00:00,H3lUaL6-XQQ,623,12,0,202170,202793,11786,11798,660,660,False,False,False,False
2026-05-07T11:23:42.805421+00:00,X9fGa-F_ars,210,-1,0,159599,159809,10901,10900,453,453,False,False,False,False
2026-05-07T11:23:42.805421+00:00,5ymn2oV1Zls,48,0,0,305812,305860,20692,20692,1133,1133,False,False,False,False
2026-05-07T11:23:42.805421+00:00,39czcByvq7c,6600,72,5,722403,729003,15329,15401,1604,1609,False,False,False,False
2026-05-07T11:23:42.805421+00:00,EGTF9mGda4U,1378,42,0,573382,574760,31127,31169,398,398,False,False,False,False
2026-05-07T11:23:42.805421+00:00,vNXFk8iGHk8,2391,81,0,620640,623031,30601,30682,333,333,False,False,False,False
2026-05-07T11:23:42.805421+00:00,wEb6ULf3TzU,1229,37,1,582630,583859,37791,37828,468,469,False,False,False,False
2026-05-07T11:23:42.805421+00:00,wy3a_xJI3so,3735,180,0,905313,909048,51838,52018,652,652,False,False,False,False
2026-05-07T11:23:42.805421+00:00,DYkyYUjOZTk,3717,149,0,1656648,1660365,89186,89335,504,504,False,False,False,False
2026-05-07T11:23:42.805421+00:00,gdjCR9h1yGc,7429,196,0,2570952,2578381,139727,139923,2342,2342,False,False,False,False
2026-05-07T11:23:42.805421+00:00,W41XcEogOB0,13372,376,-1,3734187,3747559,168161,168537,1476,1475,False,False,False,False
2026-05-07T11:23:42.805421+00:00,dhbt8y_LXQY,900,21,0,520004,520904,25306,25327,337,337,False,False,False,False
2026-05-07T11:23:42.805421+00:00,aZVcAlzBIp4,5476,59,1,789970,795446,15309,15368,1291,1292,False,False,False,False
2026-05-07T11:23:42.805421+00:00,Hk-ARbCTKzM,14944,461,2,5597034,5611978,243834,244295,1300,1302,False,False,False,False
2026-05-07T11:23:42.805421+00:00,KGeCwEOLPGE,2452,59,0,2038279,2040731,118164,118223,644,644,False,False,False,False
2026-05-07T11:23:42.805421+00:00,eBbqRceO2qY,3286,117,0,1389114,1392400,73836,73953,1133,1133,False,False,False,False
2026-05-07T11:23:42.805421+00:00,UPbaPjDGQIE,4925,165,-1,2421867,2426792,124985,125150,1191,1190,False,False,False,False
2026-05-07T11:23:42.805421+00:00,fpmYvXCzO1c,1377,24,0,1224575,1225952,65571,65595,989,989,False,False,False,False
2026-05-07T11:23:42.805421+00:00,XfY_L8MLOsU,790,25,0,402186,402976,17618,17643,242,242,False,False,False,False
2026-05-07T11:23:42.805421+00:00,rk2b7fH_Gcc,612,21,0,51076,51688,4017,4038,194,194,False,False,False,False
2026-05-07T11:23:42.805421+00:00,31t_CBePs34,3202,102,1,1178944,1182146,46817,46919,680,681,False,False,False,False
2026-05-07T11:23:42.805421+00:00,ktkpd9A8MD8,7031,161,13,523580,530611,29586,29747,1681,1694,False,False,False,False
2026-05-07T11:23:42.805421+00:00,vmRbevilfpU,46329,670,2,7605104,7651433,247986,248656,1694,1696,False,False,False,False
2026-05-07T11:23:42.805421+00:00,NLrfMQ0dqpQ,2,0,0,3339,3341,236,236,111,111,False,False,False,False
2026-05-07T11:23:42.805421+00:00,W1js1spTUPs,12,0,0,2759,2771,62,62,1,1,False,False,False,False
2026-05-07T11:23:42.805421+00:00,ZVnXmeZZDw0,10,0,0,4272,4282,95,95,3,3,False,False,False,False
2026-05-07T11:23:42.805421+00:00,OHGtOI47r4M,0,0,0,5496,5496,159,159,2,2,False,False,False,False
2026-05-07T11:23:42.805421+00:00,NkWtrW-9GDY,94,1,0,6806,6900,419,420,20,20,False,False,False,False
2026-05-07T11:23:42.805421+00:00,uZ6Nbwp8GtU,35,1,0,11278,11313,545,546,15,15,False,False,False,False
2026-05-07T11:23:42.805421+00:00,jjSaUeqJi4s,38,0,0,17883,17921,491,491,33,33,False,False,False,False
2026-05-07T11:23:42.805421+00:00,K38w2QlgHPQ,43,1,0,12898,12941,715,716,26,26,False,False,False,False
2026-05-07T11:23:42.805421+00:00,U14_qm5y38o,282,8,0,121841,122123,5624,5632,257,257,False,False,False,False
2026-05-07T11:23:42.805421+00:00,T34ygnCahZc,141,4,0,41573,41714,1423,1427,115,115,False,False,False,False
2026-05-07T11:23:42.805421+00:00,S3JuEF7RQ5k,191,10,0,64933,65124,1801,1811,47,47,False,False,False,False
2026-05-07T11:23:42.805421+00:00,xUWqMdypNsM,19,2,0,14135,14154,794,796,29,29,False,False,False,False
2026-05-07T11:23:42.805421+00:00,pe_HkAV9yJM,18,2,0,14352,14370,682,684,18,18,False,False,False,False
2026-05-07T11:23:42.805421+00:00,qGa8y4tPUkc,15,1,0,4146,4161,460,461,44,44,False,False,False,False
2026-05-07T11:23:42.805421+00:00,wnoSOSgBNHk,139,3,0,40917,41056,1493,1496,43,43,False,False,False,False
2026-05-07T11:23:42.805421+00:00,IiPyKNs5dtg,2,0,0,3532,3534,145,145,13,13,False,False,False,False
2026-05-07T11:23:42.805421+00:00,1WQetpMA8-k,14,0,0,6799,6813,294,294,13,13,False,False,False,False
2026-05-07T11:23:42.805421+00:00,bFO0uAMPx1g,121,1,0,64394,64515,1613,1614,261,261,False,False,True,False
2026-05-07T11:23:42.805421+00:00,evVs-Jtor50,16,0,0,59702,59718,1738,1738,303,303,False,False,False,False
2026-05-07T11:23:42.805421+00:00,g8NWmUdMh_E,10,0,0,20711,20721,312,312,28,28,False,False,False,False
2026-05-07T11:23:42.805421+00:00,ITT9xWeicWM,9,0,0,54189,54198,1408,1408,198,198,False,False,False,False
2026-05-07T11:23:42.805421+00:00,i6WQdQsE0kc,0,0,0,10480,10480,216,216,20,20,False,False,False,False
2026-05-07T11:23:42.805421+00:00,hrIY-clbdg8,6,0,0,82663,82669,1898,1898,362,362,False,False,False,False
2026-05-07T11:23:42.805421+00:00,95KqKaDsIAM,375,10,0,47126,47501,2032,2042,109,109,False,False,False,False
2026-05-07T11:23:42.805421+00:00,F4ZxeuNDoUw,9,1,0,12111,12120,520,521,22,22,False,False,False,False
2026-05-07T11:23:42.805421+00:00,oeymdn1d4qg,3,0,0,7463,7466,600,600,30,30,False,False,False,False
2026-05-07T11:23:42.805421+00:00,5BbGrGFI2gQ,14,0,0,14292,14306,2410,2410,34,34,False,False,False,False
2026-05-07T11:23:42.805421+00:00,ERxzxl6fXbw,13,0,0,15001,15014,956,956,19,19,False,False,False,False
2026-05-07T11:23:42.805421+00:00,nxCFXdIgxmw,1,0,0,9668,9669,451,451,37,37,False,False,False,False
2026-05-07T11:23:42.805421+00:00,8MhnMHlXk7Q,1,0,0,5321,5322,360,360,34,34,False,False,False,False
2026-05-07T11:23:42.805421+00:00,OkVrrVAG9yg,41,-1,0,33217,33258,2607,2606,490,490,False,False,False,False
2026-05-07T11:23:42.805421+00:00,nOR-IY0SnEY,67,9,0,41586,41653,2597,2606,169,169,False,False,False,False
2026-05-07T11:23:42.805421+00:00,seu69-hMmGw,14,0,0,12743,12757,1141,1141,107,107,False,False,False,False
2026-05-07T11:23:42.805421+00:00,oXKkhajzwgE,48,3,1,15739,15787,1273,1276,124,125,False,False,False,False
2026-05-07T11:23:42.805421+00:00,rWwPAnF8Qeo,3,0,0,8864,8867,582,582,98,98,False,False,False,False
2026-05-07T11:23:42.805421+00:00,XvLttG6zZck,0,0,0,15897,15897,725,725,92,92,False,False,False,False
2026-05-07T11:23:42.805421+00:00,6_o0OElprPo,7,0,0,2288,2295,100,100,28,28,False,False,False,False
2026-05-07T11:23:42.805421+00:00,d4AaggbJACU,0,0,0,1107,1107,103,103,2,2,False,False,False,False
2026-05-07T11:23:42.805421+00:00,jr8lgZvzA34,4,0,0,8023,8027,203,203,51,51,False,False,False,False
2026-05-07T11:23:42.805421+00:00,yqwGsf5XVkI,5,0,0,6088,6093,250,250,67,67,False,False,False,False
2026-05-07T11:23:42.805421+00:00,_O6ICkmg1Zg,25,0,0,11484,11509,301,301,10,10,False,False,False,False
2026-05-07T11:23:42.805421+00:00,Zqmsoqo2fJs,5,0,0,4917,4922,239,239,5,5,False,False,False,False
2026-05-07T11:23:42.805421+00:00,2FdfXwODkr4,17,1,0,26545,26562,615,616,11,11,False,False,False,False
2026-05-07T11:23:42.805421+00:00,HgD5P0gQxOk,2,0,0,12259,12261,284,284,5,5,False,False,False,False
2026-05-07T11:23:42.805421+00:00,woNfdYrmVGw,5,0,0,10796,10801,350,350,3,3,False,False,False,False
2026-05-07T11:23:42.805421+00:00,sujVZ7316qo,3,0,0,17434,17437,468,468,6,6,False,False,False,False
2026-05-07T11:23:42.805421+00:00,vcL1MMmXeO8,4,0,0,10506,10510,230,230,6,6,False,False,False,False
2026-05-07T11:23:42.805421+00:00,T7_l896OH20,1755,88,7,313431,315186,31968,32056,4478,4485,False,False,False,False
2026-05-07T11:23:42.805421+00:00,0SSctcuOy0o,60,3,0,24246,24306,1829,1832,82,82,False,False,False,False
2026-05-07T11:23:42.805421+00:00,-IhdnUzV64Y,297,14,0,175617,175914,12041,12055,914,914,False,False,False,False
2026-05-07T11:23:42.805421+00:00,4RmcHqjzw-A,13,1,0,12233,12246,1080,1081,307,307,False,False,False,False
2026-05-07T11:23:42.805421+00:00,er7v-GJj_V0,4477,159,5,565880,570357,36268,36427,1979,1984,False,False,False,False
2026-05-07T11:23:42.805421+00:00,-pNi4dh7VFo,788,32,0,394151,394939,23222,23254,404,404,False,False,False,False
2026-05-07T11:23:42.805421+00:00,EXOQ7vN2NXk,183,4,0,24967,25150,1149,1153,101,101,False,False,False,False
2026-05-07T11:23:42.805421+00:00,L7fVqlOzegQ,100,1,0,62000,62100,2965,2966,158,158,False,False,False,False
2026-05-07T11:23:42.805421+00:00,DWt3zfqtI6g,25,0,0,14676,14701,455,455,10,10,False,False,False,False
2026-05-07T11:23:42.805421+00:00,pVwkpXd5PCA,36,1,0,17660,17696,452,453,9,9,False,False,False,False
2026-05-07T11:23:42.805421+00:00,LLK879SXq_w,3754,28,2,255846,259600,4262,4290,807,809,False,False,False,False
2026-05-07T11:23:42.805421+00:00,VvBy9AkhR2w,12,0,0,5591,5603,194,194,3,3,False,False,False,False
2026-05-07T11:23:42.805421+00:00,ax0ogeQpq3E,20,0,0,17910,17930,810,810,21,21,False,False,False,False
2026-05-07T11:23:42.805421+00:00,H1fy1Brpa3Q,9,0,0,9309,9318,486,486,18,18,False,False,False,False
2026-05-07T11:23:42.805421+00:00,erf6YdpSakA,5,0,0,12170,12175,403,403,5,5,False,False,False,False
2026-05-07T11:23:42.805421+00:00,RNi5EAKHQ_I,3,0,0,4507,4510,128,128,4,4,False,False,False,False
2026-05-07T11:23:42.805421+00:00,oqoBSeL5GIU,410,8,2,303186,303596,11539,11547,631,633,False,False,False,False
2026-05-07T11:23:42.805421+00:00,PnpHwhTWw0c,15595,299,18,1578046,1593641,31368,31667,2770,2788,False,False,False,False
2026-05-07T11:23:42.805421+00:00,tUmd3tWCDKs,471,12,1,159134,159605,3744,3756,179,180,False,False,False,False
2026-05-07T11:23:42.805421+00:00,8hN5PF2oXGs,240,6,0,192803,193043,5204,5210,84,84,False,False,False,False
2026-05-07T11:23:42.805421+00:00,3OUrr_2UCYs,570,14,0,964126,964696,24240,24254,708,708,False,False,False,False
2026-05-07T11:23:42.805421+00:00,m-nnyNZ0TQ0,13435,199,15,2128109,2141544,43215,43414,2779,2794,False,False,False,False
2026-05-07T11:23:42.805421+00:00,cdOcjUyQr8A,420,14,0,196242,196662,8289,8303,174,174,False,False,False,False
2026-05-07T11:23:42.805421+00:00,XsY6iChNzf0,12276,208,2,1125135,1137411,33752,33960,293,295,False,False,False,False
2026-05-07T11:23:42.805421+00:00,VsLOWe6VuyQ,653,11,0,743347,744000,20166,20177,1183,1183,False,False,False,False
2026-05-07T11:23:42.805421+00:00,3era1_feC3U,4841,63,0,1047328,1052169,29400,29463,226,226,False,False,False,False
2026-05-07T11:23:42.805421+00:00,XFpBgNMBNNI,372,14,0,342864,343236,14470,14484,800,800,False,False,False,False
2026-05-07T11:23:42.805421+00:00,BdUzhVM5w1U,6785,80,0,2568360,2575145,68746,68826,632,632,False,False,False,False
2026-05-07T11:23:42.805421+00:00,ERWIJPTNZVM,9309,205,-1,1161180,1170489,39772,39977,1558,1557,False,False,False,False
2026-05-07T11:23:42.805421+00:00,PoHZWjU54jY,20021,607,3,2244479,2264500,79359,79966,595,598,False,False,False,False
2026-05-07T11:23:42.805421+00:00,DSRfs1qKWR0,1217,27,0,461004,462221,14015,14042,926,926,False,False,False,False
2026-05-07T11:23:42.805421+00:00,GXeBi91SkIw,3489,103,3,669833,673322,27707,27810,1796,1799,False,False,False,False
2026-05-07T11:23:42.805421+00:00,YPboGQjMxNY,1583,16,0,316707,318290,7327,7343,148,148,False,False,False,False
2026-05-07T11:23:42.805421+00:00,F1gM7N-WXdU,1191,19,0,390501,391692,13599,13618,943,943,False,False,False,False
2026-05-07T11:23:42.805421+00:00,8QsAx7s9PmQ,2568,32,0,1372121,1374689,33806,33838,455,455,False,False,False,False
2026-05-07T11:23:42.805421+00:00,9QKOkpu78CQ,88,5,0,98441,98529,7809,7814,132,132,False,False,False,False
2026-05-07T11:23:42.805421+00:00,rc-xQnupse0,3025,20,5,506948,509973,14146,14166,643,648,False,False,False,False
2026-05-07T11:23:42.805421+00:00,z-7AhJ55htQ,194,2,0,410907,411101,13400,13402,870,870,False,False,False,False
2026-05-07T11:23:42.805421+00:00,B18aH00d8oE,230,3,0,281623,281853,12291,12294,767,767,False,False,False,False
2026-05-07T11:23:42.805421+00:00,2JhSWzxzLXA,277,0,0,210040,210317,8127,8127,599,599,False,False,False,False
2026-05-07T11:23:42.805421+00:00,z7Qp9Q_Br88,8268,432,6,691276,699544,36742,37174,905,911,False,False,False,False
2026-05-07T11:23:42.805421+00:00,FZbMPtLRr00,1608,55,2,585884,587492,22145,22200,878,880,False,False,False,False
2026-05-07T11:23:42.805421+00:00,dl0-TveDDGA,9420,265,3,1896508,1905928,90836,91101,3392,3395,False,False,False,False
2026-05-07T11:23:42.805421+00:00,FYMdllTCrc0,5242,115,1,866717,871959,29197,29312,993,994,False,False,False,False
2026-05-07T11:23:42.805421+00:00,Su0aCV35IFM,35389,848,8,5599840,5635229,219310,220158,1860,1868,False,False,False,False
2026-05-07T11:23:42.805421+00:00,pUlUgkaTQZg,11680,446,5,1837600,1849280,91529,91975,981,986,False,False,False,False
2026-05-07T11:23:42.805421+00:00,dNNyCZwEa6k,10102,549,3,2500615,2510717,165839,166388,1886,1889,False,False,False,False
2026-05-07T11:23:42.805421+00:00,vgwG6e9TFcw,7762,345,1,1602413,1610175,82095,82440,1324,1325,False,False,False,False
2026-05-07T11:23:42.805421+00:00,Cr7oGnSzmb4,12729,433,1,2075665,2088394,102517,102950,586,587,False,False,False,False
2026-05-07T11:23:42.805421+00:00,XeN7wKfDOPk,586,15,1,159624,160210,9309,9324,1590,1591,False,False,False,False
2026-05-07T11:23:42.805421+00:00,Ff0AYRWrnGY,256,11,0,193125,193381,12178,12189,2683,2683,False,False,False,False
2026-05-07T11:23:42.805421+00:00,U4gpio58908,199,2,1,238926,239125,12279,12281,1436,1437,False,False,False,False
2026-05-07T11:23:42.805421+00:00,WEnvorobhEE,372,10,0,698645,699017,33738,33748,8192,8192,False,False,False,False
2026-05-07T11:23:42.805421+00:00,kH_bSvf7EVA,2893,113,9,508924,511817,22897,23010,3228,3237,False,False,False,False
2026-05-07T11:23:42.805421+00:00,QfUb5MEAOXA,2577,59,0,628307,630884,19629,19688,1445,1445,False,False,False,False
2026-05-07T11:23:42.805421+00:00,J7ieKmP96Hc,1748,36,0,919143,920891,29333,29369,1105,1105,False,False,False,False
2026-05-07T11:23:42.805421+00:00,NuoEsHIW5JA,114,5,0,90610,90724,3390,3395,135,135,False,False,False,False
2026-05-07T11:23:42.805421+00:00,Cd5EHfRerGI,324,16,-1,221817,222141,16364,16380,2106,2105,False,False,False,False
2026-05-07T11:23:42.805421+00:00,IBBboS2nK3c,4,0,0,3878,3882,121,121,3,3,False,False,False,False
2026-05-07T11:23:42.805421+00:00,iS1jGgfO9Z0,4,0,0,6251,6255,417,417,5,5,False,False,False,False
2026-05-07T11:23:42.805421+00:00,0dwlHNDdn2s,63,1,0,14576,14639,727,728,4,4,False,False,False,False
2026-05-07T11:23:42.805421+00:00,if955Z_s4Ts,3472,62,1,342405,345877,7301,7363,67,68,False,False,False,False
2026-05-07T11:23:42.805421+00:00,1VSBgPn28zA,571,44,0,130591,131162,6309,6353,40,40,False,False,False,False
2026-05-07T11:23:42.805421+00:00,_dASAu79K0s,124,10,0,34874,34998,2186,2196,19,19,False,False,False,False
2026-05-07T11:23:42.805421+00:00,Hs6RxFMX1i4,82,1,0,22984,23066,941,942,15,15,False,False,False,False
2026-05-07T11:23:42.805421+00:00,cnCEUFzWspI,112,2,0,45597,45709,1336,1338,6,6,False,False,False,False
2026-05-07T11:23:42.805421+00:00,kLJNcHqVmJA,113,3,0,12917,13030,653,656,24,24,False,True,False,False
2026-05-07T11:23:42.805421+00:00,UWRxdKxuOb8,12,0,0,15675,15687,1041,1041,18,18,False,False,False,False
2026-05-07T11:23:42.805421+00:00,kXenRXelpKs,315,20,0,51252,51567,2620,2640,41,41,False,False,False,False
2026-05-07T11:23:42.805421+00:00,VVfMO6SJZLw,298,8,0,39225,39523,1895,1903,180,180,False,False,False,False
2026-05-07T11:23:42.805421+00:00,ieJE93iObcI,33,1,0,3577,3610,205,206,13,13,False,False,False,False
2026-05-07T11:23:42.805421+00:00,YhNUPGphSM8,2013,66,1,122374,124387,7890,7956,330,331,False,False,False,False
2026-05-07T11:23:42.805421+00:00,CF4oRpaLSqw,14,0,0,6848,6862,288,288,9,9,False,False,False,False
2026-05-07T11:23:42.805421+00:00,RVu1kgj-miw,4,0,1,10379,10383,667,667,45,46,False,False,False,False
2026-05-07T11:23:42.805421+00:00,_QHAqfILwPk,7,0,0,3865,3872,90,90,1,1,False,False,False,False
2026-05-07T11:23:42.805421+00:00,o8YcWD2ri9U,398,21,0,72139,72537,4655,4676,535,535,False,False,False,False
2026-05-07T11:23:42.805421+00:00,sncgYGQt1T8,8,0,0,9614,9622,392,392,12,12,False,False,False,False
2026-05-07T11:23:42.805421+00:00,67JREKwyixk,35,0,0,8836,8871,258,258,2,2,False,False,False,False
2026-05-07T11:23:42.805421+00:00,D3h2gmgCBFg,7,0,0,2240,2247,83,83,1,1,False,False,False,False
2026-05-07T11:23:42.805421+00:00,Um1DSnUqmko,19,0,0,11494,11513,303,303,1,1,False,False,False,False
2026-05-07T11:23:42.805421+00:00,HVPhcOmSMtM,196,2,0,18999,19195,524,526,60,60,False,False,False,False
2026-05-07T11:23:42.805421+00:00,TAJkbsNrZuM,0,0,0,970,970,52,52,0,0,False,False,False,False
2026-05-07T11:23:42.805421+00:00,GfSGy5C1OIA,41,0,0,17884,17925,832,832,8,8,False,False,False,False
2026-05-07T11:23:42.805421+00:00,9oVPXnEkegY,1254,24,1,50693,51947,1890,1914,240,241,False,False,False,False
2026-05-07T11:23:42.805421+00:00,51dULrDA8E8,115,11,0,17967,18082,1402,1413,19,19,False,False,False,False
2026-05-07T11:23:42.805421+00:00,AYIqxqyY-es,5,0,0,5161,5166,443,443,87,87,False,False,False,False
2026-05-07T11:23:42.805421+00:00,qey62i2fvg0,197,3,0,71161,71358,1877,1880,33,33,False,False,False,False
2026-05-07T11:23:42.805421+00:00,5fKeNMp7F6s,80,2,0,27074,27154,664,666,5,5,False,False,False,False
2026-05-07T11:23:42.805421+00:00,a9T6IRpz31E,10105,288,6,957926,968031,33764,34052,1230,1236,False,False,False,False
2026-05-07T11:23:42.805421+00:00,ZAmCJoz4c4w,2177,36,0,511307,513484,11360,11396,223,223,False,False,False,False
2026-05-07T11:23:42.805421+00:00,s6XPoPYDn-Y,7590,239,0,1350967,1358557,40411,40650,416,416,False,False,False,False
2026-05-07T11:23:42.805421+00:00,PQOKPfU-zIs,1,0,0,3888,3889,224,224,4,4,False,False,False,False
2026-05-07T11:23:42.805421+00:00,7A5KHuRU8BE,0,0,0,3421,3421,179,179,7,7,False,False,False,False
2026-05-07T11:23:42.805421+00:00,AMpe2jD0lZw,3,0,0,5810,5813,393,393,3,3,False,False,False,False
2026-05-07T11:23:42.805421+00:00,yawQxLw0K08,2,0,0,7190,7192,666,666,4,4,False,False,False,False
2026-05-07T11:23:42.805421+00:00,mT-7tbs7rVw,6,1,0,17721,17727,1020,1021,20,20,False,False,False,False
2026-05-07T11:23:42.805421+00:00,8mnzaIML2AM,0,0,0,2706,2706,206,206,4,4,False,False,False,False
2026-05-07T11:23:42.805421+00:00,XoY4BiK1WW8,0,0,0,5061,5061,211,211,3,3,False,False,False,False
2026-05-07T11:23:42.805421+00:00,_SdzVNht_nU,208,16,0,12426,12634,817,833,24,24,False,False,False,False
2026-05-07T11:23:42.805421+00:00,1t2Yd_bmg_k,5,0,0,9380,9385,562,562,5,5,False,False,False,False
2026-05-07T11:23:42.805421+00:00,MlSS4ZqvJuA,29,1,0,29007,29036,1687,1688,37,37,False,False,False,False
2026-05-07T11:23:42.805421+00:00,BnAKfe0qGbE,58,2,0,13065,13123,921,923,6,6,False,False,False,False
2026-05-07T11:23:42.805421+00:00,TLdMXZSABH8,78,0,0,11079,11157,456,456,24,24,False,False,False,False
2026-05-07T11:23:42.805421+00:00,R1iBWKeX42I,11,0,0,5299,5310,416,416,6,6,False,False,False,False
2026-05-07T11:23:42.805421+00:00,v3JV42WbomE,200,9,0,28190,28390,1273,1282,72,72,False,False,False,False
2026-05-07T11:23:42.805421+00:00,sqXsMACtso0,168,14,0,27525,27693,2614,2628,43,43,False,False,False,False
2026-05-07T11:23:42.805421+00:00,RWGr8LwG3TY,1137,68,4,126769,127906,8850,8918,730,734,False,False,False,False
2026-05-07T11:23:42.805421+00:00,_jxLMMcKmRQ,555,25,0,380367,380922,23287,23312,93,93,False,False,False,False
2026-05-07T11:23:42.805421+00:00,yzajLZXh9JU,125,1,0,42440,42565,2419,2420,207,207,False,False,False,False
2026-05-07T11:23:42.805421+00:00,FdFgh2vQp8I,0,0,0,904,904,27,27,0,0,False,False,False,False
2026-05-07T11:23:42.805421+00:00,Jr9Xm5f44NQ,140,4,0,14340,14480,800,804,16,16,False,False,False,False
2026-05-07T11:23:42.805421+00:00,Ju0usucry_g,37,1,1,21892,21929,370,371,14,15,False,False,False,False
2026-05-07T11:23:42.805421+00:00,kkQDCTCcgC0,3,0,0,4653,4656,326,326,5,5,False,False,False,False
2026-05-07T11:23:42.805421+00:00,61fk5yAs7Jw,2,0,0,4881,4883,275,275,0,0,False,False,False,False
2026-05-07T11:23:42.805421+00:00,ys1zQyiLrMc,6,0,0,7356,7362,368,368,3,3,False,False,False,False
2026-05-07T11:23:42.805421+00:00,rYKQ0Ukxe6k,107,1,0,20310,20417,836,837,36,36,False,False,False,False
2026-05-07T11:23:42.805421+00:00,fKtG9uPeMCc,630,32,1,48406,49036,3644,3676,373,374,False,False,False,False
2026-05-07T11:23:42.805421+00:00,yy_J5fdELm0,1619,93,28,126177,127796,8413,8506,2071,2099,False,False,False,False
2026-05-07T11:23:42.805421+00:00,nnKkk3CpLes,375,4,1,77107,77482,3673,3677,368,369,False,False,False,False
2026-05-07T11:23:42.805421+00:00,oOLYgK6RqS4,18,1,0,4270,4288,505,506,107,107,False,False,False,False
2026-05-07T11:23:42.805421+00:00,5YKhtb3DNNo,4837,238,13,791518,796355,64137,64375,6365,6378,False,False,False,False
2026-05-07T11:23:42.805421+00:00,MWrMtRjLhjk,247,18,0,204500,204747,13294,13312,1225,1225,False,False,False,False
2026-05-07T11:23:42.805421+00:00,ndkH5fZSIvs,2530,107,0,1023901,1026431,58578,58685,403,403,False,False,False,False
2026-05-07T11:23:42.805421+00:00,8fIRAhGGRgA,1471,37,0,279349,280820,13423,13460,280,280,False,False,False,False
2026-05-07T11:23:42.805421+00:00,pS5AOr4B7hg,5,0,0,3376,3381,172,172,3,3,False,False,False,False
2026-05-07T11:23:42.805421+00:00,6XxQMeqG1P4,231,5,0,33073,33304,1294,1299,210,210,False,False,False,False
2026-05-07T11:23:42.805421+00:00,n1G2FQ0UEqc,313,8,0,72223,72536,1960,1968,95,95,False,False,False,False
2026-05-07T11:23:42.805421+00:00,NAooB35YkHA,17,0,0,5648,5665,231,231,10,10,False,False,False,False
2026-05-07T11:23:42.805421+00:00,CzIJ566XexE,24,0,0,12195,12219,444,444,3,3,False,False,False,False
2026-05-07T11:23:42.805421+00:00,eOI7WQIEX1Y,17803,578,57,1709500,1727303,91234,91812,7846,7903,False,False,False,False
2026-05-07T11:23:42.805421+00:00,Rvy2kXZpBtM,1645,14,0,42049,43694,1082,1096,15,15,False,False,False,False
2026-05-07T11:23:42.805421+00:00,oOCN30ulVyo,3871,108,4,212258,216129,7959,8067,419,423,False,False,False,False
2026-05-07T11:23:42.805421+00:00,SvLaz6y-mhs,26,1,0,25137,25163,629,630,7,7,False,False,False,False
2026-05-07T11:23:42.805421+00:00,dU5sDKcwN9E,5447,300,4,462118,467565,22351,22651,304,308,False,False,False,False
2026-05-07T11:23:42.805421+00:00,4at2bVIhLgc,4743,80,3,708713,713456,22239,22319,895,898,False,False,False,False
2026-05-07T11:23:42.805421+00:00,iBpxQpktHN4,6324,148,1,2078876,2085200,56846,56994,348,349,False,False,False,False
2026-05-07T11:23:42.805421+00:00,mbGPgjXCx24,232,5,1,292337,292569,11317,11322,768,769,False,False,False,False
2026-05-07T11:23:42.805421+00:00,-uUlnDjQxhg,1399,24,0,385034,386433,14230,14254,954,954,False,False,False,False
2026-05-07T11:23:42.805421+00:00,sj1y9FDJKCM,326,10,0,64689,65015,3513,3523,186,186,False,False,False,False
2026-05-07T11:23:42.805421+00:00,ND9eyW5Fw0s,197,18,2,40829,41026,4099,4117,876,878,False,False,False,False
2026-05-07T11:23:42.805421+00:00,JWOErbTL9N4,6051,168,7,569749,575800,24395,24563,1378,1385,False,False,False,False
2026-05-07T11:23:42.805421+00:00,HyWpbCUdCr8,9,0,0,6211,6220,269,269,5,5,False,False,False,False
2026-05-07T11:23:42.805421+00:00,IldLswg2yAM,1751,28,3,33005,34756,906,934,63,66,False,False,False,False
2026-05-07T11:23:42.805421+00:00,siKdeoxrxIA,14,0,0,18313,18327,839,839,24,24,False,False,False,False
2026-05-07T11:23:42.805421+00:00,shgZ8WYcC6k,53,3,0,24638,24691,1630,1633,10,10,False,False,False,False
2026-05-07T11:23:42.805421+00:00,9VyCOVdFpL8,157,4,0,139298,139455,3752,3756,22,22,False,False,False,False
2026-05-07T11:23:42.805421+00:00,uHXjo7DUAAM,52,2,0,14382,14434,687,689,6,6,False,False,False,False
2026-05-07T11:23:42.805421+00:00,lE7rIBv-nV8,63,2,0,17968,18031,600,602,4,4,False,False,False,False
2026-05-07T11:23:42.805421+00:00,Lnhy0tZ8SUI,95,1,0,60032,60127,2276,2277,7,7,False,False,False,False
2026-05-07T11:23:42.805421+00:00,lWQY5zccbQs,57,2,0,25428,25485,899,901,38,38,False,False,False,False
2026-05-07T11:23:42.805421+00:00,hCNT8hK1T98,0,0,0,1224,1224,52,52,0,0,False,False,False,False
2026-05-07T11:23:42.805421+00:00,I66LDF9iWts,0,0,0,117,117,11,11,0,0,False,False,False,False
2026-05-07T11:23:42.805421+00:00,xAJcbx5h6wE,2,0,0,2851,2853,75,75,0,0,False,False,False,False
2026-05-07T11:23:42.805421+00:00,96k8OXI58Ko,0,0,0,2054,2054,184,184,4,4,False,False,False,False
2026-05-07T11:23:42.805421+00:00,FHeTJmwxo5s,0,0,0,1618,1618,153,153,2,2,False,False,False,False
2026-05-07T11:23:42.805421+00:00,Vd3Pkc0YGrM,2,1,0,9073,9075,353,354,1,1,False,False,False,False
2026-05-07T11:23:42.805421+00:00,_BhjwaNE8mc,12,2,0,7587,7599,857,859,17,17,False,False,False,False
2026-05-07T11:23:42.805421+00:00,Qyf99inRvDE,8,0,0,3305,3313,178,178,1,1,False,False,False,False
2026-05-07T11:23:42.805421+00:00,XjAeQOmdNFU,61,0,0,22602,22663,731,731,32,32,False,False,False,False
2026-05-07T11:23:42.805421+00:00,UPYFbiBv8H4,12,1,0,1385,1397,103,104,3,3,False,False,False,False
2026-05-07T11:23:42.805421+00:00,_XyunBBcVXY,2,0,0,546,548,21,21,10,10,False,False,False,False
2026-05-07T11:23:42.805421+00:00,pGGJHrxn1VU,6,0,0,22258,22264,787,787,0,0,False,False,False,False
2026-05-07T11:23:42.805421+00:00,fwUWAoSeg2g,4895,76,7,302897,307792,8386,8462,791,798,False,False,False,False
2026-05-07T11:23:42.805421+00:00,Xbang1Y_jbA,30,0,0,21295,21325,562,562,5,5,False,False,False,False
2026-05-07T11:23:42.805421+00:00,bM3ojc2bhdA,31,4,0,2471,2502,346,350,35,35,False,False,False,False
2026-05-07T11:23:42.805421+00:00,2gFNJ6_ogzg,544,18,0,80642,81186,3789,3807,232,232,False,False,False,False
2026-05-07T11:23:42.805421+00:00,jcfifYFAdpM,12,1,0,8662,8674,1077,1078,38,38,False,False,False,False
2026-05-07T11:23:42.805421+00:00,6q2ptE-BXIc,15,1,0,2218,2233,218,219,15,15,False,False,False,False
2026-05-07T11:23:42.805421+00:00,aqIgIWIc3uw,37,1,0,20300,20337,1069,1070,60,60,False,False,False,False
2026-05-07T11:23:42.805421+00:00,wJOakc64crg,768,18,4,77780,78548,4295,4313,933,937,False,False,False,False
2026-05-07T11:23:42.805421+00:00,j584RpaMrDg,17,0,0,4462,4479,130,130,4,4,False,False,False,False
2026-05-07T11:23:42.805421+00:00,Cql6TAdpPDU,583,14,1,96615,97198,3443,3457,181,182,False,False,False,False
2026-05-07T11:23:42.805421+00:00,H_i8nh8uBco,15,0,0,8536,8551,232,232,6,6,False,False,False,False
2026-05-07T11:23:42.805421+00:00,stk7f11pyr8,45,0,0,8512,8557,82,82,11,11,False,False,False,False
2026-05-07T11:23:42.805421+00:00,A83vXatD6sY,17,0,0,10834,10851,228,228,6,6,False,False,False,False
2026-05-07T11:23:42.805421+00:00,qGDMB-PryIU,141,2,0,35930,36071,662,664,40,40,False,False,False,False
2026-05-07T11:23:42.805421+00:00,Q4zggacUY6E,2,0,0,4019,4021,89,89,1,1,False,False,False,False
2026-05-07T11:23:42.805421+00:00,YfEz4a39qS0,4,0,0,1444,1448,46,46,0,0,False,False,False,False
2026-05-07T11:23:42.805421+00:00,xL5gZGVPjnQ,8,2,0,1339,1347,141,143,44,44,False,False,False,False
2026-05-07T11:23:42.805421+00:00,oj3-hWAf1uQ,459,20,0,45328,45787,2333,2353,22,22,False,False,False,False
2026-05-07T11:23:42.805421+00:00,1HWpBvWbexU,14,0,0,2035,2049,59,59,1,1,False,False,False,False
2026-05-07T11:23:42.805421+00:00,sbzsqNJuZvg,1583,31,0,66088,67671,1434,1465,17,17,False,False,False,False
2026-05-07T11:23:42.805421+00:00,xhCLLakHBa8,814,18,1,59956,60770,2082,2100,40,41,False,False,False,False
2026-05-07T11:23:42.805421+00:00,JrGlAw_Q7ow,3352,82,3,165642,168994,5423,5505,84,87,False,False,False,False
2026-05-07T11:23:42.805421+00:00,LkRVMOzUypo,72,1,0,12619,12691,518,519,3,3,False,False,False,False
2026-05-07T11:23:42.805421+00:00,lWj_3TE2UsE,65,3,0,13694,13759,596,599,6,6,False,False,False,False
2026-05-07T11:23:42.805421+00:00,nbHMeopNtDg,68,1,0,21155,21223,678,679,11,11,False,False,False,False
2026-05-07T11:23:42.805421+00:00,HeY4a7uDlkg,303,10,0,60012,60315,2149,2159,18,18,False,False,False,False
2026-05-07T11:23:42.805421+00:00,0DB_Qj43O6Q,412,27,0,75341,75753,3979,4006,32,32,False,False,False,False
2026-05-07T11:23:42.805421+00:00,xjcVnFd-4YA,7868,111,3,1576894,1584762,41674,41785,2197,2200,False,False,False,False
2026-05-07T11:23:42.805421+00:00,7Y7Iv5XAXwI,23354,314,3,2131919,2155273,39530,39844,785,788,False,False,False,False
2026-05-07T11:23:42.805421+00:00,0y8vRPcSvbw,9716,220,4,2322154,2331870,56807,57027,1114,1118,False,False,False,False
2026-05-07T11:23:42.805421+00:00,tkLxg6h07aE,7999,53,2,1024293,1032292,13935,13988,3508,3510,False,False,False,False
2026-05-07T11:23:42.805421+00:00,wN3O2GSvoWE,31,0,0,14081,14112,291,291,15,15,False,False,False,False
2026-05-07T11:23:42.805421+00:00,dG7UGA71QJU,0,0,0,1752,1752,72,72,0,0,False,False,False,False
2026-05-07T11:23:42.805421+00:00,xpf49h0tGvI,0,0,0,146,146,16,16,0,0,False,False,False,False
2026-05-07T11:23:42.805421+00:00,-OmU9HqUNZ0,0,0,0,1501,1501,61,61,0,0,False,False,False,False
2026-05-07T11:23:42.805421+00:00,KppJdbUvqp8,9,1,1,6300,6309,724,725,7,8,False,False,False,False
2026-05-07T11:23:42.805421+00:00,MnlZeYcfowk,5,0,0,3842,3847,401,401,2,2,False,False,False,False
2026-05-07T11:23:42.805421+00:00,LQd65ctML6o,14,1,0,5214,5228,582,583,5,5,False,False,False,False
2026-05-07T11:23:42.805421+00:00,QLnHGjCD-Vw,11,0,0,5175,5186,400,400,12,12,False,False,False,False
2026-05-07T11:23:42.805421+00:00,TOKUlItJpY4,7,0,0,7962,7969,219,219,5,5,False,False,False,False
2026-05-07T11:23:42.805421+00:00,DBWMP58IOcw,11,-1,0,11787,11798,935,934,24,24,False,False,False,False
2026-05-07T11:23:42.805421+00:00,Qf1PdYlk_9A,4,1,0,2879,2883,187,188,9,9,False,False,False,False
2026-05-07T11:23:42.805421+00:00,1c8cpHNlIb8,5,2,0,3828,3833,404,406,5,5,False,False,False,False
2026-05-07T11:23:42.805421+00:00,-ZL_mpjxaUo,3,0,0,5090,5093,490,490,4,4,False,False,False,False
2026-05-07T11:23:42.805421+00:00,zzsUsCRoGcI,1,0,0,2677,2678,336,336,4,4,False,False,False,False
2026-05-07T11:23:42.805421+00:00,DerWppSGkmE,24,1,0,10254,10278,732,733,21,21,False,False,False,False
2026-05-07T11:23:42.805421+00:00,lk7HWLeXjS4,199,6,0,63551,63750,2330,2336,173,173,False,False,False,False
2026-05-07T11:23:42.805421+00:00,7PY7jbupwSg,24,1,0,9103,9127,400,401,9,9,False,False,False,False
2026-05-07T11:23:42.805421+00:00,nWfp_X31vqk,149,1,0,16967,17116,838,839,38,38,False,False,False,False
2026-05-07T11:23:42.805421+00:00,WwEyLRmGU9g,632,49,0,66067,66699,4748,4797,166,166,False,False,False,False
2026-05-07T11:23:42.805421+00:00,nVHr2D6tnA4,684,30,0,177853,178537,12662,12692,160,160,False,False,False,False
2026-05-07T11:23:42.805421+00:00,UDiJI3q9wFQ,148,3,0,34699,34847,1562,1565,58,58,False,False,False,False
2026-05-07T11:23:42.805421+00:00,ksn5yrsC3Wg,100089,1760,115,4390250,4490339,148047,149807,8534,8649,False,False,False,False
2026-05-07T11:23:42.805421+00:00,jytAQWCc_TI,3090,151,2,283139,286229,15757,15908,1094,1096,False,False,False,False
2026-05-07T11:23:42.805421+00:00,-1Fhry-Mqks,3127,107,2,242337,245464,12879,12986,644,646,False,False,False,False
2026-05-07T11:23:42.805421+00:00,eRD2C7w9r6Y,3944,200,10,237319,241263,18398,18598,796,806,False,False,False,False
2026-05-07T11:23:42.805421+00:00,X8ekpP_cQa8,2,0,0,813,815,26,26,0,0,False,False,False,False
2026-05-07T11:23:42.805421+00:00,i7eGzJCQ1Yg,4,0,0,818,822,24,24,2,2,False,False,False,False
2026-05-07T11:23:42.805421+00:00,GZ9itUCDrac,1,0,0,324,325,10,10,1,1,False,False,False,False
2026-05-07T11:23:42.805421+00:00,WB1bBLedJQ4,212,1,0,23338,23550,509,510,2,2,False,False,False,False
2026-05-07T11:23:42.805421+00:00,f2fDaAMvlV4,42,0,0,12180,12222,428,428,2,2,False,False,False,False
2026-05-07T11:23:42.805421+00:00,KztyymfW3Dg,107,1,1,29181,29288,981,982,9,10,False,False,False,False
2026-05-07T11:23:42.805421+00:00,KKq5yX8mrw0,62,0,0,12818,12880,298,298,3,3,False,False,False,False
2026-05-07T11:23:42.805421+00:00,4uRgDr5maYo,126,3,0,15197,15323,678,681,21,21,False,False,False,False
2026-05-07T11:23:42.805421+00:00,NDF3VSFbxAU,416,0,0,8126,8542,262,262,5,5,False,False,False,False
2026-05-07T11:23:42.805421+00:00,oixqYBAPwXA,260,4,0,29832,30092,1241,1245,30,30,False,False,False,False
2026-05-07T11:23:42.805421+00:00,KKwxanUOAd4,298,10,1,66968,67266,4824,4834,449,450,False,False,False,False
2026-05-07T11:23:42.805421+00:00,LKxIrZFhONI,604,22,0,85394,85998,5347,5369,257,257,False,False,False,False
2026-05-07T11:23:42.805421+00:00,mDh52QTqR0o,1337,34,3,279526,280863,13705,13739,695,698,False,False,False,False
2026-05-07T11:23:42.805421+00:00,IrGd4xIhTN0,6104,300,61,554376,560480,32417,32717,8740,8801,False,False,False,False
2026-05-07T11:23:42.805421+00:00,M_iusAv-K8Y,5,0,0,1644,1649,23,23,14,14,False,False,False,False
2026-05-07T11:23:42.805421+00:00,CE6tiT3Q6c4,309,13,1,56210,56519,3029,3042,528,529,False,False,False,False
2026-05-07T11:23:42.805421+00:00,iaT6-gjxQbo,16,1,0,2437,2453,251,252,4,4,False,False,False,False
2026-05-07T11:23:42.805421+00:00,TRVnxUYQAmI,512,21,1,212618,213130,16984,17005,1002,1003,False,False,False,False
2026-05-07T11:23:42.805421+00:00,oRVJREzko-M,1701,43,1,619731,621432,37440,37483,454,455,False,False,False,False
2026-05-07T11:23:42.805421+00:00,ExlWYbISs6I,4521,215,3,622978,627499,28375,28590,379,382,False,False,False,False
2026-05-07T11:23:42.805421+00:00,yXl7MRLoxrM,36,1,0,8824,8860,405,406,35,35,False,False,False,False
2026-05-07T11:23:42.805421+00:00,WOTUpoI2LQA,43467,1049,23,3421651,3465118,162761,163810,3090,3113,False,False,False,False
2026-05-07T11:23:42.805421+00:00,YR-4vFbwe18,352,13,0,38873,39225,1764,1777,89,89,False,False,False,False
2026-05-07T11:23:42.805421+00:00,fpkC4nn2D60,16,2,0,6591,6607,479,481,43,43,False,False,False,False
2026-05-07T11:23:42.805421+00:00,AU6gGMDF7ts,4,0,0,8084,8088,796,796,60,60,False,False,False,False
2026-05-07T11:23:42.805421+00:00,2FFoc89SAj0,6,0,0,4069,4075,159,159,12,12,False,False,False,False
2026-05-07T11:23:42.805421+00:00,iTOXHp4c1YE,369,4,0,140129,140498,3435,3439,27,27,False,False,False,False
2026-05-07T11:23:42.805421+00:00,gEUMAljLr78,1274,46,1,112924,114198,8670,8716,755,756,False,False,False,False
2026-05-07T11:23:42.805421+00:00,t9_dqoKfqLo,46,3,0,20649,20695,622,625,17,17,False,False,False,False
2026-05-07T11:23:42.805421+00:00,eGmGoahyI-U,231,9,0,16480,16711,816,825,52,52,False,False,False,False
2026-05-07T11:23:42.805421+00:00,YD2iT-SCJb0,13,0,0,6887,6900,134,134,6,6,False,False,False,False
2026-05-07T11:23:42.805421+00:00,jLFG_FZKbks,19688,278,5,1294283,1313971,23534,23812,2488,2493,False,False,False,False
2026-05-07T11:23:42.805421+00:00,6r-qlEX6hGY,509,5,1,177409,177918,3995,4000,453,454,False,False,False,False
2026-05-07T11:23:42.805421+00:00,jKTNMlUEdgU,7366,109,0,1356306,1363672,29216,29325,235,235,False,False,False,False
2026-05-07T11:23:42.805421+00:00,tVpky2riji0,1861,24,0,338467,340328,12083,12107,315,315,False,False,False,False
2026-05-07T11:23:42.805421+00:00,jAaw0vn7eLs,4078,466,10,247130,251208,20536,21002,388,398,False,False,False,False
2026-05-07T11:23:42.805421+00:00,pG99B0ui06s,12976,735,5,1896405,1909381,87504,88239,534,539,False,False,False,False
2026-05-07T11:23:42.805421+00:00,k30WHO9_ppU,21,0,0,7731,7752,280,280,5,5,False,False,False,False
2026-05-07T11:23:42.805421+00:00,sGEEHGc7eyo,46,2,0,6783,6829,226,228,6,6,False,False,False,False
2026-05-07T11:23:42.805421+00:00,gzjXoJoWgjs,3146,28,-7,124895,128041,2324,2352,617,610,False,False,False,False
2026-05-07T11:23:42.805421+00:00,fgasMQ6UWPY,1,0,0,4962,4963,221,221,13,13,False,False,False,False
2026-05-07T11:23:42.805421+00:00,Tu8OUN2WuyU,2,0,0,1492,1494,26,26,17,17,False,False,False,False
2026-05-07T11:23:42.805421+00:00,5-ASQ44GpNI,3656,102,5,98230,101886,4193,4295,221,226,False,False,False,False
2026-05-07T11:23:42.805421+00:00,MmtdaRSSUZA,147,8,0,8230,8377,548,556,41,41,False,False,False,False
2026-05-07T11:23:42.805421+00:00,0elkAIACdFE,134,2,0,22266,22400,951,953,17,17,False,False,False,False
2026-05-07T11:23:42.805421+00:00,dqOmDZPkIF4,953,12,0,31856,32809,1239,1251,21,21,False,False,False,False
2026-05-07T11:23:42.805421+00:00,LkaaMQx9uZ0,940,34,1,75661,76601,3811,3845,70,71,False,False,False,False
2026-05-07T11:23:42.805421+00:00,DYhg0nWZ1UQ,512,26,4,11114,11626,1089,1115,158,162,False,False,False,False
2026-05-07T11:23:42.805421+00:00,tXgFifuwvno,45,1,0,1853,1898,144,145,7,7,False,False,False,False
2026-05-07T11:23:42.805421+00:00,MlcUa5-3G68,229,4,1,24068,24297,950,954,66,67,False,False,False,False
2026-05-07T11:23:42.805421+00:00,9opMZrn2-zg,122,3,0,25415,25537,1128,1131,5,5,False,False,False,False
2026-05-07T11:23:42.805421+00:00,Aa1qfpfSaVY,115,2,0,24610,24725,1088,1090,9,9,False,False,False,False
2026-05-07T11:23:42.805421+00:00,98ShZgIhSbk,1635,37,0,100396,102031,3331,3368,17,17,False,False,False,False
2026-05-07T11:23:42.805421+00:00,31WQ21L6kE8,118,4,0,17136,17254,961,965,12,12,False,False,False,False
2026-05-07T11:23:42.805421+00:00,s9TcINJc2pw,186,10,0,58902,59088,2770,2780,25,25,False,False,False,False
2026-05-07T11:23:42.805421+00:00,LK1OJ-izQfQ,102,1,0,24174,24276,987,988,10,10,False,False,False,False
2026-05-07T11:23:42.805421+00:00,2mOqRPcWgMM,3893,53,1,67841,71734,1212,1265,20,21,False,False,False,False
2026-05-07T11:23:42.805421+00:00,GDex3WIPF7c,15454,347,7,1643288,1658742,55098,55445,2003,2010,False,False,False,False
2026-05-07T11:23:42.805421+00:00,yE8fJOgv7Pc,7355,117,1,982467,989822,23895,24012,847,848,False,False,False,False
2026-05-07T11:23:42.805421+00:00,Y254oB1QNOE,3321,118,14,357546,360867,10568,10686,922,936,False,False,False,False
2026-05-07T11:23:42.805421+00:00,FzdGk0ceLCA,-1,0,0,1246,1245,60,60,0,0,False,False,False,False
2026-05-07T11:23:42.805421+00:00,0GmokuFXa_o,3,0,0,1775,1778,103,103,0,0,False,False,False,False
2026-05-07T11:23:42.805421+00:00,yA-SufBCL7g,18,0,0,13232,13250,777,777,8,8,False,False,False,False
2026-05-07T11:23:42.805421+00:00,Wz8CxWdCHC0,6,0,0,9300,9306,575,575,10,10,False,False,False,False
2026-05-07T11:23:42.805421+00:00,Nz7vsR3_W3I,22,0,0,13712,13734,900,900,18,18,False,False,False,False
2026-05-07T11:23:42.805421+00:00,JTtyJPD0ZOw,248,8,0,13427,13675,963,971,37,37,False,False,False,False
2026-05-07T11:23:42.805421+00:00,SK7yqZdN3Dg,138,5,0,23820,23958,1419,1424,41,41,False,False,False,False
2026-05-07T11:23:42.805421+00:00,eYZUzUEUsjo,2,0,0,2222,2224,144,144,3,3,False,False,False,False
2026-05-07T11:23:42.805421+00:00,zSPnVUpVwj8,4,0,0,1638,1642,146,146,3,3,False,False,False,False
2026-05-07T11:23:42.805421+00:00,8TvJvfKz8Fo,4796,238,10,298464,303260,24545,24783,1513,1523,False,False,False,False
2026-05-07T11:23:42.805421+00:00,KdmRWazuBRU,1649,40,0,95817,97466,4187,4227,277,277,False,False,False,False
2026-05-07T11:23:42.805421+00:00,nH8YRX4Stfs,44,2,0,21033,21077,902,904,133,133,False,False,False,False
2026-05-07T11:23:42.805421+00:00,MK3Lz4fAvZo,312,16,0,38809,39121,3181,3197,92,92,False,False,False,False
2026-05-07T11:23:42.805421+00:00,1PIbKMyFMAY,2483,112,0,179996,182479,11306,11418,343,343,False,False,False,False
2026-05-07T11:23:42.805421+00:00,wgADj9n8XMs,1497,46,0,806371,807868,36251,36297,288,288,False,False,False,False
2026-05-07T11:23:42.805421+00:00,u5HPVyEpyNI,2950,128,9,194709,197659,13248,13376,1271,1280,False,False,False,False
2026-05-07T11:23:42.805421+00:00,-CB2CwSPtAQ,275,10,1,39748,40023,1321,1331,104,105,False,False,False,False
2026-05-07T11:23:42.805421+00:00,FMdrD_jcYgE,17440,569,35,829852,847292,47565,48134,4383,4418,False,False,False,False
2026-05-07T11:23:42.805421+00:00,OgbLx7K5jKI,203,3,0,27969,28172,494,497,10,10,False,False,False,False
2026-05-07T11:23:42.805421+00:00,9rRvmcDpWwA,954,37,1,44578,45532,1495,1532,147,148,False,False,False,False
2026-05-07T11:23:42.805421+00:00,UxUmboIvArE,33,3,2,2963,2996,152,155,14,16,False,False,False,False
2026-05-07T11:23:42.805421+00:00,YY99Gla0v4E,33,1,0,2056,2089,128,129,7,7,False,False,False,False
2026-05-07T11:23:42.805421+00:00,-8Xee3Y4Yeg,13,1,0,583,596,47,48,8,8,False,False,False,False
2026-05-07T11:23:42.805421+00:00,ZgcrZ8qm0-w,2,0,0,844,846,15,15,2,2,False,False,False,False
2026-05-07T11:23:42.805421+00:00,cxBZkkzJcpw,0,1,0,237,237,8,9,0,0,False,False,False,False
2026-05-07T11:23:42.805421+00:00,NoXtR658c_k,347,7,0,38818,39165,1277,1284,48,48,False,False,False,False
2026-05-07T11:23:42.805421+00:00,FBq_mtNPweg,238,2,0,29035,29273,883,885,4,4,False,False,False,False
2026-05-07T11:23:42.805421+00:00,4Zi41MRVP0g,3368,58,5,139244,142612,4033,4091,493,498,False,False,False,False
2026-05-07T11:23:42.805421+00:00,KfaPxlvQx1M,19,0,0,13307,13326,1089,1089,13,13,False,False,False,False
2026-05-07T11:23:42.805421+00:00,enQeP-ztP5A,25,2,0,12737,12762,1334,1336,18,18,False,False,False,False
2026-05-07T11:23:42.805421+00:00,k7aOM--Ycts,1079,44,1,102325,103404,6319,6363,682,683,False,False,False,False
2026-05-07T11:23:42.805421+00:00,eYDQWSBQ47s,415,9,0,27005,27420,1699,1708,143,143,False,False,False,False
2026-05-07T11:23:42.805421+00:00,2ZV29QhLfjw,17513,341,6,826838,844351,38893,39234,1147,1153,False,False,False,False
2026-05-07T11:23:42.805421+00:00,HyO6rMqRXw0,550,17,0,28298,28848,969,986,39,39,False,False,False,False
2026-05-07T11:23:42.805421+00:00,P9MkPdQc74o,192,4,0,105355,105547,4483,4487,482,482,False,False,False,False
2026-05-07T11:23:42.805421+00:00,mbtA5CBh5qk,3,0,0,153,156,11,11,10,10,False,False,False,False
2026-05-07T11:23:42.805421+00:00,N-zjDtQOwxc,8555,324,8,882323,890878,61340,61664,3606,3614,False,False,False,False
2026-05-07T11:23:42.805421+00:00,POn6IRgP5-A,983,20,1,93111,94094,4568,4588,282,283,False,False,False,False
2026-05-07T11:23:42.805421+00:00,GAf7J_t1o8U,510,31,0,24020,24530,3036,3067,211,211,False,False,False,False
2026-05-07T11:23:42.805421+00:00,oIr5NyY01EQ,131,8,0,2542,2673,263,271,24,24,False,False,False,False
2026-05-07T11:23:42.805421+00:00,mQR17nCXUSA,177,8,1,114555,114732,9002,9010,657,658,False,False,False,False
2026-05-07T11:23:42.805421+00:00,W65cfPslnzo,14640,212,10,655325,669965,15261,15473,1206,1216,False,False,False,False
2026-05-07T11:23:42.805421+00:00,VgH5rhALEfU,2284,69,0,673048,675332,34040,34109,631,631,False,False,False,False
2026-05-07T11:23:42.805421+00:00,QPWScf-86po,158657,2234,36,6606513,6765170,205410,207644,2828,2864,False,False,False,False
2026-05-07T11:23:42.805421+00:00,7IL0scdhgJA,38,0,0,7432,7470,362,362,24,24,False,False,False,False
2026-05-07T11:23:42.805421+00:00,s2NSwy8xraQ,117,6,0,11249,11366,687,693,14,14,False,False,False,False
2026-05-07T11:23:42.805421+00:00,8erUsIGULKc,67,4,0,7149,7216,364,368,36,36,False,False,False,False
2026-05-07T11:23:42.805421+00:00,s23TO2BQBcU,303,5,0,25050,25353,837,842,55,55,False,False,False,False
2026-05-07T11:23:42.805421+00:00,rfRFwXnk660,4216,165,5,286140,290356,16994,17159,1029,1034,False,False,False,False
2026-05-07T11:23:42.805421+00:00,ByJAH8vTgfw,368,8,0,35838,36206,1098,1106,30,30,False,False,False,False
2026-05-07T11:23:42.805421+00:00,W4BkgA1P27o,60,3,0,11312,11372,568,571,24,24,False,False,False,False
2026-05-07T11:23:42.805421+00:00,quCJwkDAx0g,98,0,1,40193,40291,1149,1149,359,360,False,False,False,False
2026-05-07T11:23:42.805421+00:00,iQxwDGnuByc,728,23,1,45128,45856,2316,2339,122,123,False,False,False,False
2026-05-07T11:23:42.805421+00:00,waOGddip3Wk,10,0,0,5350,5360,452,452,31,31,False,False,False,False
2026-05-07T11:23:42.805421+00:00,xfMhpaP8QSg,24,0,0,8519,8543,726,726,80,80,False,False,False,False
2026-05-07T11:23:42.805421+00:00,iGaMJCi8mAk,38,0,0,11741,11779,313,313,4,4,False,False,False,False
2026-05-07T11:23:42.805421+00:00,kmKuk_TCEvU,185,5,0,35923,36108,1094,1099,33,33,False,False,False,False
2026-05-07T11:23:42.805421+00:00,yGC0oT995TM,79,5,0,15355,15434,465,470,10,10,False,False,False,False
2026-05-07T11:23:42.805421+00:00,lB_XJmoBLjw,28,1,0,10082,10110,529,530,12,12,False,False,False,False
2026-05-07T11:23:42.805421+00:00,t6GzhyGTKCo,1090,14,12,90906,91996,2717,2731,188,200,False,False,False,False
2026-05-07T11:23:42.805421+00:00,qgzwtKsXCMo,75865,1036,16,3209264,3285129,62721,63757,667,683,False,False,False,False
2026-05-07T11:23:42.805421+00:00,0D14LJGiBkg,2159,84,3,344453,346612,15846,15930,1172,1175,False,False,False,False
2026-05-07T11:23:42.805421+00:00,mpZK1dqX6aA,22363,593,6,983351,1005714,30106,30699,213,219,False,False,False,False
2026-05-07T11:23:42.805421+00:00,RniYUmKs93U,6290,250,4,421467,427757,23635,23885,460,464,False,False,False,False
2026-05-07T11:23:42.805421+00:00,IEJALLQFmDs,37006,825,7,4453334,4490340,101394,102219,719,726,False,False,False,False
2026-05-07T11:23:42.805421+00:00,dqazxW8R5BY,39350,1452,24,2318693,2358043,106828,108280,2223,2247,False,False,False,False
2026-05-07T11:23:42.805421+00:00,UsS6bOYnnOI,3665,115,14,333517,337182,17200,17315,3672,3686,False,False,False,False
2026-05-07T11:23:42.805421+00:00,nGakcu0V0ZM,196,2,0,18799,18995,415,417,29,29,False,False,False,False
2026-05-07T11:23:42.805421+00:00,8CpQzf_RYb4,41,1,0,5544,5585,375,376,4,4,False,False,False,False
2026-05-07T11:23:42.805421+00:00,OrI86PV-aPg,17540,393,8,1741442,1758982,73249,73642,1844,1852,False,False,False,False
2026-05-07T11:23:42.805421+00:00,2A0dbP8LJoA,150,3,0,7491,7641,630,633,29,29,False,False,False,False
2026-05-07T11:23:42.805421+00:00,5W2lIWDyXjI,514,12,1,66704,67218,1642,1654,27,28,False,False,False,False
2026-05-07T11:23:42.805421+00:00,o1LnQHf3b6I,198,6,0,19620,19818,880,886,6,6,False,False,False,False
2026-05-07T11:23:42.805421+00:00,2pao0845DQQ,9402,211,2,253862,263264,6703,6914,52,54,False,False,False,False
2026-05-07T11:23:42.805421+00:00,WPOhGVSPOyM,609,8,0,87431,88040,1387,1395,8,8,False,False,False,False
2026-05-07T11:23:42.805421+00:00,7FYFhOiiMIU,92,2,0,14979,15071,568,570,6,6,False,False,False,False
2026-05-07T11:23:42.805421+00:00,aRLwX_dN8AQ,3848,64,0,79983,83831,1582,1646,10,10,False,False,False,False
2026-05-07T11:23:42.805421+00:00,CPJhzRv9y_8,652,7,0,68396,69048,1323,1330,10,10,False,False,False,False
2026-05-07T11:23:42.805421+00:00,Q5rmW96IGqA,538,13,0,30272,30810,1020,1033,9,9,False,False,False,False
2026-05-07T11:23:42.805421+00:00,reCJ5EuvukI,12294,384,5,1004941,1017235,35863,36247,735,740,False,False,False,False
2026-05-07T11:23:42.805421+00:00,io_Ysi-LFWE,3432,70,2,577094,580526,17056,17126,358,360,False,False,False,False
2026-05-07T11:23:42.805421+00:00,snM0UfZxakc,14438,226,11,803503,817941,17719,17945,1254,1265,False,False,False,False
2026-05-07T11:23:42.805421+00:00,TmkbUF0V0hM,10081,96,27,792043,802124,12640,12736,4658,4685,False,False,False,False
2026-05-07T11:23:42.805421+00:00,_88DyxJqY-4,27,0,0,2630,2657,202,202,24,24,False,False,False,False
2026-05-07T11:23:42.805421+00:00,Dic-fJdWqhY,0,0,0,420,420,17,17,0,0,False,False,False,False
2026-05-07T11:23:42.805421+00:00,HZ2uROlnuEg,2,0,0,167,169,7,7,0,0,False,False,False,False
2026-05-07T11:23:42.805421+00:00,H5KmfCor3mc,0,0,0,266,266,11,11,1,1,False,False,False,False
2026-05-07T11:23:42.805421+00:00,gaOZZ1TYILU,3,0,0,116,119,12,12,0,0,False,False,False,False
2026-05-07T11:23:42.805421+00:00,rQmlUxDeTxE,2,0,0,10512,10514,878,878,12,12,False,False,False,False
2026-05-07T11:23:42.805421+00:00,6dfxL42fP0c,2,0,0,1836,1838,162,162,4,4,False,False,False,False
2026-05-07T11:23:42.805421+00:00,hE1O48iNhBw,2,0,0,3676,3678,251,251,2,2,False,False,False,False
2026-05-07T11:23:42.805421+00:00,LDXkrlIxj8U,71,2,0,23768,23839,1558,1560,13,13,False,False,False,False
2026-05-07T11:23:42.805421+00:00,Xcmg2noBQOw,5,1,0,2963,2968,325,326,4,4,False,False,False,False
2026-05-07T11:23:42.805421+00:00,RGWm_UCIWnc,36,2,0,13689,13725,953,955,14,14,False,False,False,False
2026-05-07T11:23:42.805421+00:00,Rax-kdRVG74,19,0,0,14480,14499,691,691,15,15,False,False,False,False
2026-05-07T11:23:42.805421+00:00,tA9L9aV6gXY,10,0,0,2829,2839,183,183,9,9,False,False,False,False
2026-05-07T11:23:42.805421+00:00,o8Z1Q8UPSOU,95,7,0,16086,16181,1586,1593,24,24,False,False,False,False
2026-05-07T11:23:42.805421+00:00,_FP4gbF0KWY,107,3,0,8695,8802,572,575,17,17,False,False,False,False
2026-05-07T11:23:42.805421+00:00,FbRnMwKmmTA,40,1,0,8735,8775,601,602,35,35,False,False,False,False
2026-05-07T11:23:42.805421+00:00,ehizptRtYzM,275,17,0,32897,33172,2629,2646,98,98,False,False,False,False
2026-05-07T11:23:42.805421+00:00,kB_PJC80JhY,18818,414,1,1227430,1246248,53596,54010,294,295,False,False,False,False
2026-05-07T11:23:42.805421+00:00,wdCDxH9KBss,1357,78,0,63467,64824,3282,3360,78,78,False,False,False,False
2026-05-07T11:23:42.805421+00:00,4iXwPD-VHyg,845,21,0,75949,76794,1893,1914,21,21,False,False,False,False
2026-05-07T11:23:42.805421+00:00,rVixyOY_Xr4,1669,43,3,30961,32630,1466,1509,119,122,False,False,False,False
2026-05-07T11:23:42.805421+00:00,d0VoQtmw9Eg,233,5,0,17633,17866,724,729,7,7,False,False,False,False
2026-05-07T11:23:42.805421+00:00,QzZ4VwDHAT4,410,9,0,37341,37751,1879,1888,137,137,False,False,False,False
2026-05-07T11:23:42.805421+00:00,JjwHFerSu4M,6808,203,5,202170,208978,10332,10535,561,566,False,False,False,False
2026-05-07T11:23:42.805421+00:00,RNUjufFVGXs,86,1,1,6003,6089,547,548,38,39,False,False,False,False
2026-05-07T11:23:42.805421+00:00,uoRmXpQseH8,0,0,0,0,0,2,2,0,0,False,False,False,False
2026-05-07T11:23:42.805421+00:00,-lSM97fApgQ,0,0,0,0,0,4,4,0,0,False,False,False,False
2026-05-07T11:23:42.805421+00:00,1sofoaFEV58,0,0,0,0,0,14,14,0,0,False,False,False,False
2026-05-07T11:23:42.805421+00:00,FJNk3OGtmbk,693,7,0,19972,20665,488,495,3,3,False,False,False,False
2026-05-07T11:23:42.805421+00:00,RCl-cN1Hf-Q,177,4,0,17178,17355,514,518,2,2,False,False,False,False
2026-05-07T11:23:42.805421+00:00,1d3wR5LJ4-4,435,9,1,38880,39315,1402,1411,24,25,False,False,False,False
2026-05-07T11:23:42.805421+00:00,69AWec8qjjo,2158,36,1,173186,175344,5568,5604,156,157,False,False,False,False
2026-05-07T11:23:42.805421+00:00,YUwjueXzffE,12307,344,0,339341,351648,7304,7648,66,66,False,False,False,False
2026-05-07T11:23:42.805421+00:00,oNjLzGpMCuw,596,13,0,102162,102758,4768,4781,261,261,False,False,False,False
2026-05-07T11:23:42.805421+00:00,ftk4VdOcaj8,97,1,0,17078,17175,1939,1940,46,46,False,False,False,False
2026-05-07T11:23:42.805421+00:00,pra3fiwosjU,11,2,0,3965,3976,125,127,5,5,False,False,False,False
2026-05-07T11:23:42.805421+00:00,Hf6NC8AzAKo,247,18,4,7432,7679,586,604,44,48,False,False,False,False
2026-05-07T11:23:42.805421+00:00,aYH-DvGfEVU,4,-1,0,955,959,131,130,7,7,False,False,False,False
2026-05-07T11:23:42.805421+00:00,wZBBnciTACo,6,0,0,1553,1559,180,180,53,53,False,False,False,False
2026-05-07T11:23:42.805421+00:00,w_Z0cdu9c9I,97,7,1,7843,7940,616,623,16,17,False,False,False,False
2026-05-07T11:23:42.805421+00:00,9rHaUzPlJws,967,28,4,189275,190242,13255,13283,677,681,False,False,False,False
2026-05-07T11:23:42.805421+00:00,pXI3xinu4bc,10458,307,4,1126794,1137252,55798,56105,578,582,False,False,False,False
2026-05-07T11:23:42.805421+00:00,3PZ3d4eNWrc,2496,65,0,880835,883331,46189,46254,286,286,False,False,False,False
2026-05-07T11:23:42.805421+00:00,1X8BPKi1kP8,246,8,1,10870,11116,427,435,41,42,False,False,False,False
2026-05-07T11:23:42.805421+00:00,RPePcFJDNds,32,2,0,2329,2361,171,173,45,45,False,False,False,False
2026-05-07T11:23:42.805421+00:00,GEXxx3JQmdw,122,9,0,8215,8337,529,538,14,14,False,False,False,False
2026-05-07T11:23:42.805421+00:00,NRELko2BoRk,648,23,0,26302,26950,1367,1390,98,98,False,False,False,False
2026-05-07T11:23:42.805421+00:00,CdlFyd3WHbg,80,9,0,11949,12029,702,711,7,7,False,False,False,False
2026-05-07T11:23:42.805421+00:00,N8Bc_M2Ew2E,67,4,0,9763,9830,581,585,9,9,False,False,False,False
2026-05-07T11:23:42.805421+00:00,LDQnGP6iSH4,55,2,0,10601,10656,527,529,28,28,False,False,False,False
2026-05-07T11:23:42.805421+00:00,LMJb-_uL6lQ,494,2,0,61201,61695,1484,1486,411,411,False,False,False,False
2026-05-07T11:23:42.805421+00:00,-X2P40t70LM,25,1,0,8149,8174,647,648,21,21,False,False,False,False
2026-05-07T11:23:42.805421+00:00,21UbB1_pq3o,29,1,0,9804,9833,650,651,54,54,False,False,False,False
2026-05-07T11:23:42.805421+00:00,ZUpr3u1inlg,135,5,1,18392,18527,1504,1509,294,295,False,False,False,False
2026-05-07T11:23:42.805421+00:00,Hk20QLW6nEc,112,3,0,78044,78156,1459,1462,6,6,False,False,False,False
2026-05-07T11:23:42.805421+00:00,U0f47Nt9g-Q,13698,419,8,335501,349199,17778,18197,449,457,False,False,False,False
2026-05-07T11:23:42.805421+00:00,3GUtClCifjw,159,4,0,12227,12386,352,356,7,7,False,False,False,False
2026-05-07T11:23:42.805421+00:00,yk8ziJow5dw,842,24,0,78304,79146,2192,2216,134,134,False,False,False,False
2026-05-07T11:23:42.805421+00:00,XGAhqBxEV78,1174,24,0,483633,484807,14945,14969,1172,1172,False,False,False,False
2026-05-07T11:23:42.805421+00:00,t9PF8V132Y4,5327,76,14,262475,267802,8244,8320,1067,1081,False,False,False,False
2026-05-07T11:23:42.805421+00:00,Gr6qcQdzDfw,54,3,0,10925,10979,492,495,171,171,False,False,False,False
2026-05-07T11:23:42.805421+00:00,2AOH5hgKzpU,22,0,0,2263,2285,86,86,2,2,False,False,False,False
2026-05-07T11:23:42.805421+00:00,IAn3Wu2BdyY,2566,81,1,119924,122490,5643,5724,93,94,False,False,False,False
2026-05-07T11:23:42.805421+00:00,i6wL2IzuW7s,199,7,0,10860,11059,899,906,9,9,False,False,False,False
2026-05-07T11:23:42.805421+00:00,sXV44nHGfAA,500,31,0,28619,29119,1651,1682,8,8,False,False,False,False
2026-05-07T11:23:42.805421+00:00,OEtIq4tR1rA,8247,567,6,199204,207451,15233,15800,136,142,False,False,False,False
2026-05-07T11:23:42.805421+00:00,MpPS5I1pJD8,467,7,1,52839,53306,1026,1033,12,13,False,False,False,False
2026-05-07T11:23:42.805421+00:00,7NeECqsR_u4,1493,41,0,119959,121452,2825,2866,21,21,False,False,False,False
2026-05-07T11:23:42.805421+00:00,JuRjZqzpP0g,1066,50,0,47835,48901,2334,2384,19,19,False,False,False,False
2026-05-07T11:23:42.805421+00:00,4yDM3ZFcQm4,43235,666,9,963565,1006800,21404,22070,239,248,False,False,False,False
2026-05-07T11:23:42.805421+00:00,3fsJFUvA6Ts,3015,66,-13,126111,129126,4374,4440,163,150,False,False,False,False
2026-05-07T11:23:42.805421+00:00,XNDiFY5vIk0,182,6,0,16244,16426,685,691,7,7,False,False,False,False
2026-05-07T11:23:42.805421+00:00,iK6HT02LYX4,1067,43,0,61488,62555,1854,1897,16,16,False,False,False,False
2026-05-07T11:23:42.805421+00:00,A2O_CSDImRs,15310,490,13,813594,828904,26085,26575,1043,1056,False,False,False,False
2026-05-07T11:23:42.805421+00:00,n2T6AOoUkOM,47370,713,8,2352673,2400043,50938,51651,738,746,False,False,False,False
2026-05-07T11:23:42.805421+00:00,MOrBFf1DVvs,3426,46,2,1087727,1091153,24678,24724,418,420,False,False,False,False
2026-05-07T11:23:42.805421+00:00,WFOEVVlOH8s,4,0,0,418,422,20,20,0,0,False,False,False,False
2026-05-07T11:23:42.805421+00:00,IrefshwOoX8,3,0,0,444,447,20,20,1,1,False,False,False,False
2026-05-07T11:23:42.805421+00:00,Cyfs-ngasus,8,0,0,767,775,37,37,0,0,False,False,False,False
2026-05-07T11:23:42.805421+00:00,dIwCndpKuSE,35,5,0,4485,4520,447,452,2,2,False,False,False,False
2026-05-07T11:23:42.805421+00:00,f0ukpT07u2c,83,5,0,14425,14508,1309,1314,15,15,False,False,False,False
2026-05-07T11:23:42.805421+00:00,e5jQUYrRPRk,10,0,0,11670,11680,452,452,6,6,False,False,False,False
2026-05-07T11:23:42.805421+00:00,Xshu2lM5PZE,22,2,0,5823,5845,675,677,8,8,False,False,False,False
2026-05-07T11:23:42.805421+00:00,WynveK8qJx4,4,0,0,3053,3057,166,166,2,2,False,False,False,False
2026-05-07T11:23:42.805421+00:00,iPg5fXvAqqo,14,1,0,8997,9011,248,249,5,5,False,False,False,False
2026-05-07T11:23:42.805421+00:00,N9drBPpPZFI,21,0,0,4761,4782,351,351,7,7,False,False,False,False
2026-05-07T11:23:42.805421+00:00,rr8ZpzHcZJc,167,13,0,9065,9232,861,874,17,17,False,False,False,False
2026-05-07T11:23:42.805421+00:00,nrIEhoSCOg8,31,3,0,34482,34513,1671,1674,32,32,False,False,False,False
2026-05-07T11:23:42.805421+00:00,b-NJDpglmeM,130,5,0,18526,18656,1446,1451,23,23,False,False,False,False
2026-05-07T11:23:42.805421+00:00,V2d9YyBmeUk,47,0,0,6465,6512,469,469,9,9,False,False,False,False
2026-05-07T11:23:42.805421+00:00,qf_JlCrcPy0,251,15,0,11507,11758,606,621,27,27,False,False,False,False
2026-05-07T11:23:42.805421+00:00,DB302vKJ2Go,455,27,2,13352,13807,1034,1061,105,107,False,False,False,False
2026-05-07T11:23:42.805421+00:00,f9AFrDB-73g,1141,73,0,45890,47031,3443,3516,53,53,False,False,False,False
2026-05-07T11:23:42.805421+00:00,mK3xENFCGnI,2553,151,5,536505,539058,42645,42796,540,545,False,False,False,False
2026-05-07T11:23:42.805421+00:00,4s9LuOSR3Q4,33002,646,14,1379682,1412684,32067,32713,1042,1056,False,False,False,False
2026-05-07T11:23:42.805421+00:00,1baBzd1XPkU,3822,123,9,244202,248024,8870,8993,1012,1021,False,False,False,False
2026-05-07T11:23:42.805421+00:00,jCyhEO3h-Ik,696,36,0,43515,44211,2002,2038,37,37,False,False,False,False
2026-05-07T11:23:42.805421+00:00,UtXLbVdM7wk,513,16,0,20701,21214,790,806,13,13,False,False,False,False
2026-05-07T11:23:42.805421+00:00,0lt4j7GTtGU,55,4,0,2526,2581,195,199,6,6,False,False,False,False
2026-05-07T11:23:42.805421+00:00,40-68Uco_u0,242,5,0,18578,18820,806,811,28,28,False,False,False,False
2026-05-07T11:23:42.805421+00:00,o39vHtwxPRg,151,1,0,10684,10835,377,378,3,3,False,False,False,False
2026-05-07T11:23:42.805421+00:00,WeAhvFYojh0,9,0,0,2556,2565,154,154,11,11,False,False,False,False
2026-05-07T11:23:42.805421+00:00,ywEV7NQlO1Y,1341,41,0,193530,194871,6180,6221,102,102,False,False,False,False
2026-05-07T11:23:42.805421+00:00,2r0m4TsyIxs,8644,109,36,287529,296173,8165,8274,3300,3336,False,False,False,False
2026-05-07T11:23:42.805421+00:00,zuzydZz-cmo,705,26,1,63208,63913,3721,3747,472,473,False,False,False,False
2026-05-07T11:23:42.805421+00:00,C4OiZ15VTxw,127,11,0,10079,10206,895,906,195,195,False,False,False,False
2026-05-07T11:23:42.805421+00:00,VITWpByrMdw,10,4,0,3541,3551,231,235,9,9,False,False,False,False
2026-05-07T11:23:42.805421+00:00,tpay1lEGZ7g,8340,416,8,487452,495792,37733,38149,1038,1046,False,False,False,False
2026-05-07T11:23:42.805421+00:00,Gmfpq60LbVQ,540,27,3,237819,238359,17286,17313,1042,1045,False,False,False,False
2026-05-07T11:23:42.805421+00:00,R-klQGp_308,5295,193,1,493258,498553,19784,19977,279,280,False,False,False,False
2026-05-07T11:23:42.805421+00:00,8--Bq5oEsZ8,4099,164,0,398296,402395,17583,17747,266,266,False,False,False,False
2026-05-07T11:23:42.805421+00:00,fuxYQrqkfns,9737,425,11,751107,760844,53298,53723,1173,1184,False,False,False,False
2026-05-07T11:23:42.805421+00:00,MYHiaHDLDB8,30,1,0,5729,5759,343,344,12,12,False,False,False,False
2026-05-07T11:23:42.805421+00:00,g-7nUex4nVg,1474,56,1,29911,31385,1069,1125,28,29,False,False,False,False
2026-05-07T11:23:42.805421+00:00,tPuup43tbgA,86,1,0,9483,9569,210,211,2,2,False,False,False,False
2026-05-07T11:23:42.805421+00:00,vMnp3ptycik,66,0,0,8365,8431,586,586,3,3,False,False,False,False
2026-05-07T11:23:42.805421+00:00,81RBVN6P9cM,1811,40,1,391476,393287,12727,12767,971,972,False,False,False,False
2026-05-07T11:23:42.805421+00:00,P1DSZNhApJA,64518,803,13,3360093,3424611,66215,67018,412,425,False,False,False,False
2026-05-07T11:23:42.805421+00:00,5LJ1cxjQhyE,37047,1699,8,2327972,2365019,122565,124264,592,600,False,False,False,False
2026-05-07T11:23:42.805421+00:00,qxj4Sr5Cm24,446,24,5,68123,68569,4563,4587,691,696,False,False,False,False
2026-05-07T11:23:42.805421+00:00,daa-UCIuoY8,957,54,3,12952,13909,806,860,20,23,False,False,False,False
2026-05-07T11:23:42.805421+00:00,VVLYJf2t88c,1742,44,2,72023,73765,3014,3058,204,206,False,False,False,False
2026-05-07T11:23:42.805421+00:00,q_ynGwBIxLk,434,17,0,7153,7587,205,222,2,2,False,False,False,False
2026-05-07T11:23:42.805421+00:00,tFD4653hJYE,325,12,1,7116,7441,196,208,3,4,False,False,False,False
2026-05-07T11:23:42.805421+00:00,p4zPmpXfGyY,2087,41,3,41536,43623,822,863,34,37,False,False,False,False
2026-05-07T11:23:42.805421+00:00,IZNeoCSdcfY,23,0,0,2103,2126,117,117,1,1,False,False,False,False
2026-05-07T11:23:42.805421+00:00,Jnc7hVslXdk,195,9,0,4099,4294,346,355,28,28,False,False,False,False
2026-05-07T11:23:42.805421+00:00,8nwaOxXIj0g,3036,168,1,33116,36152,2778,2946,102,103,False,False,False,False
2026-05-07T11:23:42.805421+00:00,Xk3cJMA7UhE,51,2,0,4483,4534,359,361,14,14,False,False,False,False
2026-05-07T11:23:42.805421+00:00,XoDfpxBy8Ag,1942,28,5,38654,40596,1159,1187,140,145,False,False,False,False
2026-05-07T11:23:42.805421+00:00,JRHTVNoJjb0,228,2,1,16867,17095,763,765,14,15,False,False,False,False
2026-05-07T11:23:42.805421+00:00,uWa0odbimaU,3362,98,3,152562,155924,6306,6404,193,196,False,False,False,False
2026-05-07T11:23:42.805421+00:00,RnT_izvRznQ,418,12,0,7758,8176,571,583,11,11,False,False,False,False
2026-05-07T11:23:42.805421+00:00,1pglkwgsu1I,2163,65,0,35153,37316,2458,2523,30,30,False,False,False,False
2026-05-07T11:23:42.805421+00:00,V6VQ54eTok0,31419,620,5,440329,471748,11671,12291,120,125,False,False,False,False
2026-05-07T11:23:42.805421+00:00,3REHDZgXE1k,361,12,0,21468,21829,1190,1202,11,11,False,False,False,False
2026-05-07T11:23:42.805421+00:00,z_XHk-DZ1nY,378,6,1,17577,17955,638,644,8,9,False,False,False,False
2026-05-07T11:23:42.805421+00:00,-CTY5XDxt8E,5500,159,0,101393,106893,3093,3252,13,13,False,False,False,False
2026-05-07T11:23:42.805421+00:00,nN9QYJdEcw0,2022,51,0,56234,58256,1552,1603,17,17,False,False,False,False
2026-05-07T11:23:42.805421+00:00,WKBwkE4dn-k,287,8,0,16814,17101,575,583,2,2,False,False,False,False
2026-05-07T11:23:42.805421+00:00,suqYhItddAc,17782,477,7,210597,228379,6993,7470,82,89,False,False,False,False
2026-05-07T11:23:42.805421+00:00,ydRguU_cH8Y,12920,154,0,325940,338860,4983,5137,50,50,False,False,False,False
2026-05-07T11:23:42.805421+00:00,P9yleRV8tto,680,18,0,45372,46052,1363,1381,20,20,False,False,False,False
2026-05-07T11:23:42.805421+00:00,_UFmkJrpc3Q,1324,53,0,89694,91018,3190,3243,31,31,False,False,False,False
2026-05-07T11:23:42.805421+00:00,lDyiY5vjqaw,20001,818,19,1003985,1023986,37653,38471,1459,1478,False,False,False,False
2026-05-07T11:23:42.805421+00:00,T_LWKGJDKgo,94396,1393,271,1389795,1484191,31711,33104,9170,9441,False,False,False,False
2026-05-07T11:23:42.805421+00:00,MjWI_rWQL68,193639,4436,64,5815376,6009015,180777,185213,2612,2676,False,False,False,False
2026-05-07T11:23:42.805421+00:00,9iKWeo8sWh4,81342,1423,7,2943467,3024809,71101,72524,612,619,False,False,False,False
2026-05-07T11:23:42.805421+00:00,4m_M1Wpnr2Q,189346,4542,122,3281629,3470975,92048,96590,2351,2473,False,False,False,False
2026-05-07T11:23:42.805421+00:00,JxM9FGa1xjw,26,1,0,701,727,51,52,0,0,False,False,False,False
2026-05-07T11:23:42.805421+00:00,e5ory4NWVaQ,2,0,0,105,107,5,5,0,0,False,False,False,False
2026-05-07T11:23:42.805421+00:00,AnhXe6C7RcY,26,3,0,782,808,47,50,0,0,False,False,False,False
2026-05-07T11:23:42.805421+00:00,q8AEtTOo2ZU,81,11,0,4737,4818,366,377,4,4,False,False,False,False
2026-05-07T11:23:42.805421+00:00,Qy_YMLKX8bQ,950,87,3,19019,19969,1457,1544,60,63,False,False,False,False
2026-05-07T11:23:42.805421+00:00,Cit2bKRejmc,723,51,2,12891,13614,765,816,20,22,False,False,False,False
2026-05-07T11:23:42.805421+00:00,PDQ3laPc--4,427,52,1,8061,8488,927,979,10,11,False,False,False,False
2026-05-07T11:23:42.805421+00:00,v2SVwN2WLHA,146,6,0,8970,9116,622,628,14,14,False,False,False,False
2026-05-07T11:23:42.805421+00:00,sebAi3RkL4o,42,3,0,6453,6495,657,660,10,10,False,False,False,False
2026-05-07T11:23:42.805421+00:00,2NMgx26Y-Bk,39,4,0,3343,3382,361,365,8,8,False,False,False,False
2026-05-07T11:23:42.805421+00:00,X5_Q7FZ0Sik,10,0,0,2969,2979,195,195,4,4,False,False,False,False
2026-05-07T11:23:42.805421+00:00,8Cc0marf_vs,19,0,0,5743,5762,355,355,7,7,False,False,False,False
2026-05-07T11:23:42.805421+00:00,9u4d0EDxCkY,5,0,0,1953,1958,56,56,1,1,False,False,False,False
2026-05-07T11:23:42.805421+00:00,GKCz_gBPkvI,22,1,0,4324,4346,315,316,4,4,False,False,False,False
2026-05-07T11:23:42.805421+00:00,toJGQUZbdqc,103,7,0,12320,12423,1073,1080,15,15,False,False,False,False
2026-05-07T11:23:42.805421+00:00,q4PUKnyy3QQ,71,5,0,6426,6497,532,537,9,9,False,False,False,False
2026-05-07T11:23:42.805421+00:00,Hpl10gpuOGw,155,5,0,28633,28788,1396,1401,26,26,False,False,False,False
2026-05-07T11:23:42.805421+00:00,CbDN7o5Ed_M,321,9,0,8989,9310,412,421,13,13,False,False,False,False
2026-05-07T11:23:42.805421+00:00,ZrvvBKldeo0,157,5,0,10927,11084,485,490,33,33,False,False,False,False
2026-05-07T11:23:42.805421+00:00,mMLOG0bsjRQ,854,23,0,40052,40906,1678,1701,94,94,False,False,False,False
2026-05-07T11:23:42.805421+00:00,5z8hOrxhApI,2271,88,0,50156,52427,3634,3722,52,52,False,False,False,False
2026-05-07T11:23:42.805421+00:00,vN0MwkPIOF8,95,2,0,3512,3607,363,365,13,13,False,False,False,False
2026-05-07T11:23:42.805421+00:00,jFZPpkVszCg,1933,125,2,70484,72417,4807,4932,84,86,False,False,False,False
2026-05-07T11:23:42.805421+00:00,1_H80JEZ2ko,38893,627,37,618054,656947,23086,23713,2022,2059,False,False,False,False
2026-05-07T11:23:42.805421+00:00,6jI9H3lyil4,967,32,0,49052,50019,3017,3049,70,70,False,False,False,False
2026-05-07T11:23:42.805421+00:00,SVTPv4sI_Jc,45634,1074,61,1570647,1616281,54830,55904,4579,4640,False,True,False,False
2026-05-07T11:23:42.805421+00:00,SAtFZPtbMpI,6983,172,13,138739,145722,5372,5544,521,534,False,False,False,False
2026-05-07T11:23:42.805421+00:00,d7qfcHa4LTY,438,8,0,18021,18459,430,438,14,14,False,False,False,False
2026-05-07T11:23:42.805421+00:00,a1aFhMw2wQE,5091,103,2,130310,135401,4493,4596,89,91,False,False,False,False
2026-05-07T11:23:42.805421+00:00,eCw33snvoNI,991,27,5,45382,46373,2170,2197,153,158,False,False,False,False
2026-05-07T11:23:42.805421+00:00,dq9VW4kn19w,134,4,0,1423,1557,101,105,19,19,False,False,False,False
2026-05-07T11:23:42.805421+00:00,39rirHnSBZ4,9,0,0,393,402,9,9,0,0,False,False,False,False
2026-05-07T11:23:42.805421+00:00,bbv1p_j1P8Y,1,0,0,855,856,21,21,1,1,False,False,False,False
2026-05-07T11:23:42.805421+00:00,yveo9j8JZts,23,2,0,734,757,22,24,0,0,False,False,False,False
2026-05-07T11:23:42.805421+00:00,rRw7sYwfSVI,994,42,2,45462,46456,3051,3093,163,165,False,False,False,False
2026-05-07T11:23:42.805421+00:00,4xed6CNu0j8,137,5,0,4233,4370,130,135,0,0,False,False,False,False
2026-05-07T11:23:42.805421+00:00,iR6FvFoW0F4,1181,72,0,16934,18115,754,826,11,11,False,False,False,False
2026-05-07T11:23:42.805421+00:00,t4S8XOHv1jg,196,6,0,23610,23806,837,843,18,18,False,False,False,False
2026-05-07T11:23:42.805421+00:00,DfeXyiagVDE,30,2,0,3522,3552,190,192,2,2,False,False,False,False
2026-05-07T11:23:42.805421+00:00,QUBjCcBXy3o,1919,76,3,116086,118005,6137,6213,206,209,False,False,False,False
2026-05-07T11:23:42.805421+00:00,KUvWaj4IFZg,7090,152,2,104228,111318,4467,4619,150,152,False,False,False,False
2026-05-07T11:23:42.805421+00:00,fRjAMALJ0r0,31086,1605,33,427591,458677,30424,32029,781,814,False,False,False,False
2026-05-07T11:23:42.805421+00:00,QNHEqcXa3Zg,2679,184,3,130507,133186,10380,10564,292,295,False,False,False,False
2026-05-07T11:23:42.805421+00:00,a4jo0YM7WRg,481,12,0,12038,12519,616,628,13,13,False,False,False,False
2026-05-07T11:23:42.805421+00:00,LNKCHWOW7aI,4012,205,14,188830,192842,15929,16134,1342,1356,False,False,False,False
2026-05-07T11:23:42.805421+00:00,aQi987cz1nk,587,32,2,12111,12698,1156,1188,142,144,False,False,False,False
2026-05-07T11:23:42.805421+00:00,DmcKWMeNWaQ,2606,49,2,36030,38636,1312,1361,101,103,False,False,False,False
2026-05-07T11:23:42.805421+00:00,vg9owOLbmvA,29,4,0,1875,1904,217,221,67,67,False,False,False,False
2026-05-07T11:23:42.805421+00:00,PGBt4pOj4Vc,21889,1036,23,546953,568842,41500,42536,1679,1702,False,False,False,False
2026-05-07T11:23:42.805421+00:00,7h3nazBbFCc,517,12,-1,16913,17430,1366,1378,57,56,False,False,False,False
2026-05-07T11:23:42.805421+00:00,OCGgYu3vku4,1177,56,2,124455,125632,10117,10173,627,629,False,False,False,False
2026-05-07T11:23:42.805421+00:00,Rij6WQMuxcw,6124,215,-4,324109,330233,14405,14620,303,299,False,False,False,False
2026-05-07T11:23:42.805421+00:00,AtSQBfBK6HE,49028,1536,26,852926,901954,42198,43734,764,790,False,False,False,False
2026-05-07T11:23:42.805421+00:00,98VQpHj17Ws,3377,153,2,233885,237262,13329,13482,268,270,False,False,False,False
2026-05-07T11:23:42.805421+00:00,bbhBRpDlFHE,118,12,0,3677,3795,222,234,12,12,False,False,False,False
2026-05-07T11:23:42.805421+00:00,GlgzzZEePXo,525,27,4,20709,21234,1562,1589,430,434,False,False,False,False
2026-05-07T11:23:42.805421+00:00,SoTjeq4cQZw,85,1,0,3486,3571,140,141,3,3,False,False,False,False
2026-05-07T11:23:42.805421+00:00,L8qTgJOhpPg,62,4,0,3074,3136,146,150,12,12,False,False,False,False
2026-05-07T11:23:42.805421+00:00,Gl_2LVRaM8U,420,24,0,13705,14125,887,911,50,50,False,False,False,False
2026-05-07T11:23:42.805421+00:00,JbjnuF8OiZc,225,11,0,12596,12821,678,689,6,6,False,False,False,False
2026-05-07T11:23:42.805421+00:00,dZftIemBYVE,622,26,1,28149,28771,1483,1509,68,69,False,False,False,False
2026-05-07T11:23:42.805421+00:00,6hNY0K71Ewo,313,8,1,19694,20007,1104,1112,43,44,False,False,False,False
2026-05-07T11:23:42.805421+00:00,B8E4azaZ13k,101,2,0,6487,6588,298,300,18,18,False,False,False,False
2026-05-07T11:23:42.805421+00:00,3Ip-TJvpjLQ,1286,29,0,21096,22382,1156,1185,76,76,False,False,False,False
2026-05-07T11:23:42.805421+00:00,rJgtb2s7Oz8,2165,105,4,16731,18896,880,985,58,62,False,False,False,False
2026-05-07T11:23:42.805421+00:00,lEhOg8oVpjU,1693,39,0,44374,46067,1941,1980,120,120,False,False,False,False
2026-05-07T11:23:42.805421+00:00,U5l0Z8T4tCk,34703,1795,27,264083,298786,20221,22016,180,207,False,False,False,False
2026-05-07T11:23:42.805421+00:00,9pPCy9wqxuk,898,52,0,56988,57886,3839,3891,198,198,False,False,False,False
2026-05-07T11:23:42.805421+00:00,Duk_kOhIimU,187,3,0,10600,10787,272,275,7,7,False,False,False,False
2026-05-07T11:23:42.805421+00:00,eAwkhxinCOc,143,2,0,18795,18938,439,441,3,3,False,False,False,False
2026-05-07T11:23:42.805421+00:00,66gMxbNKaYA,19217,257,2,388022,407239,15535,15792,364,366,False,False,False,False
2026-05-07T11:23:42.805421+00:00,8OjVlmrtW4M,1873,129,3,44805,46678,4302,4431,128,131,False,False,False,False
2026-05-07T11:23:42.805421+00:00,az3VKD9_H7Y,203,11,1,7942,8145,297,308,5,6,False,False,False,False
2026-05-07T11:23:42.805421+00:00,2y_3sFy4R1A,174,13,0,9092,9266,730,743,44,44,False,True,False,False
2026-05-07T11:23:42.805421+00:00,465Vc9I4fvc,851,9,0,23206,24057,302,311,9,9,False,False,False,False
2026-05-07T11:23:42.805421+00:00,kBctc9rV__4,10876,228,19,36511,47387,897,1125,148,167,False,False,False,False
2026-05-07T11:23:42.805421+00:00,33HT7CnI79k,5227,122,4,110438,115665,2410,2532,163,167,False,False,False,False
2026-05-07T11:23:42.805421+00:00,NdU6UdUKaYc,75571,1445,234,1532923,1608494,35385,36830,5333,5567,False,False,False,False
2026-05-07T11:23:42.805421+00:00,k8j-6Xvw_G4,152447,5549,14,2467261,2619708,107096,112645,427,441,False,False,False,False
2026-05-07T11:23:42.805421+00:00,bRy54zQmixQ,1239,34,0,278941,280180,8425,8459,763,763,False,False,False,False
2026-05-07T11:23:42.805421+00:00,B9ocddyGfo8,73142,2478,20,2601659,2674801,103418,105896,676,696,False,False,False,False
2026-05-07T11:23:42.805421+00:00,nnUFM61waQU,272,9,0,4596,4868,128,137,0,0,False,False,False,False
2026-05-07T11:23:42.805421+00:00,6dt3fd17_d0,10220,364,44,225188,235408,9636,10000,918,962,False,False,False,False
2026-05-07T11:23:42.805421+00:00,_dxtH2u5aAk,475,8,-1,25742,26217,975,983,22,21,False,False,False,False
2026-05-07T11:23:42.805421+00:00,wmeUOPjA_qc,87030,2083,59,1906531,1993561,52830,54913,1738,1797,False,False,False,False
2026-05-07T11:23:42.805421+00:00,TG39Ow5fepA,8401,167,4,930704,939105,23701,23868,449,453,False,False,False,False
2026-05-07T11:23:42.805421+00:00,fxb9BMISN54,36,3,0,3389,3425,382,385,4,4,False,False,False,False
2026-05-07T11:23:42.805421+00:00,rn0fCmYeDaI,60,10,0,3904,3964,470,480,7,7,False,False,False,False
2026-05-07T11:23:42.805421+00:00,ZjnjH_SaHyo,5,0,0,756,761,32,32,1,1,False,False,False,False
2026-05-07T11:23:42.805421+00:00,gZ3EniqK8Qc,28,4,0,4428,4456,388,392,2,2,False,False,False,False
2026-05-07T11:23:42.805421+00:00,7jg0cSWJpCA,45,7,0,2743,2788,209,216,5,5,False,False,False,False
2026-05-07T11:23:42.805421+00:00,oCsFEpxTxlI,2393,213,36,38341,40734,5134,5347,1199,1235,False,False,False,False
2026-05-07T11:23:42.805421+00:00,FCaTFLdtsco,32318,1070,16,196794,229112,7161,8231,147,163,False,False,False,False
2026-05-07T11:23:42.805421+00:00,Z50QkVZcP1k,5490,254,3,96263,101753,8285,8539,297,300,False,False,False,False
2026-05-07T11:23:42.805421+00:00,rbSEOholMxI,415,26,4,8660,9075,725,751,167,171,False,False,False,False
2026-05-07T11:23:42.805421+00:00,OTt76d3wPiQ,8146,224,6,209271,217417,12455,12679,549,555,False,False,False,False
2026-05-07T11:23:42.805421+00:00,em-cVkkWtZo,62,4,0,1991,2053,132,136,7,7,False,False,False,False
2026-05-07T11:23:42.805421+00:00,BflRX7z7SHs,2829,271,12,34914,37743,2868,3139,337,349,False,False,False,False
2026-05-07T11:23:42.805421+00:00,gpfhjHmbmIE,10778,620,10,244414,255192,20060,20680,1063,1073,False,False,False,False
2026-05-07T11:23:42.805421+00:00,BAORYfrrBzc,13985,1000,18,441703,455688,24688,25688,496,514,False,False,False,False
2026-05-07T11:23:42.805421+00:00,5EWqr_Y2uH0,8811,186,6,506202,515013,14682,14868,1057,1063,False,False,False,False
2026-05-07T11:23:42.805421+00:00,KPjUKzX4bo8,21,0,0,2053,2074,103,103,4,4,False,False,False,False
2026-05-07T11:23:42.805421+00:00,UcgjSqz0CZs,55,0,0,2003,2058,44,44,18,18,False,False,False,False
2026-05-07T11:23:42.805421+00:00,L5HQ_jx0HX8,575,10,-3,19706,20281,637,647,32,29,False,False,False,False
2026-05-07T11:23:42.805421+00:00,l4wOStt70KU,183,6,0,1623,1806,78,84,4,4,False,False,False,False
2026-05-07T11:23:42.805421+00:00,JQ8OpyAeTxw,578,12,0,23059,23637,851,863,29,29,False,False,False,False
2026-05-07T11:23:42.805421+00:00,Rpw1_eKZCEA,21,0,0,1766,1787,25,25,5,5,False,False,False,False
2026-05-07T11:23:42.805421+00:00,0idqiLonGYI,185764,4231,307,1334587,1520351,44206,48437,4249,4556,False,False,False,False
2026-05-07T11:23:42.805421+00:00,k3wiE1KtSW4,4263,151,4,45128,49391,4009,4160,264,268,False,False,False,False
2026-05-07T11:23:42.805421+00:00,ttdfIEKLVks,413,16,0,10257,10670,367,383,4,4,False,False,False,False
2026-05-07T11:23:42.805421+00:00,aqvgY-woRYk,1338,42,5,15429,16767,867,909,83,88,False,False,False,False
2026-05-07T11:23:42.805421+00:00,rHDw0XcyZ1I,14329,843,18,76400,90729,9175,10018,246,264,False,False,False,False
2026-05-07T11:23:42.805421+00:00,SzDnUAJkenI,1792,71,2,40638,42430,2119,2190,17,19,False,False,False,False
2026-05-07T11:23:42.805421+00:00,qx6ZbgO8vtU,711,8,0,14928,15639,466,474,21,21,False,False,False,False
2026-05-07T11:23:42.805421+00:00,u5XWNSVJajg,1384,11,0,37808,39192,578,589,6,6,False,False,False,False
2026-05-07T11:23:42.805421+00:00,z2Y4_cDvEYc,1641,26,0,74934,76575,1601,1627,26,26,False,False,False,False
2026-05-07T11:23:42.805421+00:00,ve_y3EI_VeA,1049,48,1,9599,10648,432,480,9,10,False,False,False,False
2026-05-07T11:23:42.805421+00:00,5-0m5LUhiCc,353,9,0,2443,2796,180,189,9,9,False,False,False,False
2026-05-07T11:23:42.805421+00:00,iP-y1c7euSI,319,6,0,10127,10446,315,321,3,3,False,False,False,False
2026-05-07T11:23:42.805421+00:00,r2choiRm7k8,87,3,0,4606,4693,267,270,12,12,False,False,False,False
2026-05-07T11:23:42.805421+00:00,F2VZtrSncAg,282,9,0,7613,7895,521,530,25,25,False,False,False,False
2026-05-07T11:23:42.805421+00:00,ZtF5VFbAs6M,1084,13,1,6048,7132,124,137,1,2,False,False,False,False
2026-05-07T11:23:42.805421+00:00,PbH29W90aw4,87,1,1,3009,3096,98,99,4,5,False,False,False,False
2026-05-07T11:23:42.805421+00:00,lVBnEL1fWnw,223,17,0,4740,4963,281,298,6,6,False,False,False,False
2026-05-07T11:23:42.805421+00:00,6CyjL4X8e7g,1503,105,1,66222,67725,4669,4774,57,58,False,False,False,False
2026-05-07T11:23:42.805421+00:00,EM5vv6_MQLY,5043,381,7,386,5429,83,464,3,10,False,True,False,False
2026-05-07T11:23:42.805421+00:00,qluuZfYE02A,392,24,0,8910,9302,711,735,4,4,False,False,False,False
2026-05-07T11:23:42.805421+00:00,zRD_VJMMaPI,798,17,-5,26514,27312,875,892,50,45,False,False,False,False
2026-05-07T11:23:42.805421+00:00,RRDqtyH9sZc,1219,38,-2,22592,23811,1048,1086,23,21,False,False,False,False
2026-05-07T11:23:42.805421+00:00,Fz9FjKAZ1uw,47859,1020,11,590181,638040,18213,19233,550,561,False,False,False,False
2026-05-07T11:23:42.805421+00:00,qNEB_w5ECeI,967,25,1,21005,21972,564,589,11,12,False,False,False,False
2026-05-07T11:23:42.805421+00:00,lxRJpsidN4U,1110,76,0,16545,17655,1686,1762,22,22,False,False,False,False
2026-05-07T11:23:42.805421+00:00,jRLXiOUYpqE,21506,840,18,393084,414590,23592,24432,273,291,False,False,False,False
2026-05-07T11:23:42.805421+00:00,SWyHoj5CRqs,3248,215,5,29382,32630,2933,3148,163,168,False,False,False,False
2026-05-07T11:23:42.805421+00:00,uTBQ0E07n88,6552,230,7,40649,47201,2358,2588,54,61,False,False,False,False
2026-05-07T11:23:42.805421+00:00,YGwqvGyl9f8,4467,146,0,66656,71123,3349,3495,119,119,False,False,False,False
2026-05-07T11:23:42.805421+00:00,m8nU1oWeHAI,645,53,0,4990,5635,331,384,2,2,False,False,False,False
2026-05-07T11:23:42.805421+00:00,5XkSf-AWb_Y,2062,32,0,16723,18785,392,424,6,6,False,False,False,False
2026-05-07T11:23:42.805421+00:00,mJsIzeo1Onw,948,66,3,9951,10899,868,934,91,94,False,False,False,False
2026-05-07T11:23:42.805421+00:00,Scg5AwFfs-w,552,30,0,5257,5809,235,265,3,3,False,False,False,False
2026-05-07T11:23:42.805421+00:00,wng1spgJCoU,17657,459,11,125887,143544,4241,4700,344,355,False,False,False,False
2026-05-07T11:23:42.805421+00:00,N5iBaZ5gnfE,39033,1235,12,1066871,1105904,37459,38694,408,420,False,False,False,False
2026-05-07T11:23:42.805421+00:00,n-gYFcVx-8Y,169608,8968,1238,2458436,2628044,140375,149343,20961,22199,False,False,False,False
2026-05-07T11:23:42.805421+00:00,0xt5-FTpASM,15709,607,82,177146,192855,11124,11731,1321,1403,False,False,False,False
2026-05-07T11:23:42.805421+00:00,fKuIJ_z2Y6A,62550,1677,87,343468,406018,17813,19490,1073,1160,False,False,False,False
2026-05-07T11:23:42.805421+00:00,n8bdMyQzV0U,7409,267,38,99121,106530,4134,4401,584,622,False,False,False,False
2026-05-07T11:23:42.805421+00:00,x-SEoMFBPQQ,1306,46,28,10147,11453,607,653,64,92,False,False,False,False
2026-05-07T11:23:42.805421+00:00,mYxbmWCkImc,329,21,-1,2858,3187,106,127,5,4,False,False,False,False
2026-05-07T11:23:42.805421+00:00,3lUxnG8nKC0,166,7,1,2445,2611,190,197,72,73,False,False,False,False
2026-05-07T11:23:42.805421+00:00,YFc40YFhMvk,14341,425,-2,44005,58346,1953,2378,66,64,False,False,False,False
2026-05-07T11:23:42.805421+00:00,SzG_O-In1vg,77171,2822,54,575138,652309,22035,24857,525,579,False,False,False,False
2026-05-07T11:23:42.805421+00:00,1djBIY7HO0k,122748,3533,26,1862016,1984764,63353,66886,640,666,False,False,False,False
2026-05-07T11:23:42.805421+00:00,VRLM4RDuurc,651,19,1,4276,4927,297,316,15,16,False,False,False,False
2026-05-07T11:23:42.805421+00:00,em_K85l2WNY,745,100,1,3167,3912,311,411,6,7,False,False,False,False
2026-05-07T11:23:42.805421+00:00,xIE99iYdH_o,58,4,0,2626,2684,210,214,3,3,False,False,False,False
2026-05-07T11:23:42.805421+00:00,VjcXNeQ8A_0,1950,120,0,8160,10110,752,872,7,7,False,False,False,False
2026-05-07T11:23:42.805421+00:00,Z1Ac2v8mULM,774,43,1,10138,10912,877,920,21,22,False,False,False,False
2026-05-07T11:23:42.805421+00:00,Q3JZcugU5zw,139,15,0,4354,4493,391,406,1,1,False,False,False,False
2026-05-07T11:23:42.805421+00:00,-lDwUYFl7Iw,711,43,0,5090,5801,581,624,8,8,False,False,False,False
2026-05-07T11:23:42.805421+00:00,WfDXOW1dNo4,328,25,0,10212,10540,721,746,6,6,False,False,False,False
2026-05-07T11:23:42.805421+00:00,yRy6KDl2xWo,29,8,0,2659,2688,60,68,1,1,False,False,False,False
2026-05-07T11:23:42.805421+00:00,BHCpoVaQyyw,626,36,0,6931,7557,552,588,1,1,False,False,False,False
2026-05-07T11:23:42.805421+00:00,Gs0INaKmzzQ,377,16,0,7257,7634,474,490,7,7,False,False,False,False
2026-05-07T11:23:42.805421+00:00,NUQcYZADgLw,3024,86,2,16519,19543,877,963,19,21,False,False,False,False
2026-05-07T11:23:42.805421+00:00,kY7n4gNtHXA,207,1,0,6862,7069,389,390,20,20,False,False,False,False
2026-05-07T11:23:42.805421+00:00,3yj9rCGNqjU,4395,79,2,29985,34380,1224,1303,36,38,False,False,False,False
2026-05-07T11:23:42.805421+00:00,-fWUTi8u0_k,5751,87,3,55025,60776,1872,1959,130,133,False,False,False,False
2026-05-07T11:23:42.805421+00:00,GlOQIsLX2rA,14779,1087,5,367758,382537,23726,24813,497,502,False,False,False,False
2026-05-07T11:23:42.805421+00:00,0AheTRgTBzU,3058,158,2,32198,35256,1915,2073,48,50,False,False,False,False
2026-05-07T11:23:42.805421+00:00,MKL0tk-3UM8,2674,55,8,36857,39531,1217,1272,244,252,False,False,False,False
2026-05-07T11:23:42.805421+00:00,dk-pvsityfs,461,14,1,10339,10800,441,455,7,8,False,False,False,False
2026-05-07T11:23:42.805421+00:00,wAi4zvgGy4w,1392,43,1,12847,14239,761,804,29,30,False,False,False,False
2026-05-07T11:23:42.805421+00:00,rPAGWO3mtuE,599,28,1,4746,5345,193,221,3,4,False,False,False,False
2026-05-07T11:23:42.805421+00:00,SnqFU1SppX8,98,6,0,1670,1768,97,103,1,1,False,False,False,False
2026-05-07T11:23:42.805421+00:00,fPnt0Q0vl-Y,163,7,0,3546,3709,153,160,1,1,False,False,False,False
2026-05-07T11:23:42.805421+00:00,KLYwFWIhPWI,10343,450,18,81128,91471,5677,6127,295,313,False,False,False,False
2026-05-07T11:23:42.805421+00:00,Lc4kaEMcYPQ,1454,124,2,5704,7158,455,579,28,30,False,False,False,False
2026-05-07T11:23:42.805421+00:00,fbStigxrqsk,367,24,5,3498,3865,376,400,182,187,False,False,False,False
2026-05-07T11:23:42.805421+00:00,FGFaysGrKng,5950,303,13,139923,145873,10926,11229,1348,1361,False,False,False,False
2026-05-07T11:23:42.805421+00:00,wDUtigax8Lg,53968,2469,17,969038,1023006,39599,42068,445,462,False,False,False,False
2026-05-07T11:23:42.805421+00:00,XiPhamWTPcU,11549,504,1,260226,271775,14713,15217,225,226,False,False,False,False
2026-05-07T11:23:42.805421+00:00,wgtGulLPwE8,1197,142,7,13280,14477,2482,2624,242,249,False,False,False,False
2026-05-07T11:23:42.805421+00:00,NOv3U3ZUiro,4588,111,-1,81579,86167,3521,3632,135,134,False,False,False,False
2026-05-07T11:23:42.805421+00:00,fvtE4TCiMa0,313,13,1,4761,5074,249,262,45,46,False,False,False,False
2026-05-07T11:23:42.805421+00:00,YpOBx8xUEn8,568,35,1,4877,5445,211,246,5,6,False,False,False,False
2026-05-07T11:23:42.805421+00:00,9ZkFpNoq8-g,24113,739,39,353355,377468,15468,16207,1397,1436,False,False,False,False
2026-05-07T11:23:42.805421+00:00,GREaEG_0Xcw,39287,994,64,493667,532954,17712,18706,1887,1951,False,False,False,False
2026-05-07T11:23:42.805421+00:00,Ehoi-h7_rgM,3113,207,18,23462,26575,2591,2798,271,289,False,False,False,False
2026-05-07T11:23:42.805421+00:00,Q47YOagFwk8,677,12,0,3220,3897,56,68,2,2,False,False,False,False
2026-05-07T11:23:42.805421+00:00,u3RceRwvVaw,163,12,0,1957,2120,119,131,7,7,False,False,False,False
2026-05-07T11:23:42.805421+00:00,75QtulYanTE,10528,294,1,94689,105217,2761,3055,109,110,False,False,False,False
2026-05-07T11:23:42.805421+00:00,qobWiBK3PPY,941,13,1,15201,16142,325,338,7,8,False,False,False,False
2026-05-07T11:23:42.805421+00:00,_jqAr4E6dGs,90,8,0,1116,1206,57,65,1,1,False,False,False,False
2026-05-07T11:23:42.805421+00:00,r79B-_e2v-s,11618,270,32,64874,76492,2962,3232,392,424,False,False,False,False
2026-05-07T11:23:42.805421+00:00,CWCrgNlU4UY,74,1,0,970,1044,62,63,1,1,False,False,False,False
2026-05-07T11:23:42.805421+00:00,_OGwq1_pxCE,4553,155,2,41834,46387,2204,2359,98,100,False,False,False,False
2026-05-07T11:23:42.805421+00:00,7tilLI0Vifk,2409,120,7,22589,24998,1683,1803,115,122,False,False,False,False
2026-05-07T11:23:42.805421+00:00,yhuivB5l4dQ,94,0,0,5705,5799,51,51,1,1,False,False,False,False
2026-05-07T11:23:42.805421+00:00,dyy-YNiS0U4,249,18,0,1650,1899,135,153,2,2,False,False,False,False
2026-05-07T11:23:42.805421+00:00,rzVhPTSNWnE,2229,49,3,52970,55199,1593,1642,592,595,False,False,False,False
2026-05-07T11:23:42.805421+00:00,0GrbT_3jyoc,18176,383,4,169048,187224,9353,9736,115,119,False,False,False,False
2026-05-07T11:23:42.805421+00:00,jLqibx29wgs,402,23,0,2612,3014,82,105,1,1,False,False,False,False
2026-05-07T11:23:42.805421+00:00,7eJtgn-ZUCw,103,5,0,963,1066,41,46,0,0,False,False,False,False
2026-05-07T11:23:42.805421+00:00,aa_n-rMfKHE,10,0,0,84,94,7,7,0,0,False,False,False,False
2026-05-07T11:23:42.805421+00:00,MPsK-Z5jIuc,1426,35,4,11875,13301,567,602,146,150,False,False,False,False
2026-05-07T11:23:42.805421+00:00,_7wkQHhLLaU,8093,149,-5,41247,49340,1157,1306,58,53,False,False,False,False
2026-05-07T11:23:42.805421+00:00,daPR3ZqGbag,844,19,2,6118,6962,336,355,10,12,False,False,False,False
2026-05-07T11:23:42.805421+00:00,_O-il5eIVDo,3137,99,4,19116,22253,1192,1291,79,83,False,False,False,False
2026-05-07T11:23:42.805421+00:00,J7L9ZfugS1M,0,0,0,0,0,0,0,0,0,False,False,False,False
2026-05-07T11:23:42.805421+00:00,M0HtojL-OXQ,872,17,0,3084,3956,83,100,1,1,False,False,False,False
2026-05-07T11:23:42.805421+00:00,5V-qwSnDOJs,22770,678,67,26660,49430,1202,1880,121,188,False,False,False,False
2026-05-07T11:23:42.805421+00:00,ubtx51mzCbo,5818,335,-1,21951,27769,1895,2230,52,51,False,False,False,False
2026-05-07T11:23:42.805421+00:00,PJQhN8D12Vk,4037,127,-3,13877,17914,795,922,42,39,False,False,False,False
2026-05-07T11:23:42.805421+00:00,IaBf1jTYaIw,4207,58,-5,21329,25536,461,519,65,60,False,False,False,False
2026-05-07T11:23:42.805421+00:00,z1aIT-fzbhY,2465,70,-1,16915,19380,621,691,60,59,False,False,False,False
2026-05-07T11:23:42.805421+00:00,1-zrnj9Z6FA,180,7,0,939,1119,47,54,1,1,False,False,False,False
2026-05-07T11:23:42.805421+00:00,Or6yvefovGU,3208,148,0,7358,10566,378,526,35,35,False,False,False,False
2026-05-07T11:23:42.805421+00:00,gIuPUj-p2Q4,309,0,0,6742,7051,63,63,1,1,False,False,False,False
2026-05-07T11:23:42.805421+00:00,6sARbvvnHxw,8089,324,15,19790,27879,1239,1563,93,108,False,False,False,False
2026-05-07T11:23:42.805421+00:00,rXhoGMAeoS8,590,20,0,1714,2304,75,95,2,2,False,False,False,False
2026-05-07T11:23:42.805421+00:00,YIozys8ZjPs,390,11,0,2145,2535,61,72,1,1,False,False,False,False
2026-05-07T11:23:42.805421+00:00,mCc1oPC5f-8,36402,397,24,20382,56784,475,872,45,69,False,False,False,False
2026-05-07T11:23:42.805421+00:00,iSGdQjtChUk,454,26,2,336,790,25,51,18,20,False,False,False,False
2026-05-07T11:23:42.805421+00:00,5qdSXAozae4,429,21,-33,191,620,5,26,49,16,False,False,False,False
2026-05-07T11:23:42.805421+00:00,1buIx1jeQXg,740,26,-30,1299,2039,97,123,55,25,False,False,False,False
2026-05-07T11:23:42.805421+00:00,YK5lvBU6yLs,208,2,-28,351,559,21,23,50,22,False,False,False,False
2026-05-07T11:23:42.805421+00:00,3c9Oq8VyMpg,451,11,-27,1111,1562,56,67,98,71,False,False,False,False
2026-05-07T11:23:42.805421+00:00,7JMlkwMz58I,48323,1334,25,49586,97909,2728,4062,65,90,False,False,False,False
2026-05-07T11:23:42.805421+00:00,Tqg-qojfcqA,1402,57,0,6377,7779,548,605,7,7,False,False,False,False
2026-05-07T11:23:42.805421+00:00,nm0rAOWyGtE,28121,661,13,6596,34717,322,983,7,20,False,False,False,False
2026-05-07T11:23:42.805421+00:00,R1Vs8Rnl1iY,3712,127,4,7151,10863,365,492,23,27,False,False,False,False
2026-05-07T11:23:42.805421+00:00,JDPom9Tnjc4,524336,12695,290,170961,695297,8629,21324,268,558,False,False,False,False
2026-05-07T11:23:42.805421+00:00,vp4XgAoKrUQ,56775,2503,46,28776,85551,1224,3727,34,80,False,False,False,False
2026-05-07T11:23:42.805421+00:00,KIL81oKLZTc,15595,411,19,54273,69868,2324,2735,106,125,False,False,False,False
2026-05-07T11:23:42.805421+00:00,mPHNIsDsJio,149361,1623,602,358203,507564,8267,9890,3683,4285,False,False,False,False
2026-05-07T11:23:42.805421+00:00,rFzeAb80DYg,3755,147,27,6074,9829,318,465,55,82,False,True,False,False
2026-05-07T11:23:42.805421+00:00,kIyN_WRhXJw,38,4,0,12,50,4,8,0,0,False,False,False,False
2026-05-07T11:23:42.805421+00:00,WMUsoJWxKVU,353,18,0,457,810,18,36,1,1,False,False,False,False
2026-05-07T11:23:42.805421+00:00,jv13-whpdgI,1950,122,3,505,2455,85,207,3,6,False,False,False,False
2026-05-07T11:23:42.805421+00:00,RtMUcQbG1_o,968,111,1,666,1634,72,183,2,3,False,False,False,False
2026-05-07T11:23:42.805421+00:00,qPikXaHU-jY,2005,232,3,2301,4306,267,499,10,13,False,False,False,False
2026-05-07T11:23:42.805421+00:00,XAtcOrOAaIk,873,81,2,1673,2546,155,236,2,4,False,False,False,False
2026-05-07T11:23:42.805421+00:00,iuo88mIjzbk,740,106,0,1690,2430,196,302,2,2,False,False,False,False
2026-05-07T11:23:42.805421+00:00,MANsPvLwJs0,1299,156,4,1795,3094,162,318,3,7,False,False,False,False
2026-05-07T11:23:42.805421+00:00,1THq9IwaDm0,1073,68,1,2569,3642,189,257,7,8,False,False,False,False
2026-05-07T11:23:42.805421+00:00,wvdEIXEsnNg,494,65,2,1477,1971,122,187,1,3,False,False,False,False
2026-05-07T11:23:42.805421+00:00,eQzS6CUt7kU,1578,123,3,3773,5351,373,496,9,12,False,False,False,False
2026-05-07T11:23:42.805421+00:00,oJI4o2LgAzY,14920,923,25,2745,17665,284,1207,19,44,False,False,False,False
2026-05-07T11:23:42.805421+00:00,j_dyQn_4l44,6305,192,34,2558,8863,241,433,9,43,False,False,False,False
2026-05-07T11:23:42.805421+00:00,_AqBNvs7ko8,3820,225,3,1702,5522,175,400,2,5,False,False,False,False
2026-05-07T11:23:42.805421+00:00,CBxCE4fVpt4,8408,330,12,8043,16451,687,1017,42,54,False,False,False,False
2026-05-07T11:23:42.805421+00:00,Z-XHhcFemnk,17174,1181,14,21702,38876,2154,3335,74,88,False,False,False,False
2026-05-07T11:23:42.805421+00:00,VCFDGjCcWZs,58245,2169,11,61728,119973,5207,7376,65,76,False,False,False,False
2026-05-07T11:23:42.805421+00:00,Kx0v4IeR-1s,2040,142,1,548,2588,39,181,1,2,False,False,False,False
2026-05-07T11:23:42.805421+00:00,p7K3xfViWCE,28587,1320,101,62625,91212,4105,5425,336,437,False,False,True,False
2026-05-07T11:23:42.805421+00:00,dp2_5avL0dM,167,4,0,108,275,7,11,0,0,False,False,False,False
2026-05-07T11:23:42.805421+00:00,DDUq10BCIHc,67,3,0,169,236,10,13,0,0,False,False,False,False
2026-05-07T11:23:42.805421+00:00,2dTKyxqxca0,139,1,0,247,386,8,9,0,0,False,False,False,False
2026-05-07T11:23:42.805421+00:00,xLEEiMWgp-E,1091,42,3,2808,3899,184,226,7,10,False,False,False,False
2026-05-07T11:23:42.805421+00:00,GIGLcNgNOP4,49954,3040,97,35767,85721,5260,8300,327,424,False,False,False,False
2026-05-07T11:23:42.805421+00:00,neH5XN_YzW0,175,11,1,1208,1383,76,87,5,6,False,False,False,False
2026-05-07T11:23:42.805421+00:00,9Gr2QjvSQ-I,202408,9126,451,309627,512035,27687,36813,1916,2367,False,False,False,False
2026-05-07T11:23:42.805421+00:00,YAA0iXJ9gCQ,79416,5855,77,113683,193099,11079,16934,355,432,False,False,False,False
2026-05-07T11:23:42.805421+00:00,TyGoMtXLLBU,6966,352,30,10615,17581,903,1255,244,274,False,False,False,False
2026-05-07T11:23:42.805421+00:00,NlFAfAqX1zE,117933,8324,282,106545,224478,14444,22768,557,839,False,False,False,False
2026-05-07T11:23:42.805421+00:00,54IzxU24YT0,76968,4367,220,77540,154508,8645,13012,591,811,False,False,False,False
2026-05-07T11:23:42.805421+00:00,vQnUaLtBmBE,1883,219,7,1026,2909,99,318,4,11,False,False,False,False
2026-05-07T11:23:42.805421+00:00,J6Tn0FgJ768,11440,310,13,46703,58143,2005,2315,203,216,False,False,False,False
2026-05-07T11:23:42.805421+00:00,ifa-F8OY0KY,153467,7679,177,246014,399481,24118,31797,983,1160,False,False,False,False
2026-05-07T11:23:42.805421+00:00,oYl0cu8wos0,25254,1833,75,20674,45928,3637,5470,359,434,False,False,False,False
2026-05-07T11:23:42.805421+00:00,Mjq7A18Y7VY,1144,50,5,1804,2948,178,228,15,20,False,False,False,False
2026-05-07T11:23:42.805421+00:00,dbAz9kzA7yU,60769,2967,143,76372,137141,8143,11110,400,543,False,False,False,False
2026-05-07T11:23:42.805421+00:00,IM4NXjEW8vA,199692,9574,76,161281,360973,12339,21913,157,233,False,False,False,False
2026-05-07T11:23:42.805421+00:00,-0tv5_bKAaQ,297144,13494,163,385625,682769,22639,36133,418,581,False,False,False,False
2026-05-07T11:23:42.805421+00:00,WhjPhyarsFI,9173,453,90,2421,11594,225,678,37,127,False,False,False,False
2026-05-07T11:23:42.805421+00:00,97bQ7zx1ObY,1321,52,4,4779,6100,265,317,10,14,False,False,False,False
2026-05-07T11:23:42.805421+00:00,0QQ_jxbZbv0,283787,14451,161,319463,603250,32289,46740,549,710,False,False,False,False
2026-05-07T11:23:42.805421+00:00,cBokxkj8Kc0,791,22,1,2356,3147,115,137,1,2,False,False,False,False
2026-05-07T11:23:42.805421+00:00,xhbplPX4QKI,15916,464,38,6713,22629,583,1047,45,83,False,False,False,False
2026-05-07T11:23:42.805421+00:00,W-9lPpj_ILQ,421,46,0,1505,1926,174,220,11,11,False,False,False,False
2026-05-07T11:23:42.805421+00:00,wHsJWwtQpyo,2715,59,0,7407,10122,299,358,0,0,False,False,False,False
2026-05-07T11:23:42.805421+00:00,_J_4Mjav6iI,1777,42,0,2728,4505,135,177,0,0,False,False,False,False
2026-05-07T11:23:42.805421+00:00,_Amk2MbBD_U,381,9,0,1185,1566,35,44,3,3,False,False,False,False
2026-05-07T11:23:42.805421+00:00,1uxvXO8XY9M,15112,371,30,22866,37978,1366,1737,99,129,False,False,False,False
2026-05-07T11:23:42.805421+00:00,fGOSfk8mfPY,124954,3481,205,81551,206505,4204,7685,541,746,False,False,False,False
2026-05-07T11:23:42.805421+00:00,etURVlpA5mA,252488,8239,116,537913,790401,18144,26383,225,341,False,False,False,False
2026-05-07T11:23:42.805421+00:00,dlGfZ3KjzwI,38593,1242,100,99929,138522,5316,6558,562,662,False,False,False,False
2026-05-07T11:23:42.805421+00:00,TIqrd6dCa8o,533112,26929,321,692255,1225367,43615,70544,654,975,False,False,False,False
2026-05-07T11:23:42.805421+00:00,bMzRXbjLUAs,,,,,316,,11,,0,True,False,False,False
2026-05-07T11:23:42.805421+00:00,SW0_HZ3B144,,,,,292,,28,,1,True,False,False,False
2026-05-07T11:23:42.805421+00:00,AZXgFlX_bTU,,,,,2712,,299,,18,True,False,False,False
2026-05-07T11:23:42.805421+00:00,Vrl9eQ78bk8,,,,,10179,,586,,11,True,False,False,False
2026-05-07T11:23:42.805421+00:00,pFxIhhK4rUE,,,,,5760,,426,,11,True,False,False,False
2026-05-07T11:23:42.805421+00:00,wL08vOQaK70,,,,,12304,,950,,16,True,False,False,False
2026-05-07T11:23:42.805421+00:00,OQNLi8O-Eu0,,,,,638,,27,,0,True,False,False,False
2026-05-07T11:23:42.805421+00:00,HP4DI0WEiFw,,,,,14714,,1406,,131,True,False,False,False
2026-05-07T11:23:42.805421+00:00,hR4tPe4rwuo,,,,,542,,62,,3,True,False,False,False
2026-05-07T11:23:42.805421+00:00,FIEGmya_S3Y,,,,,167,,7,,0,True,False,False,False
2026-05-07T11:23:42.805421+00:00,INj5n4ISAi0,,,,,1039,,203,,30,True,False,False,False
2026-05-07T11:23:42.805421+00:00,8Vq_Vm8Pe9Y,,,,,104871,,11288,,343,True,False,False,False
2026-05-07T11:23:42.805421+00:00,wzwlfPp8vuI,,,,,3338,,189,,4,True,False,False,False
2026-05-07T11:23:42.805421+00:00,2sjya33qZWM,,,,,3658,,306,,3,True,False,False,False
2026-05-07T11:23:42.805421+00:00,B_BjBZE0aU0,,,,,18505,,1412,,113,True,False,False,False
2026-05-07T11:23:42.805421+00:00,vqBSNTZeLsg,,,,,9277,,264,,98,True,False,False,False
2026-05-07T11:23:42.805421+00:00,heBK7ADuRKM,,,,,997,,46,,3,True,False,False,False
2026-05-07T11:23:42.805421+00:00,8J6XLe0H6Ro,,,,,2582,,274,,29,True,False,False,False
2026-05-07T11:23:42.805421+00:00,ZyLxuteCMXo,,,,,4919,,425,,28,True,False,False,False
2026-05-07T11:23:42.805421+00:00,8_dh-IB9jZ8,,,,,11032,,256,,48,True,False,False,False
2026-05-07T11:23:42.805421+00:00,BTJGr78-zyw,,,,,162439,,12070,,2473,True,False,False,False
