execution_date,video_id,views_delta,likes_delta,comments_delta,previous_views,current_views,previous_likes,current_likes,previous_comments,current_comments,is_new_video,title_changed,description_changed,tags_changed
2026-05-14T11:23:07.925208+00:00,3W1KfxQnQiU,358,6,2,13662,14020,827,833,37,39,False,False,False,False
2026-05-14T11:23:07.925208+00:00,VKaslzzv1QM,840,5,0,104325,105165,3502,3507,210,210,False,False,False,False
2026-05-14T11:23:07.925208+00:00,E6IrH04B8wg,17,0,0,6482,6499,93,93,9,9,False,False,False,False
2026-05-14T11:23:07.925208+00:00,SYdW3cZKdmY,5,0,0,13026,13031,303,303,10,10,False,False,False,False
2026-05-14T11:23:07.925208+00:00,TSAh8dzN0cw,2,0,0,10826,10828,246,246,3,3,False,False,False,False
2026-05-14T11:23:07.925208+00:00,DHk0gFHyHeE,433,3,0,152543,152976,4673,4676,368,368,False,False,False,False
2026-05-14T11:23:07.925208+00:00,QSe13hyv68o,3,0,0,33886,33889,510,510,18,18,False,False,False,False
2026-05-14T11:23:07.925208+00:00,PZ2yduZysf0,4,1,0,5979,5983,168,169,7,7,False,False,False,False
2026-05-14T11:23:07.925208+00:00,Rdfd1KAX6NU,4,0,0,7589,7593,262,262,5,5,False,False,False,False
2026-05-14T11:23:07.925208+00:00,uAOfsghz2NY,13,0,0,28473,28486,232,232,12,12,False,False,False,False
2026-05-14T11:23:07.925208+00:00,qCFEWA_Nu3k,19,0,0,25255,25274,481,481,9,9,False,False,False,False
2026-05-14T11:23:07.925208+00:00,aNfOwttNQcg,4,0,0,4498,4502,115,115,2,2,False,False,False,False
2026-05-14T11:23:07.925208+00:00,Xq-4lUaLIp8,2,0,0,7693,7695,186,186,4,4,False,False,False,False
2026-05-14T11:23:07.925208+00:00,ZB9IMq0ee0k,117,1,1,66637,66754,2920,2921,177,178,False,False,False,False
2026-05-14T11:23:07.925208+00:00,Lw3RJgDjXh0,2,1,0,7321,7323,170,171,1,1,False,False,False,False
2026-05-14T11:23:07.925208+00:00,PiKd0maLI6o,4,0,0,10502,10506,613,613,8,8,False,False,False,False
2026-05-14T11:23:07.925208+00:00,mTqDtRTKvqE,1,0,0,6439,6440,221,221,17,17,False,False,False,False
2026-05-14T11:23:07.925208+00:00,BwIlVEvq7mU,2,0,0,6968,6970,143,143,8,8,False,False,False,False
2026-05-14T11:23:07.925208+00:00,lrl7lslhv2s,5,0,0,8697,8702,300,300,3,3,False,False,False,False
2026-05-14T11:23:07.925208+00:00,BPt0fwBCDbQ,1085,11,0,378409,379494,4464,4475,112,112,False,False,False,False
2026-05-14T11:23:07.925208+00:00,EvauKuWaNmk,1042,33,4,63007,64049,2887,2920,278,282,False,False,False,False
2026-05-14T11:23:07.925208+00:00,zEUstENVghI,22,1,0,12817,12839,427,428,34,34,False,False,False,False
2026-05-14T11:23:07.925208+00:00,Enic64S66_s,2,0,0,6103,6105,168,168,3,3,False,False,False,False
2026-05-14T11:23:07.925208+00:00,YldxYShWvGE,1,0,0,7193,7194,148,148,2,2,False,False,False,False
2026-05-14T11:23:07.925208+00:00,QeK4l-iH51Y,1,0,0,4417,4418,152,152,4,4,False,False,False,False
2026-05-14T11:23:07.925208+00:00,tqD_yn5Y_zQ,1,0,0,4066,4067,67,67,1,1,False,False,False,False
2026-05-14T11:23:07.925208+00:00,VjqsnOrW3AM,4392,110,4,138895,143287,3371,3481,127,131,False,False,False,False
2026-05-14T11:23:07.925208+00:00,sjbKZ4CY1Ow,4288,79,0,158328,162616,2444,2523,127,127,False,False,False,False
2026-05-14T11:23:07.925208+00:00,iaYdIU5n6vw,4301,95,23,704974,709275,13523,13618,2085,2108,False,False,False,False
2026-05-14T11:23:07.925208+00:00,Fy8H9I2kJkI,1742,18,0,331197,332939,5116,5134,288,288,False,False,False,False
2026-05-14T11:23:07.925208+00:00,AVyYMXc_t9s,117,1,0,8766,8883,474,475,36,36,False,False,False,False
2026-05-14T11:23:07.925208+00:00,HOwVuamQvTc,9,1,0,6679,6688,366,367,11,11,False,False,False,False
2026-05-14T11:23:07.925208+00:00,k0ZYVWoVWAc,76,2,0,20595,20671,887,889,200,200,False,False,False,False
2026-05-14T11:23:07.925208+00:00,ra8QknbAJs4,10,0,0,5375,5385,184,184,6,6,False,False,False,False
2026-05-14T11:23:07.925208+00:00,TpncXdKNLTQ,3,0,0,5154,5157,149,149,4,4,False,False,False,False
2026-05-14T11:23:07.925208+00:00,7m9uIc31Egw,43,2,0,7071,7114,261,263,7,7,False,False,False,False
2026-05-14T11:23:07.925208+00:00,q__FKs64J28,7,0,0,3463,3470,172,172,2,2,False,False,False,False
2026-05-14T11:23:07.925208+00:00,C9V8L2emj9M,11,1,0,3922,3933,196,197,0,0,False,False,False,False
2026-05-14T11:23:07.925208+00:00,EZLeWRbCEbA,1146,29,1,43623,44769,1671,1700,93,94,False,False,False,False
2026-05-14T11:23:07.925208+00:00,QduEFho6dLg,68,5,0,9565,9633,546,551,30,30,False,False,False,False
2026-05-14T11:23:07.925208+00:00,ZhRgnBzcYHQ,1645,69,2,54003,55648,3364,3433,98,100,False,False,False,False
2026-05-14T11:23:07.925208+00:00,6WqWhSmCbXk,5674,183,11,131077,136751,4829,5012,247,258,False,False,False,False
2026-05-14T11:23:07.925208+00:00,pdNaIhcp3z4,110,3,0,29793,29903,1334,1337,89,89,False,False,False,False
2026-05-14T11:23:07.925208+00:00,_BHe9R7pYNw,63,0,0,8417,8480,586,586,38,38,False,False,False,False
2026-05-14T11:23:07.925208+00:00,5Z4z2oEoxw8,96,2,0,29845,29941,1622,1624,79,79,False,False,False,False
2026-05-14T11:23:07.925208+00:00,0O8CF6F7CVs,0,0,0,0,0,0,0,0,0,False,False,False,False
2026-05-14T11:23:07.925208+00:00,7Ocx3WwDK_c,29,3,0,4456,4485,190,193,7,7,False,False,False,False
2026-05-14T11:23:07.925208+00:00,Cp3DxMyEBIM,4742,80,5,170794,175536,3854,3934,308,313,False,False,False,False
2026-05-14T11:23:07.925208+00:00,M_FKC2NTb24,177,5,0,27539,27716,540,545,9,9,False,False,False,False
2026-05-14T11:23:07.925208+00:00,5zwotvZ1rl0,209,4,0,13500,13709,311,315,35,35,False,False,False,False
2026-05-14T11:23:07.925208+00:00,F1D4G7VTBnY,34,1,0,4003,4037,172,173,1,1,False,False,False,False
2026-05-14T11:23:07.925208+00:00,kp1dLUox9_Y,26,1,0,21892,21918,929,930,31,31,False,False,False,False
2026-05-14T11:23:07.925208+00:00,FR04V2DkErI,25,1,0,2346,2371,109,110,0,0,False,False,False,False
2026-05-14T11:23:07.925208+00:00,raie7EtagZk,26,2,0,10702,10728,946,948,9,9,False,False,False,False
2026-05-14T11:23:07.925208+00:00,2Z1aJVGA1-M,27,1,0,7369,7396,301,302,8,8,False,False,False,False
2026-05-14T11:23:07.925208+00:00,6cUe6qrXxJU,31,2,0,15162,15193,508,510,11,11,False,False,False,False
2026-05-14T11:23:07.925208+00:00,5DilrEUdYnY,18,0,0,4735,4753,356,356,4,4,False,False,False,False
2026-05-14T11:23:07.925208+00:00,Nq-c06vj5PM,398,9,1,27295,27693,787,796,121,122,False,False,False,False
2026-05-14T11:23:07.925208+00:00,7u0DJM1SNPs,21,1,0,21132,21153,357,358,8,8,False,False,False,False
2026-05-14T11:23:07.925208+00:00,FAerQflosns,19,1,0,7949,7968,290,291,12,12,False,False,False,False
2026-05-14T11:23:07.925208+00:00,l8F9Omk197E,21,1,0,9056,9077,284,285,5,5,False,False,False,False
2026-05-14T11:23:07.925208+00:00,IwjPma4PPTM,1088,43,0,85669,86757,4694,4737,110,110,False,False,False,False
2026-05-14T11:23:07.925208+00:00,XXZ2wOom1l0,3947,118,4,118522,122469,5343,5461,139,143,False,False,False,False
2026-05-14T11:23:07.925208+00:00,Lqq78q17jDY,15289,690,37,545445,560734,28169,28859,1505,1542,False,False,False,False
2026-05-14T11:23:07.925208+00:00,sKME5er1OKc,6588,293,8,224254,230842,11620,11913,557,565,False,False,False,False
2026-05-14T11:23:07.925208+00:00,r6AB_e8Rk1I,196,3,1,158229,158425,5625,5628,189,190,False,False,False,False
2026-05-14T11:23:07.925208+00:00,OkuWh46I4m4,573,15,1,21853,22426,1236,1251,39,40,False,False,False,False
2026-05-14T11:23:07.925208+00:00,THMW7bXTog4,1906,103,1,199774,201680,15295,15398,173,174,False,False,False,False
2026-05-14T11:23:07.925208+00:00,uvfU2B8b4G4,70,6,0,50495,50565,2415,2421,25,25,False,False,False,False
2026-05-14T11:23:07.925208+00:00,G9L3zK57X6Y,201,7,0,90761,90962,4802,4809,86,86,False,False,False,False
2026-05-14T11:23:07.925208+00:00,TeheJAFWwYs,186,6,1,9230,9416,538,544,60,61,False,False,False,False
2026-05-14T11:23:07.925208+00:00,uSjcVPbJayU,2282,92,3,344520,346802,18408,18500,1060,1063,False,False,False,False
2026-05-14T11:23:07.925208+00:00,au_CNv7ZBS4,42,2,0,16355,16397,1014,1016,31,31,False,False,False,False
2026-05-14T11:23:07.925208+00:00,UszcZZ1QZho,70,2,0,25805,25875,860,862,26,26,False,False,False,False
2026-05-14T11:23:07.925208+00:00,UN6X2Jj-qrQ,69,5,0,10183,10252,802,807,4,4,False,False,False,False
2026-05-14T11:23:07.925208+00:00,9361MUAmA24,117,9,0,16146,16263,1164,1173,13,13,False,False,False,False
2026-05-14T11:23:07.925208+00:00,sQoa8y7eN-8,48,1,0,9220,9268,749,750,6,6,False,False,False,False
2026-05-14T11:23:07.925208+00:00,UacKz43AiDQ,7,0,0,2265,2272,63,63,1,1,False,False,False,False
2026-05-14T11:23:07.925208+00:00,9T90MfOpaZY,7,0,0,2140,2147,74,74,10,10,False,False,False,False
2026-05-14T11:23:07.925208+00:00,5qoKwHygsy8,7,1,0,3561,3568,154,155,6,6,False,False,False,False
2026-05-14T11:23:07.925208+00:00,0IGNbK4bbXA,88,7,0,17193,17281,1071,1078,77,77,False,False,False,False
2026-05-14T11:23:07.925208+00:00,ppy-SwlSnEo,8,0,0,2458,2466,85,85,2,2,False,False,False,False
2026-05-14T11:23:07.925208+00:00,-bFkzPRxH4w,11,0,0,15391,15402,275,275,403,403,False,False,False,False
2026-05-14T11:23:07.925208+00:00,87jnYKGVetM,50,2,0,31756,31806,1204,1206,12,12,False,False,False,False
2026-05-14T11:23:07.925208+00:00,zyJ1yZwX_tE,89,0,0,47285,47374,1055,1055,5,5,False,False,False,False
2026-05-14T11:23:07.925208+00:00,IJJbQTVdAtE,3712,69,0,87857,91569,2708,2777,15,15,False,False,False,False
2026-05-14T11:23:07.925208+00:00,rhVEOqNhjKo,50,2,0,34103,34153,1004,1006,16,16,False,False,False,False
2026-05-14T11:23:07.925208+00:00,myMj_ZfZ_xI,50,1,0,46795,46845,1052,1053,9,9,False,False,False,False
2026-05-14T11:23:07.925208+00:00,wd_xh6gSSOs,1843,94,1,70358,72201,3164,3258,59,60,False,False,False,False
2026-05-14T11:23:07.925208+00:00,p5zWy46yWxU,2944,50,0,70539,73483,1300,1350,16,16,False,False,False,False
2026-05-14T11:23:07.925208+00:00,IQZiAOokKXo,59,7,0,30513,30572,760,767,3,3,False,False,False,False
2026-05-14T11:23:07.925208+00:00,x3P8Zqux4A4,58,2,0,59536,59594,2322,2324,16,16,False,False,False,False
2026-05-14T11:23:07.925208+00:00,7vdW8a6jEfw,49,0,0,38706,38755,1227,1227,10,10,False,False,False,False
2026-05-14T11:23:07.925208+00:00,wJwQm_aqC8U,48,0,0,26868,26916,1171,1171,8,8,False,False,False,False
2026-05-14T11:23:07.925208+00:00,I-rogofBX8c,40,1,0,26051,26091,957,958,7,7,False,False,False,False
2026-05-14T11:23:07.925208+00:00,HEW0VJx9iw0,44,0,0,56508,56552,2053,2053,15,15,False,False,False,False
2026-05-14T11:23:07.925208+00:00,GMXWOLJHnJc,49,3,0,69888,69937,3050,3053,29,29,False,False,False,False
2026-05-14T11:23:07.925208+00:00,gtdao7DVsBo,119,2,0,29144,29263,848,850,7,7,False,False,False,False
2026-05-14T11:23:07.925208+00:00,tveRHTJJyy8,36,1,1,22381,22417,804,805,4,5,False,False,False,False
2026-05-14T11:23:07.925208+00:00,DB1fSfulSJQ,41,3,0,62181,62222,2419,2422,17,17,False,False,False,False
2026-05-14T11:23:07.925208+00:00,FpwEaued1Hc,42,1,0,46618,46660,2308,2309,29,29,False,False,False,False
2026-05-14T11:23:07.925208+00:00,0EqJD2o-Mnk,2643,35,0,50614,53257,1128,1163,59,59,False,False,False,False
2026-05-14T11:23:07.925208+00:00,Y9HJ_U3TdXk,14255,396,2,239314,253569,7837,8233,39,41,False,False,False,False
2026-05-14T11:23:07.925208+00:00,f7fbvRa4eJE,24,0,0,27295,27319,776,776,11,11,False,False,False,False
2026-05-14T11:23:07.925208+00:00,01NMf5-J_P4,46,2,0,57765,57811,2484,2486,19,19,False,False,False,False
2026-05-14T11:23:07.925208+00:00,OuOIrxBXB0M,336,5,0,135514,135850,2921,2926,20,20,False,False,False,False
2026-05-14T11:23:07.925208+00:00,wR8P970sqH8,42,0,0,26071,26113,1007,1007,9,9,False,False,False,False
2026-05-14T11:23:07.925208+00:00,664cs6FZEZo,78,2,0,70681,70759,1999,2001,36,36,False,False,False,False
2026-05-14T11:23:07.925208+00:00,ABoKfabPQyY,17196,262,2,291422,308618,5648,5910,56,58,False,False,False,False
2026-05-14T11:23:07.925208+00:00,UQXupr6-Wmg,409,3,0,67799,68208,2134,2137,20,20,False,False,False,False
2026-05-14T11:23:07.925208+00:00,s47EWzAbZL4,49,1,0,46938,46987,1166,1167,9,9,False,False,False,False
2026-05-14T11:23:07.925208+00:00,Wj8owIKaQKQ,37,0,0,32911,32948,1679,1679,15,15,False,False,False,False
2026-05-14T11:23:07.925208+00:00,0moz0GJcIHg,22,-1,-2,28509,28531,1033,1032,14,12,False,False,False,False
2026-05-14T11:23:07.925208+00:00,5tW7CPAVii0,4353,111,3,280711,285064,7615,7726,157,160,False,False,False,False
2026-05-14T11:23:07.925208+00:00,vrW0swCG3Kg,52,2,0,31791,31843,1671,1673,26,26,False,False,False,False
2026-05-14T11:23:07.925208+00:00,yIUDe9YH0ac,8128,179,1,252230,260358,6787,6966,112,113,False,False,False,False
2026-05-14T11:23:07.925208+00:00,Z0uWs_W9S1A,33,0,0,15320,15353,439,439,12,12,False,False,False,False
2026-05-14T11:23:07.925208+00:00,uWOLkr7S47A,150,3,0,76308,76458,1771,1774,5,5,False,False,False,False
2026-05-14T11:23:07.925208+00:00,E7PxcFm-Xs8,43,1,0,30317,30360,1387,1388,6,6,False,False,False,False
2026-05-14T11:23:07.925208+00:00,FfMFahO2VE4,41,0,0,31391,31432,1626,1626,13,13,False,False,False,False
2026-05-14T11:23:07.925208+00:00,jq7ocNZXg_s,93,11,3,25601,25694,2610,2621,43,46,False,False,False,False
2026-05-14T11:23:07.925208+00:00,fHes8kAGJHs,50,0,0,39569,39619,1628,1628,12,12,False,False,False,False
2026-05-14T11:23:07.925208+00:00,fr78adfAnuA,3819,70,8,172037,175856,5172,5242,189,197,False,False,False,False
2026-05-14T11:23:07.925208+00:00,HnafDG2aj1I,30,0,0,29744,29774,930,930,6,6,False,False,False,False
2026-05-14T11:23:07.925208+00:00,nJ0oh5u6YbM,4913,133,0,139189,144102,4706,4839,34,34,False,False,False,False
2026-05-14T11:23:07.925208+00:00,07T7V-Szcx0,35389,885,4,632190,667579,16991,17876,263,267,False,False,False,False
2026-05-14T11:23:07.925208+00:00,gS87TtB9nk4,592,12,0,110595,111187,2305,2317,22,22,False,False,False,False
2026-05-14T11:23:07.925208+00:00,mPbb2Gk3fr4,87,0,0,53952,54039,1514,1514,6,6,False,False,False,False
2026-05-14T11:23:07.925208+00:00,CZtseHx5dAM,38,4,1,33376,33414,1105,1109,11,12,False,False,False,False
2026-05-14T11:23:07.925208+00:00,DykSRxbFZZo,29,0,0,29504,29533,1151,1151,16,16,False,False,False,False
2026-05-14T11:23:07.925208+00:00,g47pe7T6-KE,32,0,0,25719,25751,1382,1382,11,11,False,False,False,False
2026-05-14T11:23:07.925208+00:00,0Z1lChyi2W4,5218,87,4,658516,663734,17266,17353,579,583,False,False,False,False
2026-05-14T11:23:07.925208+00:00,v_1Dhh8G84c,48563,896,4,1938310,1986873,51852,52748,744,748,False,False,False,False
2026-05-14T11:23:07.925208+00:00,pcAJLeGAtwc,14198,241,1,1060050,1074248,26877,27118,496,497,False,False,False,False
2026-05-14T11:23:07.925208+00:00,roUppNywDks,15955,211,86,970279,986234,16104,16315,6874,6960,False,False,False,False
2026-05-14T11:23:07.925208+00:00,Bcag49Fk3zA,14314,378,1,1453432,1467746,43346,43724,449,450,False,False,False,False
2026-05-14T11:23:07.925208+00:00,0HSNPIttevk,10869,182,3,1081853,1092722,24981,25163,814,817,False,False,False,False
2026-05-14T11:23:07.925208+00:00,IMM5cm6xrXQ,51208,727,14,1639761,1690969,34451,35178,873,887,False,False,False,False
2026-05-14T11:23:07.925208+00:00,0t118SCf-2w,5100,62,0,1986110,1991210,34237,34299,606,606,False,False,False,False
2026-05-14T11:23:07.925208+00:00,_WrHMsTYlOU,13811,206,13,1067783,1081594,27025,27231,1547,1560,False,False,False,False
2026-05-14T11:23:07.925208+00:00,-uSQcEfnKp0,4006,134,0,670183,674189,23220,23354,705,705,False,False,False,False
2026-05-14T11:23:07.925208+00:00,S0WQP5GeTZs,10178,203,5,980429,990607,24348,24551,753,758,False,False,False,False
2026-05-14T11:23:07.925208+00:00,OwbaFLtBpkQ,8483,93,0,712038,720521,14741,14834,271,271,False,False,False,False
2026-05-14T11:23:07.925208+00:00,UncqiOQc4rI,80809,1556,20,4030029,4110838,111852,113408,1438,1458,False,False,False,False
2026-05-14T11:23:07.925208+00:00,8u7HqZJQHDM,28388,358,94,1096881,1125269,16601,16959,5891,5985,False,False,False,False
2026-05-14T11:23:07.925208+00:00,K9S3YgFZN9Y,10838,166,-3,677222,688060,15318,15484,277,274,False,False,False,False
2026-05-14T11:23:07.925208+00:00,WeliLUboy3M,20291,280,1,1269166,1289457,19947,20227,562,563,False,False,False,False
2026-05-14T11:23:07.925208+00:00,Czf68kDF_7Y,45207,813,16,2568331,2613538,60524,61337,1055,1071,False,False,False,False
2026-05-14T11:23:07.925208+00:00,kTlm_3HwRFg,7020,128,0,369881,376901,8549,8677,94,94,False,False,False,False
2026-05-14T11:23:07.925208+00:00,ucN2hf0CgI8,25422,331,2,1624836,1650258,38997,39328,366,368,False,False,False,False
2026-05-14T11:23:07.925208+00:00,up__2flbXw4,15969,195,7,987466,1003435,19724,19919,459,466,False,False,False,False
2026-05-14T11:23:07.925208+00:00,msYTFQ4OIu8,25158,276,80,1087762,1112920,15880,16156,7108,7188,False,False,False,False
2026-05-14T11:23:07.925208+00:00,9LsgBjswQZY,1423,27,0,143661,145084,2846,2873,33,33,False,False,False,False
2026-05-14T11:23:07.925208+00:00,HRxULulg_hM,20509,520,2,1023351,1043860,31042,31562,382,384,False,False,False,False
2026-05-14T11:23:07.925208+00:00,5wuHYQMnYhA,22387,1026,17,1043653,1066040,39512,40538,770,787,False,False,False,False
2026-05-14T11:23:07.925208+00:00,D4fkiQfzw_I,6558,257,12,158946,165504,6911,7168,318,330,False,False,False,False
2026-05-14T11:23:07.925208+00:00,XAQ275WwWnw,129,3,0,16871,17000,476,479,7,7,False,False,False,False
2026-05-14T11:23:07.925208+00:00,VREVC0wXPfs,188,10,0,27090,27278,729,739,3,3,False,False,False,False
2026-05-14T11:23:07.925208+00:00,MSl5mD3E7PE,256,15,1,22486,22742,1970,1985,105,106,False,False,False,False
2026-05-14T11:23:07.925208+00:00,J9p4GMskefU,760,58,3,33815,34575,3075,3133,95,98,False,False,False,False
2026-05-14T11:23:07.925208+00:00,MX1a5garnwc,158,7,0,9772,9930,637,644,97,97,False,False,False,False
2026-05-14T11:23:07.925208+00:00,v8z-clVwRxM,164,4,0,34140,34304,1056,1060,101,101,False,False,False,False
2026-05-14T11:23:07.925208+00:00,e7IyFScAa-Q,1355,27,2,21425,22780,750,777,55,57,False,False,False,False
2026-05-14T11:23:07.925208+00:00,1gyuiKoSc-w,200,4,0,8674,8874,305,309,17,17,False,False,False,False
2026-05-14T11:23:07.925208+00:00,-tzJJPnAenI,31,1,0,3197,3228,149,150,0,0,False,False,False,False
2026-05-14T11:23:07.925208+00:00,vaEGXlhFrJQ,2,1,0,176,178,6,7,1,1,False,False,False,False
2026-05-14T11:23:07.925208+00:00,BYv6i1MhiRA,2,0,0,2696,2698,21,21,0,0,False,False,False,False
2026-05-14T11:23:07.925208+00:00,lYpHv3Tg0Vg,69,2,0,15483,15552,360,362,3,3,False,False,False,False
2026-05-14T11:23:07.925208+00:00,kFVzax1iFW8,3,0,0,219,222,11,11,0,0,False,False,False,False
2026-05-14T11:23:07.925208+00:00,u03PlL13QDw,1,0,0,3414,3415,50,50,0,0,False,False,False,False
2026-05-14T11:23:07.925208+00:00,bjFyP8D_XvM,0,0,0,1905,1905,134,134,0,0,False,False,False,False
2026-05-14T11:23:07.925208+00:00,dUo1R8tp6zQ,1,0,0,282,283,15,15,0,0,False,False,False,False
2026-05-14T11:23:07.925208+00:00,YPM2Fep2P3A,0,0,0,1813,1813,89,89,2,2,False,False,False,False
2026-05-14T11:23:07.925208+00:00,uJzhn5czGL4,0,0,0,1626,1626,112,112,2,2,False,False,False,False
2026-05-14T11:23:07.925208+00:00,V4tlvp9IP_8,3,0,0,187,190,21,21,3,3,False,False,False,False
2026-05-14T11:23:07.925208+00:00,dCJJcNtrNjo,0,0,0,1141,1141,74,74,0,0,False,False,False,False
2026-05-14T11:23:07.925208+00:00,WVEngsk1RuQ,1,1,0,1750,1751,79,80,0,0,False,False,False,False
2026-05-14T11:23:07.925208+00:00,IkNEALHWXUo,34,1,0,714,748,27,28,1,1,False,False,False,False
2026-05-14T11:23:07.925208+00:00,8XfsycyMf48,0,0,0,4594,4594,216,216,1,1,False,False,False,False
2026-05-14T11:23:07.925208+00:00,Tx6waClZSYM,1,0,0,2963,2964,137,137,1,1,False,False,False,False
2026-05-14T11:23:07.925208+00:00,4NHnN9EmDk0,1,0,0,372,373,27,27,2,2,False,False,False,False
2026-05-14T11:23:07.925208+00:00,UkbeRKmr5kM,20,1,0,56329,56349,677,678,14,14,False,False,False,False
2026-05-14T11:23:07.925208+00:00,vd8fb3noIgY,4,-1,0,17013,17017,1359,1358,16,16,False,False,False,False
2026-05-14T11:23:07.925208+00:00,nZlhHf8vSbU,7,0,0,9229,9236,931,931,8,8,False,False,False,False
2026-05-14T11:23:07.925208+00:00,qsJSGpOs5q4,1,0,0,14626,14627,864,864,7,7,False,False,False,False
2026-05-14T11:23:07.925208+00:00,Mxv60XerzG4,2,0,0,7430,7432,515,515,16,16,False,False,False,False
2026-05-14T11:23:07.925208+00:00,pVXm6lt1F7w,16,1,0,21279,21295,2096,2097,18,18,False,False,False,False
2026-05-14T11:23:07.925208+00:00,jIj6PuMrDGA,531,44,1,44201,44732,3131,3175,35,36,False,False,False,False
2026-05-14T11:23:07.925208+00:00,XzkJ2WrHR2c,14,0,0,19414,19428,1151,1151,39,39,False,False,False,False
2026-05-14T11:23:07.925208+00:00,PMX-urJB7uw,0,0,0,2771,2771,238,238,6,6,False,False,False,False
2026-05-14T11:23:07.925208+00:00,MdYM6kw372Q,3,1,0,17421,17424,1100,1101,19,19,False,False,False,False
2026-05-14T11:23:07.925208+00:00,3QRWlCFdzyE,0,-1,0,20845,20845,971,970,20,20,False,False,False,False
2026-05-14T11:23:07.925208+00:00,rXs8JlFIS-U,6,1,0,17977,17983,924,925,15,15,False,False,False,False
2026-05-14T11:23:07.925208+00:00,SK8tkpErsm8,8,1,0,22295,22303,1237,1238,16,16,False,False,False,False
2026-05-14T11:23:07.925208+00:00,RBz3O-4xBYE,0,0,0,14987,14987,1260,1260,34,34,False,False,False,False
2026-05-14T11:23:07.925208+00:00,03uRM4Uz5t8,10,0,0,19991,20001,1408,1408,39,39,False,False,False,False
2026-05-14T11:23:07.925208+00:00,rzqgWnJPamU,0,0,0,3000,3000,160,160,4,4,False,False,False,False
2026-05-14T11:23:07.925208+00:00,nLlqkXdlNsM,0,0,0,23676,23676,1064,1064,13,13,False,False,False,False
2026-05-14T11:23:07.925208+00:00,fIZkXHaOuvY,1,0,0,2564,2565,123,123,4,4,False,False,False,False
2026-05-14T11:23:07.925208+00:00,t3oZncJYgwE,0,0,0,3909,3909,358,358,5,5,False,False,False,False
2026-05-14T11:23:07.925208+00:00,h5Snd8uqih8,0,0,0,2813,2813,119,119,3,3,False,False,False,False
2026-05-14T11:23:07.925208+00:00,Z-xAO96GQtU,16,4,0,10317,10333,1129,1133,6,6,False,False,False,False
2026-05-14T11:23:07.925208+00:00,TlwFNKM1OyA,1,-1,0,6287,6288,403,402,7,7,False,False,False,False
2026-05-14T11:23:07.925208+00:00,kLZUfQUWNNw,1,0,0,2299,2300,151,151,7,7,False,False,False,False
2026-05-14T11:23:07.925208+00:00,uOGqRV25LOc,0,0,0,2010,2010,99,99,2,2,False,False,False,False
2026-05-14T11:23:07.925208+00:00,FOyH5MIRyD4,0,0,0,18686,18686,1041,1041,10,10,False,False,False,False
2026-05-14T11:23:07.925208+00:00,X5MyBjZ8Jgw,1,0,0,24200,24201,1320,1320,11,11,False,False,False,False
2026-05-14T11:23:07.925208+00:00,Ux-bi7bqrUU,2,0,0,6498,6500,543,543,5,5,False,False,False,False
2026-05-14T11:23:07.925208+00:00,0xTKuxdSrRI,1,0,0,26822,26823,1044,1044,13,13,False,False,False,False
2026-05-14T11:23:07.925208+00:00,uHx1N_qFfTw,0,0,0,2929,2929,240,240,3,3,False,False,False,False
2026-05-14T11:23:07.925208+00:00,SrN39dykl7A,0,0,0,3870,3870,251,251,3,3,False,False,False,False
2026-05-14T11:23:07.925208+00:00,YY3pLnSX1W4,0,0,0,3939,3939,297,297,2,2,False,False,False,False
2026-05-14T11:23:07.925208+00:00,qO9602XOIfY,1,0,0,16391,16392,916,916,15,15,False,False,False,False
2026-05-14T11:23:07.925208+00:00,WBBOTxvDook,0,0,0,3686,3686,245,245,4,4,False,False,False,False
2026-05-14T11:23:07.925208+00:00,weyrpnOTB-A,0,0,0,3817,3817,451,451,1,1,False,False,False,False
2026-05-14T11:23:07.925208+00:00,Jlw306k4Sv0,0,0,0,2233,2233,110,110,4,4,False,False,False,False
2026-05-14T11:23:07.925208+00:00,PfdNPN9Jv6s,7,0,0,19290,19297,1515,1515,19,19,False,False,False,False
2026-05-14T11:23:07.925208+00:00,jKwIvjb9kgM,1,0,0,8299,8300,668,668,6,6,False,False,False,False
2026-05-14T11:23:07.925208+00:00,kyojR7HQsVs,0,0,0,4581,4581,273,273,7,7,False,False,False,False
2026-05-14T11:23:07.925208+00:00,8ImVuaOhTf4,4,1,0,12682,12686,970,971,15,15,False,False,False,False
2026-05-14T11:23:07.925208+00:00,dINRvKoLQ-c,13,1,0,33111,33124,1789,1790,36,36,False,False,False,False
2026-05-14T11:23:07.925208+00:00,SxYWhC51qFo,2,0,0,8209,8211,480,480,4,4,False,False,False,False
2026-05-14T11:23:07.925208+00:00,ymxpml7CipE,1,1,0,5249,5250,335,336,3,3,False,False,False,False
2026-05-14T11:23:07.925208+00:00,LikC_lxkVEg,3,0,0,6114,6117,549,549,7,7,False,False,False,False
2026-05-14T11:23:07.925208+00:00,TCGbMJYgaYA,0,0,0,4771,4771,297,297,3,3,False,False,False,False
2026-05-14T11:23:07.925208+00:00,xSS2WTAglww,2,0,0,3022,3024,226,226,7,7,False,False,False,False
2026-05-14T11:23:07.925208+00:00,tysrC1PivVE,1,-1,0,3760,3761,332,331,7,7,False,False,False,False
2026-05-14T11:23:07.925208+00:00,2Ylfj8r_-V8,0,0,0,9363,9363,598,598,12,12,False,False,False,False
2026-05-14T11:23:07.925208+00:00,3wJvtiigDcg,0,-1,0,2650,2650,224,223,3,3,False,False,False,False
2026-05-14T11:23:07.925208+00:00,1lx0bttCAbs,1626,99,1,44873,46499,2342,2441,44,45,False,False,False,False
2026-05-14T11:23:07.925208+00:00,AWWSm291p7c,0,0,0,4817,4817,396,396,6,6,False,False,False,False
2026-05-14T11:23:07.925208+00:00,GQtuLY1Qs1Q,0,0,0,3698,3698,126,126,4,4,False,False,False,False
2026-05-14T11:23:07.925208+00:00,izQP0WI1i9A,0,0,0,4380,4380,128,128,1,1,False,False,False,False
2026-05-14T11:23:07.925208+00:00,hx45I5QyAFw,1,0,0,7323,7324,586,586,11,11,False,False,False,False
2026-05-14T11:23:07.925208+00:00,cRKwXRLqKQM,0,0,0,3383,3383,94,94,2,2,False,False,False,False
2026-05-14T11:23:07.925208+00:00,VsjETURd7No,0,0,0,1796,1796,78,78,3,3,False,False,False,False
2026-05-14T11:23:07.925208+00:00,EJfh57hfc_E,10,2,1,20955,20965,1285,1287,24,25,False,False,False,False
2026-05-14T11:23:07.925208+00:00,vyUuhcDRcf4,0,0,0,10132,10132,401,401,8,8,False,False,False,False
2026-05-14T11:23:07.925208+00:00,9Ke8dmefEqo,1,0,0,8566,8567,580,580,7,7,False,False,False,False
2026-05-14T11:23:07.925208+00:00,50Esq3fgXzA,1,0,0,4051,4052,322,322,7,7,False,False,False,False
2026-05-14T11:23:07.925208+00:00,-rDMPyp2tvQ,6,1,0,5608,5614,414,415,5,5,False,False,False,False
2026-05-14T11:23:07.925208+00:00,tQCVAU-fZPA,1384,69,0,306002,307386,14053,14122,166,166,False,False,False,False
2026-05-14T11:23:07.925208+00:00,vW1rzDI4KhM,0,0,0,3321,3321,146,146,5,5,False,False,False,False
2026-05-14T11:23:07.925208+00:00,SZLTZDoVcfA,1,-1,0,3496,3497,312,311,3,3,False,False,False,False
2026-05-14T11:23:07.925208+00:00,5aR4agCS1OM,0,0,0,6398,6398,356,356,7,7,False,False,False,False
2026-05-14T11:23:07.925208+00:00,aFvAFWzCwF8,29,2,0,23181,23210,1496,1498,41,41,False,False,False,False
2026-05-14T11:23:07.925208+00:00,m8mdQGF-Pmw,1,1,0,23104,23105,1365,1366,26,26,False,False,False,False
2026-05-14T11:23:07.925208+00:00,wm1qu3D9-ho,0,0,0,4134,4134,274,274,2,2,False,False,False,False
2026-05-14T11:23:07.925208+00:00,eoXIFY2GZTw,37,0,0,21648,21685,1562,1562,17,17,False,False,False,False
2026-05-14T11:23:07.925208+00:00,crrTHKN_R58,2353,122,3,131148,133501,9202,9324,616,619,False,False,False,False
2026-05-14T11:23:07.925208+00:00,La4ogJrxI0g,285,14,0,52001,52286,3588,3602,191,191,False,False,False,False
2026-05-14T11:23:07.925208+00:00,OEqMxMEBQQY,585,16,0,47072,47657,1648,1664,77,77,False,False,False,False
2026-05-14T11:23:07.925208+00:00,0ShXZN7aHqA,62,3,0,7635,7697,548,551,4,4,False,False,False,False
2026-05-14T11:23:07.925208+00:00,DQiQ30VepbU,390,16,0,29359,29749,1303,1319,100,100,False,False,False,False
2026-05-14T11:23:07.925208+00:00,lvw8Fe5wcBo,34,2,0,13515,13549,482,484,28,28,False,False,False,False
2026-05-14T11:23:07.925208+00:00,-txFIHA4ez8,3480,134,2,73124,76604,3285,3419,113,115,False,False,False,False
2026-05-14T11:23:07.925208+00:00,eEfZlpKPAIU,24,0,0,18747,18771,761,761,17,17,False,False,False,False
2026-05-14T11:23:07.925208+00:00,l1-D1s67YU4,173,6,1,53803,53976,2350,2356,179,180,False,False,False,False
2026-05-14T11:23:07.925208+00:00,RtCDqPRlu48,16,1,1,18078,18094,764,765,17,18,False,False,False,False
2026-05-14T11:23:07.925208+00:00,5jOtf3OIgHg,14,0,0,9423,9437,432,432,5,5,False,False,False,False
2026-05-14T11:23:07.925208+00:00,VszurX3VCPE,11,0,0,13640,13651,531,531,21,21,False,False,False,False
2026-05-14T11:23:07.925208+00:00,w9LJSjmwufQ,9,0,0,9504,9513,539,539,4,4,False,False,False,False
2026-05-14T11:23:07.925208+00:00,gGvkfd-LiKA,41,1,0,12448,12489,514,515,40,40,False,False,False,False
2026-05-14T11:23:07.925208+00:00,oYu0ZgihU8Q,32,0,0,3895,3927,137,137,8,8,False,False,False,False
2026-05-14T11:23:07.925208+00:00,5Tsi4Beca6g,17,2,0,9858,9875,426,428,21,21,False,False,False,False
2026-05-14T11:23:07.925208+00:00,AxHTi--S-sU,127,3,1,37520,37647,1961,1964,203,204,False,False,False,False
2026-05-14T11:23:07.925208+00:00,9R7IaubJFhA,34,2,0,10851,10885,581,583,30,30,False,False,False,False
2026-05-14T11:23:07.925208+00:00,ZrTIAjdcBGM,21,0,0,13541,13562,554,554,51,51,False,False,False,False
2026-05-14T11:23:07.925208+00:00,lkM12v2VZyE,215,8,0,47940,48155,1517,1525,36,36,False,False,False,False
2026-05-14T11:23:07.925208+00:00,QCcQpkBhOvI,170,5,0,13347,13517,608,613,15,15,False,False,False,False
2026-05-14T11:23:07.925208+00:00,R6VQrYkJf74,55,2,0,20218,20273,704,706,34,34,False,False,False,False
2026-05-14T11:23:07.925208+00:00,6Np0FPnWdMs,50,1,0,20128,20178,794,795,16,16,False,False,False,False
2026-05-14T11:23:07.925208+00:00,sa3zzPEnz_4,241,5,1,35463,35704,1310,1315,78,79,False,False,False,False
2026-05-14T11:23:07.925208+00:00,pgFxsauDXjc,7,0,0,7970,7977,314,314,11,11,False,False,False,False
2026-05-14T11:23:07.925208+00:00,G-i7hiu_yPU,23,2,0,8400,8423,757,759,92,92,False,False,False,False
2026-05-14T11:23:07.925208+00:00,6UPfq3KETg4,335,16,0,167086,167421,5938,5954,125,125,False,False,False,False
2026-05-14T11:23:07.925208+00:00,-wkZoxeFIpM,154,1,0,6343,6497,380,381,11,11,False,False,False,False
2026-05-14T11:23:07.925208+00:00,6-PunI-5Ts4,139,10,0,30544,30683,2939,2949,90,90,False,False,False,False
2026-05-14T11:23:07.925208+00:00,QDZUOBnmf4Q,115,9,0,43377,43492,3661,3670,126,126,False,False,False,False
2026-05-14T11:23:07.925208+00:00,TekYNY3eGC0,1941,89,0,130030,131971,7503,7592,224,224,False,False,False,False
2026-05-14T11:23:07.925208+00:00,OWkM5YoEhgM,777,34,0,80006,80783,5869,5903,106,106,False,False,False,False
2026-05-14T11:23:07.925208+00:00,DgX6SMZaC_8,452,21,0,57463,57915,4362,4383,75,75,False,False,False,False
2026-05-14T11:23:07.925208+00:00,OPDzJP8iWLo,259,20,0,32500,32759,3144,3164,60,60,False,False,False,False
2026-05-14T11:23:07.925208+00:00,shkHigLwBnM,434,4,0,330286,330720,10620,10624,385,385,False,False,False,False
2026-05-14T11:23:07.925208+00:00,BOmc_wliaRg,7408,132,19,847224,854632,34455,34587,4763,4782,False,False,False,False
2026-05-14T11:23:07.925208+00:00,94PJFiyaSrs,721,27,0,39194,39915,2137,2164,139,139,False,False,False,False
2026-05-14T11:23:07.925208+00:00,rfnB9MhBI44,1348,65,1,181999,183347,12694,12759,245,246,False,False,False,False
2026-05-14T11:23:07.925208+00:00,g_7mUw6Xt2E,1484,83,2,145797,147281,7357,7440,730,732,False,False,False,False
2026-05-14T11:23:07.925208+00:00,a8LrJMGoVL4,400,29,1,133457,133857,10019,10048,509,510,False,False,False,False
2026-05-14T11:23:07.925208+00:00,u_f8bJkfg68,38775,566,7,4278827,4317602,109083,109649,943,950,False,False,False,False
2026-05-14T11:23:07.925208+00:00,WgcdDVIUXcI,57613,972,0,6822665,6880278,118944,119916,350,350,False,False,False,False
2026-05-14T11:23:07.925208+00:00,UEBpQgCIFTk,1237,51,3,592239,593476,25209,25260,207,210,False,False,False,False
2026-05-14T11:23:07.925208+00:00,GmTuhpMe1oM,3378,146,0,182000,185378,11024,11170,84,84,False,False,False,False
2026-05-14T11:23:07.925208+00:00,0kHJZFOuMWc,14456,554,1,974661,989117,50093,50647,250,251,False,False,False,False
2026-05-14T11:23:07.925208+00:00,KXpgCNB6Dcs,8875,541,1,496076,504951,37567,38108,211,212,False,False,False,False
2026-05-14T11:23:07.925208+00:00,gPmmDEGCQLg,4811,311,2,302891,307702,26374,26685,471,473,False,False,False,False
2026-05-14T11:23:07.925208+00:00,hXPy19kPego,2311,113,9,147226,149537,10772,10885,824,833,False,False,False,False
2026-05-14T11:23:07.925208+00:00,yaBzATxyEYs,286,20,0,43321,43607,3257,3277,122,122,False,False,False,False
2026-05-14T11:23:07.925208+00:00,SY53rwqE2i0,108,7,0,28370,28478,1439,1446,70,70,False,False,False,False
2026-05-14T11:23:07.925208+00:00,LPTQADIf6Xk,1949,48,2,139286,141235,8807,8855,537,539,False,False,False,False
2026-05-14T11:23:07.925208+00:00,Ycdklm6W1_o,3448,156,3,385435,388883,26323,26479,725,728,False,False,False,False
2026-05-14T11:23:07.925208+00:00,iRach9lpIlg,6262,84,0,1058363,1064625,20912,20996,543,543,False,False,False,False
2026-05-14T11:23:07.925208+00:00,MVFd0qFB9TE,76431,3158,23,4365114,4441545,133306,136464,1650,1673,False,False,False,False
2026-05-14T11:23:07.925208+00:00,EFhMcL3Kf1c,1641,70,4,341817,343458,14188,14258,745,749,False,False,False,False
2026-05-14T11:23:07.925208+00:00,bouvNyq8xCY,719,25,0,34836,35555,2202,2227,67,67,False,False,False,False
2026-05-14T11:23:07.925208+00:00,4ZK7Ms4IZ7g,391,2,0,30019,30410,210,212,7,7,False,False,False,False
2026-05-14T11:23:07.925208+00:00,XV4eV0wnx-c,79,2,0,21391,21470,781,783,9,9,False,False,False,False
2026-05-14T11:23:07.925208+00:00,B2ag364pRgQ,181,6,2,67850,68031,2300,2306,411,413,False,False,False,False
2026-05-14T11:23:07.925208+00:00,1a5xOhqvm-I,50,1,0,13724,13774,418,419,13,13,False,False,False,False
2026-05-14T11:23:07.925208+00:00,bfENsVP77VQ,5756,142,7,193779,199535,4343,4485,410,417,False,False,False,False
2026-05-14T11:23:07.925208+00:00,f1rK6WfCjCQ,52,0,0,37774,37826,1039,1039,18,18,False,False,False,False
2026-05-14T11:23:07.925208+00:00,yemarhfhVA0,1256,65,6,120384,121640,9718,9783,602,608,False,False,False,False
2026-05-14T11:23:07.925208+00:00,TET8fTKH1e8,6014,179,5,647562,653576,24324,24503,686,691,False,False,False,False
2026-05-14T11:23:07.925208+00:00,n16KlvFN28c,41,1,0,23333,23374,1100,1101,10,10,False,False,False,False
2026-05-14T11:23:07.925208+00:00,MK-6-YuFzC4,128,5,0,15998,16126,831,836,85,85,False,False,False,False
2026-05-14T11:23:07.925208+00:00,Xf_v62TQOx4,166,5,1,69970,70136,3223,3228,344,345,False,False,False,False
2026-05-14T11:23:07.925208+00:00,40kncAedwjs,33,2,0,2812,2845,205,207,17,17,False,False,False,False
2026-05-14T11:23:07.925208+00:00,rbbMgCB90fk,18,0,0,1799,1817,115,115,6,6,False,False,False,False
2026-05-14T11:23:07.925208+00:00,Bv4wqAVZ6Ps,31,3,0,2594,2625,168,171,12,12,False,False,False,False
2026-05-14T11:23:07.925208+00:00,N14hiQw7Wdk,85,1,0,2921,3006,97,98,31,31,False,False,False,False
2026-05-14T11:23:07.925208+00:00,tLlucpJbi5E,5,0,0,879,884,23,23,2,2,False,False,False,False
2026-05-14T11:23:07.925208+00:00,saLXbA_OCkE,0,0,0,443,443,14,14,0,0,False,False,False,False
2026-05-14T11:23:07.925208+00:00,MCnA_GAeAfg,0,0,0,571,571,13,13,0,0,False,False,False,False
2026-05-14T11:23:07.925208+00:00,kLhNERKdwd4,7,1,0,939,946,22,23,1,1,False,False,False,False
2026-05-14T11:23:07.925208+00:00,YNW_D7b60I4,0,0,0,765,765,20,20,0,0,False,False,False,False
2026-05-14T11:23:07.925208+00:00,MOpYEt-XfaU,0,0,0,864,864,14,14,2,2,False,False,False,False
2026-05-14T11:23:07.925208+00:00,G1xuyxMOUNM,0,0,0,1452,1452,20,20,1,1,False,False,False,False
2026-05-14T11:23:07.925208+00:00,dA8XrnlFY5w,3,0,0,2779,2782,94,94,17,17,False,False,False,False
2026-05-14T11:23:07.925208+00:00,sZoT8IoDJTU,0,0,0,701,701,17,17,0,0,False,False,False,False
2026-05-14T11:23:07.925208+00:00,wlOrP9Q1akA,0,0,0,760,760,15,15,0,0,False,False,False,False
2026-05-14T11:23:07.925208+00:00,Mm2C9CRyDxY,0,0,0,653,653,18,18,0,0,False,False,False,False
2026-05-14T11:23:07.925208+00:00,wvJLjIR3nRI,0,0,0,690,690,23,23,0,0,False,False,False,False
2026-05-14T11:23:07.925208+00:00,nIrSjC_gsk8,0,0,0,631,631,14,14,0,0,False,False,False,False
2026-05-14T11:23:07.925208+00:00,IaUn-c8Lxss,0,0,0,582,582,17,17,0,0,False,False,False,False
2026-05-14T11:23:07.925208+00:00,fQK8Lx-oRIU,121,1,0,17044,17165,746,747,32,32,False,False,False,False
2026-05-14T11:23:07.925208+00:00,h9kh7KssnMc,527,14,0,120089,120616,2697,2711,65,65,False,False,False,False
2026-05-14T11:23:07.925208+00:00,XyFrfcsbDGY,72,5,0,57728,57800,2433,2438,75,75,False,False,False,False
2026-05-14T11:23:07.925208+00:00,zxQJIBt9CBI,6116,212,9,215427,221543,9663,9875,421,430,False,False,False,False
2026-05-14T11:23:07.925208+00:00,Xy09nfcwZ3E,35,0,0,34853,34888,1319,1319,5,5,False,False,False,False
2026-05-14T11:23:07.925208+00:00,-APimd6TUro,51,0,0,37808,37859,771,771,4,4,False,False,False,False
2026-05-14T11:23:07.925208+00:00,rzHYdFYDjcQ,18,0,0,3037,3055,94,94,2,2,False,False,False,False
2026-05-14T11:23:07.925208+00:00,-5kkpHpexIA,25,1,0,34613,34638,689,690,4,4,False,False,False,False
2026-05-14T11:23:07.925208+00:00,-JTeDTLElVg,84,0,0,21386,21470,656,656,4,4,False,False,False,False
2026-05-14T11:23:07.925208+00:00,u7sbQBw3X3g,17,0,0,22760,22777,498,498,0,0,False,False,False,False
2026-05-14T11:23:07.925208+00:00,QIKiQjEMUjY,3428,65,6,255817,259245,7933,7998,768,774,False,False,False,False
2026-05-14T11:23:07.925208+00:00,_EHKT75Ir0g,14,1,0,3039,3053,178,179,2,2,False,False,False,False
2026-05-14T11:23:07.925208+00:00,wB2Kb0MiyAc,35,2,0,36228,36263,649,651,6,6,False,False,False,False
2026-05-14T11:23:07.925208+00:00,bGis_LtFRRo,8,0,0,1369,1377,41,41,0,0,False,False,False,False
2026-05-14T11:23:07.925208+00:00,UgfrzicHc80,3658,88,2,220447,224105,6849,6937,720,722,False,False,False,False
2026-05-14T11:23:07.925208+00:00,2F50vE7VUIw,8,0,0,4709,4717,440,440,4,4,False,False,False,False
2026-05-14T11:23:07.925208+00:00,qC_5K9u8nY4,7,0,0,5899,5906,182,182,1,1,False,False,False,False
2026-05-14T11:23:07.925208+00:00,WSSQ8mtQicE,6,0,0,4045,4051,125,125,0,0,False,False,False,False
2026-05-14T11:23:07.925208+00:00,jdrW-vJOD1w,21,-1,0,20439,20460,807,806,34,34,False,False,False,False
2026-05-14T11:23:07.925208+00:00,6AKlPLtjBR8,18,0,0,16388,16406,849,849,28,28,False,False,False,False
2026-05-14T11:23:07.925208+00:00,ZjtJALByo70,22,0,0,11483,11505,592,592,9,9,False,False,False,False
2026-05-14T11:23:07.925208+00:00,0VjrLsr61pk,1182,16,2,161943,163125,5542,5558,347,349,False,False,False,False
2026-05-14T11:23:07.925208+00:00,uay_qpfTJOE,31,0,0,5277,5308,93,93,3,3,False,False,False,False
2026-05-14T11:23:07.925208+00:00,AXvou3mSGQA,27,0,0,39739,39766,1102,1102,44,44,False,False,False,False
2026-05-14T11:23:07.925208+00:00,Zu3g28TTetU,88,3,0,49989,50077,2450,2453,181,181,False,False,False,False
2026-05-14T11:23:07.925208+00:00,MbX7gs6huVE,12,0,0,15581,15593,604,604,14,14,False,False,False,False
2026-05-14T11:23:07.925208+00:00,ckyeC880OPA,109,3,0,62094,62203,1693,1696,42,42,False,False,False,False
2026-05-14T11:23:07.925208+00:00,AzNb2nQrM7U,3299,57,0,74192,77491,3043,3100,344,344,False,False,False,False
2026-05-14T11:23:07.925208+00:00,q1l42BPzbIk,1454,84,6,123095,124549,10452,10536,1405,1411,False,False,False,False
2026-05-14T11:23:07.925208+00:00,3LnNwS6rqk8,5596,218,6,482170,487766,27403,27621,758,764,False,False,False,False
2026-05-14T11:23:07.925208+00:00,AxM96v9ZCzI,415,11,0,69165,69580,1799,1810,11,11,False,False,False,False
2026-05-14T11:23:07.925208+00:00,4vHF2qU89Jo,1146,85,4,76284,77430,7470,7555,461,465,False,False,False,False
2026-05-14T11:23:07.925208+00:00,-Ap6qWvqk0I,1180,111,4,27104,28284,3579,3690,179,183,False,False,False,False
2026-05-14T11:23:07.925208+00:00,na5Enw8P18A,3409,153,2,189651,193060,10758,10911,320,322,False,False,False,False
2026-05-14T11:23:07.925208+00:00,UM9dcnJXX0k,13539,413,36,455236,468775,17876,18289,3702,3738,False,False,False,False
2026-05-14T11:23:07.925208+00:00,4IeYytwcpuQ,2014,61,0,115692,117706,6500,6561,206,206,False,False,False,False
2026-05-14T11:23:07.925208+00:00,xO5diVmgE8Y,910,22,2,56236,57146,3450,3472,385,387,False,False,False,False
2026-05-14T11:23:07.925208+00:00,_twN29IEQlc,946,60,3,38873,39819,3514,3574,300,303,False,False,False,False
2026-05-14T11:23:07.925208+00:00,PN8bHAr0f1M,592,4,0,175316,175908,4403,4407,63,63,False,False,False,False
2026-05-14T11:23:07.925208+00:00,iq599kyAjVA,175,3,0,148445,148620,3902,3905,80,80,False,False,False,False
2026-05-14T11:23:07.925208+00:00,48hHo2WcAQI,4680,354,26,487373,492053,39801,40155,3953,3979,False,False,False,False
2026-05-14T11:23:07.925208+00:00,NlW_R21cBXs,2484,140,9,216511,218995,16632,16772,793,802,False,False,False,False
2026-05-14T11:23:07.925208+00:00,Cs1nC8kqS5k,98,1,-1,51469,51567,3359,3360,285,284,False,False,False,False
2026-05-14T11:23:07.925208+00:00,XX7hskkX1AA,197,1,0,92330,92527,4137,4138,128,128,False,False,False,False
2026-05-14T11:23:07.925208+00:00,vTXoE7BLv9s,9646,789,22,293657,303303,25905,26694,802,824,False,False,False,False
2026-05-14T11:23:07.925208+00:00,8Uk97zU2GCg,883,23,9,256155,257038,13011,13034,1574,1583,False,False,False,False
2026-05-14T11:23:07.925208+00:00,tg0LuGGeOPA,95,3,0,119416,119511,7145,7148,214,214,False,False,False,False
2026-05-14T11:23:07.925208+00:00,SZ8r5VKtGes,11560,799,32,415097,426657,29132,29931,1997,2029,False,False,False,False
2026-05-14T11:23:07.925208+00:00,PCAPjDDY-h4,32,1,1,65572,65604,4885,4886,555,556,False,False,False,False
2026-05-14T11:23:07.925208+00:00,nHH771Vtkxw,14010,1185,21,398362,412372,32499,33684,830,851,False,False,False,False
2026-05-14T11:23:07.925208+00:00,GybLbhXj2Nw,908,33,2,166906,167814,11873,11906,1565,1567,False,False,False,False
2026-05-14T11:23:07.925208+00:00,x2r3FTy9HHE,2564,94,33,289394,291958,17791,17885,1151,1184,False,False,False,False
2026-05-14T11:23:07.925208+00:00,AHyZdLVYJfc,1185,46,5,223562,224747,18665,18711,2485,2490,False,False,False,False
2026-05-14T11:23:07.925208+00:00,x0HFad-M2iE,30,2,-2,23656,23686,2247,2249,35,33,False,False,False,False
2026-05-14T11:23:07.925208+00:00,y3HkZSayX2s,20,1,0,16198,16218,858,859,18,18,False,False,False,False
2026-05-14T11:23:07.925208+00:00,pqIZk9qrBEM,19,0,0,20423,20442,1428,1428,65,65,False,False,False,False
2026-05-14T11:23:07.925208+00:00,Q9qmcTjw89Q,7,0,0,24925,24932,846,846,11,11,False,False,False,False
2026-05-14T11:23:07.925208+00:00,h_G5spN1nJk,6,0,0,18790,18796,1181,1181,22,22,False,False,False,False
2026-05-14T11:23:07.925208+00:00,MqpQhyjFZQU,6896,225,13,277985,284881,10876,11101,593,606,False,False,False,False
2026-05-14T11:23:07.925208+00:00,NM-bwZZoX80,552,26,1,87677,88229,4337,4363,244,245,False,False,False,False
2026-05-14T11:23:07.925208+00:00,vm8Yn0BN-TQ,22,2,1,6288,6310,302,304,25,26,False,False,False,False
2026-05-14T11:23:07.925208+00:00,6q8iEtd0IGE,23,2,0,2621,2644,161,163,10,10,False,False,False,False
2026-05-14T11:23:07.925208+00:00,SHPKe7pGqMk,87,0,0,6783,6870,322,322,12,12,False,False,False,False
2026-05-14T11:23:07.925208+00:00,-0FsgHxwxgQ,445,11,0,83631,84076,3084,3095,119,119,False,False,False,False
2026-05-14T11:23:07.925208+00:00,krqt6eg3UoI,1709,37,0,70927,72636,2804,2841,145,145,False,False,False,False
2026-05-14T11:23:07.925208+00:00,HyTkdC8bhCg,45,0,0,5953,5998,270,270,15,15,False,False,False,False
2026-05-14T11:23:07.925208+00:00,FjxyqtLuh_M,15,0,0,7561,7576,340,340,20,20,False,False,False,False
2026-05-14T11:23:07.925208+00:00,sPHe-L95K0o,8,0,0,1791,1799,29,29,10,10,False,False,False,False
2026-05-14T11:23:07.925208+00:00,KW2YQ1C0ECs,5,1,0,714,719,68,69,21,21,False,False,False,False
2026-05-14T11:23:07.925208+00:00,2q62qBqugJE,1,0,0,916,917,90,90,62,62,False,False,False,False
2026-05-14T11:23:07.925208+00:00,wFTojQEC2eE,1,0,0,1265,1266,105,105,31,31,False,False,False,False
2026-05-14T11:23:07.925208+00:00,zj0BKLv9r8Y,668,30,1,109038,109706,4337,4367,621,622,False,False,False,False
2026-05-14T11:23:07.925208+00:00,kijJaXVri7Q,13548,567,6,839708,853256,53956,54523,1509,1515,False,False,False,False
2026-05-14T11:23:07.925208+00:00,UUzxEVhRQgQ,6454,413,7,756955,763409,64858,65271,2404,2411,False,False,False,False
2026-05-14T11:23:07.925208+00:00,tbvteFr4SPQ,11577,495,18,1477298,1488875,88459,88954,7545,7563,False,False,False,False
2026-05-14T11:23:07.925208+00:00,_9bYQ2tvc_s,2944,173,6,251412,254356,18549,18722,588,594,False,False,False,False
2026-05-14T11:23:07.925208+00:00,3skIuC1lP00,93,2,0,14187,14280,722,724,19,19,False,False,False,False
2026-05-14T11:23:07.925208+00:00,L8_m7pOI2-A,791,24,5,89724,90515,4156,4180,449,454,False,False,False,False
2026-05-14T11:23:07.925208+00:00,-6t20SnbOyc,324,12,2,77214,77538,4397,4409,225,227,False,False,False,False
2026-05-14T11:23:07.925208+00:00,9dIy1d0jmXw,101,3,0,12390,12491,475,478,60,60,False,False,False,False
2026-05-14T11:23:07.925208+00:00,TfojYStTlZE,6483,518,7,139132,145615,13899,14417,719,726,False,False,False,False
2026-05-14T11:23:07.925208+00:00,EnLpF9i3I4I,53,5,0,6826,6879,462,467,4,4,False,False,False,False
2026-05-14T11:23:07.925208+00:00,0YCyZKuGPmA,27,0,0,8749,8776,589,589,9,9,False,False,False,False
2026-05-14T11:23:07.925208+00:00,7y8W9bita7o,25,0,0,4668,4693,369,369,7,7,False,False,False,False
2026-05-14T11:23:07.925208+00:00,5cynqLNd1gA,10,1,0,5216,5226,486,487,10,10,False,False,False,False
2026-05-14T11:23:07.925208+00:00,5ov8sBSV-pc,156,10,1,6363,6519,456,466,20,21,False,False,False,False
2026-05-14T11:23:07.925208+00:00,rg1PhRvmFXk,44,5,0,4203,4247,464,469,17,17,False,False,False,False
2026-05-14T11:23:07.925208+00:00,TUSbI3pqiCM,669,18,0,23882,24551,1603,1621,28,28,False,False,False,False
2026-05-14T11:23:07.925208+00:00,kf9ghd5-VII,1622,53,0,267440,269062,19180,19233,896,896,False,False,False,False
2026-05-14T11:23:07.925208+00:00,dVb9vyCwM2s,238,7,0,193735,193973,12047,12054,502,502,False,False,False,False
2026-05-14T11:23:07.925208+00:00,ZOPXzlpBVoM,690,16,-1,120651,121341,7608,7624,605,604,False,False,False,False
2026-05-14T11:23:07.925208+00:00,dYJM9jmLBzY,182,18,0,164703,164885,17043,17061,801,801,False,False,False,False
2026-05-14T11:23:07.925208+00:00,CZe8DucT3qA,192,5,0,246848,247040,17590,17595,1006,1006,False,False,False,False
2026-05-14T11:23:07.925208+00:00,H3lUaL6-XQQ,735,24,0,209565,210300,11973,11997,677,677,False,False,False,False
2026-05-14T11:23:07.925208+00:00,X9fGa-F_ars,437,21,0,161831,162268,10975,10996,453,453,False,False,False,False
2026-05-14T11:23:07.925208+00:00,5ymn2oV1Zls,104,9,0,306282,306386,20715,20724,1133,1133,False,False,False,False
2026-05-14T11:23:07.925208+00:00,39czcByvq7c,19151,215,12,792990,812141,16239,16454,1628,1640,False,False,False,False
2026-05-14T11:23:07.925208+00:00,EGTF9mGda4U,5383,215,-3,591573,596956,31703,31918,387,384,False,False,False,False
2026-05-14T11:23:07.925208+00:00,vNXFk8iGHk8,7707,210,-2,650656,658363,31420,31630,321,319,False,False,False,False
2026-05-14T11:23:07.925208+00:00,wEb6ULf3TzU,3360,120,0,598708,602068,38320,38440,444,444,False,False,False,False
2026-05-14T11:23:07.925208+00:00,wy3a_xJI3so,6713,210,-1,948512,955225,53381,53591,649,648,False,False,False,False
2026-05-14T11:23:07.925208+00:00,DYkyYUjOZTk,31327,937,1,1781559,1812886,93227,94164,514,515,False,False,False,False
2026-05-14T11:23:07.925208+00:00,gdjCR9h1yGc,21027,629,1,2716605,2737632,145032,145661,2319,2320,False,False,False,False
2026-05-14T11:23:07.925208+00:00,W41XcEogOB0,22381,426,3,3892900,3915281,172599,173025,1495,1498,False,False,False,False
2026-05-14T11:23:07.925208+00:00,dhbt8y_LXQY,4848,124,0,534024,538872,25701,25825,338,338,False,False,False,False
2026-05-14T11:23:07.925208+00:00,aZVcAlzBIp4,21944,284,12,840180,862124,15917,16201,1315,1327,False,False,False,False
2026-05-14T11:23:07.925208+00:00,Hk-ARbCTKzM,83581,1792,6,5847125,5930706,250024,251816,1337,1343,False,False,False,False
2026-05-14T11:23:07.925208+00:00,KGeCwEOLPGE,20475,641,4,2072536,2093011,119183,119824,642,646,False,False,False,False
2026-05-14T11:23:07.925208+00:00,eBbqRceO2qY,23754,671,8,1440712,1464466,75328,75999,1146,1154,False,False,False,False
2026-05-14T11:23:07.925208+00:00,UPbaPjDGQIE,23466,788,-5,2498649,2522115,127510,128298,1215,1210,False,False,False,False
2026-05-14T11:23:07.925208+00:00,fpmYvXCzO1c,14907,446,3,1259016,1273923,66530,66976,1000,1003,False,False,False,False
2026-05-14T11:23:07.925208+00:00,XfY_L8MLOsU,3311,80,3,412191,415502,17848,17928,243,246,False,False,False,False
2026-05-14T11:23:07.925208+00:00,rk2b7fH_Gcc,1259,30,0,57166,58425,4220,4250,198,198,False,False,False,False
2026-05-14T11:23:07.925208+00:00,31t_CBePs34,16667,459,4,1231442,1248109,48395,48854,714,718,False,False,False,False
2026-05-14T11:23:07.925208+00:00,ktkpd9A8MD8,16630,492,30,595053,611683,31643,32135,1802,1832,False,False,False,False
2026-05-14T11:23:07.925208+00:00,vmRbevilfpU,224455,4457,41,8559873,8784328,266247,270704,1825,1866,False,False,False,False
2026-05-14T11:23:07.925208+00:00,NLrfMQ0dqpQ,6,0,3,3388,3394,238,238,112,115,False,False,False,False
2026-05-14T11:23:07.925208+00:00,W1js1spTUPs,13,0,0,2843,2856,62,62,1,1,False,False,False,False
2026-05-14T11:23:07.925208+00:00,ZVnXmeZZDw0,8,0,0,4335,4343,96,96,3,3,False,False,False,False
2026-05-14T11:23:07.925208+00:00,OHGtOI47r4M,3,0,0,5518,5521,160,160,2,2,False,False,False,False
2026-05-14T11:23:07.925208+00:00,NkWtrW-9GDY,139,5,0,7313,7452,431,436,21,21,False,False,False,False
2026-05-14T11:23:07.925208+00:00,uZ6Nbwp8GtU,131,3,0,11656,11787,554,557,13,13,False,False,False,False
2026-05-14T11:23:07.925208+00:00,jjSaUeqJi4s,283,5,0,18507,18790,500,505,39,39,False,False,False,False
2026-05-14T11:23:07.925208+00:00,K38w2QlgHPQ,51,0,0,13159,13210,724,724,26,26,False,False,False,False
2026-05-14T11:23:07.925208+00:00,U14_qm5y38o,351,25,0,124233,124584,5728,5753,259,259,False,False,False,False
2026-05-14T11:23:07.925208+00:00,T34ygnCahZc,108,4,0,42915,43023,1473,1477,118,118,False,False,False,False
2026-05-14T11:23:07.925208+00:00,S3JuEF7RQ5k,301,8,0,66288,66589,1862,1870,47,47,False,False,False,False
2026-05-14T11:23:07.925208+00:00,xUWqMdypNsM,76,1,0,14333,14409,802,803,29,29,False,False,False,False
2026-05-14T11:23:07.925208+00:00,pe_HkAV9yJM,62,3,0,14522,14584,690,693,18,18,False,False,False,False
2026-05-14T11:23:07.925208+00:00,qGa8y4tPUkc,30,0,0,4333,4363,468,468,44,44,False,False,False,False
2026-05-14T11:23:07.925208+00:00,wnoSOSgBNHk,255,6,-1,42756,43011,1542,1548,45,44,False,False,False,False
2026-05-14T11:23:07.925208+00:00,IiPyKNs5dtg,6,0,0,3555,3561,145,145,13,13,False,False,False,False
2026-05-14T11:23:07.925208+00:00,1WQetpMA8-k,38,1,0,6917,6955,298,299,13,13,False,False,False,False
2026-05-14T11:23:07.925208+00:00,bFO0uAMPx1g,335,8,0,66070,66405,1633,1641,268,268,False,False,False,False
2026-05-14T11:23:07.925208+00:00,evVs-Jtor50,34,1,1,59879,59913,1739,1740,304,305,False,False,False,False
2026-05-14T11:23:07.925208+00:00,g8NWmUdMh_E,15,0,0,20789,20804,313,313,28,28,False,False,False,False
2026-05-14T11:23:07.925208+00:00,ITT9xWeicWM,18,0,0,54319,54337,1407,1407,199,199,False,False,False,False
2026-05-14T11:23:07.925208+00:00,i6WQdQsE0kc,6,0,0,10500,10506,216,216,20,20,False,False,False,False
2026-05-14T11:23:07.925208+00:00,hrIY-clbdg8,16,0,0,82762,82778,1898,1898,362,362,False,False,False,False
2026-05-14T11:23:07.925208+00:00,95KqKaDsIAM,1741,58,5,51847,53588,2141,2199,113,118,False,False,False,False
2026-05-14T11:23:07.925208+00:00,F4ZxeuNDoUw,5,0,0,12137,12142,521,521,22,22,False,False,False,False
2026-05-14T11:23:07.925208+00:00,oeymdn1d4qg,1,-1,0,7481,7482,600,599,31,31,False,False,False,False
2026-05-14T11:23:07.925208+00:00,5BbGrGFI2gQ,25,3,0,14405,14430,2418,2421,34,34,False,False,False,False
2026-05-14T11:23:07.925208+00:00,ERxzxl6fXbw,5,1,0,15174,15179,964,965,20,20,False,False,False,False
2026-05-14T11:23:07.925208+00:00,nxCFXdIgxmw,2,0,0,9686,9688,452,452,37,37,False,False,False,False
2026-05-14T11:23:07.925208+00:00,8MhnMHlXk7Q,0,0,0,5327,5327,361,361,34,34,False,False,False,False
2026-05-14T11:23:07.925208+00:00,OkVrrVAG9yg,82,0,0,33630,33712,2620,2620,491,491,False,False,False,False
2026-05-14T11:23:07.925208+00:00,nOR-IY0SnEY,46,4,0,42020,42066,2632,2636,170,170,False,False,False,False
2026-05-14T11:23:07.925208+00:00,seu69-hMmGw,16,4,1,12850,12866,1151,1155,107,108,False,False,False,False
2026-05-14T11:23:07.925208+00:00,oXKkhajzwgE,26,1,0,15967,15993,1297,1298,125,125,False,False,False,False
2026-05-14T11:23:07.925208+00:00,rWwPAnF8Qeo,4,0,0,8878,8882,582,582,98,98,False,False,False,False
2026-05-14T11:23:07.925208+00:00,XvLttG6zZck,0,0,0,15903,15903,725,725,92,92,False,False,False,False
2026-05-14T11:23:07.925208+00:00,6_o0OElprPo,12,0,0,2341,2353,102,102,28,28,False,False,False,False
2026-05-14T11:23:07.925208+00:00,d4AaggbJACU,1,0,0,1109,1110,103,103,2,2,False,False,False,False
2026-05-14T11:23:07.925208+00:00,jr8lgZvzA34,8,0,0,8038,8046,203,203,51,51,False,False,False,False
2026-05-14T11:23:07.925208+00:00,yqwGsf5XVkI,11,0,0,6119,6130,252,252,67,67,False,False,False,False
2026-05-14T11:23:07.925208+00:00,_O6ICkmg1Zg,22,0,0,11777,11799,307,307,10,10,False,False,False,False
2026-05-14T11:23:07.925208+00:00,Zqmsoqo2fJs,24,0,0,5100,5124,245,245,5,5,False,False,False,False
2026-05-14T11:23:07.925208+00:00,2FdfXwODkr4,17,0,0,26809,26826,622,622,11,11,False,False,False,False
2026-05-14T11:23:07.925208+00:00,HgD5P0gQxOk,14,0,0,12429,12443,286,286,5,5,False,False,False,False
2026-05-14T11:23:07.925208+00:00,woNfdYrmVGw,10,0,0,10943,10953,352,352,3,3,False,False,False,False
2026-05-14T11:23:07.925208+00:00,sujVZ7316qo,21,0,0,17609,17630,470,470,7,7,False,False,False,False
2026-05-14T11:23:07.925208+00:00,vcL1MMmXeO8,18,0,0,10635,10653,231,231,6,6,False,False,False,False
2026-05-14T11:23:07.925208+00:00,T7_l896OH20,3975,288,32,329080,333055,32954,33242,4619,4651,False,False,False,False
2026-05-14T11:23:07.925208+00:00,0SSctcuOy0o,91,5,0,24727,24818,1854,1859,86,86,False,False,False,False
2026-05-14T11:23:07.925208+00:00,-IhdnUzV64Y,1298,60,9,179359,180657,12283,12343,921,930,False,False,False,False
2026-05-14T11:23:07.925208+00:00,4RmcHqjzw-A,25,0,0,12376,12401,1089,1089,307,307,False,False,False,False
2026-05-14T11:23:07.925208+00:00,er7v-GJj_V0,9663,404,18,612716,622379,38123,38527,2038,2056,False,False,False,False
2026-05-14T11:23:07.925208+00:00,-pNi4dh7VFo,2902,151,3,403964,406866,23683,23834,406,409,False,False,False,False
2026-05-14T11:23:07.925208+00:00,EXOQ7vN2NXk,525,13,0,27307,27832,1220,1233,102,102,False,False,False,False
2026-05-14T11:23:07.925208+00:00,L7fVqlOzegQ,61,1,0,62431,62492,2978,2979,159,159,False,False,False,False
2026-05-14T11:23:07.925208+00:00,DWt3zfqtI6g,135,7,1,15164,15299,463,470,10,11,False,False,False,False
2026-05-14T11:23:07.925208+00:00,pVwkpXd5PCA,97,5,0,18072,18169,460,465,9,9,False,False,False,False
2026-05-14T11:23:07.925208+00:00,LLK879SXq_w,9924,91,16,286756,296680,4589,4680,844,860,False,False,False,False
2026-05-14T11:23:07.925208+00:00,VvBy9AkhR2w,18,0,0,5631,5649,194,194,3,3,False,False,False,False
2026-05-14T11:23:07.925208+00:00,ax0ogeQpq3E,19,-1,0,17971,17990,809,808,21,21,False,False,False,False
2026-05-14T11:23:07.925208+00:00,H1fy1Brpa3Q,14,0,0,9337,9351,486,486,18,18,False,False,False,False
2026-05-14T11:23:07.925208+00:00,erf6YdpSakA,10,0,0,12207,12217,405,405,5,5,False,False,False,False
2026-05-14T11:23:07.925208+00:00,RNi5EAKHQ_I,12,1,0,4527,4539,128,129,4,4,False,False,False,False
2026-05-14T11:23:07.925208+00:00,oqoBSeL5GIU,1065,8,1,307876,308941,11595,11603,635,636,False,False,False,False
2026-05-14T11:23:07.925208+00:00,PnpHwhTWw0c,56785,635,34,1769421,1826206,34053,34688,2910,2944,False,False,False,False
2026-05-14T11:23:07.925208+00:00,tUmd3tWCDKs,2884,48,2,165781,168665,3885,3933,181,183,False,False,False,False
2026-05-14T11:23:07.925208+00:00,8hN5PF2oXGs,829,6,0,195818,196647,5269,5275,84,84,False,False,False,False
2026-05-14T11:23:07.925208+00:00,3OUrr_2UCYs,2612,75,2,970765,973377,24408,24483,710,712,False,False,False,False
2026-05-14T11:23:07.925208+00:00,m-nnyNZ0TQ0,70821,1100,51,2292557,2363378,45555,46655,2883,2934,False,False,False,False
2026-05-14T11:23:07.925208+00:00,cdOcjUyQr8A,764,14,0,199468,200232,8387,8401,179,179,False,False,False,False
2026-05-14T11:23:07.925208+00:00,XsY6iChNzf0,96289,1447,4,1322528,1418817,37239,38686,302,306,False,False,False,False
2026-05-14T11:23:07.925208+00:00,VsLOWe6VuyQ,1973,35,-11,749240,751213,20262,20297,1185,1174,False,False,False,False
2026-05-14T11:23:07.925208+00:00,3era1_feC3U,22337,318,3,1104042,1126379,30246,30564,231,234,False,False,False,False
2026-05-14T11:23:07.925208+00:00,XFpBgNMBNNI,1265,33,0,347642,348907,14625,14658,804,804,False,False,False,False
2026-05-14T11:23:07.925208+00:00,BdUzhVM5w1U,26131,290,1,2647258,2673389,69840,70130,634,635,False,False,False,False
2026-05-14T11:23:07.925208+00:00,ERWIJPTNZVM,34700,901,29,1282978,1317678,42608,43509,1633,1662,False,False,False,False
2026-05-14T11:23:07.925208+00:00,PoHZWjU54jY,75229,1903,13,2528850,2604079,86507,88410,621,634,False,False,False,False
2026-05-14T11:23:07.925208+00:00,DSRfs1qKWR0,6407,134,11,480016,486423,14402,14536,943,954,False,False,False,False
2026-05-14T11:23:07.925208+00:00,GXeBi91SkIw,16932,530,12,719042,735974,29384,29914,1845,1857,False,False,False,False
2026-05-14T11:23:07.925208+00:00,YPboGQjMxNY,8374,118,0,339067,347441,7696,7814,148,148,False,False,False,False
2026-05-14T11:23:07.925208+00:00,F1gM7N-WXdU,6021,123,2,407838,413859,13928,14051,953,955,False,False,False,False
2026-05-14T11:23:07.925208+00:00,8QsAx7s9PmQ,18226,204,5,1422396,1440622,34446,34650,461,466,False,False,False,False
2026-05-14T11:23:07.925208+00:00,9QKOkpu78CQ,778,71,2,100270,101048,7937,8008,133,135,False,False,False,False
2026-05-14T11:23:07.925208+00:00,rc-xQnupse0,6293,56,4,524027,530320,14348,14404,655,659,False,False,False,False
2026-05-14T11:23:07.925208+00:00,z-7AhJ55htQ,514,5,0,413007,413521,13434,13439,868,868,False,False,False,False
2026-05-14T11:23:07.925208+00:00,B18aH00d8oE,523,12,0,284260,284783,12343,12355,767,767,False,False,False,False
2026-05-14T11:23:07.925208+00:00,2JhSWzxzLXA,2177,27,27,215502,217679,8201,8228,600,627,False,False,False,False
2026-05-14T11:23:07.925208+00:00,z7Qp9Q_Br88,51276,2646,46,814223,865499,42441,45087,997,1043,False,False,False,False
2026-05-14T11:23:07.925208+00:00,FZbMPtLRr00,8262,223,4,613037,621299,22954,23177,895,899,False,False,False,False
2026-05-14T11:23:07.925208+00:00,dl0-TveDDGA,36414,1095,30,2033473,2069887,95163,96258,3527,3557,False,False,False,False
2026-05-14T11:23:07.925208+00:00,FYMdllTCrc0,16010,451,12,934075,950085,30675,31126,1028,1040,False,False,False,False
2026-05-14T11:23:07.925208+00:00,Su0aCV35IFM,160199,3478,26,6224090,6384289,233466,236944,2006,2032,False,False,False,False
2026-05-14T11:23:07.925208+00:00,pUlUgkaTQZg,137021,4345,29,2199062,2336083,103611,107956,1105,1134,False,False,False,False
2026-05-14T11:23:07.925208+00:00,dNNyCZwEa6k,56964,2553,34,2656099,2713063,172552,175105,1943,1977,False,False,False,False
2026-05-14T11:23:07.925208+00:00,vgwG6e9TFcw,84343,3383,40,1765236,1849579,88897,92280,1384,1424,False,False,False,False
2026-05-14T11:23:07.925208+00:00,Cr7oGnSzmb4,140498,4481,20,2518308,2658806,117772,122253,636,656,False,False,False,False
2026-05-14T11:23:07.925208+00:00,XeN7wKfDOPk,502,17,0,163703,164205,9425,9442,1593,1593,False,False,False,False
2026-05-14T11:23:07.925208+00:00,Ff0AYRWrnGY,510,28,1,195238,195748,12286,12314,2713,2714,False,False,False,False
2026-05-14T11:23:07.925208+00:00,U4gpio58908,550,15,2,241092,241642,12346,12361,1434,1436,False,False,False,False
2026-05-14T11:23:07.925208+00:00,WEnvorobhEE,1445,43,2,703988,705433,33894,33937,8209,8211,False,False,False,False
2026-05-14T11:23:07.925208+00:00,kH_bSvf7EVA,7617,222,26,540264,547881,23876,24098,3283,3309,False,False,False,False
2026-05-14T11:23:07.925208+00:00,QfUb5MEAOXA,5429,102,8,656430,661859,20139,20241,1483,1491,False,False,False,False
2026-05-14T11:23:07.925208+00:00,J7ieKmP96Hc,7368,145,3,941352,948720,29845,29990,1120,1123,False,False,False,False
2026-05-14T11:23:07.925208+00:00,NuoEsHIW5JA,476,18,-2,92573,93049,3443,3461,138,136,False,False,False,False
2026-05-14T11:23:07.925208+00:00,Cd5EHfRerGI,1674,94,5,225598,227272,16538,16632,2108,2113,False,False,False,False
2026-05-14T11:23:07.925208+00:00,IBBboS2nK3c,5,1,0,3938,3943,121,122,3,3,False,False,False,False
2026-05-14T11:23:07.925208+00:00,iS1jGgfO9Z0,8,0,0,6301,6309,418,418,5,5,False,False,False,False
2026-05-14T11:23:07.925208+00:00,0dwlHNDdn2s,33,2,0,14717,14750,730,732,4,4,False,False,False,False
2026-05-14T11:23:07.925208+00:00,if955Z_s4Ts,10440,135,3,378275,388715,7937,8072,69,72,False,False,False,False
2026-05-14T11:23:07.925208+00:00,1VSBgPn28zA,2332,77,0,137505,139837,6641,6718,41,41,False,False,False,False
2026-05-14T11:23:07.925208+00:00,_dASAu79K0s,58,4,0,35908,35966,2243,2247,19,19,False,False,False,False
2026-05-14T11:23:07.925208+00:00,Hs6RxFMX1i4,48,0,0,23431,23479,948,948,15,15,False,False,False,False
2026-05-14T11:23:07.925208+00:00,cnCEUFzWspI,64,3,0,46463,46527,1346,1349,6,6,False,False,False,False
2026-05-14T11:23:07.925208+00:00,kLJNcHqVmJA,416,22,0,14531,14947,712,734,26,26,False,False,False,False
2026-05-14T11:23:07.925208+00:00,UWRxdKxuOb8,7,-1,0,15749,15756,1043,1042,18,18,False,False,False,False
2026-05-14T11:23:07.925208+00:00,kXenRXelpKs,601,29,0,54718,55319,2789,2818,29,29,False,False,False,False
2026-05-14T11:23:07.925208+00:00,VVfMO6SJZLw,913,27,6,41774,42687,1973,2000,190,196,False,False,False,False
2026-05-14T11:23:07.925208+00:00,ieJE93iObcI,79,1,0,3843,3922,213,214,13,13,False,False,False,False
2026-05-14T11:23:07.925208+00:00,YhNUPGphSM8,6981,205,11,141639,148620,8539,8744,343,354,False,False,False,False
2026-05-14T11:23:07.925208+00:00,CF4oRpaLSqw,134,3,0,7106,7240,292,295,9,9,False,False,False,False
2026-05-14T11:23:07.925208+00:00,RVu1kgj-miw,4,0,0,10395,10399,667,667,46,46,False,False,False,False
2026-05-14T11:23:07.925208+00:00,_QHAqfILwPk,23,0,0,3905,3928,90,90,1,1,False,False,False,False
2026-05-14T11:23:07.925208+00:00,o8YcWD2ri9U,1320,54,11,77467,78787,4864,4918,552,563,False,False,False,False
2026-05-14T11:23:07.925208+00:00,sncgYGQt1T8,13,1,0,9723,9736,393,394,12,12,False,False,False,False
2026-05-14T11:23:07.925208+00:00,67JREKwyixk,6,0,0,9014,9020,258,258,2,2,False,False,False,False
2026-05-14T11:23:07.925208+00:00,D3h2gmgCBFg,0,1,0,2274,2274,83,84,1,1,False,False,False,False
2026-05-14T11:23:07.925208+00:00,Um1DSnUqmko,25,1,0,11639,11664,303,304,1,1,False,False,False,False
2026-05-14T11:23:07.925208+00:00,HVPhcOmSMtM,344,5,0,20637,20981,558,563,62,62,False,False,False,False
2026-05-14T11:23:07.925208+00:00,TAJkbsNrZuM,1,0,0,974,975,52,52,0,0,False,False,False,False
2026-05-14T11:23:07.925208+00:00,GfSGy5C1OIA,104,1,0,18221,18325,842,843,8,8,False,False,False,False
2026-05-14T11:23:07.925208+00:00,9oVPXnEkegY,4243,113,6,61617,65860,2140,2253,250,256,False,False,False,False
2026-05-14T11:23:07.925208+00:00,51dULrDA8E8,75,2,0,18523,18598,1434,1436,19,19,False,False,False,False
2026-05-14T11:23:07.925208+00:00,AYIqxqyY-es,33,1,0,5237,5270,447,448,87,87,False,False,False,False
2026-05-14T11:23:07.925208+00:00,qey62i2fvg0,1765,27,1,76657,78422,1953,1980,33,34,False,False,False,False
2026-05-14T11:23:07.925208+00:00,5fKeNMp7F6s,76,2,0,27755,27831,670,672,5,5,False,False,False,False
2026-05-14T11:23:07.925208+00:00,a9T6IRpz31E,45400,1850,40,1066955,1112355,37553,39403,1330,1370,False,False,False,False
2026-05-14T11:23:07.925208+00:00,ZAmCJoz4c4w,4197,63,0,532667,536864,11712,11775,229,229,False,False,False,False
2026-05-14T11:23:07.925208+00:00,s6XPoPYDn-Y,38155,1074,12,1442458,1480613,42878,43952,444,456,False,False,False,False
2026-05-14T11:23:07.925208+00:00,PQOKPfU-zIs,3,0,0,3898,3901,225,225,4,4,False,False,False,False
2026-05-14T11:23:07.925208+00:00,7A5KHuRU8BE,2,1,0,3428,3430,179,180,7,7,False,False,False,False
2026-05-14T11:23:07.925208+00:00,AMpe2jD0lZw,4,0,0,5818,5822,393,393,3,3,False,False,False,False
2026-05-14T11:23:07.925208+00:00,yawQxLw0K08,4,0,0,7211,7215,666,666,4,4,False,False,False,False
2026-05-14T11:23:07.925208+00:00,mT-7tbs7rVw,4,1,0,17755,17759,1022,1023,20,20,False,False,False,False
2026-05-14T11:23:07.925208+00:00,8mnzaIML2AM,2,0,0,2709,2711,206,206,4,4,False,False,False,False
2026-05-14T11:23:07.925208+00:00,XoY4BiK1WW8,2,0,0,5063,5065,211,211,3,3,False,False,False,False
2026-05-14T11:23:07.925208+00:00,_SdzVNht_nU,733,40,1,14543,15276,942,982,37,38,False,False,False,False
2026-05-14T11:23:07.925208+00:00,1t2Yd_bmg_k,2,0,0,9407,9409,561,561,5,5,False,False,False,False
2026-05-14T11:23:07.925208+00:00,MlSS4ZqvJuA,170,8,1,29249,29419,1697,1705,38,39,False,False,False,False
2026-05-14T11:23:07.925208+00:00,BnAKfe0qGbE,52,1,0,13288,13340,931,932,6,6,False,False,False,False
2026-05-14T11:23:07.925208+00:00,TLdMXZSABH8,60,0,0,11684,11744,462,462,25,25,False,False,False,False
2026-05-14T11:23:07.925208+00:00,R1iBWKeX42I,25,-1,0,5374,5399,418,417,6,6,False,False,False,False
2026-05-14T11:23:07.925208+00:00,v3JV42WbomE,357,14,0,30967,31324,1407,1421,76,76,False,False,False,False
2026-05-14T11:23:07.925208+00:00,sqXsMACtso0,143,1,0,28450,28593,2656,2657,44,44,False,False,False,False
2026-05-14T11:23:07.925208+00:00,RWGr8LwG3TY,2425,194,6,143127,145552,9815,10009,821,827,False,False,False,False
2026-05-14T11:23:07.925208+00:00,_jxLMMcKmRQ,3013,114,0,388569,391582,23571,23685,94,94,False,False,False,False
2026-05-14T11:23:07.925208+00:00,yzajLZXh9JU,307,13,2,43776,44083,2454,2467,205,207,False,False,False,False
2026-05-14T11:23:07.925208+00:00,FdFgh2vQp8I,2,0,0,905,907,27,27,0,0,False,False,False,False
2026-05-14T11:23:07.925208+00:00,Jr9Xm5f44NQ,175,8,0,15384,15559,833,841,17,17,False,False,False,False
2026-05-14T11:23:07.925208+00:00,Ju0usucry_g,136,3,0,22870,23006,378,381,17,17,False,False,False,False
2026-05-14T11:23:07.925208+00:00,kkQDCTCcgC0,26,1,0,4690,4716,328,329,5,5,False,False,False,False
2026-05-14T11:23:07.925208+00:00,61fk5yAs7Jw,12,0,0,4907,4919,278,278,0,0,False,False,False,False
2026-05-14T11:23:07.925208+00:00,ys1zQyiLrMc,14,1,0,7398,7412,370,371,3,3,False,False,False,False
2026-05-14T11:23:07.925208+00:00,rYKQ0Ukxe6k,89,5,0,20967,21056,849,854,36,36,False,False,False,False
2026-05-14T11:23:07.925208+00:00,fKtG9uPeMCc,1221,108,12,53834,55055,4003,4111,389,401,False,False,False,False
2026-05-14T11:23:07.925208+00:00,yy_J5fdELm0,6021,293,49,146255,152276,9335,9628,2311,2360,False,False,False,False
2026-05-14T11:23:07.925208+00:00,nnKkk3CpLes,868,26,1,79853,80721,3754,3780,375,376,False,False,False,False
2026-05-14T11:23:07.925208+00:00,oOLYgK6RqS4,57,3,1,4510,4567,522,525,113,114,False,False,False,False
2026-05-14T11:23:07.925208+00:00,5YKhtb3DNNo,12697,771,40,839514,852211,66881,67652,6540,6580,False,False,False,False
2026-05-14T11:23:07.925208+00:00,MWrMtRjLhjk,479,20,0,206711,207190,13406,13426,1227,1227,False,False,False,False
2026-05-14T11:23:07.925208+00:00,ndkH5fZSIvs,9251,315,2,1056827,1066078,59697,60012,395,397,False,False,False,False
2026-05-14T11:23:07.925208+00:00,8fIRAhGGRgA,4729,145,0,298265,302994,13980,14125,278,278,False,False,False,False
2026-05-14T11:23:07.925208+00:00,pS5AOr4B7hg,16,0,0,3467,3483,176,176,3,3,False,False,False,False
2026-05-14T11:23:07.925208+00:00,6XxQMeqG1P4,171,2,0,34199,34370,1320,1322,216,216,False,False,False,False
2026-05-14T11:23:07.925208+00:00,n1G2FQ0UEqc,1073,13,4,74601,75674,2025,2038,99,103,False,False,False,False
2026-05-14T11:23:07.925208+00:00,NAooB35YkHA,34,2,0,5767,5801,232,234,10,10,False,False,False,False
2026-05-14T11:23:07.925208+00:00,CzIJ566XexE,34,2,0,12536,12570,447,449,3,3,False,False,False,False
2026-05-14T11:23:07.925208+00:00,eOI7WQIEX1Y,21563,876,48,1872941,1894504,97122,97998,8225,8273,False,False,False,False
2026-05-14T11:23:07.925208+00:00,Rvy2kXZpBtM,3112,43,2,55228,58340,1234,1277,18,20,False,False,False,False
2026-05-14T11:23:07.925208+00:00,oOCN30ulVyo,7662,204,6,250690,258352,9021,9225,459,465,False,False,False,False
2026-05-14T11:23:07.925208+00:00,SvLaz6y-mhs,31,1,0,25250,25281,633,634,7,7,False,False,False,False
2026-05-14T11:23:07.925208+00:00,dU5sDKcwN9E,19627,859,10,507814,527441,24424,25283,316,326,False,False,False,False
2026-05-14T11:23:07.925208+00:00,4at2bVIhLgc,27862,546,5,794110,821972,24100,24646,954,959,False,False,False,False
2026-05-14T11:23:07.925208+00:00,iBpxQpktHN4,62577,778,3,2290445,2353022,59828,60606,366,369,False,False,False,False
2026-05-14T11:23:07.925208+00:00,mbGPgjXCx24,1417,14,1,295219,296636,11376,11390,771,772,False,False,False,False
2026-05-14T11:23:07.925208+00:00,-uUlnDjQxhg,1797,37,2,396305,398102,14454,14491,961,963,False,False,False,False
2026-05-14T11:23:07.925208+00:00,sj1y9FDJKCM,916,42,0,68596,69512,3686,3728,189,189,False,False,False,False
2026-05-14T11:23:07.925208+00:00,ND9eyW5Fw0s,345,22,1,42642,42987,4217,4239,892,893,False,False,False,False
2026-05-14T11:23:07.925208+00:00,JWOErbTL9N4,7453,345,20,623563,631016,26073,26418,1462,1482,False,False,False,False
2026-05-14T11:23:07.925208+00:00,HyWpbCUdCr8,7,0,0,6252,6259,270,270,5,5,False,False,False,False
2026-05-14T11:23:07.925208+00:00,IldLswg2yAM,4945,117,4,50071,55016,1269,1386,90,94,False,False,False,False
2026-05-14T11:23:07.925208+00:00,siKdeoxrxIA,75,7,0,18508,18583,844,851,24,24,False,False,False,False
2026-05-14T11:23:07.925208+00:00,shgZ8WYcC6k,86,-2,0,25141,25227,1641,1639,10,10,False,False,False,False
2026-05-14T11:23:07.925208+00:00,9VyCOVdFpL8,171,3,0,140445,140616,3784,3787,22,22,False,False,False,False
2026-05-14T11:23:07.925208+00:00,uHXjo7DUAAM,61,1,0,14899,14960,697,698,7,7,False,False,False,False
2026-05-14T11:23:07.925208+00:00,lE7rIBv-nV8,56,0,0,18460,18516,606,606,4,4,False,False,False,False
2026-05-14T11:23:07.925208+00:00,Lnhy0tZ8SUI,87,0,0,60972,61059,2293,2293,7,7,False,False,False,False
2026-05-14T11:23:07.925208+00:00,lWQY5zccbQs,57,0,0,25891,25948,906,906,38,38,False,False,False,False
2026-05-14T11:23:07.925208+00:00,hCNT8hK1T98,2,0,0,1226,1228,52,52,0,0,False,False,False,False
2026-05-14T11:23:07.925208+00:00,I66LDF9iWts,0,0,0,117,117,11,11,0,0,False,False,False,False
2026-05-14T11:23:07.925208+00:00,xAJcbx5h6wE,11,-1,0,2882,2893,75,74,0,0,False,False,False,False
2026-05-14T11:23:07.925208+00:00,96k8OXI58Ko,1,0,0,2059,2060,184,184,4,4,False,False,False,False
2026-05-14T11:23:07.925208+00:00,FHeTJmwxo5s,1,0,0,1621,1622,153,153,2,2,False,False,False,False
2026-05-14T11:23:07.925208+00:00,Vd3Pkc0YGrM,1,0,0,9096,9097,354,354,1,1,False,False,False,False
2026-05-14T11:23:07.925208+00:00,_BhjwaNE8mc,6,0,0,7629,7635,862,862,17,17,False,False,False,False
2026-05-14T11:23:07.925208+00:00,Qyf99inRvDE,22,1,0,3364,3386,179,180,1,1,False,False,False,False
2026-05-14T11:23:07.925208+00:00,XjAeQOmdNFU,129,3,0,23331,23460,740,743,32,32,False,False,False,False
2026-05-14T11:23:07.925208+00:00,UPYFbiBv8H4,19,0,0,1485,1504,108,108,3,3,False,False,False,False
2026-05-14T11:23:07.925208+00:00,_XyunBBcVXY,0,0,0,553,553,21,21,10,10,False,False,False,False
2026-05-14T11:23:07.925208+00:00,pGGJHrxn1VU,14,0,0,22347,22361,790,790,0,0,False,False,False,False
2026-05-14T11:23:07.925208+00:00,fwUWAoSeg2g,14427,259,14,347415,361842,9265,9524,843,857,False,False,False,False
2026-05-14T11:23:07.925208+00:00,Xbang1Y_jbA,195,4,0,21489,21684,568,572,5,5,False,False,False,False
2026-05-14T11:23:07.925208+00:00,bM3ojc2bhdA,83,9,1,2789,2872,381,390,35,36,False,False,False,False
2026-05-14T11:23:07.925208+00:00,2gFNJ6_ogzg,2657,69,6,86157,88814,3962,4031,240,246,False,False,False,False
2026-05-14T11:23:07.925208+00:00,jcfifYFAdpM,87,7,0,8720,8807,1082,1089,38,38,False,False,False,False
2026-05-14T11:23:07.925208+00:00,6q2ptE-BXIc,72,5,0,2326,2398,228,233,15,15,False,False,False,False
2026-05-14T11:23:07.925208+00:00,aqIgIWIc3uw,622,7,1,20796,21418,1100,1107,60,61,False,False,False,False
2026-05-14T11:23:07.925208+00:00,wJOakc64crg,796,19,4,83372,84168,4434,4453,968,972,False,False,False,False
2026-05-14T11:23:07.925208+00:00,j584RpaMrDg,4,0,0,4526,4530,132,132,4,4,False,False,False,False
2026-05-14T11:23:07.925208+00:00,Cql6TAdpPDU,2544,46,1,103060,105604,3578,3624,189,190,False,False,False,False
2026-05-14T11:23:07.925208+00:00,H_i8nh8uBco,14,0,0,8610,8624,232,232,6,6,False,False,False,False
2026-05-14T11:23:07.925208+00:00,stk7f11pyr8,31,0,0,8703,8734,82,82,11,11,False,False,False,False
2026-05-14T11:23:07.925208+00:00,A83vXatD6sY,46,4,0,10993,11039,228,232,6,6,False,False,False,False
2026-05-14T11:23:07.925208+00:00,qGDMB-PryIU,161,7,0,36924,37085,673,680,40,40,False,False,False,False
2026-05-14T11:23:07.925208+00:00,Q4zggacUY6E,3,0,0,4042,4045,89,89,1,1,False,False,False,False
2026-05-14T11:23:07.925208+00:00,YfEz4a39qS0,2,0,0,1472,1474,47,47,0,0,False,False,False,False
2026-05-14T11:23:07.925208+00:00,xL5gZGVPjnQ,37,3,0,1430,1467,150,153,44,44,False,False,False,False
2026-05-14T11:23:07.925208+00:00,oj3-hWAf1uQ,899,34,0,50740,51639,2611,2645,24,24,False,False,False,False
2026-05-14T11:23:07.925208+00:00,1HWpBvWbexU,16,0,0,2068,2084,59,59,1,1,False,False,False,False
2026-05-14T11:23:07.925208+00:00,sbzsqNJuZvg,383,2,0,70560,70943,1508,1510,17,17,False,False,False,False
2026-05-14T11:23:07.925208+00:00,xhCLLakHBa8,168,3,0,63110,63278,2159,2162,42,42,False,False,False,False
2026-05-14T11:23:07.925208+00:00,JrGlAw_Q7ow,465,17,0,175373,175838,5671,5688,89,89,False,False,False,False
2026-05-14T11:23:07.925208+00:00,LkRVMOzUypo,81,0,3,13197,13278,521,521,5,8,False,False,False,False
2026-05-14T11:23:07.925208+00:00,lWj_3TE2UsE,93,2,1,14306,14399,606,608,8,9,False,False,False,False
2026-05-14T11:23:07.925208+00:00,nbHMeopNtDg,75,1,0,21784,21859,683,684,11,11,False,False,False,False
2026-05-14T11:23:07.925208+00:00,HeY4a7uDlkg,180,6,0,61866,62046,2190,2196,18,18,False,False,False,False
2026-05-14T11:23:07.925208+00:00,0DB_Qj43O6Q,5424,240,1,91781,97205,4605,4845,33,34,False,False,False,False
2026-05-14T11:23:07.925208+00:00,xjcVnFd-4YA,7390,123,6,1626885,1634275,42615,42738,2219,2225,False,False,False,False
2026-05-14T11:23:07.925208+00:00,7Y7Iv5XAXwI,33762,401,1,2310664,2344426,41853,42254,809,810,False,False,False,False
2026-05-14T11:23:07.925208+00:00,0y8vRPcSvbw,83958,1476,13,2457105,2541063,59352,60828,1134,1147,False,False,False,False
2026-05-14T11:23:07.925208+00:00,tkLxg6h07aE,36679,457,72,1119105,1155784,15064,15521,3615,3687,False,False,False,False
2026-05-14T11:23:07.925208+00:00,wN3O2GSvoWE,153,4,0,14547,14700,308,312,15,15,False,False,False,False
2026-05-14T11:23:07.925208+00:00,dG7UGA71QJU,2,-1,0,1757,1759,72,71,0,0,False,False,False,False
2026-05-14T11:23:07.925208+00:00,xpf49h0tGvI,1,0,0,147,148,16,16,0,0,False,False,False,False
2026-05-14T11:23:07.925208+00:00,-OmU9HqUNZ0,2,-1,0,1504,1506,61,60,0,0,False,False,False,False
2026-05-14T11:23:07.925208+00:00,KppJdbUvqp8,2,0,0,6337,6339,726,726,8,8,False,False,False,False
2026-05-14T11:23:07.925208+00:00,MnlZeYcfowk,4,0,0,3863,3867,402,402,2,2,False,False,False,False
2026-05-14T11:23:07.925208+00:00,LQd65ctML6o,1,0,0,5254,5255,583,583,5,5,False,False,False,False
2026-05-14T11:23:07.925208+00:00,QLnHGjCD-Vw,12,0,0,5230,5242,400,400,12,12,False,False,False,False
2026-05-14T11:23:07.925208+00:00,TOKUlItJpY4,3,0,0,7985,7988,219,219,5,5,False,False,False,False
2026-05-14T11:23:07.925208+00:00,DBWMP58IOcw,10,0,0,11843,11853,936,936,24,24,False,False,False,False
2026-05-14T11:23:07.925208+00:00,Qf1PdYlk_9A,2,0,0,2900,2902,188,188,9,9,False,False,False,False
2026-05-14T11:23:07.925208+00:00,1c8cpHNlIb8,1,0,0,3845,3846,406,406,5,5,False,False,False,False
2026-05-14T11:23:07.925208+00:00,-ZL_mpjxaUo,0,0,0,5108,5108,492,492,4,4,False,False,False,False
2026-05-14T11:23:07.925208+00:00,zzsUsCRoGcI,5,0,0,2682,2687,336,336,4,4,False,False,False,False
2026-05-14T11:23:07.925208+00:00,DerWppSGkmE,32,2,0,10445,10477,734,736,21,21,False,False,False,False
2026-05-14T11:23:07.925208+00:00,lk7HWLeXjS4,737,31,2,66461,67198,2462,2493,176,178,False,False,False,False
2026-05-14T11:23:07.925208+00:00,7PY7jbupwSg,23,1,0,9310,9333,407,408,9,9,False,False,False,False
2026-05-14T11:23:07.925208+00:00,nWfp_X31vqk,271,8,1,18121,18392,852,860,39,40,False,False,False,False
2026-05-14T11:23:07.925208+00:00,WwEyLRmGU9g,1404,63,2,74401,75805,5202,5265,176,178,False,False,False,False
2026-05-14T11:23:07.925208+00:00,nVHr2D6tnA4,3074,166,1,188606,191680,13205,13371,163,164,False,False,False,False
2026-05-14T11:23:07.925208+00:00,UDiJI3q9wFQ,359,15,0,36549,36908,1607,1622,59,59,False,False,False,False
2026-05-14T11:23:07.925208+00:00,ksn5yrsC3Wg,132013,2827,171,5591167,5723180,168203,171030,9822,9993,False,True,False,False
2026-05-14T11:23:07.925208+00:00,jytAQWCc_TI,3645,125,6,310251,313896,16847,16972,1145,1151,False,False,False,False
2026-05-14T11:23:07.925208+00:00,-1Fhry-Mqks,11307,441,29,280188,291495,14375,14816,720,749,False,False,False,False
2026-05-14T11:23:07.925208+00:00,eRD2C7w9r6Y,12234,790,30,285331,297565,21368,22158,898,928,False,False,False,False
2026-05-14T11:23:07.925208+00:00,X8ekpP_cQa8,0,0,0,817,817,26,26,0,0,False,False,False,False
2026-05-14T11:23:07.925208+00:00,i7eGzJCQ1Yg,0,0,0,824,824,24,24,2,2,False,False,False,False
2026-05-14T11:23:07.925208+00:00,GZ9itUCDrac,0,0,0,328,328,10,10,1,1,False,False,False,False
2026-05-14T11:23:07.925208+00:00,WB1bBLedJQ4,175,3,0,24762,24937,524,527,2,2,False,False,False,False
2026-05-14T11:23:07.925208+00:00,f2fDaAMvlV4,22,-1,0,12438,12460,431,430,2,2,False,False,False,False
2026-05-14T11:23:07.925208+00:00,KztyymfW3Dg,174,4,0,29778,29952,992,996,10,10,False,False,False,False
2026-05-14T11:23:07.925208+00:00,KKq5yX8mrw0,193,3,0,13402,13595,302,305,3,3,False,False,False,False
2026-05-14T11:23:07.925208+00:00,4uRgDr5maYo,56,-2,0,16034,16090,692,690,20,20,False,False,False,False
2026-05-14T11:23:07.925208+00:00,NDF3VSFbxAU,26,0,0,11125,11151,266,266,5,5,False,False,False,False
2026-05-14T11:23:07.925208+00:00,oixqYBAPwXA,567,21,0,30905,31472,1273,1294,31,31,False,False,False,False
2026-05-14T11:23:07.925208+00:00,KKwxanUOAd4,1178,78,2,70519,71697,5020,5098,464,466,False,False,False,False
2026-05-14T11:23:07.925208+00:00,LKxIrZFhONI,3230,127,6,96504,99734,5775,5902,269,275,False,False,False,False
2026-05-14T11:23:07.925208+00:00,mDh52QTqR0o,2587,63,9,291148,293735,14036,14099,720,729,False,False,False,False
2026-05-14T11:23:07.925208+00:00,IrGd4xIhTN0,17610,620,225,632942,650552,35486,36106,9624,9849,False,False,False,False
2026-05-14T11:23:07.925208+00:00,M_iusAv-K8Y,6,0,0,1661,1667,23,23,14,14,False,False,False,False
2026-05-14T11:23:07.925208+00:00,CE6tiT3Q6c4,766,23,2,58840,59606,3126,3149,536,538,False,False,False,False
2026-05-14T11:23:07.925208+00:00,iaT6-gjxQbo,37,6,0,2690,2727,270,276,4,4,False,False,False,False
2026-05-14T11:23:07.925208+00:00,TRVnxUYQAmI,908,37,-1,216764,217672,17199,17236,997,996,False,False,False,False
2026-05-14T11:23:07.925208+00:00,oRVJREzko-M,4829,214,0,641992,646821,38176,38390,458,458,False,False,False,False
2026-05-14T11:23:07.925208+00:00,ExlWYbISs6I,16179,467,3,675960,692139,30341,30808,389,392,False,False,False,False
2026-05-14T11:23:07.925208+00:00,yXl7MRLoxrM,41,1,0,9071,9112,409,410,35,35,False,False,False,False
2026-05-14T11:23:07.925208+00:00,WOTUpoI2LQA,153468,4122,68,3861698,4015166,174938,179060,3389,3457,False,False,False,False
2026-05-14T11:23:07.925208+00:00,YR-4vFbwe18,1434,40,2,43272,44706,1876,1916,93,95,False,False,False,False
2026-05-14T11:23:07.925208+00:00,fpkC4nn2D60,6,0,0,6636,6642,481,481,43,43,False,False,False,False
2026-05-14T11:23:07.925208+00:00,AU6gGMDF7ts,8,1,0,8106,8114,796,797,60,60,False,False,False,False
2026-05-14T11:23:07.925208+00:00,2FFoc89SAj0,18,0,0,4124,4142,162,162,12,12,False,False,False,False
2026-05-14T11:23:07.925208+00:00,iTOXHp4c1YE,258,9,0,142210,142468,3477,3486,27,27,False,False,False,False
2026-05-14T11:23:07.925208+00:00,gEUMAljLr78,6405,308,12,128173,134578,9436,9744,796,808,False,False,False,False
2026-05-14T11:23:07.925208+00:00,t9_dqoKfqLo,23,0,0,20993,21016,634,634,17,17,False,False,False,False
2026-05-14T11:23:07.925208+00:00,eGmGoahyI-U,618,25,0,19125,19743,925,950,58,58,False,False,False,False
2026-05-14T11:23:07.925208+00:00,YD2iT-SCJb0,21,0,0,6957,6978,135,135,6,6,False,False,False,False
2026-05-14T11:23:07.925208+00:00,jLFG_FZKbks,100076,1307,132,1503377,1603453,26700,28007,2717,2849,False,False,False,False
2026-05-14T11:23:07.925208+00:00,6r-qlEX6hGY,1308,9,0,183909,185217,4055,4064,458,458,False,False,False,False
2026-05-14T11:23:07.925208+00:00,jKTNMlUEdgU,31012,500,-7,1418955,1449967,30014,30514,241,234,False,False,False,False
2026-05-14T11:23:07.925208+00:00,tVpky2riji0,4596,39,5,356114,360710,12280,12319,320,325,False,False,False,False
2026-05-14T11:23:07.925208+00:00,jAaw0vn7eLs,16155,1444,17,305068,321223,25865,27309,446,463,False,False,False,False
2026-05-14T11:23:07.925208+00:00,pG99B0ui06s,39494,1420,9,2028411,2067905,92904,94324,549,558,False,False,False,False
2026-05-14T11:23:07.925208+00:00,k30WHO9_ppU,8,0,0,7858,7866,283,283,5,5,False,False,False,False
2026-05-14T11:23:07.925208+00:00,sGEEHGc7eyo,7,1,0,6941,6948,230,231,6,6,False,False,False,False
2026-05-14T11:23:07.925208+00:00,gzjXoJoWgjs,6020,78,57,147641,153661,2621,2699,653,710,False,False,False,False
2026-05-14T11:23:07.925208+00:00,fgasMQ6UWPY,4,0,0,5016,5020,224,224,12,12,False,False,False,False
2026-05-14T11:23:07.925208+00:00,Tu8OUN2WuyU,2,0,0,1515,1517,27,27,17,17,False,False,False,False
2026-05-14T11:23:07.925208+00:00,5-ASQ44GpNI,8193,269,15,128212,136405,5103,5372,257,272,False,False,False,False
2026-05-14T11:23:07.925208+00:00,MmtdaRSSUZA,834,39,1,9845,10679,604,643,45,46,False,False,False,False
2026-05-14T11:23:07.925208+00:00,0elkAIACdFE,93,3,0,23084,23177,980,983,18,18,False,False,False,False
2026-05-14T11:23:07.925208+00:00,dqOmDZPkIF4,1243,29,0,37905,39148,1413,1442,23,23,False,False,False,False
2026-05-14T11:23:07.925208+00:00,LkaaMQx9uZ0,420,25,0,79826,80246,4044,4069,74,74,False,False,False,False
2026-05-14T11:23:07.925208+00:00,DYhg0nWZ1UQ,821,65,11,15813,16634,1534,1599,213,224,False,False,False,False
2026-05-14T11:23:07.925208+00:00,tXgFifuwvno,40,2,2,2037,2077,147,149,9,11,False,False,False,False
2026-05-14T11:23:07.925208+00:00,MlcUa5-3G68,945,23,0,26707,27652,1055,1078,79,79,False,False,False,False
2026-05-14T11:23:07.925208+00:00,9opMZrn2-zg,123,2,0,26506,26629,1158,1160,5,5,False,False,False,False
2026-05-14T11:23:07.925208+00:00,Aa1qfpfSaVY,119,2,0,25635,25754,1117,1119,9,9,False,False,False,False
2026-05-14T11:23:07.925208+00:00,98ShZgIhSbk,372,8,0,107932,108304,3502,3510,17,17,False,False,False,False
2026-05-14T11:23:07.925208+00:00,31WQ21L6kE8,96,0,0,18008,18104,973,973,12,12,False,False,False,False
2026-05-14T11:23:07.925208+00:00,s9TcINJc2pw,100,2,0,60251,60351,2809,2811,26,26,False,False,False,False
2026-05-14T11:23:07.925208+00:00,LK1OJ-izQfQ,95,3,0,25065,25160,1000,1003,10,10,False,False,False,False
2026-05-14T11:23:07.925208+00:00,2mOqRPcWgMM,4013,53,0,89235,93248,1504,1557,25,25,False,False,False,False
2026-05-14T11:23:07.925208+00:00,GDex3WIPF7c,7949,223,7,1699645,1707594,56324,56547,2055,2062,False,False,False,False
2026-05-14T11:23:07.925208+00:00,yE8fJOgv7Pc,4491,92,3,1010914,1015405,24377,24469,861,864,False,False,False,False
2026-05-14T11:23:07.925208+00:00,Y254oB1QNOE,5700,121,16,386136,391836,11210,11331,1014,1030,False,False,False,False
2026-05-14T11:23:07.925208+00:00,FzdGk0ceLCA,2,0,0,1252,1254,60,60,0,0,False,False,False,False
2026-05-14T11:23:07.925208+00:00,0GmokuFXa_o,2,-1,0,1783,1785,104,103,0,0,False,False,False,False
2026-05-14T11:23:07.925208+00:00,yA-SufBCL7g,7,1,0,13327,13334,778,779,8,8,False,False,False,False
2026-05-14T11:23:07.925208+00:00,Wz8CxWdCHC0,9,0,0,9349,9358,578,578,10,10,False,False,False,False
2026-05-14T11:23:07.925208+00:00,Nz7vsR3_W3I,7,0,0,13873,13880,908,908,18,18,False,False,False,False
2026-05-14T11:23:07.925208+00:00,JTtyJPD0ZOw,30,0,1,13973,14003,985,985,37,38,False,False,False,False
2026-05-14T11:23:07.925208+00:00,SK7yqZdN3Dg,100,6,0,24362,24462,1446,1452,41,41,False,False,False,False
2026-05-14T11:23:07.925208+00:00,eYZUzUEUsjo,3,0,0,2233,2236,144,144,3,3,False,False,False,False
2026-05-14T11:23:07.925208+00:00,zSPnVUpVwj8,2,0,0,1663,1665,147,147,3,3,False,False,False,False
2026-05-14T11:23:07.925208+00:00,8TvJvfKz8Fo,17129,1089,38,342513,359642,27288,28377,1647,1685,False,False,False,False
2026-05-14T11:23:07.925208+00:00,KdmRWazuBRU,3689,113,6,110714,114403,4675,4788,302,308,False,False,False,False
2026-05-14T11:23:07.925208+00:00,nH8YRX4Stfs,77,2,0,21456,21533,927,929,135,135,False,False,False,False
2026-05-14T11:23:07.925208+00:00,MK3Lz4fAvZo,547,25,0,43073,43620,3431,3456,98,98,False,False,False,False
2026-05-14T11:23:07.925208+00:00,1PIbKMyFMAY,4708,194,3,199394,204102,12180,12374,360,363,False,False,False,False
2026-05-14T11:23:07.925208+00:00,wgADj9n8XMs,9006,385,2,834913,843919,37669,38054,298,300,False,False,False,False
2026-05-14T11:23:07.925208+00:00,u5HPVyEpyNI,7035,286,25,221641,228676,14324,14610,1368,1393,False,False,False,False
2026-05-14T11:23:07.925208+00:00,-CB2CwSPtAQ,595,15,0,43900,44495,1463,1478,109,109,False,False,False,False
2026-05-14T11:23:07.925208+00:00,FMdrD_jcYgE,31390,1087,92,988206,1019596,52884,53971,4767,4859,False,False,False,False
2026-05-14T11:23:07.925208+00:00,OgbLx7K5jKI,300,2,0,29962,30262,519,521,10,10,False,False,False,False
2026-05-14T11:23:07.925208+00:00,9rRvmcDpWwA,2727,65,2,51773,54500,1682,1747,180,182,False,False,False,False
2026-05-14T11:23:07.925208+00:00,UxUmboIvArE,25,3,0,3144,3169,161,164,17,17,False,False,False,False
2026-05-14T11:23:07.925208+00:00,YY99Gla0v4E,46,2,0,2237,2283,141,143,7,7,False,False,False,False
2026-05-14T11:23:07.925208+00:00,-8Xee3Y4Yeg,15,1,0,620,635,52,53,8,8,False,False,False,False
2026-05-14T11:23:07.925208+00:00,ZgcrZ8qm0-w,1,1,0,852,853,16,17,2,2,False,False,False,False
2026-05-14T11:23:07.925208+00:00,cxBZkkzJcpw,5,0,0,265,270,9,9,0,0,False,False,False,False
2026-05-14T11:23:07.925208+00:00,NoXtR658c_k,1525,16,1,40715,42240,1317,1333,50,51,False,False,False,False
2026-05-14T11:23:07.925208+00:00,FBq_mtNPweg,271,4,0,30292,30563,896,900,4,4,False,False,False,False
2026-05-14T11:23:07.925208+00:00,4Zi41MRVP0g,5960,127,6,162007,167967,4498,4625,525,531,False,False,False,False
2026-05-14T11:23:07.925208+00:00,KfaPxlvQx1M,18,0,0,13431,13449,1088,1088,13,13,False,False,False,False
2026-05-14T11:23:07.925208+00:00,enQeP-ztP5A,51,5,0,12965,13016,1353,1358,18,18,False,False,False,False
2026-05-14T11:23:07.925208+00:00,k7aOM--Ycts,3294,108,3,116127,119421,6785,6893,715,718,False,False,False,False
2026-05-14T11:23:07.925208+00:00,eYDQWSBQ47s,701,41,1,30244,30945,1850,1891,148,149,False,False,False,False
2026-05-14T11:23:07.925208+00:00,2ZV29QhLfjw,7929,393,6,887781,895710,41113,41506,1184,1190,False,False,False,False
2026-05-14T11:23:07.925208+00:00,HyO6rMqRXw0,931,20,0,32779,33710,1075,1095,41,41,False,False,False,False
2026-05-14T11:23:07.925208+00:00,P9MkPdQc74o,510,17,2,107189,107699,4525,4542,487,489,False,False,False,False
2026-05-14T11:23:07.925208+00:00,mbtA5CBh5qk,7,0,0,175,182,11,11,10,10,False,False,False,False
2026-05-14T11:23:07.925208+00:00,N-zjDtQOwxc,26952,1032,32,1047476,1074428,67490,68522,3848,3880,False,False,False,False
2026-05-14T11:23:07.925208+00:00,POn6IRgP5-A,1530,55,1,99694,101224,4764,4819,294,295,False,False,False,False
2026-05-14T11:23:07.925208+00:00,GAf7J_t1o8U,1384,119,4,28457,29841,3420,3539,224,228,False,False,False,False
2026-05-14T11:23:07.925208+00:00,oIr5NyY01EQ,157,11,0,3735,3892,343,354,29,29,False,False,False,False
2026-05-14T11:23:07.925208+00:00,mQR17nCXUSA,281,18,0,116340,116621,9100,9118,659,659,False,False,False,False
2026-05-14T11:23:07.925208+00:00,W65cfPslnzo,38325,489,29,806318,844643,17560,18049,1346,1375,False,False,False,False
2026-05-14T11:23:07.925208+00:00,VgH5rhALEfU,7604,451,3,707905,715509,35655,36106,644,647,False,False,False,False
2026-05-14T11:23:07.925208+00:00,QPWScf-86po,130419,1371,23,7421764,7552183,217744,219115,2952,2975,False,False,False,False
2026-05-14T11:23:07.925208+00:00,7IL0scdhgJA,41,2,0,7760,7801,379,381,26,26,False,False,False,False
2026-05-14T11:23:07.925208+00:00,s2NSwy8xraQ,38,2,0,11663,11701,713,715,14,14,False,False,False,False
2026-05-14T11:23:07.925208+00:00,8erUsIGULKc,147,6,0,7674,7821,383,389,38,38,False,False,False,False
2026-05-14T11:23:07.925208+00:00,s23TO2BQBcU,48,1,1,26467,26515,861,862,59,60,False,False,False,False
2026-05-14T11:23:07.925208+00:00,rfRFwXnk660,15139,822,26,347573,362712,20185,21007,1195,1221,False,False,False,False
2026-05-14T11:23:07.925208+00:00,ByJAH8vTgfw,1166,32,0,39554,40720,1200,1232,31,31,False,False,False,False
2026-05-14T11:23:07.925208+00:00,W4BkgA1P27o,48,0,0,11587,11635,579,579,25,25,False,False,False,False
2026-05-14T11:23:07.925208+00:00,quCJwkDAx0g,122,1,0,40824,40946,1169,1170,362,362,False,False,False,False
2026-05-14T11:23:07.925208+00:00,iQxwDGnuByc,1472,52,1,52001,53473,2525,2577,126,127,False,False,False,False
2026-05-14T11:23:07.925208+00:00,waOGddip3Wk,8,0,0,5437,5445,457,457,29,29,False,False,False,False
2026-05-14T11:23:07.925208+00:00,xfMhpaP8QSg,6,0,0,8676,8682,729,729,80,80,False,False,False,False
2026-05-14T11:23:07.925208+00:00,iGaMJCi8mAk,44,3,0,12264,12308,323,326,4,4,False,False,False,False
2026-05-14T11:23:07.925208+00:00,kmKuk_TCEvU,206,8,2,36844,37050,1133,1141,35,37,False,False,False,False
2026-05-14T11:23:07.925208+00:00,yGC0oT995TM,174,5,0,16285,16459,486,491,10,10,False,False,False,False
2026-05-14T11:23:07.925208+00:00,lB_XJmoBLjw,24,1,0,10200,10224,533,534,13,13,False,False,False,False
2026-05-14T11:23:07.925208+00:00,t6GzhyGTKCo,2719,68,3,104087,106806,2978,3046,196,199,False,False,False,False
2026-05-14T11:23:07.925208+00:00,qgzwtKsXCMo,166151,2270,19,3708075,3874226,69245,71515,744,763,False,False,False,False
2026-05-14T11:23:07.925208+00:00,0D14LJGiBkg,7450,325,10,370377,377827,16911,17236,1208,1218,False,False,False,False
2026-05-14T11:23:07.925208+00:00,mpZK1dqX6aA,29396,523,0,1115201,1144597,32827,33350,221,221,False,False,False,False
2026-05-14T11:23:07.925208+00:00,RniYUmKs93U,9988,411,7,469543,479531,25404,25815,478,485,False,False,False,False
2026-05-14T11:23:07.925208+00:00,IEJALLQFmDs,111499,2155,16,4790740,4902239,107317,109472,773,789,False,False,False,False
2026-05-14T11:23:07.925208+00:00,dqazxW8R5BY,111026,3121,79,2571010,2682036,114675,117796,2344,2423,False,False,False,False
2026-05-14T11:23:07.925208+00:00,UsS6bOYnnOI,3464,137,23,367322,370786,18096,18233,3826,3849,False,False,False,False
2026-05-14T11:23:07.925208+00:00,nGakcu0V0ZM,176,2,0,20138,20314,435,437,29,29,False,False,False,False
2026-05-14T11:23:07.925208+00:00,8CpQzf_RYb4,59,2,1,5757,5816,375,377,4,5,False,False,False,False
2026-05-14T11:23:07.925208+00:00,OrI86PV-aPg,36660,1055,13,1836266,1872926,75881,76936,1911,1924,False,False,False,False
2026-05-14T11:23:07.925208+00:00,2A0dbP8LJoA,161,6,0,8334,8495,664,670,29,29,False,False,False,False
2026-05-14T11:23:07.925208+00:00,5W2lIWDyXjI,403,4,0,70211,70614,1702,1706,29,29,False,False,False,False
2026-05-14T11:23:07.925208+00:00,o1LnQHf3b6I,120,2,0,20938,21058,906,908,6,6,False,False,False,False
2026-05-14T11:23:07.925208+00:00,2pao0845DQQ,6247,167,1,334762,341009,8724,8891,63,64,False,False,False,False
2026-05-14T11:23:07.925208+00:00,WPOhGVSPOyM,494,8,0,91419,91913,1433,1441,9,9,False,False,False,False
2026-05-14T11:23:07.925208+00:00,7FYFhOiiMIU,111,3,0,15920,16031,583,586,6,6,False,False,False,False
2026-05-14T11:23:07.925208+00:00,aRLwX_dN8AQ,2963,45,0,95496,98459,1809,1854,10,10,False,False,False,False
2026-05-14T11:23:07.925208+00:00,CPJhzRv9y_8,2414,31,0,93769,96183,1640,1671,12,12,False,False,False,False
2026-05-14T11:23:07.925208+00:00,Q5rmW96IGqA,1218,22,0,36713,37931,1165,1187,10,10,False,False,False,False
2026-05-14T11:23:07.925208+00:00,reCJ5EuvukI,17743,635,22,1169456,1187199,41336,41971,834,856,False,False,False,False
2026-05-14T11:23:07.925208+00:00,io_Ysi-LFWE,7280,134,2,603633,610913,17539,17673,370,372,False,False,False,False
2026-05-14T11:23:07.925208+00:00,snM0UfZxakc,3243,65,3,863615,866858,18853,18918,1326,1329,False,False,False,False
2026-05-14T11:23:07.925208+00:00,TmkbUF0V0hM,35792,464,142,903596,939388,13908,14372,4940,5082,False,False,False,False
2026-05-14T11:23:07.925208+00:00,_88DyxJqY-4,65,3,0,2828,2893,208,211,24,24,False,False,False,False
2026-05-14T11:23:07.925208+00:00,Dic-fJdWqhY,4,0,0,426,430,17,17,0,0,False,False,False,False
2026-05-14T11:23:07.925208+00:00,HZ2uROlnuEg,3,0,0,174,177,7,7,0,0,False,False,False,False
2026-05-14T11:23:07.925208+00:00,H5KmfCor3mc,2,0,0,272,274,11,11,1,1,False,False,False,False
2026-05-14T11:23:07.925208+00:00,gaOZZ1TYILU,2,0,0,121,123,12,12,0,0,False,False,False,False
2026-05-14T11:23:07.925208+00:00,rQmlUxDeTxE,3,0,0,10545,10548,878,878,12,12,False,False,False,False
2026-05-14T11:23:07.925208+00:00,6dfxL42fP0c,5,0,0,1849,1854,162,162,4,4,False,False,False,False
2026-05-14T11:23:07.925208+00:00,hE1O48iNhBw,1,0,0,3694,3695,251,251,2,2,False,False,False,False
2026-05-14T11:23:07.925208+00:00,LDXkrlIxj8U,48,5,0,24167,24215,1581,1586,13,13,False,False,False,False
2026-05-14T11:23:07.925208+00:00,Xcmg2noBQOw,2,0,0,2977,2979,327,327,4,4,False,False,False,False
2026-05-14T11:23:07.925208+00:00,RGWm_UCIWnc,1,0,0,13885,13886,958,958,14,14,False,False,False,False
2026-05-14T11:23:07.925208+00:00,Rax-kdRVG74,3,0,0,14630,14633,693,693,15,15,False,False,False,False
2026-05-14T11:23:07.925208+00:00,tA9L9aV6gXY,6,0,0,2896,2902,186,186,9,9,False,False,False,False
2026-05-14T11:23:07.925208+00:00,o8Z1Q8UPSOU,67,4,0,16610,16677,1630,1634,24,24,False,False,False,False
2026-05-14T11:23:07.925208+00:00,_FP4gbF0KWY,66,2,0,9490,9556,612,614,19,19,False,False,False,False
2026-05-14T11:23:07.925208+00:00,FbRnMwKmmTA,47,1,0,9238,9285,623,624,38,38,False,False,False,False
2026-05-14T11:23:07.925208+00:00,ehizptRtYzM,539,16,0,36521,37060,2846,2862,102,102,False,False,False,False
2026-05-14T11:23:07.925208+00:00,kB_PJC80JhY,20164,748,0,1351012,1371176,57821,58569,315,315,False,False,False,False
2026-05-14T11:23:07.925208+00:00,wdCDxH9KBss,1822,101,2,75169,76991,3830,3931,85,87,False,False,False,False
2026-05-14T11:23:07.925208+00:00,4iXwPD-VHyg,450,9,-1,81048,81498,2005,2014,21,20,False,False,False,False
2026-05-14T11:23:07.925208+00:00,rVixyOY_Xr4,829,23,1,37336,38165,1633,1656,135,136,False,False,False,False
2026-05-14T11:23:07.925208+00:00,d0VoQtmw9Eg,139,4,0,18703,18842,759,763,7,7,False,False,False,False
2026-05-14T11:23:07.925208+00:00,QzZ4VwDHAT4,631,14,5,41617,42248,2021,2035,138,143,False,False,False,False
2026-05-14T11:23:07.925208+00:00,JjwHFerSu4M,10553,351,22,259416,269969,12133,12484,631,653,False,False,False,False
2026-05-14T11:23:07.925208+00:00,RNUjufFVGXs,83,4,0,6602,6685,576,580,42,42,False,False,False,False
2026-05-14T11:23:07.925208+00:00,uoRmXpQseH8,0,0,0,0,0,3,3,0,0,False,False,False,False
2026-05-14T11:23:07.925208+00:00,-lSM97fApgQ,0,0,0,0,0,4,4,0,0,False,False,False,False
2026-05-14T11:23:07.925208+00:00,1sofoaFEV58,0,38,0,0,0,76,114,0,0,False,False,False,False
2026-05-14T11:23:07.925208+00:00,FJNk3OGtmbk,259,2,0,23206,23465,528,530,3,3,False,False,False,False
2026-05-14T11:23:07.925208+00:00,RCl-cN1Hf-Q,197,1,0,18546,18743,536,537,2,2,False,False,False,False
2026-05-14T11:23:07.925208+00:00,1d3wR5LJ4-4,198,12,1,40835,41033,1451,1463,25,26,False,False,False,False
2026-05-14T11:23:07.925208+00:00,69AWec8qjjo,2255,30,0,190459,192714,5839,5869,162,162,False,False,False,False
2026-05-14T11:23:07.925208+00:00,YUwjueXzffE,1879,38,0,369039,370918,8048,8086,63,63,False,False,False,False
2026-05-14T11:23:07.925208+00:00,oNjLzGpMCuw,610,24,1,107015,107625,4903,4927,268,269,False,False,False,False
2026-05-14T11:23:07.925208+00:00,ftk4VdOcaj8,45,1,0,17533,17578,1924,1925,46,46,False,False,False,False
2026-05-14T11:23:07.925208+00:00,pra3fiwosjU,57,1,0,4190,4247,138,139,6,6,False,False,False,False
2026-05-14T11:23:07.925208+00:00,Hf6NC8AzAKo,375,24,0,9722,10097,734,758,60,60,False,False,False,False
2026-05-14T11:23:07.925208+00:00,aYH-DvGfEVU,4,0,0,983,987,132,132,9,9,False,False,False,False
2026-05-14T11:23:07.925208+00:00,wZBBnciTACo,6,1,0,1582,1588,181,182,53,53,False,False,False,False
2026-05-14T11:23:07.925208+00:00,w_Z0cdu9c9I,67,9,0,8460,8527,653,662,17,17,False,False,False,False
2026-05-14T11:23:07.925208+00:00,9rHaUzPlJws,481,18,-1,194401,194882,13444,13462,684,683,False,False,False,False
2026-05-14T11:23:07.925208+00:00,pXI3xinu4bc,11483,300,7,1207842,1219325,58264,58564,595,602,False,False,False,False
2026-05-14T11:23:07.925208+00:00,3PZ3d4eNWrc,10746,319,1,920282,931028,47539,47858,294,295,False,False,False,False
2026-05-14T11:23:07.925208+00:00,1X8BPKi1kP8,90,3,0,12038,12128,466,469,46,46,False,False,False,False
2026-05-14T11:23:07.925208+00:00,RPePcFJDNds,70,3,0,2616,2686,190,193,46,46,False,False,False,False
2026-05-14T11:23:07.925208+00:00,GEXxx3JQmdw,320,17,1,9816,10136,633,650,15,16,False,False,False,False
2026-05-14T11:23:07.925208+00:00,NRELko2BoRk,1100,34,1,32142,33242,1538,1572,107,108,False,False,False,False
2026-05-14T11:23:07.925208+00:00,CdlFyd3WHbg,56,3,0,12568,12624,729,732,8,8,False,False,False,False
2026-05-14T11:23:07.925208+00:00,N8Bc_M2Ew2E,102,3,0,10333,10435,614,617,9,9,False,False,False,False
2026-05-14T11:23:07.925208+00:00,LDQnGP6iSH4,90,5,0,10973,11063,538,543,28,28,False,False,False,False
2026-05-14T11:23:07.925208+00:00,LMJb-_uL6lQ,260,4,0,63213,63473,1505,1509,420,420,False,False,False,False
2026-05-14T11:23:07.925208+00:00,-X2P40t70LM,6,0,0,8318,8324,655,655,21,21,False,False,False,False
2026-05-14T11:23:07.925208+00:00,21UbB1_pq3o,18,3,0,9934,9952,652,655,54,54,False,False,False,False
2026-05-14T11:23:07.925208+00:00,ZUpr3u1inlg,184,5,1,19401,19585,1546,1551,305,306,False,False,False,False
2026-05-14T11:23:07.925208+00:00,Hk20QLW6nEc,318,5,0,81005,81323,1507,1512,7,7,False,False,False,False
2026-05-14T11:23:07.925208+00:00,U0f47Nt9g-Q,6305,239,6,447011,453316,20734,20973,495,501,False,False,False,False
2026-05-14T11:23:07.925208+00:00,3GUtClCifjw,35,1,0,12820,12855,370,371,7,7,False,False,False,False
2026-05-14T11:23:07.925208+00:00,yk8ziJow5dw,1775,37,3,87995,89770,2343,2380,145,148,False,False,False,False
2026-05-14T11:23:07.925208+00:00,XGAhqBxEV78,1298,25,0,491739,493037,15078,15103,1183,1183,False,False,False,False
2026-05-14T11:23:07.925208+00:00,t9PF8V132Y4,11803,231,15,295551,307354,8825,9056,1116,1131,False,False,False,False
2026-05-14T11:23:07.925208+00:00,Gr6qcQdzDfw,143,6,7,11584,11727,508,514,175,182,False,False,False,False
2026-05-14T11:23:07.925208+00:00,2AOH5hgKzpU,45,1,0,2397,2442,89,90,2,2,False,False,False,False
2026-05-14T11:23:07.925208+00:00,IAn3Wu2BdyY,1323,58,1,130390,131713,6078,6136,97,98,False,False,False,False
2026-05-14T11:23:07.925208+00:00,i6wL2IzuW7s,149,13,0,12190,12339,981,994,10,10,False,False,False,False
2026-05-14T11:23:07.925208+00:00,sXV44nHGfAA,260,12,0,31039,31299,1748,1760,9,9,False,False,False,False
2026-05-14T11:23:07.925208+00:00,OEtIq4tR1rA,34546,2451,17,291825,326371,22320,24771,187,204,False,False,False,False
2026-05-14T11:23:07.925208+00:00,MpPS5I1pJD8,1307,18,0,58108,59415,1092,1110,13,13,False,False,False,False
2026-05-14T11:23:07.925208+00:00,7NeECqsR_u4,1471,22,0,130296,131767,3023,3045,20,20,False,False,False,False
2026-05-14T11:23:07.925208+00:00,JuRjZqzpP0g,465,20,0,55299,55764,2621,2641,22,22,False,False,False,False
2026-05-14T11:23:07.925208+00:00,4yDM3ZFcQm4,41455,930,6,1313245,1354700,28829,29759,318,324,False,False,False,False
2026-05-14T11:23:07.925208+00:00,3fsJFUvA6Ts,7806,202,4,154420,162226,4980,5182,137,141,False,False,False,False
2026-05-14T11:23:07.925208+00:00,XNDiFY5vIk0,162,2,0,17919,18081,727,729,7,7,False,False,False,False
2026-05-14T11:23:07.925208+00:00,iK6HT02LYX4,7218,155,1,81239,88457,2374,2529,17,18,False,False,False,False
2026-05-14T11:23:07.925208+00:00,A2O_CSDImRs,38984,941,50,952687,991671,30093,31034,1313,1363,False,False,False,False
2026-05-14T11:23:07.925208+00:00,n2T6AOoUkOM,101885,1312,14,2786406,2888291,58091,59403,830,844,False,False,False,False
2026-05-14T11:23:07.925208+00:00,MOrBFf1DVvs,5598,68,4,1115306,1120904,25124,25192,424,428,False,False,False,False
2026-05-14T11:23:07.925208+00:00,WFOEVVlOH8s,3,0,0,431,434,20,20,0,0,False,False,False,False
2026-05-14T11:23:07.925208+00:00,IrefshwOoX8,1,0,0,454,455,21,21,1,1,False,False,False,False
2026-05-14T11:23:07.925208+00:00,Cyfs-ngasus,2,0,0,780,782,37,37,0,0,False,False,False,False
2026-05-14T11:23:07.925208+00:00,dIwCndpKuSE,2,0,0,4550,4552,455,455,2,2,False,False,False,False
2026-05-14T11:23:07.925208+00:00,f0ukpT07u2c,11,0,0,14779,14790,1338,1338,15,15,False,False,False,False
2026-05-14T11:23:07.925208+00:00,e5jQUYrRPRk,7,0,0,11726,11733,452,452,6,6,False,False,False,False
2026-05-14T11:23:07.925208+00:00,Xshu2lM5PZE,8,0,0,5881,5889,677,677,8,8,False,False,False,False
2026-05-14T11:23:07.925208+00:00,WynveK8qJx4,2,0,0,3072,3074,166,166,2,2,False,False,False,False
2026-05-14T11:23:07.925208+00:00,iPg5fXvAqqo,3,0,0,9053,9056,250,250,5,5,False,False,False,False
2026-05-14T11:23:07.925208+00:00,N9drBPpPZFI,3,0,0,4803,4806,351,351,7,7,False,False,False,False
2026-05-14T11:23:07.925208+00:00,rr8ZpzHcZJc,19,1,0,9700,9719,899,900,17,17,False,False,False,False
2026-05-14T11:23:07.925208+00:00,nrIEhoSCOg8,88,8,0,34898,34986,1687,1695,32,32,False,False,False,False
2026-05-14T11:23:07.925208+00:00,b-NJDpglmeM,133,5,0,19634,19767,1520,1525,24,24,False,False,False,False
2026-05-14T11:23:07.925208+00:00,V2d9YyBmeUk,6,0,0,6622,6628,473,473,9,9,False,False,False,False
2026-05-14T11:23:07.925208+00:00,qf_JlCrcPy0,158,2,0,13061,13219,686,688,32,32,False,False,False,False
2026-05-14T11:23:07.925208+00:00,DB302vKJ2Go,155,6,0,16724,16879,1267,1273,130,130,False,False,False,False
2026-05-14T11:23:07.925208+00:00,f9AFrDB-73g,1132,55,1,53452,54584,3848,3903,58,59,False,False,False,False
2026-05-14T11:23:07.925208+00:00,mK3xENFCGnI,12192,768,4,587156,599348,45691,46459,572,576,False,False,False,False
2026-05-14T11:23:07.925208+00:00,4s9LuOSR3Q4,20618,351,7,1519448,1540066,34740,35091,1095,1102,False,False,False,False
2026-05-14T11:23:07.925208+00:00,1baBzd1XPkU,6055,178,10,280881,286936,9713,9891,1105,1115,False,False,False,False
2026-05-14T11:23:07.925208+00:00,jCyhEO3h-Ik,1019,39,0,49999,51018,2279,2318,41,41,False,False,False,False
2026-05-14T11:23:07.925208+00:00,UtXLbVdM7wk,542,8,0,23065,23607,856,864,13,13,False,False,False,False
2026-05-14T11:23:07.925208+00:00,0lt4j7GTtGU,93,5,1,2929,3022,213,218,6,7,False,False,False,False
2026-05-14T11:23:07.925208+00:00,40-68Uco_u0,585,17,0,20371,20956,858,875,29,29,False,False,False,False
2026-05-14T11:23:07.925208+00:00,o39vHtwxPRg,88,1,0,11254,11342,383,384,3,3,False,False,False,False
2026-05-14T11:23:07.925208+00:00,WeAhvFYojh0,39,1,0,2605,2644,159,160,11,11,False,False,False,False
2026-05-14T11:23:07.925208+00:00,ywEV7NQlO1Y,1520,42,3,205849,207369,6475,6517,111,114,False,False,False,False
2026-05-14T11:23:07.925208+00:00,2r0m4TsyIxs,15808,250,54,378165,393973,9455,9705,3838,3892,False,False,False,False
2026-05-14T11:23:07.925208+00:00,zuzydZz-cmo,831,23,6,68319,69150,3900,3923,487,493,False,False,False,False
2026-05-14T11:23:07.925208+00:00,C4OiZ15VTxw,245,18,2,11100,11345,969,987,211,213,False,False,False,False
2026-05-14T11:23:07.925208+00:00,VITWpByrMdw,26,0,0,3686,3712,239,239,10,10,False,False,False,False
2026-05-14T11:23:07.925208+00:00,tpay1lEGZ7g,14417,867,12,562208,576625,41780,42647,1081,1093,False,False,False,False
2026-05-14T11:23:07.925208+00:00,Gmfpq60LbVQ,637,27,1,241560,242197,17479,17506,1048,1049,False,False,False,False
2026-05-14T11:23:07.925208+00:00,R-klQGp_308,5561,144,1,538840,544401,21169,21313,254,255,False,False,False,False
2026-05-14T11:23:07.925208+00:00,8--Bq5oEsZ8,5563,163,0,437357,442920,18979,19142,237,237,False,False,False,False
2026-05-14T11:23:07.925208+00:00,fuxYQrqkfns,22898,1019,16,853283,876181,58626,59645,1286,1302,False,False,False,False
2026-05-14T11:23:07.925208+00:00,MYHiaHDLDB8,74,1,0,6094,6168,349,350,13,13,False,False,False,False
2026-05-14T11:23:07.925208+00:00,g-7nUex4nVg,492,20,2,36313,36805,1261,1281,31,33,False,False,False,False
2026-05-14T11:23:07.925208+00:00,tPuup43tbgA,85,1,0,10366,10451,229,230,2,2,False,False,False,False
2026-05-14T11:23:07.925208+00:00,vMnp3ptycik,41,0,0,8614,8655,589,589,4,4,False,False,False,False
2026-05-14T11:23:07.925208+00:00,81RBVN6P9cM,4523,73,0,406887,411410,13020,13093,982,982,False,False,False,False
2026-05-14T11:23:07.925208+00:00,P1DSZNhApJA,159646,1672,6,4114554,4274200,75208,76880,482,488,False,False,False,False
2026-05-14T11:23:07.925208+00:00,5LJ1cxjQhyE,102289,3516,9,2917508,3019797,145813,149329,666,675,False,False,False,False
2026-05-14T11:23:07.925208+00:00,qxj4Sr5Cm24,639,25,3,71684,72323,4757,4782,705,708,False,False,False,False
2026-05-14T11:23:07.925208+00:00,daa-UCIuoY8,1085,50,4,18925,20010,1114,1164,35,39,False,False,False,False
2026-05-14T11:23:07.925208+00:00,VVLYJf2t88c,1460,28,30,85310,86770,3296,3324,220,250,False,True,False,False
2026-05-14T11:23:07.925208+00:00,q_ynGwBIxLk,35,0,0,8688,8723,250,250,3,3,False,False,False,False
2026-05-14T11:23:07.925208+00:00,tFD4653hJYE,49,2,0,8665,8714,230,232,8,8,False,False,False,False
2026-05-14T11:23:07.925208+00:00,p4zPmpXfGyY,835,13,0,52866,53701,999,1012,39,39,False,False,False,False
2026-05-14T11:23:07.925208+00:00,IZNeoCSdcfY,14,0,0,2217,2231,121,121,1,1,False,False,False,False
2026-05-14T11:23:07.925208+00:00,Jnc7hVslXdk,340,14,0,5867,6207,433,447,30,30,False,False,False,False
2026-05-14T11:23:07.925208+00:00,8nwaOxXIj0g,2973,218,6,53711,56684,3990,4208,128,134,False,False,True,False
2026-05-14T11:23:07.925208+00:00,Xk3cJMA7UhE,107,5,0,4936,5043,385,390,13,13,False,False,False,False
2026-05-14T11:23:07.925208+00:00,XoDfpxBy8Ag,2934,61,5,58058,60992,1642,1703,187,192,False,False,False,False
2026-05-14T11:23:07.925208+00:00,JRHTVNoJjb0,308,8,0,17972,18280,792,800,15,15,False,False,False,False
2026-05-14T11:23:07.925208+00:00,uWa0odbimaU,586,18,0,167779,168365,6857,6875,206,206,False,False,False,False
2026-05-14T11:23:07.925208+00:00,RnT_izvRznQ,464,14,0,10192,10656,671,685,12,12,False,False,False,False
2026-05-14T11:23:07.925208+00:00,1pglkwgsu1I,297,22,0,42023,42320,2742,2764,33,33,False,False,False,False
2026-05-14T11:23:07.925208+00:00,V6VQ54eTok0,38243,899,5,737045,775288,18477,19376,150,155,False,False,False,False
2026-05-14T11:23:07.925208+00:00,3REHDZgXE1k,258,10,0,24249,24507,1263,1273,12,12,False,False,False,False
2026-05-14T11:23:07.925208+00:00,z_XHk-DZ1nY,229,4,0,20205,20434,688,692,10,10,False,False,False,False
2026-05-14T11:23:07.925208+00:00,-CTY5XDxt8E,7387,121,1,144979,152366,4160,4281,20,21,False,False,False,False
2026-05-14T11:23:07.925208+00:00,nN9QYJdEcw0,1672,61,0,68908,70580,1851,1912,19,19,False,False,False,False
2026-05-14T11:23:07.925208+00:00,WKBwkE4dn-k,153,6,0,19103,19256,625,631,2,2,False,False,False,False
2026-05-14T11:23:07.925208+00:00,suqYhItddAc,15754,479,4,304307,320061,9698,10177,106,110,False,False,False,False
2026-05-14T11:23:07.925208+00:00,ydRguU_cH8Y,9471,118,1,382541,392012,5820,5938,61,62,False,False,False,False
2026-05-14T11:23:07.925208+00:00,P9yleRV8tto,378,10,0,50880,51258,1467,1477,19,19,False,False,False,False
2026-05-14T11:23:07.925208+00:00,_UFmkJrpc3Q,272,4,0,96456,96728,3403,3407,31,31,False,False,False,False
2026-05-14T11:23:07.925208+00:00,lDyiY5vjqaw,18303,596,15,1238620,1256923,45255,45851,1658,1673,False,False,False,False
2026-05-14T11:23:07.925208+00:00,T_LWKGJDKgo,296625,6998,1660,2108078,2404703,44848,51846,11789,13449,False,False,False,False
2026-05-14T11:23:07.925208+00:00,MjWI_rWQL68,163665,2851,32,7322421,7486086,220802,223653,3100,3132,False,False,False,False
2026-05-14T11:23:07.925208+00:00,9iKWeo8sWh4,70875,1136,14,3452047,3522922,79932,81068,681,695,False,False,False,False
2026-05-14T11:23:07.925208+00:00,4m_M1Wpnr2Q,383306,7069,175,5764326,6147632,149494,156563,3773,3948,False,False,False,False
2026-05-14T11:23:07.925208+00:00,JxM9FGa1xjw,2,-1,0,819,821,58,57,0,0,False,False,False,False
2026-05-14T11:23:07.925208+00:00,e5ory4NWVaQ,4,0,0,113,117,5,5,0,0,False,False,False,False
2026-05-14T11:23:07.925208+00:00,AnhXe6C7RcY,3,-1,0,854,857,57,56,0,0,False,False,False,False
2026-05-14T11:23:07.925208+00:00,q8AEtTOo2ZU,63,3,0,5270,5333,418,421,4,4,False,False,False,False
2026-05-14T11:23:07.925208+00:00,Qy_YMLKX8bQ,549,45,2,24201,24750,1910,1955,74,76,False,False,False,False
2026-05-14T11:23:07.925208+00:00,Cit2bKRejmc,168,6,0,17547,17715,1068,1074,27,27,False,False,False,False
2026-05-14T11:23:07.925208+00:00,PDQ3laPc--4,51,3,0,10781,10832,1198,1201,13,13,False,False,False,False
2026-05-14T11:23:07.925208+00:00,v2SVwN2WLHA,28,0,0,9814,9842,659,659,14,14,False,False,False,False
2026-05-14T11:23:07.925208+00:00,sebAi3RkL4o,5,0,0,6637,6642,669,669,10,10,False,False,False,False
2026-05-14T11:23:07.925208+00:00,2NMgx26Y-Bk,8,0,0,3529,3537,377,377,8,8,False,False,False,False
2026-05-14T11:23:07.925208+00:00,X5_Q7FZ0Sik,4,0,0,3013,3017,196,196,4,4,False,False,False,False
2026-05-14T11:23:07.925208+00:00,8Cc0marf_vs,5,0,0,5826,5831,357,357,7,7,False,False,False,False
2026-05-14T11:23:07.925208+00:00,9u4d0EDxCkY,2,0,0,1977,1979,56,56,1,1,False,False,False,False
2026-05-14T11:23:07.925208+00:00,GKCz_gBPkvI,5,0,0,4399,4404,318,318,4,4,False,False,False,False
2026-05-14T11:23:07.925208+00:00,toJGQUZbdqc,8,0,0,12618,12626,1093,1093,16,16,False,False,False,False
2026-05-14T11:23:07.925208+00:00,q4PUKnyy3QQ,5,0,0,6647,6652,545,545,9,9,False,False,False,False
2026-05-14T11:23:07.925208+00:00,Hpl10gpuOGw,218,12,0,29562,29780,1436,1448,26,26,False,False,False,False
2026-05-14T11:23:07.925208+00:00,CbDN7o5Ed_M,332,20,0,11671,12003,523,543,10,10,False,False,False,False
2026-05-14T11:23:07.925208+00:00,ZrvvBKldeo0,177,8,0,12087,12264,538,546,36,36,False,False,False,False
2026-05-14T11:23:07.925208+00:00,mMLOG0bsjRQ,718,38,4,44569,45287,1855,1893,94,98,False,False,False,False
2026-05-14T11:23:07.925208+00:00,5z8hOrxhApI,1325,54,0,62565,63890,4296,4350,54,54,False,False,False,False
2026-05-14T11:23:07.925208+00:00,vN0MwkPIOF8,234,2,1,4556,4790,390,392,14,15,False,False,False,False
2026-05-14T11:23:07.925208+00:00,jFZPpkVszCg,3158,114,1,87357,90515,5821,5935,91,92,False,False,False,False
2026-05-14T11:23:07.925208+00:00,1_H80JEZ2ko,65348,1200,92,932071,997419,29077,30277,2445,2537,False,False,False,False
2026-05-14T11:23:07.925208+00:00,6jI9H3lyil4,3326,180,0,60217,63543,3510,3690,76,76,False,False,False,False
2026-05-14T11:23:07.925208+00:00,SVTPv4sI_Jc,60450,1278,65,1929580,1990030,62187,63465,4946,5011,False,True,False,False
2026-05-14T11:23:07.925208+00:00,SAtFZPtbMpI,8390,150,6,188702,197092,6420,6570,608,614,False,False,False,False
2026-05-14T11:23:07.925208+00:00,d7qfcHa4LTY,423,3,0,21144,21567,468,471,14,14,False,False,False,False
2026-05-14T11:23:07.925208+00:00,a1aFhMw2wQE,2983,78,1,143691,146674,4849,4927,96,97,False,False,False,False
2026-05-14T11:23:07.925208+00:00,eCw33snvoNI,1162,42,4,51922,53084,2372,2414,172,176,False,False,False,False
2026-05-14T11:23:07.925208+00:00,dq9VW4kn19w,199,1,0,10581,10780,132,133,20,20,False,False,False,False
2026-05-14T11:23:07.925208+00:00,39rirHnSBZ4,0,0,0,414,414,10,10,0,0,False,False,False,False
2026-05-14T11:23:07.925208+00:00,bbv1p_j1P8Y,2,0,0,881,883,21,21,1,1,False,False,False,False
2026-05-14T11:23:07.925208+00:00,yveo9j8JZts,3,0,0,812,815,25,25,0,0,False,False,False,False
2026-05-14T11:23:07.925208+00:00,rRw7sYwfSVI,2284,119,4,58049,60333,3563,3682,187,191,False,False,False,False
2026-05-14T11:23:07.925208+00:00,4xed6CNu0j8,32,0,0,4760,4792,148,148,0,0,False,False,False,False
2026-05-14T11:23:07.925208+00:00,iR6FvFoW0F4,89,-2,0,19421,19510,855,853,11,11,False,False,False,False
2026-05-14T11:23:07.925208+00:00,t4S8XOHv1jg,97,4,0,24915,25012,874,878,18,18,False,False,False,False
2026-05-14T11:23:07.925208+00:00,DfeXyiagVDE,59,2,1,3674,3733,201,203,3,4,False,False,False,False
2026-05-14T11:23:07.925208+00:00,QUBjCcBXy3o,5010,141,0,150325,155335,7454,7595,232,232,False,False,False,False
2026-05-14T11:23:07.925208+00:00,KUvWaj4IFZg,3114,82,1,139423,142537,5376,5458,176,177,False,False,False,False
2026-05-14T11:23:07.925208+00:00,fRjAMALJ0r0,69315,3316,58,1208179,1277494,60761,64077,1410,1468,False,False,False,False
2026-05-14T11:23:07.925208+00:00,QNHEqcXa3Zg,2047,115,3,148637,150684,11604,11719,310,313,False,False,False,False
2026-05-14T11:23:07.925208+00:00,a4jo0YM7WRg,908,8,0,16376,17284,709,717,15,15,False,False,False,False
2026-05-14T11:23:07.925208+00:00,LNKCHWOW7aI,3360,177,13,217450,220810,17172,17349,1421,1434,False,False,False,False
2026-05-14T11:23:07.925208+00:00,aQi987cz1nk,1143,41,5,15989,17132,1367,1408,160,165,False,False,False,False
2026-05-14T11:23:07.925208+00:00,DmcKWMeNWaQ,3402,62,11,55726,59128,1733,1795,130,141,False,False,False,False
2026-05-14T11:23:07.925208+00:00,vg9owOLbmvA,49,4,0,2107,2156,233,237,70,70,False,False,False,False
2026-05-14T11:23:07.925208+00:00,PGBt4pOj4Vc,27445,1476,24,715669,743114,49835,51311,1850,1874,False,False,False,False
2026-05-14T11:23:07.925208+00:00,7h3nazBbFCc,437,20,0,19501,19938,1415,1435,59,59,False,False,False,False
2026-05-14T11:23:07.925208+00:00,OCGgYu3vku4,668,33,1,132585,133253,10463,10496,635,636,False,False,False,False
2026-05-14T11:23:07.925208+00:00,Rij6WQMuxcw,8192,205,0,396584,404776,16838,17043,305,305,False,False,False,False
2026-05-14T11:23:07.925208+00:00,AtSQBfBK6HE,49557,1354,18,1220357,1269914,54244,55598,902,920,False,False,False,False
2026-05-14T11:23:07.925208+00:00,98VQpHj17Ws,6002,196,3,274393,280395,15133,15329,279,282,False,False,False,False
2026-05-14T11:23:07.925208+00:00,bbhBRpDlFHE,36,1,0,4260,4296,257,258,13,13,False,False,False,False
2026-05-14T11:23:07.925208+00:00,GlgzzZEePXo,729,24,4,24350,25079,1709,1733,468,472,False,False,False,False
2026-05-14T11:23:07.925208+00:00,SoTjeq4cQZw,131,5,0,3990,4121,158,163,3,3,False,False,False,False
2026-05-14T11:23:07.925208+00:00,L8qTgJOhpPg,16,0,0,3258,3274,156,156,13,13,False,False,False,False
2026-05-14T11:23:07.925208+00:00,Gl_2LVRaM8U,505,24,1,17108,17613,1056,1080,61,62,False,False,False,False
2026-05-14T11:23:07.925208+00:00,JbjnuF8OiZc,97,8,0,13882,13979,715,723,6,6,False,False,False,False
2026-05-14T11:23:07.925208+00:00,dZftIemBYVE,308,10,0,31378,31686,1572,1582,73,73,False,False,False,False
2026-05-14T11:23:07.925208+00:00,6hNY0K71Ewo,479,17,3,23566,24045,1278,1295,48,51,False,False,False,False
2026-05-14T11:23:07.925208+00:00,B8E4azaZ13k,155,1,0,7413,7568,329,330,21,21,False,False,False,False
2026-05-14T11:23:07.925208+00:00,3Ip-TJvpjLQ,369,8,0,26359,26728,1279,1287,80,80,False,False,False,False
2026-05-14T11:23:07.925208+00:00,rJgtb2s7Oz8,8927,254,9,53268,62195,1926,2180,110,119,False,False,False,False
2026-05-14T11:23:07.925208+00:00,lEhOg8oVpjU,10312,218,10,61517,71829,2338,2556,133,143,False,False,False,False
2026-05-14T11:23:07.925208+00:00,U5l0Z8T4tCk,34086,1588,14,816069,850155,49615,51203,374,388,False,False,False,False
2026-05-14T11:23:07.925208+00:00,9pPCy9wqxuk,259,23,1,61669,61928,4044,4067,205,206,False,False,False,False
2026-05-14T11:23:07.925208+00:00,Duk_kOhIimU,117,4,0,12037,12154,307,311,7,7,False,False,False,False
2026-05-14T11:23:07.925208+00:00,eAwkhxinCOc,84,3,0,20766,20850,470,473,3,3,False,False,False,False
2026-05-14T11:23:07.925208+00:00,66gMxbNKaYA,29481,566,4,527698,557179,18127,18693,408,412,False,False,False,False
2026-05-14T11:23:07.925208+00:00,8OjVlmrtW4M,2742,178,6,60001,62743,5342,5520,149,155,False,False,False,False
2026-05-14T11:23:07.925208+00:00,az3VKD9_H7Y,72,0,0,8774,8846,326,326,7,7,False,False,False,False
2026-05-14T11:23:07.925208+00:00,2y_3sFy4R1A,190,12,0,10230,10420,791,803,48,48,False,False,False,False
2026-05-14T11:23:07.925208+00:00,465Vc9I4fvc,836,8,0,31321,32157,386,394,13,13,False,False,False,False
2026-05-14T11:23:07.925208+00:00,kBctc9rV__4,12372,199,29,98994,111366,2003,2202,271,300,False,False,False,False
2026-05-14T11:23:07.925208+00:00,33HT7CnI79k,3613,54,1,132251,135864,2775,2829,175,176,False,False,False,False
2026-05-14T11:23:07.925208+00:00,NdU6UdUKaYc,162185,2524,287,2129454,2291639,45784,48308,6674,6961,False,False,False,False
2026-05-14T11:23:07.925208+00:00,k8j-6Xvw_G4,437115,11736,23,4618197,5055312,174663,186399,590,613,False,False,False,False
2026-05-14T11:23:07.925208+00:00,bRy54zQmixQ,1939,50,1,288468,290407,8605,8655,768,769,False,False,False,False
2026-05-14T11:23:07.925208+00:00,B9ocddyGfo8,110095,2746,22,3344086,3454181,122778,125524,758,780,False,False,False,False
2026-05-14T11:23:07.925208+00:00,nnUFM61waQU,101,3,0,5860,5961,175,178,0,0,False,False,False,False
2026-05-14T11:23:07.925208+00:00,6dt3fd17_d0,10226,343,45,298468,308694,12288,12631,1320,1365,False,False,False,False
2026-05-14T11:23:07.925208+00:00,_dxtH2u5aAk,371,20,0,28822,29193,1064,1084,18,18,False,False,False,False
2026-05-14T11:23:07.925208+00:00,wmeUOPjA_qc,72451,1292,65,2782949,2855400,71804,73096,2337,2402,False,False,False,False
2026-05-14T11:23:07.925208+00:00,TG39Ow5fepA,9998,181,1,986878,996876,24749,24930,473,474,False,False,False,False
2026-05-14T11:23:07.925208+00:00,fxb9BMISN54,5,0,0,3562,3567,394,394,4,4,False,False,False,False
2026-05-14T11:23:07.925208+00:00,rn0fCmYeDaI,10,1,0,4112,4122,497,498,8,8,False,False,False,False
2026-05-14T11:23:07.925208+00:00,ZjnjH_SaHyo,11,0,0,871,882,37,37,1,1,False,False,False,False
2026-05-14T11:23:07.925208+00:00,gZ3EniqK8Qc,9,0,0,4565,4574,393,393,2,2,False,False,False,False
2026-05-14T11:23:07.925208+00:00,7jg0cSWJpCA,12,0,0,2939,2951,229,229,5,5,False,False,False,False
2026-05-14T11:23:07.925208+00:00,oCsFEpxTxlI,2332,209,38,52910,55242,6434,6643,1452,1490,False,False,False,False
2026-05-14T11:23:07.925208+00:00,FCaTFLdtsco,154227,5719,58,1203015,1357242,49749,55468,602,660,False,False,False,False
2026-05-14T11:23:07.925208+00:00,Z50QkVZcP1k,3141,170,1,126369,129510,9615,9785,326,327,False,False,False,False
2026-05-14T11:23:07.925208+00:00,rbSEOholMxI,849,40,6,13005,13854,975,1015,222,228,False,False,False,False
2026-05-14T11:23:07.925208+00:00,OTt76d3wPiQ,9869,219,17,257023,266892,13679,13898,622,639,False,False,False,False
2026-05-14T11:23:07.925208+00:00,em-cVkkWtZo,76,4,0,2352,2428,148,152,8,8,False,False,False,False
2026-05-14T11:23:07.925208+00:00,BflRX7z7SHs,4660,258,34,64444,69104,5070,5328,531,565,False,False,False,False
2026-05-14T11:23:07.925208+00:00,gpfhjHmbmIE,5689,326,7,304788,310477,23059,23385,1140,1147,False,False,False,False
2026-05-14T11:23:07.925208+00:00,BAORYfrrBzc,20300,1197,13,591144,611444,34451,35648,653,666,False,False,False,False
2026-05-14T11:23:07.925208+00:00,5EWqr_Y2uH0,6150,89,4,551804,557954,15231,15320,1098,1102,False,False,False,False
2026-05-14T11:23:07.925208+00:00,KPjUKzX4bo8,4,0,0,2150,2154,104,104,3,3,False,False,False,False
2026-05-14T11:23:07.925208+00:00,UcgjSqz0CZs,14,0,0,2141,2155,46,46,18,18,False,False,False,False
2026-05-14T11:23:07.925208+00:00,L5HQ_jx0HX8,259,6,0,23118,23377,704,710,15,15,False,False,False,False
2026-05-14T11:23:07.925208+00:00,l4wOStt70KU,361,5,1,3963,4324,131,136,5,6,False,False,False,False
2026-05-14T11:23:07.925208+00:00,JQ8OpyAeTxw,1093,34,2,27144,28237,962,996,31,33,False,False,False,False
2026-05-14T11:23:07.925208+00:00,Rpw1_eKZCEA,10,0,0,1949,1959,28,28,6,6,False,False,False,False
2026-05-14T11:23:07.925208+00:00,0idqiLonGYI,352491,7956,610,3629277,3981768,92607,100563,7652,8262,False,False,False,False
2026-05-14T11:23:07.925208+00:00,k3wiE1KtSW4,1780,64,10,73576,75356,5154,5218,306,316,False,False,False,False
2026-05-14T11:23:07.925208+00:00,ttdfIEKLVks,409,1,0,12967,13376,464,465,5,5,False,False,False,False
2026-05-14T11:23:07.925208+00:00,aqvgY-woRYk,1736,58,4,24388,26124,1165,1223,100,104,False,False,False,False
2026-05-14T11:23:07.925208+00:00,rHDw0XcyZ1I,11552,729,22,182887,194439,16233,16962,400,422,False,False,False,False
2026-05-14T11:23:07.925208+00:00,SzDnUAJkenI,357,8,0,48681,49038,2447,2455,21,21,False,False,False,False
2026-05-14T11:23:07.925208+00:00,qx6ZbgO8vtU,250,5,0,19154,19404,536,541,17,17,False,False,False,False
2026-05-14T11:23:07.925208+00:00,u5XWNSVJajg,945,11,-1,46405,47350,659,670,6,5,False,False,False,False
2026-05-14T11:23:07.925208+00:00,z2Y4_cDvEYc,843,13,0,82748,83591,1741,1754,22,22,False,False,False,False
2026-05-14T11:23:07.925208+00:00,ve_y3EI_VeA,222,2,0,13171,13393,514,516,10,10,False,False,False,False
2026-05-14T11:23:07.925208+00:00,5-0m5LUhiCc,70,2,0,3247,3317,205,207,9,9,False,False,False,False
2026-05-14T11:23:07.925208+00:00,iP-y1c7euSI,291,5,0,12353,12644,341,346,3,3,False,False,False,False
2026-05-14T11:23:07.925208+00:00,r2choiRm7k8,61,3,1,5012,5073,272,275,12,13,False,False,False,False
2026-05-14T11:23:07.925208+00:00,F2VZtrSncAg,54,1,0,8544,8598,555,556,26,26,False,False,False,False
2026-05-14T11:23:07.925208+00:00,ZtF5VFbAs6M,135,2,0,9775,9910,189,191,2,2,False,False,False,False
2026-05-14T11:23:07.925208+00:00,PbH29W90aw4,41,2,0,3434,3475,105,107,5,5,False,False,False,False
2026-05-14T11:23:07.925208+00:00,lVBnEL1fWnw,53,0,0,5638,5691,333,333,7,7,False,False,False,False
2026-05-14T11:23:07.925208+00:00,6CyjL4X8e7g,700,48,2,74176,74876,5193,5241,62,64,False,False,False,False
2026-05-14T11:23:07.925208+00:00,EM5vv6_MQLY,4060,237,9,23765,27825,1468,1705,31,40,False,False,False,False
2026-05-14T11:23:07.925208+00:00,qluuZfYE02A,261,14,0,11637,11898,861,875,4,4,False,False,False,False
2026-05-14T11:23:07.925208+00:00,zRD_VJMMaPI,331,8,0,32096,32427,1018,1026,11,11,False,False,False,False
2026-05-14T11:23:07.925208+00:00,RRDqtyH9sZc,377,7,0,28870,29247,1247,1254,7,7,False,False,False,False
2026-05-14T11:23:07.925208+00:00,Fz9FjKAZ1uw,13987,247,7,789046,803033,22543,22790,644,651,False,False,False,False
2026-05-14T11:23:07.925208+00:00,qNEB_w5ECeI,687,24,0,26561,27248,687,711,12,12,False,False,False,False
2026-05-14T11:23:07.925208+00:00,lxRJpsidN4U,573,29,1,23086,23659,2154,2183,29,30,False,False,False,False
2026-05-14T11:23:07.925208+00:00,jRLXiOUYpqE,9260,491,5,491043,500303,27906,28397,343,348,False,False,False,False
2026-05-14T11:23:07.925208+00:00,SWyHoj5CRqs,7747,441,24,61763,69510,4971,5412,249,273,False,False,False,False
2026-05-14T11:23:07.925208+00:00,uTBQ0E07n88,19325,534,15,118574,137899,4736,5270,113,128,False,False,False,False
2026-05-14T11:23:07.925208+00:00,YGwqvGyl9f8,6073,178,1,108486,114559,4765,4943,113,114,False,False,False,False
2026-05-14T11:23:07.925208+00:00,m8nU1oWeHAI,159,5,0,9092,9251,578,583,3,3,False,False,False,False
2026-05-14T11:23:07.925208+00:00,5XkSf-AWb_Y,220,3,0,25489,25709,566,569,8,8,False,False,False,False
2026-05-14T11:23:07.925208+00:00,mJsIzeo1Onw,144,11,1,14517,14661,1144,1155,109,110,False,False,False,False
2026-05-14T11:23:07.925208+00:00,Scg5AwFfs-w,167,4,0,9089,9256,416,420,4,4,False,False,False,False
2026-05-14T11:23:07.925208+00:00,wng1spgJCoU,8414,230,4,307780,316194,8513,8743,444,448,False,False,False,False
2026-05-14T11:23:07.925208+00:00,N5iBaZ5gnfE,64003,1012,10,1490359,1554362,47645,48657,492,502,False,False,False,False
2026-05-14T11:23:07.925208+00:00,n-gYFcVx-8Y,90575,3315,470,3765716,3856291,189526,192841,29023,29493,False,False,False,False
2026-05-14T11:23:07.925208+00:00,0xt5-FTpASM,2689,99,21,238987,241676,13213,13312,1632,1653,False,False,False,False
2026-05-14T11:23:07.925208+00:00,fKuIJ_z2Y6A,35058,591,28,807345,842403,26689,27280,1540,1568,False,False,False,False
2026-05-14T11:23:07.925208+00:00,n8bdMyQzV0U,5512,95,15,174303,179815,6139,6234,825,840,False,False,False,False
2026-05-14T11:23:07.925208+00:00,x-SEoMFBPQQ,6552,198,20,27477,34029,1297,1495,159,179,False,False,False,False
2026-05-14T11:23:07.925208+00:00,mYxbmWCkImc,25,2,0,3893,3918,156,158,5,5,False,False,False,False
2026-05-14T11:23:07.925208+00:00,3lUxnG8nKC0,206,16,4,3142,3348,237,253,91,95,False,False,False,False
2026-05-14T11:23:07.925208+00:00,YFc40YFhMvk,14770,444,1,124381,139151,4754,5198,26,27,False,False,False,False
2026-05-14T11:23:07.925208+00:00,SzG_O-In1vg,52415,1784,43,1054927,1107342,38294,40078,994,1037,False,False,False,False
2026-05-14T11:23:07.925208+00:00,1djBIY7HO0k,99852,1951,16,2820977,2920829,87140,89091,765,781,False,False,False,False
2026-05-14T11:23:07.925208+00:00,VRLM4RDuurc,349,11,0,6866,7215,386,397,19,19,False,False,False,False
2026-05-14T11:23:07.925208+00:00,em_K85l2WNY,64,7,1,4957,5021,522,529,9,10,False,False,False,False
2026-05-14T11:23:07.925208+00:00,xIE99iYdH_o,9,0,0,2895,2904,229,229,4,4,False,False,False,False
2026-05-14T11:23:07.925208+00:00,VjcXNeQ8A_0,3257,191,0,16548,19805,1318,1509,14,14,False,False,False,False
2026-05-14T11:23:07.925208+00:00,Z1Ac2v8mULM,218,12,1,13115,13333,1047,1059,25,26,False,False,False,False
2026-05-14T11:23:07.925208+00:00,Q3JZcugU5zw,13,0,0,4978,4991,441,441,1,1,False,False,False,False
2026-05-14T11:23:07.925208+00:00,-lDwUYFl7Iw,29,2,0,6951,6980,706,708,9,9,False,False,False,False
2026-05-14T11:23:07.925208+00:00,WfDXOW1dNo4,57,1,0,12476,12533,874,875,13,13,False,False,False,False
2026-05-14T11:23:07.925208+00:00,yRy6KDl2xWo,17,1,0,2940,2957,74,75,3,3,False,False,False,False
2026-05-14T11:23:07.925208+00:00,BHCpoVaQyyw,34,3,0,8467,8501,650,653,3,3,False,False,False,False
2026-05-14T11:23:07.925208+00:00,Gs0INaKmzzQ,19,0,0,9136,9155,574,574,9,9,False,False,False,False
2026-05-14T11:23:07.925208+00:00,NUQcYZADgLw,7032,216,5,32802,39834,1453,1669,36,41,False,False,False,False
2026-05-14T11:23:07.925208+00:00,kY7n4gNtHXA,114,3,0,7672,7786,396,399,22,22,False,False,False,False
2026-05-14T11:23:07.925208+00:00,3yj9rCGNqjU,13648,305,2,71140,84788,2304,2609,62,64,False,False,False,False
2026-05-14T11:23:07.925208+00:00,-fWUTi8u0_k,887,28,0,77159,78046,2262,2290,144,144,False,False,False,False
2026-05-14T11:23:07.925208+00:00,GlOQIsLX2rA,23804,1572,13,557752,581556,35972,37544,597,610,False,False,False,False
2026-05-14T11:23:07.925208+00:00,0AheTRgTBzU,1432,74,3,44807,46239,2579,2653,58,61,False,False,False,False
2026-05-14T11:23:07.925208+00:00,MKL0tk-3UM8,1588,28,1,52560,54148,1562,1590,267,268,False,False,False,False
2026-05-14T11:23:07.925208+00:00,dk-pvsityfs,435,14,0,12878,13313,522,536,9,9,False,False,False,False
2026-05-14T11:23:07.925208+00:00,wAi4zvgGy4w,817,35,0,18503,19320,975,1010,35,35,False,False,False,False
2026-05-14T11:23:07.925208+00:00,rPAGWO3mtuE,206,2,0,9622,9828,400,402,7,7,False,False,False,False
2026-05-14T11:23:07.925208+00:00,SnqFU1SppX8,59,2,0,2122,2181,120,122,1,1,False,False,False,False
2026-05-14T11:23:07.925208+00:00,fPnt0Q0vl-Y,35,0,0,4087,4122,173,173,1,1,False,False,False,False
2026-05-14T11:23:07.925208+00:00,KLYwFWIhPWI,2817,142,7,153265,156082,9071,9213,433,440,False,False,False,False
2026-05-14T11:23:07.925208+00:00,Lc4kaEMcYPQ,48,6,0,13719,13767,1647,1653,40,40,False,False,False,False
2026-05-14T11:23:07.925208+00:00,fbStigxrqsk,113,5,2,4922,5035,466,471,219,221,False,False,False,False
2026-05-14T11:23:07.925208+00:00,FGFaysGrKng,5452,258,7,213549,219001,13933,14191,1580,1587,False,False,False,False
2026-05-14T11:23:07.925208+00:00,wDUtigax8Lg,14798,704,-1,1387613,1402411,55162,55866,516,515,False,False,False,False
2026-05-14T11:23:07.925208+00:00,XiPhamWTPcU,13746,517,2,369665,383411,20338,20855,260,262,False,False,False,False
2026-05-14T11:23:07.925208+00:00,wgtGulLPwE8,2555,347,19,25457,28012,4095,4442,340,359,False,False,False,False
2026-05-14T11:23:07.925208+00:00,NOv3U3ZUiro,628,28,0,98068,98696,4045,4073,157,157,False,False,False,False
2026-05-14T11:23:07.925208+00:00,fvtE4TCiMa0,49,5,0,6005,6054,284,289,49,49,False,False,False,False
2026-05-14T11:23:07.925208+00:00,YpOBx8xUEn8,56,1,0,7617,7673,393,394,9,9,False,False,False,False
2026-05-14T11:23:07.925208+00:00,9ZkFpNoq8-g,31530,895,20,547419,578949,20905,21800,1629,1649,False,False,False,False
2026-05-14T11:23:07.925208+00:00,GREaEG_0Xcw,35425,722,88,773779,809204,23673,24395,2449,2537,False,False,False,False
2026-05-14T11:23:07.925208+00:00,Ehoi-h7_rgM,561,44,0,34547,35108,3327,3371,374,374,False,False,False,False
2026-05-14T11:23:07.925208+00:00,Q47YOagFwk8,93,3,0,6509,6602,106,109,4,4,False,False,False,False
2026-05-14T11:23:07.925208+00:00,u3RceRwvVaw,19,-1,0,2434,2453,153,152,5,5,False,False,False,False
2026-05-14T11:23:07.925208+00:00,75QtulYanTE,16894,411,2,184772,201666,5560,5971,103,105,False,False,False,False
2026-05-14T11:23:07.925208+00:00,qobWiBK3PPY,460,10,0,19824,20284,421,431,11,11,False,False,False,False
2026-05-14T11:23:07.925208+00:00,_jqAr4E6dGs,18,0,0,1647,1665,90,90,1,1,False,False,False,False
2026-05-14T11:23:07.925208+00:00,r79B-_e2v-s,10478,287,24,133890,144368,4641,4928,640,664,False,True,True,False
2026-05-14T11:23:07.925208+00:00,CWCrgNlU4UY,39,1,0,1309,1348,68,69,1,1,False,False,False,False
2026-05-14T11:23:07.925208+00:00,_OGwq1_pxCE,4284,148,5,63945,68229,3055,3203,123,128,False,False,False,False
2026-05-14T11:23:07.925208+00:00,7tilLI0Vifk,1139,67,2,31023,32162,2164,2231,152,154,False,False,False,False
2026-05-14T11:23:07.925208+00:00,yhuivB5l4dQ,39,0,0,6472,6511,51,51,1,1,False,False,False,False
2026-05-14T11:23:07.925208+00:00,dyy-YNiS0U4,149,12,0,2761,2910,214,226,4,4,False,False,False,False
2026-05-14T11:23:07.925208+00:00,rzVhPTSNWnE,622,7,2,61991,62613,1730,1737,574,576,False,False,False,False
2026-05-14T11:23:07.925208+00:00,0GrbT_3jyoc,1166,54,1,215856,217022,10832,10886,128,129,False,False,False,False
2026-05-14T11:23:07.925208+00:00,jLqibx29wgs,135,2,0,5753,5888,213,215,2,2,False,False,False,False
2026-05-14T11:23:07.925208+00:00,7eJtgn-ZUCw,22,-1,0,1298,1320,57,56,0,0,False,False,False,False
2026-05-14T11:23:07.925208+00:00,aa_n-rMfKHE,4,0,0,124,128,9,9,1,1,False,False,False,False
2026-05-14T11:23:07.925208+00:00,MPsK-Z5jIuc,750,19,2,19523,20273,765,784,186,188,False,False,False,False
2026-05-14T11:23:07.925208+00:00,_7wkQHhLLaU,2178,33,-1,72647,74825,1707,1740,13,12,False,False,False,False
2026-05-14T11:23:07.925208+00:00,daPR3ZqGbag,156,1,0,8194,8350,372,373,15,15,False,False,False,False
2026-05-14T11:23:07.925208+00:00,_O-il5eIVDo,3427,89,3,37519,40946,1797,1886,121,124,False,False,False,False
2026-05-14T11:23:07.925208+00:00,J7L9ZfugS1M,157,7,1,2664,2821,167,174,8,9,False,False,False,False
2026-05-14T11:23:07.925208+00:00,M0HtojL-OXQ,70,4,0,6135,6205,142,146,1,1,False,False,False,False
2026-05-14T11:23:07.925208+00:00,5V-qwSnDOJs,143720,2771,232,332642,476362,9931,12702,920,1152,False,False,False,False
2026-05-14T11:23:07.925208+00:00,ubtx51mzCbo,645,41,0,38802,39447,2906,2947,36,36,False,False,False,False
2026-05-14T11:23:07.925208+00:00,PJQhN8D12Vk,577,14,0,31703,32280,1489,1503,25,25,False,False,False,False
2026-05-14T11:23:07.925208+00:00,IaBf1jTYaIw,4579,61,0,39681,44260,727,788,22,22,False,False,False,False
2026-05-14T11:23:07.925208+00:00,z1aIT-fzbhY,3164,70,0,38812,41976,1211,1281,21,21,False,False,False,False
2026-05-14T11:23:07.925208+00:00,1-zrnj9Z6FA,51,2,0,1531,1582,63,65,1,1,False,False,False,False
2026-05-14T11:23:07.925208+00:00,Or6yvefovGU,392,6,0,17432,17824,711,717,13,13,False,False,False,False
2026-05-14T11:23:07.925208+00:00,gIuPUj-p2Q4,40,1,0,7242,7282,68,69,3,3,False,False,False,False
2026-05-14T11:23:07.925208+00:00,6sARbvvnHxw,2213,80,7,39994,42207,2032,2112,144,151,False,False,False,False
2026-05-14T11:23:07.925208+00:00,rXhoGMAeoS8,71,3,0,3431,3502,104,107,2,2,False,False,False,False
2026-05-14T11:23:07.925208+00:00,YIozys8ZjPs,75,7,0,4119,4194,114,121,2,2,False,False,False,False
2026-05-14T11:23:07.925208+00:00,mCc1oPC5f-8,63666,969,46,232337,296003,3041,4010,175,221,False,False,False,False
2026-05-14T11:23:07.925208+00:00,iSGdQjtChUk,13,1,0,1516,1529,95,96,1,1,False,False,False,False
2026-05-14T11:23:07.925208+00:00,5qdSXAozae4,20,2,0,1370,1390,76,78,0,0,False,False,False,False
2026-05-14T11:23:07.925208+00:00,1buIx1jeQXg,51,4,0,3000,3051,185,189,8,8,False,False,False,False
2026-05-14T11:23:07.925208+00:00,YK5lvBU6yLs,11,0,0,922,933,39,39,0,0,False,False,False,False
2026-05-14T11:23:07.925208+00:00,3c9Oq8VyMpg,17,3,0,2359,2376,109,112,30,30,False,False,False,False
2026-05-14T11:23:07.925208+00:00,7JMlkwMz58I,7671,287,5,199951,207622,7540,7827,162,167,False,False,False,False
2026-05-14T11:23:07.925208+00:00,Tqg-qojfcqA,507,35,0,12203,12710,885,920,9,9,False,False,False,False
2026-05-14T11:23:07.925208+00:00,nm0rAOWyGtE,6637,141,0,89020,95657,2017,2158,19,19,False,False,False,False
2026-05-14T11:23:07.925208+00:00,R1Vs8Rnl1iY,361,12,-1,17933,18294,641,653,14,13,False,False,False,False
2026-05-14T11:23:07.925208+00:00,JDPom9Tnjc4,42801,602,12,1783761,1826562,46319,46921,1065,1077,False,False,False,False
2026-05-14T11:23:07.925208+00:00,vp4XgAoKrUQ,28819,505,0,436178,464997,12881,13386,197,197,False,False,False,False
2026-05-14T11:23:07.925208+00:00,KIL81oKLZTc,6106,180,7,117754,123860,4169,4349,204,211,False,False,False,False
2026-05-14T11:23:07.925208+00:00,mPHNIsDsJio,39605,572,157,935378,974983,15039,15611,5793,5950,False,False,False,False
2026-05-14T11:23:07.925208+00:00,kIyN_WRhXJw,6,0,0,101,107,10,10,1,1,False,False,False,False
2026-05-14T11:23:07.925208+00:00,WMUsoJWxKVU,16,0,0,1540,1556,105,105,1,1,False,False,False,False
2026-05-14T11:23:07.925208+00:00,jv13-whpdgI,15,1,0,4679,4694,318,319,7,7,False,False,False,False
2026-05-14T11:23:07.925208+00:00,RtMUcQbG1_o,18,2,0,5039,5057,599,601,7,7,False,False,False,False
2026-05-14T11:23:07.925208+00:00,qPikXaHU-jY,273,22,1,9337,9610,1010,1032,20,21,False,False,False,False
2026-05-14T11:23:07.925208+00:00,XAtcOrOAaIk,12,1,0,4078,4090,443,444,5,5,False,False,False,False
2026-05-14T11:23:07.925208+00:00,iuo88mIjzbk,395,24,1,5322,5717,676,700,8,9,False,False,False,False
2026-05-14T11:23:07.925208+00:00,MANsPvLwJs0,1752,67,1,11254,13006,994,1061,21,22,False,False,False,False
2026-05-14T11:23:07.925208+00:00,1THq9IwaDm0,92,7,0,6334,6426,422,429,10,10,False,False,False,False
2026-05-14T11:23:07.925208+00:00,wvdEIXEsnNg,41,1,0,3795,3836,336,337,7,7,False,False,False,False
2026-05-14T11:23:07.925208+00:00,eQzS6CUt7kU,2131,105,2,12000,14131,929,1034,29,31,False,False,False,False
2026-05-14T11:23:07.925208+00:00,oJI4o2LgAzY,2725,97,0,53436,56161,2752,2849,73,73,False,False,False,False
2026-05-14T11:23:07.925208+00:00,j_dyQn_4l44,1114,38,4,19086,20200,789,827,96,100,False,False,False,False
2026-05-14T11:23:07.925208+00:00,_AqBNvs7ko8,432,22,0,11950,12382,792,814,9,9,False,False,False,False
2026-05-14T11:23:07.925208+00:00,CBxCE4fVpt4,3116,108,2,37541,40657,2078,2186,98,100,False,False,False,False
2026-05-14T11:23:07.925208+00:00,Z-XHhcFemnk,2139,118,-14,81364,83503,5576,5694,160,146,False,False,False,False
2026-05-14T11:23:07.925208+00:00,VCFDGjCcWZs,12052,560,0,239663,251715,12985,13545,105,105,False,False,False,False
2026-05-14T11:23:07.925208+00:00,Kx0v4IeR-1s,246,11,0,4760,5006,322,333,6,6,False,False,False,False
2026-05-14T11:23:07.925208+00:00,p7K3xfViWCE,5829,184,12,167213,173042,8256,8440,615,627,False,False,False,False
2026-05-14T11:23:07.925208+00:00,dp2_5avL0dM,16,0,0,709,725,26,26,0,0,False,False,False,False
2026-05-14T11:23:07.925208+00:00,DDUq10BCIHc,50,2,0,449,499,17,19,2,2,False,False,False,False
2026-05-14T11:23:07.925208+00:00,2dTKyxqxca0,37,2,0,600,637,9,11,0,0,False,False,False,False
2026-05-14T11:23:07.925208+00:00,xLEEiMWgp-E,114,5,0,12756,12870,832,837,13,13,False,False,False,False
2026-05-14T11:23:07.925208+00:00,GIGLcNgNOP4,14191,588,8,220184,234375,15693,16281,652,660,False,False,False,False
2026-05-14T11:23:07.925208+00:00,neH5XN_YzW0,87,5,0,1713,1800,115,120,8,8,False,False,False,False
2026-05-14T11:23:07.925208+00:00,9Gr2QjvSQ-I,53403,2028,96,1077723,1131126,59409,61437,3468,3564,False,False,False,False
2026-05-14T11:23:07.925208+00:00,YAA0iXJ9gCQ,60665,2505,17,710709,771374,40458,42963,659,676,False,False,False,False
2026-05-14T11:23:07.925208+00:00,TyGoMtXLLBU,4360,254,76,39655,44015,2443,2697,571,647,False,False,False,False
2026-05-14T11:23:07.925208+00:00,NlFAfAqX1zE,170294,7741,287,996733,1167027,67126,74867,2448,2735,False,False,False,False
2026-05-14T11:23:07.925208+00:00,54IzxU24YT0,9348,322,46,296332,305680,19333,19655,1233,1279,False,False,False,False
2026-05-14T11:23:07.925208+00:00,vQnUaLtBmBE,622,53,1,16044,16666,2764,2817,26,27,False,False,False,False
2026-05-14T11:23:07.925208+00:00,J6Tn0FgJ768,1666,31,3,84165,85831,2998,3029,268,271,False,False,False,False
2026-05-14T11:23:07.925208+00:00,ifa-F8OY0KY,74936,3160,41,907762,982698,55939,59099,1572,1613,False,False,False,False
2026-05-14T11:23:07.925208+00:00,oYl0cu8wos0,8096,521,20,110726,118822,10564,11085,626,646,False,False,False,False
2026-05-14T11:23:07.925208+00:00,Mjq7A18Y7VY,1199,59,1,8003,9202,495,554,38,39,False,False,False,False
2026-05-14T11:23:07.925208+00:00,dbAz9kzA7yU,2874,147,1,216406,219280,15256,15403,681,682,False,False,False,False
2026-05-14T11:23:07.925208+00:00,IM4NXjEW8vA,51264,3159,20,1425874,1477138,68328,71487,501,521,False,False,False,False
2026-05-14T11:23:07.925208+00:00,-0tv5_bKAaQ,141907,5459,77,2285214,2427121,114227,119686,1202,1279,False,False,False,False
2026-05-14T11:23:07.925208+00:00,WhjPhyarsFI,4152,111,16,43562,47714,1908,2019,313,329,False,False,False,False
2026-05-14T11:23:07.925208+00:00,97bQ7zx1ObY,354,9,0,10735,11089,490,499,25,25,False,False,False,False
2026-05-14T11:23:07.925208+00:00,0QQ_jxbZbv0,93289,4518,52,1347797,1441086,93564,98082,1256,1308,False,False,False,False
2026-05-14T11:23:07.925208+00:00,cBokxkj8Kc0,71,6,0,7370,7441,323,329,5,5,False,False,False,False
2026-05-14T11:23:07.925208+00:00,xhbplPX4QKI,926,36,2,34490,35416,1478,1514,116,118,False,False,False,False
2026-05-14T11:23:07.925208+00:00,W-9lPpj_ILQ,103,3,1,5777,5880,594,597,21,22,False,False,False,False
2026-05-14T11:23:07.925208+00:00,wHsJWwtQpyo,713,24,0,16113,16826,522,546,5,5,False,False,False,False
2026-05-14T11:23:07.925208+00:00,_J_4Mjav6iI,126,4,0,8516,8642,369,373,5,5,False,False,False,False
2026-05-14T11:23:07.925208+00:00,_Amk2MbBD_U,58,0,0,2607,2665,82,82,4,4,False,False,False,False
2026-05-14T11:23:07.925208+00:00,1uxvXO8XY9M,5819,111,1,99499,105318,2889,3000,114,115,False,False,False,False
2026-05-14T11:23:07.925208+00:00,fGOSfk8mfPY,8811,217,11,345041,353852,10720,10937,922,933,False,False,False,False
2026-05-14T11:23:07.925208+00:00,etURVlpA5mA,60655,1025,11,1396649,1457304,40583,41608,473,484,False,False,False,False
2026-05-14T11:23:07.925208+00:00,dlGfZ3KjzwI,2680,74,7,203021,205701,8716,8790,905,912,False,False,False,False
2026-05-14T11:23:07.925208+00:00,TIqrd6dCa8o,532720,24817,323,4052004,4584724,201954,226771,2600,2923,False,False,False,False
2026-05-14T11:23:07.925208+00:00,bMzRXbjLUAs,120,6,0,5661,5781,144,150,1,1,False,False,False,False
2026-05-14T11:23:07.925208+00:00,SW0_HZ3B144,1066,23,0,26111,27177,776,799,16,16,False,False,False,False
2026-05-14T11:23:07.925208+00:00,AZXgFlX_bTU,1649,53,0,56437,58086,2870,2923,22,22,False,False,False,False
2026-05-14T11:23:07.925208+00:00,Vrl9eQ78bk8,1805,26,-1,90325,92130,2696,2722,36,35,False,False,False,False
2026-05-14T11:23:07.925208+00:00,pFxIhhK4rUE,743,22,1,24504,25247,1217,1239,12,13,False,False,False,False
2026-05-14T11:23:07.925208+00:00,wL08vOQaK70,868,34,-1,31869,32737,1851,1885,28,27,False,False,False,False
2026-05-14T11:23:07.925208+00:00,OQNLi8O-Eu0,17,1,0,1214,1231,56,57,0,0,False,False,False,False
2026-05-14T11:23:07.925208+00:00,HP4DI0WEiFw,4448,189,6,65959,70407,4544,4733,268,274,False,False,False,False
2026-05-14T11:23:07.925208+00:00,hR4tPe4rwuo,235,15,2,2650,2885,161,176,4,6,False,False,False,False
2026-05-14T11:23:07.925208+00:00,FIEGmya_S3Y,20,1,0,581,601,26,27,1,1,False,False,False,False
2026-05-14T11:23:07.925208+00:00,INj5n4ISAi0,2771,252,10,17870,20641,2080,2332,134,144,False,False,False,False
2026-05-14T11:23:07.925208+00:00,8Vq_Vm8Pe9Y,45276,2787,44,407858,453134,34644,37431,1060,1104,False,False,False,False
2026-05-14T11:23:07.925208+00:00,wzwlfPp8vuI,125,2,0,5746,5871,262,264,7,7,False,False,False,False
2026-05-14T11:23:07.925208+00:00,2sjya33qZWM,699,16,0,13064,13763,635,651,26,26,False,False,False,False
2026-05-14T11:23:07.925208+00:00,B_BjBZE0aU0,1417,70,6,52140,53557,3216,3286,226,232,False,False,False,False
2026-05-14T11:23:07.925208+00:00,vqBSNTZeLsg,512,11,0,27936,28448,588,599,246,246,False,False,False,False
2026-05-14T11:23:07.925208+00:00,heBK7ADuRKM,150,14,1,4700,4850,398,412,22,23,False,False,False,False
2026-05-14T11:23:07.925208+00:00,8J6XLe0H6Ro,434,8,-10,24482,24916,1277,1285,55,45,False,False,False,False
2026-05-14T11:23:07.925208+00:00,ZyLxuteCMXo,1142,33,7,23182,24324,1331,1364,103,110,False,False,False,False
2026-05-14T11:23:07.925208+00:00,8_dh-IB9jZ8,160913,5301,238,1100208,1261121,30074,35375,2000,2238,False,False,False,False
2026-05-14T11:23:07.925208+00:00,BTJGr78-zyw,1238151,29451,3853,6469201,7707352,200350,229801,30395,34248,False,False,False,False
2026-05-14T11:23:07.925208+00:00,QhCO1k8MGjE,104,6,0,6025,6129,255,261,8,8,False,False,False,False
2026-05-14T11:23:07.925208+00:00,TbKxcL_CH3Y,7118,152,14,75619,82737,2494,2646,320,334,False,False,False,False
2026-05-14T11:23:07.925208+00:00,IXYVjF7zckU,191,9,0,8358,8549,147,156,4,4,False,False,False,False
2026-05-14T11:23:07.925208+00:00,2G1BiZp3MmU,188,7,0,4600,4788,101,108,3,3,False,False,False,False
2026-05-14T11:23:07.925208+00:00,S3vzcn9ZhrA,61,3,0,4273,4334,103,106,3,3,False,False,False,False
2026-05-14T11:23:07.925208+00:00,rIi3YI0zmNI,13492,242,42,67649,81141,1432,1674,289,331,False,False,False,False
2026-05-14T11:23:07.925208+00:00,BvPzeHSVsEw,1121,30,1,5236,6357,228,258,16,17,False,True,False,False
2026-05-14T11:23:07.925208+00:00,Y5aoOsl-r00,125,13,0,2183,2308,105,118,0,0,False,False,False,False
2026-05-14T11:23:07.925208+00:00,v5HxYeboDIg,195,9,0,6489,6684,414,423,2,2,False,False,False,False
2026-05-14T11:23:07.925208+00:00,etSVXPZ5Wjg,347,7,0,9686,10033,257,264,15,15,False,False,False,False
2026-05-14T11:23:07.925208+00:00,pTWhfAY5kSk,41,-1,-1,5005,5046,297,296,38,37,False,False,False,False
2026-05-14T11:23:07.925208+00:00,PeFJWx_WIXA,6941,256,10,36749,43690,1711,1967,96,106,False,False,True,False
2026-05-14T11:23:07.925208+00:00,oZdFmKbycx8,3051,79,5,9586,12637,501,580,32,37,False,False,False,False
2026-05-14T11:23:07.925208+00:00,cxLWeagGWUE,570,11,0,6339,6909,257,268,1,1,False,False,False,False
2026-05-14T11:23:07.925208+00:00,2NTkOeH_p0o,117,4,0,1671,1788,102,106,1,1,False,False,False,False
2026-05-14T11:23:07.925208+00:00,imAjmQy8p8c,28307,1514,27,91707,120014,6567,8081,188,215,False,False,False,False
2026-05-14T11:23:07.925208+00:00,IKQKPQP0HNE,6019,273,3,108827,114846,6011,6284,161,164,False,False,False,False
2026-05-14T11:23:07.925208+00:00,lzoLWTtj5ho,690,48,0,12023,12713,1117,1165,12,12,False,False,False,False
2026-05-14T11:23:07.925208+00:00,RPZ16oRnnhM,969,38,2,4827,5796,237,275,11,13,False,False,False,False
2026-05-14T11:23:07.925208+00:00,22Rlq7eMvaE,943,31,-1,27952,28895,1099,1130,15,14,False,False,False,False
2026-05-14T11:23:07.925208+00:00,IIuM6BxBhdI,1027,29,0,28462,29489,1302,1331,16,16,False,False,False,False
2026-05-14T11:23:07.925208+00:00,mKRwWZlOQlk,3673,47,0,38721,42394,779,826,16,16,False,False,False,False
2026-05-14T11:23:07.925208+00:00,4t3ID7mJo-8,37719,717,5,277988,315707,5316,6033,74,79,False,False,False,False
2026-05-14T11:23:07.925208+00:00,9uEU6bWB6_4,48716,1302,4,489490,538206,14748,16050,121,125,False,False,False,False
2026-05-14T11:23:07.925208+00:00,bw5wSyyH-bg,3238,90,-1,90174,93412,3794,3884,54,53,False,False,False,False
2026-05-14T11:23:07.925208+00:00,Pf8xz9q12Cs,49252,1066,4,353442,402694,8395,9461,174,178,False,False,False,False
2026-05-14T11:23:07.925208+00:00,Vsa4DmH9_6c,209531,3426,32,3252955,3462486,80375,83801,926,958,False,False,False,False
2026-05-14T11:23:07.925208+00:00,c6EqXrf-yqk,30584,767,21,915549,946133,25456,26223,629,650,False,False,False,False
2026-05-14T11:23:07.925208+00:00,TNiqq4Uy7aY,426910,10242,64,3130132,3557042,107429,117671,746,810,False,False,False,False
2026-05-14T11:23:07.925208+00:00,toRXiIgtUig,536,38,1,5191,5727,341,379,62,63,False,False,False,False
2026-05-14T11:23:07.925208+00:00,c7jDKJkIuZ8,14,0,0,1447,1461,60,60,0,0,False,False,False,False
2026-05-14T11:23:07.925208+00:00,jMRgMiRCw8c,6,0,0,137,143,10,10,1,1,False,False,False,False
2026-05-14T11:23:07.925208+00:00,L9S9BoEzO_o,16,1,0,1029,1045,31,32,0,0,False,False,False,False
2026-05-14T11:23:07.925208+00:00,TrPGiDGAr8M,291,13,0,3825,4116,211,224,6,6,False,False,False,False
2026-05-14T11:23:07.925208+00:00,cH_ZScbZVEA,354,16,0,22435,22789,1920,1936,24,24,False,False,False,False
2026-05-14T11:23:07.925208+00:00,HBezrmK2eEY,296,20,0,8745,9041,977,997,20,20,False,False,False,False
2026-05-14T11:23:07.925208+00:00,H57K_ZTfLK4,46,3,0,3907,3953,493,496,7,7,False,False,False,False
2026-05-14T11:23:07.925208+00:00,nvzrL7MZ6FQ,181,6,0,28029,28210,1560,1566,17,17,False,False,False,False
2026-05-14T11:23:07.925208+00:00,tLBMAUtATsY,18,1,0,1586,1604,92,93,3,3,False,False,False,False
2026-05-14T11:23:07.925208+00:00,1_D2legkGnM,16,1,0,2168,2184,176,177,2,2,False,False,False,False
2026-05-14T11:23:07.925208+00:00,8MYi3eXH9Hs,18,1,0,1637,1655,79,80,2,2,False,False,False,False
2026-05-14T11:23:07.925208+00:00,zBNTi3oggvA,18,1,0,1813,1831,185,186,5,5,False,False,False,False
2026-05-14T11:23:07.925208+00:00,oUZ9Cxp_tkg,99,3,0,7076,7175,644,647,19,19,False,False,False,False
2026-05-14T11:23:07.925208+00:00,HWAFdvN-agY,42,1,0,5490,5532,512,513,6,6,False,False,False,False
2026-05-14T11:23:07.925208+00:00,iNuSrPJlZjU,89,3,0,10696,10785,787,790,7,7,False,False,False,False
2026-05-14T11:23:07.925208+00:00,cYDhCKATCbU,1519,98,3,5600,7119,387,485,20,23,False,False,False,False
2026-05-14T11:23:07.925208+00:00,BVN4zHHF5-Q,93,3,0,6726,6819,670,673,10,10,False,False,False,False
2026-05-14T11:23:07.925208+00:00,YdG8-82WJyI,67,7,1,6716,6783,728,735,8,9,False,False,False,False
2026-05-14T11:23:07.925208+00:00,36QCg3pkoXs,185,9,1,7886,8071,359,368,17,18,False,False,False,False
2026-05-14T11:23:07.925208+00:00,IXKysHFKvrk,2723,96,0,31661,34384,1584,1680,54,54,False,False,False,False
2026-05-14T11:23:07.925208+00:00,EsohGEXp5RA,865,30,0,13430,14295,564,594,17,17,False,False,False,False
2026-05-14T11:23:07.925208+00:00,0nyr8P7hgfU,595,33,1,20212,20807,1350,1383,124,125,False,False,False,False
2026-05-14T11:23:07.925208+00:00,qtz20vF8OR0,1213,88,1,31462,32675,3028,3116,42,43,False,False,False,False
2026-05-14T11:23:07.925208+00:00,EJBfmLrc-iw,10702,338,8,69581,80283,2790,3128,108,116,False,False,False,False
2026-05-14T11:23:07.925208+00:00,kWIBe2hzd4M,11117,753,2,243353,254470,13554,14307,81,83,False,False,False,False
2026-05-14T11:23:07.925208+00:00,KGHb_XF0Z8M,25497,1174,61,259794,285291,15887,17061,1218,1279,False,False,False,False
2026-05-14T11:23:07.925208+00:00,rm46SdVfB4I,2043,80,2,19779,21822,1396,1476,21,23,False,False,False,False
2026-05-14T11:23:07.925208+00:00,GYBVh5zlV50,764,16,0,20724,21488,606,622,13,13,False,False,False,False
2026-05-14T11:23:07.925208+00:00,CFBEih785-I,4553,81,5,39847,44400,1230,1311,153,158,False,False,False,False
2026-05-14T11:23:07.925208+00:00,m97VrsutW-s,136,0,0,8844,8980,28,28,7,7,False,False,False,False
2026-05-14T11:23:07.925208+00:00,0ynBLEz-2Wk,5046,213,7,19737,24783,1017,1230,74,81,False,False,False,False
2026-05-14T11:23:07.925208+00:00,2aKsRFcgkNk,469,10,0,6929,7398,210,220,2,2,False,False,False,False
2026-05-14T11:23:07.925208+00:00,ayCQvz-p7Sc,22250,439,68,140203,162453,3720,4159,385,453,False,False,False,False
2026-05-14T11:23:07.925208+00:00,TEB02AXYfmw,70,2,0,1402,1472,66,68,3,3,False,False,False,False
2026-05-14T11:23:07.925208+00:00,un0mMDfpPEc,109,3,0,10885,10994,342,345,22,22,False,False,False,False
2026-05-14T11:23:07.925208+00:00,4LJ6dmvKxc8,102,4,0,1423,1525,58,62,0,0,False,False,False,False
2026-05-14T11:23:07.925208+00:00,opuHyONlqjY,1848,34,0,148259,150107,4132,4166,95,95,False,False,False,False
2026-05-14T11:23:07.925208+00:00,cL8lb0QX3QU,3885,242,8,52917,56802,3717,3959,313,321,False,False,False,False
2026-05-14T11:23:07.925208+00:00,4UVhim1TnMY,3293,181,17,37716,41009,2390,2571,220,237,False,False,False,False
2026-05-14T11:23:07.925208+00:00,5UewQixXxSY,275,5,0,9533,9808,404,409,43,43,False,False,False,False
2026-05-14T11:23:07.925208+00:00,_2djt63K6Lg,4150,186,2,56059,60209,2705,2891,176,178,False,False,False,False
2026-05-14T11:23:07.925208+00:00,DYjyeCKIEU0,111,11,0,2319,2430,258,269,52,52,False,False,False,False
2026-05-14T11:23:07.925208+00:00,ASMDfvp7HM4,39,1,0,1829,1868,185,186,60,60,False,False,False,False
2026-05-14T11:23:07.925208+00:00,rJx6qKcbxrs,7210,352,48,67464,74674,3936,4288,451,499,False,False,False,False
2026-05-14T11:23:07.925208+00:00,dgLkCZqY25k,0,1,0,0,0,0,1,0,0,False,False,False,False
2026-05-14T11:23:07.925208+00:00,9shE5GdYp68,206,19,0,2918,3124,264,283,2,2,False,False,False,False
2026-05-14T11:23:07.925208+00:00,yHYYyV2Pdmk,12114,709,8,233823,245937,16166,16875,510,518,False,False,False,False
2026-05-14T11:23:07.925208+00:00,TkDWgKCjdtU,250763,4939,513,1385246,1636009,39783,44722,4810,5323,False,False,False,False
2026-05-14T11:23:07.925208+00:00,KcA4MloW4PA,202792,6354,48,1643823,1846615,70154,76508,1082,1130,False,False,False,False
2026-05-14T11:23:07.925208+00:00,BVCcjqYlfXg,55302,1538,7,405635,460937,16703,18241,196,203,False,False,False,False
2026-05-14T11:23:07.925208+00:00,KXZAIigKofE,154,5,0,7994,8148,446,451,26,26,False,False,False,False
2026-05-14T11:23:07.925208+00:00,0QtQXR__SpY,3633,255,3,39834,43467,3866,4121,207,210,False,False,False,False
2026-05-14T11:23:07.925208+00:00,mDsCuRpgikc,582,25,0,7516,8098,347,372,24,24,False,False,False,False
2026-05-14T11:23:07.925208+00:00,gVBwX14zOak,345,22,0,15070,15415,1286,1308,8,8,False,False,False,False
2026-05-14T11:23:07.925208+00:00,PBJZdZSTGlE,308,26,0,13658,13966,944,970,11,11,False,False,False,False
2026-05-14T11:23:07.925208+00:00,jOTjNdjtiBw,187,7,0,9369,9556,422,429,22,22,False,False,False,False
2026-05-14T11:23:07.925208+00:00,fabe7nYQa1Q,418,9,2,23567,23985,619,628,185,187,False,False,False,False
2026-05-14T11:23:07.925208+00:00,BqtCN12mmu4,6803,185,0,65938,72741,2844,3029,83,83,False,False,False,False
2026-05-14T11:23:07.925208+00:00,0Pz4RIvTg_Y,31,0,0,1220,1251,54,54,9,9,False,False,False,False
2026-05-14T11:23:07.925208+00:00,KOAhANin5CE,574,9,0,26941,27515,577,586,3,3,False,False,False,False
2026-05-14T11:23:07.925208+00:00,UEYBrtzl3wg,17671,1238,35,153023,170694,13469,14707,638,673,False,False,False,False
2026-05-14T11:23:07.925208+00:00,Ocx5uE7vjIw,505,21,0,11477,11982,361,382,16,16,False,False,False,False
2026-05-14T11:23:07.925208+00:00,Fo1L69HFO0c,2891,73,5,22855,25746,555,628,31,36,False,False,False,False
2026-05-14T11:23:07.925208+00:00,_hze_rJ4xr0,255,6,0,17184,17439,1364,1370,11,11,False,False,False,False
2026-05-14T11:23:07.925208+00:00,GBAXKF4myuk,102892,2477,9,1955073,2057965,72645,75122,315,324,False,False,False,False
2026-05-14T11:23:07.925208+00:00,gsRLocZ2QYg,14321,301,13,481989,496310,16452,16753,1048,1061,False,False,False,False
2026-05-14T11:23:07.925208+00:00,qI1r3TGu5s8,184654,4210,48,1565234,1749888,54084,58294,767,815,False,False,False,False
2026-05-14T11:23:07.925208+00:00,ZD538bXPQ50,4378,502,35,41276,45654,5543,6045,371,406,False,False,False,False
2026-05-14T11:23:07.925208+00:00,4xGGV_ExIyM,5321,152,5,261897,267218,9018,9170,411,416,False,False,False,False
2026-05-14T11:23:07.925208+00:00,f5QmO_3rK00,248062,8665,39,2845193,3093255,133860,142525,649,688,False,False,False,False
2026-05-14T11:23:07.925208+00:00,m1ddx427bHI,4500,149,8,244111,248611,12412,12561,1388,1396,False,False,False,False
2026-05-14T11:23:07.925208+00:00,Re9uBHP_Aqo,2726,99,0,50286,53012,1891,1990,54,54,False,False,False,False
2026-05-14T11:23:07.925208+00:00,ZkmmXa5JVNg,129,7,0,3541,3670,74,81,1,1,False,False,False,False
2026-05-14T11:23:07.925208+00:00,57VIVNJZywU,84,5,0,2325,2409,65,70,0,0,False,False,False,False
2026-05-14T11:23:07.925208+00:00,ihQnnrWal1k,108,5,0,2778,2886,75,80,2,2,False,False,False,False
2026-05-14T11:23:07.925208+00:00,P4qGwxx9dnI,74,5,0,2547,2621,119,124,7,7,False,False,False,False
2026-05-14T11:23:07.925208+00:00,iad41oFviv8,2824,43,1,39219,42043,791,834,45,46,False,False,False,False
2026-05-14T11:23:07.925208+00:00,FzAYUea4vE8,41,4,0,1703,1744,88,92,3,3,False,False,False,False
2026-05-14T11:23:07.925208+00:00,KKUB9Q0Ldi8,133,7,-1,2632,2765,157,164,24,23,False,False,False,False
2026-05-14T11:23:07.925208+00:00,aevzxcKkLfc,1312,18,-1,5525,6837,145,163,29,28,False,False,False,False
2026-05-14T11:23:07.925208+00:00,GJXhgjQeChE,144,4,-2,2657,2801,101,105,28,26,False,False,False,False
2026-05-14T11:23:07.925208+00:00,lgaBRLInhYo,75,4,1,3104,3179,180,184,18,19,False,False,False,False
2026-05-14T11:23:07.925208+00:00,WpOXR1f8rKQ,2648,56,1,4445,7093,219,275,1,2,False,False,False,False
2026-05-14T11:23:07.925208+00:00,764wuV71sO0,7019,232,3,86396,93415,3630,3862,44,47,False,False,False,False
2026-05-14T11:23:07.925208+00:00,GIpW82nODbE,30998,955,8,124045,155043,4647,5602,16,24,False,False,False,False
2026-05-14T11:23:07.925208+00:00,_LRfzYRul0Y,64623,1179,24,182468,247091,3699,4878,86,110,False,False,False,False
2026-05-14T11:23:07.925208+00:00,wWNSkQKqie8,53056,1421,5,218365,271421,6701,8122,36,41,False,False,False,False
2026-05-14T11:23:07.925208+00:00,OQf2Ba-Lp_4,19038,430,16,57060,76098,1809,2239,79,95,False,False,False,False
2026-05-14T11:23:07.925208+00:00,9g8Bz0ugi1I,120692,3710,30,426913,547605,15525,19235,203,233,False,False,False,False
2026-05-14T11:23:07.925208+00:00,iowRMNUU9QQ,1345,24,1,22890,24235,487,511,5,6,False,False,False,False
2026-05-14T11:23:07.925208+00:00,Or4oXjKPXrE,3133,42,2,70661,73794,1448,1490,24,26,False,False,False,False
2026-05-14T11:23:07.925208+00:00,SFvm5X9E9hI,120130,3113,255,912415,1032545,23302,26415,2258,2513,False,False,False,False
2026-05-14T11:23:07.925208+00:00,uZo3hzCUNsM,244693,5933,85,1329110,1573803,37467,43400,632,717,False,False,False,False
2026-05-14T11:23:07.925208+00:00,BYGtKMpJGpg,132087,3648,58,594381,726468,23197,26845,590,648,False,False,False,False
2026-05-14T11:23:07.925208+00:00,owFZVWRoRTM,67578,813,216,754923,822501,12496,13309,4053,4269,False,False,False,False
2026-05-14T11:23:07.925208+00:00,-XlB3RebSW4,342,15,0,3758,4100,218,233,0,0,False,False,False,False
2026-05-14T11:23:07.925208+00:00,3u17S5IHq14,20,0,0,1649,1669,49,49,0,0,False,False,False,False
2026-05-14T11:23:07.925208+00:00,R_SOXyvBPuA,11,0,0,105,116,7,7,1,1,False,False,False,False
2026-05-14T11:23:07.925208+00:00,7YTMLEzOyD0,58,0,0,2539,2597,71,71,1,1,False,False,False,False
2026-05-14T11:23:07.925208+00:00,rMiiE5QmEb0,111,9,0,5300,5411,343,352,5,5,False,False,False,False
2026-05-14T11:23:07.925208+00:00,YfK3LI27YcU,35,1,0,2642,2677,205,206,2,2,False,False,False,False
2026-05-14T11:23:07.925208+00:00,CthF-LloGYM,134,8,0,3448,3582,226,234,2,2,False,False,False,False
2026-05-14T11:23:07.925208+00:00,WIPMzBbfEbk,80,3,0,4979,5059,339,342,4,4,False,False,False,False
2026-05-14T11:23:07.925208+00:00,cQtG3e89OlU,22,0,0,2765,2787,218,218,3,3,False,False,False,False
2026-05-14T11:23:07.925208+00:00,RSQwihpACgQ,47,3,0,2102,2149,242,245,5,5,False,False,False,False
2026-05-14T11:23:07.925208+00:00,xVBsBrmoXa8,29,1,0,3607,3636,290,291,5,5,False,False,False,False
2026-05-14T11:23:07.925208+00:00,DNOr88umKsw,3379,76,1,18060,21439,670,746,38,39,False,False,False,False
2026-05-14T11:23:07.925208+00:00,mZ64zRivrJw,3956,114,9,45696,49652,1767,1881,207,216,False,False,False,False
2026-05-14T11:23:07.925208+00:00,m2QTVLiXizo,2983,209,1,19980,22963,2074,2283,17,18,False,False,False,False
2026-05-14T11:23:07.925208+00:00,OS1R8XpI7b4,98914,4280,23,573315,672229,28702,32982,161,184,False,False,False,False
2026-05-14T11:23:07.925208+00:00,_WaudpvolTs,2739,241,6,106158,108897,10980,11221,676,682,False,False,False,False
2026-05-14T11:23:07.925208+00:00,ZzrrUfFTu_8,12973,334,9,136792,149765,4223,4557,121,130,False,False,False,False
2026-05-14T11:23:07.925208+00:00,j8jE4UhhMuo,1541,29,1,19774,21315,498,527,9,10,False,False,False,False
2026-05-14T11:23:07.925208+00:00,4nQnhjimB4Y,2887,70,11,57905,60792,1962,2032,159,170,False,False,False,False
2026-05-14T11:23:07.925208+00:00,mY8qW0pAy_o,333,15,1,1938,2271,147,162,7,8,False,False,False,False
2026-05-14T11:23:07.925208+00:00,3eAU7XU51vw,3957,53,2,15602,19559,406,459,4,6,False,False,False,False
2026-05-14T11:23:07.925208+00:00,5eSIhYuzDcU,414,11,0,4073,4487,124,135,0,0,False,False,False,False
2026-05-14T11:23:07.925208+00:00,TeA1JMxe-Cg,194,6,0,9702,9896,271,277,5,5,False,False,False,False
2026-05-14T11:23:07.925208+00:00,BVXJqZenDxU,196,1,0,4427,4623,75,76,4,4,False,False,False,False
2026-05-14T11:23:07.925208+00:00,ncHb_w6UeI8,895,18,12,11983,12878,257,275,12,24,False,False,False,False
2026-05-14T11:23:07.925208+00:00,jwD3VeaU_ng,68,2,0,1579,1647,57,59,1,1,False,False,False,False
2026-05-14T11:23:07.925208+00:00,PDLLR1NwC2o,30280,1297,74,143386,173666,9089,10386,584,658,False,False,False,False
2026-05-14T11:23:07.925208+00:00,rSJp2QXBRZE,614,43,2,14949,15563,1775,1818,24,26,False,False,False,False
2026-05-14T11:23:07.925208+00:00,yCIVUZmGyZ8,4301,186,10,41873,46174,2073,2259,107,117,False,False,False,False
2026-05-14T11:23:07.925208+00:00,X84NGQIvwr4,21,1,0,886,907,98,99,0,0,False,False,False,False
2026-05-14T11:23:07.925208+00:00,xaN83gVwJ60,54981,2899,42,614503,669484,43511,46410,1784,1826,False,False,False,False
2026-05-14T11:23:07.925208+00:00,1mHrzCe7Gkc,32079,3123,188,104871,136950,12965,16088,1052,1240,False,False,False,False
2026-05-14T11:23:07.925208+00:00,hOQ3M6jdE8Y,323,39,2,3535,3858,418,457,19,21,False,False,False,False
2026-05-14T11:23:07.925208+00:00,mtAmAX-y2vI,7527,351,8,20997,28524,1398,1749,35,43,False,False,False,False
2026-05-14T11:23:07.925208+00:00,bsqWl-u1aQQ,4045,371,23,180031,184076,17454,17825,1429,1452,False,False,False,False
2026-05-14T11:23:07.925208+00:00,Yikyh4ymps0,216172,8991,37,1558974,1775146,82423,91414,519,556,False,False,False,False
2026-05-14T11:23:07.925208+00:00,B3hwrASGkpY,269065,10344,90,2056135,2325200,96033,106377,1206,1296,False,False,False,False
2026-05-14T11:23:07.925208+00:00,5gvtrtQdrkI,338536,13275,178,2043116,2381652,98982,112257,1395,1573,False,False,False,False
2026-05-14T11:23:07.925208+00:00,aDvEt1rIAyM,430,24,0,6229,6659,432,456,16,16,False,False,False,False
2026-05-14T11:23:07.925208+00:00,2qJtxDjGURI,119,11,0,6399,6518,331,342,6,6,False,False,False,False
2026-05-14T11:23:07.925208+00:00,ExJhkzR21ls,3054,83,3,13534,16588,566,649,23,26,False,False,False,False
2026-05-14T11:23:07.925208+00:00,j97gEY_DkBc,1551,50,3,14835,16386,701,751,56,59,False,False,False,False
2026-05-14T11:23:07.925208+00:00,UOef-z5X3SU,253,26,1,3653,3906,320,346,21,22,False,False,False,False
2026-05-14T11:23:07.925208+00:00,rWjQ27r4akc,2157,61,2,15116,17273,892,953,29,31,False,False,False,False
2026-05-14T11:23:07.925208+00:00,XmME99qXdmM,15100,403,5,100663,115763,4166,4569,122,127,False,False,False,False
2026-05-14T11:23:07.925208+00:00,LAjjk7ivtFM,2984,82,3,16030,19014,973,1055,15,18,False,False,False,False
2026-05-14T11:23:07.925208+00:00,QLPK0g7s3lg,251,12,1,8873,9124,974,986,54,55,False,False,False,False
2026-05-14T11:23:07.925208+00:00,utvh4HJcx14,28,0,0,596,624,52,52,0,0,False,False,False,False
2026-05-14T11:23:07.925208+00:00,tXRno9MAa-I,39892,1367,12,124727,164619,3217,4584,30,42,False,False,False,False
2026-05-14T11:23:07.925208+00:00,SRq2k75uLVo,88371,3078,158,807017,895388,36535,39613,1981,2139,False,False,False,False
2026-05-14T11:23:07.925208+00:00,objQF8D-t3Q,463,23,0,7175,7638,478,501,6,6,False,False,False,False
2026-05-14T11:23:07.925208+00:00,MQmVuZls-MA,354,9,1,4416,4770,189,198,3,4,False,False,False,False
2026-05-14T11:23:07.925208+00:00,XmTywJQA2fs,38973,1354,14,131081,170054,5793,7147,116,130,False,False,False,False
2026-05-14T11:23:07.925208+00:00,8NoYT5bpGOI,32655,792,27,302617,335272,11210,12002,933,960,False,False,False,False
2026-05-14T11:23:07.925208+00:00,MK36lyttVLU,38326,1467,11,496331,534657,26520,27987,548,559,False,False,False,False
2026-05-14T11:23:07.925208+00:00,B_hpiBpMQoI,110585,4394,33,1626078,1736663,80608,85002,619,652,False,False,False,False
2026-05-14T11:23:07.925208+00:00,p6Ejmhwb8Sc,15012,820,97,133518,148530,10311,11131,2164,2261,False,False,False,False
2026-05-14T11:23:07.925208+00:00,UXjB6q1dTRE,2786,57,0,20610,23396,627,684,6,6,False,False,False,False
2026-05-14T11:23:07.925208+00:00,arQ-cU7yqCI,1599,29,1,20445,22044,754,783,13,14,False,False,False,False
2026-05-14T11:23:07.925208+00:00,0rTo8XSNApA,46,6,0,2129,2175,266,272,7,7,False,False,False,False
2026-05-14T11:23:07.925208+00:00,g7ANmC6IYog,2435,103,0,11056,13491,1355,1458,12,12,False,False,False,False
2026-05-14T11:23:07.925208+00:00,SsMdZMkYKO4,3674,156,3,10665,14339,893,1049,7,10,False,False,False,False
2026-05-14T11:23:07.925208+00:00,jZRQQbanCx8,1415,39,-1,16951,18366,633,672,20,19,False,False,False,False
2026-05-14T11:23:07.925208+00:00,Nn2eXwch-K0,9700,194,45,89681,99381,2623,2817,667,712,False,False,False,False
2026-05-14T11:23:07.925208+00:00,iLMYNLHll1E,6954,110,4,19134,26088,1040,1150,18,22,False,False,False,False
2026-05-14T11:23:07.925208+00:00,Qqa-Y5pzMy4,311,22,0,4024,4335,264,286,2,2,False,False,False,False
2026-05-14T11:23:07.925208+00:00,8i_FS3tarec,159,6,0,2454,2613,125,131,1,1,False,False,False,False
2026-05-14T11:23:07.925208+00:00,_4CeefIlOBM,74,10,0,2230,2304,174,184,2,2,False,False,False,False
2026-05-14T11:23:07.925208+00:00,1JlcRuBAtZ4,63,6,0,2837,2900,231,237,3,3,False,False,False,False
2026-05-14T11:23:07.925208+00:00,0JYl95vG5hs,1568,53,0,9010,10578,427,480,44,44,False,False,False,False
2026-05-14T11:23:07.925208+00:00,B_yUECWfVFg,5935,96,8,23197,29132,627,723,36,44,False,False,False,False
2026-05-14T11:23:07.925208+00:00,VozHMHyKtG8,40273,2897,30,130946,171219,10889,13786,144,174,False,False,False,False
2026-05-14T11:23:07.925208+00:00,e1sm34QQ5Q0,2447,156,3,41045,43492,3551,3707,38,41,False,False,False,False
2026-05-14T11:23:07.925208+00:00,gpnRn3UuFOc,13256,709,14,25447,38703,1728,2437,39,53,False,False,False,False
2026-05-14T11:23:07.925208+00:00,r8avNn7cKuY,35678,593,4,95438,131116,1970,2563,26,30,False,False,False,False
2026-05-14T11:23:07.925208+00:00,e-fi6z80CoA,31954,661,2,182015,213969,4534,5195,45,47,False,False,False,False
2026-05-14T11:23:07.925208+00:00,G-2pLhMxPMU,25017,775,1,131930,156947,4268,5043,42,43,False,False,False,False
2026-05-14T11:23:07.925208+00:00,DGL86zYmHBc,3351,125,-8,26885,30236,2181,2306,15,7,False,False,False,False
2026-05-14T11:23:07.925208+00:00,RdybN9A5CH8,3202,64,-1,31147,34349,1190,1254,12,11,False,False,False,False
2026-05-14T11:23:07.925208+00:00,g3qdSCk9TNw,68726,1892,12,311759,380485,8065,9957,86,98,False,False,False,False
2026-05-14T11:23:07.925208+00:00,oZteZj3IPCs,114567,4095,54,439109,553676,18283,22378,266,320,False,False,False,False
2026-05-14T11:23:07.925208+00:00,Mjin58WQTUI,2761,51,0,27721,30482,581,632,5,5,False,False,False,False
2026-05-14T11:23:07.925208+00:00,HI5_RnjEGNg,82342,1362,18,1177971,1260313,28911,30273,561,579,False,False,False,False
2026-05-14T11:23:07.925208+00:00,N0Inna0vbM0,98274,1669,18,816018,914292,18830,20499,261,279,False,False,False,False
2026-05-14T11:23:07.925208+00:00,WfDMkPf1JQs,128971,3410,47,774012,902983,26759,30169,551,598,False,False,False,False
2026-05-14T11:23:07.925208+00:00,bpakYz183lw,1418,38,0,16705,18123,334,372,5,5,False,False,False,False
2026-05-14T11:23:07.925208+00:00,r68HyQzJ6N0,1217,59,3,4689,5906,305,364,10,13,False,False,False,False
2026-05-14T11:23:07.925208+00:00,qOnJdoXR8c4,909,18,0,3267,4176,95,113,0,0,False,False,False,False
2026-05-14T11:23:07.925208+00:00,nx-wJiabIZ8,30,0,0,116,146,15,15,3,3,False,False,False,False
2026-05-14T11:23:07.925208+00:00,i7p23_flIAA,160,1,0,3120,3280,56,57,0,0,False,False,False,False
2026-05-14T11:23:07.925208+00:00,9ERKnW5WgOk,90,2,0,3575,3665,258,260,3,3,False,False,False,False
2026-05-14T11:23:07.925208+00:00,eeMXmcWUVjE,119,6,0,5477,5596,403,409,9,9,False,False,False,False
2026-05-14T11:23:07.925208+00:00,GyBPytpEBpk,280,10,0,8575,8855,615,625,6,6,False,False,False,False
2026-05-14T11:23:07.925208+00:00,WnFI_2Fg4dI,82,6,0,3966,4048,335,341,4,4,False,False,False,False
2026-05-14T11:23:07.925208+00:00,6tpnQGLgPwo,136,7,0,4681,4817,381,388,4,4,False,False,False,False
2026-05-14T11:23:07.925208+00:00,mFiFFP7x_RQ,108,7,0,4170,4278,375,382,3,3,False,False,False,False
2026-05-14T11:23:07.925208+00:00,O26UmdpBMbo,101,8,0,4311,4412,361,369,3,3,False,False,False,False
2026-05-14T11:23:07.925208+00:00,IG4Sqs3G1fA,7600,339,3,82890,90490,5821,6160,107,110,False,False,False,False
2026-05-14T11:23:07.925208+00:00,U2bFd4gAJ4w,2006,37,2,33875,35881,1373,1410,64,66,False,False,False,False
2026-05-14T11:23:07.925208+00:00,N9GiuDJVJuc,115265,5300,24,619547,734812,30646,35946,297,321,False,False,False,False
2026-05-14T11:23:07.925208+00:00,Z_JYEX2bgb0,28038,1480,101,287372,315410,20465,21945,1590,1691,False,False,False,False
2026-05-14T11:23:07.925208+00:00,SSs7i4DW19g,4675,99,2,26985,31660,1068,1167,14,16,False,False,False,False
2026-05-14T11:23:07.925208+00:00,g6Cq3m3gq1g,16802,1239,88,44006,60808,3541,4780,337,425,False,False,False,False
2026-05-14T11:23:07.925208+00:00,9OkSBuY8kGU,2619,30,1,6503,9122,244,274,3,4,False,False,False,False
2026-05-14T11:23:07.925208+00:00,1P3QPUUL_DQ,1049,21,1,3793,4842,106,127,0,1,False,False,False,False
2026-05-14T11:23:07.925208+00:00,SSaZRt10A1s,169,3,0,3828,3997,85,88,4,4,False,False,False,False
2026-05-14T11:23:07.925208+00:00,4bXNYw_dTeY,23164,687,41,125778,148942,5385,6072,316,357,False,False,False,False
2026-05-14T11:23:07.925208+00:00,_X5aIvzO9Fw,85,4,0,2601,2686,52,56,0,0,False,False,False,False
2026-05-14T11:23:07.925208+00:00,ylIZ2D5Td4I,135,10,0,1450,1585,50,60,0,0,False,False,False,False
2026-05-14T11:23:07.925208+00:00,vKG-QwpcF3k,39258,1195,158,231292,270550,12039,13234,2794,2952,False,False,False,False
2026-05-14T11:23:07.925208+00:00,7w_UJew1aDs,12835,653,116,191627,204462,14203,14856,2408,2524,False,False,False,False
2026-05-14T11:23:07.925208+00:00,zkmezdV88JA,9289,623,16,234699,243988,19393,20016,1646,1662,False,False,False,False
2026-05-14T11:23:07.925208+00:00,-peAopWmtxU,12446,825,12,346613,359059,30815,31640,1866,1878,False,False,False,False
2026-05-14T11:23:07.925208+00:00,Xq7pk4z4rlk,385923,16727,94,3076304,3462227,148900,165627,1367,1461,False,False,False,False
2026-05-14T11:23:07.925208+00:00,OGQFzTqTT6o,29752,1195,13,296971,326723,14794,15989,206,219,False,False,False,False
2026-05-14T11:23:07.925208+00:00,2MInIAO3bFA,620,31,1,5260,5880,309,340,12,13,False,False,False,False
2026-05-14T11:23:07.925208+00:00,gztlPinApRE,55996,2863,75,646627,702623,43935,46798,1272,1347,False,False,False,False
2026-05-14T11:23:07.925208+00:00,A9-HCSNX4Gs,414,9,2,5601,6015,318,327,6,8,False,False,False,False
2026-05-14T11:23:07.925208+00:00,MxwVuQTGUbg,558,31,2,6151,6709,374,405,11,13,False,False,False,False
2026-05-14T11:23:07.925208+00:00,Vg3RMRPQ0RA,629,23,0,9166,9795,466,489,3,3,False,False,False,False
2026-05-14T11:23:07.925208+00:00,Yo4aGwiAUBk,21744,501,11,39935,61679,1655,2156,54,65,False,False,False,False
2026-05-14T11:23:07.925208+00:00,SiQ3bMsRXHs,18321,588,8,90011,108332,4503,5091,82,90,False,False,False,False
2026-05-14T11:23:07.925208+00:00,5a0Ickv5Rjo,4657,174,6,11165,15822,841,1015,28,34,False,False,False,False
2026-05-14T11:23:07.925208+00:00,-7R_yASwE4w,14710,557,32,25563,40273,1408,1965,112,144,False,False,False,False
2026-05-14T11:23:07.925208+00:00,pwcrn5bdr9c,40370,1544,8,292418,332788,7772,9316,104,112,False,False,False,False
2026-05-14T11:23:07.925208+00:00,vxjrgy16ljc,11121,347,9,53139,64260,3413,3760,252,261,False,False,False,False
2026-05-14T11:23:07.925208+00:00,YVgdX2fTKWg,34357,511,46,505428,539785,12204,12715,1278,1324,False,False,False,False
2026-05-14T11:23:07.925208+00:00,AvxFr8lBnVI,122906,1895,5,964198,1087104,20984,22879,178,183,False,False,False,False
2026-05-14T11:23:07.925208+00:00,XfGEMCb6BQU,289608,10131,364,2219622,2509230,96839,106970,3719,4083,False,False,False,False
2026-05-14T11:23:07.925208+00:00,WsK8Ht_a9J4,2850,128,6,4399,7249,347,475,15,21,False,False,False,False
2026-05-14T11:23:07.925208+00:00,zrAFzVialPQ,320,7,0,1954,2274,61,68,2,2,False,False,False,False
2026-05-14T11:23:07.925208+00:00,lBNfY9ImDZY,655,15,1,6863,7518,162,177,9,10,False,False,False,False
2026-05-14T11:23:07.925208+00:00,DOiDmnYb1G0,487,33,-4,2724,3211,157,190,5,1,False,False,False,False
2026-05-14T11:23:07.925208+00:00,dqqbLS57ZWk,3224,150,40,1807,5031,185,335,8,48,False,False,False,False
2026-05-14T11:23:07.925208+00:00,AUwv_8qoPeY,707,19,-3,1873,2580,112,131,6,3,False,False,False,False
2026-05-14T11:23:07.925208+00:00,5rTrRNntFTA,13349,978,72,31269,44618,2994,3972,287,359,False,False,True,False
2026-05-14T11:23:07.925208+00:00,iYwycjbhync,1214,71,4,2703,3917,248,319,24,28,False,True,False,False
2026-05-14T11:23:07.925208+00:00,giDzcuRAg6g,3519,67,5,9194,12713,262,329,18,23,False,False,False,False
2026-05-14T11:23:07.925208+00:00,LFgVx1UUrOg,6021,149,1,9620,15641,485,634,8,9,False,False,False,False
2026-05-14T11:23:07.925208+00:00,fhaODAC3PBk,30548,1269,15,38642,69190,2219,3488,27,42,False,False,False,False
2026-05-14T11:23:07.925208+00:00,E_48pLQK2C8,1220,87,0,5781,7001,549,636,8,8,False,False,False,False
2026-05-14T11:23:07.925208+00:00,N7UtnNPSYYI,14088,468,-8,35469,49557,1451,1919,38,30,False,False,False,False
2026-05-14T11:23:07.925208+00:00,df8m5VhKqhM,20779,462,-5,60255,81034,1461,1923,60,55,False,False,False,False
2026-05-14T11:23:07.925208+00:00,dFFcJBHuRcQ,8464,252,-10,26152,34616,1022,1274,35,25,False,False,False,False
2026-05-14T11:23:07.925208+00:00,1-B-IJh_fsU,10322,176,-19,22305,32627,667,843,43,24,False,False,False,False
2026-05-14T11:23:07.925208+00:00,8wjPN6Bvi-k,5921,195,-5,39396,45317,1872,2067,33,28,False,False,False,False
2026-05-14T11:23:07.925208+00:00,__4yBF4LLLU,4603,94,-2,16527,21130,700,794,15,13,False,False,False,False
2026-05-14T11:23:07.925208+00:00,WpQ0qbUFLXc,44715,1125,6,36851,81566,1395,2520,17,23,False,False,False,False
2026-05-14T11:23:07.925208+00:00,0pPuQw4fQaI,19892,366,11,85170,105062,1813,2179,28,39,False,False,False,False
2026-05-14T11:23:07.925208+00:00,nByAk8IonBk,14236,351,7,24357,38593,952,1303,14,21,False,False,False,False
2026-05-14T11:23:07.925208+00:00,OjbxCNnJcEU,83969,1580,62,872631,956600,29116,30696,1127,1189,False,False,False,False
2026-05-14T11:23:07.925208+00:00,r4R_Hlw7sbo,17474,424,17,51299,68773,1701,2125,74,91,False,False,False,False
2026-05-14T11:23:07.925208+00:00,ImmxcdpyBUE,2251,188,0,1853,4104,128,316,0,0,False,False,False,False
2026-05-14T11:23:07.925208+00:00,9n-Tiy4cfQI,629,28,1,1891,2520,89,117,0,1,False,False,False,False
2026-05-14T11:23:07.925208+00:00,8t5AQRV_tHo,26,0,0,116,142,7,7,0,0,False,False,False,False
2026-05-14T11:23:07.925208+00:00,fy74y8e7nAw,167,13,0,892,1059,35,48,0,0,False,False,False,False
2026-05-14T11:23:07.925208+00:00,uZBIzw2OhBc,1720,150,0,4306,6026,535,685,5,5,False,False,False,False
2026-05-14T11:23:07.925208+00:00,nOrpKnX0B9A,1537,80,1,11253,12790,916,996,19,20,False,False,False,False
2026-05-14T11:23:07.925208+00:00,4Y94xhZcF0U,6679,377,8,12478,19157,1383,1760,30,38,False,False,False,False
2026-05-14T11:23:07.925208+00:00,8CMkyTJpB2c,303,16,0,1334,1637,107,123,2,2,False,False,False,False
2026-05-14T11:23:07.925208+00:00,LEOFfZXOkUY,568,39,1,4773,5341,551,590,2,3,False,False,False,False
2026-05-14T11:23:07.925208+00:00,yQn0PrcaxWQ,1057,85,0,7591,8648,875,960,13,13,False,False,False,False
2026-05-14T11:23:07.925208+00:00,m_Pt_uzlEgg,1178,61,0,6141,7319,457,518,6,6,False,False,False,False
2026-05-14T11:23:07.925208+00:00,ktyLuwrmNr4,383,23,0,3267,3650,369,392,2,2,False,False,False,False
2026-05-14T11:23:07.925208+00:00,Y_FN-dx8J2M,6448,486,18,6762,13210,817,1303,15,33,False,False,False,False
2026-05-14T11:23:07.925208+00:00,ogGjzOIl5lQ,356,23,0,2114,2470,214,237,4,4,False,False,False,False
2026-05-14T11:23:07.925208+00:00,qscktzcDfPM,51864,2999,274,95353,147217,7530,10529,758,1032,False,False,False,False
2026-05-14T11:23:07.925208+00:00,fBDskjffnZ0,802,45,5,3499,4301,333,378,18,23,False,False,False,False
2026-05-14T11:23:07.925208+00:00,HgfDVxIHlv8,5530,308,4,40286,45816,3557,3865,67,71,False,False,False,False
2026-05-14T11:23:07.925208+00:00,VH1-eMZk-Ms,3033,93,8,74383,77416,2140,2233,234,242,False,False,False,False
2026-05-14T11:23:07.925208+00:00,c5Jej6WbEpM,199394,5583,860,527512,726906,20551,26134,3469,4329,False,False,False,False
2026-05-14T11:23:07.925208+00:00,3SFlwYVEubU,191060,12801,45,873886,1064946,59177,71978,343,388,False,False,False,False
2026-05-14T11:23:07.925208+00:00,zfNPPFcYi-A,15153,1176,76,105419,120572,9276,10452,637,713,False,False,False,False
2026-05-14T11:23:07.925208+00:00,7F4pY8Td9QQ,137898,2569,21,700323,838221,18000,20569,251,272,False,False,False,False
2026-05-14T11:23:07.925208+00:00,wJl8aMWZp3A,4497,47,-6,10394,14891,159,206,40,34,False,False,False,False
2026-05-14T11:23:07.925208+00:00,UtgUs9B2pmU,2089,63,0,11143,13232,497,560,16,16,False,False,False,False
2026-05-14T11:23:07.925208+00:00,pcnkzTIQXPU,5938,246,2,15600,21538,912,1158,26,28,False,False,False,False
2026-05-14T11:23:07.925208+00:00,Ts018QeD34k,589,25,0,2383,2972,156,181,6,6,False,False,False,False
2026-05-14T11:23:07.925208+00:00,OHuPtXHcJYM,9185,498,17,27485,36670,1931,2429,70,87,False,False,False,False
2026-05-14T11:23:07.925208+00:00,yxg9URl5wuI,717,13,0,3205,3922,116,129,1,1,False,False,False,False
2026-05-14T11:23:07.925208+00:00,o7XIt6ldHWo,1343,18,0,2437,3780,58,76,0,0,False,False,False,False
2026-05-14T11:23:07.925208+00:00,fVVh3C8hFdY,216,3,0,1838,2054,40,43,1,1,False,False,False,False
2026-05-14T11:23:07.925208+00:00,5LBnQ2OhJCQ,35449,1021,258,24560,60009,1146,2167,258,516,False,False,False,False
2026-05-14T11:23:07.925208+00:00,dMdxruMF21Y,3269,143,2,8837,12106,453,596,12,14,False,False,False,False
2026-05-14T11:23:07.925208+00:00,gd3iHglylrY,23344,837,27,148098,171442,10520,11357,466,493,False,False,False,False
2026-05-14T11:23:07.925208+00:00,WSi_IaIn9wE,10259,561,11,33538,43797,2302,2863,37,48,False,False,False,False
2026-05-14T11:23:07.925208+00:00,ArA_8v8LTfY,38507,2026,57,242556,281063,17848,19874,619,676,False,False,False,False
2026-05-14T11:23:07.925208+00:00,5OPXXtUC3x0,4087,373,16,6896,10983,814,1187,53,69,False,False,False,False
2026-05-14T11:23:07.925208+00:00,HB20PBw3C-0,12588,669,12,26320,38908,1711,2380,71,83,False,False,False,False
2026-05-14T11:23:07.925208+00:00,cnM2xdHMqDU,171,10,9,986,1157,100,110,52,61,False,False,False,False
2026-05-14T11:23:07.925208+00:00,2woILE2Fhgc,163065,6679,198,781224,944289,46328,53007,2229,2427,False,False,False,False
2026-05-14T11:23:07.925208+00:00,cZWh4DCZsQg,9850,429,17,39996,49846,2038,2467,200,217,False,False,False,False
2026-05-14T11:23:07.925208+00:00,yipK0StLn9k,31210,1729,59,407333,438543,29332,31061,1688,1747,False,False,False,False
2026-05-14T11:23:07.925208+00:00,X3kCgMfoCDY,142247,6565,94,931604,1073851,53427,59992,1021,1115,False,False,False,False
2026-05-14T11:23:07.925208+00:00,Aen53ytTYqc,185105,7050,18,1169781,1354886,54697,61747,462,480,False,False,False,False
2026-05-14T11:23:07.925208+00:00,vCMOT7RkU5Q,11540,658,18,42344,53884,3760,4418,220,238,False,False,False,False
2026-05-14T11:23:07.925208+00:00,2_ByTkLuYNM,1509,76,27,6985,8494,431,507,171,198,False,False,False,False
2026-05-14T11:23:07.925208+00:00,uAFufHQ706o,2739,104,7,10222,12961,643,747,35,42,False,False,False,False
2026-05-14T11:23:07.925208+00:00,T32B8W5B3XY,35094,758,15,104295,139389,3008,3766,113,128,False,False,False,False
2026-05-14T11:23:07.925208+00:00,Hw7PE5a3DGo,8731,245,45,43400,52131,2020,2265,514,559,False,False,False,False
2026-05-14T11:23:07.925208+00:00,AJsAV4ZqwTc,22006,603,23,65010,87016,3023,3626,149,172,False,True,False,False
2026-05-14T11:23:07.925208+00:00,rvVGTI7PFUQ,370739,9011,524,1050736,1421475,39915,48926,2966,3490,False,False,False,False
2026-05-14T11:23:07.925208+00:00,EPBKIT19kg0,95121,4262,187,297224,392345,15810,20072,851,1038,False,False,False,False
2026-05-14T11:23:07.925208+00:00,daTs4wtAbmM,50065,1405,52,675690,725755,27759,29164,770,822,False,False,False,False
2026-05-14T11:23:07.925208+00:00,uGwDuvSqgYI,20898,698,21,43521,64419,2029,2727,95,116,False,False,False,False
2026-05-14T11:23:07.925208+00:00,kwEtOyaFhCA,486065,10413,2311,830380,1316445,26841,37254,5985,8296,False,False,False,False
2026-05-14T11:23:07.925208+00:00,Vj0kvWvBGxg,16808,246,2,92592,109400,2270,2516,64,66,False,False,False,False
2026-05-14T11:23:07.925208+00:00,YeLi2cRhXSU,94427,2527,73,513366,607793,19862,22389,998,1071,False,False,False,False
2026-05-14T11:23:07.925208+00:00,Qc11sIp3nR8,82328,1974,8,536028,618356,18934,20908,169,177,False,False,False,False
2026-05-14T11:23:07.925208+00:00,w88x3_HNPxg,23935,780,180,180533,204468,10367,11147,1374,1554,False,False,False,False
2026-05-14T11:23:07.925208+00:00,ZVzRMrLmQCc,79122,2222,182,249172,328294,12681,14903,1037,1219,False,False,False,False
2026-05-14T11:23:07.925208+00:00,bWihh-tcMoY,2876,81,8,44,2920,7,88,2,10,False,False,False,False
2026-05-14T11:23:07.925208+00:00,UusDINSii00,1462,42,1,574,2036,16,58,0,1,False,False,False,False
2026-05-14T11:23:07.925208+00:00,4xS5ctymXBs,21554,662,61,46544,68098,2098,2760,191,252,False,True,False,False
2026-05-14T11:23:07.925208+00:00,JBN7zfWpRJE,1739,23,1,4804,6543,83,106,2,3,False,False,False,False
2026-05-14T11:23:07.925208+00:00,EEuxUlCj10Q,419,9,0,1930,2349,54,63,1,1,False,False,False,False
2026-05-14T11:23:07.925208+00:00,Y1Q2le4JrAI,3200,54,37,3149,6349,149,203,7,44,False,False,False,False
2026-05-14T11:23:07.925208+00:00,ap_xXwAakaw,1871,112,-21,2761,4632,201,313,58,37,False,False,False,False
2026-05-14T11:23:07.925208+00:00,QIRrwtfpUo8,320,26,26,655,975,31,57,3,29,False,False,False,False
2026-05-14T11:23:07.925208+00:00,QHwSRnIfbuU,458,35,0,1112,1570,57,92,0,0,False,False,False,False
2026-05-14T11:23:07.925208+00:00,ioMFcAvfkO4,19392,763,12,6296,25688,461,1224,0,12,False,False,False,False
2026-05-14T11:23:07.925208+00:00,lSFO6ygKqoM,71205,997,29,20872,92077,549,1546,25,54,False,False,False,False
2026-05-14T11:23:07.925208+00:00,Omkh1QFFiBM,17066,967,14,15883,32949,1140,2107,24,38,False,False,False,False
2026-05-14T11:23:07.925208+00:00,-6TqZHP3NIc,1625,99,45,1701,3326,134,233,37,82,False,False,False,False
2026-05-14T11:23:07.925208+00:00,3fh7-hAq5xM,107907,1685,38,868,108775,29,1714,0,38,False,False,False,False
2026-05-14T11:23:07.925208+00:00,4UhvmwlxRLM,13096,353,9,1307,14403,82,435,0,9,False,False,False,False
2026-05-14T11:23:07.925208+00:00,LLj-ledF9PI,23921,1312,22,4891,28812,557,1869,5,27,False,False,False,False
2026-05-14T11:23:07.925208+00:00,vEllJ_ltr18,31461,688,7,9012,40473,293,981,2,9,False,False,False,False
2026-05-14T11:23:07.925208+00:00,DJFZGH0vKho,18257,421,14,6280,24537,306,727,1,15,False,False,False,False
2026-05-14T11:23:07.925208+00:00,ja_XWS1tBOc,23647,487,62,14408,38055,387,874,5,67,False,False,False,False
2026-05-14T11:23:07.925208+00:00,PSi75u9Lvek,122748,3358,54,71228,193976,2334,5692,17,71,False,False,False,False
2026-05-14T11:23:07.925208+00:00,B68QDB2YfZY,10065,470,9,7616,17681,505,975,7,16,False,False,False,False
2026-05-14T11:23:07.925208+00:00,jwkXWZKLpFk,75625,1935,6,159268,234893,4780,6715,84,90,False,False,False,False
2026-05-14T11:23:07.925208+00:00,8WaOsUdfi6c,873711,22947,714,471464,1345175,14887,37834,477,1191,False,False,False,False
2026-05-14T11:23:07.925208+00:00,qrmEmu7nDFc,116830,3293,45,121086,237916,4598,7891,101,146,False,False,False,False
2026-05-14T11:23:07.925208+00:00,uIcth4jt5yQ,575304,16297,211,1343504,1918808,51367,67664,644,855,False,False,False,False
2026-05-14T11:23:07.925208+00:00,tT-5AciMHc8,343740,9807,119,260145,603885,9795,19602,185,304,False,False,False,False
2026-05-14T11:23:07.925208+00:00,PQZ2-kl18nY,424921,6464,1492,608324,1033245,15574,22038,5197,6689,False,False,False,False
2026-05-14T11:23:07.925208+00:00,lXVyuiseTsQ,9444,330,26,602,10046,48,378,4,30,False,False,False,False
2026-05-14T11:23:07.925208+00:00,l0ajkWIuraE,2497,294,1,1904,4401,192,486,5,6,False,False,False,False
2026-05-14T11:23:07.925208+00:00,BJ6ybiIMdbY,3331,428,7,3025,6356,295,723,5,12,False,False,False,False
2026-05-14T11:23:07.925208+00:00,SiElz1faChE,541,31,1,1005,1546,90,121,4,5,False,False,False,False
2026-05-14T11:23:07.925208+00:00,7ZU_n58hY5Y,238,14,0,360,598,53,67,4,4,False,False,False,False
2026-05-14T11:23:07.925208+00:00,zPidbS_3R94,991,136,0,1943,2934,189,325,5,5,False,False,False,False
2026-05-14T11:23:07.925208+00:00,TybtF_UnwHI,480,44,3,636,1116,95,139,12,15,False,False,False,False
2026-05-14T11:23:07.925208+00:00,z4h2OSxmQr8,6115,449,6,4449,10564,491,940,15,21,False,False,False,False
2026-05-14T11:23:07.925208+00:00,S9qeKnsIUJM,2166,171,3,3639,5805,399,570,7,10,False,False,False,False
2026-05-14T11:23:07.925208+00:00,1VvLw6sQMcI,429,28,0,2291,2720,161,189,6,6,False,False,False,False
2026-05-14T11:23:07.925208+00:00,MLlYc5sy4X0,840,122,0,2981,3821,388,510,7,7,False,False,False,False
2026-05-14T11:23:07.925208+00:00,wIfSyH9wFjs,103171,3301,87,25701,128872,1758,5059,31,118,False,False,False,False
2026-05-14T11:23:07.925208+00:00,HCctOxW-iWQ,8253,322,6,6706,14959,468,790,10,16,False,False,False,False
2026-05-14T11:23:07.925208+00:00,l-6x9PLzHkw,6307,414,12,18831,25138,2328,2742,31,43,False,False,False,False
2026-05-14T11:23:07.925208+00:00,J9FHkmw-l9w,63521,2468,62,109984,173505,5137,7605,170,232,False,False,False,False
2026-05-14T11:23:07.925208+00:00,jwbb2gBJv80,,1343,328,32084,,2397,3740,274,602,False,False,False,False
2026-05-14T11:23:07.925208+00:00,lGbrQJO3E_4,67786,2238,198,97312,165098,5088,7326,395,593,False,False,False,False
2026-05-14T11:23:07.925208+00:00,wTZfT81oTrs,18323,941,8,1067,19390,78,1019,0,8,False,False,False,False
2026-05-14T11:23:07.925208+00:00,0X0pDsglgno,140026,5400,115,194167,334193,12097,17497,393,508,False,False,False,False
2026-05-14T11:23:07.925208+00:00,ENkAEIMcDis,36275,1106,107,21760,58035,1010,2116,79,186,False,False,False,False
2026-05-14T11:23:07.925208+00:00,-f4f9HVbOzw,23068,779,28,16997,40065,877,1656,29,57,False,False,False,False
2026-05-14T11:23:07.925208+00:00,nKjkNG951j0,28180,1733,44,40785,68965,3705,5438,195,239,False,False,False,False
2026-05-14T11:23:07.925208+00:00,U2Dte2isigQ,7447,8,1,182,7629,19,27,4,5,False,False,False,False
2026-05-14T11:23:07.925208+00:00,2_kyhUXyOlQ,27860,140,0,17726,45586,471,611,7,7,False,False,False,False
2026-05-14T11:23:07.925208+00:00,nP9uFj-_dgA,14304,23,0,23913,38217,203,226,7,7,False,False,False,False
2026-05-14T11:23:07.925208+00:00,gV-VoaHsy-c,22907,1399,34,2356,25263,276,1675,10,44,False,False,False,False
2026-05-14T11:23:07.925208+00:00,p0dwtWXK_js,207,11,2,1036,1243,43,54,1,3,False,False,False,False
2026-05-14T11:23:07.925208+00:00,GwXyadIbJ_A,5396,238,3,18858,24254,1124,1362,26,29,False,False,False,False
2026-05-14T11:23:07.925208+00:00,Bj6MqL4pkXo,49712,3694,70,93594,143306,8757,12451,314,384,False,False,False,False
2026-05-14T11:23:07.925208+00:00,ZyC3GRY5e1M,60257,1095,0,96986,157243,3193,4288,43,43,False,False,False,False
2026-05-14T11:23:07.925208+00:00,RvCT57c2Fdc,36029,1694,71,26142,62171,1732,3426,70,141,False,False,True,False
2026-05-14T11:23:07.925208+00:00,4LFP-oTXUN8,147064,9635,351,203098,350162,18612,28247,631,982,False,False,False,False
2026-05-14T11:23:07.925208+00:00,QHE2QO8peRA,66704,5103,484,92170,158874,9766,14869,669,1153,False,False,False,False
2026-05-14T11:23:07.925208+00:00,N-zh9aImMwA,5498,183,12,4853,10351,250,433,5,17,False,False,False,False
2026-05-14T11:23:07.925208+00:00,l4v4m3CgwSQ,69269,2271,220,50312,119581,2760,5031,247,467,False,False,False,False
2026-05-14T11:23:07.925208+00:00,pG247FlW_7s,1736,49,0,1226,2962,22,71,1,1,False,False,False,False
2026-05-14T11:23:07.925208+00:00,d1vE6c0Rzp4,1401,96,10,964,2365,83,179,9,19,False,False,False,False
2026-05-14T11:23:07.925208+00:00,XkooOral3ms,1048,101,2,1403,2451,200,301,6,8,False,False,False,False
2026-05-14T11:23:07.925208+00:00,zoWYkJ4RTN0,48557,2093,106,184722,233279,12940,15033,836,942,False,False,False,False
2026-05-14T11:23:07.925208+00:00,7S3LvDMxrxQ,350365,7246,369,315384,665749,10017,17263,1152,1521,False,False,False,False
2026-05-14T11:23:07.925208+00:00,ImG1BgHsqHk,414865,19195,84,758042,1172907,43056,62251,297,381,False,False,False,False
2026-05-14T11:23:07.925208+00:00,BkKfKRzpwxg,91831,3943,16,172904,264735,9442,13385,173,189,False,False,False,False
2026-05-14T11:23:07.925208+00:00,vy9hFJDZxxc,1209,91,0,2933,4142,118,209,4,4,False,False,False,False
2026-05-14T11:23:07.925208+00:00,zvBx0ylgPOE,8417,473,7,16077,24494,1122,1595,21,28,False,False,False,False
2026-05-14T11:23:07.925208+00:00,aI1my7tsEnI,3739,101,5,13495,17234,468,569,49,54,False,False,False,False
2026-05-14T11:23:07.925208+00:00,kKkiGPUnIds,180262,9777,181,240912,421174,17056,26833,347,528,False,False,False,False
2026-05-14T11:23:07.925208+00:00,QBLH2Q3K_aE,16494,878,53,18414,34908,1454,2332,131,184,False,False,False,False
2026-05-14T11:23:07.925208+00:00,0dlCWrqFoeM,3431,135,3,8833,12264,437,572,8,11,False,False,False,False
2026-05-14T11:23:07.925208+00:00,kWGf0-rTVUo,349,4,0,2131,2480,28,32,0,0,False,False,False,False
2026-05-14T11:23:07.925208+00:00,jSoonxA5JkE,1990,65,0,1660,3650,49,114,2,2,False,False,False,False
2026-05-14T11:23:07.925208+00:00,8spOcDezHrw,16870,318,28,13635,30505,416,734,37,65,False,False,False,False
2026-05-14T11:23:07.925208+00:00,t5VenR2zC2o,36488,998,182,54492,90980,1811,2809,388,570,False,False,False,False
2026-05-14T11:23:07.925208+00:00,tJH_gXK_WBM,1163425,39486,277,66786,1230211,4240,43726,82,359,False,False,False,False
2026-05-14T11:23:07.925208+00:00,P4ggqnvOO5c,142956,3509,176,361159,504115,14927,18436,1208,1384,False,False,False,False
2026-05-14T11:23:07.925208+00:00,hkTEFNz-CeU,298119,4973,38,741189,1039308,19347,24320,260,298,False,False,False,False
2026-05-14T11:23:07.925208+00:00,yIZSL7ZtlYs,66465,2399,561,116587,183052,5668,8067,1022,1583,False,False,False,False
2026-05-14T11:23:07.925208+00:00,dl4Dw-RlPv4,121331,6222,103,197404,318735,13154,19376,258,361,False,False,False,False
2026-05-14T11:23:07.925208+00:00,g4Gb6viwsnQ,52756,2182,241,89384,142140,5408,7590,720,961,False,False,True,False
2026-05-14T11:23:07.925208+00:00,ufd2-4stl2c,,,,,504,,22,,1,True,False,False,False
2026-05-14T11:23:07.925208+00:00,uHxqeL7QELA,,,,,5826,,169,,9,True,False,False,False
2026-05-14T11:23:07.925208+00:00,faI4p5bLrHI,,,,,2360,,84,,3,True,False,False,False
2026-05-14T11:23:07.925208+00:00,h97_Js_1xxM,,,,,1283,,38,,1,True,False,False,False
2026-05-14T11:23:07.925208+00:00,G_DfQGPlzSk,,,,,1665,,45,,0,True,False,False,False
2026-05-14T11:23:07.925208+00:00,RUDBhauy7d4,,,,,43190,,1906,,83,True,False,False,False
2026-05-14T11:23:07.925208+00:00,oK_5j-Sg2gY,,,,,1792,,75,,7,True,False,False,False
2026-05-14T11:23:07.925208+00:00,drXSzAz-Y5k,,,,,2377,,70,,4,True,False,False,False
2026-05-14T11:23:07.925208+00:00,bnMCnUrqfnI,,,,,2726,,88,,3,True,False,False,False
2026-05-14T11:23:07.925208+00:00,8Uc38P74EPA,,,,,25016,,765,,30,True,False,False,False
2026-05-14T11:23:07.925208+00:00,YhK61esLuvA,,,,,1027,,69,,5,True,False,False,False
2026-05-14T11:23:07.925208+00:00,X9LVL35yvio,,,,,3983,,470,,121,True,False,False,False
2026-05-14T11:23:07.925208+00:00,kOACms0v5iw,,,,,1486,,105,,8,True,False,False,False
2026-05-14T11:23:07.925208+00:00,pZpTd45UHtw,,,,,3028,,175,,14,True,False,False,False
2026-05-14T11:23:07.925208+00:00,nuFQ3CJ7Mo8,,,,,3327,,88,,26,True,False,False,False
2026-05-14T11:23:07.925208+00:00,DY2SaD5AMcg,,,,,21069,,1188,,80,True,False,False,False
2026-05-14T11:23:07.925208+00:00,7hCnpK4ZuFI,,,,,3584,,252,,11,True,False,False,False
2026-05-14T11:23:07.925208+00:00,rhlNOFjmu_Q,,,,,1656,,85,,15,True,False,False,False
2026-05-14T11:23:07.925208+00:00,VKyRU-ciTwM,,,,,3865,,217,,31,True,False,False,False
2026-05-14T11:23:07.925208+00:00,DqU3d7vvfjU,,,,,12358,,797,,43,True,False,False,False
2026-05-14T11:23:07.925208+00:00,1jJqsOIsUC4,,,,,3710,,250,,4,True,False,False,False
2026-05-14T11:23:07.925208+00:00,Zt_XxHuDRm4,,,,,41196,,1119,,121,True,False,False,False
2026-05-14T11:23:07.925208+00:00,V4I_Vd1iKvM,,,,,2763,,112,,1,True,False,False,False
2026-05-14T11:23:07.925208+00:00,nM4RVn1Anlk,,,,,34184,,1802,,52,True,False,False,False
2026-05-14T11:23:07.925208+00:00,9zUupCK_Gww,,,,,4610,,385,,3,True,False,False,False
2026-05-14T11:23:07.925208+00:00,i9qbn42hBN4,,,,,11044,,711,,7,True,False,False,False
2026-05-14T11:23:07.925208+00:00,W6CJZVdLZ3E,,,,,164960,,9370,,270,True,False,False,False
2026-05-14T11:23:07.925208+00:00,p94v32ElnGE,,,,,852,,71,,3,True,False,False,False
2026-05-14T11:23:07.925208+00:00,un72e60njpM,,,,,2830,,163,,17,True,False,False,False
2026-05-14T11:23:07.925208+00:00,Lylktn1iaMM,,,,,9121,,340,,15,True,False,False,False
2026-05-14T11:23:07.925208+00:00,0i21SiP8FHU,,,,,4000,,240,,18,True,False,False,False
2026-05-14T11:23:07.925208+00:00,jMsdKHRkRks,,,,,9229,,297,,22,True,False,False,False
2026-05-14T11:23:07.925208+00:00,TqozFe8wuy0,,,,,29029,,855,,17,True,False,False,False
2026-05-14T11:23:07.925208+00:00,cus3mgC9njg,,,,,17698,,877,,7,True,False,False,False
2026-05-14T11:23:07.925208+00:00,w3ZwcuKWjkI,,,,,12715,,431,,2,True,False,False,False
2026-05-14T11:23:07.925208+00:00,_C0WxnxzhcI,,,,,147247,,5114,,59,True,False,False,False
2026-05-14T11:23:07.925208+00:00,E-pO8-QCiys,,,,,22092,,803,,33,True,False,False,False
2026-05-14T11:23:07.925208+00:00,dQzMnJm6nqk,,,,,23175,,602,,38,True,False,False,False
2026-05-14T11:23:07.925208+00:00,YJ82p6Cyt2Q,,,,,20206,,1127,,75,True,False,False,False
2026-05-14T11:23:07.925208+00:00,gZ6AWVVfIxA,,,,,39035,,1026,,50,True,False,False,False
2026-05-14T11:23:07.925208+00:00,kkA3TvIJ_qg,,,,,24307,,910,,91,True,False,False,False
2026-05-14T11:23:07.925208+00:00,fWwaug6HgPg,,,,,32035,,1006,,75,True,False,False,False
2026-05-14T11:23:07.925208+00:00,UJfMavodseE,,,,,120235,,3187,,84,True,False,False,False
2026-05-14T11:23:07.925208+00:00,L8BkLkDtThU,,,,,1076336,,52276,,916,True,False,False,False
2026-05-14T11:23:07.925208+00:00,DK3bBB4Oqhg,,,,,140804,,4170,,198,True,False,False,False
2026-05-14T11:23:07.925208+00:00,lzYROnZibYQ,,,,,282058,,8194,,266,True,False,False,False
2026-05-14T11:23:07.925208+00:00,rgWcXRkBgxk,,,,,492770,,10075,,3635,True,False,False,False
2026-05-14T11:23:07.925208+00:00,mkYeITacS2A,,,,,1362770,,45316,,1669,True,False,False,False
2026-05-14T11:23:07.925208+00:00,LtrB3VNpa1I,,,,,330841,,11655,,329,True,False,False,False
2026-05-14T11:23:07.925208+00:00,tZjLTRwSGig,,,,,884493,,24218,,767,True,False,False,False
2026-05-14T11:23:07.925208+00:00,KGW-0oKDoIg,,,,,1224896,,42305,,833,True,False,False,False
2026-05-14T11:23:07.925208+00:00,RDmi1NGbabw,,,,,1133,,98,,6,True,False,False,False
2026-05-14T11:23:07.925208+00:00,AfKocKW4sVQ,,,,,98,,12,,0,True,False,False,False
2026-05-14T11:23:07.925208+00:00,tvfr7A4PXHQ,,,,,640,,34,,0,True,False,False,False
2026-05-14T11:23:07.925208+00:00,CKwMrLpJgzo,,,,,889,,36,,0,True,False,False,False
2026-05-14T11:23:07.925208+00:00,_HwmJxfbOKw,,,,,1681,,81,,2,True,False,False,False
2026-05-14T11:23:07.925208+00:00,DJjQxnhPWuE,,,,,228,,19,,0,True,False,False,False
2026-05-14T11:23:07.925208+00:00,tIwgvfwSVy4,,,,,1173,,87,,1,True,False,False,False
2026-05-14T11:23:07.925208+00:00,5oiGIdNcA6c,,,,,1867,,199,,4,True,False,False,False
2026-05-14T11:23:07.925208+00:00,389lMg_SC8Y,,,,,5112,,537,,8,True,False,False,False
2026-05-14T11:23:07.925208+00:00,hSvx5iHui3Y,,,,,4931,,525,,7,True,False,False,False
2026-05-14T11:23:07.925208+00:00,ucFT7L44RFI,,,,,2267,,167,,1,True,False,False,False
2026-05-14T11:23:07.925208+00:00,jTUFeCH5qMM,,,,,4961,,412,,12,True,False,False,False
2026-05-14T11:23:07.925208+00:00,HMtqoPU7V1g,,,,,6687,,485,,5,True,False,False,False
2026-05-14T11:23:07.925208+00:00,mXHhu_wVKNI,,,,,2288,,228,,4,True,False,False,False
2026-05-14T11:23:07.925208+00:00,HVXQO0-h1yQ,,,,,2046,,230,,2,True,False,False,False
2026-05-14T11:23:07.925208+00:00,NCXLk1BmHmU,,,,,9726,,1057,,20,True,False,False,False
2026-05-14T11:23:07.925208+00:00,dSRkaKvgOZc,,,,,2950,,373,,4,True,False,False,False
2026-05-14T11:23:07.925208+00:00,cITiLn9jwJk,,,,,1827,,151,,5,True,False,False,False
2026-05-14T11:23:07.925208+00:00,bLe86iJJ2mg,,,,,11183,,618,,10,True,False,False,False
2026-05-14T11:23:07.925208+00:00,Jn0vNECfMfc,,,,,14368,,695,,16,True,False,False,False
2026-05-14T11:23:07.925208+00:00,kGGyPqVkXzw,,,,,74116,,4604,,231,True,False,False,False
2026-05-14T11:23:07.925208+00:00,341jHTzTi1w,,,,,4389,,369,,5,True,False,False,False
2026-05-14T11:23:07.925208+00:00,MSsyzGjPaJs,,,,,11503,,1135,,12,True,False,False,False
2026-05-14T11:23:07.925208+00:00,QzAlB9Cjo9M,,,,,8452,,555,,8,True,False,False,False
2026-05-14T11:23:07.925208+00:00,DC-XJAOZH64,,,,,1705,,85,,2,True,False,False,False
2026-05-14T11:23:07.925208+00:00,YUKCYDmWzyY,,,,,942,,83,,4,True,False,False,False
2026-05-14T11:23:07.925208+00:00,rWebzjsjH-Y,,,,,41818,,2209,,34,True,False,False,False
2026-05-14T11:23:07.925208+00:00,uRK8hWFkhWY,,,,,15595,,967,,86,True,False,False,False
2026-05-14T11:23:07.925208+00:00,SodAkxI7kf4,,,,,17011,,999,,31,True,False,False,False
2026-05-14T11:23:07.925208+00:00,7YL8TyF9Gm8,,,,,8453,,492,,46,True,False,False,False
2026-05-14T11:23:07.925208+00:00,VJCNVbL92GE,,,,,8326,,359,,10,True,False,False,False
2026-05-14T11:23:07.925208+00:00,szYJSm5P0YE,,,,,89201,,4028,,58,True,False,False,False
2026-05-14T11:23:07.925208+00:00,ZtUmn-37tgI,,,,,15117,,733,,25,True,False,False,False
2026-05-14T11:23:07.925208+00:00,ryP7Az156VQ,,,,,2514,,213,,34,True,False,False,False
2026-05-14T11:23:07.925208+00:00,dkbiqaRT9fo,,,,,21337,,1208,,24,True,False,False,False
2026-05-14T11:23:07.925208+00:00,iSyI8IqeQ6Q,,,,,44232,,3092,,92,True,False,False,False
2026-05-14T11:23:07.925208+00:00,bh0fWjqUW1g,,,,,32826,,2645,,41,True,False,False,False
2026-05-14T11:23:07.925208+00:00,nZ4JI34_Q_g,,,,,106908,,2080,,145,True,False,False,False
2026-05-14T11:23:07.925208+00:00,5_9VyUcGJaY,,,,,97629,,4441,,320,True,False,False,False
2026-05-14T11:23:07.925208+00:00,QFZsM759PFg,,,,,255128,,13189,,108,True,False,False,False
2026-05-14T11:23:07.925208+00:00,3duWdYNv3yY,,,,,474817,,28829,,222,True,False,False,False
2026-05-14T11:23:07.925208+00:00,jCLvDqQtq18,,,,,115171,,9069,,1235,True,False,False,False
2026-05-14T11:23:07.925208+00:00,iuAFGhkzyLY,,,,,54678,,3123,,148,True,False,False,False
2026-05-14T11:23:07.925208+00:00,qyd0eQ2ems4,,,,,65878,,2969,,45,True,False,False,False
2026-05-14T11:23:07.925208+00:00,PTO0s8YQ49o,,,,,137974,,9006,,602,True,False,False,False
2026-05-14T11:23:07.925208+00:00,mb4qfjuX0Lo,,,,,30251,,2081,,141,True,False,False,False
2026-05-14T11:23:07.925208+00:00,UiX4CFIiegM,,,,,127079,,6624,,408,True,False,False,False
2026-05-14T11:23:07.925208+00:00,1ONRHbMRVqk,,,,,15492,,887,,34,True,False,False,False
2026-05-14T11:23:07.925208+00:00,hM1TlSzno5g,,,,,18297,,868,,11,True,False,False,False
2026-05-14T11:23:07.925208+00:00,4wC8hnQawiA,,,,,28845,,1257,,85,True,False,False,False
2026-05-14T11:23:07.925208+00:00,jkxaSI5YJa8,,,,,2183,,182,,5,True,False,False,False
2026-05-14T11:23:07.925208+00:00,qtHqUcX4Xec,,,,,855,,31,,1,True,False,False,False
2026-05-14T11:23:07.925208+00:00,r9R3Z05qJyY,,,,,7633,,186,,0,True,False,False,False
2026-05-14T11:23:07.925208+00:00,Evw6OFxt9ZI,,,,,110178,,4108,,462,True,False,False,False
2026-05-14T11:23:07.925208+00:00,Gw-84th-tfQ,,,,,2748,,109,,1,True,False,False,False
2026-05-14T11:23:07.925208+00:00,37lCHGgjFKA,,,,,1905,,102,,2,True,False,False,False
2026-05-14T11:23:07.925208+00:00,NCoRe8kbrLQ,,,,,1762,,85,,4,True,False,False,False
2026-05-14T11:23:07.925208+00:00,WZ1AGTxFHgU,,,,,3978,,78,,6,True,False,False,False
2026-05-14T11:23:07.925208+00:00,YCwNCVftOvg,,,,,11222,,291,,6,True,False,False,False
2026-05-14T11:23:07.925208+00:00,3iSnHZjdvCk,,,,,179,,19,,1,True,False,False,False
2026-05-14T11:23:07.925208+00:00,RXWVqSItkzs,,,,,40528,,1209,,58,True,False,False,False
2026-05-14T11:23:07.925208+00:00,b6uQTR7E9qg,,,,,386321,,31318,,2165,True,False,False,False
2026-05-14T11:23:07.925208+00:00,8OTZLY0a_zc,,,,,12109,,1074,,18,True,False,False,False
2026-05-14T11:23:07.925208+00:00,jJM9I0KUT-I,,,,,47091,,1424,,49,True,False,False,False
2026-05-14T11:23:07.925208+00:00,7daapzkUrqg,,,,,94955,,6319,,374,True,False,False,False
2026-05-14T11:23:07.925208+00:00,ZLBr473Lq9Q,,,,,206547,,11446,,381,True,False,False,False
2026-05-14T11:23:07.925208+00:00,KUu4fahAg7M,,,,,33806,,1114,,192,True,False,False,False
2026-05-14T11:23:07.925208+00:00,HUSPFNHI6PY,,,,,87819,,2469,,105,True,False,False,False
2026-05-14T11:23:07.925208+00:00,cCVbcKZErso,,,,,11787,,832,,42,True,False,False,False
2026-05-14T11:23:07.925208+00:00,zuv69Sqw0oA,,,,,248211,,23331,,813,True,False,False,False
2026-05-14T11:23:07.925208+00:00,QouigspVqvw,,,,,117669,,11959,,672,True,False,False,False
2026-05-14T11:23:07.925208+00:00,ZarVnhg7P24,,,,,977,,107,,14,True,False,False,False
2026-05-14T11:23:07.925208+00:00,hKQTJWAusQ8,,,,,51981,,2361,,136,True,False,False,False
2026-05-14T11:23:07.925208+00:00,13R3sJ3Qrcs,,,,,5988,,303,,17,True,False,False,False
2026-05-14T11:23:07.925208+00:00,Ysl1eHH9nVw,,,,,2155,,95,,1,True,False,False,False
2026-05-14T11:23:07.925208+00:00,-L8Sen4mJkw,,,,,1733,,47,,2,True,False,False,False
2026-05-14T11:23:07.925208+00:00,1hmXxJX9UM4,,,,,5693,,111,,2,True,False,False,False
2026-05-14T11:23:07.925208+00:00,o2Lv9nkeAAQ,,,,,6283,,225,,0,True,False,False,False
2026-05-14T11:23:07.925208+00:00,IuqkorRCn5c,,,,,1368,,41,,0,True,False,False,False
2026-05-14T11:23:07.925208+00:00,L6xVq6zm3sU,,,,,5870,,197,,2,True,False,False,False
2026-05-14T11:23:07.925208+00:00,cuAwxJwfm7Y,,,,,895,,95,,30,True,False,False,False
2026-05-14T11:23:07.925208+00:00,MuIBo4XYlX4,,,,,667903,,54218,,3560,True,False,False,False
2026-05-14T11:23:07.925208+00:00,iW-xD8UiTZQ,,,,,70472,,7236,,359,True,False,False,False
2026-05-14T11:23:07.925208+00:00,6RnQRo9kEx4,,,,,4224,,291,,8,True,False,False,False
2026-05-14T11:23:07.925208+00:00,T04hQqUcbKg,,,,,20169,,1418,,198,True,False,False,False
2026-05-14T11:23:07.925208+00:00,wDqlHnCwvQU,,,,,13753,,664,,66,True,False,False,False
2026-05-14T11:23:07.925208+00:00,2OlWcZcMnQQ,,,,,99898,,8278,,621,True,False,False,False
2026-05-14T11:23:07.925208+00:00,QDrszY7ggCo,,,,,330242,,27771,,1504,True,False,False,False
2026-05-14T11:23:07.925208+00:00,iG9W1q7Gu8Y,,,,,393300,,22195,,333,True,False,False,False
2026-05-14T11:23:07.925208+00:00,rPLW9JpioKo,,,,,549153,,35057,,718,True,False,False,False
2026-05-14T11:23:07.925208+00:00,vrGTLn9WHbs,,,,,853910,,43225,,725,True,False,False,False
2026-05-14T11:23:07.925208+00:00,g_aMEWuWE3A,,,,,1246272,,62465,,1120,True,False,False,False
2026-05-14T11:23:07.925208+00:00,XxiYa7WM0fU,,,,,1304968,,83291,,741,True,False,False,False
2026-05-14T11:23:07.925208+00:00,vtjFXdFGkBc,,,,,9026,,338,,20,True,False,False,False
2026-05-14T11:23:07.925208+00:00,Yv5t9wp5KlE,,,,,2176,,93,,2,True,False,False,False
2026-05-14T11:23:07.925208+00:00,tEFXfFkOkGA,,,,,1958,,59,,0,True,False,False,False
2026-05-14T11:23:07.925208+00:00,KYOufxxsibI,,,,,6638,,274,,18,True,False,False,False
2026-05-14T11:23:07.925208+00:00,sXtMWq-yVhI,,,,,4410,,325,,6,True,False,False,False
2026-05-14T11:23:07.925208+00:00,VEAic3PrzHM,,,,,18371,,1216,,19,True,False,False,False
2026-05-14T11:23:07.925208+00:00,asWGRO9GOIs,,,,,3946,,226,,12,True,False,False,False
2026-05-14T11:23:07.925208+00:00,Y8VyhsHH9Y8,,,,,19651,,747,,25,True,False,False,False
2026-05-14T11:23:07.925208+00:00,DRPeef8okJY,,,,,1894,,138,,4,True,False,False,False
2026-05-14T11:23:07.925208+00:00,4I04-adrE2A,,,,,679,,67,,10,True,False,False,False
2026-05-14T11:23:07.925208+00:00,_k4ruB1hXFk,,,,,3506,,426,,29,True,False,False,False
2026-05-14T11:23:07.925208+00:00,p2ZuYKMaXVQ,,,,,7100,,521,,14,True,False,False,False
2026-05-14T11:23:07.925208+00:00,f74EJAib6TU,,,,,46650,,3592,,312,True,False,False,False
2026-05-14T11:23:07.925208+00:00,cLjA8IVlxao,,,,,287,,22,,4,True,False,False,False
2026-05-14T11:23:07.925208+00:00,6xUmuh2YDDI,,,,,277447,,15944,,1026,True,False,False,False
2026-05-14T11:23:07.925208+00:00,WZnTgLjhSJg,,,,,140878,,8940,,157,True,False,False,False
2026-05-14T11:23:07.925208+00:00,NZNz-Q1hXKQ,,,,,6719,,417,,31,True,False,False,False
2026-05-14T11:23:07.925208+00:00,q9g63Fg0C0s,,,,,2840,,63,,0,True,False,False,False
2026-05-14T11:23:07.925208+00:00,sHXJob_Yxmw,,,,,4216,,127,,2,True,False,False,False
2026-05-14T11:23:07.925208+00:00,V-z0k5xu1hM,,,,,139604,,8314,,2279,True,False,False,False
2026-05-14T11:23:07.925208+00:00,o6V2_tvL-CE,,,,,305678,,10177,,361,True,False,False,False
2026-05-14T11:23:07.925208+00:00,1r6GTP4PWYs,,,,,297904,,14938,,1170,True,False,False,False
2026-05-14T11:23:07.925208+00:00,d5e6YIVxGfU,,,,,2049194,,47547,,786,True,False,False,False
2026-05-14T11:23:07.925208+00:00,Uikp3Md43ac,,,,,372643,,15657,,1276,True,False,False,False
2026-05-14T11:23:07.925208+00:00,UP62NcsmyGo,,,,,100107,,4633,,216,True,False,False,False
2026-05-14T11:23:07.925208+00:00,Ww6kDGTIF0g,,,,,4761,,270,,4,True,False,False,False
2026-05-14T11:23:07.925208+00:00,45GqOfk996I,,,,,181371,,7499,,481,True,False,False,False
2026-05-14T11:23:07.925208+00:00,9IYRd5TnC5M,,,,,50265,,2973,,85,True,False,False,False
2026-05-14T11:23:07.925208+00:00,pag8Ncc7AwQ,,,,,1472831,,72840,,408,True,False,False,False
2026-05-14T11:23:07.925208+00:00,Gab74WWEIZQ,,,,,1957096,,92503,,876,True,False,False,False
2026-05-14T11:23:07.925208+00:00,d96WHYOHoU8,,,,,94223,,7089,,753,True,False,False,False
2026-05-14T11:23:07.925208+00:00,XA84pSrPHS0,,,,,176337,,9228,,1769,True,False,False,False
2026-05-14T11:23:07.925208+00:00,-ellvM_GPWI,,,,,163745,,10548,,413,True,False,False,False
2026-05-14T11:23:07.925208+00:00,dGjYPrNNjyM,,,,,37778,,1657,,95,True,False,False,False
