execution_date,video_id,channel_id,channel_name,upload_date,video_age_days,views,views_delta,views_per_day_since_upload,lifecycle_stage
2026-05-12T11:28:32.318099+00:00,BTJGr78-zyw,UCGq-a57w-aPwyi3pW7XLiHw,The Diary Of A CEO,2026-05-07T07:00:08+00:00,5.186393,6469201,730026,1247341.071145,early
2026-05-12T11:28:32.318099+00:00,kwEtOyaFhCA,UCGq-a57w-aPwyi3pW7XLiHw,The Diary Of A CEO,2026-05-11T07:00:40+00:00,1.186022,830380,672269,700138.78326,early
2026-05-12T11:28:32.318099+00:00,rvVGTI7PFUQ,UCDfbsXLRCyk_LIkrtaTmliQ,PlanetaJuan,2026-05-10T14:01:17+00:00,1.893927,1050736,415299,554792.23856,early
2026-05-12T11:28:32.318099+00:00,Xq7pk4z4rlk,UCWBWgCD4oAqT3hUeq40SCUw,Sambucha,2026-05-09T19:15:01+00:00,2.676057,3076304,376989,1149565.947213,early
2026-05-12T11:28:32.318099+00:00,c5Jej6WbEpM,UCyJbb85EUgWjl38GcF236Jg,Eva Maria Beristain,2026-05-11T01:00:06+00:00,1.436416,527512,339055,367241.801818,early
2026-05-12T11:28:32.318099+00:00,3SFlwYVEubU,UC52hytXteCKmuOzMViTK8_w,CdeCiencia,2026-05-10T20:52:05+00:00,1.60865,873886,318027,543241.848755,early
2026-05-12T11:28:32.318099+00:00,5gvtrtQdrkI,UCWBWgCD4oAqT3hUeq40SCUw,Sambucha,2026-05-08T17:15:00+00:00,3.759402,2043116,317065,543468.349487,early
2026-05-12T11:28:32.318099+00:00,Aen53ytTYqc,UCWBWgCD4oAqT3hUeq40SCUw,Sambucha,2026-05-10T17:15:00+00:00,1.759402,1169781,311091,664874.201575,early
2026-05-12T11:28:32.318099+00:00,TIqrd6dCa8o,UC415bOPUcGSamy543abLmRA,Cleo Abram,2026-05-06T14:50:20+00:00,5.859865,4052004,302628,691484.189482,early
2026-05-12T11:28:32.318099+00:00,XfGEMCb6BQU,UC415bOPUcGSamy543abLmRA,Cleo Abram,2026-05-09T13:04:27+00:00,2.933395,2219622,299583,756673.410843,early
2026-05-12T11:28:32.318099+00:00,2woILE2Fhgc,UCNYW2vfGrUE6R5mIJYzkRyQ,DrossRotzank,2026-05-10T16:00:04+00:00,1.811439,781224,279461,431272.595986,early
2026-05-12T11:28:32.318099+00:00,X3kCgMfoCDY,UCWBWgCD4oAqT3hUeq40SCUw,Sambucha,2026-05-10T19:15:01+00:00,1.676057,931604,264005,555830.738453,early
2026-05-12T11:28:32.318099+00:00,4m_M1Wpnr2Q,UCLe_q9axMaeTbjN0hy1Z9xA,Caleb Hammer,2026-05-03T16:00:06+00:00,8.811416,5764326,253512,654188.384705,active
2026-05-12T11:28:32.318099+00:00,TNiqq4Uy7aY,UCLe_q9axMaeTbjN0hy1Z9xA,Caleb Hammer,2026-05-07T16:00:49+00:00,4.810918,3130132,238044,650630.919089,early
2026-05-12T11:28:32.318099+00:00,OjbxCNnJcEU,UCLe_q9axMaeTbjN0hy1Z9xA,Caleb Hammer,2026-05-10T16:00:39+00:00,1.811034,872631,235637,481841.312753,early
2026-05-12T11:28:32.318099+00:00,k8j-6Xvw_G4,UCQHX6ViZmPsWiYSFAyS0a3Q,GothamChess,2026-05-04T11:08:00+00:00,8.014263,4618197,224022,576247.248187,active
2026-05-12T11:28:32.318099+00:00,Vsa4DmH9_6c,UCLe_q9axMaeTbjN0hy1Z9xA,Caleb Hammer,2026-05-07T22:00:38+00:00,4.561045,3252955,211392,713203.882005,early
2026-05-12T11:28:32.318099+00:00,f5QmO_3rK00,UC415bOPUcGSamy543abLmRA,Cleo Abram,2026-05-07T15:02:43+00:00,4.851265,2845193,205179,586484.762222,early
2026-05-12T11:28:32.318099+00:00,0idqiLonGYI,UCWBWgCD4oAqT3hUeq40SCUw,Sambucha,2026-05-04T23:00:01+00:00,7.519807,3629277,202167,482629.008963,active
2026-05-12T11:28:32.318099+00:00,KcA4MloW4PA,UCWBWgCD4oAqT3hUeq40SCUw,Sambucha,2026-05-07T19:15:00+00:00,4.676068,1643823,194192,351539.584112,early
2026-05-12T11:28:32.318099+00:00,YeLi2cRhXSU,UCQHX6ViZmPsWiYSFAyS0a3Q,GothamChess,2026-05-10T18:32:00+00:00,1.70593,513366,188612,300930.284361,early
2026-05-12T11:28:32.318099+00:00,WfDMkPf1JQs,UCLe_q9axMaeTbjN0hy1Z9xA,Caleb Hammer,2026-05-09T16:00:50+00:00,2.810906,774012,179001,275360.328663,early
2026-05-12T11:28:32.318099+00:00,HI5_RnjEGNg,UCLe_q9axMaeTbjN0hy1Z9xA,Caleb Hammer,2026-05-09T22:00:15+00:00,2.561312,1177971,171009,459909.218401,early
2026-05-12T11:28:32.318099+00:00,FCaTFLdtsco,UCC552Sd-3nyi_tk2BudLUzA,AsapSCIENCE,2026-05-04T19:44:40+00:00,7.655467,1203015,163132,157144.560874,active
2026-05-12T11:28:32.318099+00:00,B3hwrASGkpY,UCWBWgCD4oAqT3hUeq40SCUw,Sambucha,2026-05-08T19:15:00+00:00,3.676068,2056135,161157,559329.968869,early
2026-05-12T11:28:32.318099+00:00,Yikyh4ymps0,UCWBWgCD4oAqT3hUeq40SCUw,Sambucha,2026-05-08T19:15:04+00:00,3.676022,1558974,156594,424092.674092,early
2026-05-12T11:28:32.318099+00:00,7F4pY8Td9QQ,UCHnyfMqiRRG1u-2MsSQLbXA,Veritasium,2026-05-10T13:00:20+00:00,1.936254,700323,150031,361689.633695,early
2026-05-12T11:28:32.318099+00:00,N0Inna0vbM0,UCLe_q9axMaeTbjN0hy1Z9xA,Caleb Hammer,2026-05-09T19:00:30+00:00,2.686138,816018,144587,303788.561868,early
2026-05-12T11:28:32.318099+00:00,TkDWgKCjdtU,UCWBWgCD4oAqT3hUeq40SCUw,Sambucha,2026-05-07T23:00:38+00:00,4.519379,1385246,142286,306512.46554,early
2026-05-12T11:28:32.318099+00:00,8_dh-IB9jZ8,UCGq-a57w-aPwyi3pW7XLiHw,The Diary Of A CEO,2026-05-07T10:19:21+00:00,5.048048,1100208,137089,217947.214448,early
2026-05-12T11:28:32.318099+00:00,EPBKIT19kg0,UCQX_MZRCaluNKxkywkLEgfA,Date un Vlog,2026-05-10T18:22:41+00:00,1.7124,297224,121927,173571.595422,early
2026-05-12T11:28:32.318099+00:00,ZVzRMrLmQCc,UCSPLhwvj0gBufjDRzSQb3GQ,BobbyBroccoli,2026-05-10T21:32:04+00:00,1.580883,249172,121204,157615.712232,early
2026-05-12T11:28:32.318099+00:00,N9GiuDJVJuc,UC52hytXteCKmuOzMViTK8_w,CdeCiencia,2026-05-09T22:59:50+00:00,2.519934,619547,119471,245858.423276,early
2026-05-12T11:28:32.318099+00:00,uZo3hzCUNsM,UCLe_q9axMaeTbjN0hy1Z9xA,Caleb Hammer,2026-05-08T19:00:52+00:00,3.685883,1329110,117940,360594.734016,early
2026-05-12T11:28:32.318099+00:00,1djBIY7HO0k,UCLe_q9axMaeTbjN0hy1Z9xA,Caleb Hammer,2026-05-05T19:00:01+00:00,6.686474,2820977,117165,421893.063519,early
2026-05-12T11:28:32.318099+00:00,-0tv5_bKAaQ,UCWBWgCD4oAqT3hUeq40SCUw,Sambucha,2026-05-06T17:15:00+00:00,5.759402,2285214,116483,396779.735118,early
2026-05-12T11:28:32.318099+00:00,Su0aCV35IFM,UC415bOPUcGSamy543abLmRA,Cleo Abram,2026-04-27T15:31:42+00:00,14.831138,6224090,113587,419663.683259,active
2026-05-12T11:28:32.318099+00:00,AvxFr8lBnVI,UCQHX6ViZmPsWiYSFAyS0a3Q,GothamChess,2026-05-09T14:55:00+00:00,2.856624,964198,113521,337530.595556,early
2026-05-12T11:28:32.318099+00:00,oZteZj3IPCs,UCUyDOdBWhC1MCxEjC46d-zw,Alex Hormozi,2026-05-09T15:00:37+00:00,2.852724,439109,106691,153926.21228,early
2026-05-12T11:28:32.318099+00:00,Qc11sIp3nR8,UCQHX6ViZmPsWiYSFAyS0a3Q,GothamChess,2026-05-10T12:35:00+00:00,1.953846,536028,105722,274345.060972,early
2026-05-12T11:28:32.318099+00:00,NlFAfAqX1zE,UC1viRct91s1a3Z5yvk7FJXw,Diego Ruzzarin,2026-05-06T18:00:22+00:00,5.727897,996733,104295,174013.77853,early
2026-05-12T11:28:32.318099+00:00,daTs4wtAbmM,UCQX_MZRCaluNKxkywkLEgfA,Date un Vlog,2026-05-10T11:39:52+00:00,1.992133,675690,103730,339179.161231,early
2026-05-12T11:28:32.318099+00:00,n-gYFcVx-8Y,UCsXVk37bltHxD1rDPwtNM8Q,Kurzgesagt – In a Nutshell,2026-05-05T14:00:01+00:00,6.894807,3765716,98194,546166.992056,early
2026-05-12T11:28:32.318099+00:00,P1DSZNhApJA,UCQHX6ViZmPsWiYSFAyS0a3Q,GothamChess,2026-05-02T10:16:01+00:00,10.050362,4114554,94086,409393.611892,active
2026-05-12T11:28:32.318099+00:00,T_LWKGJDKgo,UCLe_q9axMaeTbjN0hy1Z9xA,Caleb Hammer,2026-05-04T15:00:47+00:00,7.852608,2108078,92933,268455.779277,active
2026-05-12T11:28:32.318099+00:00,vmRbevilfpU,UCOWFKaCN-rzmYk502JFWnqg,Eze Martínez,2026-04-23T17:02:28+00:00,18.768106,8559873,92351,456086.1389,active
2026-05-12T11:28:32.318099+00:00,qI1r3TGu5s8,UCQHX6ViZmPsWiYSFAyS0a3Q,GothamChess,2026-05-07T12:40:01+00:00,4.950362,1565234,90283,316185.765809,early
2026-05-12T11:28:32.318099+00:00,pwcrn5bdr9c,UCyM-2pRapEv6V2q7UNO9icg,Emprende Aprendiendo,2026-05-09T19:06:25+00:00,2.682029,292418,89740,109028.649578,early
2026-05-12T11:28:32.318099+00:00,yipK0StLn9k,UCPgVPrgqpALC1s2e63fgKyg,elWacky,2026-05-10T20:00:28+00:00,1.644494,407333,88697,247695.035677,early
2026-05-12T11:28:32.318099+00:00,fRjAMALJ0r0,UC1viRct91s1a3Z5yvk7FJXw,Diego Ruzzarin,2026-05-04T16:01:09+00:00,7.810687,1208179,83675,154682.808311,active
2026-05-12T11:28:32.318099+00:00,GBAXKF4myuk,UCQHX6ViZmPsWiYSFAyS0a3Q,GothamChess,2026-05-07T21:15:01+00:00,4.592724,1955073,82015,425689.198828,early
2026-05-12T11:28:32.318099+00:00,B9ocddyGfo8,UC415bOPUcGSamy543abLmRA,Cleo Abram,2026-05-04T14:12:24+00:00,7.886207,3344086,80998,424042.381845,active
2026-05-12T11:28:32.318099+00:00,Cr7oGnSzmb4,UC415bOPUcGSamy543abLmRA,Cleo Abram,2026-04-21T14:52:40+00:00,20.858244,2518308,80938,120734.420405,active
2026-05-12T11:28:32.318099+00:00,ksn5yrsC3Wg,UCHnyfMqiRRG1u-2MsSQLbXA,Veritasium,2026-04-29T20:30:53+00:00,12.623372,5591167,74860,442921.82786,active
2026-05-12T11:28:32.318099+00:00,NdU6UdUKaYc,UCGq-a57w-aPwyi3pW7XLiHw,The Diary Of A CEO,2026-05-04T07:00:20+00:00,8.186254,2129454,74407,260125.571476,active
2026-05-12T11:28:32.318099+00:00,B_hpiBpMQoI,UC415bOPUcGSamy543abLmRA,Cleo Abram,2026-05-08T14:35:13+00:00,3.870362,1626078,74343,420135.894265,early
2026-05-12T11:28:32.318099+00:00,wmeUOPjA_qc,UCLe_q9axMaeTbjN0hy1Z9xA,Caleb Hammer,2026-05-04T22:01:11+00:00,7.560663,2782949,73038,368082.666824,active
2026-05-12T11:28:32.318099+00:00,MjWI_rWQL68,UCLe_q9axMaeTbjN0hy1Z9xA,Caleb Hammer,2026-05-03T22:00:16+00:00,8.5613,7322421,71961,855293.121372,active
2026-05-12T11:28:32.318099+00:00,qgzwtKsXCMo,UCQHX6ViZmPsWiYSFAyS0a3Q,GothamChess,2026-05-01T00:29:03+00:00,11.457978,3708075,66817,323623.854052,active
2026-05-12T11:28:32.318099+00:00,WOTUpoI2LQA,UCOWFKaCN-rzmYk502JFWnqg,Eze Martínez,2026-04-29T17:03:06+00:00,12.767666,3861698,66304,302459.196536,active
2026-05-12T11:28:32.318099+00:00,ArA_8v8LTfY,UC1viRct91s1a3Z5yvk7FJXw,Diego Ruzzarin,2026-05-10T18:00:08+00:00,1.728059,242556,64688,140363.26306,early
2026-05-12T11:28:32.318099+00:00,9iKWeo8sWh4,UCLe_q9axMaeTbjN0hy1Z9xA,Caleb Hammer,2026-05-03T19:00:07+00:00,8.686404,3452047,64216,397408.064373,active
2026-05-12T11:28:32.318099+00:00,N5iBaZ5gnfE,UCQHX6ViZmPsWiYSFAyS0a3Q,GothamChess,2026-05-05T14:10:00+00:00,6.887874,1490359,63623,216374.312306,early
2026-05-12T11:28:32.318099+00:00,QPWScf-86po,UCWBWgCD4oAqT3hUeq40SCUw,Sambucha,2026-04-30T17:15:02+00:00,11.759379,7421764,62875,631135.708782,active
2026-05-12T11:28:32.318099+00:00,5V-qwSnDOJs,UCxFACDJ98idvo9Gq9M9AQgg,Moris Dieck | Finanzas e Inversiones ,2026-05-06T11:00:08+00:00,6.019726,332642,61750,55258.661275,early
2026-05-12T11:28:32.318099+00:00,SFvm5X9E9hI,UCLe_q9axMaeTbjN0hy1Z9xA,Caleb Hammer,2026-05-08T22:00:25+00:00,3.561196,912415,61063,256210.273178,early
2026-05-12T11:28:32.318099+00:00,pUlUgkaTQZg,UC415bOPUcGSamy543abLmRA,Cleo Abram,2026-04-26T14:45:42+00:00,15.863082,2199062,60546,138627.663905,active
2026-05-12T11:28:32.318099+00:00,g3qdSCk9TNw,UCUyDOdBWhC1MCxEjC46d-zw,Alex Hormozi,2026-05-09T19:00:00+00:00,2.686485,311759,60339,116047.176887,early
2026-05-12T11:28:32.318099+00:00,qscktzcDfPM,UCTfQ65AxquXmih3r6rZmK-Q,jefillysh,2026-05-10T23:48:51+00:00,1.485895,95353,59804,64172.098298,early
2026-05-12T11:28:32.318099+00:00,owFZVWRoRTM,UCLe_q9axMaeTbjN0hy1Z9xA,Caleb Hammer,2026-05-08T15:01:37+00:00,3.852029,754923,59718,195980.611776,early
2026-05-12T11:28:32.318099+00:00,OS1R8XpI7b4,UC52hytXteCKmuOzMViTK8_w,CdeCiencia,2026-05-08T20:56:26+00:00,3.605629,573315,59339,159005.543832,early
2026-05-12T11:28:32.318099+00:00,IEJALLQFmDs,UCY1kMZp36IQSyNx_9h4mpCg,Mark Rober,2026-04-30T16:00:29+00:00,11.81115,4790740,57974,405611.646622,active
2026-05-12T11:28:32.318099+00:00,5LJ1cxjQhyE,UC415bOPUcGSamy543abLmRA,Cleo Abram,2026-05-02T15:42:07+00:00,9.823904,2917508,56988,296980.507953,active
2026-05-12T11:28:32.318099+00:00,n2T6AOoUkOM,UCLe_q9axMaeTbjN0hy1Z9xA,Caleb Hammer,2026-05-02T19:00:42+00:00,9.685999,2786406,55809,287673.579153,active
2026-05-12T11:28:32.318099+00:00,ifa-F8OY0KY,UCNYW2vfGrUE6R5mIJYzkRyQ,DrossRotzank,2026-05-06T16:01:15+00:00,5.810617,907762,55681,156224.717616,early
2026-05-12T11:28:32.318099+00:00,YAA0iXJ9gCQ,UCM55RjebjSevVWPnj2LEymw,viyaura,2026-05-06T14:02:39+00:00,5.892978,710709,54061,120602.690185,early
2026-05-12T11:28:32.318099+00:00,9g8Bz0ugi1I,UCUyDOdBWhC1MCxEjC46d-zw,Alex Hormozi,2026-05-08T19:00:00+00:00,3.686485,426913,54005,115804.892737,early
2026-05-12T11:28:32.318099+00:00,SRq2k75uLVo,UCQX_MZRCaluNKxkywkLEgfA,Date un Vlog,2026-05-08T20:51:16+00:00,3.609217,807017,53624,223598.913559,early
2026-05-12T11:28:32.318099+00:00,JDPom9Tnjc4,UCLe_q9axMaeTbjN0hy1Z9xA,Caleb Hammer,2026-05-06T22:00:22+00:00,5.561231,1783761,53237,320749.308921,early
2026-05-12T11:28:32.318099+00:00,df8m5VhKqhM,UCUyDOdBWhC1MCxEjC46d-zw,Alex Hormozi,2026-05-11T09:00:10+00:00,1.103036,60255,52882,54626.503577,early
2026-05-12T11:28:32.318099+00:00,0QQ_jxbZbv0,UCOWFKaCN-rzmYk502JFWnqg,Eze Martínez,2026-05-06T17:02:33+00:00,5.768048,1347797,52701,233666.051323,early
2026-05-12T11:28:32.318099+00:00,VH1-eMZk-Ms,UCyJbb85EUgWjl38GcF236Jg,Eva Maria Beristain,2026-05-11T01:46:47+00:00,1.403997,74383,51943,52979.457933,early
2026-05-12T11:28:32.318099+00:00,IM4NXjEW8vA,UCWBWgCD4oAqT3hUeq40SCUw,Sambucha,2026-05-06T19:15:00+00:00,5.676068,1425874,50989,251208.05459,early
2026-05-12T11:28:32.318099+00:00,gztlPinApRE,UCOWFKaCN-rzmYk502JFWnqg,Eze Martínez,2026-05-09T17:02:19+00:00,2.76821,646627,46748,233590.298424,early
2026-05-12T11:28:32.318099+00:00,XsY6iChNzf0,UCQHX6ViZmPsWiYSFAyS0a3Q,GothamChess,2026-04-27T12:40:02+00:00,14.950351,1322528,46620,88461.334453,active
2026-05-12T11:28:32.318099+00:00,iBpxQpktHN4,UCQHX6ViZmPsWiYSFAyS0a3Q,GothamChess,2026-04-28T12:01:18+00:00,13.977249,2290445,46457,163869.513951,active
2026-05-12T11:28:32.318099+00:00,Hk-ARbCTKzM,UCWBWgCD4oAqT3hUeq40SCUw,Sambucha,2026-04-23T19:15:00+00:00,18.676068,5847125,46375,313081.158197,active
2026-05-12T11:28:32.318099+00:00,e-fi6z80CoA,UCUyDOdBWhC1MCxEjC46d-zw,Alex Hormozi,2026-05-10T07:00:11+00:00,2.186358,182015,46261,83250.318566,early
2026-05-12T11:28:32.318099+00:00,xaN83gVwJ60,UCNYW2vfGrUE6R5mIJYzkRyQ,DrossRotzank,2026-05-08T16:38:57+00:00,3.784437,614503,46007,162376.332332,early
2026-05-12T11:28:32.318099+00:00,YVgdX2fTKWg,UCQHX6ViZmPsWiYSFAyS0a3Q,GothamChess,2026-05-09T15:50:00+00:00,2.81843,505428,45361,179329.626778,early
2026-05-12T11:28:32.318099+00:00,1_H80JEZ2ko,UCyJbb85EUgWjl38GcF236Jg,Eva Maria Beristain,2026-05-04T01:15:06+00:00,8.425999,932071,45334,110618.456043,active
2026-05-12T11:28:32.318099+00:00,SzG_O-In1vg,UCLe_q9axMaeTbjN0hy1Z9xA,Caleb Hammer,2026-05-05T22:00:36+00:00,6.561068,1054927,42356,160785.86596,early
2026-05-12T11:28:32.318099+00:00,T32B8W5B3XY,UC5PwIMtLiIBCBhsu8f_-6UQ,Santiago Bilinkis,2026-05-10T17:06:12+00:00,1.765513,104295,42211,59073.481759,early
2026-05-12T11:28:32.318099+00:00,w88x3_HNPxg,UC1yNl2E66ZzKApQdRuTQ4tw,Sabine Hossenfelder,2026-05-10T15:01:34+00:00,1.852064,180533,41531,97476.653075,early
2026-05-12T11:28:32.318099+00:00,SVTPv4sI_Jc,UCHnyfMqiRRG1u-2MsSQLbXA,Veritasium,2026-05-03T19:26:56+00:00,8.667781,1929580,41525,222615.222973,active
2026-05-12T11:28:32.318099+00:00,Z_JYEX2bgb0,UCaVPhFg-Ax873wvhbNitsrQ,El Robot de Platón,2026-05-09T17:36:31+00:00,2.74446,287372,41191,104709.851847,early
2026-05-12T11:28:32.318099+00:00,m-nnyNZ0TQ0,UCGq-a57w-aPwyi3pW7XLiHw,The Diary Of A CEO,2026-04-23T07:00:42+00:00,19.185999,2292557,39641,119491.1456,active
2026-05-12T11:28:32.318099+00:00,jLFG_FZKbks,UCGq-a57w-aPwyi3pW7XLiHw,The Diary Of A CEO,2026-04-30T07:00:41+00:00,12.186011,1503377,38185,123369.082795,active
2026-05-12T11:28:32.318099+00:00,U5l0Z8T4tCk,UCqLiW00gUvXG0J5vlZZNJ1g,FranqitoM,2026-05-04T17:25:29+00:00,7.752122,816069,37271,105270.402091,active
2026-05-12T11:28:32.318099+00:00,9Gr2QjvSQ-I,UC36xmz34q02JYaZYKrMwXng,Nate Gentile,2026-05-06T16:44:47+00:00,5.780386,1077723,36539,186444.815277,early
2026-05-12T11:28:32.318099+00:00,dqazxW8R5BY,UC415bOPUcGSamy543abLmRA,Cleo Abram,2026-04-30T15:25:57+00:00,11.835131,2571010,36412,217235.449274,active
2026-05-12T11:28:32.318099+00:00,wWNSkQKqie8,UCUyDOdBWhC1MCxEjC46d-zw,Alex Hormozi,2026-05-08T23:00:00+00:00,3.519818,218365,35196,62038.719047,early
2026-05-12T11:28:32.318099+00:00,PoHZWjU54jY,UCQHX6ViZmPsWiYSFAyS0a3Q,GothamChess,2026-04-23T11:06:00+00:00,19.015652,2528850,34805,132987.814459,active
2026-05-12T11:28:32.318099+00:00,UncqiOQc4rI,UCLe_q9axMaeTbjN0hy1Z9xA,Caleb Hammer,2026-04-24T16:01:01+00:00,17.810779,4030029,34636,226269.10367,active
2026-05-12T11:28:32.318099+00:00,zfNPPFcYi-A,UCaVPhFg-Ax873wvhbNitsrQ,El Robot de Platón,2026-05-10T22:42:53+00:00,1.531705,105419,34528,68824.610483,early
2026-05-12T11:28:32.318099+00:00,0y8vRPcSvbw,UCLe_q9axMaeTbjN0hy1Z9xA,Caleb Hammer,2026-04-29T16:00:05+00:00,12.811427,2457105,34413,191790.110501,active
2026-05-12T11:28:32.318099+00:00,Pf8xz9q12Cs,UCUyDOdBWhC1MCxEjC46d-zw,Alex Hormozi,2026-05-07T15:00:00+00:00,4.853152,353442,34284,72827.308932,early
2026-05-12T11:28:32.318099+00:00,gd3iHglylrY,UCM55RjebjSevVWPnj2LEymw,viyaura,2026-05-10T15:06:16+00:00,1.8488,148098,34158,80104.932929,early
2026-05-12T11:28:32.318099+00:00,BYGtKMpJGpg,UCLe_q9axMaeTbjN0hy1Z9xA,Caleb Hammer,2026-05-08T16:00:19+00:00,3.811265,594381,34096,155953.731897,early
2026-05-12T11:28:32.318099+00:00,vgwG6e9TFcw,UC415bOPUcGSamy543abLmRA,Cleo Abram,2026-04-22T16:15:33+00:00,19.800687,1765236,34072,89150.24009,active
2026-05-12T11:28:32.318099+00:00,G-2pLhMxPMU,UCUyDOdBWhC1MCxEjC46d-zw,Alex Hormozi,2026-05-10T05:00:39+00:00,2.269367,131930,33851,58135.153988,early
2026-05-12T11:28:32.318099+00:00,Hw7PE5a3DGo,UCqcbQf6yw5KzRoDDcZ_wBSw,Wes Roth,2026-05-11T08:20:46+00:00,1.130397,43400,33734,38393.590924,early
2026-05-12T11:28:32.318099+00:00,AtSQBfBK6HE,UCWBWgCD4oAqT3hUeq40SCUw,Sambucha,2026-05-03T19:15:00+00:00,8.676068,1220357,33396,140657.841778,active
2026-05-12T11:28:32.318099+00:00,fhaODAC3PBk,UCDOSaJ0pnglwzfkR6fYbisA,Luis Mi Negocios,2026-05-11T06:00:25+00:00,1.227862,38642,33287,31470.963349,early
2026-05-12T11:28:32.318099+00:00,MVFd0qFB9TE,UCHnyfMqiRRG1u-2MsSQLbXA,Veritasium,2026-04-24T13:00:42+00:00,17.935999,4365114,33244,243371.668341,active
2026-05-12T11:28:32.318099+00:00,N7UtnNPSYYI,UCUyDOdBWhC1MCxEjC46d-zw,Alex Hormozi,2026-05-11T11:00:28+00:00,1.019494,35469,31771,34790.788371,early
2026-05-12T11:28:32.318099+00:00,VozHMHyKtG8,UCVt4ugq2txl_szlXAO7B3-g,Adrián Sáenz,2026-05-09T15:59:58+00:00,2.811508,130946,31663,46575.0053,early
2026-05-12T11:28:32.318099+00:00,vKG-QwpcF3k,UCM55RjebjSevVWPnj2LEymw,viyaura,2026-05-09T14:59:44+00:00,2.853337,231292,31504,81060.176208,early
2026-05-12T11:28:32.318099+00:00,fKuIJ_z2Y6A,UCMOqf8ab-42UUQIdVoKwjlQ,Practical Engineering,2026-05-05T13:01:16+00:00,6.935606,807345,31365,116405.833895,early
2026-05-12T11:28:32.318099+00:00,BVCcjqYlfXg,UCWBWgCD4oAqT3hUeq40SCUw,Sambucha,2026-05-07T17:15:02+00:00,4.759379,405635,30575,85228.556078,early
2026-05-12T11:28:32.318099+00:00,9uEU6bWB6_4,UCUyDOdBWhC1MCxEjC46d-zw,Alex Hormozi,2026-05-07T23:00:00+00:00,4.519818,489490,29639,108298.608484,early
2026-05-12T11:28:32.318099+00:00,mCc1oPC5f-8,UCFBpVaKCC0ajGps1vf0AgBg,Humphrey Yang,2026-05-06T17:45:06+00:00,5.738499,232337,29436,40487.416657,early
2026-05-12T11:28:32.318099+00:00,v_1Dhh8G84c,UCLe_q9axMaeTbjN0hy1Z9xA,Caleb Hammer,2026-04-27T19:00:56+00:00,14.685837,1938310,28802,131984.986624,active
2026-05-12T11:28:32.318099+00:00,4t3ID7mJo-8,UCUyDOdBWhC1MCxEjC46d-zw,Alex Hormozi,2026-05-08T03:00:00+00:00,4.353152,277988,28319,63859.015261,early
2026-05-12T11:28:32.318099+00:00,FMdrD_jcYgE,UC7_gcs09iThXybpVgjHZ_7g,PBS Space Time,2026-04-30T20:15:00+00:00,11.634402,988206,28282,84938.27186,active
2026-05-12T11:28:32.318099+00:00,MK36lyttVLU,UCsXVk37bltHxD1rDPwtNM8Q,Kurzgesagt – In a Nutshell,2026-05-08T14:00:42+00:00,3.894332,496331,28140,127449.585706,early
2026-05-12T11:28:32.318099+00:00,c6EqXrf-yqk,UCLe_q9axMaeTbjN0hy1Z9xA,Caleb Hammer,2026-05-07T19:00:36+00:00,4.686068,915549,28134,195376.806312,early
2026-05-12T11:28:32.318099+00:00,V6VQ54eTok0,UCUyDOdBWhC1MCxEjC46d-zw,Alex Hormozi,2026-05-04T15:45:00+00:00,7.821902,737045,28016,94228.360314,active
2026-05-12T11:28:32.318099+00:00,XmTywJQA2fs,UCGq-a57w-aPwyi3pW7XLiHw,The Diary Of A CEO,2026-05-08T19:35:00+00:00,3.66218,131081,27944,35793.16145,early
2026-05-12T11:28:32.318099+00:00,4yDM3ZFcQm4,UCUyDOdBWhC1MCxEjC46d-zw,Alex Hormozi,2026-05-02T19:00:00+00:00,9.686485,1313245,27940,135574.978953,active
2026-05-12T11:28:32.318099+00:00,07T7V-Szcx0,UCUyDOdBWhC1MCxEjC46d-zw,Alex Hormozi,2026-04-21T15:00:00+00:00,20.853152,632190,27807,30316.280244,active
2026-05-12T11:28:32.318099+00:00,mPHNIsDsJio,UCLe_q9axMaeTbjN0hy1Z9xA,Caleb Hammer,2026-05-06T15:01:21+00:00,5.852214,935378,27730,159833.184501,early
2026-05-12T11:28:32.318099+00:00,AJsAV4ZqwTc,UCxcDzs-4quJV4QsairlFYNg,Alejavi Rivera,2026-05-10T17:00:21+00:00,1.769575,65010,27648,36737.634743,early
2026-05-12T11:28:32.318099+00:00,DYkyYUjOZTk,UCWBWgCD4oAqT3hUeq40SCUw,Sambucha,2026-04-25T19:15:00+00:00,16.676068,1781559,27247,106833.277485,active
2026-05-12T11:28:32.318099+00:00,8NoYT5bpGOI,UCQHX6ViZmPsWiYSFAyS0a3Q,GothamChess,2026-05-08T19:55:00+00:00,3.648291,302617,26720,82947.604783,early
2026-05-12T11:28:32.318099+00:00,etURVlpA5mA,UCQHX6ViZmPsWiYSFAyS0a3Q,GothamChess,2026-05-06T13:51:00+00:00,5.901068,1396649,26210,236677.326884,early
2026-05-12T11:28:32.318099+00:00,z7Qp9Q_Br88,UCsXVk37bltHxD1rDPwtNM8Q,Kurzgesagt – In a Nutshell,2026-04-27T14:01:38+00:00,14.893684,814223,25988,54669.012717,active
2026-05-12T11:28:32.318099+00:00,u_f8bJkfg68,UC52hytXteCKmuOzMViTK8_w,CdeCiencia,2026-04-26T21:13:59+00:00,15.593441,4278827,25967,274399.152823,active
2026-05-12T11:28:32.318099+00:00,8wjPN6Bvi-k,UCUyDOdBWhC1MCxEjC46d-zw,Alex Hormozi,2026-05-11T03:00:15+00:00,1.352978,39396,25251,29117.990093,early
2026-05-12T11:28:32.318099+00:00,PDLLR1NwC2o,UC1viRct91s1a3Z5yvk7FJXw,Diego Ruzzarin,2026-05-09T00:00:06+00:00,3.478082,143386,25163,41225.595026,early
2026-05-12T11:28:32.318099+00:00,A2O_CSDImRs,UCLe_q9axMaeTbjN0hy1Z9xA,Caleb Hammer,2026-05-02T22:00:18+00:00,9.561277,952687,25084,99640.142211,active
2026-05-12T11:28:32.318099+00:00,dl0-TveDDGA,UCsXVk37bltHxD1rDPwtNM8Q,Kurzgesagt – In a Nutshell,2026-04-21T14:00:01+00:00,20.894807,2033473,24846,97319.539731,active
2026-05-12T11:28:32.318099+00:00,zkmezdV88JA,UCPgVPrgqpALC1s2e63fgKyg,elWacky,2026-05-09T20:00:39+00:00,2.644367,234699,24600,88754.321923,early
2026-05-12T11:28:32.318099+00:00,r8avNn7cKuY,UCUyDOdBWhC1MCxEjC46d-zw,Alex Hormozi,2026-05-10T09:00:26+00:00,2.102851,95438,24350,45385.051057,early
2026-05-12T11:28:32.318099+00:00,0pPuQw4fQaI,UCUyDOdBWhC1MCxEjC46d-zw,Alex Hormozi,2026-05-10T15:00:00+00:00,1.853152,85170,24042,45959.532731,early
2026-05-12T11:28:32.318099+00:00,SiQ3bMsRXHs,UCRDQzsHtx2cXvzEXnEhbxBg,Mister Krax,2026-05-10T05:15:55+00:00,2.258765,90011,24034,39849.652354,early
2026-05-12T11:28:32.318099+00:00,PnpHwhTWw0c,UCGq-a57w-aPwyi3pW7XLiHw,The Diary Of A CEO,2026-04-27T07:00:18+00:00,15.186277,1769421,23971,116514.468951,active
2026-05-12T11:28:32.318099+00:00,OGQFzTqTT6o,UCWBWgCD4oAqT3hUeq40SCUw,Sambucha,2026-05-09T17:15:03+00:00,2.759367,296971,23543,107622.871477,early
2026-05-12T11:28:32.318099+00:00,r4R_Hlw7sbo,UChhw6DlKKTQ9mYSpTfXUYqA,Starter Story,2026-05-10T17:00:21+00:00,1.769575,51299,23536,28989.446619,early
2026-05-12T11:28:32.318099+00:00,GREaEG_0Xcw,UC9RM-iSvTu1uPJb8X5yp3EQ,Wendover Productions,2026-05-05T20:37:33+00:00,6.618742,773779,23185,116907.261229,early
2026-05-12T11:28:32.318099+00:00,W41XcEogOB0,UCWBWgCD4oAqT3hUeq40SCUw,Sambucha,2026-04-24T19:15:01+00:00,17.676057,3892900,23070,220235.768645,active
2026-05-12T11:28:32.318099+00:00,1mHrzCe7Gkc,UC0N6ZYT8Q9bdQkGrgl9g9Ug,Pinwin,2026-05-08T22:00:02+00:00,3.561462,104871,22834,29446.053334,early
2026-05-12T11:28:32.318099+00:00,N-zjDtQOwxc,UCNYW2vfGrUE6R5mIJYzkRyQ,DrossRotzank,2026-04-30T16:00:40+00:00,11.811022,1047476,22514,88686.313513,active
2026-05-12T11:28:32.318099+00:00,W65cfPslnzo,UCWBWgCD4oAqT3hUeq40SCUw,Sambucha,2026-04-30T23:10:00+00:00,11.512874,806318,22389,70036.204687,active
2026-05-12T11:28:32.318099+00:00,lDyiY5vjqaw,UCLe_q9axMaeTbjN0hy1Z9xA,Caleb Hammer,2026-05-04T16:01:14+00:00,7.810629,1238620,22301,158581.338328,active
2026-05-12T11:28:32.318099+00:00,dNNyCZwEa6k,UC415bOPUcGSamy543abLmRA,Cleo Abram,2026-04-24T14:20:33+00:00,17.880548,2656099,22256,148546.845432,active
2026-05-12T11:28:32.318099+00:00,8Vq_Vm8Pe9Y,UC1viRct91s1a3Z5yvk7FJXw,Diego Ruzzarin,2026-05-07T02:00:14+00:00,5.394656,407858,22131,75604.079296,early
2026-05-12T11:28:32.318099+00:00,_LRfzYRul0Y,UCUyDOdBWhC1MCxEjC46d-zw,Alex Hormozi,2026-05-09T03:00:00+00:00,3.353152,182468,22065,54416.859122,early
2026-05-12T11:28:32.318099+00:00,tkLxg6h07aE,UCLe_q9axMaeTbjN0hy1Z9xA,Caleb Hammer,2026-04-29T15:01:39+00:00,12.852006,1119105,21625,87076.28988,active
2026-05-12T11:28:32.318099+00:00,4bXNYw_dTeY,UC55-mxUj5Nj3niXFReG44OQ,Platzi,2026-05-09T14:00:08+00:00,2.894726,125778,21325,43450.744561,early
2026-05-12T11:28:32.318099+00:00,-peAopWmtxU,UCPgVPrgqpALC1s2e63fgKyg,elWacky,2026-05-09T15:00:01+00:00,2.85314,346613,21138,121484.750135,early
2026-05-12T11:28:32.318099+00:00,pG99B0ui06s,UC415bOPUcGSamy543abLmRA,Cleo Abram,2026-04-29T14:19:41+00:00,12.88115,2028411,21100,157471.266152,active
2026-05-12T11:28:32.318099+00:00,7w_UJew1aDs,UCPdaxSov0mgwh77JvjQO2jQ,Man Carrying Thing,2026-05-09T19:23:15+00:00,2.670339,191627,20883,71761.300719,early
2026-05-12T11:28:32.318099+00:00,ERWIJPTNZVM,UCQHX6ViZmPsWiYSFAyS0a3Q,GothamChess,2026-04-23T19:36:00+00:00,18.661485,1282978,20826,68750.048563,active
2026-05-12T11:28:32.318099+00:00,WpQ0qbUFLXc,UCUyDOdBWhC1MCxEjC46d-zw,Alex Hormozi,2026-05-10T19:00:00+00:00,1.686485,36851,20648,21850.772465,early
2026-05-12T11:28:32.318099+00:00,UPbaPjDGQIE,UCWBWgCD4oAqT3hUeq40SCUw,Sambucha,2026-04-22T17:15:03+00:00,19.759367,2498649,20458,126453.899055,active
2026-05-12T11:28:32.318099+00:00,9ZkFpNoq8-g,UCQHX6ViZmPsWiYSFAyS0a3Q,GothamChess,2026-05-05T17:23:00+00:00,6.753846,547419,20403,81052.928953,early
2026-05-12T11:28:32.318099+00:00,ayCQvz-p7Sc,UC5mQQ4Ur6oA8lsGFkvH2lyg,Noche De Chicxs,2026-05-08T00:00:06+00:00,4.478082,140203,20362,31308.716544,early
2026-05-12T11:28:32.318099+00:00,GlOQIsLX2rA,UC52hytXteCKmuOzMViTK8_w,CdeCiencia,2026-05-05T18:58:23+00:00,6.687608,557752,20196,83400.82134,early
2026-05-12T11:28:32.318099+00:00,uGwDuvSqgYI,UC2UXDak6o7rBm23k3Vv5dww,Tina Huang,2026-05-10T14:32:47+00:00,1.872052,43521,20048,23247.751665,early
2026-05-12T11:28:32.318099+00:00,OEtIq4tR1rA,UCUyDOdBWhC1MCxEjC46d-zw,Alex Hormozi,2026-05-03T07:00:00+00:00,9.186485,291825,19978,31766.774778,active
2026-05-12T11:28:32.318099+00:00,OrI86PV-aPg,UCDOSaJ0pnglwzfkR6fYbisA,Luis Mi Negocios,2026-05-01T17:00:30+00:00,10.769471,1836266,19782,170506.61077,active
2026-05-12T11:28:32.318099+00:00,dFFcJBHuRcQ,UCUyDOdBWhC1MCxEjC46d-zw,Alex Hormozi,2026-05-11T07:00:22+00:00,1.186231,26152,18915,22046.29621,early
2026-05-12T11:28:32.318099+00:00,KGHb_XF0Z8M,UCaVPhFg-Ax873wvhbNitsrQ,El Robot de Platón,2026-05-07T19:31:02+00:00,4.664934,259794,18824,55690.820063,early
2026-05-12T11:28:32.318099+00:00,Czf68kDF_7Y,UCLe_q9axMaeTbjN0hy1Z9xA,Caleb Hammer,2026-04-23T16:00:20+00:00,18.811254,2568331,18562,136531.620912,active
2026-05-12T11:28:32.318099+00:00,s6XPoPYDn-Y,UCLe_q9axMaeTbjN0hy1Z9xA,Caleb Hammer,2026-04-28T16:01:31+00:00,13.810432,1442458,18543,104446.986162,active
2026-05-12T11:28:32.318099+00:00,gdjCR9h1yGc,UCWBWgCD4oAqT3hUeq40SCUw,Sambucha,2026-04-25T18:10:00+00:00,16.721207,2716605,18219,162464.647438,active
2026-05-12T11:28:32.318099+00:00,TmkbUF0V0hM,UCLe_q9axMaeTbjN0hy1Z9xA,Caleb Hammer,2026-05-01T15:00:54+00:00,10.852527,903596,18149,83261.345491,active
2026-05-12T11:28:32.318099+00:00,vCMOT7RkU5Q,UCZRsSEs1OX74qBh0x5T22tg,EL CACHONDO,2026-05-10T23:00:13+00:00,1.519668,42344,18029,27863.980817,early
2026-05-12T11:28:32.318099+00:00,PGBt4pOj4Vc,UCNYW2vfGrUE6R5mIJYzkRyQ,DrossRotzank,2026-05-04T15:57:27+00:00,7.813256,715669,17503,91596.768364,active
2026-05-12T11:28:32.318099+00:00,cZWh4DCZsQg,UCOvzFyIAr32yspwxx77BHcQ,Rob Paper Clips,2026-05-10T23:00:42+00:00,1.519332,39996,17489,26324.726919,early
2026-05-12T11:28:32.318099+00:00,75QtulYanTE,UCUyDOdBWhC1MCxEjC46d-zw,Alex Hormozi,2026-05-05T23:00:00+00:00,6.519818,184772,17123,28340.054891,early
2026-05-12T11:28:32.318099+00:00,IMM5cm6xrXQ,UCLe_q9axMaeTbjN0hy1Z9xA,Caleb Hammer,2026-04-26T16:00:23+00:00,15.811219,1639761,16949,103708.70203,active
2026-05-12T11:28:32.318099+00:00,Vj0kvWvBGxg,UCGq-a57w-aPwyi3pW7XLiHw,The Diary Of A CEO,2026-05-10T11:23:16+00:00,2.003661,92592,16874,46211.410014,early
2026-05-12T11:28:32.318099+00:00,a9T6IRpz31E,UCLe_q9axMaeTbjN0hy1Z9xA,Caleb Hammer,2026-04-28T22:00:00+00:00,13.561485,1066955,15931,78675.381052,active
2026-05-12T11:28:32.318099+00:00,vp4XgAoKrUQ,UCLe_q9axMaeTbjN0hy1Z9xA,Caleb Hammer,2026-05-06T19:00:52+00:00,5.685883,436178,15904,76712.447302,early
2026-05-12T11:28:32.318099+00:00,GIpW82nODbE,UCUyDOdBWhC1MCxEjC46d-zw,Alex Hormozi,2026-05-09T05:00:00+00:00,3.269818,124045,15704,37936.362207,early
2026-05-12T11:28:32.318099+00:00,66gMxbNKaYA,UCDfbsXLRCyk_LIkrtaTmliQ,PlanetaJuan,2026-05-03T14:00:16+00:00,8.894633,527698,15415,59327.686707,active
2026-05-12T11:28:32.318099+00:00,eOI7WQIEX1Y,UCQX_MZRCaluNKxkywkLEgfA,Date un Vlog,2026-04-28T16:27:03+00:00,13.7927,1872941,15353,135792.194422,active
2026-05-12T11:28:32.318099+00:00,WgcdDVIUXcI,UC52hytXteCKmuOzMViTK8_w,CdeCiencia,2026-04-25T19:59:06+00:00,16.645443,6822665,15251,409881.851748,active
2026-05-12T11:28:32.318099+00:00,4at2bVIhLgc,UCQHX6ViZmPsWiYSFAyS0a3Q,GothamChess,2026-04-28T21:05:00+00:00,13.59968,794110,15236,58391.815102,active
2026-05-12T11:28:32.318099+00:00,5LBnQ2OhJCQ,UC-bFpJCtP1lXn5vBxJ0b9dw,Diego Revuelta,2026-05-10T14:00:10+00:00,1.894703,24560,15105,12962.453746,early
2026-05-12T11:28:32.318099+00:00,Fz9FjKAZ1uw,UCLe_q9axMaeTbjN0hy1Z9xA,Caleb Hammer,2026-05-05T16:00:25+00:00,6.811196,789046,14990,115845.44036,early
2026-05-12T11:28:32.318099+00:00,BAORYfrrBzc,UCWBWgCD4oAqT3hUeq40SCUw,Sambucha,2026-05-04T19:15:00+00:00,7.676068,591144,14854,77011.303183,active
2026-05-12T11:28:32.318099+00:00,reCJ5EuvukI,UCLe_q9axMaeTbjN0hy1Z9xA,Caleb Hammer,2026-05-01T22:01:05+00:00,10.560733,1169456,14713,110736.252872,active
2026-05-12T11:28:32.318099+00:00,5rTrRNntFTA,UCvzk_MwdXD6jQa4Se-6B9ZQ,Adrià Solà Pastor,2026-05-10T17:13:03+00:00,1.760756,31269,14529,17758.84904,early
2026-05-12T11:28:32.318099+00:00,imAjmQy8p8c,UCVt4ugq2txl_szlXAO7B3-g,Adrián Sáenz,2026-05-07T16:08:32+00:00,4.805559,91707,14376,19083.523894,early
2026-05-12T11:28:32.318099+00:00,EJBfmLrc-iw,UCoXtmmnLCbXDiSo8GxsmOzA,La gata de Schrödinger,2026-05-07T17:30:08+00:00,4.748893,69581,14088,14652.046277,early
2026-05-12T11:28:32.318099+00:00,UEYBrtzl3wg,UCb8GKeOvI7WsFUkB4UVAeXA,Cordura Artificial,2026-05-08T01:29:03+00:00,4.416312,153023,14050,34649.499401,early
2026-05-12T11:28:32.318099+00:00,39czcByvq7c,UCWBWgCD4oAqT3hUeq40SCUw,Sambucha,2026-04-27T23:00:03+00:00,14.519784,792990,13379,54614.44881,active
2026-05-12T11:28:32.318099+00:00,ucN2hf0CgI8,UCLe_q9axMaeTbjN0hy1Z9xA,Caleb Hammer,2026-04-22T19:00:50+00:00,19.685906,1624836,13347,82538.03508,active
2026-05-12T11:28:32.318099+00:00,HgfDVxIHlv8,UCEQXxiYxNZbym9Fad7-n2Lg,Doctor Fisión,2026-05-10T16:30:05+00:00,1.790594,40286,13273,22498.679209,early
2026-05-12T11:28:32.318099+00:00,HRxULulg_hM,UCLe_q9axMaeTbjN0hy1Z9xA,Caleb Hammer,2026-04-21T19:00:26+00:00,20.686184,1023351,12984,49470.264791,active
2026-05-12T11:28:32.318099+00:00,g6Cq3m3gq1g,UCPTlwyaEoJOVyvDLzHagzNQ,WATOP,2026-05-09T17:00:12+00:00,2.76968,44006,12981,15888.478091,early
2026-05-12T11:28:32.318099+00:00,1-B-IJh_fsU,UCUyDOdBWhC1MCxEjC46d-zw,Alex Hormozi,2026-05-11T05:00:21+00:00,1.269575,22305,12869,17568.871473,early
2026-05-12T11:28:32.318099+00:00,YFc40YFhMvk,UCUyDOdBWhC1MCxEjC46d-zw,Alex Hormozi,2026-05-05T19:00:00+00:00,6.686485,124381,12728,18601.851346,early
2026-05-12T11:28:32.318099+00:00,wDUtigax8Lg,UCWBWgCD4oAqT3hUeq40SCUw,Sambucha,2026-05-05T19:15:03+00:00,6.676034,1387613,12573,207849.900105,early
2026-05-12T11:28:32.318099+00:00,HB20PBw3C-0,UCtT7zEoC9-HNyLYb8cYWoww,Ale Marin,2026-05-10T22:30:03+00:00,1.540617,26320,12484,17084.064372,early
2026-05-12T11:28:32.318099+00:00,5wuHYQMnYhA,UCLe_q9axMaeTbjN0hy1Z9xA,Caleb Hammer,2026-04-21T16:00:09+00:00,20.811381,1043653,12455,50148.185745,active
2026-05-12T11:28:32.318099+00:00,pcAJLeGAtwc,UCLe_q9axMaeTbjN0hy1Z9xA,Caleb Hammer,2026-04-27T16:01:30+00:00,14.810443,1060050,12387,71574.496455,active
2026-05-12T11:28:32.318099+00:00,4s9LuOSR3Q4,UC7DdEm33SyaTDtWYGO2CwdA,Physics Girl,2026-05-02T13:00:15+00:00,9.936312,1519448,12286,152918.708672,active
2026-05-12T11:28:32.318099+00:00,aZVcAlzBIp4,UCWBWgCD4oAqT3hUeq40SCUw,Sambucha,2026-04-23T23:05:00+00:00,18.516346,840180,12248,45375.043219,active
2026-05-12T11:28:32.318099+00:00,54IzxU24YT0,UCPdaxSov0mgwh77JvjQO2jQ,Man Carrying Thing,2026-05-06T20:08:54+00:00,5.638638,296332,12118,52553.825942,early
2026-05-12T11:28:32.318099+00:00,gpnRn3UuFOc,UCDOSaJ0pnglwzfkR6fYbisA,Luis Mi Negocios,2026-05-10T16:00:06+00:00,1.811416,25447,12025,14048.125886,early
2026-05-12T11:28:32.318099+00:00,fuxYQrqkfns,UCOWFKaCN-rzmYk502JFWnqg,Eze Martínez,2026-05-02T17:02:42+00:00,9.767943,853283,11848,87355.444232,active
2026-05-12T11:28:32.318099+00:00,eBbqRceO2qY,UCWBWgCD4oAqT3hUeq40SCUw,Sambucha,2026-04-22T19:15:01+00:00,19.676057,1440712,11837,73221.58093,active
2026-05-12T11:28:32.318099+00:00,OQf2Ba-Lp_4,UCUyDOdBWhC1MCxEjC46d-zw,Alex Hormozi,2026-05-08T19:01:34+00:00,3.685397,57060,11694,15482.728184,early
2026-05-12T11:28:32.318099+00:00,IG4Sqs3G1fA,UCEQXxiYxNZbym9Fad7-n2Lg,Doctor Fisión,2026-05-09T16:30:13+00:00,2.790501,82890,11574,29704.343414,early
2026-05-12T11:28:32.318099+00:00,uTBQ0E07n88,UCRlBDnRQduDk4tmm1OtpSRg,UN POCO MEJOR,2026-05-05T15:01:36+00:00,6.852041,118574,11565,17304.916885,early
2026-05-12T11:28:32.318099+00:00,kB_PJC80JhY,UC52hytXteCKmuOzMViTK8_w,CdeCiencia,2026-05-01T18:55:11+00:00,10.68983,1351012,11519,126382.926576,active
2026-05-12T11:28:32.318099+00:00,ABoKfabPQyY,UCUyDOdBWhC1MCxEjC46d-zw,Alex Hormozi,2026-04-23T15:00:00+00:00,18.853152,291422,11415,15457.468332,active
2026-05-12T11:28:32.318099+00:00,7Y7Iv5XAXwI,UCLe_q9axMaeTbjN0hy1Z9xA,Caleb Hammer,2026-04-29T19:00:12+00:00,12.686346,2310664,11389,182137.866963,active
2026-05-12T11:28:32.318099+00:00,OHuPtXHcJYM,UCmE44gpkHmf5bKIVTPSwxnQ,Judith Tiral,2026-05-10T17:30:07+00:00,1.748904,27485,11353,15715.556714,early
2026-05-12T11:28:32.318099+00:00,mpZK1dqX6aA,UCQHX6ViZmPsWiYSFAyS0a3Q,GothamChess,2026-04-30T13:44:00+00:00,11.90593,1115201,11348,93667.693326,active
2026-05-12T11:28:32.318099+00:00,8u7HqZJQHDM,UCLe_q9axMaeTbjN0hy1Z9xA,Caleb Hammer,2026-04-24T15:00:28+00:00,17.852828,1096881,11228,61440.181914,active
2026-05-12T11:28:32.318099+00:00,p6Ejmhwb8Sc,UCtscFf8VayggrDYjOwDke_Q,Angela Collier ,2026-05-08T17:41:06+00:00,3.741277,133518,11180,35687.814615,early
2026-05-12T11:28:32.318099+00:00,yHYYyV2Pdmk,UCPgVPrgqpALC1s2e63fgKyg,elWacky,2026-05-07T20:00:44+00:00,4.644309,233823,11175,50346.1333,early
2026-05-12T11:28:32.318099+00:00,WSi_IaIn9wE,UC1viRct91s1a3Z5yvk7FJXw,Diego Ruzzarin,2026-05-10T21:00:35+00:00,1.602747,33538,11163,20925.323835,early
2026-05-12T11:28:32.318099+00:00,Yo4aGwiAUBk,UC5PwIMtLiIBCBhsu8f_-6UQ,Santiago Bilinkis,2026-05-09T18:39:29+00:00,2.700733,39935,11156,14786.726418,early
2026-05-12T11:28:32.318099+00:00,jAaw0vn7eLs,UCR1IuLEqb6UEA_zQ81kwXfg,Real Engineering,2026-04-29T14:01:48+00:00,12.893568,305068,11091,23660.479396,active
2026-05-12T11:28:32.318099+00:00,msYTFQ4OIu8,UCLe_q9axMaeTbjN0hy1Z9xA,Caleb Hammer,2026-04-22T15:01:21+00:00,19.852214,1087762,11068,54792.98178,active
2026-05-12T11:28:32.318099+00:00,GIGLcNgNOP4,UC4mg-nKTVI9CWodPPqB5d3A,Luna Martínez ,2026-05-06T20:03:57+00:00,5.642075,220184,11016,39025.358578,early
2026-05-12T11:28:32.318099+00:00,Lqq78q17jDY,UCVt4ugq2txl_szlXAO7B3-g,Adrián Sáenz,2026-04-21T15:59:55+00:00,20.811543,545445,11012,26208.772699,active
2026-05-12T11:28:32.318099+00:00,3era1_feC3U,UCQHX6ViZmPsWiYSFAyS0a3Q,GothamChess,2026-04-26T10:57:00+00:00,16.021902,1104042,10975,68908.298153,active
2026-05-12T11:28:32.318099+00:00,gsRLocZ2QYg,UCQHX6ViZmPsWiYSFAyS0a3Q,GothamChess,2026-05-07T17:08:00+00:00,4.764263,481989,10970,101167.588775,early
2026-05-12T11:28:32.318099+00:00,ktkpd9A8MD8,UCOWFKaCN-rzmYk502JFWnqg,Eze Martínez,2026-04-25T17:00:54+00:00,16.769193,595053,10839,35484.891849,active
2026-05-12T11:28:32.318099+00:00,vxjrgy16ljc,UCCApWEDxZLSe2u0BB-znodA,Don Canitro 👺,2026-05-09T15:15:05+00:00,2.842677,53139,10772,18693.295088,early
2026-05-12T11:28:32.318099+00:00,6dt3fd17_d0,UCDOSaJ0pnglwzfkR6fYbisA,Luis Mi Negocios,2026-05-04T19:34:21+00:00,7.662631,298468,10491,38951.112222,active
2026-05-12T11:28:32.318099+00:00,wng1spgJCoU,UCGq-a57w-aPwyi3pW7XLiHw,The Diary Of A CEO,2026-05-05T16:32:00+00:00,6.789263,307780,9933,45333.344724,early
2026-05-12T11:28:32.318099+00:00,kijJaXVri7Q,UCNYW2vfGrUE6R5mIJYzkRyQ,DrossRotzank,2026-04-26T16:01:07+00:00,15.81071,839708,9890,53110.075386,active
2026-05-12T11:28:32.318099+00:00,XiPhamWTPcU,UCWBWgCD4oAqT3hUeq40SCUw,Sambucha,2026-05-05T17:15:07+00:00,6.759321,369665,9844,54689.664835,early
2026-05-12T11:28:32.318099+00:00,rfRFwXnk660,UC5PwIMtLiIBCBhsu8f_-6UQ,Santiago Bilinkis,2026-04-30T18:00:00+00:00,11.728152,347573,9564,29635.785757,active
2026-05-12T11:28:32.318099+00:00,2r0m4TsyIxs,UCM55RjebjSevVWPnj2LEymw,viyaura,2026-05-02T15:00:50+00:00,9.852573,378165,9393,38382.359613,active
2026-05-12T11:28:32.318099+00:00,IrGd4xIhTN0,UCPdaxSov0mgwh77JvjQO2jQ,Man Carrying Thing,2026-04-29T16:04:16+00:00,12.808522,632942,9383,49415.693708,active
2026-05-12T11:28:32.318099+00:00,tpay1lEGZ7g,UCNYW2vfGrUE6R5mIJYzkRyQ,DrossRotzank,2026-05-02T16:01:32+00:00,9.81042,562208,9176,57307.230475,active
2026-05-12T11:28:32.318099+00:00,up__2flbXw4,UCLe_q9axMaeTbjN0hy1Z9xA,Caleb Hammer,2026-04-22T16:01:33+00:00,19.810409,987466,9044,49845.815904,active
2026-05-12T11:28:32.318099+00:00,KGeCwEOLPGE,UCWBWgCD4oAqT3hUeq40SCUw,Sambucha,2026-04-23T17:15:02+00:00,18.759379,2072536,9016,110479.989769,active
2026-05-12T11:28:32.318099+00:00,BdUzhVM5w1U,UCQHX6ViZmPsWiYSFAyS0a3Q,GothamChess,2026-04-24T10:47:00+00:00,18.028846,2647258,8946,146834.57832,active
2026-05-12T11:28:32.318099+00:00,kBctc9rV__4,UCBBWpss2iXVXtTzl7-4eWbg,Jessica Fernández García,2026-05-04T15:06:56+00:00,7.848337,98994,8907,12613.372744,active
2026-05-12T11:28:32.318099+00:00,GXeBi91SkIw,UCQHX6ViZmPsWiYSFAyS0a3Q,GothamChess,2026-04-22T17:35:00+00:00,19.745513,719042,8859,36415.463098,active
2026-05-12T11:28:32.318099+00:00,XmME99qXdmM,UCRDQzsHtx2cXvzEXnEhbxBg,Mister Krax,2026-05-08T16:09:56+00:00,3.804587,100663,8858,26458.325174,early
2026-05-12T11:28:32.318099+00:00,8QsAx7s9PmQ,UCQHX6ViZmPsWiYSFAyS0a3Q,GothamChess,2026-04-21T01:00:06+00:00,21.436416,1422396,8810,66354.189058,active
2026-05-12T11:28:32.318099+00:00,rIi3YI0zmNI,UCFBpVaKCC0ajGps1vf0AgBg,Humphrey Yang,2026-05-07T18:01:00+00:00,4.727457,67649,8742,14309.807577,early
2026-05-12T11:28:32.318099+00:00,giDzcuRAg6g,UCxFACDJ98idvo9Gq9M9AQgg,Moris Dieck | Finanzas e Inversiones ,2026-05-11T11:01:17+00:00,1.018927,9194,8741,9023.217561,early
2026-05-12T11:28:32.318099+00:00,FYMdllTCrc0,UCR1IuLEqb6UEA_zQ81kwXfg,Real Engineering,2026-04-25T15:00:32+00:00,16.852781,934075,8409,55425.570415,active
2026-05-12T11:28:32.318099+00:00,fwUWAoSeg2g,UC5mQQ4Ur6oA8lsGFkvH2lyg,Noche De Chicxs,2026-04-29T00:00:54+00:00,13.477527,347415,8408,25777.355148,active
2026-05-12T11:28:32.318099+00:00,eRD2C7w9r6Y,UCDV1MWcRLthxSrmb2Zv-jeg,Ricardo Alca2,2026-04-29T20:16:00+00:00,12.633707,285331,8299,22584.89927,active
2026-05-12T11:28:32.318099+00:00,jRLXiOUYpqE,UCbdSYaPD-lr1kW27UJuk8Pw,QuantumFracture,2026-05-05T13:01:20+00:00,6.935559,491043,8137,70800.781884,early
2026-05-12T11:28:32.318099+00:00,roUppNywDks,UCLe_q9axMaeTbjN0hy1Z9xA,Caleb Hammer,2026-04-27T15:01:33+00:00,14.852075,970279,8077,65329.524662,active
2026-05-12T11:28:32.318099+00:00,ExlWYbISs6I,UCWBWgCD4oAqT3hUeq40SCUw,Sambucha,2026-04-29T17:15:03+00:00,12.759367,675960,7981,52977.549748,active
2026-05-12T11:28:32.318099+00:00,r79B-_e2v-s,UC5mQQ4Ur6oA8lsGFkvH2lyg,Noche De Chicxs,2026-05-06T00:01:04+00:00,6.477411,133890,7965,20670.295586,early
2026-05-12T11:28:32.318099+00:00,rHDw0XcyZ1I,UC1viRct91s1a3Z5yvk7FJXw,Diego Ruzzarin,2026-05-05T02:00:49+00:00,7.394251,182887,7868,24733.674851,active
2026-05-12T11:28:32.318099+00:00,-7R_yASwE4w,UCRDQzsHtx2cXvzEXnEhbxBg,Mister Krax,2026-05-10T05:02:01+00:00,2.268418,25563,7812,11269.087091,early
2026-05-12T11:28:32.318099+00:00,UM9dcnJXX0k,UCM55RjebjSevVWPnj2LEymw,viyaura,2026-04-25T14:59:59+00:00,16.853163,455236,7642,27011.902751,active
2026-05-12T11:28:32.318099+00:00,kWIBe2hzd4M,UC52hytXteCKmuOzMViTK8_w,CdeCiencia,2026-05-07T22:14:11+00:00,4.551636,243353,7614,53464.951943,early
2026-05-12T11:28:32.318099+00:00,Rij6WQMuxcw,UCWBWgCD4oAqT3hUeq40SCUw,Sambucha,2026-05-04T17:15:01+00:00,7.75939,396584,7607,51110.203251,active
2026-05-12T11:28:32.318099+00:00,Nn2eXwch-K0,UCqcbQf6yw5KzRoDDcZ_wBSw,Wes Roth,2026-05-09T05:38:41+00:00,3.242955,89681,7492,27654.099425,early
2026-05-12T11:28:32.318099+00:00,FGFaysGrKng,UCPgVPrgqpALC1s2e63fgKyg,elWacky,2026-05-05T20:00:22+00:00,6.644564,213549,7451,32138.90332,early
2026-05-12T11:28:32.318099+00:00,if955Z_s4Ts,UCUyDOdBWhC1MCxEjC46d-zw,Alex Hormozi,2026-04-28T11:00:00+00:00,14.019818,378275,7337,26981.448689,active
2026-05-12T11:28:32.318099+00:00,dU5sDKcwN9E,UCGq-a57w-aPwyi3pW7XLiHw,The Diary Of A CEO,2026-04-28T18:00:36+00:00,13.727735,507814,7300,36991.82713,active
2026-05-12T11:28:32.318099+00:00,_WrHMsTYlOU,UCLe_q9axMaeTbjN0hy1Z9xA,Caleb Hammer,2026-04-25T19:00:29+00:00,16.68615,1067783,7152,63992.17315,active
2026-05-12T11:28:32.318099+00:00,8TvJvfKz8Fo,UCTfQ65AxquXmih3r6rZmK-Q,jefillysh,2026-04-30T19:14:13+00:00,11.676612,342513,7016,29333.251803,active
2026-05-12T11:28:32.318099+00:00,mK3xENFCGnI,UC52hytXteCKmuOzMViTK8_w,CdeCiencia,2026-05-02T17:57:43+00:00,9.729737,587156,6983,60346.543797,active
2026-05-12T11:28:32.318099+00:00,__4yBF4LLLU,UCUyDOdBWhC1MCxEjC46d-zw,Alex Hormozi,2026-05-10T23:00:00+00:00,1.519818,16527,6852,10874.328374,early
2026-05-12T11:28:32.318099+00:00,5YKhtb3DNNo,UCNYW2vfGrUE6R5mIJYzkRyQ,DrossRotzank,2026-04-28T16:00:09+00:00,13.811381,839514,6846,60784.218464,active
2026-05-12T11:28:32.318099+00:00,fpmYvXCzO1c,UCWBWgCD4oAqT3hUeq40SCUw,Sambucha,2026-04-21T19:15:02+00:00,20.676045,1259016,6842,60892.496607,active
2026-05-12T11:28:32.318099+00:00,pXI3xinu4bc,UCWBWgCD4oAqT3hUeq40SCUw,Sambucha,2026-05-01T19:15:03+00:00,10.676034,1207842,6771,113135.833026,active
2026-05-12T11:28:32.318099+00:00,jKTNMlUEdgU,UCQHX6ViZmPsWiYSFAyS0a3Q,GothamChess,2026-04-29T14:40:01+00:00,12.867029,1418955,6754,110278.371176,active
2026-05-12T11:28:32.318099+00:00,ZzrrUfFTu_8,UCaVPhFg-Ax873wvhbNitsrQ,El Robot de Platón,2026-05-08T21:02:44+00:00,3.601254,136792,6535,37984.546494,early
2026-05-12T11:28:32.318099+00:00,Y9HJ_U3TdXk,UCUyDOdBWhC1MCxEjC46d-zw,Alex Hormozi,2026-04-24T15:00:00+00:00,17.853152,239314,6531,13404.579763,active
2026-05-12T11:28:32.318099+00:00,fGOSfk8mfPY,UCQHX6ViZmPsWiYSFAyS0a3Q,GothamChess,2026-05-06T21:07:01+00:00,5.598279,345041,6524,61633.405552,early
2026-05-12T11:28:32.318099+00:00,RniYUmKs93U,UCsXVk37bltHxD1rDPwtNM8Q,Kurzgesagt – In a Nutshell,2026-04-30T14:00:48+00:00,11.894263,469543,6510,39476.426576,active
2026-05-12T11:28:32.318099+00:00,31t_CBePs34,UCOWFKaCN-rzmYk502JFWnqg,Eze Martínez,2026-04-26T17:01:40+00:00,15.768661,1231442,6484,78094.265582,active
2026-05-12T11:28:32.318099+00:00,mKRwWZlOQlk,UCUyDOdBWhC1MCxEjC46d-zw,Alex Hormozi,2026-05-08T05:00:00+00:00,4.269818,38721,6343,9068.536411,early
2026-05-12T11:28:32.318099+00:00,WeliLUboy3M,UCLe_q9axMaeTbjN0hy1Z9xA,Caleb Hammer,2026-04-23T19:00:34+00:00,18.686092,1269166,6263,67920.354882,active
2026-05-12T11:28:32.318099+00:00,wJl8aMWZp3A,UCoOae5nYA7VqaXzerajD0lg,Ali Abdaal,2026-05-11T03:01:02+00:00,1.352434,10394,6254,7685.402763,early
2026-05-12T11:28:32.318099+00:00,TG39Ow5fepA,UCLe_q9axMaeTbjN0hy1Z9xA,Caleb Hammer,2026-05-04T19:00:23+00:00,7.686219,986878,6226,128395.769103,active
2026-05-12T11:28:32.318099+00:00,tbvteFr4SPQ,UCNYW2vfGrUE6R5mIJYzkRyQ,DrossRotzank,2026-04-22T16:01:36+00:00,19.810374,1477298,6192,74571.938925,active
2026-05-12T11:28:32.318099+00:00,OTt76d3wPiQ,UC1viRct91s1a3Z5yvk7FJXw,Diego Ruzzarin,2026-05-04T22:46:53+00:00,7.528927,257023,6188,34138.065092,active
2026-05-12T11:28:32.318099+00:00,U0f47Nt9g-Q,UCQX_MZRCaluNKxkywkLEgfA,Date un Vlog,2026-05-01T16:30:22+00:00,10.790397,447011,6172,41426.742686,active
2026-05-12T11:28:32.318099+00:00,-1Fhry-Mqks,UCJ24N4O0bP7LGLBDvye7oCA,Matt D'Avella,2026-04-30T00:32:36+00:00,12.455513,280188,6164,22495.099158,active
2026-05-12T11:28:32.318099+00:00,Bcag49Fk3zA,UCLe_q9axMaeTbjN0hy1Z9xA,Caleb Hammer,2026-04-26T22:00:19+00:00,15.561265,1453432,6156,93400.632918,active
2026-05-12T11:28:32.318099+00:00,suqYhItddAc,UCUyDOdBWhC1MCxEjC46d-zw,Alex Hormozi,2026-05-03T23:00:00+00:00,8.519818,304307,6131,35717.547018,active
2026-05-12T11:28:32.318099+00:00,oYl0cu8wos0,UCV5cU7ORoUCCAT79kSrOJmg,Ricardo Alcaraz,2026-05-06T20:23:39+00:00,5.628395,110726,6103,19672.748625,early
2026-05-12T11:28:32.318099+00:00,4Y94xhZcF0U,UCF0L4jd9LcSIxsj5gKITMqQ,Jaime Higuera,2026-05-10T20:30:01+00:00,1.623974,12478,6100,7683.620551,early
2026-05-12T11:28:32.318099+00:00,lBNfY9ImDZY,UCl5-lvQyfILb-l2abPk4Ntg,Inteligencia Artificial,2026-05-11T10:20:38+00:00,1.047156,6863,6057,6553.942297,early
2026-05-12T11:28:32.318099+00:00,er7v-GJj_V0,UCQX_MZRCaluNKxkywkLEgfA,Date un Vlog,2026-04-25T17:07:06+00:00,16.764888,612716,6049,36547.574908,active
2026-05-12T11:28:32.318099+00:00,TbKxcL_CH3Y,UCl5-lvQyfILb-l2abPk4Ntg,Inteligencia Artificial,2026-05-07T18:00:08+00:00,4.728059,75619,5901,15993.666746,early
2026-05-12T11:28:32.318099+00:00,JWOErbTL9N4,UCzR-rom72PHN9Zg7RML9EbA,PBS Eons,2026-04-28T14:00:35+00:00,13.894413,623563,5852,44878.686131,active
2026-05-12T11:28:32.318099+00:00,VCFDGjCcWZs,UC52hytXteCKmuOzMViTK8_w,CdeCiencia,2026-05-06T19:44:38+00:00,5.65549,239663,5841,42377.053094,early
2026-05-12T11:28:32.318099+00:00,nHH771Vtkxw,UC1viRct91s1a3Z5yvk7FJXw,Diego Ruzzarin,2026-04-21T18:00:46+00:00,20.727619,398362,5664,19218.898225,active
2026-05-12T11:28:32.318099+00:00,0kHJZFOuMWc,UC52hytXteCKmuOzMViTK8_w,CdeCiencia,2026-04-22T19:31:24+00:00,19.66468,974661,5662,49564.040706,active
2026-05-12T11:28:32.318099+00:00,nm0rAOWyGtE,UCUyDOdBWhC1MCxEjC46d-zw,Alex Hormozi,2026-05-06T23:00:00+00:00,5.519818,89020,5611,16127.343329,early
2026-05-12T11:28:32.318099+00:00,yIUDe9YH0ac,UCUyDOdBWhC1MCxEjC46d-zw,Alex Hormozi,2026-04-22T19:00:00+00:00,19.686485,252230,5599,12812.343087,active
2026-05-12T11:28:32.318099+00:00,SAtFZPtbMpI,UCoxcjq-8xIDTYp3uz647V5A,Numberphile,2026-05-04T13:12:05+00:00,7.928094,188702,5598,23801.6855,active
2026-05-12T11:28:32.318099+00:00,pcnkzTIQXPU,UCdNnEDbRWhanA1O8zhCn3ZA,Omar - Educación Financiera,2026-05-10T22:21:12+00:00,1.546763,15600,5524,10085.578721,early
2026-05-12T11:28:32.318099+00:00,p7K3xfViWCE,UCbfYPyITQ-7l4upoX8nvctg,Two Minute Papers,2026-05-06T16:07:54+00:00,5.805999,167213,5508,28800.039408,early
2026-05-12T11:28:32.318099+00:00,rJx6qKcbxrs,UC4jlzJyMNQkkcEcCN3EFG7g,Brin,2026-05-07T23:30:55+00:00,4.498349,67464,5492,14997.502417,early
2026-05-12T11:28:32.318099+00:00,4xGGV_ExIyM,UCJQQVLyM6wtPleV4wFBK06g,VisualPolitik,2026-05-07T15:54:14+00:00,4.81549,261897,5390,54386.365666,early
2026-05-12T11:28:32.318099+00:00,uAFufHQ706o,UCX9NJ471o7Wie1DQe94RVIg,Fazt,2026-05-11T01:45:16+00:00,1.40505,10222,5193,7275.185936,early
2026-05-12T11:28:32.318099+00:00,LLK879SXq_w,UCBBWpss2iXVXtTzl7-4eWbg,Jessica Fernández García,2026-04-27T16:18:25+00:00,14.798696,286756,5191,19377.112686,active
2026-05-12T11:28:32.318099+00:00,wgADj9n8XMs,UC52hytXteCKmuOzMViTK8_w,CdeCiencia,2026-04-30T18:12:42+00:00,11.719332,834913,5144,71242.371152,active
2026-05-12T11:28:32.318099+00:00,7JMlkwMz58I,UCDOSaJ0pnglwzfkR6fYbisA,Luis Mi Negocios,2026-05-06T16:00:11+00:00,5.811358,199951,5132,34406.93208,early
2026-05-12T11:28:32.318099+00:00,JjwHFerSu4M,UCaRLjOy-9m_eJ9REVqc0YoQ,Gustavo Entrala,2026-05-01T17:30:10+00:00,10.748869,259416,5114,24134.260079,active
2026-05-12T11:28:32.318099+00:00,1uxvXO8XY9M,UCGq-a57w-aPwyi3pW7XLiHw,The Diary Of A CEO,2026-05-06T16:19:57+00:00,5.797631,99499,5102,17162.009793,early
2026-05-12T11:28:32.318099+00:00,KIL81oKLZTc,UCLe_q9axMaeTbjN0hy1Z9xA,Caleb Hammer,2026-05-06T16:00:36+00:00,5.811068,117754,5088,20263.744978,early
2026-05-12T11:28:32.318099+00:00,FZbMPtLRr00,UCsXVk37bltHxD1rDPwtNM8Q,Kurzgesagt – In a Nutshell,2026-04-23T14:00:23+00:00,18.894552,613037,5048,32445.172556,active
2026-05-12T11:28:32.318099+00:00,0DB_Qj43O6Q,UCUyDOdBWhC1MCxEjC46d-zw,Alex Hormozi,2026-04-29T15:00:00+00:00,12.853152,91781,5001,7140.738708,active
2026-05-12T11:28:32.318099+00:00,n8bdMyQzV0U,UCl5-lvQyfILb-l2abPk4Ntg,Inteligencia Artificial,2026-05-05T18:00:00+00:00,6.728152,174303,4970,25906.519353,early
2026-05-12T11:28:32.318099+00:00,SWyHoj5CRqs,UCwd_qoS94df5orGoPLPnsxQ,Franco Pisso,2026-05-05T13:09:43+00:00,6.929737,61763,4945,8912.74806,early
2026-05-12T11:28:32.318099+00:00,3PZ3d4eNWrc,UCWBWgCD4oAqT3hUeq40SCUw,Sambucha,2026-05-01T17:15:00+00:00,10.759402,920282,4893,85532.820504,active
2026-05-12T11:28:32.318099+00:00,m1ddx427bHI,UC1yNl2E66ZzKApQdRuTQ4tw,Sabine Hossenfelder,2026-05-07T15:01:29+00:00,4.852122,244111,4887,50310.15296,early
2026-05-12T11:28:32.318099+00:00,VgH5rhALEfU,UCWBWgCD4oAqT3hUeq40SCUw,Sambucha,2026-04-30T19:15:03+00:00,11.676034,707905,4725,60628.891625,active
2026-05-12T11:28:32.318099+00:00,yCIVUZmGyZ8,UCbUYAYd1WUznxEEl498z7vA,Woshingo Streams,2026-05-08T21:01:04+00:00,3.602411,41873,4683,11623.604303,early
2026-05-12T11:28:32.318099+00:00,UtgUs9B2pmU,UCoOae5nYA7VqaXzerajD0lg,Ali Abdaal,2026-05-10T21:21:29+00:00,1.588233,11143,4635,7015.973097,early
2026-05-12T11:28:32.318099+00:00,3yj9rCGNqjU,UCP15FVAA2UL-QOcGhy7-ezA,EDteam,2026-05-05T18:45:12+00:00,6.696763,71140,4627,10623.042804,early
2026-05-12T11:28:32.318099+00:00,TET8fTKH1e8,UCtIdb7KRqOTcOogKsos_QRw,Lord Draugr,2026-04-26T16:00:42+00:00,15.810999,647562,4613,40956.425334,active
2026-05-12T11:28:32.318099+00:00,QfUb5MEAOXA,UC4QZ_LsYcvcq7qOsOhpAX4A,ColdFusion,2026-04-28T00:05:38+00:00,14.47424,656430,4605,45351.603953,active
2026-05-12T11:28:32.318099+00:00,SZ8r5VKtGes,UC1viRct91s1a3Z5yvk7FJXw,Diego Ruzzarin,2026-04-23T18:00:25+00:00,18.727862,415097,4595,22164.676352,active
2026-05-12T11:28:32.318099+00:00,S0WQP5GeTZs,UCLe_q9axMaeTbjN0hy1Z9xA,Caleb Hammer,2026-04-24T22:00:22+00:00,17.561231,980429,4591,55829.172795,active
2026-05-12T11:28:32.318099+00:00,tXRno9MAa-I,UCyM-2pRapEv6V2q7UNO9icg,Emprende Aprendiendo,2026-05-08T18:54:04+00:00,3.690606,124727,4539,33795.804808,early
2026-05-12T11:28:32.318099+00:00,K9S3YgFZN9Y,UCLe_q9axMaeTbjN0hy1Z9xA,Caleb Hammer,2026-04-23T22:00:20+00:00,18.561254,677222,4527,36485.789161,active
2026-05-12T11:28:32.318099+00:00,mtAmAX-y2vI,UCRlBDnRQduDk4tmm1OtpSRg,UN POCO MEJOR,2026-05-08T20:40:12+00:00,3.616902,20997,4502,5805.244378,early
2026-05-12T11:28:32.318099+00:00,LFgVx1UUrOg,UCxFACDJ98idvo9Gq9M9AQgg,Moris Dieck | Finanzas e Inversiones ,2026-05-10T23:00:31+00:00,1.51946,9620,4493,6331.196609,early
2026-05-12T11:28:32.318099+00:00,wy3a_xJI3so,UCWBWgCD4oAqT3hUeq40SCUw,Sambucha,2026-04-26T17:15:03+00:00,15.759367,948512,4483,60187.188991,active
2026-05-12T11:28:32.318099+00:00,OwbaFLtBpkQ,UCLe_q9axMaeTbjN0hy1Z9xA,Caleb Hammer,2026-04-24T19:00:32+00:00,17.686115,712038,4430,40259.717863,active
2026-05-12T11:28:32.318099+00:00,x-SEoMFBPQQ,UCEK0oX3X2yK9y27khCsrNKg,Mis Propias Finanzas,2026-05-05T22:01:15+00:00,6.560617,27477,4420,4188.173155,early
2026-05-12T11:28:32.318099+00:00,xjcVnFd-4YA,UCLe_q9axMaeTbjN0hy1Z9xA,Caleb Hammer,2026-04-29T22:01:16+00:00,12.560606,1626885,4382,129522.81124,active
2026-05-12T11:28:32.318099+00:00,B_yUECWfVFg,UCxFACDJ98idvo9Gq9M9AQgg,Moris Dieck | Finanzas e Inversiones ,2026-05-09T11:00:30+00:00,3.019471,23197,4377,7682.471532,early
2026-05-12T11:28:32.318099+00:00,oOCN30ulVyo,UC2UXDak6o7rBm23k3Vv5dww,Tina Huang,2026-04-28T14:37:13+00:00,13.868974,250690,4375,18075.598094,active
2026-05-12T11:28:32.318099+00:00,J7ieKmP96Hc,UCMOqf8ab-42UUQIdVoKwjlQ,Practical Engineering,2026-04-21T13:00:28+00:00,20.936161,941352,4371,44962.971005,active
2026-05-12T11:28:32.318099+00:00,nJ0oh5u6YbM,UCUyDOdBWhC1MCxEjC46d-zw,Alex Hormozi,2026-04-21T19:00:00+00:00,20.686485,139189,4362,6728.499308,active
2026-05-12T11:28:32.318099+00:00,nByAk8IonBk,UCUyDOdBWhC1MCxEjC46d-zw,Alex Hormozi,2026-05-10T11:00:10+00:00,2.019703,24357,4337,12059.693925,early
2026-05-12T11:28:32.318099+00:00,cL8lb0QX3QU,UC1viRct91s1a3Z5yvk7FJXw,Diego Ruzzarin,2026-05-08T01:23:38+00:00,4.420073,52917,4336,11971.974219,early
2026-05-12T11:28:32.318099+00:00,764wuV71sO0,UCDOSaJ0pnglwzfkR6fYbisA,Luis Mi Negocios,2026-05-08T16:04:17+00:00,3.808511,86396,4264,22684.981086,early
2026-05-12T11:28:32.318099+00:00,0D14LJGiBkg,UCQHX6ViZmPsWiYSFAyS0a3Q,GothamChess,2026-04-30T15:30:01+00:00,11.832307,370377,4261,31302.179702,active
2026-05-12T11:28:32.318099+00:00,_WaudpvolTs,UC52hytXteCKmuOzMViTK8_w,CdeCiencia,2026-05-08T19:40:18+00:00,3.658499,106158,4244,29016.818099,early
2026-05-12T11:28:32.318099+00:00,t9PF8V132Y4,UCgNg3vwj3xt7QOrcIDaHdFg,PolyMatter,2026-05-01T16:13:35+00:00,10.802052,295551,4236,27360.634813,active
2026-05-12T11:28:32.318099+00:00,3eAU7XU51vw,UC5mQQ4Ur6oA8lsGFkvH2lyg,Noche De Chicxs,2026-05-09T02:00:04+00:00,3.394772,15602,4236,4595.890387,early
2026-05-12T11:28:32.318099+00:00,iRach9lpIlg,UCHnyfMqiRRG1u-2MsSQLbXA,Veritasium,2026-04-27T13:18:46+00:00,14.923453,1058363,4226,70919.444716,active
2026-05-12T11:28:32.318099+00:00,e1sm34QQ5Q0,UCDOSaJ0pnglwzfkR6fYbisA,Luis Mi Negocios,2026-05-09T16:01:04+00:00,2.810744,41045,4218,14602.895177,early
2026-05-12T11:28:32.318099+00:00,BqtCN12mmu4,UCxcDzs-4quJV4QsairlFYNg,Alejavi Rivera,2026-05-07T17:00:27+00:00,4.769506,65938,4144,13824.911846,early
2026-05-12T11:28:32.318099+00:00,3fsJFUvA6Ts,UCUyDOdBWhC1MCxEjC46d-zw,Alex Hormozi,2026-05-02T18:32:23+00:00,9.705663,154420,4115,15910.298967,active
2026-05-12T11:28:32.318099+00:00,YGwqvGyl9f8,UCWBWgCD4oAqT3hUeq40SCUw,Sambucha,2026-05-05T15:15:03+00:00,6.8427,108486,4073,15854.268052,early
2026-05-12T11:28:32.318099+00:00,MqpQhyjFZQU,UCbUYAYd1WUznxEEl498z7vA,Woshingo Streams,2026-04-26T23:00:31+00:00,15.51946,277985,4052,17912.027867,active
2026-05-12T11:28:32.318099+00:00,4Zi41MRVP0g,UC5mQQ4Ur6oA8lsGFkvH2lyg,Noche De Chicxs,2026-05-01T00:00:08+00:00,11.478059,162007,4051,14114.494445,active
2026-05-12T11:28:32.318099+00:00,5-ASQ44GpNI,UCvzk_MwdXD6jQa4Se-6B9ZQ,Adrià Solà Pastor,2026-04-30T17:13:57+00:00,11.760131,128212,4046,10902.259507,active
2026-05-12T11:28:32.318099+00:00,YhNUPGphSM8,UCDV1MWcRLthxSrmb2Zv-jeg,Ricardo Alca2,2026-04-28T00:46:54+00:00,14.445582,141639,4041,9805.004741,active
2026-05-12T11:28:32.318099+00:00,vNXFk8iGHk8,UCWBWgCD4oAqT3hUeq40SCUw,Sambucha,2026-04-27T17:15:07+00:00,14.759321,650656,4033,44084.412826,active
2026-05-12T11:28:32.318099+00:00,0Z1lChyi2W4,UCLe_q9axMaeTbjN0hy1Z9xA,Caleb Hammer,2026-04-27T22:00:03+00:00,14.56145,658516,4023,45223.243564,active
2026-05-12T11:28:32.318099+00:00,3LnNwS6rqk8,UC36xmz34q02JYaZYKrMwXng,Nate Gentile,2026-04-27T19:35:13+00:00,14.662029,482170,4014,32885.625857,active
2026-05-12T11:28:32.318099+00:00,BOmc_wliaRg,UCyJbb85EUgWjl38GcF236Jg,Eva Maria Beristain,2026-04-27T01:00:06+00:00,15.436416,847224,4006,54884.760815,active
2026-05-12T11:28:32.318099+00:00,YPboGQjMxNY,UCQHX6ViZmPsWiYSFAyS0a3Q,GothamChess,2026-04-22T11:17:01+00:00,20.008001,339067,3998,16946.570524,active
2026-05-12T11:28:32.318099+00:00,kH_bSvf7EVA,UCSju5G2aFaWMqn-_0YBtq5A,Stand-up Maths,2026-04-27T19:19:57+00:00,14.672631,540264,3895,36821.208139,active
2026-05-12T11:28:32.318099+00:00,IKQKPQP0HNE,UCDOSaJ0pnglwzfkR6fYbisA,Luis Mi Negocios,2026-05-07T16:00:24+00:00,4.811207,108827,3881,22619.479894,early
2026-05-12T11:28:32.318099+00:00,2pao0845DQQ,UCUyDOdBWhC1MCxEjC46d-zw,Alex Hormozi,2026-05-02T05:00:00+00:00,10.269818,334762,3877,32596.682823,active
2026-05-12T11:28:32.318099+00:00,0HSNPIttevk,UCLe_q9axMaeTbjN0hy1Z9xA,Caleb Hammer,2026-04-26T19:00:00+00:00,15.686485,1081853,3864,68967.203296,active
2026-05-12T11:28:32.318099+00:00,Y254oB1QNOE,UCLe_q9axMaeTbjN0hy1Z9xA,Caleb Hammer,2026-04-30T16:01:03+00:00,11.810756,386136,3849,32693.588793,active
2026-05-12T11:28:32.318099+00:00,mZ64zRivrJw,UCP15FVAA2UL-QOcGhy7-ezA,EDteam,2026-05-08T19:44:04+00:00,3.655883,45696,3830,12499.305913,early
2026-05-12T11:28:32.318099+00:00,1baBzd1XPkU,UC1VLQPn9cYSqx8plbk9RxxQ,The Action Lab,2026-05-02T15:03:00+00:00,9.851068,280881,3807,28512.746029,active
2026-05-12T11:28:32.318099+00:00,Y_FN-dx8J2M,UCF0L4jd9LcSIxsj5gKITMqQ,Jaime Higuera,2026-05-10T18:33:14+00:00,1.705073,6762,3797,3965.812607,early
2026-05-12T11:28:32.318099+00:00,iLMYNLHll1E,UCRDQzsHtx2cXvzEXnEhbxBg,Mister Krax,2026-05-09T05:29:17+00:00,3.249483,19134,3713,5888.321311,early
2026-05-12T11:28:32.318099+00:00,TfojYStTlZE,UC0N6ZYT8Q9bdQkGrgl9g9Ug,Pinwin,2026-04-24T22:00:37+00:00,17.561057,139132,3709,7922.757725,active
2026-05-12T11:28:32.318099+00:00,lEhOg8oVpjU,UCxcDzs-4quJV4QsairlFYNg,Alejavi Rivera,2026-05-03T17:00:55+00:00,8.769182,61517,3670,7015.135505,active
2026-05-12T11:28:32.318099+00:00,Or4oXjKPXrE,UCUyDOdBWhC1MCxEjC46d-zw,Alex Hormozi,2026-05-08T11:00:00+00:00,4.019818,70661,3663,17578.159011,early
2026-05-12T11:28:32.318099+00:00,SSs7i4DW19g,UCoOae5nYA7VqaXzerajD0lg,Ali Abdaal,2026-05-10T10:00:45+00:00,2.060964,26985,3645,13093.387366,early
2026-05-12T11:28:32.318099+00:00,5EWqr_Y2uH0,UCQHX6ViZmPsWiYSFAyS0a3Q,GothamChess,2026-05-04T19:19:00+00:00,7.673291,551804,3614,71912.299429,active
2026-05-12T11:28:32.318099+00:00,io_Ysi-LFWE,UCLe_q9axMaeTbjN0hy1Z9xA,Caleb Hammer,2026-05-01T19:00:46+00:00,10.685953,603633,3592,56488.457323,active
2026-05-12T11:28:32.318099+00:00,0ynBLEz-2Wk,UCPTlwyaEoJOVyvDLzHagzNQ,WATOP,2026-05-07T17:00:15+00:00,4.769645,19737,3564,4138.043817,early
2026-05-12T11:28:32.318099+00:00,dlGfZ3KjzwI,UCJQQVLyM6wtPleV4wFBK06g,VisualPolitik,2026-05-06T16:06:24+00:00,5.807041,203021,3562,34961.179024,early
2026-05-12T11:28:32.318099+00:00,R-klQGp_308,UCWBWgCD4oAqT3hUeq40SCUw,Sambucha,2026-05-02T19:15:00+00:00,9.676068,538840,3560,55687.909593,active
2026-05-12T11:28:32.318099+00:00,opuHyONlqjY,UCOHxDwCcOzBaLkeTazanwcw,Bravos Research,2026-05-07T16:30:27+00:00,4.790339,148259,3560,30949.584153,early
2026-05-12T11:28:32.318099+00:00,gEUMAljLr78,UCb8GKeOvI7WsFUkB4UVAeXA,Cordura Artificial,2026-04-30T00:40:06+00:00,12.450305,128173,3543,10294.767879,active
2026-05-12T11:28:32.318099+00:00,ndkH5fZSIvs,UCWBWgCD4oAqT3hUeq40SCUw,Sambucha,2026-04-28T19:15:03+00:00,13.676034,1056827,3542,77275.838887,active
2026-05-12T11:28:32.318099+00:00,yQn0PrcaxWQ,UCF0L4jd9LcSIxsj5gKITMqQ,Jaime Higuera,2026-05-10T19:30:07+00:00,1.665571,7591,3538,4557.596164,early
2026-05-12T11:28:32.318099+00:00,D4fkiQfzw_I,UChhw6DlKKTQ9mYSpTfXUYqA,Starter Story,2026-04-26T17:00:00+00:00,15.769818,158946,3527,10079.127102,active
2026-05-12T11:28:32.318099+00:00,KXpgCNB6Dcs,UC52hytXteCKmuOzMViTK8_w,CdeCiencia,2026-04-21T20:45:40+00:00,20.613106,496076,3499,24066.048076,active
2026-05-12T11:28:32.318099+00:00,tVpky2riji0,UCJQQVLyM6wtPleV4wFBK06g,VisualPolitik,2026-04-29T16:31:12+00:00,12.789818,356114,3499,27843.554928,active
2026-05-12T11:28:32.318099+00:00,2ZV29QhLfjw,UC1viRct91s1a3Z5yvk7FJXw,Diego Ruzzarin,2026-05-01T00:45:29+00:00,11.446566,887781,3481,77558.719357,active
2026-05-12T11:28:32.318099+00:00,gpfhjHmbmIE,UCPgVPrgqpALC1s2e63fgKyg,elWacky,2026-05-04T20:00:24+00:00,7.644541,304788,3481,39870.019665,active
2026-05-12T11:28:32.318099+00:00,bw5wSyyH-bg,UCUyDOdBWhC1MCxEjC46d-zw,Alex Hormozi,2026-05-07T19:00:00+00:00,4.686485,90174,3473,19241.28638,early
2026-05-12T11:28:32.318099+00:00,kTlm_3HwRFg,UCLe_q9axMaeTbjN0hy1Z9xA,Caleb Hammer,2026-04-22T22:01:02+00:00,19.560768,369881,3454,18909.329122,active
2026-05-12T11:28:32.318099+00:00,98VQpHj17Ws,UCWBWgCD4oAqT3hUeq40SCUw,Sambucha,2026-05-03T17:15:01+00:00,8.75939,274393,3443,31325.583174,active
2026-05-12T11:28:32.318099+00:00,ZD538bXPQ50,UCV5G678sZwW5IcF3pCfRbHQ,La Hiperactina,2026-05-07T17:30:39+00:00,4.748534,41276,3438,8692.366949,early
2026-05-12T11:28:32.318099+00:00,F1gM7N-WXdU,UCQHX6ViZmPsWiYSFAyS0a3Q,GothamChess,2026-04-21T20:45:00+00:00,20.613568,407838,3424,19784.930003,active
2026-05-12T11:28:32.318099+00:00,QUBjCcBXy3o,UCM55RjebjSevVWPnj2LEymw,viyaura,2026-05-03T17:29:38+00:00,8.74924,150325,3418,17181.492335,active
2026-05-12T11:28:32.318099+00:00,gPmmDEGCQLg,UC52hytXteCKmuOzMViTK8_w,CdeCiencia,2026-04-21T19:14:50+00:00,20.676184,302891,3403,14649.269904,active
2026-05-12T11:28:32.318099+00:00,u5HPVyEpyNI,UCaVPhFg-Ax873wvhbNitsrQ,El Robot de Platón,2026-04-30T18:33:04+00:00,11.705189,221641,3401,18935.277337,active
2026-05-12T11:28:32.318099+00:00,-CTY5XDxt8E,UCUyDOdBWhC1MCxEjC46d-zw,Alex Hormozi,2026-05-04T07:00:00+00:00,8.186485,144979,3335,17709.554223,active
2026-05-12T11:28:32.318099+00:00,bsqWl-u1aQQ,UCPgVPrgqpALC1s2e63fgKyg,elWacky,2026-05-08T20:00:33+00:00,3.644437,180031,3272,49398.850906,early
2026-05-12T11:28:32.318099+00:00,gzjXoJoWgjs,UCFBpVaKCC0ajGps1vf0AgBg,Humphrey Yang,2026-04-30T18:00:41+00:00,11.727677,147641,3260,12589.108653,active
2026-05-12T11:28:32.318099+00:00,zxQJIBt9CBI,UCmE44gpkHmf5bKIVTPSwxnQ,Judith Tiral,2026-04-26T18:01:00+00:00,15.727457,215427,3259,13697.51003,active
2026-05-12T11:28:32.318099+00:00,LNKCHWOW7aI,UCPdaxSov0mgwh77JvjQO2jQ,Man Carrying Thing,2026-05-03T20:14:31+00:00,8.634737,217450,3240,25183.164235,active
2026-05-12T11:28:32.318099+00:00,DGL86zYmHBc,UCUyDOdBWhC1MCxEjC46d-zw,Alex Hormozi,2026-05-10T03:00:16+00:00,2.352967,26885,3230,11425.9996,early
2026-05-12T11:28:32.318099+00:00,4nQnhjimB4Y,UCbfYPyITQ-7l4upoX8nvctg,Two Minute Papers,2026-05-08T16:46:30+00:00,3.779193,57905,3210,15322.054206,early
2026-05-12T11:28:32.318099+00:00,KUvWaj4IFZg,UC1viRct91s1a3Z5yvk7FJXw,Diego Ruzzarin,2026-05-04T17:32:45+00:00,7.747075,139423,3184,17996.856878,active
2026-05-12T11:28:32.318099+00:00,UUzxEVhRQgQ,UCNYW2vfGrUE6R5mIJYzkRyQ,DrossRotzank,2026-04-24T16:00:54+00:00,17.81086,756955,3169,42499.632247,active
2026-05-12T11:28:32.318099+00:00,RdybN9A5CH8,UCUyDOdBWhC1MCxEjC46d-zw,Alex Hormozi,2026-05-09T23:00:00+00:00,2.519818,31147,3163,12360.81336,early
2026-05-12T11:28:32.318099+00:00,8--Bq5oEsZ8,UCWBWgCD4oAqT3hUeq40SCUw,Sambucha,2026-05-02T17:15:00+00:00,9.759402,437357,3144,44813.913803,active
2026-05-12T11:28:32.318099+00:00,GDex3WIPF7c,UCLe_q9axMaeTbjN0hy1Z9xA,Caleb Hammer,2026-04-30T22:00:21+00:00,11.561242,1699645,3143,147012.319265,active
2026-05-12T11:28:32.318099+00:00,sKME5er1OKc,UCDOSaJ0pnglwzfkR6fYbisA,Luis Mi Negocios,2026-04-27T16:01:23+00:00,14.810525,224254,3125,15141.529419,active
2026-05-12T11:28:32.318099+00:00,Mjin58WQTUI,UCUyDOdBWhC1MCxEjC46d-zw,Alex Hormozi,2026-05-09T11:00:07+00:00,3.019737,27721,3106,9179.938518,early
2026-05-12T11:28:32.318099+00:00,5a0Ickv5Rjo,UCRDQzsHtx2cXvzEXnEhbxBg,Mister Krax,2026-05-10T05:12:58+00:00,2.260814,11165,3049,4938.486757,early
2026-05-12T11:28:32.318099+00:00,CFBEih785-I,UCoOae5nYA7VqaXzerajD0lg,Ali Abdaal,2026-05-07T14:30:08+00:00,4.873893,39847,3023,8175.60008,early
2026-05-12T11:28:32.318099+00:00,PeFJWx_WIXA,UCvzk_MwdXD6jQa4Se-6B9ZQ,Adrià Solà Pastor,2026-05-07T17:06:30+00:00,4.765305,36749,2994,7711.783401,early
2026-05-12T11:28:32.318099+00:00,5OPXXtUC3x0,UC30ajuhy8cViP2DiM1QLjmg,98grados,2026-05-11T02:00:08+00:00,1.394726,6896,2990,4944.340322,early
2026-05-12T11:28:32.318099+00:00,IldLswg2yAM,UCxFACDJ98idvo9Gq9M9AQgg,Moris Dieck | Finanzas e Inversiones ,2026-04-29T11:00:34+00:00,13.019425,50071,2957,3845.868769,active
2026-05-12T11:28:32.318099+00:00,nOrpKnX0B9A,UCF0L4jd9LcSIxsj5gKITMqQ,Jaime Higuera,2026-05-10T21:00:41+00:00,1.602677,11253,2888,7021.377358,early
2026-05-12T11:28:32.318099+00:00,0t118SCf-2w,UCLe_q9axMaeTbjN0hy1Z9xA,Caleb Hammer,2026-04-25T22:00:06+00:00,16.561416,1986110,2872,119923.924379,active
2026-05-12T11:28:32.318099+00:00,2mOqRPcWgMM,UCUyDOdBWhC1MCxEjC46d-zw,Alex Hormozi,2026-04-30T15:00:00+00:00,11.853152,89235,2829,7528.377262,active
2026-05-12T11:28:32.318099+00:00,1PIbKMyFMAY,UCbdSYaPD-lr1kW27UJuk8Pw,QuantumFracture,2026-04-30T18:00:01+00:00,11.72814,199394,2792,17001.331839,active
2026-05-12T11:28:32.318099+00:00,Z50QkVZcP1k,UCDV1MWcRLthxSrmb2Zv-jeg,Ricardo Alca2,2026-05-04T19:07:21+00:00,7.681381,126369,2791,16451.338633,active
2026-05-12T11:28:32.318099+00:00,MOrBFf1DVvs,UCLe_q9axMaeTbjN0hy1Z9xA,Caleb Hammer,2026-05-02T16:00:35+00:00,9.81108,1115306,2763,113678.208719,active
2026-05-12T11:28:32.318099+00:00,DSRfs1qKWR0,UCQHX6ViZmPsWiYSFAyS0a3Q,GothamChess,2026-04-22T20:30:05+00:00,19.623927,480016,2759,24460.751408,active
2026-05-12T11:28:32.318099+00:00,oRVJREzko-M,UCWBWgCD4oAqT3hUeq40SCUw,Sambucha,2026-04-29T19:15:03+00:00,12.676034,641992,2725,50646.124805,active
2026-05-12T11:28:32.318099+00:00,yE8fJOgv7Pc,UCLe_q9axMaeTbjN0hy1Z9xA,Caleb Hammer,2026-04-30T19:00:50+00:00,11.685906,1010914,2722,86507.113783,active
2026-05-12T11:28:32.318099+00:00,-uSQcEfnKp0,UCLe_q9axMaeTbjN0hy1Z9xA,Caleb Hammer,2026-04-25T16:00:01+00:00,16.811474,670183,2716,39864.618653,active
2026-05-12T11:28:32.318099+00:00,LEOFfZXOkUY,UCF0L4jd9LcSIxsj5gKITMqQ,Jaime Higuera,2026-05-10T20:00:18+00:00,1.64461,4773,2702,2902.207818,early
2026-05-12T11:28:32.318099+00:00,iad41oFviv8,UCFBpVaKCC0ajGps1vf0AgBg,Humphrey Yang,2026-05-08T16:45:06+00:00,3.780166,39219,2662,10374.941206,early
2026-05-12T11:28:32.318099+00:00,ydRguU_cH8Y,UCUyDOdBWhC1MCxEjC46d-zw,Alex Hormozi,2026-05-03T19:00:00+00:00,8.686485,382541,2647,44038.641637,active
2026-05-12T11:28:32.318099+00:00,vTXoE7BLv9s,UC1viRct91s1a3Z5yvk7FJXw,Diego Ruzzarin,2026-04-25T00:01:05+00:00,17.4774,293657,2619,16802.09871,active
2026-05-12T11:28:32.318099+00:00,0xt5-FTpASM,UC1yNl2E66ZzKApQdRuTQ4tw,Sabine Hossenfelder,2026-05-05T15:00:02+00:00,6.853129,238987,2617,34872.683704,early
2026-05-12T11:28:32.318099+00:00,8nwaOxXIj0g,UCvzk_MwdXD6jQa4Se-6B9ZQ,Adrià Solà Pastor,2026-05-04T17:15:53+00:00,7.758788,53711,2581,6922.601829,active
2026-05-12T11:28:32.318099+00:00,snM0UfZxakc,UCLe_q9axMaeTbjN0hy1Z9xA,Caleb Hammer,2026-05-01T16:01:26+00:00,10.81049,863615,2570,79886.75814,active
2026-05-12T11:28:32.318099+00:00,ZAmCJoz4c4w,UCLe_q9axMaeTbjN0hy1Z9xA,Caleb Hammer,2026-04-28T19:00:28+00:00,13.686161,532667,2553,38920.117921,active
2026-05-12T11:28:32.318099+00:00,U2bFd4gAJ4w,UCyJbb85EUgWjl38GcF236Jg,Eva Maria Beristain,2026-05-09T21:26:55+00:00,2.58446,33875,2552,13107.186801,early
2026-05-12T11:28:32.318099+00:00,bfENsVP77VQ,UCoOae5nYA7VqaXzerajD0lg,Ali Abdaal,2026-04-23T13:01:06+00:00,18.935721,193779,2551,10233.515798,active
2026-05-12T11:28:32.318099+00:00,HP4DI0WEiFw,UCTfQ65AxquXmih3r6rZmK-Q,jefillysh,2026-05-07T01:39:26+00:00,5.409101,65959,2547,12194.078092,early
2026-05-12T11:28:32.318099+00:00,KLYwFWIhPWI,UC1viRct91s1a3Z5yvk7FJXw,Diego Ruzzarin,2026-05-05T18:00:17+00:00,6.727955,153265,2515,22780.324779,early
2026-05-12T11:28:32.318099+00:00,5tW7CPAVii0,UCUyDOdBWhC1MCxEjC46d-zw,Alex Hormozi,2026-04-23T03:00:00+00:00,19.353152,280711,2510,14504.6657,active
2026-05-12T11:28:32.318099+00:00,Re9uBHP_Aqo,UCzR-rom72PHN9Zg7RML9EbA,PBS Eons,2026-05-07T16:15:03+00:00,4.801034,50286,2498,10473.993727,early
2026-05-12T11:28:32.318099+00:00,T7_l896OH20,UCDfbsXLRCyk_LIkrtaTmliQ,PlanetaJuan,2026-04-26T14:00:41+00:00,15.894344,329080,2481,20704.220319,active
2026-05-12T11:28:32.318099+00:00,EGTF9mGda4U,UCWBWgCD4oAqT3hUeq40SCUw,Sambucha,2026-04-27T19:15:00+00:00,14.676068,591573,2462,40308.68486,active
2026-05-12T11:28:32.318099+00:00,0QtQXR__SpY,UCZRsSEs1OX74qBh0x5T22tg,EL CACHONDO,2026-05-07T23:00:15+00:00,4.519645,39834,2462,8813.524071,early
2026-05-12T11:28:32.318099+00:00,4UVhim1TnMY,UC1viRct91s1a3Z5yvk7FJXw,Diego Ruzzarin,2026-05-07T20:00:03+00:00,4.644784,37716,2444,8120.076197,early
2026-05-12T11:28:32.318099+00:00,m_Pt_uzlEgg,UCF0L4jd9LcSIxsj5gKITMqQ,Jaime Higuera,2026-05-10T19:15:03+00:00,1.676034,6141,2424,3664.006816,early
2026-05-12T11:28:32.318099+00:00,_2djt63K6Lg,UCbUYAYd1WUznxEEl498z7vA,Woshingo Streams,2026-05-07T22:00:51+00:00,4.560895,56059,2382,12291.227928,early
2026-05-12T11:28:32.318099+00:00,yy_J5fdELm0,UCM55RjebjSevVWPnj2LEymw,viyaura,2026-04-28T14:48:52+00:00,13.860883,146255,2320,10551.636573,active
2026-05-12T11:28:32.318099+00:00,WhjPhyarsFI,UCm5iBOcQ0GET_2FqFI61QDA,Cara Nicole,2026-05-06T22:51:39+00:00,5.525617,43562,2301,7883.644487,early
2026-05-12T11:28:32.318099+00:00,m97VrsutW-s,UCiqJoWIT-vm-hJoXilFGiUQ,Inversión Inteligente - Alain Cortés,2026-05-07T19:00:00+00:00,4.686485,8844,2247,1887.128626,early
2026-05-12T11:28:32.318099+00:00,Cp3DxMyEBIM,UCxFACDJ98idvo9Gq9M9AQgg,Moris Dieck | Finanzas e Inversiones ,2026-04-27T11:00:19+00:00,15.019599,170794,2225,11371.408784,active
2026-05-12T11:28:32.318099+00:00,fr78adfAnuA,UCUyDOdBWhC1MCxEjC46d-zw,Alex Hormozi,2026-04-21T23:10:34+00:00,20.512481,172037,2206,8386.942564,active
2026-05-12T11:28:32.318099+00:00,dMdxruMF21Y,UCwd_qoS94df5orGoPLPnsxQ,Franco Pisso,2026-05-10T13:30:43+00:00,1.915154,8837,2193,4614.250342,early
2026-05-12T11:28:32.318099+00:00,QIKiQjEMUjY,UC5mQQ4Ur6oA8lsGFkvH2lyg,Noche De Chicxs,2026-04-24T00:00:32+00:00,18.477781,255817,2173,13844.573653,active
2026-05-12T11:28:32.318099+00:00,WsK8Ht_a9J4,UCOxW1h1VV379Q8GDdUJOhgw,Mariano Trejo,2026-05-10T16:30:21+00:00,1.790409,4399,2156,2456.9805,early
2026-05-12T11:28:32.318099+00:00,iK6HT02LYX4,UCUyDOdBWhC1MCxEjC46d-zw,Alex Hormozi,2026-05-02T11:00:00+00:00,10.019818,81239,2154,8107.831899,active
2026-05-12T11:28:32.318099+00:00,TyGoMtXLLBU,UCL8w_A8p8P1HWI3k6PR5Z6w,Two Cents,2026-05-06T16:41:59+00:00,5.78233,39655,2145,6857.962102,early
2026-05-12T11:28:32.318099+00:00,8fIRAhGGRgA,UCWBWgCD4oAqT3hUeq40SCUw,Sambucha,2026-04-28T17:15:01+00:00,13.75939,298265,2141,21677.196445,active
2026-05-12T11:28:32.318099+00:00,81RBVN6P9cM,UCQHX6ViZmPsWiYSFAyS0a3Q,GothamChess,2026-05-02T19:29:00+00:00,9.666346,406887,2137,42093.154952,active
2026-05-12T11:28:32.318099+00:00,_OGwq1_pxCE,UCbUYAYd1WUznxEEl498z7vA,Woshingo Streams,2026-05-05T23:00:42+00:00,6.519332,63945,2136,9808.520259,early
2026-05-12T11:28:32.318099+00:00,dhbt8y_LXQY,UCWBWgCD4oAqT3hUeq40SCUw,Sambucha,2026-04-24T17:15:03+00:00,17.759367,534024,2135,30069.99067,active
2026-05-12T11:28:32.318099+00:00,VVLYJf2t88c,UCl5-lvQyfILb-l2abPk4Ntg,Inteligencia Artificial,2026-05-04T18:00:00+00:00,7.728152,85310,2122,11038.861554,active
2026-05-12T11:28:32.318099+00:00,UsS6bOYnnOI,UC1yNl2E66ZzKApQdRuTQ4tw,Sabine Hossenfelder,2026-04-30T15:00:53+00:00,11.852538,367322,2115,30990.999565,active
2026-05-12T11:28:32.318099+00:00,6WqWhSmCbXk,UCvzk_MwdXD6jQa4Se-6B9ZQ,Adrià Solà Pastor,2026-04-23T17:00:38+00:00,18.769379,131077,2102,6983.555503,active
2026-05-12T11:28:32.318099+00:00,KdmRWazuBRU,UCP15FVAA2UL-QOcGhy7-ezA,EDteam,2026-04-30T22:50:32+00:00,11.526393,110714,2102,9605.259859,active
2026-05-12T11:28:32.318099+00:00,BflRX7z7SHs,UCtT7zEoC9-HNyLYb8cYWoww,Ale Marin,2026-05-04T19:38:45+00:00,7.659575,64444,2094,8413.521638,active
2026-05-12T11:28:32.318099+00:00,iaYdIU5n6vw,UCFBpVaKCC0ajGps1vf0AgBg,Humphrey Yang,2026-04-23T18:00:45+00:00,18.727631,704974,2066,37643.522558,active
2026-05-12T11:28:32.318099+00:00,XXZ2wOom1l0,UCVt4ugq2txl_szlXAO7B3-g,Adrián Sáenz,2026-04-23T17:55:38+00:00,18.731184,118522,2061,6327.523129,active
2026-05-12T11:28:32.318099+00:00,wEb6ULf3TzU,UCWBWgCD4oAqT3hUeq40SCUw,Sambucha,2026-04-26T19:15:08+00:00,15.675976,598708,2046,38192.70966,active
2026-05-12T11:28:32.318099+00:00,rJgtb2s7Oz8,UCxcDzs-4quJV4QsairlFYNg,Alejavi Rivera,2026-05-04T17:00:59+00:00,7.769136,53268,2043,6856.360862,active
2026-05-12T11:28:32.318099+00:00,48hHo2WcAQI,UC1viRct91s1a3Z5yvk7FJXw,Diego Ruzzarin,2026-04-28T00:00:05+00:00,14.478094,487373,2041,33662.787381,active
2026-05-12T11:28:32.318099+00:00,UgfrzicHc80,UC5mQQ4Ur6oA8lsGFkvH2lyg,Noche De Chicxs,2026-04-22T00:00:39+00:00,20.4777,220447,2033,10765.222657,active
2026-05-12T11:28:32.318099+00:00,UXjB6q1dTRE,UCUyDOdBWhC1MCxEjC46d-zw,Alex Hormozi,2026-05-09T09:00:19+00:00,3.102932,20610,2020,6642.104951,early
2026-05-12T11:28:32.318099+00:00,Vrl9eQ78bk8,UCUyDOdBWhC1MCxEjC46d-zw,Alex Hormozi,2026-05-07T07:00:00+00:00,5.186485,90325,2007,17415.455747,early
2026-05-12T11:28:32.318099+00:00,DmcKWMeNWaQ,UCtT7zEoC9-HNyLYb8cYWoww,Ale Marin,2026-05-03T21:30:02+00:00,8.582295,55726,1988,6493.134995,active
2026-05-12T11:28:32.318099+00:00,na5Enw8P18A,UCM55RjebjSevVWPnj2LEymw,viyaura,2026-04-26T16:18:15+00:00,15.798812,189651,1981,12004.130437,active
2026-05-12T11:28:32.318099+00:00,jytAQWCc_TI,UCC552Sd-3nyi_tk2BudLUzA,AsapSCIENCE,2026-04-29T18:00:50+00:00,12.727573,310251,1978,24376.289179,active
2026-05-12T11:28:32.318099+00:00,9oVPXnEkegY,UCDOSaJ0pnglwzfkR6fYbisA,Luis Mi Negocios,2026-04-30T00:00:06+00:00,12.478082,61617,1975,4938.018519,active
2026-05-12T11:28:32.318099+00:00,8OjVlmrtW4M,UC4FHiPgS1KXkUMx3dxBUtPg,HolaMundo,2026-05-04T14:00:12+00:00,7.89468,60001,1966,7600.181388,active
2026-05-12T11:28:32.318099+00:00,uZBIzw2OhBc,UCF0L4jd9LcSIxsj5gKITMqQ,Jaime Higuera,2026-05-10T21:30:16+00:00,1.582133,4306,1957,2721.642239,early
2026-05-12T11:28:32.318099+00:00,zrAFzVialPQ,UCl5-lvQyfILb-l2abPk4Ntg,Inteligencia Artificial,2026-05-11T12:21:23+00:00,0.963302,1954,1948,2028.439679,first_24h
2026-05-12T11:28:32.318099+00:00,arQ-cU7yqCI,UCUyDOdBWhC1MCxEjC46d-zw,Alex Hormozi,2026-05-09T07:00:37+00:00,3.186057,20445,1944,6417.022671,early
2026-05-12T11:28:32.318099+00:00,dbAz9kzA7yU,UCPgVPrgqpALC1s2e63fgKyg,elWacky,2026-05-06T20:00:22+00:00,5.644564,216406,1928,38338.833611,early
2026-05-12T11:28:32.318099+00:00,x2r3FTy9HHE,UCPdaxSov0mgwh77JvjQO2jQ,Man Carrying Thing,2026-04-25T18:57:26+00:00,16.688268,289394,1920,17341.164464,active
2026-05-12T11:28:32.318099+00:00,VjqsnOrW3AM,UCFBpVaKCC0ajGps1vf0AgBg,Humphrey Yang,2026-04-27T20:15:00+00:00,14.634402,138895,1904,9490.992526,active
2026-05-12T11:28:32.318099+00:00,9OkSBuY8kGU,UC5mQQ4Ur6oA8lsGFkvH2lyg,Noche De Chicxs,2026-05-10T02:00:08+00:00,2.394726,6503,1904,2715.550756,early
2026-05-12T11:28:32.318099+00:00,rc-xQnupse0,UCJQQVLyM6wtPleV4wFBK06g,VisualPolitik,2026-04-27T17:51:26+00:00,14.734101,524027,1900,35565.590327,active
2026-05-12T11:28:32.318099+00:00,IIuM6BxBhdI,UCUyDOdBWhC1MCxEjC46d-zw,Alex Hormozi,2026-05-08T07:00:00+00:00,4.186485,28462,1881,6798.543408,early
2026-05-12T11:28:32.318099+00:00,2_ByTkLuYNM,UCsmEAwbV7WbYndpQKbY4Ntw,Juan Villalvazo,2026-05-10T21:00:22+00:00,1.602897,6985,1832,4357.734776,early
2026-05-12T11:28:32.318099+00:00,Rvy2kXZpBtM,UCs0QXHkbkBDM_NwnRiGFoTA,Crea Y Transforma,2026-04-28T19:08:28+00:00,13.680606,55228,1820,4036.955673,active
2026-05-12T11:28:32.318099+00:00,nVHr2D6tnA4,UC52hytXteCKmuOzMViTK8_w,CdeCiencia,2026-04-29T21:54:05+00:00,12.565594,188606,1819,15009.716214,active
2026-05-12T11:28:32.318099+00:00,k7aOM--Ycts,UCM55RjebjSevVWPnj2LEymw,viyaura,2026-04-30T14:45:07+00:00,11.863487,116127,1819,9788.605998,active
2026-05-12T11:28:32.318099+00:00,dqqbLS57ZWk,UCEK0oX3X2yK9y27khCsrNKg,Mis Propias Finanzas,2026-05-10T21:39:28+00:00,1.575744,1807,1807,1146.75988,early
2026-05-12T11:28:32.318099+00:00,-txFIHA4ez8,UCP15FVAA2UL-QOcGhy7-ezA,EDteam,2026-04-26T22:10:26+00:00,15.55424,73124,1794,4701.226161,active
2026-05-12T11:28:32.318099+00:00,XoDfpxBy8Ag,UCxFACDJ98idvo9Gq9M9AQgg,Moris Dieck | Finanzas e Inversiones ,2026-05-04T11:01:01+00:00,8.019112,58058,1792,7239.95375,active
2026-05-12T11:28:32.318099+00:00,DNOr88umKsw,UCP15FVAA2UL-QOcGhy7-ezA,EDteam,2026-05-08T22:38:01+00:00,3.535085,18060,1792,5108.788049,early
2026-05-12T11:28:32.318099+00:00,2JhSWzxzLXA,UCJQQVLyM6wtPleV4wFBK06g,VisualPolitik,2026-04-22T16:05:43+00:00,19.807515,215502,1787,10879.810012,active
2026-05-12T11:28:32.318099+00:00,RWGr8LwG3TY,UCoXtmmnLCbXDiSo8GxsmOzA,La gata de Schrödinger,2026-04-28T18:29:28+00:00,13.707689,143127,1757,10441.366156,active
2026-05-12T11:28:32.318099+00:00,-pNi4dh7VFo,UCQX_MZRCaluNKxkywkLEgfA,Date un Vlog,2026-04-23T18:44:52+00:00,18.696994,403964,1749,21605.826049,active
2026-05-12T11:28:32.318099+00:00,oCsFEpxTxlI,UCaVPhFg-Ax873wvhbNitsrQ,El Robot de Platón,2026-05-04T19:00:44+00:00,7.685976,52910,1749,6883.96633,active
2026-05-12T11:28:32.318099+00:00,IJJbQTVdAtE,UCUyDOdBWhC1MCxEjC46d-zw,Alex Hormozi,2026-04-27T15:00:00+00:00,14.853152,87857,1748,5915.040794,active
2026-05-12T11:28:32.318099+00:00,jZRQQbanCx8,UCoOae5nYA7VqaXzerajD0lg,Ali Abdaal,2026-05-09T10:01:13+00:00,3.06064,16951,1723,5538.384129,early
2026-05-12T11:28:32.318099+00:00,Ycdklm6W1_o,UC7DdEm33SyaTDtWYGO2CwdA,Physics Girl,2026-04-26T13:00:50+00:00,15.935906,385435,1702,24186.5759,active
2026-05-12T11:28:32.318099+00:00,t6GzhyGTKCo,UCGq-a57w-aPwyi3pW7XLiHw,The Diary Of A CEO,2026-04-30T20:36:00+00:00,11.619818,104087,1699,8957.713451,active
2026-05-12T11:28:32.318099+00:00,z1aIT-fzbhY,UCUyDOdBWhC1MCxEjC46d-zw,Alex Hormozi,2026-05-06T05:00:00+00:00,6.269818,38812,1695,6190.291329,early
2026-05-12T11:28:32.318099+00:00,5z8hOrxhApI,UCEQXxiYxNZbym9Fad7-n2Lg,Doctor Fisión,2026-05-04T16:30:05+00:00,7.790594,62565,1692,8030.838213,active
2026-05-12T11:28:32.318099+00:00,kf9ghd5-VII,UCPgVPrgqpALC1s2e63fgKyg,elWacky,2026-04-27T20:00:28+00:00,14.644494,267440,1689,18262.15368,active
2026-05-12T11:28:32.318099+00:00,J6Tn0FgJ768,UC3aj05GEEyzdOqYM5FLSFeg,midulive,2026-05-06T14:20:19+00:00,5.88071,84165,1678,14312.047355,early
2026-05-12T11:28:32.318099+00:00,mDh52QTqR0o,UC1viRct91s1a3Z5yvk7FJXw,Diego Ruzzarin,2026-04-29T22:43:47+00:00,12.53108,291148,1676,23234.070806,active
2026-05-12T11:28:32.318099+00:00,jFZPpkVszCg,UCEQXxiYxNZbym9Fad7-n2Lg,Doctor Fisión,2026-05-03T16:30:25+00:00,8.790362,87357,1676,9937.815985,active
2026-05-12T11:28:32.318099+00:00,22Rlq7eMvaE,UCUyDOdBWhC1MCxEjC46d-zw,Alex Hormozi,2026-05-08T09:00:00+00:00,4.103152,27952,1670,6812.323794,early
2026-05-12T11:28:32.318099+00:00,_O-il5eIVDo,UCOvzFyIAr32yspwxx77BHcQ,Rob Paper Clips,2026-05-06T06:20:42+00:00,6.213777,37519,1668,6038.034516,early
2026-05-12T11:28:32.318099+00:00,sjbKZ4CY1Ow,UCFBpVaKCC0ajGps1vf0AgBg,Humphrey Yang,2026-04-24T15:45:15+00:00,17.821728,158328,1648,8883.987007,active
2026-05-12T11:28:32.318099+00:00,CBxCE4fVpt4,UCP15FVAA2UL-QOcGhy7-ezA,EDteam,2026-05-06T18:06:08+00:00,5.723893,37541,1634,6558.648109,early
2026-05-12T11:28:32.318099+00:00,0JYl95vG5hs,UCEK0oX3X2yK9y27khCsrNKg,Mis Propias Finanzas,2026-05-09T11:00:01+00:00,3.019807,9010,1630,2983.634385,early
2026-05-12T11:28:32.318099+00:00,Z-XHhcFemnk,UCEQXxiYxNZbym9Fad7-n2Lg,Doctor Fisión,2026-05-06T16:30:25+00:00,5.790362,81364,1623,14051.625788,early
2026-05-12T11:28:32.318099+00:00,_9bYQ2tvc_s,UCV5cU7ORoUCCAT79kSrOJmg,Ricardo Alcaraz,2026-04-23T19:08:53+00:00,18.680316,251412,1622,13458.658836,active
2026-05-12T11:28:32.318099+00:00,AZXgFlX_bTU,UCUyDOdBWhC1MCxEjC46d-zw,Alex Hormozi,2026-05-07T09:00:00+00:00,5.103152,56437,1613,11059.243385,early
2026-05-12T11:28:32.318099+00:00,k3wiE1KtSW4,UCZRsSEs1OX74qBh0x5T22tg,EL CACHONDO,2026-05-04T23:00:09+00:00,7.519714,73576,1604,9784.414673,active
2026-05-12T11:28:32.318099+00:00,dq9VW4kn19w,UCiqJoWIT-vm-hJoXilFGiUQ,Inversión Inteligente - Alain Cortés,2026-05-04T19:00:00+00:00,7.686485,10581,1589,1376.571996,active
2026-05-12T11:28:32.318099+00:00,LKxIrZFhONI,UCM55RjebjSevVWPnj2LEymw,viyaura,2026-04-29T15:54:00+00:00,12.815652,96504,1588,7530.167018,active
2026-05-12T11:28:32.318099+00:00,_7wkQHhLLaU,UCUyDOdBWhC1MCxEjC46d-zw,Alex Hormozi,2026-05-06T03:00:00+00:00,6.353152,72647,1578,11434.79646,early
2026-05-12T11:28:32.318099+00:00,GmTuhpMe1oM,UC52hytXteCKmuOzMViTK8_w,CdeCiencia,2026-04-23T20:51:09+00:00,18.609298,182000,1568,9780.05726,active
2026-05-12T11:28:32.318099+00:00,69AWec8qjjo,UC55-mxUj5Nj3niXFReG44OQ,Platzi,2026-05-01T20:18:43+00:00,10.631821,190459,1548,17914.052541,active
2026-05-12T11:28:32.318099+00:00,yxg9URl5wuI,UC5mQQ4Ur6oA8lsGFkvH2lyg,Noche De Chicxs,2026-05-11T02:00:46+00:00,1.394286,3205,1548,2298.667562,early
2026-05-12T11:28:32.318099+00:00,rWjQ27r4akc,UCRDQzsHtx2cXvzEXnEhbxBg,Mister Krax,2026-05-08T16:16:25+00:00,3.800085,15116,1537,3977.80576,early
2026-05-12T11:28:32.318099+00:00,AzNb2nQrM7U,UC-bFpJCtP1lXn5vBxJ0b9dw,Diego Revuelta,2026-04-26T14:00:27+00:00,15.894506,74192,1526,4667.7764,active
2026-05-12T11:28:32.318099+00:00,oJI4o2LgAzY,UCP15FVAA2UL-QOcGhy7-ezA,EDteam,2026-05-06T23:50:28+00:00,5.484772,53436,1526,9742.610996,early
2026-05-12T11:28:32.318099+00:00,NUQcYZADgLw,UCP15FVAA2UL-QOcGhy7-ezA,EDteam,2026-05-05T22:05:26+00:00,6.557712,32802,1486,5002.049495,early
2026-05-12T11:28:32.318099+00:00,33HT7CnI79k,UCGq-a57w-aPwyi3pW7XLiHw,The Diary Of A CEO,2026-05-04T16:21:21+00:00,7.796659,132251,1468,16962.522024,active
2026-05-12T11:28:32.318099+00:00,SW0_HZ3B144,UCUyDOdBWhC1MCxEjC46d-zw,Alex Hormozi,2026-05-07T11:00:00+00:00,5.019818,26111,1468,5201.583006,early
2026-05-12T11:28:32.318099+00:00,crrTHKN_R58,UCTfQ65AxquXmih3r6rZmK-Q,jefillysh,2026-04-26T21:33:31+00:00,15.579876,131148,1466,8417.782016,active
2026-05-12T11:28:32.318099+00:00,-uUlnDjQxhg,UC1yNl2E66ZzKApQdRuTQ4tw,Sabine Hossenfelder,2026-04-28T15:00:00+00:00,13.853152,396305,1457,28607.568877,active
2026-05-12T11:28:32.318099+00:00,Ts018QeD34k,UCuhw3KIv3wM14By2-LcxDGw,El Consejero,2026-05-11T03:39:31+00:00,1.32571,2383,1450,1797.527363,early
2026-05-12T11:28:32.318099+00:00,INj5n4ISAi0,UCF7UoUGGOUcSSNcVDndq7KQ,Itzcalli,2026-05-07T05:10:00+00:00,5.262874,17870,1448,3395.483152,early
2026-05-12T11:28:32.318099+00:00,wd_xh6gSSOs,UCUyDOdBWhC1MCxEjC46d-zw,Alex Hormozi,2026-04-27T07:00:00+00:00,15.186485,70358,1444,4632.935139,active
2026-05-12T11:28:32.318099+00:00,iowRMNUU9QQ,UCUyDOdBWhC1MCxEjC46d-zw,Alex Hormozi,2026-05-08T15:00:00+00:00,3.853152,22890,1444,5940.590976,early
2026-05-12T11:28:32.318099+00:00,CPJhzRv9y_8,UCUyDOdBWhC1MCxEjC46d-zw,Alex Hormozi,2026-05-01T15:00:00+00:00,10.853152,93769,1434,8639.794228,active
2026-05-12T11:28:32.318099+00:00,rRw7sYwfSVI,UCmE44gpkHmf5bKIVTPSwxnQ,Judith Tiral,2026-05-03T20:47:03+00:00,8.612145,58049,1418,6740.364915,active
2026-05-12T11:28:32.318099+00:00,a1aFhMw2wQE,UCdNnEDbRWhanA1O8zhCn3ZA,Omar - Educación Financiera,2026-05-04T01:16:19+00:00,8.425154,143691,1406,17054.999826,active
2026-05-12T11:28:32.318099+00:00,MKL0tk-3UM8,UCC552Sd-3nyi_tk2BudLUzA,AsapSCIENCE,2026-05-05T16:47:23+00:00,6.77858,52560,1402,7753.836349,early
2026-05-12T11:28:32.318099+00:00,wgtGulLPwE8,UCvPGx8qh8AkrFZW06tESvaA,Dot Dager,2026-05-05T18:28:16+00:00,6.708522,25457,1385,3794.725574,early
2026-05-12T11:28:32.318099+00:00,rm46SdVfB4I,UCX6b17PVsYBQ0ip5gyeme-Q,CrashCourse,2026-05-07T16:01:33+00:00,4.810409,19779,1377,4111.708589,early
2026-05-12T11:28:32.318099+00:00,DOiDmnYb1G0,UCEK0oX3X2yK9y27khCsrNKg,Mis Propias Finanzas,2026-05-10T23:03:19+00:00,1.517515,2724,1368,1795.039917,early
2026-05-12T11:28:32.318099+00:00,bpakYz183lw,UChhw6DlKKTQ9mYSpTfXUYqA,Starter Story,2026-05-09T17:56:14+00:00,2.730768,16705,1349,6117.326701,early
2026-05-12T11:28:32.318099+00:00,rk2b7fH_Gcc,UCZRsSEs1OX74qBh0x5T22tg,EL CACHONDO,2026-04-27T00:00:07+00:00,15.478071,57166,1346,3693.354295,active
2026-05-12T11:28:32.318099+00:00,THMW7bXTog4,UCDOSaJ0pnglwzfkR6fYbisA,Luis Mi Negocios,2026-04-25T16:00:47+00:00,16.810941,199774,1336,11883.570349,active
2026-05-12T11:28:32.318099+00:00,XfY_L8MLOsU,UCWBWgCD4oAqT3hUeq40SCUw,Sambucha,2026-04-21T17:15:02+00:00,20.759379,412191,1316,19855.651751,active
2026-05-12T11:28:32.318099+00:00,9rRvmcDpWwA,UCoOae5nYA7VqaXzerajD0lg,Ali Abdaal,2026-04-30T13:00:30+00:00,11.936138,51773,1305,4337.500119,active
2026-05-12T11:28:32.318099+00:00,LPTQADIf6Xk,UCaVPhFg-Ax873wvhbNitsrQ,El Robot de Platón,2026-04-21T19:50:44+00:00,20.651254,139286,1304,6744.675166,active
2026-05-12T11:28:32.318099+00:00,LAjjk7ivtFM,UCRDQzsHtx2cXvzEXnEhbxBg,Mister Krax,2026-05-08T15:00:12+00:00,3.853013,16030,1300,4160.380461,early
2026-05-12T11:28:32.318099+00:00,EFhMcL3Kf1c,UC1VLQPn9cYSqx8plbk9RxxQ,The Action Lab,2026-04-25T15:02:00+00:00,16.851763,341817,1295,20283.7531,active
2026-05-12T11:28:32.318099+00:00,ZyLxuteCMXo,UCs0QXHkbkBDM_NwnRiGFoTA,Crea Y Transforma,2026-05-07T02:38:11+00:00,5.368302,23182,1289,4318.311451,early
2026-05-12T11:28:32.318099+00:00,oZdFmKbycx8,UCaZ5txM63JGqgzRTVXy5e9g,César Dabián Finanzas,2026-05-08T00:51:02+00:00,4.442712,9586,1288,2157.691068,early
2026-05-12T11:28:32.318099+00:00,3OUrr_2UCYs,UCGq-a57w-aPwyi3pW7XLiHw,The Diary Of A CEO,2026-04-23T09:33:43+00:00,19.079737,970765,1285,50879.370088,active
2026-05-12T11:28:32.318099+00:00,m2QTVLiXizo,UCEQXxiYxNZbym9Fad7-n2Lg,Doctor Fisión,2026-05-08T16:30:20+00:00,3.79042,19980,1285,5271.183668,early
2026-05-12T11:28:32.318099+00:00,IXKysHFKvrk,UCP15FVAA2UL-QOcGhy7-ezA,EDteam,2026-05-08T00:33:55+00:00,4.454599,31661,1283,7107.485994,early
2026-05-12T11:28:32.318099+00:00,VsLOWe6VuyQ,UCQHX6ViZmPsWiYSFAyS0a3Q,GothamChess,2026-04-26T18:34:00+00:00,15.704541,749240,1254,47708.493995,active
2026-05-12T11:28:32.318099+00:00,Cql6TAdpPDU,UCl5-lvQyfILb-l2abPk4Ntg,Inteligencia Artificial,2026-04-29T18:00:00+00:00,12.728152,103060,1253,8097.012041,active
2026-05-12T11:28:32.318099+00:00,EM5vv6_MQLY,UCDOSaJ0pnglwzfkR6fYbisA,Luis Mi Negocios,2026-05-07T01:00:06+00:00,5.436416,23765,1249,4371.446188,early
2026-05-12T11:28:32.318099+00:00,IaBf1jTYaIw,UCUyDOdBWhC1MCxEjC46d-zw,Alex Hormozi,2026-05-06T07:00:00+00:00,6.186485,39681,1247,6414.143088,early
2026-05-12T11:28:32.318099+00:00,SsMdZMkYKO4,UCF0L4jd9LcSIxsj5gKITMqQ,Jaime Higuera,2026-05-09T08:00:26+00:00,3.144518,10665,1246,3391.616776,early
2026-05-12T11:28:32.318099+00:00,uSjcVPbJayU,UCDOSaJ0pnglwzfkR6fYbisA,Luis Mi Negocios,2026-04-22T16:15:08+00:00,19.800976,344520,1241,17399.142345,active
2026-05-12T11:28:32.318099+00:00,_hze_rJ4xr0,UCBBWpss2iXVXtTzl7-4eWbg,Jessica Fernández García,2026-05-08T00:26:18+00:00,4.459888,17184,1241,3853.011555,early
2026-05-12T11:28:32.318099+00:00,j97gEY_DkBc,UCX9NJ471o7Wie1DQe94RVIg,Fazt,2026-05-08T15:58:53+00:00,3.812261,14835,1235,3891.391487,early
2026-05-12T11:28:32.318099+00:00,aqvgY-woRYk,UCdNnEDbRWhanA1O8zhCn3ZA,Omar - Educación Financiera,2026-05-05T01:00:03+00:00,7.43645,24388,1227,3279.521815,active
2026-05-12T11:28:32.318099+00:00,0EqJD2o-Mnk,UCUyDOdBWhC1MCxEjC46d-zw,Alex Hormozi,2026-04-24T16:59:31+00:00,17.770154,50614,1225,2848.25894,active
2026-05-12T11:28:32.318099+00:00,6sARbvvnHxw,UC52kszkc08-acFOuogFl5jw,Tibees,2026-05-06T10:52:35+00:00,6.024969,39994,1223,6638.042453,early
2026-05-12T11:28:32.318099+00:00,NlW_R21cBXs,UC1viRct91s1a3Z5yvk7FJXw,Diego Ruzzarin,2026-04-27T00:30:18+00:00,15.45711,216511,1220,14007.210921,active
2026-05-12T11:28:32.318099+00:00,hXPy19kPego,UCaVPhFg-Ax873wvhbNitsrQ,El Robot de Platón,2026-04-26T18:00:04+00:00,15.728106,147226,1195,9360.694797,active
2026-05-12T11:28:32.318099+00:00,fBDskjffnZ0,UCrr-NczCJHrwi1oBS97uwnw,Finanzas con Gus,2026-05-10T15:43:18+00:00,1.823082,3499,1176,1919.277356,early
2026-05-12T11:28:32.318099+00:00,iYwycjbhync,UCQIUhtP5WYIx_pMG8UvMYHg,Cristina Dayz ,2026-05-10T15:01:08+00:00,1.852365,2703,1173,1459.215651,early
2026-05-12T11:28:32.318099+00:00,E_48pLQK2C8,UCLYoURyGHMUuQ5YrfX55PWg,Aprendiz Financiero,2026-05-10T11:51:29+00:00,1.984066,5781,1165,2913.713556,early
2026-05-12T11:28:32.318099+00:00,bRy54zQmixQ,UCQHX6ViZmPsWiYSFAyS0a3Q,GothamChess,2026-05-03T18:29:00+00:00,8.708013,288468,1161,33126.730518,active
2026-05-12T11:28:32.318099+00:00,1VSBgPn28zA,UCUyDOdBWhC1MCxEjC46d-zw,Alex Hormozi,2026-04-28T09:00:00+00:00,14.103152,137505,1151,9749.948097,active
2026-05-12T11:28:32.318099+00:00,TekYNY3eGC0,UCEQXxiYxNZbym9Fad7-n2Lg,Doctor Fisión,2026-04-24T16:30:13+00:00,17.790501,130030,1140,7308.956617,active
2026-05-12T11:28:32.318099+00:00,u5XWNSVJajg,UCUyDOdBWhC1MCxEjC46d-zw,Alex Hormozi,2026-05-05T05:00:00+00:00,7.269818,46405,1129,6383.240956,active
2026-05-12T11:28:32.318099+00:00,rSJp2QXBRZE,UC30ajuhy8cViP2DiM1QLjmg,98grados,2026-05-08T18:03:02+00:00,3.726045,14949,1126,4012.02884,early
2026-05-12T11:28:32.318099+00:00,wdCDxH9KBss,UCaVPhFg-Ax873wvhbNitsrQ,El Robot de Platón,2026-05-01T22:49:28+00:00,10.527133,75169,1109,7140.500647,active
2026-05-12T11:28:32.318099+00:00,Fo1L69HFO0c,UC2UXDak6o7rBm23k3Vv5dww,Tina Huang,2026-05-07T14:00:23+00:00,4.894552,22855,1109,4669.477411,early
2026-05-12T11:28:32.318099+00:00,0GrbT_3jyoc,UCqLiW00gUvXG0J5vlZZNJ1g,FranqitoM,2026-05-06T00:24:22+00:00,6.461231,215856,1100,33407.875372,early
2026-05-12T11:28:32.318099+00:00,1P3QPUUL_DQ,UC5mQQ4Ur6oA8lsGFkvH2lyg,Noche De Chicxs,2026-05-09T17:00:02+00:00,2.769795,3793,1095,1369.415426,early
2026-05-12T11:28:32.318099+00:00,-fWUTi8u0_k,UCyJbb85EUgWjl38GcF236Jg,Eva Maria Beristain,2026-05-05T19:18:10+00:00,6.673869,77159,1093,11561.359685,early
2026-05-12T11:28:32.318099+00:00,0AheTRgTBzU,UCaVPhFg-Ax873wvhbNitsrQ,El Robot de Platón,2026-05-05T21:10:03+00:00,6.596173,44807,1069,6792.878234,early
2026-05-12T11:28:32.318099+00:00,2gFNJ6_ogzg,UCbUYAYd1WUznxEEl498z7vA,Woshingo Streams,2026-04-28T23:00:04+00:00,13.519772,86157,1061,6372.66664,active
2026-05-12T11:28:32.318099+00:00,yk8ziJow5dw,UCGq-a57w-aPwyi3pW7XLiHw,The Diary Of A CEO,2026-05-01T15:34:07+00:00,10.82946,87995,1059,8125.520571,active
2026-05-12T11:28:32.318099+00:00,qOnJdoXR8c4,UCjSVqRtdOsxQDss_pJpp_Yg,COMPUESTOS Podcast,2026-05-10T02:00:57+00:00,2.394159,3267,1058,1364.571025,early
2026-05-12T11:28:32.318099+00:00,6jI9H3lyil4,UC52hytXteCKmuOzMViTK8_w,CdeCiencia,2026-05-03T19:09:27+00:00,8.679923,60217,1052,6937.503939,active
2026-05-12T11:28:32.318099+00:00,f9AFrDB-73g,UCEQXxiYxNZbym9Fad7-n2Lg,Doctor Fisión,2026-05-02T16:30:14+00:00,9.79049,53452,1051,5459.583739,active
2026-05-12T11:28:32.318099+00:00,ywEV7NQlO1Y,UC36xmz34q02JYaZYKrMwXng,Nate Gentile,2026-05-03T08:31:42+00:00,9.122805,205849,1034,22564.222298,active
2026-05-12T11:28:32.318099+00:00,QNHEqcXa3Zg,UC1viRct91s1a3Z5yvk7FJXw,Diego Ruzzarin,2026-05-04T00:00:32+00:00,8.477781,148637,1025,17532.535931,active
2026-05-12T11:28:32.318099+00:00,g7ANmC6IYog,UCF0L4jd9LcSIxsj5gKITMqQ,Jaime Higuera,2026-05-09T09:00:55+00:00,3.102515,11056,1022,3563.560531,early
2026-05-12T11:28:32.318099+00:00,4IeYytwcpuQ,UCM55RjebjSevVWPnj2LEymw,viyaura,2026-04-22T17:19:53+00:00,19.756011,115692,1019,5856.040473,active
2026-05-12T11:28:32.318099+00:00,ImmxcdpyBUE,UCjSVqRtdOsxQDss_pJpp_Yg,COMPUESTOS Podcast,2026-05-11T03:00:18+00:00,1.352943,1853,1010,1369.60685,early
2026-05-12T11:28:32.318099+00:00,tUmd3tWCDKs,UCGq-a57w-aPwyi3pW7XLiHw,The Diary Of A CEO,2026-04-26T13:45:15+00:00,15.905062,165781,995,10423.159621,active
2026-05-12T11:28:32.318099+00:00,_jxLMMcKmRQ,UC52hytXteCKmuOzMViTK8_w,CdeCiencia,2026-04-28T22:34:45+00:00,13.537353,388569,989,28703.469578,active
2026-05-12T11:28:32.318099+00:00,p5zWy46yWxU,UCUyDOdBWhC1MCxEjC46d-zw,Alex Hormozi,2026-04-26T23:00:00+00:00,15.519818,70539,984,4545.091959,active
2026-05-12T11:28:32.318099+00:00,WwEyLRmGU9g,UCEQXxiYxNZbym9Fad7-n2Lg,Doctor Fisión,2026-04-29T16:30:13+00:00,12.790501,74401,981,5816.894897,active
2026-05-12T11:28:32.318099+00:00,r68HyQzJ6N0,UC9WGON3pXofvE958Uq3Lw3Q,Exito Financiero,2026-05-09T15:01:26+00:00,2.852156,4689,975,1644.019472,early
2026-05-12T11:28:32.318099+00:00,8J6XLe0H6Ro,UCRDQzsHtx2cXvzEXnEhbxBg,Mister Krax,2026-05-07T04:24:37+00:00,5.29439,24482,968,4624.139891,early
2026-05-12T11:28:32.318099+00:00,9n-Tiy4cfQI,UCjSVqRtdOsxQDss_pJpp_Yg,COMPUESTOS Podcast,2026-05-11T02:40:00+00:00,1.367041,1891,965,1383.279653,early
2026-05-12T11:28:32.318099+00:00,WpOXR1f8rKQ,UCxFACDJ98idvo9Gq9M9AQgg,Moris Dieck | Finanzas e Inversiones ,2026-05-09T01:00:36+00:00,3.436068,4445,963,1293.629812,early
2026-05-12T11:28:32.318099+00:00,ZhRgnBzcYHQ,UCvzk_MwdXD6jQa4Se-6B9ZQ,Adrià Solà Pastor,2026-04-27T17:01:54+00:00,14.768499,54003,954,3656.6343,active
2026-05-12T11:28:32.318099+00:00,YUwjueXzffE,UCOHxDwCcOzBaLkeTazanwcw,Bravos Research,2026-05-01T16:30:02+00:00,10.790629,369039,947,34199.95257,active
2026-05-12T11:28:32.318099+00:00,XGAhqBxEV78,UCQHX6ViZmPsWiYSFAyS0a3Q,GothamChess,2026-05-01T17:51:01+00:00,10.73439,491739,944,45809.682711,active
2026-05-12T11:28:32.318099+00:00,rfnB9MhBI44,UCbdSYaPD-lr1kW27UJuk8Pw,QuantumFracture,2026-04-24T13:10:46+00:00,17.929008,181999,939,10151.09146,active
2026-05-12T11:28:32.318099+00:00,cYDhCKATCbU,UCF0L4jd9LcSIxsj5gKITMqQ,Jaime Higuera,2026-05-07T17:44:15+00:00,4.739089,5600,934,1181.661708,early
2026-05-12T11:28:32.318099+00:00,ExJhkzR21ls,UCX9NJ471o7Wie1DQe94RVIg,Fazt,2026-05-08T18:28:42+00:00,3.708221,13534,928,3649.728536,early
2026-05-12T11:28:32.318099+00:00,cH_ZScbZVEA,UCF0L4jd9LcSIxsj5gKITMqQ,Jaime Higuera,2026-05-08T10:01:06+00:00,4.060721,22435,926,5524.880926,early
2026-05-12T11:28:32.318099+00:00,j8jE4UhhMuo,UCoOae5nYA7VqaXzerajD0lg,Ali Abdaal,2026-05-08T13:01:34+00:00,3.935397,19774,919,5024.651897,early
2026-05-12T11:28:32.318099+00:00,dqOmDZPkIF4,UCVt4ugq2txl_szlXAO7B3-g,Adrián Sáenz,2026-04-30T16:00:43+00:00,11.810987,37905,918,3209.299951,active
2026-05-12T11:28:32.318099+00:00,ktyLuwrmNr4,UCF0L4jd9LcSIxsj5gKITMqQ,Jaime Higuera,2026-05-10T19:00:39+00:00,1.686034,3267,917,1937.683344,early
2026-05-12T11:28:32.318099+00:00,ByJAH8vTgfw,UC5PwIMtLiIBCBhsu8f_-6UQ,Santiago Bilinkis,2026-04-30T17:09:12+00:00,11.76343,39554,909,3362.454658,active
2026-05-12T11:28:32.318099+00:00,0nyr8P7hgfU,UCP15FVAA2UL-QOcGhy7-ezA,EDteam,2026-05-07T19:38:31+00:00,4.659737,20212,903,4337.583859,early
2026-05-12T11:28:32.318099+00:00,o8YcWD2ri9U,UC52kszkc08-acFOuogFl5jw,Tibees,2026-04-28T09:16:57+00:00,14.091381,77467,902,5497.473952,active
2026-05-12T11:28:32.318099+00:00,NOv3U3ZUiro,UC5PwIMtLiIBCBhsu8f_-6UQ,Santiago Bilinkis,2026-05-05T17:06:40+00:00,6.765189,98068,898,14495.973431,early
2026-05-12T11:28:32.318099+00:00,g_7mUw6Xt2E,UCoXtmmnLCbXDiSo8GxsmOzA,La gata de Schrödinger,2026-04-25T16:00:57+00:00,16.810825,145797,896,8672.804577,active
2026-05-12T11:28:32.318099+00:00,qey62i2fvg0,UCUyDOdBWhC1MCxEjC46d-zw,Alex Hormozi,2026-04-28T19:00:00+00:00,13.686485,76657,880,5600.926754,active
2026-05-12T11:28:32.318099+00:00,UEBpQgCIFTk,UC52hytXteCKmuOzMViTK8_w,CdeCiencia,2026-04-24T21:22:57+00:00,17.587214,592239,874,33674.406873,active
2026-05-12T11:28:32.318099+00:00,AHyZdLVYJfc,UCPdaxSov0mgwh77JvjQO2jQ,Man Carrying Thing,2026-04-22T21:12:51+00:00,19.594228,223562,873,11409.584496,active
2026-05-12T11:28:32.318099+00:00,aRLwX_dN8AQ,UCUyDOdBWhC1MCxEjC46d-zw,Alex Hormozi,2026-05-01T19:00:00+00:00,10.686485,95496,872,8936.146918,active
2026-05-12T11:28:32.318099+00:00,Fy8H9I2kJkI,UCFBpVaKCC0ajGps1vf0AgBg,Humphrey Yang,2026-04-22T23:00:29+00:00,19.519483,331197,863,16967.508822,active
2026-05-12T11:28:32.318099+00:00,j_dyQn_4l44,UCP15FVAA2UL-QOcGhy7-ezA,EDteam,2026-05-06T22:41:43+00:00,5.532515,19086,863,3449.787303,early
2026-05-12T11:28:32.318099+00:00,q1l42BPzbIk,UC4mg-nKTVI9CWodPPqB5d3A,Luna Martínez ,2026-04-25T19:02:51+00:00,16.684506,123095,849,7377.803095,active
2026-05-12T11:28:32.318099+00:00,MpPS5I1pJD8,UCUyDOdBWhC1MCxEjC46d-zw,Alex Hormozi,2026-05-03T05:00:00+00:00,9.269818,58108,847,6268.515736,active
2026-05-12T11:28:32.318099+00:00,BPt0fwBCDbQ,UCl5-lvQyfILb-l2abPk4Ntg,Inteligencia Artificial,2026-04-22T09:51:17+00:00,20.067538,378409,844,18856.772565,active
2026-05-12T11:28:32.318099+00:00,GAf7J_t1o8U,UC0N6ZYT8Q9bdQkGrgl9g9Ug,Pinwin,2026-04-30T22:00:21+00:00,11.561242,28457,844,2461.413748,active
2026-05-12T11:28:32.318099+00:00,EsohGEXp5RA,UCP15FVAA2UL-QOcGhy7-ezA,EDteam,2026-05-07T22:07:14+00:00,4.556462,13430,829,2947.462307,early
2026-05-12T11:28:32.318099+00:00,B_BjBZE0aU0,UCYZLVhSSwdBllvn4tw5a4uQ,Rob Paper Sheet,2026-05-07T02:45:00+00:00,5.363568,52140,825,9721.140853,early
2026-05-12T11:28:32.318099+00:00,95KqKaDsIAM,UCxcDzs-4quJV4QsairlFYNg,Alejavi Rivera,2026-04-26T17:00:09+00:00,15.769714,51847,824,3287.757787,active
2026-05-12T11:28:32.318099+00:00,YR-4vFbwe18,UCX9NJ471o7Wie1DQe94RVIg,Fazt,2026-04-30T03:07:19+00:00,12.348071,43272,821,3504.353028,active
2026-05-12T11:28:32.318099+00:00,IAn3Wu2BdyY,UCDOSaJ0pnglwzfkR6fYbisA,Luis Mi Negocios,2026-05-02T16:10:19+00:00,9.804321,130390,810,13299.238162,active
2026-05-12T11:28:32.318099+00:00,9LsgBjswQZY,UCLe_q9axMaeTbjN0hy1Z9xA,Caleb Hammer,2026-04-21T22:00:18+00:00,20.561277,143661,798,6986.968757,active
2026-05-12T11:28:32.318099+00:00,0VjrLsr61pk,UC55-mxUj5Nj3niXFReG44OQ,Platzi,2026-04-25T15:00:02+00:00,16.853129,161943,795,9609.076154,active
2026-05-12T11:28:32.318099+00:00,OWkM5YoEhgM,UCEQXxiYxNZbym9Fad7-n2Lg,Doctor Fisión,2026-04-23T16:30:18+00:00,18.790443,80006,788,4257.802756,active
2026-05-12T11:28:32.318099+00:00,qtz20vF8OR0,UCEQXxiYxNZbym9Fad7-n2Lg,Doctor Fisión,2026-05-07T16:30:32+00:00,4.790281,31462,787,6567.881926,early
2026-05-12T11:28:32.318099+00:00,2MInIAO3bFA,UCm5iBOcQ0GET_2FqFI61QDA,Cara Nicole,2026-05-09T16:00:03+00:00,2.81145,5260,780,1870.920699,early
2026-05-12T11:28:32.318099+00:00,iQxwDGnuByc,UCxcDzs-4quJV4QsairlFYNg,Alejavi Rivera,2026-04-30T17:01:03+00:00,11.769089,52001,778,4418.438844,active
2026-05-12T11:28:32.318099+00:00,VjcXNeQ8A_0,UCF0L4jd9LcSIxsj5gKITMqQ,Jaime Higuera,2026-05-05T20:30:10+00:00,6.623869,16548,772,2498.237812,early
2026-05-12T11:28:32.318099+00:00,MxwVuQTGUbg,UCvPGx8qh8AkrFZW06tESvaA,Dot Dager,2026-05-09T17:28:24+00:00,2.750096,6151,767,2236.649193,early
2026-05-12T11:28:32.318099+00:00,AUwv_8qoPeY,UCEK0oX3X2yK9y27khCsrNKg,Mis Propias Finanzas,2026-05-10T20:02:28+00:00,1.643106,1873,762,1139.914284,early
2026-05-12T11:28:32.318099+00:00,7NeECqsR_u4,UCUyDOdBWhC1MCxEjC46d-zw,Alex Hormozi,2026-05-03T03:00:00+00:00,9.353152,130296,761,13930.704858,active
2026-05-12T11:28:32.318099+00:00,XFpBgNMBNNI,UCQHX6ViZmPsWiYSFAyS0a3Q,GothamChess,2026-04-25T13:00:55+00:00,16.935849,347642,748,20526.989819,active
2026-05-12T11:28:32.318099+00:00,NRELko2BoRk,UCX9NJ471o7Wie1DQe94RVIg,Fazt,2026-05-02T02:21:05+00:00,10.380177,32142,745,3096.478991,active
2026-05-12T11:28:32.318099+00:00,Qqa-Y5pzMy4,UCEK0oX3X2yK9y27khCsrNKg,Mis Propias Finanzas,2026-05-09T23:02:55+00:00,2.517793,4024,745,1598.225112,early
2026-05-12T11:28:32.318099+00:00,Vg3RMRPQ0RA,UCX9NJ471o7Wie1DQe94RVIg,Fazt,2026-05-10T03:46:54+00:00,2.320582,9166,743,3949.871196,early
2026-05-12T11:28:32.318099+00:00,POn6IRgP5-A,UCYZLVhSSwdBllvn4tw5a4uQ,Rob Paper Sheet,2026-04-30T23:00:25+00:00,11.519529,99694,741,8654.346892,active
2026-05-12T11:28:32.318099+00:00,8Uk97zU2GCg,UC1viRct91s1a3Z5yvk7FJXw,Diego Ruzzarin,2026-04-24T18:00:08+00:00,17.728059,256155,734,14449.128356,active
2026-05-12T11:28:32.318099+00:00,pFxIhhK4rUE,UCUyDOdBWhC1MCxEjC46d-zw,Alex Hormozi,2026-05-07T05:00:00+00:00,5.269818,24504,731,4649.875954,early
2026-05-12T11:28:32.318099+00:00,Cd5EHfRerGI,UC52kszkc08-acFOuogFl5jw,Tibees,2026-04-24T08:43:54+00:00,18.114332,225598,730,12454.116442,active
2026-05-12T11:28:32.318099+00:00,6r-qlEX6hGY,UCGq-a57w-aPwyi3pW7XLiHw,The Diary Of A CEO,2026-04-29T16:19:29+00:00,12.797955,183909,727,14370.186487,active
2026-05-12T11:28:32.318099+00:00,RPZ16oRnnhM,UCHMSzZaVrEjK35aYK3J7Htw,Pequeño Cerdo Capitalista,2026-05-07T23:00:35+00:00,4.519413,4827,727,1068.05906,early
2026-05-12T11:28:32.318099+00:00,o7XIt6ldHWo,UC5mQQ4Ur6oA8lsGFkvH2lyg,Noche De Chicxs,2026-05-10T17:00:57+00:00,1.769159,2437,717,1377.490661,early
2026-05-12T11:28:32.318099+00:00,4vHF2qU89Jo,UCwd_qoS94df5orGoPLPnsxQ,Franco Pisso,2026-04-21T12:45:24+00:00,20.946624,76284,716,3641.827915,active
2026-05-12T11:28:32.318099+00:00,Q5rmW96IGqA,UCUyDOdBWhC1MCxEjC46d-zw,Alex Hormozi,2026-05-01T11:00:00+00:00,11.019818,36713,716,3331.543225,active
2026-05-12T11:28:32.318099+00:00,GybLbhXj2Nw,UCPdaxSov0mgwh77JvjQO2jQ,Man Carrying Thing,2026-04-27T16:00:22+00:00,14.811231,166906,710,11268.881027,active
2026-05-12T11:28:32.318099+00:00,5eSIhYuzDcU,UC5mQQ4Ur6oA8lsGFkvH2lyg,Noche De Chicxs,2026-05-08T23:09:43+00:00,3.513071,4073,709,1159.384482,early
2026-05-12T11:28:32.318099+00:00,lxRJpsidN4U,UCEQXxiYxNZbym9Fad7-n2Lg,Doctor Fisión,2026-05-05T16:30:18+00:00,6.790443,23086,698,3399.778188,early
2026-05-12T11:28:32.318099+00:00,VKaslzzv1QM,UCl5-lvQyfILb-l2abPk4Ntg,Inteligencia Artificial,2026-04-27T18:00:00+00:00,14.728152,104325,696,7083.373393,active
2026-05-12T11:28:32.318099+00:00,krqt6eg3UoI,UCbUYAYd1WUznxEEl498z7vA,Woshingo Streams,2026-04-22T23:00:48+00:00,19.519263,70927,696,3633.692522,active
2026-05-12T11:28:32.318099+00:00,eCw33snvoNI,UCbfYPyITQ-7l4upoX8nvctg,Two Minute Papers,2026-05-03T17:02:48+00:00,8.767874,51922,693,5921.846048,active
2026-05-12T11:28:32.318099+00:00,objQF8D-t3Q,UC4FHiPgS1KXkUMx3dxBUtPg,HolaMundo,2026-05-08T14:01:35+00:00,3.893719,7175,693,1842.7113,early
2026-05-12T11:28:32.318099+00:00,-IhdnUzV64Y,UCb8GKeOvI7WsFUkB4UVAeXA,Cordura Artificial,2026-04-21T19:40:46+00:00,20.658175,179359,688,8682.228706,active
2026-05-12T11:28:32.318099+00:00,IwjPma4PPTM,UCVt4ugq2txl_szlXAO7B3-g,Adrián Sáenz,2026-04-25T15:59:58+00:00,16.811508,85669,676,5095.854578,active
2026-05-12T11:28:32.318099+00:00,aQi987cz1nk,UC30ajuhy8cViP2DiM1QLjmg,98grados,2026-05-03T22:00:01+00:00,8.561474,15989,673,1867.552246,active
2026-05-12T11:28:32.318099+00:00,oj3-hWAf1uQ,UCDOSaJ0pnglwzfkR6fYbisA,Luis Mi Negocios,2026-04-29T17:01:09+00:00,12.76902,50740,669,3973.680047,active
2026-05-12T11:28:32.318099+00:00,wHsJWwtQpyo,UCyM-2pRapEv6V2q7UNO9icg,Emprende Aprendiendo,2026-05-06T17:49:12+00:00,5.735652,16113,667,2809.270855,early
2026-05-12T11:28:32.318099+00:00,EZLeWRbCEbA,UCEK0oX3X2yK9y27khCsrNKg,Mis Propias Finanzas,2026-04-21T22:00:25+00:00,20.561196,43623,654,2121.617828,active
2026-05-12T11:28:32.318099+00:00,-Ap6qWvqk0I,UCF7UoUGGOUcSSNcVDndq7KQ,Itzcalli,2026-04-21T03:16:15+00:00,21.341867,27104,651,1269.991983,active
2026-05-12T11:28:32.318099+00:00,nN9QYJdEcw0,UCUyDOdBWhC1MCxEjC46d-zw,Alex Hormozi,2026-05-04T05:00:00+00:00,8.269818,68908,651,8332.468744,active
2026-05-12T11:28:32.318099+00:00,VVfMO6SJZLw,UCdNnEDbRWhanA1O8zhCn3ZA,Omar - Educación Financiera,2026-04-28T01:20:34+00:00,14.422203,41774,650,2896.506172,active
2026-05-12T11:28:32.318099+00:00,MPsK-Z5jIuc,UCP15FVAA2UL-QOcGhy7-ezA,EDteam,2026-05-06T01:30:15+00:00,6.415478,19523,649,3043.109181,early
2026-05-12T11:28:32.318099+00:00,vqBSNTZeLsg,UCqcbQf6yw5KzRoDDcZ_wBSw,Wes Roth,2026-05-07T03:41:17+00:00,5.324483,27936,649,5246.706582,early
2026-05-12T11:28:32.318099+00:00,yemarhfhVA0,UCrdWRLq10OHuy7HmSckV3Vg,Nathaniel Drew,2026-04-22T14:01:39+00:00,19.893673,120384,648,6051.371207,active
2026-05-12T11:28:32.318099+00:00,H3lUaL6-XQQ,UCPgVPrgqpALC1s2e63fgKyg,elWacky,2026-04-23T20:00:09+00:00,18.644714,209565,647,11239.91497,active
2026-05-12T11:28:32.318099+00:00,fKtG9uPeMCc,UCdfnfXWCGkBAx2cN2l-4u2w,Semo Historia,2026-04-28T18:25:20+00:00,13.710559,53834,647,3926.462809,active
2026-05-12T11:28:32.318099+00:00,uWa0odbimaU,UCDOSaJ0pnglwzfkR6fYbisA,Luis Mi Negocios,2026-05-03T17:48:38+00:00,8.736045,167779,640,19205.372683,active
2026-05-12T11:28:32.318099+00:00,_twN29IEQlc,UC7MkZfrLCeE4Xwh9h2QnN0A,Arcade's Books,2026-04-27T22:34:04+00:00,14.537828,38873,639,2673.920753,active
2026-05-12T11:28:32.318099+00:00,v3JV42WbomE,UCP15FVAA2UL-QOcGhy7-ezA,EDteam,2026-04-28T15:09:17+00:00,13.846705,30967,639,2236.416534,active
2026-05-12T11:28:32.318099+00:00,Hk20QLW6nEc,UCyM-2pRapEv6V2q7UNO9icg,Emprende Aprendiendo,2026-05-01T16:30:08+00:00,10.790559,81005,635,7507.025354,active
2026-05-12T11:28:32.318099+00:00,BvPzeHSVsEw,UCEK0oX3X2yK9y27khCsrNKg,Mis Propias Finanzas,2026-05-07T22:00:13+00:00,4.561335,5236,633,1147.909548,early
2026-05-12T11:28:32.318099+00:00,7tilLI0Vifk,UCRDQzsHtx2cXvzEXnEhbxBg,Mister Krax,2026-05-06T00:00:06+00:00,6.478082,31023,629,4788.91746,early
2026-05-12T11:28:32.318099+00:00,wL08vOQaK70,UCUyDOdBWhC1MCxEjC46d-zw,Alex Hormozi,2026-05-07T03:00:00+00:00,5.353152,31869,629,5953.314982,early
2026-05-12T11:28:32.318099+00:00,sj1y9FDJKCM,UCJkMlOu7faDgqh4PfzbpLdg,Nerdwriter1,2026-04-28T12:31:12+00:00,13.956485,68596,627,4914.991131,active
2026-05-12T11:28:32.318099+00:00,z2Y4_cDvEYc,UCUyDOdBWhC1MCxEjC46d-zw,Alex Hormozi,2026-05-05T03:00:00+00:00,7.353152,82748,627,11253.405342,active
2026-05-12T11:28:32.318099+00:00,PJQhN8D12Vk,UCUyDOdBWhC1MCxEjC46d-zw,Alex Hormozi,2026-05-06T09:00:00+00:00,6.103152,31703,615,5194.528991,early
2026-05-12T11:28:32.318099+00:00,2aKsRFcgkNk,UC5mQQ4Ur6oA8lsGFkvH2lyg,Noche De Chicxs,2026-05-08T00:00:08+00:00,4.478059,6929,614,1547.322177,early
2026-05-12T11:28:32.318099+00:00,oqoBSeL5GIU,UCGq-a57w-aPwyi3pW7XLiHw,The Diary Of A CEO,2026-04-27T15:38:49+00:00,14.826196,307876,610,20765.677184,active
2026-05-12T11:28:32.318099+00:00,rzVhPTSNWnE,UCqcbQf6yw5KzRoDDcZ_wBSw,Wes Roth,2026-05-06T00:17:48+00:00,6.465791,61991,608,9587.535384,early
2026-05-12T11:28:32.318099+00:00,aDvEt1rIAyM,UCm5iBOcQ0GET_2FqFI61QDA,Cara Nicole,2026-05-09T03:13:28+00:00,3.3438,6229,601,1862.850649,early
2026-05-12T11:28:32.318099+00:00,cxLWeagGWUE,UCxFACDJ98idvo9Gq9M9AQgg,Moris Dieck | Finanzas e Inversiones ,2026-05-07T20:00:25+00:00,4.644529,6339,597,1364.831612,early
2026-05-12T11:28:32.318099+00:00,Ocx5uE7vjIw,UC4FHiPgS1KXkUMx3dxBUtPg,HolaMundo,2026-05-07T14:00:38+00:00,4.894379,11477,596,2344.934873,early
2026-05-12T11:28:32.318099+00:00,wAi4zvgGy4w,UCPTlwyaEoJOVyvDLzHagzNQ,WATOP,2026-05-05T17:00:00+00:00,6.769818,18503,595,2733.160626,early
2026-05-12T11:28:32.318099+00:00,jCyhEO3h-Ik,UCoOae5nYA7VqaXzerajD0lg,Ali Abdaal,2026-05-03T10:01:11+00:00,9.060663,49999,593,5518.249603,active
2026-05-12T11:28:32.318099+00:00,QzZ4VwDHAT4,UCbfYPyITQ-7l4upoX8nvctg,Two Minute Papers,2026-05-01T16:43:34+00:00,10.781231,41617,588,3860.134339,active
2026-05-12T11:28:32.318099+00:00,MK3Lz4fAvZo,UCEQXxiYxNZbym9Fad7-n2Lg,Doctor Fisión,2026-04-30T16:30:09+00:00,11.790548,43073,584,3653.180497,active
2026-05-12T11:28:32.318099+00:00,HyO6rMqRXw0,UC1viRct91s1a3Z5yvk7FJXw,Diego Ruzzarin,2026-04-30T16:00:24+00:00,11.811207,32779,583,2775.245578,active
2026-05-12T11:28:32.318099+00:00,p4zPmpXfGyY,UCFBpVaKCC0ajGps1vf0AgBg,Humphrey Yang,2026-05-04T16:30:30+00:00,7.790305,52866,583,6786.127116,active
2026-05-12T11:28:32.318099+00:00,KKwxanUOAd4,UCwd_qoS94df5orGoPLPnsxQ,Franco Pisso,2026-04-29T13:20:45+00:00,12.922075,70519,582,5457.25048,active
2026-05-12T11:28:32.318099+00:00,-CB2CwSPtAQ,UCC552Sd-3nyi_tk2BudLUzA,AsapSCIENCE,2026-04-30T17:09:36+00:00,11.763152,43900,582,3731.992922,active
2026-05-12T11:28:32.318099+00:00,rbSEOholMxI,UC7MkZfrLCeE4Xwh9h2QnN0A,Arcade's Books,2026-05-04T20:00:30+00:00,7.644471,13005,577,1701.229555,active
2026-05-12T11:28:32.318099+00:00,ZOPXzlpBVoM,UCPgVPrgqpALC1s2e63fgKyg,elWacky,2026-04-25T20:00:18+00:00,16.64461,120651,575,7248.652867,active
2026-05-12T11:28:32.318099+00:00,Ehoi-h7_rgM,UCXgNowiGxwwnLeQ7DXTwXPg,The Science Asylum,2026-05-05T17:45:47+00:00,6.738025,34547,571,5127.170054,early
2026-05-12T11:28:32.318099+00:00,GYBVh5zlV50,UCoOae5nYA7VqaXzerajD0lg,Ali Abdaal,2026-05-08T10:00:23+00:00,4.061219,20724,564,5102.90137,early
2026-05-12T11:28:32.318099+00:00,QLPK0g7s3lg,UCRDQzsHtx2cXvzEXnEhbxBg,Mister Krax,2026-05-08T14:54:26+00:00,3.857018,8873,563,2300.481875,early
2026-05-12T11:28:32.318099+00:00,a4jo0YM7WRg,UC1viRct91s1a3Z5yvk7FJXw,Diego Ruzzarin,2026-05-03T18:00:01+00:00,8.72814,16376,562,1876.230216,active
2026-05-12T11:28:32.318099+00:00,WEnvorobhEE,UC1yNl2E66ZzKApQdRuTQ4tw,Sabine Hossenfelder,2026-04-22T15:00:55+00:00,19.852515,703988,557,35460.897524,active
2026-05-12T11:28:32.318099+00:00,lzoLWTtj5ho,UCLYoURyGHMUuQ5YrfX55PWg,Aprendiz Financiero,2026-05-07T13:06:47+00:00,4.931775,12023,555,2437.864663,early
2026-05-12T11:28:32.318099+00:00,eGmGoahyI-U,UCs0QXHkbkBDM_NwnRiGFoTA,Crea Y Transforma,2026-04-29T23:37:15+00:00,12.49395,19125,548,1530.740879,active
2026-05-12T11:28:32.318099+00:00,rVixyOY_Xr4,UCdNnEDbRWhanA1O8zhCn3ZA,Omar - Educación Financiera,2026-05-02T01:00:52+00:00,10.435883,37336,548,3577.656055,active
2026-05-12T11:28:32.318099+00:00,6CyjL4X8e7g,UCDOSaJ0pnglwzfkR6fYbisA,Luis Mi Negocios,2026-05-05T16:22:27+00:00,6.795895,74176,548,10914.824317,early
2026-05-12T11:28:32.318099+00:00,ehizptRtYzM,UCEQXxiYxNZbym9Fad7-n2Lg,Doctor Fisión,2026-05-01T16:30:18+00:00,10.790443,36521,547,3384.569104,active
2026-05-12T11:28:32.318099+00:00,qobWiBK3PPY,UChhw6DlKKTQ9mYSpTfXUYqA,Starter Story,2026-05-06T00:08:55+00:00,6.47196,19824,542,3063.059722,early
2026-05-12T11:28:32.318099+00:00,HBezrmK2eEY,UCF0L4jd9LcSIxsj5gKITMqQ,Jaime Higuera,2026-05-08T09:00:34+00:00,4.102758,8745,541,2131.49301,early
2026-05-12T11:28:32.318099+00:00,mbGPgjXCx24,UCJQQVLyM6wtPleV4wFBK06g,VisualPolitik,2026-04-28T16:27:07+00:00,13.792654,295219,539,21404.074952,active
2026-05-12T11:28:32.318099+00:00,qNEB_w5ECeI,UChhw6DlKKTQ9mYSpTfXUYqA,Starter Story,2026-05-05T15:27:41+00:00,6.833927,26561,539,3886.637946,early
2026-05-12T11:28:32.318099+00:00,_UFmkJrpc3Q,UCUyDOdBWhC1MCxEjC46d-zw,Alex Hormozi,2026-05-03T11:00:00+00:00,9.019818,96456,537,10693.785617,active
2026-05-12T11:28:32.318099+00:00,-XlB3RebSW4,UCjSVqRtdOsxQDss_pJpp_Yg,COMPUESTOS Podcast,2026-05-09T02:30:01+00:00,3.373974,3758,532,1113.820083,early
2026-05-12T11:28:32.318099+00:00,PN8bHAr0f1M,UCOHxDwCcOzBaLkeTazanwcw,Bravos Research,2026-04-27T16:32:30+00:00,14.788916,175316,520,11854.553775,active
2026-05-12T11:28:32.318099+00:00,Mjq7A18Y7VY,UCDnUOd6PIlQAL9bPUTf9BkQ,Sapiencia práctica,2026-05-06T17:00:00+00:00,5.769818,8003,516,1387.045484,early
2026-05-12T11:28:32.318099+00:00,xO5diVmgE8Y,UCM55RjebjSevVWPnj2LEymw,viyaura,2026-04-21T13:01:45+00:00,20.93527,56236,512,2686.184606,active
2026-05-12T11:28:32.318099+00:00,daa-UCIuoY8,UCOxW1h1VV379Q8GDdUJOhgw,Mariano Trejo,2026-05-03T16:30:14+00:00,8.79049,18925,511,2152.894776,active
2026-05-12T11:28:32.318099+00:00,A9-HCSNX4Gs,UCvPGx8qh8AkrFZW06tESvaA,Dot Dager,2026-05-10T01:45:11+00:00,2.405108,5601,510,2328.793551,early
2026-05-12T11:28:32.318099+00:00,B18aH00d8oE,UCJQQVLyM6wtPleV4wFBK06g,VisualPolitik,2026-04-23T17:06:26+00:00,18.765351,284260,507,15148.131255,active
2026-05-12T11:28:32.318099+00:00,OCGgYu3vku4,UCPgVPrgqpALC1s2e63fgKyg,elWacky,2026-05-03T20:00:13+00:00,8.644668,132585,505,15337.199763,active
2026-05-12T11:28:32.318099+00:00,lk7HWLeXjS4,UCP15FVAA2UL-QOcGhy7-ezA,EDteam,2026-04-29T18:10:37+00:00,12.720779,66461,500,5224.601418,active
2026-05-12T11:28:32.318099+00:00,Tqg-qojfcqA,UCLYoURyGHMUuQ5YrfX55PWg,Aprendiz Financiero,2026-05-06T12:32:50+00:00,5.955351,12203,491,2049.081574,early
2026-05-12T11:28:32.318099+00:00,z-7AhJ55htQ,UCJQQVLyM6wtPleV4wFBK06g,VisualPolitik,2026-04-24T16:37:59+00:00,17.785108,413007,490,23222.068711,active
2026-05-12T11:28:32.318099+00:00,94PJFiyaSrs,UCyJbb85EUgWjl38GcF236Jg,Eva Maria Beristain,2026-04-23T00:01:29+00:00,19.477122,39194,487,2012.309622,active
2026-05-12T11:28:32.318099+00:00,P9yleRV8tto,UCUyDOdBWhC1MCxEjC46d-zw,Alex Hormozi,2026-05-03T15:00:00+00:00,8.853152,50880,487,5747.105664,active
2026-05-12T11:28:32.318099+00:00,ubtx51mzCbo,UCUyDOdBWhC1MCxEjC46d-zw,Alex Hormozi,2026-05-06T11:00:00+00:00,6.019818,38802,487,6445.70982,early
2026-05-12T11:28:32.318099+00:00,1lx0bttCAbs,UCF0L4jd9LcSIxsj5gKITMqQ,Jaime Higuera,2026-04-22T19:00:01+00:00,19.686474,44873,485,2279.38228,active
2026-05-12T11:28:32.318099+00:00,2sjya33qZWM,UCOvzFyIAr32yspwxx77BHcQ,Rob Paper Clips,2026-05-07T06:07:08+00:00,5.223198,13064,482,2501.149679,early
2026-05-12T11:28:32.318099+00:00,KOAhANin5CE,UCyM-2pRapEv6V2q7UNO9icg,Emprende Aprendiendo,2026-05-07T20:27:09+00:00,4.625964,26941,481,5823.867198,early
2026-05-12T11:28:32.318099+00:00,-JTeDTLElVg,UC5mQQ4Ur6oA8lsGFkvH2lyg,Noche De Chicxs,2026-04-25T00:00:00+00:00,17.478152,21386,479,1223.584736,active
2026-05-12T11:28:32.318099+00:00,6UPfq3KETg4,UCEQXxiYxNZbym9Fad7-n2Lg,Doctor Fisión,2026-04-27T16:30:04+00:00,14.790606,167086,473,11296.764987,active
2026-05-12T11:28:32.318099+00:00,zuzydZz-cmo,UC1viRct91s1a3Z5yvk7FJXw,Diego Ruzzarin,2026-05-02T18:01:02+00:00,9.727434,68319,473,7023.332155,active
2026-05-12T11:28:32.318099+00:00,8CMkyTJpB2c,UCF0L4jd9LcSIxsj5gKITMqQ,Jaime Higuera,2026-05-10T20:15:00+00:00,1.634402,1334,472,816.200665,early
2026-05-12T11:28:32.318099+00:00,WPOhGVSPOyM,UCUyDOdBWhC1MCxEjC46d-zw,Alex Hormozi,2026-05-02T03:00:00+00:00,10.353152,91419,471,8830.064506,active
2026-05-12T11:28:32.318099+00:00,vQnUaLtBmBE,UC30ajuhy8cViP2DiM1QLjmg,98grados,2026-05-07T00:19:14+00:00,5.464795,16044,471,2935.883231,early
2026-05-12T11:28:32.318099+00:00,NoXtR658c_k,UCPTlwyaEoJOVyvDLzHagzNQ,WATOP,2026-04-30T17:00:00+00:00,11.769818,40715,469,3459.271843,active
2026-05-12T11:28:32.318099+00:00,gVBwX14zOak,UCX9NJ471o7Wie1DQe94RVIg,Fazt,2026-05-08T02:14:30+00:00,4.384749,15070,455,3436.912808,early
2026-05-12T11:28:32.318099+00:00,qxj4Sr5Cm24,UC1yNl2E66ZzKApQdRuTQ4tw,Sabine Hossenfelder,2026-05-02T15:01:20+00:00,9.852226,71684,453,7275.919168,active
2026-05-12T11:28:32.318099+00:00,Gmfpq60LbVQ,UCPgVPrgqpALC1s2e63fgKyg,elWacky,2026-05-02T20:00:20+00:00,9.644587,241560,452,25046.173569,active
2026-05-12T11:28:32.318099+00:00,DYhg0nWZ1UQ,UCDOSaJ0pnglwzfkR6fYbisA,Luis Mi Negocios,2026-05-03T16:00:06+00:00,8.811416,15813,450,1794.603728,active
2026-05-12T11:28:32.318099+00:00,QDZUOBnmf4Q,UCEQXxiYxNZbym9Fad7-n2Lg,Doctor Fisión,2026-04-25T16:30:10+00:00,16.790536,43377,449,2583.419612,active
2026-05-12T11:28:32.318099+00:00,DgX6SMZaC_8,UCEQXxiYxNZbym9Fad7-n2Lg,Doctor Fisión,2026-04-22T16:30:11+00:00,19.790525,57463,442,2903.561174,active
2026-05-12T11:28:32.318099+00:00,eYDQWSBQ47s,UC1m55IoeEf7LKC9s68PDHDg,DonebyLaura,2026-04-30T17:26:08+00:00,11.75167,30244,433,2573.591668,active
2026-05-12T11:28:32.318099+00:00,98ShZgIhSbk,UCUyDOdBWhC1MCxEjC46d-zw,Alex Hormozi,2026-05-01T05:00:00+00:00,11.269818,107932,429,9577.084563,active
2026-05-12T11:28:32.318099+00:00,SzDnUAJkenI,UCUyDOdBWhC1MCxEjC46d-zw,Alex Hormozi,2026-05-05T09:00:00+00:00,7.103152,48681,428,6853.436334,active
2026-05-12T11:28:32.318099+00:00,OuOIrxBXB0M,UCUyDOdBWhC1MCxEjC46d-zw,Alex Hormozi,2026-04-24T03:00:00+00:00,18.353152,135514,425,7383.690823,active
2026-05-12T11:28:32.318099+00:00,MlcUa5-3G68,UCHMSzZaVrEjK35aYK3J7Htw,Pequeño Cerdo Capitalista,2026-04-30T23:00:22+00:00,11.519564,26707,424,2318.403717,active
2026-05-12T11:28:32.318099+00:00,fy74y8e7nAw,UCjSVqRtdOsxQDss_pJpp_Yg,COMPUESTOS Podcast,2026-05-11T02:00:36+00:00,1.394402,892,424,639.700746,early
2026-05-12T11:28:32.318099+00:00,FJNk3OGtmbk,UC5mQQ4Ur6oA8lsGFkvH2lyg,Noche De Chicxs,2026-05-02T01:45:03+00:00,10.4052,23206,421,2230.231038,active
2026-05-12T11:28:32.318099+00:00,U14_qm5y38o,UC5PwIMtLiIBCBhsu8f_-6UQ,Santiago Bilinkis,2026-04-26T17:34:05+00:00,15.74615,124233,419,7889.738126,active
2026-05-12T11:28:32.318099+00:00,5W2lIWDyXjI,UCUyDOdBWhC1MCxEjC46d-zw,Alex Hormozi,2026-05-02T09:00:00+00:00,10.103152,70211,418,6949.41539,active
2026-05-12T11:28:32.318099+00:00,_SdzVNht_nU,UCF0L4jd9LcSIxsj5gKITMqQ,Jaime Higuera,2026-04-28T16:09:00+00:00,13.805235,14543,416,1053.440959,active
2026-05-12T11:28:32.318099+00:00,e7IyFScAa-Q,UC9WGON3pXofvE958Uq3Lw3Q,Exito Financiero,2026-04-21T23:02:42+00:00,20.517943,21425,415,1044.207989,active
2026-05-12T11:28:32.318099+00:00,8hN5PF2oXGs,UCGq-a57w-aPwyi3pW7XLiHw,The Diary Of A CEO,2026-04-23T18:38:00+00:00,18.701763,195818,413,10470.563658,active
2026-05-12T11:28:32.318099+00:00,MQmVuZls-MA,UCs0QXHkbkBDM_NwnRiGFoTA,Crea Y Transforma,2026-05-09T01:23:33+00:00,3.420131,4416,410,1291.178613,early
2026-05-12T11:28:32.318099+00:00,UOef-z5X3SU,UCRDQzsHtx2cXvzEXnEhbxBg,Mister Krax,2026-05-09T02:00:06+00:00,3.394749,3653,406,1076.073666,early
2026-05-12T11:28:32.318099+00:00,TRVnxUYQAmI,UCPgVPrgqpALC1s2e63fgKyg,elWacky,2026-04-29T20:00:13+00:00,12.644668,216764,405,17142.719761,active
2026-05-12T11:28:32.318099+00:00,2qJtxDjGURI,UCWn_0MmgojB711LFX-jaCDQ,El Rincón Del Dev,2026-05-08T17:56:20+00:00,3.730698,6399,401,1715.228625,early
2026-05-12T11:28:32.318099+00:00,CE6tiT3Q6c4,UCOvzFyIAr32yspwxx77BHcQ,Rob Paper Clips,2026-04-29T23:00:12+00:00,12.51968,58840,400,4699.800634,active
2026-05-12T11:28:32.318099+00:00,JrGlAw_Q7ow,UCUyDOdBWhC1MCxEjC46d-zw,Alex Hormozi,2026-04-30T07:00:00+00:00,12.186485,175373,399,14390.777981,active
2026-05-12T11:28:32.318099+00:00,zj0BKLv9r8Y,UC4jlzJyMNQkkcEcCN3EFG7g,Brin,2026-04-23T22:33:25+00:00,18.538279,109038,397,5881.775757,active
2026-05-12T11:28:32.318099+00:00,RRDqtyH9sZc,UCUyDOdBWhC1MCxEjC46d-zw,Alex Hormozi,2026-05-05T11:00:00+00:00,7.019818,28870,396,4112.642237,active
2026-05-12T11:28:32.318099+00:00,BVXJqZenDxU,UC55-mxUj5Nj3niXFReG44OQ,Platzi,2026-05-08T18:22:35+00:00,3.712469,4427,395,1192.46787,early
2026-05-12T11:28:32.318099+00:00,ncHb_w6UeI8,UC55-mxUj5Nj3niXFReG44OQ,Platzi,2026-05-08T13:44:50+00:00,3.905351,11983,395,3068.354163,early
2026-05-12T11:28:32.318099+00:00,J9p4GMskefU,UC3IEYr87JpgBeVbbc0gP9DA,Irene Albacete,2026-04-22T15:38:40+00:00,19.8263,33815,394,1705.562813,active
2026-05-12T11:28:32.318099+00:00,oNjLzGpMCuw,UC1viRct91s1a3Z5yvk7FJXw,Diego Ruzzarin,2026-05-01T18:00:48+00:00,10.727596,107015,390,9975.673953,active
2026-05-12T11:28:32.318099+00:00,zRD_VJMMaPI,UCUyDOdBWhC1MCxEjC46d-zw,Alex Hormozi,2026-05-05T15:00:00+00:00,6.853152,32096,390,4683.392401,early
2026-05-12T11:28:32.318099+00:00,Jnc7hVslXdk,UCEK0oX3X2yK9y27khCsrNKg,Mis Propias Finanzas,2026-05-05T01:16:58+00:00,7.424703,5867,384,790.199958,active
2026-05-12T11:28:32.318099+00:00,bouvNyq8xCY,UCX6b17PVsYBQ0ip5gyeme-Q,CrashCourse,2026-04-23T16:01:04+00:00,18.810744,34836,377,1851.920371,active
2026-05-12T11:28:32.318099+00:00,h9kh7KssnMc,UCPTlwyaEoJOVyvDLzHagzNQ,WATOP,2026-04-23T17:00:00+00:00,18.769818,120089,377,6397.984253,active
2026-05-12T11:28:32.318099+00:00,TUSbI3pqiCM,UCRlBDnRQduDk4tmm1OtpSRg,UN POCO MEJOR,2026-04-26T17:38:14+00:00,15.743268,23882,375,1516.965855,active
2026-05-12T11:28:32.318099+00:00,g-7nUex4nVg,UC5PwIMtLiIBCBhsu8f_-6UQ,Santiago Bilinkis,2026-05-02T17:04:09+00:00,9.766937,36313,375,3717.951698,active
2026-05-12T11:28:32.318099+00:00,P9MkPdQc74o,UC3aj05GEEyzdOqYM5FLSFeg,midulive,2026-04-30T14:30:35+00:00,11.87358,107189,374,9027.521607,active
2026-05-12T11:28:32.318099+00:00,EXOQ7vN2NXk,UC4FHiPgS1KXkUMx3dxBUtPg,HolaMundo,2026-04-27T13:00:32+00:00,14.936115,27307,373,1828.253197,active
2026-05-12T11:28:32.318099+00:00,U4gpio58908,UC1yNl2E66ZzKApQdRuTQ4tw,Sabine Hossenfelder,2026-04-23T15:00:58+00:00,18.852481,241092,373,12788.343349,active
2026-05-12T11:28:32.318099+00:00,ckyeC880OPA,UC55-mxUj5Nj3niXFReG44OQ,Platzi,2026-04-22T01:37:58+00:00,20.410119,62094,370,3042.314452,active
2026-05-12T11:28:32.318099+00:00,L8_m7pOI2-A,UCOvzFyIAr32yspwxx77BHcQ,Rob Paper Clips,2026-04-22T23:00:32+00:00,19.519448,89724,368,4596.646381,active
2026-05-12T11:28:32.318099+00:00,MmtdaRSSUZA,UCaZ5txM63JGqgzRTVXy5e9g,César Dabián Finanzas,2026-04-30T12:45:02+00:00,11.946879,9845,366,824.064595,active
2026-05-12T11:28:32.318099+00:00,RnT_izvRznQ,UCLYoURyGHMUuQ5YrfX55PWg,Aprendiz Financiero,2026-05-04T12:15:07+00:00,7.967654,10192,365,1279.172012,active
2026-05-12T11:28:32.318099+00:00,SSaZRt10A1s,UC55-mxUj5Nj3niXFReG44OQ,Platzi,2026-05-09T16:59:52+00:00,2.769911,3828,364,1381.993862,early
2026-05-12T11:28:32.318099+00:00,shkHigLwBnM,UCyJbb85EUgWjl38GcF236Jg,Eva Maria Beristain,2026-04-27T19:11:09+00:00,14.678742,330286,363,22500.974539,active
2026-05-12T11:28:32.318099+00:00,R1Vs8Rnl1iY,UCUyDOdBWhC1MCxEjC46d-zw,Alex Hormozi,2026-05-06T19:00:00+00:00,5.686485,17933,363,3153.617745,early
2026-05-12T11:28:32.318099+00:00,mDsCuRpgikc,UCX9NJ471o7Wie1DQe94RVIg,Fazt,2026-05-08T03:35:20+00:00,4.328615,7516,361,1736.352159,early
2026-05-12T11:28:32.318099+00:00,PBJZdZSTGlE,UC5PwIMtLiIBCBhsu8f_-6UQ,Santiago Bilinkis,2026-05-07T18:29:01+00:00,4.708001,13658,359,2901.018925,early
2026-05-12T11:28:32.318099+00:00,Hf6NC8AzAKo,UCtT7zEoC9-HNyLYb8cYWoww,Ale Marin,2026-05-01T18:00:15+00:00,10.727978,9722,356,906.228555,active
2026-05-12T11:28:32.318099+00:00,Gl_2LVRaM8U,UCX9NJ471o7Wie1DQe94RVIg,Fazt,2026-05-04T01:54:40+00:00,8.398522,17108,354,2037.025086,active
2026-05-12T11:28:32.318099+00:00,5UewQixXxSY,UCbUYAYd1WUznxEEl498z7vA,Woshingo Streams,2026-05-08T06:43:12+00:00,4.198152,9533,352,2270.76104,early
2026-05-12T11:28:32.318099+00:00,cdOcjUyQr8A,UCGq-a57w-aPwyi3pW7XLiHw,The Diary Of A CEO,2026-04-21T17:07:00+00:00,20.764957,199468,351,9605.991479,active
2026-05-12T11:28:32.318099+00:00,9QKOkpu78CQ,UCV5G678sZwW5IcF3pCfRbHQ,La Hiperactina,2026-04-23T16:00:00+00:00,18.811485,100270,351,5330.254363,active
2026-05-12T11:28:32.318099+00:00,xhbplPX4QKI,UCRDQzsHtx2cXvzEXnEhbxBg,Mister Krax,2026-05-06T22:16:22+00:00,5.550119,34490,351,6214.281171,early
2026-05-12T11:28:32.318099+00:00,wJOakc64crg,UCRDQzsHtx2cXvzEXnEhbxBg,Mister Krax,2026-04-29T00:00:06+00:00,13.478082,83372,349,6185.746607,active
2026-05-12T11:28:32.318099+00:00,etSVXPZ5Wjg,UCEK0oX3X2yK9y27khCsrNKg,Mis Propias Finanzas,2026-05-07T17:00:59+00:00,4.769136,9686,349,2030.975841,early
2026-05-12T11:28:32.318099+00:00,tQCVAU-fZPA,UCF0L4jd9LcSIxsj5gKITMqQ,Jaime Higuera,2026-04-21T20:30:14+00:00,20.623823,306002,347,14837.307322,active
2026-05-12T11:28:32.318099+00:00,kXenRXelpKs,UCoOae5nYA7VqaXzerajD0lg,Ali Abdaal,2026-04-28T10:01:11+00:00,14.060663,54718,346,3891.566137,active
2026-05-12T11:28:32.318099+00:00,qx6ZbgO8vtU,UCUyDOdBWhC1MCxEjC46d-zw,Alex Hormozi,2026-05-05T07:00:00+00:00,7.186485,19154,346,2665.280732,active
2026-05-12T11:28:32.318099+00:00,toRXiIgtUig,UC9WGON3pXofvE958Uq3Lw3Q,Exito Financiero,2026-05-07T22:11:49+00:00,4.553279,5191,346,1140.057528,early
2026-05-12T11:28:32.318099+00:00,465Vc9I4fvc,UC2UXDak6o7rBm23k3Vv5dww,Tina Huang,2026-05-04T15:00:08+00:00,7.853059,31321,345,3988.382107,active
2026-05-12T11:28:32.318099+00:00,5XkSf-AWb_Y,UCyM-2pRapEv6V2q7UNO9icg,Emprende Aprendiendo,2026-05-05T16:30:04+00:00,6.790606,25489,344,3753.567796,early
2026-05-12T11:28:32.318099+00:00,UtXLbVdM7wk,UCdNnEDbRWhanA1O8zhCn3ZA,Omar - Educación Financiera,2026-05-02T22:04:21+00:00,9.558464,23065,341,2413.044606,active
2026-05-12T11:28:32.318099+00:00,kLJNcHqVmJA,UC9WGON3pXofvE958Uq3Lw3Q,Exito Financiero,2026-04-28T00:50:32+00:00,14.443059,14531,336,1006.088807,active
2026-05-12T11:28:32.318099+00:00,NM-bwZZoX80,UCbUYAYd1WUznxEEl498z7vA,Woshingo Streams,2026-04-25T21:00:20+00:00,16.60292,87677,335,5280.818073,active
2026-05-12T11:28:32.318099+00:00,n1G2FQ0UEqc,UC5PwIMtLiIBCBhsu8f_-6UQ,Santiago Bilinkis,2026-04-28T17:06:21+00:00,13.765409,74601,333,5419.453937,active
2026-05-12T11:28:32.318099+00:00,3Ip-TJvpjLQ,UC3nwmvE2aDzUSJ4evQ1NhoA,IA Innova,2026-05-04T18:45:01+00:00,7.69689,26359,333,3424.629948,active
2026-05-12T11:28:32.318099+00:00,WB1bBLedJQ4,UC5mQQ4Ur6oA8lsGFkvH2lyg,Noche De Chicxs,2026-04-30T02:00:21+00:00,12.394575,24762,324,1997.809526,active
2026-05-12T11:28:32.318099+00:00,nnKkk3CpLes,UC1viRct91s1a3Z5yvk7FJXw,Diego Ruzzarin,2026-04-29T01:00:06+00:00,13.436416,79853,322,5943.02826,active
2026-05-12T11:28:32.318099+00:00,yzajLZXh9JU,UCbfYPyITQ-7l4upoX8nvctg,Two Minute Papers,2026-04-28T17:16:01+00:00,13.758696,43776,320,3181.69687,active
2026-05-12T11:28:32.318099+00:00,LkaaMQx9uZ0,UCDOSaJ0pnglwzfkR6fYbisA,Luis Mi Negocios,2026-04-30T17:00:27+00:00,11.769506,79826,320,6782.442696,active
2026-05-12T11:28:32.318099+00:00,cnM2xdHMqDU,UCP7PV59jal4PobLeo5cSG_Q,Santiago Amat,2026-05-10T20:34:13+00:00,1.621057,986,319,608.245114,early
2026-05-12T11:28:32.318099+00:00,aevzxcKkLfc,UCEK0oX3X2yK9y27khCsrNKg,Mis Propias Finanzas,2026-05-08T17:00:02+00:00,3.769795,5525,317,1465.596936,early
2026-05-12T11:28:32.318099+00:00,6hNY0K71Ewo,UC5PwIMtLiIBCBhsu8f_-6UQ,Santiago Bilinkis,2026-05-04T17:58:27+00:00,7.729228,23566,316,3048.946156,active
2026-05-12T11:28:32.318099+00:00,oUZ9Cxp_tkg,UCF0L4jd9LcSIxsj5gKITMqQ,Jaime Higuera,2026-05-07T19:01:01+00:00,4.685779,7076,315,1510.101095,early
2026-05-12T11:28:32.318099+00:00,HeY4a7uDlkg,UCUyDOdBWhC1MCxEjC46d-zw,Alex Hormozi,2026-04-29T19:00:00+00:00,12.686485,61866,314,4876.528053,active
2026-05-12T11:28:32.318099+00:00,Ff0AYRWrnGY,UC1yNl2E66ZzKApQdRuTQ4tw,Sabine Hossenfelder,2026-04-25T15:00:33+00:00,16.85277,195238,312,11584.920461,active
2026-05-12T11:28:32.318099+00:00,iTOXHp4c1YE,UCyM-2pRapEv6V2q7UNO9icg,Emprende Aprendiendo,2026-04-29T17:11:47+00:00,12.761636,142210,312,11143.555575,active
2026-05-12T11:28:32.318099+00:00,_AqBNvs7ko8,UCP15FVAA2UL-QOcGhy7-ezA,EDteam,2026-05-06T22:04:37+00:00,5.558279,11950,311,2149.946053,early
2026-05-12T11:28:32.318099+00:00,4iXwPD-VHyg,UCoOae5nYA7VqaXzerajD0lg,Ali Abdaal,2026-05-02T10:00:13+00:00,10.061335,81048,309,8055.392252,active
2026-05-12T11:28:32.318099+00:00,a8LrJMGoVL4,UCoXtmmnLCbXDiSo8GxsmOzA,La gata de Schrödinger,2026-04-23T16:00:01+00:00,18.811474,133457,305,7094.446719,active
2026-05-12T11:28:32.318099+00:00,JQ8OpyAeTxw,UCP15FVAA2UL-QOcGhy7-ezA,EDteam,2026-05-05T00:18:56+00:00,7.465004,27144,305,3636.166839,active
2026-05-12T11:28:32.318099+00:00,8i_FS3tarec,UCEK0oX3X2yK9y27khCsrNKg,Mis Propias Finanzas,2026-05-09T20:03:01+00:00,2.642724,2454,305,928.587321,early
2026-05-12T11:28:32.318099+00:00,EvauKuWaNmk,UCl5-lvQyfILb-l2abPk4Ntg,Inteligencia Artificial,2026-04-21T18:00:00+00:00,20.728152,63007,304,3039.682457,active
2026-05-12T11:28:32.318099+00:00,r6AB_e8Rk1I,UCDOSaJ0pnglwzfkR6fYbisA,Luis Mi Negocios,2026-04-26T18:00:42+00:00,15.727666,158229,303,10060.551896,active
2026-05-12T11:28:32.318099+00:00,Qy_YMLKX8bQ,UCF0L4jd9LcSIxsj5gKITMqQ,Jaime Higuera,2026-05-04T18:00:21+00:00,7.727909,24201,301,3131.636255,active
2026-05-12T11:28:32.318099+00:00,GEXxx3JQmdw,UCvPGx8qh8AkrFZW06tESvaA,Dot Dager,2026-05-01T14:39:52+00:00,10.867133,9816,299,903.27412,active
2026-05-12T11:28:32.318099+00:00,DB302vKJ2Go,UCP15FVAA2UL-QOcGhy7-ezA,EDteam,2026-05-02T15:07:28+00:00,9.847967,16724,299,1698.218526,active
2026-05-12T11:28:32.318099+00:00,40-68Uco_u0,UCPTlwyaEoJOVyvDLzHagzNQ,WATOP,2026-05-02T17:00:00+00:00,9.769818,20371,299,2085.095137,active
2026-05-12T11:28:32.318099+00:00,fabe7nYQa1Q,UCqcbQf6yw5KzRoDDcZ_wBSw,Wes Roth,2026-05-08T04:13:17+00:00,4.302261,23567,297,5477.817362,early
2026-05-12T11:28:32.318099+00:00,1JlcRuBAtZ4,UCEK0oX3X2yK9y27khCsrNKg,Mis Propias Finanzas,2026-05-09T14:05:32+00:00,2.890976,2837,297,981.329489,early
2026-05-12T11:28:32.318099+00:00,l4wOStt70KU,UCjSVqRtdOsxQDss_pJpp_Yg,COMPUESTOS Podcast,2026-05-05T00:30:41+00:00,7.456844,3963,295,531.458081,active
2026-05-12T11:28:32.318099+00:00,iP-y1c7euSI,UC5mQQ4Ur6oA8lsGFkvH2lyg,Noche De Chicxs,2026-05-05T05:15:00+00:00,7.259402,12353,294,1701.655315,active
2026-05-12T11:28:32.318099+00:00,MWrMtRjLhjk,UCPgVPrgqpALC1s2e63fgKyg,elWacky,2026-04-28T20:00:24+00:00,13.644541,206711,293,15149.721783,active
2026-05-12T11:28:32.318099+00:00,fVVh3C8hFdY,UC55-mxUj5Nj3niXFReG44OQ,Platzi,2026-05-10T16:00:30+00:00,1.811138,1838,292,1014.831559,early
2026-05-12T11:28:32.318099+00:00,_4CeefIlOBM,UCEK0oX3X2yK9y27khCsrNKg,Mis Propias Finanzas,2026-05-09T17:31:23+00:00,2.748025,2230,290,811.49189,early
2026-05-12T11:28:32.318099+00:00,MANsPvLwJs0,UCF0L4jd9LcSIxsj5gKITMqQ,Jaime Higuera,2026-05-06T17:00:35+00:00,5.769413,11254,289,1950.631719,early
2026-05-12T11:28:32.318099+00:00,OEqMxMEBQQY,UCP15FVAA2UL-QOcGhy7-ezA,EDteam,2026-04-28T00:04:34+00:00,14.474981,47072,287,3251.955909,active
2026-05-12T11:28:32.318099+00:00,-0FsgHxwxgQ,UCbUYAYd1WUznxEEl498z7vA,Woshingo Streams,2026-04-23T23:00:00+00:00,18.519818,83631,284,4515.75712,active
2026-05-12T11:28:32.318099+00:00,i7p23_flIAA,UCjSVqRtdOsxQDss_pJpp_Yg,COMPUESTOS Podcast,2026-05-10T00:00:46+00:00,2.477619,3120,284,1259.27352,early
2026-05-12T11:28:32.318099+00:00,9rHaUzPlJws,UCPgVPrgqpALC1s2e63fgKyg,elWacky,2026-05-01T20:00:04+00:00,10.644772,194401,283,18262.579978,active
2026-05-12T11:28:32.318099+00:00,JuRjZqzpP0g,UCUyDOdBWhC1MCxEjC46d-zw,Alex Hormozi,2026-05-02T23:00:00+00:00,9.519818,55299,283,5808.829539,active
2026-05-12T11:28:32.318099+00:00,GlgzzZEePXo,UCsmEAwbV7WbYndpQKbY4Ntw,Juan Villalvazo,2026-05-03T14:00:00+00:00,8.894818,24350,281,2737.548986,active
2026-05-12T11:28:32.318099+00:00,X9fGa-F_ars,UCPgVPrgqpALC1s2e63fgKyg,elWacky,2026-04-22T20:00:21+00:00,19.644575,161831,279,8237.948645,active
2026-05-12T11:28:32.318099+00:00,OkuWh46I4m4,UCDOSaJ0pnglwzfkR6fYbisA,Luis Mi Negocios,2026-04-26T16:00:06+00:00,15.811416,21853,275,1382.102653,active
2026-05-12T11:28:32.318099+00:00,CbDN7o5Ed_M,UCP15FVAA2UL-QOcGhy7-ezA,EDteam,2026-05-04T18:08:41+00:00,7.722122,11671,275,1511.372133,active
2026-05-12T11:28:32.318099+00:00,UDiJI3q9wFQ,UCaVPhFg-Ax873wvhbNitsrQ,El Robot de Platón,2026-04-30T00:15:30+00:00,12.467388,36549,274,2931.568345,active
2026-05-12T11:28:32.318099+00:00,mMLOG0bsjRQ,UCP15FVAA2UL-QOcGhy7-ezA,EDteam,2026-05-03T16:44:17+00:00,8.780733,44569,274,5075.772148,active
2026-05-12T11:28:32.318099+00:00,XeN7wKfDOPk,UC1yNl2E66ZzKApQdRuTQ4tw,Sabine Hossenfelder,2026-04-27T15:01:01+00:00,14.852446,163703,272,11021.955576,active
2026-05-12T11:28:32.318099+00:00,hOQ3M6jdE8Y,UC9mrBfjgyOsqJ0J-zw7kZLQ,Atherion,2026-05-09T02:34:14+00:00,3.371045,3535,269,1048.636254,early
2026-05-12T11:28:32.318099+00:00,_dxtH2u5aAk,UCUyDOdBWhC1MCxEjC46d-zw,Alex Hormozi,2026-05-04T19:00:00+00:00,7.686485,28822,266,3749.698334,active
2026-05-12T11:28:32.318099+00:00,jOTjNdjtiBw,UC3nwmvE2aDzUSJ4evQ1NhoA,IA Innova,2026-05-07T18:45:03+00:00,4.696867,9369,262,1994.733936,early
2026-05-12T11:28:32.318099+00:00,mY8qW0pAy_o,UCuhw3KIv3wM14By2-LcxDGw,El Consejero,2026-05-09T04:16:31+00:00,3.300015,1938,262,587.270058,early
2026-05-12T11:28:32.318099+00:00,NuoEsHIW5JA,UCzR-rom72PHN9Zg7RML9EbA,PBS Eons,2026-04-23T16:15:03+00:00,18.801034,92573,261,4923.824934,active
2026-05-12T11:28:32.318099+00:00,d7qfcHa4LTY,UCoOae5nYA7VqaXzerajD0lg,Ali Abdaal,2026-05-04T10:00:54+00:00,8.06086,21144,259,2623.045184,active
2026-05-12T11:28:32.318099+00:00,ogGjzOIl5lQ,UCF0L4jd9LcSIxsj5gKITMqQ,Jaime Higuera,2026-05-10T17:26:49+00:00,1.751196,2114,258,1207.174982,early
2026-05-12T11:28:32.318099+00:00,L5HQ_jx0HX8,UCUyDOdBWhC1MCxEjC46d-zw,Alex Hormozi,2026-05-04T23:00:00+00:00,7.519818,23118,255,3074.276532,active
2026-05-12T11:28:32.318099+00:00,wvdEIXEsnNg,UCF0L4jd9LcSIxsj5gKITMqQ,Jaime Higuera,2026-05-06T16:01:40+00:00,5.810328,3795,255,653.147292,early
2026-05-12T11:28:32.318099+00:00,qluuZfYE02A,UCLYoURyGHMUuQ5YrfX55PWg,Aprendiz Financiero,2026-05-05T12:13:47+00:00,6.96858,11637,253,1669.924145,early
2026-05-12T11:28:32.318099+00:00,ZkmmXa5JVNg,UCl5-lvQyfILb-l2abPk4Ntg,Inteligencia Artificial,2026-05-08T14:12:19+00:00,3.886265,3541,253,911.157628,early
2026-05-12T11:28:32.318099+00:00,Or6yvefovGU,UCoOae5nYA7VqaXzerajD0lg,Ali Abdaal,2026-05-06T10:00:43+00:00,6.060987,17432,252,2876.099223,early
2026-05-12T11:28:32.318099+00:00,DHk0gFHyHeE,UCl5-lvQyfILb-l2abPk4Ntg,Inteligencia Artificial,2026-04-24T12:35:43+00:00,17.953349,152543,251,8496.632021,active
2026-05-12T11:28:32.318099+00:00,dZftIemBYVE,UCX9NJ471o7Wie1DQe94RVIg,Fazt,2026-05-03T19:10:57+00:00,8.678881,31378,251,3615.443051,active
2026-05-12T11:28:32.318099+00:00,9pPCy9wqxuk,UCRDQzsHtx2cXvzEXnEhbxBg,Mister Krax,2026-05-04T07:45:28+00:00,8.154911,61669,239,7562.191666,active
2026-05-12T11:28:32.318099+00:00,Cit2bKRejmc,UCF0L4jd9LcSIxsj5gKITMqQ,Jaime Higuera,2026-05-04T17:15:25+00:00,7.759112,17547,237,2261.470127,active
2026-05-12T11:28:32.318099+00:00,ND9eyW5Fw0s,UCSIvk78tK2TiviLQn4fSHaw,Up and Atom,2026-04-28T22:01:25+00:00,13.560501,42642,236,3144.574083,active
2026-05-12T11:28:32.318099+00:00,TrPGiDGAr8M,UCjSVqRtdOsxQDss_pJpp_Yg,COMPUESTOS Podcast,2026-05-08T00:30:25+00:00,4.457029,3825,236,858.194999,early
2026-05-12T11:28:32.318099+00:00,dk-pvsityfs,UCdNnEDbRWhanA1O8zhCn3ZA,Omar - Educación Financiera,2026-05-05T22:22:23+00:00,6.545941,12878,234,1967.326012,early
2026-05-12T11:28:32.318099+00:00,yaBzATxyEYs,UCaVPhFg-Ax873wvhbNitsrQ,El Robot de Platón,2026-04-22T21:39:54+00:00,19.575443,43321,233,2213.027823,active
2026-05-12T11:28:32.318099+00:00,3W1KfxQnQiU,UCOxW1h1VV379Q8GDdUJOhgw,Mariano Trejo,2026-04-26T16:30:00+00:00,15.790652,13662,231,865.195433,active
2026-05-12T11:28:32.318099+00:00,gS87TtB9nk4,UCUyDOdBWhC1MCxEjC46d-zw,Alex Hormozi,2026-04-21T11:00:00+00:00,21.019818,110595,230,5261.463253,active
2026-05-12T11:28:32.318099+00:00,hR4tPe4rwuo,UCuhw3KIv3wM14By2-LcxDGw,El Consejero,2026-05-07T03:34:16+00:00,5.329356,2650,230,497.245821,early
2026-05-12T11:28:32.318099+00:00,HVPhcOmSMtM,UCEK0oX3X2yK9y27khCsrNKg,Mis Propias Finanzas,2026-04-28T22:00:21+00:00,13.561242,20637,229,1521.763272,active
2026-05-12T11:28:32.318099+00:00,FBq_mtNPweg,UC5mQQ4Ur6oA8lsGFkvH2lyg,Noche De Chicxs,2026-05-01T00:00:15+00:00,11.477978,30292,226,2639.140796,active
2026-05-12T11:28:32.318099+00:00,Nq-c06vj5PM,UCxFACDJ98idvo9Gq9M9AQgg,Moris Dieck | Finanzas e Inversiones ,2026-04-22T11:00:42+00:00,20.019332,27295,222,1363.432107,active
2026-05-12T11:28:32.318099+00:00,eQzS6CUt7kU,UCF0L4jd9LcSIxsj5gKITMqQ,Jaime Higuera,2026-05-06T15:35:53+00:00,5.828233,12000,221,2058.943079,early
2026-05-12T11:28:32.318099+00:00,aqIgIWIc3uw,UCRDQzsHtx2cXvzEXnEhbxBg,Mister Krax,2026-04-29T04:58:27+00:00,13.270895,20796,220,1567.038244,active
2026-05-12T11:28:32.318099+00:00,7h3nazBbFCc,UCOvzFyIAr32yspwxx77BHcQ,Rob Paper Clips,2026-05-05T06:04:22+00:00,7.225119,19501,219,2699.055891,active
2026-05-12T11:28:32.318099+00:00,sbzsqNJuZvg,UCUyDOdBWhC1MCxEjC46d-zw,Alex Hormozi,2026-04-30T11:00:00+00:00,12.019818,70560,216,5870.305191,active
2026-05-12T11:28:32.318099+00:00,nvzrL7MZ6FQ,UCF0L4jd9LcSIxsj5gKITMqQ,Jaime Higuera,2026-05-07T21:50:01+00:00,4.568418,28029,216,6135.384284,early
2026-05-12T11:28:32.318099+00:00,-6t20SnbOyc,UCYZLVhSSwdBllvn4tw5a4uQ,Rob Paper Sheet,2026-04-22T23:16:10+00:00,19.508592,77214,214,3957.948375,active
2026-05-12T11:28:32.318099+00:00,97bQ7zx1ObY,UCm5iBOcQ0GET_2FqFI61QDA,Cara Nicole,2026-05-06T15:28:51+00:00,5.833117,10735,210,1840.353965,early
2026-05-12T11:28:32.318099+00:00,9ERKnW5WgOk,UCF0L4jd9LcSIxsj5gKITMqQ,Jaime Higuera,2026-05-09T18:00:14+00:00,2.72799,3575,208,1310.488675,early
2026-05-12T11:28:32.318099+00:00,GyBPytpEBpk,UCF0L4jd9LcSIxsj5gKITMqQ,Jaime Higuera,2026-05-09T16:00:24+00:00,2.811207,8575,208,3050.291209,early
2026-05-12T11:28:32.318099+00:00,NDF3VSFbxAU,UC55-mxUj5Nj3niXFReG44OQ,Platzi,2026-04-29T16:09:54+00:00,12.80461,11125,207,868.827711,active
2026-05-12T11:28:32.318099+00:00,3REHDZgXE1k,UCUyDOdBWhC1MCxEjC46d-zw,Alex Hormozi,2026-05-04T11:00:00+00:00,8.019818,24249,206,3023.634701,active
2026-05-12T11:28:32.318099+00:00,mQR17nCXUSA,UCPgVPrgqpALC1s2e63fgKyg,elWacky,2026-04-30T20:00:30+00:00,11.644471,116340,204,9991.00775,active
2026-05-12T11:28:32.318099+00:00,VRLM4RDuurc,UC9WGON3pXofvE958Uq3Lw3Q,Exito Financiero,2026-05-05T21:36:43+00:00,6.577654,6866,204,1043.83721,early
2026-05-12T11:28:32.318099+00:00,4ZK7Ms4IZ7g,UCoOae5nYA7VqaXzerajD0lg,Ali Abdaal,2026-04-27T12:03:26+00:00,14.975768,30019,203,2004.504877,active
2026-05-12T11:28:32.318099+00:00,z_XHk-DZ1nY,UCUyDOdBWhC1MCxEjC46d-zw,Alex Hormozi,2026-05-04T09:00:00+00:00,8.103152,20205,203,2493.474144,active
2026-05-12T11:28:32.318099+00:00,wnoSOSgBNHk,UC3nwmvE2aDzUSJ4evQ1NhoA,IA Innova,2026-04-27T18:45:05+00:00,14.696844,42756,202,2909.196015,active
2026-05-12T11:28:32.318099+00:00,xhCLLakHBa8,UCUyDOdBWhC1MCxEjC46d-zw,Alex Hormozi,2026-04-30T09:00:00+00:00,12.103152,63110,202,5214.344164,active
2026-05-12T11:28:32.318099+00:00,qf_JlCrcPy0,UCP15FVAA2UL-QOcGhy7-ezA,EDteam,2026-05-02T18:07:49+00:00,9.722724,13061,200,1343.347811,active
2026-05-12T11:28:32.318099+00:00,rPAGWO3mtuE,UCmE44gpkHmf5bKIVTPSwxnQ,Judith Tiral,2026-05-05T17:01:12+00:00,6.768985,9622,200,1421.483428,early
2026-05-12T11:28:32.318099+00:00,TeA1JMxe-Cg,UC55-mxUj5Nj3niXFReG44OQ,Platzi,2026-05-08T19:58:50+00:00,3.645629,9702,197,2661.269153,early
2026-05-12T11:28:32.318099+00:00,OPDzJP8iWLo,UCEQXxiYxNZbym9Fad7-n2Lg,Doctor Fisión,2026-04-21T16:30:08+00:00,20.790559,32500,195,1563.209532,active
2026-05-12T11:28:32.318099+00:00,WKBwkE4dn-k,UCUyDOdBWhC1MCxEjC46d-zw,Alex Hormozi,2026-05-04T03:00:00+00:00,8.353152,19103,194,2286.921153,active
2026-05-12T11:28:32.318099+00:00,bFO0uAMPx1g,UCqcbQf6yw5KzRoDDcZ_wBSw,Wes Roth,2026-04-27T07:13:28+00:00,15.177133,66070,188,4353.259604,active
2026-05-12T11:28:32.318099+00:00,DQiQ30VepbU,UCP15FVAA2UL-QOcGhy7-ezA,EDteam,2026-04-27T18:27:04+00:00,14.709356,29359,187,1995.940543,active
2026-05-12T11:28:32.318099+00:00,wB2Kb0MiyAc,UC5mQQ4Ur6oA8lsGFkvH2lyg,Noche De Chicxs,2026-04-23T02:00:58+00:00,19.394147,36228,182,1867.986254,active
2026-05-12T11:28:32.318099+00:00,vN0MwkPIOF8,UCEQXxiYxNZbym9Fad7-n2Lg,Doctor Fisión,2026-05-03T20:51:37+00:00,8.608974,4556,182,529.215212,active
2026-05-12T11:28:32.318099+00:00,heBK7ADuRKM,UCRDQzsHtx2cXvzEXnEhbxBg,Mister Krax,2026-05-07T04:32:44+00:00,5.288754,4700,181,888.678127,early
2026-05-12T11:28:32.318099+00:00,ve_y3EI_VeA,UCoOae5nYA7VqaXzerajD0lg,Ali Abdaal,2026-05-05T10:01:35+00:00,7.060386,13171,176,1865.478743,active
2026-05-12T11:28:32.318099+00:00,WIPMzBbfEbk,UCF0L4jd9LcSIxsj5gKITMqQ,Jaime Higuera,2026-05-08T15:00:56+00:00,3.852504,4979,176,1292.406186,early
2026-05-12T11:28:32.318099+00:00,jdrW-vJOD1w,UC55-mxUj5Nj3niXFReG44OQ,Platzi,2026-04-27T20:56:38+00:00,14.60549,20439,175,1399.405292,active
2026-05-12T11:28:32.318099+00:00,OgbLx7K5jKI,UCoOae5nYA7VqaXzerajD0lg,Ali Abdaal,2026-05-01T10:00:47+00:00,11.060941,29962,174,2708.811122,active
2026-05-12T11:28:32.318099+00:00,sXV44nHGfAA,UCUyDOdBWhC1MCxEjC46d-zw,Alex Hormozi,2026-05-03T09:00:00+00:00,9.103152,31039,173,3409.698091,active
2026-05-12T11:28:32.318099+00:00,KztyymfW3Dg,UC5mQQ4Ur6oA8lsGFkvH2lyg,Noche De Chicxs,2026-04-29T16:12:02+00:00,12.803129,29778,169,2325.837692,active
2026-05-12T11:28:32.318099+00:00,IXYVjF7zckU,UCl5-lvQyfILb-l2abPk4Ntg,Inteligencia Artificial,2026-05-07T15:35:55+00:00,4.82821,8358,169,1731.07632,early
2026-05-12T11:28:32.318099+00:00,v5HxYeboDIg,UCEK0oX3X2yK9y27khCsrNKg,Mis Propias Finanzas,2026-05-07T18:04:18+00:00,4.725166,6489,168,1373.285087,early
2026-05-12T11:28:32.318099+00:00,9shE5GdYp68,UC9mrBfjgyOsqJ0J-zw7kZLQ,Atherion,2026-05-08T03:12:04+00:00,4.344772,2918,165,671.611767,early
2026-05-12T11:28:32.318099+00:00,9VyCOVdFpL8,UCUyDOdBWhC1MCxEjC46d-zw,Alex Hormozi,2026-04-29T09:00:00+00:00,13.103152,140445,164,10718.413402,active
2026-05-12T11:28:32.318099+00:00,XNDiFY5vIk0,UCUyDOdBWhC1MCxEjC46d-zw,Alex Hormozi,2026-05-02T15:00:00+00:00,9.853152,17919,164,1818.605863,active
2026-05-12T11:28:32.318099+00:00,RSQwihpACgQ,UCF0L4jd9LcSIxsj5gKITMqQ,Jaime Higuera,2026-05-08T12:00:50+00:00,3.977573,2102,164,528.46296,early
2026-05-12T11:28:32.318099+00:00,La4ogJrxI0g,UCTfQ65AxquXmih3r6rZmK-Q,jefillysh,2026-04-22T18:24:40+00:00,19.711022,52001,163,2638.168635,active
2026-05-12T11:28:32.318099+00:00,LMJb-_uL6lQ,UCqcbQf6yw5KzRoDDcZ_wBSw,Wes Roth,2026-05-02T04:50:02+00:00,10.27674,63213,162,6151.075146,active
2026-05-12T11:28:32.318099+00:00,MSl5mD3E7PE,UC3IEYr87JpgBeVbbc0gP9DA,Irene Albacete,2026-04-22T19:43:33+00:00,19.656242,22486,161,1143.96231,active
2026-05-12T11:28:32.318099+00:00,ZtF5VFbAs6M,UCl5-lvQyfILb-l2abPk4Ntg,Inteligencia Artificial,2026-05-05T14:27:13+00:00,6.875918,9775,161,1421.628356,early
2026-05-12T11:28:32.318099+00:00,B2ag364pRgQ,UCoOae5nYA7VqaXzerajD0lg,Ali Abdaal,2026-04-25T10:00:16+00:00,17.0613,67850,159,3976.836466,active
2026-05-12T11:28:32.318099+00:00,WnFI_2Fg4dI,UCF0L4jd9LcSIxsj5gKITMqQ,Jaime Higuera,2026-05-09T14:00:52+00:00,2.894217,3966,158,1370.318812,early
2026-05-12T11:28:32.318099+00:00,UQXupr6-Wmg,UCUyDOdBWhC1MCxEjC46d-zw,Alex Hormozi,2026-04-23T11:00:00+00:00,19.019818,67799,157,3564.650303,active
2026-05-12T11:28:32.318099+00:00,XX7hskkX1AA,UC1viRct91s1a3Z5yvk7FJXw,Diego Ruzzarin,2026-04-25T18:30:49+00:00,16.706751,92330,156,5526.508416,active
2026-05-12T11:28:32.318099+00:00,RCl-cN1Hf-Q,UC5mQQ4Ur6oA8lsGFkvH2lyg,Noche De Chicxs,2026-05-01T15:00:47+00:00,10.852608,18546,156,1708.89799,active
2026-05-12T11:28:32.318099+00:00,dVb9vyCwM2s,UCPgVPrgqpALC1s2e63fgKyg,elWacky,2026-04-26T20:00:17+00:00,15.644622,193735,154,12383.488716,active
2026-05-12T11:28:32.318099+00:00,d0VoQtmw9Eg,UCdNnEDbRWhanA1O8zhCn3ZA,Omar - Educación Financiera,2026-05-01T20:03:02+00:00,10.642712,18703,154,1757.352825,active
2026-05-12T11:28:32.318099+00:00,mJsIzeo1Onw,UCOQEA3qmyzFmJdi6Z137yrA,Monitor fantasma,2026-05-05T13:35:25+00:00,6.91189,14517,153,2100.293841,early
2026-05-12T11:28:32.318099+00:00,7YTMLEzOyD0,UCjSVqRtdOsxQDss_pJpp_Yg,COMPUESTOS Podcast,2026-05-09T00:00:07+00:00,3.478071,2539,152,730.002349,early
2026-05-12T11:28:32.318099+00:00,mFiFFP7x_RQ,UCF0L4jd9LcSIxsj5gKITMqQ,Jaime Higuera,2026-05-09T12:01:31+00:00,2.977099,4170,152,1400.692419,early
2026-05-12T11:28:32.318099+00:00,jIj6PuMrDGA,UCF0L4jd9LcSIxsj5gKITMqQ,Jaime Higuera,2026-04-27T18:30:12+00:00,14.70718,44201,151,3005.402803,active
2026-05-12T11:28:32.318099+00:00,Jr9Xm5f44NQ,UCPTlwyaEoJOVyvDLzHagzNQ,WATOP,2026-04-28T17:00:00+00:00,13.769818,15384,149,1117.226096,active
2026-05-12T11:28:32.318099+00:00,o1LnQHf3b6I,UCUyDOdBWhC1MCxEjC46d-zw,Alex Hormozi,2026-05-02T07:00:00+00:00,10.186485,20938,148,2055.468594,active
2026-05-12T11:28:32.318099+00:00,KXZAIigKofE,UCm5iBOcQ0GET_2FqFI61QDA,Cara Nicole,2026-05-07T19:23:10+00:00,4.670397,7994,147,1711.631795,early
2026-05-12T11:28:32.318099+00:00,AxM96v9ZCzI,UC36xmz34q02JYaZYKrMwXng,Nate Gentile,2026-04-23T16:48:57+00:00,18.777492,69165,144,3683.399253,active
2026-05-12T11:28:32.318099+00:00,1gyuiKoSc-w,UCjSVqRtdOsxQDss_pJpp_Yg,COMPUESTOS Podcast,2026-04-28T00:30:01+00:00,14.457307,8674,143,599.973425,active
2026-05-12T11:28:32.318099+00:00,nWfp_X31vqk,UCEQXxiYxNZbym9Fad7-n2Lg,Doctor Fisión,2026-04-29T18:00:55+00:00,12.727515,18121,143,1423.765755,active
2026-05-12T11:28:32.318099+00:00,QhCO1k8MGjE,UCl5-lvQyfILb-l2abPk4Ntg,Inteligencia Artificial,2026-05-07T18:05:34+00:00,4.724286,6025,143,1275.324991,early
2026-05-12T11:28:32.318099+00:00,CZe8DucT3qA,UCPgVPrgqpALC1s2e63fgKyg,elWacky,2026-04-24T20:00:17+00:00,17.644622,246848,142,13989.985164,active
2026-05-12T11:28:32.318099+00:00,6tpnQGLgPwo,UCF0L4jd9LcSIxsj5gKITMqQ,Jaime Higuera,2026-05-09T13:00:11+00:00,2.936358,4681,140,1594.151667,early
2026-05-12T11:28:32.318099+00:00,Kx0v4IeR-1s,UCdNnEDbRWhanA1O8zhCn3ZA,Omar - Educación Financiera,2026-05-07T01:06:13+00:00,5.432168,4760,139,876.261559,early
2026-05-12T11:28:32.318099+00:00,_X5aIvzO9Fw,UC55-mxUj5Nj3niXFReG44OQ,Platzi,2026-05-09T13:54:39+00:00,2.898534,2601,136,897.350178,early
2026-05-12T11:28:32.318099+00:00,nGakcu0V0ZM,UCFBpVaKCC0ajGps1vf0AgBg,Humphrey Yang,2026-05-01T15:45:07+00:00,10.821821,20138,133,1860.869811,active
2026-05-12T11:28:32.318099+00:00,jjSaUeqJi4s,UCX9NJ471o7Wie1DQe94RVIg,Fazt,2026-04-22T17:06:01+00:00,19.76564,18507,132,936.321819,active
2026-05-12T11:28:32.318099+00:00,T34ygnCahZc,UC5PwIMtLiIBCBhsu8f_-6UQ,Santiago Bilinkis,2026-04-25T17:32:42+00:00,16.74711,42915,132,2562.531685,active
2026-05-12T11:28:32.318099+00:00,H57K_ZTfLK4,UCF0L4jd9LcSIxsj5gKITMqQ,Jaime Higuera,2026-05-08T08:00:30+00:00,4.144471,3907,131,942.701734,early
2026-05-12T11:28:32.318099+00:00,0rTo8XSNApA,UCF0L4jd9LcSIxsj5gKITMqQ,Jaime Higuera,2026-05-09T10:00:01+00:00,3.061474,2129,131,695.416652,early
2026-05-12T11:28:32.318099+00:00,Scg5AwFfs-w,UC4FHiPgS1KXkUMx3dxBUtPg,HolaMundo,2026-05-05T14:00:55+00:00,6.894182,9089,128,1318.358001,early
2026-05-12T11:28:32.318099+00:00,2G1BiZp3MmU,UCl5-lvQyfILb-l2abPk4Ntg,Inteligencia Artificial,2026-05-07T14:43:28+00:00,4.864633,4600,128,945.600624,early
2026-05-12T11:28:32.318099+00:00,J7L9ZfugS1M,UCOvzFyIAr32yspwxx77BHcQ,Rob Paper Clips,2026-05-08T06:37:16+00:00,4.202272,2664,126,633.942781,early
2026-05-12T11:28:32.318099+00:00,eeMXmcWUVjE,UCF0L4jd9LcSIxsj5gKITMqQ,Jaime Higuera,2026-05-09T17:00:58+00:00,2.769147,5477,126,1977.865386,early
2026-05-12T11:28:32.318099+00:00,B8E4azaZ13k,UC5PwIMtLiIBCBhsu8f_-6UQ,Santiago Bilinkis,2026-05-03T18:37:07+00:00,8.702376,7413,125,851.836326,active
2026-05-12T11:28:32.318099+00:00,ttdfIEKLVks,UCxFACDJ98idvo9Gq9M9AQgg,Moris Dieck | Finanzas e Inversiones ,2026-05-05T01:01:02+00:00,7.435768,12967,125,1743.868286,active
2026-05-12T11:28:32.318099+00:00,rMiiE5QmEb0,UCF0L4jd9LcSIxsj5gKITMqQ,Jaime Higuera,2026-05-08T18:01:00+00:00,3.727457,5300,125,1421.880923,early
2026-05-12T11:28:32.318099+00:00,-APimd6TUro,UC5mQQ4Ur6oA8lsGFkvH2lyg,Noche De Chicxs,2026-04-26T02:00:00+00:00,16.394818,37808,123,2306.094523,active
2026-05-12T11:28:32.318099+00:00,O26UmdpBMbo,UCF0L4jd9LcSIxsj5gKITMqQ,Jaime Higuera,2026-05-09T11:00:38+00:00,3.019379,4311,123,1427.777036,early
2026-05-12T11:28:32.318099+00:00,oixqYBAPwXA,UC36xmz34q02JYaZYKrMwXng,Nate Gentile,2026-04-30T10:51:21+00:00,12.025825,30905,122,2569.886058,active
2026-05-12T11:28:32.318099+00:00,kmKuk_TCEvU,UC4FHiPgS1KXkUMx3dxBUtPg,HolaMundo,2026-04-30T22:12:16+00:00,11.552967,36844,121,3189.137474,active
2026-05-12T11:28:32.318099+00:00,2A0dbP8LJoA,UCLYoURyGHMUuQ5YrfX55PWg,Aprendiz Financiero,2026-05-01T12:56:00+00:00,10.939263,8334,121,761.842914,active
2026-05-12T11:28:32.318099+00:00,36QCg3pkoXs,UCP15FVAA2UL-QOcGhy7-ezA,EDteam,2026-05-08T01:27:20+00:00,4.417504,7886,121,1785.170992,early
2026-05-12T11:28:32.318099+00:00,5zwotvZ1rl0,UCxFACDJ98idvo9Gq9M9AQgg,Moris Dieck | Finanzas e Inversiones ,2026-04-25T11:00:22+00:00,17.019564,13500,120,793.204808,active
2026-05-12T11:28:32.318099+00:00,xLEEiMWgp-E,UC55-mxUj5Nj3niXFReG44OQ,Platzi,2026-05-06T13:50:47+00:00,5.901219,12756,120,2161.587292,early
2026-05-12T11:28:32.318099+00:00,57VIVNJZywU,UCl5-lvQyfILb-l2abPk4Ntg,Inteligencia Artificial,2026-05-08T13:42:07+00:00,3.907237,2325,119,595.049648,early
2026-05-12T11:28:32.318099+00:00,AXvou3mSGQA,UC55-mxUj5Nj3niXFReG44OQ,Platzi,2026-04-24T00:56:40+00:00,18.4388,39739,118,2155.183635,active
2026-05-12T11:28:32.318099+00:00,5ov8sBSV-pc,UCDnUOd6PIlQAL9bPUTf9BkQ,Sapiencia práctica,2026-04-27T18:00:00+00:00,14.728152,6363,117,432.029762,active
2026-05-12T11:28:32.318099+00:00,dYJM9jmLBzY,UCPgVPrgqpALC1s2e63fgKyg,elWacky,2026-04-25T15:00:57+00:00,16.852492,164703,117,9773.213362,active
2026-05-12T11:28:32.318099+00:00,2y_3sFy4R1A,UCs0QXHkbkBDM_NwnRiGFoTA,Crea Y Transforma,2026-05-04T01:33:47+00:00,8.413025,10230,116,1215.971663,active
2026-05-12T11:28:32.318099+00:00,iuo88mIjzbk,UCF0L4jd9LcSIxsj5gKITMqQ,Jaime Higuera,2026-05-06T17:30:23+00:00,5.748719,5322,116,925.771463,early
2026-05-12T11:28:32.318099+00:00,Q47YOagFwk8,UCEK0oX3X2yK9y27khCsrNKg,Mis Propias Finanzas,2026-05-05T23:56:49+00:00,6.480362,6509,115,1004.419198,early
2026-05-12T11:28:32.318099+00:00,ZUpr3u1inlg,UCRDQzsHtx2cXvzEXnEhbxBg,Mister Krax,2026-05-02T01:15:06+00:00,10.425999,19401,114,1860.828876,active
2026-05-12T11:28:32.318099+00:00,1pglkwgsu1I,UCLYoURyGHMUuQ5YrfX55PWg,Aprendiz Financiero,2026-05-03T11:45:00+00:00,8.988568,42023,114,4675.160715,active
2026-05-12T11:28:32.318099+00:00,o39vHtwxPRg,UC5mQQ4Ur6oA8lsGFkvH2lyg,Noche De Chicxs,2026-05-03T02:00:53+00:00,9.394205,11254,113,1197.97258,active
2026-05-12T11:28:32.318099+00:00,CthF-LloGYM,UCF0L4jd9LcSIxsj5gKITMqQ,Jaime Higuera,2026-05-08T16:00:21+00:00,3.811242,3448,113,904.691961,early
2026-05-12T11:28:32.318099+00:00,xVBsBrmoXa8,UCF0L4jd9LcSIxsj5gKITMqQ,Jaime Higuera,2026-05-08T11:01:49+00:00,4.018557,3607,113,897.585875,early
2026-05-12T11:28:32.318099+00:00,Duk_kOhIimU,UCyM-2pRapEv6V2q7UNO9icg,Emprende Aprendiendo,2026-05-04T17:45:00+00:00,7.738568,12037,112,1555.455738,active
2026-05-12T11:28:32.318099+00:00,m8nU1oWeHAI,UCWn_0MmgojB711LFX-jaCDQ,El Rincón Del Dev,2026-05-05T15:50:06+00:00,6.81836,9092,112,1333.458486,early
2026-05-12T11:28:32.318099+00:00,yGC0oT995TM,UC2UXDak6o7rBm23k3Vv5dww,Tina Huang,2026-04-30T15:01:52+00:00,11.851856,16285,111,1374.046394,active
2026-05-12T11:28:32.318099+00:00,C4OiZ15VTxw,UCtT7zEoC9-HNyLYb8cYWoww,Ale Marin,2026-05-02T21:00:17+00:00,9.602955,11100,110,1155.894201,active
2026-05-12T11:28:32.318099+00:00,dyy-YNiS0U4,UC9mrBfjgyOsqJ0J-zw7kZLQ,Atherion,2026-05-06T00:29:17+00:00,6.457816,2761,110,427.543925,early
2026-05-12T11:28:32.318099+00:00,cBokxkj8Kc0,UCWn_0MmgojB711LFX-jaCDQ,El Rincón Del Dev,2026-05-06T15:48:43+00:00,5.819321,7370,110,1266.470779,early
2026-05-12T11:28:32.318099+00:00,sa3zzPEnz_4,UCP15FVAA2UL-QOcGhy7-ezA,EDteam,2026-04-21T02:13:20+00:00,21.385559,35463,109,1658.268554,active
2026-05-12T11:28:32.318099+00:00,iq599kyAjVA,UCOHxDwCcOzBaLkeTazanwcw,Bravos Research,2026-04-23T16:34:23+00:00,18.787608,148445,109,7901.218718,active
2026-05-12T11:28:32.318099+00:00,fbStigxrqsk,UCP7PV59jal4PobLeo5cSG_Q,Santiago Amat,2026-05-05T20:02:45+00:00,6.642909,4922,109,740.940452,early
2026-05-12T11:28:32.318099+00:00,iNuSrPJlZjU,UCF0L4jd9LcSIxsj5gKITMqQ,Jaime Higuera,2026-05-07T18:36:05+00:00,4.703094,10696,109,2274.247549,early
2026-05-12T11:28:32.318099+00:00,KKUB9Q0Ldi8,UCEK0oX3X2yK9y27khCsrNKg,Mis Propias Finanzas,2026-05-08T17:04:29+00:00,3.766705,2632,109,698.753951,early
2026-05-12T11:28:32.318099+00:00,i6wL2IzuW7s,UCLYoURyGHMUuQ5YrfX55PWg,Aprendiz Financiero,2026-05-02T12:33:56+00:00,9.954587,12190,108,1224.561099,active
2026-05-12T11:28:32.318099+00:00,W-9lPpj_ILQ,UCRDQzsHtx2cXvzEXnEhbxBg,Mister Krax,2026-05-06T16:02:10+00:00,5.809981,5777,108,994.323389,early
2026-05-12T11:28:32.318099+00:00,qGDMB-PryIU,UCFBpVaKCC0ajGps1vf0AgBg,Humphrey Yang,2026-04-29T19:30:09+00:00,12.665548,36924,106,2915.310099,active
2026-05-12T11:28:32.318099+00:00,ihQnnrWal1k,UCl5-lvQyfILb-l2abPk4Ntg,Inteligencia Artificial,2026-05-08T12:35:42+00:00,3.95336,2778,105,702.693405,early
2026-05-12T11:28:32.318099+00:00,KKq5yX8mrw0,UC55-mxUj5Nj3niXFReG44OQ,Platzi,2026-04-29T22:11:15+00:00,12.553673,13402,104,1067.575999,active
2026-05-12T11:28:32.318099+00:00,s9TcINJc2pw,UCUyDOdBWhC1MCxEjC46d-zw,Alex Hormozi,2026-04-30T23:00:00+00:00,11.519818,60251,103,5230.204158,active
2026-05-12T11:28:32.318099+00:00,wzwlfPp8vuI,UCbUYAYd1WUznxEEl498z7vA,Woshingo Streams,2026-05-07T07:27:56+00:00,5.167087,5746,102,1112.038563,early
2026-05-12T11:28:32.318099+00:00,1d3wR5LJ4-4,UC55-mxUj5Nj3niXFReG44OQ,Platzi,2026-05-02T00:20:55+00:00,10.463626,40835,101,3902.566854,active
2026-05-12T11:28:32.318099+00:00,un0mMDfpPEc,UC55-mxUj5Nj3niXFReG44OQ,Platzi,2026-05-07T21:40:18+00:00,4.575166,10885,101,2379.148647,early
2026-05-12T11:28:32.318099+00:00,6XxQMeqG1P4,UCX9NJ471o7Wie1DQe94RVIg,Fazt,2026-04-28T18:51:34+00:00,13.692342,34199,100,2497.673517,active
2026-05-12T11:28:32.318099+00:00,0elkAIACdFE,UCxFACDJ98idvo9Gq9M9AQgg,Moris Dieck | Finanzas e Inversiones ,2026-04-30T20:00:00+00:00,11.644818,23084,100,1982.340986,active
2026-05-12T11:28:32.318099+00:00,lVBnEL1fWnw,UCEK0oX3X2yK9y27khCsrNKg,Mis Propias Finanzas,2026-05-05T14:08:31+00:00,6.888904,5638,100,818.41756,early
2026-05-12T11:28:32.318099+00:00,MX1a5garnwc,UC9WGON3pXofvE958Uq3Lw3Q,Exito Financiero,2026-04-25T17:29:36+00:00,16.749263,9772,98,583.428656,active
2026-05-12T11:28:32.318099+00:00,Aa1qfpfSaVY,UCUyDOdBWhC1MCxEjC46d-zw,Alex Hormozi,2026-05-01T07:00:00+00:00,11.186485,25635,98,2291.604557,active
2026-05-12T11:28:32.318099+00:00,oIr5NyY01EQ,UCDnUOd6PIlQAL9bPUTf9BkQ,Sapiencia práctica,2026-04-30T17:00:00+00:00,11.769818,3735,98,317.337108,active
2026-05-12T11:28:32.318099+00:00,VREVC0wXPfs,UChhw6DlKKTQ9mYSpTfXUYqA,Starter Story,2026-04-22T17:44:35+00:00,19.738858,27090,96,1372.419823,active
2026-05-12T11:28:32.318099+00:00,7FYFhOiiMIU,UCUyDOdBWhC1MCxEjC46d-zw,Alex Hormozi,2026-05-01T23:00:00+00:00,10.519818,15920,95,1513.334166,active
2026-05-12T11:28:32.318099+00:00,lgaBRLInhYo,UCEK0oX3X2yK9y27khCsrNKg,Mis Propias Finanzas,2026-05-08T14:06:30+00:00,3.890305,3104,95,797.880886,early
2026-05-12T11:28:32.318099+00:00,QCcQpkBhOvI,UCP15FVAA2UL-QOcGhy7-ezA,EDteam,2026-04-21T21:06:41+00:00,20.598511,13347,93,647.959457,active
2026-05-12T11:28:32.318099+00:00,SY53rwqE2i0,UCaVPhFg-Ax873wvhbNitsrQ,El Robot de Platón,2026-04-21T21:57:36+00:00,20.563152,28370,93,1379.652302,active
2026-05-12T11:28:32.318099+00:00,sqXsMACtso0,UCEQXxiYxNZbym9Fad7-n2Lg,Doctor Fisión,2026-04-28T16:30:30+00:00,13.790305,28450,93,2063.043566,active
2026-05-12T11:28:32.318099+00:00,qPikXaHU-jY,UCF0L4jd9LcSIxsj5gKITMqQ,Jaime Higuera,2026-05-06T18:31:06+00:00,5.706555,9337,93,1636.188559,early
2026-05-12T11:28:32.318099+00:00,l1-D1s67YU4,UCP15FVAA2UL-QOcGhy7-ezA,EDteam,2026-04-24T19:28:22+00:00,17.666786,53803,92,3045.432259,active
2026-05-12T11:28:32.318099+00:00,F2VZtrSncAg,UCRDQzsHtx2cXvzEXnEhbxBg,Mister Krax,2026-05-05T08:45:39+00:00,7.113117,8544,92,1201.161179,active
2026-05-12T11:28:32.318099+00:00,9opMZrn2-zg,UCUyDOdBWhC1MCxEjC46d-zw,Alex Hormozi,2026-05-01T09:00:00+00:00,11.103152,26506,91,2387.250035,active
2026-05-12T11:28:32.318099+00:00,2NTkOeH_p0o,UCxFACDJ98idvo9Gq9M9AQgg,Moris Dieck | Finanzas e Inversiones ,2026-05-06T20:00:03+00:00,5.644784,1671,91,296.025499,early
2026-05-12T11:28:32.318099+00:00,TeheJAFWwYs,UCDOSaJ0pnglwzfkR6fYbisA,Luis Mi Negocios,2026-04-23T00:00:06+00:00,19.478082,9230,90,473.865959,active
2026-05-12T11:28:32.318099+00:00,3u17S5IHq14,UCjSVqRtdOsxQDss_pJpp_Yg,COMPUESTOS Podcast,2026-05-09T02:00:03+00:00,3.394784,1649,89,485.74519,early
2026-05-12T11:28:32.318099+00:00,o8Z1Q8UPSOU,UCF0L4jd9LcSIxsj5gKITMqQ,Jaime Higuera,2026-05-01T16:41:42+00:00,10.782527,16610,87,1540.45522,active
2026-05-12T11:28:32.318099+00:00,YpOBx8xUEn8,UCBBWpss2iXVXtTzl7-4eWbg,Jessica Fernández García,2026-05-05T18:32:38+00:00,6.70549,7617,87,1135.934883,early
2026-05-12T11:28:32.318099+00:00,bMzRXbjLUAs,UCl5-lvQyfILb-l2abPk4Ntg,Inteligencia Artificial,2026-05-07T10:43:02+00:00,5.031601,5661,87,1125.089211,early
2026-05-12T11:28:32.318099+00:00,daPR3ZqGbag,UCbUYAYd1WUznxEEl498z7vA,Woshingo Streams,2026-05-06T06:48:54+00:00,6.194193,8194,86,1322.851903,early
2026-05-12T11:28:32.318099+00:00,MK-6-YuFzC4,UCdNnEDbRWhanA1O8zhCn3ZA,Omar - Educación Financiera,2026-04-21T01:00:30+00:00,21.436138,15998,85,746.309806,active
2026-05-12T11:28:32.318099+00:00,wN3O2GSvoWE,UC9WGON3pXofvE958Uq3Lw3Q,Exito Financiero,2026-04-29T22:45:02+00:00,12.530212,14547,85,1160.954021,active
2026-05-12T11:28:32.318099+00:00,DYjyeCKIEU0,UCtT7zEoC9-HNyLYb8cYWoww,Ale Marin,2026-05-07T17:45:56+00:00,4.73792,2319,85,489.455288,early
2026-05-12T11:28:32.318099+00:00,mPbb2Gk3fr4,UCUyDOdBWhC1MCxEjC46d-zw,Alex Hormozi,2026-04-21T09:00:00+00:00,21.103152,53952,84,2556.584912,active
2026-05-12T11:28:32.318099+00:00,c7jDKJkIuZ8,UCjSVqRtdOsxQDss_pJpp_Yg,COMPUESTOS Podcast,2026-05-08T02:00:38+00:00,4.394379,1447,84,329.284297,early
2026-05-12T11:28:32.318099+00:00,8erUsIGULKc,UCvPGx8qh8AkrFZW06tESvaA,Dot Dager,2026-04-30T18:06:02+00:00,11.723962,7674,83,654.556881,active
2026-05-12T11:28:32.318099+00:00,N8Bc_M2Ew2E,UC5PwIMtLiIBCBhsu8f_-6UQ,Santiago Bilinkis,2026-05-01T17:05:36+00:00,10.76593,10333,83,959.787032,active
2026-05-12T11:28:32.318099+00:00,nrIEhoSCOg8,UCF0L4jd9LcSIxsj5gKITMqQ,Jaime Higuera,2026-05-02T16:01:11+00:00,9.810663,34898,83,3557.150011,active
2026-05-12T11:28:32.318099+00:00,tPuup43tbgA,UCyM-2pRapEv6V2q7UNO9icg,Emprende Aprendiendo,2026-05-02T17:01:09+00:00,9.76902,10366,83,1061.109507,active
2026-05-12T11:28:32.318099+00:00,Hpl10gpuOGw,UCF0L4jd9LcSIxsj5gKITMqQ,Jaime Higuera,2026-05-03T15:18:15+00:00,8.840478,29562,83,3343.936832,active
2026-05-12T11:28:32.318099+00:00,YdG8-82WJyI,UCF0L4jd9LcSIxsj5gKITMqQ,Jaime Higuera,2026-05-07T16:40:44+00:00,4.783198,6716,83,1404.081537,early
2026-05-12T11:28:32.318099+00:00,P4qGwxx9dnI,UCl5-lvQyfILb-l2abPk4Ntg,Inteligencia Artificial,2026-05-08T11:23:30+00:00,4.003499,2547,83,636.19349,early
2026-05-12T11:28:32.318099+00:00,YfK3LI27YcU,UCF0L4jd9LcSIxsj5gKITMqQ,Jaime Higuera,2026-05-08T17:00:54+00:00,3.769193,2642,83,700.945799,early
2026-05-12T11:28:32.318099+00:00,lkM12v2VZyE,UCP15FVAA2UL-QOcGhy7-ezA,EDteam,2026-04-22T00:06:14+00:00,20.473823,47940,82,2341.526543,active
2026-05-12T11:28:32.318099+00:00,-wkZoxeFIpM,UCEQXxiYxNZbym9Fad7-n2Lg,Doctor Fisión,2026-04-26T21:04:21+00:00,15.600131,6343,82,406.59915,active
2026-05-12T11:28:32.318099+00:00,Xf_v62TQOx4,UCbfYPyITQ-7l4upoX8nvctg,Two Minute Papers,2026-04-25T17:09:47+00:00,16.763025,69970,80,4174.067628,active
2026-05-12T11:28:32.318099+00:00,GfSGy5C1OIA,UCxFACDJ98idvo9Gq9M9AQgg,Moris Dieck | Finanzas e Inversiones ,2026-04-28T20:00:10+00:00,13.644703,18221,80,1335.390004,active
2026-05-12T11:28:32.318099+00:00,Gr6qcQdzDfw,UCEK0oX3X2yK9y27khCsrNKg,Mis Propias Finanzas,2026-05-02T11:00:20+00:00,10.019587,11584,80,1156.135477,active
2026-05-12T11:28:32.318099+00:00,YIozys8ZjPs,UCl5-lvQyfILb-l2abPk4Ntg,Inteligencia Artificial,2026-05-06T13:07:08+00:00,5.931531,4119,80,694.424424,early
2026-05-12T11:28:32.318099+00:00,31WQ21L6kE8,UCUyDOdBWhC1MCxEjC46d-zw,Alex Hormozi,2026-05-01T03:00:00+00:00,11.353152,18008,79,1586.167436,active
2026-05-12T11:28:32.318099+00:00,CdlFyd3WHbg,UCX9NJ471o7Wie1DQe94RVIg,Fazt,2026-05-02T01:21:18+00:00,10.421693,12568,79,1205.946097,active
2026-05-12T11:28:32.318099+00:00,w_Z0cdu9c9I,UC9mrBfjgyOsqJ0J-zw7kZLQ,Atherion,2026-05-01T21:17:13+00:00,10.591196,8460,78,798.776644,active
2026-05-12T11:28:32.318099+00:00,G9L3zK57X6Y,UCDOSaJ0pnglwzfkR6fYbisA,Luis Mi Negocios,2026-04-23T18:20:30+00:00,18.713916,90761,77,4849.920241,active
2026-05-12T11:28:32.318099+00:00,XjAeQOmdNFU,UCoOae5nYA7VqaXzerajD0lg,Ali Abdaal,2026-04-29T10:01:02+00:00,13.060768,23331,77,1786.34212,active
2026-05-12T11:28:32.318099+00:00,M0HtojL-OXQ,UCl5-lvQyfILb-l2abPk4Ntg,Inteligencia Artificial,2026-05-06T10:15:15+00:00,6.050895,6135,77,1013.899597,early
2026-05-12T11:28:32.318099+00:00,NkWtrW-9GDY,UCX9NJ471o7Wie1DQe94RVIg,Fazt,2026-04-27T18:56:11+00:00,14.689136,7313,74,497.850929,active
2026-05-12T11:28:32.318099+00:00,kY7n4gNtHXA,UCP15FVAA2UL-QOcGhy7-ezA,EDteam,2026-05-06T01:34:54+00:00,6.412249,7672,74,1196.460088,early
2026-05-12T11:28:32.318099+00:00,FzAYUea4vE8,UCEK0oX3X2yK9y27khCsrNKg,Mis Propias Finanzas,2026-05-08T23:03:19+00:00,3.517515,1703,74,484.148611,early
2026-05-12T11:28:32.318099+00:00,tg0LuGGeOPA,UC1viRct91s1a3Z5yvk7FJXw,Diego Ruzzarin,2026-04-24T00:30:52+00:00,18.456717,119416,73,6470.056403,active
2026-05-12T11:28:32.318099+00:00,JRHTVNoJjb0,UCxFACDJ98idvo9Gq9M9AQgg,Moris Dieck | Finanzas e Inversiones ,2026-05-03T20:00:10+00:00,8.644703,17972,73,2078.960954,active
2026-05-12T11:28:32.318099+00:00,Ju0usucry_g,UCmE44gpkHmf5bKIVTPSwxnQ,Judith Tiral,2026-04-28T17:30:10+00:00,13.748869,22870,72,1663.40955,active
2026-05-12T11:28:32.318099+00:00,lWj_3TE2UsE,UCUyDOdBWhC1MCxEjC46d-zw,Alex Hormozi,2026-04-30T03:00:00+00:00,12.353152,14306,72,1158.084997,active
2026-05-12T11:28:32.318099+00:00,ZB9IMq0ee0k,UCl5-lvQyfILb-l2abPk4Ntg,Inteligencia Artificial,2026-04-22T17:29:37+00:00,19.749251,66637,71,3374.153278,active
2026-05-12T11:28:32.318099+00:00,rYKQ0Ukxe6k,UC55-mxUj5Nj3niXFReG44OQ,Platzi,2026-04-28T16:23:09+00:00,13.795409,20967,71,1519.853453,active
2026-05-12T11:28:32.318099+00:00,eAwkhxinCOc,UCyM-2pRapEv6V2q7UNO9icg,Emprende Aprendiendo,2026-05-03T18:23:19+00:00,8.71196,20766,71,2383.61976,active
2026-05-12T11:28:32.318099+00:00,BVN4zHHF5-Q,UCF0L4jd9LcSIxsj5gKITMqQ,Jaime Higuera,2026-05-07T17:00:12+00:00,4.76968,6726,71,1410.157495,early
2026-05-12T11:28:32.318099+00:00,iGaMJCi8mAk,UCyM-2pRapEv6V2q7UNO9icg,Emprende Aprendiendo,2026-04-30T16:30:30+00:00,11.790305,12264,70,1040.176654,active
2026-05-12T11:28:32.318099+00:00,_FP4gbF0KWY,UCP15FVAA2UL-QOcGhy7-ezA,EDteam,2026-05-01T18:08:07+00:00,10.722515,9490,70,885.053553,active
2026-05-12T11:28:32.318099+00:00,XAQ275WwWnw,UChhw6DlKKTQ9mYSpTfXUYqA,Starter Story,2026-04-24T15:53:29+00:00,17.816011,16871,69,946.957206,active
2026-05-12T11:28:32.318099+00:00,Cs1nC8kqS5k,UC1viRct91s1a3Z5yvk7FJXw,Diego Ruzzarin,2026-04-26T18:00:10+00:00,15.728036,51469,68,3272.436559,active
2026-05-12T11:28:32.318099+00:00,_dASAu79K0s,UCUyDOdBWhC1MCxEjC46d-zw,Alex Hormozi,2026-04-28T07:00:00+00:00,14.186485,35908,67,2531.141435,active
2026-05-12T11:28:32.318099+00:00,L9S9BoEzO_o,UCjSVqRtdOsxQDss_pJpp_Yg,COMPUESTOS Podcast,2026-05-08T01:00:16+00:00,4.4363,1029,67,231.950048,early
2026-05-12T11:28:32.318099+00:00,uZ6Nbwp8GtU,UCX9NJ471o7Wie1DQe94RVIg,Fazt,2026-04-25T16:22:08+00:00,16.796115,11656,66,693.970004,active
2026-05-12T11:28:32.318099+00:00,DWt3zfqtI6g,UC2UXDak6o7rBm23k3Vv5dww,Tina Huang,2026-04-26T15:00:16+00:00,15.852967,15164,66,956.540186,active
2026-05-12T11:28:32.318099+00:00,4uRgDr5maYo,UC55-mxUj5Nj3niXFReG44OQ,Platzi,2026-04-29T19:57:44+00:00,12.646393,16034,66,1267.8714,active
2026-05-12T11:28:32.318099+00:00,s23TO2BQBcU,UCX9NJ471o7Wie1DQe94RVIg,Fazt,2026-04-30T13:20:02+00:00,11.922573,26467,66,2219.906727,active
2026-05-12T11:28:32.318099+00:00,ylIZ2D5Td4I,UCdfnfXWCGkBAx2cN2l-4u2w,Semo Historia,2026-05-10T02:07:25+00:00,2.389668,1450,65,606.77885,early
2026-05-12T11:28:32.318099+00:00,MbX7gs6huVE,UC55-mxUj5Nj3niXFReG44OQ,Platzi,2026-04-22T17:53:17+00:00,19.732816,15581,64,789.598403,active
2026-05-12T11:28:32.318099+00:00,L7fVqlOzegQ,UCs0QXHkbkBDM_NwnRiGFoTA,Crea Y Transforma,2026-04-23T03:26:11+00:00,19.334969,62431,63,3228.916478,active
2026-05-12T11:28:32.318099+00:00,6-PunI-5Ts4,UCEQXxiYxNZbym9Fad7-n2Lg,Doctor Fisión,2026-04-26T16:30:02+00:00,15.790629,30544,62,1934.3118,active
2026-05-12T11:28:32.318099+00:00,pVwkpXd5PCA,UC2UXDak6o7rBm23k3Vv5dww,Tina Huang,2026-04-23T15:01:32+00:00,18.852087,18072,62,958.620656,active
2026-05-12T11:28:32.318099+00:00,RNUjufFVGXs,UCfOaXuYSAQXm7CTYWD8dUXQ,MIGALA D,2026-05-02T17:30:11+00:00,9.748858,6602,62,677.207525,active
2026-05-12T11:28:32.318099+00:00,ZrvvBKldeo0,UCP15FVAA2UL-QOcGhy7-ezA,EDteam,2026-05-03T23:04:00+00:00,8.517041,12087,62,1419.154845,active
2026-05-12T11:28:32.318099+00:00,jLqibx29wgs,UCxFACDJ98idvo9Gq9M9AQgg,Moris Dieck | Finanzas e Inversiones ,2026-05-06T02:00:39+00:00,6.394367,5753,62,899.698125,early
2026-05-12T11:28:32.318099+00:00,GJXhgjQeChE,UCEK0oX3X2yK9y27khCsrNKg,Mis Propias Finanzas,2026-05-08T16:03:43+00:00,3.808904,2657,62,697.575996,early
2026-05-12T11:28:32.318099+00:00,quCJwkDAx0g,UCqcbQf6yw5KzRoDDcZ_wBSw,Wes Roth,2026-05-01T04:12:56+00:00,11.302504,40824,61,3611.942982,active
2026-05-12T11:28:32.318099+00:00,gtdao7DVsBo,UCUyDOdBWhC1MCxEjC46d-zw,Alex Hormozi,2026-04-25T23:00:00+00:00,16.519818,29144,60,1764.184085,active
2026-05-12T11:28:32.318099+00:00,3c9Oq8VyMpg,UCEK0oX3X2yK9y27khCsrNKg,Mis Propias Finanzas,2026-05-06T14:05:54+00:00,5.890721,2359,60,400.460317,early
2026-05-12T11:28:32.318099+00:00,pdNaIhcp3z4,UCaZ5txM63JGqgzRTVXy5e9g,César Dabián Finanzas,2026-04-24T12:39:39+00:00,17.950617,29793,59,1659.720109,active
2026-05-12T11:28:32.318099+00:00,nH8YRX4Stfs,UCrr-NczCJHrwi1oBS97uwnw,Finanzas con Gus,2026-04-30T18:43:39+00:00,11.697839,21456,59,1834.184929,active
2026-05-12T11:28:32.318099+00:00,5-0m5LUhiCc,UCuhw3KIv3wM14By2-LcxDGw,El Consejero,2026-05-05T03:55:56+00:00,7.314309,3247,59,443.924368,active
2026-05-12T11:28:32.318099+00:00,PbH29W90aw4,UCl5-lvQyfILb-l2abPk4Ntg,Inteligencia Artificial,2026-05-05T12:52:48+00:00,6.941485,3434,58,494.706824,early
2026-05-12T11:28:32.318099+00:00,S3vzcn9ZhrA,UCl5-lvQyfILb-l2abPk4Ntg,Inteligencia Artificial,2026-05-07T12:32:47+00:00,4.955386,4273,57,862.294078,early
2026-05-12T11:28:32.318099+00:00,8t5AQRV_tHo,UCjSVqRtdOsxQDss_pJpp_Yg,COMPUESTOS Podcast,2026-05-11T02:20:01+00:00,1.380918,116,57,84.002091,early
2026-05-12T11:28:32.318099+00:00,nOR-IY0SnEY,UCRDQzsHtx2cXvzEXnEhbxBg,Mister Krax,2026-04-23T21:10:37+00:00,18.595779,42020,56,2259.65258,active
2026-05-12T11:28:32.318099+00:00,0SSctcuOy0o,UCb8GKeOvI7WsFUkB4UVAeXA,Cordura Artificial,2026-04-26T22:46:02+00:00,15.529518,24727,56,1592.258047,active
2026-05-12T11:28:32.318099+00:00,Lnhy0tZ8SUI,UCUyDOdBWhC1MCxEjC46d-zw,Alex Hormozi,2026-04-29T03:00:00+00:00,13.353152,60972,56,4566.11293,active
2026-05-12T11:28:32.318099+00:00,bM3ojc2bhdA,UC30ajuhy8cViP2DiM1QLjmg,98grados,2026-04-29T00:30:25+00:00,13.457029,2789,56,207.252284,active
2026-05-12T11:28:32.318099+00:00,t4S8XOHv1jg,UC55-mxUj5Nj3niXFReG44OQ,Platzi,2026-05-03T15:14:21+00:00,8.843187,24915,56,2817.423176,active
2026-05-12T11:28:32.318099+00:00,5ymn2oV1Zls,UCPgVPrgqpALC1s2e63fgKyg,elWacky,2026-04-21T20:00:04+00:00,20.644772,306282,55,14835.814123,active
2026-05-12T11:28:32.318099+00:00,nbHMeopNtDg,UCUyDOdBWhC1MCxEjC46d-zw,Alex Hormozi,2026-04-29T23:00:00+00:00,12.519818,21784,55,1739.961396,active
2026-05-12T11:28:32.318099+00:00,fvtE4TCiMa0,UC3nwmvE2aDzUSJ4evQ1NhoA,IA Innova,2026-05-05T18:45:02+00:00,6.696879,6005,55,896.686352,early
2026-05-12T11:28:32.318099+00:00,zyJ1yZwX_tE,UCUyDOdBWhC1MCxEjC46d-zw,Alex Hormozi,2026-04-27T19:00:00+00:00,14.686485,47285,54,3219.626752,active
2026-05-12T11:28:32.318099+00:00,S3JuEF7RQ5k,UC5PwIMtLiIBCBhsu8f_-6UQ,Santiago Bilinkis,2026-04-24T18:33:02+00:00,17.705212,66288,54,3743.98228,active
2026-05-12T11:28:32.318099+00:00,OkVrrVAG9yg,UCRDQzsHtx2cXvzEXnEhbxBg,Mister Krax,2026-04-24T01:00:06+00:00,18.436416,33630,53,1824.107245,active
2026-05-12T11:28:32.318099+00:00,Lc4kaEMcYPQ,UC30ajuhy8cViP2DiM1QLjmg,98grados,2026-05-05T17:26:17+00:00,6.751566,13719,53,2031.973027,early
2026-05-12T11:28:32.318099+00:00,uvfU2B8b4G4,UCDOSaJ0pnglwzfkR6fYbisA,Luis Mi Negocios,2026-04-24T16:01:38+00:00,17.810351,50495,52,2835.149066,active
2026-05-12T11:28:32.318099+00:00,0IGNbK4bbXA,UCHMSzZaVrEjK35aYK3J7Htw,Pequeño Cerdo Capitalista,2026-04-23T22:01:00+00:00,18.560791,17193,52,926.307505,active
2026-05-12T11:28:32.318099+00:00,uWOLkr7S47A,UCUyDOdBWhC1MCxEjC46d-zw,Alex Hormozi,2026-04-22T11:00:00+00:00,20.019818,76308,51,3811.623063,active
2026-05-12T11:28:32.318099+00:00,fQK8Lx-oRIU,UCPTlwyaEoJOVyvDLzHagzNQ,WATOP,2026-04-25T17:00:00+00:00,16.769818,17044,51,1016.34973,active
2026-05-12T11:28:32.318099+00:00,5fKeNMp7F6s,UCUyDOdBWhC1MCxEjC46d-zw,Alex Hormozi,2026-04-28T15:00:00+00:00,13.853152,27755,51,2003.515157,active
2026-05-12T11:28:32.318099+00:00,LK1OJ-izQfQ,UCUyDOdBWhC1MCxEjC46d-zw,Alex Hormozi,2026-04-30T19:00:00+00:00,11.686485,25065,51,2144.785194,active
2026-05-12T11:28:32.318099+00:00,AVyYMXc_t9s,UCEK0oX3X2yK9y27khCsrNKg,Mis Propias Finanzas,2026-04-28T01:43:59+00:00,14.405941,8766,50,608.498952,active
2026-05-12T11:28:32.318099+00:00,XV4eV0wnx-c,UCoOae5nYA7VqaXzerajD0lg,Ali Abdaal,2026-04-26T10:00:57+00:00,16.060825,21391,50,1331.874297,active
2026-05-12T11:28:32.318099+00:00,1X8BPKi1kP8,UCm5iBOcQ0GET_2FqFI61QDA,Cara Nicole,2026-05-01T20:27:05+00:00,10.626011,12038,50,1132.880438,active
2026-05-12T11:28:32.318099+00:00,rXhoGMAeoS8,UCl5-lvQyfILb-l2abPk4Ntg,Inteligencia Artificial,2026-05-06T16:02:32+00:00,5.809726,3431,50,590.561414,early
2026-05-12T11:28:32.318099+00:00,QduEFho6dLg,UCEK0oX3X2yK9y27khCsrNKg,Mis Propias Finanzas,2026-04-21T01:24:32+00:00,21.419448,9565,48,446.556793,active
2026-05-12T11:28:32.318099+00:00,K38w2QlgHPQ,UC5PwIMtLiIBCBhsu8f_-6UQ,Santiago Bilinkis,2026-04-27T18:07:13+00:00,14.72314,13159,48,893.763151,active
2026-05-12T11:28:32.318099+00:00,q_ynGwBIxLk,UCl5-lvQyfILb-l2abPk4Ntg,Inteligencia Artificial,2026-05-04T13:31:30+00:00,7.91461,8688,48,1097.716754,active
2026-05-12T11:28:32.318099+00:00,iR6FvFoW0F4,UC5mQQ4Ur6oA8lsGFkvH2lyg,Noche De Chicxs,2026-05-03T17:01:02+00:00,8.769101,19421,48,2214.708212,active
2026-05-12T11:28:32.318099+00:00,Z1Ac2v8mULM,UCF0L4jd9LcSIxsj5gKITMqQ,Jaime Higuera,2026-05-05T20:00:18+00:00,6.64461,13115,48,1973.780252,early
2026-05-12T11:28:32.318099+00:00,9361MUAmA24,UCLYoURyGHMUuQ5YrfX55PWg,Aprendiz Financiero,2026-04-22T12:08:10+00:00,19.972481,16146,47,808.412335,active
2026-05-12T11:28:32.318099+00:00,9dIy1d0jmXw,UCYZLVhSSwdBllvn4tw5a4uQ,Rob Paper Sheet,2026-04-22T00:20:58+00:00,20.463592,12390,47,605.465551,active
2026-05-12T11:28:32.318099+00:00,Hs6RxFMX1i4,UCUyDOdBWhC1MCxEjC46d-zw,Alex Hormozi,2026-04-28T05:00:00+00:00,14.269818,23431,47,1641.997116,active
2026-05-12T11:28:32.318099+00:00,Xk3cJMA7UhE,UCQIUhtP5WYIx_pMG8UvMYHg,Cristina Dayz ,2026-05-03T15:00:47+00:00,8.852608,4936,47,557.575801,active
2026-05-12T11:28:32.318099+00:00,pe_HkAV9yJM,UC5PwIMtLiIBCBhsu8f_-6UQ,Santiago Bilinkis,2026-04-21T17:05:20+00:00,20.766115,14522,46,699.312317,active
2026-05-12T11:28:32.318099+00:00,lWQY5zccbQs,UCUyDOdBWhC1MCxEjC46d-zw,Alex Hormozi,2026-04-28T23:00:00+00:00,13.519818,25891,46,1915.040572,active
2026-05-12T11:28:32.318099+00:00,TEB02AXYfmw,UC5mQQ4Ur6oA8lsGFkvH2lyg,Noche De Chicxs,2026-05-07T22:42:35+00:00,4.531913,1402,46,309.361632,early
2026-05-12T11:28:32.318099+00:00,jwD3VeaU_ng,UCdfnfXWCGkBAx2cN2l-4u2w,Semo Historia,2026-05-08T15:05:25+00:00,3.84939,1579,46,410.194862,early
2026-05-12T11:28:32.318099+00:00,AxHTi--S-sU,UCP15FVAA2UL-QOcGhy7-ezA,EDteam,2026-04-22T21:22:48+00:00,19.587318,37520,45,1915.525137,active
2026-05-12T11:28:32.318099+00:00,CzIJ566XexE,UCyM-2pRapEv6V2q7UNO9icg,Emprende Aprendiendo,2026-04-28T16:30:04+00:00,13.790606,12536,45,909.024593,active
2026-05-12T11:28:32.318099+00:00,uHXjo7DUAAM,UCUyDOdBWhC1MCxEjC46d-zw,Alex Hormozi,2026-04-29T07:00:00+00:00,13.186485,14899,45,1129.868953,active
2026-05-12T11:28:32.318099+00:00,7IL0scdhgJA,UCm5iBOcQ0GET_2FqFI61QDA,Cara Nicole,2026-04-30T21:17:37+00:00,11.590918,7760,45,669.489681,active
2026-05-12T11:28:32.318099+00:00,tFD4653hJYE,UCl5-lvQyfILb-l2abPk4Ntg,Inteligencia Artificial,2026-05-04T10:23:32+00:00,8.045143,8665,45,1077.047356,active
2026-05-12T11:28:32.318099+00:00,UszcZZ1QZho,UCLYoURyGHMUuQ5YrfX55PWg,Aprendiz Financiero,2026-04-26T12:38:09+00:00,15.951659,25805,44,1617.700077,active
2026-05-12T11:28:32.318099+00:00,664cs6FZEZo,UCUyDOdBWhC1MCxEjC46d-zw,Alex Hormozi,2026-04-23T19:00:00+00:00,18.686485,70681,44,3782.466312,active
2026-05-12T11:28:32.318099+00:00,xUWqMdypNsM,UC5PwIMtLiIBCBhsu8f_-6UQ,Santiago Bilinkis,2026-04-23T17:13:30+00:00,18.760443,14333,44,764.001149,active
2026-05-12T11:28:32.318099+00:00,MYHiaHDLDB8,UCvPGx8qh8AkrFZW06tESvaA,Dot Dager,2026-05-03T01:09:57+00:00,9.429575,6094,44,646.264545,active
2026-05-12T11:28:32.318099+00:00,3lUxnG8nKC0,UCHMSzZaVrEjK35aYK3J7Htw,Pequeño Cerdo Capitalista,2026-05-05T22:02:29+00:00,6.559761,3142,44,478.980865,early
2026-05-12T11:28:32.318099+00:00,pTWhfAY5kSk,UCEK0oX3X2yK9y27khCsrNKg,Mis Propias Finanzas,2026-05-07T14:21:14+00:00,4.880073,5005,44,1025.599412,early
2026-05-12T11:28:32.318099+00:00,5Z4z2oEoxw8,UCQIUhtP5WYIx_pMG8UvMYHg,Cristina Dayz ,2026-04-23T14:00:15+00:00,18.894645,29845,43,1579.548068,active
2026-05-12T11:28:32.318099+00:00,JbjnuF8OiZc,UCX9NJ471o7Wie1DQe94RVIg,Fazt,2026-05-03T21:58:18+00:00,8.562666,13882,43,1621.224044,active
2026-05-12T11:28:32.318099+00:00,_O6ICkmg1Zg,UCyM-2pRapEv6V2q7UNO9icg,Emprende Aprendiendo,2026-04-27T16:30:12+00:00,14.790513,11777,42,796.253653,active
2026-05-12T11:28:32.318099+00:00,ftk4VdOcaj8,UC30ajuhy8cViP2DiM1QLjmg,98grados,2026-05-01T21:45:17+00:00,10.571705,17533,42,1658.48366,active
2026-05-12T11:28:32.318099+00:00,0lt4j7GTtGU,UCuhw3KIv3wM14By2-LcxDGw,El Consejero,2026-05-03T03:33:26+00:00,9.329934,2929,42,313.935768,active
2026-05-12T11:28:32.318099+00:00,BHCpoVaQyyw,UCF0L4jd9LcSIxsj5gKITMqQ,Jaime Higuera,2026-05-05T17:30:08+00:00,6.748893,8467,42,1254.576121,early
2026-05-12T11:28:32.318099+00:00,ASMDfvp7HM4,UCP7PV59jal4PobLeo5cSG_Q,Santiago Amat,2026-05-07T19:40:29+00:00,4.658372,1829,42,392.626437,early
2026-05-12T11:28:32.318099+00:00,cnCEUFzWspI,UCUyDOdBWhC1MCxEjC46d-zw,Alex Hormozi,2026-04-28T03:00:00+00:00,14.353152,46463,41,3237.128681,active
2026-05-12T11:28:32.318099+00:00,ieJE93iObcI,UCuhw3KIv3wM14By2-LcxDGw,El Consejero,2026-04-28T03:56:57+00:00,14.313603,3843,41,268.485859,active
2026-05-12T11:28:32.318099+00:00,LkRVMOzUypo,UCUyDOdBWhC1MCxEjC46d-zw,Alex Hormozi,2026-04-30T05:00:00+00:00,12.269818,13197,41,1075.566076,active
2026-05-12T11:28:32.318099+00:00,LDQnGP6iSH4,UC3nwmvE2aDzUSJ4evQ1NhoA,IA Innova,2026-05-01T18:45:00+00:00,10.696902,10973,41,1025.811025,active
2026-05-12T11:28:32.318099+00:00,nnUFM61waQU,UCxFACDJ98idvo9Gq9M9AQgg,Moris Dieck | Finanzas e Inversiones ,2026-05-04T22:00:53+00:00,7.560872,5860,41,775.042879,active
2026-05-12T11:28:32.318099+00:00,TLdMXZSABH8,UCP15FVAA2UL-QOcGhy7-ezA,EDteam,2026-04-30T01:35:54+00:00,12.411555,11684,40,941.380834,active
2026-05-12T11:28:32.318099+00:00,shgZ8WYcC6k,UCUyDOdBWhC1MCxEjC46d-zw,Alex Hormozi,2026-04-29T11:00:00+00:00,13.019818,25141,40,1930.979373,active
2026-05-12T11:28:32.318099+00:00,rr8ZpzHcZJc,UCF0L4jd9LcSIxsj5gKITMqQ,Jaime Higuera,2026-05-02T20:36:14+00:00,9.619656,9700,40,1008.352066,active
2026-05-12T11:28:32.318099+00:00,az3VKD9_H7Y,UC4FHiPgS1KXkUMx3dxBUtPg,HolaMundo,2026-05-03T14:00:04+00:00,8.894772,8774,40,986.422137,active
2026-05-12T11:28:32.318099+00:00,SnqFU1SppX8,UC5mQQ4Ur6oA8lsGFkvH2lyg,Noche De Chicxs,2026-05-05T21:00:25+00:00,6.602862,2122,40,321.375791,early
2026-05-12T11:28:32.318099+00:00,DDUq10BCIHc,UCiqJoWIT-vm-hJoXilFGiUQ,Inversión Inteligente - Alain Cortés,2026-05-06T19:00:00+00:00,5.686485,449,39,78.959146,early
2026-05-12T11:28:32.318099+00:00,9R7IaubJFhA,UCP15FVAA2UL-QOcGhy7-ezA,EDteam,2026-04-22T18:34:26+00:00,19.70424,10851,38,550.693658,active
2026-05-12T11:28:32.318099+00:00,f1rK6WfCjCQ,UCoOae5nYA7VqaXzerajD0lg,Ali Abdaal,2026-04-22T10:01:19+00:00,20.060571,37774,38,1882.997249,active
2026-05-12T11:28:32.318099+00:00,mYxbmWCkImc,UCEK0oX3X2yK9y27khCsrNKg,Mis Propias Finanzas,2026-05-05T17:03:50+00:00,6.767156,3893,38,575.278596,early
2026-05-12T11:28:32.318099+00:00,-lDwUYFl7Iw,UCF0L4jd9LcSIxsj5gKITMqQ,Jaime Higuera,2026-05-05T18:30:01+00:00,6.707307,6951,38,1036.332465,early
2026-05-12T11:28:32.318099+00:00,M_FKC2NTb24,UCxFACDJ98idvo9Gq9M9AQgg,Moris Dieck | Finanzas e Inversiones ,2026-04-26T20:00:10+00:00,15.644703,27539,37,1760.276306,active
2026-05-12T11:28:32.318099+00:00,v8z-clVwRxM,UC9WGON3pXofvE958Uq3Lw3Q,Exito Financiero,2026-04-23T21:14:38+00:00,18.59299,34140,37,1836.175892,active
2026-05-12T11:28:32.318099+00:00,ZjtJALByo70,UC55-mxUj5Nj3niXFReG44OQ,Platzi,2026-04-27T16:08:20+00:00,14.805698,11483,37,775.57978,active
2026-05-12T11:28:32.318099+00:00,uay_qpfTJOE,UC55-mxUj5Nj3niXFReG44OQ,Platzi,2026-04-24T19:12:23+00:00,17.677886,5277,37,298.508543,active
2026-05-12T11:28:32.318099+00:00,XyFrfcsbDGY,UCPTlwyaEoJOVyvDLzHagzNQ,WATOP,2026-04-21T17:00:00+00:00,20.769818,57728,36,2779.417711,active
2026-05-12T11:28:32.318099+00:00,lE7rIBv-nV8,UCUyDOdBWhC1MCxEjC46d-zw,Alex Hormozi,2026-04-29T05:00:00+00:00,13.269818,18460,36,1391.126841,active
2026-05-12T11:28:32.318099+00:00,6Np0FPnWdMs,UCP15FVAA2UL-QOcGhy7-ezA,EDteam,2026-04-21T18:10:38+00:00,20.720768,20128,35,971.392566,active
2026-05-12T11:28:32.318099+00:00,Xy09nfcwZ3E,UC5mQQ4Ur6oA8lsGFkvH2lyg,Noche De Chicxs,2026-04-26T17:00:40+00:00,15.769356,34853,35,2210.172692,active
2026-05-12T11:28:32.318099+00:00,3skIuC1lP00,UCOvzFyIAr32yspwxx77BHcQ,Rob Paper Clips,2026-04-26T21:20:03+00:00,15.589228,14187,35,910.051479,active
2026-05-12T11:28:32.318099+00:00,51dULrDA8E8,UCDOSaJ0pnglwzfkR6fYbisA,Luis Mi Negocios,2026-04-28T16:00:14+00:00,13.811323,18523,35,1341.145957,active
2026-05-12T11:28:32.318099+00:00,W4BkgA1P27o,UC3nwmvE2aDzUSJ4evQ1NhoA,IA Innova,2026-04-30T18:45:01+00:00,11.69689,11587,35,990.605195,active
2026-05-12T11:28:32.318099+00:00,k0ZYVWoVWAc,UCEK0oX3X2yK9y27khCsrNKg,Mis Propias Finanzas,2026-04-25T11:01:21+00:00,17.018881,20595,34,1210.126565,active
2026-05-12T11:28:32.318099+00:00,N14hiQw7Wdk,UCiqJoWIT-vm-hJoXilFGiUQ,Inversión Inteligente - Alain Cortés,2026-04-27T19:00:00+00:00,14.686485,2921,34,198.89034,active
2026-05-12T11:28:32.318099+00:00,bbhBRpDlFHE,UCm5iBOcQ0GET_2FqFI61QDA,Cara Nicole,2026-05-04T15:18:37+00:00,7.840224,4260,34,543.351823,active
2026-05-12T11:28:32.318099+00:00,SoTjeq4cQZw,UCvPGx8qh8AkrFZW06tESvaA,Dot Dager,2026-05-03T16:22:12+00:00,8.796068,3990,34,453.611773,active
2026-05-12T11:28:32.318099+00:00,Y5aoOsl-r00,UCEK0oX3X2yK9y27khCsrNKg,Mis Propias Finanzas,2026-05-07T19:38:50+00:00,4.659518,2183,34,468.503395,early
2026-05-12T11:28:32.318099+00:00,jq7ocNZXg_s,UCUyDOdBWhC1MCxEjC46d-zw,Alex Hormozi,2026-04-22T05:00:00+00:00,20.269818,25601,33,1263.010847,active
2026-05-12T11:28:32.318099+00:00,oOLYgK6RqS4,UCP7PV59jal4PobLeo5cSG_Q,Santiago Amat,2026-04-28T18:23:09+00:00,13.712075,4510,33,328.907186,active
2026-05-12T11:28:32.318099+00:00,0Pz4RIvTg_Y,UCOD6LXgeBoeiUZTsPLdG-0g,Vida MRR - Programacion web,2026-05-07T23:00:04+00:00,4.519772,1220,33,269.92512,early
2026-05-12T11:28:32.318099+00:00,sQoa8y7eN-8,UCLYoURyGHMUuQ5YrfX55PWg,Aprendiz Financiero,2026-04-21T12:15:17+00:00,20.967538,9220,32,439.727354,active
2026-05-12T11:28:32.318099+00:00,0ShXZN7aHqA,UCP15FVAA2UL-QOcGhy7-ezA,EDteam,2026-04-27T22:20:58+00:00,14.546925,7635,32,524.853191,active
2026-05-12T11:28:32.318099+00:00,5BbGrGFI2gQ,UCRDQzsHtx2cXvzEXnEhbxBg,Mister Krax,2026-04-27T05:33:45+00:00,15.246381,14405,32,944.814379,active
2026-05-12T11:28:32.318099+00:00,siKdeoxrxIA,UCxFACDJ98idvo9Gq9M9AQgg,Moris Dieck | Finanzas e Inversiones ,2026-04-29T01:00:51+00:00,13.435895,18508,32,1377.504067,active
2026-05-12T11:28:32.318099+00:00,RPePcFJDNds,UCsmEAwbV7WbYndpQKbY4Ntw,Juan Villalvazo,2026-05-01T14:00:00+00:00,10.894818,2616,32,240.114153,active
2026-05-12T11:28:32.318099+00:00,rg1PhRvmFXk,UCDnUOd6PIlQAL9bPUTf9BkQ,Sapiencia práctica,2026-04-23T17:00:00+00:00,18.769818,4203,31,223.923322,active
2026-05-12T11:28:32.318099+00:00,s2NSwy8xraQ,UCtoo4_P6ilCj7jwa4FmA5lQ,Soy Dalto,2026-04-30T22:01:08+00:00,11.560698,11663,31,1008.84912,active
2026-05-12T11:28:32.318099+00:00,HWAFdvN-agY,UCF0L4jd9LcSIxsj5gKITMqQ,Jaime Higuera,2026-05-07T19:00:27+00:00,4.686173,5490,31,1171.531653,early
2026-05-12T11:28:32.318099+00:00,rhVEOqNhjKo,UCUyDOdBWhC1MCxEjC46d-zw,Alex Hormozi,2026-04-27T11:00:00+00:00,15.019818,34103,30,2270.533504,active
2026-05-12T11:28:32.318099+00:00,n16KlvFN28c,UCdNnEDbRWhanA1O8zhCn3ZA,Omar - Educación Financiera,2026-04-21T18:51:29+00:00,20.6924,23333,30,1127.61207,active
2026-05-12T11:28:32.318099+00:00,EnLpF9i3I4I,UC9mrBfjgyOsqJ0J-zw7kZLQ,Atherion,2026-04-27T06:11:44+00:00,15.220004,6826,30,448.488713,active
2026-05-12T11:28:32.318099+00:00,4RmcHqjzw-A,UCOQEA3qmyzFmJdi6Z137yrA,Monitor fantasma,2026-04-23T12:00:17+00:00,18.977955,12376,30,652.125058,active
2026-05-12T11:28:32.318099+00:00,utvh4HJcx14,UCOD6LXgeBoeiUZTsPLdG-0g,Vida MRR - Programacion web,2026-05-09T15:10:27+00:00,2.845895,596,30,209.424452,early
2026-05-12T11:28:32.318099+00:00,7m9uIc31Egw,UCEK0oX3X2yK9y27khCsrNKg,Mis Propias Finanzas,2026-04-23T22:00:19+00:00,18.561265,7071,29,380.954639,active
2026-05-12T11:28:32.318099+00:00,_BHe9R7pYNw,UCQIUhtP5WYIx_pMG8UvMYHg,Cristina Dayz ,2026-04-26T15:01:01+00:00,15.852446,8417,29,530.959071,active
2026-05-12T11:28:32.318099+00:00,87jnYKGVetM,UCUyDOdBWhC1MCxEjC46d-zw,Alex Hormozi,2026-04-27T23:00:00+00:00,14.519818,31756,29,2187.079755,active
2026-05-12T11:28:32.318099+00:00,IQZiAOokKXo,UCUyDOdBWhC1MCxEjC46d-zw,Alex Hormozi,2026-04-26T19:00:00+00:00,15.686485,30513,29,1945.177648,active
2026-05-12T11:28:32.318099+00:00,x3P8Zqux4A4,UCUyDOdBWhC1MCxEjC46d-zw,Alex Hormozi,2026-04-26T15:00:00+00:00,15.853152,59536,29,3755.467682,active
2026-05-12T11:28:32.318099+00:00,7vdW8a6jEfw,UCUyDOdBWhC1MCxEjC46d-zw,Alex Hormozi,2026-04-26T11:00:00+00:00,16.019818,38706,29,2416.132318,active
2026-05-12T11:28:32.318099+00:00,Zqmsoqo2fJs,UCyM-2pRapEv6V2q7UNO9icg,Emprende Aprendiendo,2026-04-26T17:20:57+00:00,15.75527,5100,29,323.701212,active
2026-05-12T11:28:32.318099+00:00,CF4oRpaLSqw,UCbUYAYd1WUznxEEl498z7vA,Woshingo Streams,2026-04-28T05:19:21+00:00,14.256381,7106,29,498.443469,active
2026-05-12T11:28:32.318099+00:00,em-cVkkWtZo,UCbUYAYd1WUznxEEl498z7vA,Woshingo Streams,2026-05-04T21:00:48+00:00,7.602596,2352,29,309.368011,active
2026-05-12T11:28:32.318099+00:00,UN6X2Jj-qrQ,UCLYoURyGHMUuQ5YrfX55PWg,Aprendiz Financiero,2026-04-23T12:15:03+00:00,18.9677,10183,28,536.86003,active
2026-05-12T11:28:32.318099+00:00,lvw8Fe5wcBo,UCP15FVAA2UL-QOcGhy7-ezA,EDteam,2026-04-27T15:00:15+00:00,14.852978,13515,28,909.918536,active
2026-05-12T11:28:32.318099+00:00,1a5xOhqvm-I,UCoOae5nYA7VqaXzerajD0lg,Ali Abdaal,2026-04-24T10:00:04+00:00,18.061439,13724,28,759.850862,active
2026-05-12T11:28:32.318099+00:00,Zu3g28TTetU,UC55-mxUj5Nj3niXFReG44OQ,Platzi,2026-04-23T14:00:55+00:00,18.894182,49989,28,2645.735073,active
2026-05-12T11:28:32.318099+00:00,woNfdYrmVGw,UCyM-2pRapEv6V2q7UNO9icg,Emprende Aprendiendo,2026-04-23T16:30:33+00:00,18.79027,10943,28,582.375879,active
2026-05-12T11:28:32.318099+00:00,sujVZ7316qo,UCyM-2pRapEv6V2q7UNO9icg,Emprende Aprendiendo,2026-04-22T16:30:24+00:00,19.790374,17609,28,889.776009,active
2026-05-12T11:28:32.318099+00:00,yXl7MRLoxrM,UCm5iBOcQ0GET_2FqFI61QDA,Cara Nicole,2026-04-30T01:48:18+00:00,12.402943,9071,28,731.358678,active
2026-05-12T11:28:32.318099+00:00,f0ukpT07u2c,UCF0L4jd9LcSIxsj5gKITMqQ,Jaime Higuera,2026-05-02T21:45:02+00:00,9.571879,14779,28,1544.001967,active
2026-05-12T11:28:32.318099+00:00,gGvkfd-LiKA,UCP15FVAA2UL-QOcGhy7-ezA,EDteam,2026-04-23T21:03:27+00:00,18.600756,12448,27,669.220111,active
2026-05-12T11:28:32.318099+00:00,0YCyZKuGPmA,UC9mrBfjgyOsqJ0J-zw7kZLQ,Atherion,2026-04-23T23:30:33+00:00,18.498603,8749,27,472.954633,active
2026-05-12T11:28:32.318099+00:00,qGa8y4tPUkc,UC2RIppRBTTa6JBY-Zwv6lQw,El Maikini Dev,2026-04-22T13:01:36+00:00,19.935374,4333,27,217.352331,active
2026-05-12T11:28:32.318099+00:00,A83vXatD6sY,UCl5-lvQyfILb-l2abPk4Ntg,Inteligencia Artificial,2026-04-29T14:10:16+00:00,12.887689,10993,27,852.984581,active
2026-05-12T11:28:32.318099+00:00,_88DyxJqY-4,UC9WGON3pXofvE958Uq3Lw3Q,Exito Financiero,2026-05-01T22:03:37+00:00,10.558974,2828,27,267.829052,active
2026-05-12T11:28:32.318099+00:00,evVs-Jtor50,UCqcbQf6yw5KzRoDDcZ_wBSw,Wes Roth,2026-04-24T05:27:54+00:00,18.250443,59879,26,3280.961454,active
2026-05-12T11:28:32.318099+00:00,vg9owOLbmvA,UCP7PV59jal4PobLeo5cSG_Q,Santiago Amat,2026-05-03T19:03:02+00:00,8.684379,2107,26,242.619536,active
2026-05-12T11:28:32.318099+00:00,r2choiRm7k8,UCbUYAYd1WUznxEEl498z7vA,Woshingo Streams,2026-05-05T06:49:36+00:00,7.193707,5012,26,696.720064,active
2026-05-12T11:28:32.318099+00:00,myMj_ZfZ_xI,UCUyDOdBWhC1MCxEjC46d-zw,Alex Hormozi,2026-04-27T09:00:00+00:00,15.103152,46795,25,3098.359866,active
2026-05-12T11:28:32.318099+00:00,vrW0swCG3Kg,UCUyDOdBWhC1MCxEjC46d-zw,Alex Hormozi,2026-04-22T23:00:00+00:00,19.519818,31791,25,1628.65248,active
2026-05-12T11:28:32.318099+00:00,R6VQrYkJf74,UCP15FVAA2UL-QOcGhy7-ezA,EDteam,2026-04-21T21:00:33+00:00,20.60277,20218,25,981.324356,active
2026-05-12T11:28:32.318099+00:00,2FdfXwODkr4,UCyM-2pRapEv6V2q7UNO9icg,Emprende Aprendiendo,2026-04-25T19:05:51+00:00,16.682423,26809,25,1607.020755,active
2026-05-12T11:28:32.318099+00:00,WfDXOW1dNo4,UCF0L4jd9LcSIxsj5gKITMqQ,Jaime Higuera,2026-05-05T18:00:34+00:00,6.727758,12476,25,1854.406773,early
2026-05-12T11:28:32.318099+00:00,cQtG3e89OlU,UCF0L4jd9LcSIxsj5gKITMqQ,Jaime Higuera,2026-05-08T14:01:08+00:00,3.894031,2765,25,710.061117,early
2026-05-12T11:28:32.318099+00:00,fHes8kAGJHs,UCUyDOdBWhC1MCxEjC46d-zw,Alex Hormozi,2026-04-22T03:00:00+00:00,20.353152,39569,24,1944.121481,active
2026-05-12T11:28:32.318099+00:00,6AKlPLtjBR8,UC55-mxUj5Nj3niXFReG44OQ,Platzi,2026-04-27T18:53:27+00:00,14.691034,16388,24,1115.510317,active
2026-05-12T11:28:32.318099+00:00,hrIY-clbdg8,UCqcbQf6yw5KzRoDDcZ_wBSw,Wes Roth,2026-04-21T05:12:58+00:00,21.260814,82762,24,3892.70138,active
2026-05-12T11:28:32.318099+00:00,Um1DSnUqmko,UCl5-lvQyfILb-l2abPk4Ntg,Inteligencia Artificial,2026-04-28T12:14:40+00:00,13.967967,11639,24,833.26371,active
2026-05-12T11:28:32.318099+00:00,YY99Gla0v4E,UCuhw3KIv3wM14By2-LcxDGw,El Consejero,2026-05-01T03:27:16+00:00,11.334217,2237,24,197.366964,active
2026-05-12T11:28:32.318099+00:00,4LJ6dmvKxc8,UCdfnfXWCGkBAx2cN2l-4u2w,Semo Historia,2026-05-07T16:07:08+00:00,4.806531,1423,24,296.055513,early
2026-05-12T11:28:32.318099+00:00,BnAKfe0qGbE,UCP15FVAA2UL-QOcGhy7-ezA,EDteam,2026-04-28T21:58:57+00:00,13.562214,13288,23,979.78103,active
2026-05-12T11:28:32.318099+00:00,_Amk2MbBD_U,UCBBWpss2iXVXtTzl7-4eWbg,Jessica Fernández García,2026-05-06T19:18:24+00:00,5.673707,2607,23,459.48795,early
2026-05-12T11:28:32.318099+00:00,wJwQm_aqC8U,UCUyDOdBWhC1MCxEjC46d-zw,Alex Hormozi,2026-04-26T09:00:00+00:00,16.103152,26868,22,1668.493224,active
2026-05-12T11:28:32.318099+00:00,0moz0GJcIHg,UCUyDOdBWhC1MCxEjC46d-zw,Alex Hormozi,2026-04-23T05:00:00+00:00,19.269818,28509,22,1479.463895,active
2026-05-12T11:28:32.318099+00:00,pVXm6lt1F7w,UCF0L4jd9LcSIxsj5gKITMqQ,Jaime Higuera,2026-04-27T19:00:43+00:00,14.685987,21279,22,1448.932237,active
2026-05-12T11:28:32.318099+00:00,iaT6-gjxQbo,UC9mrBfjgyOsqJ0J-zw7kZLQ,Atherion,2026-04-29T22:23:09+00:00,12.545409,2690,22,214.421068,active
2026-05-12T11:28:32.318099+00:00,PDQ3laPc--4,UCF0L4jd9LcSIxsj5gKITMqQ,Jaime Higuera,2026-05-04T13:30:26+00:00,7.915351,10781,22,1362.036883,active
2026-05-12T11:28:32.318099+00:00,1THq9IwaDm0,UCF0L4jd9LcSIxsj5gKITMqQ,Jaime Higuera,2026-05-06T16:30:01+00:00,5.79064,6334,22,1093.834188,early
2026-05-12T11:28:32.318099+00:00,DB1fSfulSJQ,UCUyDOdBWhC1MCxEjC46d-zw,Alex Hormozi,2026-04-25T15:00:00+00:00,16.853152,62181,21,3689.576882,active
2026-05-12T11:28:32.318099+00:00,HgD5P0gQxOk,UCyM-2pRapEv6V2q7UNO9icg,Emprende Aprendiendo,2026-04-24T18:03:11+00:00,17.725941,12429,21,701.175751,active
2026-05-12T11:28:32.318099+00:00,NAooB35YkHA,UC3nwmvE2aDzUSJ4evQ1NhoA,IA Innova,2026-04-28T18:45:01+00:00,13.69689,5767,21,421.044485,active
2026-05-12T11:28:32.318099+00:00,8CpQzf_RYb4,UCxFACDJ98idvo9Gq9M9AQgg,Moris Dieck | Finanzas e Inversiones ,2026-05-01T20:00:05+00:00,10.644761,5757,21,540.829428,active
2026-05-12T11:28:32.318099+00:00,4xed6CNu0j8,UC5mQQ4Ur6oA8lsGFkvH2lyg,Noche De Chicxs,2026-05-04T14:43:35+00:00,7.864552,4760,21,605.247444,active
2026-05-12T11:28:32.318099+00:00,Rpw1_eKZCEA,UCP7PV59jal4PobLeo5cSG_Q,Santiago Amat,2026-05-04T22:26:29+00:00,7.543094,1949,21,258.382038,active
2026-05-12T11:28:32.318099+00:00,1buIx1jeQXg,UCEK0oX3X2yK9y27khCsrNKg,Mis Propias Finanzas,2026-05-06T17:05:24+00:00,5.766068,3000,21,520.285227,early
2026-05-12T11:28:32.318099+00:00,FIEGmya_S3Y,UCiqJoWIT-vm-hJoXilFGiUQ,Inversión Inteligente - Alain Cortés,2026-05-07T02:00:00+00:00,5.394818,581,21,107.695941,early
2026-05-12T11:28:32.318099+00:00,PCAPjDDY-h4,UC1viRct91s1a3Z5yvk7FJXw,Diego Ruzzarin,2026-04-22T19:08:26+00:00,19.680629,65572,20,3331.80408,active
2026-05-12T11:28:32.318099+00:00,vm8Yn0BN-TQ,UCbUYAYd1WUznxEEl498z7vA,Woshingo Streams,2026-04-25T06:17:42+00:00,17.21586,6288,20,365.244606,active
2026-05-12T11:28:32.318099+00:00,HyTkdC8bhCg,UCbUYAYd1WUznxEEl498z7vA,Woshingo Streams,2026-04-22T05:23:07+00:00,20.253765,5953,20,293.920661,active
2026-05-12T11:28:32.318099+00:00,f2fDaAMvlV4,UC5mQQ4Ur6oA8lsGFkvH2lyg,Noche De Chicxs,2026-04-30T00:00:44+00:00,12.477643,12438,20,996.822878,active
2026-05-12T11:28:32.318099+00:00,3GUtClCifjw,UC4FHiPgS1KXkUMx3dxBUtPg,HolaMundo,2026-05-01T14:00:06+00:00,10.894749,12820,20,1176.713663,active
2026-05-12T11:28:32.318099+00:00,2AOH5hgKzpU,UCxFACDJ98idvo9Gq9M9AQgg,Moris Dieck | Finanzas e Inversiones ,2026-05-02T01:00:01+00:00,10.436474,2397,20,229.675272,active
2026-05-12T11:28:32.318099+00:00,vMnp3ptycik,UCBBWpss2iXVXtTzl7-4eWbg,Jessica Fernández García,2026-05-02T17:56:12+00:00,9.730791,8614,20,885.231221,active
2026-05-12T11:28:32.318099+00:00,qCFEWA_Nu3k,UCl5-lvQyfILb-l2abPk4Ntg,Inteligencia Artificial,2026-04-23T14:30:18+00:00,18.873777,25255,19,1338.099947,active
2026-05-12T11:28:32.318099+00:00,HOwVuamQvTc,UCEK0oX3X2yK9y27khCsrNKg,Mis Propias Finanzas,2026-04-26T15:09:05+00:00,15.846844,6679,19,421.471935,active
2026-05-12T11:28:32.318099+00:00,I-rogofBX8c,UCUyDOdBWhC1MCxEjC46d-zw,Alex Hormozi,2026-04-26T07:00:00+00:00,16.186485,26051,19,1609.429101,active
2026-05-12T11:28:32.318099+00:00,01NMf5-J_P4,UCUyDOdBWhC1MCxEjC46d-zw,Alex Hormozi,2026-04-24T05:00:00+00:00,18.269818,57765,19,3161.772055,active
2026-05-12T11:28:32.318099+00:00,wR8P970sqH8,UCUyDOdBWhC1MCxEjC46d-zw,Alex Hormozi,2026-04-23T23:00:00+00:00,18.519818,26071,19,1407.735216,active
2026-05-12T11:28:32.318099+00:00,-tzJJPnAenI,UCjSVqRtdOsxQDss_pJpp_Yg,COMPUESTOS Podcast,2026-04-27T23:30:00+00:00,14.498985,3197,19,220.498193,active
2026-05-12T11:28:32.318099+00:00,aFvAFWzCwF8,UCF0L4jd9LcSIxsj5gKITMqQ,Jaime Higuera,2026-04-21T18:32:55+00:00,20.705293,23181,19,1119.568798,active
2026-05-12T11:28:32.318099+00:00,y3HkZSayX2s,UC30ajuhy8cViP2DiM1QLjmg,98grados,2026-04-27T01:59:21+00:00,15.39527,16198,19,1052.14134,active
2026-05-12T11:28:32.318099+00:00,LDXkrlIxj8U,UCF0L4jd9LcSIxsj5gKITMqQ,Jaime Higuera,2026-05-01T19:00:30+00:00,10.686138,24167,19,2261.527972,active
2026-05-12T11:28:32.318099+00:00,u3RceRwvVaw,UCEK0oX3X2yK9y27khCsrNKg,Mis Propias Finanzas,2026-05-05T23:03:16+00:00,6.51755,2434,19,373.453215,early
2026-05-12T11:28:32.318099+00:00,gIuPUj-p2Q4,UCBBWpss2iXVXtTzl7-4eWbg,Jessica Fernández García,2026-05-06T03:46:59+00:00,6.320525,7242,19,1145.790896,early
2026-05-12T11:28:32.318099+00:00,YK5lvBU6yLs,UCEK0oX3X2yK9y27khCsrNKg,Mis Propias Finanzas,2026-05-06T17:00:50+00:00,5.76924,922,19,159.813078,early
2026-05-12T11:28:32.318099+00:00,dp2_5avL0dM,UCiqJoWIT-vm-hJoXilFGiUQ,Inversión Inteligente - Alain Cortés,2026-05-06T23:00:00+00:00,5.519818,709,19,128.446264,early
2026-05-12T11:28:32.318099+00:00,Wj8owIKaQKQ,UCUyDOdBWhC1MCxEjC46d-zw,Alex Hormozi,2026-04-23T07:00:00+00:00,19.186485,32911,18,1715.322009,active
2026-05-12T11:28:32.318099+00:00,SHPKe7pGqMk,UCbUYAYd1WUznxEEl498z7vA,Woshingo Streams,2026-04-24T06:01:26+00:00,18.227156,6783,18,372.137047,active
2026-05-12T11:28:32.318099+00:00,5cynqLNd1gA,UC9mrBfjgyOsqJ0J-zw7kZLQ,Atherion,2026-04-21T22:50:12+00:00,20.526624,5216,18,254.109005,active
2026-05-12T11:28:32.318099+00:00,pS5AOr4B7hg,UCWn_0MmgojB711LFX-jaCDQ,El Rincón Del Dev,2026-04-28T15:54:35+00:00,13.815247,3467,18,250.954616,active
2026-05-12T11:28:32.318099+00:00,Xbang1Y_jbA,UC5mQQ4Ur6oA8lsGFkvH2lyg,Noche De Chicxs,2026-04-29T00:00:41+00:00,13.477677,21489,18,1594.41423,active
2026-05-12T11:28:32.318099+00:00,KfaPxlvQx1M,UC5mQQ4Ur6oA8lsGFkvH2lyg,Noche De Chicxs,2026-04-30T23:41:49+00:00,11.490779,13431,18,1168.850258,active
2026-05-12T11:28:32.318099+00:00,neH5XN_YzW0,UCdfnfXWCGkBAx2cN2l-4u2w,Semo Historia,2026-05-06T14:36:29+00:00,5.869483,1713,18,291.848532,early
2026-05-12T11:28:32.318099+00:00,au_CNv7ZBS4,UCDOSaJ0pnglwzfkR6fYbisA,Luis Mi Negocios,2026-04-21T16:27:16+00:00,20.79255,16355,17,786.579809,active
2026-05-12T11:28:32.318099+00:00,HEW0VJx9iw0,UCUyDOdBWhC1MCxEjC46d-zw,Alex Hormozi,2026-04-26T05:00:00+00:00,16.269818,56508,17,3473.179602,active
2026-05-12T11:28:32.318099+00:00,tveRHTJJyy8,UCUyDOdBWhC1MCxEjC46d-zw,Alex Hormozi,2026-04-25T19:00:00+00:00,16.686485,22381,17,1341.265102,active
2026-05-12T11:28:32.318099+00:00,g8NWmUdMh_E,UCqcbQf6yw5KzRoDDcZ_wBSw,Wes Roth,2026-04-23T20:28:48+00:00,18.624818,20789,17,1116.198827,active
2026-05-12T11:28:32.318099+00:00,UPYFbiBv8H4,UCuhw3KIv3wM14By2-LcxDGw,El Consejero,2026-04-29T03:50:36+00:00,13.318013,1485,17,111.50312,active
2026-05-12T11:28:32.318099+00:00,t9_dqoKfqLo,UC4FHiPgS1KXkUMx3dxBUtPg,HolaMundo,2026-04-29T14:01:39+00:00,12.893673,20993,17,1628.162898,active
2026-05-12T11:28:32.318099+00:00,UxUmboIvArE,UC-ktYMwvFKNmhQdps8VDrkg,Daniel Felipe Medina,2026-04-30T16:45:00+00:00,11.780235,3144,17,266.887715,active
2026-05-12T11:28:32.318099+00:00,enQeP-ztP5A,UCF7UoUGGOUcSSNcVDndq7KQ,Itzcalli,2026-05-01T06:25:13+00:00,11.21064,12965,17,1156.49062,active
2026-05-12T11:28:32.318099+00:00,VITWpByrMdw,UCtT7zEoC9-HNyLYb8cYWoww,Ale Marin,2026-05-02T18:00:25+00:00,9.727862,3686,17,378.911625,active
2026-05-12T11:28:32.318099+00:00,fPnt0Q0vl-Y,UC5mQQ4Ur6oA8lsGFkvH2lyg,Noche De Chicxs,2026-05-05T19:31:31+00:00,6.664599,4087,17,613.240196,early
2026-05-12T11:28:32.318099+00:00,yhuivB5l4dQ,UCBBWpss2iXVXtTzl7-4eWbg,Jessica Fernández García,2026-05-06T00:09:01+00:00,6.47189,6472,17,1000.016997,early
2026-05-12T11:28:32.318099+00:00,WMUsoJWxKVU,UCjSVqRtdOsxQDss_pJpp_Yg,COMPUESTOS Podcast,2026-05-07T00:10:00+00:00,5.471207,1540,17,281.47354,early
2026-05-12T11:28:32.318099+00:00,nx-wJiabIZ8,UCjSVqRtdOsxQDss_pJpp_Yg,COMPUESTOS Podcast,2026-05-10T01:00:49+00:00,2.435918,116,17,47.620651,early
2026-05-12T11:28:32.318099+00:00,s47EWzAbZL4,UCUyDOdBWhC1MCxEjC46d-zw,Alex Hormozi,2026-04-23T09:00:00+00:00,19.103152,46938,16,2457.081428,active
2026-05-12T11:28:32.318099+00:00,Z0uWs_W9S1A,UCUyDOdBWhC1MCxEjC46d-zw,Alex Hormozi,2026-04-22T15:00:00+00:00,19.853152,15320,16,771.66588,active
2026-05-12T11:28:32.318099+00:00,UkbeRKmr5kM,UCjSVqRtdOsxQDss_pJpp_Yg,COMPUESTOS Podcast,2026-04-23T00:30:22+00:00,19.457064,56329,16,2895.041102,active
2026-05-12T11:28:32.318099+00:00,eoXIFY2GZTw,UCF0L4jd9LcSIxsj5gKITMqQ,Jaime Higuera,2026-04-21T08:01:09+00:00,21.14402,21648,16,1023.835581,active
2026-05-12T11:28:32.318099+00:00,G-i7hiu_yPU,UCrr-NczCJHrwi1oBS97uwnw,Finanzas con Gus,2026-04-24T18:23:10+00:00,17.712064,8400,16,474.253029,active
2026-05-12T11:28:32.318099+00:00,7y8W9bita7o,UC9mrBfjgyOsqJ0J-zw7kZLQ,Atherion,2026-04-23T00:38:38+00:00,19.451323,4668,16,239.983676,active
2026-05-12T11:28:32.318099+00:00,ERxzxl6fXbw,UCRDQzsHtx2cXvzEXnEhbxBg,Mister Krax,2026-04-26T06:03:50+00:00,16.22549,15174,16,935.195177,active
2026-05-12T11:28:32.318099+00:00,vcL1MMmXeO8,UCyM-2pRapEv6V2q7UNO9icg,Emprende Aprendiendo,2026-04-21T19:31:47+00:00,20.664413,10635,16,514.652896,active
2026-05-12T11:28:32.318099+00:00,pGGJHrxn1VU,UC5mQQ4Ur6oA8lsGFkvH2lyg,Noche De Chicxs,2026-04-29T02:00:48+00:00,13.394263,22347,16,1668.400867,active
2026-05-12T11:28:32.318099+00:00,lB_XJmoBLjw,UCBBWpss2iXVXtTzl7-4eWbg,Jessica Fernández García,2026-04-30T17:49:54+00:00,11.735166,10200,16,869.182421,active
2026-05-12T11:28:32.318099+00:00,tLBMAUtATsY,UCF0L4jd9LcSIxsj5gKITMqQ,Jaime Higuera,2026-05-07T21:40:00+00:00,4.575374,1586,16,346.638329,early
2026-05-12T11:28:32.318099+00:00,pqIZk9qrBEM,UC30ajuhy8cViP2DiM1QLjmg,98grados,2026-04-25T02:03:21+00:00,17.392492,20423,15,1174.242311,active
2026-05-12T11:28:32.318099+00:00,1WQetpMA8-k,UC3nwmvE2aDzUSJ4evQ1NhoA,IA Innova,2026-04-21T18:45:01+00:00,20.69689,6917,15,334.204801,active
2026-05-12T11:28:32.318099+00:00,7PY7jbupwSg,UCP15FVAA2UL-QOcGhy7-ezA,EDteam,2026-04-29T15:13:12+00:00,12.843985,9310,15,724.852918,active
2026-05-12T11:28:32.318099+00:00,b-NJDpglmeM,UCF0L4jd9LcSIxsj5gKITMqQ,Jaime Higuera,2026-05-02T15:30:30+00:00,9.831971,19634,15,1996.954629,active
2026-05-12T11:28:32.318099+00:00,v2SVwN2WLHA,UCF0L4jd9LcSIxsj5gKITMqQ,Jaime Higuera,2026-05-04T12:41:26+00:00,7.949379,9814,15,1234.561844,active
2026-05-12T11:28:32.318099+00:00,L8qTgJOhpPg,UCWn_0MmgojB711LFX-jaCDQ,El Rincón Del Dev,2026-05-03T15:36:45+00:00,8.827631,3258,15,369.06844,active
2026-05-12T11:28:32.318099+00:00,1-zrnj9Z6FA,UCF0L4jd9LcSIxsj5gKITMqQ,Jaime Higuera,2026-05-06T08:00:03+00:00,6.144784,1531,15,249.154405,early
2026-05-12T11:28:32.318099+00:00,GMXWOLJHnJc,UCUyDOdBWhC1MCxEjC46d-zw,Alex Hormozi,2026-04-26T03:00:00+00:00,16.353152,69888,14,4273.671522,active
2026-05-12T11:28:32.318099+00:00,E7PxcFm-Xs8,UCUyDOdBWhC1MCxEjC46d-zw,Alex Hormozi,2026-04-22T09:00:00+00:00,20.103152,30317,14,1508.071968,active
2026-05-12T11:28:32.318099+00:00,40kncAedwjs,UCuhw3KIv3wM14By2-LcxDGw,El Consejero,2026-04-25T03:59:47+00:00,17.311636,2812,14,162.434099,active
2026-05-12T11:28:32.318099+00:00,ITT9xWeicWM,UCqcbQf6yw5KzRoDDcZ_wBSw,Wes Roth,2026-04-22T05:19:31+00:00,20.256265,54319,14,2681.590115,active
2026-05-12T11:28:32.318099+00:00,AYIqxqyY-es,UCHMSzZaVrEjK35aYK3J7Htw,Pequeño Cerdo Capitalista,2026-04-28T22:31:01+00:00,13.539946,5237,14,386.781454,active
2026-05-12T11:28:32.318099+00:00,SK7yqZdN3Dg,UCF0L4jd9LcSIxsj5gKITMqQ,Jaime Higuera,2026-04-30T16:36:15+00:00,11.786312,24362,14,2066.973961,active
2026-05-12T11:28:32.318099+00:00,FbRnMwKmmTA,UCP15FVAA2UL-QOcGhy7-ezA,EDteam,2026-05-01T15:11:23+00:00,10.845247,9238,14,851.801716,active
2026-05-12T11:28:32.318099+00:00,CWCrgNlU4UY,UC5mQQ4Ur6oA8lsGFkvH2lyg,Noche De Chicxs,2026-05-06T00:00:10+00:00,6.478036,1309,14,202.067417,early
2026-05-12T11:28:32.318099+00:00,2dTKyxqxca0,UCiqJoWIT-vm-hJoXilFGiUQ,Inversión Inteligente - Alain Cortés,2026-05-06T16:50:14+00:00,5.776601,600,14,103.867309,early
2026-05-12T11:28:32.318099+00:00,zBNTi3oggvA,UCF0L4jd9LcSIxsj5gKITMqQ,Jaime Higuera,2026-05-07T20:53:23+00:00,4.607747,1813,14,393.467784,early
2026-05-12T11:28:32.318099+00:00,R_SOXyvBPuA,UCjSVqRtdOsxQDss_pJpp_Yg,COMPUESTOS Podcast,2026-05-09T01:00:35+00:00,3.43608,105,14,30.558078,early
2026-05-12T11:28:32.318099+00:00,7Ocx3WwDK_c,UCxFACDJ98idvo9Gq9M9AQgg,Moris Dieck | Finanzas e Inversiones ,2026-04-27T20:00:03+00:00,14.644784,4456,13,304.272156,active
2026-05-12T11:28:32.318099+00:00,HnafDG2aj1I,UCUyDOdBWhC1MCxEjC46d-zw,Alex Hormozi,2026-04-21T23:00:00+00:00,20.519818,29744,13,1449.525527,active
2026-05-12T11:28:32.318099+00:00,CZtseHx5dAM,UCUyDOdBWhC1MCxEjC46d-zw,Alex Hormozi,2026-04-21T07:00:00+00:00,21.186485,33376,13,1575.343904,active
2026-05-12T11:28:32.318099+00:00,oYu0ZgihU8Q,UCP15FVAA2UL-QOcGhy7-ezA,EDteam,2026-04-23T20:38:24+00:00,18.618152,3895,13,209.204437,active
2026-05-12T11:28:32.318099+00:00,x0HFad-M2iE,UC30ajuhy8cViP2DiM1QLjmg,98grados,2026-04-28T00:07:14+00:00,14.473129,23656,13,1634.477244,active
2026-05-12T11:28:32.318099+00:00,FjxyqtLuh_M,UCbUYAYd1WUznxEEl498z7vA,Woshingo Streams,2026-04-21T05:34:45+00:00,21.245687,7561,13,355.883997,active
2026-05-12T11:28:32.318099+00:00,DerWppSGkmE,UCP15FVAA2UL-QOcGhy7-ezA,EDteam,2026-04-29T22:07:06+00:00,12.556555,10445,13,831.836439,active
2026-05-12T11:28:32.318099+00:00,DfeXyiagVDE,UCdfnfXWCGkBAx2cN2l-4u2w,Semo Historia,2026-05-03T15:08:43+00:00,8.847099,3674,13,415.277369,active
2026-05-12T11:28:32.318099+00:00,1_D2legkGnM,UCF0L4jd9LcSIxsj5gKITMqQ,Jaime Higuera,2026-05-07T21:22:25+00:00,4.587585,2168,13,472.5798,early
2026-05-12T11:28:32.318099+00:00,X84NGQIvwr4,UCP7PV59jal4PobLeo5cSG_Q,Santiago Amat,2026-05-09T13:12:34+00:00,2.927758,886,13,302.62064,early
2026-05-12T11:28:32.318099+00:00,FfMFahO2VE4,UCUyDOdBWhC1MCxEjC46d-zw,Alex Hormozi,2026-04-22T07:00:00+00:00,20.186485,31391,12,1555.050322,active
2026-05-12T11:28:32.318099+00:00,lYpHv3Tg0Vg,UCjSVqRtdOsxQDss_pJpp_Yg,COMPUESTOS Podcast,2026-04-27T02:00:40+00:00,15.394356,15483,12,1005.758214,active
2026-05-12T11:28:32.318099+00:00,IkNEALHWXUo,UCjSVqRtdOsxQDss_pJpp_Yg,COMPUESTOS Podcast,2026-04-24T01:00:25+00:00,18.436196,714,12,38.728163,active
2026-05-12T11:28:32.318099+00:00,-5kkpHpexIA,UC5mQQ4Ur6oA8lsGFkvH2lyg,Noche De Chicxs,2026-04-25T02:00:00+00:00,17.394818,34613,12,1989.845482,active
2026-05-12T11:28:32.318099+00:00,SvLaz6y-mhs,UCBBWpss2iXVXtTzl7-4eWbg,Jessica Fernández García,2026-04-28T19:23:27+00:00,13.6702,25250,12,1847.083437,active
2026-05-12T11:28:32.318099+00:00,xL5gZGVPjnQ,UCxFACDJ98idvo9Gq9M9AQgg,Moris Dieck | Finanzas e Inversiones ,2026-04-29T20:01:07+00:00,12.644043,1430,12,113.096737,active
2026-05-12T11:28:32.318099+00:00,tXgFifuwvno,UCHMSzZaVrEjK35aYK3J7Htw,Pequeño Cerdo Capitalista,2026-04-30T23:07:38+00:00,11.514518,2037,12,176.907101,active
2026-05-12T11:28:32.318099+00:00,pra3fiwosjU,UCtT7zEoC9-HNyLYb8cYWoww,Ale Marin,2026-05-01T18:00:50+00:00,10.727573,4190,12,390.582287,active
2026-05-12T11:28:32.318099+00:00,_jqAr4E6dGs,UCjSVqRtdOsxQDss_pJpp_Yg,COMPUESTOS Podcast,2026-05-06T00:00:40+00:00,6.477689,1647,12,254.257344,early
2026-05-12T11:28:32.318099+00:00,8MYi3eXH9Hs,UCF0L4jd9LcSIxsj5gKITMqQ,Jaime Higuera,2026-05-07T21:19:18+00:00,4.589749,1637,12,356.664384,early
2026-05-12T11:28:32.318099+00:00,DykSRxbFZZo,UCUyDOdBWhC1MCxEjC46d-zw,Alex Hormozi,2026-04-21T05:00:00+00:00,21.269818,29504,11,1387.129876,active
2026-05-12T11:28:32.318099+00:00,Bv4wqAVZ6Ps,UCuhw3KIv3wM14By2-LcxDGw,El Consejero,2026-04-22T03:18:47+00:00,20.340108,2594,11,127.53128,active
2026-05-12T11:28:32.318099+00:00,6_o0OElprPo,UCOD6LXgeBoeiUZTsPLdG-0g,Vida MRR - Programacion web,2026-04-27T23:30:06+00:00,14.498916,2341,11,161.460346,active
2026-05-12T11:28:32.318099+00:00,iSGdQjtChUk,UCEK0oX3X2yK9y27khCsrNKg,Mis Propias Finanzas,2026-05-06T23:03:36+00:00,5.517318,1516,11,274.771184,early
2026-05-12T11:28:32.318099+00:00,5qdSXAozae4,UCEK0oX3X2yK9y27khCsrNKg,Mis Propias Finanzas,2026-05-06T21:31:17+00:00,5.581427,1370,11,245.456941,early
2026-05-12T11:28:32.318099+00:00,uAOfsghz2NY,UCl5-lvQyfILb-l2abPk4Ntg,Inteligencia Artificial,2026-04-23T15:44:54+00:00,18.821971,28473,10,1512.753367,active
2026-05-12T11:28:32.318099+00:00,zEUstENVghI,UCl5-lvQyfILb-l2abPk4Ntg,Inteligencia Artificial,2026-04-21T15:12:37+00:00,20.84439,12817,10,614.889666,active
2026-05-12T11:28:32.318099+00:00,f7fbvRa4eJE,UCUyDOdBWhC1MCxEjC46d-zw,Alex Hormozi,2026-04-24T15:00:00+00:00,17.853152,27295,10,1528.861682,active
2026-05-12T11:28:32.318099+00:00,g47pe7T6-KE,UCUyDOdBWhC1MCxEjC46d-zw,Alex Hormozi,2026-04-21T03:00:00+00:00,21.353152,25719,10,1204.459182,active
2026-05-12T11:28:32.318099+00:00,ZrTIAjdcBGM,UCP15FVAA2UL-QOcGhy7-ezA,EDteam,2026-04-22T01:19:03+00:00,20.423256,13541,10,663.018669,active
2026-05-12T11:28:32.318099+00:00,rbbMgCB90fk,UCuhw3KIv3wM14By2-LcxDGw,El Consejero,2026-04-24T03:57:06+00:00,18.313499,1799,10,98.233549,active
2026-05-12T11:28:32.318099+00:00,seu69-hMmGw,UCRDQzsHtx2cXvzEXnEhbxBg,Mister Krax,2026-04-23T21:03:25+00:00,18.600779,12850,10,690.831282,active
2026-05-12T11:28:32.318099+00:00,0dwlHNDdn2s,UCxFACDJ98idvo9Gq9M9AQgg,Moris Dieck | Finanzas e Inversiones ,2026-04-28T01:00:01+00:00,14.436474,14717,10,1019.431753,active
2026-05-12T11:28:32.318099+00:00,1HWpBvWbexU,UCHMSzZaVrEjK35aYK3J7Htw,Pequeño Cerdo Capitalista,2026-04-29T23:30:30+00:00,12.498638,2068,10,165.458028,active
2026-05-12T11:28:32.318099+00:00,QLnHGjCD-Vw,UCF0L4jd9LcSIxsj5gKITMqQ,Jaime Higuera,2026-04-30T08:00:23+00:00,12.144552,5230,10,430.645774,active
2026-05-12T11:28:32.318099+00:00,F1D4G7VTBnY,UCxFACDJ98idvo9Gq9M9AQgg,Moris Dieck | Finanzas e Inversiones ,2026-04-25T01:00:25+00:00,17.436196,4003,9,229.579892,active
2026-05-12T11:28:32.318099+00:00,6cUe6qrXxJU,UCxFACDJ98idvo9Gq9M9AQgg,Moris Dieck | Finanzas e Inversiones ,2026-04-23T01:00:11+00:00,19.436358,15162,9,780.084417,active
2026-05-12T11:28:32.318099+00:00,FAerQflosns,UCxFACDJ98idvo9Gq9M9AQgg,Moris Dieck | Finanzas e Inversiones ,2026-04-21T20:00:09+00:00,20.644714,7949,9,385.03803,active
2026-05-12T11:28:32.318099+00:00,FpwEaued1Hc,UCUyDOdBWhC1MCxEjC46d-zw,Alex Hormozi,2026-04-24T23:00:00+00:00,17.519818,46618,9,2660.87239,active
2026-05-12T11:28:32.318099+00:00,6q8iEtd0IGE,UCbUYAYd1WUznxEEl498z7vA,Woshingo Streams,2026-04-25T03:30:10+00:00,17.332203,2621,9,151.2214,active
2026-05-12T11:28:32.318099+00:00,R1iBWKeX42I,UCP15FVAA2UL-QOcGhy7-ezA,EDteam,2026-04-28T18:09:59+00:00,13.721219,5374,9,391.656164,active
2026-05-12T11:28:32.318099+00:00,k30WHO9_ppU,UCl5-lvQyfILb-l2abPk4Ntg,Inteligencia Artificial,2026-04-30T17:15:19+00:00,11.759182,7858,9,668.24376,active
2026-05-12T11:28:32.318099+00:00,7eJtgn-ZUCw,UCjSVqRtdOsxQDss_pJpp_Yg,COMPUESTOS Podcast,2026-05-06T02:00:05+00:00,6.394761,1298,9,202.978657,early
2026-05-12T11:28:32.318099+00:00,kp1dLUox9_Y,UCxFACDJ98idvo9Gq9M9AQgg,Moris Dieck | Finanzas e Inversiones ,2026-04-24T22:07:22+00:00,17.556369,21892,8,1246.95488,active
2026-05-12T11:28:32.318099+00:00,7u0DJM1SNPs,UCxFACDJ98idvo9Gq9M9AQgg,Moris Dieck | Finanzas e Inversiones ,2026-04-22T01:00:11+00:00,20.436358,21132,8,1034.039431,active
2026-05-12T11:28:32.318099+00:00,5qoKwHygsy8,UCHMSzZaVrEjK35aYK3J7Htw,Pequeño Cerdo Capitalista,2026-04-24T00:35:53+00:00,18.453233,3561,8,192.974315,active
2026-05-12T11:28:32.318099+00:00,EJfh57hfc_E,UCF0L4jd9LcSIxsj5gKITMqQ,Jaime Higuera,2026-04-22T13:30:13+00:00,19.915501,20955,8,1052.195473,active
2026-05-12T11:28:32.318099+00:00,5Tsi4Beca6g,UCP15FVAA2UL-QOcGhy7-ezA,EDteam,2026-04-23T18:09:43+00:00,18.721404,9858,8,526.563072,active
2026-05-12T11:28:32.318099+00:00,rzHYdFYDjcQ,UC5mQQ4Ur6oA8lsGFkvH2lyg,Noche De Chicxs,2026-04-25T17:01:07+00:00,16.769043,3037,8,181.107532,active
2026-05-12T11:28:32.318099+00:00,NLrfMQ0dqpQ,UCsmEAwbV7WbYndpQKbY4Ntw,Juan Villalvazo,2026-04-26T14:00:00+00:00,15.894818,3388,8,213.15123,active
2026-05-12T11:28:32.318099+00:00,W1js1spTUPs,UCWn_0MmgojB711LFX-jaCDQ,El Rincón Del Dev,2026-04-27T16:39:26+00:00,14.784101,2843,8,192.301175,active
2026-05-12T11:28:32.318099+00:00,IiPyKNs5dtg,UC3nwmvE2aDzUSJ4evQ1NhoA,IA Innova,2026-04-23T18:45:01+00:00,18.69689,3555,8,190.138574,active
2026-05-12T11:28:32.318099+00:00,Qyf99inRvDE,UCP15FVAA2UL-QOcGhy7-ezA,EDteam,2026-04-29T00:06:25+00:00,13.473696,3364,8,249.671657,active
2026-05-12T11:28:32.318099+00:00,6q2ptE-BXIc,UCRDQzsHtx2cXvzEXnEhbxBg,Mister Krax,2026-04-29T05:06:04+00:00,13.265606,2326,8,175.340652,active
2026-05-12T11:28:32.318099+00:00,stk7f11pyr8,UCl5-lvQyfILb-l2abPk4Ntg,Inteligencia Artificial,2026-04-29T15:28:07+00:00,12.833626,8703,8,678.140379,active
2026-05-12T11:28:32.318099+00:00,YD2iT-SCJb0,UCBBWpss2iXVXtTzl7-4eWbg,Jessica Fernández García,2026-04-29T22:12:44+00:00,12.552643,6957,8,554.225911,active
2026-05-12T11:28:32.318099+00:00,JxM9FGa1xjw,UCjSVqRtdOsxQDss_pJpp_Yg,COMPUESTOS Podcast,2026-05-04T02:00:14+00:00,8.394656,819,8,97.562068,active
2026-05-12T11:28:32.318099+00:00,ZjnjH_SaHyo,UCF0L4jd9LcSIxsj5gKITMqQ,Jaime Higuera,2026-05-04T20:22:49+00:00,7.628974,871,8,114.170005,active
2026-05-12T11:28:32.318099+00:00,UcgjSqz0CZs,UCEK0oX3X2yK9y27khCsrNKg,Mis Propias Finanzas,2026-05-04T23:02:44+00:00,7.51792,2141,8,284.786217,active
2026-05-12T11:28:32.318099+00:00,jMRgMiRCw8c,UCjSVqRtdOsxQDss_pJpp_Yg,COMPUESTOS Podcast,2026-05-08T01:30:40+00:00,4.415189,137,8,31.029249,early
2026-05-12T11:28:32.318099+00:00,l8F9Omk197E,UCxFACDJ98idvo9Gq9M9AQgg,Moris Dieck | Finanzas e Inversiones ,2026-04-21T01:00:45+00:00,21.435964,9056,7,422.467588,active
2026-05-12T11:28:32.318099+00:00,-bFkzPRxH4w,UCHMSzZaVrEjK35aYK3J7Htw,Pequeño Cerdo Capitalista,2026-04-21T22:03:06+00:00,20.559332,15391,7,748.613817,active
2026-05-12T11:28:32.318099+00:00,RtCDqPRlu48,UCP15FVAA2UL-QOcGhy7-ezA,EDteam,2026-04-24T18:42:21+00:00,17.698742,18078,7,1021.428529,active
2026-05-12T11:28:32.318099+00:00,5jOtf3OIgHg,UCP15FVAA2UL-QOcGhy7-ezA,EDteam,2026-04-24T15:10:23+00:00,17.845941,9423,7,528.019229,active
2026-05-12T11:28:32.318099+00:00,VszurX3VCPE,UCP15FVAA2UL-QOcGhy7-ezA,EDteam,2026-04-24T01:34:09+00:00,18.41277,13640,7,740.790223,active
2026-05-12T11:28:32.318099+00:00,wFTojQEC2eE,UCP7PV59jal4PobLeo5cSG_Q,Santiago Amat,2026-04-23T18:04:55+00:00,18.724737,1265,7,67.557691,active
2026-05-12T11:28:32.318099+00:00,KPjUKzX4bo8,UCEK0oX3X2yK9y27khCsrNKg,Mis Propias Finanzas,2026-05-04T23:31:15+00:00,7.498117,2150,7,286.738657,active
2026-05-12T11:28:32.318099+00:00,jv13-whpdgI,UCF0L4jd9LcSIxsj5gKITMqQ,Jaime Higuera,2026-05-06T21:50:00+00:00,5.56843,4679,7,840.272752,early
2026-05-12T11:28:32.318099+00:00,RtMUcQbG1_o,UCF0L4jd9LcSIxsj5gKITMqQ,Jaime Higuera,2026-05-06T21:39:53+00:00,5.575455,5039,7,903.782741,early
2026-05-12T11:28:32.318099+00:00,E6IrH04B8wg,UCl5-lvQyfILb-l2abPk4Ntg,Inteligencia Artificial,2026-04-24T17:00:52+00:00,17.769217,6482,6,364.788161,active
2026-05-12T11:28:32.318099+00:00,QSe13hyv68o,UCl5-lvQyfILb-l2abPk4Ntg,Inteligencia Artificial,2026-04-24T12:02:26+00:00,17.976462,33886,6,1885.020534,active
2026-05-12T11:28:32.318099+00:00,FR04V2DkErI,UCxFACDJ98idvo9Gq9M9AQgg,Moris Dieck | Finanzas e Inversiones ,2026-04-24T01:15:01+00:00,18.426057,2346,6,127.319697,active
2026-05-12T11:28:32.318099+00:00,u7sbQBw3X3g,UC5mQQ4Ur6oA8lsGFkvH2lyg,Noche De Chicxs,2026-04-24T02:00:49+00:00,18.394251,22760,6,1237.343124,active
2026-05-12T11:28:32.318099+00:00,qC_5K9u8nY4,UC5mQQ4Ur6oA8lsGFkvH2lyg,Noche De Chicxs,2026-04-21T18:10:16+00:00,20.721022,5899,6,284.68673,active
2026-05-12T11:28:32.318099+00:00,ZVnXmeZZDw0,UCWn_0MmgojB711LFX-jaCDQ,El Rincón Del Dev,2026-04-25T15:24:41+00:00,16.836011,4335,6,257.483795,active
2026-05-12T11:28:32.318099+00:00,61fk5yAs7Jw,UC5mQQ4Ur6oA8lsGFkvH2lyg,Noche De Chicxs,2026-04-28T18:00:11+00:00,13.728025,4907,6,357.443988,active
2026-05-12T11:28:32.318099+00:00,ys1zQyiLrMc,UC5mQQ4Ur6oA8lsGFkvH2lyg,Noche De Chicxs,2026-04-28T14:49:42+00:00,13.860305,7398,6,533.754488,active
2026-05-12T11:28:32.318099+00:00,sGEEHGc7eyo,UCl5-lvQyfILb-l2abPk4Ntg,Inteligencia Artificial,2026-04-30T12:59:59+00:00,11.936497,6941,6,581.493884,active
2026-05-12T11:28:32.318099+00:00,Rax-kdRVG74,UCF0L4jd9LcSIxsj5gKITMqQ,Jaime Higuera,2026-05-01T17:30:07+00:00,10.748904,14630,6,1361.068998,active
2026-05-12T11:28:32.318099+00:00,wZBBnciTACo,UCP7PV59jal4PobLeo5cSG_Q,Santiago Amat,2026-05-01T15:49:57+00:00,10.818464,1582,6,146.23148,active
2026-05-12T11:28:32.318099+00:00,-X2P40t70LM,UCRDQzsHtx2cXvzEXnEhbxBg,Mister Krax,2026-05-02T07:07:12+00:00,10.181485,8318,6,816.973163,active
2026-05-12T11:28:32.318099+00:00,toJGQUZbdqc,UCF0L4jd9LcSIxsj5gKITMqQ,Jaime Higuera,2026-05-03T17:01:09+00:00,8.76902,12618,6,1438.929322,active
2026-05-12T11:28:32.318099+00:00,OQNLi8O-Eu0,UCjSVqRtdOsxQDss_pJpp_Yg,COMPUESTOS Podcast,2026-05-07T02:00:29+00:00,5.394483,1214,6,225.044736,early
2026-05-12T11:28:32.318099+00:00,raie7EtagZk,UCxFACDJ98idvo9Gq9M9AQgg,Moris Dieck | Finanzas e Inversiones ,2026-04-24T00:55:18+00:00,18.439749,10702,5,580.376663,active
2026-05-12T11:28:32.318099+00:00,2Z1aJVGA1-M,UCxFACDJ98idvo9Gq9M9AQgg,Moris Dieck | Finanzas e Inversiones ,2026-04-23T18:04:34+00:00,18.724981,7369,5,393.53845,active
2026-05-12T11:28:32.318099+00:00,5DilrEUdYnY,UCxFACDJ98idvo9Gq9M9AQgg,Moris Dieck | Finanzas e Inversiones ,2026-04-22T17:59:56+00:00,19.728198,4735,5,240.011784,active
2026-05-12T11:28:32.318099+00:00,XzkJ2WrHR2c,UCF0L4jd9LcSIxsj5gKITMqQ,Jaime Higuera,2026-04-27T12:43:22+00:00,14.948036,19414,5,1298.765938,active
2026-05-12T11:28:32.318099+00:00,FOyH5MIRyD4,UCF0L4jd9LcSIxsj5gKITMqQ,Jaime Higuera,2026-04-25T14:30:10+00:00,16.873869,18686,5,1107.392738,active
2026-05-12T11:28:32.318099+00:00,dINRvKoLQ-c,UCF0L4jd9LcSIxsj5gKITMqQ,Jaime Higuera,2026-04-23T16:01:11+00:00,18.810663,33111,5,1760.225038,active
2026-05-12T11:28:32.318099+00:00,WSSQ8mtQicE,UC5mQQ4Ur6oA8lsGFkvH2lyg,Noche De Chicxs,2026-04-21T15:00:54+00:00,20.852527,4045,5,193.981286,active
2026-05-12T11:28:32.318099+00:00,oXKkhajzwgE,UCRDQzsHtx2cXvzEXnEhbxBg,Mister Krax,2026-04-23T20:57:09+00:00,18.605131,15967,5,858.204116,active
2026-05-12T11:28:32.318099+00:00,yqwGsf5XVkI,UCOD6LXgeBoeiUZTsPLdG-0g,Vida MRR - Programacion web,2026-04-21T23:01:07+00:00,20.519043,6119,5,298.210789,active
2026-05-12T11:28:32.318099+00:00,erf6YdpSakA,UCBBWpss2iXVXtTzl7-4eWbg,Jessica Fernández García,2026-04-21T22:26:55+00:00,20.542793,12207,5,594.222996,active
2026-05-12T11:28:32.318099+00:00,kkQDCTCcgC0,UC5mQQ4Ur6oA8lsGFkvH2lyg,Noche De Chicxs,2026-04-28T21:00:50+00:00,13.602573,4690,5,344.78771,active
2026-05-12T11:28:32.318099+00:00,xAJcbx5h6wE,UCjSVqRtdOsxQDss_pJpp_Yg,COMPUESTOS Podcast,2026-04-29T00:01:05+00:00,13.4774,2882,5,213.839465,active
2026-05-12T11:28:32.318099+00:00,waOGddip3Wk,UCRDQzsHtx2cXvzEXnEhbxBg,Mister Krax,2026-05-01T05:07:44+00:00,11.264448,5437,5,482.669013,active
2026-05-12T11:28:32.318099+00:00,em_K85l2WNY,UCF0L4jd9LcSIxsj5gKITMqQ,Jaime Higuera,2026-05-05T21:30:15+00:00,6.582145,4957,5,753.097964,early
2026-05-12T11:28:32.318099+00:00,mTqDtRTKvqE,UCl5-lvQyfILb-l2abPk4Ntg,Inteligencia Artificial,2026-04-22T14:45:26+00:00,19.863268,6439,4,324.166195,active
2026-05-12T11:28:32.318099+00:00,ra8QknbAJs4,UCEK0oX3X2yK9y27khCsrNKg,Mis Propias Finanzas,2026-04-24T15:01:37+00:00,17.852029,5375,4,301.086224,active
2026-05-12T11:28:32.318099+00:00,TpncXdKNLTQ,UCEK0oX3X2yK9y27khCsrNKg,Mis Propias Finanzas,2026-04-24T15:00:51+00:00,17.852562,5154,4,288.698059,active
2026-05-12T11:28:32.318099+00:00,9T90MfOpaZY,UCHMSzZaVrEjK35aYK3J7Htw,Pequeño Cerdo Capitalista,2026-04-26T22:01:50+00:00,15.560212,2140,4,137.53026,active
2026-05-12T11:28:32.318099+00:00,eEfZlpKPAIU,UCP15FVAA2UL-QOcGhy7-ezA,EDteam,2026-04-24T22:06:31+00:00,17.55696,18747,4,1067.781666,active
2026-05-12T11:28:32.318099+00:00,tLlucpJbi5E,UCiqJoWIT-vm-hJoXilFGiUQ,Inversión Inteligente - Alain Cortés,2026-04-27T17:17:15+00:00,14.757839,879,4,59.561566,active
2026-05-12T11:28:32.318099+00:00,2F50vE7VUIw,UC5mQQ4Ur6oA8lsGFkvH2lyg,Noche De Chicxs,2026-04-21T23:08:19+00:00,20.514043,4709,4,229.55007,active
2026-05-12T11:28:32.318099+00:00,iS1jGgfO9Z0,UCl5-lvQyfILb-l2abPk4Ntg,Inteligencia Artificial,2026-04-28T08:45:26+00:00,14.113268,6301,4,446.459318,active
2026-05-12T11:28:32.318099+00:00,_QHAqfILwPk,UCBBWpss2iXVXtTzl7-4eWbg,Jessica Fernández García,2026-04-28T02:03:09+00:00,14.392631,3905,4,271.319399,active
2026-05-12T11:28:32.318099+00:00,TOKUlItJpY4,UCF0L4jd9LcSIxsj5gKITMqQ,Jaime Higuera,2026-04-29T20:00:18+00:00,12.64461,7985,4,631.494368,active
2026-05-12T11:28:32.318099+00:00,zSPnVUpVwj8,UCF0L4jd9LcSIxsj5gKITMqQ,Jaime Higuera,2026-04-30T12:01:59+00:00,11.976775,1663,4,138.85207,active
2026-05-12T11:28:32.318099+00:00,-8Xee3Y4Yeg,UCiqJoWIT-vm-hJoXilFGiUQ,Inversión Inteligente - Alain Cortés,2026-04-30T19:00:01+00:00,11.686474,620,4,53.052786,active
2026-05-12T11:28:32.318099+00:00,mbtA5CBh5qk,UCP7PV59jal4PobLeo5cSG_Q,Santiago Amat,2026-05-01T00:24:30+00:00,11.461138,175,4,15.26899,active
2026-05-12T11:28:32.318099+00:00,aYH-DvGfEVU,UCP7PV59jal4PobLeo5cSG_Q,Santiago Amat,2026-05-02T13:23:30+00:00,9.920166,983,4,99.091084,active
2026-05-12T11:28:32.318099+00:00,21UbB1_pq3o,UCRDQzsHtx2cXvzEXnEhbxBg,Mister Krax,2026-05-02T07:03:10+00:00,10.184286,9934,4,975.424296,active
2026-05-12T11:28:32.318099+00:00,e5jQUYrRPRk,UCF0L4jd9LcSIxsj5gKITMqQ,Jaime Higuera,2026-05-02T21:30:07+00:00,9.582237,11726,4,1223.722603,active
2026-05-12T11:28:32.318099+00:00,fxb9BMISN54,UCF0L4jd9LcSIxsj5gKITMqQ,Jaime Higuera,2026-05-04T21:30:06+00:00,7.582249,3562,4,469.781459,active
2026-05-12T11:28:32.318099+00:00,yRy6KDl2xWo,UCF0L4jd9LcSIxsj5gKITMqQ,Jaime Higuera,2026-05-05T17:45:00+00:00,6.738568,2940,4,436.294477,early
2026-05-12T11:28:32.318099+00:00,BwIlVEvq7mU,UCl5-lvQyfILb-l2abPk4Ntg,Inteligencia Artificial,2026-04-22T13:48:56+00:00,19.902504,6968,3,350.1067,active
2026-05-12T11:28:32.318099+00:00,UacKz43AiDQ,UCHMSzZaVrEjK35aYK3J7Htw,Pequeño Cerdo Capitalista,2026-04-27T22:01:17+00:00,14.560594,2265,3,155.556841,active
2026-05-12T11:28:32.318099+00:00,3QRWlCFdzyE,UCF0L4jd9LcSIxsj5gKITMqQ,Jaime Higuera,2026-04-26T20:00:02+00:00,15.644795,20845,3,1332.392019,active
2026-05-12T11:28:32.318099+00:00,rXs8JlFIS-U,UCF0L4jd9LcSIxsj5gKITMqQ,Jaime Higuera,2026-04-26T19:00:43+00:00,15.685987,17977,3,1146.054756,active
2026-05-12T11:28:32.318099+00:00,SK8tkpErsm8,UCF0L4jd9LcSIxsj5gKITMqQ,Jaime Higuera,2026-04-26T18:42:51+00:00,15.698395,22295,3,1420.208881,active
2026-05-12T11:28:32.318099+00:00,tysrC1PivVE,UCF0L4jd9LcSIxsj5gKITMqQ,Jaime Higuera,2026-04-23T10:01:33+00:00,19.060409,3760,3,197.26754,active
2026-05-12T11:28:32.318099+00:00,2Ylfj8r_-V8,UCF0L4jd9LcSIxsj5gKITMqQ,Jaime Higuera,2026-04-23T09:00:07+00:00,19.103071,9363,3,490.130618,active
2026-05-12T11:28:32.318099+00:00,pgFxsauDXjc,UCP15FVAA2UL-QOcGhy7-ezA,EDteam,2026-04-21T02:05:21+00:00,21.391103,7970,3,372.584808,active
2026-05-12T11:28:32.318099+00:00,bGis_LtFRRo,UC5mQQ4Ur6oA8lsGFkvH2lyg,Noche De Chicxs,2026-04-22T00:00:40+00:00,20.477689,1369,3,66.853247,active
2026-05-12T11:28:32.318099+00:00,Q9qmcTjw89Q,UC30ajuhy8cViP2DiM1QLjmg,98grados,2026-04-23T22:06:29+00:00,18.556983,24925,3,1343.160146,active
2026-05-12T11:28:32.318099+00:00,OHGtOI47r4M,UCWn_0MmgojB711LFX-jaCDQ,El Rincón Del Dev,2026-04-21T21:09:10+00:00,20.596786,5518,3,267.905876,active
2026-05-12T11:28:32.318099+00:00,rWwPAnF8Qeo,UCRDQzsHtx2cXvzEXnEhbxBg,Mister Krax,2026-04-21T16:33:10+00:00,20.788453,8878,3,427.064005,active
2026-05-12T11:28:32.318099+00:00,ax0ogeQpq3E,UCBBWpss2iXVXtTzl7-4eWbg,Jessica Fernández García,2026-04-23T18:00:12+00:00,18.728013,17971,3,959.578574,active
2026-05-12T11:28:32.318099+00:00,sncgYGQt1T8,UCl5-lvQyfILb-l2abPk4Ntg,Inteligencia Artificial,2026-04-28T17:16:05+00:00,13.75865,9723,3,706.682705,active
2026-05-12T11:28:32.318099+00:00,HyWpbCUdCr8,UCl5-lvQyfILb-l2abPk4Ntg,Inteligencia Artificial,2026-04-29T10:07:25+00:00,13.056335,6252,3,478.848007,active
2026-05-12T11:28:32.318099+00:00,jcfifYFAdpM,UCRDQzsHtx2cXvzEXnEhbxBg,Mister Krax,2026-04-29T05:09:29+00:00,13.263233,8720,3,657.456594,active
2026-05-12T11:28:32.318099+00:00,j584RpaMrDg,UCl5-lvQyfILb-l2abPk4Ntg,Inteligencia Artificial,2026-04-30T10:18:39+00:00,12.048534,4526,3,375.647361,active
2026-05-12T11:28:32.318099+00:00,KppJdbUvqp8,UCF0L4jd9LcSIxsj5gKITMqQ,Jaime Higuera,2026-04-30T11:00:27+00:00,12.019506,6337,3,527.226327,active
2026-05-12T11:28:32.318099+00:00,fpkC4nn2D60,UCRDQzsHtx2cXvzEXnEhbxBg,Mister Krax,2026-04-30T06:58:08+00:00,12.187781,6636,3,544.479754,active
2026-05-12T11:28:32.318099+00:00,2FFoc89SAj0,UCOD6LXgeBoeiUZTsPLdG-0g,Vida MRR - Programacion web,2026-04-29T20:49:00+00:00,12.610791,4124,3,327.021517,active
2026-05-12T11:28:32.318099+00:00,yA-SufBCL7g,UCF0L4jd9LcSIxsj5gKITMqQ,Jaime Higuera,2026-05-01T08:00:59+00:00,11.144136,13327,3,1195.875571,active
2026-05-12T11:28:32.318099+00:00,rn0fCmYeDaI,UCF0L4jd9LcSIxsj5gKITMqQ,Jaime Higuera,2026-05-04T21:00:54+00:00,7.602527,4112,3,540.872791,active
2026-05-12T11:28:32.318099+00:00,Q3JZcugU5zw,UCF0L4jd9LcSIxsj5gKITMqQ,Jaime Higuera,2026-05-05T19:00:18+00:00,6.686277,4978,3,744.509987,early
2026-05-12T11:28:32.318099+00:00,Gs0INaKmzzQ,UCF0L4jd9LcSIxsj5gKITMqQ,Jaime Higuera,2026-05-05T16:51:11+00:00,6.775941,9136,3,1348.299815,early
2026-05-12T11:28:32.318099+00:00,XAtcOrOAaIk,UCF0L4jd9LcSIxsj5gKITMqQ,Jaime Higuera,2026-05-06T18:00:36+00:00,5.727735,4078,3,711.97428,early
2026-05-12T11:28:32.318099+00:00,Xq-4lUaLIp8,UCl5-lvQyfILb-l2abPk4Ntg,Inteligencia Artificial,2026-04-23T09:54:36+00:00,19.065235,7693,2,403.509319,active
2026-05-12T11:28:32.318099+00:00,Lw3RJgDjXh0,UCl5-lvQyfILb-l2abPk4Ntg,Inteligencia Artificial,2026-04-22T16:03:08+00:00,19.809309,7321,2,369.573719,active
2026-05-12T11:28:32.318099+00:00,BYv6i1MhiRA,UCjSVqRtdOsxQDss_pJpp_Yg,COMPUESTOS Podcast,2026-04-27T22:33:16+00:00,14.538383,2696,2,185.440155,active
2026-05-12T11:28:32.318099+00:00,bjFyP8D_XvM,UCjSVqRtdOsxQDss_pJpp_Yg,COMPUESTOS Podcast,2026-04-26T02:00:36+00:00,16.394402,1905,2,116.1982,active
2026-05-12T11:28:32.318099+00:00,8XfsycyMf48,UCjSVqRtdOsxQDss_pJpp_Yg,COMPUESTOS Podcast,2026-04-24T00:00:15+00:00,18.477978,4594,2,248.620277,active
2026-05-12T11:28:32.318099+00:00,4NHnN9EmDk0,UCjSVqRtdOsxQDss_pJpp_Yg,COMPUESTOS Podcast,2026-04-23T01:00:04+00:00,19.436439,372,2,19.139308,active
2026-05-12T11:28:32.318099+00:00,TlwFNKM1OyA,UCF0L4jd9LcSIxsj5gKITMqQ,Jaime Higuera,2026-04-25T20:43:34+00:00,16.614564,6287,2,378.402948,active
2026-05-12T11:28:32.318099+00:00,PfdNPN9Jv6s,UCF0L4jd9LcSIxsj5gKITMqQ,Jaime Higuera,2026-04-24T14:30:19+00:00,17.873765,19290,2,1079.235405,active
2026-05-12T11:28:32.318099+00:00,w9LJSjmwufQ,UCP15FVAA2UL-QOcGhy7-ezA,EDteam,2026-04-24T01:13:11+00:00,18.42733,9504,2,515.755674,active
2026-05-12T11:28:32.318099+00:00,MOpYEt-XfaU,UCiqJoWIT-vm-hJoXilFGiUQ,Inversión Inteligente - Alain Cortés,2026-04-24T23:00:00+00:00,17.519818,864,2,49.315581,active
2026-05-12T11:28:32.318099+00:00,dA8XrnlFY5w,UCiqJoWIT-vm-hJoXilFGiUQ,Inversión Inteligente - Alain Cortés,2026-04-23T19:00:00+00:00,18.686485,2779,2,148.717108,active
2026-05-12T11:28:32.318099+00:00,_EHKT75Ir0g,UC5mQQ4Ur6oA8lsGFkvH2lyg,Noche De Chicxs,2026-04-23T18:00:38+00:00,18.727712,3039,2,162.272893,active
2026-05-12T11:28:32.318099+00:00,KW2YQ1C0ECs,UCP7PV59jal4PobLeo5cSG_Q,Santiago Amat,2026-04-26T18:57:59+00:00,15.687886,714,2,45.512824,active
2026-05-12T11:28:32.318099+00:00,i6WQdQsE0kc,UCqcbQf6yw5KzRoDDcZ_wBSw,Wes Roth,2026-04-21T20:49:53+00:00,20.610177,10500,2,509.457051,active
2026-05-12T11:28:32.318099+00:00,nxCFXdIgxmw,UCRDQzsHtx2cXvzEXnEhbxBg,Mister Krax,2026-04-26T05:57:09+00:00,16.230131,9686,2,596.79124,active
2026-05-12T11:28:32.318099+00:00,jr8lgZvzA34,UCOD6LXgeBoeiUZTsPLdG-0g,Vida MRR - Programacion web,2026-04-22T23:00:46+00:00,19.519286,8038,2,411.79785,active
2026-05-12T11:28:32.318099+00:00,RNi5EAKHQ_I,UCBBWpss2iXVXtTzl7-4eWbg,Jessica Fernández García,2026-04-21T17:06:40+00:00,20.765189,4527,2,218.009092,active
2026-05-12T11:28:32.318099+00:00,IBBboS2nK3c,UCl5-lvQyfILb-l2abPk4Ntg,Inteligencia Artificial,2026-04-28T10:01:19+00:00,14.060571,3938,2,280.073974,active
2026-05-12T11:28:32.318099+00:00,D3h2gmgCBFg,UCl5-lvQyfILb-l2abPk4Ntg,Inteligencia Artificial,2026-04-28T14:12:08+00:00,13.886393,2274,2,163.757428,active
2026-05-12T11:28:32.318099+00:00,_XyunBBcVXY,UCiqJoWIT-vm-hJoXilFGiUQ,Inversión Inteligente - Alain Cortés,2026-04-29T00:30:00+00:00,13.457318,553,2,41.092883,active
2026-05-12T11:28:32.318099+00:00,H_i8nh8uBco,UCl5-lvQyfILb-l2abPk4Ntg,Inteligencia Artificial,2026-04-29T15:58:29+00:00,12.812538,8610,2,671.998007,active
2026-05-12T11:28:32.318099+00:00,AU6gGMDF7ts,UCRDQzsHtx2cXvzEXnEhbxBg,Mister Krax,2026-04-30T00:31:52+00:00,12.456022,8106,2,650.769564,active
2026-05-12T11:28:32.318099+00:00,Wz8CxWdCHC0,UCF0L4jd9LcSIxsj5gKITMqQ,Jaime Higuera,2026-04-30T19:00:34+00:00,11.686092,9349,2,800.010816,active
2026-05-12T11:28:32.318099+00:00,Dic-fJdWqhY,UCjSVqRtdOsxQDss_pJpp_Yg,COMPUESTOS Podcast,2026-05-02T02:00:23+00:00,10.394552,426,2,40.983007,active
2026-05-12T11:28:32.318099+00:00,H5KmfCor3mc,UCjSVqRtdOsxQDss_pJpp_Yg,COMPUESTOS Podcast,2026-05-02T00:00:30+00:00,10.477805,272,2,25.959636,active
2026-05-12T11:28:32.318099+00:00,tA9L9aV6gXY,UCF0L4jd9LcSIxsj5gKITMqQ,Jaime Higuera,2026-05-01T17:01:13+00:00,10.768974,2896,2,268.920698,active
2026-05-12T11:28:32.318099+00:00,WeAhvFYojh0,UCdfnfXWCGkBAx2cN2l-4u2w,Semo Historia,2026-05-02T16:16:33+00:00,9.799992,2605,2,265.816544,active
2026-05-12T11:28:32.318099+00:00,AnhXe6C7RcY,UCjSVqRtdOsxQDss_pJpp_Yg,COMPUESTOS Podcast,2026-05-04T00:00:10+00:00,8.478036,854,2,100.730877,active
2026-05-12T11:28:32.318099+00:00,sebAi3RkL4o,UCF0L4jd9LcSIxsj5gKITMqQ,Jaime Higuera,2026-05-03T21:50:00+00:00,8.56843,6637,2,774.587643,active
2026-05-12T11:28:32.318099+00:00,bbv1p_j1P8Y,UCiqJoWIT-vm-hJoXilFGiUQ,Inversión Inteligente - Alain Cortés,2026-05-04T00:05:13+00:00,8.474529,881,2,103.95858,active
2026-05-12T11:28:32.318099+00:00,xIE99iYdH_o,UCF0L4jd9LcSIxsj5gKITMqQ,Jaime Higuera,2026-05-05T21:01:05+00:00,6.6024,2895,2,438.476917,early
2026-05-12T11:28:32.318099+00:00,aa_n-rMfKHE,UCjSVqRtdOsxQDss_pJpp_Yg,COMPUESTOS Podcast,2026-05-06T01:00:03+00:00,6.43645,124,2,19.265278,early
2026-05-12T11:28:32.318099+00:00,kIyN_WRhXJw,UCjSVqRtdOsxQDss_pJpp_Yg,COMPUESTOS Podcast,2026-05-07T01:00:52+00:00,5.435883,101,2,18.580238,early
2026-05-12T11:28:32.318099+00:00,SYdW3cZKdmY,UCl5-lvQyfILb-l2abPk4Ntg,Inteligencia Artificial,2026-04-24T15:35:41+00:00,17.828372,13026,1,730.633173,active
2026-05-12T11:28:32.318099+00:00,PiKd0maLI6o,UCl5-lvQyfILb-l2abPk4Ntg,Inteligencia Artificial,2026-04-22T15:43:08+00:00,19.823198,10502,1,529.783338,active
2026-05-12T11:28:32.318099+00:00,QeK4l-iH51Y,UCl5-lvQyfILb-l2abPk4Ntg,Inteligencia Artificial,2026-04-21T10:14:12+00:00,21.051624,4417,1,209.817542,active
2026-05-12T11:28:32.318099+00:00,tqD_yn5Y_zQ,UCl5-lvQyfILb-l2abPk4Ntg,Inteligencia Artificial,2026-04-21T08:41:37+00:00,21.115918,4066,1,192.556156,active
2026-05-12T11:28:32.318099+00:00,q__FKs64J28,UCEK0oX3X2yK9y27khCsrNKg,Mis Propias Finanzas,2026-04-23T15:01:25+00:00,18.852168,3463,1,183.692401,active
2026-05-12T11:28:32.318099+00:00,ppy-SwlSnEo,UCHMSzZaVrEjK35aYK3J7Htw,Pequeño Cerdo Capitalista,2026-04-22T22:02:17+00:00,19.5599,2458,1,125.665264,active
2026-05-12T11:28:32.318099+00:00,vaEGXlhFrJQ,UCjSVqRtdOsxQDss_pJpp_Yg,COMPUESTOS Podcast,2026-04-27T23:00:58+00:00,14.519147,176,1,12.121924,active
2026-05-12T11:28:32.318099+00:00,dUo1R8tp6zQ,UCjSVqRtdOsxQDss_pJpp_Yg,COMPUESTOS Podcast,2026-04-26T01:00:43+00:00,16.435987,282,1,17.157473,active
2026-05-12T11:28:32.318099+00:00,uJzhn5czGL4,UCjSVqRtdOsxQDss_pJpp_Yg,COMPUESTOS Podcast,2026-04-25T18:00:54+00:00,16.727527,1626,1,97.205044,active
2026-05-12T11:28:32.318099+00:00,Mxv60XerzG4,UCF0L4jd9LcSIxsj5gKITMqQ,Jaime Higuera,2026-04-27T19:30:02+00:00,14.665629,7430,1,506.626753,active
2026-05-12T11:28:32.318099+00:00,MdYM6kw372Q,UCF0L4jd9LcSIxsj5gKITMqQ,Jaime Higuera,2026-04-26T20:30:06+00:00,15.623916,17421,1,1115.021356,active
2026-05-12T11:28:32.318099+00:00,03uRM4Uz5t8,UCF0L4jd9LcSIxsj5gKITMqQ,Jaime Higuera,2026-04-26T10:28:53+00:00,16.041427,19991,1,1246.210827,active
2026-05-12T11:28:32.318099+00:00,TCGbMJYgaYA,UCF0L4jd9LcSIxsj5gKITMqQ,Jaime Higuera,2026-04-23T12:00:52+00:00,18.97755,4771,1,251.402315,active
2026-05-12T11:28:32.318099+00:00,xSS2WTAglww,UCF0L4jd9LcSIxsj5gKITMqQ,Jaime Higuera,2026-04-23T11:01:25+00:00,19.018835,3022,1,158.895116,active
2026-05-12T11:28:32.318099+00:00,3wJvtiigDcg,UCF0L4jd9LcSIxsj5gKITMqQ,Jaime Higuera,2026-04-23T08:00:07+00:00,19.144737,2650,1,138.419243,active
2026-05-12T11:28:32.318099+00:00,AWWSm291p7c,UCF0L4jd9LcSIxsj5gKITMqQ,Jaime Higuera,2026-04-22T18:00:15+00:00,19.727978,4817,1,244.170994,active
2026-05-12T11:28:32.318099+00:00,GQtuLY1Qs1Q,UCF0L4jd9LcSIxsj5gKITMqQ,Jaime Higuera,2026-04-22T17:00:20+00:00,19.769587,3698,1,187.054995,active
2026-05-12T11:28:32.318099+00:00,izQP0WI1i9A,UCF0L4jd9LcSIxsj5gKITMqQ,Jaime Higuera,2026-04-22T16:01:13+00:00,19.81064,4380,1,221.093311,active
2026-05-12T11:28:32.318099+00:00,hx45I5QyAFw,UCF0L4jd9LcSIxsj5gKITMqQ,Jaime Higuera,2026-04-22T15:01:23+00:00,19.852191,7323,1,368.876161,active
2026-05-12T11:28:32.318099+00:00,cRKwXRLqKQM,UCF0L4jd9LcSIxsj5gKITMqQ,Jaime Higuera,2026-04-22T14:30:23+00:00,19.873719,3383,1,170.224808,active
2026-05-12T11:28:32.318099+00:00,VsjETURd7No,UCF0L4jd9LcSIxsj5gKITMqQ,Jaime Higuera,2026-04-22T14:01:00+00:00,19.894124,1796,1,90.277913,active
2026-05-12T11:28:32.318099+00:00,9Ke8dmefEqo,UCF0L4jd9LcSIxsj5gKITMqQ,Jaime Higuera,2026-04-22T12:41:55+00:00,19.949043,8566,1,429.394032,active
2026-05-12T11:28:32.318099+00:00,SZLTZDoVcfA,UCF0L4jd9LcSIxsj5gKITMqQ,Jaime Higuera,2026-04-21T19:30:04+00:00,20.665606,3496,1,169.169973,active
2026-05-12T11:28:32.318099+00:00,m8mdQGF-Pmw,UCF0L4jd9LcSIxsj5gKITMqQ,Jaime Higuera,2026-04-21T10:01:19+00:00,21.060571,23104,1,1097.026287,active
2026-05-12T11:28:32.318099+00:00,saLXbA_OCkE,UCiqJoWIT-vm-hJoXilFGiUQ,Inversión Inteligente - Alain Cortés,2026-04-27T02:00:00+00:00,15.394818,443,1,28.775917,active
2026-05-12T11:28:32.318099+00:00,sPHe-L95K0o,UCP7PV59jal4PobLeo5cSG_Q,Santiago Amat,2026-04-27T21:44:06+00:00,14.572527,1791,1,122.9025,active
2026-05-12T11:28:32.318099+00:00,2q62qBqugJE,UCP7PV59jal4PobLeo5cSG_Q,Santiago Amat,2026-04-25T13:16:17+00:00,16.925177,916,1,54.120557,active
2026-05-12T11:28:32.318099+00:00,F4ZxeuNDoUw,UCRDQzsHtx2cXvzEXnEhbxBg,Mister Krax,2026-04-27T06:17:21+00:00,15.216103,12137,1,797.641814,active
2026-05-12T11:28:32.318099+00:00,oeymdn1d4qg,UCRDQzsHtx2cXvzEXnEhbxBg,Mister Krax,2026-04-27T05:49:47+00:00,15.235247,7481,1,491.032407,active
2026-05-12T11:28:32.318099+00:00,8MhnMHlXk7Q,UCRDQzsHtx2cXvzEXnEhbxBg,Mister Krax,2026-04-26T05:54:22+00:00,16.232064,5327,1,328.177612,active
2026-05-12T11:28:32.318099+00:00,XvLttG6zZck,UCRDQzsHtx2cXvzEXnEhbxBg,Mister Krax,2026-04-21T16:29:08+00:00,20.791254,15903,1,764.888929,active
2026-05-12T11:28:32.318099+00:00,UWRxdKxuOb8,UCF0L4jd9LcSIxsj5gKITMqQ,Jaime Higuera,2026-04-28T08:00:27+00:00,14.144506,15749,1,1113.435846,active
2026-05-12T11:28:32.318099+00:00,RVu1kgj-miw,UCRDQzsHtx2cXvzEXnEhbxBg,Mister Krax,2026-04-28T05:32:50+00:00,14.247018,10395,1,729.626368,active
2026-05-12T11:28:32.318099+00:00,67JREKwyixk,UCl5-lvQyfILb-l2abPk4Ntg,Inteligencia Artificial,2026-04-28T15:27:54+00:00,13.833777,9014,1,651.59356,active
2026-05-12T11:28:32.318099+00:00,TAJkbsNrZuM,UCEK0oX3X2yK9y27khCsrNKg,Mis Propias Finanzas,2026-04-29T12:50:07+00:00,12.943349,974,1,75.251003,active
2026-05-12T11:28:32.318099+00:00,dG7UGA71QJU,UCjSVqRtdOsxQDss_pJpp_Yg,COMPUESTOS Podcast,2026-04-30T02:30:35+00:00,12.37358,1757,1,141.996092,active
2026-05-12T11:28:32.318099+00:00,MnlZeYcfowk,UCF0L4jd9LcSIxsj5gKITMqQ,Jaime Higuera,2026-04-30T10:00:46+00:00,12.060953,3863,1,320.289781,active
2026-05-12T11:28:32.318099+00:00,LQd65ctML6o,UCF0L4jd9LcSIxsj5gKITMqQ,Jaime Higuera,2026-04-30T09:00:33+00:00,12.10277,5254,1,434.115496,active
2026-05-12T11:28:32.318099+00:00,DBWMP58IOcw,UCF0L4jd9LcSIxsj5gKITMqQ,Jaime Higuera,2026-04-29T18:35:57+00:00,12.703187,11843,1,932.285733,active
2026-05-12T11:28:32.318099+00:00,Qf1PdYlk_9A,UCF0L4jd9LcSIxsj5gKITMqQ,Jaime Higuera,2026-04-29T18:00:24+00:00,12.727874,2900,1,227.846379,active
2026-05-12T11:28:32.318099+00:00,M_iusAv-K8Y,UCP7PV59jal4PobLeo5cSG_Q,Santiago Amat,2026-04-29T21:19:52+00:00,12.589356,1661,1,131.936852,active
2026-05-12T11:28:32.318099+00:00,fgasMQ6UWPY,UCEK0oX3X2yK9y27khCsrNKg,Mis Propias Finanzas,2026-04-30T20:33:03+00:00,11.621867,5016,1,431.60019,active
2026-05-12T11:28:32.318099+00:00,Tu8OUN2WuyU,UCEK0oX3X2yK9y27khCsrNKg,Mis Propias Finanzas,2026-04-30T17:00:40+00:00,11.769356,1515,1,128.724121,active
2026-05-12T11:28:32.318099+00:00,FzdGk0ceLCA,UCjSVqRtdOsxQDss_pJpp_Yg,COMPUESTOS Podcast,2026-05-01T02:00:13+00:00,11.394668,1252,1,109.875953,active
2026-05-12T11:28:32.318099+00:00,0GmokuFXa_o,UCjSVqRtdOsxQDss_pJpp_Yg,COMPUESTOS Podcast,2026-05-01T00:00:03+00:00,11.478117,1783,1,155.339068,active
2026-05-12T11:28:32.318099+00:00,JTtyJPD0ZOw,UCF0L4jd9LcSIxsj5gKITMqQ,Jaime Higuera,2026-04-30T17:00:33+00:00,11.769437,13973,1,1187.227562,active
2026-05-12T11:28:32.318099+00:00,eYZUzUEUsjo,UCF0L4jd9LcSIxsj5gKITMqQ,Jaime Higuera,2026-04-30T13:01:11+00:00,11.935663,2233,1,187.086381,active
2026-05-12T11:28:32.318099+00:00,xfMhpaP8QSg,UCRDQzsHtx2cXvzEXnEhbxBg,Mister Krax,2026-05-01T04:49:08+00:00,11.277365,8676,1,769.328651,active
2026-05-12T11:28:32.318099+00:00,6dfxL42fP0c,UCF0L4jd9LcSIxsj5gKITMqQ,Jaime Higuera,2026-05-01T20:00:06+00:00,10.644749,1849,1,173.700667,active
2026-05-12T11:28:32.318099+00:00,RGWm_UCIWnc,UCF0L4jd9LcSIxsj5gKITMqQ,Jaime Higuera,2026-05-01T18:00:20+00:00,10.72792,13885,1,1294.286311,active
2026-05-12T11:28:32.318099+00:00,WFOEVVlOH8s,UCjSVqRtdOsxQDss_pJpp_Yg,COMPUESTOS Podcast,2026-05-03T02:00:35+00:00,9.394413,431,1,45.878332,active
2026-05-12T11:28:32.318099+00:00,IrefshwOoX8,UCjSVqRtdOsxQDss_pJpp_Yg,COMPUESTOS Podcast,2026-05-03T01:00:14+00:00,9.436323,454,1,48.111961,active
2026-05-12T11:28:32.318099+00:00,Cyfs-ngasus,UCjSVqRtdOsxQDss_pJpp_Yg,COMPUESTOS Podcast,2026-05-03T00:00:12+00:00,9.478013,780,1,82.29573,active
2026-05-12T11:28:32.318099+00:00,dIwCndpKuSE,UCF0L4jd9LcSIxsj5gKITMqQ,Jaime Higuera,2026-05-03T08:00:43+00:00,9.144321,4550,1,497.576583,active
2026-05-12T11:28:32.318099+00:00,q8AEtTOo2ZU,UCF0L4jd9LcSIxsj5gKITMqQ,Jaime Higuera,2026-05-04T18:31:08+00:00,7.706531,5270,1,683.835568,active
2026-05-12T11:28:32.318099+00:00,2NMgx26Y-Bk,UCF0L4jd9LcSIxsj5gKITMqQ,Jaime Higuera,2026-05-03T21:45:00+00:00,8.571902,3529,1,411.693927,active
2026-05-12T11:28:32.318099+00:00,X5_Q7FZ0Sik,UCF0L4jd9LcSIxsj5gKITMqQ,Jaime Higuera,2026-05-03T21:35:56+00:00,8.578198,3013,1,351.23927,active
2026-05-12T11:28:32.318099+00:00,8Cc0marf_vs,UCF0L4jd9LcSIxsj5gKITMqQ,Jaime Higuera,2026-05-03T20:38:04+00:00,8.618383,5826,1,675.996878,active
2026-05-12T11:28:32.318099+00:00,9u4d0EDxCkY,UCF0L4jd9LcSIxsj5gKITMqQ,Jaime Higuera,2026-05-03T20:31:05+00:00,8.623233,1977,1,229.264361,active
2026-05-12T11:28:32.318099+00:00,GKCz_gBPkvI,UCF0L4jd9LcSIxsj5gKITMqQ,Jaime Higuera,2026-05-03T18:08:27+00:00,8.722284,4399,1,504.340377,active
2026-05-12T11:28:32.318099+00:00,q4PUKnyy3QQ,UCF0L4jd9LcSIxsj5gKITMqQ,Jaime Higuera,2026-05-03T16:01:19+00:00,8.810571,6647,1,754.434644,active
2026-05-12T11:28:32.318099+00:00,gZ3EniqK8Qc,UCF0L4jd9LcSIxsj5gKITMqQ,Jaime Higuera,2026-05-04T20:00:27+00:00,7.644506,4565,1,597.160889,active
2026-05-12T11:28:32.318099+00:00,TSAh8dzN0cw,UCl5-lvQyfILb-l2abPk4Ntg,Inteligencia Artificial,2026-04-24T14:34:18+00:00,17.870999,10826,0,605.785944,active
2026-05-12T11:28:32.318099+00:00,PZ2yduZysf0,UCl5-lvQyfILb-l2abPk4Ntg,Inteligencia Artificial,2026-04-24T10:07:32+00:00,18.056254,5979,0,331.131806,active
2026-05-12T11:28:32.318099+00:00,Rdfd1KAX6NU,UCl5-lvQyfILb-l2abPk4Ntg,Inteligencia Artificial,2026-04-23T17:09:42+00:00,18.763082,7589,0,404.464469,active
2026-05-12T11:28:32.318099+00:00,aNfOwttNQcg,UCl5-lvQyfILb-l2abPk4Ntg,Inteligencia Artificial,2026-04-23T11:52:09+00:00,18.983603,4498,0,236.941322,active
2026-05-12T11:28:32.318099+00:00,lrl7lslhv2s,UCl5-lvQyfILb-l2abPk4Ntg,Inteligencia Artificial,2026-04-22T12:01:15+00:00,19.977284,8697,0,435.344464,active
2026-05-12T11:28:32.318099+00:00,Enic64S66_s,UCl5-lvQyfILb-l2abPk4Ntg,Inteligencia Artificial,2026-04-21T14:05:59+00:00,20.890663,6103,0,292.140082,active
2026-05-12T11:28:32.318099+00:00,YldxYShWvGE,UCl5-lvQyfILb-l2abPk4Ntg,Inteligencia Artificial,2026-04-21T12:17:33+00:00,20.965964,7193,0,343.07986,active
2026-05-12T11:28:32.318099+00:00,C9V8L2emj9M,UCEK0oX3X2yK9y27khCsrNKg,Mis Propias Finanzas,2026-04-22T15:00:21+00:00,19.852909,3922,0,197.552913,active
2026-05-12T11:28:32.318099+00:00,0O8CF6F7CVs,UCQIUhtP5WYIx_pMG8UvMYHg,Cristina Dayz ,2026-04-23T10:32:02+00:00,19.03924,0,0,0,active
2026-05-12T11:28:32.318099+00:00,kFVzax1iFW8,UCjSVqRtdOsxQDss_pJpp_Yg,COMPUESTOS Podcast,2026-04-27T01:00:41+00:00,15.436011,219,0,14.187603,active
2026-05-12T11:28:32.318099+00:00,u03PlL13QDw,UCjSVqRtdOsxQDss_pJpp_Yg,COMPUESTOS Podcast,2026-04-27T00:30:52+00:00,15.456717,3414,0,220.874847,active
2026-05-12T11:28:32.318099+00:00,YPM2Fep2P3A,UCjSVqRtdOsxQDss_pJpp_Yg,COMPUESTOS Podcast,2026-04-26T00:00:37+00:00,16.477724,1813,0,110.027331,active
2026-05-12T11:28:32.318099+00:00,dCJJcNtrNjo,UCjSVqRtdOsxQDss_pJpp_Yg,COMPUESTOS Podcast,2026-04-25T00:00:51+00:00,17.477562,1141,0,65.283705,active
2026-05-12T11:28:32.318099+00:00,WVEngsk1RuQ,UCjSVqRtdOsxQDss_pJpp_Yg,COMPUESTOS Podcast,2026-04-24T02:00:34+00:00,18.394425,1750,0,95.137521,active
2026-05-12T11:28:32.318099+00:00,Tx6waClZSYM,UCjSVqRtdOsxQDss_pJpp_Yg,COMPUESTOS Podcast,2026-04-23T02:00:22+00:00,19.394564,2963,0,152.774767,active
2026-05-12T11:28:32.318099+00:00,vd8fb3noIgY,UCF0L4jd9LcSIxsj5gKITMqQ,Jaime Higuera,2026-04-27T21:55:00+00:00,14.564957,17013,0,1168.077599,active
2026-05-12T11:28:32.318099+00:00,nZlhHf8vSbU,UCF0L4jd9LcSIxsj5gKITMqQ,Jaime Higuera,2026-04-27T21:52:08+00:00,14.566948,9229,0,633.557558,active
2026-05-12T11:28:32.318099+00:00,qsJSGpOs5q4,UCF0L4jd9LcSIxsj5gKITMqQ,Jaime Higuera,2026-04-27T20:00:27+00:00,14.644506,14626,0,998.736318,active
2026-05-12T11:28:32.318099+00:00,PMX-urJB7uw,UCF0L4jd9LcSIxsj5gKITMqQ,Jaime Higuera,2026-04-26T21:00:20+00:00,15.60292,2771,0,177.594963,active
2026-05-12T11:28:32.318099+00:00,RBz3O-4xBYE,UCF0L4jd9LcSIxsj5gKITMqQ,Jaime Higuera,2026-04-26T14:00:44+00:00,15.894309,14987,0,942.916109,active
2026-05-12T11:28:32.318099+00:00,rzqgWnJPamU,UCF0L4jd9LcSIxsj5gKITMqQ,Jaime Higuera,2026-04-26T10:01:14+00:00,16.060629,3000,0,186.792186,active
2026-05-12T11:28:32.318099+00:00,nLlqkXdlNsM,UCF0L4jd9LcSIxsj5gKITMqQ,Jaime Higuera,2026-04-26T09:00:54+00:00,16.102527,23676,0,1470.328229,active
2026-05-12T11:28:32.318099+00:00,fIZkXHaOuvY,UCF0L4jd9LcSIxsj5gKITMqQ,Jaime Higuera,2026-04-26T08:00:41+00:00,16.144344,2564,0,158.81723,active
2026-05-12T11:28:32.318099+00:00,t3oZncJYgwE,UCF0L4jd9LcSIxsj5gKITMqQ,Jaime Higuera,2026-04-25T21:45:02+00:00,16.571879,3909,0,235.88152,active
2026-05-12T11:28:32.318099+00:00,h5Snd8uqih8,UCF0L4jd9LcSIxsj5gKITMqQ,Jaime Higuera,2026-04-25T21:15:02+00:00,16.592712,2813,0,169.532262,active
2026-05-12T11:28:32.318099+00:00,Z-xAO96GQtU,UCF0L4jd9LcSIxsj5gKITMqQ,Jaime Higuera,2026-04-25T21:00:37+00:00,16.602724,10317,0,621.404054,active
2026-05-12T11:28:32.318099+00:00,kLZUfQUWNNw,UCF0L4jd9LcSIxsj5gKITMqQ,Jaime Higuera,2026-04-25T20:28:11+00:00,16.625247,2299,0,138.28366,active
2026-05-12T11:28:32.318099+00:00,uOGqRV25LOc,UCF0L4jd9LcSIxsj5gKITMqQ,Jaime Higuera,2026-04-25T18:12:57+00:00,16.719159,2010,0,120.221358,active
2026-05-12T11:28:32.318099+00:00,X5MyBjZ8Jgw,UCF0L4jd9LcSIxsj5gKITMqQ,Jaime Higuera,2026-04-25T14:01:02+00:00,16.894101,24200,0,1432.452665,active
2026-05-12T11:28:32.318099+00:00,Ux-bi7bqrUU,UCF0L4jd9LcSIxsj5gKITMqQ,Jaime Higuera,2026-04-25T13:30:36+00:00,16.915235,6498,0,384.150737,active
2026-05-12T11:28:32.318099+00:00,0xTKuxdSrRI,UCF0L4jd9LcSIxsj5gKITMqQ,Jaime Higuera,2026-04-25T12:49:04+00:00,16.944078,26822,0,1582.971939,active
2026-05-12T11:28:32.318099+00:00,uHx1N_qFfTw,UCF0L4jd9LcSIxsj5gKITMqQ,Jaime Higuera,2026-04-24T18:00:50+00:00,17.727573,2929,0,165.222842,active
2026-05-12T11:28:32.318099+00:00,SrN39dykl7A,UCF0L4jd9LcSIxsj5gKITMqQ,Jaime Higuera,2026-04-24T18:00:33+00:00,17.72777,3870,0,218.301569,active
2026-05-12T11:28:32.318099+00:00,YY3pLnSX1W4,UCF0L4jd9LcSIxsj5gKITMqQ,Jaime Higuera,2026-04-24T17:00:47+00:00,17.769275,3939,0,221.674773,active
2026-05-12T11:28:32.318099+00:00,qO9602XOIfY,UCF0L4jd9LcSIxsj5gKITMqQ,Jaime Higuera,2026-04-24T16:01:25+00:00,17.810501,16391,0,920.299771,active
2026-05-12T11:28:32.318099+00:00,WBBOTxvDook,UCF0L4jd9LcSIxsj5gKITMqQ,Jaime Higuera,2026-04-24T16:01:02+00:00,17.810768,3686,0,206.953456,active
2026-05-12T11:28:32.318099+00:00,weyrpnOTB-A,UCF0L4jd9LcSIxsj5gKITMqQ,Jaime Higuera,2026-04-24T15:30:38+00:00,17.831879,3817,0,214.05484,active
2026-05-12T11:28:32.318099+00:00,Jlw306k4Sv0,UCF0L4jd9LcSIxsj5gKITMqQ,Jaime Higuera,2026-04-24T15:00:28+00:00,17.852828,2233,0,125.078223,active
2026-05-12T11:28:32.318099+00:00,jKwIvjb9kgM,UCF0L4jd9LcSIxsj5gKITMqQ,Jaime Higuera,2026-04-24T14:01:15+00:00,17.89395,8299,0,463.78804,active
2026-05-12T11:28:32.318099+00:00,kyojR7HQsVs,UCF0L4jd9LcSIxsj5gKITMqQ,Jaime Higuera,2026-04-24T13:29:27+00:00,17.916034,4581,0,255.69275,active
2026-05-12T11:28:32.318099+00:00,8ImVuaOhTf4,UCF0L4jd9LcSIxsj5gKITMqQ,Jaime Higuera,2026-04-23T17:00:10+00:00,18.769703,12682,0,675.663328,active
2026-05-12T11:28:32.318099+00:00,SxYWhC51qFo,UCF0L4jd9LcSIxsj5gKITMqQ,Jaime Higuera,2026-04-23T15:00:52+00:00,18.85255,8209,0,435.431812,active
2026-05-12T11:28:32.318099+00:00,ymxpml7CipE,UCF0L4jd9LcSIxsj5gKITMqQ,Jaime Higuera,2026-04-23T14:01:37+00:00,18.893696,5249,0,277.817532,active
2026-05-12T11:28:32.318099+00:00,LikC_lxkVEg,UCF0L4jd9LcSIxsj5gKITMqQ,Jaime Higuera,2026-04-23T13:00:44+00:00,18.935976,6114,0,322.877469,active
2026-05-12T11:28:32.318099+00:00,vyUuhcDRcf4,UCF0L4jd9LcSIxsj5gKITMqQ,Jaime Higuera,2026-04-22T13:01:46+00:00,19.935258,10132,0,508.245241,active
2026-05-12T11:28:32.318099+00:00,50Esq3fgXzA,UCF0L4jd9LcSIxsj5gKITMqQ,Jaime Higuera,2026-04-21T21:30:01+00:00,20.582307,4051,0,196.81953,active
2026-05-12T11:28:32.318099+00:00,-rDMPyp2tvQ,UCF0L4jd9LcSIxsj5gKITMqQ,Jaime Higuera,2026-04-21T21:00:00+00:00,20.603152,5608,0,272.191362,active
2026-05-12T11:28:32.318099+00:00,vW1rzDI4KhM,UCF0L4jd9LcSIxsj5gKITMqQ,Jaime Higuera,2026-04-21T20:00:41+00:00,20.644344,3321,0,160.867306,active
2026-05-12T11:28:32.318099+00:00,5aR4agCS1OM,UCF0L4jd9LcSIxsj5gKITMqQ,Jaime Higuera,2026-04-21T19:00:11+00:00,20.686358,6398,0,309.285956,active
2026-05-12T11:28:32.318099+00:00,wm1qu3D9-ho,UCF0L4jd9LcSIxsj5gKITMqQ,Jaime Higuera,2026-04-21T09:01:18+00:00,21.102249,4134,0,195.90329,active
2026-05-12T11:28:32.318099+00:00,MCnA_GAeAfg,UCiqJoWIT-vm-hJoXilFGiUQ,Inversión Inteligente - Alain Cortés,2026-04-26T23:30:00+00:00,15.498985,571,0,36.841122,active
2026-05-12T11:28:32.318099+00:00,kLhNERKdwd4,UCiqJoWIT-vm-hJoXilFGiUQ,Inversión Inteligente - Alain Cortés,2026-04-26T20:18:24+00:00,15.632041,939,0,60.068931,active
2026-05-12T11:28:32.318099+00:00,YNW_D7b60I4,UCiqJoWIT-vm-hJoXilFGiUQ,Inversión Inteligente - Alain Cortés,2026-04-25T03:00:00+00:00,17.353152,765,0,44.08421,active
2026-05-12T11:28:32.318099+00:00,G1xuyxMOUNM,UCiqJoWIT-vm-hJoXilFGiUQ,Inversión Inteligente - Alain Cortés,2026-04-24T19:06:32+00:00,17.681948,1452,0,82.117649,active
2026-05-12T11:28:32.318099+00:00,sZoT8IoDJTU,UCiqJoWIT-vm-hJoXilFGiUQ,Inversión Inteligente - Alain Cortés,2026-04-23T17:00:00+00:00,18.769818,701,0,37.347192,active
2026-05-12T11:28:32.318099+00:00,wlOrP9Q1akA,UCiqJoWIT-vm-hJoXilFGiUQ,Inversión Inteligente - Alain Cortés,2026-04-23T15:30:42+00:00,18.831832,760,0,40.357199,active
2026-05-12T11:28:32.318099+00:00,Mm2C9CRyDxY,UCiqJoWIT-vm-hJoXilFGiUQ,Inversión Inteligente - Alain Cortés,2026-04-22T21:00:00+00:00,19.603152,653,0,33.31097,active
2026-05-12T11:28:32.318099+00:00,wvJLjIR3nRI,UCiqJoWIT-vm-hJoXilFGiUQ,Inversión Inteligente - Alain Cortés,2026-04-22T17:00:00+00:00,19.769818,690,0,34.901687,active
2026-05-12T11:28:32.318099+00:00,nIrSjC_gsk8,UCiqJoWIT-vm-hJoXilFGiUQ,Inversión Inteligente - Alain Cortés,2026-04-22T01:00:00+00:00,20.436485,631,0,30.876151,active
2026-05-12T11:28:32.318099+00:00,IaUn-c8Lxss,UCiqJoWIT-vm-hJoXilFGiUQ,Inversión Inteligente - Alain Cortés,2026-04-21T23:26:44+00:00,20.501254,582,0,28.388507,active
2026-05-12T11:28:32.318099+00:00,h_G5spN1nJk,UC30ajuhy8cViP2DiM1QLjmg,98grados,2026-04-22T22:20:30+00:00,19.547249,18790,0,961.260585,active
2026-05-12T11:28:32.318099+00:00,d4AaggbJACU,UCOD6LXgeBoeiUZTsPLdG-0g,Vida MRR - Programacion web,2026-04-25T15:54:23+00:00,16.815386,1109,0,65.951504,active
2026-05-12T11:28:32.318099+00:00,VvBy9AkhR2w,UCBBWpss2iXVXtTzl7-4eWbg,Jessica Fernández García,2026-04-27T01:11:41+00:00,15.428372,5631,0,364.97694,active
2026-05-12T11:28:32.318099+00:00,H1fy1Brpa3Q,UCBBWpss2iXVXtTzl7-4eWbg,Jessica Fernández García,2026-04-22T18:26:14+00:00,19.709934,9337,0,473.720511,active
2026-05-12T11:28:32.318099+00:00,PQOKPfU-zIs,UCF0L4jd9LcSIxsj5gKITMqQ,Jaime Higuera,2026-04-28T21:30:10+00:00,13.582203,3898,0,286.993207,active
2026-05-12T11:28:32.318099+00:00,7A5KHuRU8BE,UCF0L4jd9LcSIxsj5gKITMqQ,Jaime Higuera,2026-04-28T21:00:06+00:00,13.603082,3428,0,252.001715,active
2026-05-12T11:28:32.318099+00:00,AMpe2jD0lZw,UCF0L4jd9LcSIxsj5gKITMqQ,Jaime Higuera,2026-04-28T20:30:01+00:00,13.623974,5818,0,427.041332,active
2026-05-12T11:28:32.318099+00:00,yawQxLw0K08,UCF0L4jd9LcSIxsj5gKITMqQ,Jaime Higuera,2026-04-28T20:00:43+00:00,13.644321,7211,0,528.498267,active
2026-05-12T11:28:32.318099+00:00,mT-7tbs7rVw,UCF0L4jd9LcSIxsj5gKITMqQ,Jaime Higuera,2026-04-28T19:45:01+00:00,13.655224,17755,0,1300.234987,active
2026-05-12T11:28:32.318099+00:00,8mnzaIML2AM,UCF0L4jd9LcSIxsj5gKITMqQ,Jaime Higuera,2026-04-28T19:41:47+00:00,13.657469,2709,0,198.353004,active
2026-05-12T11:28:32.318099+00:00,XoY4BiK1WW8,UCF0L4jd9LcSIxsj5gKITMqQ,Jaime Higuera,2026-04-28T19:33:49+00:00,13.663001,5063,0,370.562807,active
2026-05-12T11:28:32.318099+00:00,1t2Yd_bmg_k,UCF0L4jd9LcSIxsj5gKITMqQ,Jaime Higuera,2026-04-28T15:41:00+00:00,13.82468,9407,0,680.449746,active
2026-05-12T11:28:32.318099+00:00,MlSS4ZqvJuA,UCF0L4jd9LcSIxsj5gKITMqQ,Jaime Higuera,2026-04-28T12:44:03+00:00,13.947562,29249,0,2097.069007,active
2026-05-12T11:28:32.318099+00:00,FdFgh2vQp8I,UCiqJoWIT-vm-hJoXilFGiUQ,Inversión Inteligente - Alain Cortés,2026-04-28T21:42:35+00:00,13.57358,905,0,66.673641,active
2026-05-12T11:28:32.318099+00:00,hCNT8hK1T98,UCjSVqRtdOsxQDss_pJpp_Yg,COMPUESTOS Podcast,2026-04-29T02:00:41+00:00,13.394344,1226,0,91.531172,active
2026-05-12T11:28:32.318099+00:00,I66LDF9iWts,UCjSVqRtdOsxQDss_pJpp_Yg,COMPUESTOS Podcast,2026-04-29T01:00:18+00:00,13.436277,117,0,8.707769,active
2026-05-12T11:28:32.318099+00:00,96k8OXI58Ko,UCF0L4jd9LcSIxsj5gKITMqQ,Jaime Higuera,2026-04-29T11:00:14+00:00,13.019656,2059,0,158.145499,active
2026-05-12T11:28:32.318099+00:00,FHeTJmwxo5s,UCF0L4jd9LcSIxsj5gKITMqQ,Jaime Higuera,2026-04-29T10:00:19+00:00,13.061265,1621,0,124.107428,active
2026-05-12T11:28:32.318099+00:00,Vd3Pkc0YGrM,UCF0L4jd9LcSIxsj5gKITMqQ,Jaime Higuera,2026-04-29T09:00:42+00:00,13.102666,9096,0,694.209865,active
2026-05-12T11:28:32.318099+00:00,_BhjwaNE8mc,UCF0L4jd9LcSIxsj5gKITMqQ,Jaime Higuera,2026-04-29T08:00:43+00:00,13.144321,7629,0,580.402746,active
2026-05-12T11:28:32.318099+00:00,Q4zggacUY6E,UCEK0oX3X2yK9y27khCsrNKg,Mis Propias Finanzas,2026-04-29T23:00:23+00:00,12.519552,4042,0,322.855003,active
2026-05-12T11:28:32.318099+00:00,YfEz4a39qS0,UCEK0oX3X2yK9y27khCsrNKg,Mis Propias Finanzas,2026-04-29T15:00:53+00:00,12.852538,1472,0,114.529908,active
2026-05-12T11:28:32.318099+00:00,xpf49h0tGvI,UCjSVqRtdOsxQDss_pJpp_Yg,COMPUESTOS Podcast,2026-04-30T02:01:01+00:00,12.394112,147,0,11.860471,active
2026-05-12T11:28:32.318099+00:00,-OmU9HqUNZ0,UCjSVqRtdOsxQDss_pJpp_Yg,COMPUESTOS Podcast,2026-04-30T01:30:01+00:00,12.41564,1504,0,121.137533,active
2026-05-12T11:28:32.318099+00:00,1c8cpHNlIb8,UCF0L4jd9LcSIxsj5gKITMqQ,Jaime Higuera,2026-04-29T14:00:02+00:00,12.894795,3845,0,298.182329,active
2026-05-12T11:28:32.318099+00:00,-ZL_mpjxaUo,UCF0L4jd9LcSIxsj5gKITMqQ,Jaime Higuera,2026-04-29T13:00:00+00:00,12.936485,5108,0,394.852234,active
2026-05-12T11:28:32.318099+00:00,zzsUsCRoGcI,UCF0L4jd9LcSIxsj5gKITMqQ,Jaime Higuera,2026-04-29T12:02:01+00:00,12.976751,2682,0,206.677311,active
2026-05-12T11:28:32.318099+00:00,X8ekpP_cQa8,UCiqJoWIT-vm-hJoXilFGiUQ,Inversión Inteligente - Alain Cortés,2026-04-30T00:00:00+00:00,12.478152,817,0,65.474439,active
2026-05-12T11:28:32.318099+00:00,i7eGzJCQ1Yg,UCiqJoWIT-vm-hJoXilFGiUQ,Inversión Inteligente - Alain Cortés,2026-04-29T19:00:00+00:00,12.686485,824,0,64.951009,active
2026-05-12T11:28:32.318099+00:00,GZ9itUCDrac,UCiqJoWIT-vm-hJoXilFGiUQ,Inversión Inteligente - Alain Cortés,2026-04-29T15:00:00+00:00,12.853152,328,0,25.519032,active
2026-05-12T11:28:32.318099+00:00,Nz7vsR3_W3I,UCF0L4jd9LcSIxsj5gKITMqQ,Jaime Higuera,2026-04-30T18:00:32+00:00,11.727781,13873,0,1182.917723,active
2026-05-12T11:28:32.318099+00:00,ZgcrZ8qm0-w,UCiqJoWIT-vm-hJoXilFGiUQ,Inversión Inteligente - Alain Cortés,2026-04-30T16:30:00+00:00,11.790652,852,0,72.260635,active
2026-05-12T11:28:32.318099+00:00,cxBZkkzJcpw,UCiqJoWIT-vm-hJoXilFGiUQ,Inversión Inteligente - Alain Cortés,2026-04-30T15:46:47+00:00,11.820663,265,0,22.41837,active
2026-05-12T11:28:32.318099+00:00,HZ2uROlnuEg,UCjSVqRtdOsxQDss_pJpp_Yg,COMPUESTOS Podcast,2026-05-02T01:00:23+00:00,10.436219,174,0,16.672705,active
2026-05-12T11:28:32.318099+00:00,gaOZZ1TYILU,UCjSVqRtdOsxQDss_pJpp_Yg,COMPUESTOS Podcast,2026-05-01T21:59:21+00:00,10.561937,121,0,11.456232,active
2026-05-12T11:28:32.318099+00:00,rQmlUxDeTxE,UCF0L4jd9LcSIxsj5gKITMqQ,Jaime Higuera,2026-05-01T21:01:03+00:00,10.602423,10545,0,994.583974,active
2026-05-12T11:28:32.318099+00:00,hE1O48iNhBw,UCF0L4jd9LcSIxsj5gKITMqQ,Jaime Higuera,2026-05-01T19:30:18+00:00,10.665443,3694,0,346.352233,active
2026-05-12T11:28:32.318099+00:00,Xcmg2noBQOw,UCF0L4jd9LcSIxsj5gKITMqQ,Jaime Higuera,2026-05-01T18:30:42+00:00,10.706832,2977,0,278.046765,active
2026-05-12T11:28:32.318099+00:00,uoRmXpQseH8,UCqGbnzprhyuzTOL8abZD-sQ,Pao Almontes,2026-05-01T18:29:15+00:00,10.707839,0,0,0,active
2026-05-12T11:28:32.318099+00:00,-lSM97fApgQ,UCqGbnzprhyuzTOL8abZD-sQ,Pao Almontes,2026-05-01T18:27:54+00:00,10.708777,0,0,0,active
2026-05-12T11:28:32.318099+00:00,1sofoaFEV58,UCqGbnzprhyuzTOL8abZD-sQ,Pao Almontes,2026-05-01T18:26:16+00:00,10.709911,0,0,0,active
2026-05-12T11:28:32.318099+00:00,Xshu2lM5PZE,UCF0L4jd9LcSIxsj5gKITMqQ,Jaime Higuera,2026-05-02T21:20:01+00:00,9.589251,5881,0,613.290861,active
2026-05-12T11:28:32.318099+00:00,WynveK8qJx4,UCF0L4jd9LcSIxsj5gKITMqQ,Jaime Higuera,2026-05-02T21:15:03+00:00,9.5927,3072,0,320.243519,active
2026-05-12T11:28:32.318099+00:00,iPg5fXvAqqo,UCF0L4jd9LcSIxsj5gKITMqQ,Jaime Higuera,2026-05-02T21:00:43+00:00,9.602654,9053,0,942.760199,active
2026-05-12T11:28:32.318099+00:00,N9drBPpPZFI,UCF0L4jd9LcSIxsj5gKITMqQ,Jaime Higuera,2026-05-02T20:45:00+00:00,9.613568,4803,0,499.60639,active
2026-05-12T11:28:32.318099+00:00,V2d9YyBmeUk,UCF0L4jd9LcSIxsj5gKITMqQ,Jaime Higuera,2026-05-02T14:01:52+00:00,9.893522,6622,0,669.326859,active
2026-05-12T11:28:32.318099+00:00,IZNeoCSdcfY,UCEK0oX3X2yK9y27khCsrNKg,Mis Propias Finanzas,2026-05-04T17:08:57+00:00,7.763603,2217,0,285.563288,active
2026-05-12T11:28:32.318099+00:00,e5ory4NWVaQ,UCjSVqRtdOsxQDss_pJpp_Yg,COMPUESTOS Podcast,2026-05-04T01:00:37+00:00,8.436057,113,0,13.394883,active
2026-05-12T11:28:32.318099+00:00,39rirHnSBZ4,UCiqJoWIT-vm-hJoXilFGiUQ,Inversión Inteligente - Alain Cortés,2026-05-04T02:00:00+00:00,8.394818,414,0,49.316138,active
2026-05-12T11:28:32.318099+00:00,yveo9j8JZts,UCiqJoWIT-vm-hJoXilFGiUQ,Inversión Inteligente - Alain Cortés,2026-05-03T16:54:56+00:00,8.773337,812,0,92.553153,active
2026-05-12T11:28:32.318099+00:00,7jg0cSWJpCA,UCF0L4jd9LcSIxsj5gKITMqQ,Jaime Higuera,2026-05-04T19:00:12+00:00,7.686346,2939,0,382.366342,active
2026-05-12T11:28:32.318099+00:00,dgLkCZqY25k,UCOvzFyIAr32yspwxx77BHcQ,Rob Paper Clips,2026-05-08T06:05:07+00:00,4.224599,0,0,0,early
2026-05-12T11:28:32.318099+00:00,V4tlvp9IP_8,UCjSVqRtdOsxQDss_pJpp_Yg,COMPUESTOS Podcast,2026-04-25T01:15:02+00:00,17.426045,187,-1,10.731064,active
2026-05-12T11:28:32.318099+00:00,bWihh-tcMoY,UCl5-lvQyfILb-l2abPk4Ntg,Inteligencia Artificial,2026-05-12T11:20:30+00:00,0.005582,44,,1056,first_24h
2026-05-12T11:28:32.318099+00:00,UusDINSii00,UCl5-lvQyfILb-l2abPk4Ntg,Inteligencia Artificial,2026-05-12T10:17:13+00:00,0.049529,574,,11589.169981,first_24h
2026-05-12T11:28:32.318099+00:00,4xS5ctymXBs,UCl5-lvQyfILb-l2abPk4Ntg,Inteligencia Artificial,2026-05-11T18:00:33+00:00,0.72777,46544,,63954.271267,first_24h
2026-05-12T11:28:32.318099+00:00,JBN7zfWpRJE,UCl5-lvQyfILb-l2abPk4Ntg,Inteligencia Artificial,2026-05-11T15:50:01+00:00,0.818418,4804,,5869.861122,first_24h
2026-05-12T11:28:32.318099+00:00,EEuxUlCj10Q,UCl5-lvQyfILb-l2abPk4Ntg,Inteligencia Artificial,2026-05-11T14:19:13+00:00,0.881474,1930,,2189.514382,first_24h
2026-05-12T11:28:32.318099+00:00,Y1Q2le4JrAI,UCFBpVaKCC0ajGps1vf0AgBg,Humphrey Yang,2026-05-11T23:38:00+00:00,0.49343,3149,,6381.857609,first_24h
2026-05-12T11:28:32.318099+00:00,ap_xXwAakaw,UCEK0oX3X2yK9y27khCsrNKg,Mis Propias Finanzas,2026-05-11T19:54:21+00:00,0.648742,2761,,4255.929168,first_24h
2026-05-12T11:28:32.318099+00:00,QIRrwtfpUo8,UCEK0oX3X2yK9y27khCsrNKg,Mis Propias Finanzas,2026-05-11T17:05:06+00:00,0.766277,655,,854.782278,first_24h
2026-05-12T11:28:32.318099+00:00,QHwSRnIfbuU,UCEK0oX3X2yK9y27khCsrNKg,Mis Propias Finanzas,2026-05-11T14:05:41+00:00,0.890872,1112,,1248.215232,first_24h
2026-05-12T11:28:32.318099+00:00,1x_VA9sQwrQ,UCvzk_MwdXD6jQa4Se-6B9ZQ,Adrià Solà Pastor,2026-05-11T12:07:54+00:00,0.972666,0,,0,first_24h
2026-05-12T11:28:32.318099+00:00,ioMFcAvfkO4,UCxFACDJ98idvo9Gq9M9AQgg,Moris Dieck | Finanzas e Inversiones ,2026-05-12T01:12:28+00:00,0.427828,6296,,14716.194358,first_24h
2026-05-12T11:28:32.318099+00:00,lSFO6ygKqoM,UCxFACDJ98idvo9Gq9M9AQgg,Moris Dieck | Finanzas e Inversiones ,2026-05-11T20:09:35+00:00,0.638163,20872,,32706.377524,first_24h
2026-05-12T11:28:32.318099+00:00,Omkh1QFFiBM,UCDOSaJ0pnglwzfkR6fYbisA,Luis Mi Negocios,2026-05-11T17:00:28+00:00,0.769494,15883,,20640.836706,first_24h
2026-05-12T11:28:32.318099+00:00,-6TqZHP3NIc,UCHMSzZaVrEjK35aYK3J7Htw,Pequeño Cerdo Capitalista,2026-05-12T00:02:52+00:00,0.476161,1701,,3572.321127,first_24h
2026-05-12T11:28:32.318099+00:00,3fh7-hAq5xM,UCUyDOdBWhC1MCxEjC46d-zw,Alex Hormozi,2026-05-12T11:00:24+00:00,0.019541,868,,20832,first_24h
2026-05-12T11:28:32.318099+00:00,4UhvmwlxRLM,UCUyDOdBWhC1MCxEjC46d-zw,Alex Hormozi,2026-05-12T09:00:35+00:00,0.102747,1307,,12720.566051,first_24h
2026-05-12T11:28:32.318099+00:00,LLj-ledF9PI,UCUyDOdBWhC1MCxEjC46d-zw,Alex Hormozi,2026-05-12T07:04:52+00:00,0.183106,4891,,26711.303835,first_24h
2026-05-12T11:28:32.318099+00:00,vEllJ_ltr18,UCUyDOdBWhC1MCxEjC46d-zw,Alex Hormozi,2026-05-12T05:00:28+00:00,0.269494,9012,,33440.447654,first_24h
2026-05-12T11:28:32.318099+00:00,DJFZGH0vKho,UCUyDOdBWhC1MCxEjC46d-zw,Alex Hormozi,2026-05-12T03:00:24+00:00,0.352874,6280,,17796.720642,first_24h
2026-05-12T11:28:32.318099+00:00,ja_XWS1tBOc,UCUyDOdBWhC1MCxEjC46d-zw,Alex Hormozi,2026-05-12T01:00:54+00:00,0.43586,14408,,33056.486028,first_24h
2026-05-12T11:28:32.318099+00:00,PSi75u9Lvek,UCUyDOdBWhC1MCxEjC46d-zw,Alex Hormozi,2026-05-11T23:00:30+00:00,0.519471,71228,,137116.412658,first_24h
2026-05-12T11:28:32.318099+00:00,B68QDB2YfZY,UCUyDOdBWhC1MCxEjC46d-zw,Alex Hormozi,2026-05-11T19:00:05+00:00,0.686427,7616,,11095.134661,first_24h
2026-05-12T11:28:32.318099+00:00,jwkXWZKLpFk,UCUyDOdBWhC1MCxEjC46d-zw,Alex Hormozi,2026-05-11T15:09:28+00:00,0.846578,159268,,188131.512985,first_24h
2026-05-12T11:28:32.318099+00:00,8WaOsUdfi6c,UCLe_q9axMaeTbjN0hy1Z9xA,Caleb Hammer,2026-05-12T01:00:08+00:00,0.436393,471464,,1080365.633729,first_24h
2026-05-12T11:28:32.318099+00:00,qrmEmu7nDFc,UCLe_q9axMaeTbjN0hy1Z9xA,Caleb Hammer,2026-05-11T22:00:56+00:00,0.560837,121086,,215902.303165,first_24h
2026-05-12T11:28:32.318099+00:00,uIcth4jt5yQ,UCLe_q9axMaeTbjN0hy1Z9xA,Caleb Hammer,2026-05-11T19:00:55+00:00,0.685849,1343504,,1958891.826043,first_24h
2026-05-12T11:28:32.318099+00:00,tT-5AciMHc8,UCLe_q9axMaeTbjN0hy1Z9xA,Caleb Hammer,2026-05-11T16:01:34+00:00,0.810397,260145,,321009.332463,first_24h
2026-05-12T11:28:32.318099+00:00,PQZ2-kl18nY,UCLe_q9axMaeTbjN0hy1Z9xA,Caleb Hammer,2026-05-11T15:00:45+00:00,0.852631,608324,,713466.904206,first_24h
2026-05-12T11:28:32.318099+00:00,lXVyuiseTsQ,UCjSVqRtdOsxQDss_pJpp_Yg,COMPUESTOS Podcast,2026-05-12T00:45:04+00:00,0.446856,602,,1347.190146,first_24h
2026-05-12T11:28:32.318099+00:00,l0ajkWIuraE,UCF0L4jd9LcSIxsj5gKITMqQ,Jaime Higuera,2026-05-11T21:45:05+00:00,0.571844,1904,,3329.579396,first_24h
2026-05-12T11:28:32.318099+00:00,BJ6ybiIMdbY,UCF0L4jd9LcSIxsj5gKITMqQ,Jaime Higuera,2026-05-11T21:30:05+00:00,0.582261,3025,,5195.264667,first_24h
2026-05-12T11:28:32.318099+00:00,SiElz1faChE,UCF0L4jd9LcSIxsj5gKITMqQ,Jaime Higuera,2026-05-11T21:25:00+00:00,0.585791,1005,,1715.628953,first_24h
2026-05-12T11:28:32.318099+00:00,7ZU_n58hY5Y,UCF0L4jd9LcSIxsj5gKITMqQ,Jaime Higuera,2026-05-11T21:15:00+00:00,0.592735,360,,607.354045,first_24h
2026-05-12T11:28:32.318099+00:00,zPidbS_3R94,UCF0L4jd9LcSIxsj5gKITMqQ,Jaime Higuera,2026-05-11T21:01:04+00:00,0.602411,1943,,3225.372711,first_24h
2026-05-12T11:28:32.318099+00:00,TybtF_UnwHI,UCF0L4jd9LcSIxsj5gKITMqQ,Jaime Higuera,2026-05-11T20:40:38+00:00,0.616601,636,,1031.461188,first_24h
2026-05-12T11:28:32.318099+00:00,z4h2OSxmQr8,UCF0L4jd9LcSIxsj5gKITMqQ,Jaime Higuera,2026-05-11T16:30:33+00:00,0.79027,4449,,5629.721488,first_24h
2026-05-12T11:28:32.318099+00:00,S9qeKnsIUJM,UCF0L4jd9LcSIxsj5gKITMqQ,Jaime Higuera,2026-05-11T16:00:42+00:00,0.810999,3639,,4487.058554,first_24h
2026-05-12T11:28:32.318099+00:00,1VvLw6sQMcI,UCF0L4jd9LcSIxsj5gKITMqQ,Jaime Higuera,2026-05-11T15:28:24+00:00,0.83343,2291,,2748.88113,first_24h
2026-05-12T11:28:32.318099+00:00,MLlYc5sy4X0,UCF0L4jd9LcSIxsj5gKITMqQ,Jaime Higuera,2026-05-11T14:13:14+00:00,0.885629,2981,,3365.969272,first_24h
2026-05-12T11:28:32.318099+00:00,wIfSyH9wFjs,UCP15FVAA2UL-QOcGhy7-ezA,EDteam,2026-05-12T00:05:35+00:00,0.474275,25701,,54190.079595,first_24h
2026-05-12T11:28:32.318099+00:00,HCctOxW-iWQ,UCP15FVAA2UL-QOcGhy7-ezA,EDteam,2026-05-11T21:44:40+00:00,0.572133,6706,,11721.050875,first_24h
2026-05-12T11:28:32.318099+00:00,l-6x9PLzHkw,UCEQXxiYxNZbym9Fad7-n2Lg,Doctor Fisión,2026-05-11T16:30:18+00:00,0.790443,18831,,23823.349691,first_24h
2026-05-12T11:28:32.318099+00:00,J9FHkmw-l9w,UCyJbb85EUgWjl38GcF236Jg,Eva Maria Beristain,2026-05-11T17:32:38+00:00,0.747156,109984,,147203.529116,first_24h
2026-05-12T11:28:32.318099+00:00,jwbb2gBJv80,UCaVPhFg-Ax873wvhbNitsrQ,El Robot de Platón,2026-05-12T01:32:45+00:00,0.413742,32084,,77545.910253,first_24h
2026-05-12T11:28:32.318099+00:00,lGbrQJO3E_4,UC1VLQPn9cYSqx8plbk9RxxQ,The Action Lab,2026-05-11T15:10:22+00:00,0.845953,97312,,115032.395417,first_24h
2026-05-12T11:28:32.318099+00:00,wTZfT81oTrs,UCoOae5nYA7VqaXzerajD0lg,Ali Abdaal,2026-05-12T10:01:24+00:00,0.060513,1067,,17632.574819,first_24h
2026-05-12T11:28:32.318099+00:00,0X0pDsglgno,UCtIdb7KRqOTcOogKsos_QRw,Lord Draugr,2026-05-11T16:05:27+00:00,0.8077,194167,,240394.94862,first_24h
2026-05-12T11:28:32.318099+00:00,ENkAEIMcDis,UCdNnEDbRWhanA1O8zhCn3ZA,Omar - Educación Financiera,2026-05-12T01:00:12+00:00,0.436346,21760,,49868.682193,first_24h
2026-05-12T11:28:32.318099+00:00,-f4f9HVbOzw,UCdNnEDbRWhanA1O8zhCn3ZA,Omar - Educación Financiera,2026-05-11T22:34:17+00:00,0.537677,16997,,31611.915704,first_24h
2026-05-12T11:28:32.318099+00:00,nKjkNG951j0,UCDV1MWcRLthxSrmb2Zv-jeg,Ricardo Alca2,2026-05-11T21:10:11+00:00,0.59608,40785,,68422.023889,first_24h
2026-05-12T11:28:32.318099+00:00,U2Dte2isigQ,UCiqJoWIT-vm-hJoXilFGiUQ,Inversión Inteligente - Alain Cortés,2026-05-11T19:00:16+00:00,0.6863,182,,265.19015,first_24h
2026-05-12T11:28:32.318099+00:00,2_kyhUXyOlQ,UC55-mxUj5Nj3niXFReG44OQ,Platzi,2026-05-11T20:21:28+00:00,0.629911,17726,,28140.483338,first_24h
2026-05-12T11:28:32.318099+00:00,nP9uFj-_dgA,UC55-mxUj5Nj3niXFReG44OQ,Platzi,2026-05-11T15:11:12+00:00,0.845374,23913,,28286.888407,first_24h
2026-05-12T11:28:32.318099+00:00,gV-VoaHsy-c,UCdfnfXWCGkBAx2cN2l-4u2w,Semo Historia,2026-05-12T05:46:03+00:00,0.237839,2356,,9905.860687,first_24h
2026-05-12T11:28:32.318099+00:00,p0dwtWXK_js,UCdfnfXWCGkBAx2cN2l-4u2w,Semo Historia,2026-05-11T22:31:46+00:00,0.539425,1036,,1920.563563,first_24h
2026-05-12T11:28:32.318099+00:00,GwXyadIbJ_A,UCwd_qoS94df5orGoPLPnsxQ,Franco Pisso,2026-05-11T13:00:27+00:00,0.936173,18858,,20143.712754,first_24h
2026-05-12T11:28:32.318099+00:00,Bj6MqL4pkXo,UCM55RjebjSevVWPnj2LEymw,viyaura,2026-05-11T14:06:17+00:00,0.890455,93594,,105108.062732,first_24h
2026-05-12T11:28:32.318099+00:00,ZyC3GRY5e1M,UCOHxDwCcOzBaLkeTazanwcw,Bravos Research,2026-05-11T17:29:47+00:00,0.749136,96986,,129463.808975,first_24h
2026-05-12T11:28:32.318099+00:00,RvCT57c2Fdc,UC1viRct91s1a3Z5yvk7FJXw,Diego Ruzzarin,2026-05-12T01:00:32+00:00,0.436115,26142,,59942.904968,first_24h
2026-05-12T11:28:32.318099+00:00,4LFP-oTXUN8,UC1viRct91s1a3Z5yvk7FJXw,Diego Ruzzarin,2026-05-11T22:42:09+00:00,0.532214,203098,,381609.65326,first_24h
2026-05-12T11:28:32.318099+00:00,QHE2QO8peRA,UCPdaxSov0mgwh77JvjQO2jQ,Man Carrying Thing,2026-05-11T20:04:18+00:00,0.641832,92170,,143604.556956,first_24h
2026-05-12T11:28:32.318099+00:00,N-zh9aImMwA,UCbUYAYd1WUznxEEl498z7vA,Woshingo Streams,2026-05-12T06:58:25+00:00,0.187585,4853,,25870.938508,first_24h
2026-05-12T11:28:32.318099+00:00,l4v4m3CgwSQ,UCbUYAYd1WUznxEEl498z7vA,Woshingo Streams,2026-05-11T23:00:49+00:00,0.519251,50312,,96893.409931,first_24h
2026-05-12T11:28:32.318099+00:00,pG247FlW_7s,UCtT7zEoC9-HNyLYb8cYWoww,Ale Marin,2026-05-12T05:38:01+00:00,0.243418,1226,,5036.603702,first_24h
2026-05-12T11:28:32.318099+00:00,d1vE6c0Rzp4,UCtT7zEoC9-HNyLYb8cYWoww,Ale Marin,2026-05-11T20:14:08+00:00,0.635004,964,,1518.100673,first_24h
2026-05-12T11:28:32.318099+00:00,XkooOral3ms,UCDnUOd6PIlQAL9bPUTf9BkQ,Sapiencia práctica,2026-05-11T17:00:00+00:00,0.769818,1403,,1822.508697,first_24h
2026-05-12T11:28:32.318099+00:00,zoWYkJ4RTN0,UCPgVPrgqpALC1s2e63fgKyg,elWacky,2026-05-11T20:00:48+00:00,0.644263,184722,,286718.312242,first_24h
2026-05-12T11:28:32.318099+00:00,7S3LvDMxrxQ,UCWBWgCD4oAqT3hUeq40SCUw,Sambucha,2026-05-11T23:00:07+00:00,0.519737,315384,,606814.600461,first_24h
2026-05-12T11:28:32.318099+00:00,ImG1BgHsqHk,UCWBWgCD4oAqT3hUeq40SCUw,Sambucha,2026-05-11T19:15:01+00:00,0.676057,758042,,1121269.360424,first_24h
2026-05-12T11:28:32.318099+00:00,BkKfKRzpwxg,UCWBWgCD4oAqT3hUeq40SCUw,Sambucha,2026-05-11T17:15:01+00:00,0.75939,172904,,227688.012747,first_24h
2026-05-12T11:28:32.318099+00:00,vy9hFJDZxxc,UCWn_0MmgojB711LFX-jaCDQ,El Rincón Del Dev,2026-05-11T14:07:22+00:00,0.889703,2933,,3296.605721,first_24h
2026-05-12T11:28:32.318099+00:00,zvBx0ylgPOE,UC5PwIMtLiIBCBhsu8f_-6UQ,Santiago Bilinkis,2026-05-11T17:05:40+00:00,0.765883,16077,,20991.45692,first_24h
2026-05-12T11:28:32.318099+00:00,aI1my7tsEnI,UC3nwmvE2aDzUSJ4evQ1NhoA,IA Innova,2026-05-11T18:45:00+00:00,0.696902,13495,,19364.272165,first_24h
2026-05-12T11:28:32.318099+00:00,kKkiGPUnIds,UCQX_MZRCaluNKxkywkLEgfA,Date un Vlog,2026-05-11T20:14:04+00:00,0.63505,240912,,379359.105582,first_24h
2026-05-12T11:28:32.318099+00:00,QBLH2Q3K_aE,UC4FHiPgS1KXkUMx3dxBUtPg,HolaMundo,2026-05-11T14:00:46+00:00,0.894286,18414,,20590.728246,first_24h
2026-05-12T11:28:32.318099+00:00,0dlCWrqFoeM,UC2UXDak6o7rBm23k3Vv5dww,Tina Huang,2026-05-11T15:00:03+00:00,0.853117,8833,,10353.796724,first_24h
2026-05-12T11:28:32.318099+00:00,kWGf0-rTVUo,UCBBWpss2iXVXtTzl7-4eWbg,Jessica Fernández García,2026-05-12T01:04:52+00:00,0.433106,2131,,4920.273559,first_24h
2026-05-12T11:28:32.318099+00:00,jSoonxA5JkE,UCBBWpss2iXVXtTzl7-4eWbg,Jessica Fernández García,2026-05-11T18:30:33+00:00,0.706937,1660,,2348.158322,first_24h
2026-05-12T11:28:32.318099+00:00,8spOcDezHrw,UCBBWpss2iXVXtTzl7-4eWbg,Jessica Fernández García,2026-05-11T14:00:20+00:00,0.894587,13635,,15241.670179,first_24h
2026-05-12T11:28:32.318099+00:00,t5VenR2zC2o,UCGq-a57w-aPwyi3pW7XLiHw,The Diary Of A CEO,2026-05-11T16:14:00+00:00,0.801763,54492,,67965.221643,first_24h
2026-05-12T11:28:32.318099+00:00,tJH_gXK_WBM,UCQHX6ViZmPsWiYSFAyS0a3Q,GothamChess,2026-05-12T09:52:01+00:00,0.067029,66786,,996374.703487,first_24h
2026-05-12T11:28:32.318099+00:00,P4ggqnvOO5c,UCQHX6ViZmPsWiYSFAyS0a3Q,GothamChess,2026-05-11T16:35:00+00:00,0.78718,361159,,458801.036612,first_24h
2026-05-12T11:28:32.318099+00:00,hkTEFNz-CeU,UCQHX6ViZmPsWiYSFAyS0a3Q,GothamChess,2026-05-11T13:25:00+00:00,0.919124,741189,,806408.058108,first_24h
2026-05-12T11:28:32.318099+00:00,yIZSL7ZtlYs,UCJQQVLyM6wtPleV4wFBK06g,VisualPolitik,2026-05-11T17:01:17+00:00,0.768927,116587,,151622.975913,first_24h
2026-05-12T11:28:32.318099+00:00,dl4Dw-RlPv4,UCsXVk37bltHxD1rDPwtNM8Q,Kurzgesagt – In a Nutshell,2026-05-11T14:01:08+00:00,0.894031,197404,,220802.186949,first_24h
2026-05-12T11:28:32.318099+00:00,g4Gb6viwsnQ,UC4QZ_LsYcvcq7qOsOhpAX4A,ColdFusion,2026-05-11T15:15:41+00:00,0.842261,89384,,106123.873716,first_24h
2026-05-12T11:28:32.318099+00:00,_J_4Mjav6iI,UC4FHiPgS1KXkUMx3dxBUtPg,HolaMundo,2026-05-06T14:01:00+00:00,5.894124,8516,-75,1444.828782,early
